version 1
nodes
0 "blender_implicit" -1
1 "root" -1
2 "upperarm_l" 1
3 "lowerarm_l" 2
4 "hand_l" 3
5 "pinky_0_l" 4
6 "pinky_1_l" 5
7 "pinky_2_l" 6
8 "ring_0_l" 4
9 "ring_1_l" 8
10 "ring_2_l" 9
11 "middle_0_l" 4
12 "middle_1_l" 11
13 "middle_2_l" 12
14 "index_0_l" 4
15 "index_1_l" 14
16 "index_2_l" 15
17 "thumb_0_l" 4
18 "thumb_1_l" 17
19 "thumb_2_l" 18
20 "rig_index_l" 4
21 "rig_middle_l" 4
22 "rig_ring_l" 4
23 "rig_pinky_l" 4
24 "rig_thumb_l" 4
25 "rig_hand_l" 1
26 "rig_l" 1
27 "rig_upperarm_l" 1
28 "upperarm_r" 1
29 "lowerarm_r" 28
30 "hand_r" 29
31 "pinky_0_r" 30
32 "pinky_1_r" 31
33 "pinky_2_r" 32
34 "ring_0_r" 30
35 "ring_1_r" 34
36 "ring_2_r" 35
37 "middle_0_r" 30
38 "middle_1_r" 37
39 "middle_2_r" 38
40 "index_0_r" 30
41 "index_1_r" 40
42 "index_2_r" 41
43 "thumb_0_r" 30
44 "thumb_1_r" 43
45 "thumb_2_r" 44
46 "rig_index_r" 30
47 "rig_middle_r" 30
48 "rig_ring_r" 30
49 "rig_pinky_r" 30
50 "rig_thumb_r" 30
51 "rig_hand_r" 1
52 "rig_r" 1
53 "rig_upperarm_r" 1
54 "bone_pistolGrip" -1
55 "bone_ejectionPort" 54
56 "bone_muzzle" 54
57 "bone_clip" 54
end
skeleton
time 0
0  0 0 0  0 0 0
1  0.000000 0.000000 0.000000  1.570796 -0.000000 0.000000
2  15.269911 -21.966835 13.863769  0.404882 0.571599 1.430615
3  0.000003 13.479280 0.000000  0.516054 0.000000 -0.000000
4  0.000002 13.477238 -0.000000  -0.568839 -0.212379 0.488715
5  -0.267268 3.664726 -1.953293  -0.096193 -0.052727 -0.400403
6  0.000000 1.180357 0.000001  -0.033422 -0.016719 -0.440925
7  0.000000 0.817134 -0.000001  0.007067 -0.010065 -0.256194
8  -0.249422 3.688541 -0.940891  -0.054966 -0.028860 -0.393964
9  0.000000 1.800635 0.000001  0.004228 0.003292 -0.472103
10  0.000001 1.243407 0.000004  0.006309 0.001661 -0.328230
11  -0.244726 3.701095 0.087731  0.004244 0.003603 -0.402932
12  -0.000000 1.766586 -0.000002  0.003329 -0.002780 -0.523312
13  -0.000000 1.189005 0.000001  -0.016474 -0.006468 -0.416037
14  -0.277239 3.632249 1.274102  0.052687 0.017453 -0.279974
15  0.000002 1.798492 -0.000000  0.034542 0.015473 -0.421260
16  -0.000000 1.235450 -0.000001  -0.006025 0.006058 -0.203611
17  0.315442 0.857301 0.755942  2.109433 0.373269 1.533784
18  -0.000000 2.265936 -0.000001  -0.056797 -0.034690 -0.271734
19  -0.000000 1.457811 0.000003  -0.031121 0.045492 0.001395
20  -1.259680 3.818374 1.286944  0.052687 0.017453 -0.279974
21  -1.226390 3.891692 0.090417  0.004244 0.003603 -0.402932
22  -1.231623 3.875534 -0.958682  -0.054966 -0.028860 -0.393964
23  -1.209919 3.994782 -2.003049  -0.096193 -0.052727 -0.400403
24  0.328906 0.095429 1.403532  2.109432 0.373269 1.533784
25  -3.860201 -10.504416 27.353670  0.440284 0.052363 1.540863
26  -16.870777 -21.834059 7.086506  -1.570796 -0.000000 -1.570796
27  15.269911 -21.966835 13.863769  -0.051945 -0.000000 -1.570796
28  -7.028650 0.743399 -8.093216  0.483663 0.061681 3.113738
29  -0.000001 13.479277 0.000001  1.004753 -0.000000 0.000000
30  -0.000000 13.477238 0.000001  0.082244 0.022688 0.063760
31  0.267269 3.664726 -1.953294  -0.067893 0.086178 0.802666
32  -0.000002 1.180355 -0.000002  -0.024201 0.028477 0.843506
33  0.000001 0.817135 0.000000  0.010446 0.006491 0.658839
34  0.249423 3.688541 -0.940890  -0.032371 0.052975 0.932871
35  0.000000 1.800633 -0.000002  0.000732 -0.005308 1.244337
36  -0.000001 1.243406 -0.000002  0.004815 -0.004401 0.811275
37  0.244726 3.701095 0.087732  0.001305 -0.005412 1.033087
38  -0.000000 1.766584 0.000000  0.004298 0.000584 1.084129
39  0.000000 1.189004 0.000001  -0.010510 0.014239 0.976837
40  0.277239 3.632248 1.274102  0.185107 -0.010184 0.144732
41  -0.000000 1.798495 0.000000  0.027685 -0.025810 0.750471
42  0.000001 1.235451 0.000001  -0.008036 -0.002903 0.645088
43  -0.315442 0.857299 0.755943  -0.248767 -2.664688 1.150362
44  0.000000 2.265939 -0.000001  -0.039010 0.053923 0.668054
45  0.000000 1.457813 0.000000  -0.054852 0.005358 1.066393
46  1.259681 3.818374 1.286945  0.185107 -0.010184 0.144732
47  1.226391 3.891693 0.090418  0.001305 -0.005412 1.033087
48  1.231623 3.875534 -0.958681  -0.032371 0.052975 0.932871
49  1.209919 3.994781 -2.003049  -0.067893 0.086178 0.802666
50  -0.328907 0.095428 1.403532  -0.248767 -2.664688 1.150362
51  -8.605698 -12.259624 11.568533  1.570796 0.000000 -3.141593
52  -8.110383 -19.738087 0.179033  -1.570796 -0.000000 1.570796
53  -7.028650 0.743399 -8.093216  -0.051945 0.000000 1.570796
54  -7.342360 -14.447400 -14.286362  1.570796 -0.000000 0.000000
55  -1.855343 6.848201 8.911866  0.643721 -1.614433 -2.214061
56  0.461752 7.791413 26.458832  0.643346 -1.614420 -2.213684
57  0.599219 4.162452 9.540135  -0.024899 -0.027352 -0.026683
time 1
0  0 0 0  0 0 0
1  0.000000 0.000000 0.000000  1.570796 -0.000000 0.000000
2  15.269911 -21.966835 13.863769  0.404391 0.571464 1.430655
3  0.000003 13.479278 0.000002  0.517147 0.000000 -0.000000
4  0.000000 13.477240 -0.000001  -0.569209 -0.212742 0.488320
5  -0.267270 3.664727 -1.953290  -0.096194 -0.052727 -0.400403
6  0.000001 1.180356 0.000001  -0.033423 -0.016719 -0.440925
7  0.000000 0.817135 0.000001  0.007067 -0.010065 -0.256194
8  -0.249422 3.688543 -0.940888  -0.054966 -0.028860 -0.393964
9  -0.000001 1.800634 -0.000000  0.004228 0.003292 -0.472103
10  0.000001 1.243405 0.000002  0.006309 0.001661 -0.328230
11  -0.244726 3.701096 0.087734  0.004244 0.003603 -0.402932
12  -0.000000 1.766586 0.000001  0.003329 -0.002780 -0.523312
13  -0.000000 1.189004 -0.000001  -0.016474 -0.006468 -0.416037
14  -0.277239 3.632247 1.274102  0.052687 0.017453 -0.279974
15  0.000001 1.798493 0.000000  0.034542 0.015473 -0.421260
16  -0.000001 1.235451 -0.000002  -0.006025 0.006058 -0.203611
17  0.315441 0.857299 0.755942  2.109432 0.373269 1.533785
18  0.000000 2.265942 0.000003  -0.056797 -0.034690 -0.271734
19  -0.000000 1.457812 -0.000002  -0.031121 0.045492 0.001395
20  -1.259680 3.818375 1.286946  0.052687 0.017453 -0.279974
21  -1.226391 3.891693 0.090421  0.004244 0.003603 -0.402932
22  -1.231623 3.875534 -0.958680  -0.054966 -0.028860 -0.393964
23  -1.209920 3.994782 -2.003046  -0.096194 -0.052727 -0.400403
24  0.328906 0.095429 1.403533  2.109432 0.373269 1.533784
25  -3.857189 -10.508172 27.353857  0.440293 0.052306 1.540090
26  -16.870777 -21.834059 7.086506  -1.570796 -0.000000 -1.570796
27  15.269911 -21.966835 13.863769  -0.051945 -0.000000 -1.570796
28  -7.028650 0.743399 -8.093216  0.483656 0.061575 3.113695
29  -0.000001 13.479278 0.000000  1.004823 -0.000000 0.000000
30  -0.000000 13.477239 0.000000  0.082124 0.021972 0.063599
31  0.267269 3.664726 -1.953294  -0.067893 0.086178 0.802666
32  0.000001 1.180356 0.000001  -0.024201 0.028477 0.843506
33  0.000001 0.817135 -0.000000  0.010446 0.006491 0.658838
34  0.249422 3.688541 -0.940889  -0.032371 0.052975 0.932871
35  -0.000001 1.800634 0.000000  0.000732 -0.005308 1.244337
36  0.000003 1.243405 0.000002  0.004815 -0.004401 0.811274
37  0.244727 3.701095 0.087732  0.001305 -0.005412 1.033087
38  -0.000001 1.766585 -0.000001  0.004298 0.000584 1.084130
39  0.000001 1.189004 0.000001  -0.010510 0.014239 0.976837
40  0.277239 3.632247 1.274102  0.185107 -0.010184 0.144732
41  -0.000002 1.798493 -0.000000  0.027685 -0.025810 0.750471
42  -0.000003 1.235452 0.000001  -0.008036 -0.002903 0.645088
43  -0.315442 0.857299 0.755943  -0.248767 -2.664688 1.150363
44  -0.000000 2.265939 0.000000  -0.039010 0.053923 0.668054
45  -0.000000 1.457811 -0.000000  -0.054852 0.005358 1.066393
46  1.259681 3.818375 1.286945  0.185107 -0.010184 0.144732
47  1.226391 3.891693 0.090418  0.001305 -0.005412 1.033087
48  1.231624 3.875534 -0.958681  -0.032371 0.052975 0.932871
49  1.209919 3.994781 -2.003048  -0.067893 0.086178 0.802666
50  -0.328906 0.095428 1.403532  -0.248767 -2.664688 1.150362
51  -8.604148 -12.258809 11.568651  1.570739 -0.000007 3.140819
52  -8.110383 -19.738087 0.179033  -1.570796 -0.000000 1.570796
53  -7.028650 0.743399 -8.093216  -0.051945 0.000000 1.570796
54  -7.342360 -14.447394 -14.286688  1.570853 0.000774 0.000007
55  -1.855344 6.848201 8.911868  0.643721 -1.614433 -2.214061
56  0.461752 7.791413 26.458834  0.643346 -1.614420 -2.213684
57  0.599219 4.162452 9.540137  -0.024899 -0.027352 -0.026683
time 2
0  0 0 0  0 0 0
1  0.000000 0.000000 0.000000  1.570796 -0.000000 0.000000
2  15.269911 -21.966835 13.863769  0.403790 0.571236 1.430724
3  0.000003 13.479280 -0.000001  0.518460 0.000000 -0.000000
4  -0.000000 13.477237 -0.000000  -0.569661 -0.213103 0.487936
5  -0.267269 3.664726 -1.953294  -0.096194 -0.052727 -0.400403
6  -0.000000 1.180355 0.000002  -0.033422 -0.016719 -0.440925
7  0.000000 0.817136 0.000001  0.007067 -0.010065 -0.256194
8  -0.249423 3.688542 -0.940889  -0.054966 -0.028860 -0.393964
9  0.000000 1.800632 -0.000002  0.004228 0.003292 -0.472103
10  0.000000 1.243407 0.000000  0.006309 0.001661 -0.328230
11  -0.244727 3.701095 0.087732  0.004244 0.003603 -0.402932
12  0.000001 1.766584 -0.000001  0.003329 -0.002780 -0.523312
13  -0.000000 1.189004 0.000001  -0.016474 -0.006468 -0.416037
14  -0.277239 3.632248 1.274102  0.052687 0.017453 -0.279974
15  -0.000001 1.798495 0.000002  0.034542 0.015473 -0.421260
16  0.000000 1.235450 0.000004  -0.006025 0.006058 -0.203611
17  0.315441 0.857300 0.755943  2.109432 0.373269 1.533784
18  -0.000000 2.265937 -0.000001  -0.056797 -0.034690 -0.271734
19  -0.000001 1.457812 -0.000001  -0.031121 0.045492 0.001395
20  -1.259681 3.818375 1.286944  0.052687 0.017453 -0.279974
21  -1.226391 3.891693 0.090417  0.004244 0.003603 -0.402931
22  -1.231624 3.875533 -0.958682  -0.054966 -0.028860 -0.393964
23  -1.209919 3.994781 -2.003048  -0.096194 -0.052727 -0.400403
24  0.328906 0.095428 1.403530  2.109432 0.373269 1.533784
25  -3.854107 -10.514023 27.354439  0.440305 0.052141 1.539297
26  -16.870777 -21.834059 7.086506  -1.570796 -0.000000 -1.570796
27  15.269911 -21.966835 13.863769  -0.051945 -0.000000 -1.570796
28  -7.028650 0.743399 -8.093216  0.483670 0.061464 3.113651
29  0.000000 13.479276 0.000000  1.004842 -0.000000 0.000000
30  0.000000 13.477239 0.000000  0.081925 0.021236 0.063434
31  0.267269 3.664727 -1.953292  -0.067893 0.086178 0.802666
32  0.000002 1.180357 0.000000  -0.024201 0.028477 0.843506
33  0.000000 0.817135 0.000001  0.010446 0.006491 0.658839
34  0.249423 3.688541 -0.940889  -0.032371 0.052975 0.932871
35  -0.000003 1.800632 0.000000  0.000732 -0.005308 1.244336
36  -0.000001 1.243405 -0.000002  0.004815 -0.004401 0.811274
37  0.244726 3.701095 0.087733  0.001305 -0.005412 1.033087
38  0.000001 1.766584 -0.000002  0.004298 0.000584 1.084130
39  0.000002 1.189003 -0.000001  -0.010510 0.014239 0.976837
40  0.277239 3.632248 1.274102  0.185107 -0.010184 0.144732
41  0.000000 1.798494 0.000001  0.027685 -0.025810 0.750471
42  0.000001 1.235450 -0.000001  -0.008036 -0.002903 0.645088
43  -0.315442 0.857300 0.755943  -0.248767 -2.664688 1.150363
44  0.000000 2.265940 0.000000  -0.039010 0.053923 0.668054
45  0.000000 1.457810 0.000001  -0.054852 0.005358 1.066393
46  1.259680 3.818375 1.286945  0.185107 -0.010184 0.144732
47  1.226389 3.891692 0.090419  0.001305 -0.005412 1.033087
48  1.231622 3.875534 -0.958681  -0.032371 0.052975 0.932871
49  1.209918 3.994781 -2.003048  -0.067893 0.086178 0.802666
50  -0.328907 0.095428 1.403532  -0.248767 -2.664688 1.150362
51  -8.602559 -12.258281 11.568979  1.570574 -0.000013 3.140026
52  -8.110383 -19.738087 0.179033  -1.570796 -0.000000 1.570796
53  -7.028650 0.743399 -8.093216  -0.051945 0.000000 1.570796
54  -7.342360 -14.447378 -14.287636  1.571019 0.001567 0.000014
55  -1.855344 6.848200 8.911865  0.643721 -1.614433 -2.214061
56  0.461752 7.791412 26.458830  0.643346 -1.614420 -2.213684
57  0.599219 4.162450 9.540134  -0.024899 -0.027352 -0.026683
time 3
0  0 0 0  0 0 0
1  0.000000 0.000000 0.000000  1.570796 -0.000000 0.000000
2  15.269911 -21.966835 13.863769  0.403095 0.570925 1.430817
3  0.000001 13.479277 -0.000001  0.519960 -0.000000 -0.000000
4  -0.000000 13.477240 0.000001  -0.570183 -0.213457 0.487567
5  -0.267268 3.664725 -1.953296  -0.096194 -0.052727 -0.400403
6  -0.000000 1.180356 -0.000001  -0.033422 -0.016719 -0.440925
7  -0.000000 0.817136 -0.000001  0.007067 -0.010065 -0.256194
8  -0.249422 3.688541 -0.940890  -0.054966 -0.028860 -0.393964
9  0.000001 1.800634 -0.000001  0.004228 0.003292 -0.472103
10  -0.000002 1.243407 -0.000002  0.006309 0.001661 -0.328230
11  -0.244724 3.701095 0.087732  0.004244 0.003603 -0.402932
12  -0.000002 1.766584 0.000001  0.003329 -0.002780 -0.523312
13  0.000000 1.189004 0.000003  -0.016474 -0.006468 -0.416037
14  -0.277239 3.632247 1.274099  0.052687 0.017453 -0.279974
15  -0.000001 1.798496 -0.000003  0.034542 0.015473 -0.421259
16  -0.000000 1.235451 0.000003  -0.006025 0.006058 -0.203611
17  0.315442 0.857300 0.755943  2.109432 0.373269 1.533784
18  -0.000000 2.265940 -0.000001  -0.056797 -0.034690 -0.271734
19  0.000000 1.457811 -0.000002  -0.031121 0.045492 0.001395
20  -1.259681 3.818373 1.286943  0.052687 0.017453 -0.279974
21  -1.226389 3.891692 0.090416  0.004244 0.003603 -0.402932
22  -1.231622 3.875534 -0.958682  -0.054966 -0.028860 -0.393964
23  -1.209918 3.994780 -2.003050  -0.096194 -0.052727 -0.400403
24  0.328907 0.095428 1.403532  2.109432 0.373269 1.533784
25  -3.851001 -10.521783 27.355396  0.440320 0.051875 1.538496
26  -16.870777 -21.834059 7.086506  -1.570796 -0.000000 -1.570796
27  15.269911 -21.966835 13.863769  -0.051945 -0.000000 -1.570796
28  -7.028650 0.743399 -8.093216  0.483702 0.061351 3.113605
29  0.000000 13.479276 0.000000  1.004813 -0.000000 0.000000
30  0.000000 13.477239 0.000001  0.081656 0.020492 0.063266
31  0.267268 3.664725 -1.953294  -0.067893 0.086178 0.802666
32  -0.000001 1.180357 0.000000  -0.024201 0.028477 0.843506
33  -0.000000 0.817135 -0.000001  0.010446 0.006491 0.658839
34  0.249422 3.688541 -0.940890  -0.032371 0.052975 0.932871
35  0.000000 1.800632 -0.000000  0.000732 -0.005308 1.244336
36  -0.000001 1.243406 0.000000  0.004815 -0.004401 0.811274
37  0.244725 3.701095 0.087731  0.001305 -0.005412 1.033087
38  -0.000001 1.766583 0.000001  0.004298 0.000584 1.084130
39  -0.000001 1.189003 0.000000  -0.010510 0.014239 0.976838
40  0.277239 3.632247 1.274101  0.185107 -0.010184 0.144732
41  0.000001 1.798493 0.000001  0.027685 -0.025810 0.750471
42  0.000001 1.235452 -0.000000  -0.008036 -0.002903 0.645088
43  -0.315441 0.857298 0.755942  -0.248767 -2.664688 1.150362
44  0.000001 2.265940 -0.000001  -0.039010 0.053923 0.668054
45  0.000000 1.457811 -0.000000  -0.054852 0.005358 1.066393
46  1.259680 3.818374 1.286945  0.185107 -0.010184 0.144732
47  1.226389 3.891692 0.090417  0.001305 -0.005412 1.033087
48  1.231622 3.875534 -0.958682  -0.032371 0.052975 0.932871
49  1.209918 3.994782 -2.003049  -0.067893 0.086178 0.802666
50  -0.328907 0.095428 1.403531  -0.248767 -2.664688 1.150362
51  -8.600950 -12.258032 11.569502  1.570308 -0.000020 3.139224
52  -8.110383 -19.738087 0.179033  -1.570796 -0.000000 1.570796
53  -7.028650 0.743399 -8.093216  -0.051945 0.000000 1.570796
54  -7.342360 -14.447351 -14.289162  1.571285 0.002369 0.000021
55  -1.855344 6.848201 8.911866  0.643721 -1.614433 -2.214061
56  0.461752 7.791413 26.458834  0.643346 -1.614420 -2.213684
57  0.599218 4.162452 9.540135  -0.024899 -0.027352 -0.026683
time 4
0  0 0 0  0 0 0
1  0.000000 0.000000 0.000000  1.570796 -0.000000 0.000000
2  15.269911 -21.966835 13.863769  0.402318 0.570536 1.430934
3  0.000001 13.479279 -0.000001  0.521619 0.000000 -0.000000
4  -0.000002 13.477241 -0.000000  -0.570764 -0.213802 0.487217
5  -0.267268 3.664726 -1.953292  -0.096193 -0.052727 -0.400403
6  -0.000001 1.180354 0.000002  -0.033422 -0.016719 -0.440925
7  -0.000000 0.817136 0.000002  0.007067 -0.010065 -0.256194
8  -0.249422 3.688541 -0.940889  -0.054966 -0.028860 -0.393964
9  0.000000 1.800633 -0.000001  0.004228 0.003292 -0.472103
10  0.000000 1.243406 0.000002  0.006309 0.001661 -0.328230
11  -0.244726 3.701096 0.087733  0.004244 0.003603 -0.402932
12  0.000000 1.766587 0.000000  0.003329 -0.002780 -0.523312
13  -0.000000 1.189005 -0.000003  -0.016474 -0.006468 -0.416037
14  -0.277238 3.632249 1.274103  0.052687 0.017453 -0.279974
15  0.000001 1.798495 0.000003  0.034542 0.015473 -0.421260
16  -0.000000 1.235450 0.000001  -0.006025 0.006058 -0.203611
17  0.315443 0.857301 0.755945  2.109433 0.373269 1.533784
18  0.000000 2.265938 -0.000002  -0.056797 -0.034690 -0.271734
19  -0.000000 1.457812 0.000001  -0.031121 0.045492 0.001395
20  -1.259680 3.818375 1.286946  0.052687 0.017453 -0.279974
21  -1.226390 3.891694 0.090421  0.004244 0.003603 -0.402932
22  -1.231622 3.875534 -0.958678  -0.054966 -0.028860 -0.393964
23  -1.209917 3.994781 -2.003047  -0.096194 -0.052727 -0.400403
24  0.328907 0.095429 1.403533  2.109432 0.373269 1.533784
25  -3.847915 -10.531275 27.356695  0.440337 0.051516 1.537698
26  -16.870777 -21.834059 7.086506  -1.570796 -0.000000 -1.570796
27  15.269911 -21.966835 13.863769  -0.051945 -0.000000 -1.570796
28  -7.028650 0.743399 -8.093216  0.483751 0.061237 3.113559
29  0.000000 13.479278 0.000001  1.004738 -0.000000 0.000000
30  -0.000001 13.477239 -0.000000  0.081321 0.019748 0.063098
31  0.267269 3.664726 -1.953295  -0.067893 0.086178 0.802666
32  -0.000001 1.180355 -0.000000  -0.024201 0.028477 0.843506
33  -0.000000 0.817135 -0.000001  0.010446 0.006491 0.658839
34  0.249422 3.688540 -0.940890  -0.032371 0.052975 0.932871
35  -0.000002 1.800634 0.000001  0.000732 -0.005308 1.244337
36  -0.000002 1.243407 0.000001  0.004815 -0.004401 0.811274
37  0.244726 3.701094 0.087731  0.001305 -0.005412 1.033087
38  0.000001 1.766585 -0.000000  0.004298 0.000584 1.084130
39  -0.000001 1.189005 -0.000001  -0.010510 0.014239 0.976837
40  0.277239 3.632247 1.274101  0.185107 -0.010184 0.144732
41  -0.000001 1.798492 -0.000001  0.027685 -0.025810 0.750471
42  0.000001 1.235452 -0.000001  -0.008036 -0.002903 0.645088
43  -0.315443 0.857298 0.755943  -0.248767 -2.664688 1.150363
44  -0.000000 2.265939 -0.000001  -0.039010 0.053923 0.668054
45  0.000000 1.457811 -0.000001  -0.054852 0.005358 1.066393
46  1.259681 3.818374 1.286944  0.185107 -0.010184 0.144732
47  1.226390 3.891691 0.090418  0.001305 -0.005412 1.033087
48  1.231622 3.875532 -0.958683  -0.032371 0.052975 0.932871
49  1.209918 3.994780 -2.003049  -0.067893 0.086178 0.802666
50  -0.328906 0.095427 1.403532  -0.248767 -2.664688 1.150362
51  -8.599342 -12.258049 11.570202  1.569948 -0.000027 3.138425
52  -8.110383 -19.738087 0.179033  -1.570796 -0.000000 1.570796
53  -7.028650 0.743399 -8.093216  -0.051945 0.000000 1.570796
54  -7.342360 -14.447315 -14.291221  1.571644 0.003168 0.000028
55  -1.855344 6.848201 8.911868  0.643721 -1.614433 -2.214061
56  0.461752 7.791413 26.458830  0.643346 -1.614420 -2.213684
57  0.599219 4.162453 9.540137  -0.024899 -0.027352 -0.026683
time 5
0  0 0 0  0 0 0
1  0.000000 0.000000 0.000000  1.570796 -0.000000 0.000000
2  15.269911 -21.966835 13.863769  0.401475 0.570078 1.431072
3  0.000004 13.479280 0.000001  0.523408 0.000000 -0.000000
4  0.000000 13.477239 -0.000000  -0.571395 -0.214133 0.486889
5  -0.267270 3.664727 -1.953292  -0.096193 -0.052727 -0.400403
6  0.000001 1.180356 0.000001  -0.033422 -0.016719 -0.440925
7  -0.000001 0.817136 0.000002  0.007067 -0.010065 -0.256195
8  -0.249423 3.688542 -0.940888  -0.054966 -0.028860 -0.393964
9  -0.000000 1.800635 0.000001  0.004228 0.003292 -0.472103
10  -0.000001 1.243406 0.000001  0.006309 0.001661 -0.328230
11  -0.244727 3.701096 0.087734  0.004244 0.003603 -0.402932
12  -0.000000 1.766584 0.000003  0.003329 -0.002780 -0.523312
13  -0.000002 1.189004 0.000002  -0.016474 -0.006468 -0.416037
14  -0.277239 3.632248 1.274103  0.052687 0.017453 -0.279974
15  0.000001 1.798493 0.000001  0.034542 0.015473 -0.421260
16  0.000002 1.235451 -0.000001  -0.006025 0.006058 -0.203611
17  0.315441 0.857300 0.755944  2.109432 0.373269 1.533785
18  -0.000000 2.265937 0.000001  -0.056797 -0.034690 -0.271734
19  -0.000000 1.457809 -0.000003  -0.031121 0.045492 0.001395
20  -1.259681 3.818375 1.286948  0.052687 0.017453 -0.279974
21  -1.226390 3.891693 0.090420  0.004244 0.003603 -0.402932
22  -1.231623 3.875535 -0.958679  -0.054966 -0.028860 -0.393964
23  -1.209919 3.994782 -2.003047  -0.096194 -0.052727 -0.400403
24  0.328906 0.095429 1.403534  2.109432 0.373269 1.533784
25  -3.844893 -10.542313 27.358301  0.440358 0.051072 1.536912
26  -16.870777 -21.834059 7.086506  -1.570796 -0.000000 -1.570796
27  15.269911 -21.966835 13.863769  -0.051945 -0.000000 -1.570796
28  -7.028650 0.743399 -8.093216  0.483818 0.061123 3.113513
29  0.000000 13.479277 0.000000  1.004619 -0.000000 0.000000
30  -0.000000 13.477239 0.000001  0.080928 0.019016 0.062932
31  0.267271 3.664725 -1.953293  -0.067893 0.086178 0.802666
32  0.000001 1.180354 0.000002  -0.024201 0.028477 0.843506
33  0.000000 0.817134 -0.000000  0.010446 0.006491 0.658839
34  0.249424 3.688540 -0.940889  -0.032371 0.052975 0.932871
35  -0.000000 1.800633 0.000001  0.000732 -0.005308 1.244337
36  -0.000001 1.243407 0.000001  0.004815 -0.004401 0.811274
37  0.244727 3.701094 0.087733  0.001305 -0.005412 1.033087
38  0.000000 1.766585 0.000000  0.004298 0.000584 1.084130
39  -0.000001 1.189005 -0.000001  -0.010510 0.014239 0.976837
40  0.277240 3.632247 1.274103  0.185107 -0.010184 0.144732
41  -0.000002 1.798492 0.000000  0.027685 -0.025810 0.750471
42  0.000001 1.235452 -0.000000  -0.008036 -0.002903 0.645088
43  -0.315441 0.857299 0.755943  -0.248767 -2.664688 1.150363
44  0.000000 2.265939 0.000000  -0.039010 0.053923 0.668054
45  0.000000 1.457810 0.000001  -0.054852 0.005358 1.066393
46  1.259681 3.818373 1.286945  0.185107 -0.010184 0.144732
47  1.226391 3.891692 0.090420  0.001305 -0.005412 1.033087
48  1.231624 3.875531 -0.958681  -0.032371 0.052975 0.932871
49  1.209920 3.994780 -2.003048  -0.067893 0.086178 0.802666
50  -0.328905 0.095428 1.403532  -0.248767 -2.664688 1.150362
51  -8.597757 -12.258330 11.571070  1.569504 -0.000034 3.137638
52  -8.110383 -19.738087 0.179033  -1.570796 -0.000000 1.570796
53  -7.028650 0.743399 -8.093216  -0.051945 0.000000 1.570796
54  -7.342360 -14.447270 -14.293768  1.572089 0.003955 0.000035
55  -1.855344 6.848199 8.911866  0.643721 -1.614433 -2.214061
56  0.461752 7.791412 26.458828  0.643346 -1.614420 -2.213684
57  0.599219 4.162451 9.540135  -0.024899 -0.027352 -0.026683
time 6
0  0 0 0  0 0 0
1  0.000000 0.000000 0.000000  1.570796 -0.000000 0.000000
2  15.269911 -21.966835 13.863769  0.400577 0.569559 1.431228
3  0.000006 13.479277 0.000001  0.525297 0.000000 -0.000000
4  0.000000 13.477240 -0.000002  -0.572064 -0.214447 0.486589
5  -0.267269 3.664726 -1.953294  -0.096194 -0.052727 -0.400403
6  0.000003 1.180355 0.000002  -0.033422 -0.016719 -0.440925
7  0.000001 0.817135 0.000003  0.007067 -0.010065 -0.256194
8  -0.249422 3.688540 -0.940889  -0.054966 -0.028860 -0.393964
9  -0.000000 1.800633 0.000001  0.004228 0.003292 -0.472103
10  0.000001 1.243405 0.000001  0.006309 0.001661 -0.328230
11  -0.244727 3.701096 0.087733  0.004244 0.003603 -0.402932
12  -0.000001 1.766584 0.000001  0.003329 -0.002780 -0.523312
13  -0.000001 1.189004 0.000004  -0.016474 -0.006468 -0.416038
14  -0.277240 3.632248 1.274102  0.052687 0.017453 -0.279974
15  -0.000001 1.798493 0.000002  0.034542 0.015473 -0.421259
16  0.000000 1.235452 0.000001  -0.006025 0.006058 -0.203611
17  0.315441 0.857299 0.755943  2.109433 0.373269 1.533784
18  -0.000000 2.265938 0.000003  -0.056797 -0.034690 -0.271734
19  0.000000 1.457812 0.000002  -0.031121 0.045492 0.001395
20  -1.259682 3.818373 1.286944  0.052687 0.017453 -0.279974
21  -1.226391 3.891692 0.090419  0.004244 0.003603 -0.402932
22  -1.231623 3.875534 -0.958679  -0.054966 -0.028860 -0.393963
23  -1.209919 3.994781 -2.003047  -0.096194 -0.052727 -0.400403
24  0.328906 0.095428 1.403532  2.109432 0.373269 1.533784
25  -3.841978 -10.554718 27.360186  0.440380 0.050550 1.536151
26  -16.870777 -21.834059 7.086506  -1.570796 -0.000000 -1.570796
27  15.269911 -21.966835 13.863769  -0.051945 -0.000000 -1.570796
28  -7.028650 0.743399 -8.093216  0.483899 0.061011 3.113467
29  0.000000 13.479278 0.000000  1.004460 -0.000000 0.000000
30  -0.000000 13.477239 -0.000001  0.080484 0.018305 0.062770
31  0.267269 3.664726 -1.953292  -0.067893 0.086178 0.802666
32  0.000001 1.180355 -0.000001  -0.024201 0.028477 0.843506
33  0.000002 0.817135 -0.000000  0.010446 0.006491 0.658839
34  0.249421 3.688542 -0.940888  -0.032371 0.052975 0.932871
35  0.000002 1.800634 -0.000000  0.000732 -0.005308 1.244337
36  0.000000 1.243405 -0.000001  0.004815 -0.004401 0.811274
37  0.244725 3.701096 0.087735  0.001305 -0.005412 1.033087
38  0.000000 1.766585 -0.000001  0.004298 0.000584 1.084130
39  -0.000002 1.189005 0.000000  -0.010510 0.014239 0.976837
40  0.277239 3.632248 1.274103  0.185107 -0.010184 0.144732
41  -0.000000 1.798493 0.000000  0.027685 -0.025810 0.750471
42  0.000001 1.235451 -0.000000  -0.008036 -0.002903 0.645088
43  -0.315442 0.857301 0.755945  -0.248767 -2.664688 1.150363
44  0.000002 2.265941 0.000000  -0.039010 0.053923 0.668054
45  0.000001 1.457810 0.000001  -0.054852 0.005358 1.066393
46  1.259680 3.818375 1.286947  0.185107 -0.010184 0.144732
47  1.226390 3.891694 0.090420  0.001305 -0.005412 1.033087
48  1.231622 3.875535 -0.958679  -0.032371 0.052975 0.932871
49  1.209918 3.994783 -2.003047  -0.067893 0.086178 0.802666
50  -0.328907 0.095429 1.403533  -0.248767 -2.664688 1.150362
51  -8.596216 -12.258862 11.572086  1.568981 -0.000041 3.136875
52  -8.110383 -19.738087 0.179033  -1.570796 -0.000000 1.570796
53  -7.028650 0.743399 -8.093216  -0.051945 0.000000 1.570796
54  -7.342360 -14.447219 -14.296761  1.572612 0.004717 0.000041
55  -1.855343 6.848201 8.911865  0.643721 -1.614433 -2.214061
56  0.461753 7.791414 26.458832  0.643346 -1.614420 -2.213684
57  0.599219 4.162453 9.540134  -0.024899 -0.027352 -0.026683
time 7
0  0 0 0  0 0 0
1  0.000000 0.000000 0.000000  1.570796 -0.000000 0.000000
2  15.269911 -21.966835 13.863769  0.399641 0.568985 1.431400
3  0.000005 13.479277 0.000000  0.527256 0.000000 -0.000000
4  -0.000002 13.477236 -0.000000  -0.572762 -0.214739 0.486320
5  -0.267271 3.664726 -1.953293  -0.096194 -0.052727 -0.400403
6  0.000003 1.180355 0.000000  -0.033422 -0.016719 -0.440925
7  -0.000001 0.817133 -0.000002  0.007067 -0.010065 -0.256194
8  -0.249423 3.688541 -0.940889  -0.054966 -0.028860 -0.393964
9  0.000002 1.800634 -0.000002  0.004228 0.003292 -0.472103
10  -0.000001 1.243406 -0.000000  0.006309 0.001661 -0.328230
11  -0.244726 3.701094 0.087730  0.004244 0.003603 -0.402932
12  0.000001 1.766583 0.000000  0.003329 -0.002780 -0.523312
13  -0.000002 1.189003 -0.000002  -0.016474 -0.006468 -0.416037
14  -0.277239 3.632247 1.274102  0.052687 0.017453 -0.279974
15  -0.000000 1.798494 -0.000001  0.034542 0.015473 -0.421260
16  0.000000 1.235451 0.000000  -0.006025 0.006058 -0.203611
17  0.315440 0.857299 0.755942  2.109433 0.373269 1.533784
18  0.000000 2.265941 0.000003  -0.056797 -0.034690 -0.271734
19  -0.000000 1.457812 -0.000001  -0.031121 0.045492 0.001395
20  -1.259682 3.818374 1.286944  0.052687 0.017453 -0.279974
21  -1.226391 3.891693 0.090418  0.004244 0.003603 -0.402932
22  -1.231623 3.875533 -0.958682  -0.054966 -0.028860 -0.393964
23  -1.209920 3.994780 -2.003050  -0.096194 -0.052727 -0.400403
24  0.328905 0.095427 1.403532  2.109432 0.373269 1.533784
25  -3.839212 -10.568307 27.362329  0.440404 0.049958 1.535424
26  -16.870777 -21.834059 7.086506  -1.570796 -0.000000 -1.570796
27  15.269911 -21.966835 13.863769  -0.051945 -0.000000 -1.570796
28  -7.028650 0.743399 -8.093216  0.483994 0.060903 3.113423
29  -0.000000 13.479276 0.000000  1.004261 -0.000000 0.000000
30  0.000000 13.477239 0.000000  0.079994 0.017624 0.062613
31  0.267270 3.664726 -1.953292  -0.067893 0.086178 0.802666
32  -0.000001 1.180354 -0.000001  -0.024201 0.028477 0.843506
33  0.000001 0.817134 0.000000  0.010446 0.006491 0.658839
34  0.249423 3.688541 -0.940888  -0.032371 0.052975 0.932871
35  -0.000001 1.800633 -0.000001  0.000732 -0.005308 1.244337
36  -0.000001 1.243407 -0.000002  0.004815 -0.004401 0.811274
37  0.244727 3.701096 0.087733  0.001305 -0.005412 1.033087
38  0.000001 1.766586 -0.000000  0.004298 0.000584 1.084130
39  -0.000001 1.189003 -0.000001  -0.010510 0.014239 0.976837
40  0.277240 3.632248 1.274103  0.185107 -0.010184 0.144732
41  -0.000001 1.798494 0.000002  0.027685 -0.025810 0.750471
42  0.000000 1.235450 0.000001  -0.008036 -0.002903 0.645088
43  -0.315442 0.857300 0.755944  -0.248767 -2.664688 1.150362
44  0.000002 2.265940 -0.000002  -0.039010 0.053923 0.668054
45  0.000001 1.457811 0.000000  -0.054852 0.005358 1.066393
46  1.259682 3.818375 1.286947  0.185107 -0.010184 0.144732
47  1.226391 3.891694 0.090421  0.001305 -0.005412 1.033087
48  1.231623 3.875534 -0.958680  -0.032371 0.052975 0.932871
49  1.209919 3.994781 -2.003047  -0.067893 0.086178 0.802666
50  -0.328906 0.095429 1.403534  -0.248767 -2.664688 1.150362
51  -8.594741 -12.259642 11.573240  1.568389 -0.000047 3.136147
52  -8.110383 -19.738087 0.179033  -1.570796 -0.000000 1.570796
53  -7.028650 0.743399 -8.093216  -0.051945 0.000000 1.570796
54  -7.342360 -14.447160 -14.300153  1.573204 0.005446 0.000048
55  -1.855343 6.848200 8.911866  0.643721 -1.614433 -2.214061
56  0.461753 7.791413 26.458832  0.643346 -1.614420 -2.213684
57  0.599219 4.162451 9.540136  -0.024899 -0.027352 -0.026683
time 8
0  0 0 0  0 0 0
1  0.000000 0.000000 0.000000  1.570796 -0.000000 0.000000
2  15.269911 -21.966835 13.863769  0.398681 0.568365 1.431586
3  0.000002 13.479279 0.000000  0.529255 0.000000 -0.000000
4  0.000001 13.477240 -0.000002  -0.573476 -0.215006 0.486085
5  -0.267269 3.664726 -1.953290  -0.096194 -0.052727 -0.400403
6  0.000000 1.180356 0.000002  -0.033422 -0.016719 -0.440925
7  0.000004 0.817135 0.000003  0.007067 -0.010065 -0.256194
8  -0.249423 3.688541 -0.940886  -0.054966 -0.028860 -0.393964
9  0.000002 1.800633 -0.000003  0.004228 0.003292 -0.472103
10  0.000002 1.243406 0.000004  0.006309 0.001661 -0.328230
11  -0.244726 3.701096 0.087736  0.004244 0.003603 -0.402932
12  0.000000 1.766585 -0.000001  0.003329 -0.002780 -0.523312
13  0.000000 1.189003 0.000000  -0.016474 -0.006468 -0.416037
14  -0.277240 3.632247 1.274104  0.052687 0.017453 -0.279974
15  0.000002 1.798495 -0.000001  0.034542 0.015473 -0.421259
16  0.000002 1.235451 -0.000001  -0.006025 0.006058 -0.203611
17  0.315441 0.857299 0.755946  2.109432 0.373269 1.533784
18  -0.000000 2.265939 -0.000000  -0.056797 -0.034690 -0.271734
19  -0.000001 1.457811 0.000003  -0.031121 0.045492 0.001395
20  -1.259682 3.818373 1.286948  0.052687 0.017453 -0.279974
21  -1.226390 3.891693 0.090422  0.004244 0.003603 -0.402932
22  -1.231624 3.875533 -0.958678  -0.054966 -0.028860 -0.393964
23  -1.209919 3.994781 -2.003044  -0.096194 -0.052727 -0.400403
24  0.328907 0.095427 1.403534  2.109432 0.373269 1.533784
25  -3.836639 -10.582898 27.364695  0.440430 0.049304 1.534742
26  -16.870777 -21.834059 7.086506  -1.570796 -0.000000 -1.570796
27  15.269911 -21.966835 13.863769  -0.051945 -0.000000 -1.570796
28  -7.028650 0.743399 -8.093216  0.484103 0.060800 3.113381
29  -0.000000 13.479275 -0.000000  1.004026 -0.000000 0.000000
30  0.000001 13.477239 0.000001  0.079466 0.016985 0.062466
31  0.267269 3.664727 -1.953294  -0.067893 0.086178 0.802666
32  -0.000001 1.180355 -0.000001  -0.024201 0.028477 0.843506
33  -0.000002 0.817135 -0.000000  0.010446 0.006491 0.658839
34  0.249423 3.688542 -0.940889  -0.032371 0.052975 0.932871
35  -0.000001 1.800632 -0.000001  0.000732 -0.005308 1.244337
36  0.000001 1.243405 0.000001  0.004815 -0.004401 0.811275
37  0.244726 3.701097 0.087733  0.001305 -0.005412 1.033087
38  -0.000002 1.766584 0.000001  0.004298 0.000584 1.084130
39  0.000001 1.189003 -0.000001  -0.010510 0.014239 0.976837
40  0.277239 3.632249 1.274102  0.185107 -0.010184 0.144732
41  -0.000000 1.798495 0.000001  0.027685 -0.025810 0.750471
42  0.000001 1.235451 -0.000000  -0.008036 -0.002903 0.645088
43  -0.315442 0.857300 0.755944  -0.248767 -2.664688 1.150362
44  0.000000 2.265939 0.000000  -0.039010 0.053923 0.668054
45  0.000000 1.457810 -0.000001  -0.054852 0.005358 1.066393
46  1.259680 3.818375 1.286946  0.185107 -0.010184 0.144732
47  1.226391 3.891693 0.090419  0.001305 -0.005412 1.033087
48  1.231623 3.875534 -0.958680  -0.032371 0.052975 0.932871
49  1.209920 3.994781 -2.003049  -0.067893 0.086178 0.802666
50  -0.328907 0.095428 1.403532  -0.248767 -2.664688 1.150362
51  -8.593353 -12.260653 11.574512  1.567735 -0.000053 3.135464
52  -8.110383 -19.738087 0.179033  -1.570796 -0.000000 1.570796
53  -7.028650 0.743399 -8.093216  -0.051945 0.000000 1.570796
54  -7.342360 -14.447094 -14.303900  1.573858 0.006129 0.000053
55  -1.855345 6.848200 8.911867  0.643721 -1.614433 -2.214060
56  0.461752 7.791412 26.458830  0.643346 -1.614420 -2.213684
57  0.599218 4.162450 9.540137  -0.024899 -0.027352 -0.026683
time 9
0  0 0 0  0 0 0
1  0.000000 0.000000 0.000000  1.570796 -0.000000 0.000000
2  15.269911 -21.966835 13.863769  0.397712 0.567706 1.431783
3  0.000003 13.479279 -0.000002  0.531259 0.000000 -0.000000
4  -0.000001 13.477239 0.000001  -0.574194 -0.215245 0.485888
5  -0.267270 3.664728 -1.953292  -0.096194 -0.052727 -0.400403
6  -0.000001 1.180355 -0.000000  -0.033422 -0.016719 -0.440925
7  0.000001 0.817134 0.000002  0.007067 -0.010065 -0.256194
8  -0.249421 3.688542 -0.940886  -0.054966 -0.028860 -0.393963
9  -0.000001 1.800633 0.000002  0.004228 0.003292 -0.472103
10  0.000000 1.243406 -0.000002  0.006309 0.001661 -0.328230
11  -0.244726 3.701097 0.087733  0.004244 0.003603 -0.402931
12  0.000000 1.766587 -0.000003  0.003329 -0.002780 -0.523312
13  0.000000 1.189004 0.000000  -0.016474 -0.006468 -0.416037
14  -0.277238 3.632249 1.274105  0.052687 0.017453 -0.279974
15  -0.000000 1.798494 -0.000003  0.034542 0.015473 -0.421260
16  -0.000001 1.235449 0.000002  -0.006025 0.006058 -0.203611
17  0.315443 0.857300 0.755943  2.109432 0.373269 1.533784
18  0.000001 2.265935 -0.000001  -0.056797 -0.034690 -0.271734
19  0.000000 1.457811 -0.000000  -0.031121 0.045492 0.001395
20  -1.259680 3.818376 1.286947  0.052687 0.017453 -0.279974
21  -1.226389 3.891694 0.090420  0.004244 0.003603 -0.402932
22  -1.231623 3.875535 -0.958679  -0.054966 -0.028860 -0.393964
23  -1.209918 3.994783 -2.003046  -0.096194 -0.052727 -0.400403
24  0.328907 0.095429 1.403532  2.109432 0.373269 1.533784
25  -3.834298 -10.598307 27.367252  0.440456 0.048596 1.534116
26  -16.870777 -21.834059 7.086506  -1.570796 -0.000000 -1.570796
27  15.269911 -21.966835 13.863769  -0.051945 -0.000000 -1.570796
28  -7.028650 0.743399 -8.093216  0.484222 0.060703 3.113342
29  -0.000000 13.479277 0.000000  1.003757 -0.000000 0.000000
30  -0.000000 13.477240 0.000001  0.078906 0.016398 0.062329
31  0.267270 3.664726 -1.953293  -0.067893 0.086178 0.802666
32  -0.000000 1.180357 -0.000002  -0.024201 0.028477 0.843506
33  -0.000002 0.817136 0.000001  0.010446 0.006491 0.658838
34  0.249422 3.688541 -0.940888  -0.032371 0.052975 0.932871
35  -0.000002 1.800634 -0.000001  0.000732 -0.005308 1.244336
36  0.000001 1.243405 -0.000001  0.004815 -0.004401 0.811274
37  0.244726 3.701095 0.087733  0.001305 -0.005412 1.033087
38  0.000000 1.766586 -0.000001  0.004298 0.000584 1.084130
39  -0.000000 1.189004 -0.000000  -0.010510 0.014239 0.976837
40  0.277239 3.632248 1.274102  0.185107 -0.010184 0.144732
41  0.000001 1.798497 0.000002  0.027685 -0.025810 0.750471
42  0.000000 1.235453 0.000000  -0.008036 -0.002903 0.645088
43  -0.315441 0.857300 0.755945  -0.248767 -2.664688 1.150362
44  0.000001 2.265940 -0.000001  -0.039010 0.053923 0.668054
45  -0.000001 1.457811 -0.000001  -0.054852 0.005358 1.066393
46  1.259681 3.818374 1.286947  0.185107 -0.010184 0.144732
47  1.226390 3.891693 0.090420  0.001305 -0.005412 1.033087
48  1.231622 3.875534 -0.958680  -0.032371 0.052975 0.932871
49  1.209919 3.994781 -2.003047  -0.067893 0.086178 0.802666
50  -0.328906 0.095428 1.403534  -0.248767 -2.664688 1.150362
51  -8.592073 -12.261896 11.575891  1.567027 -0.000059 3.134837
52  -8.110383 -19.738087 0.179033  -1.570796 -0.000000 1.570796
53  -7.028650 0.743399 -8.093216  -0.051945 0.000000 1.570796
54  -7.342360 -14.447023 -14.307959  1.574566 0.006756 0.000059
55  -1.855343 6.848201 8.911867  0.643721 -1.614433 -2.214061
56  0.461753 7.791414 26.458834  0.643346 -1.614420 -2.213684
57  0.599219 4.162454 9.540135  -0.024899 -0.027352 -0.026683
time 10
0  0 0 0  0 0 0
1  0.000000 0.000000 0.000000  1.570796 -0.000000 0.000000
2  15.269911 -21.966835 13.863769  0.396744 0.567015 1.431990
3  0.000004 13.479279 0.000000  0.533252 0.000000 -0.000000
4  0.000001 13.477238 -0.000000  -0.574911 -0.215449 0.485734
5  -0.267271 3.664725 -1.953295  -0.096193 -0.052727 -0.400403
6  0.000000 1.180357 0.000001  -0.033422 -0.016719 -0.440925
7  0.000000 0.817134 -0.000000  0.007067 -0.010065 -0.256194
8  -0.249423 3.688540 -0.940892  -0.054966 -0.028860 -0.393964
9  0.000001 1.800633 0.000001  0.004228 0.003292 -0.472103
10  0.000001 1.243406 0.000002  0.006309 0.001661 -0.328231
11  -0.244727 3.701095 0.087730  0.004244 0.003603 -0.402932
12  0.000000 1.766585 -0.000001  0.003329 -0.002780 -0.523312
13  -0.000000 1.189005 -0.000002  -0.016474 -0.006468 -0.416037
14  -0.277240 3.632246 1.274101  0.052687 0.017453 -0.279974
15  -0.000000 1.798492 -0.000003  0.034542 0.015473 -0.421260
16  0.000000 1.235450 0.000001  -0.006025 0.006058 -0.203611
17  0.315441 0.857298 0.755940  2.109433 0.373269 1.533785
18  -0.000000 2.265939 -0.000001  -0.056797 -0.034690 -0.271734
19  0.000000 1.457813 -0.000002  -0.031121 0.045492 0.001395
20  -1.259681 3.818374 1.286944  0.052687 0.017453 -0.279974
21  -1.226391 3.891693 0.090418  0.004244 0.003603 -0.402932
22  -1.231623 3.875534 -0.958681  -0.054966 -0.028860 -0.393964
23  -1.209919 3.994780 -2.003051  -0.096193 -0.052727 -0.400403
24  0.328905 0.095427 1.403530  2.109432 0.373269 1.533784
25  -3.832231 -10.614354 27.369980  0.440484 0.047842 1.533557
26  -16.870777 -21.834059 7.086506  -1.570796 -0.000000 -1.570796
27  15.269911 -21.966835 13.863769  -0.051945 -0.000000 -1.570796
28  -7.028650 0.743399 -8.093216  0.484353 0.060615 3.113307
29  0.000000 13.479276 -0.000000  1.003457 -0.000000 0.000000
30  0.000000 13.477240 0.000001  0.078321 0.015872 0.062205
31  0.267268 3.664724 -1.953293  -0.067893 0.086178 0.802666
32  -0.000001 1.180355 -0.000000  -0.024201 0.028477 0.843506
33  -0.000002 0.817136 -0.000000  0.010446 0.006491 0.658839
34  0.249422 3.688540 -0.940889  -0.032371 0.052975 0.932871
35  -0.000001 1.800632 0.000000  0.000732 -0.005308 1.244337
36  -0.000000 1.243405 0.000000  0.004815 -0.004401 0.811274
37  0.244725 3.701093 0.087732  0.001305 -0.005412 1.033087
38  -0.000000 1.766584 0.000000  0.004298 0.000584 1.084130
39  -0.000000 1.189005 0.000000  -0.010510 0.014239 0.976837
40  0.277237 3.632245 1.274102  0.185107 -0.010184 0.144732
41  -0.000001 1.798493 -0.000001  0.027685 -0.025810 0.750471
42  -0.000002 1.235451 -0.000001  -0.008036 -0.002903 0.645088
43  -0.315443 0.857299 0.755944  -0.248767 -2.664688 1.150362
44  0.000001 2.265940 0.000001  -0.039010 0.053923 0.668054
45  0.000000 1.457810 0.000001  -0.054852 0.005358 1.066393
46  1.259680 3.818372 1.286947  0.185107 -0.010184 0.144732
47  1.226390 3.891692 0.090420  0.001305 -0.005412 1.033087
48  1.231622 3.875532 -0.958680  -0.032371 0.052975 0.932871
49  1.209918 3.994780 -2.003047  -0.067893 0.086178 0.802666
50  -0.328908 0.095426 1.403533  -0.248767 -2.664688 1.150362
51  -8.590925 -12.263353 11.577361  1.566272 -0.000064 3.134277
52  -8.110383 -19.738087 0.179033  -1.570796 -0.000000 1.570796
53  -7.028650 0.743399 -8.093216  -0.051945 0.000000 1.570796
54  -7.342360 -14.446948 -14.312284  1.575321 0.007316 0.000064
55  -1.855343 6.848201 8.911866  0.643721 -1.614433 -2.214061
56  0.461752 7.791413 26.458836  0.643346 -1.614420 -2.213684
57  0.599219 4.162452 9.540135  -0.024899 -0.027352 -0.026683
time 11
0  0 0 0  0 0 0
1  0.000000 0.000000 0.000000  1.570796 -0.000000 0.000000
2  15.269911 -21.966835 13.863769  0.395787 0.566302 1.432203
3  0.000002 13.479280 0.000001  0.535208 0.000000 -0.000000
4  -0.000001 13.477238 0.000000  -0.575619 -0.215613 0.485627
5  -0.267269 3.664726 -1.953294  -0.096194 -0.052727 -0.400403
6  -0.000002 1.180355 0.000003  -0.033422 -0.016719 -0.440925
7  -0.000001 0.817134 0.000001  0.007067 -0.010065 -0.256194
8  -0.249422 3.688540 -0.940890  -0.054966 -0.028860 -0.393964
9  -0.000001 1.800633 -0.000000  0.004228 0.003292 -0.472103
10  0.000001 1.243404 0.000001  0.006309 0.001661 -0.328230
11  -0.244726 3.701096 0.087732  0.004244 0.003603 -0.402932
12  -0.000001 1.766585 0.000003  0.003329 -0.002780 -0.523312
13  -0.000001 1.189005 0.000001  -0.016474 -0.006468 -0.416037
14  -0.277238 3.632247 1.274103  0.052687 0.017453 -0.279974
15  -0.000000 1.798495 0.000001  0.034542 0.015473 -0.421260
16  -0.000001 1.235451 -0.000002  -0.006025 0.006058 -0.203611
17  0.315442 0.857300 0.755943  2.109432 0.373269 1.533784
18  -0.000001 2.265940 -0.000003  -0.056797 -0.034690 -0.271734
19  0.000000 1.457812 -0.000000  -0.031121 0.045492 0.001395
20  -1.259681 3.818375 1.286945  0.052687 0.017453 -0.279974
21  -1.226390 3.891693 0.090421  0.004244 0.003603 -0.402932
22  -1.231624 3.875534 -0.958680  -0.054966 -0.028860 -0.393964
23  -1.209919 3.994781 -2.003047  -0.096194 -0.052727 -0.400403
24  0.328906 0.095428 1.403533  2.109432 0.373269 1.533784
25  -3.830472 -10.630856 27.372833  0.440512 0.047049 1.533076
26  -16.870777 -21.834059 7.086506  -1.570796 -0.000000 -1.570796
27  15.269911 -21.966835 13.863769  -0.051945 -0.000000 -1.570796
28  -7.028650 0.743399 -8.093216  0.484492 0.060536 3.113275
29  -0.000000 13.479276 0.000000  1.003127 -0.000000 0.000000
30  0.000000 13.477238 -0.000000  0.077717 0.015417 0.062097
31  0.267269 3.664726 -1.953294  -0.067893 0.086178 0.802666
32  0.000001 1.180354 0.000001  -0.024201 0.028477 0.843506
33  -0.000001 0.817136 0.000002  0.010446 0.006491 0.658839
34  0.249423 3.688541 -0.940888  -0.032371 0.052975 0.932871
35  -0.000002 1.800632 -0.000000  0.000732 -0.005308 1.244337
36  -0.000001 1.243407 0.000001  0.004815 -0.004401 0.811274
37  0.244727 3.701096 0.087733  0.001305 -0.005412 1.033087
38  0.000001 1.766585 -0.000001  0.004298 0.000584 1.084130
39  -0.000001 1.189003 0.000001  -0.010510 0.014239 0.976837
40  0.277240 3.632248 1.274102  0.185107 -0.010184 0.144732
41  0.000001 1.798493 -0.000001  0.027685 -0.025810 0.750471
42  -0.000000 1.235452 -0.000001  -0.008036 -0.002903 0.645088
43  -0.315441 0.857300 0.755943  -0.248767 -2.664688 1.150362
44  0.000002 2.265940 0.000000  -0.039010 0.053923 0.668054
45  -0.000000 1.457812 -0.000001  -0.054851 0.005358 1.066393
46  1.259682 3.818375 1.286946  0.185107 -0.010184 0.144732
47  1.226391 3.891692 0.090419  0.001305 -0.005412 1.033087
48  1.231624 3.875534 -0.958680  -0.032371 0.052975 0.932871
49  1.209920 3.994781 -2.003049  -0.067893 0.086178 0.802666
50  -0.328905 0.095428 1.403531  -0.248767 -2.664688 1.150362
51  -8.589931 -12.265021 11.578907  1.565478 -0.000068 3.133795
52  -8.110383 -19.738087 0.179033  -1.570796 -0.000000 1.570796
53  -7.028650 0.743399 -8.093216  -0.051945 0.000000 1.570796
54  -7.342360 -14.446868 -14.316832  1.576115 0.007798 0.000068
55  -1.855344 6.848200 8.911865  0.643721 -1.614433 -2.214061
56  0.461752 7.791412 26.458828  0.643346 -1.614420 -2.213684
57  0.599219 4.162451 9.540134  -0.024899 -0.027352 -0.026683
time 12
0  0 0 0  0 0 0
1  0.000000 0.000000 0.000000  1.570796 -0.000000 0.000000
2  15.269911 -21.966835 13.863769  0.394855 0.565572 1.432421
3  0.000003 13.479277 0.000001  0.537100 -0.000000 -0.000000
4  -0.000003 13.477238 0.000001  -0.576306 -0.215732 0.485572
5  -0.267270 3.664725 -1.953295  -0.096194 -0.052727 -0.400403
6  0.000002 1.180355 0.000003  -0.033422 -0.016719 -0.440925
7  -0.000002 0.817135 0.000001  0.007067 -0.010065 -0.256194
8  -0.249423 3.688540 -0.940892  -0.054966 -0.028860 -0.393964
9  0.000000 1.800632 0.000002  0.004228 0.003292 -0.472103
10  -0.000001 1.243409 0.000000  0.006309 0.001661 -0.328230
11  -0.244727 3.701095 0.087730  0.004244 0.003603 -0.402932
12  0.000000 1.766584 -0.000000  0.003329 -0.002780 -0.523312
13  -0.000000 1.189003 -0.000001  -0.016474 -0.006468 -0.416038
14  -0.277240 3.632246 1.274099  0.052687 0.017453 -0.279974
15  0.000001 1.798495 0.000002  0.034542 0.015472 -0.421260
16  0.000000 1.235451 0.000002  -0.006025 0.006058 -0.203611
17  0.315442 0.857299 0.755942  2.109433 0.373269 1.533784
18  0.000000 2.265935 0.000001  -0.056797 -0.034690 -0.271734
19  0.000000 1.457810 -0.000000  -0.031121 0.045492 0.001395
20  -1.259681 3.818373 1.286942  0.052687 0.017453 -0.279974
21  -1.226391 3.891692 0.090418  0.004244 0.003603 -0.402932
22  -1.231623 3.875533 -0.958682  -0.054966 -0.028860 -0.393964
23  -1.209919 3.994781 -2.003050  -0.096194 -0.052727 -0.400403
24  0.328905 0.095428 1.403529  2.109432 0.373269 1.533784
25  -3.829063 -10.647625 27.375797  0.440540 0.046224 1.532684
26  -16.870777 -21.834059 7.086506  -1.570796 -0.000000 -1.570796
27  15.269911 -21.966835 13.863769  -0.051945 -0.000000 -1.570796
28  -7.028650 0.743399 -8.093216  0.484640 0.060469 3.113248
29  0.000000 13.479277 -0.000000  1.002771 -0.000000 0.000000
30  0.000001 13.477239 0.000001  0.077100 0.015044 0.062006
31  0.267270 3.664726 -1.953293  -0.067893 0.086178 0.802666
32  -0.000002 1.180356 -0.000001  -0.024201 0.028477 0.843506
33  0.000000 0.817136 -0.000001  0.010446 0.006491 0.658839
34  0.249423 3.688541 -0.940890  -0.032371 0.052975 0.932871
35  -0.000001 1.800632 0.000001  0.000732 -0.005308 1.244337
36  0.000000 1.243407 -0.000000  0.004815 -0.004401 0.811275
37  0.244726 3.701097 0.087733  0.001305 -0.005412 1.033087
38  -0.000000 1.766584 0.000000  0.004298 0.000584 1.084130
39  0.000002 1.189005 0.000001  -0.010510 0.014239 0.976837
40  0.277240 3.632248 1.274102  0.185107 -0.010184 0.144732
41  -0.000000 1.798495 0.000001  0.027685 -0.025810 0.750471
42  0.000000 1.235452 -0.000000  -0.008036 -0.002903 0.645088
43  -0.315441 0.857301 0.755944  -0.248767 -2.664688 1.150363
44  -0.000001 2.265940 0.000001  -0.039010 0.053923 0.668054
45  -0.000003 1.457812 0.000000  -0.054852 0.005358 1.066393
46  1.259681 3.818375 1.286946  0.185107 -0.010184 0.144732
47  1.226391 3.891693 0.090418  0.001305 -0.005412 1.033087
48  1.231623 3.875535 -0.958680  -0.032371 0.052975 0.932871
49  1.209920 3.994783 -2.003047  -0.067893 0.086178 0.802666
50  -0.328905 0.095430 1.403533  -0.248767 -2.664688 1.150362
51  -8.589113 -12.266891 11.580514  1.564653 -0.000071 3.133401
52  -8.110383 -19.738087 0.179033  -1.570796 -0.000000 1.570796
53  -7.028650 0.743399 -8.093216  -0.051945 0.000000 1.570796
54  -7.342360 -14.446786 -14.321556  1.576940 0.008192 0.000071
55  -1.855342 6.848200 8.911867  0.643721 -1.614433 -2.214061
56  0.461752 7.791412 26.458834  0.643346 -1.614420 -2.213684
57  0.599219 4.162451 9.540137  -0.024899 -0.027352 -0.026683
time 13
0  0 0 0  0 0 0
1  0.000000 0.000000 0.000000  1.570796 -0.000000 0.000000
2  15.269911 -21.966835 13.863769  0.393959 0.564834 1.432641
3  0.000002 13.479278 0.000000  0.538905 0.000000 -0.000000
4  0.000000 13.477238 -0.000000  -0.576966 -0.215802 0.485573
5  -0.267270 3.664726 -1.953296  -0.096193 -0.052727 -0.400403
6  -0.000001 1.180355 -0.000000  -0.033422 -0.016719 -0.440925
7  0.000001 0.817134 0.000000  0.007067 -0.010065 -0.256194
8  -0.249423 3.688541 -0.940891  -0.054966 -0.028860 -0.393964
9  0.000002 1.800632 0.000000  0.004228 0.003292 -0.472103
10  0.000001 1.243405 -0.000000  0.006309 0.001661 -0.328230
11  -0.244727 3.701096 0.087732  0.004244 0.003603 -0.402932
12  -0.000002 1.766584 0.000002  0.003329 -0.002780 -0.523312
13  -0.000000 1.189004 0.000003  -0.016474 -0.006468 -0.416037
14  -0.277239 3.632247 1.274099  0.052687 0.017453 -0.279974
15  0.000000 1.798495 0.000001  0.034542 0.015473 -0.421260
16  0.000000 1.235452 0.000002  -0.006025 0.006058 -0.203611
17  0.315440 0.857300 0.755941  2.109433 0.373269 1.533784
18  -0.000000 2.265939 0.000001  -0.056797 -0.034690 -0.271734
19  0.000000 1.457811 -0.000001  -0.031121 0.045492 0.001395
20  -1.259681 3.818375 1.286944  0.052687 0.017453 -0.279974
21  -1.226391 3.891693 0.090418  0.004244 0.003603 -0.402932
22  -1.231624 3.875534 -0.958683  -0.054966 -0.028860 -0.393964
23  -1.209920 3.994783 -2.003049  -0.096193 -0.052727 -0.400403
24  0.328905 0.095428 1.403530  2.109432 0.373269 1.533784
25  -3.828039 -10.664486 27.378841  0.440568 0.045377 1.532390
26  -16.870777 -21.834059 7.086506  -1.570796 -0.000000 -1.570796
27  15.269911 -21.966835 13.863769  -0.051945 -0.000000 -1.570796
28  -7.028650 0.743399 -8.093216  0.484795 0.060416 3.113226
29  -0.000000 13.479278 -0.000000  1.002390 -0.000000 0.000000
30  0.000000 13.477239 -0.000001  0.076478 0.014762 0.061936
31  0.267268 3.664727 -1.953292  -0.067893 0.086178 0.802666
32  0.000001 1.180355 0.000001  -0.024201 0.028477 0.843506
33  0.000001 0.817134 -0.000000  0.010446 0.006491 0.658839
34  0.249421 3.688540 -0.940888  -0.032371 0.052975 0.932871
35  -0.000001 1.800635 0.000001  0.000732 -0.005308 1.244337
36  0.000002 1.243404 0.000000  0.004815 -0.004401 0.811275
37  0.244725 3.701095 0.087734  0.001305 -0.005412 1.033087
38  0.000000 1.766585 -0.000001  0.004298 0.000584 1.084129
39  0.000000 1.189004 0.000001  -0.010510 0.014239 0.976837
40  0.277239 3.632247 1.274103  0.185107 -0.010184 0.144732
41  0.000000 1.798496 -0.000000  0.027685 -0.025810 0.750471
42  -0.000003 1.235449 -0.000001  -0.008036 -0.002903 0.645088
43  -0.315442 0.857300 0.755944  -0.248767 -2.664688 1.150363
44  -0.000000 2.265939 -0.000000  -0.039010 0.053923 0.668054
45  -0.000000 1.457812 0.000000  -0.054852 0.005358 1.066393
46  1.259680 3.818374 1.286946  0.185107 -0.010184 0.144732
47  1.226389 3.891692 0.090420  0.001305 -0.005412 1.033087
48  1.231622 3.875534 -0.958679  -0.032371 0.052975 0.932871
49  1.209918 3.994781 -2.003047  -0.067893 0.086178 0.802666
50  -0.328907 0.095428 1.403534  -0.248767 -2.664688 1.150362
51  -8.588494 -12.268951 11.582168  1.563805 -0.000074 3.133106
52  -8.110383 -19.738087 0.179033  -1.570796 -0.000000 1.570796
53  -7.028650 0.743399 -8.093216  -0.051945 0.000000 1.570796
54  -7.342360 -14.446701 -14.326415  1.577788 0.008487 0.000074
55  -1.855343 6.848201 8.911868  0.643721 -1.614433 -2.214061
56  0.461753 7.791412 26.458830  0.643346 -1.614420 -2.213684
57  0.599219 4.162453 9.540137  -0.024899 -0.027352 -0.026683
time 14
0  0 0 0  0 0 0
1  0.000000 0.000000 0.000000  1.570796 -0.000000 0.000000
2  15.269911 -21.966835 13.863769  0.393111 0.564096 1.432861
3  0.000007 13.479280 -0.000000  0.540597 -0.000000 -0.000000
4  0.000003 13.477240 0.000001  -0.577589 -0.215816 0.485633
5  -0.267271 3.664727 -1.953294  -0.096193 -0.052727 -0.400403
6  0.000001 1.180355 -0.000000  -0.033422 -0.016719 -0.440925
7  -0.000001 0.817135 0.000001  0.007067 -0.010065 -0.256194
8  -0.249424 3.688542 -0.940890  -0.054966 -0.028860 -0.393964
9  -0.000000 1.800634 0.000001  0.004228 0.003292 -0.472103
10  0.000002 1.243406 -0.000002  0.006309 0.001661 -0.328230
11  -0.244727 3.701096 0.087733  0.004244 0.003603 -0.402932
12  -0.000000 1.766586 0.000002  0.003329 -0.002780 -0.523312
13  -0.000001 1.189005 0.000001  -0.016474 -0.006468 -0.416038
14  -0.277241 3.632250 1.274104  0.052687 0.017453 -0.279974
15  0.000001 1.798493 -0.000001  0.034542 0.015473 -0.421259
16  -0.000001 1.235451 -0.000001  -0.006025 0.006058 -0.203611
17  0.315440 0.857302 0.755945  2.109433 0.373269 1.533785
18  -0.000000 2.265939 -0.000000  -0.056797 -0.034690 -0.271734
19  0.000000 1.457812 -0.000002  -0.031121 0.045492 0.001395
20  -1.259681 3.818376 1.286947  0.052687 0.017453 -0.279974
21  -1.226393 3.891694 0.090418  0.004244 0.003603 -0.402932
22  -1.231623 3.875535 -0.958679  -0.054966 -0.028860 -0.393964
23  -1.209920 3.994782 -2.003048  -0.096194 -0.052727 -0.400403
24  0.328905 0.095429 1.403531  2.109432 0.373269 1.533784
25  -3.827439 -10.681252 27.381931  0.440595 0.044514 1.532207
26  -16.870777 -21.834059 7.086506  -1.570796 -0.000000 -1.570796
27  15.269911 -21.966835 13.863769  -0.051945 -0.000000 -1.570796
28  -7.028650 0.743399 -8.093216  0.484955 0.060377 3.113210
29  -0.000001 13.479278 0.000000  1.001987 -0.000000 0.000000
30  -0.000001 13.477240 0.000001  0.075856 0.014582 0.061888
31  0.267270 3.664727 -1.953293  -0.067893 0.086178 0.802666
32  0.000001 1.180355 -0.000001  -0.024201 0.028477 0.843506
33  0.000000 0.817135 0.000001  0.010446 0.006491 0.658839
34  0.249422 3.688541 -0.940890  -0.032371 0.052975 0.932871
35  -0.000002 1.800634 -0.000000  0.000732 -0.005308 1.244336
36  0.000001 1.243405 -0.000000  0.004815 -0.004401 0.811274
37  0.244727 3.701097 0.087731  0.001305 -0.005412 1.033087
38  0.000002 1.766584 -0.000000  0.004298 0.000584 1.084130
39  0.000000 1.189003 -0.000000  -0.010510 0.014239 0.976837
40  0.277241 3.632249 1.274101  0.185107 -0.010184 0.144732
41  -0.000001 1.798495 -0.000002  0.027685 -0.025810 0.750471
42  -0.000000 1.235452 -0.000002  -0.008036 -0.002903 0.645088
43  -0.315441 0.857300 0.755942  -0.248767 -2.664688 1.150363
44  0.000000 2.265939 0.000001  -0.039010 0.053923 0.668054
45  0.000000 1.457811 -0.000001  -0.054852 0.005358 1.066393
46  1.259682 3.818375 1.286945  0.185107 -0.010184 0.144732
47  1.226392 3.891694 0.090419  0.001305 -0.005412 1.033087
48  1.231624 3.875535 -0.958681  -0.032371 0.052975 0.932871
49  1.209920 3.994782 -2.003049  -0.067893 0.086178 0.802666
50  -0.328905 0.095429 1.403531  -0.248767 -2.664688 1.150362
51  -8.588097 -12.271196 11.583852  1.562941 -0.000075 3.132921
52  -8.110383 -19.738087 0.179033  -1.570796 -0.000000 1.570796
53  -7.028650 0.743399 -8.093216  -0.051945 0.000000 1.570796
54  -7.342360 -14.446614 -14.331363  1.578652 0.008671 0.000076
55  -1.855342 6.848202 8.911868  0.643721 -1.614433 -2.214060
56  0.461753 7.791414 26.458839  0.643346 -1.614420 -2.213684
57  0.599219 4.162452 9.540139  -0.024899 -0.027352 -0.026683
time 15
0  0 0 0  0 0 0
1  0.000000 0.000000 0.000000  1.570796 -0.000000 0.000000
2  15.269911 -21.966835 13.863769  0.392322 0.563365 1.433079
3  0.000004 13.479279 -0.000001  0.542152 -0.000000 -0.000000
4  0.000000 13.477236 -0.000002  -0.578167 -0.215769 0.485758
5  -0.267270 3.664725 -1.953293  -0.096193 -0.052727 -0.400403
6  -0.000002 1.180354 -0.000000  -0.033422 -0.016719 -0.440925
7  -0.000002 0.817135 -0.000001  0.007067 -0.010065 -0.256194
8  -0.249423 3.688541 -0.940888  -0.054966 -0.028860 -0.393964
9  -0.000001 1.800633 0.000003  0.004228 0.003292 -0.472103
10  0.000001 1.243407 -0.000003  0.006309 0.001661 -0.328230
11  -0.244727 3.701096 0.087735  0.004244 0.003603 -0.402932
12  -0.000001 1.766585 -0.000001  0.003329 -0.002780 -0.523312
13  0.000002 1.189004 0.000002  -0.016474 -0.006468 -0.416037
14  -0.277240 3.632248 1.274103  0.052687 0.017453 -0.279974
15  0.000000 1.798496 0.000001  0.034542 0.015473 -0.421260
16  -0.000000 1.235450 0.000001  -0.006025 0.006058 -0.203611
17  0.315441 0.857300 0.755945  2.109433 0.373269 1.533784
18  0.000000 2.265937 -0.000002  -0.056797 -0.034690 -0.271734
19  0.000001 1.457813 0.000000  -0.031121 0.045492 0.001395
20  -1.259680 3.818375 1.286947  0.052687 0.017453 -0.279974
21  -1.226390 3.891693 0.090419  0.004244 0.003603 -0.402932
22  -1.231623 3.875535 -0.958679  -0.054966 -0.028860 -0.393964
23  -1.209919 3.994781 -2.003047  -0.096194 -0.052727 -0.400403
24  0.328907 0.095428 1.403532  2.109432 0.373269 1.533784
25  -3.827297 -10.697741 27.385044  0.440622 0.043643 1.532144
26  -16.870777 -21.834059 7.086506  -1.570796 -0.000000 -1.570796
27  15.269911 -21.966835 13.863769  -0.051945 -0.000000 -1.570796
28  -7.028650 0.743399 -8.093216  0.485120 0.060354 3.113201
29  0.000000 13.479276 -0.000000  1.001565 -0.000000 0.000000
30  -0.000000 13.477239 -0.000000  0.075242 0.014513 0.061866
31  0.267269 3.664728 -1.953293  -0.067893 0.086178 0.802666
32  -0.000001 1.180354 0.000001  -0.024201 0.028477 0.843506
33  0.000000 0.817133 -0.000000  0.010446 0.006491 0.658839
34  0.249422 3.688542 -0.940888  -0.032371 0.052975 0.932871
35  0.000001 1.800632 -0.000000  0.000732 -0.005308 1.244337
36  -0.000002 1.243406 -0.000000  0.004815 -0.004401 0.811275
37  0.244727 3.701096 0.087734  0.001305 -0.005412 1.033087
38  0.000001 1.766585 0.000001  0.004298 0.000584 1.084129
39  -0.000000 1.189004 -0.000001  -0.010510 0.014239 0.976837
40  0.277239 3.632248 1.274102  0.185107 -0.010184 0.144732
41  0.000000 1.798493 0.000002  0.027685 -0.025810 0.750471
42  -0.000002 1.235450 -0.000001  -0.008036 -0.002903 0.645088
43  -0.315441 0.857301 0.755944  -0.248767 -2.664688 1.150363
44  0.000001 2.265941 0.000001  -0.039010 0.053923 0.668054
45  0.000000 1.457812 0.000001  -0.054852 0.005358 1.066393
46  1.259683 3.818376 1.286945  0.185107 -0.010184 0.144732
47  1.226391 3.891694 0.090419  0.001305 -0.005412 1.033087
48  1.231623 3.875535 -0.958680  -0.032371 0.052975 0.932871
49  1.209919 3.994781 -2.003049  -0.067893 0.086178 0.802666
50  -0.328906 0.095428 1.403532  -0.248767 -2.664688 1.150362
51  -8.587945 -12.273614 11.585552  1.562070 -0.000076 3.132857
52  -8.110383 -19.738087 0.179033  -1.570796 -0.000000 1.570796
53  -7.028650 0.743399 -8.093216  -0.051945 0.000000 1.570796
54  -7.342360 -14.446527 -14.336354  1.579523 0.008735 0.000076
55  -1.855342 6.848200 8.911864  0.643721 -1.614433 -2.214060
56  0.461753 7.791413 26.458836  0.643346 -1.614420 -2.213684
57  0.599219 4.162452 9.540133  -0.024899 -0.027352 -0.026683
time 16
0  0 0 0  0 0 0
1  0.000000 0.000000 0.000000  1.570796 -0.000000 0.000000
2  15.269911 -21.966835 13.863769  0.391594 0.562648 1.433292
3  0.000002 13.479280 0.000000  0.543570 0.000000 -0.000000
4  -0.000001 13.477240 0.000001  -0.578698 -0.215665 0.485943
5  -0.267271 3.664725 -1.953293  -0.096194 -0.052727 -0.400403
6  0.000002 1.180357 0.000002  -0.033422 -0.016719 -0.440925
7  0.000001 0.817136 -0.000002  0.007067 -0.010065 -0.256194
8  -0.249424 3.688541 -0.940889  -0.054966 -0.028860 -0.393964
9  -0.000001 1.800635 0.000001  0.004228 0.003292 -0.472103
10  -0.000001 1.243405 -0.000000  0.006309 0.001661 -0.328230
11  -0.244727 3.701095 0.087734  0.004244 0.003603 -0.402932
12  -0.000000 1.766583 0.000000  0.003329 -0.002780 -0.523312
13  -0.000001 1.189004 -0.000001  -0.016474 -0.006468 -0.416037
14  -0.277241 3.632247 1.274105  0.052687 0.017453 -0.279974
15  0.000001 1.798496 -0.000000  0.034542 0.015473 -0.421259
16  0.000000 1.235452 -0.000003  -0.006025 0.006058 -0.203611
17  0.315439 0.857298 0.755945  2.109433 0.373269 1.533784
18  0.000001 2.265939 0.000002  -0.056797 -0.034690 -0.271734
19  0.000000 1.457813 0.000000  -0.031121 0.045492 0.001395
20  -1.259683 3.818374 1.286948  0.052687 0.017453 -0.279974
21  -1.226392 3.891691 0.090420  0.004244 0.003603 -0.402932
22  -1.231625 3.875533 -0.958679  -0.054966 -0.028860 -0.393964
23  -1.209921 3.994781 -2.003046  -0.096194 -0.052727 -0.400403
24  0.328904 0.095427 1.403534  2.109432 0.373269 1.533784
25  -3.827579 -10.713836 27.388149  0.440648 0.042772 1.532194
26  -16.870777 -21.834059 7.086506  -1.570796 -0.000000 -1.570796
27  15.269911 -21.966835 13.863769  -0.051945 -0.000000 -1.570796
28  -7.028650 0.743399 -8.093216  0.485287 0.060348 3.113198
29  -0.000001 13.479277 -0.000000  1.001128 -0.000000 0.000000
30  0.000000 13.477239 0.000002  0.074640 0.014549 0.061867
31  0.267270 3.664726 -1.953292  -0.067893 0.086178 0.802666
32  0.000001 1.180355 -0.000001  -0.024201 0.028477 0.843506
33  -0.000000 0.817134 0.000001  0.010446 0.006491 0.658839
34  0.249423 3.688541 -0.940888  -0.032371 0.052975 0.932871
35  0.000000 1.800635 -0.000001  0.000732 -0.005308 1.244337
36  0.000003 1.243406 0.000000  0.004815 -0.004401 0.811274
37  0.244727 3.701096 0.087733  0.001305 -0.005412 1.033087
38  -0.000000 1.766585 0.000000  0.004298 0.000584 1.084130
39  -0.000001 1.189003 0.000001  -0.010510 0.014239 0.976837
40  0.277240 3.632247 1.274103  0.185107 -0.010184 0.144732
41  -0.000000 1.798494 0.000001  0.027685 -0.025810 0.750471
42  -0.000001 1.235450 0.000002  -0.008036 -0.002903 0.645088
43  -0.315442 0.857301 0.755944  -0.248767 -2.664688 1.150362
44  0.000001 2.265940 0.000000  -0.039010 0.053923 0.668054
45  -0.000001 1.457813 0.000000  -0.054852 0.005358 1.066393
46  1.259682 3.818376 1.286946  0.185107 -0.010184 0.144732
47  1.226390 3.891693 0.090419  0.001305 -0.005412 1.033087
48  1.231624 3.875534 -0.958680  -0.032371 0.052975 0.932871
49  1.209920 3.994782 -2.003049  -0.067893 0.086178 0.802666
50  -0.328905 0.095428 1.403532  -0.248767 -2.664688 1.150362
51  -8.588024 -12.276175 11.587254  1.561199 -0.000076 3.132907
52  -8.110383 -19.738087 0.179033  -1.570796 -0.000000 1.570796
53  -7.028650 0.743399 -8.093216  -0.051945 0.000000 1.570796
54  -7.342360 -14.446441 -14.341347  1.580395 0.008686 0.000076
55  -1.855341 6.848201 8.911866  0.643721 -1.614433 -2.214060
56  0.461753 7.791413 26.458834  0.643346 -1.614420 -2.213684
57  0.599220 4.162451 9.540133  -0.024899 -0.027352 -0.026683
time 17
0  0 0 0  0 0 0
1  0.000000 0.000000 0.000000  1.570796 -0.000000 0.000000
2  15.269911 -21.966835 13.863769  0.390924 0.561947 1.433500
3  0.000001 13.479280 0.000001  0.544858 0.000000 -0.000000
4  -0.000001 13.477239 0.000001  -0.579186 -0.215515 0.486175
5  -0.267271 3.664727 -1.953293  -0.096194 -0.052727 -0.400403
6  0.000001 1.180355 -0.000002  -0.033422 -0.016719 -0.440925
7  -0.000001 0.817136 0.000002  0.007067 -0.010065 -0.256194
8  -0.249424 3.688542 -0.940889  -0.054966 -0.028860 -0.393964
9  0.000001 1.800633 0.000000  0.004228 0.003292 -0.472103
10  -0.000001 1.243407 -0.000001  0.006309 0.001661 -0.328230
11  -0.244728 3.701095 0.087732  0.004244 0.003603 -0.402932
12  0.000000 1.766585 0.000001  0.003329 -0.002780 -0.523312
13  -0.000001 1.189003 0.000002  -0.016474 -0.006468 -0.416037
14  -0.277241 3.632248 1.274102  0.052687 0.017453 -0.279974
15  -0.000002 1.798493 -0.000001  0.034542 0.015473 -0.421259
16  -0.000002 1.235452 -0.000001  -0.006025 0.006058 -0.203611
17  0.315440 0.857300 0.755943  2.109432 0.373269 1.533784
18  0.000000 2.265940 -0.000000  -0.056797 -0.034690 -0.271734
19  0.000001 1.457813 0.000002  -0.031121 0.045492 0.001395
20  -1.259683 3.818375 1.286944  0.052687 0.017453 -0.279974
21  -1.226391 3.891693 0.090418  0.004244 0.003603 -0.402932
22  -1.231624 3.875535 -0.958679  -0.054966 -0.028860 -0.393964
23  -1.209920 3.994781 -2.003049  -0.096194 -0.052727 -0.400403
24  0.328904 0.095429 1.403531  2.109432 0.373269 1.533784
25  -3.828215 -10.729455 27.391222  0.440672 0.041908 1.532339
26  -16.870777 -21.834059 7.086506  -1.570796 -0.000000 -1.570796
27  15.269911 -21.966835 13.863769  -0.051945 -0.000000 -1.570796
28  -7.028650 0.743399 -8.093216  0.485456 0.060354 3.113201
29  0.000001 13.479275 0.000000  1.000682 -0.000000 0.000000
30  0.000000 13.477239 0.000000  0.074053 0.014673 0.061888
31  0.267270 3.664725 -1.953294  -0.067893 0.086178 0.802666
32  0.000002 1.180354 -0.000001  -0.024201 0.028477 0.843506
33  -0.000001 0.817135 -0.000002  0.010446 0.006491 0.658839
34  0.249423 3.688541 -0.940889  -0.032371 0.052975 0.932871
35  0.000000 1.800634 -0.000001  0.000732 -0.005308 1.244337
36  -0.000002 1.243406 -0.000000  0.004815 -0.004401 0.811275
37  0.244726 3.701095 0.087732  0.001305 -0.005412 1.033087
38  -0.000001 1.766585 -0.000001  0.004298 0.000584 1.084130
39  0.000001 1.189003 0.000000  -0.010510 0.014239 0.976837
40  0.277239 3.632247 1.274102  0.185107 -0.010184 0.144732
41  0.000000 1.798492 -0.000001  0.027685 -0.025810 0.750471
42  0.000000 1.235451 -0.000000  -0.008036 -0.002903 0.645088
43  -0.315441 0.857298 0.755944  -0.248767 -2.664688 1.150362
44  -0.000001 2.265940 -0.000001  -0.039010 0.053923 0.668054
45  -0.000001 1.457812 -0.000001  -0.054852 0.005358 1.066393
46  1.259681 3.818374 1.286945  0.185107 -0.010184 0.144732
47  1.226391 3.891693 0.090419  0.001305 -0.005412 1.033087
48  1.231623 3.875533 -0.958680  -0.032371 0.052975 0.932871
49  1.209920 3.994781 -2.003048  -0.067893 0.086178 0.802666
50  -0.328906 0.095428 1.403531  -0.248767 -2.664688 1.150362
51  -8.588297 -12.278832 11.588940  1.560335 -0.000074 3.133051
52  -8.110383 -19.738087 0.179033  -1.570796 -0.000000 1.570796
53  -7.028650 0.743399 -8.093216  -0.051945 0.000000 1.570796
54  -7.342360 -14.446354 -14.346293  1.581258 0.008542 0.000075
55  -1.855342 6.848201 8.911864  0.643721 -1.614433 -2.214060
56  0.461753 7.791413 26.458834  0.643346 -1.614420 -2.213684
57  0.599219 4.162451 9.540135  -0.024899 -0.027352 -0.026683
time 18
0  0 0 0  0 0 0
1  0.000000 0.000000 0.000000  1.570796 -0.000000 0.000000
2  15.269911 -21.966835 13.863769  0.390314 0.561270 1.433702
3  0.000002 13.479277 0.000002  0.546014 0.000000 -0.000000
4  -0.000001 13.477238 0.000001  -0.579627 -0.215321 0.486451
5  -0.267268 3.664728 -1.953292  -0.096194 -0.052727 -0.400403
6  -0.000001 1.180353 -0.000001  -0.033422 -0.016719 -0.440925
7  -0.000002 0.817136 0.000002  0.007067 -0.010065 -0.256194
8  -0.249423 3.688542 -0.940891  -0.054966 -0.028860 -0.393964
9  0.000001 1.800633 -0.000002  0.004228 0.003292 -0.472103
10  0.000000 1.243406 -0.000001  0.006309 0.001661 -0.328230
11  -0.244727 3.701096 0.087731  0.004244 0.003603 -0.402932
12  0.000001 1.766584 0.000000  0.003329 -0.002780 -0.523312
13  -0.000002 1.189004 -0.000001  -0.016474 -0.006468 -0.416037
14  -0.277239 3.632250 1.274103  0.052687 0.017453 -0.279974
15  -0.000002 1.798493 -0.000001  0.034542 0.015473 -0.421259
16  0.000000 1.235453 -0.000001  -0.006025 0.006058 -0.203611
17  0.315441 0.857301 0.755943  2.109433 0.373269 1.533784
18  0.000000 2.265937 0.000003  -0.056797 -0.034690 -0.271734
19  0.000000 1.457810 -0.000003  -0.031121 0.045492 0.001395
20  -1.259681 3.818375 1.286944  0.052687 0.017453 -0.279974
21  -1.226391 3.891694 0.090419  0.004244 0.003603 -0.402932
22  -1.231623 3.875535 -0.958681  -0.054966 -0.028860 -0.393964
23  -1.209918 3.994782 -2.003049  -0.096194 -0.052727 -0.400403
24  0.328907 0.095430 1.403534  2.109432 0.373269 1.533784
25  -3.829171 -10.744475 27.394234  0.440696 0.041060 1.532572
26  -16.870777 -21.834059 7.086506  -1.570796 -0.000000 -1.570796
27  15.269911 -21.966835 13.863769  -0.051945 -0.000000 -1.570796
28  -7.028650 0.743399 -8.093216  0.485624 0.060373 3.113209
29  -0.000000 13.479278 0.000000  1.000232 -0.000000 0.000000
30  -0.000000 13.477240 -0.000001  0.073486 0.014877 0.061928
31  0.267270 3.664726 -1.953293  -0.067893 0.086178 0.802666
32  0.000000 1.180355 -0.000000  -0.024201 0.028477 0.843506
33  0.000001 0.817135 0.000001  0.010446 0.006491 0.658839
34  0.249422 3.688541 -0.940889  -0.032371 0.052975 0.932871
35  0.000000 1.800631 -0.000001  0.000732 -0.005308 1.244337
36  -0.000000 1.243406 0.000001  0.004815 -0.004401 0.811275
37  0.244726 3.701094 0.087732  0.001305 -0.005412 1.033087
38  -0.000000 1.766585 0.000001  0.004298 0.000584 1.084130
39  0.000001 1.189003 -0.000000  -0.010510 0.014239 0.976837
40  0.277240 3.632247 1.274103  0.185107 -0.010184 0.144732
41  -0.000000 1.798493 0.000000  0.027685 -0.025810 0.750471
42  -0.000000 1.235451 -0.000000  -0.008036 -0.002903 0.645088
43  -0.315441 0.857300 0.755942  -0.248767 -2.664688 1.150363
44  0.000001 2.265940 0.000000  -0.039010 0.053923 0.668054
45  0.000000 1.457812 -0.000000  -0.054852 0.005358 1.066393
46  1.259681 3.818374 1.286946  0.185107 -0.010184 0.144732
47  1.226391 3.891693 0.090418  0.001305 -0.005412 1.033087
48  1.231623 3.875533 -0.958681  -0.032371 0.052975 0.932871
49  1.209919 3.994781 -2.003048  -0.067893 0.086178 0.802666
50  -0.328905 0.095428 1.403533  -0.248767 -2.664688 1.150362
51  -8.588751 -12.281561 11.590598  1.559487 -0.000072 3.133283
52  -8.110383 -19.738087 0.179033  -1.570796 -0.000000 1.570796
53  -7.028650 0.743399 -8.093216  -0.051945 0.000000 1.570796
54  -7.342360 -14.446269 -14.351152  1.582106 0.008309 0.000073
55  -1.855343 6.848201 8.911865  0.643721 -1.614433 -2.214061
56  0.461752 7.791413 26.458838  0.643346 -1.614420 -2.213684
57  0.599219 4.162452 9.540136  -0.024899 -0.027352 -0.026683
time 19
0  0 0 0  0 0 0
1  0.000000 0.000000 0.000000  1.570796 -0.000000 0.000000
2  15.269911 -21.966835 13.863769  0.389766 0.560621 1.433894
3  0.000002 13.479279 -0.000001  0.547035 0.000000 -0.000000
4  0.000001 13.477238 0.000000  -0.580022 -0.215087 0.486765
5  -0.267269 3.664727 -1.953294  -0.096193 -0.052727 -0.400403
6  -0.000000 1.180355 0.000001  -0.033422 -0.016719 -0.440925
7  -0.000000 0.817135 -0.000000  0.007067 -0.010065 -0.256194
8  -0.249423 3.688543 -0.940890  -0.054966 -0.028860 -0.393964
9  0.000000 1.800634 0.000001  0.004228 0.003292 -0.472103
10  -0.000000 1.243406 0.000002  0.006309 0.001661 -0.328230
11  -0.244725 3.701096 0.087729  0.004244 0.003603 -0.402932
12  -0.000001 1.766583 0.000001  0.003329 -0.002780 -0.523312
13  -0.000000 1.189004 0.000001  -0.016474 -0.006468 -0.416037
14  -0.277239 3.632249 1.274100  0.052687 0.017453 -0.279974
15  0.000000 1.798492 -0.000001  0.034542 0.015473 -0.421260
16  0.000001 1.235452 -0.000001  -0.006025 0.006058 -0.203611
17  0.315442 0.857301 0.755943  2.109432 0.373269 1.533785
18  0.000000 2.265937 0.000000  -0.056797 -0.034690 -0.271734
19  0.000001 1.457813 -0.000000  -0.031121 0.045492 0.001395
20  -1.259681 3.818376 1.286943  0.052687 0.017453 -0.279974
21  -1.226390 3.891694 0.090417  0.004244 0.003603 -0.402932
22  -1.231622 3.875535 -0.958683  -0.054966 -0.028860 -0.393964
23  -1.209919 3.994782 -2.003048  -0.096194 -0.052727 -0.400403
24  0.328907 0.095429 1.403529  2.109432 0.373269 1.533784
25  -3.830422 -10.758781 27.397154  0.440718 0.040236 1.532886
26  -16.870777 -21.834059 7.086506  -1.570796 -0.000000 -1.570796
27  15.269911 -21.966835 13.863769  -0.051945 -0.000000 -1.570796
28  -7.028650 0.743399 -8.093216  0.485790 0.060404 3.113221
29  -0.000000 13.479278 -0.000000  0.999784 -0.000000 0.000000
30  -0.000000 13.477240 -0.000000  0.072944 0.015157 0.061986
31  0.267268 3.664726 -1.953292  -0.067893 0.086178 0.802666
32  0.000001 1.180355 0.000000  -0.024201 0.028477 0.843506
33  -0.000002 0.817135 -0.000001  0.010446 0.006491 0.658839
34  0.249421 3.688542 -0.940888  -0.032371 0.052975 0.932871
35  -0.000002 1.800634 -0.000001  0.000732 -0.005308 1.244337
36  -0.000001 1.243407 0.000000  0.004815 -0.004401 0.811275
37  0.244725 3.701096 0.087734  0.001305 -0.005412 1.033087
38  -0.000000 1.766585 -0.000000  0.004298 0.000584 1.084130
39  -0.000000 1.189004 -0.000001  -0.010510 0.014239 0.976837
40  0.277239 3.632249 1.274103  0.185107 -0.010184 0.144732
41  -0.000000 1.798493 0.000000  0.027685 -0.025810 0.750471
42  -0.000001 1.235452 0.000000  -0.008036 -0.002903 0.645088
43  -0.315441 0.857301 0.755945  -0.248767 -2.664688 1.150363
44  0.000000 2.265939 0.000002  -0.039010 0.053923 0.668054
45  -0.000001 1.457812 -0.000001  -0.054852 0.005358 1.066392
46  1.259680 3.818375 1.286946  0.185107 -0.010184 0.144732
47  1.226391 3.891693 0.090420  0.001305 -0.005412 1.033087
48  1.231622 3.875535 -0.958679  -0.032371 0.052975 0.932871
49  1.209918 3.994783 -2.003047  -0.067893 0.086178 0.802666
50  -0.328907 0.095430 1.403533  -0.248767 -2.664688 1.150362
51  -8.589372 -12.284320 11.592213  1.558662 -0.000070 3.133596
52  -8.110383 -19.738087 0.179033  -1.570796 -0.000000 1.570796
53  -7.028650 0.743399 -8.093216  -0.051945 0.000000 1.570796
54  -7.342360 -14.446187 -14.355877  1.582931 0.007996 0.000070
55  -1.855342 6.848201 8.911865  0.643721 -1.614433 -2.214061
56  0.461753 7.791412 26.458838  0.643346 -1.614420 -2.213684
57  0.599219 4.162452 9.540134  -0.024899 -0.027352 -0.026683
time 20
0  0 0 0  0 0 0
1  0.000000 0.000000 0.000000  1.570796 -0.000000 0.000000
2  15.269911 -21.966835 13.863769  0.389283 0.560007 1.434076
3  0.000001 13.479279 0.000001  0.547917 0.000000 -0.000000
4  -0.000002 13.477238 0.000000  -0.580369 -0.214818 0.487113
5  -0.267271 3.664726 -1.953294  -0.096194 -0.052727 -0.400403
6  -0.000002 1.180354 0.000002  -0.033422 -0.016719 -0.440925
7  -0.000000 0.817136 0.000002  0.007067 -0.010065 -0.256194
8  -0.249422 3.688541 -0.940890  -0.054966 -0.028860 -0.393964
9  0.000000 1.800633 -0.000000  0.004228 0.003292 -0.472103
10  -0.000000 1.243404 -0.000000  0.006309 0.001661 -0.328230
11  -0.244727 3.701095 0.087732  0.004244 0.003603 -0.402932
12  -0.000001 1.766585 0.000000  0.003329 -0.002780 -0.523312
13  0.000001 1.189003 0.000002  -0.016474 -0.006468 -0.416037
14  -0.277239 3.632248 1.274101  0.052687 0.017453 -0.279974
15  0.000000 1.798495 -0.000001  0.034542 0.015472 -0.421259
16  0.000000 1.235450 -0.000003  -0.006025 0.006058 -0.203611
17  0.315440 0.857298 0.755942  2.109432 0.373269 1.533784
18  0.000000 2.265937 0.000004  -0.056797 -0.034690 -0.271734
19  0.000000 1.457811 -0.000000  -0.031121 0.045492 0.001395
20  -1.259682 3.818375 1.286945  0.052687 0.017453 -0.279974
21  -1.226391 3.891692 0.090417  0.004244 0.003603 -0.402932
22  -1.231623 3.875533 -0.958681  -0.054966 -0.028860 -0.393964
23  -1.209918 3.994781 -2.003049  -0.096194 -0.052727 -0.400403
24  0.328906 0.095429 1.403532  2.109432 0.373269 1.533784
25  -3.831938 -10.772251 27.399960  0.440738 0.039442 1.533275
26  -16.870777 -21.834059 7.086506  -1.570796 -0.000000 -1.570796
27  15.269911 -21.966835 13.863769  -0.051945 -0.000000 -1.570796
28  -7.028650 0.743399 -8.093216  0.485951 0.060446 3.113238
29  -0.000000 13.479278 0.000001  0.999340 -0.000000 0.000000
30  -0.000000 13.477238 -0.000001  0.072432 0.015505 0.062060
31  0.267269 3.664726 -1.953290  -0.067893 0.086178 0.802666
32  0.000000 1.180355 0.000001  -0.024201 0.028477 0.843506
33  -0.000001 0.817136 -0.000001  0.010446 0.006491 0.658839
34  0.249423 3.688542 -0.940887  -0.032371 0.052975 0.932871
35  0.000000 1.800634 0.000000  0.000732 -0.005308 1.244337
36  0.000001 1.243404 -0.000002  0.004815 -0.004401 0.811275
37  0.244727 3.701096 0.087734  0.001305 -0.005412 1.033087
38  0.000000 1.766584 -0.000001  0.004298 0.000584 1.084130
39  -0.000001 1.189004 -0.000001  -0.010510 0.014239 0.976837
40  0.277239 3.632248 1.274104  0.185107 -0.010184 0.144732
41  0.000000 1.798494 0.000000  0.027685 -0.025810 0.750471
42  -0.000001 1.235452 0.000000  -0.008036 -0.002903 0.645088
43  -0.315441 0.857300 0.755946  -0.248767 -2.664688 1.150362
44  0.000001 2.265940 0.000000  -0.039010 0.053923 0.668054
45  0.000000 1.457810 -0.000001  -0.054852 0.005358 1.066393
46  1.259682 3.818376 1.286947  0.185107 -0.010184 0.144732
47  1.226391 3.891694 0.090421  0.001305 -0.005412 1.033087
48  1.231624 3.875535 -0.958679  -0.032371 0.052975 0.932871
49  1.209918 3.994781 -2.003047  -0.067893 0.086178 0.802666
50  -0.328906 0.095429 1.403534  -0.248767 -2.664688 1.150362
51  -8.590148 -12.287087 11.593765  1.557868 -0.000066 3.133984
52  -8.110383 -19.738087 0.179033  -1.570796 -0.000000 1.570796
53  -7.028650 0.743399 -8.093216  -0.051945 0.000000 1.570796
54  -7.342360 -14.446107 -14.360425  1.583725 0.007609 0.000066
55  -1.855343 6.848203 8.911868  0.643721 -1.614433 -2.214060
56  0.461752 7.791414 26.458836  0.643346 -1.614420 -2.213684
57  0.599218 4.162454 9.540136  -0.024899 -0.027352 -0.026683
time 21
0  0 0 0  0 0 0
1  0.000000 0.000000 0.000000  1.570796 -0.000000 0.000000
2  15.269911 -21.966835 13.863769  0.388869 0.559433 1.434246
3  0.000003 13.479280 -0.000000  0.548656 0.000000 -0.000000
4  -0.000001 13.477236 -0.000001  -0.580664 -0.214517 0.487489
5  -0.267269 3.664726 -1.953294  -0.096193 -0.052727 -0.400403
6  0.000000 1.180354 -0.000002  -0.033422 -0.016719 -0.440925
7  0.000000 0.817137 -0.000001  0.007067 -0.010065 -0.256194
8  -0.249423 3.688542 -0.940890  -0.054966 -0.028860 -0.393964
9  0.000001 1.800633 -0.000001  0.004228 0.003292 -0.472103
10  0.000000 1.243405 0.000001  0.006309 0.001661 -0.328230
11  -0.244728 3.701095 0.087731  0.004244 0.003603 -0.402932
12  0.000003 1.766582 -0.000002  0.003329 -0.002780 -0.523312
13  0.000001 1.189002 -0.000000  -0.016474 -0.006468 -0.416037
14  -0.277240 3.632247 1.274100  0.052687 0.017453 -0.279974
15  0.000000 1.798494 -0.000003  0.034542 0.015473 -0.421259
16  0.000001 1.235453 -0.000000  -0.006025 0.006058 -0.203611
17  0.315441 0.857299 0.755940  2.109433 0.373269 1.533784
18  -0.000000 2.265941 -0.000002  -0.056797 -0.034690 -0.271734
19  0.000000 1.457810 0.000001  -0.031121 0.045492 0.001395
20  -1.259681 3.818375 1.286945  0.052687 0.017453 -0.279974
21  -1.226392 3.891693 0.090416  0.004244 0.003603 -0.402931
22  -1.231623 3.875534 -0.958680  -0.054966 -0.028860 -0.393964
23  -1.209920 3.994782 -2.003049  -0.096194 -0.052727 -0.400403
24  0.328906 0.095428 1.403531  2.109432 0.373269 1.533784
25  -3.833692 -10.784760 27.402626  0.440757 0.038687 1.533731
26  -16.870777 -21.834059 7.086506  -1.570796 -0.000000 -1.570796
27  15.269911 -21.966835 13.863769  -0.051945 -0.000000 -1.570796
28  -7.028650 0.743399 -8.093216  0.486107 0.060498 3.113259
29  -0.000000 13.479277 0.000001  0.998907 -0.000000 0.000000
30  0.000001 13.477239 -0.000001  0.071953 0.015917 0.062149
31  0.267270 3.664726 -1.953293  -0.067893 0.086178 0.802666
32  -0.000000 1.180352 -0.000001  -0.024201 0.028477 0.843506
33  -0.000000 0.817135 0.000001  0.010446 0.006491 0.658839
34  0.249423 3.688541 -0.940889  -0.032371 0.052975 0.932871
35  -0.000001 1.800634 -0.000001  0.000732 -0.005308 1.244336
36  0.000000 1.243407 -0.000000  0.004815 -0.004401 0.811274
37  0.244727 3.701096 0.087734  0.001305 -0.005412 1.033087
38  0.000002 1.766585 -0.000000  0.004298 0.000584 1.084130
39  0.000000 1.189003 -0.000000  -0.010510 0.014239 0.976837
40  0.277240 3.632246 1.274104  0.185107 -0.010184 0.144732
41  0.000000 1.798496 0.000001  0.027685 -0.025810 0.750471
42  0.000002 1.235452 0.000001  -0.008036 -0.002903 0.645088
43  -0.315442 0.857299 0.755945  -0.248767 -2.664688 1.150363
44  -0.000002 2.265938 0.000002  -0.039010 0.053923 0.668054
45  0.000002 1.457811 0.000000  -0.054852 0.005358 1.066393
46  1.259681 3.818373 1.286946  0.185107 -0.010184 0.144732
47  1.226390 3.891692 0.090420  0.001305 -0.005412 1.033087
48  1.231623 3.875533 -0.958679  -0.032371 0.052975 0.932871
49  1.209918 3.994781 -2.003047  -0.067893 0.086178 0.802666
50  -0.328906 0.095427 1.403533  -0.248767 -2.664688 1.150362
51  -8.591064 -12.289826 11.595244  1.557113 -0.000062 3.134439
52  -8.110383 -19.738087 0.179033  -1.570796 -0.000000 1.570796
53  -7.028650 0.743399 -8.093216  -0.051945 0.000000 1.570796
54  -7.342360 -14.446032 -14.364750  1.584480 0.007154 0.000062
55  -1.855342 6.848202 8.911865  0.643721 -1.614433 -2.214061
56  0.461753 7.791414 26.458836  0.643346 -1.614420 -2.213684
57  0.599220 4.162452 9.540136  -0.024899 -0.027352 -0.026683
time 22
0  0 0 0  0 0 0
1  0.000000 0.000000 0.000000  1.570796 -0.000000 0.000000
2  15.269911 -21.966835 13.863769  0.388524 0.558904 1.434402
3  0.000004 13.479280 0.000000  0.549247 -0.000000 -0.000000
4  0.000001 13.477239 -0.000000  -0.580906 -0.214188 0.487890
5  -0.267270 3.664727 -1.953295  -0.096194 -0.052727 -0.400403
6  0.000000 1.180356 -0.000000  -0.033422 -0.016719 -0.440925
7  -0.000001 0.817136 -0.000002  0.007067 -0.010065 -0.256194
8  -0.249423 3.688542 -0.940891  -0.054966 -0.028860 -0.393964
9  -0.000002 1.800633 -0.000000  0.004228 0.003292 -0.472103
10  -0.000002 1.243407 0.000001  0.006309 0.001661 -0.328230
11  -0.244726 3.701096 0.087731  0.004244 0.003603 -0.402932
12  0.000000 1.766585 -0.000002  0.003329 -0.002780 -0.523312
13  0.000000 1.189003 -0.000001  -0.016474 -0.006468 -0.416038
14  -0.277240 3.632249 1.274101  0.052687 0.017453 -0.279974
15  0.000000 1.798496 -0.000001  0.034542 0.015473 -0.421260
16  0.000001 1.235451 0.000001  -0.006025 0.006058 -0.203611
17  0.315440 0.857301 0.755942  2.109432 0.373269 1.533784
18  0.000000 2.265942 0.000001  -0.056797 -0.034690 -0.271734
19  0.000000 1.457813 0.000000  -0.031121 0.045492 0.001395
20  -1.259681 3.818376 1.286945  0.052687 0.017453 -0.279974
21  -1.226390 3.891694 0.090418  0.004244 0.003603 -0.402932
22  -1.231623 3.875535 -0.958682  -0.054966 -0.028860 -0.393964
23  -1.209920 3.994783 -2.003047  -0.096194 -0.052727 -0.400403
24  0.328906 0.095430 1.403531  2.109432 0.373269 1.533784
25  -3.835660 -10.796189 27.405123  0.440773 0.037979 1.534247
26  -16.870777 -21.834059 7.086506  -1.570796 -0.000000 -1.570796
27  15.269911 -21.966835 13.863769  -0.051945 -0.000000 -1.570796
28  -7.028650 0.743399 -8.093216  0.486256 0.060559 3.113284
29  0.000000 13.479275 -0.000000  0.998489 -0.000000 0.000000
30  -0.000001 13.477238 0.000000  0.071514 0.016385 0.062252
31  0.267267 3.664725 -1.953293  -0.067893 0.086178 0.802666
32  0.000001 1.180355 -0.000000  -0.024201 0.028477 0.843506
33  -0.000002 0.817136 -0.000002  0.010446 0.006491 0.658838
34  0.249421 3.688540 -0.940888  -0.032371 0.052975 0.932871
35  -0.000002 1.800632 0.000000  0.000732 -0.005308 1.244337
36  -0.000002 1.243407 0.000000  0.004815 -0.004401 0.811274
37  0.244724 3.701095 0.087734  0.001305 -0.005412 1.033087
38  -0.000002 1.766585 -0.000000  0.004298 0.000584 1.084130
39  0.000001 1.189004 0.000002  -0.010510 0.014239 0.976837
40  0.277238 3.632247 1.274103  0.185107 -0.010184 0.144732
41  -0.000001 1.798494 0.000002  0.027685 -0.025810 0.750471
42  -0.000001 1.235450 0.000000  -0.008036 -0.002903 0.645088
43  -0.315444 0.857299 0.755944  -0.248767 -2.664688 1.150362
44  -0.000002 2.265940 -0.000000  -0.039010 0.053923 0.668054
45  -0.000000 1.457811 0.000000  -0.054852 0.005358 1.066393
46  1.259680 3.818373 1.286946  0.185107 -0.010184 0.144732
47  1.226390 3.891692 0.090420  0.001305 -0.005412 1.033087
48  1.231621 3.875532 -0.958681  -0.032371 0.052975 0.932871
49  1.209918 3.994780 -2.003047  -0.067893 0.086178 0.802666
50  -0.328908 0.095428 1.403533  -0.248767 -2.664688 1.150362
51  -8.592108 -12.292510 11.596632  1.556405 -0.000058 3.134955
52  -8.110383 -19.738087 0.179033  -1.570796 -0.000000 1.570796
53  -7.028650 0.743399 -8.093216  -0.051945 0.000000 1.570796
54  -7.342360 -14.445961 -14.368809  1.585188 0.006638 0.000058
55  -1.855343 6.848201 8.911866  0.643721 -1.614433 -2.214061
56  0.461753 7.791413 26.458832  0.643346 -1.614420 -2.213684
57  0.599219 4.162451 9.540135  -0.024899 -0.027352 -0.026683
time 23
0  0 0 0  0 0 0
1  0.000000 0.000000 0.000000  1.570796 -0.000000 0.000000
2  15.269911 -21.966835 13.863769  0.388253 0.558428 1.434543
3  0.000003 13.479278 0.000000  0.549686 0.000000 -0.000000
4  -0.000002 13.477240 0.000001  -0.581095 -0.213835 0.488309
5  -0.267269 3.664726 -1.953292  -0.096194 -0.052727 -0.400403
6  0.000001 1.180354 -0.000002  -0.033422 -0.016719 -0.440925
7  0.000001 0.817136 -0.000003  0.007067 -0.010065 -0.256194
8  -0.249421 3.688540 -0.940891  -0.054966 -0.028860 -0.393964
9  0.000001 1.800633 -0.000002  0.004228 0.003292 -0.472103
10  -0.000002 1.243406 -0.000003  0.006309 0.001661 -0.328230
11  -0.244725 3.701095 0.087735  0.004244 0.003603 -0.402932
12  0.000000 1.766584 0.000002  0.003329 -0.002780 -0.523312
13  0.000000 1.189003 -0.000000  -0.016474 -0.006468 -0.416037
14  -0.277239 3.632247 1.274103  0.052687 0.017453 -0.279974
15  0.000000 1.798495 -0.000002  0.034542 0.015473 -0.421259
16  0.000000 1.235449 -0.000001  -0.006025 0.006058 -0.203611
17  0.315443 0.857299 0.755945  2.109432 0.373269 1.533784
18  0.000001 2.265940 -0.000001  -0.056797 -0.034690 -0.271734
19  -0.000001 1.457811 -0.000000  -0.031121 0.045492 0.001395
20  -1.259680 3.818373 1.286945  0.052687 0.017453 -0.279974
21  -1.226389 3.891692 0.090419  0.004244 0.003603 -0.402932
22  -1.231622 3.875534 -0.958679  -0.054966 -0.028860 -0.393964
23  -1.209918 3.994781 -2.003047  -0.096194 -0.052727 -0.400403
24  0.328907 0.095428 1.403533  2.109432 0.373269 1.533784
25  -3.837813 -10.806418 27.407419  0.440788 0.037325 1.534818
26  -16.870777 -21.834059 7.086506  -1.570796 -0.000000 -1.570796
27  15.269911 -21.966835 13.863769  -0.051945 -0.000000 -1.570796
28  -7.028650 0.743399 -8.093216  0.486396 0.060628 3.113312
29  0.000000 13.479278 0.000000  0.998090 -0.000000 0.000000
30  0.000000 13.477240 0.000000  0.071119 0.016903 0.062367
31  0.267269 3.664726 -1.953291  -0.067893 0.086178 0.802666
32  0.000001 1.180357 0.000000  -0.024201 0.028477 0.843506
33  -0.000001 0.817136 0.000001  0.010446 0.006491 0.658839
34  0.249422 3.688542 -0.940888  -0.032371 0.052975 0.932871
35  0.000001 1.800633 0.000001  0.000732 -0.005308 1.244337
36  0.000001 1.243406 -0.000000  0.004815 -0.004401 0.811274
37  0.244726 3.701097 0.087735  0.001305 -0.005412 1.033087
38  0.000000 1.766584 0.000001  0.004298 0.000584 1.084130
39  -0.000001 1.189002 0.000001  -0.010510 0.014239 0.976837
40  0.277239 3.632249 1.274103  0.185107 -0.010184 0.144732
41  0.000001 1.798494 -0.000001  0.027685 -0.025810 0.750471
42  -0.000001 1.235450 0.000001  -0.008036 -0.002903 0.645088
43  -0.315442 0.857301 0.755944  -0.248767 -2.664688 1.150363
44  0.000000 2.265939 -0.000001  -0.039010 0.053923 0.668054
45  0.000000 1.457810 -0.000001  -0.054852 0.005358 1.066393
46  1.259680 3.818375 1.286947  0.185107 -0.010184 0.144732
47  1.226390 3.891693 0.090419  0.001305 -0.005412 1.033087
48  1.231622 3.875535 -0.958679  -0.032371 0.052975 0.932871
49  1.209918 3.994782 -2.003047  -0.067893 0.086178 0.802666
50  -0.328907 0.095428 1.403534  -0.248767 -2.664688 1.150362
51  -8.593266 -12.295108 11.597914  1.555750 -0.000053 3.135525
52  -8.110383 -19.738087 0.179033  -1.570796 -0.000000 1.570796
53  -7.028650 0.743399 -8.093216  -0.051945 0.000000 1.570796
54  -7.342360 -14.445895 -14.372557  1.585842 0.006068 0.000053
55  -1.855344 6.848201 8.911865  0.643721 -1.614433 -2.214061
56  0.461752 7.791414 26.458836  0.643346 -1.614420 -2.213684
57  0.599218 4.162451 9.540135  -0.024899 -0.027352 -0.026683
time 24
0  0 0 0  0 0 0
1  0.000000 0.000000 0.000000  1.570796 -0.000000 0.000000
2  15.269911 -21.966835 13.863769  0.388059 0.558008 1.434668
3  0.000005 13.479278 -0.000000  0.549968 -0.000000 -0.000000
4  -0.000002 13.477240 0.000000  -0.581226 -0.213463 0.488742
5  -0.267269 3.664726 -1.953296  -0.096194 -0.052727 -0.400403
6  -0.000000 1.180355 -0.000000  -0.033422 -0.016719 -0.440925
7  0.000000 0.817135 0.000001  0.007067 -0.010065 -0.256194
8  -0.249422 3.688540 -0.940893  -0.054966 -0.028860 -0.393964
9  0.000001 1.800633 0.000000  0.004228 0.003292 -0.472103
10  0.000000 1.243405 -0.000001  0.006309 0.001661 -0.328230
11  -0.244726 3.701094 0.087729  0.004244 0.003603 -0.402932
12  0.000000 1.766585 0.000001  0.003329 -0.002780 -0.523312
13  0.000001 1.189005 -0.000003  -0.016474 -0.006468 -0.416037
14  -0.277240 3.632247 1.274100  0.052687 0.017453 -0.279974
15  0.000000 1.798494 0.000004  0.034542 0.015473 -0.421260
16  -0.000000 1.235452 0.000002  -0.006025 0.006058 -0.203611
17  0.315441 0.857299 0.755940  2.109433 0.373269 1.533785
18  0.000000 2.265939 0.000003  -0.056797 -0.034690 -0.271734
19  -0.000001 1.457811 -0.000000  -0.031121 0.045492 0.001395
20  -1.259681 3.818374 1.286944  0.052687 0.017453 -0.279974
21  -1.226391 3.891692 0.090418  0.004244 0.003603 -0.402931
22  -1.231624 3.875534 -0.958682  -0.054966 -0.028860 -0.393964
23  -1.209919 3.994781 -2.003050  -0.096194 -0.052727 -0.400403
24  0.328906 0.095429 1.403531  2.109432 0.373269 1.533784
25  -3.840127 -10.815321 27.409504  0.440800 0.036733 1.535435
26  -16.870777 -21.834059 7.086506  -1.570796 -0.000000 -1.570796
27  15.269911 -21.966835 13.863769  -0.051945 -0.000000 -1.570796
28  -7.028650 0.743399 -8.093216  0.486524 0.060705 3.113343
29  -0.000000 13.479277 -0.000001  0.997717 -0.000000 0.000000
30  0.000000 13.477240 -0.000000  0.070771 0.017465 0.062493
31  0.267271 3.664727 -1.953292  -0.067893 0.086178 0.802666
32  0.000001 1.180354 0.000000  -0.024201 0.028477 0.843506
33  -0.000001 0.817135 0.000001  0.010446 0.006491 0.658839
34  0.249423 3.688542 -0.940889  -0.032371 0.052975 0.932871
35  -0.000000 1.800633 -0.000001  0.000732 -0.005308 1.244336
36  0.000000 1.243408 0.000001  0.004815 -0.004401 0.811274
37  0.244727 3.701097 0.087734  0.001305 -0.005412 1.033087
38  0.000000 1.766584 0.000001  0.004298 0.000584 1.084130
39  -0.000000 1.189003 -0.000000  -0.010510 0.014239 0.976837
40  0.277240 3.632248 1.274102  0.185107 -0.010184 0.144732
41  -0.000001 1.798494 -0.000001  0.027685 -0.025810 0.750471
42  0.000001 1.235451 -0.000000  -0.008036 -0.002903 0.645088
43  -0.315440 0.857300 0.755944  -0.248767 -2.664688 1.150362
44  0.000001 2.265940 0.000000  -0.039010 0.053923 0.668054
45  0.000001 1.457810 0.000000  -0.054852 0.005358 1.066393
46  1.259682 3.818375 1.286946  0.185107 -0.010184 0.144732
47  1.226391 3.891694 0.090419  0.001305 -0.005412 1.033087
48  1.231624 3.875535 -0.958680  -0.032371 0.052975 0.932871
49  1.209920 3.994782 -2.003047  -0.067893 0.086178 0.802666
50  -0.328905 0.095429 1.403533  -0.248767 -2.664688 1.150362
51  -8.594523 -12.297585 11.599073  1.555158 -0.000047 3.136142
52  -8.110383 -19.738087 0.179033  -1.570796 -0.000000 1.570796
53  -7.028650 0.743399 -8.093216  -0.051945 0.000000 1.570796
54  -7.342360 -14.445836 -14.375948  1.586435 0.005450 0.000048
55  -1.855343 6.848201 8.911864  0.643721 -1.614433 -2.214061
56  0.461753 7.791413 26.458834  0.643346 -1.614420 -2.213684
57  0.599219 4.162452 9.540134  -0.024899 -0.027352 -0.026683
time 25
0  0 0 0  0 0 0
1  0.000000 0.000000 0.000000  1.570796 -0.000000 0.000000
2  15.269911 -21.966835 13.863769  0.387944 0.557651 1.434773
3  -0.000000 13.479278 0.000002  0.550088 0.000000 -0.000000
4  0.000003 13.477239 0.000001  -0.581299 -0.213075 0.489185
5  -0.267270 3.664727 -1.953291  -0.096194 -0.052727 -0.400403
6  -0.000001 1.180355 0.000002  -0.033422 -0.016719 -0.440925
7  -0.000000 0.817134 -0.000002  0.007067 -0.010065 -0.256194
8  -0.249422 3.688542 -0.940889  -0.054966 -0.028860 -0.393964
9  0.000001 1.800634 0.000000  0.004228 0.003292 -0.472103
10  0.000000 1.243405 0.000002  0.006309 0.001661 -0.328230
11  -0.244727 3.701095 0.087734  0.004244 0.003603 -0.402932
12  -0.000002 1.766585 -0.000001  0.003329 -0.002780 -0.523312
13  0.000000 1.189005 0.000005  -0.016474 -0.006468 -0.416037
14  -0.277240 3.632248 1.274103  0.052687 0.017453 -0.279974
15  0.000001 1.798494 0.000002  0.034542 0.015473 -0.421260
16  0.000001 1.235452 -0.000002  -0.006025 0.006058 -0.203611
17  0.315442 0.857300 0.755944  2.109432 0.373269 1.533785
18  0.000000 2.265939 -0.000001  -0.056797 -0.034690 -0.271734
19  0.000000 1.457809 -0.000002  -0.031121 0.045492 0.001395
20  -1.259681 3.818375 1.286945  0.052687 0.017453 -0.279974
21  -1.226390 3.891693 0.090420  0.004244 0.003603 -0.402932
22  -1.231624 3.875533 -0.958681  -0.054966 -0.028860 -0.393964
23  -1.209919 3.994781 -2.003047  -0.096194 -0.052727 -0.400403
24  0.328906 0.095428 1.403532  2.109432 0.373269 1.533784
25  -3.842576 -10.822783 27.411339  0.440810 0.036211 1.536094
26  -16.870777 -21.834059 7.086506  -1.570796 -0.000000 -1.570796
27  15.269911 -21.966835 13.863769  -0.051945 -0.000000 -1.570796
28  -7.028650 0.743399 -8.093216  0.486641 0.060789 3.113377
29  0.000001 13.479277 -0.000000  0.997372 -0.000000 0.000000
30  0.000000 13.477238 -0.000002  0.070477 0.018066 0.062629
31  0.267270 3.664726 -1.953293  -0.067893 0.086178 0.802666
32  0.000002 1.180354 0.000002  -0.024201 0.028477 0.843506
33  -0.000001 0.817135 0.000002  0.010446 0.006491 0.658839
34  0.249422 3.688541 -0.940889  -0.032371 0.052975 0.932871
35  0.000002 1.800634 0.000000  0.000732 -0.005308 1.244337
36  -0.000001 1.243405 0.000000  0.004815 -0.004401 0.811274
37  0.244726 3.701095 0.087733  0.001305 -0.005412 1.033087
38  -0.000000 1.766585 0.000000  0.004298 0.000584 1.084130
39  0.000001 1.189003 -0.000001  -0.010510 0.014239 0.976837
40  0.277238 3.632247 1.274102  0.185107 -0.010184 0.144732
41  0.000001 1.798495 0.000000  0.027685 -0.025810 0.750471
42  -0.000001 1.235452 -0.000001  -0.008036 -0.002903 0.645088
43  -0.315442 0.857299 0.755943  -0.248767 -2.664688 1.150362
44  -0.000000 2.265941 0.000002  -0.039010 0.053923 0.668054
45  0.000000 1.457812 0.000000  -0.054852 0.005358 1.066393
46  1.259680 3.818375 1.286945  0.185107 -0.010184 0.144732
47  1.226390 3.891692 0.090419  0.001305 -0.005412 1.033087
48  1.231623 3.875533 -0.958680  -0.032371 0.052975 0.932871
49  1.209919 3.994782 -2.003048  -0.067893 0.086178 0.802666
50  -0.328906 0.095428 1.403532  -0.248767 -2.664688 1.150362
51  -8.595868 -12.299914 11.600098  1.554636 -0.000042 3.136800
52  -8.110383 -19.738087 0.179033  -1.570796 -0.000000 1.570796
53  -7.028650 0.743399 -8.093216  -0.051945 0.000000 1.570796
54  -7.342360 -14.445785 -14.378941  1.586957 0.004792 0.000042
55  -1.855344 6.848201 8.911867  0.643721 -1.614433 -2.214061
56  0.461752 7.791414 26.458834  0.643346 -1.614420 -2.213684
57  0.599218 4.162451 9.540135  -0.024899 -0.027352 -0.026683
time 26
0  0 0 0  0 0 0
1  0.000000 0.000000 0.000000  1.570796 -0.000000 0.000000
2  15.269911 -21.966835 13.863769  0.387913 0.557363 1.434858
3  0.000002 13.479279 -0.000000  0.550041 0.000000 -0.000000
4  -0.000001 13.477238 -0.000001  -0.581310 -0.212677 0.489632
5  -0.267269 3.664725 -1.953292  -0.096194 -0.052727 -0.400403
6  0.000000 1.180356 0.000000  -0.033422 -0.016719 -0.440925
7  0.000001 0.817136 0.000001  0.007067 -0.010065 -0.256194
8  -0.249423 3.688540 -0.940890  -0.054966 -0.028860 -0.393964
9  0.000001 1.800632 0.000003  0.004228 0.003292 -0.472103
10  0.000002 1.243403 -0.000000  0.006309 0.001661 -0.328230
11  -0.244726 3.701094 0.087734  0.004244 0.003603 -0.402932
12  -0.000001 1.766585 0.000002  0.003329 -0.002780 -0.523312
13  0.000000 1.189002 0.000002  -0.016474 -0.006468 -0.416037
14  -0.277239 3.632247 1.274103  0.052687 0.017453 -0.279974
15  0.000001 1.798493 0.000003  0.034542 0.015473 -0.421259
16  -0.000001 1.235452 0.000000  -0.006025 0.006058 -0.203611
17  0.315441 0.857299 0.755945  2.109433 0.373269 1.533784
18  0.000000 2.265940 -0.000002  -0.056797 -0.034690 -0.271734
19  0.000000 1.457808 -0.000000  -0.031121 0.045492 0.001395
20  -1.259681 3.818374 1.286947  0.052687 0.017453 -0.279974
21  -1.226390 3.891692 0.090418  0.004244 0.003603 -0.402932
22  -1.231623 3.875533 -0.958678  -0.054966 -0.028860 -0.393964
23  -1.209918 3.994781 -2.003047  -0.096194 -0.052727 -0.400403
24  0.328906 0.095428 1.403534  2.109432 0.373269 1.533784
25  -3.845138 -10.828677 27.412905  0.440817 0.035766 1.536786
26  -16.870777 -21.834059 7.086506  -1.570796 -0.000000 -1.570796
27  15.269911 -21.966835 13.863769  -0.051945 -0.000000 -1.570796
28  -7.028650 0.743399 -8.093216  0.486743 0.060879 3.113414
29  0.000000 13.479278 0.000000  0.997062 -0.000000 0.000000
30  -0.000001 13.477239 0.000001  0.070240 0.018699 0.062773
31  0.267270 3.664726 -1.953291  -0.067893 0.086178 0.802666
32  -0.000001 1.180355 -0.000000  -0.024201 0.028477 0.843506
33  0.000001 0.817135 0.000002  0.010446 0.006491 0.658839
34  0.249423 3.688541 -0.940889  -0.032371 0.052975 0.932871
35  -0.000001 1.800633 0.000001  0.000732 -0.005308 1.244337
36  0.000000 1.243406 -0.000002  0.004815 -0.004401 0.811275
37  0.244726 3.701096 0.087734  0.001305 -0.005412 1.033087
38  -0.000001 1.766585 0.000002  0.004298 0.000584 1.084130
39  -0.000000 1.189004 -0.000001  -0.010510 0.014239 0.976837
40  0.277240 3.632247 1.274103  0.185107 -0.010184 0.144732
41  0.000000 1.798494 0.000000  0.027685 -0.025810 0.750471
42  0.000002 1.235451 0.000001  -0.008036 -0.002903 0.645088
43  -0.315441 0.857299 0.755944  -0.248767 -2.664688 1.150362
44  0.000001 2.265939 0.000000  -0.039010 0.053923 0.668054
45  -0.000000 1.457812 -0.000000  -0.054852 0.005358 1.066393
46  1.259681 3.818374 1.286946  0.185107 -0.010184 0.144732
47  1.226390 3.891692 0.090420  0.001305 -0.005412 1.033087
48  1.231623 3.875534 -0.958680  -0.032371 0.052975 0.932871
49  1.209919 3.994781 -2.003047  -0.067893 0.086178 0.802666
50  -0.328907 0.095429 1.403532  -0.248767 -2.664688 1.150362
51  -8.597283 -12.302064 11.600967  1.554191 -0.000036 3.137492
52  -8.110383 -19.738087 0.179033  -1.570796 -0.000000 1.570796
53  -7.028650 0.743399 -8.093216  -0.051945 0.000000 1.570796
54  -7.342360 -14.445740 -14.381489  1.587402 0.004101 0.000036
55  -1.855344 6.848201 8.911867  0.643721 -1.614433 -2.214060
56  0.461752 7.791413 26.458834  0.643346 -1.614420 -2.213684
57  0.599219 4.162451 9.540134  -0.024899 -0.027352 -0.026683
time 27
0  0 0 0  0 0 0
1  0.000000 0.000000 0.000000  1.570796 -0.000000 0.000000
2  15.269911 -21.966835 13.863769  0.387967 0.557149 1.434921
3  0.000002 13.479279 -0.000001  0.549821 0.000000 -0.000000
4  -0.000002 13.477238 0.000001  -0.581259 -0.212271 0.490079
5  -0.267271 3.664726 -1.953295  -0.096193 -0.052727 -0.400403
6  0.000001 1.180356 -0.000000  -0.033422 -0.016719 -0.440925
7  0.000000 0.817136 0.000002  0.007067 -0.010065 -0.256194
8  -0.249424 3.688542 -0.940889  -0.054966 -0.028860 -0.393964
9  -0.000001 1.800634 0.000001  0.004228 0.003292 -0.472103
10  0.000001 1.243406 -0.000002  0.006309 0.001661 -0.328230
11  -0.244727 3.701097 0.087732  0.004244 0.003603 -0.402932
12  -0.000000 1.766585 0.000001  0.003329 -0.002780 -0.523312
13  -0.000001 1.189003 -0.000000  -0.016474 -0.006468 -0.416037
14  -0.277241 3.632249 1.274101  0.052687 0.017453 -0.279974
15  -0.000000 1.798494 0.000001  0.034542 0.015473 -0.421260
16  -0.000000 1.235450 -0.000002  -0.006025 0.006058 -0.203611
17  0.315439 0.857301 0.755942  2.109433 0.373269 1.533785
18  0.000000 2.265940 -0.000001  -0.056797 -0.034690 -0.271734
19  0.000000 1.457814 0.000003  -0.031121 0.045492 0.001395
20  -1.259682 3.818376 1.286945  0.052687 0.017453 -0.279974
21  -1.226392 3.891695 0.090418  0.004244 0.003603 -0.402932
22  -1.231624 3.875535 -0.958680  -0.054966 -0.028860 -0.393964
23  -1.209921 3.994782 -2.003048  -0.096194 -0.052727 -0.400403
24  0.328905 0.095429 1.403530  2.109432 0.373269 1.533784
25  -3.847790 -10.832884 27.414167  0.440822 0.035407 1.537505
26  -16.870777 -21.834059 7.086506  -1.570796 -0.000000 -1.570796
27  15.269911 -21.966835 13.863769  -0.051945 -0.000000 -1.570796
28  -7.028650 0.743399 -8.093216  0.486830 0.060974 3.113452
29  0.000000 13.479277 0.000001  0.996791 -0.000000 0.000000
30  -0.000000 13.477239 0.000001  0.070065 0.019357 0.062924
31  0.267269 3.664727 -1.953292  -0.067893 0.086178 0.802666
32  0.000000 1.180355 0.000000  -0.024201 0.028477 0.843506
33  -0.000001 0.817134 0.000000  0.010446 0.006491 0.658839
34  0.249422 3.688543 -0.940888  -0.032371 0.052975 0.932871
35  0.000000 1.800632 -0.000000  0.000732 -0.005308 1.244337
36  -0.000002 1.243407 -0.000000  0.004815 -0.004401 0.811275
37  0.244726 3.701097 0.087733  0.001305 -0.005412 1.033087
38  0.000000 1.766584 0.000000  0.004298 0.000584 1.084130
39  -0.000003 1.189004 0.000000  -0.010510 0.014239 0.976837
40  0.277239 3.632248 1.274102  0.185107 -0.010184 0.144732
41  -0.000001 1.798494 0.000000  0.027685 -0.025810 0.750471
42  -0.000002 1.235452 0.000002  -0.008036 -0.002903 0.645088
43  -0.315443 0.857302 0.755944  -0.248767 -2.664688 1.150362
44  0.000000 2.265939 -0.000000  -0.039010 0.053923 0.668054
45  0.000000 1.457811 0.000000  -0.054852 0.005358 1.066392
46  1.259679 3.818376 1.286945  0.185107 -0.010184 0.144732
47  1.226389 3.891694 0.090419  0.001305 -0.005412 1.033087
48  1.231622 3.875535 -0.958680  -0.032371 0.052975 0.932871
49  1.209917 3.994782 -2.003048  -0.067893 0.086178 0.802666
50  -0.328907 0.095429 1.403532  -0.248767 -2.664688 1.150362
51  -8.598757 -12.304004 11.601669  1.553832 -0.000029 3.138211
52  -8.110383 -19.738087 0.179033  -1.570796 -0.000000 1.570796
53  -7.028650 0.743399 -8.093216  -0.051945 0.000000 1.570796
54  -7.342360 -14.445704 -14.383547  1.587761 0.003382 0.000030
55  -1.855344 6.848201 8.911866  0.643721 -1.614433 -2.214061
56  0.461752 7.791413 26.458832  0.643346 -1.614420 -2.213684
57  0.599219 4.162452 9.540135  -0.024899 -0.027352 -0.026683
time 28
0  0 0 0  0 0 0
1  0.000000 0.000000 0.000000  1.570796 -0.000000 0.000000
2  15.269911 -21.966835 13.863769  0.388111 0.557015 1.434961
3  0.000003 13.479278 0.000002  0.549422 0.000000 -0.000000
4  0.000000 13.477240 -0.000000  -0.581142 -0.211863 0.490520
5  -0.267267 3.664727 -1.953293  -0.096194 -0.052727 -0.400403
6  0.000001 1.180356 -0.000001  -0.033423 -0.016719 -0.440925
7  0.000000 0.817137 0.000001  0.007067 -0.010065 -0.256194
8  -0.249422 3.688542 -0.940887  -0.054966 -0.028860 -0.393964
9  0.000000 1.800633 -0.000001  0.004228 0.003292 -0.472103
10  0.000002 1.243404 0.000001  0.006309 0.001661 -0.328230
11  -0.244725 3.701097 0.087733  0.004244 0.003603 -0.402932
12  0.000000 1.766584 -0.000001  0.003329 -0.002780 -0.523312
13  0.000000 1.189004 0.000001  -0.016474 -0.006468 -0.416037
14  -0.277238 3.632250 1.274104  0.052687 0.017453 -0.279974
15  0.000003 1.798494 -0.000000  0.034542 0.015473 -0.421259
16  -0.000000 1.235451 -0.000001  -0.006025 0.006058 -0.203611
17  0.315442 0.857301 0.755945  2.109432 0.373269 1.533784
18  0.000001 2.265941 0.000002  -0.056797 -0.034690 -0.271734
19  0.000001 1.457810 0.000000  -0.031121 0.045492 0.001395
20  -1.259680 3.818376 1.286948  0.052687 0.017453 -0.279974
21  -1.226389 3.891693 0.090418  0.004244 0.003603 -0.402932
22  -1.231622 3.875535 -0.958679  -0.054966 -0.028860 -0.393964
23  -1.209919 3.994783 -2.003049  -0.096194 -0.052727 -0.400403
24  0.328907 0.095429 1.403533  2.109432 0.373269 1.533784
25  -3.850508 -10.835279 27.415113  0.440823 0.035140 1.538244
26  -16.870777 -21.834059 7.086506  -1.570796 -0.000000 -1.570796
27  15.269911 -21.966835 13.863769  -0.051945 -0.000000 -1.570796
28  -7.028650 0.743399 -8.093216  0.486899 0.061074 3.113492
29  0.000000 13.479276 0.000001  0.996563 -0.000000 0.000000
30  0.000001 13.477238 0.000000  0.069958 0.020035 0.063081
31  0.267270 3.664726 -1.953292  -0.067893 0.086178 0.802666
32  -0.000001 1.180352 0.000002  -0.024201 0.028477 0.843506
33  -0.000001 0.817136 0.000001  0.010446 0.006491 0.658839
34  0.249423 3.688541 -0.940888  -0.032371 0.052975 0.932871
35  0.000000 1.800634 0.000000  0.000732 -0.005308 1.244337
36  -0.000000 1.243408 -0.000001  0.004815 -0.004401 0.811274
37  0.244727 3.701095 0.087733  0.001305 -0.005412 1.033087
38  -0.000001 1.766583 -0.000001  0.004298 0.000584 1.084130
39  0.000000 1.189004 0.000001  -0.010510 0.014239 0.976837
40  0.277240 3.632248 1.274103  0.185107 -0.010184 0.144732
41  -0.000001 1.798495 -0.000002  0.027685 -0.025810 0.750471
42  -0.000001 1.235452 -0.000000  -0.008036 -0.002903 0.645088
43  -0.315441 0.857301 0.755943  -0.248767 -2.664688 1.150362
44  0.000001 2.265939 0.000000  -0.039010 0.053923 0.668054
45  0.000000 1.457811 0.000000  -0.054852 0.005358 1.066393
46  1.259682 3.818374 1.286945  0.185107 -0.010184 0.144732
47  1.226391 3.891694 0.090419  0.001305 -0.005412 1.033087
48  1.231624 3.875535 -0.958680  -0.032371 0.052975 0.932871
49  1.209920 3.994782 -2.003048  -0.067893 0.086178 0.802666
50  -0.328905 0.095428 1.403532  -0.248767 -2.664688 1.150362
51  -8.600272 -12.305703 11.602187  1.553565 -0.000023 3.138950
52  -8.110383 -19.738087 0.179033  -1.570796 -0.000000 1.570796
53  -7.028650 0.743399 -8.093216  -0.051945 0.000000 1.570796
54  -7.342360 -14.445677 -14.385073  1.588027 0.002643 0.000023
55  -1.855344 6.848201 8.911865  0.643721 -1.614433 -2.214061
56  0.461753 7.791413 26.458836  0.643346 -1.614420 -2.213684
57  0.599219 4.162452 9.540135  -0.024899 -0.027352 -0.026683
time 29
0  0 0 0  0 0 0
1  0.000000 0.000000 0.000000  1.570796 -0.000000 0.000000
2  15.269911 -21.966835 13.863769  0.388349 0.556967 1.434975
3  0.000001 13.479280 0.000001  0.548839 0.000000 -0.000000
4  -0.000001 13.477240 -0.000000  -0.580957 -0.211458 0.490950
5  -0.267271 3.664726 -1.953293  -0.096194 -0.052727 -0.400403
6  0.000001 1.180354 0.000002  -0.033422 -0.016719 -0.440925
7  0.000001 0.817135 0.000000  0.007067 -0.010065 -0.256194
8  -0.249424 3.688542 -0.940889  -0.054966 -0.028860 -0.393964
9  0.000002 1.800632 0.000000  0.004228 0.003292 -0.472103
10  -0.000000 1.243404 -0.000000  0.006309 0.001661 -0.328230
11  -0.244727 3.701097 0.087735  0.004244 0.003603 -0.402932
12  -0.000001 1.766586 -0.000001  0.003329 -0.002780 -0.523312
13  -0.000000 1.189004 -0.000003  -0.016474 -0.006468 -0.416038
14  -0.277241 3.632248 1.274101  0.052687 0.017453 -0.279974
15  0.000003 1.798494 0.000002  0.034542 0.015473 -0.421260
16  -0.000001 1.235449 -0.000002  -0.006025 0.006058 -0.203611
17  0.315439 0.857300 0.755943  2.109432 0.373269 1.533785
18  0.000000 2.265943 -0.000002  -0.056797 -0.034690 -0.271734
19  0.000000 1.457808 0.000001  -0.031121 0.045492 0.001395
20  -1.259683 3.818375 1.286946  0.052687 0.017453 -0.279974
21  -1.226391 3.891694 0.090420  0.004244 0.003603 -0.402932
22  -1.231625 3.875534 -0.958681  -0.054966 -0.028860 -0.393964
23  -1.209920 3.994781 -2.003048  -0.096194 -0.052727 -0.400403
24  0.328905 0.095428 1.403532  2.109432 0.373269 1.533784
25  -3.853271 -10.835749 27.415709  0.440822 0.034975 1.538996
26  -16.870777 -21.834059 7.086506  -1.570796 -0.000000 -1.570796
27  15.269911 -21.966835 13.863769  -0.051945 -0.000000 -1.570796
28  -7.028650 0.743399 -8.093216  0.486949 0.061176 3.113534
29  0.000000 13.479278 -0.000001  0.996385 -0.000000 0.000000
30  -0.000000 13.477239 0.000000  0.069922 0.020727 0.063241
31  0.267270 3.664727 -1.953293  -0.067893 0.086178 0.802666
32  -0.000001 1.180354 0.000000  -0.024201 0.028477 0.843506
33  0.000001 0.817136 -0.000000  0.010446 0.006491 0.658839
34  0.249423 3.688542 -0.940888  -0.032371 0.052975 0.932871
35  0.000002 1.800632 0.000001  0.000732 -0.005308 1.244337
36  -0.000001 1.243407 0.000000  0.004815 -0.004401 0.811274
37  0.244726 3.701096 0.087733  0.001305 -0.005412 1.033087
38  -0.000001 1.766585 -0.000000  0.004298 0.000584 1.084130
39  -0.000000 1.189003 -0.000001  -0.010510 0.014239 0.976837
40  0.277239 3.632248 1.274102  0.185107 -0.010184 0.144732
41  -0.000001 1.798494 0.000001  0.027685 -0.025810 0.750471
42  0.000003 1.235450 0.000000  -0.008036 -0.002903 0.645088
43  -0.315442 0.857301 0.755944  -0.248767 -2.664688 1.150363
44  -0.000001 2.265939 0.000000  -0.039010 0.053923 0.668054
45  -0.000001 1.457813 0.000000  -0.054852 0.005358 1.066393
46  1.259681 3.818375 1.286946  0.185107 -0.010184 0.144732
47  1.226391 3.891693 0.090420  0.001305 -0.005412 1.033087
48  1.231623 3.875534 -0.958680  -0.032371 0.052975 0.932871
49  1.209920 3.994783 -2.003048  -0.067893 0.086178 0.802666
50  -0.328907 0.095429 1.403532  -0.248767 -2.664688 1.150362
51  -8.601817 -12.307126 11.602507  1.553400 -0.000016 3.139703
52  -8.110383 -19.738087 0.179033  -1.570796 -0.000000 1.570796
53  -7.028650 0.743399 -8.093216  -0.051945 0.000000 1.570796
54  -7.342360 -14.445661 -14.386021  1.588193 0.001890 0.000016
55  -1.855343 6.848200 8.911866  0.643721 -1.614433 -2.214061
56  0.461752 7.791412 26.458836  0.643346 -1.614420 -2.213684
57  0.599219 4.162451 9.540135  -0.024899 -0.027352 -0.026683
time 30
0  0 0 0  0 0 0
1  0.000000 0.000000 0.000000  1.570796 -0.000000 0.000000
2  15.269911 -21.966835 13.863769  0.388684 0.557009 1.434963
3  0.000001 13.479279 -0.000001  0.548063 0.000000 -0.000000
4  0.000004 13.477236 -0.000002  -0.580701 -0.211060 0.491365
5  -0.267271 3.664726 -1.953292  -0.096194 -0.052727 -0.400403
6  -0.000002 1.180356 0.000001  -0.033422 -0.016719 -0.440925
7  -0.000001 0.817134 -0.000001  0.007067 -0.010065 -0.256194
8  -0.249425 3.688540 -0.940888  -0.054966 -0.028860 -0.393964
9  -0.000001 1.800634 0.000001  0.004228 0.003292 -0.472103
10  -0.000003 1.243406 -0.000003  0.006309 0.001661 -0.328230
11  -0.244727 3.701095 0.087732  0.004244 0.003603 -0.402932
12  -0.000001 1.766584 0.000002  0.003329 -0.002780 -0.523312
13  0.000000 1.189005 -0.000002  -0.016474 -0.006468 -0.416037
14  -0.277241 3.632247 1.274101  0.052687 0.017453 -0.279974
15  0.000002 1.798494 -0.000002  0.034542 0.015473 -0.421259
16  -0.000001 1.235453 -0.000000  -0.006025 0.006058 -0.203611
17  0.315440 0.857299 0.755943  2.109432 0.373269 1.533784
18  0.000000 2.265935 -0.000001  -0.056797 -0.034690 -0.271734
19  -0.000000 1.457811 0.000001  -0.031121 0.045492 0.001395
20  -1.259683 3.818374 1.286945  0.052687 0.017453 -0.279974
21  -1.226392 3.891693 0.090419  0.004244 0.003603 -0.402932
22  -1.231625 3.875534 -0.958680  -0.054966 -0.028860 -0.393964
23  -1.209920 3.994781 -2.003049  -0.096194 -0.052727 -0.400403
24  0.328904 0.095428 1.403533  2.109432 0.373269 1.533784
25  -3.856054 -10.834166 27.415932  0.440817 0.034917 1.539755
26  -16.870777 -21.834059 7.086506  -1.570796 -0.000000 -1.570796
27  15.269911 -21.966835 13.863769  -0.051945 -0.000000 -1.570796
28  -7.028650 0.743399 -8.093216  0.486978 0.061281 3.113576
29  0.000001 13.479276 -0.000000  0.996259 -0.000000 0.000000
30  -0.000001 13.477239 -0.000000  0.069961 0.021426 0.063404
31  0.267269 3.664726 -1.953291  -0.067893 0.086178 0.802666
32  0.000000 1.180354 -0.000001  -0.024201 0.028477 0.843506
33  -0.000003 0.817135 -0.000000  0.010446 0.006491 0.658839
34  0.249422 3.688542 -0.940888  -0.032371 0.052975 0.932871
35  -0.000001 1.800635 0.000000  0.000732 -0.005308 1.244337
36  0.000001 1.243405 -0.000001  0.004815 -0.004401 0.811274
37  0.244726 3.701096 0.087734  0.001305 -0.005412 1.033087
38  -0.000003 1.766584 -0.000001  0.004298 0.000584 1.084130
39  0.000000 1.189003 0.000002  -0.010510 0.014239 0.976837
40  0.277239 3.632248 1.274103  0.185107 -0.010184 0.144732
41  -0.000000 1.798493 -0.000001  0.027685 -0.025810 0.750471
42  0.000001 1.235452 0.000001  -0.008036 -0.002903 0.645088
43  -0.315441 0.857300 0.755944  -0.248767 -2.664688 1.150362
44  -0.000003 2.265939 0.000000  -0.039010 0.053923 0.668054
45  0.000000 1.457811 -0.000001  -0.054852 0.005358 1.066393
46  1.259681 3.818374 1.286947  0.185107 -0.010184 0.144732
47  1.226391 3.891694 0.090421  0.001305 -0.005412 1.033087
48  1.231623 3.875534 -0.958680  -0.032371 0.052975 0.932871
49  1.209918 3.994781 -2.003048  -0.067893 0.086178 0.802666
50  -0.328906 0.095428 1.403534  -0.248767 -2.664688 1.150362
51  -8.603376 -12.308248 11.602611  1.553343 -0.000010 3.140462
52  -8.110383 -19.738087 0.179033  -1.570796 -0.000000 1.570796
53  -7.028650 0.743399 -8.093216  -0.051945 0.000000 1.570796
54  -7.342360 -14.445655 -14.386347  1.588250 0.001131 0.000010
55  -1.855343 6.848201 8.911868  0.643721 -1.614433 -2.214060
56  0.461752 7.791414 26.458832  0.643346 -1.614420 -2.213684
57  0.599219 4.162452 9.540137  -0.024899 -0.027352 -0.026683
time 31
0  0 0 0  0 0 0
1  0.000000 0.000000 0.000000  1.570796 -0.000000 0.000000
2  15.269911 -21.966835 13.863769  0.389118 0.557146 1.434922
3  0.000002 13.479280 -0.000001  0.547095 0.000000 -0.000000
4  -0.000001 13.477239 -0.000001  -0.580373 -0.210673 0.491760
5  -0.267267 3.664725 -1.953291  -0.096194 -0.052727 -0.400403
6  -0.000000 1.180354 -0.000003  -0.033422 -0.016719 -0.440925
7  0.000001 0.817136 0.000002  0.007067 -0.010065 -0.256194
8  -0.249421 3.688541 -0.940888  -0.054966 -0.028860 -0.393964
9  -0.000000 1.800632 -0.000001  0.004228 0.003292 -0.472103
10  -0.000002 1.243406 -0.000000  0.006309 0.001661 -0.328230
11  -0.244724 3.701093 0.087733  0.004244 0.003603 -0.402932
12  -0.000000 1.766584 0.000001  0.003329 -0.002780 -0.523312
13  0.000001 1.189002 -0.000003  -0.016474 -0.006468 -0.416038
14  -0.277238 3.632247 1.274104  0.052687 0.017453 -0.279974
15  -0.000000 1.798492 -0.000001  0.034542 0.015473 -0.421259
16  0.000003 1.235453 -0.000000  -0.006025 0.006058 -0.203611
17  0.315442 0.857298 0.755944  2.109433 0.373269 1.533784
18  -0.000000 2.265940 -0.000001  -0.056797 -0.034690 -0.271734
19  0.000000 1.457808 0.000002  -0.031121 0.045492 0.001395
20  -1.259680 3.818374 1.286948  0.052687 0.017453 -0.279974
21  -1.226390 3.891691 0.090421  0.004244 0.003603 -0.402932
22  -1.231622 3.875532 -0.958679  -0.054966 -0.028860 -0.393964
23  -1.209918 3.994780 -2.003046  -0.096194 -0.052727 -0.400403
24  0.328907 0.095427 1.403533  2.109432 0.373269 1.533784
25  -3.858837 -10.830456 27.415756  0.440809 0.034974 1.540514
26  -16.870777 -21.834059 7.086506  -1.570796 -0.000000 -1.570796
27  15.269911 -21.966835 13.863769  -0.051945 -0.000000 -1.570796
28  -7.028650 0.743399 -8.093216  0.486985 0.061388 3.113620
29  0.000000 13.479276 0.000001  0.996191 -0.000000 0.000000
30  -0.000000 13.477239 0.000001  0.070080 0.022127 0.063567
31  0.267268 3.664727 -1.953294  -0.067893 0.086178 0.802666
32  0.000002 1.180355 -0.000001  -0.024201 0.028477 0.843506
33  0.000001 0.817135 0.000000  0.010446 0.006491 0.658839
34  0.249422 3.688543 -0.940890  -0.032371 0.052975 0.932871
35  -0.000001 1.800634 -0.000001  0.000732 -0.005308 1.244337
36  0.000001 1.243405 -0.000001  0.004815 -0.004401 0.811274
37  0.244725 3.701096 0.087733  0.001305 -0.005412 1.033087
38  -0.000000 1.766584 0.000000  0.004298 0.000584 1.084130
39  0.000000 1.189003 0.000001  -0.010510 0.014239 0.976837
40  0.277238 3.632248 1.274101  0.185107 -0.010184 0.144732
41  -0.000001 1.798494 -0.000000  0.027685 -0.025810 0.750471
42  -0.000002 1.235452 -0.000001  -0.008036 -0.002903 0.645088
43  -0.315443 0.857300 0.755944  -0.248767 -2.664688 1.150362
44  -0.000003 2.265939 0.000000  -0.039010 0.053923 0.668054
45  0.000000 1.457812 0.000000  -0.054852 0.005358 1.066393
46  1.259681 3.818375 1.286945  0.185107 -0.010184 0.144732
47  1.226389 3.891694 0.090419  0.001305 -0.005412 1.033087
48  1.231622 3.875534 -0.958682  -0.032371 0.052975 0.932871
49  1.209917 3.994781 -2.003049  -0.067893 0.086178 0.802666
50  -0.328908 0.095428 1.403532  -0.248767 -2.664688 1.150362
51  -8.604935 -12.309040 11.602489  1.553400 -0.000003 3.141221
52  -8.110383 -19.738087 0.179033  -1.570796 -0.000000 1.570796
53  -7.028650 0.743399 -8.093216  -0.051945 0.000000 1.570796
54  -7.342360 -14.445661 -14.386021  1.588193 0.000372 0.000003
55  -1.855342 6.848200 8.911864  0.643721 -1.614433 -2.214061
56  0.461753 7.791412 26.458836  0.643346 -1.614420 -2.213684
57  0.599219 4.162450 9.540135  -0.024899 -0.027352 -0.026683
time 32
0  0 0 0  0 0 0
1  0.000000 0.000000 0.000000  1.570796 -0.000000 0.000000
2  15.269911 -21.966835 13.863769  0.389644 0.557373 1.434855
3  0.000003 13.479280 0.000002  0.545947 0.000000 -0.000000
4  0.000000 13.477235 -0.000002  -0.579979 -0.210301 0.492132
5  -0.267269 3.664726 -1.953294  -0.096194 -0.052727 -0.400403
6  0.000001 1.180354 0.000002  -0.033422 -0.016719 -0.440925
7  0.000000 0.817136 0.000002  0.007067 -0.010065 -0.256194
8  -0.249422 3.688541 -0.940887  -0.054966 -0.028860 -0.393964
9  -0.000002 1.800633 -0.000001  0.004228 0.003292 -0.472103
10  0.000000 1.243406 -0.000003  0.006309 0.001661 -0.328230
11  -0.244726 3.701097 0.087734  0.004244 0.003603 -0.402932
12  -0.000000 1.766584 0.000000  0.003329 -0.002780 -0.523312
13  0.000001 1.189004 -0.000001  -0.016474 -0.006468 -0.416037
14  -0.277238 3.632248 1.274101  0.052687 0.017453 -0.279974
15  -0.000001 1.798493 0.000002  0.034542 0.015473 -0.421259
16  0.000000 1.235450 0.000002  -0.006025 0.006058 -0.203611
17  0.315442 0.857299 0.755943  2.109432 0.373269 1.533784
18  0.000000 2.265940 -0.000003  -0.056797 -0.034690 -0.271734
19  -0.000000 1.457811 0.000000  -0.031121 0.045492 0.001395
20  -1.259681 3.818375 1.286946  0.052687 0.017453 -0.279974
21  -1.226390 3.891693 0.090420  0.004244 0.003603 -0.402932
22  -1.231622 3.875534 -0.958680  -0.054966 -0.028860 -0.393964
23  -1.209918 3.994782 -2.003047  -0.096194 -0.052727 -0.400403
24  0.328907 0.095429 1.403533  2.109432 0.373269 1.533784
25  -3.861600 -10.824740 27.415207  0.440797 0.035139 1.541266
26  -16.870777 -21.834059 7.086506  -1.570796 -0.000000 -1.570796
27  15.269911 -21.966835 13.863769  -0.051945 -0.000000 -1.570796
28  -7.028650 0.743399 -8.093216  0.486970 0.061495 3.113663
29  0.000000 13.479277 -0.000000  0.996178 -0.000000 0.000000
30  -0.000000 13.477240 -0.000000  0.070274 0.022823 0.063730
31  0.267269 3.664726 -1.953294  -0.067893 0.086178 0.802666
32  0.000000 1.180355 -0.000001  -0.024201 0.028477 0.843506
33  0.000000 0.817135 -0.000001  0.010446 0.006491 0.658839
34  0.249422 3.688541 -0.940890  -0.032371 0.052975 0.932871
35  -0.000001 1.800635 0.000000  0.000732 -0.005308 1.244337
36  0.000001 1.243407 -0.000001  0.004815 -0.004401 0.811275
37  0.244725 3.701095 0.087731  0.001305 -0.005412 1.033087
38  -0.000002 1.766584 0.000000  0.004298 0.000584 1.084130
39  -0.000001 1.189004 -0.000001  -0.010510 0.014239 0.976837
40  0.277239 3.632248 1.274101  0.185107 -0.010184 0.144732
41  0.000000 1.798495 -0.000000  0.027685 -0.025810 0.750471
42  0.000001 1.235453 0.000001  -0.008036 -0.002903 0.645088
43  -0.315442 0.857301 0.755943  -0.248767 -2.664688 1.150363
44  0.000000 2.265940 -0.000001  -0.039010 0.053923 0.668054
45  0.000001 1.457812 0.000000  -0.054852 0.005358 1.066393
46  1.259680 3.818374 1.286945  0.185107 -0.010184 0.144732
47  1.226390 3.891694 0.090418  0.001305 -0.005412 1.033087
48  1.231623 3.875535 -0.958681  -0.032371 0.052975 0.932871
49  1.209919 3.994781 -2.003048  -0.067893 0.086178 0.802666
50  -0.328906 0.095428 1.403531  -0.248767 -2.664688 1.150362
51  -8.606479 -12.309514 11.602153  1.553565 0.000004 -3.141212
52  -8.110383 -19.738087 0.179033  -1.570796 -0.000000 1.570796
53  -7.028650 0.743399 -8.093216  -0.051945 0.000000 1.570796
54  -7.342360 -14.445677 -14.385073  1.588027 -0.000381 -0.000003
55  -1.855343 6.848203 8.911864  0.643721 -1.614433 -2.214061
56  0.461753 7.791414 26.458832  0.643346 -1.614420 -2.213684
57  0.599219 4.162453 9.540134  -0.024899 -0.027352 -0.026683
time 33
0  0 0 0  0 0 0
1  0.000000 0.000000 0.000000  1.570796 -0.000000 0.000000
2  15.269911 -21.966835 13.863769  0.390253 0.557681 1.434764
3  -0.000002 13.479279 0.000001  0.544639 0.000000 -0.000000
4  -0.000001 13.477239 0.000001  -0.579525 -0.209947 0.492479
5  -0.267268 3.664728 -1.953294  -0.096194 -0.052727 -0.400403
6  0.000000 1.180355 -0.000000  -0.033422 -0.016719 -0.440925
7  -0.000000 0.817135 0.000002  0.007067 -0.010065 -0.256194
8  -0.249421 3.688543 -0.940892  -0.054966 -0.028860 -0.393964
9  0.000000 1.800631 0.000001  0.004228 0.003292 -0.472103
10  0.000001 1.243408 -0.000001  0.006309 0.001661 -0.328230
11  -0.244725 3.701097 0.087731  0.004244 0.003603 -0.402932
12  0.000001 1.766584 -0.000002  0.003329 -0.002780 -0.523312
13  0.000000 1.189004 -0.000000  -0.016474 -0.006468 -0.416037
14  -0.277237 3.632249 1.274099  0.052687 0.017453 -0.279974
15  0.000001 1.798495 0.000001  0.034542 0.015473 -0.421260
16  -0.000002 1.235455 -0.000001  -0.006025 0.006058 -0.203611
17  0.315443 0.857301 0.755942  2.109433 0.373269 1.533784
18  -0.000000 2.265939 -0.000002  -0.056797 -0.034690 -0.271734
19  0.000000 1.457810 -0.000001  -0.031121 0.045492 0.001395
20  -1.259680 3.818377 1.286946  0.052687 0.017453 -0.279974
21  -1.226389 3.891694 0.090418  0.004244 0.003603 -0.402932
22  -1.231621 3.875535 -0.958682  -0.054966 -0.028860 -0.393964
23  -1.209918 3.994782 -2.003051  -0.096194 -0.052727 -0.400403
24  0.328908 0.095430 1.403532  2.109432 0.373269 1.533784
25  -3.864320 -10.817187 27.414307  0.440783 0.035405 1.542005
26  -16.870777 -21.834059 7.086506  -1.570796 -0.000000 -1.570796
27  15.269911 -21.966835 13.863769  -0.051945 -0.000000 -1.570796
28  -7.028650 0.743399 -8.093216  0.486936 0.061602 3.113706
29  0.000000 13.479276 0.000001  0.996217 -0.000000 0.000000
30  -0.000000 13.477239 -0.000000  0.070537 0.023508 0.063890
31  0.267270 3.664725 -1.953293  -0.067893 0.086178 0.802666
32  -0.000001 1.180356 0.000001  -0.024201 0.028477 0.843506
33  -0.000000 0.817136 0.000001  0.010446 0.006491 0.658839
34  0.249423 3.688542 -0.940890  -0.032371 0.052975 0.932871
35  -0.000000 1.800634 -0.000001  0.000732 -0.005308 1.244336
36  -0.000000 1.243406 0.000000  0.004815 -0.004401 0.811274
37  0.244727 3.701095 0.087732  0.001305 -0.005412 1.033087
38  0.000000 1.766584 -0.000000  0.004298 0.000584 1.084130
39  0.000001 1.189004 0.000002  -0.010510 0.014239 0.976837
40  0.277240 3.632246 1.274102  0.185107 -0.010184 0.144732
41  -0.000000 1.798495 0.000001  0.027685 -0.025810 0.750471
42  -0.000001 1.235451 0.000002  -0.008036 -0.002903 0.645088
43  -0.315440 0.857299 0.755944  -0.248767 -2.664688 1.150362
44  0.000001 2.265940 0.000000  -0.039010 0.053923 0.668054
45  0.000001 1.457810 0.000000  -0.054852 0.005358 1.066393
46  1.259682 3.818374 1.286945  0.185107 -0.010184 0.144732
47  1.226391 3.891692 0.090419  0.001305 -0.005412 1.033087
48  1.231624 3.875533 -0.958681  -0.032371 0.052975 0.932871
49  1.209919 3.994780 -2.003048  -0.067893 0.086178 0.802666
50  -0.328905 0.095428 1.403533  -0.248767 -2.664688 1.150362
51  -8.607994 -12.309682 11.601620  1.553832 0.000010 -3.140473
52  -8.110383 -19.738087 0.179033  -1.570796 -0.000000 1.570796
53  -7.028650 0.743399 -8.093216  -0.051945 0.000000 1.570796
54  -7.342360 -14.445704 -14.383547  1.587761 -0.001120 -0.000010
55  -1.855343 6.848201 8.911863  0.643721 -1.614433 -2.214061
56  0.461753 7.791414 26.458832  0.643346 -1.614420 -2.213684
57  0.599220 4.162452 9.540133  -0.024899 -0.027352 -0.026683
time 34
0  0 0 0  0 0 0
1  0.000000 0.000000 0.000000  1.570796 -0.000000 0.000000
2  15.269911 -21.966835 13.863769  0.390935 0.558065 1.434651
3  0.000004 13.479279 -0.000001  0.543191 0.000000 -0.000000
4  -0.000001 13.477237 -0.000000  -0.579019 -0.209614 0.492799
5  -0.267271 3.664727 -1.953294  -0.096194 -0.052727 -0.400403
6  0.000001 1.180356 -0.000002  -0.033423 -0.016719 -0.440925
7  0.000000 0.817136 -0.000003  0.007067 -0.010065 -0.256194
8  -0.249423 3.688541 -0.940890  -0.054966 -0.028860 -0.393964
9  0.000001 1.800634 -0.000002  0.004228 0.003292 -0.472103
10  -0.000002 1.243405 0.000002  0.006309 0.001661 -0.328230
11  -0.244729 3.701097 0.087732  0.004244 0.003603 -0.402932
12  0.000000 1.766584 0.000000  0.003329 -0.002780 -0.523312
13  0.000002 1.189004 -0.000002  -0.016474 -0.006468 -0.416037
14  -0.277240 3.632249 1.274101  0.052687 0.017453 -0.279974
15  0.000002 1.798495 0.000001  0.034542 0.015473 -0.421260
16  0.000001 1.235452 -0.000002  -0.006025 0.006058 -0.203611
17  0.315441 0.857301 0.755942  2.109432 0.373269 1.533784
18  -0.000000 2.265938 -0.000001  -0.056797 -0.034690 -0.271734
19  0.000000 1.457812 -0.000001  -0.031121 0.045492 0.001395
20  -1.259682 3.818375 1.286944  0.052687 0.017453 -0.279974
21  -1.226390 3.891694 0.090417  0.004244 0.003603 -0.402931
22  -1.231624 3.875534 -0.958683  -0.054966 -0.028860 -0.393964
23  -1.209921 3.994780 -2.003050  -0.096194 -0.052727 -0.400403
24  0.328905 0.095429 1.403533  2.109432 0.373269 1.533784
25  -3.866973 -10.807970 27.413084  0.440766 0.035764 1.542723
26  -16.870777 -21.834059 7.086506  -1.570796 -0.000000 -1.570796
27  15.269911 -21.966835 13.863769  -0.051945 -0.000000 -1.570796
28  -7.028650 0.743399 -8.093216  0.486883 0.061707 3.113749
29  -0.000001 13.479276 -0.000001  0.996305 -0.000000 0.000000
30  0.000001 13.477240 0.000001  0.070862 0.024175 0.064047
31  0.267269 3.664726 -1.953293  -0.067893 0.086178 0.802666
32  -0.000001 1.180354 0.000001  -0.024201 0.028477 0.843506
33  -0.000002 0.817136 -0.000001  0.010446 0.006491 0.658839
34  0.249423 3.688540 -0.940889  -0.032371 0.052975 0.932871
35  0.000001 1.800633 0.000001  0.000732 -0.005308 1.244337
36  -0.000002 1.243407 0.000000  0.004815 -0.004401 0.811274
37  0.244726 3.701096 0.087732  0.001305 -0.005412 1.033087
38  -0.000000 1.766585 0.000000  0.004298 0.000584 1.084130
39  -0.000001 1.189004 -0.000000  -0.010510 0.014239 0.976837
40  0.277239 3.632247 1.274103  0.185107 -0.010184 0.144732
41  -0.000001 1.798496 0.000000  0.027685 -0.025810 0.750471
42  0.000002 1.235453 0.000000  -0.008036 -0.002903 0.645088
43  -0.315441 0.857299 0.755943  -0.248767 -2.664688 1.150363
44  0.000001 2.265940 -0.000001  -0.039010 0.053923 0.668054
45  0.000001 1.457811 0.000000  -0.054852 0.005358 1.066393
46  1.259681 3.818375 1.286945  0.185107 -0.010184 0.144732
47  1.226390 3.891693 0.090419  0.001305 -0.005412 1.033087
48  1.231623 3.875533 -0.958681  -0.032371 0.052975 0.932871
49  1.209919 3.994781 -2.003049  -0.067893 0.086178 0.802666
50  -0.328906 0.095427 1.403532  -0.248767 -2.664688 1.150362
51  -8.609464 -12.309558 11.600903  1.554191 0.000016 -3.139754
52  -8.110383 -19.738087 0.179033  -1.570796 -0.000000 1.570796
53  -7.028650 0.743399 -8.093216  -0.051945 0.000000 1.570796
54  -7.342360 -14.445740 -14.381489  1.587402 -0.001839 -0.000016
55  -1.855343 6.848201 8.911867  0.643721 -1.614433 -2.214061
56  0.461753 7.791413 26.458839  0.643346 -1.614420 -2.213684
57  0.599219 4.162451 9.540136  -0.024899 -0.027352 -0.026683
time 35
0  0 0 0  0 0 0
1  0.000000 0.000000 0.000000  1.570796 -0.000000 0.000000
2  15.269911 -21.966835 13.863769  0.391680 0.558515 1.434518
3  0.000003 13.479279 0.000001  0.541621 -0.000000 -0.000000
4  -0.000001 13.477242 0.000001  -0.578467 -0.209306 0.493088
5  -0.267269 3.664726 -1.953293  -0.096194 -0.052727 -0.400403
6  0.000001 1.180353 0.000003  -0.033422 -0.016719 -0.440925
7  0.000002 0.817134 0.000000  0.007067 -0.010065 -0.256195
8  -0.249424 3.688541 -0.940888  -0.054966 -0.028860 -0.393964
9  -0.000001 1.800633 -0.000001  0.004228 0.003292 -0.472103
10  0.000001 1.243406 -0.000000  0.006309 0.001661 -0.328230
11  -0.244727 3.701096 0.087733  0.004244 0.003603 -0.402932
12  0.000001 1.766584 0.000001  0.003329 -0.002780 -0.523312
13  0.000000 1.189003 0.000000  -0.016474 -0.006468 -0.416037
14  -0.277239 3.632248 1.274102  0.052687 0.017453 -0.279974
15  0.000000 1.798493 0.000000  0.034542 0.015473 -0.421260
16  0.000001 1.235449 0.000001  -0.006025 0.006058 -0.203611
17  0.315441 0.857300 0.755943  2.109433 0.373269 1.533784
18  -0.000000 2.265943 -0.000000  -0.056797 -0.034690 -0.271734
19  0.000000 1.457811 0.000002  -0.031121 0.045492 0.001395
20  -1.259681 3.818375 1.286947  0.052687 0.017453 -0.279974
21  -1.226391 3.891692 0.090418  0.004244 0.003603 -0.402932
22  -1.231623 3.875535 -0.958680  -0.054966 -0.028860 -0.393964
23  -1.209919 3.994781 -2.003048  -0.096194 -0.052727 -0.400403
24  0.328905 0.095428 1.403533  2.109432 0.373269 1.533784
25  -3.869539 -10.797253 27.411566  0.440746 0.036209 1.543414
26  -16.870777 -21.834059 7.086506  -1.570796 -0.000000 -1.570796
27  15.269911 -21.966835 13.863769  -0.051945 -0.000000 -1.570796
28  -7.028650 0.743399 -8.093216  0.486812 0.061809 3.113790
29  -0.000000 13.479276 0.000000  0.996439 -0.000000 0.000000
30  0.000001 13.477238 -0.000000  0.071243 0.024819 0.064198
31  0.267270 3.664725 -1.953294  -0.067893 0.086178 0.802666
32  -0.000002 1.180355 -0.000000  -0.024201 0.028477 0.843506
33  -0.000002 0.817135 0.000000  0.010446 0.006491 0.658839
34  0.249423 3.688541 -0.940890  -0.032371 0.052975 0.932871
35  -0.000002 1.800634 -0.000001  0.000732 -0.005308 1.244336
36  0.000000 1.243405 0.000000  0.004815 -0.004401 0.811274
37  0.244727 3.701095 0.087732  0.001305 -0.005412 1.033087
38  -0.000001 1.766584 0.000000  0.004298 0.000584 1.084130
39  0.000001 1.189004 0.000000  -0.010510 0.014239 0.976837
40  0.277240 3.632246 1.274101  0.185107 -0.010184 0.144732
41  -0.000002 1.798493 -0.000000  0.027685 -0.025810 0.750471
42  -0.000003 1.235451 0.000001  -0.008036 -0.002903 0.645088
43  -0.315441 0.857298 0.755943  -0.248767 -2.664688 1.150362
44  0.000000 2.265939 0.000000  -0.039010 0.053923 0.668054
45  0.000001 1.457812 -0.000000  -0.054852 0.005358 1.066393
46  1.259682 3.818373 1.286945  0.185107 -0.010184 0.144732
47  1.226391 3.891691 0.090418  0.001305 -0.005412 1.033087
48  1.231623 3.875533 -0.958681  -0.032371 0.052975 0.932871
49  1.209920 3.994781 -2.003049  -0.067893 0.086178 0.802666
50  -0.328907 0.095427 1.403533  -0.248767 -2.664688 1.150362
51  -8.610877 -12.309150 11.600017  1.554636 0.000022 -3.139062
52  -8.110383 -19.738087 0.179033  -1.570796 -0.000000 1.570796
53  -7.028650 0.743399 -8.093216  -0.051945 0.000000 1.570796
54  -7.342360 -14.445785 -14.378941  1.586957 -0.002530 -0.000022
55  -1.855343 6.848201 8.911867  0.643721 -1.614433 -2.214060
56  0.461753 7.791414 26.458834  0.643346 -1.614420 -2.213684
57  0.599219 4.162451 9.540136  -0.024899 -0.027352 -0.026683
time 36
0  0 0 0  0 0 0
1  0.000000 0.000000 0.000000  1.570796 -0.000000 0.000000
2  15.269911 -21.966835 13.863769  0.392479 0.559026 1.434366
3  0.000004 13.479280 0.000002  0.539951 -0.000000 -0.000000
4  -0.000001 13.477238 0.000001  -0.577876 -0.209025 0.493345
5  -0.267271 3.664727 -1.953293  -0.096194 -0.052727 -0.400403
6  0.000001 1.180355 -0.000001  -0.033422 -0.016719 -0.440925
7  -0.000002 0.817135 0.000001  0.007067 -0.010065 -0.256194
8  -0.249423 3.688541 -0.940891  -0.054966 -0.028860 -0.393964
9  0.000000 1.800633 0.000000  0.004228 0.003292 -0.472103
10  -0.000002 1.243406 -0.000002  0.006309 0.001661 -0.328230
11  -0.244726 3.701097 0.087732  0.004244 0.003603 -0.402932
12  0.000000 1.766585 0.000002  0.003329 -0.002780 -0.523312
13  -0.000001 1.189005 0.000001  -0.016474 -0.006468 -0.416038
14  -0.277241 3.632250 1.274101  0.052687 0.017453 -0.279974
15  0.000001 1.798494 -0.000000  0.034542 0.015473 -0.421260
16  0.000001 1.235450 0.000001  -0.006025 0.006058 -0.203611
17  0.315441 0.857300 0.755942  2.109432 0.373269 1.533784
18  -0.000000 2.265940 0.000000  -0.056797 -0.034690 -0.271734
19  -0.000000 1.457813 -0.000002  -0.031121 0.045492 0.001395
20  -1.259682 3.818376 1.286945  0.052687 0.017453 -0.279974
21  -1.226391 3.891695 0.090418  0.004244 0.003603 -0.402932
22  -1.231624 3.875536 -0.958681  -0.054966 -0.028860 -0.393964
23  -1.209919 3.994783 -2.003047  -0.096194 -0.052727 -0.400403
24  0.328906 0.095430 1.403532  2.109432 0.373269 1.533784
25  -3.871993 -10.785205 27.409767  0.440725 0.036731 1.544071
26  -16.870777 -21.834059 7.086506  -1.570796 -0.000000 -1.570796
27  15.269911 -21.966835 13.863769  -0.051945 -0.000000 -1.570796
28  -7.028650 0.743399 -8.093216  0.486726 0.061907 3.113830
29  0.000000 13.479276 -0.000000  0.996616 -0.000000 0.000000
30  0.000000 13.477239 -0.000001  0.071675 0.025432 0.064342
31  0.267270 3.664728 -1.953293  -0.067893 0.086178 0.802666
32  0.000002 1.180355 0.000000  -0.024201 0.028477 0.843506
33  -0.000001 0.817135 -0.000001  0.010446 0.006491 0.658839
34  0.249423 3.688542 -0.940890  -0.032371 0.052975 0.932871
35  -0.000001 1.800634 -0.000001  0.000732 -0.005308 1.244337
36  0.000001 1.243407 0.000000  0.004815 -0.004401 0.811274
37  0.244726 3.701097 0.087733  0.001305 -0.005412 1.033087
38  -0.000001 1.766585 0.000001  0.004298 0.000584 1.084130
39  0.000000 1.189003 -0.000000  -0.010510 0.014239 0.976837
40  0.277240 3.632249 1.274101  0.185107 -0.010184 0.144732
41  -0.000001 1.798493 0.000000  0.027685 -0.025810 0.750471
42  0.000002 1.235452 -0.000001  -0.008036 -0.002903 0.645088
43  -0.315441 0.857300 0.755943  -0.248767 -2.664688 1.150362
44  -0.000000 2.265939 0.000001  -0.039010 0.053923 0.668054
45  0.000000 1.457811 0.000001  -0.054851 0.005358 1.066393
46  1.259681 3.818375 1.286946  0.185107 -0.010184 0.144732
47  1.226390 3.891694 0.090419  0.001305 -0.005412 1.033087
48  1.231624 3.875534 -0.958681  -0.032371 0.052975 0.932871
49  1.209919 3.994783 -2.003048  -0.067893 0.086178 0.802666
50  -0.328906 0.095429 1.403532  -0.248767 -2.664688 1.150362
51  -8.612216 -12.308478 11.598979  1.555158 0.000028 -3.138404
52  -8.110383 -19.738087 0.179033  -1.570796 -0.000000 1.570796
53  -7.028650 0.743399 -8.093216  -0.051945 0.000000 1.570796
54  -7.342360 -14.445836 -14.375948  1.586434 -0.003188 -0.000028
55  -1.855343 6.848202 8.911866  0.643721 -1.614433 -2.214060
56  0.461752 7.791414 26.458832  0.643346 -1.614420 -2.213684
57  0.599219 4.162453 9.540136  -0.024899 -0.027352 -0.026683
time 37
0  0 0 0  0 0 0
1  0.000000 0.000000 0.000000  1.570796 -0.000000 0.000000
2  15.269911 -21.966835 13.863769  0.393322 0.559590 1.434199
3  0.000004 13.479277 -0.000000  0.538200 0.000000 -0.000000
4  0.000001 13.477238 0.000001  -0.577254 -0.208774 0.493566
5  -0.267270 3.664726 -1.953293  -0.096194 -0.052727 -0.400403
6  0.000000 1.180357 0.000002  -0.033422 -0.016719 -0.440925
7  0.000000 0.817135 -0.000001  0.007067 -0.010065 -0.256194
8  -0.249423 3.688540 -0.940889  -0.054966 -0.028860 -0.393964
9  -0.000000 1.800632 -0.000000  0.004228 0.003292 -0.472103
10  -0.000000 1.243405 0.000000  0.006309 0.001661 -0.328230
11  -0.244726 3.701095 0.087731  0.004244 0.003603 -0.402932
12  0.000001 1.766584 0.000001  0.003329 -0.002780 -0.523312
13  0.000001 1.189003 -0.000002  -0.016474 -0.006468 -0.416037
14  -0.277239 3.632246 1.274101  0.052687 0.017453 -0.279974
15  -0.000000 1.798495 -0.000003  0.034542 0.015473 -0.421260
16  0.000000 1.235449 -0.000001  -0.006025 0.006058 -0.203611
17  0.315441 0.857300 0.755944  2.109432 0.373269 1.533784
18  0.000000 2.265935 -0.000002  -0.056797 -0.034690 -0.271734
19  -0.000000 1.457813 0.000001  -0.031121 0.045492 0.001395
20  -1.259681 3.818373 1.286946  0.052687 0.017453 -0.279974
21  -1.226390 3.891693 0.090418  0.004244 0.003603 -0.402932
22  -1.231624 3.875534 -0.958680  -0.054966 -0.028860 -0.393964
23  -1.209920 3.994781 -2.003048  -0.096194 -0.052727 -0.400403
24  0.328905 0.095428 1.403531  2.109432 0.373269 1.533784
25  -3.874309 -10.771998 27.407721  0.440702 0.037322 1.544688
26  -16.870777 -21.834059 7.086506  -1.570796 -0.000000 -1.570796
27  15.269911 -21.966835 13.863769  -0.051945 -0.000000 -1.570796
28  -7.028650 0.743399 -8.093216  0.486626 0.062001 3.113868
29  0.000000 13.479279 0.000001  0.996833 -0.000000 0.000000
30  0.000000 13.477240 0.000001  0.072152 0.026009 0.064477
31  0.267271 3.664728 -1.953293  -0.067893 0.086178 0.802666
32  0.000000 1.180355 0.000001  -0.024201 0.028477 0.843506
33  0.000000 0.817135 -0.000001  0.010446 0.006491 0.658839
34  0.249423 3.688542 -0.940889  -0.032371 0.052975 0.932871
35  0.000001 1.800634 0.000000  0.000732 -0.005308 1.244337
36  -0.000001 1.243408 -0.000001  0.004815 -0.004401 0.811275
37  0.244728 3.701096 0.087732  0.001305 -0.005412 1.033087
38  0.000001 1.766584 -0.000000  0.004298 0.000584 1.084129
39  0.000001 1.189004 -0.000001  -0.010510 0.014239 0.976837
40  0.277240 3.632248 1.274102  0.185107 -0.010184 0.144732
41  -0.000001 1.798494 -0.000000  0.027685 -0.025810 0.750471
42  -0.000000 1.235451 -0.000001  -0.008036 -0.002903 0.645088
43  -0.315440 0.857300 0.755943  -0.248767 -2.664688 1.150362
44  -0.000000 2.265940 0.000001  -0.039010 0.053923 0.668054
45  0.000001 1.457812 0.000000  -0.054852 0.005358 1.066393
46  1.259682 3.818376 1.286945  0.185107 -0.010184 0.144732
47  1.226392 3.891693 0.090419  0.001305 -0.005412 1.033087
48  1.231625 3.875535 -0.958681  -0.032371 0.052975 0.932871
49  1.209920 3.994783 -2.003048  -0.067893 0.086178 0.802666
50  -0.328906 0.095429 1.403532  -0.248767 -2.664688 1.150362
51  -8.613471 -12.307557 11.597805  1.555750 0.000033 -3.137787
52  -8.110383 -19.738087 0.179033  -1.570796 -0.000000 1.570796
53  -7.028650 0.743399 -8.093216  -0.051945 0.000000 1.570796
54  -7.342360 -14.445895 -14.372557  1.585842 -0.003806 -0.000033
55  -1.855343 6.848201 8.911865  0.643721 -1.614433 -2.214061
56  0.461753 7.791413 26.458834  0.643346 -1.614420 -2.213684
57  0.599219 4.162451 9.540134  -0.024899 -0.027352 -0.026683
time 38
0  0 0 0  0 0 0
1  0.000000 0.000000 0.000000  1.570796 -0.000000 0.000000
2  15.269911 -21.966835 13.863769  0.394199 0.560200 1.434019
3  0.000003 13.479280 -0.000000  0.536388 0.000000 -0.000000
4  -0.000002 13.477240 -0.000002  -0.576607 -0.208556 0.493751
5  -0.267269 3.664725 -1.953293  -0.096194 -0.052727 -0.400403
6  -0.000001 1.180355 -0.000001  -0.033422 -0.016719 -0.440925
7  0.000000 0.817135 0.000001  0.007067 -0.010065 -0.256194
8  -0.249422 3.688541 -0.940889  -0.054966 -0.028860 -0.393964
9  0.000002 1.800634 -0.000000  0.004228 0.003292 -0.472103
10  -0.000002 1.243408 0.000001  0.006309 0.001661 -0.328230
11  -0.244726 3.701095 0.087732  0.004244 0.003603 -0.402932
12  0.000000 1.766583 0.000001  0.003329 -0.002780 -0.523312
13  -0.000001 1.189004 0.000000  -0.016474 -0.006468 -0.416037
14  -0.277239 3.632248 1.274103  0.052687 0.017453 -0.279974
15  0.000001 1.798494 -0.000001  0.034542 0.015472 -0.421260
16  -0.000002 1.235451 -0.000002  -0.006025 0.006058 -0.203611
17  0.315442 0.857299 0.755944  2.109432 0.373269 1.533784
18  -0.000000 2.265941 0.000003  -0.056797 -0.034690 -0.271734
19  -0.000000 1.457808 0.000000  -0.031121 0.045492 0.001395
20  -1.259681 3.818375 1.286947  0.052687 0.017453 -0.279974
21  -1.226390 3.891694 0.090419  0.004244 0.003603 -0.402932
22  -1.231622 3.875534 -0.958680  -0.054966 -0.028860 -0.393964
23  -1.209919 3.994780 -2.003049  -0.096194 -0.052727 -0.400403
24  0.328907 0.095428 1.403534  2.109432 0.373269 1.533784
25  -3.876463 -10.757793 27.405457  0.440677 0.037976 1.545257
26  -16.870777 -21.834059 7.086506  -1.570796 -0.000000 -1.570796
27  15.269911 -21.966835 13.863769  -0.051945 -0.000000 -1.570796
28  -7.028650 0.743399 -8.093216  0.486512 0.062088 3.113903
29  -0.000000 13.479276 0.000000  0.997087 -0.000000 0.000000
30  -0.000000 13.477238 -0.000000  0.072666 0.026544 0.064602
31  0.267269 3.664725 -1.953292  -0.067893 0.086178 0.802666
32  -0.000001 1.180354 -0.000001  -0.024201 0.028477 0.843506
33  0.000001 0.817135 0.000000  0.010446 0.006491 0.658839
34  0.249424 3.688540 -0.940889  -0.032371 0.052975 0.932871
35  0.000000 1.800633 0.000000  0.000732 -0.005308 1.244336
36  0.000001 1.243405 -0.000000  0.004815 -0.004401 0.811274
37  0.244727 3.701094 0.087733  0.001305 -0.005412 1.033087
38  -0.000001 1.766584 -0.000001  0.004298 0.000584 1.084129
39  0.000001 1.189003 -0.000000  -0.010510 0.014239 0.976837
40  0.277239 3.632247 1.274101  0.185107 -0.010184 0.144732
41  0.000001 1.798495 0.000001  0.027685 -0.025810 0.750471
42  0.000000 1.235451 0.000001  -0.008036 -0.002903 0.645088
43  -0.315441 0.857300 0.755944  -0.248767 -2.664688 1.150363
44  0.000000 2.265940 0.000001  -0.039010 0.053923 0.668054
45  0.000001 1.457810 0.000002  -0.054852 0.005358 1.066393
46  1.259681 3.818374 1.286945  0.185107 -0.010184 0.144732
47  1.226391 3.891691 0.090420  0.001305 -0.005412 1.033087
48  1.231624 3.875534 -0.958680  -0.032371 0.052975 0.932871
49  1.209920 3.994781 -2.003047  -0.067893 0.086178 0.802666
50  -0.328906 0.095428 1.403532  -0.248767 -2.664688 1.150362
51  -8.614626 -12.306400 11.596510  1.556405 0.000038 -3.137217
52  -8.110383 -19.738087 0.179033  -1.570796 -0.000000 1.570796
53  -7.028650 0.743399 -8.093216  -0.051945 0.000000 1.570796
54  -7.342360 -14.445961 -14.368809  1.585188 -0.004376 -0.000038
55  -1.855343 6.848201 8.911865  0.643721 -1.614433 -2.214061
56  0.461753 7.791415 26.458834  0.643346 -1.614420 -2.213684
57  0.599219 4.162452 9.540135  -0.024899 -0.027352 -0.026683
time 39
0  0 0 0  0 0 0
1  0.000000 0.000000 0.000000  1.570796 -0.000000 0.000000
2  15.269911 -21.966835 13.863769  0.395101 0.560848 1.433827
3  0.000007 13.479280 -0.000000  0.534536 -0.000000 -0.000000
4  0.000000 13.477240 0.000000  -0.575943 -0.208375 0.493897
5  -0.267270 3.664728 -1.953291  -0.096194 -0.052727 -0.400403
6  -0.000000 1.180352 -0.000001  -0.033422 -0.016719 -0.440925
7  0.000001 0.817135 -0.000002  0.007067 -0.010065 -0.256194
8  -0.249422 3.688543 -0.940889  -0.054966 -0.028860 -0.393964
9  -0.000001 1.800634 0.000002  0.004228 0.003292 -0.472103
10  -0.000000 1.243407 0.000001  0.006309 0.001661 -0.328231
11  -0.244727 3.701097 0.087734  0.004244 0.003603 -0.402932
12  0.000000 1.766586 -0.000002  0.003329 -0.002780 -0.523312
13  -0.000002 1.189005 -0.000001  -0.016474 -0.006468 -0.416037
14  -0.277239 3.632248 1.274101  0.052687 0.017453 -0.279974
15  -0.000002 1.798496 -0.000001  0.034542 0.015473 -0.421260
16  0.000000 1.235451 -0.000001  -0.006025 0.006058 -0.203611
17  0.315441 0.857301 0.755944  2.109432 0.373269 1.533784
18  0.000000 2.265940 0.000003  -0.056797 -0.034690 -0.271734
19  -0.000001 1.457814 -0.000003  -0.031121 0.045492 0.001395
20  -1.259681 3.818375 1.286945  0.052687 0.017453 -0.279974
21  -1.226391 3.891694 0.090421  0.004244 0.003603 -0.402932
22  -1.231622 3.875535 -0.958679  -0.054966 -0.028860 -0.393964
23  -1.209918 3.994783 -2.003047  -0.096194 -0.052727 -0.400403
24  0.328906 0.095430 1.403533  2.109432 0.373269 1.533784
25  -3.878430 -10.742765 27.402990  0.440651 0.038684 1.545772
26  -16.870777 -21.834059 7.086506  -1.570796 -0.000000 -1.570796
27  15.269911 -21.966835 13.863769  -0.051945 -0.000000 -1.570796
28  -7.028650 0.743399 -8.093216  0.486387 0.062169 3.113936
29  -0.000001 13.479276 0.000001  0.997375 -0.000000 0.000000
30  -0.000001 13.477239 -0.000001  0.073213 0.027029 0.064716
31  0.267269 3.664726 -1.953293  -0.067893 0.086178 0.802666
32  0.000002 1.180356 0.000001  -0.024201 0.028477 0.843506
33  0.000000 0.817135 -0.000000  0.010446 0.006491 0.658839
34  0.249422 3.688543 -0.940888  -0.032371 0.052975 0.932871
35  0.000000 1.800634 0.000001  0.000732 -0.005308 1.244336
36  0.000001 1.243405 0.000001  0.004815 -0.004401 0.811274
37  0.244726 3.701096 0.087734  0.001305 -0.005412 1.033087
38  0.000000 1.766586 0.000001  0.004298 0.000584 1.084130
39  0.000000 1.189004 -0.000001  -0.010510 0.014239 0.976837
40  0.277238 3.632249 1.274103  0.185107 -0.010184 0.144732
41  -0.000000 1.798494 -0.000000  0.027685 -0.025810 0.750471
42  0.000000 1.235451 0.000000  -0.008036 -0.002903 0.645088
43  -0.315442 0.857301 0.755945  -0.248767 -2.664688 1.150362
44  0.000002 2.265939 0.000001  -0.039010 0.053923 0.668054
45  -0.000001 1.457811 0.000000  -0.054852 0.005358 1.066393
46  1.259681 3.818375 1.286946  0.185107 -0.010184 0.144732
47  1.226390 3.891694 0.090420  0.001305 -0.005412 1.033087
48  1.231623 3.875534 -0.958679  -0.032371 0.052975 0.932871
49  1.209919 3.994782 -2.003047  -0.067893 0.086178 0.802666
50  -0.328906 0.095429 1.403533  -0.248767 -2.664688 1.150362
51  -8.615666 -12.305016 11.595113  1.557113 0.000043 -3.136701
52  -8.110383 -19.738087 0.179033  -1.570796 -0.000000 1.570796
53  -7.028650 0.743399 -8.093216  -0.051945 0.000000 1.570796
54  -7.342360 -14.446032 -14.364750  1.584480 -0.004892 -0.000043
55  -1.855343 6.848201 8.911866  0.643721 -1.614433 -2.214061
56  0.461752 7.791413 26.458836  0.643346 -1.614420 -2.213684
57  0.599220 4.162451 9.540134  -0.024899 -0.027352 -0.026683
time 40
0  0 0 0  0 0 0
1  0.000000 0.000000 0.000000  1.570796 -0.000000 0.000000
2  15.269911 -21.966835 13.863769  0.396015 0.561527 1.433625
3  0.000003 13.479278 0.000001  0.532667 0.000000 -0.000000
4  0.000000 13.477238 -0.000000  -0.575270 -0.208231 0.494001
5  -0.267269 3.664726 -1.953293  -0.096194 -0.052727 -0.400403
6  0.000000 1.180354 -0.000003  -0.033422 -0.016719 -0.440925
7  0.000000 0.817133 0.000002  0.007067 -0.010065 -0.256194
8  -0.249422 3.688541 -0.940890  -0.054966 -0.028860 -0.393964
9  0.000002 1.800633 0.000002  0.004228 0.003292 -0.472103
10  -0.000002 1.243406 -0.000001  0.006309 0.001661 -0.328230
11  -0.244725 3.701095 0.087733  0.004244 0.003603 -0.402932
12  0.000000 1.766586 -0.000003  0.003329 -0.002780 -0.523312
13  -0.000001 1.189006 0.000003  -0.016474 -0.006468 -0.416037
14  -0.277238 3.632247 1.274100  0.052687 0.017453 -0.279974
15  0.000002 1.798496 0.000002  0.034542 0.015473 -0.421260
16  -0.000001 1.235451 0.000002  -0.006025 0.006058 -0.203611
17  0.315442 0.857299 0.755944  2.109432 0.373269 1.533784
18  -0.000000 2.265942 -0.000002  -0.056797 -0.034690 -0.271734
19  -0.000000 1.457810 0.000003  -0.031121 0.045492 0.001395
20  -1.259679 3.818375 1.286945  0.052687 0.017453 -0.279974
21  -1.226389 3.891693 0.090418  0.004244 0.003603 -0.402931
22  -1.231622 3.875534 -0.958680  -0.054966 -0.028860 -0.393964
23  -1.209917 3.994781 -2.003049  -0.096194 -0.052727 -0.400403
24  0.328907 0.095428 1.403532  2.109432 0.373269 1.533784
25  -3.880183 -10.727083 27.400351  0.440625 0.039439 1.546226
26  -16.870777 -21.834059 7.086506  -1.570796 -0.000000 -1.570796
27  15.269911 -21.966835 13.863769  -0.051945 -0.000000 -1.570796
28  -7.028650 0.743399 -8.093216  0.486252 0.062241 3.113965
29  0.000000 13.479275 0.000000  0.997693 -0.000000 0.000000
30  0.000001 13.477239 -0.000000  0.073786 0.027459 0.064816
31  0.267269 3.664727 -1.953293  -0.067893 0.086178 0.802666
32  -0.000002 1.180355 0.000000  -0.024201 0.028477 0.843506
33  -0.000001 0.817136 0.000000  0.010446 0.006491 0.658839
34  0.249422 3.688542 -0.940889  -0.032371 0.052975 0.932871
35  -0.000003 1.800632 0.000000  0.000732 -0.005308 1.244336
36  0.000000 1.243406 0.000001  0.004815 -0.004401 0.811274
37  0.244726 3.701095 0.087733  0.001305 -0.005412 1.033087
38  -0.000001 1.766583 0.000001  0.004298 0.000584 1.084130
39  -0.000000 1.189004 -0.000000  -0.010510 0.014239 0.976837
40  0.277238 3.632247 1.274102  0.185107 -0.010184 0.144732
41  0.000000 1.798493 -0.000001  0.027685 -0.025810 0.750471
42  -0.000001 1.235451 -0.000000  -0.008036 -0.002903 0.645088
43  -0.315441 0.857299 0.755944  -0.248767 -2.664688 1.150362
44  -0.000000 2.265939 -0.000000  -0.039010 0.053923 0.668054
45  0.000001 1.457812 -0.000001  -0.054852 0.005358 1.066393
46  1.259680 3.818376 1.286946  0.185107 -0.010184 0.144732
47  1.226390 3.891693 0.090420  0.001305 -0.005412 1.033087
48  1.231622 3.875534 -0.958680  -0.032371 0.052975 0.932871
49  1.209918 3.994781 -2.003047  -0.067893 0.086178 0.802666
50  -0.328906 0.095429 1.403534  -0.248767 -2.664688 1.150362
51  -8.616582 -12.303422 11.593623  1.557868 0.000047 -3.136246
52  -8.110383 -19.738087 0.179033  -1.570796 -0.000000 1.570796
53  -7.028650 0.743399 -8.093216  -0.051945 0.000000 1.570796
54  -7.342360 -14.446107 -14.360425  1.583725 -0.005347 -0.000047
55  -1.855342 6.848200 8.911867  0.643721 -1.614433 -2.214061
56  0.461753 7.791412 26.458836  0.643346 -1.614420 -2.213684
57  0.599219 4.162451 9.540135  -0.024899 -0.027352 -0.026683
time 41
0  0 0 0  0 0 0
1  0.000000 0.000000 0.000000  1.570796 -0.000000 0.000000
2  15.269911 -21.966835 13.863769  0.396934 0.562229 1.433416
3  0.000002 13.479278 -0.000001  0.530800 -0.000000 -0.000000
4  0.000001 13.477238 0.000001  -0.574595 -0.208128 0.494060
5  -0.267270 3.664726 -1.953294  -0.096194 -0.052727 -0.400403
6  -0.000000 1.180353 -0.000001  -0.033422 -0.016719 -0.440925
7  -0.000001 0.817135 -0.000001  0.007067 -0.010065 -0.256194
8  -0.249423 3.688542 -0.940889  -0.054966 -0.028860 -0.393964
9  -0.000000 1.800632 0.000002  0.004228 0.003292 -0.472103
10  0.000003 1.243406 0.000003  0.006309 0.001661 -0.328230
11  -0.244728 3.701095 0.087733  0.004244 0.003603 -0.402932
12  0.000001 1.766584 -0.000002  0.003329 -0.002780 -0.523312
13  0.000000 1.189005 0.000002  -0.016474 -0.006468 -0.416038
14  -0.277240 3.632247 1.274101  0.052686 0.017453 -0.279974
15  -0.000000 1.798496 -0.000001  0.034542 0.015473 -0.421260
16  0.000000 1.235451 -0.000001  -0.006025 0.006058 -0.203611
17  0.315440 0.857299 0.755944  2.109432 0.373269 1.533784
18  -0.000000 2.265939 0.000002  -0.056797 -0.034690 -0.271734
19  0.000001 1.457807 -0.000001  -0.031121 0.045492 0.001395
20  -1.259682 3.818374 1.286943  0.052687 0.017453 -0.279974
21  -1.226392 3.891693 0.090419  0.004244 0.003603 -0.402932
22  -1.231623 3.875534 -0.958680  -0.054966 -0.028860 -0.393964
23  -1.209919 3.994781 -2.003046  -0.096194 -0.052727 -0.400403
24  0.328907 0.095428 1.403533  2.109432 0.373269 1.533784
25  -3.881693 -10.710912 27.397572  0.440598 0.040232 1.546612
26  -16.870777 -21.834059 7.086506  -1.570796 -0.000000 -1.570796
27  15.269911 -21.966835 13.863769  -0.051945 -0.000000 -1.570796
28  -7.028650 0.743399 -8.093216  0.486107 0.062305 3.113991
29  0.000000 13.479277 0.000001  0.998039 -0.000000 0.000000
30  0.000001 13.477240 -0.000000  0.074379 0.027827 0.064902
31  0.267270 3.664728 -1.953293  -0.067893 0.086178 0.802666
32  0.000000 1.180357 -0.000000  -0.024201 0.028477 0.843506
33  -0.000001 0.817134 -0.000000  0.010446 0.006491 0.658839
34  0.249423 3.688543 -0.940890  -0.032371 0.052975 0.932871
35  0.000000 1.800633 0.000000  0.000732 -0.005308 1.244337
36  -0.000001 1.243406 -0.000001  0.004815 -0.004401 0.811274
37  0.244728 3.701096 0.087731  0.001305 -0.005412 1.033087
38  -0.000001 1.766585 0.000001  0.004298 0.000584 1.084130
39  -0.000000 1.189003 0.000001  -0.010510 0.014239 0.976837
40  0.277240 3.632250 1.274101  0.185107 -0.010184 0.144732
41  0.000000 1.798493 -0.000001  0.027685 -0.025810 0.750471
42  -0.000001 1.235452 -0.000001  -0.008036 -0.002903 0.645088
43  -0.315440 0.857301 0.755942  -0.248767 -2.664688 1.150362
44  0.000002 2.265940 -0.000001  -0.039010 0.053923 0.668054
45  0.000000 1.457812 0.000000  -0.054852 0.005358 1.066393
46  1.259681 3.818377 1.286945  0.185107 -0.010184 0.144732
47  1.226392 3.891695 0.090418  0.001305 -0.005412 1.033087
48  1.231623 3.875536 -0.958681  -0.032371 0.052975 0.932871
49  1.209920 3.994783 -2.003050  -0.067893 0.086178 0.802666
50  -0.328905 0.095431 1.403532  -0.248767 -2.664688 1.150362
51  -8.617355 -12.301633 11.592061  1.558662 0.000050 -3.135858
52  -8.110383 -19.738087 0.179033  -1.570796 -0.000000 1.570796
53  -7.028650 0.743399 -8.093216  -0.051945 0.000000 1.570796
54  -7.342360 -14.446187 -14.355877  1.582931 -0.005734 -0.000050
55  -1.855344 6.848201 8.911865  0.643721 -1.614433 -2.214061
56  0.461753 7.791411 26.458836  0.643346 -1.614420 -2.213684
57  0.599219 4.162451 9.540134  -0.024899 -0.027352 -0.026683
time 42
0  0 0 0  0 0 0
1  0.000000 0.000000 0.000000  1.570796 -0.000000 0.000000
2  15.269911 -21.966835 13.863769  0.397845 0.562949 1.433203
3  0.000003 13.479276 -0.000000  0.528959 0.000000 -0.000000
4  0.000002 13.477242 0.000000  -0.573927 -0.208067 0.494074
5  -0.267271 3.664726 -1.953292  -0.096194 -0.052727 -0.400403
6  0.000000 1.180355 -0.000003  -0.033423 -0.016719 -0.440925
7  -0.000002 0.817134 -0.000002  0.007067 -0.010065 -0.256194
8  -0.249425 3.688541 -0.940886  -0.054966 -0.028860 -0.393964
9  0.000001 1.800635 0.000003  0.004228 0.003292 -0.472103
10  0.000002 1.243407 0.000000  0.006309 0.001661 -0.328230
11  -0.244728 3.701096 0.087734  0.004244 0.003603 -0.402932
12  -0.000001 1.766584 0.000001  0.003329 -0.002780 -0.523312
13  -0.000000 1.189004 -0.000001  -0.016474 -0.006468 -0.416037
14  -0.277241 3.632247 1.274102  0.052687 0.017453 -0.279974
15  0.000000 1.798495 0.000003  0.034542 0.015473 -0.421260
16  -0.000000 1.235449 0.000000  -0.006025 0.006058 -0.203611
17  0.315439 0.857300 0.755945  2.109433 0.373269 1.533785
18  0.000000 2.265939 -0.000000  -0.056797 -0.034690 -0.271734
19  -0.000001 1.457815 -0.000001  -0.031121 0.045492 0.001395
20  -1.259683 3.818375 1.286947  0.052687 0.017453 -0.279974
21  -1.226392 3.891693 0.090422  0.004244 0.003603 -0.402932
22  -1.231625 3.875535 -0.958677  -0.054966 -0.028860 -0.393964
23  -1.209921 3.994781 -2.003047  -0.096194 -0.052727 -0.400403
24  0.328906 0.095429 1.403534  2.109432 0.373269 1.533784
25  -3.882935 -10.694422 27.394670  0.440570 0.041057 1.546924
26  -16.870777 -21.834059 7.086506  -1.570796 -0.000000 -1.570796
27  15.269911 -21.966835 13.863769  -0.051945 -0.000000 -1.570796
28  -7.028650 0.743399 -8.093216  0.485955 0.062359 3.114013
29  0.000000 13.479277 0.000001  0.998410 -0.000000 0.000000
30  -0.000001 13.477239 0.000000  0.074986 0.028127 0.064971
31  0.267271 3.664726 -1.953292  -0.067893 0.086178 0.802666
32  0.000000 1.180356 0.000000  -0.024201 0.028477 0.843506
33  -0.000000 0.817135 -0.000001  0.010446 0.006491 0.658839
34  0.249423 3.688542 -0.940887  -0.032371 0.052975 0.932871
35  -0.000001 1.800632 0.000001  0.000732 -0.005308 1.244337
36  -0.000001 1.243408 -0.000001  0.004815 -0.004401 0.811274
37  0.244727 3.701096 0.087734  0.001305 -0.005412 1.033087
38  -0.000001 1.766585 0.000001  0.004298 0.000584 1.084130
39  0.000000 1.189003 -0.000001  -0.010510 0.014239 0.976837
40  0.277239 3.632248 1.274103  0.185107 -0.010184 0.144732
41  -0.000000 1.798493 -0.000001  0.027685 -0.025810 0.750471
42  0.000002 1.235452 0.000000  -0.008036 -0.002903 0.645088
43  -0.315440 0.857301 0.755944  -0.248767 -2.664688 1.150363
44  0.000000 2.265940 -0.000001  -0.039010 0.053923 0.668054
45  0.000000 1.457812 -0.000000  -0.054851 0.005358 1.066393
46  1.259681 3.818376 1.286946  0.185107 -0.010184 0.144732
47  1.226390 3.891694 0.090421  0.001305 -0.005412 1.033087
48  1.231623 3.875535 -0.958679  -0.032371 0.052975 0.932871
49  1.209920 3.994782 -2.003047  -0.067893 0.086178 0.802666
50  -0.328905 0.095429 1.403534  -0.248767 -2.664688 1.150362
51  -8.617976 -12.299664 11.590440  1.559487 0.000053 -3.135545
52  -8.110383 -19.738087 0.179033  -1.570796 -0.000000 1.570796
53  -7.028650 0.743399 -8.093216  -0.051945 0.000000 1.570796
54  -7.342360 -14.446269 -14.351152  1.582106 -0.006048 -0.000053
55  -1.855344 6.848201 8.911866  0.643721 -1.614433 -2.214061
56  0.461752 7.791413 26.458836  0.643346 -1.614420 -2.213684
57  0.599219 4.162453 9.540135  -0.024899 -0.027352 -0.026683
time 43
0  0 0 0  0 0 0
1  0.000000 0.000000 0.000000  1.570796 -0.000000 0.000000
2  15.269911 -21.966835 13.863769  0.398742 0.563677 1.432986
3  0.000004 13.479278 0.000001  0.527156 -0.000000 -0.000000
4  0.000000 13.477239 0.000000  -0.573268 -0.208055 0.494038
5  -0.267271 3.664726 -1.953293  -0.096194 -0.052727 -0.400403
6  -0.000000 1.180355 0.000002  -0.033422 -0.016719 -0.440925
7  0.000002 0.817135 -0.000003  0.007067 -0.010065 -0.256194
8  -0.249423 3.688542 -0.940889  -0.054966 -0.028860 -0.393963
9  0.000000 1.800634 0.000001  0.004228 0.003292 -0.472103
10  0.000003 1.243405 0.000002  0.006309 0.001661 -0.328230
11  -0.244726 3.701096 0.087733  0.004244 0.003603 -0.402932
12  0.000000 1.766584 0.000002  0.003329 -0.002780 -0.523312
13  0.000001 1.189003 0.000001  -0.016474 -0.006468 -0.416037
14  -0.277240 3.632247 1.274101  0.052687 0.017453 -0.279974
15  -0.000000 1.798496 0.000003  0.034542 0.015473 -0.421260
16  0.000001 1.235452 0.000002  -0.006025 0.006058 -0.203611
17  0.315441 0.857298 0.755943  2.109432 0.373269 1.533785
18  0.000000 2.265941 -0.000001  -0.056797 -0.034690 -0.271734
19  0.000000 1.457808 -0.000001  -0.031121 0.045492 0.001395
20  -1.259682 3.818374 1.286945  0.052687 0.017453 -0.279974
21  -1.226390 3.891693 0.090419  0.004244 0.003603 -0.402932
22  -1.231623 3.875534 -0.958682  -0.054966 -0.028860 -0.393964
23  -1.209919 3.994781 -2.003049  -0.096194 -0.052727 -0.400403
24  0.328906 0.095428 1.403532  2.109432 0.373269 1.533784
25  -3.883879 -10.677782 27.391674  0.440543 0.041904 1.547155
26  -16.870777 -21.834059 7.086506  -1.570796 -0.000000 -1.570796
27  15.269911 -21.966835 13.863769  -0.051945 -0.000000 -1.570796
28  -7.028650 0.743399 -8.093216  0.485798 0.062401 3.114030
29  0.000001 13.479275 -0.000000  0.998801 -0.000000 0.000000
30  -0.000001 13.477240 -0.000001  0.075601 0.028353 0.065024
31  0.267269 3.664727 -1.953292  -0.067893 0.086178 0.802666
32  -0.000000 1.180354 -0.000002  -0.024201 0.028477 0.843506
33  0.000001 0.817135 -0.000002  0.010446 0.006491 0.658838
34  0.249423 3.688542 -0.940889  -0.032371 0.052975 0.932871
35  0.000002 1.800635 -0.000001  0.000732 -0.005308 1.244337
36  -0.000000 1.243405 0.000001  0.004815 -0.004401 0.811274
37  0.244727 3.701097 0.087732  0.001305 -0.005412 1.033087
38  -0.000000 1.766584 -0.000000  0.004298 0.000584 1.084130
39  -0.000001 1.189005 -0.000001  -0.010510 0.014239 0.976837
40  0.277239 3.632249 1.274102  0.185107 -0.010184 0.144732
41  -0.000001 1.798492 0.000001  0.027685 -0.025810 0.750471
42  -0.000000 1.235451 0.000000  -0.008036 -0.002903 0.645088
43  -0.315441 0.857300 0.755944  -0.248767 -2.664688 1.150363
44  0.000000 2.265940 -0.000001  -0.039010 0.053923 0.668054
45  -0.000000 1.457812 -0.000001  -0.054852 0.005358 1.066393
46  1.259681 3.818376 1.286945  0.185107 -0.010184 0.144732
47  1.226390 3.891694 0.090419  0.001305 -0.005412 1.033087
48  1.231622 3.875535 -0.958680  -0.032371 0.052975 0.932871
49  1.209919 3.994782 -2.003049  -0.067893 0.086178 0.802666
50  -0.328906 0.095429 1.403532  -0.248767 -2.664688 1.150362
51  -8.618431 -12.297523 11.588778  1.560335 0.000055 -3.135313
52  -8.110383 -19.738087 0.179033  -1.570796 -0.000000 1.570796
53  -7.028650 0.743399 -8.093216  -0.051945 0.000000 1.570796
54  -7.342360 -14.446354 -14.346293  1.581258 -0.006280 -0.000055
55  -1.855343 6.848200 8.911867  0.643721 -1.614433 -2.214061
56  0.461753 7.791413 26.458836  0.643346 -1.614420 -2.213684
57  0.599219 4.162450 9.540136  -0.024899 -0.027352 -0.026683
time 44
0  0 0 0  0 0 0
1  0.000000 0.000000 0.000000  1.570796 -0.000000 0.000000
2  15.269911 -21.966835 13.863769  0.399610 0.564409 1.432768
3  0.000003 13.479280 0.000000  0.525423 0.000000 -0.000000
4  0.000000 13.477242 0.000001  -0.572631 -0.208089 0.493952
5  -0.267269 3.664727 -1.953291  -0.096194 -0.052727 -0.400403
6  -0.000001 1.180355 0.000003  -0.033422 -0.016719 -0.440925
7  0.000000 0.817136 0.000001  0.007067 -0.010065 -0.256194
8  -0.249422 3.688541 -0.940890  -0.054966 -0.028860 -0.393964
9  0.000001 1.800633 -0.000000  0.004228 0.003292 -0.472103
10  0.000000 1.243407 -0.000002  0.006309 0.001661 -0.328230
11  -0.244725 3.701096 0.087732  0.004244 0.003603 -0.402932
12  0.000001 1.766584 0.000001  0.003329 -0.002780 -0.523312
13  -0.000000 1.189004 0.000002  -0.016474 -0.006468 -0.416038
14  -0.277239 3.632249 1.274102  0.052687 0.017453 -0.279974
15  -0.000001 1.798494 0.000003  0.034542 0.015473 -0.421260
16  0.000001 1.235450 -0.000001  -0.006025 0.006058 -0.203611
17  0.315441 0.857300 0.755943  2.109433 0.373269 1.533785
18  -0.000000 2.265938 -0.000002  -0.056797 -0.034690 -0.271734
19  -0.000000 1.457813 -0.000001  -0.031121 0.045492 0.001395
20  -1.259681 3.818375 1.286944  0.052687 0.017453 -0.279974
21  -1.226390 3.891693 0.090420  0.004244 0.003603 -0.402932
22  -1.231623 3.875535 -0.958681  -0.054966 -0.028860 -0.393964
23  -1.209919 3.994781 -2.003049  -0.096194 -0.052727 -0.400403
24  0.328906 0.095429 1.403532  2.109432 0.373269 1.533784
25  -3.884497 -10.661159 27.388611  0.440516 0.042767 1.547298
26  -16.870777 -21.834059 7.086506  -1.570796 -0.000000 -1.570796
27  15.269911 -21.966835 13.863769  -0.051945 -0.000000 -1.570796
28  -7.028650 0.743399 -8.093216  0.485635 0.062432 3.114043
29  0.000000 13.479277 0.000001  0.999212 -0.000000 0.000000
30  -0.000000 13.477239 0.000000  0.076217 0.028498 0.065058
31  0.267270 3.664726 -1.953293  -0.067893 0.086178 0.802666
32  -0.000000 1.180355 0.000000  -0.024201 0.028477 0.843506
33  0.000001 0.817136 0.000001  0.010446 0.006491 0.658839
34  0.249422 3.688541 -0.940888  -0.032371 0.052975 0.932871
35  -0.000001 1.800633 -0.000001  0.000732 -0.005308 1.244337
36  0.000000 1.243404 -0.000000  0.004815 -0.004401 0.811274
37  0.244726 3.701096 0.087734  0.001305 -0.005412 1.033087
38  0.000001 1.766586 0.000000  0.004298 0.000584 1.084130
39  -0.000002 1.189004 0.000000  -0.010510 0.014239 0.976837
40  0.277239 3.632247 1.274102  0.185107 -0.010184 0.144732
41  0.000001 1.798495 0.000000  0.027685 -0.025810 0.750471
42  0.000001 1.235452 -0.000001  -0.008036 -0.002903 0.645088
43  -0.315442 0.857300 0.755944  -0.248767 -2.664688 1.150362
44  -0.000002 2.265939 0.000000  -0.039010 0.053923 0.668054
45  0.000002 1.457811 -0.000001  -0.054852 0.005358 1.066393
46  1.259680 3.818375 1.286945  0.185107 -0.010184 0.144732
47  1.226390 3.891694 0.090419  0.001305 -0.005412 1.033087
48  1.231623 3.875534 -0.958680  -0.032371 0.052975 0.932871
49  1.209919 3.994782 -2.003047  -0.067893 0.086178 0.802666
50  -0.328905 0.095428 1.403533  -0.248767 -2.664688 1.150362
51  -8.618708 -12.295227 11.587088  1.561198 0.000056 -3.135169
52  -8.110383 -19.738087 0.179033  -1.570796 -0.000000 1.570796
53  -7.028650 0.743399 -8.093216  -0.051945 0.000000 1.570796
54  -7.342360 -14.446441 -14.341347  1.580395 -0.006424 -0.000056
55  -1.855343 6.848202 8.911866  0.643721 -1.614433 -2.214061
56  0.461753 7.791414 26.458838  0.643346 -1.614420 -2.213684
57  0.599219 4.162452 9.540133  -0.024899 -0.027352 -0.026683
time 45
0  0 0 0  0 0 0
1  0.000000 0.000000 0.000000  1.570796 -0.000000 0.000000
2  15.269911 -21.966835 13.863769  0.400437 0.565135 1.432551
3  0.000001 13.479278 0.000002  0.523786 0.000000 -0.000000
4  -0.000000 13.477238 -0.000000  -0.572026 -0.208173 0.493813
5  -0.267269 3.664725 -1.953289  -0.096194 -0.052727 -0.400403
6  0.000002 1.180354 0.000000  -0.033422 -0.016719 -0.440925
7  0.000001 0.817136 -0.000002  0.007067 -0.010065 -0.256194
8  -0.249422 3.688541 -0.940886  -0.054966 -0.028860 -0.393964
9  0.000000 1.800632 -0.000000  0.004228 0.003292 -0.472103
10  -0.000001 1.243404 0.000001  0.006309 0.001661 -0.328230
11  -0.244726 3.701095 0.087735  0.004244 0.003603 -0.402932
12  0.000000 1.766587 0.000004  0.003329 -0.002780 -0.523312
13  0.000000 1.189003 -0.000000  -0.016474 -0.006468 -0.416038
14  -0.277238 3.632247 1.274104  0.052687 0.017453 -0.279974
15  -0.000001 1.798495 0.000000  0.034542 0.015473 -0.421260
16  -0.000001 1.235451 0.000001  -0.006025 0.006058 -0.203611
17  0.315442 0.857299 0.755947  2.109433 0.373269 1.533784
18  0.000000 2.265939 0.000001  -0.056797 -0.034690 -0.271734
19  -0.000000 1.457812 -0.000001  -0.031121 0.045492 0.001395
20  -1.259680 3.818375 1.286950  0.052687 0.017453 -0.279974
21  -1.226390 3.891692 0.090423  0.004244 0.003603 -0.402932
22  -1.231622 3.875533 -0.958678  -0.054966 -0.028860 -0.393964
23  -1.209918 3.994781 -2.003045  -0.096194 -0.052727 -0.400403
24  0.328907 0.095427 1.403536  2.109432 0.373269 1.533784
25  -3.884757 -10.644718 27.385509  0.440489 0.043638 1.547347
26  -16.870777 -21.834059 7.086506  -1.570796 -0.000000 -1.570796
27  15.269911 -21.966835 13.863769  -0.051945 -0.000000 -1.570796
28  -7.028650 0.743399 -8.093216  0.485469 0.062450 3.114050
29  0.000000 13.479276 0.000000  0.999637 -0.000000 0.000000
30  0.000000 13.477238 0.000000  0.076830 0.028556 0.065071
31  0.267268 3.664726 -1.953294  -0.067893 0.086178 0.802666
32  0.000002 1.180356 -0.000000  -0.024201 0.028477 0.843506
33  -0.000001 0.817136 0.000001  0.010446 0.006491 0.658839
34  0.249421 3.688541 -0.940890  -0.032371 0.052975 0.932871
35  -0.000000 1.800634 -0.000001  0.000732 -0.005308 1.244337
36  0.000002 1.243407 0.000002  0.004815 -0.004401 0.811274
37  0.244726 3.701095 0.087732  0.001305 -0.005412 1.033087
38  -0.000001 1.766585 -0.000001  0.004298 0.000584 1.084130
39  0.000000 1.189002 -0.000001  -0.010510 0.014239 0.976837
40  0.277239 3.632248 1.274102  0.185107 -0.010184 0.144732
41  0.000001 1.798493 -0.000002  0.027685 -0.025810 0.750471
42  -0.000000 1.235452 0.000000  -0.008036 -0.002903 0.645088
43  -0.315441 0.857299 0.755944  -0.248767 -2.664688 1.150362
44  0.000001 2.265939 0.000001  -0.039010 0.053923 0.668054
45  -0.000001 1.457811 -0.000001  -0.054852 0.005358 1.066393
46  1.259681 3.818374 1.286945  0.185107 -0.010184 0.144732
47  1.226390 3.891693 0.090418  0.001305 -0.005412 1.033087
48  1.231622 3.875534 -0.958682  -0.032371 0.052975 0.932871
49  1.209918 3.994781 -2.003049  -0.067893 0.086178 0.802666
50  -0.328907 0.095429 1.403531  -0.248767 -2.664688 1.150362
51  -8.618792 -12.292792 11.585384  1.562070 0.000057 -3.135119
52  -8.110383 -19.738087 0.179033  -1.570796 -0.000000 1.570796
53  -7.028650 0.743399 -8.093216  -0.051945 0.000000 1.570796
54  -7.342360 -14.446527 -14.336354  1.579523 -0.006473 -0.000056
55  -1.855343 6.848200 8.911864  0.643721 -1.614433 -2.214061
56  0.461752 7.791412 26.458834  0.643346 -1.614420 -2.213684
57  0.599219 4.162452 9.540136  -0.024899 -0.027352 -0.026683
time 46
0  0 0 0  0 0 0
1  0.000000 0.000000 0.000000  1.570796 -0.000000 0.000000
2  15.269911 -21.966835 13.863769  0.401220 0.565851 1.432338
3  0.000001 13.479279 -0.000000  0.522249 0.000000 -0.000000
4  0.000001 13.477242 -0.000000  -0.571453 -0.208298 0.493629
5  -0.267271 3.664726 -1.953292  -0.096194 -0.052727 -0.400403
6  0.000000 1.180355 0.000000  -0.033422 -0.016719 -0.440925
7  0.000000 0.817136 -0.000005  0.007067 -0.010065 -0.256194
8  -0.249423 3.688540 -0.940888  -0.054966 -0.028860 -0.393964
9  -0.000001 1.800632 -0.000003  0.004228 0.003292 -0.472103
10  -0.000001 1.243404 0.000002  0.006309 0.001661 -0.328230
11  -0.244727 3.701095 0.087734  0.004244 0.003603 -0.402932
12  0.000002 1.766585 0.000001  0.003329 -0.002780 -0.523312
13  -0.000000 1.189003 0.000002  -0.016474 -0.006468 -0.416037
14  -0.277240 3.632249 1.274104  0.052687 0.017453 -0.279974
15  -0.000001 1.798494 -0.000001  0.034542 0.015473 -0.421259
16  0.000000 1.235452 0.000000  -0.006025 0.006058 -0.203611
17  0.315441 0.857301 0.755946  2.109432 0.373269 1.533784
18  0.000000 2.265936 0.000000  -0.056797 -0.034690 -0.271734
19  0.000000 1.457810 0.000001  -0.031121 0.045492 0.001395
20  -1.259682 3.818375 1.286949  0.052687 0.017453 -0.279974
21  -1.226390 3.891693 0.090421  0.004244 0.003603 -0.402931
22  -1.231623 3.875534 -0.958679  -0.054966 -0.028860 -0.393964
23  -1.209919 3.994782 -2.003046  -0.096194 -0.052727 -0.400403
24  0.328906 0.095430 1.403535  2.109432 0.373269 1.533784
25  -3.884696 -10.628576 27.382391  0.440463 0.044509 1.547310
26  -16.870777 -21.834059 7.086506  -1.570796 -0.000000 -1.570796
27  15.269911 -21.966835 13.863769  -0.051945 -0.000000 -1.570796
28  -7.028650 0.743399 -8.093216  0.485301 0.062456 3.114052
29  0.000000 13.479279 0.000000  1.000074 -0.000000 0.000000
30  -0.000000 13.477237 0.000000  0.077433 0.028535 0.065067
31  0.267270 3.664726 -1.953291  -0.067893 0.086178 0.802666
32  -0.000001 1.180356 -0.000002  -0.024201 0.028477 0.843506
33  -0.000000 0.817135 0.000002  0.010446 0.006491 0.658839
34  0.249424 3.688542 -0.940888  -0.032371 0.052975 0.932871
35  -0.000000 1.800635 -0.000000  0.000732 -0.005308 1.244337
36  0.000000 1.243407 -0.000001  0.004815 -0.004401 0.811274
37  0.244726 3.701097 0.087733  0.001305 -0.005412 1.033087
38  0.000002 1.766585 0.000002  0.004298 0.000584 1.084129
39  -0.000001 1.189003 0.000000  -0.010510 0.014239 0.976837
40  0.277239 3.632248 1.274103  0.185107 -0.010184 0.144732
41  -0.000001 1.798494 -0.000000  0.027685 -0.025810 0.750471
42  -0.000001 1.235451 -0.000000  -0.008036 -0.002903 0.645088
43  -0.315441 0.857300 0.755945  -0.248767 -2.664688 1.150362
44  0.000000 2.265939 0.000000  -0.039010 0.053923 0.668054
45  0.000001 1.457811 0.000000  -0.054851 0.005358 1.066393
46  1.259682 3.818375 1.286947  0.185107 -0.010184 0.144732
47  1.226390 3.891694 0.090421  0.001305 -0.005412 1.033087
48  1.231623 3.875535 -0.958679  -0.032371 0.052975 0.932871
49  1.209919 3.994782 -2.003047  -0.067893 0.086178 0.802666
50  -0.328906 0.095428 1.403535  -0.248767 -2.664688 1.150362
51  -8.618704 -12.290248 11.583685  1.562941 0.000056 -3.135154
52  -8.110383 -19.738087 0.179033  -1.570796 -0.000000 1.570796
53  -7.028650 0.743399 -8.093216  -0.051945 0.000000 1.570796
54  -7.342360 -14.446614 -14.331363  1.578652 -0.006438 -0.000056
55  -1.855344 6.848202 8.911866  0.643721 -1.614433 -2.214061
56  0.461753 7.791414 26.458832  0.643346 -1.614420 -2.213684
57  0.599219 4.162454 9.540135  -0.024899 -0.027352 -0.026683
time 47
0  0 0 0  0 0 0
1  0.000000 0.000000 0.000000  1.570796 -0.000000 0.000000
2  15.269911 -21.966835 13.863769  0.401960 0.566553 1.432128
3  0.000005 13.479279 0.000002  0.520806 0.000000 -0.000000
4  0.000000 13.477239 0.000000  -0.570912 -0.208458 0.493408
5  -0.267269 3.664726 -1.953293  -0.096194 -0.052727 -0.400403
6  0.000001 1.180354 0.000004  -0.033423 -0.016719 -0.440925
7  0.000001 0.817135 0.000000  0.007067 -0.010065 -0.256194
8  -0.249421 3.688540 -0.940890  -0.054966 -0.028860 -0.393964
9  0.000001 1.800633 0.000000  0.004228 0.003292 -0.472103
10  0.000001 1.243405 0.000003  0.006309 0.001661 -0.328230
11  -0.244725 3.701095 0.087734  0.004244 0.003603 -0.402932
12  0.000000 1.766584 0.000000  0.003329 -0.002780 -0.523312
13  0.000000 1.189005 0.000002  -0.016474 -0.006468 -0.416037
14  -0.277238 3.632247 1.274101  0.052687 0.017453 -0.279974
15  -0.000001 1.798494 -0.000003  0.034542 0.015473 -0.421259
16  -0.000000 1.235451 0.000001  -0.006025 0.006058 -0.203611
17  0.315441 0.857300 0.755944  2.109432 0.373269 1.533784
18  0.000000 2.265940 0.000002  -0.056797 -0.034690 -0.271734
19  -0.000000 1.457811 0.000000  -0.031121 0.045492 0.001395
20  -1.259680 3.818374 1.286944  0.052687 0.017453 -0.279974
21  -1.226391 3.891693 0.090417  0.004244 0.003603 -0.402932
22  -1.231622 3.875534 -0.958681  -0.054966 -0.028860 -0.393964
23  -1.209917 3.994781 -2.003049  -0.096194 -0.052727 -0.400403
24  0.328908 0.095428 1.403533  2.109432 0.373269 1.533784
25  -3.884371 -10.612815 27.379292  0.440438 0.045373 1.547205
26  -16.870777 -21.834059 7.086506  -1.570796 -0.000000 -1.570796
27  15.269911 -21.966835 13.863769  -0.051945 -0.000000 -1.570796
28  -7.028650 0.743399 -8.093216  0.485133 0.062453 3.114051
29  0.000000 13.479278 0.000000  1.000514 -0.000000 0.000000
30  0.000000 13.477240 0.000000  0.078024 0.028451 0.065048
31  0.267270 3.664727 -1.953293  -0.067893 0.086178 0.802666
32  -0.000001 1.180355 0.000000  -0.024201 0.028477 0.843506
33  -0.000002 0.817135 0.000001  0.010446 0.006491 0.658839
34  0.249423 3.688542 -0.940888  -0.032371 0.052975 0.932871
35  0.000000 1.800633 0.000001  0.000732 -0.005308 1.244337
36  -0.000000 1.243406 0.000000  0.004815 -0.004401 0.811274
37  0.244726 3.701096 0.087733  0.001305 -0.005412 1.033087
38  0.000000 1.766586 -0.000002  0.004298 0.000584 1.084129
39  0.000001 1.189003 -0.000000  -0.010510 0.014239 0.976837
40  0.277239 3.632249 1.274103  0.185107 -0.010184 0.144732
41  -0.000001 1.798492 0.000002  0.027685 -0.025810 0.750471
42  -0.000001 1.235453 0.000000  -0.008036 -0.002903 0.645088
43  -0.315441 0.857301 0.755943  -0.248767 -2.664688 1.150363
44  -0.000002 2.265938 0.000001  -0.039010 0.053923 0.668054
45  0.000001 1.457811 0.000001  -0.054852 0.005358 1.066393
46  1.259681 3.818376 1.286946  0.185107 -0.010184 0.144732
47  1.226390 3.891694 0.090419  0.001305 -0.005412 1.033087
48  1.231623 3.875535 -0.958680  -0.032371 0.052975 0.932871
49  1.209918 3.994782 -2.003047  -0.067893 0.086178 0.802666
50  -0.328907 0.095429 1.403532  -0.248767 -2.664688 1.150362
51  -8.618480 -12.287642 11.582005  1.563805 0.000055 -3.135258
52  -8.110383 -19.738087 0.179033  -1.570796 -0.000000 1.570796
53  -7.028650 0.743399 -8.093216  -0.051945 0.000000 1.570796
54  -7.342360 -14.446701 -14.326415  1.577788 -0.006335 -0.000055
55  -1.855343 6.848201 8.911865  0.643721 -1.614433 -2.214061
56  0.461752 7.791412 26.458828  0.643346 -1.614420 -2.213684
57  0.599219 4.162452 9.540134  -0.024899 -0.027352 -0.026683
time 48
0  0 0 0  0 0 0
1  0.000000 0.000000 0.000000  1.570796 -0.000000 0.000000
2  15.269911 -21.966835 13.863769  0.402651 0.567234 1.431924
3  0.000003 13.479279 0.000002  0.519470 0.000000 -0.000000
4  0.000000 13.477239 -0.000001  -0.570408 -0.208647 0.493156
5  -0.267270 3.664727 -1.953295  -0.096194 -0.052727 -0.400403
6  0.000000 1.180355 0.000002  -0.033422 -0.016719 -0.440925
7  0.000000 0.817134 0.000001  0.007067 -0.010065 -0.256194
8  -0.249422 3.688542 -0.940891  -0.054966 -0.028860 -0.393964
9  -0.000001 1.800633 -0.000002  0.004228 0.003292 -0.472103
10  -0.000000 1.243405 0.000000  0.006309 0.001661 -0.328230
11  -0.244726 3.701096 0.087730  0.004244 0.003603 -0.402932
12  -0.000000 1.766583 -0.000001  0.003329 -0.002780 -0.523312
13  0.000001 1.189004 0.000000  -0.016474 -0.006468 -0.416037
14  -0.277240 3.632247 1.274100  0.052687 0.017453 -0.279974
15  -0.000000 1.798495 0.000001  0.034542 0.015473 -0.421260
16  -0.000001 1.235451 -0.000000  -0.006025 0.006058 -0.203611
17  0.315440 0.857299 0.755940  2.109432 0.373269 1.533784
18  -0.000000 2.265939 0.000001  -0.056797 -0.034690 -0.271734
19  0.000000 1.457810 -0.000001  -0.031121 0.045492 0.001395
20  -1.259681 3.818374 1.286943  0.052687 0.017453 -0.279974
21  -1.226391 3.891693 0.090418  0.004244 0.003603 -0.402932
22  -1.231623 3.875535 -0.958681  -0.054966 -0.028860 -0.393964
23  -1.209919 3.994781 -2.003051  -0.096194 -0.052727 -0.400403
24  0.328906 0.095428 1.403530  2.109432 0.373269 1.533784
25  -3.883790 -10.597577 27.376234  0.440415 0.046220 1.547035
26  -16.870777 -21.834059 7.086506  -1.570796 -0.000000 -1.570796
27  15.269911 -21.966835 13.863769  -0.051945 -0.000000 -1.570796
28  -7.028650 0.743399 -8.093216  0.484967 0.062440 3.114046
29  0.000001 13.479277 0.000000  1.000954 -0.000000 0.000000
30  0.000000 13.477240 0.000001  0.078598 0.028306 0.065015
31  0.267270 3.664726 -1.953292  -0.067893 0.086178 0.802666
32  0.000001 1.180355 0.000001  -0.024201 0.028477 0.843506
33  0.000002 0.817135 0.000001  0.010446 0.006491 0.658838
34  0.249423 3.688542 -0.940888  -0.032371 0.052975 0.932871
35  0.000002 1.800633 0.000001  0.000732 -0.005308 1.244336
36  -0.000001 1.243408 0.000001  0.004815 -0.004401 0.811274
37  0.244726 3.701096 0.087733  0.001305 -0.005412 1.033087
38  -0.000000 1.766585 -0.000001  0.004298 0.000584 1.084130
39  0.000001 1.189002 0.000000  -0.010510 0.014239 0.976837
40  0.277239 3.632247 1.274103  0.185107 -0.010184 0.144732
41  0.000001 1.798495 -0.000001  0.027685 -0.025810 0.750471
42  0.000000 1.235451 0.000002  -0.008036 -0.002903 0.645088
43  -0.315441 0.857300 0.755944  -0.248767 -2.664688 1.150362
44  0.000000 2.265939 -0.000001  -0.039010 0.053923 0.668054
45  0.000000 1.457811 -0.000001  -0.054852 0.005358 1.066393
46  1.259682 3.818375 1.286945  0.185107 -0.010184 0.144732
47  1.226392 3.891693 0.090419  0.001305 -0.005412 1.033087
48  1.231623 3.875535 -0.958679  -0.032371 0.052975 0.932871
49  1.209918 3.994782 -2.003047  -0.067893 0.086178 0.802666
50  -0.328905 0.095429 1.403533  -0.248767 -2.664688 1.150362
51  -8.618123 -12.284998 11.580357  1.564653 0.000054 -3.135427
52  -8.110383 -19.738087 0.179033  -1.570796 -0.000000 1.570796
53  -7.028650 0.743399 -8.093216  -0.051945 0.000000 1.570796
54  -7.342360 -14.446786 -14.321557  1.576940 -0.006165 -0.000054
55  -1.855344 6.848198 8.911867  0.643721 -1.614433 -2.214061
56  0.461752 7.791411 26.458832  0.643346 -1.614420 -2.213684
57  0.599218 4.162450 9.540137  -0.024899 -0.027352 -0.026683
time 49
0  0 0 0  0 0 0
1  0.000000 0.000000 0.000000  1.570796 -0.000000 0.000000
2  15.269911 -21.966835 13.863769  0.403286 0.567889 1.431728
3  0.000002 13.479279 0.000000  0.518253 0.000000 -0.000000
4  -0.000000 13.477241 -0.000000  -0.569945 -0.208864 0.492874
5  -0.267270 3.664726 -1.953292  -0.096193 -0.052727 -0.400403
6  -0.000000 1.180355 -0.000000  -0.033422 -0.016719 -0.440925
7  0.000001 0.817135 0.000003  0.007067 -0.010065 -0.256194
8  -0.249422 3.688540 -0.940891  -0.054966 -0.028860 -0.393964
9  -0.000000 1.800632 -0.000002  0.004228 0.003292 -0.472103
10  -0.000001 1.243407 0.000000  0.006309 0.001661 -0.328230
11  -0.244726 3.701094 0.087732  0.004244 0.003603 -0.402932
12  0.000000 1.766585 0.000002  0.003329 -0.002780 -0.523312
13  0.000001 1.189003 -0.000001  -0.016474 -0.006468 -0.416037
14  -0.277239 3.632248 1.274102  0.052687 0.017453 -0.279974
15  -0.000001 1.798495 0.000000  0.034542 0.015472 -0.421260
16  0.000001 1.235450 0.000000  -0.006025 0.006058 -0.203611
17  0.315442 0.857299 0.755943  2.109433 0.373269 1.533784
18  -0.000000 2.265939 0.000001  -0.056797 -0.034690 -0.271734
19  0.000001 1.457811 -0.000001  -0.031121 0.045492 0.001395
20  -1.259680 3.818373 1.286945  0.052687 0.017453 -0.279974
21  -1.226390 3.891692 0.090418  0.004244 0.003603 -0.402931
22  -1.231622 3.875533 -0.958681  -0.054966 -0.028860 -0.393964
23  -1.209919 3.994781 -2.003048  -0.096193 -0.052727 -0.400403
24  0.328906 0.095428 1.403531  2.109432 0.373269 1.533784
25  -3.882962 -10.582994 27.373249  0.440392 0.047045 1.546801
26  -16.870777 -21.834059 7.086506  -1.570796 -0.000000 -1.570796
27  15.269911 -21.966835 13.863769  -0.051945 -0.000000 -1.570796
28  -7.028650 0.743399 -8.093216  0.484805 0.062419 3.114037
29  0.000000 13.479276 -0.000000  1.001391 -0.000000 0.000000
30  -0.000001 13.477240 0.000002  0.079149 0.028102 0.064969
31  0.267271 3.664727 -1.953292  -0.067893 0.086178 0.802666
32  -0.000001 1.180354 -0.000002  -0.024201 0.028477 0.843506
33  0.000000 0.817136 -0.000000  0.010446 0.006491 0.658839
34  0.249424 3.688543 -0.940889  -0.032371 0.052975 0.932871
35  0.000001 1.800635 0.000001  0.000732 -0.005308 1.244337
36  -0.000000 1.243406 -0.000000  0.004815 -0.004401 0.811274
37  0.244728 3.701097 0.087733  0.001305 -0.005412 1.033087
38  -0.000001 1.766586 -0.000001  0.004298 0.000584 1.084130
39  -0.000000 1.189004 -0.000000  -0.010510 0.014239 0.976837
40  0.277241 3.632249 1.274103  0.185107 -0.010184 0.144732
41  0.000001 1.798494 -0.000002  0.027685 -0.025810 0.750471
42  -0.000001 1.235451 0.000001  -0.008036 -0.002903 0.645088
43  -0.315440 0.857301 0.755944  -0.248767 -2.664688 1.150363
44  -0.000000 2.265939 0.000000  -0.039010 0.053923 0.668054
45  -0.000000 1.457811 0.000000  -0.054852 0.005358 1.066392
46  1.259683 3.818376 1.286947  0.185107 -0.010184 0.144732
47  1.226391 3.891695 0.090419  0.001305 -0.005412 1.033087
48  1.231625 3.875536 -0.958679  -0.032371 0.052975 0.932871
49  1.209920 3.994782 -2.003047  -0.067893 0.086178 0.802666
50  -0.328905 0.095430 1.403534  -0.248767 -2.664688 1.150362
51  -8.617642 -12.282342 11.578755  1.565478 0.000052 -3.135660
52  -8.110383 -19.738087 0.179033  -1.570796 -0.000000 1.570796
53  -7.028650 0.743399 -8.093216  -0.051945 0.000000 1.570796
54  -7.342360 -14.446868 -14.316832  1.576115 -0.005933 -0.000052
55  -1.855344 6.848201 8.911869  0.643721 -1.614433 -2.214061
56  0.461752 7.791413 26.458832  0.643346 -1.614420 -2.213684
57  0.599218 4.162452 9.540135  -0.024899 -0.027352 -0.026683
time 50
0  0 0 0  0 0 0
1  0.000000 0.000000 0.000000  1.570796 -0.000000 0.000000
2  15.269911 -21.966835 13.863769  0.403861 0.568510 1.431542
3  0.000005 13.479278 0.000002  0.517166 0.000000 -0.000000
4  -0.000001 13.477242 -0.000001  -0.569526 -0.209107 0.492566
5  -0.267269 3.664727 -1.953295  -0.096193 -0.052727 -0.400403
6  -0.000001 1.180354 -0.000003  -0.033422 -0.016719 -0.440925
7  0.000002 0.817134 0.000001  0.007067 -0.010065 -0.256194
8  -0.249421 3.688541 -0.940890  -0.054966 -0.028860 -0.393964
9  0.000002 1.800632 -0.000001  0.004228 0.003292 -0.472103
10  -0.000001 1.243406 -0.000004  0.006309 0.001661 -0.328230
11  -0.244726 3.701097 0.087731  0.004244 0.003603 -0.402932
12  0.000001 1.766582 0.000002  0.003329 -0.002780 -0.523312
13  0.000000 1.189003 0.000001  -0.016474 -0.006468 -0.416037
14  -0.277239 3.632249 1.274101  0.052687 0.017453 -0.279974
15  -0.000001 1.798496 0.000003  0.034542 0.015473 -0.421260
16  -0.000000 1.235450 -0.000000  -0.006025 0.006058 -0.203611
17  0.315441 0.857300 0.755943  2.109433 0.373269 1.533785
18  0.000000 2.265940 -0.000001  -0.056797 -0.034690 -0.271734
19  -0.000000 1.457813 -0.000001  -0.031121 0.045492 0.001395
20  -1.259680 3.818375 1.286945  0.052687 0.017453 -0.279974
21  -1.226390 3.891694 0.090420  0.004244 0.003603 -0.402932
22  -1.231623 3.875535 -0.958680  -0.054966 -0.028860 -0.393964
23  -1.209917 3.994782 -2.003049  -0.096194 -0.052727 -0.400403
24  0.328906 0.095430 1.403534  2.109432 0.373269 1.533784
25  -3.881893 -10.569200 27.370371  0.440371 0.047838 1.546508
26  -16.870777 -21.834059 7.086506  -1.570796 -0.000000 -1.570796
27  15.269911 -21.966835 13.863769  -0.051945 -0.000000 -1.570796
28  -7.028650 0.743399 -8.093216  0.484647 0.062389 3.114025
29  -0.000000 13.479278 -0.000000  1.001819 -0.000000 0.000000
30  0.000000 13.477240 0.000000  0.079672 0.027843 0.064911
31  0.267269 3.664727 -1.953292  -0.067893 0.086178 0.802666
32  0.000002 1.180354 0.000000  -0.024201 0.028477 0.843506
33  0.000001 0.817135 -0.000000  0.010446 0.006491 0.658839
34  0.249422 3.688542 -0.940889  -0.032371 0.052975 0.932871
35  0.000002 1.800631 -0.000001  0.000732 -0.005308 1.244337
36  -0.000001 1.243409 0.000000  0.004815 -0.004401 0.811275
37  0.244726 3.701097 0.087733  0.001305 -0.005412 1.033087
38  -0.000000 1.766583 -0.000000  0.004298 0.000584 1.084130
39  -0.000000 1.189003 -0.000000  -0.010510 0.014239 0.976837
40  0.277239 3.632249 1.274102  0.185107 -0.010184 0.144732
41  0.000001 1.798495 0.000000  0.027685 -0.025810 0.750471
42  -0.000003 1.235452 -0.000002  -0.008036 -0.002903 0.645088
43  -0.315442 0.857301 0.755944  -0.248767 -2.664688 1.150362
44  -0.000001 2.265939 0.000000  -0.039010 0.053923 0.668054
45  0.000000 1.457810 -0.000000  -0.054852 0.005358 1.066393
46  1.259681 3.818376 1.286945  0.185107 -0.010184 0.144732
47  1.226390 3.891695 0.090419  0.001305 -0.005412 1.033087
48  1.231623 3.875535 -0.958680  -0.032371 0.052975 0.932871
49  1.209918 3.994782 -2.003047  -0.067893 0.086178 0.802666
50  -0.328907 0.095429 1.403532  -0.248767 -2.664688 1.150362
51  -8.617041 -12.279700 11.577218  1.566272 0.000049 -3.135952
52  -8.110383 -19.738087 0.179033  -1.570796 -0.000000 1.570796
53  -7.028650 0.743399 -8.093216  -0.051945 0.000000 1.570796
54  -7.342360 -14.446948 -14.312284  1.575321 -0.005640 -0.000049
55  -1.855343 6.848199 8.911865  0.643721 -1.614433 -2.214061
56  0.461752 7.791411 26.458834  0.643346 -1.614420 -2.213684
57  0.599219 4.162451 9.540135  -0.024899 -0.027352 -0.026683
time 51
0  0 0 0  0 0 0
1  0.000000 0.000000 0.000000  1.570796 -0.000000 0.000000
2  15.269911 -21.966835 13.863769  0.404367 0.569093 1.431367
3  0.000003 13.479277 0.000000  0.516222 -0.000000 -0.000000
4  -0.000000 13.477238 -0.000001  -0.569158 -0.209372 0.492234
5  -0.267269 3.664727 -1.953293  -0.096194 -0.052727 -0.400403
6  -0.000000 1.180355 0.000002  -0.033422 -0.016719 -0.440925
7  -0.000000 0.817136 0.000000  0.007067 -0.010065 -0.256194
8  -0.249423 3.688542 -0.940886  -0.054966 -0.028860 -0.393964
9  -0.000002 1.800633 0.000001  0.004228 0.003292 -0.472103
10  -0.000001 1.243407 0.000001  0.006309 0.001661 -0.328230
11  -0.244726 3.701096 0.087732  0.004244 0.003603 -0.402932
12  -0.000000 1.766586 -0.000001  0.003329 -0.002780 -0.523312
13  0.000002 1.189005 -0.000003  -0.016474 -0.006468 -0.416037
14  -0.277239 3.632247 1.274103  0.052687 0.017453 -0.279974
15  -0.000001 1.798494 -0.000002  0.034542 0.015472 -0.421259
16  0.000000 1.235450 0.000001  -0.006025 0.006058 -0.203611
17  0.315442 0.857300 0.755944  2.109432 0.373269 1.533784
18  0.000000 2.265939 -0.000003  -0.056797 -0.034690 -0.271734
19  0.000000 1.457814 -0.000004  -0.031121 0.045492 0.001395
20  -1.259681 3.818375 1.286947  0.052687 0.017453 -0.279974
21  -1.226390 3.891694 0.090422  0.004244 0.003603 -0.402932
22  -1.231623 3.875534 -0.958680  -0.054966 -0.028860 -0.393964
23  -1.209918 3.994782 -2.003047  -0.096194 -0.052727 -0.400403
24  0.328907 0.095429 1.403535  2.109432 0.373269 1.533784
25  -3.880594 -10.556330 27.367620  0.440351 0.048593 1.546156
26  -16.870777 -21.834059 7.086506  -1.570796 -0.000000 -1.570796
27  15.269911 -21.966835 13.863769  -0.051945 -0.000000 -1.570796
28  -7.028650 0.743399 -8.093216  0.484496 0.062351 3.114010
29  -0.000001 13.479275 -0.000000  1.002235 -0.000000 0.000000
30  -0.000000 13.477239 0.000000  0.080163 0.027529 0.064841
31  0.267271 3.664727 -1.953294  -0.067893 0.086178 0.802666
32  0.000001 1.180354 0.000000  -0.024201 0.028477 0.843506
33  0.000002 0.817136 -0.000002  0.010446 0.006491 0.658839
34  0.249424 3.688542 -0.940889  -0.032371 0.052975 0.932871
35  0.000002 1.800634 0.000002  0.000732 -0.005308 1.244337
36  -0.000001 1.243405 0.000001  0.004815 -0.004401 0.811275
37  0.244728 3.701096 0.087733  0.001305 -0.005412 1.033087
38  -0.000001 1.766585 0.000000  0.004298 0.000584 1.084130
39  -0.000001 1.189004 -0.000000  -0.010510 0.014239 0.976837
40  0.277240 3.632248 1.274102  0.185107 -0.010184 0.144732
41  -0.000002 1.798494 -0.000000  0.027685 -0.025810 0.750471
42  -0.000001 1.235450 -0.000001  -0.008036 -0.002903 0.645088
43  -0.315441 0.857300 0.755943  -0.248767 -2.664688 1.150362
44  0.000001 2.265940 -0.000001  -0.039010 0.053923 0.668054
45  -0.000000 1.457812 -0.000000  -0.054852 0.005358 1.066393
46  1.259683 3.818374 1.286945  0.185107 -0.010184 0.144732
47  1.226391 3.891692 0.090418  0.001305 -0.005412 1.033087
48  1.231623 3.875534 -0.958681  -0.032371 0.052975 0.932871
49  1.209921 3.994782 -2.003049  -0.067893 0.086178 0.802666
50  -0.328904 0.095428 1.403532  -0.248767 -2.664688 1.150362
51  -8.616326 -12.277093 11.575759  1.567026 0.000046 -3.136303
52  -8.110383 -19.738087 0.179033  -1.570796 -0.000000 1.570796
53  -7.028650 0.743399 -8.093216  -0.051945 0.000000 1.570796
54  -7.342360 -14.447023 -14.307959  1.574566 -0.005290 -0.000046
55  -1.855343 6.848202 8.911867  0.643721 -1.614433 -2.214061
56  0.461753 7.791414 26.458836  0.643346 -1.614420 -2.213684
57  0.599219 4.162454 9.540135  -0.024899 -0.027352 -0.026683
time 52
0  0 0 0  0 0 0
1  0.000000 0.000000 0.000000  1.570796 -0.000000 0.000000
2  15.269911 -21.966835 13.863769  0.404799 0.569632 1.431206
3  0.000002 13.479277 0.000000  0.515434 0.000000 -0.000000
4  -0.000001 13.477238 -0.000000  -0.568845 -0.209658 0.491883
5  -0.267270 3.664726 -1.953294  -0.096194 -0.052727 -0.400403
6  -0.000002 1.180356 0.000000  -0.033422 -0.016719 -0.440925
7  0.000002 0.817136 -0.000001  0.007067 -0.010065 -0.256194
8  -0.249424 3.688542 -0.940889  -0.054966 -0.028860 -0.393964
9  -0.000003 1.800633 0.000001  0.004228 0.003292 -0.472103
10  -0.000001 1.243406 0.000003  0.006309 0.001661 -0.328230
11  -0.244727 3.701096 0.087731  0.004244 0.003603 -0.402932
12  -0.000000 1.766584 0.000004  0.003329 -0.002780 -0.523312
13  -0.000001 1.189004 -0.000003  -0.016474 -0.006468 -0.416038
14  -0.277239 3.632248 1.274100  0.052687 0.017453 -0.279974
15  -0.000002 1.798497 0.000004  0.034542 0.015473 -0.421260
16  -0.000001 1.235453 0.000003  -0.006025 0.006058 -0.203611
17  0.315441 0.857300 0.755943  2.109433 0.373269 1.533784
18  -0.000000 2.265943 0.000002  -0.056797 -0.034690 -0.271734
19  0.000000 1.457809 0.000001  -0.031121 0.045492 0.001395
20  -1.259681 3.818376 1.286946  0.052687 0.017453 -0.279974
21  -1.226391 3.891695 0.090419  0.004244 0.003603 -0.402931
22  -1.231623 3.875534 -0.958682  -0.054966 -0.028860 -0.393964
23  -1.209919 3.994783 -2.003049  -0.096194 -0.052727 -0.400403
24  0.328905 0.095429 1.403533  2.109432 0.373269 1.533784
25  -3.879074 -10.544522 27.365028  0.440333 0.049301 1.545750
26  -16.870777 -21.834059 7.086506  -1.570796 -0.000000 -1.570796
27  15.269911 -21.966835 13.863769  -0.051945 -0.000000 -1.570796
28  -7.028650 0.743399 -8.093216  0.484352 0.062305 3.113991
29  0.000000 13.479276 0.000001  1.002635 -0.000000 0.000000
30  0.000000 13.477240 -0.000001  0.080615 0.027164 0.064759
31  0.267269 3.664727 -1.953293  -0.067893 0.086178 0.802666
32  -0.000001 1.180355 -0.000001  -0.024201 0.028477 0.843506
33  -0.000001 0.817134 0.000002  0.010446 0.006491 0.658839
34  0.249422 3.688542 -0.940889  -0.032371 0.052975 0.932871
35  0.000000 1.800635 0.000001  0.000732 -0.005308 1.244337
36  0.000000 1.243405 -0.000000  0.004815 -0.004401 0.811274
37  0.244726 3.701097 0.087732  0.001305 -0.005412 1.033087
38  -0.000002 1.766585 -0.000001  0.004298 0.000584 1.084129
39  0.000001 1.189003 0.000001  -0.010510 0.014239 0.976837
40  0.277240 3.632249 1.274103  0.185107 -0.010184 0.144732
41  0.000000 1.798497 0.000001  0.027685 -0.025810 0.750471
42  -0.000003 1.235451 -0.000000  -0.008036 -0.002903 0.645088
43  -0.315441 0.857301 0.755943  -0.248767 -2.664688 1.150362
44  0.000000 2.265940 0.000000  -0.039010 0.053923 0.668054
45  0.000002 1.457812 -0.000000  -0.054852 0.005358 1.066393
46  1.259681 3.818376 1.286946  0.185107 -0.010184 0.144732
47  1.226391 3.891694 0.090419  0.001305 -0.005412 1.033087
48  1.231623 3.875535 -0.958681  -0.032371 0.052975 0.932871
49  1.209920 3.994782 -2.003048  -0.067893 0.086178 0.802666
50  -0.328906 0.095429 1.403532  -0.248767 -2.664688 1.150362
51  -8.615503 -12.274552 11.574390  1.567735 0.000043 -3.136708
52  -8.110383 -19.738087 0.179033  -1.570796 -0.000000 1.570796
53  -7.028650 0.743399 -8.093216  -0.051945 0.000000 1.570796
54  -7.342360 -14.447094 -14.303900  1.573858 -0.004885 -0.000043
55  -1.855343 6.848200 8.911867  0.643721 -1.614433 -2.214061
56  0.461753 7.791412 26.458832  0.643346 -1.614420 -2.213684
57  0.599219 4.162451 9.540136  -0.024899 -0.027352 -0.026683
time 53
0  0 0 0  0 0 0
1  0.000000 0.000000 0.000000  1.570796 -0.000000 0.000000
2  15.269911 -21.966835 13.863769  0.405152 0.570119 1.431059
3  0.000002 13.479279 0.000001  0.514812 -0.000000 -0.000000
4  -0.000000 13.477242 0.000003  -0.568591 -0.209961 0.491514
5  -0.267270 3.664727 -1.953292  -0.096193 -0.052727 -0.400403
6  0.000001 1.180356 0.000002  -0.033422 -0.016719 -0.440925
7  0.000001 0.817135 0.000001  0.007067 -0.010065 -0.256194
8  -0.249423 3.688542 -0.940888  -0.054966 -0.028860 -0.393964
9  -0.000001 1.800633 0.000003  0.004228 0.003292 -0.472103
10  0.000002 1.243407 -0.000002  0.006309 0.001661 -0.328230
11  -0.244727 3.701097 0.087735  0.004244 0.003603 -0.402932
12  -0.000001 1.766586 0.000002  0.003329 -0.002780 -0.523312
13  0.000000 1.189003 0.000002  -0.016474 -0.006468 -0.416037
14  -0.277240 3.632248 1.274104  0.052687 0.017453 -0.279974
15  0.000000 1.798496 -0.000000  0.034542 0.015472 -0.421260
16  -0.000001 1.235451 -0.000004  -0.006025 0.006058 -0.203611
17  0.315441 0.857300 0.755945  2.109433 0.373269 1.533785
18  0.000000 2.265936 0.000001  -0.056797 -0.034690 -0.271734
19  0.000000 1.457810 -0.000003  -0.031121 0.045492 0.001395
20  -1.259682 3.818375 1.286946  0.052687 0.017453 -0.279974
21  -1.226391 3.891693 0.090419  0.004244 0.003603 -0.402932
22  -1.231624 3.875535 -0.958678  -0.054966 -0.028860 -0.393964
23  -1.209920 3.994782 -2.003047  -0.096194 -0.052727 -0.400403
24  0.328906 0.095429 1.403534  2.109432 0.373269 1.533784
25  -3.877341 -10.533907 27.362631  0.440318 0.049955 1.545292
26  -16.870777 -21.834059 7.086506  -1.570796 -0.000000 -1.570796
27  15.269911 -21.966835 13.863769  -0.051945 -0.000000 -1.570796
28  -7.028650 0.743399 -8.093216  0.484218 0.062251 3.113969
29  -0.000000 13.479277 0.000000  1.003014 -0.000000 0.000000
30  -0.000000 13.477239 0.000000  0.081024 0.026751 0.064666
31  0.267269 3.664725 -1.953292  -0.067893 0.086178 0.802666
32  0.000000 1.180354 -0.000002  -0.024201 0.028477 0.843506
33  -0.000002 0.817134 0.000000  0.010446 0.006491 0.658838
34  0.249422 3.688540 -0.940889  -0.032371 0.052975 0.932871
35  -0.000002 1.800633 0.000000  0.000732 -0.005308 1.244337
36  -0.000000 1.243406 -0.000002  0.004815 -0.004401 0.811275
37  0.244726 3.701095 0.087733  0.001305 -0.005412 1.033087
38  -0.000002 1.766586 0.000001  0.004298 0.000584 1.084130
39  -0.000000 1.189002 -0.000000  -0.010510 0.014239 0.976837
40  0.277239 3.632248 1.274103  0.185107 -0.010184 0.144732
41  -0.000000 1.798492 0.000000  0.027685 -0.025810 0.750471
42  0.000000 1.235452 -0.000001  -0.008036 -0.002903 0.645088
43  -0.315442 0.857299 0.755943  -0.248767 -2.664688 1.150363
44  0.000000 2.265939 -0.000001  -0.039010 0.053923 0.668054
45  0.000000 1.457811 -0.000002  -0.054852 0.005358 1.066393
46  1.259680 3.818375 1.286945  0.185107 -0.010184 0.144732
47  1.226391 3.891693 0.090419  0.001305 -0.005412 1.033087
48  1.231623 3.875534 -0.958680  -0.032371 0.052975 0.932871
49  1.209920 3.994781 -2.003048  -0.067893 0.086178 0.802666
50  -0.328907 0.095428 1.403533  -0.248767 -2.664688 1.150362
51  -8.614578 -12.272104 11.573132  1.568389 0.000039 -3.137165
52  -8.110383 -19.738087 0.179033  -1.570796 -0.000000 1.570796
53  -7.028650 0.743399 -8.093216  -0.051945 0.000000 1.570796
54  -7.342360 -14.447160 -14.300152  1.573204 -0.004428 -0.000039
55  -1.855343 6.848200 8.911865  0.643721 -1.614433 -2.214061
56  0.461753 7.791412 26.458830  0.643346 -1.614420 -2.213684
57  0.599219 4.162450 9.540135  -0.024899 -0.027352 -0.026683
time 54
0  0 0 0  0 0 0
1  0.000000 0.000000 0.000000  1.570796 -0.000000 0.000000
2  15.269911 -21.966835 13.863769  0.405417 0.570550 1.430930
3  0.000001 13.479277 -0.000001  0.514368 -0.000000 -0.000000
4  -0.000002 13.477240 0.000000  -0.568401 -0.210278 0.491132
5  -0.267270 3.664728 -1.953292  -0.096194 -0.052727 -0.400403
6  0.000002 1.180355 -0.000001  -0.033422 -0.016719 -0.440925
7  -0.000000 0.817135 0.000001  0.007067 -0.010065 -0.256194
8  -0.249422 3.688542 -0.940890  -0.054966 -0.028860 -0.393964
9  0.000002 1.800634 0.000002  0.004228 0.003292 -0.472103
10  0.000001 1.243406 -0.000002  0.006309 0.001661 -0.328230
11  -0.244726 3.701097 0.087730  0.004244 0.003603 -0.402932
12  0.000001 1.766583 -0.000000  0.003329 -0.002780 -0.523312
13  -0.000001 1.189004 -0.000002  -0.016474 -0.006468 -0.416037
14  -0.277239 3.632248 1.274101  0.052687 0.017453 -0.279974
15  0.000001 1.798496 -0.000001  0.034542 0.015473 -0.421260
16  0.000000 1.235450 0.000001  -0.006025 0.006058 -0.203611
17  0.315441 0.857301 0.755942  2.109432 0.373269 1.533784
18  0.000001 2.265941 -0.000001  -0.056797 -0.034690 -0.271734
19  0.000000 1.457814 0.000001  -0.031121 0.045492 0.001395
20  -1.259681 3.818376 1.286943  0.052687 0.017453 -0.279974
21  -1.226390 3.891694 0.090417  0.004244 0.003603 -0.402932
22  -1.231623 3.875535 -0.958681  -0.054966 -0.028860 -0.393964
23  -1.209918 3.994783 -2.003049  -0.096194 -0.052727 -0.400403
24  0.328907 0.095429 1.403531  2.109432 0.373269 1.533784
25  -3.875407 -10.524624 27.360451  0.440304 0.050547 1.544785
26  -16.870777 -21.834059 7.086506  -1.570796 -0.000000 -1.570796
27  15.269911 -21.966835 13.863769  -0.051945 -0.000000 -1.570796
28  -7.028650 0.743399 -8.093216  0.484094 0.062190 3.113944
29  -0.000000 13.479277 -0.000000  1.003369 -0.000000 0.000000
30  -0.000000 13.477239 -0.000000  0.081385 0.026290 0.064563
31  0.267270 3.664727 -1.953292  -0.067893 0.086178 0.802666
32  -0.000000 1.180356 -0.000000  -0.024201 0.028477 0.843506
33  0.000001 0.817135 0.000000  0.010446 0.006491 0.658839
34  0.249424 3.688542 -0.940888  -0.032371 0.052975 0.932871
35  0.000000 1.800633 0.000001  0.000732 -0.005308 1.244337
36  -0.000001 1.243407 0.000001  0.004815 -0.004401 0.811275
37  0.244728 3.701097 0.087734  0.001305 -0.005412 1.033087
38  0.000001 1.766585 -0.000000  0.004298 0.000584 1.084130
39  0.000001 1.189004 0.000001  -0.010510 0.014239 0.976837
40  0.277240 3.632249 1.274102  0.185107 -0.010184 0.144732
41  -0.000000 1.798492 -0.000000  0.027685 -0.025810 0.750471
42  0.000000 1.235451 0.000001  -0.008036 -0.002903 0.645088
43  -0.315440 0.857302 0.755944  -0.248767 -2.664688 1.150363
44  -0.000001 2.265938 -0.000002  -0.039010 0.053923 0.668054
45  0.000000 1.457812 0.000001  -0.054852 0.005358 1.066393
46  1.259682 3.818375 1.286947  0.185107 -0.010184 0.144732
47  1.226392 3.891695 0.090420  0.001305 -0.005412 1.033087
48  1.231624 3.875535 -0.958679  -0.032371 0.052975 0.932871
49  1.209921 3.994783 -2.003048  -0.067893 0.086178 0.802666
50  -0.328905 0.095430 1.403533  -0.248767 -2.664688 1.150362
51  -8.613557 -12.269771 11.571992  1.568981 0.000034 -3.137671
52  -8.110383 -19.738087 0.179033  -1.570796 -0.000000 1.570796
53  -7.028650 0.743399 -8.093216  -0.051945 0.000000 1.570796
54  -7.342360 -14.447219 -14.296761  1.572612 -0.003921 -0.000034
55  -1.855343 6.848201 8.911867  0.643721 -1.614433 -2.214061
56  0.461752 7.791413 26.458832  0.643346 -1.614420 -2.213684
57  0.599219 4.162452 9.540136  -0.024899 -0.027352 -0.026683
time 55
0  0 0 0  0 0 0
1  0.000000 0.000000 0.000000  1.570796 -0.000000 0.000000
2  15.269911 -21.966835 13.863769  0.405591 0.570917 1.430820
3  0.000004 13.479280 0.000001  0.514113 0.000000 -0.000000
4  0.000001 13.477240 -0.000001  -0.568279 -0.210609 0.490738
5  -0.267270 3.664727 -1.953289  -0.096193 -0.052727 -0.400403
6  0.000000 1.180354 0.000000  -0.033422 -0.016719 -0.440925
7  -0.000002 0.817133 0.000001  0.007067 -0.010065 -0.256195
8  -0.249423 3.688543 -0.940884  -0.054966 -0.028860 -0.393964
9  0.000000 1.800633 -0.000004  0.004228 0.003292 -0.472103
10  0.000003 1.243404 -0.000001  0.006309 0.001661 -0.328230
11  -0.244727 3.701097 0.087736  0.004244 0.003603 -0.402932
12  0.000000 1.766584 0.000001  0.003329 -0.002780 -0.523312
13  0.000002 1.189003 -0.000001  -0.016474 -0.006468 -0.416037
14  -0.277238 3.632249 1.274105  0.052687 0.017453 -0.279974
15  -0.000000 1.798497 0.000001  0.034542 0.015473 -0.421259
16  0.000001 1.235452 -0.000003  -0.006025 0.006058 -0.203611
17  0.315441 0.857300 0.755947  2.109433 0.373269 1.533785
18  0.000000 2.265940 -0.000002  -0.056797 -0.034690 -0.271734
19  -0.000000 1.457814 -0.000003  -0.031121 0.045492 0.001395
20  -1.259681 3.818376 1.286950  0.052687 0.017453 -0.279974
21  -1.226392 3.891695 0.090425  0.004244 0.003603 -0.402932
22  -1.231623 3.875535 -0.958678  -0.054966 -0.028860 -0.393964
23  -1.209919 3.994781 -2.003046  -0.096194 -0.052727 -0.400403
24  0.328905 0.095428 1.403535  2.109432 0.373269 1.533784
25  -3.873282 -10.516805 27.358522  0.440294 0.051070 1.544232
26  -16.870777 -21.834059 7.086506  -1.570796 -0.000000 -1.570796
27  15.269911 -21.966835 13.863769  -0.051945 -0.000000 -1.570796
28  -7.028650 0.743399 -8.093216  0.483983 0.062121 3.113917
29  0.000000 13.479277 0.000000  1.003695 -0.000000 0.000000
30  0.000002 13.477239 -0.000000  0.081692 0.025786 0.064451
31  0.267269 3.664726 -1.953293  -0.067893 0.086178 0.802666
32  -0.000000 1.180355 -0.000001  -0.024201 0.028477 0.843506
33  -0.000001 0.817135 0.000000  0.010446 0.006491 0.658839
34  0.249422 3.688543 -0.940889  -0.032371 0.052975 0.932871
35  0.000001 1.800633 -0.000001  0.000732 -0.005308 1.244336
36  0.000001 1.243407 0.000000  0.004815 -0.004401 0.811274
37  0.244726 3.701096 0.087732  0.001305 -0.005412 1.033087
38  -0.000001 1.766585 0.000002  0.004298 0.000584 1.084130
39  0.000001 1.189004 0.000001  -0.010510 0.014239 0.976837
40  0.277238 3.632248 1.274102  0.185107 -0.010184 0.144732
41  0.000000 1.798494 -0.000000  0.027685 -0.025810 0.750471
42  0.000002 1.235451 -0.000001  -0.008036 -0.002903 0.645088
43  -0.315441 0.857300 0.755943  -0.248767 -2.664688 1.150362
44  0.000001 2.265940 -0.000001  -0.039010 0.053923 0.668054
45  0.000000 1.457811 0.000001  -0.054852 0.005358 1.066393
46  1.259680 3.818375 1.286946  0.185107 -0.010184 0.144732
47  1.226389 3.891693 0.090420  0.001305 -0.005412 1.033087
48  1.231622 3.875533 -0.958680  -0.032371 0.052975 0.932871
49  1.209919 3.994782 -2.003048  -0.067893 0.086178 0.802666
50  -0.328907 0.095429 1.403532  -0.248767 -2.664688 1.150362
51  -8.612444 -12.267577 11.570990  1.569504 0.000030 -3.138224
52  -8.110383 -19.738087 0.179033  -1.570796 -0.000000 1.570796
53  -7.028650 0.743399 -8.093216  -0.051945 0.000000 1.570796
54  -7.342360 -14.447270 -14.293768  1.572089 -0.003368 -0.000029
55  -1.855344 6.848201 8.911865  0.643721 -1.614433 -2.214061
56  0.461752 7.791413 26.458828  0.643346 -1.614420 -2.213684
57  0.599219 4.162452 9.540136  -0.024899 -0.027352 -0.026683
time 56
0  0 0 0  0 0 0
1  0.000000 0.000000 0.000000  1.570796 -0.000000 0.000000
2  15.269911 -21.966835 13.863769  0.405667 0.571216 1.430730
3  0.000001 13.479277 0.000001  0.514058 0.000000 -0.000000
4  -0.000002 13.477240 0.000000  -0.568229 -0.210950 0.490337
5  -0.267268 3.664726 -1.953297  -0.096193 -0.052727 -0.400403
6  -0.000001 1.180356 0.000000  -0.033422 -0.016719 -0.440925
7  -0.000002 0.817136 0.000002  0.007067 -0.010065 -0.256195
8  -0.249423 3.688541 -0.940892  -0.054966 -0.028860 -0.393964
9  0.000001 1.800632 -0.000002  0.004228 0.003292 -0.472103
10  0.000003 1.243405 0.000001  0.006309 0.001661 -0.328230
11  -0.244725 3.701096 0.087728  0.004244 0.003603 -0.402932
12  -0.000001 1.766584 0.000000  0.003329 -0.002780 -0.523312
13  0.000000 1.189003 0.000001  -0.016474 -0.006468 -0.416037
14  -0.277238 3.632248 1.274098  0.052687 0.017453 -0.279974
15  0.000001 1.798491 -0.000002  0.034542 0.015472 -0.421259
16  -0.000001 1.235451 0.000002  -0.006025 0.006058 -0.203611
17  0.315442 0.857300 0.755940  2.109432 0.373269 1.533784
18  -0.000000 2.265941 -0.000000  -0.056797 -0.034690 -0.271734
19  0.000000 1.457810 -0.000001  -0.031121 0.045492 0.001395
20  -1.259681 3.818375 1.286942  0.052687 0.017453 -0.279974
21  -1.226390 3.891693 0.090417  0.004244 0.003603 -0.402932
22  -1.231623 3.875534 -0.958684  -0.054966 -0.028860 -0.393964
23  -1.209918 3.994781 -2.003051  -0.096194 -0.052727 -0.400403
24  0.328906 0.095429 1.403530  2.109432 0.373269 1.533784
25  -3.870977 -10.510588 27.356876  0.440286 0.051514 1.543634
26  -16.870777 -21.834059 7.086506  -1.570796 -0.000000 -1.570796
27  15.269911 -21.966835 13.863769  -0.051945 -0.000000 -1.570796
28  -7.028650 0.743399 -8.093216  0.483885 0.062046 3.113886
29  0.000000 13.479276 0.000001  1.003988 -0.000000 0.000000
30  0.000001 13.477237 0.000001  0.081940 0.025240 0.064329
31  0.267270 3.664727 -1.953292  -0.067893 0.086178 0.802666
32  -0.000003 1.180353 0.000000  -0.024201 0.028477 0.843506
33  -0.000001 0.817136 -0.000000  0.010446 0.006491 0.658839
34  0.249423 3.688541 -0.940888  -0.032371 0.052975 0.932871
35  0.000001 1.800633 0.000000  0.000732 -0.005308 1.244336
36  0.000001 1.243405 0.000001  0.004815 -0.004401 0.811274
37  0.244727 3.701096 0.087733  0.001305 -0.005412 1.033087
38  -0.000000 1.766584 0.000000  0.004298 0.000584 1.084130
39  -0.000001 1.189003 0.000000  -0.010510 0.014239 0.976837
40  0.277239 3.632249 1.274102  0.185107 -0.010184 0.144732
41  -0.000001 1.798496 -0.000001  0.027685 -0.025810 0.750471
42  -0.000002 1.235453 0.000002  -0.008036 -0.002903 0.645088
43  -0.315441 0.857300 0.755943  -0.248767 -2.664688 1.150362
44  0.000000 2.265940 0.000001  -0.039010 0.053923 0.668054
45  0.000000 1.457811 -0.000002  -0.054852 0.005358 1.066393
46  1.259681 3.818375 1.286946  0.185107 -0.010184 0.144732
47  1.226391 3.891693 0.090419  0.001305 -0.005412 1.033087
48  1.231623 3.875534 -0.958680  -0.032371 0.052975 0.932871
49  1.209918 3.994782 -2.003048  -0.067893 0.086178 0.802666
50  -0.328906 0.095428 1.403534  -0.248767 -2.664688 1.150362
51  -8.611247 -12.265551 11.570137  1.569948 0.000024 -3.138821
52  -8.110383 -19.738087 0.179033  -1.570796 -0.000000 1.570796
53  -7.028650 0.743399 -8.093216  -0.051945 0.000000 1.570796
54  -7.342360 -14.447315 -14.291221  1.571644 -0.002771 -0.000024
55  -1.855343 6.848201 8.911866  0.643721 -1.614433 -2.214061
56  0.461752 7.791414 26.458832  0.643346 -1.614420 -2.213684
57  0.599219 4.162452 9.540135  -0.024899 -0.027352 -0.026683
time 57
0  0 0 0  0 0 0
1  0.000000 0.000000 0.000000  1.570796 -0.000000 0.000000
2  15.269911 -21.966835 13.863769  0.405639 0.571439 1.430663
3  0.000005 13.479280 0.000000  0.514216 0.000000 -0.000000
4  0.000002 13.477241 0.000001  -0.568257 -0.211300 0.489931
5  -0.267270 3.664728 -1.953292  -0.096194 -0.052727 -0.400403
6  0.000000 1.180356 -0.000001  -0.033422 -0.016719 -0.440925
7  0.000003 0.817134 -0.000001  0.007067 -0.010065 -0.256194
8  -0.249423 3.688543 -0.940886  -0.054966 -0.028860 -0.393964
9  -0.000000 1.800634 0.000002  0.004228 0.003292 -0.472103
10  -0.000001 1.243406 -0.000000  0.006309 0.001661 -0.328230
11  -0.244726 3.701097 0.087735  0.004244 0.003603 -0.402931
12  0.000000 1.766583 0.000001  0.003329 -0.002780 -0.523312
13  0.000001 1.189003 0.000002  -0.016474 -0.006468 -0.416037
14  -0.277239 3.632249 1.274103  0.052687 0.017453 -0.279974
15  -0.000000 1.798495 -0.000001  0.034542 0.015473 -0.421259
16  -0.000003 1.235451 0.000005  -0.006025 0.006058 -0.203611
17  0.315441 0.857302 0.755947  2.109432 0.373269 1.533784
18  0.000000 2.265943 -0.000003  -0.056797 -0.034690 -0.271734
19  0.000000 1.457814 0.000000  -0.031121 0.045492 0.001395
20  -1.259681 3.818377 1.286949  0.052687 0.017453 -0.279974
21  -1.226390 3.891695 0.090422  0.004244 0.003603 -0.402932
22  -1.231623 3.875535 -0.958678  -0.054966 -0.028860 -0.393964
23  -1.209920 3.994783 -2.003046  -0.096194 -0.052727 -0.400403
24  0.328906 0.095429 1.403533  2.109432 0.373269 1.533784
25  -3.868504 -10.506105 27.355536  0.440280 0.051874 1.542996
26  -16.870777 -21.834059 7.086506  -1.570796 -0.000000 -1.570796
27  15.269911 -21.966835 13.863769  -0.051945 -0.000000 -1.570796
28  -7.028650 0.743399 -8.093216  0.483803 0.061964 3.113853
29  0.000001 13.479275 0.000000  1.004245 -0.000000 0.000000
30  -0.000001 13.477240 0.000000  0.082125 0.024654 0.064199
31  0.267268 3.664724 -1.953293  -0.067893 0.086178 0.802666
32  0.000000 1.180355 -0.000001  -0.024201 0.028477 0.843506
33  0.000001 0.817136 0.000001  0.010446 0.006491 0.658839
34  0.249421 3.688539 -0.940890  -0.032371 0.052975 0.932871
35  -0.000001 1.800633 -0.000000  0.000732 -0.005308 1.244337
36  0.000000 1.243405 -0.000000  0.004815 -0.004401 0.811274
37  0.244725 3.701094 0.087732  0.001305 -0.005412 1.033087
38  0.000001 1.766584 0.000001  0.004298 0.000584 1.084130
39  -0.000000 1.189004 0.000001  -0.010510 0.014239 0.976837
40  0.277237 3.632246 1.274102  0.185107 -0.010184 0.144732
41  0.000001 1.798496 0.000002  0.027685 -0.025810 0.750471
42  -0.000001 1.235451 0.000000  -0.008036 -0.002903 0.645088
43  -0.315442 0.857297 0.755943  -0.248767 -2.664688 1.150363
44  -0.000001 2.265939 -0.000001  -0.039010 0.053923 0.668054
45  -0.000000 1.457812 -0.000000  -0.054852 0.005358 1.066393
46  1.259680 3.818372 1.286945  0.185107 -0.010184 0.144732
47  1.226389 3.891690 0.090418  0.001305 -0.005412 1.033087
48  1.231622 3.875532 -0.958680  -0.032371 0.052975 0.932871
49  1.209918 3.994780 -2.003049  -0.067893 0.086178 0.802666
50  -0.328907 0.095426 1.403532  -0.248767 -2.664688 1.150362
51  -8.609968 -12.263718 11.569452  1.570308 0.000019 -3.139459
52  -8.110383 -19.738087 0.179033  -1.570796 -0.000000 1.570796
53  -7.028650 0.743399 -8.093216  -0.051945 0.000000 1.570796
54  -7.342360 -14.447351 -14.289162  1.571285 -0.002133 -0.000019
55  -1.855343 6.848200 8.911865  0.643721 -1.614433 -2.214061
56  0.461753 7.791412 26.458832  0.643346 -1.614420 -2.213684
57  0.599218 4.162450 9.540135  -0.024899 -0.027352 -0.026683
time 58
0  0 0 0  0 0 0
1  0.000000 0.000000 0.000000  1.570796 -0.000000 0.000000
2  15.269911 -21.966835 13.863769  0.405503 0.571582 1.430620
3  0.000004 13.479279 0.000002  0.514594 -0.000000 -0.000000
4  0.000002 13.477239 0.000000  -0.568365 -0.211656 0.489524
5  -0.267269 3.664726 -1.953292  -0.096194 -0.052727 -0.400403
6  -0.000000 1.180356 0.000000  -0.033422 -0.016719 -0.440925
7  -0.000000 0.817138 0.000003  0.007067 -0.010065 -0.256194
8  -0.249423 3.688541 -0.940889  -0.054966 -0.028860 -0.393963
9  0.000000 1.800632 -0.000001  0.004228 0.003292 -0.472103
10  0.000001 1.243407 -0.000002  0.006309 0.001661 -0.328230
11  -0.244727 3.701095 0.087732  0.004244 0.003603 -0.402932
12  0.000001 1.766586 -0.000001  0.003329 -0.002780 -0.523312
13  0.000001 1.189003 0.000000  -0.016474 -0.006468 -0.416037
14  -0.277240 3.632247 1.274103  0.052687 0.017453 -0.279974
15  -0.000001 1.798492 0.000001  0.034542 0.015473 -0.421259
16  0.000001 1.235452 -0.000001  -0.006025 0.006058 -0.203611
17  0.315441 0.857299 0.755945  2.109432 0.373269 1.533784
18  -0.000000 2.265940 0.000001  -0.056797 -0.034690 -0.271734
19  0.000001 1.457813 0.000001  -0.031121 0.045492 0.001395
20  -1.259681 3.818374 1.286947  0.052687 0.017453 -0.279974
21  -1.226391 3.891693 0.090421  0.004244 0.003603 -0.402932
22  -1.231623 3.875533 -0.958680  -0.054966 -0.028860 -0.393964
23  -1.209919 3.994781 -2.003048  -0.096194 -0.052727 -0.400403
24  0.328905 0.095428 1.403534  2.109432 0.373269 1.533784
25  -3.865875 -10.503491 27.354532  0.440278 0.052140 1.542320
26  -16.870777 -21.834059 7.086506  -1.570796 -0.000000 -1.570796
27  15.269911 -21.966835 13.863769  -0.051945 -0.000000 -1.570796
28  -7.028650 0.743399 -8.093216  0.483738 0.061876 3.113817
29  -0.000001 13.479275 -0.000000  1.004460 -0.000000 0.000000
30  -0.000000 13.477240 0.000000  0.082241 0.024032 0.064060
31  0.267270 3.664726 -1.953293  -0.067893 0.086178 0.802666
32  -0.000000 1.180353 -0.000001  -0.024201 0.028477 0.843506
33  0.000000 0.817136 -0.000001  0.010446 0.006491 0.658839
34  0.249423 3.688542 -0.940888  -0.032371 0.052975 0.932871
35  0.000000 1.800633 0.000000  0.000732 -0.005308 1.244337
36  0.000000 1.243407 -0.000001  0.004815 -0.004401 0.811274
37  0.244727 3.701094 0.087732  0.001305 -0.005412 1.033087
38  0.000001 1.766584 0.000001  0.004298 0.000584 1.084130
39  -0.000000 1.189004 0.000001  -0.010510 0.014239 0.976837
40  0.277240 3.632247 1.274103  0.185107 -0.010184 0.144732
41  -0.000001 1.798493 0.000001  0.027685 -0.025810 0.750471
42  -0.000000 1.235450 0.000001  -0.008036 -0.002903 0.645088
43  -0.315440 0.857299 0.755944  -0.248767 -2.664688 1.150362
44  0.000001 2.265938 0.000000  -0.039010 0.053923 0.668054
45  0.000000 1.457811 -0.000001  -0.054852 0.005358 1.066392
46  1.259681 3.818374 1.286945  0.185107 -0.010184 0.144732
47  1.226392 3.891692 0.090418  0.001305 -0.005412 1.033087
48  1.231624 3.875533 -0.958680  -0.032371 0.052975 0.932871
49  1.209920 3.994781 -2.003048  -0.067893 0.086178 0.802666
50  -0.328905 0.095427 1.403532  -0.248767 -2.664688 1.150362
51  -8.608614 -12.262100 11.568946  1.570574 0.000013 -3.140136
52  -8.110383 -19.738087 0.179033  -1.570796 -0.000000 1.570796
53  -7.028650 0.743399 -8.093216  -0.051945 0.000000 1.570796
54  -7.342360 -14.447378 -14.287636  1.571019 -0.001457 -0.000013
55  -1.855344 6.848201 8.911865  0.643721 -1.614433 -2.214061
56  0.461753 7.791412 26.458836  0.643346 -1.614420 -2.213684
57  0.599219 4.162451 9.540134  -0.024899 -0.027352 -0.026683
time 59
0  0 0 0  0 0 0
1  0.000000 0.000000 0.000000  1.570796 -0.000000 0.000000
2  15.269911 -21.966835 13.863769  0.405252 0.571637 1.430603
3  0.000005 13.479281 0.000002  0.515204 0.000000 -0.000000
4  0.000000 13.477239 -0.000001  -0.568558 -0.212016 0.489117
5  -0.267269 3.664726 -1.953292  -0.096193 -0.052727 -0.400403
6  0.000000 1.180355 0.000001  -0.033422 -0.016719 -0.440925
7  -0.000000 0.817135 -0.000001  0.007067 -0.010065 -0.256194
8  -0.249422 3.688541 -0.940887  -0.054966 -0.028860 -0.393964
9  -0.000000 1.800633 -0.000000  0.004228 0.003292 -0.472103
10  0.000000 1.243407 -0.000004  0.006309 0.001661 -0.328230
11  -0.244726 3.701096 0.087735  0.004244 0.003603 -0.402932
12  -0.000001 1.766584 0.000002  0.003329 -0.002780 -0.523312
13  0.000000 1.189004 0.000001  -0.016474 -0.006468 -0.416038
14  -0.277238 3.632247 1.274103  0.052687 0.017453 -0.279974
15  0.000002 1.798496 -0.000001  0.034542 0.015473 -0.421260
16  0.000000 1.235453 -0.000002  -0.006025 0.006058 -0.203611
17  0.315441 0.857300 0.755944  2.109432 0.373269 1.533785
18  -0.000000 2.265937 0.000001  -0.056797 -0.034690 -0.271734
19  -0.000001 1.457813 0.000000  -0.031121 0.045492 0.001395
20  -1.259680 3.818374 1.286947  0.052687 0.017453 -0.279974
21  -1.226390 3.891693 0.090419  0.004244 0.003603 -0.402932
22  -1.231622 3.875534 -0.958680  -0.054966 -0.028860 -0.393964
23  -1.209918 3.994781 -2.003046  -0.096194 -0.052727 -0.400403
24  0.328907 0.095428 1.403533  2.109432 0.373269 1.533784
25  -3.863103 -10.502884 27.353903  0.440280 0.052306 1.541608
26  -16.870777 -21.834059 7.086506  -1.570796 -0.000000 -1.570796
27  15.269911 -21.966835 13.863769  -0.051945 -0.000000 -1.570796
28  -7.028650 0.743399 -8.093216  0.483691 0.061781 3.113779
29  -0.000001 13.479277 -0.000000  1.004631 -0.000000 0.000000
30  -0.000001 13.477238 0.000000  0.082282 0.023376 0.063913
31  0.267271 3.664728 -1.953291  -0.067893 0.086178 0.802666
32  0.000001 1.180356 0.000002  -0.024201 0.028477 0.843506
33  -0.000000 0.817136 0.000000  0.010446 0.006491 0.658839
34  0.249424 3.688544 -0.940889  -0.032371 0.052975 0.932871
35  -0.000000 1.800633 0.000001  0.000732 -0.005308 1.244337
36  0.000000 1.243405 -0.000000  0.004815 -0.004401 0.811274
37  0.244728 3.701097 0.087734  0.001305 -0.005412 1.033087
38  0.000000 1.766584 -0.000001  0.004298 0.000584 1.084130
39  0.000001 1.189004 0.000001  -0.010510 0.014239 0.976837
40  0.277241 3.632250 1.274104  0.185107 -0.010184 0.144732
41  -0.000000 1.798492 -0.000001  0.027685 -0.025810 0.750471
42  -0.000001 1.235452 -0.000001  -0.008036 -0.002903 0.645088
43  -0.315440 0.857302 0.755944  -0.248767 -2.664688 1.150363
44  0.000001 2.265940 0.000000  -0.039010 0.053923 0.668054
45  -0.000000 1.457812 -0.000000  -0.054852 0.005358 1.066393
46  1.259682 3.818377 1.286946  0.185107 -0.010184 0.144732
47  1.226392 3.891695 0.090420  0.001305 -0.005412 1.033087
48  1.231623 3.875536 -0.958681  -0.032371 0.052975 0.932871
49  1.209920 3.994784 -2.003047  -0.067893 0.086178 0.802666
50  -0.328905 0.095430 1.403533  -0.248767 -2.664688 1.150362
51  -8.607188 -12.260728 11.568634  1.570739 0.000007 -3.140848
52  -8.110383 -19.738087 0.179033  -1.570796 -0.000000 1.570796
53  -7.028650 0.743399 -8.093216  -0.051945 0.000000 1.570796
54  -7.342360 -14.447394 -14.286688  1.570853 -0.000745 -0.000007
55  -1.855344 6.848201 8.911867  0.643721 -1.614433 -2.214061
56  0.461752 7.791413 26.458834  0.643346 -1.614420 -2.213685
57  0.599218 4.162453 9.540136  -0.024899 -0.027352 -0.026683
time 60
0  0 0 0  0 0 0
1  0.000000 0.000000 0.000000  1.570796 -0.000000 0.000000
2  15.269911 -21.966835 13.863769  0.404882 0.571599 1.430615
3  0.000003 13.479280 0.000000  0.516054 0.000000 -0.000000
4  0.000002 13.477238 -0.000000  -0.568839 -0.212379 0.488715
5  -0.267268 3.664726 -1.953293  -0.096193 -0.052727 -0.400403
6  0.000000 1.180357 0.000001  -0.033422 -0.016719 -0.440925
7  0.000000 0.817134 -0.000001  0.007067 -0.010065 -0.256194
8  -0.249422 3.688541 -0.940891  -0.054966 -0.028860 -0.393964
9  0.000000 1.800635 0.000001  0.004228 0.003292 -0.472103
10  0.000001 1.243407 0.000004  0.006309 0.001661 -0.328230
11  -0.244726 3.701095 0.087731  0.004244 0.003603 -0.402932
12  -0.000000 1.766586 -0.000002  0.003329 -0.002780 -0.523312
13  -0.000000 1.189005 0.000001  -0.016474 -0.006468 -0.416037
14  -0.277239 3.632249 1.274102  0.052687 0.017453 -0.279974
15  0.000002 1.798492 -0.000000  0.034542 0.015473 -0.421260
16  -0.000000 1.235450 -0.000001  -0.006025 0.006058 -0.203611
17  0.315442 0.857301 0.755942  2.109433 0.373269 1.533784
18  -0.000000 2.265936 -0.000001  -0.056797 -0.034690 -0.271734
19  -0.000000 1.457811 0.000003  -0.031121 0.045492 0.001395
20  -1.259680 3.818374 1.286944  0.052687 0.017453 -0.279974
21  -1.226390 3.891692 0.090417  0.004244 0.003603 -0.402932
22  -1.231623 3.875534 -0.958682  -0.054966 -0.028860 -0.393964
23  -1.209919 3.994782 -2.003049  -0.096193 -0.052727 -0.400403
24  0.328906 0.095429 1.403532  2.109432 0.373269 1.533784
25  -3.860201 -10.504416 27.353670  0.440284 0.052363 1.540863
26  -16.870777 -21.834059 7.086506  -1.570796 -0.000000 -1.570796
27  15.269911 -21.966835 13.863769  -0.051945 -0.000000 -1.570796
28  -7.028650 0.743399 -8.093216  0.483663 0.061681 3.113738
29  -0.000001 13.479277 0.000001  1.004753 -0.000000 0.000000
30  -0.000000 13.477238 0.000001  0.082244 0.022688 0.063760
31  0.267269 3.664726 -1.953294  -0.067893 0.086178 0.802666
32  -0.000002 1.180355 -0.000002  -0.024201 0.028477 0.843506
33  0.000001 0.817135 0.000000  0.010446 0.006491 0.658839
34  0.249423 3.688541 -0.940890  -0.032371 0.052975 0.932871
35  0.000000 1.800633 -0.000002  0.000732 -0.005308 1.244337
36  -0.000001 1.243406 -0.000002  0.004815 -0.004401 0.811275
37  0.244726 3.701095 0.087732  0.001305 -0.005412 1.033087
38  -0.000000 1.766584 0.000000  0.004298 0.000584 1.084129
39  0.000000 1.189004 0.000001  -0.010510 0.014239 0.976837
40  0.277239 3.632248 1.274102  0.185107 -0.010184 0.144732
41  -0.000000 1.798495 0.000000  0.027685 -0.025810 0.750471
42  0.000001 1.235451 0.000001  -0.008036 -0.002903 0.645088
43  -0.315442 0.857299 0.755943  -0.248767 -2.664688 1.150362
44  0.000000 2.265939 -0.000001  -0.039010 0.053923 0.668054
45  0.000000 1.457813 0.000000  -0.054852 0.005358 1.066393
46  1.259681 3.818374 1.286945  0.185107 -0.010184 0.144732
47  1.226391 3.891693 0.090418  0.001305 -0.005412 1.033087
48  1.231623 3.875534 -0.958681  -0.032371 0.052975 0.932871
49  1.209919 3.994781 -2.003049  -0.067893 0.086178 0.802666
50  -0.328907 0.095428 1.403532  -0.248767 -2.664688 1.150362
51  -8.605698 -12.259624 11.568533  1.570796 0.000000 -3.141593
52  -8.110383 -19.738087 0.179033  -1.570796 -0.000000 1.570796
53  -7.028650 0.743399 -8.093216  -0.051945 0.000000 1.570796
54  -7.342360 -14.447400 -14.286362  1.570796 -0.000000 0.000000
55  -1.855343 6.848201 8.911866  0.643721 -1.614433 -2.214061
56  0.461752 7.791413 26.458832  0.643346 -1.614420 -2.213684
57  0.599219 4.162452 9.540135  -0.024899 -0.027352 -0.026683
end
