version 1
nodes
0 "blender_implicit" -1
1 "root" -1
2 "upperarm_l" 1
3 "lowerarm_l" 2
4 "hand_l" 3
5 "pinky_0_l" 4
6 "pinky_1_l" 5
7 "pinky_2_l" 6
8 "ring_0_l" 4
9 "ring_1_l" 8
10 "ring_2_l" 9
11 "middle_0_l" 4
12 "middle_1_l" 11
13 "middle_2_l" 12
14 "index_0_l" 4
15 "index_1_l" 14
16 "index_2_l" 15
17 "thumb_0_l" 4
18 "thumb_1_l" 17
19 "thumb_2_l" 18
20 "rig_index_l" 4
21 "rig_middle_l" 4
22 "rig_ring_l" 4
23 "rig_pinky_l" 4
24 "rig_thumb_l" 4
25 "rig_hand_l" 1
26 "rig_l" 1
27 "rig_upperarm_l" 1
28 "upperarm_r" 1
29 "lowerarm_r" 28
30 "hand_r" 29
31 "pinky_0_r" 30
32 "pinky_1_r" 31
33 "pinky_2_r" 32
34 "ring_0_r" 30
35 "ring_1_r" 34
36 "ring_2_r" 35
37 "middle_0_r" 30
38 "middle_1_r" 37
39 "middle_2_r" 38
40 "index_0_r" 30
41 "index_1_r" 40
42 "index_2_r" 41
43 "thumb_0_r" 30
44 "thumb_1_r" 43
45 "thumb_2_r" 44
46 "rig_index_r" 30
47 "rig_middle_r" 30
48 "rig_ring_r" 30
49 "rig_pinky_r" 30
50 "rig_thumb_r" 30
51 "rig_hand_r" 1
52 "rig_r" 1
53 "rig_upperarm_r" 1
54 "bone_pistolGrip" -1
55 "bone_ejectionPort" 54
56 "bone_muzzle" 54
57 "bone_clip" 54
end
skeleton
time 0
0  0 0 0  0 0 0
1  0.000000 0.000000 0.000000  1.570796 -0.000000 0.000000
2  15.269911 -21.966835 13.863769  0.340009 0.582326 1.427364
3  0.000003 13.479280 0.000001  0.604495 0.000000 -0.000000
4  -0.000001 13.477239 -0.000001  -0.593657 -0.204003 0.504085
5  -0.267268 3.664725 -1.953294  -0.096194 -0.052727 -0.400403
6  -0.000001 1.180353 0.000000  -0.033422 -0.016719 -0.440925
7  -0.000002 0.817135 0.000000  0.007067 -0.010065 -0.256194
8  -0.249422 3.688541 -0.940888  -0.054966 -0.028860 -0.393964
9  -0.000001 1.800632 0.000004  0.004228 0.003292 -0.472103
10  0.000000 1.243407 0.000002  0.006309 0.001661 -0.328230
11  -0.244726 3.701094 0.087732  0.004244 0.003603 -0.402932
12  -0.000002 1.766584 -0.000001  0.003329 -0.002780 -0.523312
13  -0.000001 1.189003 -0.000005  -0.016474 -0.006468 -0.416037
14  -0.277238 3.632248 1.274103  0.052687 0.017453 -0.279974
15  0.000000 1.798493 -0.000002  0.034542 0.015473 -0.421260
16  -0.000000 1.235453 -0.000001  -0.006025 0.006058 -0.203611
17  0.315442 0.857299 0.755944  2.109432 0.373269 1.533784
18  0.000000 2.265938 0.000001  -0.056797 -0.034690 -0.271734
19  -0.000000 1.457810 0.000003  -0.031121 0.045492 0.001395
20  -1.259679 3.818374 1.286944  0.052687 0.017453 -0.279974
21  -1.226390 3.891692 0.090418  0.004244 0.003603 -0.402932
22  -1.231623 3.875534 -0.958681  -0.054966 -0.028860 -0.393964
23  -1.209918 3.994781 -2.003048  -0.096193 -0.052727 -0.400403
24  0.328907 0.095427 1.403533  2.109432 0.373269 1.533784
25  -3.913668 -10.630895 26.737650  0.440284 0.052363 1.540863
26  -16.870777 -21.834059 7.086506  -1.570796 -0.000000 -1.570796
27  15.269911 -21.966835 13.863769  -0.051945 -0.000000 -1.570796
28  -7.028650 0.743399 -8.093216  0.483663 0.061681 3.113738
29  -0.000001 13.479277 0.000001  1.004753 -0.000000 0.000000
30  -0.000000 13.477238 0.000001  0.082244 0.022688 0.063760
31  0.267269 3.664726 -1.953294  -0.067893 0.086178 0.802666
32  -0.000002 1.180355 -0.000002  -0.024201 0.028477 0.843506
33  0.000001 0.817135 0.000000  0.010446 0.006491 0.658839
34  0.249423 3.688541 -0.940890  -0.032371 0.052975 0.932871
35  0.000000 1.800633 -0.000002  0.000732 -0.005308 1.244337
36  -0.000001 1.243406 -0.000002  0.004815 -0.004401 0.811275
37  0.244726 3.701095 0.087732  0.001305 -0.005412 1.033087
38  -0.000000 1.766584 0.000000  0.004298 0.000584 1.084129
39  0.000000 1.189004 0.000001  -0.010510 0.014239 0.976837
40  0.277239 3.632248 1.274102  0.185107 -0.010184 0.144732
41  -0.000000 1.798495 0.000000  0.027685 -0.025810 0.750471
42  0.000001 1.235451 0.000001  -0.008036 -0.002903 0.645088
43  -0.315442 0.857299 0.755943  -0.248767 -2.664688 1.150362
44  0.000000 2.265939 -0.000001  -0.039010 0.053923 0.668054
45  0.000000 1.457813 0.000000  -0.054852 0.005358 1.066393
46  1.259681 3.818374 1.286945  0.185107 -0.010184 0.144732
47  1.226391 3.891693 0.090418  0.001305 -0.005412 1.033087
48  1.231623 3.875534 -0.958681  -0.032371 0.052975 0.932871
49  1.209919 3.994781 -2.003049  -0.067893 0.086178 0.802666
50  -0.328907 0.095428 1.403532  -0.248767 -2.664688 1.150362
51  -8.605698 -12.259624 11.568533  1.570796 0.000000 -3.141593
52  -8.110383 -19.738087 0.179033  -1.570796 -0.000000 1.570796
53  -7.028650 0.743399 -8.093216  -0.051945 0.000000 1.570796
54  -7.342360 -14.447400 -14.286362  1.570796 -0.000000 0.000000
55  -1.855343 6.848201 8.911866  0.643721 -1.614433 -2.214061
56  0.461752 7.791413 26.458832  0.643346 -1.614420 -2.213684
57  0.599219 4.162452 9.540135  -0.024899 -0.027352 -0.026683
time 1
0  0 0 0  0 0 0
1  0.000000 0.000000 0.000000  1.570796 -0.000000 0.000000
2  15.763676 -21.378178 14.503975  0.330071 0.723137 1.606954
3  0.000002 13.479278 -0.000000  0.880605 0.000000 -0.000000
4  -0.000005 13.477239 0.000000  -0.297447 0.253380 0.630634
5  -0.267270 3.664726 -1.953292  -0.096194 -0.052727 -0.400403
6  -0.000000 1.180354 -0.000000  -0.033423 -0.016719 -0.440925
7  0.000003 0.817134 -0.000000  0.007067 -0.010065 -0.256194
8  -0.249423 3.688543 -0.940887  -0.054966 -0.028860 -0.393964
9  0.000000 1.800632 0.000002  0.004228 0.003292 -0.472103
10  -0.000005 1.243405 0.000000  0.006309 0.001661 -0.328230
11  -0.244727 3.701095 0.087733  0.004244 0.003603 -0.402932
12  0.000000 1.766586 -0.000000  0.003329 -0.002780 -0.523312
13  -0.000003 1.189005 0.000000  -0.016474 -0.006468 -0.416037
14  -0.277239 3.632247 1.274102  0.052687 0.017453 -0.279974
15  -0.000002 1.798496 0.000002  0.034542 0.015472 -0.421259
16  0.000002 1.235448 -0.000000  -0.006025 0.006058 -0.203611
17  0.315441 0.857300 0.755945  2.109432 0.373269 1.533784
18  -0.000001 2.265940 0.000000  -0.056797 -0.034690 -0.271734
19  -0.000000 1.457810 0.000005  -0.031121 0.045492 0.001394
20  -1.259681 3.818376 1.286947  0.052687 0.017453 -0.279974
21  -1.226390 3.891694 0.090420  0.004244 0.003603 -0.402932
22  -1.231623 3.875535 -0.958679  -0.054966 -0.028860 -0.393964
23  -1.209920 3.994782 -2.003046  -0.096194 -0.052727 -0.400403
24  0.328906 0.095427 1.403534  2.109432 0.373269 1.533784
25  -2.131609 -10.781084 27.235262  1.041915 0.184142 2.066168
26  -7.041973 -22.890463 13.725750  -1.570796 -0.000000 -1.570796
27  15.763676 -21.378178 14.503975  -0.051945 -0.000000 -1.570796
28  -7.028650 0.743399 -8.093216  0.482633 0.050706 3.079361
29  -0.000000 13.479276 0.000000  1.008836 -0.000000 0.000000
30  0.000000 13.477238 -0.000000  0.078211 -0.007397 0.051147
31  0.267271 3.664726 -1.953292  -0.067893 0.086178 0.802666
32  -0.000002 1.180354 0.000001  -0.024201 0.028477 0.843506
33  -0.000003 0.817135 0.000000  0.010446 0.006491 0.658839
34  0.249424 3.688541 -0.940889  -0.032371 0.052975 0.932871
35  0.000000 1.800634 -0.000002  0.000732 -0.005308 1.244336
36  0.000000 1.243405 0.000001  0.004815 -0.004401 0.811274
37  0.244728 3.701096 0.087733  0.001305 -0.005412 1.033087
38  -0.000002 1.766586 -0.000001  0.004298 0.000584 1.084130
39  0.000001 1.189003 0.000000  -0.010510 0.014239 0.976837
40  0.277240 3.632249 1.274102  0.182741 0.010323 0.032929
41  0.000001 1.798495 0.000000  0.030411 -0.022534 0.637817
42  0.000001 1.235452 -0.000000  -0.007659 -0.003788 0.532423
43  -0.315441 0.857301 0.755944  -0.248767 -2.664688 1.150362
44  0.000001 2.265940 -0.000000  -0.039010 0.053923 0.668054
45  0.000001 1.457811 0.000001  -0.054852 0.005358 1.066393
46  1.259682 3.818376 1.286945  0.182741 0.010323 0.032929
47  1.226392 3.891694 0.090419  0.001305 -0.005412 1.033087
48  1.231624 3.875535 -0.958680  -0.032371 0.052975 0.932871
49  1.209920 3.994781 -2.003048  -0.067893 0.086178 0.802666
50  -0.328904 0.095429 1.403532  -0.248767 -2.664688 1.150362
51  -8.833644 -12.176700 11.571677  1.569786 -0.000866 3.076039
52  -8.722645 -19.692001 0.179033  -1.570796 -0.000000 1.570796
53  -7.028650 0.743399 -8.093216  -0.051945 0.000000 1.570796
54  -7.703490 -14.447400 -14.284904  1.571863 0.065554 0.000868
55  -1.855344 6.848203 8.911865  0.643721 -1.614433 -2.214060
56  0.461753 7.791415 26.458830  0.643346 -1.614420 -2.213684
57  0.599220 4.162453 9.540135  -0.024899 -0.027352 -0.026683
time 2
0  0 0 0  0 0 0
1  0.000000 0.000000 0.000000  1.570796 -0.000000 0.000000
2  16.680668 -20.052586 15.692929  -1.423813 2.527370 0.564749
3  0.000001 13.479274 0.000001  1.281218 0.000000 -0.000000
4  0.000001 13.477241 0.000000  -0.518731 0.004214 0.574516
5  -0.267269 3.664724 -1.953290  -0.096193 -0.052727 -0.400403
6  0.000000 1.180354 0.000002  -0.033422 -0.016719 -0.440925
7  -0.000001 0.817134 0.000000  0.007067 -0.010065 -0.256194
8  -0.249422 3.688539 -0.940887  -0.054966 -0.028860 -0.393963
9  -0.000001 1.800634 -0.000001  0.004228 0.003292 -0.472103
10  -0.000001 1.243406 -0.000001  0.006309 0.001661 -0.328230
11  -0.244727 3.701093 0.087735  0.004244 0.003603 -0.402932
12  -0.000002 1.766585 0.000000  0.003329 -0.002780 -0.523312
13  0.000000 1.189004 0.000003  -0.016474 -0.006468 -0.416038
14  -0.277239 3.632246 1.274104  0.052687 0.017453 -0.279974
15  0.000002 1.798493 0.000004  0.034542 0.015473 -0.421259
16  -0.000002 1.235451 -0.000002  -0.006025 0.006058 -0.203611
17  0.315442 0.857297 0.755947  2.109432 0.373269 1.533784
18  -0.000001 2.265939 0.000001  -0.056797 -0.034690 -0.271734
19  0.000001 1.457811 -0.000001  -0.031121 0.045492 0.001394
20  -1.259682 3.818373 1.286947  0.052687 0.017453 -0.279974
21  -1.226390 3.891689 0.090422  0.004244 0.003603 -0.402931
22  -1.231623 3.875531 -0.958677  -0.054966 -0.028860 -0.393964
23  -1.209920 3.994780 -2.003047  -0.096193 -0.052727 -0.400403
24  0.328906 0.095425 1.403534  2.109432 0.373269 1.533784
25  1.061593 -11.820530 28.154181  -0.987631 2.711150 -0.067848
26  11.211519 -25.075348 26.055775  -1.570796 -0.000000 -1.570796
27  16.680668 -20.052586 15.692929  -0.051945 -0.000000 -1.570796
28  -7.028650 0.743399 -8.093216  0.481138 0.017987 2.989097
29  0.000000 13.479277 0.000001  1.014245 -0.000000 0.000000
30  0.000000 13.477239 -0.000000  0.071462 -0.058928 0.016365
31  0.267269 3.664724 -1.953293  -0.067893 0.086178 0.802666
32  -0.000001 1.180356 -0.000001  -0.024201 0.028477 0.843506
33  -0.000002 0.817135 -0.000001  0.010446 0.006491 0.658839
34  0.249421 3.688541 -0.940887  -0.032371 0.052975 0.932871
35  0.000002 1.800634 -0.000000  0.000732 -0.005308 1.244337
36  0.000002 1.243406 -0.000002  0.004815 -0.004401 0.811274
37  0.244725 3.701095 0.087732  0.001305 -0.005412 1.033087
38  -0.000001 1.766584 0.000001  0.004298 0.000584 1.084130
39  -0.000001 1.189003 -0.000000  -0.010510 0.014239 0.976837
40  0.277238 3.632247 1.274102  0.176540 0.048482 -0.174711
41  0.000001 1.798493 -0.000001  0.034427 -0.015727 0.428637
42  -0.000000 1.235450 -0.000001  -0.006705 -0.005296 0.323174
43  -0.315442 0.857299 0.755944  -0.248767 -2.664688 1.150363
44  0.000000 2.265941 -0.000001  -0.039010 0.053923 0.668054
45  -0.000001 1.457811 -0.000001  -0.054852 0.005358 1.066393
46  1.259679 3.818373 1.286946  0.176540 0.048482 -0.174711
47  1.226389 3.891691 0.090419  0.001305 -0.005412 1.033087
48  1.231622 3.875534 -0.958680  -0.032371 0.052975 0.932871
49  1.209918 3.994780 -2.003047  -0.067893 0.086178 0.802666
50  -0.328907 0.095427 1.403533  -0.248767 -2.664688 1.150362
51  -9.347755 -12.016469 11.579986  1.566889 -0.002771 2.931570
52  -10.301634 -19.573153 0.179033  -1.570796 -0.000000 1.570796
53  -7.028650 0.743399 -8.093216  -0.051945 0.000000 1.570796
54  -8.529284 -14.447400 -14.274700  1.575295 0.210022 0.002833
55  -1.855343 6.848202 8.911865  0.643721 -1.614433 -2.214060
56  0.461753 7.791414 26.458830  0.643346 -1.614420 -2.213684
57  0.599219 4.162453 9.540134  -0.024899 -0.027352 -0.026683
time 3
0  0 0 0  0 0 0
1  0.000000 0.000000 0.000000  1.570796 -0.000000 0.000000
2  17.174435 -18.650627 16.333136  1.705848 0.281955 -2.157528
3  0.000001 13.479277 -0.000000  1.474972 0.000000 -0.000000
4  -0.000001 13.477240 -0.000001  -0.313387 -0.294138 0.372246
5  -0.267270 3.664727 -1.953292  -0.096194 -0.052727 -0.400403
6  -0.000001 1.180355 0.000001  -0.033422 -0.016719 -0.440925
7  0.000000 0.817135 0.000002  0.007067 -0.010065 -0.256194
8  -0.249423 3.688542 -0.940886  -0.054966 -0.028860 -0.393963
9  0.000005 1.800634 -0.000001  0.004228 0.003292 -0.472103
10  -0.000002 1.243406 0.000001  0.006309 0.001661 -0.328230
11  -0.244728 3.701097 0.087736  0.004244 0.003603 -0.402931
12  -0.000001 1.766585 -0.000000  0.003329 -0.002780 -0.523312
13  -0.000000 1.189004 0.000001  -0.016474 -0.006468 -0.416037
14  -0.277240 3.632248 1.274104  0.052687 0.017453 -0.279974
15  0.000002 1.798495 0.000004  0.034542 0.015473 -0.421260
16  0.000002 1.235452 0.000001  -0.006025 0.006058 -0.203611
17  0.315440 0.857301 0.755945  2.109433 0.373269 1.533785
18  0.000001 2.265940 -0.000001  -0.056797 -0.034690 -0.271734
19  -0.000002 1.457814 0.000001  -0.031121 0.045492 0.001395
20  -1.259681 3.818375 1.286947  0.052687 0.017453 -0.279974
21  -1.226391 3.891693 0.090422  0.004244 0.003603 -0.402932
22  -1.231625 3.875535 -0.958678  -0.054966 -0.028860 -0.393964
23  -1.209921 3.994782 -2.003047  -0.096194 -0.052727 -0.400403
24  0.328905 0.095430 1.403534  2.109432 0.373269 1.533785
25  2.474130 -13.163084 28.653734  -0.391976 2.571853 0.573022
26  21.040318 -26.912237 32.695015  -1.570796 -0.000000 -1.570796
27  17.174435 -18.650627 16.333136  -0.051945 -0.000000 -1.570796
28  -7.028650 0.743399 -8.093216  0.482677 -0.034060 2.864820
29  -0.000000 13.479278 0.000000  1.014358 -0.000000 0.000000
30  0.000001 13.477240 0.000000  0.065084 -0.075969 -0.035072
31  0.267270 3.664726 -1.953292  -0.067893 0.086178 0.802666
32  -0.000002 1.180355 -0.000000  -0.024201 0.028477 0.843506
33  0.000001 0.817134 -0.000001  0.010446 0.006491 0.658839
34  0.249423 3.688542 -0.940888  -0.032371 0.052975 0.932871
35  -0.000002 1.800633 -0.000001  0.000732 -0.005308 1.244337
36  0.000001 1.243404 -0.000002  0.004815 -0.004401 0.811275
37  0.244726 3.701096 0.087733  0.001305 -0.005412 1.033087
38  0.000000 1.766585 -0.000001  0.004298 0.000584 1.084130
39  0.000000 1.189004 -0.000001  -0.010510 0.014239 0.976837
40  0.277239 3.632249 1.274104  0.172230 0.068927 -0.286590
41  0.000000 1.798495 -0.000001  0.035977 -0.011757 0.316010
42  0.000001 1.235450 0.000000  -0.006066 -0.006017 0.210488
43  -0.315441 0.857300 0.755944  -0.248767 -2.664688 1.150362
44  0.000001 2.265940 0.000001  -0.039010 0.053923 0.668054
45  -0.000000 1.457812 0.000000  -0.054852 0.005358 1.066393
46  1.259681 3.818376 1.286946  0.172230 0.068927 -0.286590
47  1.226391 3.891694 0.090420  0.001305 -0.005412 1.033087
48  1.231623 3.875534 -0.958679  -0.032371 0.052975 0.932871
49  1.209920 3.994782 -2.003048  -0.067893 0.086178 0.802666
50  -0.328906 0.095429 1.403533  -0.248767 -2.664688 1.150362
51  -9.917215 -11.879959 11.591787  1.562304 -0.004676 2.786473
52  -12.460659 -19.410646 0.179033  -1.570796 -0.000000 1.570796
53  -7.028650 0.743399 -8.093216  -0.051945 0.000000 1.570796
54  -9.433348 -14.447400 -14.247004  1.581023 0.355115 0.004987
55  -1.855344 6.848201 8.911863  0.643721 -1.614433 -2.214060
56  0.461752 7.791413 26.458836  0.643346 -1.614420 -2.213684
57  0.599219 4.162452 9.540135  -0.024899 -0.027352 -0.026683
time 4
0  0 0 0  0 0 0
1  0.000000 0.000000 0.000000  1.570796 -0.000000 0.000000
2  17.015358 -17.696592 14.307611  1.678189 0.364979 -2.164096
3  0.000001 13.479273 -0.000001  1.520255 0.000000 -0.000000
4  0.000002 13.477238 -0.000002  -0.458719 -0.111420 0.222494
5  -0.267269 3.664725 -1.953296  -0.096194 -0.052727 -0.400403
6  0.000001 1.180355 0.000000  -0.033422 -0.016719 -0.440925
7  0.000002 0.817135 -0.000001  0.007067 -0.010065 -0.256194
8  -0.249422 3.688540 -0.940892  -0.054966 -0.028860 -0.393964
9  -0.000001 1.800633 0.000002  0.004228 0.003292 -0.472103
10  -0.000002 1.243406 0.000003  0.006309 0.001661 -0.328230
11  -0.244726 3.701094 0.087730  0.004244 0.003603 -0.402932
12  -0.000001 1.766584 0.000001  0.003329 -0.002780 -0.523312
13  -0.000000 1.189003 0.000000  -0.016474 -0.006468 -0.416038
14  -0.277240 3.632248 1.274099  0.052687 0.017453 -0.279974
15  -0.000001 1.798494 -0.000002  0.034542 0.015473 -0.421260
16  -0.000000 1.235451 -0.000003  -0.006025 0.006058 -0.203611
17  0.315442 0.857298 0.755942  2.109433 0.373269 1.533785
18  -0.000001 2.265942 0.000001  -0.056797 -0.034690 -0.271734
19  0.000001 1.457811 0.000000  -0.031121 0.045492 0.001394
20  -1.259681 3.818373 1.286945  0.052687 0.017453 -0.279974
21  -1.226391 3.891692 0.090418  0.004244 0.003603 -0.402931
22  -1.231623 3.875534 -0.958683  -0.054966 -0.028860 -0.393964
23  -1.209919 3.994781 -2.003051  -0.096194 -0.052727 -0.400403
24  0.328906 0.095428 1.403530  2.109432 0.373269 1.533784
25  2.140369 -13.105386 26.110954  -0.489147 2.662121 0.735497
26  20.348572 -27.804266 31.362583  -1.570796 -0.000000 -1.570796
27  17.015358 -17.696592 14.307611  -0.051945 -0.000000 -1.570796
28  -7.028650 0.743399 -8.093216  0.490463 -0.098395 2.731929
29  0.000000 13.479276 -0.000001  1.011946 -0.000000 0.000000
30  0.000000 13.477240 0.000001  0.053458 -0.006525 -0.093514
31  0.267270 3.664725 -1.953293  -0.067893 0.086178 0.802666
32  -0.000000 1.180355 -0.000001  -0.024201 0.028477 0.843506
33  -0.000001 0.817134 -0.000001  0.010446 0.006491 0.658838
34  0.249422 3.688541 -0.940888  -0.032371 0.052975 0.932871
35  0.000001 1.800633 0.000001  0.000732 -0.005308 1.244337
36  -0.000001 1.243406 0.000001  0.004815 -0.004401 0.811274
37  0.244726 3.701096 0.087732  0.001305 -0.005412 1.033087
38  0.000000 1.766585 -0.000001  0.004298 0.000584 1.084130
39  0.000000 1.189004 -0.000001  -0.010510 0.014239 0.976837
40  0.277239 3.632246 1.274102  0.172230 0.068927 -0.286590
41  0.000000 1.798494 -0.000000  0.035977 -0.011757 0.316010
42  0.000001 1.235451 -0.000002  -0.006067 -0.006017 0.210488
43  -0.315441 0.857300 0.755944  -0.248767 -2.664688 1.150362
44  0.000001 2.265939 -0.000002  -0.039010 0.053923 0.668054
45  -0.000000 1.457812 -0.000000  -0.054852 0.005358 1.066393
46  1.259681 3.818374 1.286945  0.172230 0.068927 -0.286590
47  1.226391 3.891693 0.090419  0.001305 -0.005412 1.033087
48  1.231623 3.875533 -0.958680  -0.032371 0.052975 0.932871
49  1.209918 3.994781 -2.003047  -0.067893 0.086178 0.802666
50  -0.328907 0.095429 1.403532  -0.248767 -2.664688 1.150362
51  -10.347633 -11.782000 11.605399  1.556232 -0.005542 2.719038
52  -14.813032 -19.233587 0.179033  -1.570796 -0.000000 1.570796
53  -7.028650 0.743399 -8.093216  -0.051945 0.000000 1.570796
54  -10.029284 -14.447400 -14.193068  1.587852 0.422548 0.006076
55  -1.855344 6.848202 8.911865  0.643721 -1.614433 -2.214061
56  0.461752 7.791415 26.458834  0.643346 -1.614420 -2.213684
57  0.599218 4.162454 9.540134  -0.024899 -0.027352 -0.026683
time 5
0  0 0 0  0 0 0
1  0.000000 0.000000 0.000000  1.570796 -0.000000 0.000000
2  16.390022 -17.169636 9.518682  1.662564 0.377073 -2.228887
3  0.000001 13.479278 0.000001  1.400533 0.000000 -0.000000
4  -0.000001 13.477240 0.000002  -0.597983 0.097942 0.064378
5  -0.267269 3.664724 -1.953292  -0.096194 -0.052727 -0.400403
6  -0.000000 1.180354 -0.000002  -0.033423 -0.016719 -0.440925
7  -0.000000 0.817135 0.000004  0.007067 -0.010065 -0.256195
8  -0.249422 3.688541 -0.940890  -0.054966 -0.028860 -0.393964
9  0.000000 1.800631 0.000004  0.004228 0.003292 -0.472103
10  0.000001 1.243406 0.000003  0.006309 0.001661 -0.328230
11  -0.244726 3.701095 0.087731  0.004244 0.003603 -0.402932
12  0.000000 1.766585 0.000002  0.003329 -0.002780 -0.523312
13  0.000001 1.189003 0.000002  -0.016474 -0.006468 -0.416037
14  -0.277238 3.632246 1.274102  0.052687 0.017454 -0.279974
15  0.000000 1.798494 -0.000002  0.034542 0.015472 -0.421260
16  -0.000001 1.235452 -0.000000  -0.006025 0.006058 -0.203611
17  0.315441 0.857299 0.755944  2.109432 0.373269 1.533784
18  0.000000 2.265938 -0.000000  -0.056797 -0.034690 -0.271734
19  0.000003 1.457811 -0.000001  -0.031121 0.045492 0.001395
20  -1.259681 3.818373 1.286946  0.052687 0.017453 -0.279974
21  -1.226390 3.891692 0.090419  0.004244 0.003603 -0.402932
22  -1.231622 3.875531 -0.958679  -0.054966 -0.028860 -0.393964
23  -1.209919 3.994781 -2.003049  -0.096194 -0.052727 -0.400403
24  0.328907 0.095428 1.403530  2.109432 0.373269 1.533784
25  1.523366 -12.415206 22.980116  -0.698325 2.867811 0.854340
26  18.598482 -28.250332 28.244625  -1.570796 -0.000000 -1.570796
27  16.390022 -17.169636 9.518682  -0.051945 -0.000000 -1.570796
28  -7.028650 0.743399 -8.093216  0.504029 -0.159781 2.616317
29  -0.000000 13.479278 -0.000000  1.014223 -0.000000 0.000000
30  0.000001 13.477239 -0.000001  0.030643 0.108912 -0.149261
31  0.267270 3.664726 -1.953294  -0.067893 0.086178 0.802666
32  -0.000002 1.180357 0.000001  -0.024201 0.028477 0.843506
33  0.000000 0.817136 -0.000000  0.010446 0.006491 0.658839
34  0.249422 3.688540 -0.940888  -0.032371 0.052975 0.932871
35  -0.000000 1.800635 -0.000001  0.000732 -0.005308 1.244336
36  -0.000000 1.243406 -0.000001  0.004815 -0.004401 0.811274
37  0.244726 3.701095 0.087733  0.001305 -0.005412 1.033087
38  0.000002 1.766583 -0.000000  0.004298 0.000584 1.084130
39  0.000001 1.189003 0.000002  -0.010510 0.014239 0.976837
40  0.277239 3.632247 1.274102  0.172230 0.068927 -0.286590
41  0.000000 1.798494 0.000000  0.035977 -0.011757 0.316010
42  -0.000000 1.235450 0.000000  -0.006067 -0.006017 0.210488
43  -0.315441 0.857300 0.755944  -0.248767 -2.664688 1.150362
44  0.000000 2.265939 0.000001  -0.039010 0.053923 0.668054
45  -0.000001 1.457811 0.000000  -0.054852 0.005358 1.066393
46  1.259680 3.818374 1.286946  0.172230 0.068927 -0.286590
47  1.226390 3.891692 0.090420  0.001305 -0.005412 1.033087
48  1.231622 3.875533 -0.958680  -0.032371 0.052975 0.932871
49  1.209919 3.994782 -2.003048  -0.067893 0.086178 0.802666
50  -0.328906 0.095428 1.403532  -0.248767 -2.664688 1.150362
51  -10.553469 -11.673668 11.620387  1.548705 -0.005023 2.717273
52  -16.972057 -19.071079 0.179033  -1.570796 -0.000000 1.570796
53  -7.028650 0.743399 -8.093216  -0.051945 0.000000 1.570796
54  -10.249598 -14.447400 -14.104146  1.595157 0.424314 0.005512
55  -1.855344 6.848200 8.911867  0.643721 -1.614433 -2.214061
56  0.461752 7.791412 26.458836  0.643346 -1.614420 -2.213684
57  0.599218 4.162452 9.540136  -0.024899 -0.027352 -0.026683
time 6
0  0 0 0  0 0 0
1  0.000000 0.000000 0.000000  1.570796 -0.000000 0.000000
2  14.979085 -16.912647 4.139168  1.713285 0.358134 -2.303880
3  -0.000001 13.479274 -0.000000  0.961836 0.000000 -0.000000
4  0.000000 13.477238 -0.000001  -0.444245 0.285152 0.075756
5  -0.267270 3.664726 -1.953291  -0.096194 -0.052727 -0.400403
6  0.000001 1.180355 -0.000002  -0.033423 -0.016719 -0.440925
7  0.000001 0.817135 -0.000001  0.007067 -0.010065 -0.256194
8  -0.249423 3.688542 -0.940887  -0.054966 -0.028860 -0.393964
9  0.000000 1.800631 0.000001  0.004228 0.003292 -0.472103
10  0.000000 1.243405 -0.000000  0.006309 0.001661 -0.328230
11  -0.244727 3.701096 0.087736  0.004244 0.003603 -0.402932
12  0.000001 1.766584 -0.000000  0.003329 -0.002780 -0.523312
13  -0.000001 1.189004 0.000001  -0.016474 -0.006468 -0.416037
14  -0.277239 3.632247 1.274106  0.052687 0.017453 -0.279974
15  0.000001 1.798494 0.000002  0.034542 0.015473 -0.421260
16  -0.000000 1.235450 -0.000002  -0.006025 0.006058 -0.203611
17  0.315442 0.857300 0.755946  2.109432 0.373269 1.533784
18  0.000001 2.265939 0.000001  -0.056797 -0.034690 -0.271734
19  0.000002 1.457811 -0.000001  -0.031121 0.045492 0.001395
20  -1.259682 3.818375 1.286948  0.052687 0.017453 -0.279974
21  -1.226390 3.891694 0.090421  0.004244 0.003603 -0.402932
22  -1.231623 3.875535 -0.958678  -0.054966 -0.028860 -0.393964
23  -1.209919 3.994782 -2.003047  -0.096194 -0.052727 -0.400403
24  0.328906 0.095429 1.403534  2.109432 0.373269 1.533784
25  0.060949 -12.631472 22.311111  2.233261 0.069565 -2.242047
26  16.277767 -28.417595 24.660141  -1.570796 -0.000000 -1.570796
27  14.979085 -16.912647 4.139168  -0.051945 -0.000000 -1.570796
28  -7.028650 0.743399 -8.093216  0.517000 -0.199651 2.538837
29  -0.000000 13.479277 0.000000  1.022757 -0.000000 0.000000
30  -0.000002 13.477239 0.000000  -0.000021 0.183730 -0.189959
31  0.267270 3.664726 -1.953294  -0.067893 0.086178 0.802666
32  -0.000000 1.180356 0.000000  -0.024201 0.028477 0.843506
33  -0.000000 0.817135 -0.000001  0.010446 0.006491 0.658839
34  0.249423 3.688541 -0.940888  -0.032371 0.052975 0.932871
35  0.000002 1.800632 -0.000000  0.000732 -0.005308 1.244337
36  0.000001 1.243406 0.000000  0.004815 -0.004401 0.811274
37  0.244726 3.701096 0.087732  0.001305 -0.005412 1.033087
38  -0.000002 1.766585 0.000000  0.004298 0.000584 1.084130
39  0.000000 1.189003 -0.000001  -0.010510 0.014239 0.976837
40  0.277240 3.632249 1.274100  0.172230 0.068927 -0.286590
41  0.000001 1.798494 0.000000  0.035977 -0.011757 0.316010
42  0.000000 1.235452 0.000001  -0.006066 -0.006017 0.210488
43  -0.315441 0.857300 0.755942  -0.248767 -2.664688 1.150363
44  0.000000 2.265939 0.000000  -0.039010 0.053923 0.668054
45  0.000000 1.457810 -0.000000  -0.054852 0.005358 1.066393
46  1.259681 3.818376 1.286945  0.172230 0.068927 -0.286590
47  1.226391 3.891693 0.090419  0.001305 -0.005412 1.033087
48  1.231623 3.875535 -0.958681  -0.032371 0.052975 0.932871
49  1.209920 3.994782 -2.003048  -0.067893 0.086178 0.802666
50  -0.328906 0.095429 1.403532  -0.248767 -2.664688 1.150362
51  -10.619288 -11.517208 11.639412  1.539076 -0.004059 2.716622
52  -18.551048 -18.952232 0.179033  -1.570796 -0.000000 1.570796
53  -7.028650 0.743399 -8.093216  -0.051945 0.000000 1.570796
54  -10.330765 -14.447400 -13.971493  1.604354 0.424967 0.004456
55  -1.855343 6.848201 8.911869  0.643721 -1.614433 -2.214060
56  0.461752 7.791413 26.458839  0.643346 -1.614420 -2.213684
57  0.599218 4.162451 9.540137  -0.024899 -0.027352 -0.026683
time 7
0  0 0 0  0 0 0
1  0.000000 0.000000 0.000000  1.570796 -0.000000 0.000000
2  13.681979 -16.768503 1.223725  1.801720 0.364678 -2.383953
3  -0.000001 13.479276 0.000000  0.569825 -0.000000 -0.000000
4  -0.000000 13.477238 0.000001  -0.231752 0.375734 0.160731
5  -0.267270 3.664723 -1.953291  -0.096194 -0.052727 -0.400403
6  0.000002 1.180353 0.000000  -0.033422 -0.016719 -0.440925
7  -0.000002 0.817133 -0.000000  0.007067 -0.010065 -0.256194
8  -0.249423 3.688539 -0.940888  -0.054966 -0.028860 -0.393964
9  0.000001 1.800636 0.000002  0.004228 0.003292 -0.472103
10  -0.000001 1.243406 -0.000002  0.006309 0.001661 -0.328230
11  -0.244727 3.701096 0.087733  0.004244 0.003603 -0.402932
12  0.000000 1.766585 0.000000  0.003329 -0.002780 -0.523312
13  0.000001 1.189003 -0.000001  -0.016474 -0.006468 -0.416037
14  -0.277239 3.632246 1.274102  0.052687 0.017453 -0.279974
15  0.000000 1.798493 0.000000  0.034542 0.015473 -0.421260
16  0.000000 1.235451 0.000003  -0.006025 0.006058 -0.203611
17  0.315441 0.857298 0.755945  2.109432 0.373269 1.533784
18  -0.000002 2.265939 0.000000  -0.056797 -0.034690 -0.271734
19  0.000000 1.457812 0.000001  -0.031121 0.045492 0.001395
20  -1.259681 3.818374 1.286946  0.052687 0.017453 -0.279974
21  -1.226391 3.891692 0.090420  0.004244 0.003603 -0.402932
22  -1.231623 3.875532 -0.958680  -0.054966 -0.028860 -0.393964
23  -1.209919 3.994781 -2.003048  -0.096194 -0.052727 -0.400403
24  0.328906 0.095428 1.403532  2.109432 0.373269 1.533784
25  -0.917281 -13.014375 22.247566  2.135609 -0.015441 -2.234794
26  13.874145 -28.473206 21.928146  -1.570796 -0.000000 -1.570796
27  13.681979 -16.768503 1.223725  -0.051945 -0.000000 -1.570796
28  -7.028650 0.743399 -8.093216  0.522127 -0.208916 2.512352
29  0.000000 13.479276 0.000001  1.036434 -0.000000 0.000000
30  0.000000 13.477238 -0.000001  -0.031292 0.206655 -0.202804
31  0.267270 3.664727 -1.953292  -0.067893 0.086178 0.802666
32  -0.000000 1.180355 0.000001  -0.024201 0.028477 0.843506
33  -0.000001 0.817135 0.000000  0.010446 0.006491 0.658839
34  0.249423 3.688544 -0.940888  -0.032371 0.052975 0.932871
35  0.000001 1.800632 0.000002  0.000732 -0.005308 1.244337
36  -0.000001 1.243405 -0.000000  0.004815 -0.004401 0.811275
37  0.244726 3.701097 0.087733  0.001305 -0.005412 1.033087
38  -0.000002 1.766585 -0.000001  0.004298 0.000584 1.084130
39  0.000001 1.189003 0.000002  -0.010510 0.014239 0.976837
40  0.277239 3.632249 1.274103  0.172230 0.068927 -0.286590
41  -0.000001 1.798492 0.000002  0.035977 -0.011757 0.316010
42  0.000001 1.235452 -0.000001  -0.006066 -0.006017 0.210488
43  -0.315442 0.857302 0.755944  -0.248767 -2.664688 1.150363
44  0.000001 2.265939 -0.000000  -0.039010 0.053923 0.668054
45  -0.000001 1.457811 -0.000001  -0.054852 0.005358 1.066393
46  1.259681 3.818376 1.286947  0.172230 0.068927 -0.286590
47  1.226391 3.891694 0.090420  0.001305 -0.005412 1.033087
48  1.231622 3.875535 -0.958679  -0.032371 0.052975 0.932871
49  1.209919 3.994784 -2.003048  -0.067893 0.086178 0.802666
50  -0.328906 0.095429 1.403534  -0.248767 -2.664688 1.150362
51  -10.614759 -11.300694 11.665525  1.526532 -0.003541 2.716529
52  -19.163309 -18.906147 0.179033  -1.570796 -0.000000 1.570796
53  -7.028650 0.743399 -8.093216  -0.051945 0.000000 1.570796
54  -10.342360 -14.447400 -13.786362  1.616663 0.425061 0.003887
55  -1.855342 6.848202 8.911864  0.643721 -1.614433 -2.214061
56  0.461752 7.791413 26.458836  0.643346 -1.614420 -2.213684
57  0.599220 4.162453 9.540137  -0.024899 -0.027352 -0.026682
time 8
0  0 0 0  0 0 0
1  0.000000 0.000000 0.000000  1.570796 -0.000000 0.000000
2  13.017764 -16.607304 0.659580  1.438050 0.377002 -2.544643
3  0.000000 13.479277 0.000001  1.014912 0.000000 -0.000000
4  -0.000001 13.477241 -0.000001  -0.459662 0.491558 0.019565
5  -0.267269 3.664728 -1.953292  -0.096194 -0.052727 -0.400403
6  -0.000001 1.180355 0.000001  -0.033422 -0.016719 -0.440925
7  0.000001 0.817139 -0.000003  0.007067 -0.010065 -0.256194
8  -0.249423 3.688544 -0.940888  -0.054966 -0.028860 -0.393964
9  0.000001 1.800634 0.000001  0.004228 0.003292 -0.472103
10  0.000000 1.243406 0.000001  0.006309 0.001661 -0.328230
11  -0.244726 3.701097 0.087733  0.004244 0.003603 -0.402932
12  0.000000 1.766584 -0.000001  0.003329 -0.002780 -0.523312
13  -0.000003 1.189004 -0.000001  -0.016474 -0.006468 -0.416037
14  -0.277239 3.632250 1.274102  0.052687 0.017453 -0.279974
15  0.000000 1.798494 -0.000000  0.034542 0.015473 -0.421259
16  0.000001 1.235452 0.000001  -0.006025 0.006058 -0.203611
17  0.315442 0.857302 0.755944  2.109432 0.373269 1.533784
18  0.000000 2.265940 -0.000001  -0.056797 -0.034690 -0.271734
19  0.000001 1.457811 0.000000  -0.031121 0.045492 0.001394
20  -1.259681 3.818376 1.286946  0.052687 0.017453 -0.279974
21  -1.226389 3.891694 0.090419  0.004244 0.003603 -0.402932
22  -1.231622 3.875537 -0.958679  -0.054966 -0.028860 -0.393964
23  -1.209918 3.994782 -2.003047  -0.096194 -0.052727 -0.400403
24  0.328906 0.095429 1.403533  2.109432 0.373269 1.533784
25  1.496032 -14.013784 21.044495  2.040775 -0.024553 -2.253845
26  11.787213 -28.555233 20.192627  -1.570796 -0.000000 -1.570796
27  13.017764 -16.607304 0.659580  -0.051945 -0.000000 -1.570796
28  -7.028650 0.743399 -8.093216  0.500430 -0.180782 2.522849
29  -0.000000 13.479276 0.000001  1.099286 -0.000000 0.000000
30  -0.000001 13.477238 0.000000  -0.069950 0.170155 -0.086464
31  0.267270 3.664726 -1.953293  -0.067893 0.086178 0.802666
32  -0.000002 1.180354 0.000001  -0.024201 0.028477 0.843506
33  -0.000001 0.817136 0.000000  0.010446 0.006491 0.658839
34  0.249422 3.688542 -0.940889  -0.032371 0.052975 0.932871
35  0.000000 1.800633 0.000002  0.000732 -0.005308 1.244337
36  0.000001 1.243407 -0.000002  0.004815 -0.004401 0.811274
37  0.244727 3.701096 0.087733  0.001305 -0.005412 1.033087
38  0.000001 1.766585 -0.000001  0.004298 0.000584 1.084130
39  -0.000001 1.189003 0.000000  -0.010510 0.014239 0.976837
40  0.277240 3.632248 1.274103  0.172230 0.068927 -0.286590
41  0.000000 1.798496 0.000000  0.035977 -0.011757 0.316010
42  0.000000 1.235452 0.000000  -0.006067 -0.006017 0.210488
43  -0.315441 0.857298 0.755944  -0.248767 -2.664688 1.150363
44  -0.000001 2.265940 0.000001  -0.039010 0.053923 0.668054
45  -0.000000 1.457811 0.000001  -0.054852 0.005358 1.066393
46  1.259681 3.818374 1.286946  0.172230 0.068927 -0.286590
47  1.226391 3.891692 0.090419  0.001305 -0.005412 1.033087
48  1.231624 3.875533 -0.958680  -0.032371 0.052975 0.932871
49  1.209919 3.994781 -2.003047  -0.067893 0.086178 0.802666
50  -0.328907 0.095427 1.403532  -0.248767 -2.664688 1.150362
51  -10.741606 -10.651917 11.519746  1.512984 -0.097827 2.696268
52  -19.163309 -18.906147 0.179033  -1.570796 -0.000000 1.570796
53  -7.028650 0.743399 -8.093216  -0.051945 0.000000 1.570796
54  -10.307134 -14.140125 -13.285625  1.675194 0.443044 0.108320
55  -1.855343 6.848202 8.911863  0.643721 -1.614433 -2.214061
56  0.461752 7.791414 26.458832  0.643346 -1.614420 -2.213685
57  2.597759 4.109115 9.594831  -0.024899 -0.027352 -0.026683
time 9
0  0 0 0  0 0 0
1  0.000000 0.000000 0.000000  1.570796 -0.000000 0.000000
2  12.431595 -16.408010 0.161724  1.187367 0.397183 -2.660702
3  0.000001 13.479274 -0.000000  1.167040 0.000000 -0.000000
4  -0.000000 13.477240 0.000001  -0.376943 0.494617 0.099507
5  -0.267270 3.664725 -1.953292  -0.096194 -0.052727 -0.400403
6  -0.000000 1.180356 -0.000000  -0.033423 -0.016719 -0.440925
7  -0.000000 0.817135 -0.000001  0.007067 -0.010065 -0.256194
8  -0.249422 3.688541 -0.940890  -0.054966 -0.028860 -0.393963
9  0.000002 1.800631 -0.000000  0.004228 0.003292 -0.472103
10  0.000002 1.243406 -0.000001  0.006309 0.001661 -0.328230
11  -0.244726 3.701095 0.087734  0.004244 0.003603 -0.402931
12  0.000000 1.766582 0.000001  0.003329 -0.002780 -0.523312
13  -0.000001 1.189007 0.000000  -0.016473 -0.006468 -0.416037
14  -0.277239 3.632248 1.274102  0.052687 0.017453 -0.279974
15  -0.000000 1.798495 -0.000002  0.034542 0.015473 -0.421260
16  -0.000000 1.235449 -0.000002  -0.006025 0.006058 -0.203611
17  0.315442 0.857301 0.755944  2.109433 0.373269 1.533785
18  -0.000001 2.265939 -0.000000  -0.056797 -0.034690 -0.271734
19  0.000001 1.457812 0.000000  -0.031121 0.045492 0.001395
20  -1.259681 3.818374 1.286946  0.052687 0.017453 -0.279974
21  -1.226389 3.891691 0.090418  0.004244 0.003603 -0.402932
22  -1.231623 3.875534 -0.958681  -0.054966 -0.028860 -0.393964
23  -1.209919 3.994781 -2.003047  -0.096194 -0.052727 -0.400403
24  0.328906 0.095428 1.403533  2.109432 0.373269 1.533785
25  2.803061 -16.389921 20.492128  2.004983 -0.027318 -2.382482
26  10.064090 -28.685392 18.704170  -1.570796 -0.000000 -1.570796
27  12.431595 -16.408010 0.161724  -0.051945 -0.000000 -1.570796
28  -7.028650 0.743399 -8.093216  0.503794 -0.158678 2.531015
29  0.000000 13.479276 0.000001  1.122491 -0.000000 0.000000
30  -0.000001 13.477239 -0.000001  -0.114258 0.034570 -0.027299
31  0.267269 3.664725 -1.953294  -0.067893 0.086178 0.802666
32  0.000001 1.180356 0.000000  -0.024201 0.028477 0.843506
33  -0.000001 0.817136 0.000000  0.010446 0.006491 0.658839
34  0.249422 3.688541 -0.940890  -0.032371 0.052975 0.932871
35  0.000000 1.800632 -0.000001  0.000732 -0.005308 1.244337
36  0.000002 1.243406 0.000000  0.004815 -0.004401 0.811274
37  0.244726 3.701096 0.087732  0.001305 -0.005412 1.033087
38  0.000001 1.766585 0.000001  0.004298 0.000584 1.084130
39  -0.000000 1.189003 -0.000001  -0.010510 0.014239 0.976837
40  0.277238 3.632247 1.274102  0.172230 0.068927 -0.286590
41  -0.000000 1.798495 -0.000001  0.035977 -0.011757 0.316010
42  0.000000 1.235451 0.000000  -0.006066 -0.006017 0.210488
43  -0.315441 0.857300 0.755943  -0.248767 -2.664688 1.150362
44  0.000000 2.265939 0.000001  -0.039010 0.053923 0.668054
45  -0.000000 1.457813 -0.000001  -0.054852 0.005358 1.066393
46  1.259681 3.818376 1.286945  0.172230 0.068927 -0.286590
47  1.226391 3.891692 0.090418  0.001305 -0.005412 1.033087
48  1.231623 3.875534 -0.958682  -0.032371 0.052975 0.932871
49  1.209919 3.994782 -2.003047  -0.067893 0.086178 0.802666
50  -0.328906 0.095428 1.403531  -0.248767 -2.664688 1.150362
51  -10.783457 -10.123837 11.617959  1.507210 -0.133252 2.567369
52  -19.163309 -18.906147 0.179033  -1.570796 -0.000000 1.570796
53  -7.028650 0.743399 -8.093216  -0.051945 0.000000 1.570796
54  -10.624054 -14.170051 -12.853851  1.720123 0.568500 0.158316
55  -1.855343 6.848201 8.911864  0.643721 -1.614433 -2.214060
56  0.461751 7.791414 26.458834  0.643346 -1.614420 -2.213684
57  4.596298 4.055775 9.649529  -0.024899 -0.027352 -0.026682
time 10
0  0 0 0  0 0 0
1  0.000000 0.000000 0.000000  1.570796 -0.000000 0.000000
2  11.918596 -16.176800 -0.273986  0.993121 0.400633 -2.782486
3  -0.000000 13.479277 0.000002  1.198349 0.000000 -0.000000
4  0.000001 13.477239 0.000000  -0.210782 0.492008 0.171606
5  -0.267269 3.664724 -1.953293  -0.096193 -0.052727 -0.400403
6  0.000001 1.180357 0.000000  -0.033422 -0.016719 -0.440925
7  0.000002 0.817138 -0.000001  0.007067 -0.010065 -0.256194
8  -0.249422 3.688541 -0.940889  -0.054966 -0.028860 -0.393963
9  -0.000001 1.800633 0.000002  0.004228 0.003292 -0.472103
10  0.000000 1.243405 -0.000000  0.006309 0.001661 -0.328230
11  -0.244725 3.701093 0.087733  0.004244 0.003603 -0.402932
12  -0.000000 1.766585 -0.000000  0.003329 -0.002780 -0.523312
13  0.000001 1.189004 0.000002  -0.016474 -0.006468 -0.416037
14  -0.277238 3.632246 1.274103  0.052687 0.017453 -0.279974
15  -0.000001 1.798495 0.000002  0.034542 0.015472 -0.421260
16  -0.000000 1.235450 -0.000000  -0.006025 0.006058 -0.203611
17  0.315442 0.857299 0.755945  2.109433 0.373269 1.533785
18  0.000002 2.265940 -0.000002  -0.056797 -0.034690 -0.271734
19  0.000000 1.457811 -0.000002  -0.031121 0.045492 0.001395
20  -1.259681 3.818374 1.286946  0.052687 0.017453 -0.279974
21  -1.226390 3.891692 0.090420  0.004244 0.003603 -0.402932
22  -1.231622 3.875533 -0.958681  -0.054966 -0.028860 -0.393964
23  -1.209918 3.994781 -2.003047  -0.096193 -0.052727 -0.400403
24  0.328908 0.095427 1.403533  2.109432 0.373269 1.533784
25  3.625213 -18.780268 20.218348  1.995202 -0.027036 -2.481080
26  8.663767 -28.856308 17.441639  -1.570796 -0.000000 -1.570796
27  11.918596 -16.176800 -0.273986  -0.051945 -0.000000 -1.570796
28  -7.028650 0.743399 -8.093216  0.508999 -0.145103 2.535999
29  0.000000 13.479277 -0.000000  1.127617 -0.000000 0.000000
30  -0.000001 13.477239 0.000000  -0.141712 -0.066448 0.002285
31  0.267268 3.664728 -1.953294  -0.067893 0.086178 0.802666
32  -0.000002 1.180357 0.000002  -0.024201 0.028477 0.843506
33  -0.000001 0.817137 0.000001  0.010446 0.006491 0.658839
34  0.249422 3.688543 -0.940889  -0.032371 0.052975 0.932871
35  -0.000001 1.800633 0.000001  0.000732 -0.005308 1.244337
36  0.000002 1.243406 -0.000000  0.004815 -0.004401 0.811274
37  0.244725 3.701096 0.087732  0.001305 -0.005412 1.033087
38  0.000002 1.766584 -0.000001  0.004298 0.000584 1.084130
39  -0.000000 1.189003 0.000000  -0.010510 0.014239 0.976837
40  0.277239 3.632249 1.274102  0.172230 0.068927 -0.286590
41  0.000001 1.798495 -0.000001  0.035977 -0.011757 0.316010
42  -0.000000 1.235453 -0.000000  -0.006067 -0.006017 0.210488
43  -0.315443 0.857302 0.755943  -0.248767 -2.664688 1.150363
44  -0.000000 2.265941 0.000000  -0.039010 0.053923 0.668054
45  0.000001 1.457811 -0.000000  -0.054852 0.005358 1.066392
46  1.259680 3.818376 1.286946  0.172230 0.068927 -0.286590
47  1.226391 3.891695 0.090418  0.001305 -0.005412 1.033087
48  1.231622 3.875536 -0.958681  -0.032371 0.052975 0.932871
49  1.209918 3.994783 -2.003048  -0.067893 0.086178 0.802666
50  -0.328907 0.095429 1.403533  -0.248767 -2.664688 1.150362
51  -10.844817 -9.852555 11.712605  1.504611 -0.142689 2.468862
52  -19.163309 -18.906147 0.179033  -1.570796 -0.000000 1.570796
53  -7.028650 0.743399 -8.093216  -0.051945 0.000000 1.570796
54  -10.940975 -14.243643 -12.605039  1.749797 0.664660 0.181662
55  -1.855341 6.848200 8.911865  0.643721 -1.614433 -2.214060
56  0.461753 7.791412 26.458832  0.643346 -1.614420 -2.213684
57  6.594840 4.002435 9.704225  -0.024899 -0.027352 -0.026683
time 11
0  0 0 0  0 0 0
1  0.000000 0.000000 0.000000  1.570796 -0.000000 0.000000
2  11.473888 -15.919853 -0.651694  0.775140 0.299778 -3.038067
3  -0.000000 13.479275 0.000000  1.298833 0.000000 -0.000000
4  -0.000000 13.477238 0.000000  -0.197824 0.656426 -0.029642
5  -0.267268 3.664724 -1.953293  -0.096194 -0.052727 -0.400403
6  0.000000 1.180355 0.000000  -0.033422 -0.016719 -0.440925
7  0.000001 0.817138 0.000001  0.007067 -0.010065 -0.256194
8  -0.249422 3.688541 -0.940889  -0.054966 -0.028860 -0.393964
9  -0.000002 1.800635 0.000003  0.004228 0.003292 -0.472103
10  -0.000001 1.243406 0.000003  0.006309 0.001661 -0.328230
11  -0.244727 3.701093 0.087734  0.004244 0.003603 -0.402932
12  -0.000000 1.766584 -0.000000  0.003329 -0.002780 -0.523312
13  -0.000000 1.189004 0.000001  -0.016474 -0.006468 -0.416037
14  -0.277239 3.632245 1.274103  0.052687 0.017453 -0.279974
15  0.000000 1.798492 0.000001  0.034542 0.015472 -0.421259
16  -0.000000 1.235452 0.000000  -0.006025 0.006058 -0.203611
17  0.315441 0.857298 0.755944  2.109433 0.373269 1.533784
18  0.000000 2.265939 0.000001  -0.056797 -0.034690 -0.271734
19  0.000001 1.457811 0.000000  -0.031121 0.045492 0.001394
20  -1.259680 3.818372 1.286945  0.052687 0.017453 -0.279974
21  -1.226391 3.891691 0.090419  0.004244 0.003603 -0.402932
22  -1.231624 3.875532 -0.958679  -0.054966 -0.028860 -0.393964
23  -1.209918 3.994778 -2.003047  -0.096194 -0.052727 -0.400403
24  0.328906 0.095427 1.403532  2.109432 0.373269 1.533784
25  5.559155 -19.681019 19.639097  1.967913 -0.027682 -2.460272
26  7.545239 -29.060617 16.383911  -1.570796 -0.000000 -1.570796
27  11.473888 -15.919853 -0.651694  -0.051945 -0.000000 -1.570796
28  -7.028650 0.743399 -8.093216  0.521343 -0.139648 2.537996
29  0.000001 13.479277 -0.000000  1.125611 -0.000000 0.000000
30  -0.000001 13.477238 -0.000000  -0.156374 -0.045060 0.033424
31  0.267268 3.664726 -1.953293  -0.067893 0.086178 0.802666
32  -0.000001 1.180354 -0.000001  -0.024201 0.028477 0.843506
33  -0.000001 0.817136 -0.000000  0.010446 0.006491 0.658839
34  0.249422 3.688540 -0.940890  -0.032371 0.052975 0.932871
35  -0.000002 1.800634 -0.000000  0.000732 -0.005308 1.244337
36  -0.000002 1.243406 -0.000001  0.004815 -0.004401 0.811274
37  0.244726 3.701096 0.087731  0.001305 -0.005412 1.033087
38  0.000000 1.766585 -0.000001  0.004298 0.000584 1.084130
39  0.000001 1.189003 0.000001  -0.010510 0.014239 0.976837
40  0.277239 3.632248 1.274101  0.172230 0.068927 -0.286590
41  -0.000000 1.798493 -0.000000  0.035977 -0.011757 0.316010
42  0.000000 1.235450 -0.000000  -0.006066 -0.006017 0.210488
43  -0.315442 0.857299 0.755943  -0.248767 -2.664688 1.150362
44  -0.000001 2.265939 0.000000  -0.039010 0.053923 0.668054
45  -0.000001 1.457812 -0.000001  -0.054852 0.005358 1.066393
46  1.259680 3.818375 1.286944  0.172230 0.068927 -0.286590
47  1.226389 3.891694 0.090418  0.001305 -0.005412 1.033087
48  1.231622 3.875535 -0.958681  -0.032371 0.052975 0.932871
49  1.209918 3.994782 -2.003048  -0.067893 0.086178 0.802666
50  -0.328907 0.095429 1.403531  -0.248767 -2.664688 1.150362
51  -10.771781 -9.627573 11.861707  1.498746 -0.169354 2.489835
52  -19.163309 -18.906147 0.179033  -1.570796 -0.000000 1.570796
53  -7.028650 0.743399 -8.093216  -0.051945 0.000000 1.570796
54  -10.768475 -14.335284 -12.433455  1.770741 0.640888 0.211851
55  -1.855344 6.848200 8.911863  0.643721 -1.614433 -2.214061
56  0.461752 7.791414 26.458830  0.643346 -1.614420 -2.213684
57  8.593380 3.949097 9.758923  -0.024899 -0.027352 -0.026683
time 12
0  0 0 0  0 0 0
1  0.000000 0.000000 0.000000  1.570796 -0.000000 0.000000
2  11.092596 -15.643345 -0.975542  0.619603 0.119753 2.966756
3  0.000002 13.479280 0.000000  1.407282 0.000000 -0.000000
4  -0.000000 13.477238 0.000002  -0.313266 0.844300 -0.388685
5  -0.267270 3.664725 -1.953291  -0.096194 -0.052727 -0.400403
6  0.000000 1.180352 0.000000  -0.033422 -0.016719 -0.440925
7  0.000000 0.817135 0.000002  0.007067 -0.010065 -0.256194
8  -0.249422 3.688540 -0.940888  -0.054966 -0.028860 -0.393964
9  0.000001 1.800635 -0.000002  0.004228 0.003292 -0.472103
10  -0.000002 1.243407 -0.000001  0.006309 0.001661 -0.328230
11  -0.244727 3.701096 0.087734  0.004244 0.003603 -0.402932
12  -0.000003 1.766588 0.000002  0.003329 -0.002780 -0.523312
13  0.000001 1.189004 0.000001  -0.016474 -0.006468 -0.416037
14  -0.277239 3.632249 1.274101  0.052687 0.017453 -0.279974
15  -0.000000 1.798495 0.000001  0.034542 0.015473 -0.421260
16  0.000001 1.235452 0.000001  -0.006025 0.006058 -0.203611
17  0.315442 0.857301 0.755942  2.109433 0.373269 1.533784
18  0.000000 2.265939 -0.000003  -0.056797 -0.034690 -0.271734
19  -0.000000 1.457810 0.000002  -0.031121 0.045492 0.001395
20  -1.259681 3.818375 1.286945  0.052687 0.017453 -0.279974
21  -1.226391 3.891695 0.090420  0.004244 0.003603 -0.402932
22  -1.231621 3.875535 -0.958681  -0.054966 -0.028860 -0.393964
23  -1.209919 3.994782 -2.003048  -0.096194 -0.052727 -0.400403
24  0.328905 0.095429 1.403532  2.109432 0.373269 1.533784
25  7.872130 -20.190109 18.807468  1.933790 -0.029056 -2.418077
26  6.667500 -29.290947 15.509863  -1.570796 -0.000000 -1.570796
27  11.092596 -15.643345 -0.975542  -0.051945 -0.000000 -1.570796
28  -7.028650 0.743399 -8.093216  0.535717 -0.140380 2.537728
29  0.000002 13.479276 -0.000000  1.120772 -0.000000 0.000000
30  0.000000 13.477239 0.000000  -0.165483 0.000067 0.062673
31  0.267269 3.664727 -1.953292  -0.067893 0.086178 0.802666
32  -0.000001 1.180357 -0.000002  -0.024201 0.028477 0.843506
33  -0.000001 0.817135 -0.000001  0.010446 0.006491 0.658839
34  0.249421 3.688542 -0.940888  -0.032371 0.052975 0.932871
35  -0.000000 1.800633 0.000000  0.000732 -0.005308 1.244337
36  0.000001 1.243406 0.000000  0.004815 -0.004401 0.811274
37  0.244726 3.701095 0.087734  0.001305 -0.005412 1.033087
38  0.000001 1.766585 -0.000000  0.004298 0.000584 1.084130
39  -0.000001 1.189005 -0.000000  -0.010510 0.014239 0.976837
40  0.277239 3.632248 1.274103  0.172230 0.068927 -0.286590
41  -0.000001 1.798495 0.000000  0.035977 -0.011757 0.316010
42  -0.000000 1.235450 0.000000  -0.006066 -0.006017 0.210488
43  -0.315442 0.857299 0.755944  -0.248767 -2.664688 1.150363
44  0.000000 2.265939 -0.000000  -0.039010 0.053923 0.668054
45  0.000000 1.457811 -0.000001  -0.054852 0.005358 1.066393
46  1.259680 3.818374 1.286946  0.172230 0.068927 -0.286590
47  1.226390 3.891694 0.090420  0.001305 -0.005412 1.033087
48  1.231622 3.875535 -0.958680  -0.032371 0.052975 0.932871
49  1.209918 3.994781 -2.003047  -0.067893 0.086178 0.802666
50  -0.328906 0.095429 1.403533  -0.248767 -2.664688 1.150362
51  -10.616165 -9.461025 12.013785  1.491928 -0.202826 2.532324
52  -19.163309 -18.906147 0.179033  -1.570796 -0.000000 1.570796
53  -7.028650 0.743399 -8.093216  -0.051945 0.000000 1.570796
54  -10.439701 -14.413981 -12.324499  1.789320 0.595034 0.245710
55  -1.855344 6.848202 8.911867  0.643722 -1.614433 -2.214060
56  0.461752 7.791413 26.458838  0.643346 -1.614420 -2.213684
57  10.591921 3.895758 9.813621  -0.024899 -0.027352 -0.026682
time 13
0  0 0 0  0 0 0
1  0.000000 0.000000 0.000000  1.570796 -0.000000 0.000000
2  10.769836 -15.353456 -1.249673  0.578563 -0.223964 2.569900
3  0.000002 13.479273 0.000000  1.482966 0.000000 -0.000000
4  -0.000001 13.477238 -0.000003  -0.599815 1.005452 -1.105071
5  -0.267268 3.664725 -1.953297  -0.096193 -0.052727 -0.400403
6  -0.000003 1.180356 0.000001  -0.033422 -0.016719 -0.440925
7  0.000001 0.817135 0.000001  0.007067 -0.010065 -0.256194
8  -0.249421 3.688541 -0.940890  -0.054966 -0.028860 -0.393964
9  -0.000001 1.800633 0.000002  0.004228 0.003292 -0.472103
10  -0.000001 1.243404 0.000000  0.006309 0.001661 -0.328230
11  -0.244724 3.701094 0.087731  0.004244 0.003603 -0.402932
12  -0.000001 1.766586 0.000001  0.003329 -0.002780 -0.523312
13  0.000000 1.189004 0.000000  -0.016474 -0.006468 -0.416037
14  -0.277239 3.632248 1.274100  0.052687 0.017453 -0.279974
15  0.000001 1.798495 0.000001  0.034542 0.015472 -0.421259
16  0.000000 1.235452 0.000000  -0.006025 0.006058 -0.203611
17  0.315442 0.857299 0.755942  2.109432 0.373269 1.533784
18  -0.000001 2.265940 -0.000003  -0.056797 -0.034690 -0.271734
19  0.000001 1.457811 -0.000003  -0.031121 0.045492 0.001394
20  -1.259681 3.818375 1.286944  0.052687 0.017453 -0.279974
21  -1.226389 3.891693 0.090415  0.004244 0.003603 -0.402932
22  -1.231621 3.875532 -0.958682  -0.054966 -0.028860 -0.393964
23  -1.209919 3.994782 -2.003049  -0.096194 -0.052727 -0.400403
24  0.328907 0.095428 1.403530  2.109432 0.373269 1.533784
25  11.696751 -21.816809 17.524801  1.917038 -0.029818 -2.384904
26  5.989550 -29.539917 14.798361  -1.570796 -0.000000 -1.570796
27  10.769836 -15.353456 -1.249673  -0.051945 -0.000000 -1.570796
28  -7.028650 0.743399 -8.093216  0.542536 -0.141717 2.537239
29  0.000001 13.479276 -0.000001  1.117514 -0.000000 0.000000
30  0.000001 13.477238 0.000000  -0.164989 0.034571 0.074870
31  0.267269 3.664728 -1.953291  -0.067893 0.086178 0.802666
32  -0.000001 1.180356 0.000000  -0.024201 0.028477 0.843506
33  -0.000001 0.817135 -0.000000  0.010446 0.006491 0.658839
34  0.249422 3.688542 -0.940888  -0.032371 0.052975 0.932871
35  0.000000 1.800632 -0.000000  0.000732 -0.005308 1.244337
36  0.000001 1.243405 -0.000001  0.004815 -0.004401 0.811274
37  0.244726 3.701096 0.087734  0.001305 -0.005412 1.033087
38  0.000001 1.766584 -0.000000  0.004298 0.000584 1.084130
39  0.000000 1.189003 -0.000000  -0.010510 0.014239 0.976837
40  0.277239 3.632248 1.274102  0.172230 0.068927 -0.286590
41  0.000000 1.798495 0.000001  0.035977 -0.011757 0.316010
42  0.000000 1.235452 -0.000000  -0.006066 -0.006017 0.210488
43  -0.315442 0.857300 0.755944  -0.248767 -2.664688 1.150363
44  -0.000002 2.265940 -0.000001  -0.039010 0.053923 0.668054
45  -0.000000 1.457813 0.000001  -0.054852 0.005358 1.066393
46  1.259681 3.818376 1.286947  0.172230 0.068927 -0.286590
47  1.226390 3.891693 0.090420  0.001305 -0.005412 1.033087
48  1.231624 3.875535 -0.958680  -0.032371 0.052975 0.932871
49  1.209919 3.994781 -2.003047  -0.067893 0.086178 0.802666
50  -0.328906 0.095429 1.403533  -0.248767 -2.664688 1.150362
51  -10.536383 -9.402439 12.084062  1.488655 -0.219278 2.565687
52  -19.163309 -18.906147 0.179033  -1.570796 -0.000000 1.570796
53  -7.028650 0.743399 -8.093216  -0.051945 0.000000 1.570796
54  -10.237755 -14.447400 -12.286362  1.793256 0.560434 0.259721
55  -1.855342 6.848200 8.911867  0.643721 -1.614433 -2.214060
56  0.461754 7.791411 26.458832  0.643346 -1.614420 -2.213683
57  14.711363 3.836792 9.704225  -0.024891 -0.027351 -0.026679
time 14
0  0 0 0  0 0 0
1  0.000000 0.000000 0.000000  1.570796 -0.000000 0.000000
2  10.500736 -15.056362 -1.478231  0.616177 -0.237603 2.566128
3  -0.000001 13.479275 -0.000000  1.446703 0.000000 -0.000000
4  0.000000 13.477240 -0.000001  -0.599995 1.016899 -1.130237
5  -0.267270 3.664728 -1.953292  -0.096193 -0.052727 -0.400403
6  -0.000001 1.180355 -0.000001  -0.033423 -0.016719 -0.440925
7  -0.000001 0.817134 -0.000001  0.007067 -0.010065 -0.256195
8  -0.249424 3.688541 -0.940887  -0.054966 -0.028860 -0.393964
9  0.000000 1.800633 0.000001  0.004228 0.003292 -0.472103
10  0.000001 1.243405 -0.000001  0.006309 0.001661 -0.328230
11  -0.244727 3.701096 0.087734  0.004244 0.003603 -0.402932
12  -0.000000 1.766583 -0.000000  0.003329 -0.002780 -0.523312
13  0.000000 1.189002 0.000000  -0.016474 -0.006468 -0.416038
14  -0.277241 3.632248 1.274103  0.052687 0.017453 -0.279974
15  0.000000 1.798494 -0.000002  0.034542 0.015472 -0.421259
16  0.000002 1.235450 0.000001  -0.006025 0.006058 -0.203611
17  0.315439 0.857301 0.755944  2.109432 0.373269 1.533784
18  -0.000000 2.265941 0.000001  -0.056797 -0.034690 -0.271734
19  -0.000002 1.457811 0.000002  -0.031121 0.045492 0.001395
20  -1.259683 3.818375 1.286947  0.052687 0.017453 -0.279974
21  -1.226391 3.891693 0.090420  0.004244 0.003603 -0.402932
22  -1.231623 3.875535 -0.958681  -0.054966 -0.028860 -0.393964
23  -1.209921 3.994782 -2.003047  -0.096194 -0.052727 -0.400403
24  0.328905 0.095430 1.403534  2.109432 0.373269 1.533784
25  11.862809 -21.462215 17.635511  1.924639 -0.035790 -2.370406
26  5.470374 -29.800163 14.228283  -1.570796 -0.000000 -1.570796
27  10.500736 -15.056362 -1.478231  -0.051945 -0.000000 -1.570796
28  -7.028650 0.743399 -8.093216  0.540203 -0.142447 2.536972
29  0.000000 13.479276 -0.000000  1.119039 -0.000000 0.000000
30  -0.000001 13.477239 0.000000  -0.153836 0.046957 0.067154
31  0.267269 3.664724 -1.953293  -0.067893 0.086178 0.802666
32  -0.000000 1.180355 0.000000  -0.024201 0.028477 0.843506
33  -0.000001 0.817135 0.000000  0.010446 0.006491 0.658839
34  0.249422 3.688540 -0.940889  -0.032371 0.052975 0.932871
35  -0.000002 1.800633 -0.000001  0.000732 -0.005308 1.244337
36  -0.000000 1.243407 0.000000  0.004815 -0.004401 0.811274
37  0.244726 3.701094 0.087732  0.001305 -0.005412 1.033087
38  -0.000002 1.766586 0.000000  0.004298 0.000584 1.084130
39  -0.000001 1.189004 -0.000000  -0.010510 0.014239 0.976837
40  0.277239 3.632246 1.274102  0.172230 0.068927 -0.286590
41  -0.000000 1.798496 -0.000000  0.035977 -0.011757 0.316010
42  0.000000 1.235454 -0.000001  -0.006066 -0.006017 0.210488
43  -0.315441 0.857299 0.755944  -0.248767 -2.664688 1.150362
44  0.000000 2.265939 -0.000000  -0.039010 0.053923 0.668054
45  -0.000000 1.457813 0.000001  -0.054852 0.005358 1.066393
46  1.259682 3.818374 1.286946  0.172230 0.068927 -0.286590
47  1.226390 3.891692 0.090419  0.001305 -0.005412 1.033087
48  1.231623 3.875533 -0.958679  -0.032371 0.052975 0.932871
49  1.209919 3.994780 -2.003048  -0.067893 0.086178 0.802666
50  -0.328906 0.095427 1.403533  -0.248767 -2.664688 1.150362
51  -10.545388 -9.430002 12.056157  1.496427 -0.213299 2.578766
52  -19.163309 -18.906147 0.179033  -1.570796 -0.000000 1.570796
53  -7.028650 0.743399 -8.093216  -0.051945 0.000000 1.570796
54  -10.206675 -14.447400 -12.286362  1.777931 0.548593 0.250709
55  -1.855344 6.848201 8.911863  0.643721 -1.614433 -2.214061
56  0.461753 7.791412 26.458828  0.643346 -1.614420 -2.213684
57  14.711364 3.836793 9.704225  -0.024891 -0.027352 -0.026679
time 15
0  0 0 0  0 0 0
1  0.000000 0.000000 0.000000  1.570796 -0.000000 0.000000
2  10.280415 -14.758240 -1.665359  1.117981 -0.655833 1.987837
3  0.000002 13.479274 0.000001  1.121994 0.000000 -0.000000
4  -0.000001 13.477240 0.000002  -0.576729 0.105621 -0.635878
5  -0.267267 3.664724 -1.953293  -0.096194 -0.052727 -0.400403
6  -0.000001 1.180354 0.000001  -0.033422 -0.016719 -0.440925
7  0.000000 0.817134 -0.000000  0.007067 -0.010065 -0.256194
8  -0.249421 3.688542 -0.940889  -0.054966 -0.028860 -0.393964
9  -0.000004 1.800633 -0.000001  0.004228 0.003292 -0.472103
10  -0.000005 1.243402 0.000000  0.006309 0.001661 -0.328230
11  -0.244727 3.701093 0.087731  0.004244 0.003603 -0.402932
12  0.000001 1.766583 -0.000000  0.003329 -0.002780 -0.523312
13  0.000000 1.189002 -0.000002  -0.016474 -0.006468 -0.416037
14  -0.277238 3.632247 1.274104  0.052687 0.017454 -0.279974
15  -0.000002 1.798492 -0.000000  0.034542 0.015473 -0.421260
16  -0.000001 1.235448 0.000002  -0.006025 0.006058 -0.203611
17  0.315441 0.857299 0.755943  2.109432 0.373269 1.533784
18  -0.000002 2.265942 0.000002  -0.056797 -0.034690 -0.271734
19  0.000002 1.457812 0.000001  -0.031121 0.045492 0.001394
20  -1.259680 3.818373 1.286946  0.052687 0.017453 -0.279974
21  -1.226389 3.891692 0.090419  0.004244 0.003603 -0.402932
22  -1.231622 3.875533 -0.958682  -0.054966 -0.028860 -0.393963
23  -1.209918 3.994781 -2.003048  -0.096194 -0.052727 -0.400403
24  0.328907 0.095428 1.403532  2.109432 0.373269 1.533784
25  18.136831 -26.411369 16.317158  1.498552 -0.173488 2.461209
26  5.068974 -30.064308 13.778500  -1.570796 -0.000000 -1.570796
27  10.280415 -14.758240 -1.665359  -0.051945 -0.000000 -1.570796
28  -7.028650 0.743399 -8.093216  0.535503 -0.144151 2.536348
29  0.000001 13.479276 0.000000  1.122607 -0.000000 0.000000
30  0.000000 13.477238 -0.000000  -0.134763 0.051176 0.054010
31  0.267269 3.664726 -1.953295  -0.067893 0.086178 0.802666
32  0.000001 1.180357 -0.000000  -0.024201 0.028477 0.843506
33  -0.000000 0.817135 -0.000001  0.010446 0.006491 0.658839
34  0.249422 3.688541 -0.940890  -0.032371 0.052975 0.932871
35  -0.000001 1.800633 -0.000001  0.000732 -0.005308 1.244337
36  0.000001 1.243406 -0.000000  0.004815 -0.004401 0.811274
37  0.244726 3.701095 0.087730  0.001305 -0.005412 1.033087
38  0.000001 1.766585 0.000001  0.004298 0.000584 1.084130
39  0.000001 1.189003 0.000000  -0.010510 0.014239 0.976837
40  0.277239 3.632248 1.274102  0.172230 0.068927 -0.286590
41  -0.000002 1.798494 -0.000001  0.035977 -0.011757 0.316010
42  0.000000 1.235452 -0.000000  -0.006067 -0.006017 0.210488
43  -0.315442 0.857299 0.755943  -0.248767 -2.664688 1.150362
44  0.000001 2.265940 0.000000  -0.039010 0.053923 0.668054
45  -0.000001 1.457810 0.000000  -0.054852 0.005358 1.066393
46  1.259681 3.818373 1.286945  0.172230 0.068927 -0.286590
47  1.226390 3.891694 0.090418  0.001305 -0.005412 1.033087
48  1.231622 3.875533 -0.958682  -0.032371 0.052975 0.932871
49  1.209918 3.994781 -2.003049  -0.067893 0.086178 0.802666
50  -0.328907 0.095428 1.403532  -0.248767 -2.664688 1.150362
51  -10.556861 -9.482118 11.998523  1.513820 -0.202195 2.583585
52  -19.163309 -18.906147 0.179033  -1.570796 -0.000000 1.570796
53  -7.028650 0.743399 -8.093216  -0.051945 0.000000 1.570796
54  -10.195225 -14.447400 -12.286362  1.752470 0.545342 0.237107
55  -1.855343 6.848201 8.911861  0.643721 -1.614433 -2.214061
56  0.461752 7.791413 26.458830  0.643346 -1.614420 -2.213684
57  14.711360 3.836792 9.704224  -0.024891 -0.027351 -0.026679
time 16
0  0 0 0  0 0 0
1  0.000000 0.000000 0.000000  1.570796 -0.000000 0.000000
2  10.103995 -14.465271 -1.815200  1.123572 -0.659563 2.031823
3  0.000004 13.479274 0.000001  1.068226 0.000000 -0.000000
4  0.000000 13.477240 0.000000  -0.525047 0.091254 -0.622311
5  -0.267269 3.664727 -1.953292  -0.096194 -0.052727 -0.400403
6  -0.000002 1.180354 -0.000001  -0.033423 -0.016719 -0.440925
7  -0.000002 0.817135 0.000000  0.007067 -0.010065 -0.256194
8  -0.249425 3.688542 -0.940890  -0.054966 -0.028860 -0.393964
9  -0.000002 1.800632 -0.000001  0.004228 0.003292 -0.472103
10  0.000002 1.243406 -0.000002  0.006309 0.001661 -0.328231
11  -0.244727 3.701095 0.087732  0.004244 0.003603 -0.402932
12  0.000001 1.766584 -0.000000  0.003329 -0.002780 -0.523312
13  0.000000 1.189003 -0.000000  -0.016473 -0.006468 -0.416038
14  -0.277240 3.632250 1.274102  0.052686 0.017453 -0.279974
15  0.000000 1.798497 -0.000002  0.034542 0.015473 -0.421260
16  0.000005 1.235452 0.000001  -0.006025 0.006058 -0.203611
17  0.315442 0.857301 0.755944  2.109432 0.373269 1.533784
18  -0.000000 2.265938 -0.000001  -0.056797 -0.034690 -0.271734
19  0.000001 1.457810 -0.000003  -0.031121 0.045492 0.001395
20  -1.259683 3.818376 1.286945  0.052687 0.017453 -0.279974
21  -1.226392 3.891695 0.090418  0.004244 0.003603 -0.402932
22  -1.231625 3.875536 -0.958681  -0.054966 -0.028860 -0.393964
23  -1.209918 3.994781 -2.003048  -0.096194 -0.052727 -0.400403
24  0.328906 0.095430 1.403534  2.109432 0.373269 1.533784
25  18.206917 -26.254763 16.450550  1.515706 -0.165391 2.462591
26  4.744341 -30.324987 13.427887  -1.570796 -0.000000 -1.570796
27  10.103995 -14.465271 -1.815200  -0.051945 -0.000000 -1.570796
28  -7.028650 0.743399 -8.093216  0.531218 -0.145141 2.535985
29  0.000000 13.479276 0.000001  1.125443 -0.000000 0.000000
30  -0.000001 13.477240 -0.000000  -0.115293 0.051584 0.047049
31  0.267269 3.664727 -1.953294  -0.067893 0.086178 0.802666
32  0.000003 1.180356 0.000001  -0.024201 0.028477 0.843506
33  -0.000000 0.817135 0.000000  0.010446 0.006491 0.658839
34  0.249423 3.688542 -0.940890  -0.032371 0.052975 0.932871
35  -0.000001 1.800633 -0.000000  0.000732 -0.005308 1.244337
36  0.000000 1.243406 -0.000001  0.004815 -0.004401 0.811274
37  0.244726 3.701096 0.087732  0.001305 -0.005412 1.033087
38  -0.000002 1.766584 0.000000  0.004298 0.000584 1.084130
39  -0.000001 1.189004 0.000002  -0.010510 0.014239 0.976837
40  0.277239 3.632248 1.274102  0.172230 0.068927 -0.286590
41  0.000001 1.798493 0.000000  0.035977 -0.011757 0.316010
42  -0.000000 1.235451 0.000001  -0.006067 -0.006017 0.210488
43  -0.315442 0.857301 0.755943  -0.248767 -2.664688 1.150363
44  0.000000 2.265939 0.000001  -0.039010 0.053923 0.668054
45  0.000001 1.457810 -0.000001  -0.054852 0.005358 1.066393
46  1.259682 3.818375 1.286946  0.172230 0.068927 -0.286590
47  1.226390 3.891695 0.090419  0.001305 -0.005412 1.033087
48  1.231622 3.875535 -0.958680  -0.032371 0.052975 0.932871
49  1.209918 3.994782 -2.003048  -0.067893 0.086178 0.802666
50  -0.328907 0.095429 1.403533  -0.248767 -2.664688 1.150362
51  -10.577826 -9.528831 11.949412  1.531947 -0.196216 2.584273
52  -19.163309 -18.906147 0.179033  -1.570796 -0.000000 1.570796
53  -7.028650 0.743399 -8.093216  -0.051945 0.000000 1.570796
54  -10.193588 -14.447400 -12.286362  1.730556 0.545405 0.230069
55  -1.855344 6.848200 8.911864  0.643721 -1.614433 -2.214061
56  0.461752 7.791411 26.458830  0.643346 -1.614420 -2.213685
57  14.711361 3.836791 9.704225  -0.024891 -0.027352 -0.026679
time 17
0  0 0 0  0 0 0
1  0.000000 0.000000 0.000000  1.570796 -0.000000 0.000000
2  9.966599 -14.183634 -1.931895  1.118983 -0.683588 2.026734
3  -0.000001 13.479279 -0.000000  1.077628 0.000000 -0.000000
4  0.000000 13.477240 0.000001  -0.506052 0.081891 -0.628703
5  -0.267268 3.664724 -1.953295  -0.096194 -0.052727 -0.400403
6  -0.000004 1.180357 -0.000004  -0.033422 -0.016719 -0.440925
7  -0.000003 0.817136 0.000001  0.007067 -0.010065 -0.256195
8  -0.249421 3.688541 -0.940889  -0.054966 -0.028860 -0.393964
9  0.000003 1.800633 0.000000  0.004228 0.003292 -0.472103
10  -0.000002 1.243403 0.000001  0.006309 0.001661 -0.328230
11  -0.244724 3.701095 0.087729  0.004244 0.003603 -0.402932
12  -0.000006 1.766583 0.000002  0.003329 -0.002780 -0.523312
13  0.000001 1.189003 -0.000000  -0.016474 -0.006468 -0.416038
14  -0.277236 3.632247 1.274099  0.052686 0.017453 -0.279974
15  0.000002 1.798497 0.000001  0.034542 0.015472 -0.421260
16  0.000000 1.235451 -0.000000  -0.006025 0.006058 -0.203611
17  0.315443 0.857298 0.755940  2.109433 0.373269 1.533785
18  0.000004 2.265939 0.000001  -0.056797 -0.034690 -0.271734
19  0.000002 1.457814 0.000001  -0.031121 0.045492 0.001394
20  -1.259679 3.818373 1.286943  0.052687 0.017453 -0.279974
21  -1.226388 3.891692 0.090418  0.004244 0.003603 -0.402931
22  -1.231620 3.875531 -0.958682  -0.054966 -0.028860 -0.393964
23  -1.209919 3.994781 -2.003051  -0.096194 -0.052727 -0.400403
24  0.328908 0.095427 1.403530  2.109432 0.373269 1.533784
25  18.180069 -26.369093 15.938101  1.529518 -0.178895 2.456072
26  4.455469 -30.574827 13.155317  -1.570796 -0.000000 -1.570796
27  9.966599 -14.183634 -1.931895  -0.051945 -0.000000 -1.570796
28  -7.028650 0.743399 -8.093216  0.530771 -0.143359 2.536638
29  0.000000 13.479276 0.000000  1.124152 -0.000000 0.000000
30  -0.000000 13.477239 -0.000001  -0.102140 0.045692 0.064480
31  0.267268 3.664726 -1.953294  -0.067893 0.086178 0.802666
32  0.000000 1.180356 0.000000  -0.024201 0.028477 0.843506
33  -0.000000 0.817136 -0.000001  0.010446 0.006491 0.658839
34  0.249422 3.688541 -0.940889  -0.032371 0.052975 0.932871
35  0.000000 1.800633 -0.000001  0.000732 -0.005308 1.244337
36  -0.000000 1.243406 0.000000  0.004815 -0.004401 0.811274
37  0.244725 3.701096 0.087732  0.001305 -0.005412 1.033087
38  -0.000001 1.766585 -0.000001  0.004298 0.000584 1.084130
39  0.000000 1.189005 0.000001  -0.010510 0.014239 0.976837
40  0.277239 3.632248 1.274102  0.172230 0.068927 -0.286590
41  -0.000000 1.798494 0.000000  0.035977 -0.011757 0.316010
42  -0.000001 1.235450 -0.000000  -0.006067 -0.006017 0.210488
43  -0.315442 0.857299 0.755943  -0.248767 -2.664688 1.150363
44  0.000001 2.265940 -0.000000  -0.039010 0.053923 0.668054
45  0.000000 1.457812 -0.000001  -0.054852 0.005358 1.066392
46  1.259680 3.818375 1.286945  0.172230 0.068927 -0.286590
47  1.226391 3.891695 0.090419  0.001305 -0.005412 1.033087
48  1.231622 3.875534 -0.958681  -0.032371 0.052975 0.932871
49  1.209918 3.994782 -2.003048  -0.067893 0.086178 0.802666
50  -0.328906 0.095428 1.403532  -0.248767 -2.664688 1.150362
51  -10.615875 -9.532270 11.951441  1.544067 -0.211272 2.577667
52  -19.163309 -18.906147 0.179033  -1.570796 -0.000000 1.570796
53  -7.028650 0.743399 -8.093216  -0.051945 0.000000 1.570796
54  -10.195484 -14.447400 -12.286362  1.729380 0.549925 0.248519
55  -1.855343 6.848199 8.911864  0.643721 -1.614433 -2.214060
56  0.461753 7.791412 26.458828  0.643346 -1.614420 -2.213684
57  14.711364 3.836791 9.704225  -0.024891 -0.027352 -0.026679
time 18
0  0 0 0  0 0 0
1  0.000000 0.000000 0.000000  1.570796 -0.000000 0.000000
2  9.863349 -13.919502 -2.019589  1.109156 -0.726514 1.974152
3  0.000000 13.479275 0.000000  1.145411 0.000000 -0.000000
4  0.000000 13.477238 -0.000001  -0.516190 0.076005 -0.652810
5  -0.267268 3.664726 -1.953293  -0.096194 -0.052727 -0.400403
6  0.000002 1.180354 0.000000  -0.033422 -0.016719 -0.440925
7  0.000002 0.817135 0.000003  0.007067 -0.010065 -0.256195
8  -0.249421 3.688541 -0.940888  -0.054966 -0.028860 -0.393964
9  0.000001 1.800633 -0.000000  0.004228 0.003292 -0.472103
10  0.000000 1.243404 -0.000002  0.006309 0.001661 -0.328230
11  -0.244725 3.701095 0.087734  0.004244 0.003603 -0.402932
12  -0.000000 1.766584 0.000001  0.003329 -0.002780 -0.523312
13  -0.000004 1.189003 -0.000002  -0.016474 -0.006468 -0.416037
14  -0.277237 3.632246 1.274105  0.052687 0.017453 -0.279974
15  0.000003 1.798495 -0.000004  0.034542 0.015473 -0.421260
16  0.000004 1.235451 -0.000001  -0.006025 0.006058 -0.203611
17  0.315444 0.857299 0.755947  2.109433 0.373269 1.533784
18  0.000001 2.265939 -0.000000  -0.056797 -0.034690 -0.271734
19  0.000004 1.457811 0.000001  -0.031121 0.045492 0.001394
20  -1.259679 3.818373 1.286947  0.052687 0.017453 -0.279974
21  -1.226389 3.891692 0.090421  0.004244 0.003603 -0.402932
22  -1.231621 3.875534 -0.958679  -0.054966 -0.028860 -0.393964
23  -1.209918 3.994780 -2.003047  -0.096194 -0.052727 -0.400403
24  0.328907 0.095428 1.403534  2.109432 0.373269 1.533785
25  18.042128 -26.690302 14.810438  1.541684 -0.212655 2.442765
26  4.161357 -30.806452 12.939663  -1.570796 -0.000000 -1.570796
27  9.863349 -13.919502 -2.019589  -0.051945 -0.000000 -1.570796
28  -7.028650 0.743399 -8.093216  0.533702 -0.138463 2.538429
29  -0.000000 13.479277 0.000000  1.118700 -0.000000 0.000000
30  -0.000000 13.477238 0.000000  -0.093500 0.034386 0.105412
31  0.267268 3.664727 -1.953292  -0.067893 0.086178 0.802666
32  -0.000001 1.180356 -0.000002  -0.024201 0.028477 0.843506
33  -0.000003 0.817136 -0.000001  0.010446 0.006491 0.658839
34  0.249420 3.688542 -0.940887  -0.032371 0.052975 0.932871
35  -0.000001 1.800633 0.000001  0.000732 -0.005308 1.244337
36  0.000000 1.243407 -0.000001  0.004815 -0.004401 0.811274
37  0.244724 3.701096 0.087734  0.001305 -0.005412 1.033087
38  0.000001 1.766585 -0.000000  0.004298 0.000584 1.084130
39  -0.000001 1.189004 -0.000000  -0.010510 0.014239 0.976837
40  0.277238 3.632248 1.274103  0.172230 0.068927 -0.286590
41  0.000000 1.798494 0.000000  0.035977 -0.011757 0.316010
42  0.000001 1.235451 0.000001  -0.006067 -0.006017 0.210488
43  -0.315443 0.857301 0.755944  -0.248767 -2.664688 1.150362
44  -0.000002 2.265940 -0.000001  -0.039010 0.053923 0.668054
45  0.000000 1.457812 0.000000  -0.054851 0.005358 1.066393
46  1.259680 3.818375 1.286947  0.172230 0.068927 -0.286590
47  1.226389 3.891693 0.090420  0.001305 -0.005412 1.033087
48  1.231622 3.875533 -0.958679  -0.032371 0.052975 0.932871
49  1.209918 3.994781 -2.003047  -0.067893 0.086178 0.802666
50  -0.328908 0.095429 1.403533  -0.248767 -2.664688 1.150362
51  -10.681877 -9.496839 12.000714  1.552015 -0.246232 2.564924
52  -19.163309 -18.906147 0.179033  -1.570796 -0.000000 1.570796
53  -7.028650 0.743399 -8.093216  -0.051945 0.000000 1.570796
54  -10.208748 -14.447400 -12.286362  1.746809 0.557173 0.291290
55  -1.855343 6.848200 8.911865  0.643721 -1.614433 -2.214061
56  0.461752 7.791413 26.458836  0.643346 -1.614420 -2.213684
57  14.711362 3.836792 9.704227  -0.024891 -0.027351 -0.026679
time 19
0  0 0 0  0 0 0
1  0.000000 0.000000 0.000000  1.570796 -0.000000 0.000000
2  9.789366 -13.679056 -2.082426  1.104336 -0.769379 1.908746
3  0.000000 13.479282 -0.000000  1.233048 0.000000 -0.000000
4  -0.000001 13.477240 0.000000  -0.537738 0.068920 -0.681244
5  -0.267269 3.664725 -1.953289  -0.096194 -0.052727 -0.400403
6  -0.000002 1.180353 0.000001  -0.033422 -0.016719 -0.440925
7  0.000002 0.817136 0.000000  0.007067 -0.010065 -0.256195
8  -0.249421 3.688539 -0.940887  -0.054966 -0.028860 -0.393964
9  0.000000 1.800631 0.000004  0.004228 0.003292 -0.472103
10  -0.000002 1.243406 -0.000000  0.006309 0.001661 -0.328230
11  -0.244725 3.701096 0.087735  0.004244 0.003603 -0.402932
12  -0.000002 1.766584 -0.000002  0.003329 -0.002780 -0.523312
13  -0.000005 1.189003 0.000000  -0.016474 -0.006468 -0.416038
14  -0.277236 3.632248 1.274105  0.052686 0.017453 -0.279974
15  0.000001 1.798495 -0.000003  0.034542 0.015472 -0.421260
16  -0.000003 1.235452 -0.000000  -0.006025 0.006058 -0.203611
17  0.315445 0.857299 0.755947  2.109433 0.373269 1.533785
18  -0.000000 2.265938 -0.000001  -0.056797 -0.034690 -0.271734
19  0.000002 1.457812 -0.000001  -0.031121 0.045492 0.001395
20  -1.259680 3.818375 1.286949  0.052687 0.017453 -0.279974
21  -1.226388 3.891692 0.090422  0.004244 0.003603 -0.402932
22  -1.231623 3.875534 -0.958676  -0.054966 -0.028860 -0.393964
23  -1.209916 3.994780 -2.003046  -0.096194 -0.052727 -0.400403
24  0.328908 0.095428 1.403536  2.109433 0.373269 1.533784
25  17.905716 -26.861755 13.538221  1.554285 -0.250994 2.433640
26  3.820997 -31.012499 12.759792  -1.570796 -0.000000 -1.570796
27  9.789366 -13.679056 -2.082426  -0.051945 -0.000000 -1.570796
28  -7.028650 0.743399 -8.093216  0.536982 -0.131218 2.541075
29  -0.000000 13.479278 0.000001  1.111132 -0.000000 0.000000
30  -0.000000 13.477238 0.000000  -0.083054 0.026799 0.153002
31  0.267270 3.664724 -1.953294  -0.067893 0.086178 0.802666
32  -0.000001 1.180356 0.000001  -0.024201 0.028477 0.843506
33  -0.000001 0.817136 -0.000002  0.010446 0.006491 0.658839
34  0.249423 3.688540 -0.940890  -0.032371 0.052975 0.932871
35  -0.000000 1.800634 -0.000002  0.000732 -0.005308 1.244336
36  -0.000001 1.243405 -0.000000  0.004815 -0.004401 0.811274
37  0.244727 3.701095 0.087732  0.001305 -0.005412 1.033087
38  0.000001 1.766586 0.000001  0.004298 0.000584 1.084130
39  0.000000 1.189003 0.000001  -0.010510 0.014239 0.976837
40  0.277239 3.632246 1.274102  0.172230 0.068927 -0.286590
41  0.000001 1.798495 0.000001  0.035977 -0.011757 0.316010
42  0.000001 1.235451 -0.000000  -0.006066 -0.006017 0.210488
43  -0.315441 0.857298 0.755944  -0.248767 -2.664688 1.150362
44  -0.000000 2.265940 0.000000  -0.039010 0.053923 0.668054
45  -0.000001 1.457813 0.000001  -0.054852 0.005358 1.066393
46  1.259681 3.818374 1.286945  0.172230 0.068927 -0.286590
47  1.226392 3.891693 0.090419  0.001305 -0.005412 1.033087
48  1.231624 3.875533 -0.958681  -0.032371 0.052975 0.932871
49  1.209920 3.994781 -2.003048  -0.067893 0.086178 0.802666
50  -0.328906 0.095427 1.403532  -0.248767 -2.664688 1.150362
51  -10.790178 -9.456356 12.063047  1.559772 -0.285783 2.556656
52  -19.163309 -18.906147 0.179033  -1.570796 -0.000000 1.570796
53  -7.028650 0.743399 -8.093216  -0.051945 0.000000 1.570796
54  -10.244751 -14.447400 -12.286362  1.766390 0.558309 0.338826
55  -1.855342 6.848201 8.911864  0.643721 -1.614433 -2.214060
56  0.461753 7.791412 26.458834  0.643346 -1.614420 -2.213684
57  14.711363 3.836793 9.704225  -0.024891 -0.027352 -0.026679
time 20
0  0 0 0  0 0 0
1  0.000000 0.000000 0.000000  1.570796 -0.000000 0.000000
2  9.739774 -13.468475 -2.124547  1.101502 -0.800714 1.859494
3  0.000003 13.479276 0.000000  1.308711 0.000000 -0.000000
4  0.000000 13.477240 -0.000001  -0.552729 0.059152 -0.702866
5  -0.267269 3.664727 -1.953288  -0.096194 -0.052727 -0.400403
6  0.000003 1.180355 -0.000000  -0.033422 -0.016719 -0.440925
7  -0.000004 0.817135 0.000002  0.007067 -0.010065 -0.256194
8  -0.249419 3.688543 -0.940887  -0.054966 -0.028860 -0.393964
9  0.000001 1.800634 -0.000000  0.004228 0.003292 -0.472103
10  -0.000002 1.243407 0.000000  0.006309 0.001661 -0.328230
11  -0.244724 3.701096 0.087735  0.004244 0.003603 -0.402932
12  0.000002 1.766584 -0.000001  0.003329 -0.002780 -0.523312
13  -0.000004 1.189003 -0.000000  -0.016474 -0.006468 -0.416037
14  -0.277237 3.632249 1.274105  0.052687 0.017453 -0.279974
15  -0.000002 1.798496 -0.000001  0.034542 0.015472 -0.421260
16  0.000003 1.235455 0.000002  -0.006025 0.006058 -0.203611
17  0.315441 0.857300 0.755944  2.109432 0.373269 1.533784
18  0.000000 2.265941 -0.000001  -0.056797 -0.034690 -0.271734
19  -0.000000 1.457813 0.000000  -0.031121 0.045492 0.001395
20  -1.259680 3.818375 1.286948  0.052687 0.017453 -0.279974
21  -1.226388 3.891694 0.090423  0.004244 0.003603 -0.402932
22  -1.231622 3.875535 -0.958678  -0.054966 -0.028860 -0.393964
23  -1.209916 3.994784 -2.003046  -0.096194 -0.052727 -0.400403
24  0.328907 0.095430 1.403534  2.109432 0.373269 1.533784
25  17.807756 -26.815235 12.511529  1.568612 -0.281030 2.431068
26  3.393375 -31.185585 12.594591  -1.570796 -0.000000 -1.570796
27  9.739774 -13.468475 -2.124547  -0.051945 -0.000000 -1.570796
28  -7.028650 0.743399 -8.093216  0.538412 -0.122805 2.544141
29  0.000000 13.479277 -0.000000  1.103420 -0.000000 0.000000
30  0.000000 13.477237 0.000000  -0.066938 0.023757 0.193323
31  0.267268 3.664725 -1.953292  -0.067893 0.086178 0.802666
32  -0.000000 1.180354 -0.000000  -0.024201 0.028477 0.843506
33  0.000001 0.817136 0.000000  0.010446 0.006491 0.658839
34  0.249422 3.688542 -0.940889  -0.032371 0.052975 0.932871
35  -0.000002 1.800633 -0.000000  0.000732 -0.005308 1.244337
36  0.000001 1.243407 0.000000  0.004815 -0.004401 0.811274
37  0.244725 3.701095 0.087733  0.001305 -0.005412 1.033087
38  -0.000002 1.766584 0.000001  0.004298 0.000584 1.084130
39  -0.000001 1.189006 0.000002  -0.010510 0.014239 0.976837
40  0.277238 3.632248 1.274101  0.172230 0.068927 -0.286590
41  0.000000 1.798496 0.000000  0.035977 -0.011757 0.316010
42  0.000000 1.235452 -0.000000  -0.006066 -0.006017 0.210488
43  -0.315442 0.857299 0.755943  -0.248767 -2.664688 1.150363
44  0.000001 2.265939 0.000000  -0.039010 0.053923 0.668054
45  -0.000000 1.457811 -0.000000  -0.054852 0.005358 1.066393
46  1.259681 3.818374 1.286944  0.172230 0.068927 -0.286590
47  1.226389 3.891694 0.090419  0.001305 -0.005412 1.033087
48  1.231623 3.875535 -0.958681  -0.032371 0.052975 0.932871
49  1.209919 3.994782 -2.003049  -0.067893 0.086178 0.802666
50  -0.328906 0.095428 1.403533  -0.248767 -2.664688 1.150362
51  -10.938796 -9.435627 12.107406  1.570268 -0.317291 2.554733
52  -19.163309 -18.906147 0.179033  -1.570796 -0.000000 1.570796
53  -7.028650 0.743399 -8.093216  -0.051945 0.000000 1.570796
54  -10.314862 -14.447400 -12.286362  1.775903 0.554018 0.375644
55  -1.855342 6.848200 8.911864  0.643722 -1.614433 -2.214061
56  0.461753 7.791413 26.458834  0.643347 -1.614420 -2.213685
57  14.711363 3.836792 9.704225  -0.024891 -0.027351 -0.026679
time 21
0  0 0 0  0 0 0
1  0.000000 0.000000 0.000000  1.570796 -0.000000 0.000000
2  9.709693 -13.293936 -2.150095  0.756021 -0.695647 2.094854
3  -0.000001 13.479279 -0.000002  1.504546 0.000000 -0.000000
4  0.000000 13.477238 0.000000  -0.517801 0.019134 -0.489502
5  -0.267269 3.664726 -1.953294  -0.096194 -0.052727 -0.400403
6  0.000002 1.180355 0.000000  -0.033422 -0.016719 -0.440925
7  0.000002 0.817133 0.000001  0.007067 -0.010065 -0.256195
8  -0.249421 3.688542 -0.940889  -0.054966 -0.028860 -0.393964
9  -0.000000 1.800633 0.000002  0.004228 0.003292 -0.472103
10  -0.000002 1.243406 -0.000000  0.006309 0.001661 -0.328230
11  -0.244726 3.701097 0.087734  0.004244 0.003603 -0.402932
12  0.000001 1.766584 0.000000  0.003329 -0.002780 -0.523312
13  -0.000002 1.189004 0.000000  -0.016474 -0.006468 -0.416037
14  -0.277239 3.632248 1.274100  0.052687 0.017453 -0.279974
15  0.000000 1.798494 -0.000002  0.034542 0.015472 -0.421260
16  -0.000003 1.235451 -0.000000  -0.006025 0.006058 -0.203611
17  0.315442 0.857300 0.755944  2.109433 0.373269 1.533785
18  0.000002 2.265940 -0.000002  -0.056797 -0.034690 -0.271734
19  -0.000000 1.457812 -0.000002  -0.031121 0.045492 0.001395
20  -1.259680 3.818374 1.286944  0.052687 0.017453 -0.279974
21  -1.226389 3.891695 0.090420  0.004244 0.003603 -0.402932
22  -1.231622 3.875535 -0.958680  -0.054966 -0.028860 -0.393964
23  -1.209917 3.994780 -2.003049  -0.096194 -0.052727 -0.400403
24  0.328907 0.095428 1.403532  2.109432 0.373269 1.533784
25  14.942554 -24.808420 12.927265  1.583127 -0.301020 2.429772
26  2.837502 -31.318346 12.422920  -1.570796 -0.000000 -1.570796
27  9.709693 -13.293936 -2.150095  -0.051945 -0.000000 -1.570796
28  -7.028650 0.743399 -8.093216  0.537885 -0.113532 2.547512
29  0.000001 13.479276 0.000000  1.096343 -0.000000 0.000000
30  0.000000 13.477240 0.000000  -0.048327 0.020030 0.224517
31  0.267268 3.664725 -1.953293  -0.067893 0.086178 0.802666
32  -0.000000 1.180355 0.000000  -0.024201 0.028477 0.843506
33  0.000000 0.817136 0.000001  0.010446 0.006491 0.658839
34  0.249423 3.688539 -0.940890  -0.032371 0.052975 0.932871
35  -0.000000 1.800633 0.000000  0.000732 -0.005308 1.244336
36  -0.000000 1.243405 -0.000000  0.004815 -0.004401 0.811274
37  0.244724 3.701093 0.087732  0.001305 -0.005412 1.033087
38  -0.000001 1.766585 0.000000  0.004298 0.000584 1.084130
39  0.000000 1.189005 0.000000  -0.010510 0.014239 0.976837
40  0.277238 3.632245 1.274101  0.172230 0.068927 -0.286590
41  0.000001 1.798496 0.000001  0.035977 -0.011757 0.316010
42  -0.000000 1.235449 -0.000000  -0.006066 -0.006017 0.210488
43  -0.315443 0.857298 0.755943  -0.248767 -2.664688 1.150363
44  0.000001 2.265939 -0.000001  -0.039010 0.053923 0.668054
45  0.000001 1.457812 0.000000  -0.054852 0.005358 1.066393
46  1.259680 3.818373 1.286945  0.172230 0.068927 -0.286590
47  1.226390 3.891691 0.090419  0.001305 -0.005412 1.033087
48  1.231622 3.875531 -0.958681  -0.032371 0.052975 0.932871
49  1.209917 3.994779 -2.003048  -0.067893 0.086178 0.802666
50  -0.328907 0.095427 1.403532  -0.248767 -2.664688 1.150362
51  -11.118969 -9.431656 12.130470  1.582236 -0.338845 2.553745
52  -19.163309 -18.906147 0.179033  -1.570796 -0.000000 1.570796
53  -7.028650 0.743399 -8.093216  -0.051945 0.000000 1.570796
54  -10.430452 -14.447400 -12.286362  1.777361 0.550411 0.400628
55  -1.855344 6.848200 8.911865  0.643722 -1.614433 -2.214060
56  0.461752 7.791413 26.458834  0.643346 -1.614420 -2.213684
57  11.183326 3.918206 9.663196  -0.024891 -0.027351 -0.026679
time 22
0  0 0 0  0 0 0
1  0.000000 0.000000 0.000000  1.570796 -0.000000 0.000000
2  9.694246 -13.161615 -2.163215  0.495517 -0.494356 2.344293
3  -0.000002 13.479275 0.000000  1.604957 0.000000 -0.000000
4  -0.000002 13.477238 0.000001  -0.469224 -0.020989 -0.197282
5  -0.267270 3.664726 -1.953294  -0.096194 -0.052727 -0.400403
6  0.000002 1.180355 -0.000002  -0.033423 -0.016719 -0.440925
7  0.000001 0.817136 0.000002  0.007067 -0.010065 -0.256195
8  -0.249422 3.688541 -0.940890  -0.054966 -0.028860 -0.393964
9  0.000000 1.800633 -0.000002  0.004228 0.003292 -0.472103
10  0.000003 1.243407 -0.000001  0.006309 0.001661 -0.328230
11  -0.244725 3.701095 0.087732  0.004244 0.003603 -0.402932
12  -0.000001 1.766584 -0.000002  0.003329 -0.002780 -0.523312
13  0.000000 1.189002 0.000000  -0.016474 -0.006468 -0.416038
14  -0.277239 3.632247 1.274101  0.052687 0.017453 -0.279974
15  0.000002 1.798494 0.000001  0.034542 0.015473 -0.421260
16  -0.000000 1.235453 -0.000001  -0.006025 0.006058 -0.203611
17  0.315443 0.857299 0.755942  2.109432 0.373269 1.533784
18  -0.000001 2.265940 0.000000  -0.056797 -0.034690 -0.271734
19  0.000001 1.457812 0.000000  -0.031121 0.045492 0.001394
20  -1.259680 3.818375 1.286945  0.052687 0.017453 -0.279974
21  -1.226390 3.891695 0.090419  0.004244 0.003603 -0.402932
22  -1.231622 3.875533 -0.958680  -0.054966 -0.028860 -0.393964
23  -1.209918 3.994782 -2.003051  -0.096194 -0.052727 -0.400403
24  0.328906 0.095428 1.403532  2.109432 0.373269 1.533785
25  12.061413 -22.812103 13.715293  1.595625 -0.311999 2.429399
26  2.112358 -31.403406 12.223660  -1.570796 -0.000000 -1.570796
27  9.694246 -13.161615 -2.163215  -0.051945 -0.000000 -1.570796
28  -7.028650 0.743399 -8.093216  0.535738 -0.102720 2.551434
29  0.000000 13.479278 0.000000  1.089437 -0.000000 0.000000
30  0.000001 13.477239 0.000001  -0.029481 0.015194 0.248045
31  0.267270 3.664726 -1.953292  -0.067893 0.086178 0.802666
32  0.000001 1.180355 -0.000000  -0.024201 0.028477 0.843506
33  -0.000001 0.817136 0.000001  0.010446 0.006491 0.658839
34  0.249424 3.688541 -0.940888  -0.032371 0.052975 0.932871
35  -0.000000 1.800633 0.000001  0.000732 -0.005308 1.244337
36  0.000001 1.243405 0.000001  0.004815 -0.004401 0.811274
37  0.244728 3.701096 0.087733  0.001305 -0.005412 1.033087
38  -0.000000 1.766585 -0.000002  0.004298 0.000584 1.084130
39  0.000000 1.189003 0.000001  -0.010510 0.014239 0.976837
40  0.277240 3.632248 1.274102  0.172230 0.068927 -0.286590
41  -0.000000 1.798493 -0.000001  0.035977 -0.011757 0.316010
42  0.000000 1.235452 0.000000  -0.006066 -0.006017 0.210488
43  -0.315441 0.857300 0.755944  -0.248767 -2.664688 1.150363
44  -0.000001 2.265940 0.000000  -0.039010 0.053923 0.668054
45  0.000000 1.457810 0.000000  -0.054851 0.005358 1.066393
46  1.259681 3.818374 1.286946  0.172230 0.068927 -0.286590
47  1.226392 3.891694 0.090420  0.001305 -0.005412 1.033087
48  1.231623 3.875535 -0.958679  -0.032371 0.052975 0.932871
49  1.209919 3.994783 -2.003047  -0.067893 0.086178 0.802666
50  -0.328907 0.095428 1.403533  -0.248767 -2.664688 1.150362
51  -11.338341 -9.438350 12.136664  1.593357 -0.351213 2.553381
52  -19.163309 -18.906147 0.179033  -1.570796 -0.000000 1.570796
53  -7.028650 0.743399 -8.093216  -0.051945 0.000000 1.570796
54  -10.602888 -14.447400 -12.286362  1.773793 0.548024 0.414862
55  -1.855344 6.848200 8.911863  0.643721 -1.614433 -2.214061
56  0.461751 7.791412 26.458832  0.643346 -1.614420 -2.213684
57  7.655292 3.999618 9.622162  -0.024891 -0.027351 -0.026679
time 23
0  0 0 0  0 0 0
1  0.000000 0.000000 0.000000  1.570796 -0.000000 0.000000
2  9.688555 -13.077692 -2.168048  0.393816 -0.225462 2.546374
3  0.000002 13.479277 0.000001  1.613672 0.000000 -0.000000
4  -0.000001 13.477237 -0.000000  -0.438849 -0.062041 0.129829
5  -0.267270 3.664729 -1.953293  -0.096194 -0.052727 -0.400403
6  0.000000 1.180355 -0.000000  -0.033422 -0.016719 -0.440925
7  -0.000003 0.817136 -0.000001  0.007067 -0.010065 -0.256194
8  -0.249424 3.688542 -0.940888  -0.054966 -0.028860 -0.393964
9  -0.000000 1.800632 -0.000002  0.004228 0.003292 -0.472103
10  0.000002 1.243407 0.000001  0.006309 0.001661 -0.328230
11  -0.244728 3.701098 0.087732  0.004244 0.003603 -0.402932
12  -0.000001 1.766584 -0.000002  0.003329 -0.002780 -0.523312
13  -0.000002 1.189002 -0.000002  -0.016474 -0.006468 -0.416038
14  -0.277240 3.632251 1.274102  0.052687 0.017453 -0.279974
15  0.000002 1.798494 0.000001  0.034542 0.015473 -0.421260
16  0.000000 1.235451 -0.000000  -0.006025 0.006058 -0.203611
17  0.315441 0.857302 0.755945  2.109433 0.373269 1.533784
18  -0.000001 2.265937 -0.000000  -0.056797 -0.034690 -0.271734
19  0.000001 1.457811 0.000000  -0.031121 0.045492 0.001394
20  -1.259683 3.818377 1.286947  0.052687 0.017453 -0.279974
21  -1.226391 3.891695 0.090420  0.004244 0.003603 -0.402931
22  -1.231623 3.875535 -0.958680  -0.054966 -0.028860 -0.393964
23  -1.209919 3.994783 -2.003047  -0.096194 -0.052727 -0.400403
24  0.328906 0.095430 1.403534  2.109432 0.373269 1.533784
25  9.123262 -20.843433 14.775053  1.603927 -0.314998 2.429539
26  1.176947 -31.433399 11.975679  -1.570796 -0.000000 -1.570796
27  9.688555 -13.077692 -2.168048  -0.051945 -0.000000 -1.570796
28  -7.028650 0.743399 -8.093216  0.532421 -0.089710 2.556140
29  0.000000 13.479278 -0.000000  1.082123 -0.000000 0.000000
30  -0.000001 13.477240 0.000002  -0.012675 0.008841 0.265325
31  0.267269 3.664726 -1.953293  -0.067893 0.086178 0.802666
32  -0.000001 1.180355 0.000000  -0.024201 0.028477 0.843506
33  -0.000003 0.817136 0.000001  0.010446 0.006491 0.658839
34  0.249422 3.688542 -0.940890  -0.032371 0.052975 0.932871
35  -0.000000 1.800633 -0.000000  0.000732 -0.005308 1.244337
36  -0.000000 1.243405 0.000001  0.004815 -0.004401 0.811275
37  0.244726 3.701096 0.087732  0.001305 -0.005412 1.033087
38  -0.000000 1.766585 0.000002  0.004298 0.000584 1.084130
39  -0.000000 1.189003 -0.000001  -0.010510 0.014239 0.976837
40  0.277238 3.632248 1.274101  0.172230 0.068927 -0.286590
41  -0.000000 1.798496 0.000001  0.035977 -0.011757 0.316010
42  -0.000001 1.235453 0.000000  -0.006067 -0.006017 0.210488
43  -0.315443 0.857300 0.755943  -0.248767 -2.664688 1.150363
44  0.000000 2.265940 -0.000000  -0.039010 0.053923 0.668054
45  -0.000000 1.457809 0.000001  -0.054852 0.005358 1.066393
46  1.259680 3.818375 1.286945  0.172230 0.068927 -0.286590
47  1.226390 3.891693 0.090419  0.001305 -0.005412 1.033087
48  1.231622 3.875535 -0.958682  -0.032371 0.052975 0.932871
49  1.209918 3.994782 -2.003048  -0.067893 0.086178 0.802666
50  -0.328907 0.095429 1.403532  -0.248767 -2.664688 1.150362
51  -11.603861 -9.449667 12.130799  1.601315 -0.355165 2.553329
52  -19.163309 -18.906147 0.179033  -1.570796 -0.000000 1.570796
53  -7.028650 0.743399 -8.093216  -0.051945 0.000000 1.570796
54  -10.843540 -14.447400 -12.286362  1.768208 0.547183 0.419386
55  -1.855343 6.848201 8.911863  0.643720 -1.614433 -2.214059
56  0.461752 7.791412 26.458830  0.643346 -1.614420 -2.213684
57  4.127257 4.081033 9.581132  -0.024891 -0.027352 -0.026679
time 24
0  0 0 0  0 0 0
1  0.000000 0.000000 0.000000  1.570796 -0.000000 0.000000
2  9.687742 -13.048346 -2.168739  0.534684 0.094582 2.717251
3  -0.000000 13.479277 -0.000001  1.454637 0.000000 -0.000000
4  -0.000000 13.477241 0.000002  -0.426570 -0.071497 0.437558
5  -0.267270 3.664728 -1.953292  -0.096194 -0.052727 -0.400403
6  0.000002 1.180355 -0.000002  -0.033423 -0.016719 -0.440925
7  -0.000002 0.817135 0.000001  0.007067 -0.010065 -0.256195
8  -0.249422 3.688541 -0.940887  -0.054966 -0.028860 -0.393964
9  0.000001 1.800635 0.000000  0.004228 0.003292 -0.472103
10  -0.000001 1.243407 0.000002  0.006309 0.001661 -0.328230
11  -0.244727 3.701097 0.087734  0.004244 0.003603 -0.402932
12  -0.000001 1.766587 0.000001  0.003329 -0.002780 -0.523312
13  -0.000001 1.189005 0.000002  -0.016474 -0.006468 -0.416038
14  -0.277240 3.632251 1.274102  0.052687 0.017454 -0.279974
15  0.000000 1.798493 -0.000001  0.034542 0.015473 -0.421260
16  -0.000000 1.235449 -0.000000  -0.006025 0.006058 -0.203611
17  0.315441 0.857303 0.755944  2.109433 0.373269 1.533784
18  -0.000001 2.265941 -0.000000  -0.056797 -0.034690 -0.271734
19  -0.000003 1.457810 0.000001  -0.031121 0.045492 0.001394
20  -1.259681 3.818375 1.286947  0.052687 0.017454 -0.279974
21  -1.226392 3.891695 0.090419  0.004244 0.003603 -0.402932
22  -1.231624 3.875536 -0.958679  -0.054966 -0.028860 -0.393964
23  -1.209919 3.994784 -2.003047  -0.096194 -0.052727 -0.400403
24  0.328905 0.095428 1.403534  2.109433 0.373269 1.533784
25  5.517008 -17.880215 16.926271  1.601390 -0.273615 2.468495
26  0.004868 -31.293467 11.663513  -1.570796 -0.000000 -1.570796
27  9.687742 -13.048346 -2.168739  -0.051945 -0.000000 -1.570796
28  -7.028650 0.743399 -8.093216  0.536663 -0.024560 2.579567
29  -0.000001 13.479277 0.000000  1.045680 -0.000000 0.000000
30  0.000000 13.477238 -0.000001  0.025685 0.013810 0.289121
31  0.267270 3.664727 -1.953293  -0.067893 0.086178 0.802666
32  0.000000 1.180356 -0.000000  -0.024201 0.028477 0.843506
33  0.000001 0.817135 0.000001  0.010446 0.006491 0.658839
34  0.249424 3.688541 -0.940888  -0.032371 0.052975 0.932871
35  -0.000000 1.800634 -0.000002  0.000732 -0.005308 1.244337
36  0.000000 1.243404 -0.000000  0.004815 -0.004401 0.811275
37  0.244728 3.701097 0.087732  0.001305 -0.005412 1.033087
38  0.000000 1.766584 0.000000  0.004298 0.000584 1.084130
39  0.000002 1.189004 -0.000001  -0.010510 0.014239 0.976837
40  0.277240 3.632249 1.274101  0.172230 0.068927 -0.286590
41  0.000000 1.798493 0.000001  0.035977 -0.011757 0.316010
42  0.000000 1.235452 -0.000001  -0.006066 -0.006017 0.210488
43  -0.315441 0.857300 0.755944  -0.248767 -2.664688 1.150362
44  0.000000 2.265939 0.000001  -0.039010 0.053923 0.668054
45  -0.000001 1.457811 -0.000001  -0.054852 0.005358 1.066393
46  1.259682 3.818375 1.286946  0.172230 0.068927 -0.286590
47  1.226392 3.891695 0.090420  0.001305 -0.005412 1.033087
48  1.231624 3.875535 -0.958680  -0.032371 0.052975 0.932871
49  1.209920 3.994782 -2.003048  -0.067893 0.086178 0.802666
50  -0.328906 0.095429 1.403533  -0.248767 -2.664688 1.150362
51  -12.695642 -9.193586 12.267732  1.604137 -0.313797 2.590623
52  -19.163309 -18.906147 0.179033  -1.570796 -0.000000 1.570796
53  -7.028650 0.743399 -8.093216  -0.051945 0.000000 1.570796
54  -11.907539 -14.678802 -11.942623  1.724890 0.521232 0.363919
55  -1.855342 6.848204 8.911865  0.643721 -1.614433 -2.214061
56  0.461753 7.791416 26.458834  0.643346 -1.614420 -2.213685
57  0.599225 4.162449 9.540101  -0.024891 -0.027351 -0.026679
time 25
0  0 0 0  0 0 0
1  0.000000 0.000000 0.000000  1.570796 -0.000000 0.000000
2  9.781753 -13.198544 -1.898733  0.647480 0.082141 2.631313
3  0.000002 13.479273 0.000001  1.378862 0.000000 -0.000000
4  -0.000000 13.477239 0.000002  -0.485604 0.071883 0.297434
5  -0.267270 3.664726 -1.953292  -0.096194 -0.052727 -0.400403
6  -0.000000 1.180354 0.000000  -0.033423 -0.016719 -0.440925
7  0.000002 0.817136 -0.000000  0.007067 -0.010065 -0.256195
8  -0.249424 3.688541 -0.940887  -0.054966 -0.028860 -0.393964
9  0.000002 1.800631 0.000001  0.004228 0.003292 -0.472103
10  -0.000001 1.243405 0.000001  0.006309 0.001661 -0.328230
11  -0.244727 3.701097 0.087734  0.004244 0.003603 -0.402932
12  0.000001 1.766585 0.000001  0.003329 -0.002780 -0.523312
13  -0.000003 1.189003 0.000000  -0.016474 -0.006468 -0.416038
14  -0.277240 3.632249 1.274102  0.052686 0.017453 -0.279974
15  -0.000001 1.798497 -0.000001  0.034542 0.015472 -0.421260
16  0.000000 1.235451 0.000002  -0.006025 0.006058 -0.203611
17  0.315441 0.857301 0.755945  2.109432 0.373269 1.533784
18  0.000002 2.265940 -0.000000  -0.056797 -0.034690 -0.271734
19  -0.000001 1.457811 0.000001  -0.031121 0.045492 0.001394
20  -1.259681 3.818376 1.286948  0.052687 0.017453 -0.279974
21  -1.226391 3.891694 0.090421  0.004244 0.003603 -0.402932
22  -1.231624 3.875534 -0.958680  -0.054966 -0.028860 -0.393964
23  -1.209920 3.994781 -2.003046  -0.096194 -0.052727 -0.400403
24  0.328906 0.095429 1.403534  2.109432 0.373269 1.533784
25  5.978156 -16.595285 18.265085  1.534425 -0.216553 2.565627
26  -1.371836 -30.901657 11.294331  -1.570796 -0.000000 -1.570796
27  9.781753 -13.198544 -1.898733  -0.051945 -0.000000 -1.570796
28  -7.028650 0.743399 -8.093216  0.533345 -0.041515 2.573486
29  -0.000000 13.479277 -0.000000  1.055732 -0.000000 0.000000
30  -0.000001 13.477239 0.000001  -0.016136 0.114878 0.207270
31  0.267270 3.664726 -1.953294  -0.067893 0.086178 0.802666
32  -0.000000 1.180355 0.000001  -0.024201 0.028477 0.843506
33  -0.000000 0.817136 0.000000  0.010446 0.006491 0.658838
34  0.249423 3.688541 -0.940890  -0.032371 0.052975 0.932871
35  -0.000000 1.800633 -0.000001  0.000732 -0.005308 1.244337
36  0.000001 1.243407 -0.000001  0.004815 -0.004401 0.811274
37  0.244726 3.701095 0.087732  0.001305 -0.005412 1.033087
38  -0.000001 1.766585 -0.000001  0.004298 0.000584 1.084130
39  0.000001 1.189003 0.000001  -0.010510 0.014239 0.976837
40  0.277239 3.632247 1.274101  0.172230 0.068927 -0.286590
41  -0.000000 1.798494 0.000000  0.035977 -0.011757 0.316010
42  -0.000000 1.235451 -0.000001  -0.006066 -0.006017 0.210488
43  -0.315441 0.857299 0.755942  -0.248767 -2.664688 1.150363
44  0.000001 2.265941 -0.000000  -0.039010 0.053923 0.668054
45  -0.000001 1.457811 -0.000001  -0.054852 0.005358 1.066393
46  1.259681 3.818375 1.286945  0.172230 0.068927 -0.286590
47  1.226391 3.891693 0.090418  0.001305 -0.005412 1.033087
48  1.231623 3.875533 -0.958682  -0.032371 0.052975 0.932871
49  1.209920 3.994780 -2.003050  -0.067893 0.086178 0.802666
50  -0.328906 0.095428 1.403531  -0.248767 -2.664688 1.150362
51  -12.429873 -9.286480 12.216457  1.544263 -0.249235 2.688142
52  -19.163309 -18.906147 0.179033  -1.570796 -0.000000 1.570796
53  -7.028650 0.743399 -8.093216  -0.051945 0.000000 1.570796
54  -11.624096 -14.641661 -12.017903  1.716959 0.438447 0.275920
55  -1.855345 6.848201 8.911869  0.643721 -1.614433 -2.214060
56  0.461752 7.791413 26.458828  0.643347 -1.614420 -2.213684
57  0.599221 4.162447 9.540104  -0.024891 -0.027351 -0.026679
time 26
0  0 0 0  0 0 0
1  0.000000 0.000000 0.000000  1.570796 -0.000000 0.000000
2  10.043456 -13.616661 -1.147096  0.605390 0.036473 2.502302
3  0.000001 13.479278 -0.000000  1.418701 0.000000 -0.000000
4  0.000000 13.477240 -0.000001  -0.535011 0.153306 0.200139
5  -0.267268 3.664726 -1.953293  -0.096194 -0.052727 -0.400403
6  -0.000003 1.180353 -0.000001  -0.033422 -0.016719 -0.440925
7  0.000001 0.817138 -0.000001  0.007067 -0.010065 -0.256195
8  -0.249421 3.688543 -0.940888  -0.054966 -0.028860 -0.393964
9  0.000000 1.800633 0.000000  0.004228 0.003292 -0.472103
10  -0.000002 1.243405 0.000000  0.006309 0.001661 -0.328230
11  -0.244725 3.701095 0.087734  0.004244 0.003603 -0.402932
12  0.000001 1.766583 0.000002  0.003329 -0.002780 -0.523312
13  0.000002 1.189002 0.000001  -0.016474 -0.006468 -0.416037
14  -0.277238 3.632249 1.274103  0.052686 0.017453 -0.279974
15  0.000000 1.798496 0.000001  0.034542 0.015473 -0.421260
16  0.000001 1.235451 -0.000000  -0.006025 0.006058 -0.203611
17  0.315443 0.857299 0.755944  2.109432 0.373269 1.533784
18  -0.000001 2.265940 -0.000000  -0.056797 -0.034690 -0.271734
19  0.000000 1.457812 0.000000  -0.031121 0.045492 0.001394
20  -1.259682 3.818375 1.286945  0.052687 0.017453 -0.279974
21  -1.226390 3.891693 0.090418  0.004244 0.003603 -0.402932
22  -1.231624 3.875534 -0.958682  -0.054966 -0.028860 -0.393964
23  -1.209918 3.994782 -2.003048  -0.096194 -0.052727 -0.400403
24  0.328906 0.095430 1.403531  2.109432 0.373269 1.533784
25  6.372972 -17.344540 18.625139  1.469092 -0.209556 2.554715
26  -2.906506 -30.299948 10.880960  -1.570796 -0.000000 -1.570796
27  10.043456 -13.616661 -1.147096  -0.051945 -0.000000 -1.570796
28  -7.028650 0.743399 -8.093216  0.539119 -0.084207 2.558127
29  -0.000000 13.479277 -0.000000  1.082995 -0.000000 0.000000
30  0.000001 13.477237 -0.000001  -0.113874 0.124999 0.145701
31  0.267268 3.664726 -1.953293  -0.067893 0.086178 0.802666
32  0.000000 1.180357 -0.000000  -0.024201 0.028477 0.843506
33  0.000000 0.817135 0.000000  0.010446 0.006491 0.658839
34  0.249423 3.688541 -0.940889  -0.032371 0.052975 0.932871
35  -0.000002 1.800633 -0.000001  0.000732 -0.005308 1.244337
36  0.000000 1.243404 0.000001  0.004815 -0.004401 0.811274
37  0.244725 3.701096 0.087734  0.001305 -0.005412 1.033087
38  -0.000001 1.766585 0.000000  0.004298 0.000584 1.084130
39  -0.000000 1.189004 0.000000  -0.010510 0.014239 0.976837
40  0.277238 3.632246 1.274101  0.172230 0.068927 -0.286590
41  -0.000001 1.798496 -0.000000  0.035977 -0.011757 0.316010
42  -0.000001 1.235452 0.000000  -0.006067 -0.006017 0.210488
43  -0.315441 0.857299 0.755943  -0.248767 -2.664688 1.150362
44  0.000000 2.265939 0.000000  -0.039010 0.053923 0.668054
45  0.000001 1.457810 0.000000  -0.054852 0.005358 1.066393
46  1.259681 3.818374 1.286946  0.172230 0.068927 -0.286590
47  1.226390 3.891692 0.090419  0.001305 -0.005412 1.033087
48  1.231622 3.875533 -0.958680  -0.032371 0.052975 0.932871
49  1.209919 3.994781 -2.003047  -0.067893 0.086178 0.802666
50  -0.328907 0.095428 1.403533  -0.248767 -2.664688 1.150362
51  -11.589880 -9.277282 12.213018  1.479878 -0.234434 2.678835
52  -19.163309 -18.906147 0.179033  -1.570796 -0.000000 1.570796
53  -7.028650 0.743399 -8.093216  -0.051945 0.000000 1.570796
54  -10.950373 -14.529128 -12.144027  1.777088 0.449157 0.260817
55  -1.855343 6.848201 8.911864  0.643721 -1.614433 -2.214061
56  0.461753 7.791413 26.458834  0.643347 -1.614420 -2.213685
57  0.599223 4.162447 9.540102  -0.024891 -0.027351 -0.026679
time 27
0  0 0 0  0 0 0
1  0.000000 0.000000 0.000000  1.570796 -0.000000 0.000000
2  10.442364 -14.253986 -0.001396  0.556039 -0.058052 2.337151
3  -0.000000 13.479277 -0.000000  1.477473 0.000000 -0.000000
4  -0.000001 13.477238 0.000000  -0.606148 0.185451 0.084419
5  -0.267268 3.664728 -1.953293  -0.096194 -0.052727 -0.400403
6  0.000000 1.180353 -0.000001  -0.033422 -0.016719 -0.440925
7  0.000000 0.817136 0.000003  0.007067 -0.010065 -0.256194
8  -0.249422 3.688542 -0.940889  -0.054966 -0.028860 -0.393964
9  -0.000001 1.800631 -0.000001  0.004228 0.003292 -0.472103
10  -0.000001 1.243405 -0.000000  0.006309 0.001661 -0.328230
11  -0.244726 3.701094 0.087732  0.004244 0.003603 -0.402932
12  0.000000 1.766585 -0.000002  0.003329 -0.002780 -0.523312
13  -0.000001 1.189005 -0.000001  -0.016474 -0.006468 -0.416038
14  -0.277238 3.632249 1.274103  0.052686 0.017453 -0.279974
15  0.000001 1.798493 0.000001  0.034542 0.015473 -0.421260
16  0.000000 1.235455 0.000002  -0.006025 0.006058 -0.203611
17  0.315443 0.857299 0.755945  2.109433 0.373269 1.533784
18  -0.000002 2.265940 0.000001  -0.056797 -0.034690 -0.271734
19  0.000002 1.457810 -0.000000  -0.031121 0.045492 0.001394
20  -1.259680 3.818375 1.286945  0.052687 0.017453 -0.279974
21  -1.226389 3.891692 0.090419  0.004244 0.003603 -0.402932
22  -1.231622 3.875534 -0.958680  -0.054966 -0.028860 -0.393964
23  -1.209918 3.994783 -2.003048  -0.096194 -0.052727 -0.400403
24  0.328907 0.095431 1.403532  2.109432 0.373269 1.533784
25  7.299913 -18.823008 19.138954  1.401567 -0.214669 2.468543
26  -4.552490 -29.530323 10.436232  -1.570796 -0.000000 -1.570796
27  10.442364 -14.253986 -0.001396  -0.051945 -0.000000 -1.570796
28  -7.028650 0.743399 -8.093216  0.545249 -0.135625 2.539466
29  -0.000001 13.479277 0.000001  1.107253 -0.000000 0.000000
30  0.000001 13.477237 -0.000000  -0.182087 0.123191 0.086341
31  0.267268 3.664725 -1.953293  -0.067893 0.086178 0.802666
32  0.000001 1.180355 0.000000  -0.024201 0.028477 0.843506
33  -0.000003 0.817136 0.000000  0.010446 0.006491 0.658839
34  0.249422 3.688540 -0.940889  -0.032371 0.052975 0.932871
35  -0.000001 1.800633 0.000001  0.000732 -0.005308 1.244337
36  0.000000 1.243407 0.000000  0.004815 -0.004401 0.811274
37  0.244727 3.701096 0.087733  0.001305 -0.005412 1.033087
38  0.000001 1.766584 0.000002  0.004298 0.000584 1.084130
39  -0.000002 1.189002 0.000000  -0.010510 0.014239 0.976837
40  0.277239 3.632247 1.274102  0.172230 0.068927 -0.286590
41  0.000000 1.798492 -0.000001  0.035977 -0.011757 0.316010
42  -0.000000 1.235452 0.000002  -0.006067 -0.006017 0.210488
43  -0.315442 0.857300 0.755944  -0.248767 -2.664688 1.150362
44  0.000000 2.265939 -0.000001  -0.039010 0.053923 0.668054
45  -0.000001 1.457811 -0.000001  -0.054852 0.005358 1.066392
46  1.259681 3.818374 1.286945  0.172230 0.068927 -0.286590
47  1.226390 3.891691 0.090419  0.001305 -0.005412 1.033087
48  1.231622 3.875533 -0.958680  -0.032371 0.052975 0.932871
49  1.209918 3.994781 -2.003047  -0.067893 0.086178 0.802666
50  -0.328906 0.095428 1.403532  -0.248767 -2.664688 1.150362
51  -10.657383 -9.411680 12.141121  1.443415 -0.230161 2.658359
52  -19.163309 -18.906147 0.179033  -1.570796 -0.000000 1.570796
53  -7.028650 0.743399 -8.093216  -0.051945 0.000000 1.570796
54  -10.147377 -14.382469 -12.362580  1.817320 0.469446 0.258683
55  -1.855344 6.848200 8.911864  0.643721 -1.614433 -2.214061
56  0.461752 7.791413 26.458830  0.643346 -1.614420 -2.213685
57  0.599221 4.162446 9.540103  -0.024891 -0.027351 -0.026679
time 28
0  0 0 0  0 0 0
1  0.000000 0.000000 0.000000  1.570796 -0.000000 0.000000
2  10.947987 -15.061804 1.450797  0.511222 -0.179236 2.168055
3  -0.000001 13.479275 0.000000  1.482239 0.000000 -0.000000
4  0.000000 13.477242 0.000000  -0.666233 0.115898 0.000509
5  -0.267270 3.664729 -1.953292  -0.096194 -0.052727 -0.400403
6  0.000001 1.180355 0.000002  -0.033422 -0.016719 -0.440925
7  -0.000002 0.817136 0.000000  0.007067 -0.010065 -0.256194
8  -0.249423 3.688543 -0.940889  -0.054966 -0.028860 -0.393964
9  -0.000004 1.800635 -0.000002  0.004228 0.003292 -0.472103
10  -0.000001 1.243406 0.000000  0.006309 0.001661 -0.328230
11  -0.244728 3.701095 0.087732  0.004244 0.003603 -0.402932
12  -0.000002 1.766586 -0.000000  0.003329 -0.002780 -0.523312
13  -0.000001 1.189003 0.000000  -0.016474 -0.006468 -0.416037
14  -0.277239 3.632248 1.274102  0.052686 0.017453 -0.279974
15  -0.000000 1.798492 0.000001  0.034542 0.015472 -0.421260
16  0.000005 1.235451 -0.000000  -0.006025 0.006058 -0.203611
17  0.315440 0.857303 0.755944  2.109432 0.373269 1.533785
18  0.000001 2.265939 0.000001  -0.056797 -0.034690 -0.271734
19  0.000002 1.457815 -0.000002  -0.031121 0.045492 0.001395
20  -1.259682 3.818375 1.286945  0.052687 0.017453 -0.279974
21  -1.226393 3.891693 0.090418  0.004244 0.003603 -0.402932
22  -1.231624 3.875535 -0.958681  -0.054966 -0.028860 -0.393964
23  -1.209919 3.994781 -2.003048  -0.096194 -0.052727 -0.400403
24  0.328905 0.095431 1.403531  2.109432 0.373269 1.533785
25  7.691841 -21.347769 20.032042  1.305388 -0.226132 2.276272
26  -6.263136 -28.634758 9.972973  -1.570796 -0.000000 -1.570796
27  10.947987 -15.061804 1.450797  -0.051945 -0.000000 -1.570796
28  -7.028650 0.743399 -8.093216  0.552668 -0.186039 2.520897
29  -0.000000 13.479276 -0.000000  1.110794 -0.000000 0.000000
30  -0.000001 13.477239 0.000001  -0.210309 0.117461 0.032480
31  0.267270 3.664725 -1.953291  -0.067893 0.086178 0.802666
32  -0.000001 1.180354 -0.000000  -0.024201 0.028477 0.843506
33  0.000001 0.817136 0.000000  0.010446 0.006491 0.658839
34  0.249423 3.688540 -0.940888  -0.032371 0.052975 0.932871
35  -0.000000 1.800633 0.000000  0.000732 -0.005308 1.244337
36  0.000000 1.243405 0.000001  0.004815 -0.004401 0.811274
37  0.244727 3.701094 0.087734  0.001305 -0.005412 1.033087
38  -0.000001 1.766585 -0.000003  0.004298 0.000584 1.084130
39  -0.000001 1.189004 0.000001  -0.010510 0.014239 0.976837
40  0.277241 3.632247 1.274103  0.172230 0.068927 -0.286590
41  -0.000000 1.798494 0.000001  0.035977 -0.011757 0.316010
42  0.000001 1.235451 -0.000001  -0.006067 -0.006017 0.210488
43  -0.315440 0.857299 0.755944  -0.248767 -2.664688 1.150362
44  -0.000001 2.265940 -0.000001  -0.039010 0.053923 0.668054
45  0.000000 1.457812 -0.000000  -0.054852 0.005358 1.066393
46  1.259682 3.818373 1.286946  0.172230 0.068927 -0.286590
47  1.226391 3.891693 0.090420  0.001305 -0.005412 1.033087
48  1.231624 3.875533 -0.958679  -0.032371 0.052975 0.932871
49  1.209921 3.994781 -2.003048  -0.067893 0.086178 0.802666
50  -0.328905 0.095428 1.403533  -0.248767 -2.664688 1.150362
51  -9.891885 -9.779202 12.047443  1.427178 -0.227776 2.637882
52  -19.163309 -18.906147 0.179033  -1.570796 -0.000000 1.570796
53  -7.028650 0.743399 -8.093216  -0.051945 0.000000 1.570796
54  -9.474995 -14.255217 -12.769770  1.838230 0.489530 0.258739
55  -1.855342 6.848200 8.911864  0.643722 -1.614433 -2.214060
56  0.461753 7.791413 26.458830  0.643346 -1.614420 -2.213684
57  0.599224 4.162446 9.540101  -0.024891 -0.027351 -0.026679
time 29
0  0 0 0  0 0 0
1  0.000000 0.000000 0.000000  1.570796 -0.000000 0.000000
2  11.529833 -15.991404 3.121914  0.417709 -0.221426 2.046142
3  0.000001 13.479276 0.000001  1.409450 0.000000 -0.000000
4  -0.000002 13.477240 -0.000000  -0.645313 -0.019907 0.007056
5  -0.267271 3.664728 -1.953293  -0.096193 -0.052727 -0.400403
6  0.000000 1.180354 0.000000  -0.033423 -0.016719 -0.440925
7  0.000001 0.817138 0.000001  0.007067 -0.010065 -0.256194
8  -0.249425 3.688544 -0.940889  -0.054966 -0.028860 -0.393964
9  0.000001 1.800634 0.000000  0.004228 0.003292 -0.472103
10  -0.000003 1.243406 -0.000002  0.006309 0.001661 -0.328230
11  -0.244730 3.701099 0.087733  0.004244 0.003603 -0.402932
12  -0.000003 1.766585 0.000000  0.003329 -0.002780 -0.523312
13  -0.000000 1.189004 0.000001  -0.016474 -0.006468 -0.416037
14  -0.277242 3.632250 1.274102  0.052687 0.017453 -0.279974
15  0.000003 1.798496 -0.000000  0.034542 0.015473 -0.421260
16  -0.000006 1.235451 -0.000000  -0.006025 0.006058 -0.203611
17  0.315439 0.857302 0.755944  2.109432 0.373269 1.533784
18  -0.000000 2.265940 0.000001  -0.056797 -0.034690 -0.271734
19  -0.000001 1.457811 0.000000  -0.031121 0.045492 0.001395
20  -1.259683 3.818376 1.286947  0.052687 0.017453 -0.279974
21  -1.226394 3.891695 0.090420  0.004244 0.003603 -0.402931
22  -1.231625 3.875536 -0.958680  -0.054966 -0.028860 -0.393964
23  -1.209921 3.994783 -2.003047  -0.096193 -0.052727 -0.400403
24  0.328903 0.095431 1.403532  2.109432 0.373269 1.533784
25  5.473934 -23.678873 21.173578  1.186674 -0.223153 2.024561
26  -7.991789 -27.655231 9.504009  -1.570796 -0.000000 -1.570796
27  11.529833 -15.991404 3.121914  -0.051945 -0.000000 -1.570796
28  -7.028650 0.743399 -8.093216  0.559808 -0.226329 2.505789
29  -0.000000 13.479276 0.000000  1.077592 -0.000000 0.000000
30  0.000001 13.477239 0.000000  -0.187639 0.119177 -0.014081
31  0.267271 3.664725 -1.953294  -0.067893 0.086178 0.802666
32  -0.000001 1.180356 0.000001  -0.024201 0.028477 0.843506
33  -0.000001 0.817134 0.000000  0.010446 0.006491 0.658839
34  0.249424 3.688540 -0.940889  -0.032371 0.052975 0.932871
35  0.000001 1.800633 -0.000000  0.000732 -0.005308 1.244336
36  0.000000 1.243408 -0.000000  0.004815 -0.004401 0.811274
37  0.244727 3.701095 0.087732  0.001305 -0.005412 1.033087
38  -0.000001 1.766585 0.000002  0.004298 0.000584 1.084130
39  0.000002 1.189002 -0.000000  -0.010510 0.014239 0.976837
40  0.277241 3.632248 1.274102  0.172230 0.068927 -0.286590
41  0.000001 1.798493 0.000002  0.035977 -0.011757 0.316010
42  -0.000000 1.235453 0.000000  -0.006066 -0.006017 0.210488
43  -0.315439 0.857298 0.755943  -0.248767 -2.664688 1.150362
44  0.000000 2.265939 -0.000001  -0.039010 0.053923 0.668054
45  -0.000000 1.457812 -0.000000  -0.054852 0.005358 1.066393
46  1.259683 3.818372 1.286946  0.172230 0.068927 -0.286590
47  1.226392 3.891692 0.090419  0.001305 -0.005412 1.033087
48  1.231624 3.875532 -0.958681  -0.032371 0.052975 0.932871
49  1.209920 3.994780 -2.003048  -0.067893 0.086178 0.802666
50  -0.328905 0.095428 1.403532  -0.248767 -2.664688 1.150362
51  -9.558183 -10.470127 11.985459  1.423476 -0.218644 2.628575
52  -19.163309 -18.906147 0.179033  -1.570796 -0.000000 1.570796
53  -7.028650 0.743399 -8.093216  -0.051945 0.000000 1.570796
54  -9.193115 -14.200903 -13.461800  1.839703 0.499656 0.249703
55  -1.855343 6.848202 8.911864  0.643722 -1.614433 -2.214061
56  0.461753 7.791413 26.458834  0.643346 -1.614420 -2.213685
57  0.599223 4.162448 9.540104  -0.024891 -0.027351 -0.026679
time 30
0  0 0 0  0 0 0
1  0.000000 0.000000 0.000000  1.570796 -0.000000 0.000000
2  12.157413 -16.994076 4.924387  0.352121 -0.141373 1.961757
3  0.000002 13.479276 0.000002  1.279778 0.000000 -0.000000
4  0.000001 13.477240 0.000001  -0.614095 -0.183688 0.053660
5  -0.267268 3.664729 -1.953293  -0.096194 -0.052727 -0.400403
6  0.000001 1.180356 0.000000  -0.033423 -0.016719 -0.440925
7  -0.000000 0.817135 0.000001  0.007067 -0.010065 -0.256194
8  -0.249422 3.688543 -0.940890  -0.054966 -0.028860 -0.393964
9  -0.000003 1.800632 -0.000000  0.004228 0.003292 -0.472103
10  -0.000001 1.243406 0.000003  0.006309 0.001661 -0.328230
11  -0.244726 3.701099 0.087733  0.004244 0.003603 -0.402932
12  -0.000000 1.766584 0.000000  0.003329 -0.002780 -0.523312
13  -0.000001 1.189006 0.000000  -0.016474 -0.006468 -0.416038
14  -0.277239 3.632251 1.274102  0.052687 0.017453 -0.279974
15  -0.000002 1.798497 -0.000001  0.034542 0.015473 -0.421259
16  0.000002 1.235452 -0.000001  -0.006025 0.006058 -0.203611
17  0.315442 0.857301 0.755943  2.109432 0.373269 1.533784
18  0.000000 2.265941 -0.000001  -0.056797 -0.034690 -0.271734
19  -0.000001 1.457813 0.000000  -0.031121 0.045492 0.001394
20  -1.259681 3.818376 1.286945  0.052687 0.017453 -0.279974
21  -1.226392 3.891696 0.090419  0.004244 0.003603 -0.402932
22  -1.231621 3.875538 -0.958680  -0.054966 -0.028860 -0.393964
23  -1.209916 3.994783 -2.003048  -0.096194 -0.052727 -0.400403
24  0.328905 0.095432 1.403532  2.109432 0.373269 1.533784
25  2.193170 -23.859516 22.843264  1.053235 -0.180375 1.772025
26  -9.691793 -26.633728 9.042175  -1.570796 -0.000000 -1.570796
27  12.157413 -16.994076 4.924387  -0.051945 -0.000000 -1.570796
28  -7.028650 0.743399 -8.093216  0.570528 -0.259385 2.493171
29  0.000001 13.479276 -0.000001  0.999150 -0.000000 0.000000
30  0.000000 13.477240 -0.000000  -0.095436 0.152910 -0.060495
31  0.267271 3.664726 -1.953292  -0.067893 0.086178 0.802666
32  -0.000001 1.180355 0.000000  -0.024201 0.028477 0.843506
33  0.000000 0.817135 -0.000000  0.010446 0.006491 0.658839
34  0.249424 3.688541 -0.940889  -0.032371 0.052975 0.932871
35  -0.000001 1.800634 0.000001  0.000732 -0.005308 1.244336
36  -0.000001 1.243405 0.000000  0.004815 -0.004401 0.811274
37  0.244726 3.701095 0.087733  0.001305 -0.005412 1.033087
38  0.000001 1.766585 -0.000000  0.004298 0.000584 1.084130
39  -0.000002 1.189005 -0.000001  -0.010510 0.014239 0.976837
40  0.277240 3.632246 1.274102  0.172230 0.068927 -0.286590
41  0.000000 1.798495 0.000001  0.035977 -0.011757 0.316010
42  -0.000001 1.235451 -0.000001  -0.006067 -0.006017 0.210488
43  -0.315440 0.857299 0.755944  -0.248767 -2.664688 1.150362
44  -0.000000 2.265940 -0.000000  -0.039010 0.053923 0.668054
45  0.000000 1.457812 -0.000001  -0.054852 0.005358 1.066393
46  1.259681 3.818374 1.286946  0.172230 0.068927 -0.286590
47  1.226392 3.891691 0.090419  0.001305 -0.005412 1.033087
48  1.231623 3.875532 -0.958681  -0.032371 0.052975 0.932871
49  1.209920 3.994781 -2.003048  -0.067893 0.086178 0.802666
50  -0.328906 0.095427 1.403533  -0.248767 -2.664688 1.150362
51  -9.645576 -11.525526 11.968999  1.443582 -0.196371 2.649032
52  -19.163309 -18.906147 0.179033  -1.570796 -0.000000 1.570796
53  -7.028650 0.743399 -8.093216  -0.051945 0.000000 1.570796
54  -9.230474 -14.271033 -14.444410  1.802344 0.482274 0.222051
55  -1.855343 6.848199 8.911862  0.643722 -1.614433 -2.214061
56  0.461751 7.791411 26.458826  0.643346 -1.614420 -2.213684
57  0.599221 4.162447 9.540101  -0.024891 -0.027351 -0.026679
time 31
0  0 0 0  0 0 0
1  0.000000 0.000000 0.000000  1.570796 -0.000000 0.000000
2  12.800240 -18.021103 6.770643  0.332245 0.034871 1.878268
3  0.000002 13.479276 -0.000000  1.197783 0.000000 -0.000000
4  -0.000002 13.477240 0.000000  -0.658721 -0.319581 0.120605
5  -0.267268 3.664727 -1.953295  -0.096193 -0.052727 -0.400403
6  0.000002 1.180356 0.000000  -0.033423 -0.016719 -0.440925
7  -0.000002 0.817136 0.000003  0.007067 -0.010065 -0.256194
8  -0.249424 3.688541 -0.940889  -0.054966 -0.028860 -0.393964
9  -0.000001 1.800629 -0.000001  0.004228 0.003292 -0.472103
10  -0.000001 1.243406 0.000003  0.006309 0.001661 -0.328230
11  -0.244725 3.701096 0.087732  0.004244 0.003603 -0.402932
12  0.000001 1.766584 0.000000  0.003329 -0.002780 -0.523312
13  0.000000 1.189004 0.000001  -0.016474 -0.006468 -0.416037
14  -0.277238 3.632249 1.274101  0.052687 0.017453 -0.279974
15  0.000002 1.798494 -0.000000  0.034542 0.015472 -0.421259
16  -0.000001 1.235454 0.000002  -0.006025 0.006058 -0.203611
17  0.315442 0.857300 0.755942  2.109432 0.373269 1.533784
18  0.000001 2.265939 0.000001  -0.056797 -0.034690 -0.271734
19  0.000001 1.457812 0.000000  -0.031121 0.045492 0.001394
20  -1.259679 3.818377 1.286945  0.052687 0.017453 -0.279974
21  -1.226388 3.891694 0.090418  0.004244 0.003603 -0.402932
22  -1.231620 3.875534 -0.958682  -0.054966 -0.028860 -0.393964
23  -1.209917 3.994782 -2.003049  -0.096194 -0.052727 -0.400403
24  0.328906 0.095428 1.403531  2.109432 0.373269 1.533784
25  -0.055847 -21.450089 24.621386  0.900223 -0.094134 1.562415
26  -11.316502 -25.612225 8.600298  -1.570796 -0.000000 -1.570796
27  12.800240 -18.021103 6.770643  -0.051945 -0.000000 -1.570796
28  -7.028650 0.743399 -8.093216  0.577810 -0.271362 2.511224
29  0.000000 13.479278 0.000000  0.905821 -0.000000 0.000000
30  0.000000 13.477239 -0.000000  0.040841 0.198071 -0.087744
31  0.267270 3.664726 -1.953292  -0.067893 0.086178 0.802666
32  0.000001 1.180356 0.000002  -0.024201 0.028477 0.843506
33  0.000001 0.817136 -0.000001  0.010446 0.006491 0.658839
34  0.249423 3.688540 -0.940889  -0.032371 0.052975 0.932871
35  -0.000003 1.800633 0.000000  0.000732 -0.005308 1.244337
36  0.000001 1.243405 0.000001  0.004815 -0.004401 0.811274
37  0.244727 3.701094 0.087732  0.001305 -0.005412 1.033087
38  0.000001 1.766586 0.000000  0.004298 0.000584 1.084130
39  0.000000 1.189004 0.000000  -0.010510 0.014239 0.976837
40  0.277239 3.632247 1.274101  0.172230 0.068927 -0.286590
41  -0.000000 1.798494 0.000000  0.035977 -0.011757 0.316010
42  0.000000 1.235452 0.000000  -0.006067 -0.006017 0.210488
43  -0.315440 0.857299 0.755943  -0.248767 -2.664688 1.150362
44  -0.000002 2.265939 -0.000000  -0.039010 0.053923 0.668054
45  0.000000 1.457811 -0.000001  -0.054852 0.005358 1.066393
46  1.259682 3.818374 1.286946  0.172230 0.068927 -0.286590
47  1.226392 3.891692 0.090419  0.001305 -0.005412 1.033087
48  1.231624 3.875534 -0.958681  -0.032371 0.052975 0.932871
49  1.209919 3.994780 -2.003047  -0.067893 0.086178 0.802666
50  -0.328906 0.095428 1.403533  -0.248767 -2.664688 1.150362
51  -9.874357 -12.609555 11.933802  1.491527 -0.163557 2.703508
52  -18.551048 -18.952232 0.179033  -1.570796 -0.000000 1.570796
53  -7.028650 0.743399 -8.093216  -0.051945 0.000000 1.570796
54  -9.299852 -14.401274 -15.361478  1.726194 0.431842 0.180263
55  -1.855343 6.848200 8.911865  0.643722 -1.614433 -2.214061
56  0.461753 7.791410 26.458830  0.643346 -1.614420 -2.213684
57  0.599222 4.162445 9.540102  -0.024891 -0.027351 -0.026679
time 32
0  0 0 0  0 0 0
1  0.000000 0.000000 0.000000  1.570796 -0.000000 0.000000
2  13.427820 -19.023773 8.573113  0.337383 0.251925 1.777664
3  0.000003 13.479276 -0.000000  1.088345 0.000000 -0.000000
4  -0.000001 13.477240 -0.000000  -0.688622 -0.395308 0.192462
5  -0.267270 3.664726 -1.953297  -0.096194 -0.052727 -0.400403
6  -0.000000 1.180354 -0.000001  -0.033422 -0.016719 -0.440925
7  0.000004 0.817135 0.000000  0.007067 -0.010065 -0.256194
8  -0.249423 3.688540 -0.940892  -0.054966 -0.028860 -0.393964
9  -0.000003 1.800635 0.000000  0.004228 0.003292 -0.472103
10  -0.000002 1.243406 -0.000001  0.006309 0.001661 -0.328230
11  -0.244726 3.701097 0.087731  0.004244 0.003603 -0.402932
12  -0.000000 1.766584 0.000002  0.003329 -0.002780 -0.523312
13  0.000000 1.189005 -0.000001  -0.016474 -0.006468 -0.416037
14  -0.277241 3.632246 1.274099  0.052687 0.017453 -0.279974
15  0.000000 1.798492 0.000002  0.034542 0.015473 -0.421260
16  0.000002 1.235448 -0.000002  -0.006025 0.006058 -0.203611
17  0.315441 0.857300 0.755941  2.109432 0.373269 1.533785
18  -0.000001 2.265939 0.000001  -0.056797 -0.034690 -0.271734
19  0.000000 1.457811 0.000003  -0.031121 0.045492 0.001395
20  -1.259679 3.818374 1.286943  0.052687 0.017453 -0.279974
21  -1.226391 3.891693 0.090416  0.004244 0.003603 -0.402932
22  -1.231623 3.875534 -0.958682  -0.054966 -0.028860 -0.393963
23  -1.209917 3.994781 -2.003051  -0.096194 -0.052727 -0.400403
24  0.328908 0.095430 1.403530  2.109432 0.373269 1.533784
25  -1.837693 -17.694773 25.807940  0.728736 0.002729 1.414183
26  -12.819248 -24.632700 8.191200  -1.570796 -0.000000 -1.570796
27  13.427820 -19.023773 8.573113  -0.051945 -0.000000 -1.570796
28  -7.028650 0.743399 -8.093216  0.559513 -0.233932 2.587452
29  0.000001 13.479277 -0.000000  0.855583 -0.000000 0.000000
30  0.000000 13.477237 -0.000000  0.160692 0.206817 -0.075064
31  0.267270 3.664726 -1.953291  -0.067893 0.086178 0.802666
32  0.000002 1.180355 -0.000001  -0.024201 0.028477 0.843506
33  -0.000000 0.817135 0.000001  0.010446 0.006491 0.658839
34  0.249423 3.688542 -0.940889  -0.032371 0.052975 0.932871
35  0.000001 1.800632 0.000001  0.000732 -0.005308 1.244337
36  0.000001 1.243405 0.000001  0.004815 -0.004401 0.811274
37  0.244727 3.701096 0.087734  0.001305 -0.005412 1.033087
38  0.000000 1.766584 -0.000001  0.004298 0.000584 1.084130
39  0.000000 1.189003 -0.000000  -0.010510 0.014239 0.976837
40  0.277240 3.632248 1.274103  0.172230 0.068927 -0.286590
41  -0.000000 1.798496 0.000000  0.035977 -0.011757 0.316010
42  0.000001 1.235451 0.000000  -0.006067 -0.006017 0.210488
43  -0.315441 0.857300 0.755945  -0.248767 -2.664688 1.150363
44  -0.000001 2.265940 -0.000000  -0.039010 0.053923 0.668054
45  -0.000000 1.457812 0.000001  -0.054852 0.005358 1.066392
46  1.259682 3.818375 1.286946  0.172230 0.068927 -0.286590
47  1.226391 3.891693 0.090420  0.001305 -0.005412 1.033087
48  1.231623 3.875535 -0.958678  -0.032371 0.052975 0.932871
49  1.209920 3.994781 -2.003048  -0.067893 0.086178 0.802666
50  -0.328906 0.095429 1.403533  -0.248767 -2.664688 1.150362
51  -10.105083 -13.244658 11.817592  1.548753 -0.125043 2.781658
52  -16.972057 -19.071081 0.179033  -1.570796 -0.000000 1.570796
53  -7.028650 0.743399 -8.093216  -0.051945 0.000000 1.570796
54  -9.337211 -14.471403 -15.766409  1.639740 0.356998 0.133507
55  -1.855343 6.848201 8.911863  0.643722 -1.614433 -2.214061
56  0.461752 7.791412 26.458834  0.643346 -1.614420 -2.213684
57  0.599224 4.162446 9.540101  -0.024891 -0.027351 -0.026679
time 33
0  0 0 0  0 0 0
1  0.000000 0.000000 0.000000  1.570796 -0.000000 0.000000
2  14.009666 -19.953375 10.244231  0.370497 0.442934 1.663997
3  0.000005 13.479278 0.000000  0.893912 0.000000 -0.000000
4  0.000001 13.477239 -0.000000  -0.659341 -0.414129 0.251388
5  -0.267270 3.664727 -1.953293  -0.096194 -0.052727 -0.400403
6  0.000000 1.180355 -0.000002  -0.033422 -0.016719 -0.440925
7  0.000000 0.817134 0.000001  0.007067 -0.010065 -0.256194
8  -0.249423 3.688542 -0.940888  -0.054966 -0.028860 -0.393964
9  -0.000001 1.800633 -0.000001  0.004228 0.003292 -0.472103
10  -0.000002 1.243407 0.000000  0.006309 0.001661 -0.328230
11  -0.244727 3.701097 0.087733  0.004244 0.003603 -0.402932
12  0.000000 1.766584 0.000000  0.003329 -0.002780 -0.523312
13  -0.000001 1.189002 0.000002  -0.016474 -0.006468 -0.416037
14  -0.277240 3.632249 1.274103  0.052686 0.017453 -0.279974
15  -0.000001 1.798494 0.000003  0.034542 0.015473 -0.421259
16  -0.000002 1.235450 -0.000002  -0.006025 0.006058 -0.203611
17  0.315441 0.857302 0.755946  2.109432 0.373269 1.533784
18  0.000001 2.265939 -0.000002  -0.056797 -0.034690 -0.271734
19  -0.000000 1.457810 0.000002  -0.031121 0.045492 0.001395
20  -1.259682 3.818377 1.286948  0.052687 0.017453 -0.279974
21  -1.226392 3.891694 0.090421  0.004244 0.003603 -0.402932
22  -1.231624 3.875535 -0.958681  -0.054966 -0.028860 -0.393964
23  -1.209919 3.994783 -2.003047  -0.096194 -0.052727 -0.400403
24  0.328906 0.095429 1.403533  2.109432 0.373269 1.533784
25  -3.254609 -13.935171 26.262938  0.573874 0.074279 1.342655
26  -14.153389 -23.737135 7.827721  -1.570796 -0.000000 -1.570796
27  14.009666 -19.953375 10.244231  -0.051945 -0.000000 -1.570796
28  -7.028650 0.743399 -8.093216  0.523094 -0.158084 2.708479
29  0.000000 13.479277 0.000000  0.870688 -0.000000 0.000000
30  0.000001 13.477238 -0.000001  0.219416 0.174005 -0.041000
31  0.267268 3.664727 -1.953293  -0.067893 0.086178 0.802666
32  -0.000001 1.180355 0.000002  -0.024201 0.028477 0.843506
33  -0.000000 0.817136 -0.000002  0.010446 0.006491 0.658838
34  0.249423 3.688543 -0.940889  -0.032371 0.052975 0.932871
35  -0.000000 1.800634 0.000000  0.000732 -0.005308 1.244336
36  -0.000000 1.243406 0.000001  0.004815 -0.004401 0.811274
37  0.244725 3.701096 0.087732  0.001305 -0.005412 1.033087
38  -0.000001 1.766583 0.000001  0.004298 0.000584 1.084130
39  -0.000000 1.189005 -0.000001  -0.010510 0.014239 0.976837
40  0.277239 3.632249 1.274101  0.172230 0.068927 -0.286590
41  -0.000001 1.798495 0.000000  0.035977 -0.011757 0.316010
42  -0.000000 1.235452 0.000000  -0.006066 -0.006017 0.210488
43  -0.315442 0.857300 0.755943  -0.248767 -2.664688 1.150362
44  0.000000 2.265940 0.000001  -0.039010 0.053923 0.668054
45  0.000001 1.457811 0.000001  -0.054852 0.005358 1.066393
46  1.259679 3.818375 1.286944  0.172230 0.068927 -0.286590
47  1.226390 3.891693 0.090418  0.001305 -0.005412 1.033087
48  1.231622 3.875535 -0.958681  -0.032371 0.052975 0.932871
49  1.209918 3.994783 -2.003049  -0.067893 0.086178 0.802666
50  -0.328907 0.095430 1.403532  -0.248767 -2.664688 1.150362
51  -10.067520 -13.330514 11.657367  1.596698 -0.085674 2.873138
52  -14.813032 -19.233587 0.179033  -1.570796 -0.000000 1.570796
53  -7.028650 0.743399 -8.093216  -0.051945 0.000000 1.570796
54  -9.129746 -14.468907 -15.612484  1.568430 0.267446 0.088841
55  -1.855343 6.848203 8.911867  0.643721 -1.614433 -2.214060
56  0.461752 7.791414 26.458832  0.643346 -1.614420 -2.213684
57  0.599223 4.162447 9.540106  -0.024891 -0.027351 -0.026679
time 34
0  0 0 0  0 0 0
1  0.000000 0.000000 0.000000  1.570796 -0.000000 0.000000
2  14.515289 -20.761194 11.696425  0.385901 0.539268 1.561010
3  -0.000000 13.479274 0.000000  0.719558 0.000000 -0.000000
4  -0.000001 13.477238 -0.000000  -0.612738 -0.361977 0.313197
5  -0.267268 3.664726 -1.953290  -0.096194 -0.052727 -0.400403
6  -0.000000 1.180356 0.000001  -0.033422 -0.016719 -0.440925
7  -0.000001 0.817136 0.000000  0.007067 -0.010065 -0.256195
8  -0.249420 3.688542 -0.940886  -0.054966 -0.028860 -0.393963
9  0.000000 1.800634 0.000001  0.004228 0.003292 -0.472103
10  -0.000003 1.243405 -0.000000  0.006309 0.001661 -0.328230
11  -0.244724 3.701095 0.087737  0.004244 0.003603 -0.402932
12  0.000002 1.766586 0.000001  0.003329 -0.002780 -0.523312
13  -0.000002 1.189003 0.000000  -0.016474 -0.006468 -0.416037
14  -0.277238 3.632248 1.274106  0.052687 0.017453 -0.279974
15  0.000003 1.798495 -0.000001  0.034542 0.015473 -0.421260
16  -0.000002 1.235452 -0.000002  -0.006025 0.006058 -0.203611
17  0.315443 0.857300 0.755946  2.109433 0.373269 1.533785
18  0.000000 2.265938 0.000001  -0.056797 -0.034690 -0.271734
19  -0.000001 1.457812 -0.000000  -0.031121 0.045492 0.001395
20  -1.259680 3.818374 1.286950  0.052687 0.017453 -0.279974
21  -1.226389 3.891694 0.090424  0.004244 0.003603 -0.402932
22  -1.231621 3.875535 -0.958677  -0.054966 -0.028860 -0.393964
23  -1.209918 3.994782 -2.003043  -0.096194 -0.052727 -0.400403
24  0.328909 0.095428 1.403534  2.109432 0.373269 1.533784
25  -3.932808 -11.790446 26.384357  0.489425 0.099727 1.371771
26  -15.272266 -22.967508 7.522684  -1.570796 -0.000000 -1.570796
27  14.515289 -20.761194 11.696425  -0.051945 -0.000000 -1.570796
28  -7.028650 0.743399 -8.093216  0.495799 -0.073465 2.849153
29  0.000001 13.479277 0.000000  0.910646 -0.000000 0.000000
30  0.000001 13.477241 -0.000000  0.217509 0.120433 -0.003062
31  0.267269 3.664725 -1.953291  -0.067893 0.086178 0.802666
32  -0.000003 1.180355 0.000000  -0.024201 0.028477 0.843506
33  0.000000 0.817135 0.000002  0.010446 0.006491 0.658839
34  0.249423 3.688541 -0.940887  -0.032371 0.052975 0.932871
35  -0.000001 1.800633 0.000001  0.000732 -0.005308 1.244337
36  -0.000001 1.243405 -0.000001  0.004815 -0.004401 0.811274
37  0.244727 3.701095 0.087734  0.001305 -0.005412 1.033087
38  0.000000 1.766585 -0.000002  0.004298 0.000584 1.084130
39  -0.000001 1.189003 -0.000000  -0.010510 0.014239 0.976837
40  0.277241 3.632247 1.274104  0.172230 0.068927 -0.286590
41  -0.000001 1.798495 0.000000  0.035977 -0.011757 0.316010
42  -0.000001 1.235453 -0.000000  -0.006067 -0.006017 0.210488
43  -0.315441 0.857299 0.755945  -0.248767 -2.664688 1.150362
44  0.000000 2.265940 0.000000  -0.039010 0.053923 0.668054
45  0.000000 1.457812 0.000000  -0.054852 0.005358 1.066393
46  1.259681 3.818374 1.286948  0.172230 0.068927 -0.286590
47  1.226391 3.891693 0.090420  0.001305 -0.005412 1.033087
48  1.231624 3.875534 -0.958679  -0.032371 0.052975 0.932871
49  1.209920 3.994781 -2.003046  -0.067893 0.086178 0.802666
50  -0.328905 0.095427 1.403535  -0.248767 -2.664688 1.150362
51  -9.697164 -13.137552 11.561188  1.616804 -0.050294 2.967605
52  -12.460660 -19.410646 0.179033  -1.570796 -0.000000 1.570796
53  -7.028650 0.743399 -8.093216  -0.051945 0.000000 1.570796
54  -8.635023 -14.462955 -15.245433  1.533624 0.173766 0.051064
55  -1.855343 6.848200 8.911864  0.643721 -1.614433 -2.214060
56  0.461752 7.791413 26.458838  0.643346 -1.614420 -2.213684
57  0.599223 4.162445 9.540104  -0.024891 -0.027351 -0.026679
time 35
0  0 0 0  0 0 0
1  0.000000 0.000000 0.000000  1.570796 -0.000000 0.000000
2  14.914197 -21.398518 12.842126  0.361712 0.567153 1.487810
3  0.000001 13.479276 0.000003  0.655040 0.000000 -0.000000
4  -0.000000 13.477238 -0.000001  -0.599389 -0.274004 0.400496
5  -0.267269 3.664724 -1.953294  -0.096194 -0.052727 -0.400403
6  0.000001 1.180354 -0.000004  -0.033422 -0.016719 -0.440925
7  0.000000 0.817136 0.000002  0.007067 -0.010065 -0.256194
8  -0.249423 3.688540 -0.940891  -0.054966 -0.028860 -0.393964
9  -0.000000 1.800635 -0.000000  0.004228 0.003292 -0.472103
10  0.000000 1.243406 -0.000001  0.006309 0.001661 -0.328230
11  -0.244726 3.701094 0.087729  0.004244 0.003603 -0.402932
12  0.000000 1.766584 0.000000  0.003329 -0.002780 -0.523312
13  -0.000000 1.189004 0.000001  -0.016474 -0.006468 -0.416038
14  -0.277239 3.632246 1.274101  0.052686 0.017453 -0.279974
15  -0.000000 1.798496 0.000000  0.034542 0.015473 -0.421260
16  0.000001 1.235452 0.000001  -0.006025 0.006058 -0.203611
17  0.315441 0.857299 0.755942  2.109433 0.373269 1.533784
18  0.000000 2.265941 -0.000002  -0.056797 -0.034690 -0.271734
19  -0.000000 1.457812 -0.000002  -0.031121 0.045492 0.001395
20  -1.259682 3.818374 1.286944  0.052687 0.017453 -0.279974
21  -1.226391 3.891692 0.090417  0.004244 0.003603 -0.402932
22  -1.231622 3.875532 -0.958682  -0.054966 -0.028860 -0.393964
23  -1.209919 3.994780 -2.003048  -0.096194 -0.052727 -0.400403
24  0.328907 0.095428 1.403531  2.109432 0.373269 1.533784
25  -3.992864 -11.076012 26.531803  0.462473 0.087090 1.455044
26  -16.129223 -22.365801 7.288916  -1.570796 -0.000000 -1.570796
27  14.914197 -21.398518 12.842126  -0.051945 -0.000000 -1.570796
28  -7.028650 0.743399 -8.093216  0.483928 -0.000287 2.981750
29  0.000000 13.479278 0.000000  0.956163 -0.000000 0.000000
30  -0.000000 13.477241 -0.000000  0.166729 0.068459 0.032115
31  0.267269 3.664727 -1.953293  -0.067893 0.086178 0.802666
32  -0.000002 1.180355 -0.000000  -0.024201 0.028477 0.843506
33  -0.000001 0.817136 0.000001  0.010446 0.006491 0.658839
34  0.249422 3.688543 -0.940888  -0.032371 0.052975 0.932871
35  -0.000001 1.800634 -0.000000  0.000732 -0.005308 1.244337
36  0.000001 1.243406 -0.000001  0.004815 -0.004401 0.811274
37  0.244726 3.701096 0.087734  0.001305 -0.005412 1.033087
38  0.000000 1.766585 -0.000001  0.004298 0.000584 1.084130
39  -0.000000 1.189004 0.000001  -0.010510 0.014239 0.976837
40  0.277239 3.632248 1.274103  0.176540 0.048482 -0.174711
41  -0.000000 1.798494 0.000000  0.034427 -0.015727 0.428637
42  -0.000001 1.235452 0.000001  -0.006705 -0.005296 0.323174
43  -0.315442 0.857301 0.755944  -0.248767 -2.664688 1.150363
44  -0.000002 2.265939 0.000001  -0.039010 0.053923 0.668054
45  0.000001 1.457810 -0.000001  -0.054852 0.005358 1.066393
46  1.259681 3.818375 1.286946  0.176540 0.048482 -0.174711
47  1.226390 3.891693 0.090419  0.001305 -0.005412 1.033087
48  1.231622 3.875535 -0.958680  -0.032371 0.052975 0.932871
49  1.209918 3.994783 -2.003047  -0.067893 0.086178 0.802666
50  -0.328907 0.095429 1.403532  -0.248767 -2.664688 1.150362
51  -9.201634 -12.770615 11.539609  1.604876 -0.023134 3.053829
52  -10.301634 -19.573154 0.179033  -1.570796 -0.000000 1.570796
53  -7.028650 0.743399 -8.093216  -0.051945 0.000000 1.570796
54  -8.044548 -14.455850 -14.807339  1.538752 0.087740 0.023224
55  -1.855344 6.848202 8.911864  0.643721 -1.614433 -2.214061
56  0.461751 7.791414 26.458836  0.643346 -1.614420 -2.213684
57  0.599222 4.162449 9.540103  -0.024891 -0.027351 -0.026679
time 36
0  0 0 0  0 0 0
1  0.000000 0.000000 0.000000  1.570796 -0.000000 0.000000
2  15.175900 -21.816639 13.593763  0.346773 0.579331 1.442782
3  0.000001 13.479277 -0.000002  0.614591 -0.000000 -0.000000
4  0.000002 13.477239 -0.000000  -0.593503 -0.222428 0.473451
5  -0.267269 3.664725 -1.953293  -0.096194 -0.052727 -0.400403
6  0.000001 1.180356 -0.000001  -0.033422 -0.016719 -0.440925
7  -0.000001 0.817135 0.000001  0.007067 -0.010065 -0.256194
8  -0.249423 3.688540 -0.940887  -0.054966 -0.028860 -0.393963
9  0.000001 1.800634 -0.000002  0.004228 0.003292 -0.472103
10  -0.000001 1.243407 -0.000001  0.006309 0.001661 -0.328230
11  -0.244728 3.701095 0.087734  0.004244 0.003603 -0.402932
12  0.000002 1.766585 0.000001  0.003329 -0.002780 -0.523312
13  0.000001 1.189004 0.000000  -0.016474 -0.006468 -0.416037
14  -0.277240 3.632246 1.274103  0.052687 0.017453 -0.279974
15  0.000000 1.798492 0.000001  0.034542 0.015472 -0.421259
16  0.000000 1.235450 -0.000000  -0.006025 0.006058 -0.203611
17  0.315440 0.857299 0.755945  2.109432 0.373269 1.533784
18  -0.000000 2.265942 0.000000  -0.056797 -0.034690 -0.271734
19  0.000001 1.457810 0.000003  -0.031121 0.045492 0.001395
20  -1.259682 3.818373 1.286945  0.052687 0.017453 -0.279974
21  -1.226392 3.891692 0.090419  0.004244 0.003603 -0.402932
22  -1.231624 3.875533 -0.958679  -0.054966 -0.028860 -0.393964
23  -1.209920 3.994781 -2.003046  -0.096194 -0.052727 -0.400403
24  0.328906 0.095427 1.403532  2.109432 0.373269 1.533784
25  -3.955703 -10.725608 26.674917  0.445916 0.064455 1.516681
26  -16.677616 -21.973989 7.139246  -1.570796 -0.000000 -1.570796
27  15.175900 -21.816639 13.593763  -0.051945 -0.000000 -1.570796
28  -7.028650 0.743399 -8.093216  0.482589 0.046072 3.077487
29  -0.000000 13.479277 0.000000  0.991138 -0.000000 0.000000
30  -0.000001 13.477239 0.000001  0.109159 0.034326 0.055641
31  0.267269 3.664726 -1.953292  -0.067893 0.086178 0.802666
32  0.000004 1.180355 -0.000000  -0.024201 0.028477 0.843506
33  -0.000001 0.817134 -0.000001  0.010446 0.006491 0.658839
34  0.249423 3.688541 -0.940888  -0.032371 0.052975 0.932871
35  -0.000000 1.800634 0.000000  0.000732 -0.005308 1.244336
36  -0.000000 1.243406 -0.000001  0.004815 -0.004401 0.811274
37  0.244728 3.701096 0.087734  0.001305 -0.005412 1.033087
38  0.000000 1.766585 0.000000  0.004298 0.000584 1.084130
39  -0.000001 1.189002 0.000000  -0.010510 0.014239 0.976837
40  0.277240 3.632248 1.274103  0.182741 0.010323 0.032929
41  0.000001 1.798494 -0.000001  0.030411 -0.022534 0.637818
42  0.000001 1.235451 0.000001  -0.007659 -0.003788 0.532423
43  -0.315440 0.857299 0.755944  -0.248767 -2.664688 1.150362
44  -0.000001 2.265940 0.000000  -0.039010 0.053923 0.668054
45  0.000000 1.457810 0.000001  -0.054852 0.005358 1.066393
46  1.259681 3.818375 1.286946  0.182741 0.010323 0.032929
47  1.226392 3.891693 0.090420  0.001305 -0.005412 1.033087
48  1.231624 3.875533 -0.958680  -0.032371 0.052975 0.932871
49  1.209919 3.994782 -2.003047  -0.067893 0.086178 0.802666
50  -0.328905 0.095429 1.403533  -0.248767 -2.664688 1.150362
51  -8.781205 -12.417196 11.554666  1.582724 -0.005979 3.117043
52  -8.722646 -19.692001 0.179033  -1.570796 -0.000000 1.570796
53  -7.028650 0.743399 -8.093216  -0.051945 0.000000 1.570796
54  -7.549825 -14.449897 -14.440287  1.559015 0.024549 0.005981
55  -1.855344 6.848200 8.911864  0.643721 -1.614433 -2.214061
56  0.461752 7.791412 26.458836  0.643346 -1.614420 -2.213684
57  0.599222 4.162447 9.540104  -0.024891 -0.027351 -0.026679
time 37
0  0 0 0  0 0 0
1  0.000000 0.000000 0.000000  1.570796 -0.000000 0.000000
2  15.269911 -21.966835 13.863769  0.340004 0.582326 1.427364
3  -0.000002 13.479278 0.000000  0.604502 0.000000 -0.000000
4  0.000002 13.477238 0.000000  -0.593662 -0.204003 0.504095
5  -0.267269 3.664725 -1.953294  -0.096194 -0.052727 -0.400403
6  0.000001 1.180356 0.000001  -0.033422 -0.016719 -0.440925
7  -0.000001 0.817135 0.000002  0.007067 -0.010065 -0.256194
8  -0.249422 3.688540 -0.940891  -0.054966 -0.028860 -0.393964
9  -0.000000 1.800634 -0.000000  0.004228 0.003292 -0.472103
10  0.000001 1.243407 0.000001  0.006309 0.001661 -0.328230
11  -0.244725 3.701096 0.087734  0.004244 0.003603 -0.402932
12  0.000002 1.766584 -0.000002  0.003329 -0.002780 -0.523312
13  0.000000 1.189004 0.000001  -0.016474 -0.006468 -0.416038
14  -0.277238 3.632247 1.274102  0.052687 0.017453 -0.279974
15  -0.000002 1.798493 0.000001  0.034542 0.015473 -0.421259
16  0.000001 1.235451 0.000001  -0.006025 0.006058 -0.203611
17  0.315442 0.857300 0.755944  2.109433 0.373269 1.533785
18  -0.000000 2.265939 0.000000  -0.056797 -0.034690 -0.271734
19  0.000000 1.457812 0.000002  -0.031121 0.045492 0.001395
20  -1.259681 3.818374 1.286946  0.052687 0.017453 -0.279974
21  -1.226389 3.891693 0.090419  0.004244 0.003603 -0.402932
22  -1.231622 3.875534 -0.958679  -0.054966 -0.028860 -0.393964
23  -1.209918 3.994782 -2.003047  -0.096194 -0.052727 -0.400403
24  0.328908 0.095428 1.403532  2.109432 0.373269 1.533784
25  -3.913662 -10.630912 26.737614  0.440285 0.052355 1.540867
26  -16.870777 -21.834059 7.086506  -1.570796 -0.000000 -1.570796
27  15.269911 -21.966835 13.863769  -0.051945 -0.000000 -1.570796
28  -7.028650 0.743399 -8.093216  0.483663 0.061681 3.113738
29  -0.000001 13.479277 0.000001  1.004753 -0.000000 0.000000
30  -0.000000 13.477238 0.000001  0.082244 0.022688 0.063760
31  0.267269 3.664726 -1.953294  -0.067893 0.086178 0.802666
32  -0.000002 1.180355 -0.000002  -0.024201 0.028477 0.843506
33  0.000001 0.817135 0.000000  0.010446 0.006491 0.658839
34  0.249423 3.688541 -0.940890  -0.032371 0.052975 0.932871
35  0.000000 1.800633 -0.000002  0.000732 -0.005308 1.244337
36  -0.000001 1.243406 -0.000002  0.004815 -0.004401 0.811275
37  0.244726 3.701095 0.087732  0.001305 -0.005412 1.033087
38  -0.000000 1.766584 0.000000  0.004298 0.000584 1.084129
39  0.000000 1.189004 0.000001  -0.010510 0.014239 0.976837
40  0.277239 3.632248 1.274102  0.185107 -0.010184 0.144732
41  -0.000000 1.798495 0.000000  0.027685 -0.025810 0.750471
42  0.000001 1.235451 0.000001  -0.008036 -0.002903 0.645088
43  -0.315442 0.857299 0.755943  -0.248767 -2.664688 1.150362
44  0.000000 2.265939 -0.000001  -0.039010 0.053923 0.668054
45  0.000000 1.457813 0.000000  -0.054852 0.005358 1.066393
46  1.259681 3.818374 1.286945  0.185107 -0.010184 0.144732
47  1.226391 3.891693 0.090418  0.001305 -0.005412 1.033087
48  1.231623 3.875534 -0.958681  -0.032371 0.052975 0.932871
49  1.209919 3.994781 -2.003049  -0.067893 0.086178 0.802666
50  -0.328907 0.095428 1.403532  -0.248767 -2.664688 1.150362
51  -8.605698 -12.259624 11.568533  1.570796 0.000000 -3.141593
52  -8.110383 -19.738087 0.179033  -1.570796 -0.000000 1.570796
53  -7.028650 0.743399 -8.093216  -0.051945 0.000000 1.570796
54  -7.342360 -14.447400 -14.286362  1.570796 -0.000000 0.000000
55  -1.855343 6.848201 8.911866  0.643721 -1.614433 -2.214061
56  0.461752 7.791413 26.458832  0.643346 -1.614420 -2.213684
57  0.599223 4.162447 9.540103  -0.024891 -0.027351 -0.026679
end
