version 1
nodes
0 "blender_implicit" -1
1 "root" -1
2 "upperarm_l" 1
3 "lowerarm_l" 2
4 "hand_l" 3
5 "pinky_0_l" 4
6 "pinky_1_l" 5
7 "pinky_2_l" 6
8 "ring_0_l" 4
9 "ring_1_l" 8
10 "ring_2_l" 9
11 "middle_0_l" 4
12 "middle_1_l" 11
13 "middle_2_l" 12
14 "index_0_l" 4
15 "index_1_l" 14
16 "index_2_l" 15
17 "thumb_0_l" 4
18 "thumb_1_l" 17
19 "thumb_2_l" 18
20 "rig_index_l" 4
21 "rig_middle_l" 4
22 "rig_ring_l" 4
23 "rig_pinky_l" 4
24 "rig_thumb_l" 4
25 "rig_hand_l" 1
26 "rig_l" 1
27 "rig_upperarm_l" 1
28 "upperarm_r" 1
29 "lowerarm_r" 28
30 "hand_r" 29
31 "pinky_0_r" 30
32 "pinky_1_r" 31
33 "pinky_2_r" 32
34 "ring_0_r" 30
35 "ring_1_r" 34
36 "ring_2_r" 35
37 "middle_0_r" 30
38 "middle_1_r" 37
39 "middle_2_r" 38
40 "index_0_r" 30
41 "index_1_r" 40
42 "index_2_r" 41
43 "thumb_0_r" 30
44 "thumb_1_r" 43
45 "thumb_2_r" 44
46 "rig_index_r" 30
47 "rig_middle_r" 30
48 "rig_ring_r" 30
49 "rig_pinky_r" 30
50 "rig_thumb_r" 30
51 "rig_hand_r" 1
52 "rig_r" 1
53 "rig_upperarm_r" 1
54 "bone_base" -1
55 "bone_barrels" 54
56 "bone_muzzle" 54
57 "bone_Ring" 54
58 "bone_ejectionPort" 54
end
skeleton
time 0
0  0 0 0  0 0 0
1  0.000000 0.000000 0.000000  1.570796 -0.000000 0.000000
2  -1.843768 -8.254290 -9.392370  0.421524 0.387392 -1.786283
3  0.000000 13.479278 0.000000  1.463241 0.000000 -0.000000
4  -0.000001 13.477240 -0.000000  -2.006038 -0.483999 1.945489
5  -0.267270 3.664726 -1.953294  0.570288 -0.108989 -1.360402
6  -0.000001 1.180355 -0.000002  -0.005540 -0.036957 -1.399219
7  0.000001 0.817136 0.000000  0.012298 -0.000007 -1.214275
8  -0.249424 3.688541 -0.940891  0.326191 -0.061560 -1.352632
9  0.000001 1.800634 -0.000001  -0.000262 0.005352 -1.430231
10  -0.000000 1.243408 0.000001  0.002269 0.006116 -1.286349
11  -0.244727 3.701094 0.087731  0.221244 0.005544 -1.361062
12  0.000001 1.766585 0.000000  0.004189 0.001125 -1.481426
13  -0.000001 1.189004 0.000001  -0.004182 -0.017197 -1.374176
14  -0.277240 3.632247 1.274101  0.115075 0.054750 -1.366492
15  -0.000000 1.798494 0.000000  0.002394 0.037772 -1.507786
16  -0.000001 1.235451 -0.000002  -0.008167 -0.002510 -1.289887
17  0.315441 0.857299 0.755943  -0.761000 2.412031 -1.377326
18  -0.000002 2.265940 -0.000000  -0.016207 -0.064542 -1.048595
19  0.000001 1.457811 0.000000  -0.051901 0.018546 -0.626230
20  -1.259682 3.818373 1.286945  0.115075 0.054750 -1.366492
21  -1.226391 3.891692 0.090417  0.221244 0.005544 -1.361061
22  -1.231624 3.875533 -0.958682  0.326191 -0.061560 -1.352632
23  -1.209919 3.994779 -2.003049  0.570288 -0.108989 -1.360402
24  0.328905 0.095428 1.403532  -0.761000 2.412031 -1.377325
25  4.624067 -16.759159 7.580746  -2.047893 -2.345359 -0.298884
26  13.824293 -20.103218 10.765717  -1.570796 -0.000000 -1.570796
27  -1.843768 -8.254290 -9.392370  -0.051945 -0.000000 -1.570796
28  0.433020 -11.755867 -21.000002  -0.083842 -0.009362 3.131152
29  0.000000 13.479277 -0.000002  0.167696 0.000000 0.000000
30  0.000000 13.477240 0.000001  -0.083756 0.010203 0.009620
31  0.267270 3.664728 -1.953293  -0.106568 0.025893 0.137951
32  -0.000000 1.180357 -0.000001  -0.036623 0.007435 0.177465
33  -0.000002 0.817138 0.000001  0.004200 0.011559 -0.007420
34  0.249423 3.688543 -0.940890  -0.060580 0.013550 0.130737
35  0.000001 1.800635 -0.000001  0.004940 -0.002077 0.208495
36  -0.000001 1.243411 0.000002  0.006524 0.000040 0.064626
37  0.244726 3.701097 0.087732  0.005036 -0.002373 0.139323
38  -0.000000 1.766588 -0.000002  0.002490 0.003552 0.259702
39  -0.000000 1.189003 0.000001  -0.017590 0.001952 0.152464
40  0.277239 3.632249 1.274101  0.054558 -0.010184 0.144732
41  -0.000001 1.798490 -0.000003  0.036314 -0.010668 0.285912
42  -0.000001 1.235457 0.000001  -0.005152 -0.006816 0.068190
43  -0.315441 0.857301 0.755942  1.684115 -0.560091 -1.563926
44  -0.000000 2.265939 0.000000  -0.057905 0.032805 0.238898
45  0.000001 1.457813 0.000000  -0.029609 -0.046490 -0.034285
46  1.259681 3.818376 1.286945  0.054558 -0.010184 0.144732
47  1.226391 3.891695 0.090419  0.005036 -0.002373 0.139324
48  1.231623 3.875536 -0.958680  -0.060580 0.013550 0.130737
49  1.209919 3.994783 -2.003048  -0.106568 0.025893 0.137951
50  -0.328906 0.095430 1.403531  1.684115 -0.560091 -1.563926
51  0.152561 -38.616215 -21.000004  -0.000000 0.000000 3.141593
52  0.152561 -25.166061 -36.000004  -1.570796 -0.000000 1.570796
53  0.433020 -11.755867 -21.000002  -0.051945 0.000000 1.570796
54  -1.993806 -6.721954 -11.510962  0.579317 0.624715 -1.078261
55  10.000000 0.000002 -0.000000  0.000000 0.000000 -0.000000
56  29.620382 2.666870 -0.000003  -0.000000 0.000000 0.000000
57  3.664052 2.228527 -2.524773  1.570796 0.732815 -1.570796
58  3.490278 2.388511 1.331885  0.000000 1.570796 0.000000
time 1
0  0 0 0  0 0 0
1  0.000000 0.000000 0.000000  1.570796 -0.000000 0.000000
2  -1.843768 -8.254290 -9.392370  0.430169 0.367892 -1.811642
3  0.000002 13.479278 0.000000  1.440801 0.000000 -0.000000
4  0.000001 13.477238 0.000001  -1.976108 -0.507819 1.914838
5  -0.267269 3.664726 -1.953292  0.570287 -0.108989 -1.360402
6  -0.000004 1.180355 -0.000002  -0.005540 -0.036957 -1.399219
7  -0.000000 0.817138 0.000001  0.012298 -0.000007 -1.214275
8  -0.249422 3.688541 -0.940888  0.326191 -0.061560 -1.352632
9  -0.000001 1.800633 -0.000000  -0.000262 0.005352 -1.430231
10  -0.000000 1.243405 0.000000  0.002269 0.006116 -1.286349
11  -0.244725 3.701095 0.087735  0.221244 0.005544 -1.361062
12  0.000002 1.766585 -0.000001  0.004189 0.001125 -1.481426
13  0.000001 1.189004 -0.000000  -0.004182 -0.017197 -1.374176
14  -0.277238 3.632247 1.274104  0.115075 0.054750 -1.366492
15  0.000000 1.798493 0.000000  0.002394 0.037772 -1.507786
16  0.000001 1.235451 0.000001  -0.008167 -0.002510 -1.289887
17  0.315441 0.857299 0.755944  -0.760999 2.412031 -1.377326
18  -0.000002 2.265939 0.000000  -0.016207 -0.064542 -1.048595
19  -0.000000 1.457813 -0.000001  -0.051901 0.018546 -0.626230
20  -1.259681 3.818373 1.286946  0.115075 0.054750 -1.366492
21  -1.226390 3.891692 0.090420  0.221244 0.005544 -1.361061
22  -1.231623 3.875534 -0.958680  0.326191 -0.061560 -1.352632
23  -1.209919 3.994781 -2.003048  0.570287 -0.108989 -1.360402
24  0.328906 0.095428 1.403533  -0.761000 2.412031 -1.377326
25  4.597021 -16.685280 7.864192  -2.029609 -2.359065 -0.303077
26  13.824293 -20.103218 10.765717  -1.570796 -0.000000 -1.570796
27  -1.843768 -8.254290 -9.392370  -0.051945 -0.000000 -1.570796
28  0.433020 -11.755867 -21.000002  -0.083842 -0.009362 3.131152
29  0.000000 13.479277 -0.000002  0.167696 0.000000 0.000000
30  0.000000 13.477240 0.000001  -0.083756 0.010203 0.009620
31  0.267270 3.664728 -1.953293  -0.106568 0.025893 0.137951
32  -0.000000 1.180357 -0.000001  -0.036623 0.007435 0.177465
33  -0.000002 0.817138 0.000001  0.004200 0.011559 -0.007420
34  0.249423 3.688543 -0.940890  -0.060580 0.013550 0.130737
35  0.000001 1.800635 -0.000001  0.004940 -0.002077 0.208495
36  -0.000001 1.243411 0.000002  0.006524 0.000040 0.064626
37  0.244726 3.701097 0.087732  0.005036 -0.002373 0.139323
38  -0.000000 1.766588 -0.000002  0.002490 0.003552 0.259702
39  -0.000000 1.189003 0.000001  -0.017590 0.001952 0.152464
40  0.277239 3.632249 1.274101  0.054558 -0.010184 0.144732
41  -0.000001 1.798490 -0.000003  0.036314 -0.010668 0.285912
42  -0.000001 1.235457 0.000001  -0.005152 -0.006816 0.068190
43  -0.315441 0.857301 0.755942  1.684115 -0.560091 -1.563926
44  -0.000000 2.265939 0.000000  -0.057905 0.032805 0.238898
45  0.000001 1.457813 0.000000  -0.029609 -0.046490 -0.034285
46  1.259681 3.818376 1.286945  0.054558 -0.010184 0.144732
47  1.226391 3.891695 0.090419  0.005036 -0.002373 0.139324
48  1.231623 3.875536 -0.958680  -0.060580 0.013550 0.130737
49  1.209919 3.994783 -2.003048  -0.106568 0.025893 0.137951
50  -0.328906 0.095430 1.403531  1.684115 -0.560091 -1.563926
51  0.152561 -38.616215 -21.000004  -0.000000 0.000000 3.141593
52  0.152561 -25.166061 -36.000004  -1.570796 -0.000000 1.570796
53  0.433020 -11.755867 -21.000002  -0.051945 0.000000 1.570796
54  -2.058009 -6.858599 -11.510653  0.579430 0.606143 -1.087468
55  10.000000 0.000001 0.000001  0.299052 -0.000000 0.000000
56  29.620380 2.666870 0.000000  -0.000000 -0.000000 0.000000
57  3.664052 2.228526 -2.524774  1.570796 0.732815 -1.570796
58  3.490278 2.388511 1.331885  0.000000 1.570796 0.000000
time 2
0  0 0 0  0 0 0
1  0.000000 0.000000 0.000000  1.570796 -0.000000 0.000000
2  -1.843768 -8.254290 -9.392370  0.458164 0.318363 -1.873281
3  0.000002 13.479277 0.000000  1.380624 0.000000 -0.000000
4  -0.000001 13.477238 0.000001  -1.892345 -0.568559 1.831200
5  -0.267271 3.664727 -1.953294  0.570287 -0.108989 -1.360402
6  0.000001 1.180356 -0.000000  -0.005540 -0.036957 -1.399219
7  0.000001 0.817134 0.000000  0.012298 -0.000007 -1.214275
8  -0.249424 3.688542 -0.940890  0.326191 -0.061560 -1.352632
9  -0.000000 1.800632 0.000002  -0.000262 0.005352 -1.430231
10  0.000000 1.243408 0.000001  0.002269 0.006116 -1.286349
11  -0.244727 3.701095 0.087734  0.221244 0.005544 -1.361061
12  0.000001 1.766585 -0.000000  0.004189 0.001125 -1.481426
13  0.000000 1.189004 -0.000002  -0.004182 -0.017197 -1.374176
14  -0.277241 3.632247 1.274103  0.115074 0.054750 -1.366492
15  0.000002 1.798495 0.000001  0.002394 0.037772 -1.507786
16  0.000000 1.235451 0.000001  -0.008167 -0.002510 -1.289887
17  0.315440 0.857298 0.755944  -0.760999 2.412031 -1.377326
18  -0.000002 2.265939 -0.000000  -0.016207 -0.064542 -1.048595
19  0.000000 1.457812 -0.000000  -0.051901 0.018546 -0.626230
20  -1.259682 3.818374 1.286946  0.115075 0.054750 -1.366492
21  -1.226392 3.891692 0.090420  0.221244 0.005544 -1.361061
22  -1.231624 3.875534 -0.958680  0.326191 -0.061560 -1.352632
23  -1.209920 3.994780 -2.003047  0.570288 -0.108989 -1.360402
24  0.328904 0.095428 1.403532  -0.761000 2.412031 -1.377325
25  4.521926 -16.456715 8.611894  -1.983180 -2.396213 -0.309166
26  13.824293 -20.103218 10.765717  -1.570796 -0.000000 -1.570796
27  -1.843768 -8.254290 -9.392370  -0.051945 -0.000000 -1.570796
28  0.433020 -11.755867 -21.000002  -0.083842 -0.009362 3.131152
29  0.000000 13.479277 -0.000002  0.167696 0.000000 0.000000
30  0.000000 13.477240 0.000001  -0.083756 0.010203 0.009620
31  0.267270 3.664728 -1.953293  -0.106568 0.025893 0.137951
32  -0.000000 1.180357 -0.000001  -0.036623 0.007435 0.177465
33  -0.000002 0.817138 0.000001  0.004200 0.011559 -0.007420
34  0.249423 3.688543 -0.940890  -0.060580 0.013550 0.130737
35  0.000001 1.800635 -0.000001  0.004940 -0.002077 0.208495
36  -0.000001 1.243411 0.000002  0.006524 0.000040 0.064626
37  0.244726 3.701097 0.087732  0.005036 -0.002373 0.139323
38  -0.000000 1.766588 -0.000002  0.002490 0.003552 0.259702
39  -0.000000 1.189003 0.000001  -0.017590 0.001952 0.152464
40  0.277239 3.632249 1.274101  0.054558 -0.010184 0.144732
41  -0.000001 1.798490 -0.000003  0.036314 -0.010668 0.285912
42  -0.000001 1.235457 0.000001  -0.005152 -0.006816 0.068190
43  -0.315441 0.857301 0.755942  1.684115 -0.560091 -1.563926
44  -0.000000 2.265939 0.000000  -0.057905 0.032805 0.238898
45  0.000001 1.457813 0.000000  -0.029609 -0.046490 -0.034285
46  1.259681 3.818376 1.286945  0.054558 -0.010184 0.144732
47  1.226391 3.891695 0.090419  0.005036 -0.002373 0.139324
48  1.231623 3.875536 -0.958680  -0.060580 0.013550 0.130737
49  1.209919 3.994783 -2.003048  -0.106568 0.025893 0.137951
50  -0.328906 0.095430 1.403531  1.684115 -0.560091 -1.563926
51  0.152561 -38.616215 -21.000004  -0.000000 0.000000 3.141593
52  0.152561 -25.166061 -36.000004  -1.570796 -0.000000 1.570796
53  0.433020 -11.755867 -21.000002  -0.051945 0.000000 1.570796
54  -2.234529 -7.218014 -11.508503  0.583700 0.555866 -1.110438
55  10.000001 0.000000 0.000001  1.085835 -0.000000 -0.000000
56  29.620380 2.666867 0.000001  0.000000 -0.000000 -0.000000
57  3.664051 2.228526 -2.524773  1.570796 0.732815 -1.570796
58  3.490278 2.388511 1.331885  0.000000 1.570796 0.000000
time 3
0  0 0 0  0 0 0
1  0.000000 0.000000 0.000000  1.570796 -0.000000 0.000000
2  -1.843768 -8.254290 -9.392370  0.508651 0.253697 -1.948970
3  0.000002 13.479276 0.000000  1.293330 0.000000 -0.000000
4  -0.000001 13.477238 0.000001  -1.761023 -0.647200 1.705431
5  -0.267270 3.664726 -1.953292  0.570287 -0.108989 -1.360402
6  0.000002 1.180355 0.000001  -0.005541 -0.036957 -1.399219
7  0.000002 0.817133 -0.000001  0.012298 -0.000007 -1.214275
8  -0.249423 3.688541 -0.940889  0.326191 -0.061560 -1.352632
9  -0.000001 1.800633 0.000001  -0.000262 0.005352 -1.430231
10  -0.000001 1.243405 -0.000000  0.002269 0.006116 -1.286349
11  -0.244727 3.701096 0.087733  0.221244 0.005544 -1.361061
12  -0.000001 1.766583 0.000001  0.004189 0.001125 -1.481426
13  0.000000 1.189002 -0.000001  -0.004182 -0.017197 -1.374176
14  -0.277241 3.632248 1.274102  0.115075 0.054750 -1.366492
15  -0.000001 1.798495 -0.000002  0.002394 0.037772 -1.507786
16  -0.000000 1.235448 0.000000  -0.008167 -0.002510 -1.289887
17  0.315440 0.857300 0.755945  -0.761000 2.412031 -1.377325
18  0.000000 2.265940 0.000000  -0.016207 -0.064542 -1.048595
19  -0.000000 1.457810 0.000000  -0.051901 0.018546 -0.626230
20  -1.259682 3.818374 1.286946  0.115075 0.054750 -1.366492
21  -1.226391 3.891693 0.090419  0.221244 0.005544 -1.361061
22  -1.231624 3.875535 -0.958682  0.326191 -0.061560 -1.352632
23  -1.209920 3.994781 -2.003047  0.570288 -0.108989 -1.360402
24  0.328905 0.095428 1.403532  -0.761000 2.412031 -1.377325
25  4.403141 -16.051474 9.659073  -1.920448 -2.449650 -0.306936
26  13.824293 -20.103218 10.765717  -1.570796 -0.000000 -1.570796
27  -1.843768 -8.254290 -9.392370  -0.051945 -0.000000 -1.570796
28  0.433020 -11.755867 -21.000002  -0.083842 -0.009362 3.131152
29  0.000000 13.479277 -0.000002  0.167696 0.000000 0.000000
30  0.000000 13.477240 0.000001  -0.083756 0.010203 0.009620
31  0.267270 3.664728 -1.953293  -0.106568 0.025893 0.137951
32  -0.000000 1.180357 -0.000001  -0.036623 0.007435 0.177465
33  -0.000002 0.817138 0.000001  0.004200 0.011559 -0.007420
34  0.249423 3.688543 -0.940890  -0.060580 0.013550 0.130737
35  0.000001 1.800635 -0.000001  0.004940 -0.002077 0.208495
36  -0.000001 1.243411 0.000002  0.006524 0.000040 0.064626
37  0.244726 3.701097 0.087732  0.005036 -0.002373 0.139323
38  -0.000000 1.766588 -0.000002  0.002490 0.003552 0.259702
39  -0.000000 1.189003 0.000001  -0.017590 0.001952 0.152464
40  0.277239 3.632249 1.274101  0.054558 -0.010184 0.144732
41  -0.000001 1.798490 -0.000003  0.036314 -0.010668 0.285912
42  -0.000001 1.235457 0.000001  -0.005152 -0.006816 0.068190
43  -0.315441 0.857301 0.755942  1.684115 -0.560091 -1.563926
44  -0.000000 2.265939 0.000000  -0.057905 0.032805 0.238898
45  0.000001 1.457813 0.000000  -0.029609 -0.046490 -0.034285
46  1.259681 3.818376 1.286945  0.054558 -0.010184 0.144732
47  1.226391 3.891695 0.090419  0.005036 -0.002373 0.139324
48  1.231623 3.875536 -0.958680  -0.060580 0.013550 0.130737
49  1.209919 3.994783 -2.003048  -0.106568 0.025893 0.137951
50  -0.328906 0.095430 1.403531  1.684115 -0.560091 -1.563926
51  0.152561 -38.616215 -21.000004  -0.000000 0.000000 3.141593
52  0.152561 -25.166061 -36.000004  -1.570796 -0.000000 1.570796
53  0.433020 -11.755867 -21.000002  -0.051945 0.000000 1.570796
54  -2.499236 -7.724412 -11.502665  0.598548 0.481881 -1.139674
55  10.000002 0.000000 0.000001  1.781610 -0.000000 -0.000000
56  29.620384 2.666869 0.000002  -0.000000 -0.000000 0.000000
57  3.664053 2.228525 -2.524771  1.570796 0.732815 -1.570796
58  3.490280 2.388510 1.331886  -0.000000 1.570796 0.000000
time 4
0  0 0 0  0 0 0
1  0.000000 0.000000 0.000000  1.570796 -0.000000 0.000000
2  -1.843768 -8.254290 -9.392370  0.578635 0.186291 -2.023648
3  0.000002 13.479277 0.000001  1.191104 0.000000 -0.000000
4  -0.000001 13.477239 -0.000000  -1.585581 -0.723011 1.543282
5  -0.267270 3.664727 -1.953292  0.570287 -0.108989 -1.360402
6  0.000000 1.180355 0.000001  -0.005540 -0.036957 -1.399219
7  0.000000 0.817137 -0.000001  0.012298 -0.000007 -1.214276
8  -0.249423 3.688542 -0.940888  0.326191 -0.061560 -1.352632
9  -0.000001 1.800634 0.000001  -0.000262 0.005352 -1.430232
10  -0.000000 1.243406 -0.000001  0.002269 0.006116 -1.286350
11  -0.244727 3.701096 0.087733  0.221244 0.005544 -1.361062
12  0.000001 1.766584 0.000000  0.004189 0.001125 -1.481426
13  -0.000001 1.189003 -0.000001  -0.004182 -0.017197 -1.374176
14  -0.277240 3.632249 1.274103  0.115074 0.054750 -1.366492
15  0.000002 1.798495 -0.000000  0.002394 0.037772 -1.507786
16  0.000001 1.235453 -0.000000  -0.008167 -0.002510 -1.289887
17  0.315441 0.857301 0.755943  -0.761000 2.412031 -1.377325
18  -0.000001 2.265939 -0.000001  -0.016207 -0.064542 -1.048595
19  0.000002 1.457814 0.000000  -0.051901 0.018546 -0.626230
20  -1.259682 3.818375 1.286946  0.115075 0.054750 -1.366492
21  -1.226391 3.891695 0.090419  0.221244 0.005544 -1.361061
22  -1.231624 3.875535 -0.958680  0.326191 -0.061560 -1.352632
23  -1.209919 3.994782 -2.003047  0.570287 -0.108989 -1.360402
24  0.328905 0.095429 1.403532  -0.761000 2.412031 -1.377325
25  4.240534 -15.454195 10.833544  -1.850744 -2.510885 -0.288496
26  13.824293 -20.103218 10.765717  -1.570796 -0.000000 -1.570796
27  -1.843768 -8.254290 -9.392370  -0.051945 -0.000000 -1.570796
28  0.433020 -11.755867 -21.000002  -0.083842 -0.009362 3.131152
29  0.000000 13.479277 -0.000002  0.167696 0.000000 0.000000
30  0.000000 13.477240 0.000001  -0.083756 0.010203 0.009620
31  0.267270 3.664728 -1.953293  -0.106568 0.025893 0.137951
32  -0.000000 1.180357 -0.000001  -0.036623 0.007435 0.177465
33  -0.000002 0.817138 0.000001  0.004200 0.011559 -0.007420
34  0.249423 3.688543 -0.940890  -0.060580 0.013550 0.130737
35  0.000001 1.800635 -0.000001  0.004940 -0.002077 0.208495
36  -0.000001 1.243411 0.000002  0.006524 0.000040 0.064626
37  0.244726 3.701097 0.087732  0.005036 -0.002373 0.139323
38  -0.000000 1.766588 -0.000002  0.002490 0.003552 0.259702
39  -0.000000 1.189003 0.000001  -0.017590 0.001952 0.152464
40  0.277239 3.632249 1.274101  0.054558 -0.010184 0.144732
41  -0.000001 1.798490 -0.000003  0.036314 -0.010668 0.285912
42  -0.000001 1.235457 0.000001  -0.005152 -0.006816 0.068190
43  -0.315441 0.857301 0.755942  1.684115 -0.560091 -1.563926
44  -0.000000 2.265939 0.000000  -0.057905 0.032805 0.238898
45  0.000001 1.457813 0.000000  -0.029609 -0.046490 -0.034285
46  1.259681 3.818376 1.286945  0.054558 -0.010184 0.144732
47  1.226391 3.891695 0.090419  0.005036 -0.002373 0.139324
48  1.231623 3.875536 -0.958680  -0.060580 0.013550 0.130737
49  1.209919 3.994783 -2.003048  -0.106568 0.025893 0.137951
50  -0.328906 0.095430 1.403531  1.684115 -0.560091 -1.563926
51  0.152561 -38.616215 -21.000004  -0.000000 0.000000 3.141593
52  0.152561 -25.166061 -36.000004  -1.570796 -0.000000 1.570796
53  0.433020 -11.755867 -21.000002  -0.051945 0.000000 1.570796
54  -2.827999 -8.302011 -11.491295  0.628869 0.392580 -1.169235
55  10.000000 0.000000 0.000001  2.326932 -0.000000 -0.000000
56  29.620382 2.666869 0.000004  -0.000000 -0.000000 -0.000000
57  3.664051 2.228524 -2.524770  1.570796 0.732815 -1.570796
58  3.490279 2.388510 1.331887  0.000000 1.570796 0.000000
time 5
0  0 0 0  0 0 0
1  0.000000 0.000000 0.000000  1.570796 -0.000000 0.000000
2  -1.843768 -8.254290 -9.392370  0.659448 0.123753 -2.090290
3  0.000001 13.479277 0.000000  1.087731 0.000000 -0.000000
4  0.000000 13.477239 -0.000001  -1.373381 -0.774948 1.350572
5  -0.267271 3.664727 -1.953293  0.570287 -0.108989 -1.360402
6  0.000000 1.180356 0.000001  -0.005540 -0.036957 -1.399219
7  -0.000001 0.817136 0.000001  0.012298 -0.000007 -1.214275
8  -0.249423 3.688542 -0.940889  0.326191 -0.061560 -1.352632
9  -0.000000 1.800636 0.000000  -0.000262 0.005352 -1.430231
10  0.000001 1.243405 0.000001  0.002269 0.006116 -1.286349
11  -0.244727 3.701097 0.087734  0.221244 0.005544 -1.361061
12  0.000002 1.766585 -0.000000  0.004189 0.001125 -1.481426
13  0.000001 1.189003 -0.000000  -0.004182 -0.017197 -1.374176
14  -0.277240 3.632249 1.274102  0.115075 0.054750 -1.366492
15  -0.000000 1.798493 0.000001  0.002394 0.037772 -1.507786
16  0.000001 1.235452 -0.000001  -0.008167 -0.002510 -1.289887
17  0.315441 0.857300 0.755944  -0.761000 2.412031 -1.377326
18  -0.000001 2.265938 0.000000  -0.016207 -0.064542 -1.048595
19  0.000001 1.457813 0.000000  -0.051901 0.018546 -0.626230
20  -1.259682 3.818375 1.286946  0.115075 0.054750 -1.366492
21  -1.226391 3.891694 0.090420  0.221244 0.005544 -1.361061
22  -1.231623 3.875535 -0.958680  0.326191 -0.061560 -1.352632
23  -1.209920 3.994783 -2.003047  0.570288 -0.108989 -1.360402
24  0.328906 0.095429 1.403533  -0.761000 2.412031 -1.377326
25  4.031727 -14.675306 11.968530  -1.781290 -2.571111 -0.249546
26  13.824293 -20.103218 10.765717  -1.570796 -0.000000 -1.570796
27  -1.843768 -8.254290 -9.392370  -0.051945 -0.000000 -1.570796
28  0.433020 -11.755867 -21.000002  -0.083842 -0.009362 3.131152
29  0.000000 13.479277 -0.000002  0.167696 0.000000 0.000000
30  0.000000 13.477240 0.000001  -0.083756 0.010203 0.009620
31  0.267270 3.664728 -1.953293  -0.106568 0.025893 0.137951
32  -0.000000 1.180357 -0.000001  -0.036623 0.007435 0.177465
33  -0.000002 0.817138 0.000001  0.004200 0.011559 -0.007420
34  0.249423 3.688543 -0.940890  -0.060580 0.013550 0.130737
35  0.000001 1.800635 -0.000001  0.004940 -0.002077 0.208495
36  -0.000001 1.243411 0.000002  0.006524 0.000040 0.064626
37  0.244726 3.701097 0.087732  0.005036 -0.002373 0.139323
38  -0.000000 1.766588 -0.000002  0.002490 0.003552 0.259702
39  -0.000000 1.189003 0.000001  -0.017590 0.001952 0.152464
40  0.277239 3.632249 1.274101  0.054558 -0.010184 0.144732
41  -0.000001 1.798490 -0.000003  0.036314 -0.010668 0.285912
42  -0.000001 1.235457 0.000001  -0.005152 -0.006816 0.068190
43  -0.315441 0.857301 0.755942  1.684115 -0.560091 -1.563926
44  -0.000000 2.265939 0.000000  -0.057905 0.032805 0.238898
45  0.000001 1.457813 0.000000  -0.029609 -0.046490 -0.034285
46  1.259681 3.818376 1.286945  0.054558 -0.010184 0.144732
47  1.226391 3.891695 0.090419  0.005036 -0.002373 0.139324
48  1.231623 3.875536 -0.958680  -0.060580 0.013550 0.130737
49  1.209919 3.994783 -2.003048  -0.106568 0.025893 0.137951
50  -0.328906 0.095430 1.403531  1.684115 -0.560091 -1.563926
51  0.152561 -38.616215 -21.000004  -0.000000 0.000000 3.141593
52  0.152561 -25.166061 -36.000004  -1.570796 -0.000000 1.570796
53  0.433020 -11.755867 -21.000002  -0.051945 0.000000 1.570796
54  -3.196687 -8.875026 -11.472549  0.677069 0.297011 -1.195775
55  10.000002 0.000000 0.000001  2.770900 -0.000000 -0.000000
56  29.620384 2.666871 0.000003  -0.000000 -0.000000 -0.000000
57  3.664054 2.228526 -2.524772  1.570796 0.732815 -1.570796
58  3.490280 2.388511 1.331887  -0.000000 1.570796 0.000000
time 6
0  0 0 0  0 0 0
1  0.000000 0.000000 0.000000  1.570796 -0.000000 0.000000
2  -1.843768 -8.254290 -9.392370  0.739049 0.069659 -2.146625
3  0.000000 13.479277 -0.000001  0.999726 0.000000 -0.000000
4  0.000000 13.477239 0.000001  -1.147439 -0.784356 1.144819
5  -0.267270 3.664725 -1.953291  0.570288 -0.108989 -1.360402
6  0.000001 1.180354 0.000000  -0.005540 -0.036957 -1.399218
7  -0.000000 0.817136 0.000001  0.012298 -0.000007 -1.214275
8  -0.249424 3.688539 -0.940887  0.326191 -0.061560 -1.352632
9  -0.000001 1.800634 0.000001  -0.000262 0.005352 -1.430231
10  0.000001 1.243404 -0.000000  0.002269 0.006116 -1.286349
11  -0.244727 3.701093 0.087733  0.221244 0.005544 -1.361061
12  0.000000 1.766585 -0.000001  0.004189 0.001125 -1.481425
13  -0.000002 1.189004 -0.000001  -0.004182 -0.017197 -1.374175
14  -0.277239 3.632247 1.274103  0.115074 0.054750 -1.366492
15  -0.000000 1.798494 0.000000  0.002394 0.037772 -1.507786
16  0.000001 1.235454 -0.000000  -0.008167 -0.002510 -1.289887
17  0.315441 0.857298 0.755944  -0.761000 2.412031 -1.377325
18  -0.000001 2.265940 0.000000  -0.016207 -0.064542 -1.048595
19  -0.000001 1.457808 -0.000000  -0.051901 0.018546 -0.626230
20  -1.259681 3.818374 1.286947  0.115075 0.054750 -1.366492
21  -1.226391 3.891692 0.090420  0.221244 0.005544 -1.361061
22  -1.231623 3.875533 -0.958679  0.326191 -0.061560 -1.352632
23  -1.209919 3.994780 -2.003045  0.570288 -0.108989 -1.360402
24  0.328906 0.095427 1.403533  -0.761000 2.412031 -1.377325
25  3.774638 -13.757947 12.919830  -1.719019 -2.622832 -0.188784
26  13.824293 -20.103218 10.765717  -1.570796 -0.000000 -1.570796
27  -1.843768 -8.254290 -9.392370  -0.051945 -0.000000 -1.570796
28  0.433020 -11.755867 -21.000002  -0.083842 -0.009362 3.131152
29  0.000000 13.479277 -0.000002  0.167696 0.000000 0.000000
30  0.000000 13.477240 0.000001  -0.083756 0.010203 0.009620
31  0.267270 3.664728 -1.953293  -0.106568 0.025893 0.137951
32  -0.000000 1.180357 -0.000001  -0.036623 0.007435 0.177465
33  -0.000002 0.817138 0.000001  0.004200 0.011559 -0.007420
34  0.249423 3.688543 -0.940890  -0.060580 0.013550 0.130737
35  0.000001 1.800635 -0.000001  0.004940 -0.002077 0.208495
36  -0.000001 1.243411 0.000002  0.006524 0.000040 0.064626
37  0.244726 3.701097 0.087732  0.005036 -0.002373 0.139323
38  -0.000000 1.766588 -0.000002  0.002490 0.003552 0.259702
39  -0.000000 1.189003 0.000001  -0.017590 0.001952 0.152464
40  0.277239 3.632249 1.274101  0.054558 -0.010184 0.144732
41  -0.000001 1.798490 -0.000003  0.036314 -0.010668 0.285912
42  -0.000001 1.235457 0.000001  -0.005152 -0.006816 0.068190
43  -0.315441 0.857301 0.755942  1.684115 -0.560091 -1.563926
44  -0.000000 2.265939 0.000000  -0.057905 0.032805 0.238898
45  0.000001 1.457813 0.000000  -0.029609 -0.046490 -0.034285
46  1.259681 3.818376 1.286945  0.054558 -0.010184 0.144732
47  1.226391 3.891695 0.090419  0.005036 -0.002373 0.139324
48  1.231623 3.875536 -0.958680  -0.060580 0.013550 0.130737
49  1.209919 3.994783 -2.003048  -0.106568 0.025893 0.137951
50  -0.328906 0.095430 1.403531  1.684115 -0.560091 -1.563926
51  0.152561 -38.616215 -21.000004  -0.000000 0.000000 3.141593
52  0.152561 -25.166061 -36.000004  -1.570796 -0.000000 1.570796
53  0.433020 -11.755867 -21.000002  -0.051945 0.000000 1.570796
54  -3.581171 -9.367672 -11.444586  0.743527 0.204774 -1.218192
55  10.000000 0.000001 -0.000001  -3.138267 -0.000000 -0.000000
56  29.620382 2.666871 0.000000  -0.000000 0.000000 0.000000
57  3.664051 2.228526 -2.524773  1.570796 0.732815 -1.570796
58  3.490279 2.388511 1.331885  -0.000000 1.570796 0.000000
time 7
0  0 0 0  0 0 0
1  0.000000 0.000000 0.000000  1.570796 -0.000000 0.000000
2  -1.843768 -8.254290 -9.392370  0.811640 0.021279 -2.196443
3  0.000002 13.479276 0.000001  0.936139 0.000000 -0.000000
4  -0.000001 13.477240 -0.000000  -0.941653 -0.742276 0.948893
5  -0.267269 3.664727 -1.953292  0.570287 -0.108989 -1.360402
6  -0.000002 1.180357 -0.000000  -0.005540 -0.036957 -1.399219
7  0.000001 0.817135 0.000000  0.012298 -0.000007 -1.214276
8  -0.249422 3.688543 -0.940888  0.326191 -0.061560 -1.352632
9  0.000000 1.800634 0.000001  -0.000262 0.005352 -1.430231
10  -0.000000 1.243405 -0.000001  0.002269 0.006116 -1.286349
11  -0.244725 3.701097 0.087734  0.221244 0.005544 -1.361062
12  -0.000001 1.766585 0.000000  0.004189 0.001125 -1.481426
13  0.000000 1.189002 -0.000001  -0.004182 -0.017197 -1.374176
14  -0.277239 3.632249 1.274103  0.115074 0.054750 -1.366492
15  0.000000 1.798494 0.000000  0.002394 0.037772 -1.507786
16  -0.000001 1.235450 -0.000000  -0.008167 -0.002510 -1.289887
17  0.315441 0.857300 0.755944  -0.761000 2.412031 -1.377326
18  0.000001 2.265940 -0.000001  -0.016207 -0.064542 -1.048595
19  0.000000 1.457810 -0.000000  -0.051901 0.018546 -0.626230
20  -1.259681 3.818375 1.286947  0.115075 0.054750 -1.366492
21  -1.226391 3.891694 0.090421  0.221244 0.005544 -1.361061
22  -1.231623 3.875535 -0.958679  0.326191 -0.061560 -1.352632
23  -1.209919 3.994783 -2.003046  0.570288 -0.108989 -1.360402
24  0.328906 0.095429 1.403534  -0.761000 2.412031 -1.377325
25  3.466162 -12.695431 13.646398  -1.670123 -2.662077 -0.107725
26  13.824293 -20.103218 10.765717  -1.570796 -0.000000 -1.570796
27  -1.843768 -8.254290 -9.392370  -0.051945 -0.000000 -1.570796
28  0.433020 -11.755867 -21.000002  -0.083842 -0.009362 3.131152
29  0.000000 13.479277 -0.000002  0.167696 0.000000 0.000000
30  0.000000 13.477240 0.000001  -0.083756 0.010203 0.009620
31  0.267270 3.664728 -1.953293  -0.106568 0.025893 0.137951
32  -0.000000 1.180357 -0.000001  -0.036623 0.007435 0.177465
33  -0.000002 0.817138 0.000001  0.004200 0.011559 -0.007420
34  0.249423 3.688543 -0.940890  -0.060580 0.013550 0.130737
35  0.000001 1.800635 -0.000001  0.004940 -0.002077 0.208495
36  -0.000001 1.243411 0.000002  0.006524 0.000040 0.064626
37  0.244726 3.701097 0.087732  0.005036 -0.002373 0.139323
38  -0.000000 1.766588 -0.000002  0.002490 0.003552 0.259702
39  -0.000000 1.189003 0.000001  -0.017590 0.001952 0.152464
40  0.277239 3.632249 1.274101  0.054558 -0.010184 0.144732
41  -0.000001 1.798490 -0.000003  0.036314 -0.010668 0.285912
42  -0.000001 1.235457 0.000001  -0.005152 -0.006816 0.068190
43  -0.315441 0.857301 0.755942  1.684115 -0.560091 -1.563926
44  -0.000000 2.265939 0.000000  -0.057905 0.032805 0.238898
45  0.000001 1.457813 0.000000  -0.029609 -0.046490 -0.034285
46  1.259681 3.818376 1.286945  0.054558 -0.010184 0.144732
47  1.226391 3.891695 0.090419  0.005036 -0.002373 0.139324
48  1.231623 3.875536 -0.958680  -0.060580 0.013550 0.130737
49  1.209919 3.994783 -2.003048  -0.106568 0.025893 0.137951
50  -0.328906 0.095430 1.403531  1.684115 -0.560091 -1.563926
51  0.152561 -38.616215 -21.000004  -0.000000 0.000000 3.141593
52  0.152561 -25.166061 -36.000004  -1.570796 -0.000000 1.570796
53  0.433020 -11.755867 -21.000002  -0.051945 0.000000 1.570796
54  -3.960885 -9.765085 -11.334627  0.826733 0.124125 -1.237067
55  10.000003 0.000000 0.000001  -2.815507 -0.000000 -0.000000
56  29.620378 2.666870 0.000002  -0.000000 -0.000000 -0.000000
57  3.664052 2.228525 -2.524773  1.570796 0.732815 -1.570796
58  3.490278 2.388511 1.331886  -0.000000 1.570796 0.000000
time 8
0  0 0 0  0 0 0
1  0.000000 0.000000 0.000000  1.570796 -0.000000 0.000000
2  -1.843768 -8.254290 -9.392370  0.881322 -0.022094 -2.240962
3  0.000001 13.479277 -0.000000  0.890328 0.000000 -0.000000
4  -0.000000 13.477239 -0.000001  -0.780324 -0.659636 0.783727
5  -0.267269 3.664727 -1.953293  0.570288 -0.108989 -1.360402
6  0.000000 1.180356 0.000000  -0.005540 -0.036957 -1.399219
7  -0.000000 0.817135 -0.000001  0.012298 -0.000007 -1.214275
8  -0.249422 3.688542 -0.940889  0.326191 -0.061560 -1.352632
9  0.000001 1.800634 -0.000001  -0.000262 0.005352 -1.430232
10  0.000000 1.243407 -0.000000  0.002269 0.006116 -1.286350
11  -0.244726 3.701096 0.087733  0.221244 0.005544 -1.361062
12  0.000001 1.766584 0.000002  0.004189 0.001125 -1.481426
13  0.000000 1.189003 0.000001  -0.004182 -0.017197 -1.374176
14  -0.277239 3.632248 1.274102  0.115075 0.054750 -1.366492
15  0.000000 1.798494 0.000000  0.002394 0.037772 -1.507786
16  -0.000001 1.235452 0.000000  -0.008167 -0.002510 -1.289887
17  0.315441 0.857299 0.755943  -0.761000 2.412031 -1.377325
18  0.000000 2.265940 -0.000000  -0.016207 -0.064542 -1.048595
19  -0.000001 1.457809 -0.000000  -0.051901 0.018546 -0.626230
20  -1.259682 3.818373 1.286945  0.115075 0.054750 -1.366492
21  -1.226390 3.891692 0.090420  0.221244 0.005544 -1.361061
22  -1.231623 3.875535 -0.958680  0.326191 -0.061560 -1.352632
23  -1.209919 3.994781 -2.003048  0.570288 -0.108989 -1.360402
24  0.328906 0.095427 1.403533  -0.761000 2.412031 -1.377326
25  3.092916 -11.501293 14.207921  -1.634368 -2.689758 -0.012136
26  13.824293 -20.103218 10.765717  -1.570796 -0.000000 -1.570796
27  -1.843768 -8.254290 -9.392370  -0.051945 -0.000000 -1.570796
28  0.433020 -11.755867 -21.000002  -0.083842 -0.009362 3.131152
29  0.000000 13.479277 -0.000002  0.167696 0.000000 0.000000
30  0.000000 13.477240 0.000001  -0.083756 0.010203 0.009620
31  0.267270 3.664728 -1.953293  -0.106568 0.025893 0.137951
32  -0.000000 1.180357 -0.000001  -0.036623 0.007435 0.177465
33  -0.000002 0.817138 0.000001  0.004200 0.011559 -0.007420
34  0.249423 3.688543 -0.940890  -0.060580 0.013550 0.130737
35  0.000001 1.800635 -0.000001  0.004940 -0.002077 0.208495
36  -0.000001 1.243411 0.000002  0.006524 0.000040 0.064626
37  0.244726 3.701097 0.087732  0.005036 -0.002373 0.139323
38  -0.000000 1.766588 -0.000002  0.002490 0.003552 0.259702
39  -0.000000 1.189003 0.000001  -0.017590 0.001952 0.152464
40  0.277239 3.632249 1.274101  0.054558 -0.010184 0.144732
41  -0.000001 1.798490 -0.000003  0.036314 -0.010668 0.285912
42  -0.000001 1.235457 0.000001  -0.005152 -0.006816 0.068190
43  -0.315441 0.857301 0.755942  1.684115 -0.560091 -1.563926
44  -0.000000 2.265939 0.000000  -0.057905 0.032805 0.238898
45  0.000001 1.457813 0.000000  -0.029609 -0.046490 -0.034285
46  1.259681 3.818376 1.286945  0.054558 -0.010184 0.144732
47  1.226391 3.891695 0.090419  0.005036 -0.002373 0.139324
48  1.231623 3.875536 -0.958680  -0.060580 0.013550 0.130737
49  1.209919 3.994783 -2.003048  -0.106568 0.025893 0.137951
50  -0.328906 0.095430 1.403531  1.684115 -0.560091 -1.563926
51  0.152561 -38.616215 -21.000004  -0.000000 0.000000 3.141593
52  0.152561 -25.166061 -36.000004  -1.570796 -0.000000 1.570796
53  0.433020 -11.755867 -21.000002  -0.051945 0.000000 1.570796
54  -4.329531 -10.105828 -11.104449  0.922160 0.056606 -1.254200
55  10.000001 0.000002 -0.000000  -2.532184 -0.000000 -0.000000
56  29.620380 2.666871 0.000001  -0.000000 -0.000000 0.000000
57  3.664051 2.228524 -2.524773  1.570796 0.732815 -1.570796
58  3.490279 2.388512 1.331886  0.000000 1.570796 0.000000
time 9
0  0 0 0  0 0 0
1  0.000000 0.000000 0.000000  1.570796 -0.000000 0.000000
2  -1.843768 -8.254290 -9.392370  0.949897 -0.057518 -2.277406
3  0.000000 13.479277 -0.000000  0.854449 0.000000 -0.000000
4  0.000000 13.477239 0.000000  -0.666700 -0.556066 0.655157
5  -0.267268 3.664726 -1.953291  0.570287 -0.108989 -1.360402
6  0.000000 1.180354 -0.000000  -0.005541 -0.036957 -1.399219
7  -0.000001 0.817134 -0.000001  0.012298 -0.000007 -1.214275
8  -0.249421 3.688542 -0.940888  0.326191 -0.061560 -1.352632
9  -0.000002 1.800633 -0.000000  -0.000262 0.005352 -1.430231
10  -0.000001 1.243405 -0.000000  0.002269 0.006116 -1.286349
11  -0.244725 3.701096 0.087734  0.221244 0.005544 -1.361061
12  -0.000001 1.766586 -0.000001  0.004189 0.001125 -1.481425
13  -0.000000 1.189005 -0.000001  -0.004182 -0.017197 -1.374175
14  -0.277239 3.632248 1.274103  0.115075 0.054750 -1.366492
15  0.000001 1.798493 0.000002  0.002394 0.037772 -1.507786
16  0.000001 1.235451 -0.000001  -0.008167 -0.002510 -1.289887
17  0.315442 0.857299 0.755945  -0.761000 2.412031 -1.377326
18  -0.000001 2.265941 -0.000000  -0.016207 -0.064542 -1.048595
19  -0.000001 1.457813 0.000001  -0.051901 0.018546 -0.626230
20  -1.259680 3.818375 1.286947  0.115075 0.054750 -1.366492
21  -1.226390 3.891693 0.090421  0.221244 0.005544 -1.361061
22  -1.231622 3.875534 -0.958680  0.326191 -0.061560 -1.352632
23  -1.209918 3.994781 -2.003047  0.570288 -0.108989 -1.360402
24  0.328907 0.095428 1.403533  -0.761000 2.412031 -1.377325
25  2.646697 -10.267965 14.642242  -1.610459 -2.708849 0.092163
26  13.824293 -20.103218 10.765717  -1.570796 -0.000000 -1.570796
27  -1.843768 -8.254290 -9.392370  -0.051945 -0.000000 -1.570796
28  0.433020 -11.755867 -21.000002  -0.083842 -0.009362 3.131152
29  0.000000 13.479277 -0.000002  0.167696 0.000000 0.000000
30  0.000000 13.477240 0.000001  -0.083756 0.010203 0.009620
31  0.267270 3.664728 -1.953293  -0.106568 0.025893 0.137951
32  -0.000000 1.180357 -0.000001  -0.036623 0.007435 0.177465
33  -0.000002 0.817138 0.000001  0.004200 0.011559 -0.007420
34  0.249423 3.688543 -0.940890  -0.060580 0.013550 0.130737
35  0.000001 1.800635 -0.000001  0.004940 -0.002077 0.208495
36  -0.000001 1.243411 0.000002  0.006524 0.000040 0.064626
37  0.244726 3.701097 0.087732  0.005036 -0.002373 0.139323
38  -0.000000 1.766588 -0.000002  0.002490 0.003552 0.259702
39  -0.000000 1.189003 0.000001  -0.017590 0.001952 0.152464
40  0.277239 3.632249 1.274101  0.054558 -0.010184 0.144732
41  -0.000001 1.798490 -0.000003  0.036314 -0.010668 0.285912
42  -0.000001 1.235457 0.000001  -0.005152 -0.006816 0.068190
43  -0.315441 0.857301 0.755942  1.684115 -0.560091 -1.563926
44  -0.000000 2.265939 0.000000  -0.057905 0.032805 0.238898
45  0.000001 1.457813 0.000000  -0.029609 -0.046490 -0.034285
46  1.259681 3.818376 1.286945  0.054558 -0.010184 0.144732
47  1.226391 3.891695 0.090419  0.005036 -0.002373 0.139324
48  1.231623 3.875536 -0.958680  -0.060580 0.013550 0.130737
49  1.209919 3.994783 -2.003048  -0.106568 0.025893 0.137951
50  -0.328906 0.095430 1.403531  1.684115 -0.560091 -1.563926
51  0.152561 -38.616215 -21.000004  -0.000000 0.000000 3.141593
52  0.152561 -25.166061 -36.000004  -1.570796 -0.000000 1.570796
53  0.433020 -11.755867 -21.000002  -0.051945 0.000000 1.570796
54  -4.684380 -10.394261 -10.804036  1.025002 0.001969 -1.271158
55  9.999999 0.000001 0.000000  -2.280348 -0.000000 -0.000000
56  29.620378 2.666870 0.000001  0.000000 -0.000000 -0.000000
57  3.664050 2.228525 -2.524775  1.570796 0.732815 -1.570796
58  3.490278 2.388511 1.331885  0.000000 1.570796 0.000000
time 10
0  0 0 0  0 0 0
1  0.000000 0.000000 0.000000  1.570796 -0.000000 0.000000
2  -1.843768 -8.254290 -9.392370  1.018008 -0.083701 -2.304483
3  0.000002 13.479276 0.000000  0.820977 0.000000 -0.000000
4  0.000000 13.477240 -0.000002  -0.590004 -0.447944 0.555423
5  -0.267270 3.664725 -1.953292  0.570288 -0.108989 -1.360402
6  -0.000002 1.180357 -0.000001  -0.005540 -0.036957 -1.399219
7  0.000001 0.817136 -0.000000  0.012298 -0.000007 -1.214275
8  -0.249422 3.688540 -0.940889  0.326191 -0.061560 -1.352632
9  0.000002 1.800633 0.000001  -0.000262 0.005352 -1.430231
10  0.000001 1.243407 -0.000001  0.002269 0.006116 -1.286349
11  -0.244726 3.701095 0.087734  0.221244 0.005544 -1.361061
12  0.000000 1.766585 -0.000001  0.004189 0.001125 -1.481426
13  0.000000 1.189003 -0.000000  -0.004182 -0.017197 -1.374175
14  -0.277239 3.632246 1.274103  0.115075 0.054750 -1.366492
15  -0.000001 1.798494 -0.000001  0.002394 0.037772 -1.507786
16  0.000002 1.235452 0.000000  -0.008167 -0.002510 -1.289887
17  0.315441 0.857299 0.755944  -0.761000 2.412031 -1.377325
18  0.000000 2.265940 -0.000000  -0.016207 -0.064542 -1.048595
19  0.000000 1.457811 -0.000000  -0.051901 0.018546 -0.626230
20  -1.259681 3.818372 1.286946  0.115075 0.054750 -1.366492
21  -1.226390 3.891692 0.090419  0.221244 0.005544 -1.361061
22  -1.231623 3.875532 -0.958680  0.326191 -0.061560 -1.352632
23  -1.209918 3.994781 -2.003048  0.570287 -0.108989 -1.360402
24  0.328906 0.095427 1.403533  -0.761000 2.412031 -1.377325
25  2.129984 -9.082866 14.988485  -1.597098 -2.723143 0.199967
26  13.824293 -20.103218 10.765717  -1.570796 -0.000000 -1.570796
27  -1.843768 -8.254290 -9.392370  -0.051945 -0.000000 -1.570796
28  0.433020 -11.755867 -21.000002  -0.083842 -0.009362 3.131152
29  0.000000 13.479277 -0.000002  0.167696 0.000000 0.000000
30  0.000000 13.477240 0.000001  -0.083756 0.010203 0.009620
31  0.267270 3.664728 -1.953293  -0.106568 0.025893 0.137951
32  -0.000000 1.180357 -0.000001  -0.036623 0.007435 0.177465
33  -0.000002 0.817138 0.000001  0.004200 0.011559 -0.007420
34  0.249423 3.688543 -0.940890  -0.060580 0.013550 0.130737
35  0.000001 1.800635 -0.000001  0.004940 -0.002077 0.208495
36  -0.000001 1.243411 0.000002  0.006524 0.000040 0.064626
37  0.244726 3.701097 0.087732  0.005036 -0.002373 0.139323
38  -0.000000 1.766588 -0.000002  0.002490 0.003552 0.259702
39  -0.000000 1.189003 0.000001  -0.017590 0.001952 0.152464
40  0.277239 3.632249 1.274101  0.054558 -0.010184 0.144732
41  -0.000001 1.798490 -0.000003  0.036314 -0.010668 0.285912
42  -0.000001 1.235457 0.000001  -0.005152 -0.006816 0.068190
43  -0.315441 0.857301 0.755942  1.684115 -0.560091 -1.563926
44  -0.000000 2.265939 0.000000  -0.057905 0.032805 0.238898
45  0.000001 1.457813 0.000000  -0.029609 -0.046490 -0.034285
46  1.259681 3.818376 1.286945  0.054558 -0.010184 0.144732
47  1.226391 3.891695 0.090419  0.005036 -0.002373 0.139324
48  1.231623 3.875536 -0.958680  -0.060580 0.013550 0.130737
49  1.209919 3.994783 -2.003048  -0.106568 0.025893 0.137951
50  -0.328906 0.095430 1.403531  1.684115 -0.560091 -1.563926
51  0.152561 -38.616215 -21.000004  -0.000000 0.000000 3.141593
52  0.152561 -25.166061 -36.000004  -1.570796 -0.000000 1.570796
53  0.433020 -11.755867 -21.000002  -0.051945 0.000000 1.570796
54  -5.022699 -10.634744 -10.483372  1.130720 -0.040091 -1.289113
55  10.000001 0.000001 0.000001  -2.054377 -0.000000 -0.000000
56  29.620377 2.666870 0.000001  0.000000 -0.000000 -0.000000
57  3.664052 2.228526 -2.524773  1.570796 0.732815 -1.570796
58  3.490278 2.388511 1.331885  0.000000 1.570796 0.000000
time 11
0  0 0 0  0 0 0
1  0.000000 0.000000 0.000000  1.570796 -0.000000 0.000000
2  -1.843768 -8.254290 -9.392370  1.084967 -0.100385 -2.321828
3  0.000002 13.479276 0.000001  0.784332 0.000000 -0.000000
4  -0.000000 13.477239 0.000001  -0.537641 -0.346717 0.475812
5  -0.267269 3.664726 -1.953293  0.570288 -0.108989 -1.360402
6  -0.000000 1.180355 0.000000  -0.005540 -0.036957 -1.399219
7  -0.000001 0.817134 0.000001  0.012298 -0.000007 -1.214275
8  -0.249423 3.688540 -0.940888  0.326191 -0.061560 -1.352631
9  -0.000000 1.800634 0.000000  -0.000262 0.005352 -1.430231
10  0.000002 1.243407 0.000001  0.002269 0.006116 -1.286349
11  -0.244726 3.701095 0.087734  0.221244 0.005544 -1.361061
12  0.000000 1.766584 -0.000000  0.004189 0.001125 -1.481426
13  0.000000 1.189005 -0.000000  -0.004182 -0.017197 -1.374175
14  -0.277240 3.632246 1.274102  0.115075 0.054750 -1.366492
15  -0.000001 1.798495 0.000000  0.002394 0.037772 -1.507786
16  -0.000001 1.235452 0.000000  -0.008167 -0.002510 -1.289887
17  0.315441 0.857298 0.755944  -0.761000 2.412031 -1.377326
18  0.000001 2.265939 0.000000  -0.016207 -0.064542 -1.048595
19  -0.000000 1.457814 -0.000000  -0.051901 0.018546 -0.626230
20  -1.259681 3.818375 1.286946  0.115075 0.054750 -1.366492
21  -1.226391 3.891692 0.090420  0.221244 0.005544 -1.361061
22  -1.231623 3.875533 -0.958680  0.326191 -0.061560 -1.352632
23  -1.209919 3.994781 -2.003048  0.570287 -0.108989 -1.360402
24  0.328906 0.095427 1.403533  -0.761000 2.412031 -1.377326
25  1.555832 -8.027845 15.283057  -1.592434 -2.736580 0.306275
26  13.824293 -20.103218 10.765717  -1.570796 -0.000000 -1.570796
27  -1.843768 -8.254290 -9.392370  -0.051945 -0.000000 -1.570796
28  0.433020 -11.755867 -21.000002  -0.083842 -0.009362 3.131152
29  0.000000 13.479277 -0.000002  0.167696 0.000000 0.000000
30  0.000000 13.477240 0.000001  -0.083756 0.010203 0.009620
31  0.267270 3.664728 -1.953293  -0.106568 0.025893 0.137951
32  -0.000000 1.180357 -0.000001  -0.036623 0.007435 0.177465
33  -0.000002 0.817138 0.000001  0.004200 0.011559 -0.007420
34  0.249423 3.688543 -0.940890  -0.060580 0.013550 0.130737
35  0.000001 1.800635 -0.000001  0.004940 -0.002077 0.208495
36  -0.000001 1.243411 0.000002  0.006524 0.000040 0.064626
37  0.244726 3.701097 0.087732  0.005036 -0.002373 0.139323
38  -0.000000 1.766588 -0.000002  0.002490 0.003552 0.259702
39  -0.000000 1.189003 0.000001  -0.017590 0.001952 0.152464
40  0.277239 3.632249 1.274101  0.054558 -0.010184 0.144732
41  -0.000001 1.798490 -0.000003  0.036314 -0.010668 0.285912
42  -0.000001 1.235457 0.000001  -0.005152 -0.006816 0.068190
43  -0.315441 0.857301 0.755942  1.684115 -0.560091 -1.563926
44  -0.000000 2.265939 0.000000  -0.057905 0.032805 0.238898
45  0.000001 1.457813 0.000000  -0.029609 -0.046490 -0.034285
46  1.259681 3.818376 1.286945  0.054558 -0.010184 0.144732
47  1.226391 3.891695 0.090419  0.005036 -0.002373 0.139324
48  1.231623 3.875536 -0.958680  -0.060580 0.013550 0.130737
49  1.209919 3.994783 -2.003048  -0.106568 0.025893 0.137951
50  -0.328906 0.095430 1.403531  1.684115 -0.560091 -1.563926
51  0.152561 -38.616215 -21.000004  -0.000000 0.000000 3.141593
52  0.152561 -25.166061 -36.000004  -1.570796 -0.000000 1.570796
53  0.433020 -11.755867 -21.000002  -0.051945 0.000000 1.570796
54  -5.341759 -10.831634 -10.192441  1.234868 -0.069900 -1.308944
55  10.000004 0.000001 -0.000000  -1.850137 -0.000000 -0.000000
56  29.620380 2.666870 -0.000000  0.000000 -0.000000 -0.000000
57  3.664052 2.228525 -2.524774  1.570796 0.732815 -1.570796
58  3.490279 2.388510 1.331885  0.000000 1.570796 0.000000
time 12
0  0 0 0  0 0 0
1  0.000000 0.000000 0.000000  1.570796 -0.000000 0.000000
2  -1.843768 -8.254290 -9.392370  1.149204 -0.107806 -2.329571
3  0.000002 13.479277 -0.000000  0.740935 0.000000 -0.000000
4  0.000000 13.477240 0.000000  -0.499131 -0.260241 0.410687
5  -0.267270 3.664727 -1.953293  0.570288 -0.108989 -1.360402
6  0.000001 1.180356 0.000001  -0.005540 -0.036957 -1.399219
7  0.000000 0.817136 -0.000000  0.012298 -0.000007 -1.214275
8  -0.249422 3.688543 -0.940889  0.326191 -0.061560 -1.352632
9  0.000000 1.800632 0.000001  -0.000262 0.005352 -1.430231
10  0.000000 1.243407 0.000000  0.002269 0.006116 -1.286349
11  -0.244726 3.701097 0.087733  0.221244 0.005544 -1.361061
12  -0.000001 1.766585 -0.000000  0.004189 0.001125 -1.481426
13  0.000001 1.189003 0.000000  -0.004182 -0.017197 -1.374176
14  -0.277239 3.632249 1.274102  0.115075 0.054750 -1.366492
15  0.000001 1.798494 0.000000  0.002394 0.037772 -1.507786
16  -0.000002 1.235451 -0.000001  -0.008167 -0.002510 -1.289887
17  0.315441 0.857301 0.755944  -0.761000 2.412031 -1.377325
18  -0.000000 2.265938 0.000000  -0.016207 -0.064542 -1.048595
19  0.000001 1.457810 0.000001  -0.051901 0.018546 -0.626230
20  -1.259681 3.818376 1.286946  0.115075 0.054750 -1.366492
21  -1.226390 3.891694 0.090419  0.221244 0.005544 -1.361061
22  -1.231623 3.875535 -0.958681  0.326191 -0.061560 -1.352632
23  -1.209919 3.994782 -2.003048  0.570288 -0.108989 -1.360402
24  0.328906 0.095429 1.403533  -0.761000 2.412031 -1.377326
25  0.946368 -7.178895 15.556513  1.547611 -0.388910 -2.735544
26  13.824293 -20.103218 10.765717  -1.570796 -0.000000 -1.570796
27  -1.843768 -8.254290 -9.392370  -0.051945 -0.000000 -1.570796
28  0.433020 -11.755867 -21.000002  -0.083842 -0.009362 3.131152
29  0.000000 13.479277 -0.000002  0.167696 0.000000 0.000000
30  0.000000 13.477240 0.000001  -0.083756 0.010203 0.009620
31  0.267270 3.664728 -1.953293  -0.106568 0.025893 0.137951
32  -0.000000 1.180357 -0.000001  -0.036623 0.007435 0.177465
33  -0.000002 0.817138 0.000001  0.004200 0.011559 -0.007420
34  0.249423 3.688543 -0.940890  -0.060580 0.013550 0.130737
35  0.000001 1.800635 -0.000001  0.004940 -0.002077 0.208495
36  -0.000001 1.243411 0.000002  0.006524 0.000040 0.064626
37  0.244726 3.701097 0.087732  0.005036 -0.002373 0.139323
38  -0.000000 1.766588 -0.000002  0.002490 0.003552 0.259702
39  -0.000000 1.189003 0.000001  -0.017590 0.001952 0.152464
40  0.277239 3.632249 1.274101  0.054558 -0.010184 0.144732
41  -0.000001 1.798490 -0.000003  0.036314 -0.010668 0.285912
42  -0.000001 1.235457 0.000001  -0.005152 -0.006816 0.068190
43  -0.315441 0.857301 0.755942  1.684115 -0.560091 -1.563926
44  -0.000000 2.265939 0.000000  -0.057905 0.032805 0.238898
45  0.000001 1.457813 0.000000  -0.029609 -0.046490 -0.034285
46  1.259681 3.818376 1.286945  0.054558 -0.010184 0.144732
47  1.226391 3.891695 0.090419  0.005036 -0.002373 0.139324
48  1.231623 3.875536 -0.958680  -0.060580 0.013550 0.130737
49  1.209919 3.994783 -2.003048  -0.106568 0.025893 0.137951
50  -0.328906 0.095430 1.403531  1.684115 -0.560091 -1.563926
51  0.152561 -38.616215 -21.000004  -0.000000 0.000000 3.141593
52  0.152561 -25.166061 -36.000004  -1.570796 -0.000000 1.570796
53  0.433020 -11.755867 -21.000002  -0.051945 0.000000 1.570796
54  -5.638828 -10.989291 -9.981227  1.332969 -0.087778 -1.331289
55  10.000001 0.000002 0.000000  -1.664486 -0.000000 -0.000000
56  29.620378 2.666871 0.000000  0.000000 0.000000 -0.000000
57  3.664051 2.228526 -2.524773  1.570796 0.732815 -1.570796
58  3.490279 2.388511 1.331885  0.000000 1.570796 0.000000
time 13
0  0 0 0  0 0 0
1  0.000000 0.000000 0.000000  1.570796 -0.000000 0.000000
2  -1.843768 -8.254290 -9.392370  1.208553 -0.106280 -2.327978
3  0.000001 13.479278 -0.000000  0.689218 -0.000000 -0.000000
4  0.000000 13.477239 -0.000001  -0.466536 -0.194234 0.357531
5  -0.267270 3.664726 -1.953293  0.570288 -0.108989 -1.360402
6  -0.000000 1.180357 0.000001  -0.005540 -0.036957 -1.399219
7  -0.000000 0.817136 0.000001  0.012298 -0.000007 -1.214275
8  -0.249423 3.688543 -0.940889  0.326191 -0.061560 -1.352632
9  -0.000000 1.800632 -0.000000  -0.000262 0.005352 -1.430231
10  0.000002 1.243408 -0.000000  0.002269 0.006116 -1.286349
11  -0.244726 3.701097 0.087734  0.221244 0.005544 -1.361062
12  0.000000 1.766585 0.000000  0.004189 0.001125 -1.481426
13  -0.000001 1.189003 -0.000001  -0.004182 -0.017197 -1.374176
14  -0.277239 3.632248 1.274102  0.115075 0.054750 -1.366492
15  0.000001 1.798496 -0.000000  0.002394 0.037772 -1.507785
16  -0.000002 1.235452 0.000000  -0.008167 -0.002510 -1.289887
17  0.315441 0.857300 0.755944  -0.761000 2.412031 -1.377325
18  -0.000001 2.265941 0.000001  -0.016207 -0.064542 -1.048595
19  0.000000 1.457813 0.000001  -0.051901 0.018546 -0.626230
20  -1.259682 3.818376 1.286946  0.115075 0.054750 -1.366492
21  -1.226392 3.891693 0.090420  0.221244 0.005544 -1.361061
22  -1.231623 3.875535 -0.958680  0.326191 -0.061560 -1.352632
23  -1.209919 3.994782 -2.003048  0.570288 -0.108989 -1.360402
24  0.328906 0.095429 1.403533  -0.761000 2.412031 -1.377326
25  0.330262 -6.606350 15.831775  1.542651 -0.367426 -2.647420
26  13.824293 -20.103218 10.765717  -1.570796 -0.000000 -1.570796
27  -1.843768 -8.254290 -9.392370  -0.051945 -0.000000 -1.570796
28  0.433020 -11.755867 -21.000002  -0.083842 -0.009362 3.131152
29  0.000000 13.479277 -0.000002  0.167696 0.000000 0.000000
30  0.000000 13.477240 0.000001  -0.083756 0.010203 0.009620
31  0.267270 3.664728 -1.953293  -0.106568 0.025893 0.137951
32  -0.000000 1.180357 -0.000001  -0.036623 0.007435 0.177465
33  -0.000002 0.817138 0.000001  0.004200 0.011559 -0.007420
34  0.249423 3.688543 -0.940890  -0.060580 0.013550 0.130737
35  0.000001 1.800635 -0.000001  0.004940 -0.002077 0.208495
36  -0.000001 1.243411 0.000002  0.006524 0.000040 0.064626
37  0.244726 3.701097 0.087732  0.005036 -0.002373 0.139323
38  -0.000000 1.766588 -0.000002  0.002490 0.003552 0.259702
39  -0.000000 1.189003 0.000001  -0.017590 0.001952 0.152464
40  0.277239 3.632249 1.274101  0.054558 -0.010184 0.144732
41  -0.000001 1.798490 -0.000003  0.036314 -0.010668 0.285912
42  -0.000001 1.235457 0.000001  -0.005152 -0.006816 0.068190
43  -0.315441 0.857301 0.755942  1.684115 -0.560091 -1.563926
44  -0.000000 2.265939 0.000000  -0.057905 0.032805 0.238898
45  0.000001 1.457813 0.000000  -0.029609 -0.046490 -0.034285
46  1.259681 3.818376 1.286945  0.054558 -0.010184 0.144732
47  1.226391 3.891695 0.090419  0.005036 -0.002373 0.139324
48  1.231623 3.875536 -0.958680  -0.060580 0.013550 0.130737
49  1.209919 3.994783 -2.003048  -0.106568 0.025893 0.137951
50  -0.328906 0.095430 1.403531  1.684115 -0.560091 -1.563926
51  0.152561 -38.616215 -21.000004  -0.000000 0.000000 3.141593
52  0.152561 -25.166061 -36.000004  -1.570796 -0.000000 1.570796
53  0.433020 -11.755867 -21.000002  -0.051945 0.000000 1.570796
54  -5.911175 -11.112075 -9.899715  1.420445 -0.094034 -1.356590
55  10.000001 0.000001 -0.000001  -1.494973 -0.000000 -0.000000
56  29.620378 2.666871 0.000001  0.000000 -0.000000 0.000000
57  3.664051 2.228526 -2.524774  1.570796 0.732815 -1.570796
58  3.490279 2.388511 1.331885  0.000000 1.570796 0.000000
time 14
0  0 0 0  0 0 0
1  0.000000 0.000000 0.000000  1.570796 -0.000000 0.000000
2  -1.843768 -8.254290 -9.392370  1.262468 -0.098419 -2.319780
3  0.000002 13.479276 0.000000  0.630824 0.000000 -0.000000
4  0.000000 13.477239 -0.000000  -0.434074 -0.150037 0.315049
5  -0.267269 3.664726 -1.953292  0.570288 -0.108989 -1.360402
6  0.000002 1.180354 -0.000000  -0.005540 -0.036957 -1.399219
7  -0.000002 0.817134 0.000000  0.012298 -0.000007 -1.214275
8  -0.249422 3.688543 -0.940888  0.326191 -0.061560 -1.352632
9  0.000001 1.800631 -0.000001  -0.000262 0.005352 -1.430231
10  0.000002 1.243407 0.000001  0.002269 0.006116 -1.286349
11  -0.244726 3.701096 0.087733  0.221244 0.005544 -1.361062
12  0.000001 1.766585 -0.000001  0.004189 0.001125 -1.481426
13  0.000000 1.189003 -0.000001  -0.004182 -0.017197 -1.374176
14  -0.277239 3.632249 1.274103  0.115075 0.054751 -1.366492
15  0.000001 1.798494 -0.000000  0.002394 0.037772 -1.507786
16  0.000001 1.235451 0.000000  -0.008167 -0.002510 -1.289887
17  0.315441 0.857301 0.755944  -0.761000 2.412031 -1.377325
18  0.000000 2.265941 -0.000001  -0.016207 -0.064542 -1.048595
19  0.000000 1.457811 0.000000  -0.051901 0.018546 -0.626230
20  -1.259682 3.818374 1.286946  0.115075 0.054750 -1.366492
21  -1.226390 3.891694 0.090420  0.221244 0.005544 -1.361061
22  -1.231623 3.875535 -0.958680  0.326191 -0.061560 -1.352632
23  -1.209919 3.994781 -2.003047  0.570288 -0.108989 -1.360402
24  0.328906 0.095428 1.403533  -0.761000 2.412031 -1.377325
25  -0.261762 -6.287072 16.108801  1.539650 -0.340980 -2.576040
26  13.824293 -20.103218 10.765717  -1.570796 -0.000000 -1.570796
27  -1.843768 -8.254290 -9.392370  -0.051945 -0.000000 -1.570796
28  0.433020 -11.755867 -21.000002  -0.083842 -0.009362 3.131152
29  0.000000 13.479277 -0.000002  0.167696 0.000000 0.000000
30  0.000000 13.477240 0.000001  -0.083756 0.010203 0.009620
31  0.267270 3.664728 -1.953293  -0.106568 0.025893 0.137951
32  -0.000000 1.180357 -0.000001  -0.036623 0.007435 0.177465
33  -0.000002 0.817138 0.000001  0.004200 0.011559 -0.007420
34  0.249423 3.688543 -0.940890  -0.060580 0.013550 0.130737
35  0.000001 1.800635 -0.000001  0.004940 -0.002077 0.208495
36  -0.000001 1.243411 0.000002  0.006524 0.000040 0.064626
37  0.244726 3.701097 0.087732  0.005036 -0.002373 0.139323
38  -0.000000 1.766588 -0.000002  0.002490 0.003552 0.259702
39  -0.000000 1.189003 0.000001  -0.017590 0.001952 0.152464
40  0.277239 3.632249 1.274101  0.054558 -0.010184 0.144732
41  -0.000001 1.798490 -0.000003  0.036314 -0.010668 0.285912
42  -0.000001 1.235457 0.000001  -0.005152 -0.006816 0.068190
43  -0.315441 0.857301 0.755942  1.684115 -0.560091 -1.563926
44  -0.000000 2.265939 0.000000  -0.057905 0.032805 0.238898
45  0.000001 1.457813 0.000000  -0.029609 -0.046490 -0.034285
46  1.259681 3.818376 1.286945  0.054558 -0.010184 0.144732
47  1.226391 3.891695 0.090419  0.005036 -0.002373 0.139324
48  1.231623 3.875536 -0.958680  -0.060580 0.013550 0.130737
49  1.209919 3.994783 -2.003048  -0.106568 0.025893 0.137951
50  -0.328906 0.095430 1.403531  1.684115 -0.560091 -1.563926
51  0.152561 -38.616215 -21.000004  -0.000000 0.000000 3.141593
52  0.152561 -25.166061 -36.000004  -1.570796 -0.000000 1.570796
53  0.433020 -11.755867 -21.000002  -0.051945 0.000000 1.570796
54  -6.156070 -11.204345 -9.931360  1.492830 -0.092532 -1.384746
55  10.000002 0.000001 -0.000000  -1.339642 -0.000000 -0.000000
56  29.620375 2.666870 0.000001  -0.000000 -0.000000 -0.000000
57  3.664052 2.228526 -2.524773  1.570796 0.732815 -1.570796
58  3.490279 2.388510 1.331885  0.000000 1.570796 0.000000
time 15
0  0 0 0  0 0 0
1  0.000000 0.000000 0.000000  1.570796 -0.000000 0.000000
2  -1.843768 -8.254290 -9.392370  1.311726 -0.087980 -2.308924
3  0.000001 13.479278 0.000000  0.569510 0.000000 -0.000000
4  0.000000 13.477242 -0.000000  -0.400052 -0.123003 0.281017
5  -0.267270 3.664728 -1.953293  0.570288 -0.108989 -1.360402
6  0.000001 1.180354 -0.000000  -0.005540 -0.036957 -1.399219
7  -0.000000 0.817134 0.000000  0.012298 -0.000007 -1.214275
8  -0.249424 3.688543 -0.940889  0.326191 -0.061559 -1.352632
9  0.000001 1.800634 0.000001  -0.000262 0.005352 -1.430232
10  0.000000 1.243406 0.000001  0.002269 0.006116 -1.286349
11  -0.244727 3.701096 0.087733  0.221244 0.005544 -1.361062
12  -0.000001 1.766584 -0.000000  0.004189 0.001125 -1.481426
13  -0.000000 1.189005 0.000001  -0.004182 -0.017197 -1.374175
14  -0.277239 3.632250 1.274102  0.115075 0.054751 -1.366492
15  0.000003 1.798494 0.000000  0.002394 0.037772 -1.507786
16  -0.000002 1.235451 0.000000  -0.008167 -0.002510 -1.289887
17  0.315440 0.857301 0.755944  -0.760999 2.412031 -1.377325
18  -0.000001 2.265939 -0.000000  -0.016207 -0.064542 -1.048595
19  0.000000 1.457812 0.000000  -0.051901 0.018546 -0.626230
20  -1.259682 3.818376 1.286945  0.115075 0.054750 -1.366492
21  -1.226392 3.891691 0.090419  0.221244 0.005544 -1.361061
22  -1.231624 3.875535 -0.958680  0.326191 -0.061560 -1.352632
23  -1.209920 3.994781 -2.003048  0.570287 -0.108989 -1.360402
24  0.328905 0.095429 1.403532  -0.761000 2.412031 -1.377325
25  -0.805703 -6.126626 16.369833  1.541349 -0.312579 -2.521662
26  13.824293 -20.103218 10.765717  -1.570796 -0.000000 -1.570796
27  -1.843768 -8.254290 -9.392370  -0.051945 -0.000000 -1.570796
28  0.433020 -11.755867 -21.000002  -0.083842 -0.009362 3.131152
29  0.000000 13.479277 -0.000002  0.167696 0.000000 0.000000
30  0.000000 13.477240 0.000001  -0.083756 0.010203 0.009620
31  0.267270 3.664728 -1.953293  -0.106568 0.025893 0.137951
32  -0.000000 1.180357 -0.000001  -0.036623 0.007435 0.177465
33  -0.000002 0.817138 0.000001  0.004200 0.011559 -0.007420
34  0.249423 3.688543 -0.940890  -0.060580 0.013550 0.130737
35  0.000001 1.800635 -0.000001  0.004940 -0.002077 0.208495
36  -0.000001 1.243411 0.000002  0.006524 0.000040 0.064626
37  0.244726 3.701097 0.087732  0.005036 -0.002373 0.139323
38  -0.000000 1.766588 -0.000002  0.002490 0.003552 0.259702
39  -0.000000 1.189003 0.000001  -0.017590 0.001952 0.152464
40  0.277239 3.632249 1.274101  0.054558 -0.010184 0.144732
41  -0.000001 1.798490 -0.000003  0.036314 -0.010668 0.285912
42  -0.000001 1.235457 0.000001  -0.005152 -0.006816 0.068190
43  -0.315441 0.857301 0.755942  1.684115 -0.560091 -1.563926
44  -0.000000 2.265939 0.000000  -0.057905 0.032805 0.238898
45  0.000001 1.457813 0.000000  -0.029609 -0.046490 -0.034285
46  1.259681 3.818376 1.286945  0.054558 -0.010184 0.144732
47  1.226391 3.891695 0.090419  0.005036 -0.002373 0.139324
48  1.231623 3.875536 -0.958680  -0.060580 0.013550 0.130737
49  1.209919 3.994783 -2.003048  -0.106568 0.025893 0.137951
50  -0.328906 0.095430 1.403531  1.684115 -0.560091 -1.563926
51  0.152561 -38.616215 -21.000004  -0.000000 0.000000 3.141593
52  0.152561 -25.166061 -36.000004  -1.570796 -0.000000 1.570796
53  0.433020 -11.755867 -21.000002  -0.051945 0.000000 1.570796
54  -6.370781 -11.270459 -10.012973  1.549651 -0.087571 -1.414322
55  10.000000 0.000001 0.000000  -1.196903 -0.000000 -0.000000
56  29.620378 2.666869 0.000001  -0.000000 -0.000000 -0.000000
57  3.664052 2.228524 -2.524773  1.570796 0.732815 -1.570796
58  3.490279 2.388510 1.331886  -0.000000 1.570796 0.000000
time 16
0  0 0 0  0 0 0
1  0.000000 0.000000 0.000000  1.570796 -0.000000 0.000000
2  -1.843768 -8.254290 -9.392370  1.356547 -0.076526 -2.297048
3  0.000001 13.479277 -0.000001  0.506867 0.000000 -0.000000
4  0.000000 13.477239 -0.000000  -0.364613 -0.109534 0.253546
5  -0.267269 3.664725 -1.953293  0.570288 -0.108989 -1.360402
6  -0.000001 1.180355 0.000001  -0.005540 -0.036957 -1.399219
7  0.000001 0.817136 0.000000  0.012298 -0.000007 -1.214276
8  -0.249422 3.688541 -0.940889  0.326191 -0.061559 -1.352632
9  -0.000001 1.800633 -0.000001  -0.000262 0.005352 -1.430231
10  -0.000000 1.243406 0.000000  0.002269 0.006116 -1.286349
11  -0.244726 3.701097 0.087733  0.221244 0.005544 -1.361061
12  0.000001 1.766586 0.000000  0.004189 0.001125 -1.481426
13  -0.000001 1.189005 -0.000000  -0.004182 -0.017197 -1.374176
14  -0.277238 3.632250 1.274102  0.115075 0.054750 -1.366492
15  0.000001 1.798494 0.000000  0.002394 0.037772 -1.507786
16  0.000001 1.235451 0.000001  -0.008167 -0.002510 -1.289887
17  0.315442 0.857300 0.755944  -0.761000 2.412031 -1.377326
18  0.000002 2.265941 -0.000000  -0.016207 -0.064542 -1.048595
19  0.000001 1.457812 0.000000  -0.051901 0.018546 -0.626230
20  -1.259681 3.818376 1.286946  0.115075 0.054750 -1.366492
21  -1.226390 3.891696 0.090419  0.221244 0.005544 -1.361061
22  -1.231622 3.875534 -0.958680  0.326191 -0.061560 -1.352632
23  -1.209918 3.994782 -2.003048  0.570288 -0.108989 -1.360402
24  0.328907 0.095430 1.403533  -0.761000 2.412031 -1.377325
25  -1.283874 -6.085318 16.606529  1.546214 -0.283961 -2.482059
26  13.824293 -20.103218 10.765717  -1.570796 -0.000000 -1.570796
27  -1.843768 -8.254290 -9.392370  -0.051945 -0.000000 -1.570796
28  0.433020 -11.755867 -21.000002  -0.083842 -0.009362 3.131152
29  0.000000 13.479277 -0.000002  0.167696 0.000000 0.000000
30  0.000000 13.477240 0.000001  -0.083756 0.010203 0.009620
31  0.267270 3.664728 -1.953293  -0.106568 0.025893 0.137951
32  -0.000000 1.180357 -0.000001  -0.036623 0.007435 0.177465
33  -0.000002 0.817138 0.000001  0.004200 0.011559 -0.007420
34  0.249423 3.688543 -0.940890  -0.060580 0.013550 0.130737
35  0.000001 1.800635 -0.000001  0.004940 -0.002077 0.208495
36  -0.000001 1.243411 0.000002  0.006524 0.000040 0.064626
37  0.244726 3.701097 0.087732  0.005036 -0.002373 0.139323
38  -0.000000 1.766588 -0.000002  0.002490 0.003552 0.259702
39  -0.000000 1.189003 0.000001  -0.017590 0.001952 0.152464
40  0.277239 3.632249 1.274101  0.054558 -0.010184 0.144732
41  -0.000001 1.798490 -0.000003  0.036314 -0.010668 0.285912
42  -0.000001 1.235457 0.000001  -0.005152 -0.006816 0.068190
43  -0.315441 0.857301 0.755942  1.684115 -0.560091 -1.563926
44  -0.000000 2.265939 0.000000  -0.057905 0.032805 0.238898
45  0.000001 1.457813 0.000000  -0.029609 -0.046490 -0.034285
46  1.259681 3.818376 1.286945  0.054558 -0.010184 0.144732
47  1.226391 3.891695 0.090419  0.005036 -0.002373 0.139324
48  1.231623 3.875536 -0.958680  -0.060580 0.013550 0.130737
49  1.209919 3.994783 -2.003048  -0.106568 0.025893 0.137951
50  -0.328906 0.095430 1.403531  1.684115 -0.560091 -1.563926
51  0.152561 -38.616215 -21.000004  -0.000000 0.000000 3.141593
52  0.152561 -25.166061 -36.000004  -1.570796 -0.000000 1.570796
53  0.433020 -11.755867 -21.000002  -0.051945 0.000000 1.570796
54  -6.552577 -11.314777 -10.124565  1.592306 -0.080148 -1.443637
55  10.000001 0.000001 -0.000000  -1.065446 -0.000000 -0.000000
56  29.620382 2.666870 0.000001  0.000000 -0.000000 0.000000
57  3.664052 2.228526 -2.524773  1.570796 0.732815 -1.570796
58  3.490278 2.388510 1.331886  -0.000000 1.570796 0.000000
time 17
0  0 0 0  0 0 0
1  0.000000 0.000000 0.000000  1.570796 -0.000000 0.000000
2  -1.843768 -8.254290 -9.392370  1.396745 -0.065328 -2.285467
3  0.000002 13.479277 0.000000  0.445100 -0.000000 -0.000000
4  0.000000 13.477242 -0.000001  -0.328973 -0.106246 0.231207
5  -0.267269 3.664726 -1.953293  0.570288 -0.108989 -1.360402
6  0.000001 1.180355 -0.000001  -0.005540 -0.036957 -1.399219
7  0.000001 0.817136 -0.000001  0.012298 -0.000007 -1.214275
8  -0.249422 3.688543 -0.940889  0.326191 -0.061559 -1.352632
9  0.000001 1.800632 0.000001  -0.000262 0.005352 -1.430232
10  -0.000000 1.243407 -0.000001  0.002269 0.006116 -1.286349
11  -0.244725 3.701098 0.087733  0.221244 0.005544 -1.361062
12  0.000003 1.766585 -0.000001  0.004189 0.001125 -1.481426
13  0.000001 1.189005 0.000000  -0.004182 -0.017197 -1.374176
14  -0.277239 3.632249 1.274102  0.115074 0.054750 -1.366492
15  0.000000 1.798493 0.000000  0.002394 0.037772 -1.507786
16  -0.000001 1.235451 0.000000  -0.008167 -0.002510 -1.289887
17  0.315442 0.857302 0.755944  -0.761000 2.412031 -1.377325
18  0.000002 2.265940 0.000000  -0.016207 -0.064542 -1.048595
19  -0.000000 1.457810 -0.000001  -0.051901 0.018546 -0.626230
20  -1.259681 3.818375 1.286946  0.115074 0.054750 -1.366492
21  -1.226390 3.891694 0.090419  0.221244 0.005544 -1.361061
22  -1.231623 3.875535 -0.958680  0.326191 -0.061560 -1.352632
23  -1.209919 3.994782 -2.003048  0.570288 -0.108989 -1.360402
24  0.328907 0.095430 1.403533  -0.761000 2.412031 -1.377326
25  -1.682619 -6.124409 16.812243  1.552591 -0.256738 -2.454990
26  13.824293 -20.103218 10.765717  -1.570796 -0.000000 -1.570796
27  -1.843768 -8.254290 -9.392370  -0.051945 -0.000000 -1.570796
28  0.433020 -11.755867 -21.000002  -0.083842 -0.009362 3.131152
29  0.000000 13.479277 -0.000002  0.167696 0.000000 0.000000
30  0.000000 13.477240 0.000001  -0.083756 0.010203 0.009620
31  0.267270 3.664728 -1.953293  -0.106568 0.025893 0.137951
32  -0.000000 1.180357 -0.000001  -0.036623 0.007435 0.177465
33  -0.000002 0.817138 0.000001  0.004200 0.011559 -0.007420
34  0.249423 3.688543 -0.940890  -0.060580 0.013550 0.130737
35  0.000001 1.800635 -0.000001  0.004940 -0.002077 0.208495
36  -0.000001 1.243411 0.000002  0.006524 0.000040 0.064626
37  0.244726 3.701097 0.087732  0.005036 -0.002373 0.139323
38  -0.000000 1.766588 -0.000002  0.002490 0.003552 0.259702
39  -0.000000 1.189003 0.000001  -0.017590 0.001952 0.152464
40  0.277239 3.632249 1.274101  0.054558 -0.010184 0.144732
41  -0.000001 1.798490 -0.000003  0.036314 -0.010668 0.285912
42  -0.000001 1.235457 0.000001  -0.005152 -0.006816 0.068190
43  -0.315441 0.857301 0.755942  1.684115 -0.560091 -1.563926
44  -0.000000 2.265939 0.000000  -0.057905 0.032805 0.238898
45  0.000001 1.457813 0.000000  -0.029609 -0.046490 -0.034285
46  1.259681 3.818376 1.286945  0.054558 -0.010184 0.144732
47  1.226391 3.891695 0.090419  0.005036 -0.002373 0.139324
48  1.231623 3.875536 -0.958680  -0.060580 0.013550 0.130737
49  1.209919 3.994783 -2.003048  -0.106568 0.025893 0.137951
50  -0.328906 0.095430 1.403531  1.684115 -0.560091 -1.563926
51  0.152561 -38.616215 -21.000004  -0.000000 0.000000 3.141593
52  0.152561 -25.166061 -36.000004  -1.570796 -0.000000 1.570796
53  0.433020 -11.755867 -21.000002  -0.051945 0.000000 1.570796
54  -6.698729 -11.341660 -10.246150  1.622354 -0.071318 -1.471030
55  10.000001 0.000002 -0.000000  -0.944175 -0.000000 -0.000000
56  29.620382 2.666870 0.000001  0.000000 0.000000 -0.000000
57  3.664052 2.228526 -2.524774  1.570796 0.732815 -1.570796
58  3.490278 2.388511 1.331885  0.000000 1.570796 0.000000
time 18
0  0 0 0  0 0 0
1  0.000000 0.000000 0.000000  1.570796 -0.000000 0.000000
2  -1.843768 -8.254290 -9.392370  1.431821 -0.055496 -2.275321
3  0.000001 13.479277 0.000000  0.386818 -0.000000 -0.000000
4  0.000000 13.477240 -0.000000  -0.294988 -0.109873 0.213002
5  -0.267270 3.664726 -1.953292  0.570288 -0.108989 -1.360402
6  0.000002 1.180355 -0.000001  -0.005540 -0.036957 -1.399219
7  0.000000 0.817138 -0.000000  0.012298 -0.000007 -1.214276
8  -0.249423 3.688542 -0.940888  0.326191 -0.061560 -1.352632
9  0.000000 1.800633 -0.000000  -0.000262 0.005352 -1.430231
10  0.000000 1.243407 0.000001  0.002269 0.006116 -1.286349
11  -0.244726 3.701096 0.087734  0.221244 0.005544 -1.361061
12  -0.000002 1.766585 0.000001  0.004189 0.001125 -1.481426
13  -0.000000 1.189004 0.000000  -0.004182 -0.017197 -1.374175
14  -0.277239 3.632247 1.274102  0.115075 0.054750 -1.366492
15  -0.000000 1.798492 -0.000001  0.002394 0.037772 -1.507786
16  0.000001 1.235452 -0.000000  -0.008167 -0.002510 -1.289887
17  0.315441 0.857302 0.755945  -0.761000 2.412031 -1.377326
18  -0.000000 2.265939 -0.000001  -0.016207 -0.064542 -1.048595
19  0.000000 1.457812 0.000000  -0.051901 0.018546 -0.626230
20  -1.259681 3.818374 1.286946  0.115075 0.054750 -1.366492
21  -1.226391 3.891692 0.090420  0.221244 0.005544 -1.361061
22  -1.231624 3.875533 -0.958680  0.326191 -0.061560 -1.352632
23  -1.209920 3.994782 -2.003047  0.570288 -0.108989 -1.360402
24  0.328906 0.095429 1.403533  -0.761000 2.412031 -1.377325
25  -1.991127 -6.206054 16.981565  1.558932 -0.232505 -2.438253
26  13.824293 -20.103218 10.765717  -1.570796 -0.000000 -1.570796
27  -1.843768 -8.254290 -9.392370  -0.051945 -0.000000 -1.570796
28  0.433020 -11.755867 -21.000002  -0.083842 -0.009362 3.131152
29  0.000000 13.479277 -0.000002  0.167696 0.000000 0.000000
30  0.000000 13.477240 0.000001  -0.083756 0.010203 0.009620
31  0.267270 3.664728 -1.953293  -0.106568 0.025893 0.137951
32  -0.000000 1.180357 -0.000001  -0.036623 0.007435 0.177465
33  -0.000002 0.817138 0.000001  0.004200 0.011559 -0.007420
34  0.249423 3.688543 -0.940890  -0.060580 0.013550 0.130737
35  0.000001 1.800635 -0.000001  0.004940 -0.002077 0.208495
36  -0.000001 1.243411 0.000002  0.006524 0.000040 0.064626
37  0.244726 3.701097 0.087732  0.005036 -0.002373 0.139323
38  -0.000000 1.766588 -0.000002  0.002490 0.003552 0.259702
39  -0.000000 1.189003 0.000001  -0.017590 0.001952 0.152464
40  0.277239 3.632249 1.274101  0.054558 -0.010184 0.144732
41  -0.000001 1.798490 -0.000003  0.036314 -0.010668 0.285912
42  -0.000001 1.235457 0.000001  -0.005152 -0.006816 0.068190
43  -0.315441 0.857301 0.755942  1.684115 -0.560091 -1.563926
44  -0.000000 2.265939 0.000000  -0.057905 0.032805 0.238898
45  0.000001 1.457813 0.000000  -0.029609 -0.046490 -0.034285
46  1.259681 3.818376 1.286945  0.054558 -0.010184 0.144732
47  1.226391 3.891695 0.090419  0.005036 -0.002373 0.139324
48  1.231623 3.875536 -0.958680  -0.060580 0.013550 0.130737
49  1.209919 3.994783 -2.003048  -0.106568 0.025893 0.137951
50  -0.328906 0.095430 1.403531  1.684115 -0.560091 -1.563926
51  0.152561 -38.616215 -21.000004  -0.000000 0.000000 3.141593
52  0.152561 -25.166061 -36.000004  -1.570796 -0.000000 1.570796
53  0.433020 -11.755867 -21.000002  -0.051945 0.000000 1.570796
54  -6.806503 -11.355464 -10.357742  1.641545 -0.062170 -1.494863
55  10.000001 0.000001 0.000000  -0.832160 -0.000000 -0.000000
56  29.620380 2.666869 0.000000  0.000000 -0.000000 0.000000
57  3.664052 2.228524 -2.524774  1.570796 0.732815 -1.570796
58  3.490279 2.388510 1.331886  -0.000000 1.570796 0.000000
time 19
0  0 0 0  0 0 0
1  0.000000 0.000000 0.000000  1.570796 -0.000000 0.000000
2  -1.843768 -8.254290 -9.392370  1.460492 -0.048069 -2.267669
3  0.000001 13.479277 -0.000000  0.336012 0.000000 -0.000000
4  0.000000 13.477240 0.000001  -0.265437 -0.117082 0.198484
5  -0.267269 3.664728 -1.953292  0.570287 -0.108989 -1.360402
6  -0.000003 1.180357 -0.000001  -0.005540 -0.036957 -1.399219
7  -0.000000 0.817136 -0.000001  0.012298 -0.000007 -1.214275
8  -0.249422 3.688543 -0.940889  0.326191 -0.061559 -1.352632
9  0.000001 1.800633 -0.000001  -0.000262 0.005352 -1.430232
10  -0.000000 1.243405 0.000000  0.002269 0.006116 -1.286350
11  -0.244726 3.701095 0.087733  0.221244 0.005544 -1.361062
12  0.000003 1.766583 0.000000  0.004189 0.001125 -1.481426
13  0.000000 1.189005 0.000001  -0.004182 -0.017197 -1.374176
14  -0.277239 3.632249 1.274103  0.115075 0.054750 -1.366492
15  0.000003 1.798494 -0.000000  0.002394 0.037772 -1.507786
16  -0.000000 1.235453 -0.000001  -0.008167 -0.002510 -1.289887
17  0.315442 0.857300 0.755944  -0.761000 2.412031 -1.377325
18  0.000001 2.265938 0.000001  -0.016207 -0.064542 -1.048595
19  0.000000 1.457809 0.000000  -0.051901 0.018546 -0.626230
20  -1.259681 3.818375 1.286946  0.115075 0.054750 -1.366492
21  -1.226390 3.891695 0.090420  0.221244 0.005544 -1.361061
22  -1.231623 3.875534 -0.958680  0.326191 -0.061560 -1.352632
23  -1.209918 3.994781 -2.003048  0.570287 -0.108989 -1.360402
24  0.328906 0.095430 1.403533  -0.761000 2.412031 -1.377326
25  -2.200567 -6.293127 17.109720  1.563939 -0.212924 -2.429698
26  13.824293 -20.103218 10.765717  -1.570796 -0.000000 -1.570796
27  -1.843768 -8.254290 -9.392370  -0.051945 -0.000000 -1.570796
28  0.433020 -11.755867 -21.000002  -0.083842 -0.009362 3.131152
29  0.000000 13.479277 -0.000002  0.167696 0.000000 0.000000
30  0.000000 13.477240 0.000001  -0.083756 0.010203 0.009620
31  0.267270 3.664728 -1.953293  -0.106568 0.025893 0.137951
32  -0.000000 1.180357 -0.000001  -0.036623 0.007435 0.177465
33  -0.000002 0.817138 0.000001  0.004200 0.011559 -0.007420
34  0.249423 3.688543 -0.940890  -0.060580 0.013550 0.130737
35  0.000001 1.800635 -0.000001  0.004940 -0.002077 0.208495
36  -0.000001 1.243411 0.000002  0.006524 0.000040 0.064626
37  0.244726 3.701097 0.087732  0.005036 -0.002373 0.139323
38  -0.000000 1.766588 -0.000002  0.002490 0.003552 0.259702
39  -0.000000 1.189003 0.000001  -0.017590 0.001952 0.152464
40  0.277239 3.632249 1.274101  0.054558 -0.010184 0.144732
41  -0.000001 1.798490 -0.000003  0.036314 -0.010668 0.285912
42  -0.000001 1.235457 0.000001  -0.005152 -0.006816 0.068190
43  -0.315441 0.857301 0.755942  1.684115 -0.560091 -1.563926
44  -0.000000 2.265939 0.000000  -0.057905 0.032805 0.238898
45  0.000001 1.457813 0.000000  -0.029609 -0.046490 -0.034285
46  1.259681 3.818376 1.286945  0.054558 -0.010184 0.144732
47  1.226391 3.891695 0.090419  0.005036 -0.002373 0.139324
48  1.231623 3.875536 -0.958680  -0.060580 0.013550 0.130737
49  1.209919 3.994783 -2.003048  -0.106568 0.025893 0.137951
50  -0.328906 0.095430 1.403531  1.684115 -0.560091 -1.563926
51  0.152561 -38.616215 -21.000004  -0.000000 0.000000 3.141593
52  0.152561 -25.166061 -36.000004  -1.570796 -0.000000 1.570796
53  0.433020 -11.755867 -21.000002  -0.051945 0.000000 1.570796
54  -6.873171 -11.360550 -10.439354  1.651800 -0.053816 -1.513513
55  10.000002 0.000002 -0.000001  -0.728606 -0.000000 -0.000000
56  29.620384 2.666871 0.000001  -0.000000 -0.000000 -0.000000
57  3.664051 2.228527 -2.524773  1.570796 0.732815 -1.570796
58  3.490277 2.388511 1.331885  0.000000 1.570796 0.000000
time 20
0  0 0 0  0 0 0
1  0.000000 0.000000 0.000000  1.570796 -0.000000 0.000000
2  -1.843768 -8.254290 -9.392370  1.480406 -0.044073 -2.263555
3  0.000002 13.479277 0.000000  0.298708 -0.000000 -0.000000
4  -0.000000 13.477240 0.000001  -0.244223 -0.124383 0.187848
5  -0.267270 3.664726 -1.953292  0.570288 -0.108989 -1.360402
6  0.000000 1.180356 0.000001  -0.005540 -0.036957 -1.399219
7  -0.000000 0.817135 0.000000  0.012298 -0.000007 -1.214275
8  -0.249422 3.688543 -0.940889  0.326191 -0.061559 -1.352632
9  0.000000 1.800631 -0.000000  -0.000262 0.005352 -1.430231
10  0.000000 1.243405 0.000001  0.002269 0.006116 -1.286349
11  -0.244726 3.701097 0.087733  0.221244 0.005544 -1.361062
12  -0.000000 1.766584 0.000000  0.004189 0.001125 -1.481426
13  -0.000001 1.189003 0.000001  -0.004182 -0.017197 -1.374176
14  -0.277239 3.632249 1.274102  0.115075 0.054750 -1.366492
15  -0.000001 1.798493 -0.000000  0.002394 0.037772 -1.507786
16  0.000000 1.235453 0.000001  -0.008167 -0.002510 -1.289887
17  0.315441 0.857300 0.755944  -0.761000 2.412031 -1.377326
18  0.000001 2.265940 -0.000000  -0.016207 -0.064542 -1.048595
19  0.000000 1.457809 0.000000  -0.051901 0.018546 -0.626230
20  -1.259681 3.818376 1.286946  0.115075 0.054750 -1.366492
21  -1.226391 3.891692 0.090419  0.221244 0.005544 -1.361061
22  -1.231622 3.875536 -0.958680  0.326191 -0.061560 -1.352632
23  -1.209919 3.994782 -2.003048  0.570288 -0.108989 -1.360402
24  0.328906 0.095430 1.403533  -0.761000 2.412031 -1.377325
25  -2.303506 -6.349079 17.191896  1.566633 -0.199763 -2.427229
26  13.824293 -20.103218 10.765717  -1.570796 -0.000000 -1.570796
27  -1.843768 -8.254290 -9.392370  -0.051945 -0.000000 -1.570796
28  0.433020 -11.755867 -21.000002  -0.083842 -0.009362 3.131152
29  0.000000 13.479277 -0.000002  0.167696 0.000000 0.000000
30  0.000000 13.477240 0.000001  -0.083756 0.010203 0.009620
31  0.267270 3.664728 -1.953293  -0.106568 0.025893 0.137951
32  -0.000000 1.180357 -0.000001  -0.036623 0.007435 0.177465
33  -0.000002 0.817138 0.000001  0.004200 0.011559 -0.007420
34  0.249423 3.688543 -0.940890  -0.060580 0.013550 0.130737
35  0.000001 1.800635 -0.000001  0.004940 -0.002077 0.208495
36  -0.000001 1.243411 0.000002  0.006524 0.000040 0.064626
37  0.244726 3.701097 0.087732  0.005036 -0.002373 0.139323
38  -0.000000 1.766588 -0.000002  0.002490 0.003552 0.259702
39  -0.000000 1.189003 0.000001  -0.017590 0.001952 0.152464
40  0.277239 3.632249 1.274101  0.054558 -0.010184 0.144732
41  -0.000001 1.798490 -0.000003  0.036314 -0.010668 0.285912
42  -0.000001 1.235457 0.000001  -0.005152 -0.006816 0.068190
43  -0.315441 0.857301 0.755942  1.684115 -0.560091 -1.563926
44  -0.000000 2.265939 0.000000  -0.057905 0.032805 0.238898
45  0.000001 1.457813 0.000000  -0.029609 -0.046490 -0.034285
46  1.259681 3.818376 1.286945  0.054558 -0.010184 0.144732
47  1.226391 3.891695 0.090419  0.005036 -0.002373 0.139324
48  1.231623 3.875536 -0.958680  -0.060580 0.013550 0.130737
49  1.209919 3.994783 -2.003048  -0.106568 0.025893 0.137951
50  -0.328906 0.095430 1.403531  1.684115 -0.560091 -1.563926
51  0.152561 -38.616215 -21.000004  -0.000000 0.000000 3.141593
52  0.152561 -25.166061 -36.000004  -1.570796 -0.000000 1.570796
53  0.433020 -11.755867 -21.000002  -0.051945 0.000000 1.570796
54  -6.896000 -11.361276 -10.471000  1.655162 -0.047364 -1.525361
55  10.000002 0.000001 -0.000000  -0.632827 -0.000000 -0.000000
56  29.620382 2.666870 0.000001  -0.000000 0.000000 0.000000
57  3.664053 2.228526 -2.524773  1.570796 0.732815 -1.570796
58  3.490279 2.388510 1.331886  -0.000000 1.570796 0.000000
time 21
0  0 0 0  0 0 0
1  0.000000 0.000000 0.000000  1.570796 -0.000000 0.000000
2  -1.843768 -8.254290 -9.392370  1.493075 -0.042372 -2.261804
3  0.000001 13.479276 -0.000000  0.272886 -0.000000 -0.000000
4  0.000000 13.477239 -0.000001  -0.229670 -0.132326 0.180491
5  -0.267270 3.664725 -1.953293  0.570288 -0.108989 -1.360402
6  -0.000001 1.180354 -0.000002  -0.005540 -0.036957 -1.399219
7  -0.000001 0.817136 -0.000001  0.012298 -0.000007 -1.214276
8  -0.249423 3.688543 -0.940888  0.326191 -0.061560 -1.352632
9  -0.000002 1.800633 0.000000  -0.000262 0.005352 -1.430231
10  -0.000001 1.243403 -0.000001  0.002269 0.006116 -1.286349
11  -0.244727 3.701097 0.087733  0.221244 0.005544 -1.361061
12  -0.000001 1.766584 0.000001  0.004189 0.001125 -1.481425
13  -0.000000 1.189003 0.000000  -0.004182 -0.017197 -1.374175
14  -0.277240 3.632248 1.274102  0.115075 0.054751 -1.366492
15  0.000001 1.798495 -0.000001  0.002394 0.037772 -1.507786
16  -0.000000 1.235450 -0.000001  -0.008167 -0.002510 -1.289887
17  0.315441 0.857301 0.755944  -0.761000 2.412031 -1.377325
18  -0.000000 2.265939 -0.000000  -0.016207 -0.064542 -1.048595
19  -0.000001 1.457814 0.000001  -0.051901 0.018546 -0.626230
20  -1.259681 3.818374 1.286946  0.115075 0.054750 -1.366492
21  -1.226391 3.891692 0.090419  0.221244 0.005544 -1.361061
22  -1.231623 3.875535 -0.958680  0.326191 -0.061560 -1.352632
23  -1.209919 3.994781 -2.003048  0.570287 -0.108989 -1.360402
24  0.328905 0.095428 1.403533  -0.761000 2.412031 -1.377325
25  -2.331635 -6.385352 17.243668  1.567942 -0.191316 -2.429580
26  13.824293 -20.103218 10.765717  -1.570796 -0.000000 -1.570796
27  -1.843768 -8.254290 -9.392370  -0.051945 -0.000000 -1.570796
28  0.433020 -11.755867 -21.000002  -0.083842 -0.009362 3.131152
29  0.000000 13.479277 -0.000002  0.167696 0.000000 0.000000
30  0.000000 13.477240 0.000001  -0.083756 0.010203 0.009620
31  0.267270 3.664728 -1.953293  -0.106568 0.025893 0.137951
32  -0.000000 1.180357 -0.000001  -0.036623 0.007435 0.177465
33  -0.000002 0.817138 0.000001  0.004200 0.011559 -0.007420
34  0.249423 3.688543 -0.940890  -0.060580 0.013550 0.130737
35  0.000001 1.800635 -0.000001  0.004940 -0.002077 0.208495
36  -0.000001 1.243411 0.000002  0.006524 0.000040 0.064626
37  0.244726 3.701097 0.087732  0.005036 -0.002373 0.139323
38  -0.000000 1.766588 -0.000002  0.002490 0.003552 0.259702
39  -0.000000 1.189003 0.000001  -0.017590 0.001952 0.152464
40  0.277239 3.632249 1.274101  0.054558 -0.010184 0.144732
41  -0.000001 1.798490 -0.000003  0.036314 -0.010668 0.285912
42  -0.000001 1.235457 0.000001  -0.005152 -0.006816 0.068190
43  -0.315441 0.857301 0.755942  1.684115 -0.560091 -1.563926
44  -0.000000 2.265939 0.000000  -0.057905 0.032805 0.238898
45  0.000001 1.457813 0.000000  -0.029609 -0.046490 -0.034285
46  1.259681 3.818376 1.286945  0.054558 -0.010184 0.144732
47  1.226391 3.891695 0.090419  0.005036 -0.002373 0.139324
48  1.231623 3.875536 -0.958680  -0.060580 0.013550 0.130737
49  1.209919 3.994783 -2.003048  -0.106568 0.025893 0.137951
50  -0.328906 0.095430 1.403531  1.684115 -0.560091 -1.563926
51  0.152561 -38.616215 -21.000004  -0.000000 0.000000 3.141593
52  0.152561 -25.166061 -36.000004  -1.570796 -0.000000 1.570796
53  0.433020 -11.755867 -21.000002  -0.051945 0.000000 1.570796
54  -6.890400 -11.361276 -10.471000  1.653256 -0.042725 -1.532504
55  10.000001 -0.000001 -0.000001  -0.544226 -0.000000 -0.000000
56  29.620378 2.666869 0.000000  -0.000000 -0.000000 0.000000
57  3.664050 2.228525 -2.524774  1.570796 0.732815 -1.570796
58  3.490278 2.388509 1.331885  -0.000000 1.570796 0.000000
time 22
0  0 0 0  0 0 0
1  0.000000 0.000000 0.000000  1.570796 -0.000000 0.000000
2  -1.843768 -8.254290 -9.392370  1.502310 -0.041090 -2.260485
3  0.000002 13.479277 -0.000001  0.251452 0.000000 -0.000000
4  -0.000000 13.477239 -0.000000  -0.217038 -0.143298 0.175088
5  -0.267269 3.664729 -1.953294  0.570288 -0.108989 -1.360402
6  0.000003 1.180354 -0.000001  -0.005540 -0.036957 -1.399219
7  0.000002 0.817137 0.000001  0.012298 -0.000007 -1.214275
8  -0.249422 3.688542 -0.940889  0.326191 -0.061560 -1.352632
9  0.000003 1.800633 -0.000001  -0.000262 0.005352 -1.430232
10  -0.000000 1.243406 -0.000001  0.002269 0.006116 -1.286349
11  -0.244726 3.701095 0.087732  0.221244 0.005544 -1.361061
12  -0.000002 1.766585 -0.000000  0.004189 0.001125 -1.481426
13  0.000000 1.189005 -0.000001  -0.004182 -0.017197 -1.374176
14  -0.277239 3.632250 1.274102  0.115075 0.054750 -1.366492
15  -0.000003 1.798494 0.000001  0.002394 0.037772 -1.507786
16  0.000000 1.235453 0.000001  -0.008167 -0.002510 -1.289887
17  0.315441 0.857300 0.755943  -0.761000 2.412031 -1.377325
18  -0.000002 2.265938 0.000000  -0.016207 -0.064542 -1.048595
19  -0.000000 1.457813 0.000000  -0.051901 0.018546 -0.626230
20  -1.259680 3.818377 1.286945  0.115075 0.054750 -1.366492
21  -1.226390 3.891695 0.090419  0.221244 0.005544 -1.361061
22  -1.231622 3.875535 -0.958681  0.326191 -0.061560 -1.352632
23  -1.209919 3.994782 -2.003048  0.570288 -0.108989 -1.360402
24  0.328907 0.095431 1.403532  -0.761000 2.412031 -1.377325
25  -2.325963 -6.434829 17.285053  1.569196 -0.184508 -2.436147
26  13.824293 -20.103218 10.765717  -1.570796 -0.000000 -1.570796
27  -1.843768 -8.254290 -9.392370  -0.051945 -0.000000 -1.570796
28  0.433020 -11.755867 -21.000002  -0.083842 -0.009362 3.131152
29  0.000000 13.479277 -0.000002  0.167696 0.000000 0.000000
30  0.000000 13.477240 0.000001  -0.083756 0.010203 0.009620
31  0.267270 3.664728 -1.953293  -0.106568 0.025893 0.137951
32  -0.000000 1.180357 -0.000001  -0.036623 0.007435 0.177465
33  -0.000002 0.817138 0.000001  0.004200 0.011559 -0.007420
34  0.249423 3.688543 -0.940890  -0.060580 0.013550 0.130737
35  0.000001 1.800635 -0.000001  0.004940 -0.002077 0.208495
36  -0.000001 1.243411 0.000002  0.006524 0.000040 0.064626
37  0.244726 3.701097 0.087732  0.005036 -0.002373 0.139323
38  -0.000000 1.766588 -0.000002  0.002490 0.003552 0.259702
39  -0.000000 1.189003 0.000001  -0.017590 0.001952 0.152464
40  0.277239 3.632249 1.274101  0.054558 -0.010184 0.144732
41  -0.000001 1.798490 -0.000003  0.036314 -0.010668 0.285912
42  -0.000001 1.235457 0.000001  -0.005152 -0.006816 0.068190
43  -0.315441 0.857301 0.755942  1.684115 -0.560091 -1.563926
44  -0.000000 2.265939 0.000000  -0.057905 0.032805 0.238898
45  0.000001 1.457813 0.000000  -0.029609 -0.046490 -0.034285
46  1.259681 3.818376 1.286945  0.054558 -0.010184 0.144732
47  1.226391 3.891695 0.090419  0.005036 -0.002373 0.139324
48  1.231623 3.875536 -0.958680  -0.060580 0.013550 0.130737
49  1.209919 3.994783 -2.003048  -0.106568 0.025893 0.137951
50  -0.328906 0.095430 1.403531  1.684115 -0.560091 -1.563926
51  0.152561 -38.616215 -21.000004  -0.000000 0.000000 3.141593
52  0.152561 -25.166061 -36.000004  -1.570796 -0.000000 1.570796
53  0.433020 -11.755867 -21.000002  -0.051945 0.000000 1.570796
54  -6.875200 -11.361276 -10.471000  1.647046 -0.039007 -1.538221
55  10.000000 0.000001 -0.000001  -0.462280 -0.000000 -0.000000
56  29.620378 2.666870 -0.000000  -0.000000 -0.000000 -0.000000
57  3.664052 2.228525 -2.524774  1.570796 0.732815 -1.570796
58  3.490278 2.388510 1.331885  -0.000000 1.570796 0.000000
time 23
0  0 0 0  0 0 0
1  0.000000 0.000000 0.000000  1.570796 -0.000000 0.000000
2  -1.843768 -8.254290 -9.392370  1.508390 -0.040157 -2.259526
3  0.000001 13.479277 0.000000  0.234448 -0.000000 -0.000000
4  0.000001 13.477238 -0.000001  -0.206477 -0.156404 0.171301
5  -0.267270 3.664727 -1.953292  0.570287 -0.108989 -1.360402
6  -0.000002 1.180354 -0.000001  -0.005540 -0.036957 -1.399219
7  0.000000 0.817136 -0.000000  0.012298 -0.000007 -1.214276
8  -0.249423 3.688541 -0.940888  0.326191 -0.061559 -1.352632
9  0.000001 1.800632 0.000001  -0.000262 0.005352 -1.430231
10  -0.000001 1.243405 -0.000001  0.002269 0.006116 -1.286349
11  -0.244726 3.701097 0.087734  0.221244 0.005544 -1.361061
12  -0.000001 1.766586 -0.000000  0.004189 0.001125 -1.481426
13  0.000000 1.189004 -0.000000  -0.004182 -0.017197 -1.374176
14  -0.277240 3.632247 1.274103  0.115075 0.054750 -1.366492
15  -0.000003 1.798496 0.000000  0.002394 0.037772 -1.507786
16  0.000001 1.235454 0.000000  -0.008167 -0.002510 -1.289887
17  0.315441 0.857301 0.755944  -0.760999 2.412031 -1.377325
18  -0.000002 2.265939 0.000000  -0.016207 -0.064542 -1.048595
19  0.000000 1.457811 -0.000000  -0.051901 0.018546 -0.626230
20  -1.259682 3.818373 1.286946  0.115075 0.054750 -1.366492
21  -1.226391 3.891692 0.090419  0.221244 0.005544 -1.361061
22  -1.231623 3.875534 -0.958679  0.326191 -0.061560 -1.352632
23  -1.209919 3.994781 -2.003048  0.570287 -0.108989 -1.360402
24  0.328906 0.095427 1.403533  -0.761000 2.412031 -1.377326
25  -2.293993 -6.493650 17.317394  1.570317 -0.179152 -2.445861
26  13.824293 -20.103218 10.765717  -1.570796 -0.000000 -1.570796
27  -1.843768 -8.254290 -9.392370  -0.051945 -0.000000 -1.570796
28  0.433020 -11.755867 -21.000002  -0.083842 -0.009362 3.131152
29  0.000000 13.479277 -0.000002  0.167696 0.000000 0.000000
30  0.000000 13.477240 0.000001  -0.083756 0.010203 0.009620
31  0.267270 3.664728 -1.953293  -0.106568 0.025893 0.137951
32  -0.000000 1.180357 -0.000001  -0.036623 0.007435 0.177465
33  -0.000002 0.817138 0.000001  0.004200 0.011559 -0.007420
34  0.249423 3.688543 -0.940890  -0.060580 0.013550 0.130737
35  0.000001 1.800635 -0.000001  0.004940 -0.002077 0.208495
36  -0.000001 1.243411 0.000002  0.006524 0.000040 0.064626
37  0.244726 3.701097 0.087732  0.005036 -0.002373 0.139323
38  -0.000000 1.766588 -0.000002  0.002490 0.003552 0.259702
39  -0.000000 1.189003 0.000001  -0.017590 0.001952 0.152464
40  0.277239 3.632249 1.274101  0.054558 -0.010184 0.144732
41  -0.000001 1.798490 -0.000003  0.036314 -0.010668 0.285912
42  -0.000001 1.235457 0.000001  -0.005152 -0.006816 0.068190
43  -0.315441 0.857301 0.755942  1.684115 -0.560091 -1.563926
44  -0.000000 2.265939 0.000000  -0.057905 0.032805 0.238898
45  0.000001 1.457813 0.000000  -0.029609 -0.046490 -0.034285
46  1.259681 3.818376 1.286945  0.054558 -0.010184 0.144732
47  1.226391 3.891695 0.090419  0.005036 -0.002373 0.139324
48  1.231623 3.875536 -0.958680  -0.060580 0.013550 0.130737
49  1.209919 3.994783 -2.003048  -0.106568 0.025893 0.137951
50  -0.328906 0.095430 1.403531  1.684115 -0.560091 -1.563926
51  0.152561 -38.616215 -21.000004  -0.000000 0.000000 3.141593
52  0.152561 -25.166061 -36.000004  -1.570796 -0.000000 1.570796
53  0.433020 -11.755867 -21.000002  -0.051945 0.000000 1.570796
54  -6.852800 -11.361276 -10.471000  1.637611 -0.036109 -1.542671
55  10.000001 0.000000 -0.000001  -0.386527 -0.000000 -0.000000
56  29.620380 2.666869 0.000001  -0.000000 -0.000000 -0.000000
57  3.664051 2.228525 -2.524774  1.570796 0.732815 -1.570796
58  3.490278 2.388510 1.331885  0.000000 1.570796 0.000000
time 24
0  0 0 0  0 0 0
1  0.000000 0.000000 0.000000  1.570796 -0.000000 0.000000
2  -1.843768 -8.254290 -9.392370  1.511690 -0.039504 -2.258853
3  0.000002 13.479276 -0.000000  0.221728 0.000000 -0.000000
4  -0.000000 13.477240 -0.000000  -0.198036 -0.170745 0.168857
5  -0.267269 3.664726 -1.953292  0.570288 -0.108989 -1.360402
6  0.000001 1.180355 0.000001  -0.005540 -0.036957 -1.399219
7  -0.000000 0.817135 0.000001  0.012298 -0.000007 -1.214275
8  -0.249423 3.688541 -0.940888  0.326191 -0.061560 -1.352632
9  0.000000 1.800633 0.000000  -0.000262 0.005352 -1.430231
10  -0.000000 1.243406 0.000000  0.002269 0.006116 -1.286349
11  -0.244726 3.701094 0.087733  0.221244 0.005544 -1.361062
12  -0.000000 1.766585 -0.000001  0.004189 0.001125 -1.481426
13  0.000001 1.189005 -0.000001  -0.004182 -0.017197 -1.374176
14  -0.277239 3.632247 1.274103  0.115075 0.054750 -1.366492
15  -0.000000 1.798494 -0.000000  0.002394 0.037772 -1.507786
16  0.000002 1.235451 0.000001  -0.008167 -0.002510 -1.289887
17  0.315441 0.857300 0.755944  -0.761000 2.412031 -1.377326
18  0.000000 2.265938 0.000000  -0.016207 -0.064542 -1.048595
19  -0.000000 1.457814 -0.000000  -0.051901 0.018546 -0.626230
20  -1.259681 3.818374 1.286946  0.115075 0.054750 -1.366492
21  -1.226390 3.891694 0.090420  0.221244 0.005544 -1.361061
22  -1.231623 3.875535 -0.958680  0.326191 -0.061560 -1.352632
23  -1.209919 3.994783 -2.003047  0.570288 -0.108989 -1.360402
24  0.328906 0.095428 1.403534  -0.761000 2.412031 -1.377326
25  -2.243258 -6.558013 17.341917  1.571274 -0.175069 -2.457668
26  13.824293 -20.103218 10.765717  -1.570796 -0.000000 -1.570796
27  -1.843768 -8.254290 -9.392370  -0.051945 -0.000000 -1.570796
28  0.433020 -11.755867 -21.000002  -0.083842 -0.009362 3.131152
29  0.000000 13.479277 -0.000002  0.167696 0.000000 0.000000
30  0.000000 13.477240 0.000001  -0.083756 0.010203 0.009620
31  0.267270 3.664728 -1.953293  -0.106568 0.025893 0.137951
32  -0.000000 1.180357 -0.000001  -0.036623 0.007435 0.177465
33  -0.000002 0.817138 0.000001  0.004200 0.011559 -0.007420
34  0.249423 3.688543 -0.940890  -0.060580 0.013550 0.130737
35  0.000001 1.800635 -0.000001  0.004940 -0.002077 0.208495
36  -0.000001 1.243411 0.000002  0.006524 0.000040 0.064626
37  0.244726 3.701097 0.087732  0.005036 -0.002373 0.139323
38  -0.000000 1.766588 -0.000002  0.002490 0.003552 0.259702
39  -0.000000 1.189003 0.000001  -0.017590 0.001952 0.152464
40  0.277239 3.632249 1.274101  0.054558 -0.010184 0.144732
41  -0.000001 1.798490 -0.000003  0.036314 -0.010668 0.285912
42  -0.000001 1.235457 0.000001  -0.005152 -0.006816 0.068190
43  -0.315441 0.857301 0.755942  1.684115 -0.560091 -1.563926
44  -0.000000 2.265939 0.000000  -0.057905 0.032805 0.238898
45  0.000001 1.457813 0.000000  -0.029609 -0.046490 -0.034285
46  1.259681 3.818376 1.286945  0.054558 -0.010184 0.144732
47  1.226391 3.891695 0.090419  0.005036 -0.002373 0.139324
48  1.231623 3.875536 -0.958680  -0.060580 0.013550 0.130737
49  1.209919 3.994783 -2.003048  -0.106568 0.025893 0.137951
50  -0.328906 0.095430 1.403531  1.684115 -0.560091 -1.563926
51  0.152561 -38.616215 -21.000004  -0.000000 0.000000 3.141593
52  0.152561 -25.166061 -36.000004  -1.570796 -0.000000 1.570796
53  0.433020 -11.755867 -21.000002  -0.051945 0.000000 1.570796
54  -6.825600 -11.361276 -10.471000  1.626019 -0.033931 -1.546015
55  10.000001 0.000002 0.000000  -0.316556 -0.000000 -0.000000
56  29.620382 2.666871 0.000002  -0.000000 -0.000000 -0.000000
57  3.664052 2.228526 -2.524772  1.570796 0.732815 -1.570796
58  3.490278 2.388511 1.331886  0.000000 1.570796 0.000000
time 25
0  0 0 0  0 0 0
1  0.000000 0.000000 0.000000  1.570796 -0.000000 0.000000
2  -1.843768 -8.254290 -9.392370  1.512688 -0.039066 -2.258404
3  0.000001 13.479277 0.000000  0.212932 0.000000 -0.000000
4  -0.000000 13.477238 -0.000001  -0.191648 -0.185415 0.167517
5  -0.267270 3.664728 -1.953293  0.570287 -0.108989 -1.360402
6  0.000001 1.180356 -0.000001  -0.005540 -0.036957 -1.399219
7  0.000000 0.817136 0.000001  0.012298 -0.000007 -1.214275
8  -0.249424 3.688541 -0.940889  0.326191 -0.061559 -1.352632
9  -0.000001 1.800635 -0.000000  -0.000262 0.005352 -1.430231
10  0.000000 1.243406 0.000000  0.002269 0.006116 -1.286349
11  -0.244727 3.701096 0.087732  0.221244 0.005544 -1.361062
12  -0.000002 1.766585 -0.000001  0.004189 0.001125 -1.481426
13  -0.000001 1.189002 -0.000001  -0.004182 -0.017197 -1.374176
14  -0.277240 3.632249 1.274102  0.115075 0.054750 -1.366492
15  -0.000000 1.798495 0.000000  0.002394 0.037772 -1.507786
16  0.000001 1.235449 0.000000  -0.008167 -0.002510 -1.289887
17  0.315440 0.857300 0.755943  -0.761000 2.412031 -1.377325
18  0.000000 2.265940 0.000000  -0.016207 -0.064542 -1.048595
19  0.000000 1.457811 0.000000  -0.051901 0.018546 -0.626230
20  -1.259682 3.818375 1.286945  0.115075 0.054750 -1.366492
21  -1.226391 3.891695 0.090419  0.221244 0.005544 -1.361061
22  -1.231624 3.875535 -0.958680  0.326191 -0.061560 -1.352632
23  -1.209921 3.994781 -2.003048  0.570288 -0.108989 -1.360402
24  0.328905 0.095429 1.403532  -0.761000 2.412031 -1.377325
25  -2.181191 -6.624042 17.359762  1.572068 -0.172084 -2.470520
26  13.824293 -20.103218 10.765717  -1.570796 -0.000000 -1.570796
27  -1.843768 -8.254290 -9.392370  -0.051945 -0.000000 -1.570796
28  0.433020 -11.755867 -21.000002  -0.083842 -0.009362 3.131152
29  0.000000 13.479277 -0.000002  0.167696 0.000000 0.000000
30  0.000000 13.477240 0.000001  -0.083756 0.010203 0.009620
31  0.267270 3.664728 -1.953293  -0.106568 0.025893 0.137951
32  -0.000000 1.180357 -0.000001  -0.036623 0.007435 0.177465
33  -0.000002 0.817138 0.000001  0.004200 0.011559 -0.007420
34  0.249423 3.688543 -0.940890  -0.060580 0.013550 0.130737
35  0.000001 1.800635 -0.000001  0.004940 -0.002077 0.208495
36  -0.000001 1.243411 0.000002  0.006524 0.000040 0.064626
37  0.244726 3.701097 0.087732  0.005036 -0.002373 0.139323
38  -0.000000 1.766588 -0.000002  0.002490 0.003552 0.259702
39  -0.000000 1.189003 0.000001  -0.017590 0.001952 0.152464
40  0.277239 3.632249 1.274101  0.054558 -0.010184 0.144732
41  -0.000001 1.798490 -0.000003  0.036314 -0.010668 0.285912
42  -0.000001 1.235457 0.000001  -0.005152 -0.006816 0.068190
43  -0.315441 0.857301 0.755942  1.684115 -0.560091 -1.563926
44  -0.000000 2.265939 0.000000  -0.057905 0.032805 0.238898
45  0.000001 1.457813 0.000000  -0.029609 -0.046490 -0.034285
46  1.259681 3.818376 1.286945  0.054558 -0.010184 0.144732
47  1.226391 3.891695 0.090419  0.005036 -0.002373 0.139324
48  1.231623 3.875536 -0.958680  -0.060580 0.013550 0.130737
49  1.209919 3.994783 -2.003048  -0.106568 0.025893 0.137951
50  -0.328906 0.095430 1.403531  1.684115 -0.560091 -1.563926
51  0.152561 -38.616215 -21.000004  -0.000000 0.000000 3.141593
52  0.152561 -25.166061 -36.000004  -1.570796 -0.000000 1.570796
53  0.433020 -11.755867 -21.000002  -0.051945 0.000000 1.570796
54  -6.796000 -11.361276 -10.471000  1.613331 -0.032369 -1.548411
55  10.000000 0.000002 0.000001  -0.252000 -0.000000 -0.000000
56  29.620378 2.666870 0.000002  0.000000 -0.000000 -0.000000
57  3.664050 2.228526 -2.524774  1.570796 0.732815 -1.570796
58  3.490277 2.388511 1.331887  0.000000 1.570796 0.000000
time 26
0  0 0 0  0 0 0
1  0.000000 0.000000 0.000000  1.570796 -0.000000 0.000000
2  -1.843768 -8.254290 -9.392370  1.511965 -0.038791 -2.258121
3  0.000001 13.479278 0.000001  0.207492 -0.000000 -0.000000
4  0.000000 13.477239 0.000000  -0.187129 -0.199500 0.167047
5  -0.267269 3.664728 -1.953292  0.570288 -0.108989 -1.360402
6  -0.000000 1.180355 -0.000000  -0.005540 -0.036957 -1.399218
7  -0.000000 0.817134 -0.000001  0.012298 -0.000007 -1.214275
8  -0.249422 3.688544 -0.940888  0.326191 -0.061559 -1.352632
9  -0.000000 1.800632 0.000000  -0.000262 0.005352 -1.430231
10  0.000000 1.243404 -0.000001  0.002269 0.006116 -1.286349
11  -0.244725 3.701097 0.087733  0.221244 0.005544 -1.361062
12  0.000000 1.766584 -0.000000  0.004189 0.001125 -1.481426
13  0.000000 1.189004 0.000000  -0.004182 -0.017197 -1.374176
14  -0.277238 3.632251 1.274102  0.115075 0.054750 -1.366492
15  0.000001 1.798494 0.000000  0.002394 0.037772 -1.507786
16  0.000000 1.235450 0.000000  -0.008167 -0.002510 -1.289887
17  0.315442 0.857301 0.755943  -0.761000 2.412031 -1.377326
18  0.000001 2.265940 -0.000001  -0.016207 -0.064542 -1.048595
19  -0.000001 1.457813 0.000000  -0.051901 0.018546 -0.626230
20  -1.259680 3.818378 1.286946  0.115075 0.054750 -1.366492
21  -1.226390 3.891697 0.090420  0.221244 0.005544 -1.361061
22  -1.231622 3.875537 -0.958680  0.326191 -0.061560 -1.352632
23  -1.209918 3.994783 -2.003047  0.570288 -0.108989 -1.360402
24  0.328907 0.095431 1.403532  -0.761000 2.412031 -1.377326
25  -2.115046 -6.687723 17.372025  1.572711 -0.170025 -2.483374
26  13.824293 -20.103218 10.765717  -1.570796 -0.000000 -1.570796
27  -1.843768 -8.254290 -9.392370  -0.051945 -0.000000 -1.570796
28  0.433020 -11.755867 -21.000002  -0.083842 -0.009362 3.131152
29  0.000000 13.479277 -0.000002  0.167696 0.000000 0.000000
30  0.000000 13.477240 0.000001  -0.083756 0.010203 0.009620
31  0.267270 3.664728 -1.953293  -0.106568 0.025893 0.137951
32  -0.000000 1.180357 -0.000001  -0.036623 0.007435 0.177465
33  -0.000002 0.817138 0.000001  0.004200 0.011559 -0.007420
34  0.249423 3.688543 -0.940890  -0.060580 0.013550 0.130737
35  0.000001 1.800635 -0.000001  0.004940 -0.002077 0.208495
36  -0.000001 1.243411 0.000002  0.006524 0.000040 0.064626
37  0.244726 3.701097 0.087732  0.005036 -0.002373 0.139323
38  -0.000000 1.766588 -0.000002  0.002490 0.003552 0.259702
39  -0.000000 1.189003 0.000001  -0.017590 0.001952 0.152464
40  0.277239 3.632249 1.274101  0.054558 -0.010184 0.144732
41  -0.000001 1.798490 -0.000003  0.036314 -0.010668 0.285912
42  -0.000001 1.235457 0.000001  -0.005152 -0.006816 0.068190
43  -0.315441 0.857301 0.755942  1.684115 -0.560091 -1.563926
44  -0.000000 2.265939 0.000000  -0.057905 0.032805 0.238898
45  0.000001 1.457813 0.000000  -0.029609 -0.046490 -0.034285
46  1.259681 3.818376 1.286945  0.054558 -0.010184 0.144732
47  1.226391 3.891695 0.090419  0.005036 -0.002373 0.139324
48  1.231623 3.875536 -0.958680  -0.060580 0.013550 0.130737
49  1.209919 3.994783 -2.003048  -0.106568 0.025893 0.137951
50  -0.328906 0.095430 1.403531  1.684115 -0.560091 -1.563926
51  0.152561 -38.616215 -21.000004  -0.000000 0.000000 3.141593
52  0.152561 -25.166061 -36.000004  -1.570796 -0.000000 1.570796
53  0.433020 -11.755867 -21.000002  -0.051945 0.000000 1.570796
54  -6.766400 -11.361276 -10.471000  1.600600 -0.031323 -1.550016
55  10.000003 0.000000 0.000000  -0.192532 -0.000000 -0.000000
56  29.620378 2.666870 0.000001  0.000000 -0.000000 -0.000000
57  3.664053 2.228527 -2.524775  1.570796 0.732815 -1.570796
58  3.490279 2.388511 1.331885  -0.000000 1.570796 0.000000
time 27
0  0 0 0  0 0 0
1  0.000000 0.000000 0.000000  1.570796 -0.000000 0.000000
2  -1.843768 -8.254290 -9.392370  1.510175 -0.038635 -2.257960
3  0.000001 13.479278 -0.000001  0.204694 0.000000 -0.000000
4  0.000000 13.477237 0.000000  -0.184210 -0.212080 0.167199
5  -0.267271 3.664727 -1.953292  0.570288 -0.108989 -1.360402
6  0.000000 1.180355 -0.000001  -0.005540 -0.036957 -1.399219
7  0.000000 0.817137 0.000000  0.012298 -0.000007 -1.214275
8  -0.249424 3.688543 -0.940889  0.326191 -0.061559 -1.352632
9  0.000001 1.800634 -0.000000  -0.000262 0.005352 -1.430232
10  0.000000 1.243405 -0.000002  0.002269 0.006116 -1.286349
11  -0.244727 3.701097 0.087733  0.221244 0.005544 -1.361062
12  -0.000001 1.766585 0.000000  0.004189 0.001125 -1.481426
13  0.000000 1.189004 -0.000000  -0.004182 -0.017197 -1.374176
14  -0.277240 3.632250 1.274103  0.115075 0.054750 -1.366492
15  -0.000002 1.798495 -0.000001  0.002394 0.037772 -1.507786
16  0.000000 1.235450 -0.000000  -0.008167 -0.002510 -1.289887
17  0.315440 0.857301 0.755944  -0.761000 2.412031 -1.377326
18  0.000000 2.265940 0.000000  -0.016207 -0.064542 -1.048595
19  -0.000001 1.457812 -0.000001  -0.051901 0.018546 -0.626230
20  -1.259682 3.818375 1.286946  0.115075 0.054750 -1.366492
21  -1.226391 3.891693 0.090420  0.221244 0.005544 -1.361061
22  -1.231624 3.875535 -0.958680  0.326191 -0.061560 -1.352632
23  -1.209920 3.994783 -2.003048  0.570288 -0.108989 -1.360402
24  0.328905 0.095429 1.403533  -0.761000 2.412031 -1.377325
25  -2.051853 -6.744875 17.379761  1.573214 -0.168721 -2.495187
26  13.824293 -20.103218 10.765717  -1.570796 -0.000000 -1.570796
27  -1.843768 -8.254290 -9.392370  -0.051945 -0.000000 -1.570796
28  0.433020 -11.755867 -21.000002  -0.083842 -0.009362 3.131152
29  0.000000 13.479277 -0.000002  0.167696 0.000000 0.000000
30  0.000000 13.477240 0.000001  -0.083756 0.010203 0.009620
31  0.267270 3.664728 -1.953293  -0.106568 0.025893 0.137951
32  -0.000000 1.180357 -0.000001  -0.036623 0.007435 0.177465
33  -0.000002 0.817138 0.000001  0.004200 0.011559 -0.007420
34  0.249423 3.688543 -0.940890  -0.060580 0.013550 0.130737
35  0.000001 1.800635 -0.000001  0.004940 -0.002077 0.208495
36  -0.000001 1.243411 0.000002  0.006524 0.000040 0.064626
37  0.244726 3.701097 0.087732  0.005036 -0.002373 0.139323
38  -0.000000 1.766588 -0.000002  0.002490 0.003552 0.259702
39  -0.000000 1.189003 0.000001  -0.017590 0.001952 0.152464
40  0.277239 3.632249 1.274101  0.054558 -0.010184 0.144732
41  -0.000001 1.798490 -0.000003  0.036314 -0.010668 0.285912
42  -0.000001 1.235457 0.000001  -0.005152 -0.006816 0.068190
43  -0.315441 0.857301 0.755942  1.684115 -0.560091 -1.563926
44  -0.000000 2.265939 0.000000  -0.057905 0.032805 0.238898
45  0.000001 1.457813 0.000000  -0.029609 -0.046490 -0.034285
46  1.259681 3.818376 1.286945  0.054558 -0.010184 0.144732
47  1.226391 3.891695 0.090419  0.005036 -0.002373 0.139324
48  1.231623 3.875536 -0.958680  -0.060580 0.013550 0.130737
49  1.209919 3.994783 -2.003048  -0.106568 0.025893 0.137951
50  -0.328906 0.095430 1.403531  1.684115 -0.560091 -1.563926
51  0.152561 -38.616215 -21.000004  -0.000000 0.000000 3.141593
52  0.152561 -25.166061 -36.000004  -1.570796 -0.000000 1.570796
53  0.433020 -11.755867 -21.000002  -0.051945 0.000000 1.570796
54  -6.739200 -11.361276 -10.471000  1.588876 -0.030687 -1.550990
55  10.000001 0.000002 -0.000001  -0.137853 -0.000000 -0.000000
56  29.620382 2.666870 0.000000  -0.000000 -0.000000 -0.000000
57  3.664052 2.228526 -2.524774  1.570796 0.732815 -1.570796
58  3.490279 2.388511 1.331885  -0.000000 1.570796 0.000000
time 28
0  0 0 0  0 0 0
1  0.000000 0.000000 0.000000  1.570796 -0.000000 0.000000
2  -1.843768 -8.254290 -9.392370  1.508010 -0.038561 -2.257884
3  0.000001 13.479278 -0.000000  0.203739 0.000000 -0.000000
4  0.000000 13.477240 -0.000001  -0.182569 -0.222224 0.167701
5  -0.267269 3.664724 -1.953292  0.570287 -0.108989 -1.360402
6  -0.000000 1.180356 -0.000000  -0.005540 -0.036957 -1.399219
7  0.000000 0.817132 -0.000000  0.012298 -0.000007 -1.214275
8  -0.249423 3.688539 -0.940888  0.326191 -0.061560 -1.352632
9  -0.000001 1.800634 -0.000001  -0.000262 0.005352 -1.430231
10  -0.000000 1.243405 0.000000  0.002269 0.006116 -1.286349
11  -0.244726 3.701095 0.087734  0.221244 0.005544 -1.361061
12  -0.000000 1.766584 0.000000  0.004189 0.001125 -1.481425
13  -0.000001 1.189003 -0.000001  -0.004182 -0.017197 -1.374175
14  -0.277239 3.632245 1.274103  0.115075 0.054750 -1.366492
15  0.000002 1.798495 0.000000  0.002394 0.037772 -1.507786
16  -0.000000 1.235450 -0.000001  -0.008167 -0.002510 -1.289887
17  0.315442 0.857297 0.755945  -0.761000 2.412031 -1.377325
18  -0.000001 2.265937 0.000000  -0.016207 -0.064542 -1.048595
19  -0.000000 1.457813 -0.000000  -0.051901 0.018546 -0.626230
20  -1.259681 3.818375 1.286946  0.115075 0.054750 -1.366492
21  -1.226390 3.891692 0.090420  0.221244 0.005544 -1.361061
22  -1.231623 3.875531 -0.958679  0.326191 -0.061560 -1.352631
23  -1.209919 3.994781 -2.003047  0.570287 -0.108989 -1.360402
24  0.328907 0.095429 1.403533  -0.761000 2.412031 -1.377325
25  -1.998438 -6.791170 17.384007  1.573585 -0.168002 -2.504917
26  13.824293 -20.103218 10.765717  -1.570796 -0.000000 -1.570796
27  -1.843768 -8.254290 -9.392370  -0.051945 -0.000000 -1.570796
28  0.433020 -11.755867 -21.000002  -0.083842 -0.009362 3.131152
29  0.000000 13.479277 -0.000002  0.167696 0.000000 0.000000
30  0.000000 13.477240 0.000001  -0.083756 0.010203 0.009620
31  0.267270 3.664728 -1.953293  -0.106568 0.025893 0.137951
32  -0.000000 1.180357 -0.000001  -0.036623 0.007435 0.177465
33  -0.000002 0.817138 0.000001  0.004200 0.011559 -0.007420
34  0.249423 3.688543 -0.940890  -0.060580 0.013550 0.130737
35  0.000001 1.800635 -0.000001  0.004940 -0.002077 0.208495
36  -0.000001 1.243411 0.000002  0.006524 0.000040 0.064626
37  0.244726 3.701097 0.087732  0.005036 -0.002373 0.139323
38  -0.000000 1.766588 -0.000002  0.002490 0.003552 0.259702
39  -0.000000 1.189003 0.000001  -0.017590 0.001952 0.152464
40  0.277239 3.632249 1.274101  0.054558 -0.010184 0.144732
41  -0.000001 1.798490 -0.000003  0.036314 -0.010668 0.285912
42  -0.000001 1.235457 0.000001  -0.005152 -0.006816 0.068190
43  -0.315441 0.857301 0.755942  1.684115 -0.560091 -1.563926
44  -0.000000 2.265939 0.000000  -0.057905 0.032805 0.238898
45  0.000001 1.457813 0.000000  -0.029609 -0.046490 -0.034285
46  1.259681 3.818376 1.286945  0.054558 -0.010184 0.144732
47  1.226391 3.891695 0.090419  0.005036 -0.002373 0.139324
48  1.231623 3.875536 -0.958680  -0.060580 0.013550 0.130737
49  1.209919 3.994783 -2.003048  -0.106568 0.025893 0.137951
50  -0.328906 0.095430 1.403531  1.684115 -0.560091 -1.563926
51  0.152561 -38.616215 -21.000004  -0.000000 0.000000 3.141593
52  0.152561 -25.166061 -36.000004  -1.570796 -0.000000 1.570796
53  0.433020 -11.755867 -21.000002  -0.051945 0.000000 1.570796
54  -6.716800 -11.361276 -10.471000  1.579208 -0.030361 -1.551490
55  10.000004 0.000002 0.000001  -0.087697 -0.000000 -0.000000
56  29.620382 2.666871 0.000001  -0.000000 -0.000000 -0.000000
57  3.664053 2.228527 -2.524773  1.570796 0.732815 -1.570796
58  3.490280 2.388511 1.331886  -0.000000 1.570796 0.000000
time 29
0  0 0 0  0 0 0
1  0.000000 0.000000 0.000000  1.570796 -0.000000 0.000000
2  -1.843768 -8.254290 -9.392370  1.506182 -0.038539 -2.257861
3  0.000001 13.479278 0.000001  0.203793 -0.000000 -0.000000
4  -0.000000 13.477237 0.000000  -0.181853 -0.228996 0.168247
5  -0.267270 3.664727 -1.953292  0.570288 -0.108989 -1.360402
6  0.000001 1.180354 0.000000  -0.005540 -0.036957 -1.399219
7  -0.000000 0.817138 0.000001  0.012298 -0.000007 -1.214275
8  -0.249423 3.688543 -0.940888  0.326191 -0.061560 -1.352631
9  0.000001 1.800633 0.000000  -0.000262 0.005352 -1.430231
10  0.000000 1.243408 -0.000000  0.002269 0.006116 -1.286349
11  -0.244727 3.701096 0.087733  0.221244 0.005544 -1.361062
12  0.000000 1.766586 0.000000  0.004189 0.001125 -1.481426
13  -0.000001 1.189006 0.000002  -0.004182 -0.017197 -1.374176
14  -0.277240 3.632248 1.274103  0.115075 0.054750 -1.366492
15  0.000002 1.798494 0.000000  0.002394 0.037772 -1.507786
16  0.000000 1.235452 -0.000001  -0.008167 -0.002510 -1.289887
17  0.315440 0.857300 0.755945  -0.761000 2.412031 -1.377325
18  0.000000 2.265939 0.000001  -0.016207 -0.064542 -1.048595
19  -0.000000 1.457813 0.000000  -0.051901 0.018546 -0.626230
20  -1.259681 3.818375 1.286946  0.115075 0.054750 -1.366492
21  -1.226391 3.891695 0.090420  0.221244 0.005544 -1.361061
22  -1.231624 3.875536 -0.958680  0.326191 -0.061560 -1.352632
23  -1.209919 3.994782 -2.003048  0.570288 -0.108989 -1.360402
24  0.328905 0.095428 1.403534  -0.761000 2.412031 -1.377326
25  -1.961488 -6.822185 17.385798  1.573820 -0.167696 -2.511522
26  13.824293 -20.103218 10.765717  -1.570796 -0.000000 -1.570796
27  -1.843768 -8.254290 -9.392370  -0.051945 -0.000000 -1.570796
28  0.433020 -11.755867 -21.000002  -0.083842 -0.009362 3.131152
29  0.000000 13.479277 -0.000002  0.167696 0.000000 0.000000
30  0.000000 13.477240 0.000001  -0.083756 0.010203 0.009620
31  0.267270 3.664728 -1.953293  -0.106568 0.025893 0.137951
32  -0.000000 1.180357 -0.000001  -0.036623 0.007435 0.177465
33  -0.000002 0.817138 0.000001  0.004200 0.011559 -0.007420
34  0.249423 3.688543 -0.940890  -0.060580 0.013550 0.130737
35  0.000001 1.800635 -0.000001  0.004940 -0.002077 0.208495
36  -0.000001 1.243411 0.000002  0.006524 0.000040 0.064626
37  0.244726 3.701097 0.087732  0.005036 -0.002373 0.139323
38  -0.000000 1.766588 -0.000002  0.002490 0.003552 0.259702
39  -0.000000 1.189003 0.000001  -0.017590 0.001952 0.152464
40  0.277239 3.632249 1.274101  0.054558 -0.010184 0.144732
41  -0.000001 1.798490 -0.000003  0.036314 -0.010668 0.285912
42  -0.000001 1.235457 0.000001  -0.005152 -0.006816 0.068190
43  -0.315441 0.857301 0.755942  1.684115 -0.560091 -1.563926
44  -0.000000 2.265939 0.000000  -0.057905 0.032805 0.238898
45  0.000001 1.457813 0.000000  -0.029609 -0.046490 -0.034285
46  1.259681 3.818376 1.286945  0.054558 -0.010184 0.144732
47  1.226391 3.891695 0.090419  0.005036 -0.002373 0.139324
48  1.231623 3.875536 -0.958680  -0.060580 0.013550 0.130737
49  1.209919 3.994783 -2.003048  -0.106568 0.025893 0.137951
50  -0.328906 0.095430 1.403531  1.684115 -0.560091 -1.563926
51  0.152561 -38.616215 -21.000004  -0.000000 0.000000 3.141593
52  0.152561 -25.166061 -36.000004  -1.570796 -0.000000 1.570796
53  0.433020 -11.755867 -21.000002  -0.051945 0.000000 1.570796
54  -6.701600 -11.361276 -10.471000  1.572640 -0.030241 -1.551675
55  9.999998 0.000001 0.000000  -0.041821 -0.000000 -0.000000
56  29.620380 2.666870 0.000001  0.000000 -0.000000 0.000000
57  3.664050 2.228526 -2.524774  1.570796 0.732815 -1.570796
58  3.490277 2.388511 1.331885  -0.000000 1.570796 0.000000
time 30
0  0 0 0  0 0 0
1  0.000000 0.000000 0.000000  1.570796 -0.000000 0.000000
2  -1.843768 -8.254290 -9.392370  1.505411 -0.038539 -2.257861
3  0.000001 13.479278 0.000001  0.204005 0.000000 -0.000000
4  0.000000 13.477237 0.000000  -0.181698 -0.231460 0.168506
5  -0.267269 3.664726 -1.953293  0.570288 -0.108989 -1.360402
6  -0.000001 1.180355 0.000000  -0.005540 -0.036957 -1.399219
7  0.000000 0.817132 -0.000001  0.012298 -0.000007 -1.214275
8  -0.249422 3.688540 -0.940889  0.326191 -0.061560 -1.352632
9  0.000002 1.800634 -0.000000  -0.000262 0.005352 -1.430231
10  0.000000 1.243406 -0.000001  0.002269 0.006116 -1.286349
11  -0.244726 3.701095 0.087733  0.221244 0.005544 -1.361061
12  0.000001 1.766585 0.000000  0.004189 0.001125 -1.481425
13  -0.000000 1.189003 -0.000000  -0.004182 -0.017197 -1.374175
14  -0.277239 3.632249 1.274103  0.115075 0.054750 -1.366492
15  0.000000 1.798494 0.000000  0.002394 0.037772 -1.507786
16  -0.000000 1.235453 -0.000001  -0.008167 -0.002510 -1.289887
17  0.315441 0.857300 0.755944  -0.761000 2.412031 -1.377325
18  0.000000 2.265940 -0.000000  -0.016207 -0.064542 -1.048595
19  0.000000 1.457810 0.000000  -0.051901 0.018546 -0.626230
20  -1.259681 3.818373 1.286946  0.115075 0.054750 -1.366492
21  -1.226390 3.891694 0.090420  0.221244 0.005544 -1.361061
22  -1.231622 3.875535 -0.958680  0.326191 -0.061560 -1.352632
23  -1.209919 3.994779 -2.003048  0.570288 -0.108989 -1.360402
24  0.328906 0.095429 1.403533  -0.761000 2.412031 -1.377325
25  -1.947670 -6.833490 17.386166  1.573903 -0.167633 -2.513956
26  13.824293 -20.103218 10.765717  -1.570796 -0.000000 -1.570796
27  -1.843768 -8.254290 -9.392370  -0.051945 -0.000000 -1.570796
28  0.433020 -11.755867 -21.000002  -0.083842 -0.009362 3.131152
29  0.000000 13.479277 -0.000002  0.167696 0.000000 0.000000
30  0.000000 13.477240 0.000001  -0.083756 0.010203 0.009620
31  0.267270 3.664728 -1.953293  -0.106568 0.025893 0.137951
32  -0.000000 1.180357 -0.000001  -0.036623 0.007435 0.177465
33  -0.000002 0.817138 0.000001  0.004200 0.011559 -0.007420
34  0.249423 3.688543 -0.940890  -0.060580 0.013550 0.130737
35  0.000001 1.800635 -0.000001  0.004940 -0.002077 0.208495
36  -0.000001 1.243411 0.000002  0.006524 0.000040 0.064626
37  0.244726 3.701097 0.087732  0.005036 -0.002373 0.139323
38  -0.000000 1.766588 -0.000002  0.002490 0.003552 0.259702
39  -0.000000 1.189003 0.000001  -0.017590 0.001952 0.152464
40  0.277239 3.632249 1.274101  0.054558 -0.010184 0.144732
41  -0.000001 1.798490 -0.000003  0.036314 -0.010668 0.285912
42  -0.000001 1.235457 0.000001  -0.005152 -0.006816 0.068190
43  -0.315441 0.857301 0.755942  1.684115 -0.560091 -1.563926
44  -0.000000 2.265939 0.000000  -0.057905 0.032805 0.238898
45  0.000001 1.457813 0.000000  -0.029609 -0.046490 -0.034285
46  1.259681 3.818376 1.286945  0.054558 -0.010184 0.144732
47  1.226391 3.891695 0.090419  0.005036 -0.002373 0.139324
48  1.231623 3.875536 -0.958680  -0.060580 0.013550 0.130737
49  1.209919 3.994783 -2.003048  -0.106568 0.025893 0.137951
50  -0.328906 0.095430 1.403531  1.684115 -0.560091 -1.563926
51  0.152561 -38.616215 -21.000004  -0.000000 0.000000 3.141593
52  0.152561 -25.166061 -36.000004  -1.570796 -0.000000 1.570796
53  0.433020 -11.755867 -21.000002  -0.051945 0.000000 1.570796
54  -6.696000 -11.361276 -10.471000  1.570219 -0.030224 -1.551701
55  10.000002 -0.000000 0.000001  -0.000000 -0.000000 -0.000000
56  29.620380 2.666870 0.000002  -0.000000 -0.000000 -0.000000
57  3.664052 2.228526 -2.524773  1.570796 0.732815 -1.570796
58  3.490279 2.388511 1.331886  0.000000 1.570796 0.000000
end
