version 1
nodes
0 "blender_implicit" -1
1 "root" -1
2 "upperarm_l" 1
3 "lowerarm_l" 2
4 "hand_l" 3
5 "pinky_0_l" 4
6 "pinky_1_l" 5
7 "pinky_2_l" 6
8 "ring_0_l" 4
9 "ring_1_l" 8
10 "ring_2_l" 9
11 "middle_0_l" 4
12 "middle_1_l" 11
13 "middle_2_l" 12
14 "index_0_l" 4
15 "index_1_l" 14
16 "index_2_l" 15
17 "thumb_0_l" 4
18 "thumb_1_l" 17
19 "thumb_2_l" 18
20 "rig_index_l" 4
21 "rig_middle_l" 4
22 "rig_ring_l" 4
23 "rig_pinky_l" 4
24 "rig_thumb_l" 4
25 "rig_hand_l" 1
26 "rig_l" 1
27 "rig_upperarm_l" 1
28 "upperarm_r" 1
29 "lowerarm_r" 28
30 "hand_r" 29
31 "pinky_0_r" 30
32 "pinky_1_r" 31
33 "pinky_2_r" 32
34 "ring_0_r" 30
35 "ring_1_r" 34
36 "ring_2_r" 35
37 "middle_0_r" 30
38 "middle_1_r" 37
39 "middle_2_r" 38
40 "index_0_r" 30
41 "index_1_r" 40
42 "index_2_r" 41
43 "thumb_0_r" 30
44 "thumb_1_r" 43
45 "thumb_2_r" 44
46 "rig_index_r" 30
47 "rig_middle_r" 30
48 "rig_ring_r" 30
49 "rig_pinky_r" 30
50 "rig_thumb_r" 30
51 "rig_hand_r" 1
52 "rig_r" 1
53 "rig_upperarm_r" 1
54 "bone_base" -1
55 "bone_barrels" 54
56 "bone_muzzle" 54
57 "bone_Ring" 54
58 "bone_ejectionPort" 54
end
skeleton
time 0
0  0 0 0  0 0 0
1  0.000000 0.000000 0.000000  1.570796 -0.000000 0.000000
2  -1.843768 -8.254290 -9.392370  1.505411 -0.038539 -2.257861
3  0.000001 13.479278 0.000001  0.204005 0.000000 -0.000000
4  0.000000 13.477237 0.000000  -0.181698 -0.231460 0.168506
5  -0.267269 3.664726 -1.953293  0.570288 -0.108989 -1.360402
6  -0.000001 1.180355 0.000000  -0.005540 -0.036957 -1.399219
7  0.000000 0.817132 -0.000001  0.012298 -0.000007 -1.214275
8  -0.249422 3.688540 -0.940889  0.326191 -0.061560 -1.352632
9  0.000002 1.800634 -0.000000  -0.000262 0.005352 -1.430231
10  0.000000 1.243406 -0.000001  0.002269 0.006116 -1.286349
11  -0.244726 3.701095 0.087733  0.221244 0.005544 -1.361061
12  0.000001 1.766585 0.000000  0.004189 0.001125 -1.481425
13  -0.000000 1.189003 -0.000000  -0.004182 -0.017197 -1.374175
14  -0.277239 3.632249 1.274103  0.115075 0.054750 -1.366492
15  0.000000 1.798494 0.000000  0.002394 0.037772 -1.507786
16  -0.000000 1.235453 -0.000001  -0.008167 -0.002510 -1.289887
17  0.315441 0.857300 0.755944  -0.761000 2.412031 -1.377325
18  -0.000000 2.265941 -0.000000  -0.016207 -0.064542 -1.048595
19  -0.000001 1.457811 0.000000  -0.051901 0.018546 -0.626230
20  -1.259681 3.818373 1.286946  0.115075 0.054750 -1.366492
21  -1.226390 3.891694 0.090420  0.221244 0.005544 -1.361061
22  -1.231622 3.875535 -0.958680  0.326191 -0.061560 -1.352632
23  -1.209919 3.994779 -2.003048  0.570288 -0.108989 -1.360402
24  0.328906 0.095429 1.403533  -0.761000 2.412031 -1.377325
25  -1.947670 -6.833490 17.386166  1.573903 -0.167633 -2.513956
26  13.824293 -20.103218 10.765717  -1.570796 -0.000000 -1.570796
27  -1.843768 -8.254290 -9.392370  -0.051945 -0.000000 -1.570796
28  0.433020 -11.755867 -21.000002  -0.083842 -0.009362 3.131152
29  0.000000 13.479277 -0.000002  0.167696 0.000000 0.000000
30  0.000000 13.477240 0.000001  -0.083756 0.010203 0.009620
31  0.267270 3.664728 -1.953293  -0.106568 0.025893 0.137951
32  -0.000000 1.180357 -0.000001  -0.036623 0.007435 0.177465
33  -0.000002 0.817138 0.000001  0.004200 0.011559 -0.007420
34  0.249423 3.688543 -0.940890  -0.060580 0.013550 0.130737
35  0.000001 1.800635 -0.000001  0.004940 -0.002077 0.208495
36  -0.000001 1.243411 0.000002  0.006524 0.000040 0.064626
37  0.244726 3.701097 0.087732  0.005036 -0.002373 0.139323
38  -0.000000 1.766588 -0.000002  0.002490 0.003552 0.259702
39  -0.000000 1.189003 0.000001  -0.017590 0.001952 0.152464
40  0.277239 3.632249 1.274101  0.054558 -0.010184 0.144732
41  -0.000001 1.798490 -0.000003  0.036314 -0.010668 0.285912
42  -0.000001 1.235457 0.000001  -0.005152 -0.006816 0.068190
43  -0.315441 0.857301 0.755942  1.684115 -0.560091 -1.563926
44  -0.000000 2.265939 0.000000  -0.057905 0.032805 0.238898
45  0.000001 1.457813 0.000000  -0.029609 -0.046490 -0.034285
46  1.259681 3.818376 1.286945  0.054558 -0.010184 0.144732
47  1.226391 3.891695 0.090419  0.005036 -0.002373 0.139324
48  1.231623 3.875536 -0.958680  -0.060580 0.013550 0.130737
49  1.209919 3.994783 -2.003048  -0.106568 0.025893 0.137951
50  -0.328906 0.095430 1.403531  1.684115 -0.560091 -1.563926
51  0.152561 -38.616215 -21.000004  -0.000000 0.000000 3.141593
52  0.152561 -25.166061 -36.000004  -1.570796 -0.000000 1.570796
53  0.433020 -11.755867 -21.000002  -0.051945 0.000000 1.570796
54  -6.696000 -11.361276 -10.471000  1.570219 -0.030224 -1.551701
55  10.000002 -0.000000 0.000001  -0.000000 -0.000000 -0.000000
56  29.620380 2.666869 0.000001  -0.000000 -0.000000 -0.000000
57  3.664052 2.228526 -2.524773  1.570796 0.732815 -1.570796
58  3.490278 2.388510 1.331886  0.000000 1.570796 0.000000
time 1
0  0 0 0  0 0 0
1  0.000000 0.000000 0.000000  1.570796 -0.000000 0.000000
2  -1.843768 -8.254290 -9.392370  1.504928 -0.038499 -2.257821
3  0.000002 13.479278 0.000000  0.204488 -0.000000 -0.000000
4  -0.000001 13.477242 -0.000001  -0.181993 -0.232475 0.168810
5  -0.267269 3.664726 -1.953294  0.570287 -0.108989 -1.360402
6  0.000001 1.180354 -0.000000  -0.005540 -0.036957 -1.399218
7  -0.000001 0.817133 0.000001  0.012298 -0.000007 -1.214275
8  -0.249422 3.688543 -0.940889  0.326191 -0.061560 -1.352632
9  0.000002 1.800633 -0.000000  -0.000262 0.005352 -1.430231
10  0.000001 1.243409 -0.000001  0.002269 0.006116 -1.286349
11  -0.244726 3.701097 0.087733  0.221244 0.005544 -1.361062
12  0.000002 1.766585 -0.000000  0.004189 0.001125 -1.481426
13  0.000001 1.189006 -0.000000  -0.004182 -0.017197 -1.374176
14  -0.277239 3.632248 1.274101  0.115075 0.054750 -1.366492
15  0.000002 1.798495 -0.000000  0.002394 0.037772 -1.507786
16  0.000001 1.235451 -0.000000  -0.008167 -0.002510 -1.289887
17  0.315442 0.857302 0.755943  -0.761000 2.412031 -1.377325
18  0.000000 2.265941 -0.000000  -0.016207 -0.064542 -1.048595
19  0.000000 1.457808 0.000001  -0.051901 0.018546 -0.626230
20  -1.259681 3.818376 1.286945  0.115075 0.054750 -1.366492
21  -1.226390 3.891694 0.090419  0.221244 0.005544 -1.361061
22  -1.231623 3.875535 -0.958681  0.326191 -0.061560 -1.352632
23  -1.209919 3.994783 -2.003048  0.570288 -0.108989 -1.360402
24  0.328907 0.095429 1.403532  -0.761000 2.412031 -1.377325
25  -1.943396 -6.838440 17.385778  1.573848 -0.167699 -2.514981
26  13.824293 -20.103218 10.765717  -1.570796 -0.000000 -1.570796
27  -1.843768 -8.254290 -9.392370  -0.051945 -0.000000 -1.570796
28  0.433020 -11.755867 -21.000002  -0.083842 -0.009362 3.131152
29  0.000000 13.479277 -0.000002  0.167696 0.000000 0.000000
30  0.000000 13.477240 0.000001  -0.083756 0.010203 0.009620
31  0.267270 3.664728 -1.953293  -0.106568 0.025893 0.137951
32  -0.000000 1.180357 -0.000001  -0.036623 0.007435 0.177465
33  -0.000002 0.817138 0.000001  0.004200 0.011559 -0.007420
34  0.249423 3.688543 -0.940890  -0.060580 0.013550 0.130737
35  0.000001 1.800635 -0.000001  0.004940 -0.002077 0.208495
36  -0.000001 1.243411 0.000002  0.006524 0.000040 0.064626
37  0.244726 3.701097 0.087732  0.005036 -0.002373 0.139323
38  -0.000000 1.766588 -0.000002  0.002490 0.003552 0.259702
39  -0.000000 1.189003 0.000001  -0.017590 0.001952 0.152464
40  0.277239 3.632249 1.274101  0.054558 -0.010184 0.144732
41  -0.000001 1.798490 -0.000003  0.036314 -0.010668 0.285912
42  -0.000001 1.235457 0.000001  -0.005152 -0.006816 0.068190
43  -0.315441 0.857301 0.755942  1.684115 -0.560091 -1.563926
44  -0.000000 2.265939 0.000000  -0.057905 0.032805 0.238898
45  0.000001 1.457813 0.000000  -0.029609 -0.046490 -0.034285
46  1.259681 3.818376 1.286945  0.054558 -0.010184 0.144732
47  1.226391 3.891695 0.090419  0.005036 -0.002373 0.139324
48  1.231623 3.875536 -0.958680  -0.060580 0.013550 0.130737
49  1.209919 3.994783 -2.003048  -0.106568 0.025893 0.137951
50  -0.328906 0.095430 1.403531  1.684115 -0.560091 -1.563926
51  0.152561 -38.616215 -21.000004  -0.000000 0.000000 3.141593
52  0.152561 -25.166061 -36.000004  -1.570796 -0.000000 1.570796
53  0.433020 -11.755867 -21.000002  -0.051945 0.000000 1.570796
54  -6.696000 -11.361276 -10.471000  1.569185 -0.030198 -1.551584
55  10.000001 0.000001 -0.000000  -0.000000 -0.000000 -0.000000
56  29.620382 2.666870 -0.000001  -0.000000 -0.000000 -0.000000
57  3.664052 2.228526 -2.524774  1.570796 0.732815 -1.570796
58  3.490277 2.388510 1.331885  0.000000 1.570796 0.000000
time 2
0  0 0 0  0 0 0
1  0.000000 0.000000 0.000000  1.570796 -0.000000 0.000000
2  -1.843768 -8.254290 -9.392370  1.504491 -0.038450 -2.257770
3  0.000001 13.479278 -0.000000  0.204855 0.000000 -0.000000
4  0.000001 13.477238 0.000000  -0.182254 -0.233533 0.169084
5  -0.267269 3.664727 -1.953293  0.570288 -0.108989 -1.360402
6  -0.000001 1.180355 -0.000001  -0.005540 -0.036957 -1.399219
7  -0.000002 0.817136 -0.000000  0.012298 -0.000007 -1.214275
8  -0.249423 3.688541 -0.940889  0.326191 -0.061559 -1.352632
9  -0.000000 1.800633 -0.000000  -0.000262 0.005352 -1.430232
10  0.000000 1.243404 0.000000  0.002269 0.006116 -1.286349
11  -0.244727 3.701097 0.087733  0.221244 0.005544 -1.361062
12  0.000003 1.766585 0.000000  0.004189 0.001125 -1.481426
13  0.000000 1.189006 0.000000  -0.004182 -0.017197 -1.374176
14  -0.277239 3.632250 1.274102  0.115075 0.054750 -1.366492
15  -0.000000 1.798496 0.000000  0.002394 0.037772 -1.507786
16  0.000000 1.235452 0.000001  -0.008167 -0.002510 -1.289887
17  0.315441 0.857298 0.755944  -0.761000 2.412031 -1.377326
18  0.000001 2.265940 0.000000  -0.016207 -0.064542 -1.048595
19  0.000000 1.457811 0.000001  -0.051901 0.018546 -0.626230
20  -1.259681 3.818374 1.286945  0.115075 0.054750 -1.366492
21  -1.226391 3.891694 0.090419  0.221244 0.005544 -1.361061
22  -1.231624 3.875534 -0.958680  0.326191 -0.061560 -1.352632
23  -1.209920 3.994783 -2.003048  0.570288 -0.108989 -1.360402
24  0.328906 0.095430 1.403532  -0.761000 2.412031 -1.377326
25  -1.939037 -6.843806 17.385572  1.573751 -0.167736 -2.516024
26  13.824293 -20.103218 10.765717  -1.570796 -0.000000 -1.570796
27  -1.843768 -8.254290 -9.392370  -0.051945 -0.000000 -1.570796
28  0.433020 -11.755867 -21.000002  -0.083842 -0.009362 3.131152
29  0.000000 13.479277 -0.000002  0.167696 0.000000 0.000000
30  0.000000 13.477240 0.000001  -0.083756 0.010203 0.009620
31  0.267270 3.664728 -1.953293  -0.106568 0.025893 0.137951
32  -0.000000 1.180357 -0.000001  -0.036623 0.007435 0.177465
33  -0.000002 0.817138 0.000001  0.004200 0.011559 -0.007420
34  0.249423 3.688543 -0.940890  -0.060580 0.013550 0.130737
35  0.000001 1.800635 -0.000001  0.004940 -0.002077 0.208495
36  -0.000001 1.243411 0.000002  0.006524 0.000040 0.064626
37  0.244726 3.701097 0.087732  0.005036 -0.002373 0.139323
38  -0.000000 1.766588 -0.000002  0.002490 0.003552 0.259702
39  -0.000000 1.189003 0.000001  -0.017590 0.001952 0.152464
40  0.277239 3.632249 1.274101  0.054558 -0.010184 0.144732
41  -0.000001 1.798490 -0.000003  0.036314 -0.010668 0.285912
42  -0.000001 1.235457 0.000001  -0.005152 -0.006816 0.068190
43  -0.315441 0.857301 0.755942  1.684115 -0.560091 -1.563926
44  -0.000000 2.265939 0.000000  -0.057905 0.032805 0.238898
45  0.000001 1.457813 0.000000  -0.029609 -0.046490 -0.034285
46  1.259681 3.818376 1.286945  0.054558 -0.010184 0.144732
47  1.226391 3.891695 0.090419  0.005036 -0.002373 0.139324
48  1.231623 3.875536 -0.958680  -0.060580 0.013550 0.130737
49  1.209919 3.994783 -2.003048  -0.106568 0.025893 0.137951
50  -0.328906 0.095430 1.403531  1.684115 -0.560091 -1.563926
51  0.152561 -38.616215 -21.000004  -0.000000 0.000000 3.141593
52  0.152561 -25.166061 -36.000004  -1.570796 -0.000000 1.570796
53  0.433020 -11.755867 -21.000002  -0.051945 0.000000 1.570796
54  -6.696000 -11.361276 -10.471000  1.568127 -0.030123 -1.551467
55  10.000001 -0.000000 0.000001  -0.000000 -0.000000 -0.000000
56  29.620380 2.666868 0.000001  -0.000000 -0.000000 -0.000000
57  3.664052 2.228525 -2.524773  1.570796 0.732815 -1.570796
58  3.490277 2.388509 1.331886  -0.000000 1.570796 0.000000
time 3
0  0 0 0  0 0 0
1  0.000000 0.000000 0.000000  1.570796 -0.000000 0.000000
2  -1.843768 -8.254290 -9.392370  1.504097 -0.038391 -2.257710
3  0.000001 13.479279 0.000000  0.205112 0.000000 -0.000000
4  -0.000000 13.477241 0.000000  -0.182486 -0.234626 0.169328
5  -0.267270 3.664727 -1.953293  0.570288 -0.108989 -1.360402
6  -0.000002 1.180355 -0.000000  -0.005540 -0.036957 -1.399219
7  0.000001 0.817136 0.000001  0.012298 -0.000007 -1.214275
8  -0.249423 3.688543 -0.940889  0.326191 -0.061560 -1.352632
9  -0.000000 1.800632 -0.000001  -0.000262 0.005352 -1.430231
10  -0.000001 1.243404 0.000001  0.002269 0.006116 -1.286349
11  -0.244726 3.701097 0.087733  0.221244 0.005544 -1.361062
12  -0.000001 1.766586 0.000000  0.004189 0.001125 -1.481426
13  -0.000000 1.189004 0.000000  -0.004182 -0.017197 -1.374176
14  -0.277239 3.632249 1.274102  0.115075 0.054750 -1.366492
15  0.000001 1.798493 0.000001  0.002394 0.037772 -1.507786
16  -0.000000 1.235453 0.000000  -0.008167 -0.002510 -1.289887
17  0.315441 0.857300 0.755943  -0.761000 2.412031 -1.377325
18  -0.000001 2.265938 -0.000000  -0.016207 -0.064542 -1.048595
19  -0.000000 1.457812 0.000000  -0.051901 0.018546 -0.626230
20  -1.259681 3.818376 1.286946  0.115075 0.054750 -1.366492
21  -1.226391 3.891694 0.090419  0.221244 0.005544 -1.361061
22  -1.231623 3.875533 -0.958680  0.326191 -0.061560 -1.352632
23  -1.209920 3.994780 -2.003047  0.570288 -0.108989 -1.360402
24  0.328906 0.095429 1.403533  -0.761000 2.412031 -1.377325
25  -1.934622 -6.849542 17.385534  1.573617 -0.167745 -2.517077
26  13.824293 -20.103218 10.765717  -1.570796 -0.000000 -1.570796
27  -1.843768 -8.254290 -9.392370  -0.051945 -0.000000 -1.570796
28  0.433020 -11.755867 -21.000002  -0.083842 -0.009362 3.131152
29  0.000000 13.479277 -0.000002  0.167696 0.000000 0.000000
30  0.000000 13.477240 0.000001  -0.083756 0.010203 0.009620
31  0.267270 3.664728 -1.953293  -0.106568 0.025893 0.137951
32  -0.000000 1.180357 -0.000001  -0.036623 0.007435 0.177465
33  -0.000002 0.817138 0.000001  0.004200 0.011559 -0.007420
34  0.249423 3.688543 -0.940890  -0.060580 0.013550 0.130737
35  0.000001 1.800635 -0.000001  0.004940 -0.002077 0.208495
36  -0.000001 1.243411 0.000002  0.006524 0.000040 0.064626
37  0.244726 3.701097 0.087732  0.005036 -0.002373 0.139323
38  -0.000000 1.766588 -0.000002  0.002490 0.003552 0.259702
39  -0.000000 1.189003 0.000001  -0.017590 0.001952 0.152464
40  0.277239 3.632249 1.274101  0.054558 -0.010184 0.144732
41  -0.000001 1.798490 -0.000003  0.036314 -0.010668 0.285912
42  -0.000001 1.235457 0.000001  -0.005152 -0.006816 0.068190
43  -0.315441 0.857301 0.755942  1.684115 -0.560091 -1.563926
44  -0.000000 2.265939 0.000000  -0.057905 0.032805 0.238898
45  0.000001 1.457813 0.000000  -0.029609 -0.046490 -0.034285
46  1.259681 3.818376 1.286945  0.054558 -0.010184 0.144732
47  1.226391 3.891695 0.090419  0.005036 -0.002373 0.139324
48  1.231623 3.875536 -0.958680  -0.060580 0.013550 0.130737
49  1.209919 3.994783 -2.003048  -0.106568 0.025893 0.137951
50  -0.328906 0.095430 1.403531  1.684115 -0.560091 -1.563926
51  0.152561 -38.616215 -21.000004  -0.000000 0.000000 3.141593
52  0.152561 -25.166061 -36.000004  -1.570796 -0.000000 1.570796
53  0.433020 -11.755867 -21.000002  -0.051945 0.000000 1.570796
54  -6.696000 -11.361276 -10.471000  1.567052 -0.030000 -1.551349
55  9.999998 0.000001 0.000000  -0.000000 0.000000 -0.000000
56  29.620378 2.666870 0.000000  -0.000000 0.000000 -0.000000
57  3.664051 2.228527 -2.524773  1.570796 0.732815 -1.570796
58  3.490276 2.388510 1.331885  0.000000 1.570796 0.000000
time 4
0  0 0 0  0 0 0
1  0.000000 0.000000 0.000000  1.570796 -0.000000 0.000000
2  -1.843768 -8.254290 -9.392370  1.503749 -0.038324 -2.257640
3  0.000002 13.479277 0.000000  0.205261 0.000000 -0.000000
4  0.000001 13.477242 0.000000  -0.182686 -0.235746 0.169541
5  -0.267270 3.664729 -1.953292  0.570287 -0.108989 -1.360402
6  -0.000000 1.180354 0.000000  -0.005540 -0.036957 -1.399219
7  0.000001 0.817137 -0.000000  0.012298 -0.000007 -1.214275
8  -0.249423 3.688542 -0.940889  0.326191 -0.061559 -1.352632
9  -0.000000 1.800631 0.000000  -0.000262 0.005352 -1.430231
10  -0.000001 1.243405 0.000001  0.002269 0.006116 -1.286349
11  -0.244726 3.701096 0.087732  0.221244 0.005544 -1.361062
12  0.000000 1.766583 0.000000  0.004189 0.001125 -1.481426
13  -0.000001 1.189003 -0.000001  -0.004182 -0.017197 -1.374176
14  -0.277239 3.632249 1.274102  0.115075 0.054750 -1.366492
15  0.000001 1.798494 -0.000000  0.002394 0.037772 -1.507786
16  0.000001 1.235451 0.000000  -0.008167 -0.002510 -1.289887
17  0.315441 0.857301 0.755944  -0.761000 2.412031 -1.377325
18  0.000000 2.265940 0.000001  -0.016207 -0.064542 -1.048595
19  -0.000000 1.457811 0.000000  -0.051901 0.018546 -0.626230
20  -1.259681 3.818377 1.286946  0.115075 0.054750 -1.366492
21  -1.226391 3.891693 0.090419  0.221244 0.005544 -1.361061
22  -1.231623 3.875536 -0.958680  0.326191 -0.061560 -1.352632
23  -1.209919 3.994783 -2.003048  0.570287 -0.108989 -1.360402
24  0.328906 0.095430 1.403532  -0.761000 2.412031 -1.377325
25  -1.930178 -6.855601 17.385660  1.573445 -0.167729 -2.518135
26  13.824293 -20.103218 10.765717  -1.570796 -0.000000 -1.570796
27  -1.843768 -8.254290 -9.392370  -0.051945 -0.000000 -1.570796
28  0.433020 -11.755867 -21.000002  -0.083842 -0.009362 3.131152
29  0.000000 13.479277 -0.000002  0.167696 0.000000 0.000000
30  0.000000 13.477240 0.000001  -0.083756 0.010203 0.009620
31  0.267270 3.664728 -1.953293  -0.106568 0.025893 0.137951
32  -0.000000 1.180357 -0.000001  -0.036623 0.007435 0.177465
33  -0.000002 0.817138 0.000001  0.004200 0.011559 -0.007420
34  0.249423 3.688543 -0.940890  -0.060580 0.013550 0.130737
35  0.000001 1.800635 -0.000001  0.004940 -0.002077 0.208495
36  -0.000001 1.243411 0.000002  0.006524 0.000040 0.064626
37  0.244726 3.701097 0.087732  0.005036 -0.002373 0.139323
38  -0.000000 1.766588 -0.000002  0.002490 0.003552 0.259702
39  -0.000000 1.189003 0.000001  -0.017590 0.001952 0.152464
40  0.277239 3.632249 1.274101  0.054558 -0.010184 0.144732
41  -0.000001 1.798490 -0.000003  0.036314 -0.010668 0.285912
42  -0.000001 1.235457 0.000001  -0.005152 -0.006816 0.068190
43  -0.315441 0.857301 0.755942  1.684115 -0.560091 -1.563926
44  -0.000000 2.265939 0.000000  -0.057905 0.032805 0.238898
45  0.000001 1.457813 0.000000  -0.029609 -0.046490 -0.034285
46  1.259681 3.818376 1.286945  0.054558 -0.010184 0.144732
47  1.226391 3.891695 0.090419  0.005036 -0.002373 0.139324
48  1.231623 3.875536 -0.958680  -0.060580 0.013550 0.130737
49  1.209919 3.994783 -2.003048  -0.106568 0.025893 0.137951
50  -0.328906 0.095430 1.403531  1.684115 -0.560091 -1.563926
51  0.152561 -38.616215 -21.000004  -0.000000 0.000000 3.141593
52  0.152561 -25.166061 -36.000004  -1.570796 -0.000000 1.570796
53  0.433020 -11.755867 -21.000002  -0.051945 0.000000 1.570796
54  -6.696000 -11.361276 -10.471000  1.565969 -0.029832 -1.551231
55  9.999999 0.000002 0.000000  -0.000000 -0.000000 -0.000000
56  29.620377 2.666870 0.000000  -0.000000 -0.000000 -0.000000
57  3.664052 2.228527 -2.524774  1.570796 0.732815 -1.570796
58  3.490276 2.388511 1.331885  0.000000 1.570796 0.000000
time 5
0  0 0 0  0 0 0
1  0.000000 0.000000 0.000000  1.570796 -0.000000 0.000000
2  -1.843768 -8.254290 -9.392370  1.503445 -0.038249 -2.257563
3  0.000002 13.479277 -0.000001  0.205305 0.000000 -0.000000
4  0.000000 13.477240 -0.000000  -0.182857 -0.236884 0.169722
5  -0.267270 3.664726 -1.953293  0.570287 -0.108989 -1.360402
6  -0.000001 1.180355 0.000000  -0.005540 -0.036957 -1.399219
7  -0.000000 0.817137 -0.000000  0.012298 -0.000007 -1.214275
8  -0.249423 3.688540 -0.940889  0.326191 -0.061559 -1.352632
9  0.000002 1.800634 0.000001  -0.000262 0.005352 -1.430231
10  0.000001 1.243404 -0.000002  0.002269 0.006116 -1.286349
11  -0.244727 3.701095 0.087733  0.221244 0.005544 -1.361061
12  0.000003 1.766584 -0.000000  0.004189 0.001125 -1.481426
13  0.000000 1.189005 0.000000  -0.004182 -0.017197 -1.374176
14  -0.277240 3.632247 1.274102  0.115075 0.054750 -1.366492
15  0.000001 1.798495 0.000000  0.002394 0.037772 -1.507786
16  0.000001 1.235451 -0.000001  -0.008167 -0.002510 -1.289887
17  0.315441 0.857299 0.755943  -0.761000 2.412031 -1.377325
18  -0.000000 2.265938 -0.000000  -0.016207 -0.064542 -1.048595
19  0.000000 1.457812 0.000000  -0.051901 0.018546 -0.626230
20  -1.259682 3.818376 1.286945  0.115075 0.054750 -1.366492
21  -1.226391 3.891694 0.090419  0.221244 0.005544 -1.361061
22  -1.231624 3.875535 -0.958681  0.326191 -0.061560 -1.352632
23  -1.209919 3.994782 -2.003048  0.570288 -0.108989 -1.360402
24  0.328905 0.095429 1.403532  -0.761000 2.412031 -1.377325
25  -1.925734 -6.861936 17.385942  1.573239 -0.167687 -2.519190
26  13.824293 -20.103218 10.765717  -1.570796 -0.000000 -1.570796
27  -1.843768 -8.254290 -9.392370  -0.051945 -0.000000 -1.570796
28  0.433020 -11.755867 -21.000002  -0.083842 -0.009362 3.131152
29  0.000000 13.479277 -0.000002  0.167696 0.000000 0.000000
30  0.000000 13.477240 0.000001  -0.083756 0.010203 0.009620
31  0.267270 3.664728 -1.953293  -0.106568 0.025893 0.137951
32  -0.000000 1.180357 -0.000001  -0.036623 0.007435 0.177465
33  -0.000002 0.817138 0.000001  0.004200 0.011559 -0.007420
34  0.249423 3.688543 -0.940890  -0.060580 0.013550 0.130737
35  0.000001 1.800635 -0.000001  0.004940 -0.002077 0.208495
36  -0.000001 1.243411 0.000002  0.006524 0.000040 0.064626
37  0.244726 3.701097 0.087732  0.005036 -0.002373 0.139323
38  -0.000000 1.766588 -0.000002  0.002490 0.003552 0.259702
39  -0.000000 1.189003 0.000001  -0.017590 0.001952 0.152464
40  0.277239 3.632249 1.274101  0.054558 -0.010184 0.144732
41  -0.000001 1.798490 -0.000003  0.036314 -0.010668 0.285912
42  -0.000001 1.235457 0.000001  -0.005152 -0.006816 0.068190
43  -0.315441 0.857301 0.755942  1.684115 -0.560091 -1.563926
44  -0.000000 2.265939 0.000000  -0.057905 0.032805 0.238898
45  0.000001 1.457813 0.000000  -0.029609 -0.046490 -0.034285
46  1.259681 3.818376 1.286945  0.054558 -0.010184 0.144732
47  1.226391 3.891695 0.090419  0.005036 -0.002373 0.139324
48  1.231623 3.875536 -0.958680  -0.060580 0.013550 0.130737
49  1.209919 3.994783 -2.003048  -0.106568 0.025893 0.137951
50  -0.328906 0.095430 1.403531  1.684115 -0.560091 -1.563926
51  0.152561 -38.616215 -21.000004  -0.000000 0.000000 3.141593
52  0.152561 -25.166061 -36.000004  -1.570796 -0.000000 1.570796
53  0.433020 -11.755867 -21.000002  -0.051945 0.000000 1.570796
54  -6.696000 -11.361276 -10.471000  1.564883 -0.029621 -1.551115
55  10.000004 0.000001 0.000001  -0.000000 0.000000 -0.000000
56  29.620384 2.666869 0.000001  -0.000000 0.000000 -0.000000
57  3.664053 2.228526 -2.524773  1.570796 0.732815 -1.570796
58  3.490279 2.388510 1.331886  0.000000 1.570796 0.000000
time 6
0  0 0 0  0 0 0
1  0.000000 0.000000 0.000000  1.570796 -0.000000 0.000000
2  -1.843768 -8.254290 -9.392370  1.503187 -0.038166 -2.257478
3  0.000001 13.479279 -0.000001  0.205250 0.000000 -0.000000
4  0.000001 13.477236 0.000001  -0.182998 -0.238034 0.169873
5  -0.267269 3.664727 -1.953292  0.570288 -0.108989 -1.360402
6  0.000001 1.180355 0.000001  -0.005540 -0.036957 -1.399218
7  -0.000001 0.817134 0.000000  0.012298 -0.000007 -1.214275
8  -0.249422 3.688540 -0.940888  0.326191 -0.061560 -1.352632
9  -0.000001 1.800633 -0.000001  -0.000262 0.005352 -1.430231
10  -0.000000 1.243407 -0.000000  0.002269 0.006116 -1.286349
11  -0.244726 3.701097 0.087734  0.221244 0.005544 -1.361062
12  0.000001 1.766585 -0.000001  0.004189 0.001125 -1.481426
13  0.000000 1.189002 0.000001  -0.004182 -0.017197 -1.374176
14  -0.277238 3.632249 1.274102  0.115075 0.054750 -1.366492
15  0.000001 1.798493 -0.000001  0.002394 0.037772 -1.507786
16  -0.000000 1.235452 -0.000000  -0.008167 -0.002510 -1.289887
17  0.315442 0.857301 0.755944  -0.761000 2.412031 -1.377325
18  0.000004 2.265940 0.000001  -0.016207 -0.064542 -1.048595
19  0.000001 1.457811 -0.000000  -0.051901 0.018546 -0.626230
20  -1.259681 3.818374 1.286946  0.115075 0.054750 -1.366492
21  -1.226390 3.891694 0.090420  0.221244 0.005544 -1.361061
22  -1.231622 3.875536 -0.958680  0.326191 -0.061560 -1.352632
23  -1.209918 3.994784 -2.003047  0.570288 -0.108989 -1.360402
24  0.328906 0.095429 1.403533  -0.761000 2.412031 -1.377325
25  -1.921318 -6.868502 17.386374  1.573001 -0.167620 -2.520236
26  13.824293 -20.103218 10.765717  -1.570796 -0.000000 -1.570796
27  -1.843768 -8.254290 -9.392370  -0.051945 -0.000000 -1.570796
28  0.433020 -11.755867 -21.000002  -0.083842 -0.009362 3.131152
29  0.000000 13.479277 -0.000002  0.167696 0.000000 0.000000
30  0.000000 13.477240 0.000001  -0.083756 0.010203 0.009620
31  0.267270 3.664728 -1.953293  -0.106568 0.025893 0.137951
32  -0.000000 1.180357 -0.000001  -0.036623 0.007435 0.177465
33  -0.000002 0.817138 0.000001  0.004200 0.011559 -0.007420
34  0.249423 3.688543 -0.940890  -0.060580 0.013550 0.130737
35  0.000001 1.800635 -0.000001  0.004940 -0.002077 0.208495
36  -0.000001 1.243411 0.000002  0.006524 0.000040 0.064626
37  0.244726 3.701097 0.087732  0.005036 -0.002373 0.139323
38  -0.000000 1.766588 -0.000002  0.002490 0.003552 0.259702
39  -0.000000 1.189003 0.000001  -0.017590 0.001952 0.152464
40  0.277239 3.632249 1.274101  0.054558 -0.010184 0.144732
41  -0.000001 1.798490 -0.000003  0.036314 -0.010668 0.285912
42  -0.000001 1.235457 0.000001  -0.005152 -0.006816 0.068190
43  -0.315441 0.857301 0.755942  1.684115 -0.560091 -1.563926
44  -0.000000 2.265939 0.000000  -0.057905 0.032805 0.238898
45  0.000001 1.457813 0.000000  -0.029609 -0.046490 -0.034285
46  1.259681 3.818376 1.286945  0.054558 -0.010184 0.144732
47  1.226391 3.891695 0.090419  0.005036 -0.002373 0.139324
48  1.231623 3.875536 -0.958680  -0.060580 0.013550 0.130737
49  1.209919 3.994783 -2.003048  -0.106568 0.025893 0.137951
50  -0.328906 0.095430 1.403531  1.684115 -0.560091 -1.563926
51  0.152561 -38.616215 -21.000004  -0.000000 0.000000 3.141593
52  0.152561 -25.166061 -36.000004  -1.570796 -0.000000 1.570796
53  0.433020 -11.755867 -21.000002  -0.051945 0.000000 1.570796
54  -6.696000 -11.361276 -10.471000  1.563801 -0.029370 -1.551000
55  10.000002 0.000001 0.000001  -0.000000 0.000000 -0.000000
56  29.620378 2.666870 0.000000  -0.000000 0.000000 -0.000000
57  3.664052 2.228525 -2.524772  1.570796 0.732815 -1.570796
58  3.490278 2.388511 1.331886  0.000000 1.570796 0.000000
time 7
0  0 0 0  0 0 0
1  0.000000 0.000000 0.000000  1.570796 -0.000000 0.000000
2  -1.843768 -8.254290 -9.392370  1.502976 -0.038077 -2.257386
3  0.000001 13.479277 0.000001  0.205094 0.000000 -0.000000
4  0.000001 13.477238 -0.000000  -0.183108 -0.239188 0.169992
5  -0.267270 3.664726 -1.953293  0.570287 -0.108989 -1.360402
6  -0.000000 1.180355 -0.000000  -0.005540 -0.036957 -1.399219
7  -0.000001 0.817135 -0.000000  0.012298 -0.000007 -1.214275
8  -0.249423 3.688543 -0.940889  0.326191 -0.061560 -1.352632
9  0.000003 1.800632 0.000000  -0.000262 0.005352 -1.430231
10  -0.000001 1.243408 0.000001  0.002269 0.006116 -1.286349
11  -0.244726 3.701097 0.087732  0.221244 0.005544 -1.361062
12  0.000001 1.766584 0.000001  0.004189 0.001125 -1.481426
13  -0.000001 1.189005 -0.000001  -0.004182 -0.017197 -1.374176
14  -0.277240 3.632247 1.274102  0.115075 0.054750 -1.366492
15  0.000001 1.798493 0.000000  0.002394 0.037772 -1.507786
16  -0.000000 1.235450 -0.000001  -0.008167 -0.002510 -1.289887
17  0.315441 0.857300 0.755943  -0.761000 2.412031 -1.377325
18  0.000001 2.265939 0.000000  -0.016207 -0.064542 -1.048595
19  -0.000001 1.457812 -0.000000  -0.051901 0.018546 -0.626230
20  -1.259681 3.818374 1.286945  0.115075 0.054750 -1.366492
21  -1.226390 3.891696 0.090419  0.221244 0.005544 -1.361061
22  -1.231623 3.875534 -0.958681  0.326191 -0.061560 -1.352632
23  -1.209919 3.994783 -2.003048  0.570287 -0.108989 -1.360402
24  0.328906 0.095430 1.403532  -0.761000 2.412031 -1.377325
25  -1.916959 -6.875250 17.386950  1.572731 -0.167531 -2.521266
26  13.824293 -20.103218 10.765717  -1.570796 -0.000000 -1.570796
27  -1.843768 -8.254290 -9.392370  -0.051945 -0.000000 -1.570796
28  0.433020 -11.755867 -21.000002  -0.083842 -0.009362 3.131152
29  0.000000 13.479277 -0.000002  0.167696 0.000000 0.000000
30  0.000000 13.477240 0.000001  -0.083756 0.010203 0.009620
31  0.267270 3.664728 -1.953293  -0.106568 0.025893 0.137951
32  -0.000000 1.180357 -0.000001  -0.036623 0.007435 0.177465
33  -0.000002 0.817138 0.000001  0.004200 0.011559 -0.007420
34  0.249423 3.688543 -0.940890  -0.060580 0.013550 0.130737
35  0.000001 1.800635 -0.000001  0.004940 -0.002077 0.208495
36  -0.000001 1.243411 0.000002  0.006524 0.000040 0.064626
37  0.244726 3.701097 0.087732  0.005036 -0.002373 0.139323
38  -0.000000 1.766588 -0.000002  0.002490 0.003552 0.259702
39  -0.000000 1.189003 0.000001  -0.017590 0.001952 0.152464
40  0.277239 3.632249 1.274101  0.054558 -0.010184 0.144732
41  -0.000001 1.798490 -0.000003  0.036314 -0.010668 0.285912
42  -0.000001 1.235457 0.000001  -0.005152 -0.006816 0.068190
43  -0.315441 0.857301 0.755942  1.684115 -0.560091 -1.563926
44  -0.000000 2.265939 0.000000  -0.057905 0.032805 0.238898
45  0.000001 1.457813 0.000000  -0.029609 -0.046490 -0.034285
46  1.259681 3.818376 1.286945  0.054558 -0.010184 0.144732
47  1.226391 3.891695 0.090419  0.005036 -0.002373 0.139324
48  1.231623 3.875536 -0.958680  -0.060580 0.013550 0.130737
49  1.209919 3.994783 -2.003048  -0.106568 0.025893 0.137951
50  -0.328906 0.095430 1.403531  1.684115 -0.560091 -1.563926
51  0.152561 -38.616215 -21.000004  -0.000000 0.000000 3.141593
52  0.152561 -25.166061 -36.000004  -1.570796 -0.000000 1.570796
53  0.433020 -11.755867 -21.000002  -0.051945 0.000000 1.570796
54  -6.696000 -11.361276 -10.471000  1.562732 -0.029081 -1.550887
55  10.000001 0.000001 0.000000  0.000000 -0.000000 -0.000000
56  29.620384 2.666870 0.000000  0.000000 -0.000000 -0.000000
57  3.664052 2.228526 -2.524773  1.570796 0.732815 -1.570796
58  3.490277 2.388511 1.331885  0.000000 1.570796 0.000000
time 8
0  0 0 0  0 0 0
1  0.000000 0.000000 0.000000  1.570796 -0.000000 0.000000
2  -1.843768 -8.254290 -9.392370  1.502811 -0.037982 -2.257288
3  0.000001 13.479277 0.000000  0.204843 0.000000 -0.000000
4  -0.000000 13.477240 -0.000000  -0.183188 -0.240337 0.170078
5  -0.267269 3.664724 -1.953293  0.570287 -0.108989 -1.360402
6  -0.000000 1.180355 -0.000000  -0.005540 -0.036957 -1.399219
7  -0.000000 0.817135 -0.000001  0.012298 -0.000007 -1.214275
8  -0.249422 3.688538 -0.940889  0.326191 -0.061559 -1.352632
9  0.000002 1.800632 0.000000  -0.000262 0.005352 -1.430232
10  -0.000001 1.243406 0.000000  0.002269 0.006116 -1.286349
11  -0.244726 3.701096 0.087733  0.221244 0.005544 -1.361062
12  -0.000003 1.766584 -0.000000  0.004189 0.001125 -1.481426
13  0.000000 1.189000 0.000001  -0.004182 -0.017197 -1.374176
14  -0.277239 3.632247 1.274102  0.115075 0.054751 -1.366492
15  0.000000 1.798494 0.000001  0.002394 0.037772 -1.507786
16  -0.000001 1.235453 -0.000000  -0.008167 -0.002510 -1.289887
17  0.315441 0.857299 0.755943  -0.761000 2.412031 -1.377325
18  0.000001 2.265939 -0.000000  -0.016207 -0.064542 -1.048595
19  0.000001 1.457811 0.000000  -0.051901 0.018546 -0.626230
20  -1.259681 3.818374 1.286946  0.115075 0.054750 -1.366492
21  -1.226390 3.891693 0.090419  0.221244 0.005544 -1.361061
22  -1.231623 3.875533 -0.958680  0.326191 -0.061560 -1.352632
23  -1.209918 3.994782 -2.003048  0.570287 -0.108989 -1.360402
24  0.328906 0.095428 1.403532  -0.761000 2.412031 -1.377325
25  -1.912683 -6.882134 17.387661  1.572434 -0.167419 -2.522273
26  13.824293 -20.103218 10.765717  -1.570796 -0.000000 -1.570796
27  -1.843768 -8.254290 -9.392370  -0.051945 -0.000000 -1.570796
28  0.433020 -11.755867 -21.000002  -0.083842 -0.009362 3.131152
29  0.000000 13.479277 -0.000002  0.167696 0.000000 0.000000
30  0.000000 13.477240 0.000001  -0.083756 0.010203 0.009620
31  0.267270 3.664728 -1.953293  -0.106568 0.025893 0.137951
32  -0.000000 1.180357 -0.000001  -0.036623 0.007435 0.177465
33  -0.000002 0.817138 0.000001  0.004200 0.011559 -0.007420
34  0.249423 3.688543 -0.940890  -0.060580 0.013550 0.130737
35  0.000001 1.800635 -0.000001  0.004940 -0.002077 0.208495
36  -0.000001 1.243411 0.000002  0.006524 0.000040 0.064626
37  0.244726 3.701097 0.087732  0.005036 -0.002373 0.139323
38  -0.000000 1.766588 -0.000002  0.002490 0.003552 0.259702
39  -0.000000 1.189003 0.000001  -0.017590 0.001952 0.152464
40  0.277239 3.632249 1.274101  0.054558 -0.010184 0.144732
41  -0.000001 1.798490 -0.000003  0.036314 -0.010668 0.285912
42  -0.000001 1.235457 0.000001  -0.005152 -0.006816 0.068190
43  -0.315441 0.857301 0.755942  1.684115 -0.560091 -1.563926
44  -0.000000 2.265939 0.000000  -0.057905 0.032805 0.238898
45  0.000001 1.457813 0.000000  -0.029609 -0.046490 -0.034285
46  1.259681 3.818376 1.286945  0.054558 -0.010184 0.144732
47  1.226391 3.891695 0.090419  0.005036 -0.002373 0.139324
48  1.231623 3.875536 -0.958680  -0.060580 0.013550 0.130737
49  1.209919 3.994783 -2.003048  -0.106568 0.025893 0.137951
50  -0.328906 0.095430 1.403531  1.684115 -0.560091 -1.563926
51  0.152561 -38.616215 -21.000004  -0.000000 0.000000 3.141593
52  0.152561 -25.166061 -36.000004  -1.570796 -0.000000 1.570796
53  0.433020 -11.755867 -21.000002  -0.051945 0.000000 1.570796
54  -6.696000 -11.361276 -10.471000  1.561681 -0.028756 -1.550777
55  10.000001 0.000001 0.000000  0.000000 0.000000 0.000000
56  29.620382 2.666869 0.000000  0.000000 0.000000 0.000000
57  3.664053 2.228526 -2.524773  1.570796 0.732815 -1.570796
58  3.490278 2.388510 1.331885  -0.000000 1.570796 0.000000
time 9
0  0 0 0  0 0 0
1  0.000000 0.000000 0.000000  1.570796 -0.000000 0.000000
2  -1.843768 -8.254290 -9.392370  1.502693 -0.037882 -2.257185
3  0.000001 13.479277 0.000000  0.204499 0.000000 -0.000000
4  -0.000000 13.477238 0.000000  -0.183237 -0.241473 0.170132
5  -0.267269 3.664727 -1.953293  0.570287 -0.108989 -1.360402
6  -0.000001 1.180355 0.000001  -0.005540 -0.036957 -1.399218
7  -0.000001 0.817133 0.000000  0.012298 -0.000007 -1.214275
8  -0.249422 3.688543 -0.940889  0.326191 -0.061559 -1.352632
9  0.000001 1.800633 0.000001  -0.000262 0.005352 -1.430232
10  0.000001 1.243407 -0.000001  0.002269 0.006116 -1.286349
11  -0.244726 3.701095 0.087733  0.221244 0.005544 -1.361062
12  -0.000002 1.766584 0.000000  0.004189 0.001125 -1.481426
13  0.000000 1.189004 0.000001  -0.004182 -0.017197 -1.374176
14  -0.277239 3.632249 1.274102  0.115075 0.054750 -1.366492
15  -0.000002 1.798494 0.000000  0.002394 0.037772 -1.507786
16  0.000000 1.235452 -0.000001  -0.008167 -0.002510 -1.289887
17  0.315442 0.857300 0.755944  -0.761000 2.412031 -1.377325
18  -0.000001 2.265939 -0.000000  -0.016207 -0.064542 -1.048595
19  0.000001 1.457811 -0.000001  -0.051901 0.018546 -0.626230
20  -1.259681 3.818374 1.286945  0.115075 0.054750 -1.366492
21  -1.226390 3.891695 0.090419  0.221244 0.005544 -1.361061
22  -1.231623 3.875535 -0.958680  0.326191 -0.061560 -1.352632
23  -1.209919 3.994782 -2.003048  0.570287 -0.108989 -1.360402
24  0.328907 0.095428 1.403532  -0.761000 2.412031 -1.377325
25  -1.908519 -6.889105 17.388502  1.572109 -0.167286 -2.523250
26  13.824293 -20.103218 10.765717  -1.570796 -0.000000 -1.570796
27  -1.843768 -8.254290 -9.392370  -0.051945 -0.000000 -1.570796
28  0.433020 -11.755867 -21.000002  -0.083842 -0.009362 3.131152
29  0.000000 13.479277 -0.000002  0.167696 0.000000 0.000000
30  0.000000 13.477240 0.000001  -0.083756 0.010203 0.009620
31  0.267270 3.664728 -1.953293  -0.106568 0.025893 0.137951
32  -0.000000 1.180357 -0.000001  -0.036623 0.007435 0.177465
33  -0.000002 0.817138 0.000001  0.004200 0.011559 -0.007420
34  0.249423 3.688543 -0.940890  -0.060580 0.013550 0.130737
35  0.000001 1.800635 -0.000001  0.004940 -0.002077 0.208495
36  -0.000001 1.243411 0.000002  0.006524 0.000040 0.064626
37  0.244726 3.701097 0.087732  0.005036 -0.002373 0.139323
38  -0.000000 1.766588 -0.000002  0.002490 0.003552 0.259702
39  -0.000000 1.189003 0.000001  -0.017590 0.001952 0.152464
40  0.277239 3.632249 1.274101  0.054558 -0.010184 0.144732
41  -0.000001 1.798490 -0.000003  0.036314 -0.010668 0.285912
42  -0.000001 1.235457 0.000001  -0.005152 -0.006816 0.068190
43  -0.315441 0.857301 0.755942  1.684115 -0.560091 -1.563926
44  -0.000000 2.265939 0.000000  -0.057905 0.032805 0.238898
45  0.000001 1.457813 0.000000  -0.029609 -0.046490 -0.034285
46  1.259681 3.818376 1.286945  0.054558 -0.010184 0.144732
47  1.226391 3.891695 0.090419  0.005036 -0.002373 0.139324
48  1.231623 3.875536 -0.958680  -0.060580 0.013550 0.130737
49  1.209919 3.994783 -2.003048  -0.106568 0.025893 0.137951
50  -0.328906 0.095430 1.403531  1.684115 -0.560091 -1.563926
51  0.152561 -38.616215 -21.000004  -0.000000 0.000000 3.141593
52  0.152561 -25.166061 -36.000004  -1.570796 -0.000000 1.570796
53  0.433020 -11.755867 -21.000002  -0.051945 0.000000 1.570796
54  -6.696000 -11.361276 -10.471000  1.560656 -0.028397 -1.550670
55  10.000002 0.000001 0.000001  0.000000 -0.000000 0.000000
56  29.620380 2.666869 0.000000  0.000000 -0.000000 0.000000
57  3.664051 2.228525 -2.524773  1.570796 0.732815 -1.570796
58  3.490277 2.388510 1.331885  -0.000000 1.570796 0.000000
time 10
0  0 0 0  0 0 0
1  0.000000 0.000000 0.000000  1.570796 -0.000000 0.000000
2  -1.843768 -8.254290 -9.392370  1.502623 -0.037777 -2.257077
3  0.000001 13.479277 0.000000  0.204065 0.000000 -0.000000
4  0.000000 13.477239 -0.000000  -0.183257 -0.242589 0.170153
5  -0.267270 3.664726 -1.953293  0.570287 -0.108989 -1.360402
6  0.000000 1.180355 -0.000000  -0.005540 -0.036957 -1.399218
7  0.000000 0.817132 -0.000000  0.012298 -0.000007 -1.214275
8  -0.249423 3.688543 -0.940889  0.326191 -0.061560 -1.352632
9  -0.000000 1.800634 0.000001  -0.000262 0.005352 -1.430231
10  0.000000 1.243406 0.000001  0.002269 0.006116 -1.286349
11  -0.244727 3.701096 0.087732  0.221244 0.005544 -1.361061
12  0.000001 1.766584 0.000000  0.004189 0.001125 -1.481426
13  0.000001 1.189005 0.000000  -0.004182 -0.017197 -1.374176
14  -0.277240 3.632248 1.274101  0.115075 0.054750 -1.366492
15  -0.000000 1.798494 -0.000000  0.002394 0.037772 -1.507786
16  -0.000001 1.235452 -0.000001  -0.008167 -0.002510 -1.289887
17  0.315441 0.857300 0.755943  -0.761000 2.412031 -1.377325
18  -0.000001 2.265940 -0.000001  -0.016207 -0.064542 -1.048595
19  -0.000000 1.457815 -0.000000  -0.051901 0.018546 -0.626230
20  -1.259681 3.818375 1.286945  0.115075 0.054750 -1.366492
21  -1.226391 3.891694 0.090418  0.221244 0.005544 -1.361061
22  -1.231623 3.875537 -0.958680  0.326191 -0.061560 -1.352631
23  -1.209919 3.994784 -2.003049  0.570288 -0.108989 -1.360402
24  0.328906 0.095430 1.403532  -0.761000 2.412031 -1.377325
25  -1.904493 -6.896117 17.389465  1.571760 -0.167133 -2.524191
26  13.824293 -20.103218 10.765717  -1.570796 -0.000000 -1.570796
27  -1.843768 -8.254290 -9.392370  -0.051945 -0.000000 -1.570796
28  0.433020 -11.755867 -21.000002  -0.083842 -0.009362 3.131152
29  0.000000 13.479277 -0.000002  0.167696 0.000000 0.000000
30  0.000000 13.477240 0.000001  -0.083756 0.010203 0.009620
31  0.267270 3.664728 -1.953293  -0.106568 0.025893 0.137951
32  -0.000000 1.180357 -0.000001  -0.036623 0.007435 0.177465
33  -0.000002 0.817138 0.000001  0.004200 0.011559 -0.007420
34  0.249423 3.688543 -0.940890  -0.060580 0.013550 0.130737
35  0.000001 1.800635 -0.000001  0.004940 -0.002077 0.208495
36  -0.000001 1.243411 0.000002  0.006524 0.000040 0.064626
37  0.244726 3.701097 0.087732  0.005036 -0.002373 0.139323
38  -0.000000 1.766588 -0.000002  0.002490 0.003552 0.259702
39  -0.000000 1.189003 0.000001  -0.017590 0.001952 0.152464
40  0.277239 3.632249 1.274101  0.054558 -0.010184 0.144732
41  -0.000001 1.798490 -0.000003  0.036314 -0.010668 0.285912
42  -0.000001 1.235457 0.000001  -0.005152 -0.006816 0.068190
43  -0.315441 0.857301 0.755942  1.684115 -0.560091 -1.563926
44  -0.000000 2.265939 0.000000  -0.057905 0.032805 0.238898
45  0.000001 1.457813 0.000000  -0.029609 -0.046490 -0.034285
46  1.259681 3.818376 1.286945  0.054558 -0.010184 0.144732
47  1.226391 3.891695 0.090419  0.005036 -0.002373 0.139324
48  1.231623 3.875536 -0.958680  -0.060580 0.013550 0.130737
49  1.209919 3.994783 -2.003048  -0.106568 0.025893 0.137951
50  -0.328906 0.095430 1.403531  1.684115 -0.560091 -1.563926
51  0.152561 -38.616215 -21.000004  -0.000000 0.000000 3.141593
52  0.152561 -25.166061 -36.000004  -1.570796 -0.000000 1.570796
53  0.433020 -11.755867 -21.000002  -0.051945 0.000000 1.570796
54  -6.696000 -11.361276 -10.471000  1.559664 -0.028008 -1.550567
55  10.000001 0.000001 0.000000  -0.000000 -0.000000 0.000000
56  29.620382 2.666869 0.000000  -0.000000 -0.000000 0.000000
57  3.664051 2.228525 -2.524773  1.570796 0.732815 -1.570796
58  3.490277 2.388510 1.331886  -0.000000 1.570796 0.000000
time 11
0  0 0 0  0 0 0
1  0.000000 0.000000 0.000000  1.570796 -0.000000 0.000000
2  -1.843768 -8.254290 -9.392370  1.502603 -0.037668 -2.256966
3  0.000002 13.479278 -0.000000  0.203541 -0.000000 -0.000000
4  -0.000000 13.477239 -0.000000  -0.183245 -0.243677 0.170140
5  -0.267269 3.664726 -1.953293  0.570288 -0.108989 -1.360402
6  -0.000000 1.180355 0.000000  -0.005540 -0.036957 -1.399219
7  -0.000000 0.817135 0.000001  0.012298 -0.000007 -1.214275
8  -0.249422 3.688539 -0.940889  0.326191 -0.061559 -1.352632
9  -0.000000 1.800633 0.000001  -0.000262 0.005352 -1.430232
10  0.000000 1.243406 0.000001  0.002269 0.006116 -1.286349
11  -0.244726 3.701095 0.087733  0.221244 0.005544 -1.361062
12  0.000002 1.766584 0.000000  0.004189 0.001125 -1.481426
13  -0.000001 1.189003 -0.000000  -0.004182 -0.017197 -1.374175
14  -0.277239 3.632246 1.274102  0.115075 0.054751 -1.366492
15  -0.000001 1.798494 0.000000  0.002394 0.037772 -1.507786
16  0.000000 1.235452 0.000000  -0.008167 -0.002510 -1.289887
17  0.315442 0.857298 0.755944  -0.761000 2.412031 -1.377326
18  -0.000000 2.265939 0.000001  -0.016207 -0.064542 -1.048595
19  0.000000 1.457809 -0.000000  -0.051901 0.018546 -0.626230
20  -1.259681 3.818371 1.286946  0.115075 0.054750 -1.366492
21  -1.226391 3.891690 0.090420  0.221244 0.005544 -1.361061
22  -1.231623 3.875531 -0.958680  0.326191 -0.061560 -1.352632
23  -1.209919 3.994781 -2.003048  0.570287 -0.108989 -1.360402
24  0.328907 0.095428 1.403533  -0.761000 2.412031 -1.377325
25  -1.900634 -6.903125 17.390547  1.571388 -0.166961 -2.525089
26  13.824293 -20.103218 10.765717  -1.570796 -0.000000 -1.570796
27  -1.843768 -8.254290 -9.392370  -0.051945 -0.000000 -1.570796
28  0.433020 -11.755867 -21.000002  -0.083842 -0.009362 3.131152
29  0.000000 13.479277 -0.000002  0.167696 0.000000 0.000000
30  0.000000 13.477240 0.000001  -0.083756 0.010203 0.009620
31  0.267270 3.664728 -1.953293  -0.106568 0.025893 0.137951
32  -0.000000 1.180357 -0.000001  -0.036623 0.007435 0.177465
33  -0.000002 0.817138 0.000001  0.004200 0.011559 -0.007420
34  0.249423 3.688543 -0.940890  -0.060580 0.013550 0.130737
35  0.000001 1.800635 -0.000001  0.004940 -0.002077 0.208495
36  -0.000001 1.243411 0.000002  0.006524 0.000040 0.064626
37  0.244726 3.701097 0.087732  0.005036 -0.002373 0.139323
38  -0.000000 1.766588 -0.000002  0.002490 0.003552 0.259702
39  -0.000000 1.189003 0.000001  -0.017590 0.001952 0.152464
40  0.277239 3.632249 1.274101  0.054558 -0.010184 0.144732
41  -0.000001 1.798490 -0.000003  0.036314 -0.010668 0.285912
42  -0.000001 1.235457 0.000001  -0.005152 -0.006816 0.068190
43  -0.315441 0.857301 0.755942  1.684115 -0.560091 -1.563926
44  -0.000000 2.265939 0.000000  -0.057905 0.032805 0.238898
45  0.000001 1.457813 0.000000  -0.029609 -0.046490 -0.034285
46  1.259681 3.818376 1.286945  0.054558 -0.010184 0.144732
47  1.226391 3.891695 0.090419  0.005036 -0.002373 0.139324
48  1.231623 3.875536 -0.958680  -0.060580 0.013550 0.130737
49  1.209919 3.994783 -2.003048  -0.106568 0.025893 0.137951
50  -0.328906 0.095430 1.403531  1.684115 -0.560091 -1.563926
51  0.152561 -38.616215 -21.000004  -0.000000 0.000000 3.141593
52  0.152561 -25.166061 -36.000004  -1.570796 -0.000000 1.570796
53  0.433020 -11.755867 -21.000002  -0.051945 0.000000 1.570796
54  -6.696000 -11.361276 -10.471000  1.558712 -0.027589 -1.550469
55  10.000001 0.000001 -0.000000  -0.000000 -0.000000 -0.000000
56  29.620378 2.666869 -0.000000  -0.000000 -0.000000 -0.000000
57  3.664052 2.228526 -2.524773  1.570796 0.732815 -1.570796
58  3.490278 2.388510 1.331886  0.000000 1.570796 0.000000
time 12
0  0 0 0  0 0 0
1  0.000000 0.000000 0.000000  1.570796 -0.000000 0.000000
2  -1.843768 -8.254290 -9.392370  1.502634 -0.037556 -2.256851
3  0.000002 13.479277 -0.000001  0.202929 0.000000 -0.000000
4  0.000000 13.477241 -0.000000  -0.183200 -0.244730 0.170093
5  -0.267269 3.664723 -1.953292  0.570288 -0.108989 -1.360402
6  0.000002 1.180354 -0.000000  -0.005540 -0.036957 -1.399218
7  0.000000 0.817139 0.000001  0.012298 -0.000007 -1.214275
8  -0.249422 3.688539 -0.940889  0.326191 -0.061560 -1.352632
9  0.000000 1.800633 0.000000  -0.000262 0.005352 -1.430231
10  0.000001 1.243406 -0.000000  0.002269 0.006116 -1.286349
11  -0.244726 3.701095 0.087733  0.221244 0.005544 -1.361062
12  -0.000002 1.766584 0.000000  0.004189 0.001125 -1.481426
13  -0.000000 1.189003 0.000000  -0.004182 -0.017197 -1.374176
14  -0.277239 3.632247 1.274103  0.115075 0.054750 -1.366492
15  -0.000000 1.798495 -0.000000  0.002394 0.037772 -1.507786
16  -0.000000 1.235451 -0.000001  -0.008167 -0.002510 -1.289887
17  0.315442 0.857297 0.755944  -0.761000 2.412031 -1.377326
18  0.000002 2.265940 0.000000  -0.016207 -0.064542 -1.048595
19  0.000000 1.457811 0.000000  -0.051901 0.018546 -0.626230
20  -1.259681 3.818373 1.286946  0.115075 0.054750 -1.366492
21  -1.226390 3.891693 0.090420  0.221244 0.005544 -1.361061
22  -1.231622 3.875534 -0.958681  0.326191 -0.061560 -1.352632
23  -1.209919 3.994780 -2.003047  0.570288 -0.108989 -1.360402
24  0.328907 0.095429 1.403533  -0.761000 2.412031 -1.377325
25  -1.896968 -6.910077 17.391743  1.570995 -0.166770 -2.525938
26  13.824293 -20.103218 10.765717  -1.570796 -0.000000 -1.570796
27  -1.843768 -8.254290 -9.392370  -0.051945 -0.000000 -1.570796
28  0.433020 -11.755867 -21.000002  -0.083842 -0.009362 3.131152
29  0.000000 13.479277 -0.000002  0.167696 0.000000 0.000000
30  0.000000 13.477240 0.000001  -0.083756 0.010203 0.009620
31  0.267270 3.664728 -1.953293  -0.106568 0.025893 0.137951
32  -0.000000 1.180357 -0.000001  -0.036623 0.007435 0.177465
33  -0.000002 0.817138 0.000001  0.004200 0.011559 -0.007420
34  0.249423 3.688543 -0.940890  -0.060580 0.013550 0.130737
35  0.000001 1.800635 -0.000001  0.004940 -0.002077 0.208495
36  -0.000001 1.243411 0.000002  0.006524 0.000040 0.064626
37  0.244726 3.701097 0.087732  0.005036 -0.002373 0.139323
38  -0.000000 1.766588 -0.000002  0.002490 0.003552 0.259702
39  -0.000000 1.189003 0.000001  -0.017590 0.001952 0.152464
40  0.277239 3.632249 1.274101  0.054558 -0.010184 0.144732
41  -0.000001 1.798490 -0.000003  0.036314 -0.010668 0.285912
42  -0.000001 1.235457 0.000001  -0.005152 -0.006816 0.068190
43  -0.315441 0.857301 0.755942  1.684115 -0.560091 -1.563926
44  -0.000000 2.265939 0.000000  -0.057905 0.032805 0.238898
45  0.000001 1.457813 0.000000  -0.029609 -0.046490 -0.034285
46  1.259681 3.818376 1.286945  0.054558 -0.010184 0.144732
47  1.226391 3.891695 0.090419  0.005036 -0.002373 0.139324
48  1.231623 3.875536 -0.958680  -0.060580 0.013550 0.130737
49  1.209919 3.994783 -2.003048  -0.106568 0.025893 0.137951
50  -0.328906 0.095430 1.403531  1.684115 -0.560091 -1.563926
51  0.152561 -38.616215 -21.000004  -0.000000 0.000000 3.141593
52  0.152561 -25.166061 -36.000004  -1.570796 -0.000000 1.570796
53  0.433020 -11.755867 -21.000002  -0.051945 0.000000 1.570796
54  -6.696000 -11.361276 -10.471000  1.557807 -0.027145 -1.550377
55  10.000001 0.000002 -0.000001  0.000000 -0.000000 0.000000
56  29.620382 2.666870 -0.000000  0.000000 -0.000000 0.000000
57  3.664051 2.228526 -2.524774  1.570796 0.732815 -1.570796
58  3.490277 2.388510 1.331885  -0.000000 1.570796 0.000000
time 13
0  0 0 0  0 0 0
1  0.000000 0.000000 0.000000  1.570796 -0.000000 0.000000
2  -1.843768 -8.254290 -9.392370  1.502714 -0.037442 -2.256733
3  0.000002 13.479277 0.000000  0.202234 -0.000000 -0.000000
4  -0.000001 13.477239 0.000000  -0.183125 -0.245738 0.170011
5  -0.267268 3.664725 -1.953293  0.570288 -0.108989 -1.360402
6  -0.000000 1.180354 0.000001  -0.005540 -0.036957 -1.399219
7  -0.000000 0.817136 -0.000001  0.012298 -0.000007 -1.214275
8  -0.249423 3.688540 -0.940889  0.326191 -0.061560 -1.352632
9  -0.000001 1.800633 0.000001  -0.000262 0.005352 -1.430231
10  -0.000000 1.243408 -0.000000  0.002269 0.006116 -1.286349
11  -0.244726 3.701094 0.087732  0.221244 0.005544 -1.361061
12  -0.000001 1.766585 -0.000000  0.004189 0.001125 -1.481426
13  0.000000 1.189003 0.000001  -0.004182 -0.017197 -1.374176
14  -0.277239 3.632248 1.274102  0.115075 0.054750 -1.366492
15  0.000001 1.798493 0.000000  0.002394 0.037772 -1.507786
16  0.000001 1.235453 0.000001  -0.008167 -0.002510 -1.289887
17  0.315442 0.857298 0.755943  -0.761000 2.412031 -1.377326
18  -0.000001 2.265939 -0.000000  -0.016207 -0.064542 -1.048595
19  -0.000000 1.457813 0.000000  -0.051901 0.018546 -0.626230
20  -1.259681 3.818372 1.286945  0.115075 0.054750 -1.366492
21  -1.226390 3.891691 0.090419  0.221244 0.005544 -1.361061
22  -1.231623 3.875530 -0.958680  0.326191 -0.061560 -1.352632
23  -1.209918 3.994781 -2.003048  0.570288 -0.108989 -1.360402
24  0.328907 0.095427 1.403532  -0.761000 2.412031 -1.377325
25  -1.893523 -6.916929 17.393040  1.570584 -0.166561 -2.526729
26  13.824293 -20.103218 10.765717  -1.570796 -0.000000 -1.570796
27  -1.843768 -8.254290 -9.392370  -0.051945 -0.000000 -1.570796
28  0.433020 -11.755867 -21.000002  -0.083842 -0.009362 3.131152
29  0.000000 13.479277 -0.000002  0.167696 0.000000 0.000000
30  0.000000 13.477240 0.000001  -0.083756 0.010203 0.009620
31  0.267270 3.664728 -1.953293  -0.106568 0.025893 0.137951
32  -0.000000 1.180357 -0.000001  -0.036623 0.007435 0.177465
33  -0.000002 0.817138 0.000001  0.004200 0.011559 -0.007420
34  0.249423 3.688543 -0.940890  -0.060580 0.013550 0.130737
35  0.000001 1.800635 -0.000001  0.004940 -0.002077 0.208495
36  -0.000001 1.243411 0.000002  0.006524 0.000040 0.064626
37  0.244726 3.701097 0.087732  0.005036 -0.002373 0.139323
38  -0.000000 1.766588 -0.000002  0.002490 0.003552 0.259702
39  -0.000000 1.189003 0.000001  -0.017590 0.001952 0.152464
40  0.277239 3.632249 1.274101  0.054558 -0.010184 0.144732
41  -0.000001 1.798490 -0.000003  0.036314 -0.010668 0.285912
42  -0.000001 1.235457 0.000001  -0.005152 -0.006816 0.068190
43  -0.315441 0.857301 0.755942  1.684115 -0.560091 -1.563926
44  -0.000000 2.265939 0.000000  -0.057905 0.032805 0.238898
45  0.000001 1.457813 0.000000  -0.029609 -0.046490 -0.034285
46  1.259681 3.818376 1.286945  0.054558 -0.010184 0.144732
47  1.226391 3.891695 0.090419  0.005036 -0.002373 0.139324
48  1.231623 3.875536 -0.958680  -0.060580 0.013550 0.130737
49  1.209919 3.994783 -2.003048  -0.106568 0.025893 0.137951
50  -0.328906 0.095430 1.403531  1.684115 -0.560091 -1.563926
51  0.152561 -38.616215 -21.000004  -0.000000 0.000000 3.141593
52  0.152561 -25.166061 -36.000004  -1.570796 -0.000000 1.570796
53  0.433020 -11.755867 -21.000002  -0.051945 0.000000 1.570796
54  -6.696000 -11.361276 -10.471000  1.556956 -0.026676 -1.550290
55  9.999999 0.000000 -0.000000  0.000000 0.000000 0.000000
56  29.620382 2.666869 -0.000001  0.000000 0.000000 0.000000
57  3.664051 2.228525 -2.524774  1.570796 0.732815 -1.570796
58  3.490277 2.388509 1.331884  -0.000000 1.570796 0.000000
time 14
0  0 0 0  0 0 0
1  0.000000 0.000000 0.000000  1.570796 -0.000000 0.000000
2  -1.843768 -8.254290 -9.392370  1.502846 -0.037326 -2.256614
3  0.000002 13.479277 -0.000000  0.201457 0.000000 -0.000000
4  0.000000 13.477238 -0.000000  -0.183018 -0.246695 0.169894
5  -0.267269 3.664726 -1.953293  0.570288 -0.108989 -1.360402
6  0.000001 1.180355 -0.000000  -0.005540 -0.036957 -1.399219
7  0.000001 0.817136 0.000001  0.012298 -0.000007 -1.214275
8  -0.249422 3.688541 -0.940889  0.326191 -0.061559 -1.352632
9  0.000001 1.800632 0.000001  -0.000262 0.005352 -1.430231
10  -0.000001 1.243404 -0.000001  0.002269 0.006116 -1.286349
11  -0.244726 3.701095 0.087733  0.221244 0.005544 -1.361061
12  0.000001 1.766585 -0.000000  0.004189 0.001125 -1.481426
13  0.000001 1.189005 0.000000  -0.004182 -0.017197 -1.374176
14  -0.277240 3.632246 1.274103  0.115075 0.054751 -1.366492
15  -0.000000 1.798494 0.000001  0.002394 0.037772 -1.507786
16  0.000000 1.235454 -0.000000  -0.008167 -0.002510 -1.289887
17  0.315441 0.857299 0.755944  -0.761000 2.412031 -1.377325
18  -0.000001 2.265940 0.000000  -0.016207 -0.064542 -1.048595
19  0.000000 1.457813 0.000000  -0.051901 0.018546 -0.626230
20  -1.259681 3.818373 1.286946  0.115075 0.054750 -1.366492
21  -1.226390 3.891694 0.090419  0.221244 0.005544 -1.361061
22  -1.231623 3.875533 -0.958680  0.326191 -0.061560 -1.352632
23  -1.209919 3.994781 -2.003047  0.570288 -0.108989 -1.360402
24  0.328906 0.095427 1.403533  -0.761000 2.412031 -1.377325
25  -1.890326 -6.923631 17.394436  1.570156 -0.166337 -2.527458
26  13.824293 -20.103218 10.765717  -1.570796 -0.000000 -1.570796
27  -1.843768 -8.254290 -9.392370  -0.051945 -0.000000 -1.570796
28  0.433020 -11.755867 -21.000002  -0.083842 -0.009362 3.131152
29  0.000000 13.479277 -0.000002  0.167696 0.000000 0.000000
30  0.000000 13.477240 0.000001  -0.083756 0.010203 0.009620
31  0.267270 3.664728 -1.953293  -0.106568 0.025893 0.137951
32  -0.000000 1.180357 -0.000001  -0.036623 0.007435 0.177465
33  -0.000002 0.817138 0.000001  0.004200 0.011559 -0.007420
34  0.249423 3.688543 -0.940890  -0.060580 0.013550 0.130737
35  0.000001 1.800635 -0.000001  0.004940 -0.002077 0.208495
36  -0.000001 1.243411 0.000002  0.006524 0.000040 0.064626
37  0.244726 3.701097 0.087732  0.005036 -0.002373 0.139323
38  -0.000000 1.766588 -0.000002  0.002490 0.003552 0.259702
39  -0.000000 1.189003 0.000001  -0.017590 0.001952 0.152464
40  0.277239 3.632249 1.274101  0.054558 -0.010184 0.144732
41  -0.000001 1.798490 -0.000003  0.036314 -0.010668 0.285912
42  -0.000001 1.235457 0.000001  -0.005152 -0.006816 0.068190
43  -0.315441 0.857301 0.755942  1.684115 -0.560091 -1.563926
44  -0.000000 2.265939 0.000000  -0.057905 0.032805 0.238898
45  0.000001 1.457813 0.000000  -0.029609 -0.046490 -0.034285
46  1.259681 3.818376 1.286945  0.054558 -0.010184 0.144732
47  1.226391 3.891695 0.090419  0.005036 -0.002373 0.139324
48  1.231623 3.875536 -0.958680  -0.060580 0.013550 0.130737
49  1.209919 3.994783 -2.003048  -0.106568 0.025893 0.137951
50  -0.328906 0.095430 1.403531  1.684115 -0.560091 -1.563926
51  0.152561 -38.616215 -21.000004  -0.000000 0.000000 3.141593
52  0.152561 -25.166061 -36.000004  -1.570796 -0.000000 1.570796
53  0.433020 -11.755867 -21.000002  -0.051945 0.000000 1.570796
54  -6.696000 -11.361276 -10.471000  1.556166 -0.026185 -1.550210
55  10.000002 0.000001 -0.000000  0.000000 -0.000000 0.000000
56  29.620384 2.666869 -0.000001  0.000000 -0.000000 0.000000
57  3.664052 2.228527 -2.524774  1.570796 0.732815 -1.570796
58  3.490278 2.388509 1.331885  -0.000000 1.570796 0.000000
time 15
0  0 0 0  0 0 0
1  0.000000 0.000000 0.000000  1.570796 -0.000000 0.000000
2  -1.843768 -8.254290 -9.392370  1.503034 -0.037209 -2.256494
3  0.000001 13.479276 -0.000000  0.200593 0.000000 -0.000000
4  -0.000000 13.477239 0.000001  -0.182874 -0.247593 0.169741
5  -0.267270 3.664725 -1.953294  0.570288 -0.108989 -1.360402
6  -0.000001 1.180356 0.000000  -0.005540 -0.036957 -1.399219
7  -0.000001 0.817137 -0.000000  0.012298 -0.000007 -1.214275
8  -0.249423 3.688542 -0.940890  0.326191 -0.061559 -1.352632
9  0.000002 1.800633 0.000000  -0.000262 0.005352 -1.430231
10  0.000001 1.243408 0.000001  0.002269 0.006116 -1.286349
11  -0.244727 3.701096 0.087732  0.221244 0.005544 -1.361061
12  0.000001 1.766585 -0.000001  0.004189 0.001125 -1.481425
13  0.000001 1.189005 -0.000001  -0.004182 -0.017197 -1.374175
14  -0.277239 3.632249 1.274101  0.115075 0.054750 -1.366492
15  0.000000 1.798494 0.000000  0.002394 0.037772 -1.507785
16  -0.000001 1.235451 0.000000  -0.008167 -0.002510 -1.289886
17  0.315441 0.857300 0.755943  -0.761000 2.412031 -1.377326
18  -0.000002 2.265938 0.000000  -0.016207 -0.064542 -1.048595
19  -0.000001 1.457814 0.000000  -0.051901 0.018546 -0.626230
20  -1.259681 3.818375 1.286945  0.115075 0.054750 -1.366492
21  -1.226391 3.891694 0.090419  0.221244 0.005544 -1.361061
22  -1.231623 3.875533 -0.958681  0.326191 -0.061560 -1.352632
23  -1.209919 3.994782 -2.003049  0.570287 -0.108989 -1.360402
24  0.328906 0.095429 1.403532  -0.761000 2.412031 -1.377325
25  -1.887403 -6.930137 17.395933  1.569714 -0.166096 -2.528117
26  13.824293 -20.103218 10.765717  -1.570796 -0.000000 -1.570796
27  -1.843768 -8.254290 -9.392370  -0.051945 -0.000000 -1.570796
28  0.433020 -11.755867 -21.000002  -0.083842 -0.009362 3.131152
29  0.000000 13.479277 -0.000002  0.167696 0.000000 0.000000
30  0.000000 13.477240 0.000001  -0.083756 0.010203 0.009620
31  0.267270 3.664728 -1.953293  -0.106568 0.025893 0.137951
32  -0.000000 1.180357 -0.000001  -0.036623 0.007435 0.177465
33  -0.000002 0.817138 0.000001  0.004200 0.011559 -0.007420
34  0.249423 3.688543 -0.940890  -0.060580 0.013550 0.130737
35  0.000001 1.800635 -0.000001  0.004940 -0.002077 0.208495
36  -0.000001 1.243411 0.000002  0.006524 0.000040 0.064626
37  0.244726 3.701097 0.087732  0.005036 -0.002373 0.139323
38  -0.000000 1.766588 -0.000002  0.002490 0.003552 0.259702
39  -0.000000 1.189003 0.000001  -0.017590 0.001952 0.152464
40  0.277239 3.632249 1.274101  0.054558 -0.010184 0.144732
41  -0.000001 1.798490 -0.000003  0.036314 -0.010668 0.285912
42  -0.000001 1.235457 0.000001  -0.005152 -0.006816 0.068190
43  -0.315441 0.857301 0.755942  1.684115 -0.560091 -1.563926
44  -0.000000 2.265939 0.000000  -0.057905 0.032805 0.238898
45  0.000001 1.457813 0.000000  -0.029609 -0.046490 -0.034285
46  1.259681 3.818376 1.286945  0.054558 -0.010184 0.144732
47  1.226391 3.891695 0.090419  0.005036 -0.002373 0.139324
48  1.231623 3.875536 -0.958680  -0.060580 0.013550 0.130737
49  1.209919 3.994783 -2.003048  -0.106568 0.025893 0.137951
50  -0.328906 0.095430 1.403531  1.684115 -0.560091 -1.563926
51  0.152561 -38.616215 -21.000004  -0.000000 0.000000 3.141593
52  0.152561 -25.166061 -36.000004  -1.570796 -0.000000 1.570796
53  0.433020 -11.755867 -21.000002  -0.051945 0.000000 1.570796
54  -6.696000 -11.361276 -10.471000  1.555444 -0.025675 -1.550137
55  10.000001 0.000000 -0.000000  0.000000 -0.000000 0.000000
56  29.620380 2.666868 0.000000  0.000000 -0.000000 0.000000
57  3.664051 2.228525 -2.524773  1.570796 0.732815 -1.570796
58  3.490278 2.388508 1.331886  -0.000000 1.570796 0.000000
time 16
0  0 0 0  0 0 0
1  0.000000 0.000000 0.000000  1.570796 -0.000000 0.000000
2  -1.843768 -8.254290 -9.392370  1.503275 -0.037092 -2.256373
3  0.000002 13.479276 -0.000000  0.199652 -0.000000 -0.000000
4  0.000001 13.477239 -0.000000  -0.182698 -0.248424 0.169551
5  -0.267269 3.664723 -1.953292  0.570288 -0.108989 -1.360402
6  -0.000001 1.180354 0.000000  -0.005540 -0.036957 -1.399219
7  -0.000002 0.817135 0.000000  0.012298 -0.000007 -1.214275
8  -0.249422 3.688541 -0.940888  0.326191 -0.061560 -1.352632
9  -0.000002 1.800633 0.000000  -0.000262 0.005352 -1.430231
10  0.000000 1.243406 0.000000  0.002269 0.006116 -1.286350
11  -0.244726 3.701094 0.087734  0.221244 0.005544 -1.361061
12  0.000002 1.766585 0.000000  0.004189 0.001125 -1.481426
13  -0.000000 1.189006 0.000001  -0.004182 -0.017197 -1.374175
14  -0.277239 3.632245 1.274103  0.115075 0.054751 -1.366492
15  0.000003 1.798493 0.000000  0.002394 0.037772 -1.507786
16  -0.000002 1.235451 -0.000000  -0.008167 -0.002510 -1.289887
17  0.315442 0.857299 0.755944  -0.761000 2.412031 -1.377325
18  0.000001 2.265940 0.000000  -0.016207 -0.064542 -1.048595
19  -0.000000 1.457809 0.000000  -0.051901 0.018546 -0.626230
20  -1.259681 3.818372 1.286946  0.115075 0.054750 -1.366492
21  -1.226390 3.891691 0.090420  0.221244 0.005544 -1.361061
22  -1.231623 3.875532 -0.958680  0.326191 -0.061560 -1.352632
23  -1.209918 3.994780 -2.003047  0.570288 -0.108989 -1.360402
24  0.328906 0.095425 1.403533  -0.761000 2.412031 -1.377325
25  -1.884783 -6.936399 17.397514  1.569260 -0.165840 -2.528699
26  13.824293 -20.103218 10.765717  -1.570796 -0.000000 -1.570796
27  -1.843768 -8.254290 -9.392370  -0.051945 -0.000000 -1.570796
28  0.433020 -11.755867 -21.000002  -0.083842 -0.009362 3.131152
29  0.000000 13.479277 -0.000002  0.167696 0.000000 0.000000
30  0.000000 13.477240 0.000001  -0.083756 0.010203 0.009620
31  0.267270 3.664728 -1.953293  -0.106568 0.025893 0.137951
32  -0.000000 1.180357 -0.000001  -0.036623 0.007435 0.177465
33  -0.000002 0.817138 0.000001  0.004200 0.011559 -0.007420
34  0.249423 3.688543 -0.940890  -0.060580 0.013550 0.130737
35  0.000001 1.800635 -0.000001  0.004940 -0.002077 0.208495
36  -0.000001 1.243411 0.000002  0.006524 0.000040 0.064626
37  0.244726 3.701097 0.087732  0.005036 -0.002373 0.139323
38  -0.000000 1.766588 -0.000002  0.002490 0.003552 0.259702
39  -0.000000 1.189003 0.000001  -0.017590 0.001952 0.152464
40  0.277239 3.632249 1.274101  0.054558 -0.010184 0.144732
41  -0.000001 1.798490 -0.000003  0.036314 -0.010668 0.285912
42  -0.000001 1.235457 0.000001  -0.005152 -0.006816 0.068190
43  -0.315441 0.857301 0.755942  1.684115 -0.560091 -1.563926
44  -0.000000 2.265939 0.000000  -0.057905 0.032805 0.238898
45  0.000001 1.457813 0.000000  -0.029609 -0.046490 -0.034285
46  1.259681 3.818376 1.286945  0.054558 -0.010184 0.144732
47  1.226391 3.891695 0.090419  0.005036 -0.002373 0.139324
48  1.231623 3.875536 -0.958680  -0.060580 0.013550 0.130737
49  1.209919 3.994783 -2.003048  -0.106568 0.025893 0.137951
50  -0.328906 0.095430 1.403531  1.684115 -0.560091 -1.563926
51  0.152561 -38.616215 -21.000004  -0.000000 0.000000 3.141593
52  0.152561 -25.166061 -36.000004  -1.570796 -0.000000 1.570796
53  0.433020 -11.755867 -21.000002  -0.051945 0.000000 1.570796
54  -6.696000 -11.361276 -10.471000  1.554798 -0.025148 -1.550071
55  9.999997 0.000002 -0.000001  0.000000 0.000000 0.000000
56  29.620378 2.666870 -0.000001  0.000000 0.000000 0.000000
57  3.664052 2.228527 -2.524774  1.570796 0.732815 -1.570796
58  3.490278 2.388511 1.331885  -0.000000 1.570796 0.000000
time 17
0  0 0 0  0 0 0
1  0.000000 0.000000 0.000000  1.570796 -0.000000 0.000000
2  -1.843768 -8.254290 -9.392370  1.503572 -0.036976 -2.256253
3  0.000002 13.479277 0.000000  0.198632 -0.000000 -0.000000
4  -0.000000 13.477239 0.000000  -0.182487 -0.249180 0.169324
5  -0.267270 3.664723 -1.953292  0.570288 -0.108989 -1.360402
6  -0.000003 1.180355 0.000001  -0.005540 -0.036957 -1.399219
7  -0.000001 0.817138 -0.000001  0.012298 -0.000007 -1.214275
8  -0.249422 3.688540 -0.940888  0.326191 -0.061559 -1.352632
9  -0.000001 1.800634 0.000001  -0.000262 0.005352 -1.430231
10  0.000001 1.243407 0.000001  0.002269 0.006116 -1.286349
11  -0.244726 3.701094 0.087733  0.221244 0.005544 -1.361061
12  0.000001 1.766583 -0.000000  0.004189 0.001125 -1.481426
13  0.000001 1.189006 -0.000001  -0.004182 -0.017197 -1.374176
14  -0.277240 3.632246 1.274103  0.115075 0.054750 -1.366492
15  -0.000000 1.798494 0.000001  0.002394 0.037772 -1.507786
16  0.000002 1.235450 -0.000001  -0.008167 -0.002510 -1.289887
17  0.315441 0.857299 0.755944  -0.760999 2.412031 -1.377325
18  0.000000 2.265939 -0.000001  -0.016207 -0.064542 -1.048595
19  -0.000001 1.457813 0.000000  -0.051901 0.018546 -0.626230
20  -1.259681 3.818373 1.286946  0.115075 0.054750 -1.366492
21  -1.226390 3.891692 0.090419  0.221244 0.005544 -1.361061
22  -1.231623 3.875531 -0.958680  0.326191 -0.061560 -1.352632
23  -1.209919 3.994780 -2.003047  0.570288 -0.108989 -1.360402
24  0.328906 0.095427 1.403533  -0.761000 2.412031 -1.377325
25  -1.882491 -6.942368 17.399179  1.568795 -0.165571 -2.529198
26  13.824293 -20.103218 10.765717  -1.570796 -0.000000 -1.570796
27  -1.843768 -8.254290 -9.392370  -0.051945 -0.000000 -1.570796
28  0.433020 -11.755867 -21.000002  -0.083842 -0.009362 3.131152
29  0.000000 13.479277 -0.000002  0.167696 0.000000 0.000000
30  0.000000 13.477240 0.000001  -0.083756 0.010203 0.009620
31  0.267270 3.664728 -1.953293  -0.106568 0.025893 0.137951
32  -0.000000 1.180357 -0.000001  -0.036623 0.007435 0.177465
33  -0.000002 0.817138 0.000001  0.004200 0.011559 -0.007420
34  0.249423 3.688543 -0.940890  -0.060580 0.013550 0.130737
35  0.000001 1.800635 -0.000001  0.004940 -0.002077 0.208495
36  -0.000001 1.243411 0.000002  0.006524 0.000040 0.064626
37  0.244726 3.701097 0.087732  0.005036 -0.002373 0.139323
38  -0.000000 1.766588 -0.000002  0.002490 0.003552 0.259702
39  -0.000000 1.189003 0.000001  -0.017590 0.001952 0.152464
40  0.277239 3.632249 1.274101  0.054558 -0.010184 0.144732
41  -0.000001 1.798490 -0.000003  0.036314 -0.010668 0.285912
42  -0.000001 1.235457 0.000001  -0.005152 -0.006816 0.068190
43  -0.315441 0.857301 0.755942  1.684115 -0.560091 -1.563926
44  -0.000000 2.265939 0.000000  -0.057905 0.032805 0.238898
45  0.000001 1.457813 0.000000  -0.029609 -0.046490 -0.034285
46  1.259681 3.818376 1.286945  0.054558 -0.010184 0.144732
47  1.226391 3.891695 0.090419  0.005036 -0.002373 0.139324
48  1.231623 3.875536 -0.958680  -0.060580 0.013550 0.130737
49  1.209919 3.994783 -2.003048  -0.106568 0.025893 0.137951
50  -0.328906 0.095430 1.403531  1.684115 -0.560091 -1.563926
51  0.152561 -38.616215 -21.000004  -0.000000 0.000000 3.141593
52  0.152561 -25.166061 -36.000004  -1.570796 -0.000000 1.570796
53  0.433020 -11.755867 -21.000002  -0.051945 0.000000 1.570796
54  -6.696000 -11.361276 -10.471000  1.554233 -0.024606 -1.550014
55  10.000000 0.000001 0.000000  0.000000 -0.000000 0.000000
56  29.620378 2.666869 0.000000  0.000000 -0.000000 0.000000
57  3.664052 2.228525 -2.524774  1.570796 0.732815 -1.570796
58  3.490277 2.388510 1.331885  -0.000000 1.570796 0.000000
time 18
0  0 0 0  0 0 0
1  0.000000 0.000000 0.000000  1.570796 -0.000000 0.000000
2  -1.843768 -8.254290 -9.392370  1.503925 -0.036860 -2.256135
3  0.000002 13.479277 -0.000001  0.197535 0.000000 -0.000000
4  -0.000000 13.477238 0.000001  -0.182241 -0.249853 0.169060
5  -0.267270 3.664726 -1.953292  0.570288 -0.108989 -1.360402
6  -0.000001 1.180354 -0.000001  -0.005540 -0.036957 -1.399219
7  -0.000000 0.817138 -0.000001  0.012298 -0.000007 -1.214275
8  -0.249423 3.688543 -0.940888  0.326191 -0.061559 -1.352632
9  -0.000001 1.800633 0.000000  -0.000262 0.005352 -1.430231
10  0.000000 1.243410 0.000001  0.002269 0.006116 -1.286349
11  -0.244727 3.701097 0.087734  0.221244 0.005544 -1.361062
12  -0.000004 1.766585 0.000000  0.004189 0.001125 -1.481426
13  0.000000 1.189006 0.000000  -0.004182 -0.017197 -1.374176
14  -0.277239 3.632249 1.274103  0.115075 0.054750 -1.366492
15  -0.000001 1.798495 -0.000001  0.002394 0.037772 -1.507786
16  -0.000000 1.235450 -0.000000  -0.008167 -0.002510 -1.289887
17  0.315441 0.857300 0.755944  -0.761000 2.412031 -1.377325
18  0.000001 2.265941 0.000000  -0.016207 -0.064542 -1.048595
19  0.000000 1.457810 -0.000000  -0.051901 0.018546 -0.626230
20  -1.259682 3.818375 1.286947  0.115075 0.054750 -1.366492
21  -1.226391 3.891693 0.090420  0.221244 0.005544 -1.361061
22  -1.231623 3.875535 -0.958680  0.326191 -0.061560 -1.352632
23  -1.209919 3.994783 -2.003047  0.570288 -0.108989 -1.360402
24  0.328905 0.095429 1.403534  -0.761000 2.412031 -1.377325
25  -1.880555 -6.947999 17.400921  1.568323 -0.165288 -2.529607
26  13.824293 -20.103218 10.765717  -1.570796 -0.000000 -1.570796
27  -1.843768 -8.254290 -9.392370  -0.051945 -0.000000 -1.570796
28  0.433020 -11.755867 -21.000002  -0.083842 -0.009362 3.131152
29  0.000000 13.479277 -0.000002  0.167696 0.000000 0.000000
30  0.000000 13.477240 0.000001  -0.083756 0.010203 0.009620
31  0.267270 3.664728 -1.953293  -0.106568 0.025893 0.137951
32  -0.000000 1.180357 -0.000001  -0.036623 0.007435 0.177465
33  -0.000002 0.817138 0.000001  0.004200 0.011559 -0.007420
34  0.249423 3.688543 -0.940890  -0.060580 0.013550 0.130737
35  0.000001 1.800635 -0.000001  0.004940 -0.002077 0.208495
36  -0.000001 1.243411 0.000002  0.006524 0.000040 0.064626
37  0.244726 3.701097 0.087732  0.005036 -0.002373 0.139323
38  -0.000000 1.766588 -0.000002  0.002490 0.003552 0.259702
39  -0.000000 1.189003 0.000001  -0.017590 0.001952 0.152464
40  0.277239 3.632249 1.274101  0.054558 -0.010184 0.144732
41  -0.000001 1.798490 -0.000003  0.036314 -0.010668 0.285912
42  -0.000001 1.235457 0.000001  -0.005152 -0.006816 0.068190
43  -0.315441 0.857301 0.755942  1.684115 -0.560091 -1.563926
44  -0.000000 2.265939 0.000000  -0.057905 0.032805 0.238898
45  0.000001 1.457813 0.000000  -0.029609 -0.046490 -0.034285
46  1.259681 3.818376 1.286945  0.054558 -0.010184 0.144732
47  1.226391 3.891695 0.090419  0.005036 -0.002373 0.139324
48  1.231623 3.875536 -0.958680  -0.060580 0.013550 0.130737
49  1.209919 3.994783 -2.003048  -0.106568 0.025893 0.137951
50  -0.328906 0.095430 1.403531  1.684115 -0.560091 -1.563926
51  0.152561 -38.616215 -21.000004  -0.000000 0.000000 3.141593
52  0.152561 -25.166061 -36.000004  -1.570796 -0.000000 1.570796
53  0.433020 -11.755867 -21.000002  -0.051945 0.000000 1.570796
54  -6.696000 -11.361276 -10.471000  1.553757 -0.024052 -1.549966
55  10.000000 0.000002 -0.000000  -0.000000 -0.000000 -0.000000
56  29.620380 2.666869 -0.000000  -0.000000 -0.000000 -0.000000
57  3.664051 2.228525 -2.524773  1.570796 0.732815 -1.570796
58  3.490277 2.388510 1.331885  0.000000 1.570796 0.000000
time 19
0  0 0 0  0 0 0
1  0.000000 0.000000 0.000000  1.570796 -0.000000 0.000000
2  -1.843768 -8.254290 -9.392370  1.504339 -0.036747 -2.256018
3  0.000002 13.479278 0.000000  0.196357 -0.000000 -0.000000
4  0.000000 13.477238 -0.000000  -0.181956 -0.250436 0.168758
5  -0.267270 3.664724 -1.953293  0.570288 -0.108989 -1.360402
6  0.000001 1.180355 0.000000  -0.005540 -0.036957 -1.399219
7  0.000001 0.817138 0.000001  0.012298 -0.000007 -1.214275
8  -0.249423 3.688538 -0.940889  0.326191 -0.061559 -1.352632
9  -0.000003 1.800633 0.000001  -0.000262 0.005352 -1.430232
10  -0.000001 1.243406 -0.000001  0.002269 0.006116 -1.286349
11  -0.244727 3.701093 0.087733  0.221244 0.005544 -1.361061
12  0.000004 1.766583 0.000000  0.004189 0.001125 -1.481426
13  -0.000000 1.189004 -0.000000  -0.004182 -0.017197 -1.374176
14  -0.277240 3.632246 1.274102  0.115075 0.054750 -1.366492
15  0.000000 1.798495 0.000001  0.002394 0.037772 -1.507786
16  -0.000001 1.235451 0.000000  -0.008167 -0.002510 -1.289887
17  0.315441 0.857298 0.755943  -0.761000 2.412031 -1.377325
18  0.000000 2.265939 0.000000  -0.016207 -0.064542 -1.048595
19  -0.000000 1.457808 -0.000000  -0.051901 0.018546 -0.626230
20  -1.259681 3.818373 1.286945  0.115075 0.054750 -1.366492
21  -1.226391 3.891691 0.090419  0.221244 0.005544 -1.361061
22  -1.231624 3.875532 -0.958680  0.326191 -0.061560 -1.352632
23  -1.209920 3.994779 -2.003048  0.570287 -0.108989 -1.360402
24  0.328906 0.095427 1.403533  -0.761000 2.412031 -1.377325
25  -1.879002 -6.953242 17.402740  1.567844 -0.164992 -2.529919
26  13.824293 -20.103218 10.765717  -1.570796 -0.000000 -1.570796
27  -1.843768 -8.254290 -9.392370  -0.051945 -0.000000 -1.570796
28  0.433020 -11.755867 -21.000002  -0.083842 -0.009362 3.131152
29  0.000000 13.479277 -0.000002  0.167696 0.000000 0.000000
30  0.000000 13.477240 0.000001  -0.083756 0.010203 0.009620
31  0.267270 3.664728 -1.953293  -0.106568 0.025893 0.137951
32  -0.000000 1.180357 -0.000001  -0.036623 0.007435 0.177465
33  -0.000002 0.817138 0.000001  0.004200 0.011559 -0.007420
34  0.249423 3.688543 -0.940890  -0.060580 0.013550 0.130737
35  0.000001 1.800635 -0.000001  0.004940 -0.002077 0.208495
36  -0.000001 1.243411 0.000002  0.006524 0.000040 0.064626
37  0.244726 3.701097 0.087732  0.005036 -0.002373 0.139323
38  -0.000000 1.766588 -0.000002  0.002490 0.003552 0.259702
39  -0.000000 1.189003 0.000001  -0.017590 0.001952 0.152464
40  0.277239 3.632249 1.274101  0.054558 -0.010184 0.144732
41  -0.000001 1.798490 -0.000003  0.036314 -0.010668 0.285912
42  -0.000001 1.235457 0.000001  -0.005152 -0.006816 0.068190
43  -0.315441 0.857301 0.755942  1.684115 -0.560091 -1.563926
44  -0.000000 2.265939 0.000000  -0.057905 0.032805 0.238898
45  0.000001 1.457813 0.000000  -0.029609 -0.046490 -0.034285
46  1.259681 3.818376 1.286945  0.054558 -0.010184 0.144732
47  1.226391 3.891695 0.090419  0.005036 -0.002373 0.139324
48  1.231623 3.875536 -0.958680  -0.060580 0.013550 0.130737
49  1.209919 3.994783 -2.003048  -0.106568 0.025893 0.137951
50  -0.328906 0.095430 1.403531  1.684115 -0.560091 -1.563926
51  0.152561 -38.616215 -21.000004  -0.000000 0.000000 3.141593
52  0.152561 -25.166061 -36.000004  -1.570796 -0.000000 1.570796
53  0.433020 -11.755867 -21.000002  -0.051945 0.000000 1.570796
54  -6.696000 -11.361276 -10.471000  1.553378 -0.023487 -1.549928
55  10.000002 -0.000000 0.000001  0.000000 0.000000 -0.000000
56  29.620382 2.666868 0.000000  0.000000 0.000000 -0.000000
57  3.664051 2.228525 -2.524773  1.570796 0.732815 -1.570796
58  3.490278 2.388509 1.331886  -0.000000 1.570796 0.000000
time 20
0  0 0 0  0 0 0
1  0.000000 0.000000 0.000000  1.570796 -0.000000 0.000000
2  -1.843768 -8.254290 -9.392370  1.504813 -0.036636 -2.255904
3  0.000002 13.479277 0.000001  0.195105 0.000000 -0.000000
4  -0.000000 13.477239 -0.000000  -0.181633 -0.250921 0.168416
5  -0.267270 3.664726 -1.953292  0.570288 -0.108989 -1.360402
6  0.000000 1.180355 0.000001  -0.005540 -0.036957 -1.399219
7  -0.000000 0.817135 -0.000001  0.012298 -0.000007 -1.214275
8  -0.249423 3.688539 -0.940888  0.326191 -0.061560 -1.352632
9  0.000000 1.800634 0.000000  -0.000262 0.005352 -1.430231
10  0.000001 1.243406 0.000000  0.002269 0.006116 -1.286349
11  -0.244726 3.701095 0.087733  0.221244 0.005544 -1.361062
12  -0.000000 1.766584 0.000000  0.004189 0.001125 -1.481426
13  0.000000 1.189003 -0.000000  -0.004182 -0.017197 -1.374175
14  -0.277240 3.632248 1.274103  0.115075 0.054751 -1.366492
15  0.000002 1.798495 -0.000001  0.002394 0.037772 -1.507786
16  -0.000001 1.235452 0.000000  -0.008167 -0.002510 -1.289887
17  0.315441 0.857299 0.755944  -0.761000 2.412031 -1.377326
18  -0.000002 2.265940 0.000000  -0.016207 -0.064542 -1.048595
19  0.000000 1.457810 0.000000  -0.051901 0.018546 -0.626230
20  -1.259681 3.818374 1.286945  0.115075 0.054750 -1.366492
21  -1.226390 3.891694 0.090419  0.221244 0.005544 -1.361061
22  -1.231623 3.875534 -0.958680  0.326191 -0.061560 -1.352631
23  -1.209920 3.994780 -2.003047  0.570288 -0.108989 -1.360402
24  0.328906 0.095429 1.403533  -0.761000 2.412031 -1.377325
25  -1.877858 -6.958050 17.404627  1.567361 -0.164685 -2.530128
26  13.824293 -20.103218 10.765717  -1.570796 -0.000000 -1.570796
27  -1.843768 -8.254290 -9.392370  -0.051945 -0.000000 -1.570796
28  0.433020 -11.755867 -21.000002  -0.083842 -0.009362 3.131152
29  0.000000 13.479277 -0.000002  0.167696 0.000000 0.000000
30  0.000000 13.477240 0.000001  -0.083756 0.010203 0.009620
31  0.267270 3.664728 -1.953293  -0.106568 0.025893 0.137951
32  -0.000000 1.180357 -0.000001  -0.036623 0.007435 0.177465
33  -0.000002 0.817138 0.000001  0.004200 0.011559 -0.007420
34  0.249423 3.688543 -0.940890  -0.060580 0.013550 0.130737
35  0.000001 1.800635 -0.000001  0.004940 -0.002077 0.208495
36  -0.000001 1.243411 0.000002  0.006524 0.000040 0.064626
37  0.244726 3.701097 0.087732  0.005036 -0.002373 0.139323
38  -0.000000 1.766588 -0.000002  0.002490 0.003552 0.259702
39  -0.000000 1.189003 0.000001  -0.017590 0.001952 0.152464
40  0.277239 3.632249 1.274101  0.054558 -0.010184 0.144732
41  -0.000001 1.798490 -0.000003  0.036314 -0.010668 0.285912
42  -0.000001 1.235457 0.000001  -0.005152 -0.006816 0.068190
43  -0.315441 0.857301 0.755942  1.684115 -0.560091 -1.563926
44  -0.000000 2.265939 0.000000  -0.057905 0.032805 0.238898
45  0.000001 1.457813 0.000000  -0.029609 -0.046490 -0.034285
46  1.259681 3.818376 1.286945  0.054558 -0.010184 0.144732
47  1.226391 3.891695 0.090419  0.005036 -0.002373 0.139324
48  1.231623 3.875536 -0.958680  -0.060580 0.013550 0.130737
49  1.209919 3.994783 -2.003048  -0.106568 0.025893 0.137951
50  -0.328906 0.095430 1.403531  1.684115 -0.560091 -1.563926
51  0.152561 -38.616215 -21.000004  -0.000000 0.000000 3.141593
52  0.152561 -25.166061 -36.000004  -1.570796 -0.000000 1.570796
53  0.433020 -11.755867 -21.000002  -0.051945 0.000000 1.570796
54  -6.696000 -11.361276 -10.471000  1.553102 -0.022915 -1.549900
55  10.000001 0.000001 0.000001  0.000000 -0.000000 -0.000000
56  29.620382 2.666869 0.000000  0.000000 -0.000000 -0.000000
57  3.664052 2.228527 -2.524773  1.570796 0.732815 -1.570796
58  3.490278 2.388510 1.331885  0.000000 1.570796 0.000000
time 21
0  0 0 0  0 0 0
1  0.000000 0.000000 0.000000  1.570796 -0.000000 0.000000
2  -1.843768 -8.254290 -9.392370  1.505348 -0.036528 -2.255794
3  0.000001 13.479276 0.000001  0.193777 0.000000 -0.000000
4  0.000000 13.477237 -0.000000  -0.181271 -0.251299 0.168036
5  -0.267269 3.664727 -1.953293  0.570288 -0.108989 -1.360402
6  0.000003 1.180354 -0.000000  -0.005540 -0.036957 -1.399219
7  -0.000000 0.817136 0.000002  0.012298 -0.000007 -1.214275
8  -0.249422 3.688541 -0.940889  0.326191 -0.061560 -1.352632
9  -0.000004 1.800633 0.000000  -0.000262 0.005352 -1.430231
10  -0.000000 1.243406 0.000000  0.002269 0.006116 -1.286349
11  -0.244726 3.701095 0.087733  0.221244 0.005544 -1.361061
12  -0.000002 1.766585 -0.000001  0.004189 0.001125 -1.481425
13  0.000000 1.189005 -0.000000  -0.004182 -0.017197 -1.374175
14  -0.277239 3.632246 1.274102  0.115075 0.054750 -1.366492
15  0.000001 1.798495 -0.000000  0.002394 0.037772 -1.507786
16  0.000000 1.235451 -0.000000  -0.008167 -0.002510 -1.289887
17  0.315442 0.857300 0.755944  -0.761000 2.412031 -1.377325
18  -0.000001 2.265937 0.000001  -0.016207 -0.064542 -1.048595
19  0.000001 1.457812 -0.000000  -0.051901 0.018546 -0.626230
20  -1.259680 3.818373 1.286946  0.115075 0.054750 -1.366492
21  -1.226390 3.891692 0.090419  0.221244 0.005544 -1.361061
22  -1.231623 3.875535 -0.958680  0.326191 -0.061560 -1.352632
23  -1.209918 3.994781 -2.003047  0.570288 -0.108989 -1.360402
24  0.328906 0.095427 1.403533  -0.761000 2.412031 -1.377326
25  -1.877152 -6.962378 17.406576  1.566877 -0.164366 -2.530227
26  13.824293 -20.103218 10.765717  -1.570796 -0.000000 -1.570796
27  -1.843768 -8.254290 -9.392370  -0.051945 -0.000000 -1.570796
28  0.433020 -11.755867 -21.000002  -0.083842 -0.009362 3.131152
29  0.000000 13.479277 -0.000002  0.167696 0.000000 0.000000
30  0.000000 13.477240 0.000001  -0.083756 0.010203 0.009620
31  0.267270 3.664728 -1.953293  -0.106568 0.025893 0.137951
32  -0.000000 1.180357 -0.000001  -0.036623 0.007435 0.177465
33  -0.000002 0.817138 0.000001  0.004200 0.011559 -0.007420
34  0.249423 3.688543 -0.940890  -0.060580 0.013550 0.130737
35  0.000001 1.800635 -0.000001  0.004940 -0.002077 0.208495
36  -0.000001 1.243411 0.000002  0.006524 0.000040 0.064626
37  0.244726 3.701097 0.087732  0.005036 -0.002373 0.139323
38  -0.000000 1.766588 -0.000002  0.002490 0.003552 0.259702
39  -0.000000 1.189003 0.000001  -0.017590 0.001952 0.152464
40  0.277239 3.632249 1.274101  0.054558 -0.010184 0.144732
41  -0.000001 1.798490 -0.000003  0.036314 -0.010668 0.285912
42  -0.000001 1.235457 0.000001  -0.005152 -0.006816 0.068190
43  -0.315441 0.857301 0.755942  1.684115 -0.560091 -1.563926
44  -0.000000 2.265939 0.000000  -0.057905 0.032805 0.238898
45  0.000001 1.457813 0.000000  -0.029609 -0.046490 -0.034285
46  1.259681 3.818376 1.286945  0.054558 -0.010184 0.144732
47  1.226391 3.891695 0.090419  0.005036 -0.002373 0.139324
48  1.231623 3.875536 -0.958680  -0.060580 0.013550 0.130737
49  1.209919 3.994783 -2.003048  -0.106568 0.025893 0.137951
50  -0.328906 0.095430 1.403531  1.684115 -0.560091 -1.563926
51  0.152561 -38.616215 -21.000004  -0.000000 0.000000 3.141593
52  0.152561 -25.166061 -36.000004  -1.570796 -0.000000 1.570796
53  0.433020 -11.755867 -21.000002  -0.051945 0.000000 1.570796
54  -6.696000 -11.361276 -10.471000  1.552936 -0.022338 -1.549883
55  10.000002 0.000001 0.000000  0.000000 -0.000000 -0.000000
56  29.620382 2.666868 0.000000  0.000000 -0.000000 -0.000000
57  3.664051 2.228524 -2.524773  1.570796 0.732815 -1.570796
58  3.490278 2.388509 1.331885  0.000000 1.570796 0.000000
time 22
0  0 0 0  0 0 0
1  0.000000 0.000000 0.000000  1.570796 -0.000000 0.000000
2  -1.843768 -8.254290 -9.392370  1.505949 -0.036425 -2.255687
3  0.000001 13.479277 0.000000  0.192370 0.000000 -0.000000
4  -0.000000 13.477238 0.000000  -0.180867 -0.251564 0.167615
5  -0.267271 3.664725 -1.953293  0.570287 -0.108989 -1.360402
6  -0.000001 1.180354 -0.000001  -0.005540 -0.036957 -1.399219
7  0.000001 0.817137 0.000000  0.012298 -0.000007 -1.214275
8  -0.249423 3.688540 -0.940889  0.326191 -0.061560 -1.352631
9  0.000001 1.800632 -0.000000  -0.000262 0.005352 -1.430231
10  -0.000001 1.243404 -0.000000  0.002269 0.006116 -1.286349
11  -0.244727 3.701094 0.087733  0.221244 0.005544 -1.361062
12  -0.000000 1.766583 -0.000000  0.004189 0.001125 -1.481426
13  0.000000 1.189004 -0.000000  -0.004182 -0.017197 -1.374176
14  -0.277240 3.632249 1.274102  0.115075 0.054751 -1.366492
15  0.000001 1.798495 0.000001  0.002394 0.037772 -1.507786
16  0.000000 1.235451 0.000000  -0.008167 -0.002510 -1.289887
17  0.315441 0.857298 0.755943  -0.761000 2.412031 -1.377325
18  -0.000001 2.265937 0.000000  -0.016207 -0.064542 -1.048595
19  0.000000 1.457813 -0.000000  -0.051901 0.018546 -0.626230
20  -1.259682 3.818373 1.286945  0.115075 0.054750 -1.366492
21  -1.226391 3.891692 0.090419  0.221244 0.005544 -1.361061
22  -1.231623 3.875533 -0.958681  0.326191 -0.061560 -1.352631
23  -1.209920 3.994780 -2.003048  0.570287 -0.108989 -1.360402
24  0.328905 0.095427 1.403532  -0.761000 2.412031 -1.377325
25  -1.876911 -6.966176 17.408588  1.566393 -0.164037 -2.530209
26  13.824293 -20.103218 10.765717  -1.570796 -0.000000 -1.570796
27  -1.843768 -8.254290 -9.392370  -0.051945 -0.000000 -1.570796
28  0.433020 -11.755867 -21.000002  -0.083842 -0.009362 3.131152
29  0.000000 13.479277 -0.000002  0.167696 0.000000 0.000000
30  0.000000 13.477240 0.000001  -0.083756 0.010203 0.009620
31  0.267270 3.664728 -1.953293  -0.106568 0.025893 0.137951
32  -0.000000 1.180357 -0.000001  -0.036623 0.007435 0.177465
33  -0.000002 0.817138 0.000001  0.004200 0.011559 -0.007420
34  0.249423 3.688543 -0.940890  -0.060580 0.013550 0.130737
35  0.000001 1.800635 -0.000001  0.004940 -0.002077 0.208495
36  -0.000001 1.243411 0.000002  0.006524 0.000040 0.064626
37  0.244726 3.701097 0.087732  0.005036 -0.002373 0.139323
38  -0.000000 1.766588 -0.000002  0.002490 0.003552 0.259702
39  -0.000000 1.189003 0.000001  -0.017590 0.001952 0.152464
40  0.277239 3.632249 1.274101  0.054558 -0.010184 0.144732
41  -0.000001 1.798490 -0.000003  0.036314 -0.010668 0.285912
42  -0.000001 1.235457 0.000001  -0.005152 -0.006816 0.068190
43  -0.315441 0.857301 0.755942  1.684115 -0.560091 -1.563926
44  -0.000000 2.265939 0.000000  -0.057905 0.032805 0.238898
45  0.000001 1.457813 0.000000  -0.029609 -0.046490 -0.034285
46  1.259681 3.818376 1.286945  0.054558 -0.010184 0.144732
47  1.226391 3.891695 0.090419  0.005036 -0.002373 0.139324
48  1.231623 3.875536 -0.958680  -0.060580 0.013550 0.130737
49  1.209919 3.994783 -2.003048  -0.106568 0.025893 0.137951
50  -0.328906 0.095430 1.403531  1.684115 -0.560091 -1.563926
51  0.152561 -38.616215 -21.000004  -0.000000 0.000000 3.141593
52  0.152561 -25.166061 -36.000004  -1.570796 -0.000000 1.570796
53  0.433020 -11.755867 -21.000002  -0.051945 0.000000 1.570796
54  -6.696000 -11.361276 -10.471000  1.552887 -0.021757 -1.549877
55  10.000000 -0.000000 -0.000001  0.000000 0.000000 -0.000000
56  29.620380 2.666868 -0.000001  0.000000 0.000000 -0.000000
57  3.664051 2.228524 -2.524774  1.570796 0.732815 -1.570796
58  3.490278 2.388509 1.331885  0.000000 1.570796 0.000000
time 23
0  0 0 0  0 0 0
1  0.000000 0.000000 0.000000  1.570796 -0.000000 0.000000
2  -1.843768 -8.254290 -9.392370  1.506606 -0.036326 -2.255585
3  0.000002 13.479277 0.000000  0.190898 -0.000000 -0.000000
4  -0.000000 13.477237 -0.000001  -0.180427 -0.251726 0.167159
5  -0.267269 3.664724 -1.953293  0.570287 -0.108989 -1.360402
6  -0.000002 1.180354 -0.000000  -0.005540 -0.036957 -1.399219
7  -0.000000 0.817135 0.000001  0.012298 -0.000007 -1.214275
8  -0.249422 3.688539 -0.940889  0.326191 -0.061560 -1.352632
9  0.000001 1.800634 -0.000001  -0.000262 0.005352 -1.430231
10  0.000000 1.243406 0.000001  0.002269 0.006116 -1.286349
11  -0.244725 3.701095 0.087732  0.221244 0.005544 -1.361062
12  0.000001 1.766584 0.000001  0.004189 0.001125 -1.481426
13  -0.000001 1.189006 -0.000001  -0.004182 -0.017197 -1.374176
14  -0.277239 3.632246 1.274102  0.115075 0.054750 -1.366492
15  -0.000001 1.798495 -0.000000  0.002394 0.037772 -1.507786
16  -0.000001 1.235450 -0.000001  -0.008167 -0.002510 -1.289887
17  0.315442 0.857299 0.755943  -0.760999 2.412031 -1.377325
18  0.000002 2.265940 0.000000  -0.016207 -0.064542 -1.048595
19  -0.000001 1.457813 0.000000  -0.051901 0.018546 -0.626230
20  -1.259681 3.818372 1.286945  0.115075 0.054750 -1.366492
21  -1.226390 3.891690 0.090419  0.221244 0.005544 -1.361061
22  -1.231623 3.875530 -0.958681  0.326191 -0.061560 -1.352632
23  -1.209918 3.994779 -2.003048  0.570288 -0.108989 -1.360402
24  0.328907 0.095427 1.403532  -0.761000 2.412031 -1.377325
25  -1.877093 -6.969486 17.410648  1.565912 -0.163699 -2.530086
26  13.824293 -20.103218 10.765717  -1.570796 -0.000000 -1.570796
27  -1.843768 -8.254290 -9.392370  -0.051945 -0.000000 -1.570796
28  0.433020 -11.755867 -21.000002  -0.083842 -0.009362 3.131152
29  0.000000 13.479277 -0.000002  0.167696 0.000000 0.000000
30  0.000000 13.477240 0.000001  -0.083756 0.010203 0.009620
31  0.267270 3.664728 -1.953293  -0.106568 0.025893 0.137951
32  -0.000000 1.180357 -0.000001  -0.036623 0.007435 0.177465
33  -0.000002 0.817138 0.000001  0.004200 0.011559 -0.007420
34  0.249423 3.688543 -0.940890  -0.060580 0.013550 0.130737
35  0.000001 1.800635 -0.000001  0.004940 -0.002077 0.208495
36  -0.000001 1.243411 0.000002  0.006524 0.000040 0.064626
37  0.244726 3.701097 0.087732  0.005036 -0.002373 0.139323
38  -0.000000 1.766588 -0.000002  0.002490 0.003552 0.259702
39  -0.000000 1.189003 0.000001  -0.017590 0.001952 0.152464
40  0.277239 3.632249 1.274101  0.054558 -0.010184 0.144732
41  -0.000001 1.798490 -0.000003  0.036314 -0.010668 0.285912
42  -0.000001 1.235457 0.000001  -0.005152 -0.006816 0.068190
43  -0.315441 0.857301 0.755942  1.684115 -0.560091 -1.563926
44  -0.000000 2.265939 0.000000  -0.057905 0.032805 0.238898
45  0.000001 1.457813 0.000000  -0.029609 -0.046490 -0.034285
46  1.259681 3.818376 1.286945  0.054558 -0.010184 0.144732
47  1.226391 3.891695 0.090419  0.005036 -0.002373 0.139324
48  1.231623 3.875536 -0.958680  -0.060580 0.013550 0.130737
49  1.209919 3.994783 -2.003048  -0.106568 0.025893 0.137951
50  -0.328906 0.095430 1.403531  1.684115 -0.560091 -1.563926
51  0.152561 -38.616215 -21.000004  -0.000000 0.000000 3.141593
52  0.152561 -25.166061 -36.000004  -1.570796 -0.000000 1.570796
53  0.433020 -11.755867 -21.000002  -0.051945 0.000000 1.570796
54  -6.696000 -11.361276 -10.471000  1.552943 -0.021176 -1.549883
55  10.000001 0.000002 -0.000000  -0.000000 0.000000 0.000000
56  29.620382 2.666869 0.000000  -0.000000 0.000000 0.000000
57  3.664052 2.228527 -2.524773  1.570796 0.732815 -1.570796
58  3.490278 2.388511 1.331886  -0.000000 1.570796 0.000000
time 24
0  0 0 0  0 0 0
1  0.000000 0.000000 0.000000  1.570796 -0.000000 0.000000
2  -1.843768 -8.254290 -9.392370  1.507313 -0.036230 -2.255487
3  0.000002 13.479277 -0.000001  0.189366 0.000000 -0.000000
4  -0.000000 13.477239 -0.000000  -0.179951 -0.251806 0.166675
5  -0.267270 3.664727 -1.953293  0.570287 -0.108989 -1.360402
6  0.000004 1.180354 0.000001  -0.005540 -0.036957 -1.399219
7  -0.000000 0.817134 -0.000000  0.012298 -0.000007 -1.214275
8  -0.249423 3.688541 -0.940889  0.326191 -0.061560 -1.352632
9  -0.000001 1.800633 -0.000000  -0.000262 0.005352 -1.430231
10  0.000001 1.243407 0.000000  0.002269 0.006116 -1.286349
11  -0.244727 3.701095 0.087733  0.221244 0.005544 -1.361061
12  0.000001 1.766584 0.000000  0.004189 0.001125 -1.481425
13  -0.000001 1.189003 0.000000  -0.004182 -0.017197 -1.374175
14  -0.277240 3.632247 1.274102  0.115075 0.054751 -1.366492
15  -0.000000 1.798494 0.000000  0.002394 0.037772 -1.507786
16  0.000002 1.235451 -0.000001  -0.008167 -0.002510 -1.289887
17  0.315441 0.857299 0.755944  -0.761000 2.412031 -1.377325
18  -0.000001 2.265938 0.000000  -0.016207 -0.064542 -1.048595
19  -0.000000 1.457815 -0.000000  -0.051901 0.018546 -0.626230
20  -1.259682 3.818374 1.286946  0.115075 0.054750 -1.366492
21  -1.226391 3.891692 0.090419  0.221244 0.005544 -1.361061
22  -1.231623 3.875535 -0.958681  0.326191 -0.061560 -1.352632
23  -1.209919 3.994780 -2.003048  0.570287 -0.108989 -1.360402
24  0.328906 0.095428 1.403532  -0.761000 2.412031 -1.377326
25  -1.877625 -6.972384 17.412748  1.565436 -0.163354 -2.529878
26  13.824293 -20.103218 10.765717  -1.570796 -0.000000 -1.570796
27  -1.843768 -8.254290 -9.392370  -0.051945 -0.000000 -1.570796
28  0.433020 -11.755867 -21.000002  -0.083842 -0.009362 3.131152
29  0.000000 13.479277 -0.000002  0.167696 0.000000 0.000000
30  0.000000 13.477240 0.000001  -0.083756 0.010203 0.009620
31  0.267270 3.664728 -1.953293  -0.106568 0.025893 0.137951
32  -0.000000 1.180357 -0.000001  -0.036623 0.007435 0.177465
33  -0.000002 0.817138 0.000001  0.004200 0.011559 -0.007420
34  0.249423 3.688543 -0.940890  -0.060580 0.013550 0.130737
35  0.000001 1.800635 -0.000001  0.004940 -0.002077 0.208495
36  -0.000001 1.243411 0.000002  0.006524 0.000040 0.064626
37  0.244726 3.701097 0.087732  0.005036 -0.002373 0.139323
38  -0.000000 1.766588 -0.000002  0.002490 0.003552 0.259702
39  -0.000000 1.189003 0.000001  -0.017590 0.001952 0.152464
40  0.277239 3.632249 1.274101  0.054558 -0.010184 0.144732
41  -0.000001 1.798490 -0.000003  0.036314 -0.010668 0.285912
42  -0.000001 1.235457 0.000001  -0.005152 -0.006816 0.068190
43  -0.315441 0.857301 0.755942  1.684115 -0.560091 -1.563926
44  -0.000000 2.265939 0.000000  -0.057905 0.032805 0.238898
45  0.000001 1.457813 0.000000  -0.029609 -0.046490 -0.034285
46  1.259681 3.818376 1.286945  0.054558 -0.010184 0.144732
47  1.226391 3.891695 0.090419  0.005036 -0.002373 0.139324
48  1.231623 3.875536 -0.958680  -0.060580 0.013550 0.130737
49  1.209919 3.994783 -2.003048  -0.106568 0.025893 0.137951
50  -0.328906 0.095430 1.403531  1.684115 -0.560091 -1.563926
51  0.152561 -38.616215 -21.000004  -0.000000 0.000000 3.141593
52  0.152561 -25.166061 -36.000004  -1.570796 -0.000000 1.570796
53  0.433020 -11.755867 -21.000002  -0.051945 0.000000 1.570796
54  -6.696000 -11.361276 -10.471000  1.553086 -0.020596 -1.549898
55  9.999997 0.000002 0.000000  0.000000 0.000000 -0.000000
56  29.620380 2.666870 0.000000  0.000000 0.000000 -0.000000
57  3.664051 2.228526 -2.524774  1.570796 0.732815 -1.570796
58  3.490278 2.388511 1.331885  0.000000 1.570796 0.000000
time 25
0  0 0 0  0 0 0
1  0.000000 0.000000 0.000000  1.570796 -0.000000 0.000000
2  -1.843768 -8.254290 -9.392370  1.508067 -0.036137 -2.255392
3  0.000002 13.479277 -0.000000  0.187780 -0.000000 -0.000000
4  0.000000 13.477238 -0.000001  -0.179442 -0.251805 0.166164
5  -0.267268 3.664728 -1.953293  0.570287 -0.108989 -1.360402
6  -0.000003 1.180355 -0.000001  -0.005540 -0.036957 -1.399218
7  -0.000001 0.817135 0.000000  0.012298 -0.000007 -1.214275
8  -0.249422 3.688542 -0.940889  0.326191 -0.061559 -1.352632
9  0.000001 1.800633 0.000000  -0.000262 0.005352 -1.430231
10  0.000000 1.243404 0.000001  0.002269 0.006116 -1.286349
11  -0.244726 3.701098 0.087733  0.221244 0.005544 -1.361061
12  0.000001 1.766586 -0.000001  0.004189 0.001125 -1.481426
13  0.000002 1.189006 -0.000000  -0.004182 -0.017197 -1.374176
14  -0.277239 3.632249 1.274102  0.115075 0.054750 -1.366492
15  0.000001 1.798495 -0.000001  0.002394 0.037772 -1.507786
16  0.000001 1.235452 -0.000000  -0.008167 -0.002510 -1.289887
17  0.315442 0.857302 0.755944  -0.761000 2.412031 -1.377325
18  0.000000 2.265940 0.000000  -0.016207 -0.064542 -1.048595
19  0.000000 1.457814 -0.000001  -0.051901 0.018546 -0.626230
20  -1.259681 3.818375 1.286946  0.115075 0.054750 -1.366492
21  -1.226390 3.891695 0.090419  0.221244 0.005544 -1.361061
22  -1.231622 3.875537 -0.958680  0.326191 -0.061560 -1.352632
23  -1.209918 3.994785 -2.003048  0.570287 -0.108989 -1.360402
24  0.328907 0.095430 1.403532  -0.761000 2.412031 -1.377325
25  -1.878493 -6.974879 17.414881  1.564966 -0.163004 -2.529590
26  13.824293 -20.103218 10.765717  -1.570796 -0.000000 -1.570796
27  -1.843768 -8.254290 -9.392370  -0.051945 -0.000000 -1.570796
28  0.433020 -11.755867 -21.000002  -0.083842 -0.009362 3.131152
29  0.000000 13.479277 -0.000002  0.167696 0.000000 0.000000
30  0.000000 13.477240 0.000001  -0.083756 0.010203 0.009620
31  0.267270 3.664728 -1.953293  -0.106568 0.025893 0.137951
32  -0.000000 1.180357 -0.000001  -0.036623 0.007435 0.177465
33  -0.000002 0.817138 0.000001  0.004200 0.011559 -0.007420
34  0.249423 3.688543 -0.940890  -0.060580 0.013550 0.130737
35  0.000001 1.800635 -0.000001  0.004940 -0.002077 0.208495
36  -0.000001 1.243411 0.000002  0.006524 0.000040 0.064626
37  0.244726 3.701097 0.087732  0.005036 -0.002373 0.139323
38  -0.000000 1.766588 -0.000002  0.002490 0.003552 0.259702
39  -0.000000 1.189003 0.000001  -0.017590 0.001952 0.152464
40  0.277239 3.632249 1.274101  0.054558 -0.010184 0.144732
41  -0.000001 1.798490 -0.000003  0.036314 -0.010668 0.285912
42  -0.000001 1.235457 0.000001  -0.005152 -0.006816 0.068190
43  -0.315441 0.857301 0.755942  1.684115 -0.560091 -1.563926
44  -0.000000 2.265939 0.000000  -0.057905 0.032805 0.238898
45  0.000001 1.457813 0.000000  -0.029609 -0.046490 -0.034285
46  1.259681 3.818376 1.286945  0.054558 -0.010184 0.144732
47  1.226391 3.891695 0.090419  0.005036 -0.002373 0.139324
48  1.231623 3.875536 -0.958680  -0.060580 0.013550 0.130737
49  1.209919 3.994783 -2.003048  -0.106568 0.025893 0.137951
50  -0.328906 0.095430 1.403531  1.684115 -0.560091 -1.563926
51  0.152561 -38.616215 -21.000004  -0.000000 0.000000 3.141593
52  0.152561 -25.166061 -36.000004  -1.570796 -0.000000 1.570796
53  0.433020 -11.755867 -21.000002  -0.051945 0.000000 1.570796
54  -6.696000 -11.361276 -10.471000  1.553310 -0.020019 -1.549924
55  10.000000 0.000001 -0.000000  0.000000 -0.000000 0.000000
56  29.620382 2.666869 0.000000  0.000000 -0.000000 0.000000
57  3.664053 2.228525 -2.524772  1.570796 0.732815 -1.570796
58  3.490278 2.388510 1.331886  -0.000000 1.570796 0.000000
time 26
0  0 0 0  0 0 0
1  0.000000 0.000000 0.000000  1.570796 -0.000000 0.000000
2  -1.843768 -8.254290 -9.392370  1.508862 -0.036049 -2.255301
3  0.000001 13.479278 -0.000000  0.186149 0.000000 -0.000000
4  -0.000000 13.477237 -0.000000  -0.178903 -0.251728 0.165630
5  -0.267270 3.664729 -1.953294  0.570288 -0.108989 -1.360402
6  0.000001 1.180355 0.000000  -0.005540 -0.036957 -1.399219
7  -0.000000 0.817134 -0.000001  0.012298 -0.000007 -1.214275
8  -0.249423 3.688543 -0.940889  0.326191 -0.061559 -1.352632
9  0.000000 1.800634 0.000001  -0.000262 0.005352 -1.430232
10  0.000000 1.243407 0.000000  0.002269 0.006116 -1.286350
11  -0.244726 3.701098 0.087732  0.221244 0.005544 -1.361062
12  -0.000002 1.766585 -0.000001  0.004189 0.001125 -1.481426
13  -0.000001 1.189004 -0.000000  -0.004182 -0.017197 -1.374176
14  -0.277240 3.632248 1.274102  0.115075 0.054750 -1.366492
15  -0.000002 1.798495 -0.000001  0.002394 0.037772 -1.507785
16  0.000000 1.235454 -0.000001  -0.008167 -0.002510 -1.289887
17  0.315441 0.857300 0.755943  -0.761000 2.412031 -1.377325
18  -0.000002 2.265939 0.000000  -0.016207 -0.064542 -1.048595
19  -0.000001 1.457809 -0.000000  -0.051901 0.018546 -0.626230
20  -1.259681 3.818376 1.286946  0.115075 0.054750 -1.366492
21  -1.226391 3.891693 0.090419  0.221244 0.005544 -1.361061
22  -1.231624 3.875535 -0.958681  0.326191 -0.061560 -1.352632
23  -1.209920 3.994783 -2.003049  0.570288 -0.108989 -1.360402
24  0.328905 0.095430 1.403532  -0.761000 2.412031 -1.377325
25  -1.879680 -6.976971 17.417034  1.564505 -0.162649 -2.529225
26  13.824293 -20.103218 10.765717  -1.570796 -0.000000 -1.570796
27  -1.843768 -8.254290 -9.392370  -0.051945 -0.000000 -1.570796
28  0.433020 -11.755867 -21.000002  -0.083842 -0.009362 3.131152
29  0.000000 13.479277 -0.000002  0.167696 0.000000 0.000000
30  0.000000 13.477240 0.000001  -0.083756 0.010203 0.009620
31  0.267270 3.664728 -1.953293  -0.106568 0.025893 0.137951
32  -0.000000 1.180357 -0.000001  -0.036623 0.007435 0.177465
33  -0.000002 0.817138 0.000001  0.004200 0.011559 -0.007420
34  0.249423 3.688543 -0.940890  -0.060580 0.013550 0.130737
35  0.000001 1.800635 -0.000001  0.004940 -0.002077 0.208495
36  -0.000001 1.243411 0.000002  0.006524 0.000040 0.064626
37  0.244726 3.701097 0.087732  0.005036 -0.002373 0.139323
38  -0.000000 1.766588 -0.000002  0.002490 0.003552 0.259702
39  -0.000000 1.189003 0.000001  -0.017590 0.001952 0.152464
40  0.277239 3.632249 1.274101  0.054558 -0.010184 0.144732
41  -0.000001 1.798490 -0.000003  0.036314 -0.010668 0.285912
42  -0.000001 1.235457 0.000001  -0.005152 -0.006816 0.068190
43  -0.315441 0.857301 0.755942  1.684115 -0.560091 -1.563926
44  -0.000000 2.265939 0.000000  -0.057905 0.032805 0.238898
45  0.000001 1.457813 0.000000  -0.029609 -0.046490 -0.034285
46  1.259681 3.818376 1.286945  0.054558 -0.010184 0.144732
47  1.226391 3.891695 0.090419  0.005036 -0.002373 0.139324
48  1.231623 3.875536 -0.958680  -0.060580 0.013550 0.130737
49  1.209919 3.994783 -2.003048  -0.106568 0.025893 0.137951
50  -0.328906 0.095430 1.403531  1.684115 -0.560091 -1.563926
51  0.152561 -38.616215 -21.000004  -0.000000 0.000000 3.141593
52  0.152561 -25.166061 -36.000004  -1.570796 -0.000000 1.570796
53  0.433020 -11.755867 -21.000002  -0.051945 0.000000 1.570796
54  -6.696000 -11.361276 -10.471000  1.553612 -0.019449 -1.549958
55  10.000000 0.000002 -0.000000  0.000000 -0.000000 -0.000000
56  29.620380 2.666869 -0.000000  0.000000 -0.000000 -0.000000
57  3.664051 2.228526 -2.524773  1.570796 0.732815 -1.570796
58  3.490277 2.388511 1.331884  0.000000 1.570796 0.000000
time 27
0  0 0 0  0 0 0
1  0.000000 0.000000 0.000000  1.570796 -0.000000 0.000000
2  -1.843768 -8.254290 -9.392370  1.509694 -0.035965 -2.255214
3  0.000002 13.479277 -0.000000  0.184479 0.000000 -0.000000
4  -0.000000 13.477240 -0.000000  -0.178338 -0.251576 0.165077
5  -0.267270 3.664727 -1.953292  0.570287 -0.108989 -1.360402
6  0.000002 1.180355 -0.000001  -0.005540 -0.036957 -1.399219
7  0.000001 0.817137 0.000001  0.012298 -0.000007 -1.214275
8  -0.249424 3.688541 -0.940889  0.326191 -0.061559 -1.352632
9  0.000000 1.800633 -0.000000  -0.000262 0.005352 -1.430232
10  0.000000 1.243408 -0.000001  0.002269 0.006116 -1.286349
11  -0.244727 3.701094 0.087733  0.221244 0.005544 -1.361062
12  0.000001 1.766585 -0.000000  0.004189 0.001125 -1.481426
13  -0.000001 1.189006 -0.000001  -0.004182 -0.017197 -1.374175
14  -0.277240 3.632248 1.274102  0.115075 0.054750 -1.366492
15  -0.000001 1.798494 -0.000000  0.002394 0.037772 -1.507786
16  -0.000000 1.235455 -0.000000  -0.008167 -0.002510 -1.289887
17  0.315440 0.857299 0.755944  -0.761000 2.412031 -1.377325
18  -0.000001 2.265939 0.000000  -0.016207 -0.064542 -1.048595
19  0.000000 1.457812 0.000000  -0.051901 0.018546 -0.626230
20  -1.259683 3.818372 1.286946  0.115075 0.054750 -1.366492
21  -1.226392 3.891693 0.090420  0.221244 0.005544 -1.361061
22  -1.231624 3.875535 -0.958681  0.326191 -0.061560 -1.352631
23  -1.209921 3.994780 -2.003047  0.570287 -0.108989 -1.360402
24  0.328905 0.095429 1.403533  -0.761000 2.412031 -1.377325
25  -1.881169 -6.978670 17.419197  1.564054 -0.162292 -2.528789
26  13.824293 -20.103218 10.765717  -1.570796 -0.000000 -1.570796
27  -1.843768 -8.254290 -9.392370  -0.051945 -0.000000 -1.570796
28  0.433020 -11.755867 -21.000002  -0.083842 -0.009362 3.131152
29  0.000000 13.479277 -0.000002  0.167696 0.000000 0.000000
30  0.000000 13.477240 0.000001  -0.083756 0.010203 0.009620
31  0.267270 3.664728 -1.953293  -0.106568 0.025893 0.137951
32  -0.000000 1.180357 -0.000001  -0.036623 0.007435 0.177465
33  -0.000002 0.817138 0.000001  0.004200 0.011559 -0.007420
34  0.249423 3.688543 -0.940890  -0.060580 0.013550 0.130737
35  0.000001 1.800635 -0.000001  0.004940 -0.002077 0.208495
36  -0.000001 1.243411 0.000002  0.006524 0.000040 0.064626
37  0.244726 3.701097 0.087732  0.005036 -0.002373 0.139323
38  -0.000000 1.766588 -0.000002  0.002490 0.003552 0.259702
39  -0.000000 1.189003 0.000001  -0.017590 0.001952 0.152464
40  0.277239 3.632249 1.274101  0.054558 -0.010184 0.144732
41  -0.000001 1.798490 -0.000003  0.036314 -0.010668 0.285912
42  -0.000001 1.235457 0.000001  -0.005152 -0.006816 0.068190
43  -0.315441 0.857301 0.755942  1.684115 -0.560091 -1.563926
44  -0.000000 2.265939 0.000000  -0.057905 0.032805 0.238898
45  0.000001 1.457813 0.000000  -0.029609 -0.046490 -0.034285
46  1.259681 3.818376 1.286945  0.054558 -0.010184 0.144732
47  1.226391 3.891695 0.090419  0.005036 -0.002373 0.139324
48  1.231623 3.875536 -0.958680  -0.060580 0.013550 0.130737
49  1.209919 3.994783 -2.003048  -0.106568 0.025893 0.137951
50  -0.328906 0.095430 1.403531  1.684115 -0.560091 -1.563926
51  0.152561 -38.616215 -21.000004  -0.000000 0.000000 3.141593
52  0.152561 -25.166061 -36.000004  -1.570796 -0.000000 1.570796
53  0.433020 -11.755867 -21.000002  -0.051945 0.000000 1.570796
54  -6.696000 -11.361276 -10.471000  1.553988 -0.018887 -1.550002
55  10.000000 0.000002 -0.000000  0.000000 -0.000000 -0.000000
56  29.620378 2.666869 0.000000  0.000000 -0.000000 -0.000000
57  3.664051 2.228528 -2.524773  1.570796 0.732815 -1.570796
58  3.490277 2.388511 1.331885  0.000000 1.570796 0.000000
time 28
0  0 0 0  0 0 0
1  0.000000 0.000000 0.000000  1.570796 -0.000000 0.000000
2  -1.843768 -8.254290 -9.392370  1.510560 -0.035885 -2.255132
3  0.000002 13.479277 0.000000  0.182776 0.000000 -0.000000
4  0.000000 13.477239 -0.000000  -0.177746 -0.251354 0.164506
5  -0.267270 3.664724 -1.953293  0.570287 -0.108989 -1.360402
6  0.000001 1.180356 -0.000000  -0.005540 -0.036957 -1.399219
7  0.000001 0.817138 -0.000000  0.012298 -0.000007 -1.214275
8  -0.249423 3.688540 -0.940889  0.326191 -0.061560 -1.352632
9  -0.000002 1.800634 0.000000  -0.000262 0.005352 -1.430231
10  -0.000001 1.243406 0.000001  0.002269 0.006116 -1.286349
11  -0.244727 3.701094 0.087733  0.221244 0.005544 -1.361062
12  -0.000001 1.766585 -0.000001  0.004189 0.001125 -1.481426
13  -0.000001 1.189001 0.000001  -0.004182 -0.017197 -1.374175
14  -0.277240 3.632246 1.274102  0.115075 0.054750 -1.366492
15  0.000000 1.798494 0.000000  0.002394 0.037772 -1.507786
16  0.000001 1.235453 0.000000  -0.008167 -0.002510 -1.289887
17  0.315441 0.857296 0.755943  -0.761000 2.412031 -1.377326
18  -0.000001 2.265939 -0.000000  -0.016207 -0.064542 -1.048595
19  -0.000001 1.457810 -0.000000  -0.051901 0.018546 -0.626230
20  -1.259681 3.818372 1.286945  0.115075 0.054750 -1.366492
21  -1.226391 3.891690 0.090419  0.221244 0.005544 -1.361061
22  -1.231624 3.875534 -0.958680  0.326191 -0.061560 -1.352632
23  -1.209920 3.994780 -2.003047  0.570287 -0.108989 -1.360402
24  0.328905 0.095425 1.403533  -0.761000 2.412031 -1.377325
25  -1.882945 -6.979979 17.421364  1.563615 -0.161934 -2.528284
26  13.824293 -20.103218 10.765717  -1.570796 -0.000000 -1.570796
27  -1.843768 -8.254290 -9.392370  -0.051945 -0.000000 -1.570796
28  0.433020 -11.755867 -21.000002  -0.083842 -0.009362 3.131152
29  0.000000 13.479277 -0.000002  0.167696 0.000000 0.000000
30  0.000000 13.477240 0.000001  -0.083756 0.010203 0.009620
31  0.267270 3.664728 -1.953293  -0.106568 0.025893 0.137951
32  -0.000000 1.180357 -0.000001  -0.036623 0.007435 0.177465
33  -0.000002 0.817138 0.000001  0.004200 0.011559 -0.007420
34  0.249423 3.688543 -0.940890  -0.060580 0.013550 0.130737
35  0.000001 1.800635 -0.000001  0.004940 -0.002077 0.208495
36  -0.000001 1.243411 0.000002  0.006524 0.000040 0.064626
37  0.244726 3.701097 0.087732  0.005036 -0.002373 0.139323
38  -0.000000 1.766588 -0.000002  0.002490 0.003552 0.259702
39  -0.000000 1.189003 0.000001  -0.017590 0.001952 0.152464
40  0.277239 3.632249 1.274101  0.054558 -0.010184 0.144732
41  -0.000001 1.798490 -0.000003  0.036314 -0.010668 0.285912
42  -0.000001 1.235457 0.000001  -0.005152 -0.006816 0.068190
43  -0.315441 0.857301 0.755942  1.684115 -0.560091 -1.563926
44  -0.000000 2.265939 0.000000  -0.057905 0.032805 0.238898
45  0.000001 1.457813 0.000000  -0.029609 -0.046490 -0.034285
46  1.259681 3.818376 1.286945  0.054558 -0.010184 0.144732
47  1.226391 3.891695 0.090419  0.005036 -0.002373 0.139324
48  1.231623 3.875536 -0.958680  -0.060580 0.013550 0.130737
49  1.209919 3.994783 -2.003048  -0.106568 0.025893 0.137951
50  -0.328906 0.095430 1.403531  1.684115 -0.560091 -1.563926
51  0.152561 -38.616215 -21.000004  -0.000000 0.000000 3.141593
52  0.152561 -25.166061 -36.000004  -1.570796 -0.000000 1.570796
53  0.433020 -11.755867 -21.000002  -0.051945 0.000000 1.570796
54  -6.696000 -11.361276 -10.471000  1.554433 -0.018336 -1.550053
55  10.000000 0.000002 -0.000000  0.000000 -0.000000 -0.000000
56  29.620382 2.666870 -0.000000  0.000000 -0.000000 -0.000000
57  3.664053 2.228528 -2.524773  1.570796 0.732815 -1.570796
58  3.490278 2.388510 1.331885  0.000000 1.570796 0.000000
time 29
0  0 0 0  0 0 0
1  0.000000 0.000000 0.000000  1.570796 -0.000000 0.000000
2  -1.843768 -8.254290 -9.392370  1.511455 -0.035809 -2.255054
3  0.000002 13.479277 -0.000000  0.181051 0.000000 -0.000000
4  0.000000 13.477239 -0.000001  -0.177134 -0.251064 0.163923
5  -0.267270 3.664725 -1.953293  0.570288 -0.108989 -1.360402
6  -0.000002 1.180355 0.000001  -0.005540 -0.036957 -1.399219
7  -0.000000 0.817135 0.000000  0.012298 -0.000007 -1.214275
8  -0.249423 3.688541 -0.940889  0.326191 -0.061560 -1.352632
9  -0.000001 1.800634 0.000000  -0.000262 0.005352 -1.430231
10  0.000000 1.243405 0.000001  0.002269 0.006116 -1.286349
11  -0.244726 3.701096 0.087733  0.221244 0.005544 -1.361061
12  0.000000 1.766585 -0.000000  0.004189 0.001125 -1.481426
13  -0.000000 1.189002 -0.000001  -0.004182 -0.017197 -1.374176
14  -0.277239 3.632249 1.274102  0.115075 0.054750 -1.366492
15  -0.000001 1.798494 -0.000000  0.002394 0.037772 -1.507786
16  0.000000 1.235450 -0.000000  -0.008167 -0.002510 -1.289887
17  0.315441 0.857301 0.755943  -0.761000 2.412031 -1.377325
18  -0.000001 2.265939 -0.000001  -0.016207 -0.064542 -1.048595
19  0.000000 1.457812 0.000000  -0.051901 0.018546 -0.626230
20  -1.259681 3.818375 1.286945  0.115075 0.054750 -1.366492
21  -1.226391 3.891693 0.090419  0.221244 0.005544 -1.361061
22  -1.231624 3.875533 -0.958680  0.326191 -0.061560 -1.352632
23  -1.209919 3.994781 -2.003048  0.570287 -0.108989 -1.360402
24  0.328906 0.095428 1.403532  -0.761000 2.412031 -1.377325
25  -1.884992 -6.980902 17.423519  1.563189 -0.161577 -2.527716
26  13.824293 -20.103218 10.765717  -1.570796 -0.000000 -1.570796
27  -1.843768 -8.254290 -9.392370  -0.051945 -0.000000 -1.570796
28  0.433020 -11.755867 -21.000002  -0.083842 -0.009362 3.131152
29  0.000000 13.479277 -0.000002  0.167696 0.000000 0.000000
30  0.000000 13.477240 0.000001  -0.083756 0.010203 0.009620
31  0.267270 3.664728 -1.953293  -0.106568 0.025893 0.137951
32  -0.000000 1.180357 -0.000001  -0.036623 0.007435 0.177465
33  -0.000002 0.817138 0.000001  0.004200 0.011559 -0.007420
34  0.249423 3.688543 -0.940890  -0.060580 0.013550 0.130737
35  0.000001 1.800635 -0.000001  0.004940 -0.002077 0.208495
36  -0.000001 1.243411 0.000002  0.006524 0.000040 0.064626
37  0.244726 3.701097 0.087732  0.005036 -0.002373 0.139323
38  -0.000000 1.766588 -0.000002  0.002490 0.003552 0.259702
39  -0.000000 1.189003 0.000001  -0.017590 0.001952 0.152464
40  0.277239 3.632249 1.274101  0.054558 -0.010184 0.144732
41  -0.000001 1.798490 -0.000003  0.036314 -0.010668 0.285912
42  -0.000001 1.235457 0.000001  -0.005152 -0.006816 0.068190
43  -0.315441 0.857301 0.755942  1.684115 -0.560091 -1.563926
44  -0.000000 2.265939 0.000000  -0.057905 0.032805 0.238898
45  0.000001 1.457813 0.000000  -0.029609 -0.046490 -0.034285
46  1.259681 3.818376 1.286945  0.054558 -0.010184 0.144732
47  1.226391 3.891695 0.090419  0.005036 -0.002373 0.139324
48  1.231623 3.875536 -0.958680  -0.060580 0.013550 0.130737
49  1.209919 3.994783 -2.003048  -0.106568 0.025893 0.137951
50  -0.328906 0.095430 1.403531  1.684115 -0.560091 -1.563926
51  0.152561 -38.616215 -21.000004  -0.000000 0.000000 3.141593
52  0.152561 -25.166061 -36.000004  -1.570796 -0.000000 1.570796
53  0.433020 -11.755867 -21.000002  -0.051945 0.000000 1.570796
54  -6.696000 -11.361276 -10.471000  1.554944 -0.017798 -1.550113
55  10.000005 -0.000001 0.000000  -0.000000 0.000000 -0.000000
56  29.620384 2.666867 0.000000  -0.000000 0.000000 -0.000000
57  3.664054 2.228522 -2.524773  1.570796 0.732815 -1.570796
58  3.490280 2.388508 1.331886  -0.000000 1.570796 0.000000
time 30
0  0 0 0  0 0 0
1  0.000000 0.000000 0.000000  1.570796 -0.000000 0.000000
2  -1.843768 -8.254290 -9.392370  1.512376 -0.035739 -2.254982
3  0.000002 13.479276 0.000000  0.179306 0.000000 -0.000000
4  0.000000 13.477237 -0.000000  -0.176501 -0.250709 0.163328
5  -0.267269 3.664726 -1.953293  0.570288 -0.108989 -1.360402
6  -0.000000 1.180355 -0.000001  -0.005540 -0.036957 -1.399219
7  0.000001 0.817138 0.000002  0.012298 -0.000007 -1.214275
8  -0.249422 3.688542 -0.940889  0.326191 -0.061560 -1.352631
9  0.000002 1.800632 0.000000  -0.000262 0.005352 -1.430231
10  -0.000000 1.243406 0.000000  0.002269 0.006116 -1.286349
11  -0.244726 3.701096 0.087733  0.221244 0.005544 -1.361061
12  0.000002 1.766585 -0.000001  0.004189 0.001125 -1.481426
13  -0.000001 1.189006 -0.000000  -0.004182 -0.017197 -1.374175
14  -0.277239 3.632247 1.274102  0.115075 0.054750 -1.366492
15  0.000001 1.798494 -0.000000  0.002394 0.037772 -1.507786
16  -0.000001 1.235452 0.000000  -0.008167 -0.002510 -1.289887
17  0.315442 0.857299 0.755944  -0.761000 2.412031 -1.377325
18  0.000000 2.265939 0.000000  -0.016207 -0.064542 -1.048595
19  0.000000 1.457812 0.000000  -0.051901 0.018546 -0.626230
20  -1.259681 3.818373 1.286946  0.115075 0.054750 -1.366492
21  -1.226390 3.891692 0.090420  0.221244 0.005544 -1.361061
22  -1.231623 3.875534 -0.958680  0.326191 -0.061560 -1.352632
23  -1.209919 3.994783 -2.003047  0.570288 -0.108989 -1.360402
24  0.328907 0.095429 1.403532  -0.761000 2.412031 -1.377326
25  -1.887294 -6.981447 17.425659  1.562779 -0.161222 -2.527089
26  13.824293 -20.103218 10.765717  -1.570796 -0.000000 -1.570796
27  -1.843768 -8.254290 -9.392370  -0.051945 -0.000000 -1.570796
28  0.433020 -11.755867 -21.000002  -0.083842 -0.009362 3.131152
29  0.000000 13.479277 -0.000002  0.167696 0.000000 0.000000
30  0.000000 13.477240 0.000001  -0.083756 0.010203 0.009620
31  0.267270 3.664728 -1.953293  -0.106568 0.025893 0.137951
32  -0.000000 1.180357 -0.000001  -0.036623 0.007435 0.177465
33  -0.000002 0.817138 0.000001  0.004200 0.011559 -0.007420
34  0.249423 3.688543 -0.940890  -0.060580 0.013550 0.130737
35  0.000001 1.800635 -0.000001  0.004940 -0.002077 0.208495
36  -0.000001 1.243411 0.000002  0.006524 0.000040 0.064626
37  0.244726 3.701097 0.087732  0.005036 -0.002373 0.139323
38  -0.000000 1.766588 -0.000002  0.002490 0.003552 0.259702
39  -0.000000 1.189003 0.000001  -0.017590 0.001952 0.152464
40  0.277239 3.632249 1.274101  0.054558 -0.010184 0.144732
41  -0.000001 1.798490 -0.000003  0.036314 -0.010668 0.285912
42  -0.000001 1.235457 0.000001  -0.005152 -0.006816 0.068190
43  -0.315441 0.857301 0.755942  1.684115 -0.560091 -1.563926
44  -0.000000 2.265939 0.000000  -0.057905 0.032805 0.238898
45  0.000001 1.457813 0.000000  -0.029609 -0.046490 -0.034285
46  1.259681 3.818376 1.286945  0.054558 -0.010184 0.144732
47  1.226391 3.891695 0.090419  0.005036 -0.002373 0.139324
48  1.231623 3.875536 -0.958680  -0.060580 0.013550 0.130737
49  1.209919 3.994783 -2.003048  -0.106568 0.025893 0.137951
50  -0.328906 0.095430 1.403531  1.684115 -0.560091 -1.563926
51  0.152561 -38.616215 -21.000004  -0.000000 0.000000 3.141593
52  0.152561 -25.166061 -36.000004  -1.570796 -0.000000 1.570796
53  0.433020 -11.755867 -21.000002  -0.051945 0.000000 1.570796
54  -6.696000 -11.361276 -10.471000  1.555516 -0.017274 -1.550179
55  10.000001 0.000001 0.000000  -0.000000 -0.000000 -0.000000
56  29.620380 2.666870 0.000000  -0.000000 -0.000000 -0.000000
57  3.664051 2.228527 -2.524773  1.570796 0.732815 -1.570796
58  3.490278 2.388510 1.331886  -0.000000 1.570796 0.000000
time 31
0  0 0 0  0 0 0
1  0.000000 0.000000 0.000000  1.570796 -0.000000 0.000000
2  -1.843768 -8.254290 -9.392370  1.513316 -0.035674 -2.254915
3  0.000002 13.479277 -0.000000  0.177555 0.000000 -0.000000
4  0.000000 13.477239 -0.000001  -0.175854 -0.250293 0.162726
5  -0.267269 3.664728 -1.953292  0.570287 -0.108989 -1.360402
6  0.000001 1.180354 -0.000000  -0.005540 -0.036957 -1.399219
7  -0.000002 0.817135 0.000001  0.012298 -0.000007 -1.214275
8  -0.249422 3.688543 -0.940888  0.326191 -0.061560 -1.352632
9  -0.000000 1.800634 -0.000000  -0.000262 0.005352 -1.430231
10  0.000000 1.243406 0.000000  0.002269 0.006116 -1.286349
11  -0.244726 3.701097 0.087734  0.221244 0.005544 -1.361062
12  0.000002 1.766584 0.000000  0.004189 0.001125 -1.481426
13  -0.000000 1.189003 0.000000  -0.004182 -0.017197 -1.374176
14  -0.277239 3.632248 1.274103  0.115075 0.054750 -1.366492
15  -0.000000 1.798494 -0.000000  0.002394 0.037772 -1.507786
16  0.000000 1.235453 0.000000  -0.008167 -0.002510 -1.289887
17  0.315441 0.857299 0.755944  -0.761000 2.412031 -1.377326
18  0.000001 2.265939 0.000000  -0.016207 -0.064542 -1.048595
19  0.000000 1.457811 0.000001  -0.051901 0.018546 -0.626230
20  -1.259681 3.818375 1.286947  0.115075 0.054750 -1.366492
21  -1.226390 3.891695 0.090421  0.221244 0.005544 -1.361061
22  -1.231622 3.875537 -0.958679  0.326191 -0.061560 -1.352632
23  -1.209918 3.994782 -2.003047  0.570287 -0.108989 -1.360402
24  0.328906 0.095429 1.403533  -0.761000 2.412031 -1.377326
25  -1.889834 -6.981618 17.427769  1.562386 -0.160872 -2.526407
26  13.824293 -20.103218 10.765717  -1.570796 -0.000000 -1.570796
27  -1.843768 -8.254290 -9.392370  -0.051945 -0.000000 -1.570796
28  0.433020 -11.755867 -21.000002  -0.083842 -0.009362 3.131152
29  0.000000 13.479277 -0.000002  0.167696 0.000000 0.000000
30  0.000000 13.477240 0.000001  -0.083756 0.010203 0.009620
31  0.267270 3.664728 -1.953293  -0.106568 0.025893 0.137951
32  -0.000000 1.180357 -0.000001  -0.036623 0.007435 0.177465
33  -0.000002 0.817138 0.000001  0.004200 0.011559 -0.007420
34  0.249423 3.688543 -0.940890  -0.060580 0.013550 0.130737
35  0.000001 1.800635 -0.000001  0.004940 -0.002077 0.208495
36  -0.000001 1.243411 0.000002  0.006524 0.000040 0.064626
37  0.244726 3.701097 0.087732  0.005036 -0.002373 0.139323
38  -0.000000 1.766588 -0.000002  0.002490 0.003552 0.259702
39  -0.000000 1.189003 0.000001  -0.017590 0.001952 0.152464
40  0.277239 3.632249 1.274101  0.054558 -0.010184 0.144732
41  -0.000001 1.798490 -0.000003  0.036314 -0.010668 0.285912
42  -0.000001 1.235457 0.000001  -0.005152 -0.006816 0.068190
43  -0.315441 0.857301 0.755942  1.684115 -0.560091 -1.563926
44  -0.000000 2.265939 0.000000  -0.057905 0.032805 0.238898
45  0.000001 1.457813 0.000000  -0.029609 -0.046490 -0.034285
46  1.259681 3.818376 1.286945  0.054558 -0.010184 0.144732
47  1.226391 3.891695 0.090419  0.005036 -0.002373 0.139324
48  1.231623 3.875536 -0.958680  -0.060580 0.013550 0.130737
49  1.209919 3.994783 -2.003048  -0.106568 0.025893 0.137951
50  -0.328906 0.095430 1.403531  1.684115 -0.560091 -1.563926
51  0.152561 -38.616215 -21.000004  -0.000000 0.000000 3.141593
52  0.152561 -25.166061 -36.000004  -1.570796 -0.000000 1.570796
53  0.433020 -11.755867 -21.000002  -0.051945 0.000000 1.570796
54  -6.696000 -11.361276 -10.471000  1.556146 -0.016768 -1.550252
55  10.000000 0.000002 -0.000000  -0.000000 -0.000000 -0.000000
56  29.620380 2.666870 -0.000000  -0.000000 -0.000000 -0.000000
57  3.664051 2.228526 -2.524774  1.570796 0.732815 -1.570796
58  3.490277 2.388510 1.331885  0.000000 1.570796 0.000000
time 32
0  0 0 0  0 0 0
1  0.000000 0.000000 0.000000  1.570796 -0.000000 0.000000
2  -1.843768 -8.254290 -9.392370  1.514273 -0.035613 -2.254853
3  0.000001 13.479276 0.000001  0.175800 -0.000000 -0.000000
4  0.000001 13.477238 0.000000  -0.175191 -0.249819 0.162120
5  -0.267270 3.664724 -1.953293  0.570288 -0.108989 -1.360402
6  -0.000001 1.180355 -0.000000  -0.005540 -0.036957 -1.399219
7  0.000001 0.817137 -0.000002  0.012298 -0.000007 -1.214275
8  -0.249423 3.688540 -0.940889  0.326191 -0.061559 -1.352632
9  -0.000001 1.800632 -0.000001  -0.000262 0.005352 -1.430232
10  -0.000002 1.243407 0.000001  0.002269 0.006116 -1.286349
11  -0.244726 3.701093 0.087732  0.221244 0.005544 -1.361062
12  0.000002 1.766585 -0.000001  0.004189 0.001125 -1.481426
13  0.000000 1.189004 -0.000000  -0.004182 -0.017197 -1.374175
14  -0.277240 3.632246 1.274102  0.115075 0.054750 -1.366492
15  0.000002 1.798494 -0.000000  0.002394 0.037772 -1.507786
16  0.000001 1.235452 0.000001  -0.008167 -0.002510 -1.289887
17  0.315441 0.857301 0.755944  -0.761000 2.412031 -1.377326
18  0.000001 2.265939 0.000000  -0.016207 -0.064542 -1.048595
19  0.000000 1.457814 -0.000000  -0.051901 0.018546 -0.626230
20  -1.259681 3.818373 1.286945  0.115075 0.054750 -1.366492
21  -1.226391 3.891692 0.090419  0.221244 0.005544 -1.361061
22  -1.231623 3.875534 -0.958680  0.326191 -0.061560 -1.352632
23  -1.209919 3.994780 -2.003048  0.570288 -0.108989 -1.360402
24  0.328906 0.095428 1.403532  -0.761000 2.412031 -1.377326
25  -1.892596 -6.981420 17.429844  1.562012 -0.160527 -2.525674
26  13.824293 -20.103218 10.765717  -1.570796 -0.000000 -1.570796
27  -1.843768 -8.254290 -9.392370  -0.051945 -0.000000 -1.570796
28  0.433020 -11.755867 -21.000002  -0.083842 -0.009362 3.131152
29  0.000000 13.479277 -0.000002  0.167696 0.000000 0.000000
30  0.000000 13.477240 0.000001  -0.083756 0.010203 0.009620
31  0.267270 3.664728 -1.953293  -0.106568 0.025893 0.137951
32  -0.000000 1.180357 -0.000001  -0.036623 0.007435 0.177465
33  -0.000002 0.817138 0.000001  0.004200 0.011559 -0.007420
34  0.249423 3.688543 -0.940890  -0.060580 0.013550 0.130737
35  0.000001 1.800635 -0.000001  0.004940 -0.002077 0.208495
36  -0.000001 1.243411 0.000002  0.006524 0.000040 0.064626
37  0.244726 3.701097 0.087732  0.005036 -0.002373 0.139323
38  -0.000000 1.766588 -0.000002  0.002490 0.003552 0.259702
39  -0.000000 1.189003 0.000001  -0.017590 0.001952 0.152464
40  0.277239 3.632249 1.274101  0.054558 -0.010184 0.144732
41  -0.000001 1.798490 -0.000003  0.036314 -0.010668 0.285912
42  -0.000001 1.235457 0.000001  -0.005152 -0.006816 0.068190
43  -0.315441 0.857301 0.755942  1.684115 -0.560091 -1.563926
44  -0.000000 2.265939 0.000000  -0.057905 0.032805 0.238898
45  0.000001 1.457813 0.000000  -0.029609 -0.046490 -0.034285
46  1.259681 3.818376 1.286945  0.054558 -0.010184 0.144732
47  1.226391 3.891695 0.090419  0.005036 -0.002373 0.139324
48  1.231623 3.875536 -0.958680  -0.060580 0.013550 0.130737
49  1.209919 3.994783 -2.003048  -0.106568 0.025893 0.137951
50  -0.328906 0.095430 1.403531  1.684115 -0.560091 -1.563926
51  0.152561 -38.616215 -21.000004  -0.000000 0.000000 3.141593
52  0.152561 -25.166061 -36.000004  -1.570796 -0.000000 1.570796
53  0.433020 -11.755867 -21.000002  -0.051945 0.000000 1.570796
54  -6.696000 -11.361276 -10.471000  1.556829 -0.016282 -1.550332
55  10.000000 -0.000000 0.000000  0.000000 -0.000000 -0.000000
56  29.620384 2.666868 0.000000  0.000000 -0.000000 -0.000000
57  3.664052 2.228525 -2.524774  1.570796 0.732815 -1.570796
58  3.490278 2.388508 1.331885  0.000000 1.570796 0.000000
time 33
0  0 0 0  0 0 0
1  0.000000 0.000000 0.000000  1.570796 -0.000000 0.000000
2  -1.843768 -8.254290 -9.392370  1.515241 -0.035559 -2.254797
3  0.000001 13.479276 0.000000  0.174052 -0.000000 -0.000000
4  0.000000 13.477239 -0.000000  -0.174520 -0.249290 0.161514
5  -0.267270 3.664725 -1.953293  0.570288 -0.108989 -1.360402
6  -0.000001 1.180355 0.000000  -0.005540 -0.036957 -1.399218
7  -0.000002 0.817134 0.000000  0.012298 -0.000007 -1.214275
8  -0.249423 3.688538 -0.940889  0.326191 -0.061560 -1.352632
9  0.000000 1.800632 -0.000000  -0.000262 0.005352 -1.430231
10  0.000000 1.243406 0.000002  0.002269 0.006116 -1.286349
11  -0.244727 3.701095 0.087733  0.221244 0.005544 -1.361061
12  -0.000000 1.766584 -0.000000  0.004189 0.001125 -1.481426
13  0.000000 1.189002 -0.000000  -0.004182 -0.017197 -1.374176
14  -0.277240 3.632244 1.274103  0.115075 0.054750 -1.366492
15  0.000001 1.798495 -0.000001  0.002394 0.037772 -1.507786
16  0.000000 1.235450 0.000000  -0.008167 -0.002510 -1.289887
17  0.315441 0.857297 0.755944  -0.761000 2.412031 -1.377326
18  0.000000 2.265939 0.000000  -0.016207 -0.064542 -1.048595
19  -0.000000 1.457813 0.000000  -0.051901 0.018546 -0.626230
20  -1.259681 3.818373 1.286946  0.115075 0.054750 -1.366492
21  -1.226391 3.891691 0.090419  0.221244 0.005544 -1.361061
22  -1.231623 3.875532 -0.958679  0.326191 -0.061560 -1.352632
23  -1.209920 3.994777 -2.003047  0.570288 -0.108989 -1.360402
24  0.328906 0.095426 1.403533  -0.761000 2.412031 -1.377326
25  -1.895565 -6.980859 17.431871  1.561659 -0.160190 -2.524894
26  13.824293 -20.103218 10.765717  -1.570796 -0.000000 -1.570796
27  -1.843768 -8.254290 -9.392370  -0.051945 -0.000000 -1.570796
28  0.433020 -11.755867 -21.000002  -0.083842 -0.009362 3.131152
29  0.000000 13.479277 -0.000002  0.167696 0.000000 0.000000
30  0.000000 13.477240 0.000001  -0.083756 0.010203 0.009620
31  0.267270 3.664728 -1.953293  -0.106568 0.025893 0.137951
32  -0.000000 1.180357 -0.000001  -0.036623 0.007435 0.177465
33  -0.000002 0.817138 0.000001  0.004200 0.011559 -0.007420
34  0.249423 3.688543 -0.940890  -0.060580 0.013550 0.130737
35  0.000001 1.800635 -0.000001  0.004940 -0.002077 0.208495
36  -0.000001 1.243411 0.000002  0.006524 0.000040 0.064626
37  0.244726 3.701097 0.087732  0.005036 -0.002373 0.139323
38  -0.000000 1.766588 -0.000002  0.002490 0.003552 0.259702
39  -0.000000 1.189003 0.000001  -0.017590 0.001952 0.152464
40  0.277239 3.632249 1.274101  0.054558 -0.010184 0.144732
41  -0.000001 1.798490 -0.000003  0.036314 -0.010668 0.285912
42  -0.000001 1.235457 0.000001  -0.005152 -0.006816 0.068190
43  -0.315441 0.857301 0.755942  1.684115 -0.560091 -1.563926
44  -0.000000 2.265939 0.000000  -0.057905 0.032805 0.238898
45  0.000001 1.457813 0.000000  -0.029609 -0.046490 -0.034285
46  1.259681 3.818376 1.286945  0.054558 -0.010184 0.144732
47  1.226391 3.891695 0.090419  0.005036 -0.002373 0.139324
48  1.231623 3.875536 -0.958680  -0.060580 0.013550 0.130737
49  1.209919 3.994783 -2.003048  -0.106568 0.025893 0.137951
50  -0.328906 0.095430 1.403531  1.684115 -0.560091 -1.563926
51  0.152561 -38.616215 -21.000004  -0.000000 0.000000 3.141593
52  0.152561 -25.166061 -36.000004  -1.570796 -0.000000 1.570796
53  0.433020 -11.755867 -21.000002  -0.051945 0.000000 1.570796
54  -6.696000 -11.361276 -10.471000  1.557562 -0.015817 -1.550417
55  10.000001 0.000000 -0.000000  -0.000000 -0.000000 -0.000000
56  29.620382 2.666869 -0.000000  -0.000000 -0.000000 -0.000000
57  3.664053 2.228525 -2.524774  1.570796 0.732815 -1.570796
58  3.490278 2.388510 1.331885  0.000000 1.570796 0.000000
time 34
0  0 0 0  0 0 0
1  0.000000 0.000000 0.000000  1.570796 -0.000000 0.000000
2  -1.843768 -8.254290 -9.392370  1.516214 -0.035510 -2.254747
3  0.000002 13.479277 0.000000  0.172324 -0.000000 -0.000000
4  0.000000 13.477240 -0.000000  -0.173844 -0.248708 0.160910
5  -0.267270 3.664727 -1.953292  0.570287 -0.108989 -1.360402
6  0.000001 1.180355 0.000000  -0.005540 -0.036957 -1.399218
7  0.000000 0.817134 0.000001  0.012298 -0.000007 -1.214275
8  -0.249423 3.688543 -0.940888  0.326191 -0.061559 -1.352632
9  0.000000 1.800633 -0.000000  -0.000262 0.005352 -1.430231
10  0.000002 1.243403 -0.000001  0.002269 0.006116 -1.286349
11  -0.244727 3.701097 0.087734  0.221244 0.005544 -1.361061
12  -0.000002 1.766585 -0.000000  0.004189 0.001125 -1.481426
13  -0.000001 1.189005 -0.000001  -0.004182 -0.017197 -1.374175
14  -0.277239 3.632248 1.274103  0.115075 0.054751 -1.366492
15  0.000000 1.798494 0.000001  0.002394 0.037772 -1.507786
16  -0.000000 1.235451 0.000001  -0.008167 -0.002510 -1.289887
17  0.315441 0.857302 0.755944  -0.761000 2.412031 -1.377326
18  0.000000 2.265939 -0.000000  -0.016207 -0.064542 -1.048595
19  0.000000 1.457810 0.000000  -0.051901 0.018546 -0.626230
20  -1.259681 3.818375 1.286946  0.115075 0.054750 -1.366492
21  -1.226390 3.891694 0.090420  0.221244 0.005544 -1.361061
22  -1.231623 3.875535 -0.958680  0.326191 -0.061560 -1.352632
23  -1.209920 3.994783 -2.003047  0.570287 -0.108989 -1.360402
24  0.328906 0.095427 1.403533  -0.761000 2.412031 -1.377325
25  -1.898724 -6.979938 17.433838  1.561328 -0.159862 -2.524073
26  13.824293 -20.103218 10.765717  -1.570796 -0.000000 -1.570796
27  -1.843768 -8.254290 -9.392370  -0.051945 -0.000000 -1.570796
28  0.433020 -11.755867 -21.000002  -0.083842 -0.009362 3.131152
29  0.000000 13.479277 -0.000002  0.167696 0.000000 0.000000
30  0.000000 13.477240 0.000001  -0.083756 0.010203 0.009620
31  0.267270 3.664728 -1.953293  -0.106568 0.025893 0.137951
32  -0.000000 1.180357 -0.000001  -0.036623 0.007435 0.177465
33  -0.000002 0.817138 0.000001  0.004200 0.011559 -0.007420
34  0.249423 3.688543 -0.940890  -0.060580 0.013550 0.130737
35  0.000001 1.800635 -0.000001  0.004940 -0.002077 0.208495
36  -0.000001 1.243411 0.000002  0.006524 0.000040 0.064626
37  0.244726 3.701097 0.087732  0.005036 -0.002373 0.139323
38  -0.000000 1.766588 -0.000002  0.002490 0.003552 0.259702
39  -0.000000 1.189003 0.000001  -0.017590 0.001952 0.152464
40  0.277239 3.632249 1.274101  0.054558 -0.010184 0.144732
41  -0.000001 1.798490 -0.000003  0.036314 -0.010668 0.285912
42  -0.000001 1.235457 0.000001  -0.005152 -0.006816 0.068190
43  -0.315441 0.857301 0.755942  1.684115 -0.560091 -1.563926
44  -0.000000 2.265939 0.000000  -0.057905 0.032805 0.238898
45  0.000001 1.457813 0.000000  -0.029609 -0.046490 -0.034285
46  1.259681 3.818376 1.286945  0.054558 -0.010184 0.144732
47  1.226391 3.891695 0.090419  0.005036 -0.002373 0.139324
48  1.231623 3.875536 -0.958680  -0.060580 0.013550 0.130737
49  1.209919 3.994783 -2.003048  -0.106568 0.025893 0.137951
50  -0.328906 0.095430 1.403531  1.684115 -0.560091 -1.563926
51  0.152561 -38.616215 -21.000004  -0.000000 0.000000 3.141593
52  0.152561 -25.166061 -36.000004  -1.570796 -0.000000 1.570796
53  0.433020 -11.755867 -21.000002  -0.051945 0.000000 1.570796
54  -6.696000 -11.361276 -10.471000  1.558340 -0.015377 -1.550508
55  10.000000 -0.000000 0.000000  -0.000000 -0.000000 0.000000
56  29.620380 2.666868 -0.000000  -0.000000 -0.000000 0.000000
57  3.664052 2.228525 -2.524773  1.570796 0.732815 -1.570796
58  3.490277 2.388508 1.331886  0.000000 1.570796 0.000000
time 35
0  0 0 0  0 0 0
1  0.000000 0.000000 0.000000  1.570796 -0.000000 0.000000
2  -1.843768 -8.254290 -9.392370  1.517187 -0.035467 -2.254703
3  0.000001 13.479277 0.000000  0.170623 0.000000 -0.000000
4  -0.000000 13.477238 -0.000000  -0.173166 -0.248077 0.160311
5  -0.267270 3.664726 -1.953293  0.570288 -0.108989 -1.360402
6  0.000000 1.180355 -0.000001  -0.005540 -0.036957 -1.399219
7  -0.000000 0.817135 0.000000  0.012298 -0.000007 -1.214275
8  -0.249422 3.688543 -0.940889  0.326191 -0.061559 -1.352632
9  -0.000000 1.800634 -0.000000  -0.000262 0.005352 -1.430232
10  0.000000 1.243406 0.000001  0.002269 0.006116 -1.286349
11  -0.244726 3.701096 0.087733  0.221244 0.005544 -1.361062
12  -0.000001 1.766585 -0.000000  0.004189 0.001125 -1.481426
13  -0.000002 1.189003 0.000001  -0.004182 -0.017197 -1.374176
14  -0.277239 3.632250 1.274102  0.115075 0.054750 -1.366492
15  0.000001 1.798493 0.000000  0.002394 0.037772 -1.507786
16  0.000000 1.235452 0.000000  -0.008167 -0.002510 -1.289887
17  0.315441 0.857301 0.755944  -0.761000 2.412031 -1.377325
18  0.000001 2.265940 -0.000000  -0.016207 -0.064542 -1.048595
19  0.000000 1.457811 0.000000  -0.051901 0.018546 -0.626230
20  -1.259681 3.818376 1.286946  0.115075 0.054750 -1.366492
21  -1.226390 3.891693 0.090420  0.221244 0.005544 -1.361061
22  -1.231622 3.875534 -0.958680  0.326191 -0.061560 -1.352632
23  -1.209919 3.994781 -2.003047  0.570288 -0.108989 -1.360402
24  0.328907 0.095428 1.403533  -0.761000 2.412031 -1.377325
25  -1.902058 -6.978665 17.435736  1.561021 -0.159546 -2.523213
26  13.824293 -20.103218 10.765717  -1.570796 -0.000000 -1.570796
27  -1.843768 -8.254290 -9.392370  -0.051945 -0.000000 -1.570796
28  0.433020 -11.755867 -21.000002  -0.083842 -0.009362 3.131152
29  0.000000 13.479277 -0.000002  0.167696 0.000000 0.000000
30  0.000000 13.477240 0.000001  -0.083756 0.010203 0.009620
31  0.267270 3.664728 -1.953293  -0.106568 0.025893 0.137951
32  -0.000000 1.180357 -0.000001  -0.036623 0.007435 0.177465
33  -0.000002 0.817138 0.000001  0.004200 0.011559 -0.007420
34  0.249423 3.688543 -0.940890  -0.060580 0.013550 0.130737
35  0.000001 1.800635 -0.000001  0.004940 -0.002077 0.208495
36  -0.000001 1.243411 0.000002  0.006524 0.000040 0.064626
37  0.244726 3.701097 0.087732  0.005036 -0.002373 0.139323
38  -0.000000 1.766588 -0.000002  0.002490 0.003552 0.259702
39  -0.000000 1.189003 0.000001  -0.017590 0.001952 0.152464
40  0.277239 3.632249 1.274101  0.054558 -0.010184 0.144732
41  -0.000001 1.798490 -0.000003  0.036314 -0.010668 0.285912
42  -0.000001 1.235457 0.000001  -0.005152 -0.006816 0.068190
43  -0.315441 0.857301 0.755942  1.684115 -0.560091 -1.563926
44  -0.000000 2.265939 0.000000  -0.057905 0.032805 0.238898
45  0.000001 1.457813 0.000000  -0.029609 -0.046490 -0.034285
46  1.259681 3.818376 1.286945  0.054558 -0.010184 0.144732
47  1.226391 3.891695 0.090419  0.005036 -0.002373 0.139324
48  1.231623 3.875536 -0.958680  -0.060580 0.013550 0.130737
49  1.209919 3.994783 -2.003048  -0.106568 0.025893 0.137951
50  -0.328906 0.095430 1.403531  1.684115 -0.560091 -1.563926
51  0.152561 -38.616215 -21.000004  -0.000000 0.000000 3.141593
52  0.152561 -25.166061 -36.000004  -1.570796 -0.000000 1.570796
53  0.433020 -11.755867 -21.000002  -0.051945 0.000000 1.570796
54  -6.696000 -11.361276 -10.471000  1.559159 -0.014963 -1.550603
55  9.999997 0.000001 0.000001  -0.000000 -0.000000 -0.000000
56  29.620378 2.666869 -0.000000  -0.000000 -0.000000 -0.000000
57  3.664049 2.228524 -2.524773  1.570796 0.732815 -1.570796
58  3.490277 2.388509 1.331886  0.000000 1.570796 0.000000
time 36
0  0 0 0  0 0 0
1  0.000000 0.000000 0.000000  1.570796 -0.000000 0.000000
2  -1.843768 -8.254290 -9.392370  1.518157 -0.035431 -2.254665
3  0.000001 13.479277 0.000000  0.168954 -0.000000 -0.000000
4  0.000001 13.477237 -0.000001  -0.172487 -0.247400 0.159722
5  -0.267269 3.664726 -1.953292  0.570288 -0.108989 -1.360402
6  0.000000 1.180355 0.000001  -0.005540 -0.036957 -1.399219
7  -0.000001 0.817133 -0.000000  0.012298 -0.000007 -1.214275
8  -0.249422 3.688540 -0.940888  0.326191 -0.061560 -1.352632
9  0.000003 1.800633 0.000000  -0.000262 0.005352 -1.430231
10  0.000001 1.243406 -0.000001  0.002269 0.006116 -1.286349
11  -0.244726 3.701097 0.087734  0.221244 0.005544 -1.361062
12  -0.000001 1.766585 -0.000001  0.004189 0.001125 -1.481426
13  -0.000000 1.189004 -0.000000  -0.004182 -0.017197 -1.374176
14  -0.277239 3.632246 1.274102  0.115075 0.054750 -1.366492
15  0.000001 1.798494 0.000000  0.002394 0.037772 -1.507786
16  -0.000002 1.235451 0.000000  -0.008167 -0.002510 -1.289887
17  0.315442 0.857299 0.755944  -0.761000 2.412031 -1.377326
18  0.000000 2.265941 0.000000  -0.016207 -0.064542 -1.048595
19  0.000000 1.457808 -0.000001  -0.051901 0.018546 -0.626230
20  -1.259681 3.818375 1.286946  0.115075 0.054750 -1.366492
21  -1.226390 3.891693 0.090420  0.221244 0.005544 -1.361061
22  -1.231622 3.875535 -0.958679  0.326191 -0.061560 -1.352632
23  -1.209919 3.994780 -2.003047  0.570288 -0.108989 -1.360402
24  0.328906 0.095427 1.403533  -0.761000 2.412031 -1.377325
25  -1.905549 -6.977044 17.437561  1.560740 -0.159241 -2.522320
26  13.824293 -20.103218 10.765717  -1.570796 -0.000000 -1.570796
27  -1.843768 -8.254290 -9.392370  -0.051945 -0.000000 -1.570796
28  0.433020 -11.755867 -21.000002  -0.083842 -0.009362 3.131152
29  0.000000 13.479277 -0.000002  0.167696 0.000000 0.000000
30  0.000000 13.477240 0.000001  -0.083756 0.010203 0.009620
31  0.267270 3.664728 -1.953293  -0.106568 0.025893 0.137951
32  -0.000000 1.180357 -0.000001  -0.036623 0.007435 0.177465
33  -0.000002 0.817138 0.000001  0.004200 0.011559 -0.007420
34  0.249423 3.688543 -0.940890  -0.060580 0.013550 0.130737
35  0.000001 1.800635 -0.000001  0.004940 -0.002077 0.208495
36  -0.000001 1.243411 0.000002  0.006524 0.000040 0.064626
37  0.244726 3.701097 0.087732  0.005036 -0.002373 0.139323
38  -0.000000 1.766588 -0.000002  0.002490 0.003552 0.259702
39  -0.000000 1.189003 0.000001  -0.017590 0.001952 0.152464
40  0.277239 3.632249 1.274101  0.054558 -0.010184 0.144732
41  -0.000001 1.798490 -0.000003  0.036314 -0.010668 0.285912
42  -0.000001 1.235457 0.000001  -0.005152 -0.006816 0.068190
43  -0.315441 0.857301 0.755942  1.684115 -0.560091 -1.563926
44  -0.000000 2.265939 0.000000  -0.057905 0.032805 0.238898
45  0.000001 1.457813 0.000000  -0.029609 -0.046490 -0.034285
46  1.259681 3.818376 1.286945  0.054558 -0.010184 0.144732
47  1.226391 3.891695 0.090419  0.005036 -0.002373 0.139324
48  1.231623 3.875536 -0.958680  -0.060580 0.013550 0.130737
49  1.209919 3.994783 -2.003048  -0.106568 0.025893 0.137951
50  -0.328906 0.095430 1.403531  1.684115 -0.560091 -1.563926
51  0.152561 -38.616215 -21.000004  -0.000000 0.000000 3.141593
52  0.152561 -25.166061 -36.000004  -1.570796 -0.000000 1.570796
53  0.433020 -11.755867 -21.000002  -0.051945 0.000000 1.570796
54  -6.696000 -11.361276 -10.471000  1.560016 -0.014577 -1.550702
55  10.000002 0.000001 0.000001  0.000000 0.000000 0.000000
56  29.620378 2.666869 0.000000  0.000000 0.000000 0.000000
57  3.664051 2.228526 -2.524773  1.570796 0.732815 -1.570796
58  3.490277 2.388510 1.331885  -0.000000 1.570796 0.000000
time 37
0  0 0 0  0 0 0
1  0.000000 0.000000 0.000000  1.570796 -0.000000 0.000000
2  -1.843768 -8.254290 -9.392370  1.519115 -0.035401 -2.254634
3  0.000002 13.479278 0.000000  0.167333 0.000000 -0.000000
4  0.000000 13.477239 -0.000000  -0.171817 -0.246680 0.159145
5  -0.267269 3.664725 -1.953292  0.570288 -0.108989 -1.360402
6  -0.000003 1.180356 -0.000000  -0.005540 -0.036957 -1.399219
7  0.000001 0.817135 0.000001  0.012298 -0.000007 -1.214275
8  -0.249422 3.688540 -0.940889  0.326191 -0.061559 -1.352632
9  0.000000 1.800633 0.000000  -0.000262 0.005352 -1.430232
10  -0.000000 1.243407 0.000000  0.002269 0.006116 -1.286350
11  -0.244726 3.701094 0.087734  0.221244 0.005544 -1.361062
12  0.000001 1.766584 0.000000  0.004189 0.001125 -1.481426
13  -0.000000 1.189006 0.000001  -0.004182 -0.017197 -1.374176
14  -0.277239 3.632246 1.274103  0.115075 0.054750 -1.366492
15  -0.000000 1.798494 -0.000001  0.002394 0.037772 -1.507786
16  0.000000 1.235456 0.000001  -0.008167 -0.002510 -1.289887
17  0.315441 0.857298 0.755944  -0.761000 2.412031 -1.377325
18  0.000001 2.265941 -0.000001  -0.016207 -0.064542 -1.048595
19  0.000000 1.457809 -0.000001  -0.051901 0.018546 -0.626230
20  -1.259681 3.818372 1.286946  0.115075 0.054750 -1.366492
21  -1.226390 3.891691 0.090420  0.221244 0.005544 -1.361061
22  -1.231623 3.875534 -0.958679  0.326191 -0.061560 -1.352632
23  -1.209918 3.994780 -2.003048  0.570288 -0.108989 -1.360402
24  0.328906 0.095426 1.403533  -0.761000 2.412031 -1.377326
25  -1.909183 -6.975079 17.439295  1.560487 -0.158952 -2.521398
26  13.824293 -20.103218 10.765717  -1.570796 -0.000000 -1.570796
27  -1.843768 -8.254290 -9.392370  -0.051945 -0.000000 -1.570796
28  0.433020 -11.755867 -21.000002  -0.083842 -0.009362 3.131152
29  0.000000 13.479277 -0.000002  0.167696 0.000000 0.000000
30  0.000000 13.477240 0.000001  -0.083756 0.010203 0.009620
31  0.267270 3.664728 -1.953293  -0.106568 0.025893 0.137951
32  -0.000000 1.180357 -0.000001  -0.036623 0.007435 0.177465
33  -0.000002 0.817138 0.000001  0.004200 0.011559 -0.007420
34  0.249423 3.688543 -0.940890  -0.060580 0.013550 0.130737
35  0.000001 1.800635 -0.000001  0.004940 -0.002077 0.208495
36  -0.000001 1.243411 0.000002  0.006524 0.000040 0.064626
37  0.244726 3.701097 0.087732  0.005036 -0.002373 0.139323
38  -0.000000 1.766588 -0.000002  0.002490 0.003552 0.259702
39  -0.000000 1.189003 0.000001  -0.017590 0.001952 0.152464
40  0.277239 3.632249 1.274101  0.054558 -0.010184 0.144732
41  -0.000001 1.798490 -0.000003  0.036314 -0.010668 0.285912
42  -0.000001 1.235457 0.000001  -0.005152 -0.006816 0.068190
43  -0.315441 0.857301 0.755942  1.684115 -0.560091 -1.563926
44  -0.000000 2.265939 0.000000  -0.057905 0.032805 0.238898
45  0.000001 1.457813 0.000000  -0.029609 -0.046490 -0.034285
46  1.259681 3.818376 1.286945  0.054558 -0.010184 0.144732
47  1.226391 3.891695 0.090419  0.005036 -0.002373 0.139324
48  1.231623 3.875536 -0.958680  -0.060580 0.013550 0.130737
49  1.209919 3.994783 -2.003048  -0.106568 0.025893 0.137951
50  -0.328906 0.095430 1.403531  1.684115 -0.560091 -1.563926
51  0.152561 -38.616215 -21.000004  -0.000000 0.000000 3.141593
52  0.152561 -25.166061 -36.000004  -1.570796 -0.000000 1.570796
53  0.433020 -11.755867 -21.000002  -0.051945 0.000000 1.570796
54  -6.696000 -11.361276 -10.471000  1.560905 -0.014223 -1.550806
55  10.000003 0.000001 -0.000000  0.000000 -0.000000 0.000000
56  29.620378 2.666869 0.000000  0.000000 -0.000000 0.000000
57  3.664053 2.228527 -2.524773  1.570796 0.732815 -1.570796
58  3.490279 2.388510 1.331886  -0.000000 1.570796 0.000000
time 38
0  0 0 0  0 0 0
1  0.000000 0.000000 0.000000  1.570796 -0.000000 0.000000
2  -1.843768 -8.254290 -9.392370  1.520055 -0.035377 -2.254610
3  0.000002 13.479278 0.000000  0.165773 -0.000000 -0.000000
4  -0.000000 13.477239 0.000001  -0.171158 -0.245919 0.158585
5  -0.267269 3.664727 -1.953293  0.570287 -0.108989 -1.360402
6  -0.000001 1.180355 0.000001  -0.005540 -0.036957 -1.399219
7  0.000001 0.817138 -0.000001  0.012298 -0.000007 -1.214275
8  -0.249423 3.688542 -0.940889  0.326191 -0.061559 -1.352632
9  -0.000001 1.800633 0.000000  -0.000262 0.005352 -1.430231
10  0.000000 1.243407 -0.000000  0.002269 0.006116 -1.286349
11  -0.244727 3.701094 0.087733  0.221244 0.005544 -1.361062
12  0.000000 1.766585 0.000001  0.004189 0.001125 -1.481426
13  -0.000000 1.189005 0.000000  -0.004182 -0.017197 -1.374176
14  -0.277239 3.632247 1.274102  0.115075 0.054751 -1.366492
15  0.000003 1.798494 0.000000  0.002394 0.037772 -1.507786
16  -0.000000 1.235452 0.000001  -0.008167 -0.002510 -1.289887
17  0.315441 0.857298 0.755943  -0.761000 2.412031 -1.377326
18  0.000000 2.265940 -0.000001  -0.016207 -0.064542 -1.048595
19  -0.000001 1.457814 0.000000  -0.051901 0.018546 -0.626230
20  -1.259681 3.818375 1.286946  0.115074 0.054750 -1.366492
21  -1.226391 3.891693 0.090419  0.221244 0.005544 -1.361061
22  -1.231623 3.875533 -0.958680  0.326191 -0.061560 -1.352632
23  -1.209919 3.994782 -2.003047  0.570288 -0.108989 -1.360402
24  0.328906 0.095429 1.403533  -0.761000 2.412031 -1.377326
25  -1.912943 -6.972776 17.440928  1.560262 -0.158678 -2.520450
26  13.824293 -20.103218 10.765717  -1.570796 -0.000000 -1.570796
27  -1.843768 -8.254290 -9.392370  -0.051945 -0.000000 -1.570796
28  0.433020 -11.755867 -21.000002  -0.083842 -0.009362 3.131152
29  0.000000 13.479277 -0.000002  0.167696 0.000000 0.000000
30  0.000000 13.477240 0.000001  -0.083756 0.010203 0.009620
31  0.267270 3.664728 -1.953293  -0.106568 0.025893 0.137951
32  -0.000000 1.180357 -0.000001  -0.036623 0.007435 0.177465
33  -0.000002 0.817138 0.000001  0.004200 0.011559 -0.007420
34  0.249423 3.688543 -0.940890  -0.060580 0.013550 0.130737
35  0.000001 1.800635 -0.000001  0.004940 -0.002077 0.208495
36  -0.000001 1.243411 0.000002  0.006524 0.000040 0.064626
37  0.244726 3.701097 0.087732  0.005036 -0.002373 0.139323
38  -0.000000 1.766588 -0.000002  0.002490 0.003552 0.259702
39  -0.000000 1.189003 0.000001  -0.017590 0.001952 0.152464
40  0.277239 3.632249 1.274101  0.054558 -0.010184 0.144732
41  -0.000001 1.798490 -0.000003  0.036314 -0.010668 0.285912
42  -0.000001 1.235457 0.000001  -0.005152 -0.006816 0.068190
43  -0.315441 0.857301 0.755942  1.684115 -0.560091 -1.563926
44  -0.000000 2.265939 0.000000  -0.057905 0.032805 0.238898
45  0.000001 1.457813 0.000000  -0.029609 -0.046490 -0.034285
46  1.259681 3.818376 1.286945  0.054558 -0.010184 0.144732
47  1.226391 3.891695 0.090419  0.005036 -0.002373 0.139324
48  1.231623 3.875536 -0.958680  -0.060580 0.013550 0.130737
49  1.209919 3.994783 -2.003048  -0.106568 0.025893 0.137951
50  -0.328906 0.095430 1.403531  1.684115 -0.560091 -1.563926
51  0.152561 -38.616215 -21.000004  -0.000000 0.000000 3.141593
52  0.152561 -25.166061 -36.000004  -1.570796 -0.000000 1.570796
53  0.433020 -11.755867 -21.000002  -0.051945 0.000000 1.570796
54  -6.696000 -11.361276 -10.471000  1.561824 -0.013902 -1.550912
55  10.000001 0.000002 0.000000  0.000000 0.000000 -0.000000
56  29.620382 2.666870 0.000000  0.000000 0.000000 -0.000000
57  3.664053 2.228527 -2.524774  1.570796 0.732815 -1.570796
58  3.490278 2.388511 1.331885  0.000000 1.570796 0.000000
time 39
0  0 0 0  0 0 0
1  0.000000 0.000000 0.000000  1.570796 -0.000000 0.000000
2  -1.843768 -8.254290 -9.392370  1.520973 -0.035361 -2.254593
3  0.000001 13.479277 -0.000000  0.164278 -0.000000 -0.000000
4  -0.000000 13.477239 0.000000  -0.170514 -0.245120 0.158044
5  -0.267269 3.664726 -1.953293  0.570287 -0.108989 -1.360402
6  -0.000001 1.180356 0.000000  -0.005540 -0.036957 -1.399219
7  -0.000003 0.817133 -0.000000  0.012298 -0.000007 -1.214275
8  -0.249423 3.688540 -0.940889  0.326191 -0.061559 -1.352632
9  0.000000 1.800634 -0.000000  -0.000262 0.005352 -1.430232
10  -0.000000 1.243406 0.000001  0.002269 0.006116 -1.286349
11  -0.244726 3.701097 0.087732  0.221244 0.005544 -1.361062
12  0.000001 1.766585 0.000000  0.004189 0.001125 -1.481426
13  0.000000 1.189003 -0.000001  -0.004182 -0.017197 -1.374176
14  -0.277239 3.632247 1.274101  0.115075 0.054750 -1.366492
15  0.000001 1.798494 0.000000  0.002394 0.037772 -1.507786
16  0.000001 1.235454 0.000000  -0.008167 -0.002510 -1.289887
17  0.315442 0.857300 0.755943  -0.760999 2.412031 -1.377325
18  -0.000001 2.265939 -0.000000  -0.016207 -0.064542 -1.048595
19  0.000001 1.457812 -0.000000  -0.051901 0.018546 -0.626230
20  -1.259681 3.818375 1.286945  0.115075 0.054750 -1.366492
21  -1.226390 3.891693 0.090418  0.221244 0.005544 -1.361061
22  -1.231623 3.875536 -0.958681  0.326191 -0.061560 -1.352632
23  -1.209919 3.994781 -2.003048  0.570287 -0.108989 -1.360402
24  0.328906 0.095428 1.403532  -0.761000 2.412031 -1.377325
25  -1.916812 -6.970142 17.442453  1.560068 -0.158422 -2.519481
26  13.824293 -20.103218 10.765717  -1.570796 -0.000000 -1.570796
27  -1.843768 -8.254290 -9.392370  -0.051945 -0.000000 -1.570796
28  0.433020 -11.755867 -21.000002  -0.083842 -0.009362 3.131152
29  0.000000 13.479277 -0.000002  0.167696 0.000000 0.000000
30  0.000000 13.477240 0.000001  -0.083756 0.010203 0.009620
31  0.267270 3.664728 -1.953293  -0.106568 0.025893 0.137951
32  -0.000000 1.180357 -0.000001  -0.036623 0.007435 0.177465
33  -0.000002 0.817138 0.000001  0.004200 0.011559 -0.007420
34  0.249423 3.688543 -0.940890  -0.060580 0.013550 0.130737
35  0.000001 1.800635 -0.000001  0.004940 -0.002077 0.208495
36  -0.000001 1.243411 0.000002  0.006524 0.000040 0.064626
37  0.244726 3.701097 0.087732  0.005036 -0.002373 0.139323
38  -0.000000 1.766588 -0.000002  0.002490 0.003552 0.259702
39  -0.000000 1.189003 0.000001  -0.017590 0.001952 0.152464
40  0.277239 3.632249 1.274101  0.054558 -0.010184 0.144732
41  -0.000001 1.798490 -0.000003  0.036314 -0.010668 0.285912
42  -0.000001 1.235457 0.000001  -0.005152 -0.006816 0.068190
43  -0.315441 0.857301 0.755942  1.684115 -0.560091 -1.563926
44  -0.000000 2.265939 0.000000  -0.057905 0.032805 0.238898
45  0.000001 1.457813 0.000000  -0.029609 -0.046490 -0.034285
46  1.259681 3.818376 1.286945  0.054558 -0.010184 0.144732
47  1.226391 3.891695 0.090419  0.005036 -0.002373 0.139324
48  1.231623 3.875536 -0.958680  -0.060580 0.013550 0.130737
49  1.209919 3.994783 -2.003048  -0.106568 0.025893 0.137951
50  -0.328906 0.095430 1.403531  1.684115 -0.560091 -1.563926
51  0.152561 -38.616215 -21.000004  -0.000000 0.000000 3.141593
52  0.152561 -25.166061 -36.000004  -1.570796 -0.000000 1.570796
53  0.433020 -11.755867 -21.000002  -0.051945 0.000000 1.570796
54  -6.696000 -11.361276 -10.471000  1.562769 -0.013616 -1.551021
55  10.000002 0.000001 -0.000001  -0.000000 0.000000 -0.000000
56  29.620382 2.666869 -0.000000  -0.000000 0.000000 -0.000000
57  3.664052 2.228524 -2.524775  1.570796 0.732815 -1.570796
58  3.490277 2.388510 1.331885  0.000000 1.570796 0.000000
time 40
0  0 0 0  0 0 0
1  0.000000 0.000000 0.000000  1.570796 -0.000000 0.000000
2  -1.843768 -8.254290 -9.392370  1.521864 -0.035352 -2.254584
3  0.000001 13.479278 0.000000  0.162860 -0.000000 -0.000000
4  -0.000000 13.477238 -0.000000  -0.169888 -0.244288 0.157526
5  -0.267269 3.664726 -1.953292  0.570288 -0.108989 -1.360402
6  0.000001 1.180354 0.000000  -0.005540 -0.036957 -1.399219
7  0.000001 0.817134 0.000000  0.012298 -0.000007 -1.214275
8  -0.249422 3.688541 -0.940889  0.326191 -0.061560 -1.352632
9  0.000001 1.800633 0.000001  -0.000262 0.005352 -1.430231
10  0.000000 1.243408 0.000001  0.002269 0.006116 -1.286349
11  -0.244726 3.701095 0.087733  0.221245 0.005544 -1.361062
12  0.000001 1.766584 0.000001  0.004189 0.001125 -1.481426
13  0.000000 1.189003 -0.000000  -0.004182 -0.017197 -1.374176
14  -0.277239 3.632248 1.274103  0.115075 0.054750 -1.366492
15  -0.000000 1.798494 -0.000000  0.002394 0.037772 -1.507786
16  0.000002 1.235453 0.000000  -0.008167 -0.002510 -1.289887
17  0.315441 0.857298 0.755944  -0.761000 2.412031 -1.377325
18  0.000001 2.265939 -0.000000  -0.016207 -0.064542 -1.048595
19  -0.000000 1.457811 0.000000  -0.051901 0.018546 -0.626230
20  -1.259681 3.818373 1.286946  0.115075 0.054750 -1.366492
21  -1.226391 3.891692 0.090420  0.221244 0.005544 -1.361061
22  -1.231623 3.875531 -0.958680  0.326191 -0.061560 -1.352632
23  -1.209919 3.994779 -2.003047  0.570288 -0.108989 -1.360402
24  0.328906 0.095428 1.403533  -0.761000 2.412031 -1.377325
25  -1.920774 -6.967177 17.443863  1.559907 -0.158187 -2.518495
26  13.824293 -20.103218 10.765717  -1.570796 -0.000000 -1.570796
27  -1.843768 -8.254290 -9.392370  -0.051945 -0.000000 -1.570796
28  0.433020 -11.755867 -21.000002  -0.083842 -0.009362 3.131152
29  0.000000 13.479277 -0.000002  0.167696 0.000000 0.000000
30  0.000000 13.477240 0.000001  -0.083756 0.010203 0.009620
31  0.267270 3.664728 -1.953293  -0.106568 0.025893 0.137951
32  -0.000000 1.180357 -0.000001  -0.036623 0.007435 0.177465
33  -0.000002 0.817138 0.000001  0.004200 0.011559 -0.007420
34  0.249423 3.688543 -0.940890  -0.060580 0.013550 0.130737
35  0.000001 1.800635 -0.000001  0.004940 -0.002077 0.208495
36  -0.000001 1.243411 0.000002  0.006524 0.000040 0.064626
37  0.244726 3.701097 0.087732  0.005036 -0.002373 0.139323
38  -0.000000 1.766588 -0.000002  0.002490 0.003552 0.259702
39  -0.000000 1.189003 0.000001  -0.017590 0.001952 0.152464
40  0.277239 3.632249 1.274101  0.054558 -0.010184 0.144732
41  -0.000001 1.798490 -0.000003  0.036314 -0.010668 0.285912
42  -0.000001 1.235457 0.000001  -0.005152 -0.006816 0.068190
43  -0.315441 0.857301 0.755942  1.684115 -0.560091 -1.563926
44  -0.000000 2.265939 0.000000  -0.057905 0.032805 0.238898
45  0.000001 1.457813 0.000000  -0.029609 -0.046490 -0.034285
46  1.259681 3.818376 1.286945  0.054558 -0.010184 0.144732
47  1.226391 3.891695 0.090419  0.005036 -0.002373 0.139324
48  1.231623 3.875536 -0.958680  -0.060580 0.013550 0.130737
49  1.209919 3.994783 -2.003048  -0.106568 0.025893 0.137951
50  -0.328906 0.095430 1.403531  1.684115 -0.560091 -1.563926
51  0.152561 -38.616215 -21.000004  -0.000000 0.000000 3.141593
52  0.152561 -25.166061 -36.000004  -1.570796 -0.000000 1.570796
53  0.433020 -11.755867 -21.000002  -0.051945 0.000000 1.570796
54  -6.696000 -11.361276 -10.471000  1.563734 -0.013368 -1.551133
55  10.000003 0.000002 0.000000  -0.000000 -0.000000 0.000000
56  29.620380 2.666870 -0.000000  -0.000000 -0.000000 0.000000
57  3.664052 2.228526 -2.524774  1.570796 0.732815 -1.570796
58  3.490276 2.388510 1.331886  -0.000000 1.570796 0.000000
time 41
0  0 0 0  0 0 0
1  0.000000 0.000000 0.000000  1.570796 -0.000000 0.000000
2  -1.843768 -8.254290 -9.392370  1.522716 -0.035350 -2.254582
3  0.000002 13.479277 -0.000000  0.161540 -0.000000 -0.000000
4  0.000000 13.477238 0.000000  -0.169291 -0.243423 0.157034
5  -0.267270 3.664727 -1.953293  0.570287 -0.108989 -1.360402
6  -0.000001 1.180355 -0.000002  -0.005540 -0.036957 -1.399219
7  -0.000002 0.817136 0.000000  0.012298 -0.000007 -1.214275
8  -0.249423 3.688542 -0.940889  0.326191 -0.061559 -1.352632
9  -0.000002 1.800631 0.000000  -0.000262 0.005352 -1.430232
10  0.000001 1.243404 0.000000  0.002269 0.006116 -1.286349
11  -0.244727 3.701095 0.087733  0.221244 0.005544 -1.361062
12  0.000001 1.766585 -0.000000  0.004189 0.001125 -1.481426
13  -0.000001 1.189002 -0.000000  -0.004182 -0.017197 -1.374176
14  -0.277239 3.632248 1.274102  0.115075 0.054751 -1.366492
15  -0.000001 1.798494 0.000000  0.002394 0.037772 -1.507786
16  0.000000 1.235451 0.000000  -0.008167 -0.002510 -1.289887
17  0.315441 0.857300 0.755943  -0.760999 2.412031 -1.377325
18  -0.000002 2.265939 0.000000  -0.016207 -0.064542 -1.048595
19  -0.000000 1.457814 -0.000000  -0.051901 0.018546 -0.626230
20  -1.259682 3.818373 1.286946  0.115074 0.054750 -1.366492
21  -1.226391 3.891693 0.090419  0.221244 0.005544 -1.361061
22  -1.231623 3.875533 -0.958680  0.326191 -0.061560 -1.352632
23  -1.209919 3.994781 -2.003048  0.570288 -0.108989 -1.360402
24  0.328906 0.095429 1.403532  -0.761000 2.412031 -1.377325
25  -1.924814 -6.963891 17.445137  1.559780 -0.157973 -2.517497
26  13.824293 -20.103218 10.765717  -1.570796 -0.000000 -1.570796
27  -1.843768 -8.254290 -9.392370  -0.051945 -0.000000 -1.570796
28  0.433020 -11.755867 -21.000002  -0.083842 -0.009362 3.131152
29  0.000000 13.479277 -0.000002  0.167696 0.000000 0.000000
30  0.000000 13.477240 0.000001  -0.083756 0.010203 0.009620
31  0.267270 3.664728 -1.953293  -0.106568 0.025893 0.137951
32  -0.000000 1.180357 -0.000001  -0.036623 0.007435 0.177465
33  -0.000002 0.817138 0.000001  0.004200 0.011559 -0.007420
34  0.249423 3.688543 -0.940890  -0.060580 0.013550 0.130737
35  0.000001 1.800635 -0.000001  0.004940 -0.002077 0.208495
36  -0.000001 1.243411 0.000002  0.006524 0.000040 0.064626
37  0.244726 3.701097 0.087732  0.005036 -0.002373 0.139323
38  -0.000000 1.766588 -0.000002  0.002490 0.003552 0.259702
39  -0.000000 1.189003 0.000001  -0.017590 0.001952 0.152464
40  0.277239 3.632249 1.274101  0.054558 -0.010184 0.144732
41  -0.000001 1.798490 -0.000003  0.036314 -0.010668 0.285912
42  -0.000001 1.235457 0.000001  -0.005152 -0.006816 0.068190
43  -0.315441 0.857301 0.755942  1.684115 -0.560091 -1.563926
44  -0.000000 2.265939 0.000000  -0.057905 0.032805 0.238898
45  0.000001 1.457813 0.000000  -0.029609 -0.046490 -0.034285
46  1.259681 3.818376 1.286945  0.054558 -0.010184 0.144732
47  1.226391 3.891695 0.090419  0.005036 -0.002373 0.139324
48  1.231623 3.875536 -0.958680  -0.060580 0.013550 0.130737
49  1.209919 3.994783 -2.003048  -0.106568 0.025893 0.137951
50  -0.328906 0.095430 1.403531  1.684115 -0.560091 -1.563926
51  0.152561 -38.616215 -21.000004  -0.000000 0.000000 3.141593
52  0.152561 -25.166061 -36.000004  -1.570796 -0.000000 1.570796
53  0.433020 -11.755867 -21.000002  -0.051945 0.000000 1.570796
54  -6.696000 -11.361276 -10.471000  1.564716 -0.013160 -1.551246
55  10.000000 0.000003 0.000000  0.000000 -0.000000 -0.000000
56  29.620375 2.666871 0.000000  0.000000 -0.000000 -0.000000
57  3.664050 2.228527 -2.524773  1.570796 0.732815 -1.570796
58  3.490277 2.388511 1.331885  -0.000000 1.570796 0.000000
time 42
0  0 0 0  0 0 0
1  0.000000 0.000000 0.000000  1.570796 -0.000000 0.000000
2  -1.843768 -8.254290 -9.392370  1.523526 -0.035356 -2.254588
3  0.000002 13.479277 0.000000  0.160323 0.000000 -0.000000
4  0.000000 13.477240 0.000000  -0.168724 -0.242530 0.156573
5  -0.267270 3.664727 -1.953293  0.570288 -0.108989 -1.360402
6  -0.000004 1.180355 0.000000  -0.005540 -0.036957 -1.399219
7  0.000001 0.817139 0.000000  0.012298 -0.000007 -1.214275
8  -0.249423 3.688543 -0.940889  0.326191 -0.061559 -1.352632
9  0.000002 1.800632 0.000000  -0.000262 0.005352 -1.430231
10  -0.000000 1.243404 0.000001  0.002269 0.006116 -1.286349
11  -0.244726 3.701096 0.087733  0.221244 0.005544 -1.361062
12  -0.000004 1.766583 -0.000000  0.004189 0.001125 -1.481426
13  0.000000 1.189003 -0.000001  -0.004182 -0.017197 -1.374176
14  -0.277239 3.632248 1.274102  0.115075 0.054750 -1.366492
15  -0.000001 1.798493 -0.000000  0.002394 0.037772 -1.507786
16  -0.000001 1.235451 0.000000  -0.008167 -0.002510 -1.289887
17  0.315441 0.857301 0.755944  -0.761000 2.412031 -1.377326
18  -0.000000 2.265940 0.000001  -0.016207 -0.064542 -1.048595
19  -0.000000 1.457812 -0.000000  -0.051901 0.018546 -0.626230
20  -1.259681 3.818375 1.286946  0.115075 0.054750 -1.366492
21  -1.226390 3.891694 0.090419  0.221244 0.005544 -1.361061
22  -1.231623 3.875535 -0.958680  0.326191 -0.061560 -1.352632
23  -1.209919 3.994782 -2.003048  0.570288 -0.108989 -1.360402
24  0.328906 0.095429 1.403533  -0.761000 2.412031 -1.377325
25  -1.928914 -6.960286 17.446270  1.559688 -0.157782 -2.516491
26  13.824293 -20.103218 10.765717  -1.570796 -0.000000 -1.570796
27  -1.843768 -8.254290 -9.392370  -0.051945 -0.000000 -1.570796
28  0.433020 -11.755867 -21.000002  -0.083842 -0.009362 3.131152
29  0.000000 13.479277 -0.000002  0.167696 0.000000 0.000000
30  0.000000 13.477240 0.000001  -0.083756 0.010203 0.009620
31  0.267270 3.664728 -1.953293  -0.106568 0.025893 0.137951
32  -0.000000 1.180357 -0.000001  -0.036623 0.007435 0.177465
33  -0.000002 0.817138 0.000001  0.004200 0.011559 -0.007420
34  0.249423 3.688543 -0.940890  -0.060580 0.013550 0.130737
35  0.000001 1.800635 -0.000001  0.004940 -0.002077 0.208495
36  -0.000001 1.243411 0.000002  0.006524 0.000040 0.064626
37  0.244726 3.701097 0.087732  0.005036 -0.002373 0.139323
38  -0.000000 1.766588 -0.000002  0.002490 0.003552 0.259702
39  -0.000000 1.189003 0.000001  -0.017590 0.001952 0.152464
40  0.277239 3.632249 1.274101  0.054558 -0.010184 0.144732
41  -0.000001 1.798490 -0.000003  0.036314 -0.010668 0.285912
42  -0.000001 1.235457 0.000001  -0.005152 -0.006816 0.068190
43  -0.315441 0.857301 0.755942  1.684115 -0.560091 -1.563926
44  -0.000000 2.265939 0.000000  -0.057905 0.032805 0.238898
45  0.000001 1.457813 0.000000  -0.029609 -0.046490 -0.034285
46  1.259681 3.818376 1.286945  0.054558 -0.010184 0.144732
47  1.226391 3.891695 0.090419  0.005036 -0.002373 0.139324
48  1.231623 3.875536 -0.958680  -0.060580 0.013550 0.130737
49  1.209919 3.994783 -2.003048  -0.106568 0.025893 0.137951
50  -0.328906 0.095430 1.403531  1.684115 -0.560091 -1.563926
51  0.152561 -38.616215 -21.000004  -0.000000 0.000000 3.141593
52  0.152561 -25.166061 -36.000004  -1.570796 -0.000000 1.570796
53  0.433020 -11.755867 -21.000002  -0.051945 0.000000 1.570796
54  -6.696000 -11.361276 -10.471000  1.565712 -0.012995 -1.551361
55  10.000004 0.000000 0.000000  -0.000000 -0.000000 -0.000000
56  29.620378 2.666869 0.000000  -0.000000 -0.000000 -0.000000
57  3.664052 2.228525 -2.524773  1.570796 0.732815 -1.570796
58  3.490278 2.388510 1.331885  0.000000 1.570796 0.000000
time 43
0  0 0 0  0 0 0
1  0.000000 0.000000 0.000000  1.570796 -0.000000 0.000000
2  -1.843768 -8.254290 -9.392370  1.524287 -0.035370 -2.254602
3  0.000002 13.479275 -0.000001  0.159223 0.000000 -0.000000
4  0.000000 13.477239 0.000000  -0.168194 -0.241611 0.156145
5  -0.267269 3.664728 -1.953292  0.570288 -0.108989 -1.360402
6  -0.000001 1.180354 -0.000001  -0.005540 -0.036957 -1.399219
7  0.000001 0.817136 0.000001  0.012298 -0.000007 -1.214275
8  -0.249422 3.688544 -0.940888  0.326191 -0.061559 -1.352632
9  0.000003 1.800632 0.000000  -0.000262 0.005352 -1.430231
10  0.000001 1.243407 0.000001  0.002269 0.006116 -1.286349
11  -0.244725 3.701097 0.087733  0.221244 0.005544 -1.361061
12  -0.000000 1.766586 0.000000  0.004189 0.001125 -1.481426
13  0.000001 1.189003 0.000001  -0.004182 -0.017197 -1.374176
14  -0.277238 3.632248 1.274102  0.115075 0.054750 -1.366492
15  -0.000002 1.798495 0.000000  0.002394 0.037772 -1.507786
16  0.000000 1.235453 -0.000001  -0.008167 -0.002510 -1.289887
17  0.315442 0.857299 0.755944  -0.761000 2.412031 -1.377325
18  0.000002 2.265941 -0.000000  -0.016207 -0.064542 -1.048595
19  0.000000 1.457809 -0.000000  -0.051901 0.018546 -0.626230
20  -1.259681 3.818375 1.286946  0.115075 0.054750 -1.366492
21  -1.226389 3.891695 0.090420  0.221244 0.005544 -1.361061
22  -1.231622 3.875536 -0.958679  0.326191 -0.061560 -1.352632
23  -1.209918 3.994782 -2.003047  0.570288 -0.108989 -1.360402
24  0.328907 0.095429 1.403533  -0.761000 2.412031 -1.377325
25  -1.933057 -6.956367 17.447252  1.559633 -0.157617 -2.515480
26  13.824293 -20.103218 10.765717  -1.570796 -0.000000 -1.570796
27  -1.843768 -8.254290 -9.392370  -0.051945 -0.000000 -1.570796
28  0.433020 -11.755867 -21.000002  -0.083842 -0.009362 3.131152
29  0.000000 13.479277 -0.000002  0.167696 0.000000 0.000000
30  0.000000 13.477240 0.000001  -0.083756 0.010203 0.009620
31  0.267270 3.664728 -1.953293  -0.106568 0.025893 0.137951
32  -0.000000 1.180357 -0.000001  -0.036623 0.007435 0.177465
33  -0.000002 0.817138 0.000001  0.004200 0.011559 -0.007420
34  0.249423 3.688543 -0.940890  -0.060580 0.013550 0.130737
35  0.000001 1.800635 -0.000001  0.004940 -0.002077 0.208495
36  -0.000001 1.243411 0.000002  0.006524 0.000040 0.064626
37  0.244726 3.701097 0.087732  0.005036 -0.002373 0.139323
38  -0.000000 1.766588 -0.000002  0.002490 0.003552 0.259702
39  -0.000000 1.189003 0.000001  -0.017590 0.001952 0.152464
40  0.277239 3.632249 1.274101  0.054558 -0.010184 0.144732
41  -0.000001 1.798490 -0.000003  0.036314 -0.010668 0.285912
42  -0.000001 1.235457 0.000001  -0.005152 -0.006816 0.068190
43  -0.315441 0.857301 0.755942  1.684115 -0.560091 -1.563926
44  -0.000000 2.265939 0.000000  -0.057905 0.032805 0.238898
45  0.000001 1.457813 0.000000  -0.029609 -0.046490 -0.034285
46  1.259681 3.818376 1.286945  0.054558 -0.010184 0.144732
47  1.226391 3.891695 0.090419  0.005036 -0.002373 0.139324
48  1.231623 3.875536 -0.958680  -0.060580 0.013550 0.130737
49  1.209919 3.994783 -2.003048  -0.106568 0.025893 0.137951
50  -0.328906 0.095430 1.403531  1.684115 -0.560091 -1.563926
51  0.152561 -38.616215 -21.000004  -0.000000 0.000000 3.141593
52  0.152561 -25.166061 -36.000004  -1.570796 -0.000000 1.570796
53  0.433020 -11.755867 -21.000002  -0.051945 0.000000 1.570796
54  -6.696000 -11.361276 -10.471000  1.566717 -0.012873 -1.551477
55  10.000000 0.000002 0.000000  0.000000 -0.000000 -0.000000
56  29.620378 2.666869 0.000000  0.000000 -0.000000 -0.000000
57  3.664052 2.228525 -2.524774  1.570796 0.732815 -1.570796
58  3.490277 2.388510 1.331885  -0.000000 1.570796 0.000000
time 44
0  0 0 0  0 0 0
1  0.000000 0.000000 0.000000  1.570796 -0.000000 0.000000
2  -1.843768 -8.254290 -9.392370  1.524992 -0.035392 -2.254625
3  0.000001 13.479277 0.000000  0.158252 0.000000 -0.000000
4  0.000001 13.477240 -0.000000  -0.167704 -0.240668 0.155754
5  -0.267270 3.664724 -1.953293  0.570287 -0.108989 -1.360402
6  -0.000001 1.180354 -0.000001  -0.005540 -0.036957 -1.399219
7  -0.000000 0.817137 0.000000  0.012298 -0.000007 -1.214275
8  -0.249423 3.688540 -0.940889  0.326191 -0.061560 -1.352632
9  -0.000001 1.800633 -0.000000  -0.000262 0.005352 -1.430231
10  0.000001 1.243408 0.000001  0.002269 0.006116 -1.286349
11  -0.244727 3.701095 0.087733  0.221244 0.005544 -1.361061
12  -0.000002 1.766585 0.000000  0.004189 0.001125 -1.481426
13  -0.000001 1.189005 -0.000001  -0.004182 -0.017197 -1.374176
14  -0.277240 3.632246 1.274102  0.115075 0.054751 -1.366492
15  0.000000 1.798494 -0.000000  0.002394 0.037772 -1.507786
16  0.000000 1.235453 0.000000  -0.008167 -0.002510 -1.289887
17  0.315441 0.857300 0.755944  -0.761000 2.412031 -1.377326
18  -0.000001 2.265940 0.000000  -0.016207 -0.064542 -1.048595
19  0.000000 1.457812 -0.000000  -0.051901 0.018546 -0.626230
20  -1.259682 3.818372 1.286946  0.115075 0.054750 -1.366492
21  -1.226391 3.891691 0.090420  0.221244 0.005544 -1.361061
22  -1.231624 3.875533 -0.958680  0.326191 -0.061560 -1.352632
23  -1.209920 3.994780 -2.003047  0.570288 -0.108989 -1.360402
24  0.328905 0.095427 1.403533  -0.761000 2.412031 -1.377325
25  -1.937228 -6.952139 17.448072  1.559617 -0.157478 -2.514470
26  13.824293 -20.103218 10.765717  -1.570796 -0.000000 -1.570796
27  -1.843768 -8.254290 -9.392370  -0.051945 -0.000000 -1.570796
28  0.433020 -11.755867 -21.000002  -0.083842 -0.009362 3.131152
29  0.000000 13.479277 -0.000002  0.167696 0.000000 0.000000
30  0.000000 13.477240 0.000001  -0.083756 0.010203 0.009620
31  0.267270 3.664728 -1.953293  -0.106568 0.025893 0.137951
32  -0.000000 1.180357 -0.000001  -0.036623 0.007435 0.177465
33  -0.000002 0.817138 0.000001  0.004200 0.011559 -0.007420
34  0.249423 3.688543 -0.940890  -0.060580 0.013550 0.130737
35  0.000001 1.800635 -0.000001  0.004940 -0.002077 0.208495
36  -0.000001 1.243411 0.000002  0.006524 0.000040 0.064626
37  0.244726 3.701097 0.087732  0.005036 -0.002373 0.139323
38  -0.000000 1.766588 -0.000002  0.002490 0.003552 0.259702
39  -0.000000 1.189003 0.000001  -0.017590 0.001952 0.152464
40  0.277239 3.632249 1.274101  0.054558 -0.010184 0.144732
41  -0.000001 1.798490 -0.000003  0.036314 -0.010668 0.285912
42  -0.000001 1.235457 0.000001  -0.005152 -0.006816 0.068190
43  -0.315441 0.857301 0.755942  1.684115 -0.560091 -1.563926
44  -0.000000 2.265939 0.000000  -0.057905 0.032805 0.238898
45  0.000001 1.457813 0.000000  -0.029609 -0.046490 -0.034285
46  1.259681 3.818376 1.286945  0.054558 -0.010184 0.144732
47  1.226391 3.891695 0.090419  0.005036 -0.002373 0.139324
48  1.231623 3.875536 -0.958680  -0.060580 0.013550 0.130737
49  1.209919 3.994783 -2.003048  -0.106568 0.025893 0.137951
50  -0.328906 0.095430 1.403531  1.684115 -0.560091 -1.563926
51  0.152561 -38.616215 -21.000004  -0.000000 0.000000 3.141593
52  0.152561 -25.166061 -36.000004  -1.570796 -0.000000 1.570796
53  0.433020 -11.755867 -21.000002  -0.051945 0.000000 1.570796
54  -6.696000 -11.361276 -10.471000  1.567726 -0.012799 -1.551592
55  10.000000 0.000001 -0.000000  0.000000 0.000000 -0.000000
56  29.620380 2.666869 -0.000001  0.000000 0.000000 -0.000000
57  3.664052 2.228524 -2.524773  1.570796 0.732815 -1.570796
58  3.490278 2.388509 1.331885  0.000000 1.570796 0.000000
time 45
0  0 0 0  0 0 0
1  0.000000 0.000000 0.000000  1.570796 -0.000000 0.000000
2  -1.843768 -8.254290 -9.392370  1.525633 -0.035422 -2.254657
3  0.000002 13.479278 0.000000  0.157425 0.000000 -0.000000
4  -0.000001 13.477236 0.000000  -0.167262 -0.239705 0.155403
5  -0.267270 3.664726 -1.953294  0.570288 -0.108989 -1.360402
6  -0.000002 1.180355 0.000000  -0.005540 -0.036957 -1.399219
7  0.000001 0.817133 -0.000000  0.012298 -0.000007 -1.214275
8  -0.249423 3.688542 -0.940889  0.326191 -0.061560 -1.352632
9  0.000003 1.800634 0.000000  -0.000262 0.005352 -1.430231
10  -0.000001 1.243405 0.000002  0.002269 0.006116 -1.286349
11  -0.244726 3.701097 0.087733  0.221244 0.005544 -1.361062
12  0.000000 1.766585 0.000001  0.004189 0.001125 -1.481426
13  0.000001 1.189006 -0.000001  -0.004182 -0.017197 -1.374176
14  -0.277239 3.632250 1.274102  0.115075 0.054750 -1.366492
15  -0.000002 1.798494 0.000000  0.002394 0.037772 -1.507786
16  0.000000 1.235452 0.000000  -0.008167 -0.002510 -1.289887
17  0.315441 0.857301 0.755943  -0.761000 2.412031 -1.377326
18  -0.000001 2.265939 -0.000000  -0.016207 -0.064542 -1.048595
19  -0.000000 1.457813 -0.000001  -0.051901 0.018546 -0.626230
20  -1.259681 3.818374 1.286945  0.115075 0.054750 -1.366492
21  -1.226390 3.891695 0.090418  0.221244 0.005544 -1.361061
22  -1.231623 3.875535 -0.958681  0.326191 -0.061560 -1.352632
23  -1.209919 3.994782 -2.003048  0.570288 -0.108989 -1.360402
24  0.328906 0.095429 1.403532  -0.761000 2.412031 -1.377326
25  -1.941409 -6.947606 17.448717  1.559642 -0.157369 -2.513463
26  13.824293 -20.103218 10.765717  -1.570796 -0.000000 -1.570796
27  -1.843768 -8.254290 -9.392370  -0.051945 -0.000000 -1.570796
28  0.433020 -11.755867 -21.000002  -0.083842 -0.009362 3.131152
29  0.000000 13.479277 -0.000002  0.167696 0.000000 0.000000
30  0.000000 13.477240 0.000001  -0.083756 0.010203 0.009620
31  0.267270 3.664728 -1.953293  -0.106568 0.025893 0.137951
32  -0.000000 1.180357 -0.000001  -0.036623 0.007435 0.177465
33  -0.000002 0.817138 0.000001  0.004200 0.011559 -0.007420
34  0.249423 3.688543 -0.940890  -0.060580 0.013550 0.130737
35  0.000001 1.800635 -0.000001  0.004940 -0.002077 0.208495
36  -0.000001 1.243411 0.000002  0.006524 0.000040 0.064626
37  0.244726 3.701097 0.087732  0.005036 -0.002373 0.139323
38  -0.000000 1.766588 -0.000002  0.002490 0.003552 0.259702
39  -0.000000 1.189003 0.000001  -0.017590 0.001952 0.152464
40  0.277239 3.632249 1.274101  0.054558 -0.010184 0.144732
41  -0.000001 1.798490 -0.000003  0.036314 -0.010668 0.285912
42  -0.000001 1.235457 0.000001  -0.005152 -0.006816 0.068190
43  -0.315441 0.857301 0.755942  1.684115 -0.560091 -1.563926
44  -0.000000 2.265939 0.000000  -0.057905 0.032805 0.238898
45  0.000001 1.457813 0.000000  -0.029609 -0.046490 -0.034285
46  1.259681 3.818376 1.286945  0.054558 -0.010184 0.144732
47  1.226391 3.891695 0.090419  0.005036 -0.002373 0.139324
48  1.231623 3.875536 -0.958680  -0.060580 0.013550 0.130737
49  1.209919 3.994783 -2.003048  -0.106568 0.025893 0.137951
50  -0.328906 0.095430 1.403531  1.684115 -0.560091 -1.563926
51  0.152561 -38.616215 -21.000004  -0.000000 0.000000 3.141593
52  0.152561 -25.166061 -36.000004  -1.570796 -0.000000 1.570796
53  0.433020 -11.755867 -21.000002  -0.051945 0.000000 1.570796
54  -6.696000 -11.361276 -10.471000  1.568737 -0.012774 -1.551708
55  10.000002 -0.000000 -0.000000  0.000000 -0.000000 -0.000000
56  29.620384 2.666868 -0.000000  0.000000 -0.000000 -0.000000
57  3.664052 2.228526 -2.524774  1.570796 0.732815 -1.570796
58  3.490278 2.388509 1.331885  0.000000 1.570796 0.000000
time 46
0  0 0 0  0 0 0
1  0.000000 0.000000 0.000000  1.570796 -0.000000 0.000000
2  -1.843768 -8.254290 -9.392370  1.526205 -0.035461 -2.254697
3  0.000002 13.479276 0.000000  0.156750 0.000000 -0.000000
4  -0.000000 13.477238 0.000001  -0.166872 -0.238725 0.155095
5  -0.267270 3.664726 -1.953292  0.570287 -0.108989 -1.360402
6  0.000001 1.180354 -0.000002  -0.005540 -0.036957 -1.399218
7  -0.000001 0.817134 0.000001  0.012298 -0.000007 -1.214275
8  -0.249423 3.688542 -0.940888  0.326191 -0.061559 -1.352632
9  -0.000002 1.800633 0.000000  -0.000262 0.005352 -1.430231
10  -0.000000 1.243405 0.000001  0.002269 0.006116 -1.286349
11  -0.244727 3.701096 0.087733  0.221244 0.005544 -1.361061
12  -0.000001 1.766583 0.000000  0.004189 0.001125 -1.481426
13  0.000001 1.189003 -0.000000  -0.004182 -0.017197 -1.374175
14  -0.277240 3.632248 1.274103  0.115074 0.054750 -1.366492
15  0.000000 1.798493 0.000000  0.002394 0.037772 -1.507786
16  -0.000001 1.235449 -0.000001  -0.008167 -0.002510 -1.289887
17  0.315441 0.857301 0.755944  -0.761000 2.412031 -1.377325
18  0.000000 2.265939 0.000000  -0.016207 -0.064542 -1.048595
19  0.000000 1.457815 0.000001  -0.051901 0.018546 -0.626230
20  -1.259681 3.818377 1.286946  0.115075 0.054750 -1.366492
21  -1.226391 3.891694 0.090420  0.221244 0.005544 -1.361061
22  -1.231624 3.875536 -0.958680  0.326191 -0.061560 -1.352632
23  -1.209920 3.994781 -2.003047  0.570287 -0.108989 -1.360402
24  0.328906 0.095429 1.403533  -0.761000 2.412031 -1.377325
25  -1.945584 -6.942778 17.449181  1.559708 -0.157290 -2.512466
26  13.824293 -20.103218 10.765717  -1.570796 -0.000000 -1.570796
27  -1.843768 -8.254290 -9.392370  -0.051945 -0.000000 -1.570796
28  0.433020 -11.755867 -21.000002  -0.083842 -0.009362 3.131152
29  0.000000 13.479277 -0.000002  0.167696 0.000000 0.000000
30  0.000000 13.477240 0.000001  -0.083756 0.010203 0.009620
31  0.267270 3.664728 -1.953293  -0.106568 0.025893 0.137951
32  -0.000000 1.180357 -0.000001  -0.036623 0.007435 0.177465
33  -0.000002 0.817138 0.000001  0.004200 0.011559 -0.007420
34  0.249423 3.688543 -0.940890  -0.060580 0.013550 0.130737
35  0.000001 1.800635 -0.000001  0.004940 -0.002077 0.208495
36  -0.000001 1.243411 0.000002  0.006524 0.000040 0.064626
37  0.244726 3.701097 0.087732  0.005036 -0.002373 0.139323
38  -0.000000 1.766588 -0.000002  0.002490 0.003552 0.259702
39  -0.000000 1.189003 0.000001  -0.017590 0.001952 0.152464
40  0.277239 3.632249 1.274101  0.054558 -0.010184 0.144732
41  -0.000001 1.798490 -0.000003  0.036314 -0.010668 0.285912
42  -0.000001 1.235457 0.000001  -0.005152 -0.006816 0.068190
43  -0.315441 0.857301 0.755942  1.684115 -0.560091 -1.563926
44  -0.000000 2.265939 0.000000  -0.057905 0.032805 0.238898
45  0.000001 1.457813 0.000000  -0.029609 -0.046490 -0.034285
46  1.259681 3.818376 1.286945  0.054558 -0.010184 0.144732
47  1.226391 3.891695 0.090419  0.005036 -0.002373 0.139324
48  1.231623 3.875536 -0.958680  -0.060580 0.013550 0.130737
49  1.209919 3.994783 -2.003048  -0.106568 0.025893 0.137951
50  -0.328906 0.095430 1.403531  1.684115 -0.560091 -1.563926
51  0.152561 -38.616215 -21.000004  -0.000000 0.000000 3.141593
52  0.152561 -25.166061 -36.000004  -1.570796 -0.000000 1.570796
53  0.433020 -11.755867 -21.000002  -0.051945 0.000000 1.570796
54  -6.696000 -11.361276 -10.471000  1.569745 -0.012799 -1.551823
55  10.000004 0.000001 0.000001  0.000000 -0.000000 0.000000
56  29.620382 2.666870 0.000000  0.000000 -0.000000 0.000000
57  3.664052 2.228525 -2.524773  1.570796 0.732815 -1.570796
58  3.490277 2.388510 1.331885  -0.000000 1.570796 0.000000
time 47
0  0 0 0  0 0 0
1  0.000000 0.000000 0.000000  1.570796 -0.000000 0.000000
2  -1.843768 -8.254290 -9.392370  1.526705 -0.035509 -2.254745
3  0.000002 13.479277 -0.000000  0.156230 -0.000000 -0.000000
4  -0.000000 13.477240 0.000000  -0.166536 -0.237732 0.154831
5  -0.267270 3.664727 -1.953293  0.570288 -0.108989 -1.360402
6  0.000001 1.180355 -0.000000  -0.005540 -0.036957 -1.399219
7  -0.000000 0.817136 0.000000  0.012298 -0.000007 -1.214275
8  -0.249424 3.688541 -0.940888  0.326191 -0.061560 -1.352632
9  -0.000003 1.800632 -0.000000  -0.000262 0.005352 -1.430231
10  0.000000 1.243406 0.000001  0.002269 0.006116 -1.286349
11  -0.244727 3.701096 0.087734  0.221244 0.005544 -1.361062
12  -0.000001 1.766584 -0.000000  0.004189 0.001125 -1.481426
13  0.000001 1.189005 0.000000  -0.004182 -0.017197 -1.374176
14  -0.277241 3.632247 1.274103  0.115075 0.054750 -1.366492
15  0.000002 1.798493 -0.000000  0.002394 0.037772 -1.507785
16  0.000000 1.235453 0.000000  -0.008167 -0.002510 -1.289887
17  0.315440 0.857299 0.755945  -0.761000 2.412031 -1.377325
18  -0.000000 2.265940 0.000000  -0.016207 -0.064542 -1.048595
19  0.000000 1.457810 -0.000000  -0.051901 0.018546 -0.626230
20  -1.259682 3.818374 1.286946  0.115075 0.054750 -1.366492
21  -1.226391 3.891691 0.090420  0.221244 0.005544 -1.361061
22  -1.231624 3.875533 -0.958679  0.326191 -0.061560 -1.352632
23  -1.209920 3.994781 -2.003047  0.570288 -0.108989 -1.360402
24  0.328905 0.095428 1.403534  -0.761000 2.412031 -1.377325
25  -1.949737 -6.937682 17.449463  1.559813 -0.157241 -2.511481
26  13.824293 -20.103218 10.765717  -1.570796 -0.000000 -1.570796
27  -1.843768 -8.254290 -9.392370  -0.051945 -0.000000 -1.570796
28  0.433020 -11.755867 -21.000002  -0.083842 -0.009362 3.131152
29  0.000000 13.479277 -0.000002  0.167696 0.000000 0.000000
30  0.000000 13.477240 0.000001  -0.083756 0.010203 0.009620
31  0.267270 3.664728 -1.953293  -0.106568 0.025893 0.137951
32  -0.000000 1.180357 -0.000001  -0.036623 0.007435 0.177465
33  -0.000002 0.817138 0.000001  0.004200 0.011559 -0.007420
34  0.249423 3.688543 -0.940890  -0.060580 0.013550 0.130737
35  0.000001 1.800635 -0.000001  0.004940 -0.002077 0.208495
36  -0.000001 1.243411 0.000002  0.006524 0.000040 0.064626
37  0.244726 3.701097 0.087732  0.005036 -0.002373 0.139323
38  -0.000000 1.766588 -0.000002  0.002490 0.003552 0.259702
39  -0.000000 1.189003 0.000001  -0.017590 0.001952 0.152464
40  0.277239 3.632249 1.274101  0.054558 -0.010184 0.144732
41  -0.000001 1.798490 -0.000003  0.036314 -0.010668 0.285912
42  -0.000001 1.235457 0.000001  -0.005152 -0.006816 0.068190
43  -0.315441 0.857301 0.755942  1.684115 -0.560091 -1.563926
44  -0.000000 2.265939 0.000000  -0.057905 0.032805 0.238898
45  0.000001 1.457813 0.000000  -0.029609 -0.046490 -0.034285
46  1.259681 3.818376 1.286945  0.054558 -0.010184 0.144732
47  1.226391 3.891695 0.090419  0.005036 -0.002373 0.139324
48  1.231623 3.875536 -0.958680  -0.060580 0.013550 0.130737
49  1.209919 3.994783 -2.003048  -0.106568 0.025893 0.137951
50  -0.328906 0.095430 1.403531  1.684115 -0.560091 -1.563926
51  0.152561 -38.616215 -21.000004  -0.000000 0.000000 3.141593
52  0.152561 -25.166061 -36.000004  -1.570796 -0.000000 1.570796
53  0.433020 -11.755867 -21.000002  -0.051945 0.000000 1.570796
54  -6.696000 -11.361276 -10.471000  1.570745 -0.012874 -1.551937
55  10.000001 0.000001 -0.000001  -0.000000 -0.000000 0.000000
56  29.620382 2.666870 -0.000001  -0.000000 -0.000000 0.000000
57  3.664052 2.228527 -2.524773  1.570796 0.732815 -1.570796
58  3.490277 2.388510 1.331885  -0.000000 1.570796 0.000000
time 48
0  0 0 0  0 0 0
1  0.000000 0.000000 0.000000  1.570796 -0.000000 0.000000
2  -1.843768 -8.254290 -9.392370  1.527135 -0.035564 -2.254802
3  0.000002 13.479277 0.000000  0.155862 -0.000000 -0.000000
4  0.000001 13.477239 0.000000  -0.166253 -0.236730 0.154610
5  -0.267270 3.664728 -1.953293  0.570288 -0.108989 -1.360402
6  -0.000002 1.180355 0.000001  -0.005540 -0.036957 -1.399218
7  -0.000000 0.817137 0.000000  0.012298 -0.000007 -1.214275
8  -0.249423 3.688541 -0.940889  0.326191 -0.061559 -1.352632
9  0.000001 1.800632 -0.000000  -0.000262 0.005352 -1.430231
10  0.000001 1.243405 -0.000001  0.002269 0.006116 -1.286349
11  -0.244727 3.701096 0.087733  0.221244 0.005544 -1.361062
12  0.000003 1.766585 0.000000  0.004189 0.001125 -1.481426
13  0.000001 1.189002 0.000001  -0.004182 -0.017197 -1.374176
14  -0.277240 3.632248 1.274102  0.115075 0.054750 -1.366492
15  0.000001 1.798494 0.000000  0.002394 0.037772 -1.507786
16  0.000000 1.235450 -0.000000  -0.008167 -0.002510 -1.289887
17  0.315441 0.857300 0.755944  -0.761000 2.412031 -1.377325
18  0.000001 2.265941 0.000000  -0.016207 -0.064542 -1.048595
19  -0.000001 1.457811 0.000000  -0.051901 0.018546 -0.626230
20  -1.259682 3.818374 1.286946  0.115075 0.054750 -1.366492
21  -1.226391 3.891691 0.090419  0.221244 0.005544 -1.361061
22  -1.231624 3.875534 -0.958679  0.326191 -0.061560 -1.352632
23  -1.209920 3.994782 -2.003047  0.570288 -0.108989 -1.360402
24  0.328905 0.095430 1.403533  -0.761000 2.412031 -1.377325
25  -1.953851 -6.932349 17.449572  1.559957 -0.157221 -2.510511
26  13.824293 -20.103218 10.765717  -1.570796 -0.000000 -1.570796
27  -1.843768 -8.254290 -9.392370  -0.051945 -0.000000 -1.570796
28  0.433020 -11.755867 -21.000002  -0.083842 -0.009362 3.131152
29  0.000000 13.479277 -0.000002  0.167696 0.000000 0.000000
30  0.000000 13.477240 0.000001  -0.083756 0.010203 0.009620
31  0.267270 3.664728 -1.953293  -0.106568 0.025893 0.137951
32  -0.000000 1.180357 -0.000001  -0.036623 0.007435 0.177465
33  -0.000002 0.817138 0.000001  0.004200 0.011559 -0.007420
34  0.249423 3.688543 -0.940890  -0.060580 0.013550 0.130737
35  0.000001 1.800635 -0.000001  0.004940 -0.002077 0.208495
36  -0.000001 1.243411 0.000002  0.006524 0.000040 0.064626
37  0.244726 3.701097 0.087732  0.005036 -0.002373 0.139323
38  -0.000000 1.766588 -0.000002  0.002490 0.003552 0.259702
39  -0.000000 1.189003 0.000001  -0.017590 0.001952 0.152464
40  0.277239 3.632249 1.274101  0.054558 -0.010184 0.144732
41  -0.000001 1.798490 -0.000003  0.036314 -0.010668 0.285912
42  -0.000001 1.235457 0.000001  -0.005152 -0.006816 0.068190
43  -0.315441 0.857301 0.755942  1.684115 -0.560091 -1.563926
44  -0.000000 2.265939 0.000000  -0.057905 0.032805 0.238898
45  0.000001 1.457813 0.000000  -0.029609 -0.046490 -0.034285
46  1.259681 3.818376 1.286945  0.054558 -0.010184 0.144732
47  1.226391 3.891695 0.090419  0.005036 -0.002373 0.139324
48  1.231623 3.875536 -0.958680  -0.060580 0.013550 0.130737
49  1.209919 3.994783 -2.003048  -0.106568 0.025893 0.137951
50  -0.328906 0.095430 1.403531  1.684115 -0.560091 -1.563926
51  0.152561 -38.616215 -21.000004  -0.000000 0.000000 3.141593
52  0.152561 -25.166061 -36.000004  -1.570796 -0.000000 1.570796
53  0.433020 -11.755867 -21.000002  -0.051945 0.000000 1.570796
54  -6.696000 -11.361276 -10.471000  1.571736 -0.012995 -1.552049
55  10.000001 0.000000 -0.000000  0.000000 0.000000 0.000000
56  29.620378 2.666869 -0.000000  0.000000 0.000000 0.000000
57  3.664052 2.228525 -2.524774  1.570796 0.732815 -1.570796
58  3.490278 2.388510 1.331885  -0.000000 1.570796 0.000000
time 49
0  0 0 0  0 0 0
1  0.000000 0.000000 0.000000  1.570796 -0.000000 0.000000
2  -1.843768 -8.254290 -9.392370  1.527495 -0.035626 -2.254866
3  0.000001 13.479278 0.000001  0.155642 -0.000000 -0.000000
4  0.000001 13.477237 -0.000000  -0.166022 -0.235725 0.154431
5  -0.267270 3.664725 -1.953292  0.570287 -0.108989 -1.360402
6  -0.000002 1.180356 -0.000000  -0.005540 -0.036957 -1.399219
7  -0.000001 0.817135 0.000001  0.012298 -0.000007 -1.214275
8  -0.249423 3.688541 -0.940889  0.326191 -0.061559 -1.352632
9  0.000002 1.800632 0.000000  -0.000262 0.005352 -1.430231
10  -0.000001 1.243407 -0.000000  0.002269 0.006116 -1.286349
11  -0.244726 3.701095 0.087733  0.221244 0.005544 -1.361062
12  -0.000002 1.766584 0.000001  0.004189 0.001125 -1.481426
13  0.000001 1.189004 0.000001  -0.004182 -0.017197 -1.374176
14  -0.277239 3.632248 1.274102  0.115075 0.054750 -1.366492
15  0.000001 1.798494 -0.000001  0.002394 0.037772 -1.507786
16  0.000001 1.235452 0.000000  -0.008167 -0.002510 -1.289887
17  0.315441 0.857300 0.755944  -0.761000 2.412031 -1.377326
18  0.000000 2.265940 0.000000  -0.016207 -0.064542 -1.048595
19  -0.000001 1.457814 -0.000000  -0.051901 0.018546 -0.626230
20  -1.259681 3.818375 1.286946  0.115075 0.054750 -1.366492
21  -1.226391 3.891693 0.090419  0.221244 0.005544 -1.361061
22  -1.231623 3.875535 -0.958680  0.326191 -0.061560 -1.352632
23  -1.209919 3.994781 -2.003048  0.570288 -0.108989 -1.360402
24  0.328906 0.095427 1.403533  -0.761000 2.412031 -1.377326
25  -1.957910 -6.926815 17.449512  1.560136 -0.157230 -2.509561
26  13.824293 -20.103218 10.765717  -1.570796 -0.000000 -1.570796
27  -1.843768 -8.254290 -9.392370  -0.051945 -0.000000 -1.570796
28  0.433020 -11.755867 -21.000002  -0.083842 -0.009362 3.131152
29  0.000000 13.479277 -0.000002  0.167696 0.000000 0.000000
30  0.000000 13.477240 0.000001  -0.083756 0.010203 0.009620
31  0.267270 3.664728 -1.953293  -0.106568 0.025893 0.137951
32  -0.000000 1.180357 -0.000001  -0.036623 0.007435 0.177465
33  -0.000002 0.817138 0.000001  0.004200 0.011559 -0.007420
34  0.249423 3.688543 -0.940890  -0.060580 0.013550 0.130737
35  0.000001 1.800635 -0.000001  0.004940 -0.002077 0.208495
36  -0.000001 1.243411 0.000002  0.006524 0.000040 0.064626
37  0.244726 3.701097 0.087732  0.005036 -0.002373 0.139323
38  -0.000000 1.766588 -0.000002  0.002490 0.003552 0.259702
39  -0.000000 1.189003 0.000001  -0.017590 0.001952 0.152464
40  0.277239 3.632249 1.274101  0.054558 -0.010184 0.144732
41  -0.000001 1.798490 -0.000003  0.036314 -0.010668 0.285912
42  -0.000001 1.235457 0.000001  -0.005152 -0.006816 0.068190
43  -0.315441 0.857301 0.755942  1.684115 -0.560091 -1.563926
44  -0.000000 2.265939 0.000000  -0.057905 0.032805 0.238898
45  0.000001 1.457813 0.000000  -0.029609 -0.046490 -0.034285
46  1.259681 3.818376 1.286945  0.054558 -0.010184 0.144732
47  1.226391 3.891695 0.090419  0.005036 -0.002373 0.139324
48  1.231623 3.875536 -0.958680  -0.060580 0.013550 0.130737
49  1.209919 3.994783 -2.003048  -0.106568 0.025893 0.137951
50  -0.328906 0.095430 1.403531  1.684115 -0.560091 -1.563926
51  0.152561 -38.616215 -21.000004  -0.000000 0.000000 3.141593
52  0.152561 -25.166061 -36.000004  -1.570796 -0.000000 1.570796
53  0.433020 -11.755867 -21.000002  -0.051945 0.000000 1.570796
54  -6.696000 -11.361276 -10.471000  1.572711 -0.013161 -1.552160
55  10.000003 0.000000 0.000001  -0.000000 -0.000000 0.000000
56  29.620382 2.666869 -0.000000  -0.000000 -0.000000 0.000000
57  3.664052 2.228527 -2.524772  1.570796 0.732815 -1.570796
58  3.490276 2.388510 1.331885  -0.000000 1.570796 0.000000
time 50
0  0 0 0  0 0 0
1  0.000000 0.000000 0.000000  1.570796 -0.000000 0.000000
2  -1.843768 -8.254290 -9.392370  1.527783 -0.035695 -2.254936
3  0.000001 13.479277 0.000001  0.155569 -0.000000 -0.000000
4  0.000000 13.477239 0.000000  -0.165845 -0.234721 0.154293
5  -0.267269 3.664726 -1.953292  0.570287 -0.108989 -1.360402
6  0.000001 1.180355 -0.000000  -0.005540 -0.036957 -1.399219
7  0.000000 0.817133 0.000001  0.012298 -0.000007 -1.214275
8  -0.249422 3.688540 -0.940889  0.326191 -0.061559 -1.352632
9  -0.000000 1.800633 -0.000000  -0.000262 0.005352 -1.430232
10  -0.000002 1.243406 0.000000  0.002269 0.006116 -1.286350
11  -0.244726 3.701096 0.087733  0.221244 0.005544 -1.361062
12  -0.000001 1.766584 0.000000  0.004189 0.001125 -1.481426
13  0.000000 1.189006 -0.000000  -0.004182 -0.017197 -1.374176
14  -0.277239 3.632247 1.274102  0.115075 0.054750 -1.366492
15  -0.000000 1.798494 0.000000  0.002394 0.037772 -1.507786
16  -0.000000 1.235451 0.000000  -0.008167 -0.002510 -1.289887
17  0.315442 0.857299 0.755944  -0.761000 2.412031 -1.377325
18  0.000000 2.265939 -0.000001  -0.016207 -0.064542 -1.048595
19  0.000000 1.457811 0.000000  -0.051901 0.018546 -0.626230
20  -1.259681 3.818375 1.286946  0.115075 0.054750 -1.366492
21  -1.226390 3.891693 0.090419  0.221244 0.005544 -1.361061
22  -1.231622 3.875533 -0.958680  0.326191 -0.061560 -1.352632
23  -1.209919 3.994780 -2.003047  0.570287 -0.108989 -1.360402
24  0.328907 0.095429 1.403532  -0.761000 2.412031 -1.377325
25  -1.961896 -6.921106 17.449289  1.560349 -0.157265 -2.508634
26  13.824293 -20.103218 10.765717  -1.570796 -0.000000 -1.570796
27  -1.843768 -8.254290 -9.392370  -0.051945 -0.000000 -1.570796
28  0.433020 -11.755867 -21.000002  -0.083842 -0.009362 3.131152
29  0.000000 13.479277 -0.000002  0.167696 0.000000 0.000000
30  0.000000 13.477240 0.000001  -0.083756 0.010203 0.009620
31  0.267270 3.664728 -1.953293  -0.106568 0.025893 0.137951
32  -0.000000 1.180357 -0.000001  -0.036623 0.007435 0.177465
33  -0.000002 0.817138 0.000001  0.004200 0.011559 -0.007420
34  0.249423 3.688543 -0.940890  -0.060580 0.013550 0.130737
35  0.000001 1.800635 -0.000001  0.004940 -0.002077 0.208495
36  -0.000001 1.243411 0.000002  0.006524 0.000040 0.064626
37  0.244726 3.701097 0.087732  0.005036 -0.002373 0.139323
38  -0.000000 1.766588 -0.000002  0.002490 0.003552 0.259702
39  -0.000000 1.189003 0.000001  -0.017590 0.001952 0.152464
40  0.277239 3.632249 1.274101  0.054558 -0.010184 0.144732
41  -0.000001 1.798490 -0.000003  0.036314 -0.010668 0.285912
42  -0.000001 1.235457 0.000001  -0.005152 -0.006816 0.068190
43  -0.315441 0.857301 0.755942  1.684115 -0.560091 -1.563926
44  -0.000000 2.265939 0.000000  -0.057905 0.032805 0.238898
45  0.000001 1.457813 0.000000  -0.029609 -0.046490 -0.034285
46  1.259681 3.818376 1.286945  0.054558 -0.010184 0.144732
47  1.226391 3.891695 0.090419  0.005036 -0.002373 0.139324
48  1.231623 3.875536 -0.958680  -0.060580 0.013550 0.130737
49  1.209919 3.994783 -2.003048  -0.106568 0.025893 0.137951
50  -0.328906 0.095430 1.403531  1.684115 -0.560091 -1.563926
51  0.152561 -38.616215 -21.000004  -0.000000 0.000000 3.141593
52  0.152561 -25.166061 -36.000004  -1.570796 -0.000000 1.570796
53  0.433020 -11.755867 -21.000002  -0.051945 0.000000 1.570796
54  -6.696000 -11.361276 -10.471000  1.573667 -0.013370 -1.552268
55  10.000002 0.000000 -0.000001  0.000000 -0.000000 0.000000
56  29.620386 2.666868 -0.000000  0.000000 -0.000000 0.000000
57  3.664054 2.228525 -2.524774  1.570796 0.732815 -1.570796
58  3.490279 2.388509 1.331884  0.000000 1.570796 0.000000
time 51
0  0 0 0  0 0 0
1  0.000000 0.000000 0.000000  1.570796 -0.000000 0.000000
2  -1.843768 -8.254290 -9.392370  1.528001 -0.035769 -2.255013
3  0.000002 13.479275 0.000000  0.155638 0.000000 -0.000000
4  -0.000000 13.477239 0.000000  -0.165720 -0.233722 0.154197
5  -0.267269 3.664726 -1.953293  0.570287 -0.108989 -1.360402
6  0.000001 1.180355 -0.000001  -0.005540 -0.036957 -1.399219
7  -0.000001 0.817134 -0.000001  0.012298 -0.000007 -1.214275
8  -0.249423 3.688543 -0.940889  0.326191 -0.061560 -1.352632
9  0.000002 1.800632 -0.000000  -0.000262 0.005352 -1.430231
10  0.000000 1.243405 0.000000  0.002269 0.006116 -1.286349
11  -0.244726 3.701096 0.087733  0.221244 0.005544 -1.361061
12  0.000002 1.766583 -0.000001  0.004189 0.001125 -1.481426
13  -0.000001 1.189006 -0.000001  -0.004182 -0.017197 -1.374176
14  -0.277239 3.632250 1.274102  0.115075 0.054750 -1.366492
15  0.000002 1.798493 0.000000  0.002394 0.037772 -1.507786
16  0.000002 1.235454 -0.000000  -0.008167 -0.002510 -1.289887
17  0.315442 0.857302 0.755944  -0.761000 2.412031 -1.377325
18  0.000000 2.265940 -0.000001  -0.016207 -0.064542 -1.048595
19  0.000000 1.457811 -0.000000  -0.051901 0.018546 -0.626230
20  -1.259681 3.818375 1.286945  0.115075 0.054750 -1.366492
21  -1.226390 3.891695 0.090419  0.221244 0.005544 -1.361061
22  -1.231623 3.875535 -0.958680  0.326191 -0.061560 -1.352632
23  -1.209919 3.994781 -2.003048  0.570288 -0.108989 -1.360402
24  0.328906 0.095430 1.403533  -0.761000 2.412031 -1.377326
25  -1.965794 -6.915259 17.448908  1.560593 -0.157328 -2.507734
26  13.824293 -20.103218 10.765717  -1.570796 -0.000000 -1.570796
27  -1.843768 -8.254290 -9.392370  -0.051945 -0.000000 -1.570796
28  0.433020 -11.755867 -21.000002  -0.083842 -0.009362 3.131152
29  0.000000 13.479277 -0.000002  0.167696 0.000000 0.000000
30  0.000000 13.477240 0.000001  -0.083756 0.010203 0.009620
31  0.267270 3.664728 -1.953293  -0.106568 0.025893 0.137951
32  -0.000000 1.180357 -0.000001  -0.036623 0.007435 0.177465
33  -0.000002 0.817138 0.000001  0.004200 0.011559 -0.007420
34  0.249423 3.688543 -0.940890  -0.060580 0.013550 0.130737
35  0.000001 1.800635 -0.000001  0.004940 -0.002077 0.208495
36  -0.000001 1.243411 0.000002  0.006524 0.000040 0.064626
37  0.244726 3.701097 0.087732  0.005036 -0.002373 0.139323
38  -0.000000 1.766588 -0.000002  0.002490 0.003552 0.259702
39  -0.000000 1.189003 0.000001  -0.017590 0.001952 0.152464
40  0.277239 3.632249 1.274101  0.054558 -0.010184 0.144732
41  -0.000001 1.798490 -0.000003  0.036314 -0.010668 0.285912
42  -0.000001 1.235457 0.000001  -0.005152 -0.006816 0.068190
43  -0.315441 0.857301 0.755942  1.684115 -0.560091 -1.563926
44  -0.000000 2.265939 0.000000  -0.057905 0.032805 0.238898
45  0.000001 1.457813 0.000000  -0.029609 -0.046490 -0.034285
46  1.259681 3.818376 1.286945  0.054558 -0.010184 0.144732
47  1.226391 3.891695 0.090419  0.005036 -0.002373 0.139324
48  1.231623 3.875536 -0.958680  -0.060580 0.013550 0.130737
49  1.209919 3.994783 -2.003048  -0.106568 0.025893 0.137951
50  -0.328906 0.095430 1.403531  1.684115 -0.560091 -1.563926
51  0.152561 -38.616215 -21.000004  -0.000000 0.000000 3.141593
52  0.152561 -25.166061 -36.000004  -1.570796 -0.000000 1.570796
53  0.433020 -11.755867 -21.000002  -0.051945 0.000000 1.570796
54  -6.696000 -11.361276 -10.471000  1.574601 -0.013618 -1.552373
55  10.000003 -0.000001 -0.000000  0.000000 -0.000000 -0.000000
56  29.620380 2.666868 -0.000001  0.000000 -0.000000 -0.000000
57  3.664052 2.228523 -2.524774  1.570796 0.732815 -1.570796
58  3.490277 2.388509 1.331885  -0.000000 1.570796 0.000000
time 52
0  0 0 0  0 0 0
1  0.000000 0.000000 0.000000  1.570796 -0.000000 0.000000
2  -1.843768 -8.254290 -9.392370  1.528148 -0.035850 -2.255096
3  0.000001 13.479276 -0.000001  0.155850 0.000000 -0.000000
4  -0.000001 13.477237 -0.000001  -0.165649 -0.232734 0.154140
5  -0.267268 3.664726 -1.953293  0.570287 -0.108989 -1.360402
6  -0.000001 1.180355 -0.000000  -0.005540 -0.036957 -1.399219
7  0.000000 0.817135 0.000000  0.012298 -0.000007 -1.214275
8  -0.249422 3.688541 -0.940889  0.326191 -0.061560 -1.352632
9  0.000002 1.800632 0.000001  -0.000262 0.005352 -1.430231
10  0.000000 1.243406 0.000001  0.002269 0.006116 -1.286349
11  -0.244725 3.701094 0.087733  0.221244 0.005544 -1.361061
12  -0.000001 1.766584 0.000000  0.004189 0.001125 -1.481425
13  -0.000001 1.189003 0.000000  -0.004182 -0.017197 -1.374175
14  -0.277238 3.632248 1.274102  0.115075 0.054750 -1.366492
15  -0.000000 1.798495 -0.000000  0.002394 0.037772 -1.507786
16  0.000001 1.235452 -0.000001  -0.008167 -0.002510 -1.289887
17  0.315443 0.857302 0.755944  -0.761000 2.412031 -1.377325
18  0.000000 2.265939 0.000000  -0.016207 -0.064542 -1.048595
19  -0.000000 1.457814 -0.000001  -0.051901 0.018546 -0.626230
20  -1.259680 3.818376 1.286946  0.115075 0.054750 -1.366492
21  -1.226390 3.891695 0.090419  0.221244 0.005544 -1.361061
22  -1.231622 3.875535 -0.958680  0.326191 -0.061560 -1.352632
23  -1.209918 3.994781 -2.003048  0.570287 -0.108989 -1.360402
24  0.328907 0.095429 1.403533  -0.761000 2.412031 -1.377325
25  -1.969586 -6.909303 17.448370  1.560867 -0.157415 -2.506865
26  13.824293 -20.103218 10.765717  -1.570796 -0.000000 -1.570796
27  -1.843768 -8.254290 -9.392370  -0.051945 -0.000000 -1.570796
28  0.433020 -11.755867 -21.000002  -0.083842 -0.009362 3.131152
29  0.000000 13.479277 -0.000002  0.167696 0.000000 0.000000
30  0.000000 13.477240 0.000001  -0.083756 0.010203 0.009620
31  0.267270 3.664728 -1.953293  -0.106568 0.025893 0.137951
32  -0.000000 1.180357 -0.000001  -0.036623 0.007435 0.177465
33  -0.000002 0.817138 0.000001  0.004200 0.011559 -0.007420
34  0.249423 3.688543 -0.940890  -0.060580 0.013550 0.130737
35  0.000001 1.800635 -0.000001  0.004940 -0.002077 0.208495
36  -0.000001 1.243411 0.000002  0.006524 0.000040 0.064626
37  0.244726 3.701097 0.087732  0.005036 -0.002373 0.139323
38  -0.000000 1.766588 -0.000002  0.002490 0.003552 0.259702
39  -0.000000 1.189003 0.000001  -0.017590 0.001952 0.152464
40  0.277239 3.632249 1.274101  0.054558 -0.010184 0.144732
41  -0.000001 1.798490 -0.000003  0.036314 -0.010668 0.285912
42  -0.000001 1.235457 0.000001  -0.005152 -0.006816 0.068190
43  -0.315441 0.857301 0.755942  1.684115 -0.560091 -1.563926
44  -0.000000 2.265939 0.000000  -0.057905 0.032805 0.238898
45  0.000001 1.457813 0.000000  -0.029609 -0.046490 -0.034285
46  1.259681 3.818376 1.286945  0.054558 -0.010184 0.144732
47  1.226391 3.891695 0.090419  0.005036 -0.002373 0.139324
48  1.231623 3.875536 -0.958680  -0.060580 0.013550 0.130737
49  1.209919 3.994783 -2.003048  -0.106568 0.025893 0.137951
50  -0.328906 0.095430 1.403531  1.684115 -0.560091 -1.563926
51  0.152561 -38.616215 -21.000004  -0.000000 0.000000 3.141593
52  0.152561 -25.166061 -36.000004  -1.570796 -0.000000 1.570796
53  0.433020 -11.755867 -21.000002  -0.051945 0.000000 1.570796
54  -6.696000 -11.361276 -10.471000  1.575508 -0.013905 -1.552475
55  10.000000 0.000002 0.000000  -0.000000 -0.000000 -0.000000
56  29.620382 2.666870 0.000000  -0.000000 -0.000000 -0.000000
57  3.664052 2.228525 -2.524774  1.570796 0.732815 -1.570796
58  3.490277 2.388511 1.331885  0.000000 1.570796 0.000000
time 53
0  0 0 0  0 0 0
1  0.000000 0.000000 0.000000  1.570796 -0.000000 0.000000
2  -1.843768 -8.254290 -9.392370  1.528227 -0.035935 -2.255183
3  0.000001 13.479276 0.000001  0.156195 0.000000 -0.000000
4  -0.000000 13.477237 0.000000  -0.165628 -0.231761 0.154123
5  -0.267269 3.664726 -1.953293  0.570287 -0.108989 -1.360402
6  -0.000001 1.180355 0.000000  -0.005540 -0.036957 -1.399219
7  -0.000000 0.817137 0.000000  0.012298 -0.000007 -1.214275
8  -0.249423 3.688540 -0.940889  0.326191 -0.061559 -1.352632
9  -0.000002 1.800633 -0.000000  -0.000262 0.005352 -1.430231
10  -0.000001 1.243408 0.000001  0.002269 0.006116 -1.286349
11  -0.244726 3.701094 0.087732  0.221244 0.005544 -1.361062
12  0.000003 1.766584 -0.000000  0.004189 0.001125 -1.481426
13  -0.000000 1.189005 0.000001  -0.004182 -0.017197 -1.374176
14  -0.277239 3.632247 1.274102  0.115075 0.054751 -1.366492
15  -0.000003 1.798495 0.000000  0.002394 0.037772 -1.507786
16  0.000000 1.235451 0.000001  -0.008167 -0.002510 -1.289887
17  0.315442 0.857300 0.755943  -0.761000 2.412031 -1.377325
18  0.000000 2.265940 -0.000001  -0.016207 -0.064542 -1.048595
19  0.000000 1.457814 0.000000  -0.051901 0.018546 -0.626230
20  -1.259681 3.818374 1.286946  0.115075 0.054750 -1.366492
21  -1.226390 3.891693 0.090419  0.221244 0.005544 -1.361061
22  -1.231623 3.875532 -0.958680  0.326191 -0.061560 -1.352632
23  -1.209918 3.994782 -2.003048  0.570288 -0.108989 -1.360402
24  0.328906 0.095426 1.403532  -0.761000 2.412031 -1.377326
25  -1.973256 -6.903274 17.447687  1.561168 -0.157527 -2.506030
26  13.824293 -20.103218 10.765717  -1.570796 -0.000000 -1.570796
27  -1.843768 -8.254290 -9.392370  -0.051945 -0.000000 -1.570796
28  0.433020 -11.755867 -21.000002  -0.083842 -0.009362 3.131152
29  0.000000 13.479277 -0.000002  0.167696 0.000000 0.000000
30  0.000000 13.477240 0.000001  -0.083756 0.010203 0.009620
31  0.267270 3.664728 -1.953293  -0.106568 0.025893 0.137951
32  -0.000000 1.180357 -0.000001  -0.036623 0.007435 0.177465
33  -0.000002 0.817138 0.000001  0.004200 0.011559 -0.007420
34  0.249423 3.688543 -0.940890  -0.060580 0.013550 0.130737
35  0.000001 1.800635 -0.000001  0.004940 -0.002077 0.208495
36  -0.000001 1.243411 0.000002  0.006524 0.000040 0.064626
37  0.244726 3.701097 0.087732  0.005036 -0.002373 0.139323
38  -0.000000 1.766588 -0.000002  0.002490 0.003552 0.259702
39  -0.000000 1.189003 0.000001  -0.017590 0.001952 0.152464
40  0.277239 3.632249 1.274101  0.054558 -0.010184 0.144732
41  -0.000001 1.798490 -0.000003  0.036314 -0.010668 0.285912
42  -0.000001 1.235457 0.000001  -0.005152 -0.006816 0.068190
43  -0.315441 0.857301 0.755942  1.684115 -0.560091 -1.563926
44  -0.000000 2.265939 0.000000  -0.057905 0.032805 0.238898
45  0.000001 1.457813 0.000000  -0.029609 -0.046490 -0.034285
46  1.259681 3.818376 1.286945  0.054558 -0.010184 0.144732
47  1.226391 3.891695 0.090419  0.005036 -0.002373 0.139324
48  1.231623 3.875536 -0.958680  -0.060580 0.013550 0.130737
49  1.209919 3.994783 -2.003048  -0.106568 0.025893 0.137951
50  -0.328906 0.095430 1.403531  1.684115 -0.560091 -1.563926
51  0.152561 -38.616215 -21.000004  -0.000000 0.000000 3.141593
52  0.152561 -25.166061 -36.000004  -1.570796 -0.000000 1.570796
53  0.433020 -11.755867 -21.000002  -0.051945 0.000000 1.570796
54  -6.696000 -11.361276 -10.471000  1.576385 -0.014226 -1.552574
55  10.000002 0.000000 0.000001  0.000000 0.000000 -0.000000
56  29.620380 2.666869 -0.000000  0.000000 0.000000 -0.000000
57  3.664053 2.228526 -2.524774  1.570796 0.732815 -1.570796
58  3.490278 2.388510 1.331885  -0.000000 1.570796 0.000000
time 54
0  0 0 0  0 0 0
1  0.000000 0.000000 0.000000  1.570796 -0.000000 0.000000
2  -1.843768 -8.254290 -9.392370  1.528238 -0.036025 -2.255276
3  0.000002 13.479278 0.000000  0.156671 0.000000 -0.000000
4  -0.000000 13.477238 0.000000  -0.165657 -0.230807 0.154145
5  -0.267270 3.664724 -1.953292  0.570288 -0.108989 -1.360402
6  0.000003 1.180355 0.000000  -0.005540 -0.036957 -1.399219
7  -0.000000 0.817133 0.000001  0.012298 -0.000007 -1.214275
8  -0.249423 3.688540 -0.940888  0.326191 -0.061560 -1.352632
9  -0.000002 1.800632 0.000001  -0.000262 0.005352 -1.430231
10  0.000001 1.243407 -0.000001  0.002269 0.006116 -1.286349
11  -0.244726 3.701095 0.087733  0.221244 0.005544 -1.361061
12  0.000000 1.766585 0.000000  0.004189 0.001125 -1.481426
13  0.000000 1.189002 -0.000001  -0.004182 -0.017197 -1.374176
14  -0.277239 3.632246 1.274103  0.115075 0.054750 -1.366492
15  -0.000001 1.798494 -0.000000  0.002394 0.037772 -1.507786
16  -0.000000 1.235452 -0.000000  -0.008167 -0.002510 -1.289887
17  0.315441 0.857300 0.755944  -0.761000 2.412031 -1.377326
18  0.000000 2.265939 -0.000001  -0.016207 -0.064542 -1.048595
19  0.000000 1.457814 -0.000000  -0.051901 0.018546 -0.626230
20  -1.259681 3.818374 1.286946  0.115075 0.054750 -1.366492
21  -1.226391 3.891690 0.090420  0.221244 0.005544 -1.361061
22  -1.231623 3.875532 -0.958680  0.326191 -0.061560 -1.352632
23  -1.209919 3.994781 -2.003047  0.570288 -0.108989 -1.360402
24  0.328906 0.095427 1.403533  -0.761000 2.412031 -1.377325
25  -1.976787 -6.897202 17.446861  1.561494 -0.157662 -2.505233
26  13.824293 -20.103218 10.765717  -1.570796 -0.000000 -1.570796
27  -1.843768 -8.254290 -9.392370  -0.051945 -0.000000 -1.570796
28  0.433020 -11.755867 -21.000002  -0.083842 -0.009362 3.131152
29  0.000000 13.479277 -0.000002  0.167696 0.000000 0.000000
30  0.000000 13.477240 0.000001  -0.083756 0.010203 0.009620
31  0.267270 3.664728 -1.953293  -0.106568 0.025893 0.137951
32  -0.000000 1.180357 -0.000001  -0.036623 0.007435 0.177465
33  -0.000002 0.817138 0.000001  0.004200 0.011559 -0.007420
34  0.249423 3.688543 -0.940890  -0.060580 0.013550 0.130737
35  0.000001 1.800635 -0.000001  0.004940 -0.002077 0.208495
36  -0.000001 1.243411 0.000002  0.006524 0.000040 0.064626
37  0.244726 3.701097 0.087732  0.005036 -0.002373 0.139323
38  -0.000000 1.766588 -0.000002  0.002490 0.003552 0.259702
39  -0.000000 1.189003 0.000001  -0.017590 0.001952 0.152464
40  0.277239 3.632249 1.274101  0.054558 -0.010184 0.144732
41  -0.000001 1.798490 -0.000003  0.036314 -0.010668 0.285912
42  -0.000001 1.235457 0.000001  -0.005152 -0.006816 0.068190
43  -0.315441 0.857301 0.755942  1.684115 -0.560091 -1.563926
44  -0.000000 2.265939 0.000000  -0.057905 0.032805 0.238898
45  0.000001 1.457813 0.000000  -0.029609 -0.046490 -0.034285
46  1.259681 3.818376 1.286945  0.054558 -0.010184 0.144732
47  1.226391 3.891695 0.090419  0.005036 -0.002373 0.139324
48  1.231623 3.875536 -0.958680  -0.060580 0.013550 0.130737
49  1.209919 3.994783 -2.003048  -0.106568 0.025893 0.137951
50  -0.328906 0.095430 1.403531  1.684115 -0.560091 -1.563926
51  0.152561 -38.616215 -21.000004  -0.000000 0.000000 3.141593
52  0.152561 -25.166061 -36.000004  -1.570796 -0.000000 1.570796
53  0.433020 -11.755867 -21.000002  -0.051945 0.000000 1.570796
54  -6.696000 -11.361276 -10.471000  1.577227 -0.014581 -1.552669
55  10.000002 0.000001 0.000000  0.000000 0.000000 -0.000000
56  29.620382 2.666869 -0.000000  0.000000 0.000000 -0.000000
57  3.664054 2.228525 -2.524774  1.570796 0.732815 -1.570796
58  3.490279 2.388509 1.331886  0.000000 1.570796 0.000000
time 55
0  0 0 0  0 0 0
1  0.000000 0.000000 0.000000  1.570796 -0.000000 0.000000
2  -1.843768 -8.254290 -9.392370  1.528185 -0.036119 -2.255372
3  0.000001 13.479278 0.000001  0.157267 -0.000000 -0.000000
4  0.000000 13.477239 0.000001  -0.165732 -0.229878 0.154203
5  -0.267269 3.664724 -1.953293  0.570287 -0.108989 -1.360402
6  -0.000001 1.180355 -0.000001  -0.005540 -0.036957 -1.399219
7  -0.000002 0.817135 0.000001  0.012298 -0.000007 -1.214275
8  -0.249422 3.688541 -0.940889  0.326191 -0.061559 -1.352632
9  -0.000005 1.800634 -0.000001  -0.000262 0.005352 -1.430231
10  -0.000001 1.243406 -0.000002  0.002269 0.006116 -1.286349
11  -0.244726 3.701096 0.087733  0.221244 0.005544 -1.361061
12  -0.000000 1.766585 0.000000  0.004189 0.001125 -1.481426
13  0.000001 1.189003 0.000000  -0.004182 -0.017197 -1.374175
14  -0.277239 3.632247 1.274101  0.115075 0.054750 -1.366492
15  -0.000001 1.798495 -0.000000  0.002394 0.037772 -1.507786
16  -0.000001 1.235453 -0.000000  -0.008167 -0.002510 -1.289887
17  0.315442 0.857299 0.755944  -0.761000 2.412031 -1.377325
18  0.000000 2.265939 -0.000000  -0.016207 -0.064542 -1.048595
19  -0.000000 1.457810 -0.000001  -0.051901 0.018546 -0.626230
20  -1.259681 3.818373 1.286946  0.115075 0.054750 -1.366492
21  -1.226390 3.891693 0.090419  0.221244 0.005544 -1.361061
22  -1.231623 3.875532 -0.958680  0.326191 -0.061560 -1.352632
23  -1.209919 3.994779 -2.003048  0.570287 -0.108989 -1.360402
24  0.328906 0.095428 1.403533  -0.761000 2.412031 -1.377325
25  -1.980163 -6.891118 17.445906  1.561844 -0.157820 -2.504477
26  13.824293 -20.103218 10.765717  -1.570796 -0.000000 -1.570796
27  -1.843768 -8.254290 -9.392370  -0.051945 -0.000000 -1.570796
28  0.433020 -11.755867 -21.000002  -0.083842 -0.009362 3.131152
29  0.000000 13.479277 -0.000002  0.167696 0.000000 0.000000
30  0.000000 13.477240 0.000001  -0.083756 0.010203 0.009620
31  0.267270 3.664728 -1.953293  -0.106568 0.025893 0.137951
32  -0.000000 1.180357 -0.000001  -0.036623 0.007435 0.177465
33  -0.000002 0.817138 0.000001  0.004200 0.011559 -0.007420
34  0.249423 3.688543 -0.940890  -0.060580 0.013550 0.130737
35  0.000001 1.800635 -0.000001  0.004940 -0.002077 0.208495
36  -0.000001 1.243411 0.000002  0.006524 0.000040 0.064626
37  0.244726 3.701097 0.087732  0.005036 -0.002373 0.139323
38  -0.000000 1.766588 -0.000002  0.002490 0.003552 0.259702
39  -0.000000 1.189003 0.000001  -0.017590 0.001952 0.152464
40  0.277239 3.632249 1.274101  0.054558 -0.010184 0.144732
41  -0.000001 1.798490 -0.000003  0.036314 -0.010668 0.285912
42  -0.000001 1.235457 0.000001  -0.005152 -0.006816 0.068190
43  -0.315441 0.857301 0.755942  1.684115 -0.560091 -1.563926
44  -0.000000 2.265939 0.000000  -0.057905 0.032805 0.238898
45  0.000001 1.457813 0.000000  -0.029609 -0.046490 -0.034285
46  1.259681 3.818376 1.286945  0.054558 -0.010184 0.144732
47  1.226391 3.891695 0.090419  0.005036 -0.002373 0.139324
48  1.231623 3.875536 -0.958680  -0.060580 0.013550 0.130737
49  1.209919 3.994783 -2.003048  -0.106568 0.025893 0.137951
50  -0.328906 0.095430 1.403531  1.684115 -0.560091 -1.563926
51  0.152561 -38.616215 -21.000004  -0.000000 0.000000 3.141593
52  0.152561 -25.166061 -36.000004  -1.570796 -0.000000 1.570796
53  0.433020 -11.755867 -21.000002  -0.051945 0.000000 1.570796
54  -6.696000 -11.361276 -10.471000  1.578031 -0.014967 -1.552759
55  9.999999 0.000002 0.000000  0.000000 0.000000 0.000000
56  29.620378 2.666870 0.000000  0.000000 0.000000 0.000000
57  3.664051 2.228527 -2.524773  1.570796 0.732815 -1.570796
58  3.490276 2.388511 1.331885  -0.000000 1.570796 0.000000
time 56
0  0 0 0  0 0 0
1  0.000000 0.000000 0.000000  1.570796 -0.000000 0.000000
2  -1.843768 -8.254290 -9.392370  1.528065 -0.036216 -2.255472
3  0.000001 13.479277 0.000001  0.157986 -0.000000 -0.000000
4  0.000000 13.477239 -0.000000  -0.165856 -0.228979 0.154299
5  -0.267270 3.664725 -1.953292  0.570288 -0.108989 -1.360402
6  -0.000001 1.180355 -0.000000  -0.005540 -0.036957 -1.399219
7  -0.000002 0.817135 0.000001  0.012298 -0.000007 -1.214275
8  -0.249423 3.688542 -0.940888  0.326191 -0.061560 -1.352632
9  -0.000001 1.800633 0.000000  -0.000262 0.005352 -1.430231
10  -0.000001 1.243405 -0.000000  0.002269 0.006116 -1.286349
11  -0.244727 3.701096 0.087733  0.221244 0.005544 -1.361062
12  -0.000002 1.766583 -0.000000  0.004189 0.001125 -1.481426
13  -0.000001 1.189003 -0.000001  -0.004182 -0.017197 -1.374176
14  -0.277240 3.632248 1.274103  0.115075 0.054750 -1.366492
15  -0.000001 1.798495 0.000000  0.002394 0.037772 -1.507785
16  0.000001 1.235452 0.000001  -0.008167 -0.002510 -1.289887
17  0.315441 0.857301 0.755944  -0.761000 2.412031 -1.377326
18  -0.000000 2.265940 -0.000001  -0.016207 -0.064542 -1.048595
19  0.000000 1.457812 -0.000000  -0.051901 0.018546 -0.626230
20  -1.259682 3.818374 1.286946  0.115075 0.054750 -1.366492
21  -1.226391 3.891694 0.090419  0.221244 0.005544 -1.361061
22  -1.231624 3.875532 -0.958680  0.326191 -0.061560 -1.352632
23  -1.209920 3.994783 -2.003047  0.570288 -0.108989 -1.360402
24  0.328906 0.095428 1.403533  -0.761000 2.412031 -1.377325
25  -1.983366 -6.885055 17.444817  1.562214 -0.158000 -2.503767
26  13.824293 -20.103218 10.765717  -1.570796 -0.000000 -1.570796
27  -1.843768 -8.254290 -9.392370  -0.051945 -0.000000 -1.570796
28  0.433020 -11.755867 -21.000002  -0.083842 -0.009362 3.131152
29  0.000000 13.479277 -0.000002  0.167696 0.000000 0.000000
30  0.000000 13.477240 0.000001  -0.083756 0.010203 0.009620
31  0.267270 3.664728 -1.953293  -0.106568 0.025893 0.137951
32  -0.000000 1.180357 -0.000001  -0.036623 0.007435 0.177465
33  -0.000002 0.817138 0.000001  0.004200 0.011559 -0.007420
34  0.249423 3.688543 -0.940890  -0.060580 0.013550 0.130737
35  0.000001 1.800635 -0.000001  0.004940 -0.002077 0.208495
36  -0.000001 1.243411 0.000002  0.006524 0.000040 0.064626
37  0.244726 3.701097 0.087732  0.005036 -0.002373 0.139323
38  -0.000000 1.766588 -0.000002  0.002490 0.003552 0.259702
39  -0.000000 1.189003 0.000001  -0.017590 0.001952 0.152464
40  0.277239 3.632249 1.274101  0.054558 -0.010184 0.144732
41  -0.000001 1.798490 -0.000003  0.036314 -0.010668 0.285912
42  -0.000001 1.235457 0.000001  -0.005152 -0.006816 0.068190
43  -0.315441 0.857301 0.755942  1.684115 -0.560091 -1.563926
44  -0.000000 2.265939 0.000000  -0.057905 0.032805 0.238898
45  0.000001 1.457813 0.000000  -0.029609 -0.046490 -0.034285
46  1.259681 3.818376 1.286945  0.054558 -0.010184 0.144732
47  1.226391 3.891695 0.090419  0.005036 -0.002373 0.139324
48  1.231623 3.875536 -0.958680  -0.060580 0.013550 0.130737
49  1.209919 3.994783 -2.003048  -0.106568 0.025893 0.137951
50  -0.328906 0.095430 1.403531  1.684115 -0.560091 -1.563926
51  0.152561 -38.616215 -21.000004  -0.000000 0.000000 3.141593
52  0.152561 -25.166061 -36.000004  -1.570796 -0.000000 1.570796
53  0.433020 -11.755867 -21.000002  -0.051945 0.000000 1.570796
54  -6.696000 -11.361276 -10.471000  1.578792 -0.015382 -1.552844
55  10.000000 0.000000 -0.000000  0.000000 -0.000000 -0.000000
56  29.620382 2.666869 -0.000001  0.000000 -0.000000 -0.000000
57  3.664052 2.228526 -2.524774  1.570796 0.732815 -1.570796
58  3.490278 2.388511 1.331885  0.000000 1.570796 0.000000
time 57
0  0 0 0  0 0 0
1  0.000000 0.000000 0.000000  1.570796 -0.000000 0.000000
2  -1.843768 -8.254290 -9.392370  1.527881 -0.036316 -2.255575
3  0.000002 13.479278 0.000001  0.158821 -0.000000 -0.000000
4  -0.000000 13.477237 -0.000000  -0.166026 -0.228113 0.154430
5  -0.267270 3.664726 -1.953293  0.570287 -0.108989 -1.360402
6  0.000001 1.180355 0.000001  -0.005540 -0.036957 -1.399219
7  0.000000 0.817134 0.000000  0.012298 -0.000007 -1.214275
8  -0.249423 3.688540 -0.940889  0.326191 -0.061560 -1.352632
9  0.000001 1.800632 0.000001  -0.000262 0.005352 -1.430231
10  0.000000 1.243407 0.000000  0.002269 0.006116 -1.286349
11  -0.244727 3.701094 0.087733  0.221244 0.005544 -1.361062
12  0.000001 1.766584 0.000000  0.004189 0.001125 -1.481426
13  0.000001 1.189004 0.000001  -0.004182 -0.017197 -1.374176
14  -0.277239 3.632248 1.274102  0.115075 0.054750 -1.366492
15  0.000001 1.798494 -0.000000  0.002394 0.037772 -1.507785
16  -0.000000 1.235453 -0.000000  -0.008167 -0.002510 -1.289886
17  0.315441 0.857300 0.755943  -0.761000 2.412031 -1.377325
18  0.000001 2.265941 0.000000  -0.016207 -0.064542 -1.048595
19  0.000000 1.457813 0.000000  -0.051901 0.018546 -0.626230
20  -1.259682 3.818373 1.286945  0.115075 0.054750 -1.366492
21  -1.226391 3.891692 0.090419  0.221244 0.005544 -1.361061
22  -1.231623 3.875534 -0.958680  0.326191 -0.061560 -1.352632
23  -1.209920 3.994780 -2.003048  0.570288 -0.108989 -1.360402
24  0.328906 0.095427 1.403532  -0.761000 2.412031 -1.377325
25  -1.986379 -6.879045 17.443602  1.562604 -0.158200 -2.503105
26  13.824293 -20.103218 10.765717  -1.570796 -0.000000 -1.570796
27  -1.843768 -8.254290 -9.392370  -0.051945 -0.000000 -1.570796
28  0.433020 -11.755867 -21.000002  -0.083842 -0.009362 3.131152
29  0.000000 13.479277 -0.000002  0.167696 0.000000 0.000000
30  0.000000 13.477240 0.000001  -0.083756 0.010203 0.009620
31  0.267270 3.664728 -1.953293  -0.106568 0.025893 0.137951
32  -0.000000 1.180357 -0.000001  -0.036623 0.007435 0.177465
33  -0.000002 0.817138 0.000001  0.004200 0.011559 -0.007420
34  0.249423 3.688543 -0.940890  -0.060580 0.013550 0.130737
35  0.000001 1.800635 -0.000001  0.004940 -0.002077 0.208495
36  -0.000001 1.243411 0.000002  0.006524 0.000040 0.064626
37  0.244726 3.701097 0.087732  0.005036 -0.002373 0.139323
38  -0.000000 1.766588 -0.000002  0.002490 0.003552 0.259702
39  -0.000000 1.189003 0.000001  -0.017590 0.001952 0.152464
40  0.277239 3.632249 1.274101  0.054558 -0.010184 0.144732
41  -0.000001 1.798490 -0.000003  0.036314 -0.010668 0.285912
42  -0.000001 1.235457 0.000001  -0.005152 -0.006816 0.068190
43  -0.315441 0.857301 0.755942  1.684115 -0.560091 -1.563926
44  -0.000000 2.265939 0.000000  -0.057905 0.032805 0.238898
45  0.000001 1.457813 0.000000  -0.029609 -0.046490 -0.034285
46  1.259681 3.818376 1.286945  0.054558 -0.010184 0.144732
47  1.226391 3.891695 0.090419  0.005036 -0.002373 0.139324
48  1.231623 3.875536 -0.958680  -0.060580 0.013550 0.130737
49  1.209919 3.994783 -2.003048  -0.106568 0.025893 0.137951
50  -0.328906 0.095430 1.403531  1.684115 -0.560091 -1.563926
51  0.152561 -38.616215 -21.000004  -0.000000 0.000000 3.141593
52  0.152561 -25.166061 -36.000004  -1.570796 -0.000000 1.570796
53  0.433020 -11.755867 -21.000002  -0.051945 0.000000 1.570796
54  -6.696000 -11.361276 -10.471000  1.579507 -0.015823 -1.552924
55  10.000001 -0.000000 -0.000000  0.000000 -0.000000 -0.000000
56  29.620380 2.666869 -0.000000  0.000000 -0.000000 -0.000000
57  3.664050 2.228525 -2.524773  1.570796 0.732815 -1.570796
58  3.490278 2.388510 1.331886  0.000000 1.570796 0.000000
time 58
0  0 0 0  0 0 0
1  0.000000 0.000000 0.000000  1.570796 -0.000000 0.000000
2  -1.843768 -8.254290 -9.392370  1.527637 -0.036419 -2.255681
3  0.000001 13.479277 -0.000000  0.159760 0.000000 -0.000000
4  -0.000000 13.477239 0.000001  -0.166238 -0.227287 0.154596
5  -0.267269 3.664726 -1.953293  0.570287 -0.108989 -1.360402
6  -0.000001 1.180355 0.000001  -0.005540 -0.036957 -1.399219
7  0.000001 0.817134 0.000002  0.012298 -0.000007 -1.214275
8  -0.249422 3.688541 -0.940888  0.326191 -0.061559 -1.352632
9  -0.000000 1.800633 0.000001  -0.000262 0.005352 -1.430232
10  0.000000 1.243407 0.000001  0.002269 0.006116 -1.286350
11  -0.244726 3.701096 0.087733  0.221244 0.005544 -1.361062
12  -0.000002 1.766584 0.000000  0.004189 0.001125 -1.481426
13  0.000001 1.189003 0.000000  -0.004182 -0.017197 -1.374176
14  -0.277239 3.632247 1.274102  0.115075 0.054750 -1.366492
15  -0.000002 1.798494 0.000000  0.002394 0.037772 -1.507786
16  0.000001 1.235451 -0.000000  -0.008167 -0.002510 -1.289887
17  0.315441 0.857299 0.755944  -0.761000 2.412031 -1.377326
18  0.000001 2.265941 0.000000  -0.016207 -0.064542 -1.048595
19  -0.000000 1.457814 0.000000  -0.051901 0.018546 -0.626230
20  -1.259681 3.818376 1.286945  0.115075 0.054750 -1.366492
21  -1.226390 3.891692 0.090419  0.221244 0.005544 -1.361061
22  -1.231623 3.875533 -0.958680  0.326191 -0.061560 -1.352632
23  -1.209918 3.994783 -2.003048  0.570288 -0.108989 -1.360402
24  0.328906 0.095431 1.403533  -0.761000 2.412031 -1.377326
25  -1.989185 -6.873119 17.442274  1.563012 -0.158419 -2.502497
26  13.824293 -20.103218 10.765717  -1.570796 -0.000000 -1.570796
27  -1.843768 -8.254290 -9.392370  -0.051945 -0.000000 -1.570796
28  0.433020 -11.755867 -21.000002  -0.083842 -0.009362 3.131152
29  0.000000 13.479277 -0.000002  0.167696 0.000000 0.000000
30  0.000000 13.477240 0.000001  -0.083756 0.010203 0.009620
31  0.267270 3.664728 -1.953293  -0.106568 0.025893 0.137951
32  -0.000000 1.180357 -0.000001  -0.036623 0.007435 0.177465
33  -0.000002 0.817138 0.000001  0.004200 0.011559 -0.007420
34  0.249423 3.688543 -0.940890  -0.060580 0.013550 0.130737
35  0.000001 1.800635 -0.000001  0.004940 -0.002077 0.208495
36  -0.000001 1.243411 0.000002  0.006524 0.000040 0.064626
37  0.244726 3.701097 0.087732  0.005036 -0.002373 0.139323
38  -0.000000 1.766588 -0.000002  0.002490 0.003552 0.259702
39  -0.000000 1.189003 0.000001  -0.017590 0.001952 0.152464
40  0.277239 3.632249 1.274101  0.054558 -0.010184 0.144732
41  -0.000001 1.798490 -0.000003  0.036314 -0.010668 0.285912
42  -0.000001 1.235457 0.000001  -0.005152 -0.006816 0.068190
43  -0.315441 0.857301 0.755942  1.684115 -0.560091 -1.563926
44  -0.000000 2.265939 0.000000  -0.057905 0.032805 0.238898
45  0.000001 1.457813 0.000000  -0.029609 -0.046490 -0.034285
46  1.259681 3.818376 1.286945  0.054558 -0.010184 0.144732
47  1.226391 3.891695 0.090419  0.005036 -0.002373 0.139324
48  1.231623 3.875536 -0.958680  -0.060580 0.013550 0.130737
49  1.209919 3.994783 -2.003048  -0.106568 0.025893 0.137951
50  -0.328906 0.095430 1.403531  1.684115 -0.560091 -1.563926
51  0.152561 -38.616215 -21.000004  -0.000000 0.000000 3.141593
52  0.152561 -25.166061 -36.000004  -1.570796 -0.000000 1.570796
53  0.433020 -11.755867 -21.000002  -0.051945 0.000000 1.570796
54  -6.696000 -11.361276 -10.471000  1.580172 -0.016289 -1.552998
55  10.000001 0.000003 -0.000001  -0.000000 -0.000000 -0.000000
56  29.620378 2.666871 -0.000001  -0.000000 -0.000000 -0.000000
57  3.664052 2.228526 -2.524774  1.570796 0.732815 -1.570796
58  3.490277 2.388512 1.331885  0.000000 1.570796 0.000000
time 59
0  0 0 0  0 0 0
1  0.000000 0.000000 0.000000  1.570796 -0.000000 0.000000
2  -1.843768 -8.254290 -9.392370  1.527331 -0.036523 -2.255789
3  0.000001 13.479278 0.000001  0.160806 -0.000000 -0.000000
4  -0.000000 13.477238 -0.000000  -0.166494 -0.226504 0.154796
5  -0.267270 3.664729 -1.953293  0.570287 -0.108989 -1.360402
6  0.000000 1.180354 -0.000000  -0.005540 -0.036957 -1.399219
7  -0.000001 0.817134 -0.000000  0.012298 -0.000007 -1.214275
8  -0.249423 3.688543 -0.940889  0.326191 -0.061559 -1.352632
9  0.000000 1.800633 0.000000  -0.000262 0.005352 -1.430232
10  -0.000000 1.243405 0.000000  0.002269 0.006116 -1.286350
11  -0.244726 3.701096 0.087733  0.221244 0.005544 -1.361061
12  -0.000001 1.766585 -0.000001  0.004189 0.001125 -1.481426
13  0.000000 1.189001 -0.000000  -0.004182 -0.017197 -1.374176
14  -0.277239 3.632249 1.274102  0.115075 0.054751 -1.366492
15  0.000001 1.798495 0.000000  0.002394 0.037772 -1.507786
16  0.000000 1.235451 0.000001  -0.008167 -0.002510 -1.289887
17  0.315441 0.857301 0.755944  -0.761000 2.412031 -1.377325
18  -0.000002 2.265937 0.000001  -0.016207 -0.064542 -1.048595
19  0.000000 1.457812 -0.000000  -0.051901 0.018546 -0.626230
20  -1.259681 3.818376 1.286946  0.115075 0.054750 -1.366492
21  -1.226390 3.891696 0.090419  0.221244 0.005544 -1.361061
22  -1.231623 3.875536 -0.958680  0.326191 -0.061560 -1.352632
23  -1.209919 3.994782 -2.003047  0.570288 -0.108989 -1.360402
24  0.328906 0.095432 1.403533  -0.761000 2.412031 -1.377326
25  -1.991769 -6.867311 17.440830  1.563434 -0.158656 -2.501944
26  13.824293 -20.103218 10.765717  -1.570796 -0.000000 -1.570796
27  -1.843768 -8.254290 -9.392370  -0.051945 -0.000000 -1.570796
28  0.433020 -11.755867 -21.000002  -0.083842 -0.009362 3.131152
29  0.000000 13.479277 -0.000002  0.167696 0.000000 0.000000
30  0.000000 13.477240 0.000001  -0.083756 0.010203 0.009620
31  0.267270 3.664728 -1.953293  -0.106568 0.025893 0.137951
32  -0.000000 1.180357 -0.000001  -0.036623 0.007435 0.177465
33  -0.000002 0.817138 0.000001  0.004200 0.011559 -0.007420
34  0.249423 3.688543 -0.940890  -0.060580 0.013550 0.130737
35  0.000001 1.800635 -0.000001  0.004940 -0.002077 0.208495
36  -0.000001 1.243411 0.000002  0.006524 0.000040 0.064626
37  0.244726 3.701097 0.087732  0.005036 -0.002373 0.139323
38  -0.000000 1.766588 -0.000002  0.002490 0.003552 0.259702
39  -0.000000 1.189003 0.000001  -0.017590 0.001952 0.152464
40  0.277239 3.632249 1.274101  0.054558 -0.010184 0.144732
41  -0.000001 1.798490 -0.000003  0.036314 -0.010668 0.285912
42  -0.000001 1.235457 0.000001  -0.005152 -0.006816 0.068190
43  -0.315441 0.857301 0.755942  1.684115 -0.560091 -1.563926
44  -0.000000 2.265939 0.000000  -0.057905 0.032805 0.238898
45  0.000001 1.457813 0.000000  -0.029609 -0.046490 -0.034285
46  1.259681 3.818376 1.286945  0.054558 -0.010184 0.144732
47  1.226391 3.891695 0.090419  0.005036 -0.002373 0.139324
48  1.231623 3.875536 -0.958680  -0.060580 0.013550 0.130737
49  1.209919 3.994783 -2.003048  -0.106568 0.025893 0.137951
50  -0.328906 0.095430 1.403531  1.684115 -0.560091 -1.563926
51  0.152561 -38.616215 -21.000004  -0.000000 0.000000 3.141593
52  0.152561 -25.166061 -36.000004  -1.570796 -0.000000 1.570796
53  0.433020 -11.755867 -21.000002  -0.051945 0.000000 1.570796
54  -6.696000 -11.361276 -10.471000  1.580783 -0.016776 -1.553067
55  9.999998 0.000001 -0.000000  -0.000000 -0.000000 -0.000000
56  29.620382 2.666869 -0.000000  -0.000000 -0.000000 -0.000000
57  3.664051 2.228527 -2.524773  1.570796 0.732815 -1.570796
58  3.490277 2.388509 1.331885  0.000000 1.570796 0.000000
time 60
0  0 0 0  0 0 0
1  0.000000 0.000000 0.000000  1.570796 -0.000000 0.000000
2  -1.843768 -8.254290 -9.392370  1.526969 -0.036629 -2.255898
3  0.000002 13.479275 0.000000  0.161943 0.000000 -0.000000
4  -0.000000 13.477239 0.000000  -0.166788 -0.225770 0.155029
5  -0.267269 3.664728 -1.953293  0.570288 -0.108989 -1.360402
6  -0.000001 1.180354 0.000000  -0.005540 -0.036957 -1.399219
7  0.000000 0.817136 -0.000001  0.012298 -0.000007 -1.214275
8  -0.249422 3.688543 -0.940889  0.326191 -0.061560 -1.352632
9  0.000000 1.800633 -0.000001  -0.000262 0.005352 -1.430231
10  0.000000 1.243405 0.000000  0.002269 0.006116 -1.286349
11  -0.244726 3.701098 0.087733  0.221244 0.005544 -1.361062
12  0.000001 1.766584 -0.000000  0.004189 0.001125 -1.481426
13  0.000002 1.189006 0.000000  -0.004182 -0.017197 -1.374176
14  -0.277239 3.632248 1.274102  0.115075 0.054751 -1.366492
15  0.000001 1.798494 0.000000  0.002394 0.037772 -1.507786
16  0.000000 1.235449 0.000001  -0.008167 -0.002510 -1.289887
17  0.315442 0.857301 0.755943  -0.761000 2.412031 -1.377326
18  0.000001 2.265940 -0.000000  -0.016207 -0.064542 -1.048595
19  0.000000 1.457810 0.000000  -0.051901 0.018546 -0.626230
20  -1.259681 3.818375 1.286945  0.115074 0.054750 -1.366492
21  -1.226390 3.891693 0.090419  0.221244 0.005544 -1.361061
22  -1.231623 3.875535 -0.958680  0.326191 -0.061560 -1.352632
23  -1.209919 3.994781 -2.003048  0.570287 -0.108989 -1.360402
24  0.328907 0.095430 1.403532  -0.761000 2.412031 -1.377325
25  -1.994111 -6.861651 17.439287  1.563869 -0.158911 -2.501452
26  13.824293 -20.103218 10.765717  -1.570796 -0.000000 -1.570796
27  -1.843768 -8.254290 -9.392370  -0.051945 -0.000000 -1.570796
28  0.433020 -11.755867 -21.000002  -0.083842 -0.009362 3.131152
29  0.000000 13.479277 -0.000002  0.167696 0.000000 0.000000
30  0.000000 13.477240 0.000001  -0.083756 0.010203 0.009620
31  0.267270 3.664728 -1.953293  -0.106568 0.025893 0.137951
32  -0.000000 1.180357 -0.000001  -0.036623 0.007435 0.177465
33  -0.000002 0.817138 0.000001  0.004200 0.011559 -0.007420
34  0.249423 3.688543 -0.940890  -0.060580 0.013550 0.130737
35  0.000001 1.800635 -0.000001  0.004940 -0.002077 0.208495
36  -0.000001 1.243411 0.000002  0.006524 0.000040 0.064626
37  0.244726 3.701097 0.087732  0.005036 -0.002373 0.139323
38  -0.000000 1.766588 -0.000002  0.002490 0.003552 0.259702
39  -0.000000 1.189003 0.000001  -0.017590 0.001952 0.152464
40  0.277239 3.632249 1.274101  0.054558 -0.010184 0.144732
41  -0.000001 1.798490 -0.000003  0.036314 -0.010668 0.285912
42  -0.000001 1.235457 0.000001  -0.005152 -0.006816 0.068190
43  -0.315441 0.857301 0.755942  1.684115 -0.560091 -1.563926
44  -0.000000 2.265939 0.000000  -0.057905 0.032805 0.238898
45  0.000001 1.457813 0.000000  -0.029609 -0.046490 -0.034285
46  1.259681 3.818376 1.286945  0.054558 -0.010184 0.144732
47  1.226391 3.891695 0.090419  0.005036 -0.002373 0.139324
48  1.231623 3.875536 -0.958680  -0.060580 0.013550 0.130737
49  1.209919 3.994783 -2.003048  -0.106568 0.025893 0.137951
50  -0.328906 0.095430 1.403531  1.684115 -0.560091 -1.563926
51  0.152561 -38.616215 -21.000004  -0.000000 0.000000 3.141593
52  0.152561 -25.166061 -36.000004  -1.570796 -0.000000 1.570796
53  0.433020 -11.755867 -21.000002  -0.051945 0.000000 1.570796
54  -6.696000 -11.361276 -10.471000  1.581335 -0.017283 -1.553129
55  10.000002 0.000001 0.000001  0.000000 0.000000 -0.000000
56  29.620382 2.666869 0.000001  0.000000 0.000000 -0.000000
57  3.664053 2.228524 -2.524772  1.570796 0.732815 -1.570796
58  3.490278 2.388509 1.331886  -0.000000 1.570796 0.000000
time 61
0  0 0 0  0 0 0
1  0.000000 0.000000 0.000000  1.570796 -0.000000 0.000000
2  -1.843768 -8.254290 -9.392370  1.526550 -0.036736 -2.256008
3  0.000002 13.479279 0.000000  0.163173 -0.000000 -0.000000
4  -0.000000 13.477238 -0.000001  -0.167121 -0.225089 0.155294
5  -0.267270 3.664724 -1.953293  0.570287 -0.108989 -1.360402
6  0.000001 1.180355 0.000000  -0.005540 -0.036957 -1.399219
7  -0.000001 0.817135 -0.000000  0.012298 -0.000007 -1.214275
8  -0.249423 3.688540 -0.940889  0.326191 -0.061560 -1.352632
9  -0.000001 1.800632 -0.000000  -0.000262 0.005352 -1.430231
10  0.000000 1.243404 0.000001  0.002269 0.006116 -1.286349
11  -0.244727 3.701093 0.087732  0.221244 0.005544 -1.361062
12  0.000000 1.766585 0.000001  0.004189 0.001125 -1.481426
13  -0.000001 1.189000 0.000000  -0.004182 -0.017197 -1.374176
14  -0.277239 3.632245 1.274101  0.115075 0.054750 -1.366492
15  0.000001 1.798494 -0.000000  0.002394 0.037772 -1.507786
16  0.000000 1.235453 0.000001  -0.008167 -0.002510 -1.289887
17  0.315441 0.857299 0.755943  -0.761000 2.412031 -1.377325
18  0.000000 2.265939 -0.000000  -0.016207 -0.064542 -1.048595
19  0.000000 1.457810 0.000000  -0.051901 0.018546 -0.626230
20  -1.259681 3.818374 1.286945  0.115075 0.054750 -1.366492
21  -1.226390 3.891692 0.090418  0.221244 0.005544 -1.361061
22  -1.231623 3.875533 -0.958680  0.326191 -0.061560 -1.352632
23  -1.209919 3.994782 -2.003047  0.570287 -0.108989 -1.360402
24  0.328906 0.095426 1.403532  -0.761000 2.412031 -1.377325
25  -1.996196 -6.856170 17.437643  1.564316 -0.159182 -2.501023
26  13.824293 -20.103218 10.765717  -1.570796 -0.000000 -1.570796
27  -1.843768 -8.254290 -9.392370  -0.051945 -0.000000 -1.570796
28  0.433020 -11.755867 -21.000002  -0.083842 -0.009362 3.131152
29  0.000000 13.479277 -0.000002  0.167696 0.000000 0.000000
30  0.000000 13.477240 0.000001  -0.083756 0.010203 0.009620
31  0.267270 3.664728 -1.953293  -0.106568 0.025893 0.137951
32  -0.000000 1.180357 -0.000001  -0.036623 0.007435 0.177465
33  -0.000002 0.817138 0.000001  0.004200 0.011559 -0.007420
34  0.249423 3.688543 -0.940890  -0.060580 0.013550 0.130737
35  0.000001 1.800635 -0.000001  0.004940 -0.002077 0.208495
36  -0.000001 1.243411 0.000002  0.006524 0.000040 0.064626
37  0.244726 3.701097 0.087732  0.005036 -0.002373 0.139323
38  -0.000000 1.766588 -0.000002  0.002490 0.003552 0.259702
39  -0.000000 1.189003 0.000001  -0.017590 0.001952 0.152464
40  0.277239 3.632249 1.274101  0.054558 -0.010184 0.144732
41  -0.000001 1.798490 -0.000003  0.036314 -0.010668 0.285912
42  -0.000001 1.235457 0.000001  -0.005152 -0.006816 0.068190
43  -0.315441 0.857301 0.755942  1.684115 -0.560091 -1.563926
44  -0.000000 2.265939 0.000000  -0.057905 0.032805 0.238898
45  0.000001 1.457813 0.000000  -0.029609 -0.046490 -0.034285
46  1.259681 3.818376 1.286945  0.054558 -0.010184 0.144732
47  1.226391 3.891695 0.090419  0.005036 -0.002373 0.139324
48  1.231623 3.875536 -0.958680  -0.060580 0.013550 0.130737
49  1.209919 3.994783 -2.003048  -0.106568 0.025893 0.137951
50  -0.328906 0.095430 1.403531  1.684115 -0.560091 -1.563926
51  0.152561 -38.616215 -21.000004  -0.000000 0.000000 3.141593
52  0.152561 -25.166061 -36.000004  -1.570796 -0.000000 1.570796
53  0.433020 -11.755867 -21.000002  -0.051945 0.000000 1.570796
54  -6.696000 -11.361276 -10.471000  1.581825 -0.017807 -1.553183
55  10.000001 0.000001 -0.000000  -0.000000 0.000000 -0.000000
56  29.620380 2.666869 -0.000001  -0.000000 0.000000 -0.000000
57  3.664052 2.228524 -2.524774  1.570796 0.732815 -1.570796
58  3.490277 2.388510 1.331885  -0.000000 1.570796 0.000000
time 62
0  0 0 0  0 0 0
1  0.000000 0.000000 0.000000  1.570796 -0.000000 0.000000
2  -1.843768 -8.254290 -9.392370  1.526075 -0.036844 -2.256118
3  0.000002 13.479279 -0.000000  0.164488 0.000000 -0.000000
4  -0.000000 13.477239 0.000000  -0.167491 -0.224466 0.155590
5  -0.267269 3.664727 -1.953293  0.570288 -0.108989 -1.360402
6  -0.000001 1.180355 0.000000  -0.005540 -0.036957 -1.399219
7  -0.000001 0.817136 -0.000000  0.012298 -0.000007 -1.214275
8  -0.249423 3.688543 -0.940888  0.326191 -0.061559 -1.352632
9  -0.000001 1.800634 0.000001  -0.000262 0.005352 -1.430232
10  -0.000002 1.243403 -0.000000  0.002269 0.006116 -1.286350
11  -0.244726 3.701097 0.087733  0.221244 0.005544 -1.361061
12  0.000001 1.766584 0.000000  0.004189 0.001125 -1.481426
13  0.000001 1.189006 0.000001  -0.004182 -0.017197 -1.374176
14  -0.277239 3.632248 1.274102  0.115075 0.054750 -1.366492
15  -0.000001 1.798495 0.000000  0.002394 0.037772 -1.507786
16  0.000001 1.235452 0.000000  -0.008167 -0.002510 -1.289887
17  0.315441 0.857299 0.755944  -0.761000 2.412031 -1.377326
18  0.000000 2.265939 -0.000001  -0.016207 -0.064542 -1.048595
19  0.000001 1.457810 -0.000001  -0.051901 0.018546 -0.626230
20  -1.259681 3.818374 1.286946  0.115075 0.054750 -1.366492
21  -1.226390 3.891693 0.090419  0.221244 0.005544 -1.361061
22  -1.231623 3.875532 -0.958680  0.326191 -0.061560 -1.352632
23  -1.209919 3.994780 -2.003048  0.570288 -0.108989 -1.360402
24  0.328906 0.095428 1.403532  -0.761000 2.412031 -1.377326
25  -1.998006 -6.850904 17.435905  1.564772 -0.159467 -2.500662
26  13.824293 -20.103218 10.765717  -1.570796 -0.000000 -1.570796
27  -1.843768 -8.254290 -9.392370  -0.051945 -0.000000 -1.570796
28  0.433020 -11.755867 -21.000002  -0.083842 -0.009362 3.131152
29  0.000000 13.479277 -0.000002  0.167696 0.000000 0.000000
30  0.000000 13.477240 0.000001  -0.083756 0.010203 0.009620
31  0.267270 3.664728 -1.953293  -0.106568 0.025893 0.137951
32  -0.000000 1.180357 -0.000001  -0.036623 0.007435 0.177465
33  -0.000002 0.817138 0.000001  0.004200 0.011559 -0.007420
34  0.249423 3.688543 -0.940890  -0.060580 0.013550 0.130737
35  0.000001 1.800635 -0.000001  0.004940 -0.002077 0.208495
36  -0.000001 1.243411 0.000002  0.006524 0.000040 0.064626
37  0.244726 3.701097 0.087732  0.005036 -0.002373 0.139323
38  -0.000000 1.766588 -0.000002  0.002490 0.003552 0.259702
39  -0.000000 1.189003 0.000001  -0.017590 0.001952 0.152464
40  0.277239 3.632249 1.274101  0.054558 -0.010184 0.144732
41  -0.000001 1.798490 -0.000003  0.036314 -0.010668 0.285912
42  -0.000001 1.235457 0.000001  -0.005152 -0.006816 0.068190
43  -0.315441 0.857301 0.755942  1.684115 -0.560091 -1.563926
44  -0.000000 2.265939 0.000000  -0.057905 0.032805 0.238898
45  0.000001 1.457813 0.000000  -0.029609 -0.046490 -0.034285
46  1.259681 3.818376 1.286945  0.054558 -0.010184 0.144732
47  1.226391 3.891695 0.090419  0.005036 -0.002373 0.139324
48  1.231623 3.875536 -0.958680  -0.060580 0.013550 0.130737
49  1.209919 3.994783 -2.003048  -0.106568 0.025893 0.137951
50  -0.328906 0.095430 1.403531  1.684115 -0.560091 -1.563926
51  0.152561 -38.616215 -21.000004  -0.000000 0.000000 3.141593
52  0.152561 -25.166061 -36.000004  -1.570796 -0.000000 1.570796
53  0.433020 -11.755867 -21.000002  -0.051945 0.000000 1.570796
54  -6.696000 -11.361276 -10.471000  1.582250 -0.018346 -1.553231
55  10.000000 0.000001 -0.000000  0.000000 -0.000000 -0.000000
56  29.620382 2.666869 -0.000000  0.000000 -0.000000 -0.000000
57  3.664053 2.228526 -2.524773  1.570796 0.732815 -1.570796
58  3.490278 2.388509 1.331885  0.000000 1.570796 0.000000
time 63
0  0 0 0  0 0 0
1  0.000000 0.000000 0.000000  1.570796 -0.000000 0.000000
2  -1.843768 -8.254290 -9.392370  1.525548 -0.036951 -2.256228
3  0.000002 13.479278 0.000000  0.165878 -0.000000 -0.000000
4  0.000001 13.477240 -0.000000  -0.167894 -0.223906 0.155917
5  -0.267270 3.664725 -1.953292  0.570288 -0.108989 -1.360402
6  0.000001 1.180355 0.000000  -0.005540 -0.036957 -1.399219
7  -0.000002 0.817135 -0.000001  0.012298 -0.000007 -1.214275
8  -0.249423 3.688539 -0.940888  0.326191 -0.061559 -1.352632
9  -0.000002 1.800632 0.000001  -0.000262 0.005352 -1.430231
10  0.000000 1.243406 -0.000000  0.002269 0.006116 -1.286349
11  -0.244727 3.701094 0.087734  0.221244 0.005544 -1.361061
12  0.000001 1.766586 0.000000  0.004189 0.001125 -1.481426
13  0.000001 1.189001 -0.000001  -0.004182 -0.017197 -1.374175
14  -0.277240 3.632248 1.274103  0.115075 0.054750 -1.366492
15  -0.000001 1.798494 -0.000000  0.002394 0.037772 -1.507786
16  0.000001 1.235451 0.000001  -0.008167 -0.002510 -1.289887
17  0.315440 0.857298 0.755945  -0.761000 2.412031 -1.377326
18  0.000002 2.265940 0.000001  -0.016207 -0.064542 -1.048595
19  0.000000 1.457814 0.000000  -0.051901 0.018546 -0.626230
20  -1.259682 3.818375 1.286947  0.115075 0.054750 -1.366492
21  -1.226391 3.891690 0.090420  0.221244 0.005544 -1.361061
22  -1.231624 3.875533 -0.958679  0.326191 -0.061560 -1.352632
23  -1.209919 3.994780 -2.003047  0.570288 -0.108989 -1.360402
24  0.328905 0.095426 1.403534  -0.761000 2.412031 -1.377326
25  -1.999526 -6.845882 17.434086  1.565235 -0.159767 -2.500372
26  13.824293 -20.103218 10.765717  -1.570796 -0.000000 -1.570796
27  -1.843768 -8.254290 -9.392370  -0.051945 -0.000000 -1.570796
28  0.433020 -11.755867 -21.000002  -0.083842 -0.009362 3.131152
29  0.000000 13.479277 -0.000002  0.167696 0.000000 0.000000
30  0.000000 13.477240 0.000001  -0.083756 0.010203 0.009620
31  0.267270 3.664728 -1.953293  -0.106568 0.025893 0.137951
32  -0.000000 1.180357 -0.000001  -0.036623 0.007435 0.177465
33  -0.000002 0.817138 0.000001  0.004200 0.011559 -0.007420
34  0.249423 3.688543 -0.940890  -0.060580 0.013550 0.130737
35  0.000001 1.800635 -0.000001  0.004940 -0.002077 0.208495
36  -0.000001 1.243411 0.000002  0.006524 0.000040 0.064626
37  0.244726 3.701097 0.087732  0.005036 -0.002373 0.139323
38  -0.000000 1.766588 -0.000002  0.002490 0.003552 0.259702
39  -0.000000 1.189003 0.000001  -0.017590 0.001952 0.152464
40  0.277239 3.632249 1.274101  0.054558 -0.010184 0.144732
41  -0.000001 1.798490 -0.000003  0.036314 -0.010668 0.285912
42  -0.000001 1.235457 0.000001  -0.005152 -0.006816 0.068190
43  -0.315441 0.857301 0.755942  1.684115 -0.560091 -1.563926
44  -0.000000 2.265939 0.000000  -0.057905 0.032805 0.238898
45  0.000001 1.457813 0.000000  -0.029609 -0.046490 -0.034285
46  1.259681 3.818376 1.286945  0.054558 -0.010184 0.144732
47  1.226391 3.891695 0.090419  0.005036 -0.002373 0.139324
48  1.231623 3.875536 -0.958680  -0.060580 0.013550 0.130737
49  1.209919 3.994783 -2.003048  -0.106568 0.025893 0.137951
50  -0.328906 0.095430 1.403531  1.684115 -0.560091 -1.563926
51  0.152561 -38.616215 -21.000004  -0.000000 0.000000 3.141593
52  0.152561 -25.166061 -36.000004  -1.570796 -0.000000 1.570796
53  0.433020 -11.755867 -21.000002  -0.051945 0.000000 1.570796
54  -6.696000 -11.361276 -10.471000  1.582604 -0.018898 -1.553271
55  10.000001 0.000001 -0.000001  0.000000 -0.000000 -0.000000
56  29.620382 2.666869 -0.000001  0.000000 -0.000000 -0.000000
57  3.664052 2.228525 -2.524775  1.570796 0.732815 -1.570796
58  3.490278 2.388510 1.331884  0.000000 1.570796 0.000000
time 64
0  0 0 0  0 0 0
1  0.000000 0.000000 0.000000  1.570796 -0.000000 0.000000
2  -1.843768 -8.254290 -9.392370  1.524971 -0.037058 -2.256338
3  0.000002 13.479278 -0.000001  0.167339 0.000000 -0.000000
4  -0.000000 13.477241 0.000000  -0.168330 -0.223415 0.156273
5  -0.267269 3.664726 -1.953292  0.570287 -0.108989 -1.360402
6  -0.000002 1.180355 -0.000000  -0.005540 -0.036957 -1.399219
7  0.000001 0.817135 0.000001  0.012298 -0.000007 -1.214275
8  -0.249421 3.688542 -0.940889  0.326191 -0.061560 -1.352632
9  0.000001 1.800633 -0.000000  -0.000262 0.005352 -1.430231
10  0.000001 1.243404 0.000000  0.002269 0.006116 -1.286349
11  -0.244725 3.701094 0.087733  0.221244 0.005544 -1.361062
12  -0.000001 1.766585 -0.000000  0.004189 0.001125 -1.481426
13  -0.000000 1.189003 -0.000000  -0.004182 -0.017197 -1.374176
14  -0.277238 3.632248 1.274102  0.115075 0.054750 -1.366492
15  -0.000000 1.798494 -0.000000  0.002394 0.037772 -1.507786
16  0.000000 1.235450 0.000000  -0.008167 -0.002510 -1.289887
17  0.315442 0.857300 0.755944  -0.761000 2.412031 -1.377325
18  -0.000000 2.265940 -0.000000  -0.016207 -0.064542 -1.048595
19  0.000000 1.457812 -0.000001  -0.051901 0.018546 -0.626230
20  -1.259680 3.818375 1.286946  0.115075 0.054750 -1.366492
21  -1.226389 3.891694 0.090420  0.221244 0.005544 -1.361061
22  -1.231622 3.875535 -0.958680  0.326191 -0.061560 -1.352632
23  -1.209918 3.994781 -2.003047  0.570287 -0.108989 -1.360402
24  0.328907 0.095428 1.403533  -0.761000 2.412031 -1.377325
25  -2.000736 -6.841137 17.432188  1.565703 -0.160080 -2.500157
26  13.824293 -20.103218 10.765717  -1.570796 -0.000000 -1.570796
27  -1.843768 -8.254290 -9.392370  -0.051945 -0.000000 -1.570796
28  0.433020 -11.755867 -21.000002  -0.083842 -0.009362 3.131152
29  0.000000 13.479277 -0.000002  0.167696 0.000000 0.000000
30  0.000000 13.477240 0.000001  -0.083756 0.010203 0.009620
31  0.267270 3.664728 -1.953293  -0.106568 0.025893 0.137951
32  -0.000000 1.180357 -0.000001  -0.036623 0.007435 0.177465
33  -0.000002 0.817138 0.000001  0.004200 0.011559 -0.007420
34  0.249423 3.688543 -0.940890  -0.060580 0.013550 0.130737
35  0.000001 1.800635 -0.000001  0.004940 -0.002077 0.208495
36  -0.000001 1.243411 0.000002  0.006524 0.000040 0.064626
37  0.244726 3.701097 0.087732  0.005036 -0.002373 0.139323
38  -0.000000 1.766588 -0.000002  0.002490 0.003552 0.259702
39  -0.000000 1.189003 0.000001  -0.017590 0.001952 0.152464
40  0.277239 3.632249 1.274101  0.054558 -0.010184 0.144732
41  -0.000001 1.798490 -0.000003  0.036314 -0.010668 0.285912
42  -0.000001 1.235457 0.000001  -0.005152 -0.006816 0.068190
43  -0.315441 0.857301 0.755942  1.684115 -0.560091 -1.563926
44  -0.000000 2.265939 0.000000  -0.057905 0.032805 0.238898
45  0.000001 1.457813 0.000000  -0.029609 -0.046490 -0.034285
46  1.259681 3.818376 1.286945  0.054558 -0.010184 0.144732
47  1.226391 3.891695 0.090419  0.005036 -0.002373 0.139324
48  1.231623 3.875536 -0.958680  -0.060580 0.013550 0.130737
49  1.209919 3.994783 -2.003048  -0.106568 0.025893 0.137951
50  -0.328906 0.095430 1.403531  1.684115 -0.560091 -1.563926
51  0.152561 -38.616215 -21.000004  -0.000000 0.000000 3.141593
52  0.152561 -25.166061 -36.000004  -1.570796 -0.000000 1.570796
53  0.433020 -11.755867 -21.000002  -0.051945 0.000000 1.570796
54  -6.696000 -11.361276 -10.471000  1.582884 -0.019460 -1.553302
55  10.000001 0.000000 -0.000000  0.000000 0.000000 0.000000
56  29.620380 2.666869 -0.000000  0.000000 0.000000 0.000000
57  3.664052 2.228527 -2.524774  1.570796 0.732815 -1.570796
58  3.490278 2.388511 1.331886  -0.000000 1.570796 0.000000
time 65
0  0 0 0  0 0 0
1  0.000000 0.000000 0.000000  1.570796 -0.000000 0.000000
2  -1.843768 -8.254290 -9.392370  1.524345 -0.037163 -2.256447
3  0.000002 13.479277 -0.000000  0.168865 0.000000 -0.000000
4  0.000000 13.477241 0.000000  -0.168796 -0.222996 0.156657
5  -0.267269 3.664727 -1.953293  0.570288 -0.108989 -1.360402
6  -0.000000 1.180355 -0.000000  -0.005540 -0.036957 -1.399219
7  -0.000001 0.817135 -0.000000  0.012298 -0.000007 -1.214275
8  -0.249422 3.688542 -0.940889  0.326191 -0.061559 -1.352632
9  -0.000001 1.800633 -0.000001  -0.000262 0.005352 -1.430231
10  0.000001 1.243407 -0.000000  0.002269 0.006116 -1.286349
11  -0.244725 3.701096 0.087733  0.221244 0.005544 -1.361062
12  0.000002 1.766584 0.000000  0.004189 0.001125 -1.481426
13  0.000000 1.189003 0.000002  -0.004182 -0.017197 -1.374176
14  -0.277238 3.632250 1.274102  0.115075 0.054750 -1.366492
15  -0.000002 1.798493 0.000001  0.002394 0.037772 -1.507786
16  -0.000001 1.235451 0.000000  -0.008167 -0.002510 -1.289887
17  0.315443 0.857301 0.755944  -0.760999 2.412031 -1.377326
18  0.000001 2.265940 -0.000001  -0.016207 -0.064542 -1.048595
19  0.000000 1.457810 0.000000  -0.051901 0.018546 -0.626230
20  -1.259680 3.818376 1.286946  0.115075 0.054750 -1.366492
21  -1.226390 3.891694 0.090419  0.221244 0.005544 -1.361061
22  -1.231622 3.875535 -0.958680  0.326191 -0.061560 -1.352632
23  -1.209917 3.994783 -2.003048  0.570288 -0.108989 -1.360402
24  0.328907 0.095429 1.403532  -0.761000 2.412031 -1.377326
25  -2.001622 -6.836699 17.430220  1.566175 -0.160404 -2.500020
26  13.824293 -20.103218 10.765717  -1.570796 -0.000000 -1.570796
27  -1.843768 -8.254290 -9.392370  -0.051945 -0.000000 -1.570796
28  0.433020 -11.755867 -21.000002  -0.083842 -0.009362 3.131152
29  0.000000 13.479277 -0.000002  0.167696 0.000000 0.000000
30  0.000000 13.477240 0.000001  -0.083756 0.010203 0.009620
31  0.267270 3.664728 -1.953293  -0.106568 0.025893 0.137951
32  -0.000000 1.180357 -0.000001  -0.036623 0.007435 0.177465
33  -0.000002 0.817138 0.000001  0.004200 0.011559 -0.007420
34  0.249423 3.688543 -0.940890  -0.060580 0.013550 0.130737
35  0.000001 1.800635 -0.000001  0.004940 -0.002077 0.208495
36  -0.000001 1.243411 0.000002  0.006524 0.000040 0.064626
37  0.244726 3.701097 0.087732  0.005036 -0.002373 0.139323
38  -0.000000 1.766588 -0.000002  0.002490 0.003552 0.259702
39  -0.000000 1.189003 0.000001  -0.017590 0.001952 0.152464
40  0.277239 3.632249 1.274101  0.054558 -0.010184 0.144732
41  -0.000001 1.798490 -0.000003  0.036314 -0.010668 0.285912
42  -0.000001 1.235457 0.000001  -0.005152 -0.006816 0.068190
43  -0.315441 0.857301 0.755942  1.684115 -0.560091 -1.563926
44  -0.000000 2.265939 0.000000  -0.057905 0.032805 0.238898
45  0.000001 1.457813 0.000000  -0.029609 -0.046490 -0.034285
46  1.259681 3.818376 1.286945  0.054558 -0.010184 0.144732
47  1.226391 3.891695 0.090419  0.005036 -0.002373 0.139324
48  1.231623 3.875536 -0.958680  -0.060580 0.013550 0.130737
49  1.209919 3.994783 -2.003048  -0.106568 0.025893 0.137951
50  -0.328906 0.095430 1.403531  1.684115 -0.560091 -1.563926
51  0.152561 -38.616215 -21.000004  -0.000000 0.000000 3.141593
52  0.152561 -25.166061 -36.000004  -1.570796 -0.000000 1.570796
53  0.433020 -11.755867 -21.000002  -0.051945 0.000000 1.570796
54  -6.696000 -11.361276 -10.471000  1.583086 -0.020031 -1.553326
55  9.999998 0.000001 0.000000  0.000000 -0.000000 -0.000000
56  29.620382 2.666869 -0.000000  0.000000 -0.000000 -0.000000
57  3.664052 2.228528 -2.524774  1.570796 0.732815 -1.570796
58  3.490278 2.388510 1.331885  0.000000 1.570796 0.000000
time 66
0  0 0 0  0 0 0
1  0.000000 0.000000 0.000000  1.570796 -0.000000 0.000000
2  -1.843768 -8.254290 -9.392370  1.523669 -0.037267 -2.256554
3  0.000002 13.479277 -0.000001  0.170454 0.000000 -0.000000
4  0.000000 13.477238 0.000001  -0.169293 -0.222654 0.157071
5  -0.267269 3.664727 -1.953293  0.570287 -0.108989 -1.360402
6  0.000000 1.180355 -0.000001  -0.005540 -0.036957 -1.399219
7  -0.000001 0.817138 0.000000  0.012298 -0.000007 -1.214275
8  -0.249422 3.688541 -0.940889  0.326191 -0.061560 -1.352632
9  -0.000002 1.800633 -0.000000  -0.000262 0.005352 -1.430231
10  -0.000001 1.243405 0.000001  0.002269 0.006116 -1.286349
11  -0.244726 3.701096 0.087732  0.221244 0.005544 -1.361062
12  -0.000002 1.766585 -0.000000  0.004189 0.001125 -1.481426
13  0.000001 1.189002 0.000001  -0.004182 -0.017197 -1.374176
14  -0.277238 3.632247 1.274102  0.115075 0.054750 -1.366492
15  -0.000001 1.798494 -0.000000  0.002394 0.037772 -1.507786
16  0.000001 1.235451 0.000000  -0.008167 -0.002510 -1.289887
17  0.315442 0.857300 0.755944  -0.761000 2.412031 -1.377325
18  0.000001 2.265940 0.000000  -0.016207 -0.064542 -1.048595
19  0.000000 1.457810 0.000000  -0.051901 0.018546 -0.626230
20  -1.259680 3.818374 1.286946  0.115075 0.054750 -1.366492
21  -1.226390 3.891694 0.090419  0.221244 0.005544 -1.361061
22  -1.231622 3.875535 -0.958680  0.326191 -0.061560 -1.352632
23  -1.209918 3.994783 -2.003048  0.570287 -0.108989 -1.360402
24  0.328907 0.095429 1.403532  -0.761000 2.412031 -1.377325
25  -2.002165 -6.832603 17.428183  1.566648 -0.160738 -2.499966
26  13.824293 -20.103218 10.765717  -1.570796 -0.000000 -1.570796
27  -1.843768 -8.254290 -9.392370  -0.051945 -0.000000 -1.570796
28  0.433020 -11.755867 -21.000002  -0.083842 -0.009362 3.131152
29  0.000000 13.479277 -0.000002  0.167696 0.000000 0.000000
30  0.000000 13.477240 0.000001  -0.083756 0.010203 0.009620
31  0.267270 3.664728 -1.953293  -0.106568 0.025893 0.137951
32  -0.000000 1.180357 -0.000001  -0.036623 0.007435 0.177465
33  -0.000002 0.817138 0.000001  0.004200 0.011559 -0.007420
34  0.249423 3.688543 -0.940890  -0.060580 0.013550 0.130737
35  0.000001 1.800635 -0.000001  0.004940 -0.002077 0.208495
36  -0.000001 1.243411 0.000002  0.006524 0.000040 0.064626
37  0.244726 3.701097 0.087732  0.005036 -0.002373 0.139323
38  -0.000000 1.766588 -0.000002  0.002490 0.003552 0.259702
39  -0.000000 1.189003 0.000001  -0.017590 0.001952 0.152464
40  0.277239 3.632249 1.274101  0.054558 -0.010184 0.144732
41  -0.000001 1.798490 -0.000003  0.036314 -0.010668 0.285912
42  -0.000001 1.235457 0.000001  -0.005152 -0.006816 0.068190
43  -0.315441 0.857301 0.755942  1.684115 -0.560091 -1.563926
44  -0.000000 2.265939 0.000000  -0.057905 0.032805 0.238898
45  0.000001 1.457813 0.000000  -0.029609 -0.046490 -0.034285
46  1.259681 3.818376 1.286945  0.054558 -0.010184 0.144732
47  1.226391 3.891695 0.090419  0.005036 -0.002373 0.139324
48  1.231623 3.875536 -0.958680  -0.060580 0.013550 0.130737
49  1.209919 3.994783 -2.003048  -0.106568 0.025893 0.137951
50  -0.328906 0.095430 1.403531  1.684115 -0.560091 -1.563926
51  0.152561 -38.616215 -21.000004  -0.000000 0.000000 3.141593
52  0.152561 -25.166061 -36.000004  -1.570796 -0.000000 1.570796
53  0.433020 -11.755867 -21.000002  -0.051945 0.000000 1.570796
54  -6.696000 -11.361276 -10.471000  1.583206 -0.020608 -1.553339
55  10.000003 -0.000000 -0.000000  -0.000000 -0.000000 0.000000
56  29.620378 2.666869 -0.000000  -0.000000 -0.000000 0.000000
57  3.664053 2.228525 -2.524774  1.570796 0.732815 -1.570796
58  3.490278 2.388510 1.331884  0.000000 1.570796 0.000000
time 67
0  0 0 0  0 0 0
1  0.000000 0.000000 0.000000  1.570796 -0.000000 0.000000
2  -1.843768 -8.254290 -9.392370  1.522950 -0.037369 -2.256658
3  0.000001 13.479276 0.000001  0.172092 -0.000000 -0.000000
4  -0.000000 13.477241 0.000001  -0.169815 -0.222394 0.157511
5  -0.267270 3.664728 -1.953293  0.570288 -0.108989 -1.360402
6  0.000000 1.180356 0.000000  -0.005540 -0.036957 -1.399219
7  -0.000000 0.817132 -0.000000  0.012298 -0.000007 -1.214275
8  -0.249423 3.688540 -0.940889  0.326191 -0.061559 -1.352632
9  0.000001 1.800633 0.000000  -0.000262 0.005352 -1.430232
10  0.000000 1.243406 -0.000001  0.002269 0.006116 -1.286350
11  -0.244727 3.701095 0.087733  0.221244 0.005544 -1.361062
12  0.000001 1.766584 -0.000000  0.004189 0.001125 -1.481426
13  -0.000000 1.189005 0.000001  -0.004182 -0.017197 -1.374176
14  -0.277239 3.632249 1.274102  0.115075 0.054750 -1.366492
15  0.000000 1.798495 0.000000  0.002394 0.037772 -1.507786
16  0.000001 1.235451 -0.000000  -0.008167 -0.002510 -1.289887
17  0.315441 0.857299 0.755943  -0.761000 2.412031 -1.377326
18  0.000001 2.265939 0.000001  -0.016207 -0.064542 -1.048595
19  -0.000001 1.457812 -0.000001  -0.051901 0.018546 -0.626230
20  -1.259682 3.818375 1.286945  0.115075 0.054750 -1.366492
21  -1.226391 3.891693 0.090419  0.221244 0.005544 -1.361061
22  -1.231624 3.875534 -0.958680  0.326191 -0.061560 -1.352631
23  -1.209919 3.994780 -2.003047  0.570288 -0.108989 -1.360402
24  0.328905 0.095428 1.403532  -0.761000 2.412031 -1.377325
25  -2.002350 -6.828880 17.426092  1.567121 -0.161082 -2.499997
26  13.824293 -20.103218 10.765717  -1.570796 -0.000000 -1.570796
27  -1.843768 -8.254290 -9.392370  -0.051945 -0.000000 -1.570796
28  0.433020 -11.755867 -21.000002  -0.083842 -0.009362 3.131152
29  0.000000 13.479277 -0.000002  0.167696 0.000000 0.000000
30  0.000000 13.477240 0.000001  -0.083756 0.010203 0.009620
31  0.267270 3.664728 -1.953293  -0.106568 0.025893 0.137951
32  -0.000000 1.180357 -0.000001  -0.036623 0.007435 0.177465
33  -0.000002 0.817138 0.000001  0.004200 0.011559 -0.007420
34  0.249423 3.688543 -0.940890  -0.060580 0.013550 0.130737
35  0.000001 1.800635 -0.000001  0.004940 -0.002077 0.208495
36  -0.000001 1.243411 0.000002  0.006524 0.000040 0.064626
37  0.244726 3.701097 0.087732  0.005036 -0.002373 0.139323
38  -0.000000 1.766588 -0.000002  0.002490 0.003552 0.259702
39  -0.000000 1.189003 0.000001  -0.017590 0.001952 0.152464
40  0.277239 3.632249 1.274101  0.054558 -0.010184 0.144732
41  -0.000001 1.798490 -0.000003  0.036314 -0.010668 0.285912
42  -0.000001 1.235457 0.000001  -0.005152 -0.006816 0.068190
43  -0.315441 0.857301 0.755942  1.684115 -0.560091 -1.563926
44  -0.000000 2.265939 0.000000  -0.057905 0.032805 0.238898
45  0.000001 1.457813 0.000000  -0.029609 -0.046490 -0.034285
46  1.259681 3.818376 1.286945  0.054558 -0.010184 0.144732
47  1.226391 3.891695 0.090419  0.005036 -0.002373 0.139324
48  1.231623 3.875536 -0.958680  -0.060580 0.013550 0.130737
49  1.209919 3.994783 -2.003048  -0.106568 0.025893 0.137951
50  -0.328906 0.095430 1.403531  1.684115 -0.560091 -1.563926
51  0.152561 -38.616215 -21.000004  -0.000000 0.000000 3.141593
52  0.152561 -25.166061 -36.000004  -1.570796 -0.000000 1.570796
53  0.433020 -11.755867 -21.000002  -0.051945 0.000000 1.570796
54  -6.696000 -11.361276 -10.471000  1.583240 -0.021188 -1.553344
55  10.000001 0.000002 0.000000  0.000000 -0.000000 -0.000000
56  29.620378 2.666869 -0.000000  0.000000 -0.000000 -0.000000
57  3.664051 2.228527 -2.524774  1.570796 0.732815 -1.570796
58  3.490276 2.388511 1.331885  0.000000 1.570796 0.000000
time 68
0  0 0 0  0 0 0
1  0.000000 0.000000 0.000000  1.570796 -0.000000 0.000000
2  -1.843768 -8.254290 -9.392370  1.522192 -0.037469 -2.256761
3  0.000002 13.479277 -0.000001  0.173774 0.000000 -0.000000
4  -0.000000 13.477239 -0.000000  -0.170361 -0.222204 0.157974
5  -0.267270 3.664726 -1.953293  0.570288 -0.108989 -1.360402
6  -0.000004 1.180355 0.000001  -0.005540 -0.036957 -1.399219
7  -0.000001 0.817138 0.000000  0.012298 -0.000007 -1.214275
8  -0.249422 3.688543 -0.940889  0.326191 -0.061560 -1.352632
9  0.000001 1.800633 0.000001  -0.000262 0.005352 -1.430231
10  -0.000001 1.243402 -0.000000  0.002269 0.006116 -1.286349
11  -0.244726 3.701099 0.087733  0.221244 0.005544 -1.361061
12  0.000000 1.766583 0.000000  0.004189 0.001125 -1.481425
13  0.000001 1.189005 -0.000001  -0.004182 -0.017197 -1.374175
14  -0.277239 3.632250 1.274102  0.115075 0.054750 -1.366492
15  0.000001 1.798495 0.000000  0.002394 0.037772 -1.507785
16  -0.000000 1.235450 0.000001  -0.008167 -0.002510 -1.289886
17  0.315441 0.857302 0.755944  -0.761000 2.412031 -1.377326
18  0.000001 2.265940 -0.000000  -0.016207 -0.064542 -1.048595
19  -0.000001 1.457812 0.000000  -0.051901 0.018546 -0.626230
20  -1.259681 3.818376 1.286946  0.115075 0.054750 -1.366492
21  -1.226390 3.891695 0.090419  0.221244 0.005544 -1.361061
22  -1.231623 3.875535 -0.958680  0.326191 -0.061560 -1.352632
23  -1.209918 3.994783 -2.003048  0.570288 -0.108989 -1.360402
24  0.328906 0.095429 1.403533  -0.761000 2.412031 -1.377326
25  -2.002225 -6.825483 17.423952  1.567591 -0.161433 -2.500101
26  13.824293 -20.103218 10.765717  -1.570796 -0.000000 -1.570796
27  -1.843768 -8.254290 -9.392370  -0.051945 -0.000000 -1.570796
28  0.433020 -11.755867 -21.000002  -0.083842 -0.009362 3.131152
29  0.000000 13.479277 -0.000002  0.167696 0.000000 0.000000
30  0.000000 13.477240 0.000001  -0.083756 0.010203 0.009620
31  0.267270 3.664728 -1.953293  -0.106568 0.025893 0.137951
32  -0.000000 1.180357 -0.000001  -0.036623 0.007435 0.177465
33  -0.000002 0.817138 0.000001  0.004200 0.011559 -0.007420
34  0.249423 3.688543 -0.940890  -0.060580 0.013550 0.130737
35  0.000001 1.800635 -0.000001  0.004940 -0.002077 0.208495
36  -0.000001 1.243411 0.000002  0.006524 0.000040 0.064626
37  0.244726 3.701097 0.087732  0.005036 -0.002373 0.139323
38  -0.000000 1.766588 -0.000002  0.002490 0.003552 0.259702
39  -0.000000 1.189003 0.000001  -0.017590 0.001952 0.152464
40  0.277239 3.632249 1.274101  0.054558 -0.010184 0.144732
41  -0.000001 1.798490 -0.000003  0.036314 -0.010668 0.285912
42  -0.000001 1.235457 0.000001  -0.005152 -0.006816 0.068190
43  -0.315441 0.857301 0.755942  1.684115 -0.560091 -1.563926
44  -0.000000 2.265939 0.000000  -0.057905 0.032805 0.238898
45  0.000001 1.457813 0.000000  -0.029609 -0.046490 -0.034285
46  1.259681 3.818376 1.286945  0.054558 -0.010184 0.144732
47  1.226391 3.891695 0.090419  0.005036 -0.002373 0.139324
48  1.231623 3.875536 -0.958680  -0.060580 0.013550 0.130737
49  1.209919 3.994783 -2.003048  -0.106568 0.025893 0.137951
50  -0.328906 0.095430 1.403531  1.684115 -0.560091 -1.563926
51  0.152561 -38.616215 -21.000004  -0.000000 0.000000 3.141593
52  0.152561 -25.166061 -36.000004  -1.570796 -0.000000 1.570796
53  0.433020 -11.755867 -21.000002  -0.051945 0.000000 1.570796
54  -6.696000 -11.361276 -10.471000  1.583201 -0.021769 -1.553340
55  9.999998 0.000001 0.000000  0.000000 -0.000000 -0.000000
56  29.620378 2.666870 -0.000000  0.000000 -0.000000 -0.000000
57  3.664052 2.228527 -2.524773  1.570796 0.732815 -1.570796
58  3.490278 2.388510 1.331885  -0.000000 1.570796 0.000000
time 69
0  0 0 0  0 0 0
1  0.000000 0.000000 0.000000  1.570796 -0.000000 0.000000
2  -1.843768 -8.254290 -9.392370  1.521410 -0.037567 -2.256862
3  0.000002 13.479276 -0.000001  0.175478 0.000000 -0.000000
4  -0.000000 13.477237 -0.000000  -0.170921 -0.222068 0.158453
5  -0.267269 3.664726 -1.953292  0.570288 -0.108989 -1.360402
6  0.000003 1.180354 0.000000  -0.005540 -0.036957 -1.399219
7  -0.000000 0.817136 -0.000002  0.012298 -0.000007 -1.214275
8  -0.249422 3.688543 -0.940889  0.326191 -0.061559 -1.352632
9  0.000001 1.800633 0.000000  -0.000262 0.005352 -1.430231
10  -0.000000 1.243406 -0.000000  0.002269 0.006116 -1.286349
11  -0.244726 3.701095 0.087733  0.221244 0.005544 -1.361061
12  0.000001 1.766584 0.000000  0.004189 0.001125 -1.481426
13  -0.000000 1.189005 -0.000001  -0.004182 -0.017197 -1.374176
14  -0.277238 3.632249 1.274102  0.115075 0.054750 -1.366492
15  0.000000 1.798494 -0.000001  0.002394 0.037772 -1.507785
16  -0.000000 1.235449 0.000001  -0.008167 -0.002510 -1.289886
17  0.315441 0.857300 0.755944  -0.761000 2.412031 -1.377326
18  -0.000002 2.265939 -0.000001  -0.016207 -0.064542 -1.048595
19  -0.000001 1.457815 -0.000000  -0.051901 0.018546 -0.626230
20  -1.259681 3.818376 1.286946  0.115075 0.054750 -1.366492
21  -1.226390 3.891693 0.090419  0.221244 0.005544 -1.361061
22  -1.231623 3.875533 -0.958680  0.326191 -0.061560 -1.352632
23  -1.209918 3.994780 -2.003048  0.570288 -0.108989 -1.360402
24  0.328906 0.095429 1.403533  -0.761000 2.412031 -1.377325
25  -2.001853 -6.822348 17.421782  1.568057 -0.161790 -2.500260
26  13.824293 -20.103218 10.765717  -1.570796 -0.000000 -1.570796
27  -1.843768 -8.254290 -9.392370  -0.051945 -0.000000 -1.570796
28  0.433020 -11.755867 -21.000002  -0.083842 -0.009362 3.131152
29  0.000000 13.479277 -0.000002  0.167696 0.000000 0.000000
30  0.000000 13.477240 0.000001  -0.083756 0.010203 0.009620
31  0.267270 3.664728 -1.953293  -0.106568 0.025893 0.137951
32  -0.000000 1.180357 -0.000001  -0.036623 0.007435 0.177465
33  -0.000002 0.817138 0.000001  0.004200 0.011559 -0.007420
34  0.249423 3.688543 -0.940890  -0.060580 0.013550 0.130737
35  0.000001 1.800635 -0.000001  0.004940 -0.002077 0.208495
36  -0.000001 1.243411 0.000002  0.006524 0.000040 0.064626
37  0.244726 3.701097 0.087732  0.005036 -0.002373 0.139323
38  -0.000000 1.766588 -0.000002  0.002490 0.003552 0.259702
39  -0.000000 1.189003 0.000001  -0.017590 0.001952 0.152464
40  0.277239 3.632249 1.274101  0.054558 -0.010184 0.144732
41  -0.000001 1.798490 -0.000003  0.036314 -0.010668 0.285912
42  -0.000001 1.235457 0.000001  -0.005152 -0.006816 0.068190
43  -0.315441 0.857301 0.755942  1.684115 -0.560091 -1.563926
44  -0.000000 2.265939 0.000000  -0.057905 0.032805 0.238898
45  0.000001 1.457813 0.000000  -0.029609 -0.046490 -0.034285
46  1.259681 3.818376 1.286945  0.054558 -0.010184 0.144732
47  1.226391 3.891695 0.090419  0.005036 -0.002373 0.139324
48  1.231623 3.875536 -0.958680  -0.060580 0.013550 0.130737
49  1.209919 3.994783 -2.003048  -0.106568 0.025893 0.137951
50  -0.328906 0.095430 1.403531  1.684115 -0.560091 -1.563926
51  0.152561 -38.616215 -21.000004  -0.000000 0.000000 3.141593
52  0.152561 -25.166061 -36.000004  -1.570796 -0.000000 1.570796
53  0.433020 -11.755867 -21.000002  -0.051945 0.000000 1.570796
54  -6.696000 -11.361276 -10.471000  1.583107 -0.022350 -1.553327
55  10.000000 -0.000000 -0.000000  -0.000000 -0.000000 -0.000000
56  29.620378 2.666868 0.000000  -0.000000 -0.000000 -0.000000
57  3.664050 2.228523 -2.524774  1.570796 0.732815 -1.570796
58  3.490276 2.388508 1.331885  -0.000000 1.570796 0.000000
time 70
0  0 0 0  0 0 0
1  0.000000 0.000000 0.000000  1.570796 -0.000000 0.000000
2  -1.843768 -8.254290 -9.392370  1.520604 -0.037663 -2.256961
3  0.000002 13.479277 0.000000  0.177203 0.000000 -0.000000
4  0.000000 13.477238 0.000000  -0.171496 -0.221986 0.158947
5  -0.267269 3.664726 -1.953293  0.570287 -0.108989 -1.360402
6  -0.000001 1.180354 0.000001  -0.005540 -0.036957 -1.399219
7  0.000000 0.817138 0.000000  0.012298 -0.000007 -1.214275
8  -0.249422 3.688541 -0.940889  0.326191 -0.061560 -1.352632
9  0.000000 1.800632 0.000001  -0.000262 0.005352 -1.430231
10  -0.000001 1.243404 0.000001  0.002269 0.006116 -1.286349
11  -0.244726 3.701095 0.087733  0.221244 0.005544 -1.361062
12  -0.000000 1.766584 0.000001  0.004189 0.001125 -1.481426
13  -0.000000 1.189004 0.000000  -0.004182 -0.017197 -1.374176
14  -0.277239 3.632247 1.274102  0.115075 0.054750 -1.366492
15  0.000001 1.798492 0.000000  0.002394 0.037772 -1.507786
16  -0.000000 1.235452 0.000001  -0.008167 -0.002510 -1.289887
17  0.315441 0.857298 0.755944  -0.761000 2.412031 -1.377325
18  -0.000002 2.265941 0.000000  -0.016207 -0.064542 -1.048595
19  0.000001 1.457811 0.000000  -0.051901 0.018546 -0.626230
20  -1.259681 3.818374 1.286945  0.115075 0.054750 -1.366492
21  -1.226390 3.891693 0.090419  0.221244 0.005544 -1.361061
22  -1.231623 3.875533 -0.958680  0.326191 -0.061560 -1.352632
23  -1.209919 3.994780 -2.003047  0.570287 -0.108989 -1.360402
24  0.328907 0.095427 1.403533  -0.761000 2.412031 -1.377325
25  -2.001241 -6.819488 17.419582  1.568518 -0.162151 -2.500474
26  13.824293 -20.103218 10.765717  -1.570796 -0.000000 -1.570796
27  -1.843768 -8.254290 -9.392370  -0.051945 -0.000000 -1.570796
28  0.433020 -11.755867 -21.000002  -0.083842 -0.009362 3.131152
29  0.000000 13.479277 -0.000002  0.167696 0.000000 0.000000
30  0.000000 13.477240 0.000001  -0.083756 0.010203 0.009620
31  0.267270 3.664728 -1.953293  -0.106568 0.025893 0.137951
32  -0.000000 1.180357 -0.000001  -0.036623 0.007435 0.177465
33  -0.000002 0.817138 0.000001  0.004200 0.011559 -0.007420
34  0.249423 3.688543 -0.940890  -0.060580 0.013550 0.130737
35  0.000001 1.800635 -0.000001  0.004940 -0.002077 0.208495
36  -0.000001 1.243411 0.000002  0.006524 0.000040 0.064626
37  0.244726 3.701097 0.087732  0.005036 -0.002373 0.139323
38  -0.000000 1.766588 -0.000002  0.002490 0.003552 0.259702
39  -0.000000 1.189003 0.000001  -0.017590 0.001952 0.152464
40  0.277239 3.632249 1.274101  0.054558 -0.010184 0.144732
41  -0.000001 1.798490 -0.000003  0.036314 -0.010668 0.285912
42  -0.000001 1.235457 0.000001  -0.005152 -0.006816 0.068190
43  -0.315441 0.857301 0.755942  1.684115 -0.560091 -1.563926
44  -0.000000 2.265939 0.000000  -0.057905 0.032805 0.238898
45  0.000001 1.457813 0.000000  -0.029609 -0.046490 -0.034285
46  1.259681 3.818376 1.286945  0.054558 -0.010184 0.144732
47  1.226391 3.891695 0.090419  0.005036 -0.002373 0.139324
48  1.231623 3.875536 -0.958680  -0.060580 0.013550 0.130737
49  1.209919 3.994783 -2.003048  -0.106568 0.025893 0.137951
50  -0.328906 0.095430 1.403531  1.684115 -0.560091 -1.563926
51  0.152561 -38.616215 -21.000004  -0.000000 0.000000 3.141593
52  0.152561 -25.166061 -36.000004  -1.570796 -0.000000 1.570796
53  0.433020 -11.755867 -21.000002  -0.051945 0.000000 1.570796
54  -6.696000 -11.361276 -10.471000  1.582958 -0.022928 -1.553307
55  10.000000 0.000001 -0.000000  -0.000000 -0.000000 -0.000000
56  29.620380 2.666870 -0.000000  -0.000000 -0.000000 -0.000000
57  3.664051 2.228526 -2.524773  1.570796 0.732815 -1.570796
58  3.490278 2.388510 1.331885  0.000000 1.570796 0.000000
time 71
0  0 0 0  0 0 0
1  0.000000 0.000000 0.000000  1.570796 -0.000000 0.000000
2  -1.843768 -8.254290 -9.392370  1.519782 -0.037757 -2.257057
3  0.000002 13.479277 0.000000  0.178933 0.000000 -0.000000
4  0.000000 13.477238 0.000000  -0.172079 -0.221957 0.159452
5  -0.267270 3.664727 -1.953294  0.570288 -0.108989 -1.360402
6  -0.000001 1.180355 0.000000  -0.005540 -0.036957 -1.399219
7  0.000000 0.817134 -0.000001  0.012298 -0.000007 -1.214275
8  -0.249424 3.688541 -0.940889  0.326191 -0.061559 -1.352632
9  0.000003 1.800633 -0.000000  -0.000262 0.005352 -1.430232
10  0.000000 1.243408 -0.000001  0.002269 0.006116 -1.286349
11  -0.244727 3.701097 0.087732  0.221244 0.005544 -1.361061
12  -0.000001 1.766585 -0.000000  0.004189 0.001125 -1.481426
13  0.000001 1.189004 0.000000  -0.004182 -0.017197 -1.374175
14  -0.277240 3.632249 1.274101  0.115075 0.054750 -1.366492
15  -0.000000 1.798495 0.000000  0.002394 0.037772 -1.507786
16  0.000001 1.235453 0.000001  -0.008167 -0.002510 -1.289887
17  0.315441 0.857301 0.755944  -0.761000 2.412031 -1.377325
18  -0.000001 2.265937 0.000000  -0.016207 -0.064542 -1.048595
19  -0.000000 1.457812 -0.000001  -0.051901 0.018546 -0.626230
20  -1.259682 3.818376 1.286945  0.115075 0.054750 -1.366492
21  -1.226391 3.891691 0.090418  0.221244 0.005544 -1.361061
22  -1.231624 3.875536 -0.958681  0.326191 -0.061560 -1.352632
23  -1.209920 3.994782 -2.003049  0.570288 -0.108989 -1.360402
24  0.328905 0.095428 1.403533  -0.761000 2.412031 -1.377325
25  -2.000395 -6.816907 17.417372  1.568971 -0.162514 -2.500740
26  13.824293 -20.103218 10.765717  -1.570796 -0.000000 -1.570796
27  -1.843768 -8.254290 -9.392370  -0.051945 -0.000000 -1.570796
28  0.433020 -11.755867 -21.000002  -0.083842 -0.009362 3.131152
29  0.000000 13.479277 -0.000002  0.167696 0.000000 0.000000
30  0.000000 13.477240 0.000001  -0.083756 0.010203 0.009620
31  0.267270 3.664728 -1.953293  -0.106568 0.025893 0.137951
32  -0.000000 1.180357 -0.000001  -0.036623 0.007435 0.177465
33  -0.000002 0.817138 0.000001  0.004200 0.011559 -0.007420
34  0.249423 3.688543 -0.940890  -0.060580 0.013550 0.130737
35  0.000001 1.800635 -0.000001  0.004940 -0.002077 0.208495
36  -0.000001 1.243411 0.000002  0.006524 0.000040 0.064626
37  0.244726 3.701097 0.087732  0.005036 -0.002373 0.139323
38  -0.000000 1.766588 -0.000002  0.002490 0.003552 0.259702
39  -0.000000 1.189003 0.000001  -0.017590 0.001952 0.152464
40  0.277239 3.632249 1.274101  0.054558 -0.010184 0.144732
41  -0.000001 1.798490 -0.000003  0.036314 -0.010668 0.285912
42  -0.000001 1.235457 0.000001  -0.005152 -0.006816 0.068190
43  -0.315441 0.857301 0.755942  1.684115 -0.560091 -1.563926
44  -0.000000 2.265939 0.000000  -0.057905 0.032805 0.238898
45  0.000001 1.457813 0.000000  -0.029609 -0.046490 -0.034285
46  1.259681 3.818376 1.286945  0.054558 -0.010184 0.144732
47  1.226391 3.891695 0.090419  0.005036 -0.002373 0.139324
48  1.231623 3.875536 -0.958680  -0.060580 0.013550 0.130737
49  1.209919 3.994783 -2.003048  -0.106568 0.025893 0.137951
50  -0.328906 0.095430 1.403531  1.684115 -0.560091 -1.563926
51  0.152561 -38.616215 -21.000004  -0.000000 0.000000 3.141593
52  0.152561 -25.166061 -36.000004  -1.570796 -0.000000 1.570796
53  0.433020 -11.755867 -21.000002  -0.051945 0.000000 1.570796
54  -6.696000 -11.361276 -10.471000  1.582754 -0.023500 -1.553278
55  10.000001 0.000000 0.000000  0.000000 0.000000 0.000000
56  29.620380 2.666869 0.000000  0.000000 0.000000 0.000000
57  3.664051 2.228524 -2.524773  1.570796 0.732815 -1.570796
58  3.490277 2.388510 1.331886  -0.000000 1.570796 0.000000
time 72
0  0 0 0  0 0 0
1  0.000000 0.000000 0.000000  1.570796 -0.000000 0.000000
2  -1.843768 -8.254290 -9.392370  1.518945 -0.037848 -2.257151
3  0.000001 13.479279 0.000001  0.180666 -0.000000 -0.000000
4  0.000000 13.477239 0.000000  -0.172669 -0.221982 0.159968
5  -0.267269 3.664726 -1.953293  0.570288 -0.108989 -1.360402
6  -0.000000 1.180354 0.000001  -0.005540 -0.036957 -1.399218
7  0.000001 0.817138 -0.000001  0.012298 -0.000007 -1.214275
8  -0.249422 3.688541 -0.940889  0.326191 -0.061559 -1.352632
9  0.000000 1.800633 0.000000  -0.000262 0.005352 -1.430232
10  0.000000 1.243406 0.000001  0.002269 0.006116 -1.286349
11  -0.244725 3.701095 0.087733  0.221244 0.005544 -1.361062
12  0.000001 1.766584 -0.000000  0.004189 0.001125 -1.481426
13  0.000001 1.189003 -0.000001  -0.004182 -0.017197 -1.374176
14  -0.277238 3.632248 1.274102  0.115075 0.054750 -1.366492
15  0.000000 1.798494 0.000000  0.002394 0.037772 -1.507786
16  0.000001 1.235451 -0.000001  -0.008167 -0.002510 -1.289887
17  0.315442 0.857300 0.755943  -0.761000 2.412031 -1.377325
18  0.000000 2.265940 -0.000001  -0.016207 -0.064542 -1.048595
19  0.000000 1.457809 0.000000  -0.051901 0.018546 -0.626230
20  -1.259681 3.818373 1.286946  0.115075 0.054750 -1.366492
21  -1.226390 3.891695 0.090419  0.221244 0.005544 -1.361061
22  -1.231622 3.875533 -0.958680  0.326191 -0.061560 -1.352632
23  -1.209918 3.994781 -2.003048  0.570288 -0.108989 -1.360402
24  0.328907 0.095429 1.403532  -0.761000 2.412031 -1.377325
25  -1.999319 -6.814621 17.415155  1.569415 -0.162877 -2.501058
26  13.824293 -20.103218 10.765717  -1.570796 -0.000000 -1.570796
27  -1.843768 -8.254290 -9.392370  -0.051945 -0.000000 -1.570796
28  0.433020 -11.755867 -21.000002  -0.083842 -0.009362 3.131152
29  0.000000 13.479277 -0.000002  0.167696 0.000000 0.000000
30  0.000000 13.477240 0.000001  -0.083756 0.010203 0.009620
31  0.267270 3.664728 -1.953293  -0.106568 0.025893 0.137951
32  -0.000000 1.180357 -0.000001  -0.036623 0.007435 0.177465
33  -0.000002 0.817138 0.000001  0.004200 0.011559 -0.007420
34  0.249423 3.688543 -0.940890  -0.060580 0.013550 0.130737
35  0.000001 1.800635 -0.000001  0.004940 -0.002077 0.208495
36  -0.000001 1.243411 0.000002  0.006524 0.000040 0.064626
37  0.244726 3.701097 0.087732  0.005036 -0.002373 0.139323
38  -0.000000 1.766588 -0.000002  0.002490 0.003552 0.259702
39  -0.000000 1.189003 0.000001  -0.017590 0.001952 0.152464
40  0.277239 3.632249 1.274101  0.054558 -0.010184 0.144732
41  -0.000001 1.798490 -0.000003  0.036314 -0.010668 0.285912
42  -0.000001 1.235457 0.000001  -0.005152 -0.006816 0.068190
43  -0.315441 0.857301 0.755942  1.684115 -0.560091 -1.563926
44  -0.000000 2.265939 0.000000  -0.057905 0.032805 0.238898
45  0.000001 1.457813 0.000000  -0.029609 -0.046490 -0.034285
46  1.259681 3.818376 1.286945  0.054558 -0.010184 0.144732
47  1.226391 3.891695 0.090419  0.005036 -0.002373 0.139324
48  1.231623 3.875536 -0.958680  -0.060580 0.013550 0.130737
49  1.209919 3.994783 -2.003048  -0.106568 0.025893 0.137951
50  -0.328906 0.095430 1.403531  1.684115 -0.560091 -1.563926
51  0.152561 -38.616215 -21.000004  -0.000000 0.000000 3.141593
52  0.152561 -25.166061 -36.000004  -1.570796 -0.000000 1.570796
53  0.433020 -11.755867 -21.000002  -0.051945 0.000000 1.570796
54  -6.696000 -11.361276 -10.471000  1.582499 -0.024064 -1.553243
55  10.000001 0.000000 -0.000000  0.000000 -0.000000 -0.000000
56  29.620380 2.666869 -0.000000  0.000000 -0.000000 -0.000000
57  3.664051 2.228525 -2.524774  1.570796 0.732815 -1.570796
58  3.490276 2.388510 1.331885  -0.000000 1.570796 0.000000
time 73
0  0 0 0  0 0 0
1  0.000000 0.000000 0.000000  1.570796 -0.000000 0.000000
2  -1.843768 -8.254290 -9.392370  1.518100 -0.037936 -2.257241
3  0.000002 13.479278 -0.000000  0.182389 0.000000 -0.000000
4  0.000000 13.477238 0.000001  -0.173262 -0.222061 0.160491
5  -0.267269 3.664724 -1.953293  0.570288 -0.108989 -1.360402
6  0.000001 1.180355 -0.000000  -0.005540 -0.036957 -1.399219
7  -0.000001 0.817135 0.000002  0.012298 -0.000007 -1.214275
8  -0.249423 3.688542 -0.940889  0.326191 -0.061559 -1.352632
9  0.000001 1.800632 -0.000000  -0.000262 0.005352 -1.430231
10  0.000001 1.243406 0.000001  0.002269 0.006116 -1.286349
11  -0.244727 3.701093 0.087733  0.221244 0.005544 -1.361061
12  -0.000000 1.766583 -0.000001  0.004189 0.001125 -1.481426
13  0.000000 1.189004 0.000001  -0.004182 -0.017197 -1.374176
14  -0.277239 3.632248 1.274102  0.115075 0.054750 -1.366492
15  -0.000000 1.798494 0.000000  0.002394 0.037772 -1.507786
16  0.000001 1.235452 -0.000000  -0.008167 -0.002510 -1.289887
17  0.315441 0.857299 0.755944  -0.761000 2.412031 -1.377326
18  -0.000001 2.265940 -0.000000  -0.016207 -0.064542 -1.048595
19  0.000000 1.457810 -0.000000  -0.051901 0.018546 -0.626230
20  -1.259682 3.818374 1.286946  0.115075 0.054750 -1.366492
21  -1.226391 3.891692 0.090419  0.221244 0.005544 -1.361061
22  -1.231623 3.875532 -0.958680  0.326191 -0.061560 -1.352632
23  -1.209919 3.994781 -2.003047  0.570287 -0.108989 -1.360402
24  0.328906 0.095427 1.403533  -0.761000 2.412031 -1.377326
25  -1.998020 -6.812633 17.412949  1.569848 -0.163239 -2.501425
26  13.824293 -20.103218 10.765717  -1.570796 -0.000000 -1.570796
27  -1.843768 -8.254290 -9.392370  -0.051945 -0.000000 -1.570796
28  0.433020 -11.755867 -21.000002  -0.083842 -0.009362 3.131152
29  0.000000 13.479277 -0.000002  0.167696 0.000000 0.000000
30  0.000000 13.477240 0.000001  -0.083756 0.010203 0.009620
31  0.267270 3.664728 -1.953293  -0.106568 0.025893 0.137951
32  -0.000000 1.180357 -0.000001  -0.036623 0.007435 0.177465
33  -0.000002 0.817138 0.000001  0.004200 0.011559 -0.007420
34  0.249423 3.688543 -0.940890  -0.060580 0.013550 0.130737
35  0.000001 1.800635 -0.000001  0.004940 -0.002077 0.208495
36  -0.000001 1.243411 0.000002  0.006524 0.000040 0.064626
37  0.244726 3.701097 0.087732  0.005036 -0.002373 0.139323
38  -0.000000 1.766588 -0.000002  0.002490 0.003552 0.259702
39  -0.000000 1.189003 0.000001  -0.017590 0.001952 0.152464
40  0.277239 3.632249 1.274101  0.054558 -0.010184 0.144732
41  -0.000001 1.798490 -0.000003  0.036314 -0.010668 0.285912
42  -0.000001 1.235457 0.000001  -0.005152 -0.006816 0.068190
43  -0.315441 0.857301 0.755942  1.684115 -0.560091 -1.563926
44  -0.000000 2.265939 0.000000  -0.057905 0.032805 0.238898
45  0.000001 1.457813 0.000000  -0.029609 -0.046490 -0.034285
46  1.259681 3.818376 1.286945  0.054558 -0.010184 0.144732
47  1.226391 3.891695 0.090419  0.005036 -0.002373 0.139324
48  1.231623 3.875536 -0.958680  -0.060580 0.013550 0.130737
49  1.209919 3.994783 -2.003048  -0.106568 0.025893 0.137951
50  -0.328906 0.095430 1.403531  1.684115 -0.560091 -1.563926
51  0.152561 -38.616215 -21.000004  -0.000000 0.000000 3.141593
52  0.152561 -25.166061 -36.000004  -1.570796 -0.000000 1.570796
53  0.433020 -11.755867 -21.000002  -0.051945 0.000000 1.570796
54  -6.696000 -11.361276 -10.471000  1.582192 -0.024617 -1.553201
55  9.999999 -0.000000 -0.000000  -0.000000 -0.000000 -0.000000
56  29.620377 2.666870 -0.000000  -0.000000 -0.000000 -0.000000
57  3.664051 2.228527 -2.524774  1.570796 0.732815 -1.570796
58  3.490277 2.388510 1.331885  -0.000000 1.570796 0.000000
time 74
0  0 0 0  0 0 0
1  0.000000 0.000000 0.000000  1.570796 -0.000000 0.000000
2  -1.843768 -8.254290 -9.392370  1.517248 -0.038020 -2.257327
3  0.000001 13.479277 0.000000  0.184099 0.000000 -0.000000
4  -0.000000 13.477238 0.000000  -0.173857 -0.222194 0.161019
5  -0.267269 3.664725 -1.953293  0.570287 -0.108989 -1.360402
6  0.000002 1.180355 -0.000000  -0.005540 -0.036957 -1.399219
7  -0.000001 0.817135 0.000000  0.012298 -0.000007 -1.214275
8  -0.249423 3.688539 -0.940889  0.326191 -0.061560 -1.352632
9  -0.000003 1.800635 0.000001  -0.000262 0.005352 -1.430231
10  -0.000000 1.243405 0.000000  0.002269 0.006116 -1.286349
11  -0.244726 3.701093 0.087733  0.221244 0.005544 -1.361062
12  -0.000002 1.766585 -0.000000  0.004189 0.001125 -1.481426
13  0.000001 1.189006 -0.000000  -0.004182 -0.017197 -1.374176
14  -0.277240 3.632247 1.274102  0.115075 0.054751 -1.366492
15  0.000000 1.798494 0.000000  0.002394 0.037772 -1.507786
16  -0.000001 1.235451 -0.000000  -0.008167 -0.002510 -1.289887
17  0.315441 0.857298 0.755944  -0.761000 2.412031 -1.377325
18  -0.000001 2.265940 -0.000000  -0.016207 -0.064542 -1.048595
19  0.000000 1.457813 0.000001  -0.051901 0.018546 -0.626230
20  -1.259681 3.818372 1.286946  0.115075 0.054750 -1.366492
21  -1.226391 3.891692 0.090420  0.221244 0.005544 -1.361061
22  -1.231623 3.875534 -0.958680  0.326191 -0.061560 -1.352632
23  -1.209920 3.994779 -2.003047  0.570288 -0.108989 -1.360402
24  0.328906 0.095426 1.403533  -0.761000 2.412031 -1.377325
25  -1.996505 -6.810952 17.410755  1.570269 -0.163598 -2.501841
26  13.824293 -20.103218 10.765717  -1.570796 -0.000000 -1.570796
27  -1.843768 -8.254290 -9.392370  -0.051945 -0.000000 -1.570796
28  0.433020 -11.755867 -21.000002  -0.083842 -0.009362 3.131152
29  0.000000 13.479277 -0.000002  0.167696 0.000000 0.000000
30  0.000000 13.477240 0.000001  -0.083756 0.010203 0.009620
31  0.267270 3.664728 -1.953293  -0.106568 0.025893 0.137951
32  -0.000000 1.180357 -0.000001  -0.036623 0.007435 0.177465
33  -0.000002 0.817138 0.000001  0.004200 0.011559 -0.007420
34  0.249423 3.688543 -0.940890  -0.060580 0.013550 0.130737
35  0.000001 1.800635 -0.000001  0.004940 -0.002077 0.208495
36  -0.000001 1.243411 0.000002  0.006524 0.000040 0.064626
37  0.244726 3.701097 0.087732  0.005036 -0.002373 0.139323
38  -0.000000 1.766588 -0.000002  0.002490 0.003552 0.259702
39  -0.000000 1.189003 0.000001  -0.017590 0.001952 0.152464
40  0.277239 3.632249 1.274101  0.054558 -0.010184 0.144732
41  -0.000001 1.798490 -0.000003  0.036314 -0.010668 0.285912
42  -0.000001 1.235457 0.000001  -0.005152 -0.006816 0.068190
43  -0.315441 0.857301 0.755942  1.684115 -0.560091 -1.563926
44  -0.000000 2.265939 0.000000  -0.057905 0.032805 0.238898
45  0.000001 1.457813 0.000000  -0.029609 -0.046490 -0.034285
46  1.259681 3.818376 1.286945  0.054558 -0.010184 0.144732
47  1.226391 3.891695 0.090419  0.005036 -0.002373 0.139324
48  1.231623 3.875536 -0.958680  -0.060580 0.013550 0.130737
49  1.209919 3.994783 -2.003048  -0.106568 0.025893 0.137951
50  -0.328906 0.095430 1.403531  1.684115 -0.560091 -1.563926
51  0.152561 -38.616215 -21.000004  -0.000000 0.000000 3.141593
52  0.152561 -25.166061 -36.000004  -1.570796 -0.000000 1.570796
53  0.433020 -11.755867 -21.000002  -0.051945 0.000000 1.570796
54  -6.696000 -11.361276 -10.471000  1.581834 -0.025159 -1.553151
55  10.000000 0.000002 -0.000000  0.000000 -0.000000 -0.000000
56  29.620378 2.666869 -0.000000  0.000000 -0.000000 -0.000000
57  3.664052 2.228524 -2.524774  1.570796 0.732815 -1.570796
58  3.490277 2.388511 1.331885  -0.000000 1.570796 0.000000
time 75
0  0 0 0  0 0 0
1  0.000000 0.000000 0.000000  1.570796 -0.000000 0.000000
2  -1.843768 -8.254290 -9.392370  1.516392 -0.038099 -2.257409
3  0.000001 13.479277 0.000000  0.185786 0.000000 -0.000000
4  -0.000001 13.477239 0.000001  -0.174450 -0.222379 0.161551
5  -0.267271 3.664725 -1.953292  0.570288 -0.108989 -1.360402
6  0.000000 1.180356 -0.000000  -0.005540 -0.036957 -1.399219
7  0.000000 0.817138 -0.000000  0.012298 -0.000007 -1.214275
8  -0.249424 3.688538 -0.940888  0.326191 -0.061560 -1.352632
9  0.000001 1.800631 0.000001  -0.000262 0.005352 -1.430231
10  0.000001 1.243406 -0.000000  0.002269 0.006116 -1.286349
11  -0.244728 3.701093 0.087733  0.221244 0.005544 -1.361062
12  0.000001 1.766584 -0.000001  0.004189 0.001125 -1.481426
13  0.000000 1.189003 -0.000000  -0.004182 -0.017197 -1.374176
14  -0.277240 3.632246 1.274103  0.115075 0.054750 -1.366492
15  -0.000002 1.798496 0.000000  0.002394 0.037772 -1.507786
16  -0.000000 1.235450 0.000000  -0.008167 -0.002510 -1.289887
17  0.315440 0.857299 0.755945  -0.760999 2.412031 -1.377325
18  0.000000 2.265940 0.000000  -0.016207 -0.064542 -1.048595
19  0.000000 1.457813 0.000000  -0.051901 0.018546 -0.626230
20  -1.259682 3.818373 1.286947  0.115075 0.054750 -1.366492
21  -1.226391 3.891693 0.090420  0.221244 0.005544 -1.361061
22  -1.231624 3.875534 -0.958680  0.326191 -0.061560 -1.352632
23  -1.209920 3.994780 -2.003047  0.570288 -0.108989 -1.360402
24  0.328905 0.095425 1.403534  -0.761000 2.412031 -1.377325
25  -1.994779 -6.809591 17.408588  1.570676 -0.163953 -2.502304
26  13.824293 -20.103218 10.765717  -1.570796 -0.000000 -1.570796
27  -1.843768 -8.254290 -9.392370  -0.051945 -0.000000 -1.570796
28  0.433020 -11.755867 -21.000002  -0.083842 -0.009362 3.131152
29  0.000000 13.479277 -0.000002  0.167696 0.000000 0.000000
30  0.000000 13.477240 0.000001  -0.083756 0.010203 0.009620
31  0.267270 3.664728 -1.953293  -0.106568 0.025893 0.137951
32  -0.000000 1.180357 -0.000001  -0.036623 0.007435 0.177465
33  -0.000002 0.817138 0.000001  0.004200 0.011559 -0.007420
34  0.249423 3.688543 -0.940890  -0.060580 0.013550 0.130737
35  0.000001 1.800635 -0.000001  0.004940 -0.002077 0.208495
36  -0.000001 1.243411 0.000002  0.006524 0.000040 0.064626
37  0.244726 3.701097 0.087732  0.005036 -0.002373 0.139323
38  -0.000000 1.766588 -0.000002  0.002490 0.003552 0.259702
39  -0.000000 1.189003 0.000001  -0.017590 0.001952 0.152464
40  0.277239 3.632249 1.274101  0.054558 -0.010184 0.144732
41  -0.000001 1.798490 -0.000003  0.036314 -0.010668 0.285912
42  -0.000001 1.235457 0.000001  -0.005152 -0.006816 0.068190
43  -0.315441 0.857301 0.755942  1.684115 -0.560091 -1.563926
44  -0.000000 2.265939 0.000000  -0.057905 0.032805 0.238898
45  0.000001 1.457813 0.000000  -0.029609 -0.046490 -0.034285
46  1.259681 3.818376 1.286945  0.054558 -0.010184 0.144732
47  1.226391 3.891695 0.090419  0.005036 -0.002373 0.139324
48  1.231623 3.875536 -0.958680  -0.060580 0.013550 0.130737
49  1.209919 3.994783 -2.003048  -0.106568 0.025893 0.137951
50  -0.328906 0.095430 1.403531  1.684115 -0.560091 -1.563926
51  0.152561 -38.616215 -21.000004  -0.000000 0.000000 3.141593
52  0.152561 -25.166061 -36.000004  -1.570796 -0.000000 1.570796
53  0.433020 -11.755867 -21.000002  -0.051945 0.000000 1.570796
54  -6.696000 -11.361276 -10.471000  1.581428 -0.025685 -1.553096
55  10.000001 0.000000 -0.000000  0.000000 -0.000000 -0.000000
56  29.620382 2.666869 -0.000001  0.000000 -0.000000 -0.000000
57  3.664052 2.228527 -2.524774  1.570796 0.732815 -1.570796
58  3.490277 2.388509 1.331886  0.000000 1.570796 0.000000
time 76
0  0 0 0  0 0 0
1  0.000000 0.000000 0.000000  1.570796 -0.000000 0.000000
2  -1.843768 -8.254290 -9.392370  1.515538 -0.038175 -2.257487
3  0.000002 13.479276 -0.000000  0.187444 -0.000000 -0.000000
4  0.000000 13.477242 -0.000000  -0.175039 -0.222618 0.162084
5  -0.267269 3.664726 -1.953293  0.570288 -0.108989 -1.360402
6  0.000000 1.180355 -0.000002  -0.005540 -0.036957 -1.399218
7  -0.000002 0.817133 0.000000  0.012298 -0.000007 -1.214275
8  -0.249423 3.688541 -0.940889  0.326191 -0.061560 -1.352631
9  -0.000001 1.800632 -0.000001  -0.000262 0.005352 -1.430231
10  -0.000001 1.243403 -0.000000  0.002269 0.006116 -1.286349
11  -0.244726 3.701096 0.087733  0.221244 0.005544 -1.361061
12  -0.000000 1.766584 0.000001  0.004189 0.001125 -1.481426
13  0.000001 1.189005 0.000001  -0.004182 -0.017197 -1.374176
14  -0.277239 3.632247 1.274102  0.115075 0.054750 -1.366492
15  0.000002 1.798494 0.000001  0.002394 0.037772 -1.507786
16  0.000000 1.235453 0.000000  -0.008167 -0.002510 -1.289887
17  0.315442 0.857299 0.755944  -0.761000 2.412031 -1.377325
18  -0.000001 2.265939 0.000001  -0.016207 -0.064542 -1.048595
19  -0.000000 1.457812 -0.000000  -0.051901 0.018546 -0.626230
20  -1.259681 3.818375 1.286945  0.115075 0.054750 -1.366492
21  -1.226390 3.891694 0.090419  0.221244 0.005544 -1.361061
22  -1.231622 3.875535 -0.958680  0.326191 -0.061560 -1.352632
23  -1.209918 3.994782 -2.003047  0.570288 -0.108989 -1.360402
24  0.328907 0.095430 1.403533  -0.761000 2.412031 -1.377326
25  -1.992846 -6.808556 17.406458  1.571066 -0.164301 -2.502813
26  13.824293 -20.103218 10.765717  -1.570796 -0.000000 -1.570796
27  -1.843768 -8.254290 -9.392370  -0.051945 -0.000000 -1.570796
28  0.433020 -11.755867 -21.000002  -0.083842 -0.009362 3.131152
29  0.000000 13.479277 -0.000002  0.167696 0.000000 0.000000
30  0.000000 13.477240 0.000001  -0.083756 0.010203 0.009620
31  0.267270 3.664728 -1.953293  -0.106568 0.025893 0.137951
32  -0.000000 1.180357 -0.000001  -0.036623 0.007435 0.177465
33  -0.000002 0.817138 0.000001  0.004200 0.011559 -0.007420
34  0.249423 3.688543 -0.940890  -0.060580 0.013550 0.130737
35  0.000001 1.800635 -0.000001  0.004940 -0.002077 0.208495
36  -0.000001 1.243411 0.000002  0.006524 0.000040 0.064626
37  0.244726 3.701097 0.087732  0.005036 -0.002373 0.139323
38  -0.000000 1.766588 -0.000002  0.002490 0.003552 0.259702
39  -0.000000 1.189003 0.000001  -0.017590 0.001952 0.152464
40  0.277239 3.632249 1.274101  0.054558 -0.010184 0.144732
41  -0.000001 1.798490 -0.000003  0.036314 -0.010668 0.285912
42  -0.000001 1.235457 0.000001  -0.005152 -0.006816 0.068190
43  -0.315441 0.857301 0.755942  1.684115 -0.560091 -1.563926
44  -0.000000 2.265939 0.000000  -0.057905 0.032805 0.238898
45  0.000001 1.457813 0.000000  -0.029609 -0.046490 -0.034285
46  1.259681 3.818376 1.286945  0.054558 -0.010184 0.144732
47  1.226391 3.891695 0.090419  0.005036 -0.002373 0.139324
48  1.231623 3.875536 -0.958680  -0.060580 0.013550 0.130737
49  1.209919 3.994783 -2.003048  -0.106568 0.025893 0.137951
50  -0.328906 0.095430 1.403531  1.684115 -0.560091 -1.563926
51  0.152561 -38.616215 -21.000004  -0.000000 0.000000 3.141593
52  0.152561 -25.166061 -36.000004  -1.570796 -0.000000 1.570796
53  0.433020 -11.755867 -21.000002  -0.051945 0.000000 1.570796
54  -6.696000 -11.361276 -10.471000  1.580974 -0.026195 -1.553034
55  10.000000 0.000001 0.000000  -0.000000 -0.000000 -0.000000
56  29.620378 2.666869 -0.000000  -0.000000 -0.000000 -0.000000
57  3.664052 2.228526 -2.524774  1.570796 0.732815 -1.570796
58  3.490277 2.388510 1.331885  0.000000 1.570796 0.000000
time 77
0  0 0 0  0 0 0
1  0.000000 0.000000 0.000000  1.570796 -0.000000 0.000000
2  -1.843768 -8.254290 -9.392370  1.514690 -0.038246 -2.257560
3  0.000001 13.479277 0.000000  0.189063 -0.000000 -0.000000
4  -0.000000 13.477238 -0.000000  -0.175620 -0.222910 0.162615
5  -0.267269 3.664725 -1.953294  0.570288 -0.108989 -1.360402
6  -0.000001 1.180355 0.000001  -0.005540 -0.036957 -1.399219
7  0.000000 0.817135 -0.000000  0.012298 -0.000007 -1.214275
8  -0.249422 3.688540 -0.940889  0.326191 -0.061559 -1.352632
9  -0.000001 1.800633 -0.000000  -0.000262 0.005352 -1.430232
10  0.000001 1.243408 -0.000000  0.002269 0.006116 -1.286350
11  -0.244726 3.701095 0.087732  0.221244 0.005544 -1.361061
12  0.000000 1.766584 -0.000001  0.004189 0.001125 -1.481426
13  -0.000001 1.189002 -0.000002  -0.004182 -0.017197 -1.374175
14  -0.277239 3.632247 1.274102  0.115075 0.054750 -1.366492
15  0.000001 1.798495 -0.000000  0.002394 0.037772 -1.507786
16  -0.000001 1.235452 0.000001  -0.008167 -0.002510 -1.289887
17  0.315441 0.857302 0.755943  -0.761000 2.412031 -1.377326
18  -0.000001 2.265938 0.000000  -0.016207 -0.064542 -1.048595
19  -0.000000 1.457812 -0.000000  -0.051901 0.018546 -0.626230
20  -1.259681 3.818373 1.286945  0.115075 0.054750 -1.366492
21  -1.226390 3.891693 0.090419  0.221244 0.005544 -1.361061
22  -1.231623 3.875534 -0.958680  0.326191 -0.061560 -1.352631
23  -1.209919 3.994781 -2.003048  0.570288 -0.108989 -1.360402
24  0.328906 0.095428 1.403532  -0.761000 2.412031 -1.377325
25  -1.990716 -6.807858 17.404379  1.571440 -0.164642 -2.503367
26  13.824293 -20.103218 10.765717  -1.570796 -0.000000 -1.570796
27  -1.843768 -8.254290 -9.392370  -0.051945 -0.000000 -1.570796
28  0.433020 -11.755867 -21.000002  -0.083842 -0.009362 3.131152
29  0.000000 13.479277 -0.000002  0.167696 0.000000 0.000000
30  0.000000 13.477240 0.000001  -0.083756 0.010203 0.009620
31  0.267270 3.664728 -1.953293  -0.106568 0.025893 0.137951
32  -0.000000 1.180357 -0.000001  -0.036623 0.007435 0.177465
33  -0.000002 0.817138 0.000001  0.004200 0.011559 -0.007420
34  0.249423 3.688543 -0.940890  -0.060580 0.013550 0.130737
35  0.000001 1.800635 -0.000001  0.004940 -0.002077 0.208495
36  -0.000001 1.243411 0.000002  0.006524 0.000040 0.064626
37  0.244726 3.701097 0.087732  0.005036 -0.002373 0.139323
38  -0.000000 1.766588 -0.000002  0.002490 0.003552 0.259702
39  -0.000000 1.189003 0.000001  -0.017590 0.001952 0.152464
40  0.277239 3.632249 1.274101  0.054558 -0.010184 0.144732
41  -0.000001 1.798490 -0.000003  0.036314 -0.010668 0.285912
42  -0.000001 1.235457 0.000001  -0.005152 -0.006816 0.068190
43  -0.315441 0.857301 0.755942  1.684115 -0.560091 -1.563926
44  -0.000000 2.265939 0.000000  -0.057905 0.032805 0.238898
45  0.000001 1.457813 0.000000  -0.029609 -0.046490 -0.034285
46  1.259681 3.818376 1.286945  0.054558 -0.010184 0.144732
47  1.226391 3.891695 0.090419  0.005036 -0.002373 0.139324
48  1.231623 3.875536 -0.958680  -0.060580 0.013550 0.130737
49  1.209919 3.994783 -2.003048  -0.106568 0.025893 0.137951
50  -0.328906 0.095430 1.403531  1.684115 -0.560091 -1.563926
51  0.152561 -38.616215 -21.000004  -0.000000 0.000000 3.141593
52  0.152561 -25.166061 -36.000004  -1.570796 -0.000000 1.570796
53  0.433020 -11.755867 -21.000002  -0.051945 0.000000 1.570796
54  -6.696000 -11.361276 -10.471000  1.580472 -0.026684 -1.552967
55  10.000004 -0.000001 -0.000000  0.000000 -0.000000 0.000000
56  29.620380 2.666867 -0.000000  0.000000 -0.000000 0.000000
57  3.664052 2.228524 -2.524774  1.570796 0.732815 -1.570796
58  3.490277 2.388508 1.331885  -0.000000 1.570796 0.000000
time 78
0  0 0 0  0 0 0
1  0.000000 0.000000 0.000000  1.570796 -0.000000 0.000000
2  -1.843768 -8.254290 -9.392370  1.513848 -0.038311 -2.257627
3  0.000002 13.479277 0.000000  0.190640 0.000000 -0.000000
4  -0.000000 13.477238 -0.000000  -0.176193 -0.223255 0.163144
5  -0.267269 3.664725 -1.953293  0.570288 -0.108989 -1.360402
6  0.000000 1.180355 -0.000001  -0.005540 -0.036957 -1.399219
7  0.000001 0.817138 0.000001  0.012298 -0.000007 -1.214275
8  -0.249422 3.688540 -0.940889  0.326191 -0.061560 -1.352631
9  -0.000001 1.800634 -0.000001  -0.000262 0.005352 -1.430231
10  -0.000001 1.243405 -0.000001  0.002269 0.006116 -1.286349
11  -0.244726 3.701094 0.087733  0.221244 0.005544 -1.361061
12  0.000000 1.766585 0.000000  0.004189 0.001125 -1.481426
13  -0.000001 1.189004 -0.000001  -0.004182 -0.017197 -1.374175
14  -0.277239 3.632247 1.274102  0.115074 0.054750 -1.366491
15  0.000001 1.798495 -0.000000  0.002394 0.037772 -1.507785
16  -0.000000 1.235449 0.000001  -0.008167 -0.002510 -1.289886
17  0.315441 0.857297 0.755944  -0.761000 2.412031 -1.377326
18  -0.000003 2.265939 0.000001  -0.016207 -0.064542 -1.048595
19  -0.000000 1.457811 -0.000000  -0.051901 0.018546 -0.626230
20  -1.259681 3.818372 1.286946  0.115075 0.054750 -1.366492
21  -1.226390 3.891692 0.090419  0.221244 0.005544 -1.361061
22  -1.231623 3.875531 -0.958680  0.326191 -0.061560 -1.352632
23  -1.209919 3.994780 -2.003047  0.570288 -0.108989 -1.360402
24  0.328906 0.095426 1.403532  -0.761000 2.412031 -1.377325
25  -1.988392 -6.807506 17.402355  1.571793 -0.164973 -2.503963
26  13.824293 -20.103218 10.765717  -1.570796 -0.000000 -1.570796
27  -1.843768 -8.254290 -9.392370  -0.051945 -0.000000 -1.570796
28  0.433020 -11.755867 -21.000002  -0.083842 -0.009362 3.131152
29  0.000000 13.479277 -0.000002  0.167696 0.000000 0.000000
30  0.000000 13.477240 0.000001  -0.083756 0.010203 0.009620
31  0.267270 3.664728 -1.953293  -0.106568 0.025893 0.137951
32  -0.000000 1.180357 -0.000001  -0.036623 0.007435 0.177465
33  -0.000002 0.817138 0.000001  0.004200 0.011559 -0.007420
34  0.249423 3.688543 -0.940890  -0.060580 0.013550 0.130737
35  0.000001 1.800635 -0.000001  0.004940 -0.002077 0.208495
36  -0.000001 1.243411 0.000002  0.006524 0.000040 0.064626
37  0.244726 3.701097 0.087732  0.005036 -0.002373 0.139323
38  -0.000000 1.766588 -0.000002  0.002490 0.003552 0.259702
39  -0.000000 1.189003 0.000001  -0.017590 0.001952 0.152464
40  0.277239 3.632249 1.274101  0.054558 -0.010184 0.144732
41  -0.000001 1.798490 -0.000003  0.036314 -0.010668 0.285912
42  -0.000001 1.235457 0.000001  -0.005152 -0.006816 0.068190
43  -0.315441 0.857301 0.755942  1.684115 -0.560091 -1.563926
44  -0.000000 2.265939 0.000000  -0.057905 0.032805 0.238898
45  0.000001 1.457813 0.000000  -0.029609 -0.046490 -0.034285
46  1.259681 3.818376 1.286945  0.054558 -0.010184 0.144732
47  1.226391 3.891695 0.090419  0.005036 -0.002373 0.139324
48  1.231623 3.875536 -0.958680  -0.060580 0.013550 0.130737
49  1.209919 3.994783 -2.003048  -0.106568 0.025893 0.137951
50  -0.328906 0.095430 1.403531  1.684115 -0.560091 -1.563926
51  0.152561 -38.616215 -21.000004  -0.000000 0.000000 3.141593
52  0.152561 -25.166061 -36.000004  -1.570796 -0.000000 1.570796
53  0.433020 -11.755867 -21.000002  -0.051945 0.000000 1.570796
54  -6.696000 -11.361276 -10.471000  1.579925 -0.027152 -1.552894
55  9.999999 0.000000 0.000000  0.000000 0.000000 0.000000
56  29.620378 2.666868 -0.000000  0.000000 0.000000 0.000000
57  3.664051 2.228524 -2.524774  1.570796 0.732815 -1.570796
58  3.490277 2.388509 1.331886  -0.000000 1.570796 0.000000
time 79
0  0 0 0  0 0 0
1  0.000000 0.000000 0.000000  1.570796 -0.000000 0.000000
2  -1.843768 -8.254290 -9.392370  1.513017 -0.038371 -2.257688
3  0.000002 13.479277 0.000000  0.192167 0.000000 -0.000000
4  -0.000000 13.477237 0.000000  -0.176756 -0.223653 0.163667
5  -0.267269 3.664726 -1.953293  0.570288 -0.108989 -1.360402
6  -0.000000 1.180355 0.000000  -0.005540 -0.036957 -1.399218
7  -0.000001 0.817135 -0.000001  0.012298 -0.000007 -1.214275
8  -0.249422 3.688540 -0.940889  0.326191 -0.061559 -1.352632
9  0.000002 1.800633 0.000000  -0.000262 0.005352 -1.430231
10  0.000000 1.243406 0.000000  0.002269 0.006116 -1.286349
11  -0.244726 3.701095 0.087733  0.221244 0.005544 -1.361061
12  0.000001 1.766584 0.000000  0.004189 0.001125 -1.481426
13  -0.000001 1.189004 0.000000  -0.004182 -0.017197 -1.374175
14  -0.277239 3.632248 1.274102  0.115075 0.054750 -1.366492
15  0.000001 1.798495 0.000001  0.002394 0.037772 -1.507786
16  0.000001 1.235451 -0.000001  -0.008167 -0.002510 -1.289887
17  0.315442 0.857299 0.755944  -0.761000 2.412031 -1.377326
18  -0.000001 2.265938 -0.000000  -0.016207 -0.064542 -1.048595
19  0.000000 1.457809 -0.000000  -0.051901 0.018546 -0.626230
20  -1.259681 3.818373 1.286946  0.115075 0.054750 -1.366492
21  -1.226390 3.891692 0.090419  0.221244 0.005544 -1.361061
22  -1.231623 3.875531 -0.958681  0.326191 -0.061560 -1.352632
23  -1.209918 3.994781 -2.003048  0.570287 -0.108989 -1.360402
24  0.328906 0.095428 1.403533  -0.761000 2.412031 -1.377325
25  -1.985882 -6.807508 17.400398  1.572126 -0.165294 -2.504601
26  13.824293 -20.103218 10.765717  -1.570796 -0.000000 -1.570796
27  -1.843768 -8.254290 -9.392370  -0.051945 -0.000000 -1.570796
28  0.433020 -11.755867 -21.000002  -0.083842 -0.009362 3.131152
29  0.000000 13.479277 -0.000002  0.167696 0.000000 0.000000
30  0.000000 13.477240 0.000001  -0.083756 0.010203 0.009620
31  0.267270 3.664728 -1.953293  -0.106568 0.025893 0.137951
32  -0.000000 1.180357 -0.000001  -0.036623 0.007435 0.177465
33  -0.000002 0.817138 0.000001  0.004200 0.011559 -0.007420
34  0.249423 3.688543 -0.940890  -0.060580 0.013550 0.130737
35  0.000001 1.800635 -0.000001  0.004940 -0.002077 0.208495
36  -0.000001 1.243411 0.000002  0.006524 0.000040 0.064626
37  0.244726 3.701097 0.087732  0.005036 -0.002373 0.139323
38  -0.000000 1.766588 -0.000002  0.002490 0.003552 0.259702
39  -0.000000 1.189003 0.000001  -0.017590 0.001952 0.152464
40  0.277239 3.632249 1.274101  0.054558 -0.010184 0.144732
41  -0.000001 1.798490 -0.000003  0.036314 -0.010668 0.285912
42  -0.000001 1.235457 0.000001  -0.005152 -0.006816 0.068190
43  -0.315441 0.857301 0.755942  1.684115 -0.560091 -1.563926
44  -0.000000 2.265939 0.000000  -0.057905 0.032805 0.238898
45  0.000001 1.457813 0.000000  -0.029609 -0.046490 -0.034285
46  1.259681 3.818376 1.286945  0.054558 -0.010184 0.144732
47  1.226391 3.891695 0.090419  0.005036 -0.002373 0.139324
48  1.231623 3.875536 -0.958680  -0.060580 0.013550 0.130737
49  1.209919 3.994783 -2.003048  -0.106568 0.025893 0.137951
50  -0.328906 0.095430 1.403531  1.684115 -0.560091 -1.563926
51  0.152561 -38.616215 -21.000004  -0.000000 0.000000 3.141593
52  0.152561 -25.166061 -36.000004  -1.570796 -0.000000 1.570796
53  0.433020 -11.755867 -21.000002  -0.051945 0.000000 1.570796
54  -6.696000 -11.361276 -10.471000  1.579334 -0.027596 -1.552816
55  10.000001 0.000001 -0.000001  0.000000 0.000000 0.000000
56  29.620384 2.666870 -0.000001  0.000000 0.000000 0.000000
57  3.664051 2.228526 -2.524774  1.570796 0.732815 -1.570796
58  3.490277 2.388510 1.331885  -0.000000 1.570796 0.000000
time 80
0  0 0 0  0 0 0
1  0.000000 0.000000 0.000000  1.570796 -0.000000 0.000000
2  -1.843768 -8.254290 -9.392370  1.512199 -0.038424 -2.257743
3  0.000002 13.479278 -0.000001  0.193640 0.000000 -0.000000
4  0.000000 13.477237 -0.000000  -0.177306 -0.224103 0.164184
5  -0.267269 3.664726 -1.953293  0.570288 -0.108989 -1.360402
6  -0.000001 1.180356 -0.000000  -0.005540 -0.036957 -1.399219
7  -0.000000 0.817136 -0.000000  0.012298 -0.000007 -1.214275
8  -0.249422 3.688541 -0.940889  0.326191 -0.061559 -1.352632
9  -0.000000 1.800633 0.000000  -0.000262 0.005352 -1.430232
10  0.000000 1.243407 0.000001  0.002269 0.006116 -1.286350
11  -0.244726 3.701096 0.087733  0.221244 0.005544 -1.361061
12  0.000001 1.766585 0.000000  0.004189 0.001125 -1.481426
13  -0.000000 1.189003 0.000000  -0.004182 -0.017197 -1.374176
14  -0.277239 3.632247 1.274102  0.115075 0.054750 -1.366492
15  -0.000003 1.798495 0.000001  0.002394 0.037772 -1.507786
16  -0.000001 1.235451 -0.000000  -0.008167 -0.002510 -1.289887
17  0.315441 0.857300 0.755944  -0.761000 2.412031 -1.377325
18  0.000000 2.265940 0.000000  -0.016207 -0.064542 -1.048595
19  0.000000 1.457811 -0.000000  -0.051901 0.018546 -0.626230
20  -1.259681 3.818375 1.286946  0.115075 0.054750 -1.366492
21  -1.226390 3.891693 0.090419  0.221244 0.005544 -1.361061
22  -1.231623 3.875532 -0.958680  0.326191 -0.061560 -1.352632
23  -1.209919 3.994782 -2.003048  0.570288 -0.108989 -1.360402
24  0.328906 0.095428 1.403533  -0.761000 2.412031 -1.377326
25  -1.983190 -6.807873 17.398518  1.572437 -0.165601 -2.505279
26  13.824293 -20.103218 10.765717  -1.570796 -0.000000 -1.570796
27  -1.843768 -8.254290 -9.392370  -0.051945 -0.000000 -1.570796
28  0.433020 -11.755867 -21.000002  -0.083842 -0.009362 3.131152
29  0.000000 13.479277 -0.000002  0.167696 0.000000 0.000000
30  0.000000 13.477240 0.000001  -0.083756 0.010203 0.009620
31  0.267270 3.664728 -1.953293  -0.106568 0.025893 0.137951
32  -0.000000 1.180357 -0.000001  -0.036623 0.007435 0.177465
33  -0.000002 0.817138 0.000001  0.004200 0.011559 -0.007420
34  0.249423 3.688543 -0.940890  -0.060580 0.013550 0.130737
35  0.000001 1.800635 -0.000001  0.004940 -0.002077 0.208495
36  -0.000001 1.243411 0.000002  0.006524 0.000040 0.064626
37  0.244726 3.701097 0.087732  0.005036 -0.002373 0.139323
38  -0.000000 1.766588 -0.000002  0.002490 0.003552 0.259702
39  -0.000000 1.189003 0.000001  -0.017590 0.001952 0.152464
40  0.277239 3.632249 1.274101  0.054558 -0.010184 0.144732
41  -0.000001 1.798490 -0.000003  0.036314 -0.010668 0.285912
42  -0.000001 1.235457 0.000001  -0.005152 -0.006816 0.068190
43  -0.315441 0.857301 0.755942  1.684115 -0.560091 -1.563926
44  -0.000000 2.265939 0.000000  -0.057905 0.032805 0.238898
45  0.000001 1.457813 0.000000  -0.029609 -0.046490 -0.034285
46  1.259681 3.818376 1.286945  0.054558 -0.010184 0.144732
47  1.226391 3.891695 0.090419  0.005036 -0.002373 0.139324
48  1.231623 3.875536 -0.958680  -0.060580 0.013550 0.130737
49  1.209919 3.994783 -2.003048  -0.106568 0.025893 0.137951
50  -0.328906 0.095430 1.403531  1.684115 -0.560091 -1.563926
51  0.152561 -38.616215 -21.000004  -0.000000 0.000000 3.141593
52  0.152561 -25.166061 -36.000004  -1.570796 -0.000000 1.570796
53  0.433020 -11.755867 -21.000002  -0.051945 0.000000 1.570796
54  -6.696000 -11.361276 -10.471000  1.578699 -0.028014 -1.552733
55  9.999999 0.000001 -0.000001  -0.000000 -0.000000 -0.000000
56  29.620378 2.666869 -0.000001  -0.000000 -0.000000 -0.000000
57  3.664051 2.228526 -2.524774  1.570796 0.732815 -1.570796
58  3.490276 2.388510 1.331885  -0.000000 1.570796 0.000000
time 81
0  0 0 0  0 0 0
1  0.000000 0.000000 0.000000  1.570796 -0.000000 0.000000
2  -1.843768 -8.254290 -9.392370  1.511399 -0.038472 -2.257792
3  0.000001 13.479276 -0.000000  0.195049 0.000000 -0.000000
4  0.000000 13.477239 -0.000000  -0.177840 -0.224606 0.164691
5  -0.267270 3.664728 -1.953293  0.570288 -0.108989 -1.360402
6  0.000002 1.180354 0.000001  -0.005540 -0.036957 -1.399219
7  -0.000001 0.817136 0.000001  0.012298 -0.000007 -1.214275
8  -0.249423 3.688541 -0.940888  0.326191 -0.061560 -1.352632
9  0.000003 1.800632 0.000000  -0.000262 0.005352 -1.430231
10  -0.000001 1.243407 -0.000000  0.002269 0.006116 -1.286349
11  -0.244727 3.701097 0.087734  0.221244 0.005544 -1.361062
12  0.000001 1.766583 0.000000  0.004189 0.001125 -1.481426
13  0.000001 1.189003 0.000000  -0.004182 -0.017197 -1.374176
14  -0.277239 3.632248 1.274103  0.115075 0.054750 -1.366492
15  -0.000000 1.798495 0.000001  0.002394 0.037772 -1.507786
16  -0.000001 1.235452 -0.000000  -0.008167 -0.002510 -1.289887
17  0.315441 0.857302 0.755944  -0.761000 2.412031 -1.377325
18  0.000001 2.265942 -0.000000  -0.016207 -0.064542 -1.048595
19  0.000000 1.457814 -0.000000  -0.051901 0.018546 -0.626230
20  -1.259682 3.818375 1.286947  0.115075 0.054750 -1.366492
21  -1.226391 3.891694 0.090420  0.221244 0.005544 -1.361061
22  -1.231623 3.875535 -0.958679  0.326191 -0.061560 -1.352632
23  -1.209919 3.994782 -2.003047  0.570288 -0.108989 -1.360402
24  0.328906 0.095429 1.403533  -0.761000 2.412031 -1.377325
25  -1.980323 -6.808609 17.396727  1.572722 -0.165894 -2.505996
26  13.824293 -20.103218 10.765717  -1.570796 -0.000000 -1.570796
27  -1.843768 -8.254290 -9.392370  -0.051945 -0.000000 -1.570796
28  0.433020 -11.755867 -21.000002  -0.083842 -0.009362 3.131152
29  0.000000 13.479277 -0.000002  0.167696 0.000000 0.000000
30  0.000000 13.477240 0.000001  -0.083756 0.010203 0.009620
31  0.267270 3.664728 -1.953293  -0.106568 0.025893 0.137951
32  -0.000000 1.180357 -0.000001  -0.036623 0.007435 0.177465
33  -0.000002 0.817138 0.000001  0.004200 0.011559 -0.007420
34  0.249423 3.688543 -0.940890  -0.060580 0.013550 0.130737
35  0.000001 1.800635 -0.000001  0.004940 -0.002077 0.208495
36  -0.000001 1.243411 0.000002  0.006524 0.000040 0.064626
37  0.244726 3.701097 0.087732  0.005036 -0.002373 0.139323
38  -0.000000 1.766588 -0.000002  0.002490 0.003552 0.259702
39  -0.000000 1.189003 0.000001  -0.017590 0.001952 0.152464
40  0.277239 3.632249 1.274101  0.054558 -0.010184 0.144732
41  -0.000001 1.798490 -0.000003  0.036314 -0.010668 0.285912
42  -0.000001 1.235457 0.000001  -0.005152 -0.006816 0.068190
43  -0.315441 0.857301 0.755942  1.684115 -0.560091 -1.563926
44  -0.000000 2.265939 0.000000  -0.057905 0.032805 0.238898
45  0.000001 1.457813 0.000000  -0.029609 -0.046490 -0.034285
46  1.259681 3.818376 1.286945  0.054558 -0.010184 0.144732
47  1.226391 3.891695 0.090419  0.005036 -0.002373 0.139324
48  1.231623 3.875536 -0.958680  -0.060580 0.013550 0.130737
49  1.209919 3.994783 -2.003048  -0.106568 0.025893 0.137951
50  -0.328906 0.095430 1.403531  1.684115 -0.560091 -1.563926
51  0.152561 -38.616215 -21.000004  -0.000000 0.000000 3.141593
52  0.152561 -25.166061 -36.000004  -1.570796 -0.000000 1.570796
53  0.433020 -11.755867 -21.000002  -0.051945 0.000000 1.570796
54  -6.696000 -11.361276 -10.471000  1.578022 -0.028402 -1.552645
55  10.000000 0.000001 0.000000  -0.000000 -0.000000 0.000000
56  29.620384 2.666869 0.000000  -0.000000 -0.000000 0.000000
57  3.664051 2.228527 -2.524773  1.570796 0.732815 -1.570796
58  3.490277 2.388509 1.331885  -0.000000 1.570796 0.000000
time 82
0  0 0 0  0 0 0
1  0.000000 0.000000 0.000000  1.570796 -0.000000 0.000000
2  -1.843768 -8.254290 -9.392370  1.510619 -0.038512 -2.257833
3  0.000002 13.479278 -0.000000  0.196390 0.000000 -0.000000
4  -0.000000 13.477236 0.000000  -0.178357 -0.225161 0.165186
5  -0.267269 3.664727 -1.953293  0.570287 -0.108989 -1.360402
6  0.000000 1.180355 -0.000001  -0.005540 -0.036957 -1.399219
7  -0.000002 0.817135 0.000001  0.012298 -0.000007 -1.214275
8  -0.249423 3.688542 -0.940889  0.326191 -0.061559 -1.352632
9  0.000000 1.800633 0.000000  -0.000262 0.005352 -1.430231
10  0.000000 1.243408 -0.000000  0.002269 0.006116 -1.286349
11  -0.244726 3.701096 0.087732  0.221244 0.005544 -1.361062
12  -0.000000 1.766585 -0.000001  0.004189 0.001125 -1.481426
13  -0.000000 1.189001 0.000000  -0.004182 -0.017197 -1.374176
14  -0.277239 3.632249 1.274101  0.115075 0.054750 -1.366492
15  0.000001 1.798494 -0.000000  0.002394 0.037772 -1.507786
16  0.000001 1.235450 -0.000001  -0.008167 -0.002510 -1.289887
17  0.315441 0.857300 0.755943  -0.760999 2.412031 -1.377325
18  -0.000001 2.265940 0.000001  -0.016207 -0.064542 -1.048595
19  -0.000001 1.457814 -0.000000  -0.051901 0.018546 -0.626230
20  -1.259681 3.818375 1.286945  0.115074 0.054750 -1.366492
21  -1.226390 3.891693 0.090419  0.221244 0.005544 -1.361061
22  -1.231623 3.875535 -0.958681  0.326191 -0.061560 -1.352632
23  -1.209919 3.994781 -2.003048  0.570287 -0.108989 -1.360402
24  0.328906 0.095428 1.403532  -0.761000 2.412031 -1.377325
25  -1.977289 -6.809728 17.395035  1.572982 -0.166172 -2.506750
26  13.824293 -20.103218 10.765717  -1.570796 -0.000000 -1.570796
27  -1.843768 -8.254290 -9.392370  -0.051945 -0.000000 -1.570796
28  0.433020 -11.755867 -21.000002  -0.083842 -0.009362 3.131152
29  0.000000 13.479277 -0.000002  0.167696 0.000000 0.000000
30  0.000000 13.477240 0.000001  -0.083756 0.010203 0.009620
31  0.267270 3.664728 -1.953293  -0.106568 0.025893 0.137951
32  -0.000000 1.180357 -0.000001  -0.036623 0.007435 0.177465
33  -0.000002 0.817138 0.000001  0.004200 0.011559 -0.007420
34  0.249423 3.688543 -0.940890  -0.060580 0.013550 0.130737
35  0.000001 1.800635 -0.000001  0.004940 -0.002077 0.208495
36  -0.000001 1.243411 0.000002  0.006524 0.000040 0.064626
37  0.244726 3.701097 0.087732  0.005036 -0.002373 0.139323
38  -0.000000 1.766588 -0.000002  0.002490 0.003552 0.259702
39  -0.000000 1.189003 0.000001  -0.017590 0.001952 0.152464
40  0.277239 3.632249 1.274101  0.054558 -0.010184 0.144732
41  -0.000001 1.798490 -0.000003  0.036314 -0.010668 0.285912
42  -0.000001 1.235457 0.000001  -0.005152 -0.006816 0.068190
43  -0.315441 0.857301 0.755942  1.684115 -0.560091 -1.563926
44  -0.000000 2.265939 0.000000  -0.057905 0.032805 0.238898
45  0.000001 1.457813 0.000000  -0.029609 -0.046490 -0.034285
46  1.259681 3.818376 1.286945  0.054558 -0.010184 0.144732
47  1.226391 3.891695 0.090419  0.005036 -0.002373 0.139324
48  1.231623 3.875536 -0.958680  -0.060580 0.013550 0.130737
49  1.209919 3.994783 -2.003048  -0.106568 0.025893 0.137951
50  -0.328906 0.095430 1.403531  1.684115 -0.560091 -1.563926
51  0.152561 -38.616215 -21.000004  -0.000000 0.000000 3.141593
52  0.152561 -25.166061 -36.000004  -1.570796 -0.000000 1.570796
53  0.433020 -11.755867 -21.000002  -0.051945 0.000000 1.570796
54  -6.696000 -11.361276 -10.471000  1.577304 -0.028760 -1.552553
55  10.000001 0.000003 -0.000001  -0.000000 -0.000000 -0.000000
56  29.620380 2.666871 -0.000001  -0.000000 -0.000000 -0.000000
57  3.664052 2.228526 -2.524774  1.570796 0.732815 -1.570796
58  3.490276 2.388512 1.331885  0.000000 1.570796 0.000000
time 83
0  0 0 0  0 0 0
1  0.000000 0.000000 0.000000  1.570796 -0.000000 0.000000
2  -1.843768 -8.254290 -9.392370  1.509860 -0.038545 -2.257868
3  0.000002 13.479278 -0.000000  0.197659 -0.000000 -0.000000
4  -0.000000 13.477239 -0.000001  -0.178858 -0.225768 0.165669
5  -0.267270 3.664727 -1.953293  0.570287 -0.108989 -1.360402
6  0.000003 1.180354 -0.000001  -0.005540 -0.036957 -1.399219
7  0.000000 0.817133 0.000000  0.012298 -0.000007 -1.214275
8  -0.249423 3.688542 -0.940889  0.326191 -0.061559 -1.352632
9  0.000002 1.800632 0.000000  -0.000262 0.005352 -1.430232
10  0.000001 1.243407 -0.000001  0.002269 0.006116 -1.286349
11  -0.244726 3.701097 0.087733  0.221244 0.005544 -1.361062
12  -0.000001 1.766586 -0.000000  0.004189 0.001125 -1.481426
13  0.000000 1.189006 0.000000  -0.004182 -0.017197 -1.374176
14  -0.277239 3.632250 1.274102  0.115075 0.054751 -1.366492
15  0.000000 1.798495 0.000001  0.002394 0.037772 -1.507786
16  0.000001 1.235454 -0.000001  -0.008167 -0.002510 -1.289887
17  0.315442 0.857300 0.755943  -0.761000 2.412031 -1.377326
18  -0.000000 2.265938 -0.000000  -0.016207 -0.064542 -1.048595
19  -0.000001 1.457811 0.000000  -0.051901 0.018546 -0.626230
20  -1.259681 3.818377 1.286945  0.115075 0.054750 -1.366492
21  -1.226390 3.891695 0.090419  0.221244 0.005544 -1.361061
22  -1.231623 3.875535 -0.958681  0.326191 -0.061560 -1.352632
23  -1.209920 3.994782 -2.003047  0.570287 -0.108989 -1.360402
24  0.328906 0.095431 1.403532  -0.761000 2.412031 -1.377325
25  -1.974091 -6.811237 17.393446  1.573214 -0.166432 -2.507540
26  13.824293 -20.103218 10.765717  -1.570796 -0.000000 -1.570796
27  -1.843768 -8.254290 -9.392370  -0.051945 -0.000000 -1.570796
28  0.433020 -11.755867 -21.000002  -0.083842 -0.009362 3.131152
29  0.000000 13.479277 -0.000002  0.167696 0.000000 0.000000
30  0.000000 13.477240 0.000001  -0.083756 0.010203 0.009620
31  0.267270 3.664728 -1.953293  -0.106568 0.025893 0.137951
32  -0.000000 1.180357 -0.000001  -0.036623 0.007435 0.177465
33  -0.000002 0.817138 0.000001  0.004200 0.011559 -0.007420
34  0.249423 3.688543 -0.940890  -0.060580 0.013550 0.130737
35  0.000001 1.800635 -0.000001  0.004940 -0.002077 0.208495
36  -0.000001 1.243411 0.000002  0.006524 0.000040 0.064626
37  0.244726 3.701097 0.087732  0.005036 -0.002373 0.139323
38  -0.000000 1.766588 -0.000002  0.002490 0.003552 0.259702
39  -0.000000 1.189003 0.000001  -0.017590 0.001952 0.152464
40  0.277239 3.632249 1.274101  0.054558 -0.010184 0.144732
41  -0.000001 1.798490 -0.000003  0.036314 -0.010668 0.285912
42  -0.000001 1.235457 0.000001  -0.005152 -0.006816 0.068190
43  -0.315441 0.857301 0.755942  1.684115 -0.560091 -1.563926
44  -0.000000 2.265939 0.000000  -0.057905 0.032805 0.238898
45  0.000001 1.457813 0.000000  -0.029609 -0.046490 -0.034285
46  1.259681 3.818376 1.286945  0.054558 -0.010184 0.144732
47  1.226391 3.891695 0.090419  0.005036 -0.002373 0.139324
48  1.231623 3.875536 -0.958680  -0.060580 0.013550 0.130737
49  1.209919 3.994783 -2.003048  -0.106568 0.025893 0.137951
50  -0.328906 0.095430 1.403531  1.684115 -0.560091 -1.563926
51  0.152561 -38.616215 -21.000004  -0.000000 0.000000 3.141593
52  0.152561 -25.166061 -36.000004  -1.570796 -0.000000 1.570796
53  0.433020 -11.755867 -21.000002  -0.051945 0.000000 1.570796
54  -6.696000 -11.361276 -10.471000  1.576545 -0.029084 -1.552458
55  10.000000 0.000003 0.000000  -0.000000 -0.000000 0.000000
56  29.620378 2.666871 0.000000  -0.000000 -0.000000 0.000000
57  3.664052 2.228526 -2.524774  1.570796 0.732815 -1.570796
58  3.490277 2.388511 1.331885  -0.000000 1.570796 0.000000
time 84
0  0 0 0  0 0 0
1  0.000000 0.000000 0.000000  1.570796 -0.000000 0.000000
2  -1.843768 -8.254290 -9.392370  1.509127 -0.038570 -2.257894
3  0.000001 13.479278 0.000001  0.198848 0.000000 -0.000000
4  0.000001 13.477239 -0.000000  -0.179337 -0.226427 0.166137
5  -0.267269 3.664727 -1.953292  0.570288 -0.108989 -1.360402
6  0.000000 1.180356 0.000000  -0.005540 -0.036957 -1.399219
7  0.000001 0.817135 0.000000  0.012298 -0.000007 -1.214275
8  -0.249423 3.688544 -0.940888  0.326191 -0.061559 -1.352632
9  0.000001 1.800633 0.000001  -0.000262 0.005352 -1.430231
10  -0.000000 1.243408 -0.000000  0.002269 0.006116 -1.286349
11  -0.244726 3.701096 0.087734  0.221244 0.005544 -1.361062
12  0.000002 1.766584 -0.000000  0.004189 0.001125 -1.481426
13  0.000001 1.189002 0.000001  -0.004182 -0.017197 -1.374176
14  -0.277239 3.632249 1.274102  0.115075 0.054750 -1.366492
15  -0.000002 1.798494 0.000000  0.002394 0.037772 -1.507786
16  -0.000001 1.235451 0.000000  -0.008167 -0.002510 -1.289887
17  0.315441 0.857300 0.755944  -0.761000 2.412031 -1.377326
18  -0.000002 2.265938 0.000000  -0.016207 -0.064542 -1.048595
19  0.000000 1.457811 0.000000  -0.051901 0.018546 -0.626230
20  -1.259681 3.818375 1.286946  0.115075 0.054750 -1.366492
21  -1.226391 3.891695 0.090420  0.221244 0.005544 -1.361061
22  -1.231623 3.875535 -0.958680  0.326191 -0.061560 -1.352632
23  -1.209919 3.994784 -2.003047  0.570288 -0.108989 -1.360402
24  0.328906 0.095429 1.403533  -0.761000 2.412031 -1.377326
25  -1.970737 -6.813146 17.391977  1.573416 -0.166672 -2.508365
26  13.824293 -20.103218 10.765717  -1.570796 -0.000000 -1.570796
27  -1.843768 -8.254290 -9.392370  -0.051945 -0.000000 -1.570796
28  0.433020 -11.755867 -21.000002  -0.083842 -0.009362 3.131152
29  0.000000 13.479277 -0.000002  0.167696 0.000000 0.000000
30  0.000000 13.477240 0.000001  -0.083756 0.010203 0.009620
31  0.267270 3.664728 -1.953293  -0.106568 0.025893 0.137951
32  -0.000000 1.180357 -0.000001  -0.036623 0.007435 0.177465
33  -0.000002 0.817138 0.000001  0.004200 0.011559 -0.007420
34  0.249423 3.688543 -0.940890  -0.060580 0.013550 0.130737
35  0.000001 1.800635 -0.000001  0.004940 -0.002077 0.208495
36  -0.000001 1.243411 0.000002  0.006524 0.000040 0.064626
37  0.244726 3.701097 0.087732  0.005036 -0.002373 0.139323
38  -0.000000 1.766588 -0.000002  0.002490 0.003552 0.259702
39  -0.000000 1.189003 0.000001  -0.017590 0.001952 0.152464
40  0.277239 3.632249 1.274101  0.054558 -0.010184 0.144732
41  -0.000001 1.798490 -0.000003  0.036314 -0.010668 0.285912
42  -0.000001 1.235457 0.000001  -0.005152 -0.006816 0.068190
43  -0.315441 0.857301 0.755942  1.684115 -0.560091 -1.563926
44  -0.000000 2.265939 0.000000  -0.057905 0.032805 0.238898
45  0.000001 1.457813 0.000000  -0.029609 -0.046490 -0.034285
46  1.259681 3.818376 1.286945  0.054558 -0.010184 0.144732
47  1.226391 3.891695 0.090419  0.005036 -0.002373 0.139324
48  1.231623 3.875536 -0.958680  -0.060580 0.013550 0.130737
49  1.209919 3.994783 -2.003048  -0.106568 0.025893 0.137951
50  -0.328906 0.095430 1.403531  1.684115 -0.560091 -1.563926
51  0.152561 -38.616215 -21.000004  -0.000000 0.000000 3.141593
52  0.152561 -25.166061 -36.000004  -1.570796 -0.000000 1.570796
53  0.433020 -11.755867 -21.000002  -0.051945 0.000000 1.570796
54  -6.696000 -11.361276 -10.471000  1.575749 -0.029373 -1.552358
55  9.999999 0.000000 -0.000000  -0.000000 -0.000000 0.000000
56  29.620378 2.666869 -0.000000  -0.000000 -0.000000 0.000000
57  3.664052 2.228524 -2.524774  1.570796 0.732815 -1.570796
58  3.490278 2.388509 1.331885  -0.000000 1.570796 0.000000
time 85
0  0 0 0  0 0 0
1  0.000000 0.000000 0.000000  1.570796 -0.000000 0.000000
2  -1.843768 -8.254290 -9.392370  1.508423 -0.038588 -2.257911
3  0.000001 13.479275 0.000000  0.199949 0.000000 -0.000000
4  -0.000000 13.477238 0.000000  -0.179794 -0.227138 0.166586
5  -0.267270 3.664728 -1.953293  0.570287 -0.108989 -1.360402
6  0.000003 1.180354 0.000000  -0.005540 -0.036957 -1.399219
7  -0.000000 0.817132 -0.000001  0.012298 -0.000007 -1.214275
8  -0.249423 3.688545 -0.940888  0.326191 -0.061560 -1.352632
9  0.000004 1.800634 -0.000000  -0.000262 0.005352 -1.430231
10  -0.000001 1.243406 -0.000000  0.002269 0.006116 -1.286349
11  -0.244727 3.701097 0.087733  0.221244 0.005544 -1.361062
12  -0.000000 1.766585 -0.000001  0.004189 0.001125 -1.481426
13  -0.000000 1.189005 0.000001  -0.004182 -0.017197 -1.374176
14  -0.277239 3.632249 1.274102  0.115075 0.054750 -1.366492
15  0.000002 1.798494 -0.000000  0.002394 0.037772 -1.507786
16  -0.000001 1.235453 0.000000  -0.008167 -0.002510 -1.289887
17  0.315441 0.857301 0.755944  -0.760999 2.412031 -1.377325
18  -0.000001 2.265938 0.000000  -0.016207 -0.064542 -1.048595
19  -0.000001 1.457811 -0.000000  -0.051901 0.018546 -0.626230
20  -1.259681 3.818377 1.286946  0.115075 0.054750 -1.366492
21  -1.226390 3.891695 0.090419  0.221244 0.005544 -1.361061
22  -1.231623 3.875537 -0.958680  0.326191 -0.061560 -1.352632
23  -1.209919 3.994783 -2.003047  0.570287 -0.108989 -1.360402
24  0.328906 0.095430 1.403533  -0.761000 2.412031 -1.377325
25  -1.967233 -6.815463 17.390638  1.573586 -0.166893 -2.509223
26  13.824293 -20.103218 10.765717  -1.570796 -0.000000 -1.570796
27  -1.843768 -8.254290 -9.392370  -0.051945 -0.000000 -1.570796
28  0.433020 -11.755867 -21.000002  -0.083842 -0.009362 3.131152
29  0.000000 13.479277 -0.000002  0.167696 0.000000 0.000000
30  0.000000 13.477240 0.000001  -0.083756 0.010203 0.009620
31  0.267270 3.664728 -1.953293  -0.106568 0.025893 0.137951
32  -0.000000 1.180357 -0.000001  -0.036623 0.007435 0.177465
33  -0.000002 0.817138 0.000001  0.004200 0.011559 -0.007420
34  0.249423 3.688543 -0.940890  -0.060580 0.013550 0.130737
35  0.000001 1.800635 -0.000001  0.004940 -0.002077 0.208495
36  -0.000001 1.243411 0.000002  0.006524 0.000040 0.064626
37  0.244726 3.701097 0.087732  0.005036 -0.002373 0.139323
38  -0.000000 1.766588 -0.000002  0.002490 0.003552 0.259702
39  -0.000000 1.189003 0.000001  -0.017590 0.001952 0.152464
40  0.277239 3.632249 1.274101  0.054558 -0.010184 0.144732
41  -0.000001 1.798490 -0.000003  0.036314 -0.010668 0.285912
42  -0.000001 1.235457 0.000001  -0.005152 -0.006816 0.068190
43  -0.315441 0.857301 0.755942  1.684115 -0.560091 -1.563926
44  -0.000000 2.265939 0.000000  -0.057905 0.032805 0.238898
45  0.000001 1.457813 0.000000  -0.029609 -0.046490 -0.034285
46  1.259681 3.818376 1.286945  0.054558 -0.010184 0.144732
47  1.226391 3.891695 0.090419  0.005036 -0.002373 0.139324
48  1.231623 3.875536 -0.958680  -0.060580 0.013550 0.130737
49  1.209919 3.994783 -2.003048  -0.106568 0.025893 0.137951
50  -0.328906 0.095430 1.403531  1.684115 -0.560091 -1.563926
51  0.152561 -38.616215 -21.000004  -0.000000 0.000000 3.141593
52  0.152561 -25.166061 -36.000004  -1.570796 -0.000000 1.570796
53  0.433020 -11.755867 -21.000002  -0.051945 0.000000 1.570796
54  -6.696000 -11.361276 -10.471000  1.574914 -0.029623 -1.552255
55  10.000000 0.000002 0.000000  0.000000 -0.000000 -0.000000
56  29.620382 2.666870 -0.000000  0.000000 -0.000000 -0.000000
57  3.664052 2.228527 -2.524773  1.570796 0.732815 -1.570796
58  3.490278 2.388511 1.331886  -0.000000 1.570796 0.000000
time 86
0  0 0 0  0 0 0
1  0.000000 0.000000 0.000000  1.570796 -0.000000 0.000000
2  -1.843768 -8.254290 -9.392370  1.507748 -0.038597 -2.257921
3  0.000002 13.479275 0.000000  0.200964 0.000000 -0.000000
4  0.000000 13.477241 -0.000001  -0.180229 -0.227900 0.167017
5  -0.267269 3.664723 -1.953294  0.570287 -0.108989 -1.360402
6  -0.000000 1.180355 -0.000000  -0.005540 -0.036957 -1.399219
7  -0.000000 0.817136 0.000000  0.012298 -0.000007 -1.214275
8  -0.249423 3.688539 -0.940890  0.326191 -0.061560 -1.352632
9  -0.000003 1.800633 -0.000000  -0.000262 0.005352 -1.430231
10  -0.000000 1.243404 0.000001  0.002269 0.006116 -1.286349
11  -0.244727 3.701092 0.087732  0.221244 0.005544 -1.361062
12  -0.000003 1.766586 -0.000000  0.004189 0.001125 -1.481426
13  0.000001 1.189004 0.000000  -0.004182 -0.017197 -1.374176
14  -0.277239 3.632244 1.274101  0.115075 0.054750 -1.366492
15  -0.000003 1.798495 0.000000  0.002394 0.037772 -1.507785
16  0.000000 1.235453 -0.000000  -0.008167 -0.002510 -1.289887
17  0.315442 0.857298 0.755943  -0.761000 2.412031 -1.377325
18  -0.000003 2.265938 0.000000  -0.016207 -0.064542 -1.048595
19  -0.000001 1.457811 0.000000  -0.051901 0.018546 -0.626230
20  -1.259681 3.818372 1.286945  0.115075 0.054750 -1.366492
21  -1.226391 3.891690 0.090418  0.221244 0.005544 -1.361061
22  -1.231623 3.875531 -0.958681  0.326191 -0.061560 -1.352632
23  -1.209919 3.994779 -2.003048  0.570287 -0.108989 -1.360402
24  0.328906 0.095426 1.403532  -0.761000 2.412031 -1.377325
25  -1.963584 -6.818197 17.389431  1.573723 -0.167091 -2.510112
26  13.824293 -20.103218 10.765717  -1.570796 -0.000000 -1.570796
27  -1.843768 -8.254290 -9.392370  -0.051945 -0.000000 -1.570796
28  0.433020 -11.755867 -21.000002  -0.083842 -0.009362 3.131152
29  0.000000 13.479277 -0.000002  0.167696 0.000000 0.000000
30  0.000000 13.477240 0.000001  -0.083756 0.010203 0.009620
31  0.267270 3.664728 -1.953293  -0.106568 0.025893 0.137951
32  -0.000000 1.180357 -0.000001  -0.036623 0.007435 0.177465
33  -0.000002 0.817138 0.000001  0.004200 0.011559 -0.007420
34  0.249423 3.688543 -0.940890  -0.060580 0.013550 0.130737
35  0.000001 1.800635 -0.000001  0.004940 -0.002077 0.208495
36  -0.000001 1.243411 0.000002  0.006524 0.000040 0.064626
37  0.244726 3.701097 0.087732  0.005036 -0.002373 0.139323
38  -0.000000 1.766588 -0.000002  0.002490 0.003552 0.259702
39  -0.000000 1.189003 0.000001  -0.017590 0.001952 0.152464
40  0.277239 3.632249 1.274101  0.054558 -0.010184 0.144732
41  -0.000001 1.798490 -0.000003  0.036314 -0.010668 0.285912
42  -0.000001 1.235457 0.000001  -0.005152 -0.006816 0.068190
43  -0.315441 0.857301 0.755942  1.684115 -0.560091 -1.563926
44  -0.000000 2.265939 0.000000  -0.057905 0.032805 0.238898
45  0.000001 1.457813 0.000000  -0.029609 -0.046490 -0.034285
46  1.259681 3.818376 1.286945  0.054558 -0.010184 0.144732
47  1.226391 3.891695 0.090419  0.005036 -0.002373 0.139324
48  1.231623 3.875536 -0.958680  -0.060580 0.013550 0.130737
49  1.209919 3.994783 -2.003048  -0.106568 0.025893 0.137951
50  -0.328906 0.095430 1.403531  1.684115 -0.560091 -1.563926
51  0.152561 -38.616215 -21.000004  -0.000000 0.000000 3.141593
52  0.152561 -25.166061 -36.000004  -1.570796 -0.000000 1.570796
53  0.433020 -11.755867 -21.000002  -0.051945 0.000000 1.570796
54  -6.696000 -11.361276 -10.471000  1.574043 -0.029833 -1.552149
55  9.999999 0.000002 -0.000001  0.000000 -0.000000 -0.000000
56  29.620380 2.666870 -0.000000  0.000000 -0.000000 -0.000000
57  3.664051 2.228527 -2.524774  1.570796 0.732815 -1.570796
58  3.490277 2.388510 1.331885  0.000000 1.570796 0.000000
time 87
0  0 0 0  0 0 0
1  0.000000 0.000000 0.000000  1.570796 -0.000000 0.000000
2  -1.843768 -8.254290 -9.392370  1.507108 -0.038597 -2.257921
3  0.000001 13.479278 0.000001  0.201880 -0.000000 -0.000000
4  -0.000000 13.477240 0.000000  -0.180637 -0.228714 0.167427
5  -0.267270 3.664726 -1.953292  0.570287 -0.108989 -1.360402
6  -0.000004 1.180356 0.000001  -0.005540 -0.036957 -1.399219
7  0.000002 0.817135 0.000001  0.012298 -0.000007 -1.214275
8  -0.249423 3.688540 -0.940889  0.326191 -0.061559 -1.352632
9  0.000001 1.800632 -0.000001  -0.000262 0.005352 -1.430231
10  0.000001 1.243404 0.000000  0.002269 0.006116 -1.286349
11  -0.244726 3.701096 0.087733  0.221244 0.005544 -1.361061
12  0.000001 1.766583 0.000000  0.004189 0.001125 -1.481426
13  -0.000001 1.189004 -0.000000  -0.004182 -0.017197 -1.374176
14  -0.277239 3.632247 1.274103  0.115075 0.054750 -1.366492
15  -0.000000 1.798494 0.000001  0.002394 0.037772 -1.507786
16  -0.000001 1.235450 0.000001  -0.008167 -0.002510 -1.289887
17  0.315441 0.857301 0.755944  -0.761000 2.412031 -1.377325
18  -0.000002 2.265938 0.000000  -0.016207 -0.064542 -1.048595
19  -0.000000 1.457812 0.000000  -0.051901 0.018546 -0.626230
20  -1.259681 3.818377 1.286946  0.115075 0.054750 -1.366492
21  -1.226391 3.891694 0.090420  0.221244 0.005544 -1.361061
22  -1.231623 3.875534 -0.958680  0.326191 -0.061560 -1.352632
23  -1.209919 3.994782 -2.003048  0.570288 -0.108989 -1.360402
24  0.328906 0.095429 1.403532  -0.761000 2.412031 -1.377325
25  -1.959798 -6.821359 17.388374  1.573825 -0.167266 -2.511031
26  13.824293 -20.103218 10.765717  -1.570796 -0.000000 -1.570796
27  -1.843768 -8.254290 -9.392370  -0.051945 -0.000000 -1.570796
28  0.433020 -11.755867 -21.000002  -0.083842 -0.009362 3.131152
29  0.000000 13.479277 -0.000002  0.167696 0.000000 0.000000
30  0.000000 13.477240 0.000001  -0.083756 0.010203 0.009620
31  0.267270 3.664728 -1.953293  -0.106568 0.025893 0.137951
32  -0.000000 1.180357 -0.000001  -0.036623 0.007435 0.177465
33  -0.000002 0.817138 0.000001  0.004200 0.011559 -0.007420
34  0.249423 3.688543 -0.940890  -0.060580 0.013550 0.130737
35  0.000001 1.800635 -0.000001  0.004940 -0.002077 0.208495
36  -0.000001 1.243411 0.000002  0.006524 0.000040 0.064626
37  0.244726 3.701097 0.087732  0.005036 -0.002373 0.139323
38  -0.000000 1.766588 -0.000002  0.002490 0.003552 0.259702
39  -0.000000 1.189003 0.000001  -0.017590 0.001952 0.152464
40  0.277239 3.632249 1.274101  0.054558 -0.010184 0.144732
41  -0.000001 1.798490 -0.000003  0.036314 -0.010668 0.285912
42  -0.000001 1.235457 0.000001  -0.005152 -0.006816 0.068190
43  -0.315441 0.857301 0.755942  1.684115 -0.560091 -1.563926
44  -0.000000 2.265939 0.000000  -0.057905 0.032805 0.238898
45  0.000001 1.457813 0.000000  -0.029609 -0.046490 -0.034285
46  1.259681 3.818376 1.286945  0.054558 -0.010184 0.144732
47  1.226391 3.891695 0.090419  0.005036 -0.002373 0.139324
48  1.231623 3.875536 -0.958680  -0.060580 0.013550 0.130737
49  1.209919 3.994783 -2.003048  -0.106568 0.025893 0.137951
50  -0.328906 0.095430 1.403531  1.684115 -0.560091 -1.563926
51  0.152561 -38.616215 -21.000004  -0.000000 0.000000 3.141593
52  0.152561 -25.166061 -36.000004  -1.570796 -0.000000 1.570796
53  0.433020 -11.755867 -21.000002  -0.051945 0.000000 1.570796
54  -6.696000 -11.361276 -10.471000  1.573137 -0.030001 -1.552041
55  10.000001 -0.000001 0.000000  -0.000000 -0.000000 0.000000
56  29.620380 2.666869 -0.000000  -0.000000 -0.000000 0.000000
57  3.664052 2.228525 -2.524773  1.570796 0.732815 -1.570796
58  3.490277 2.388508 1.331885  -0.000000 1.570796 0.000000
time 88
0  0 0 0  0 0 0
1  0.000000 0.000000 0.000000  1.570796 -0.000000 0.000000
2  -1.843768 -8.254290 -9.392370  1.506502 -0.038587 -2.257911
3  0.000002 13.479277 0.000000  0.202698 0.000000 -0.000000
4  -0.000001 13.477240 -0.000000  -0.181020 -0.229578 0.167813
5  -0.267270 3.664726 -1.953293  0.570287 -0.108989 -1.360402
6  -0.000000 1.180355 -0.000002  -0.005540 -0.036957 -1.399219
7  -0.000001 0.817133 0.000000  0.012298 -0.000007 -1.214275
8  -0.249423 3.688542 -0.940889  0.326191 -0.061560 -1.352632
9  0.000002 1.800632 0.000000  -0.000262 0.005352 -1.430231
10  0.000000 1.243408 0.000000  0.002269 0.006116 -1.286349
11  -0.244727 3.701095 0.087732  0.221244 0.005544 -1.361061
12  -0.000001 1.766585 0.000000  0.004189 0.001125 -1.481426
13  0.000000 1.189003 0.000001  -0.004182 -0.017197 -1.374176
14  -0.277240 3.632246 1.274102  0.115075 0.054750 -1.366492
15  0.000001 1.798493 -0.000001  0.002394 0.037772 -1.507786
16  -0.000001 1.235451 -0.000000  -0.008167 -0.002510 -1.289887
17  0.315441 0.857300 0.755943  -0.761000 2.412031 -1.377325
18  0.000001 2.265939 0.000000  -0.016207 -0.064542 -1.048595
19  -0.000001 1.457813 0.000000  -0.051901 0.018546 -0.626230
20  -1.259681 3.818372 1.286945  0.115075 0.054750 -1.366492
21  -1.226391 3.891692 0.090418  0.221244 0.005544 -1.361061
22  -1.231624 3.875535 -0.958681  0.326191 -0.061560 -1.352632
23  -1.209920 3.994781 -2.003049  0.570287 -0.108989 -1.360402
24  0.328906 0.095428 1.403532  -0.761000 2.412031 -1.377325
25  -1.955879 -6.824954 17.387468  1.573891 -0.167415 -2.511979
26  13.824293 -20.103218 10.765717  -1.570796 -0.000000 -1.570796
27  -1.843768 -8.254290 -9.392370  -0.051945 -0.000000 -1.570796
28  0.433020 -11.755867 -21.000002  -0.083842 -0.009362 3.131152
29  0.000000 13.479277 -0.000002  0.167696 0.000000 0.000000
30  0.000000 13.477240 0.000001  -0.083756 0.010203 0.009620
31  0.267270 3.664728 -1.953293  -0.106568 0.025893 0.137951
32  -0.000000 1.180357 -0.000001  -0.036623 0.007435 0.177465
33  -0.000002 0.817138 0.000001  0.004200 0.011559 -0.007420
34  0.249423 3.688543 -0.940890  -0.060580 0.013550 0.130737
35  0.000001 1.800635 -0.000001  0.004940 -0.002077 0.208495
36  -0.000001 1.243411 0.000002  0.006524 0.000040 0.064626
37  0.244726 3.701097 0.087732  0.005036 -0.002373 0.139323
38  -0.000000 1.766588 -0.000002  0.002490 0.003552 0.259702
39  -0.000000 1.189003 0.000001  -0.017590 0.001952 0.152464
40  0.277239 3.632249 1.274101  0.054558 -0.010184 0.144732
41  -0.000001 1.798490 -0.000003  0.036314 -0.010668 0.285912
42  -0.000001 1.235457 0.000001  -0.005152 -0.006816 0.068190
43  -0.315441 0.857301 0.755942  1.684115 -0.560091 -1.563926
44  -0.000000 2.265939 0.000000  -0.057905 0.032805 0.238898
45  0.000001 1.457813 0.000000  -0.029609 -0.046490 -0.034285
46  1.259681 3.818376 1.286945  0.054558 -0.010184 0.144732
47  1.226391 3.891695 0.090419  0.005036 -0.002373 0.139324
48  1.231623 3.875536 -0.958680  -0.060580 0.013550 0.130737
49  1.209919 3.994783 -2.003048  -0.106568 0.025893 0.137951
50  -0.328906 0.095430 1.403531  1.684115 -0.560091 -1.563926
51  0.152561 -38.616215 -21.000004  -0.000000 0.000000 3.141593
52  0.152561 -25.166061 -36.000004  -1.570796 -0.000000 1.570796
53  0.433020 -11.755867 -21.000002  -0.051945 0.000000 1.570796
54  -6.696000 -11.361276 -10.471000  1.572197 -0.030123 -1.551929
55  10.000002 -0.000001 -0.000000  0.000000 -0.000000 0.000000
56  29.620382 2.666868 -0.000000  0.000000 -0.000000 0.000000
57  3.664053 2.228524 -2.524773  1.570796 0.732815 -1.570796
58  3.490278 2.388509 1.331885  -0.000000 1.570796 0.000000
time 89
0  0 0 0  0 0 0
1  0.000000 0.000000 0.000000  1.570796 -0.000000 0.000000
2  -1.843768 -8.254290 -9.392370  1.505935 -0.038568 -2.257891
3  0.000001 13.479277 0.000000  0.203409 -0.000000 -0.000000
4  0.000001 13.477239 -0.000001  -0.181375 -0.230494 0.168174
5  -0.267269 3.664725 -1.953292  0.570287 -0.108989 -1.360402
6  -0.000001 1.180354 -0.000001  -0.005540 -0.036957 -1.399218
7  0.000001 0.817136 -0.000000  0.012298 -0.000007 -1.214275
8  -0.249423 3.688541 -0.940889  0.326191 -0.061559 -1.352632
9  0.000002 1.800633 -0.000000  -0.000262 0.005352 -1.430231
10  -0.000000 1.243408 0.000000  0.002269 0.006116 -1.286349
11  -0.244727 3.701093 0.087733  0.221244 0.005544 -1.361062
12  0.000001 1.766585 0.000000  0.004189 0.001125 -1.481426
13  -0.000000 1.189005 0.000000  -0.004182 -0.017197 -1.374176
14  -0.277239 3.632245 1.274103  0.115075 0.054751 -1.366492
15  0.000001 1.798494 0.000000  0.002394 0.037772 -1.507786
16  -0.000000 1.235451 0.000001  -0.008167 -0.002510 -1.289887
17  0.315441 0.857298 0.755944  -0.761000 2.412031 -1.377326
18  -0.000001 2.265940 -0.000000  -0.016207 -0.064542 -1.048595
19  -0.000000 1.457811 0.000000  -0.051901 0.018546 -0.626230
20  -1.259681 3.818375 1.286947  0.115075 0.054750 -1.366492
21  -1.226391 3.891691 0.090420  0.221244 0.005544 -1.361061
22  -1.231623 3.875533 -0.958679  0.326191 -0.061560 -1.352632
23  -1.209919 3.994781 -2.003047  0.570288 -0.108989 -1.360402
24  0.328907 0.095429 1.403533  -0.761000 2.412031 -1.377326
25  -1.951834 -6.828996 17.386728  1.573917 -0.167538 -2.512955
26  13.824293 -20.103218 10.765717  -1.570796 -0.000000 -1.570796
27  -1.843768 -8.254290 -9.392370  -0.051945 -0.000000 -1.570796
28  0.433020 -11.755867 -21.000002  -0.083842 -0.009362 3.131152
29  0.000000 13.479277 -0.000002  0.167696 0.000000 0.000000
30  0.000000 13.477240 0.000001  -0.083756 0.010203 0.009620
31  0.267270 3.664728 -1.953293  -0.106568 0.025893 0.137951
32  -0.000000 1.180357 -0.000001  -0.036623 0.007435 0.177465
33  -0.000002 0.817138 0.000001  0.004200 0.011559 -0.007420
34  0.249423 3.688543 -0.940890  -0.060580 0.013550 0.130737
35  0.000001 1.800635 -0.000001  0.004940 -0.002077 0.208495
36  -0.000001 1.243411 0.000002  0.006524 0.000040 0.064626
37  0.244726 3.701097 0.087732  0.005036 -0.002373 0.139323
38  -0.000000 1.766588 -0.000002  0.002490 0.003552 0.259702
39  -0.000000 1.189003 0.000001  -0.017590 0.001952 0.152464
40  0.277239 3.632249 1.274101  0.054558 -0.010184 0.144732
41  -0.000001 1.798490 -0.000003  0.036314 -0.010668 0.285912
42  -0.000001 1.235457 0.000001  -0.005152 -0.006816 0.068190
43  -0.315441 0.857301 0.755942  1.684115 -0.560091 -1.563926
44  -0.000000 2.265939 0.000000  -0.057905 0.032805 0.238898
45  0.000001 1.457813 0.000000  -0.029609 -0.046490 -0.034285
46  1.259681 3.818376 1.286945  0.054558 -0.010184 0.144732
47  1.226391 3.891695 0.090419  0.005036 -0.002373 0.139324
48  1.231623 3.875536 -0.958680  -0.060580 0.013550 0.130737
49  1.209919 3.994783 -2.003048  -0.106568 0.025893 0.137951
50  -0.328906 0.095430 1.403531  1.684115 -0.560091 -1.563926
51  0.152561 -38.616215 -21.000004  -0.000000 0.000000 3.141593
52  0.152561 -25.166061 -36.000004  -1.570796 -0.000000 1.570796
53  0.433020 -11.755867 -21.000002  -0.051945 0.000000 1.570796
54  -6.696000 -11.361276 -10.471000  1.571224 -0.030198 -1.551816
55  10.000001 0.000001 0.000000  -0.000000 0.000000 0.000000
56  29.620382 2.666870 0.000000  -0.000000 0.000000 0.000000
57  3.664050 2.228525 -2.524773  1.570796 0.732815 -1.570796
58  3.490276 2.388510 1.331886  -0.000000 1.570796 0.000000
time 90
0  0 0 0  0 0 0
1  0.000000 0.000000 0.000000  1.570796 -0.000000 0.000000
2  -1.843768 -8.254290 -9.392370  1.505411 -0.038539 -2.257861
3  0.000001 13.479278 0.000001  0.204005 0.000000 -0.000000
4  0.000000 13.477237 0.000000  -0.181698 -0.231460 0.168506
5  -0.267269 3.664726 -1.953293  0.570288 -0.108989 -1.360402
6  -0.000001 1.180355 0.000000  -0.005540 -0.036957 -1.399219
7  0.000000 0.817132 -0.000001  0.012298 -0.000007 -1.214275
8  -0.249422 3.688540 -0.940889  0.326191 -0.061560 -1.352632
9  0.000002 1.800634 -0.000000  -0.000262 0.005352 -1.430231
10  0.000000 1.243406 -0.000001  0.002269 0.006116 -1.286349
11  -0.244726 3.701095 0.087733  0.221244 0.005544 -1.361061
12  0.000001 1.766585 0.000000  0.004189 0.001125 -1.481425
13  -0.000000 1.189003 -0.000000  -0.004182 -0.017197 -1.374175
14  -0.277239 3.632249 1.274103  0.115075 0.054750 -1.366492
15  0.000000 1.798494 0.000000  0.002394 0.037772 -1.507786
16  -0.000000 1.235453 -0.000001  -0.008167 -0.002510 -1.289887
17  0.315441 0.857300 0.755944  -0.761000 2.412031 -1.377325
18  -0.000000 2.265941 -0.000000  -0.016207 -0.064542 -1.048595
19  -0.000001 1.457811 0.000000  -0.051901 0.018546 -0.626230
20  -1.259681 3.818373 1.286946  0.115075 0.054750 -1.366492
21  -1.226390 3.891694 0.090420  0.221244 0.005544 -1.361061
22  -1.231622 3.875535 -0.958680  0.326191 -0.061560 -1.352632
23  -1.209919 3.994779 -2.003048  0.570288 -0.108989 -1.360402
24  0.328906 0.095429 1.403533  -0.761000 2.412031 -1.377325
25  -1.947670 -6.833490 17.386166  1.573903 -0.167633 -2.513956
26  13.824293 -20.103218 10.765717  -1.570796 -0.000000 -1.570796
27  -1.843768 -8.254290 -9.392370  -0.051945 -0.000000 -1.570796
28  0.433020 -11.755867 -21.000002  -0.083842 -0.009362 3.131152
29  0.000000 13.479277 -0.000002  0.167696 0.000000 0.000000
30  0.000000 13.477240 0.000001  -0.083756 0.010203 0.009620
31  0.267270 3.664728 -1.953293  -0.106568 0.025893 0.137951
32  -0.000000 1.180357 -0.000001  -0.036623 0.007435 0.177465
33  -0.000002 0.817138 0.000001  0.004200 0.011559 -0.007420
34  0.249423 3.688543 -0.940890  -0.060580 0.013550 0.130737
35  0.000001 1.800635 -0.000001  0.004940 -0.002077 0.208495
36  -0.000001 1.243411 0.000002  0.006524 0.000040 0.064626
37  0.244726 3.701097 0.087732  0.005036 -0.002373 0.139323
38  -0.000000 1.766588 -0.000002  0.002490 0.003552 0.259702
39  -0.000000 1.189003 0.000001  -0.017590 0.001952 0.152464
40  0.277239 3.632249 1.274101  0.054558 -0.010184 0.144732
41  -0.000001 1.798490 -0.000003  0.036314 -0.010668 0.285912
42  -0.000001 1.235457 0.000001  -0.005152 -0.006816 0.068190
43  -0.315441 0.857301 0.755942  1.684115 -0.560091 -1.563926
44  -0.000000 2.265939 0.000000  -0.057905 0.032805 0.238898
45  0.000001 1.457813 0.000000  -0.029609 -0.046490 -0.034285
46  1.259681 3.818376 1.286945  0.054558 -0.010184 0.144732
47  1.226391 3.891695 0.090419  0.005036 -0.002373 0.139324
48  1.231623 3.875536 -0.958680  -0.060580 0.013550 0.130737
49  1.209919 3.994783 -2.003048  -0.106568 0.025893 0.137951
50  -0.328906 0.095430 1.403531  1.684115 -0.560091 -1.563926
51  0.152561 -38.616215 -21.000004  -0.000000 0.000000 3.141593
52  0.152561 -25.166061 -36.000004  -1.570796 -0.000000 1.570796
53  0.433020 -11.755867 -21.000002  -0.051945 0.000000 1.570796
54  -6.696000 -11.361276 -10.471000  1.570219 -0.030224 -1.551701
55  10.000002 -0.000000 0.000001  -0.000000 -0.000000 -0.000000
56  29.620380 2.666869 0.000001  -0.000000 -0.000000 -0.000000
57  3.664052 2.228526 -2.524773  1.570796 0.732815 -1.570796
58  3.490278 2.388510 1.331886  0.000000 1.570796 0.000000
end
