// Created by Crowbar 0.74
version 1
nodes
  0 "ffSkel_Hips" -1
  1 "ffSkel_LeftUpLeg" 0
  2 "ffSkel_LeftLeg" 1
  3 "ffSkel_LeftFoot" 2
  4 "ffSkel_LeftToeBase" 3
  5 "ffSkel_Spine" 0
  6 "ffSkel_Spine1" 5
  7 "ffSkel_Spine2" 6
  8 "ffSkel_Spine3" 7
  9 "ffSkel_Necks" 8
  10 "ffSkel_Heads" 9
  11 "ffSkel_LeftShoulder" 8
  12 "ffSkel_LeftArm" 11
  13 "ffSkel_LeftForeArm" 12
  14 "ffSkel_LeftForeArmRoll" 13
  15 "ffSkel_LeftHand" 14
  16 "ffSkel_LeftHandMiddle1" 15
  17 "ffSkel_LeftHandMiddle2" 16
  18 "ffSkel_LeftHandMiddle3" 17
  19 "ffSkel_LeftHandIndex1" 15
  20 "ffSkel_LeftHandIndex2" 19
  21 "ffSkel_LeftHandIndex3" 20
  22 "ffSkel_LeftHandThumb1" 15
  23 "ffSkel_LeftHandThumb2" 22
  24 "ffSkel_LeftHandThumb3" 23
  25 "ffSkel_att_lefthand" 15
  26 "ffSkel_RightShoulder" 8
  27 "ffSkel_RightArm" 26
  28 "ffSkel_RightForeArm" 27
  29 "ffSkel_RightForeArmRoll" 28
  30 "ffSkel_RightHand" 29
  31 "ffSkel_RightHandMiddle1" 30
  32 "ffSkel_RightHandMiddle2" 31
  33 "ffSkel_RightHandMiddle3" 32
  34 "ffSkel_RightHandIndex1" 30
  35 "ffSkel_RightHandIndex2" 34
  36 "ffSkel_RightHandIndex3" 35
  37 "ffSkel_RightHandThumb1" 30
  38 "ffSkel_RightHandThumb2" 37
  39 "ffSkel_RightHandThumb3" 38
  40 "ffSkel_att_righthand" 30
  41 "ffSkel_RightUpLeg" 0
  42 "ffSkel_RightLeg" 41
  43 "ffSkel_RightFoot" 42
  44 "ffSkel_RightToeBase" 43
  45 "ffSkel_Neck" 8
  46 "ffSkel_Head" 45
end
skeleton
  time 0
    0 0.000000 1.161500 38.741299 0.000000 -1.564500 -1.570810
    1 -1.292301 4.552000 0.301200 1.570330 0.071970 3.067980
    2 17.607502 0.000000 0.000000 -0.004860 -0.018380 0.324550
    3 15.634300 0.000000 0.000000 0.405350 -0.182000 -1.430440
    4 6.003700 0.000000 0.000000 0.635600 -0.088790 -0.317020
    5 3.449001 0.000000 0.000000 0.758610 -1.255650 2.357740
    6 0.000001 0.000000 4.080894 0.000000 -1.570790 -1.350180
    7 5.179100 -0.936700 0.000000 0.000000 0.000000 -0.178920
    8 4.410702 -0.161900 0.000000 0.000000 0.000000 0.067040
    9 6.481201 -1.955300 0.000000 0.000000 0.000000 -0.438370
    10 2.359200 -0.006802 0.000000 -1.570670 -0.013430 -1.250250
    11 2.056301 -1.050800 -1.937600 1.668670 0.014150 2.876480
    12 1.754398 -4.179399 1.022799 1.393040 0.056950 -0.718250
    13 10.631197 0.000000 0.000000 0.000000 -0.000770 -0.002870
    14 4.965599 0.000000 0.000000 0.000000 0.000000 0.000000
    15 4.965599 0.000000 0.000000 0.000190 -0.087860 0.004480
    16 4.651500 0.000000 -0.000004 0.018920 0.644810 0.033620
    17 1.346996 0.000000 -0.000002 -0.005210 0.272890 -0.044500
    18 0.901604 0.000000 0.000000 0.001020 -0.110030 0.009330
    19 4.378602 -1.116700 -0.113403 -0.148850 0.526490 -0.287890
    20 1.693102 0.000000 0.000002 -0.076200 0.357190 0.034830
    21 0.954803 0.000000 0.000000 0.015170 -0.101020 0.051830
    22 1.298301 -1.309801 -0.295200 -0.335590 0.487950 -0.637490
    23 2.374300 0.000000 0.000000 0.003920 -0.015360 0.305240
    24 1.225798 -0.000001 0.000000 -0.006370 0.239280 0.223170
    25 3.286499 -0.280500 -0.627399 -1.570790 0.000000 0.000000
    26 2.056297 -1.050801 1.937600 -2.673350 -1.172940 2.531090
    27 4.646700 0.000000 0.000000 0.002040 -0.498440 -0.191710
    28 10.631195 0.000000 0.000000 0.000000 0.000760 -0.002870
    29 4.965601 0.000000 0.000000 0.000000 0.000000 0.000000
    30 4.965500 0.000000 0.000004 -0.000190 0.087840 0.004480
    31 4.651498 0.000000 0.000000 -0.018920 -0.644810 0.033620
    32 1.347004 0.000000 0.000000 0.005210 -0.272880 -0.044490
    33 0.901703 0.000000 0.000000 -0.001020 0.110020 0.009320
    34 4.378699 -1.116700 0.113503 0.148850 -0.526480 -0.287890
    35 1.692999 0.000000 0.000000 0.076200 -0.357190 0.034840
    36 0.954803 0.000000 0.000000 -0.015170 0.101010 0.051830
    37 1.298299 -1.309800 0.295303 0.335590 -0.487950 -0.637490
    38 2.374296 0.000000 0.000000 -0.003920 0.015350 0.305250
    39 1.225800 0.000001 0.000002 0.006370 -0.239270 0.223160
    40 3.286500 -0.280500 0.627399 1.523489 -1.525620 -3.092090
    41 -1.292301 -4.552000 0.301200 1.571250 0.071970 -3.067980
    42 17.607597 0.000000 -0.000001 0.004860 0.018380 0.324550
    43 15.634300 0.000000 0.000000 -0.405350 0.182000 -1.430440
    44 6.003698 0.000000 0.000000 -0.635610 0.088790 -0.317020
    45 6.152603 0.000000 0.000000 0.000000 0.000000 -0.438370
    46 2.228600 0.000000 0.000000 0.020620 -0.011370 -0.737300
end
triangles
  phy
    0 2.098588 -5.431930 35.175894 -0.802767 0.572661 0.166206 0 0
    0 -5.383670 -2.758219 35.175889 -0.911859 0.262515 -0.315592 0 0
    0 -5.383690 6.019239 35.175889 -0.927648 -0.204407 -0.312550 0 0
  phy
    0 2.098588 -5.431930 35.175894 -0.802767 0.572661 0.166206 0 0
    0 -5.383690 6.019239 35.175889 -0.927648 -0.204407 -0.312550 0 0
    0 6.722880 0.251930 35.175897 -0.936461 0.045539 0.347804 0 0
  phy
    0 5.444739 -2.758219 35.175896 -0.302356 0.602702 0.738466 0 0
    0 2.098588 -5.431930 35.175894 -0.802767 0.572661 0.166206 0 0
    0 6.722880 0.251930 35.175897 -0.936461 0.045539 0.347804 0 0
  phy
    0 -5.383670 -2.758219 35.175889 -0.911859 0.262515 -0.315592 0 0
    0 2.098588 -5.431930 35.175894 -0.802767 0.572661 0.166206 0 0
    0 -2.037506 -5.431920 35.175891 -0.206286 0.901133 -0.381322 0 0
  phy
    0 2.098588 -5.431930 35.175894 -0.802767 0.572661 0.166206 0 0
    0 2.101959 -6.416708 44.770455 0.518378 0.798915 0.304992 0 0
    0 -2.083870 -6.416708 44.770454 -0.009744 0.965382 -0.260658 0 0
  phy
    0 -2.037506 -5.431920 35.175891 -0.206286 0.901133 -0.381322 0 0
    0 2.098588 -5.431930 35.175894 -0.802767 0.572661 0.166206 0 0
    0 -2.083870 -6.416708 44.770454 -0.009744 0.965382 -0.260658 0 0
  phy
    0 2.098588 -5.431930 35.175894 -0.802767 0.572661 0.166206 0 0
    0 5.444739 -2.758219 35.175896 -0.302356 0.602702 0.738466 0 0
    0 6.098740 -3.411199 40.859127 -0.077883 0.652044 0.754170 0 0
  phy
    0 2.098588 -5.431930 35.175894 -0.802767 0.572661 0.166206 0 0
    0 6.098740 -3.411199 40.859127 -0.077883 0.652044 0.754170 0 0
    0 2.101959 -6.416708 44.770455 0.518378 0.798915 0.304992 0 0
  phy
    0 -2.083880 6.914899 44.770454 0.942866 -0.320354 -0.091528 0 0
    0 -2.142780 7.518298 40.859127 0.044661 -0.978540 -0.201159 0 0
    0 -5.828480 5.848429 40.859127 0.047837 -0.627965 -0.776770 0 0
  phy
    0 -5.828480 5.848429 40.859127 0.047837 -0.627965 -0.776770 0 0
    0 -5.470311 5.307639 44.770454 0.665933 -0.303054 -0.681683 0 0
    0 -2.083880 6.914899 44.770454 0.942866 -0.320354 -0.091528 0 0
  phy
    0 -5.828480 5.848429 40.859127 0.047837 -0.627965 -0.776770 0 0
    0 -2.142780 7.518298 40.859127 0.044661 -0.978540 -0.201159 0 0
    0 -5.383690 6.019239 35.175889 -0.927648 -0.204407 -0.312550 0 0
  phy
    0 -5.828480 5.848429 40.859127 0.047837 -0.627965 -0.776770 0 0
    0 -5.383690 6.019239 35.175889 -0.927648 -0.204407 -0.312550 0 0
    0 -7.236300 0.161590 40.859127 -0.002086 -0.083286 -0.996524 0 0
  phy
    0 -5.828480 5.848429 40.859127 0.047837 -0.627965 -0.776770 0 0
    0 -7.236300 0.161590 40.859127 -0.002086 -0.083286 -0.996524 0 0
    0 -5.470311 5.307639 44.770454 0.665933 -0.303054 -0.681683 0 0
  phy
    0 6.098740 5.848429 40.859127 0.055106 -0.627780 0.776438 0 0
    0 2.101940 6.914908 44.770454 0.261865 -0.945097 0.195495 0 0
    0 5.488349 5.307649 44.770454 0.954594 -0.124646 0.270579 0 0
  phy
    0 2.413010 7.518299 40.859127 0.013873 -0.981691 0.189976 0 0
    0 2.101940 6.914908 44.770454 0.261865 -0.945097 0.195495 0 0
    0 6.098740 5.848429 40.859127 0.055106 -0.627780 0.776438 0 0
  phy
    0 6.098740 5.848429 40.859127 0.055106 -0.627780 0.776438 0 0
    0 5.444731 6.019239 35.175896 -0.266285 -0.536870 0.800539 0 0
    0 2.413010 7.518299 40.859127 0.013873 -0.981691 0.189976 0 0
  phy
    0 5.488349 5.307649 44.770454 0.954594 -0.124646 0.270579 0 0
    0 7.506560 0.161600 40.859127 0.003688 -0.083352 0.996513 0 0
    0 6.098740 5.848429 40.859127 0.055106 -0.627780 0.776438 0 0
  phy
    0 7.506560 0.161600 40.859127 0.003688 -0.083352 0.996513 0 0
    0 5.444731 6.019239 35.175896 -0.266285 -0.536870 0.800539 0 0
    0 6.098740 5.848429 40.859127 0.055106 -0.627780 0.776438 0 0
  phy
    0 6.098740 -3.411199 40.859127 -0.077883 0.652044 0.754170 0 0
    0 5.488380 -3.884369 44.770455 0.235101 0.654048 0.718992 0 0
    0 2.101959 -6.416708 44.770455 0.518378 0.798915 0.304992 0 0
  phy
    0 6.098740 -3.411199 40.859127 -0.077883 0.652044 0.754170 0 0
    0 6.781870 -1.283759 44.770455 0.947511 0.029145 0.318391 0 0
    0 5.488380 -3.884369 44.770455 0.235101 0.654048 0.718992 0 0
  phy
    0 5.488380 -3.884369 44.770455 0.235101 0.654048 0.718992 0 0
    0 6.781870 -1.283759 44.770455 0.947511 0.029145 0.318391 0 0
    0 2.101959 -6.416708 44.770455 0.518378 0.798915 0.304992 0 0
  phy
    0 5.444739 -2.758219 35.175896 -0.302356 0.602702 0.738466 0 0
    0 6.722880 0.251930 35.175897 -0.936461 0.045539 0.347804 0 0
    0 6.098740 -3.411199 40.859127 -0.077883 0.652044 0.754170 0 0
  phy
    0 -5.383690 6.019239 35.175889 -0.927648 -0.204407 -0.312550 0 0
    0 -5.383670 -2.758219 35.175889 -0.911859 0.262515 -0.315592 0 0
    0 -6.661790 0.251930 35.175889 -0.256092 0.111089 -0.960248 0 0
  phy
    0 -6.661790 0.251930 35.175889 -0.256092 0.111089 -0.960248 0 0
    0 -5.383670 -2.758219 35.175889 -0.911859 0.262515 -0.315592 0 0
    0 -5.828480 -3.411209 40.859127 -0.079702 0.643143 -0.761587 0 0
  phy
    0 -5.828480 -3.411209 40.859127 -0.079702 0.643143 -0.761587 0 0
    0 -5.383670 -2.758219 35.175889 -0.911859 0.262515 -0.315592 0 0
    0 -2.037506 -5.431920 35.175891 -0.206286 0.901133 -0.381322 0 0
  phy
    0 -5.383690 6.019239 35.175889 -0.927648 -0.204407 -0.312550 0 0
    0 -6.661790 0.251930 35.175889 -0.256092 0.111089 -0.960248 0 0
    0 -7.236300 0.161590 40.859127 -0.002086 -0.083286 -0.996524 0 0
  phy
    0 -2.142780 7.518298 40.859127 0.044661 -0.978540 -0.201159 0 0
    0 -2.037510 7.341379 35.175891 -0.117933 -0.987076 -0.108504 0 0
    0 -5.383690 6.019239 35.175889 -0.927648 -0.204407 -0.312550 0 0
  phy
    0 -5.383690 6.019239 35.175889 -0.927648 -0.204407 -0.312550 0 0
    0 2.098556 7.341380 35.175894 -0.892128 -0.444720 0.079569 0 0
    0 6.722880 0.251930 35.175897 -0.936461 0.045539 0.347804 0 0
  phy
    0 2.098556 7.341380 35.175894 -0.892128 -0.444720 0.079569 0 0
    0 -5.383690 6.019239 35.175889 -0.927648 -0.204407 -0.312550 0 0
    0 -2.037510 7.341379 35.175891 -0.117933 -0.987076 -0.108504 0 0
  phy
    0 -6.763782 -1.283756 44.770454 0.318629 0.101944 -0.942381 0 0
    0 -5.470300 -3.884379 44.770454 0.995563 0.059902 -0.072573 0 0
    0 -5.470311 5.307639 44.770454 0.665933 -0.303054 -0.681683 0 0
  phy
    0 -5.470300 -3.884379 44.770454 0.995563 0.059902 -0.072573 0 0
    0 -2.083880 6.914899 44.770454 0.942866 -0.320354 -0.091528 0 0
    0 -5.470311 5.307639 44.770454 0.665933 -0.303054 -0.681683 0 0
  phy
    0 -5.470300 -3.884379 44.770454 0.995563 0.059902 -0.072573 0 0
    0 5.488349 5.307649 44.770454 0.954594 -0.124646 0.270579 0 0
    0 -2.083880 6.914899 44.770454 0.942866 -0.320354 -0.091528 0 0
  phy
    0 -5.470300 -3.884379 44.770454 0.995563 0.059902 -0.072573 0 0
    0 6.781870 -1.283759 44.770455 0.947511 0.029145 0.318391 0 0
    0 5.488349 5.307649 44.770454 0.954594 -0.124646 0.270579 0 0
  phy
    0 2.101959 -6.416708 44.770455 0.518378 0.798915 0.304992 0 0
    0 6.781870 -1.283759 44.770455 0.947511 0.029145 0.318391 0 0
    0 -5.470300 -3.884379 44.770454 0.995563 0.059902 -0.072573 0 0
  phy
    0 -5.470300 -3.884379 44.770454 0.995563 0.059902 -0.072573 0 0
    0 -2.083870 -6.416708 44.770454 -0.009744 0.965382 -0.260658 0 0
    0 2.101959 -6.416708 44.770455 0.518378 0.798915 0.304992 0 0
  phy
    0 -5.470300 -3.884379 44.770454 0.995563 0.059902 -0.072573 0 0
    0 -6.763782 -1.283756 44.770454 0.318629 0.101944 -0.942381 0 0
    0 -5.828480 -3.411209 40.859127 -0.079702 0.643143 -0.761587 0 0
  phy
    0 -5.470300 -3.884379 44.770454 0.995563 0.059902 -0.072573 0 0
    0 -5.828480 -3.411209 40.859127 -0.079702 0.643143 -0.761587 0 0
    0 -2.083870 -6.416708 44.770454 -0.009744 0.965382 -0.260658 0 0
  phy
    0 5.488349 5.307649 44.770454 0.954594 -0.124646 0.270579 0 0
    0 2.101940 6.914908 44.770454 0.261865 -0.945097 0.195495 0 0
    0 -2.083880 6.914899 44.770454 0.942866 -0.320354 -0.091528 0 0
  phy
    0 5.488349 5.307649 44.770454 0.954594 -0.124646 0.270579 0 0
    0 6.781870 -1.283759 44.770455 0.947511 0.029145 0.318391 0 0
    0 7.506560 0.161600 40.859127 0.003688 -0.083352 0.996513 0 0
  phy
    0 7.506560 0.161600 40.859127 0.003688 -0.083352 0.996513 0 0
    0 6.781870 -1.283759 44.770455 0.947511 0.029145 0.318391 0 0
    0 6.098740 -3.411199 40.859127 -0.077883 0.652044 0.754170 0 0
  phy
    0 6.098740 -3.411199 40.859127 -0.077883 0.652044 0.754170 0 0
    0 6.722880 0.251930 35.175897 -0.936461 0.045539 0.347804 0 0
    0 7.506560 0.161600 40.859127 0.003688 -0.083352 0.996513 0 0
  phy
    0 2.098556 7.341380 35.175894 -0.892128 -0.444720 0.079569 0 0
    0 5.444731 6.019239 35.175896 -0.266285 -0.536870 0.800539 0 0
    0 6.722880 0.251930 35.175897 -0.936461 0.045539 0.347804 0 0
  phy
    0 2.413010 7.518299 40.859127 0.013873 -0.981691 0.189976 0 0
    0 5.444731 6.019239 35.175896 -0.266285 -0.536870 0.800539 0 0
    0 2.098556 7.341380 35.175894 -0.892128 -0.444720 0.079569 0 0
  phy
    0 2.098556 7.341380 35.175894 -0.892128 -0.444720 0.079569 0 0
    0 -2.037510 7.341379 35.175891 -0.117933 -0.987076 -0.108504 0 0
    0 2.413010 7.518299 40.859127 0.013873 -0.981691 0.189976 0 0
  phy
    0 -6.661790 0.251930 35.175889 -0.256092 0.111089 -0.960248 0 0
    0 -5.828480 -3.411209 40.859127 -0.079702 0.643143 -0.761587 0 0
    0 -7.236300 0.161590 40.859127 -0.002086 -0.083286 -0.996524 0 0
  phy
    0 -5.828480 -3.411209 40.859127 -0.079702 0.643143 -0.761587 0 0
    0 -6.763782 -1.283756 44.770454 0.318629 0.101944 -0.942381 0 0
    0 -7.236300 0.161590 40.859127 -0.002086 -0.083286 -0.996524 0 0
  phy
    0 -7.236300 0.161590 40.859127 -0.002086 -0.083286 -0.996524 0 0
    0 -6.763782 -1.283756 44.770454 0.318629 0.101944 -0.942381 0 0
    0 -5.470311 5.307639 44.770454 0.665933 -0.303054 -0.681683 0 0
  phy
    0 -5.828480 -3.411209 40.859127 -0.079702 0.643143 -0.761587 0 0
    0 -2.037506 -5.431920 35.175891 -0.206286 0.901133 -0.381322 0 0
    0 -2.083870 -6.416708 44.770454 -0.009744 0.965382 -0.260658 0 0
  phy
    0 -2.083880 6.914899 44.770454 0.942866 -0.320354 -0.091528 0 0
    0 2.101940 6.914908 44.770454 0.261865 -0.945097 0.195495 0 0
    0 -2.142780 7.518298 40.859127 0.044661 -0.978540 -0.201159 0 0
  phy
    0 7.506560 0.161600 40.859127 0.003688 -0.083352 0.996513 0 0
    0 6.722880 0.251930 35.175897 -0.936461 0.045539 0.347804 0 0
    0 5.444731 6.019239 35.175896 -0.266285 -0.536870 0.800539 0 0
  phy
    0 -2.142780 7.518298 40.859127 0.044661 -0.978540 -0.201159 0 0
    0 2.101940 6.914908 44.770454 0.261865 -0.945097 0.195495 0 0
    0 2.413010 7.518299 40.859127 0.013873 -0.981691 0.189976 0 0
  phy
    0 2.413010 7.518299 40.859127 0.013873 -0.981691 0.189976 0 0
    0 -2.037510 7.341379 35.175891 -0.117933 -0.987076 -0.108504 0 0
    0 -2.142780 7.518298 40.859127 0.044661 -0.978540 -0.201159 0 0
  phy
    41 -1.504930 4.369268 28.320181 0.154829 -0.947846 0.278596 0 0
    41 -2.612260 0.301181 19.982420 0.688943 -0.723397 0.045325 0 0
    41 -3.221730 2.556719 20.088382 0.219638 -0.773339 0.594731 0 0
  phy
    41 -0.796270 1.437750 28.196970 0.110337 -0.993288 0.034713 0 0
    41 -2.612260 0.301181 19.982420 0.688943 -0.723397 0.045325 0 0
    41 -1.504930 4.369268 28.320181 0.154829 -0.947846 0.278596 0 0
  phy
    41 -3.221730 2.556719 20.088382 0.219638 -0.773339 0.594731 0 0
    41 -0.608680 5.984518 33.993660 -0.093654 -0.920810 0.378599 0 0
    41 -1.504930 4.369268 28.320181 0.154829 -0.947846 0.278596 0 0
  phy
    41 -1.504930 4.369268 28.320181 0.154829 -0.947846 0.278596 0 0
    41 -0.608680 5.984518 33.993660 -0.093654 -0.920810 0.378599 0 0
    41 -0.796270 1.437750 28.196970 0.110337 -0.993288 0.034713 0 0
  phy
    41 -3.221730 2.556719 20.088382 0.219638 -0.773339 0.594731 0 0
    41 -2.208333 7.793719 34.271785 -0.094797 -0.446385 0.889805 0 0
    41 -0.608680 5.984518 33.993660 -0.093654 -0.920810 0.378599 0 0
  phy
    41 -3.221730 2.556719 20.088382 0.219638 -0.773339 0.594731 0 0
    41 -4.782200 4.321600 20.359682 0.532555 -0.310087 0.787547 0 0
    41 -2.208333 7.793719 34.271785 -0.094797 -0.446385 0.889805 0 0
  phy
    41 -2.612260 0.301181 19.982420 0.688943 -0.723397 0.045325 0 0
    41 -4.782200 4.321600 20.359682 0.532555 -0.310087 0.787547 0 0
    41 -3.221730 2.556719 20.088382 0.219638 -0.773339 0.594731 0 0
  phy
    41 -1.504920 -2.510228 28.320170 0.150777 -0.886588 -0.437296 0 0
    41 -2.612260 0.301181 19.982420 0.688943 -0.723397 0.045325 0 0
    41 -0.796270 1.437750 28.196970 0.110337 -0.993288 0.034713 0 0
  phy
    41 -0.796270 1.437750 28.196970 0.110337 -0.993288 0.034713 0 0
    41 0.002340 0.300001 33.887421 0.002459 -0.998380 -0.056849 0 0
    41 -1.504920 -2.510228 28.320170 0.150777 -0.886588 -0.437296 0 0
  phy
    41 -0.608680 5.984518 33.993660 -0.093654 -0.920810 0.378599 0 0
    41 0.002340 0.300001 33.887421 0.002459 -0.998380 -0.056849 0 0
    41 -0.796270 1.437750 28.196970 0.110337 -0.993288 0.034713 0 0
  phy
    41 -5.785281 -2.627338 34.893650 -0.281720 0.854380 -0.436656 0 0
    41 -4.185638 -4.436537 34.615539 -0.611142 0.354117 -0.707889 0 0
    41 -6.396300 0.300000 34.999884 -0.760032 0.643473 -0.091071 0 0
  phy
    41 -6.396300 0.300000 34.999884 -0.760032 0.643473 -0.091071 0 0
    41 -4.185638 -4.436537 34.615539 -0.611142 0.354117 -0.707889 0 0
    41 -0.608678 -2.627338 33.993662 -0.937403 -0.307802 -0.162891 0 0
  phy
    41 -6.396300 0.300000 34.999884 -0.760032 0.643473 -0.091071 0 0
    41 -0.608678 -2.627338 33.993662 -0.937403 -0.307802 -0.162891 0 0
    41 -5.785300 5.984519 34.893663 -0.790260 0.596793 0.139020 0 0
  phy
    41 -5.785300 5.984519 34.893663 -0.790260 0.596793 0.139020 0 0
    41 -0.608678 -2.627338 33.993662 -0.937403 -0.307802 -0.162891 0 0
    41 -4.185630 7.793717 34.615552 -0.568845 0.288302 0.770258 0 0
  phy
    41 -4.185630 7.793717 34.615552 -0.568845 0.288302 0.770258 0 0
    41 -0.608678 -2.627338 33.993662 -0.937403 -0.307802 -0.162891 0 0
    41 -2.208333 7.793719 34.271785 -0.094797 -0.446385 0.889805 0 0
  phy
    41 -7.508880 4.369268 29.364011 0.000893 0.867840 0.496843 0 0
    41 -4.185630 7.793717 34.615552 -0.568845 0.288302 0.770258 0 0
    41 -5.653550 6.282938 29.041451 0.059851 0.662853 0.746353 0 0
  phy
    41 -4.185630 7.793717 34.615552 -0.568845 0.288302 0.770258 0 0
    41 -7.508880 4.369268 29.364011 0.000893 0.867840 0.496843 0 0
    41 -5.785300 5.984519 34.893663 -0.790260 0.596793 0.139020 0 0
  phy
    41 -4.185630 7.793717 34.615552 -0.568845 0.288302 0.770258 0 0
    41 -2.208333 7.793719 34.271785 -0.094797 -0.446385 0.889805 0 0
    41 -6.789450 4.321598 20.708658 0.175421 0.342697 0.922923 0 0
  phy
    41 -6.789450 4.321598 20.708658 0.175421 0.342697 0.922923 0 0
    41 -5.653550 6.282938 29.041451 0.059851 0.662853 0.746353 0 0
    41 -4.185630 7.793717 34.615552 -0.568845 0.288302 0.770258 0 0
  phy
    41 -1.504920 -2.510228 28.320170 0.150777 -0.886588 -0.437296 0 0
    41 -3.360230 -4.151886 28.642741 0.171775 -0.352983 -0.919726 0 0
    41 -4.797154 -3.348348 20.362276 0.319632 -0.327108 -0.889289 0 0
  phy
    41 -3.360230 -4.151886 28.642741 0.171775 -0.352983 -0.919726 0 0
    41 -1.504920 -2.510228 28.320170 0.150777 -0.886588 -0.437296 0 0
    41 -2.208331 -4.436537 34.271771 0.068286 -0.403749 -0.912318 0 0
  phy
    41 -3.360230 -4.151886 28.642741 0.171775 -0.352983 -0.919726 0 0
    41 -5.653531 -4.151887 29.041439 0.105103 0.329841 -0.938168 0 0
    41 -4.797154 -3.348348 20.362276 0.319632 -0.327108 -0.889289 0 0
  phy
    41 -5.653531 -4.151887 29.041439 0.105103 0.329841 -0.938168 0 0
    41 -3.360230 -4.151886 28.642741 0.171775 -0.352983 -0.919726 0 0
    41 -2.208331 -4.436537 34.271771 0.068286 -0.403749 -0.912318 0 0
  phy
    41 -1.504920 -2.510228 28.320170 0.150777 -0.886588 -0.437296 0 0
    41 0.002340 0.300001 33.887421 0.002459 -0.998380 -0.056849 0 0
    41 -0.608678 -2.627338 33.993662 -0.937403 -0.307802 -0.162891 0 0
  phy
    41 -1.504920 -2.510228 28.320170 0.150777 -0.886588 -0.437296 0 0
    41 -3.221731 -1.954348 20.088380 0.253994 -0.828710 -0.498725 0 0
    41 -2.612260 0.301181 19.982420 0.688943 -0.723397 0.045325 0 0
  phy
    41 -1.504920 -2.510228 28.320170 0.150777 -0.886588 -0.437296 0 0
    41 -4.797154 -3.348348 20.362276 0.319632 -0.327108 -0.889289 0 0
    41 -3.221731 -1.954348 20.088380 0.253994 -0.828710 -0.498725 0 0
  phy
    41 -0.608678 -2.627338 33.993662 -0.937403 -0.307802 -0.162891 0 0
    41 -2.208331 -4.436537 34.271771 0.068286 -0.403749 -0.912318 0 0
    41 -1.504920 -2.510228 28.320170 0.150777 -0.886588 -0.437296 0 0
  phy
    41 -0.608680 5.984518 33.993660 -0.093654 -0.920810 0.378599 0 0
    41 -0.608678 -2.627338 33.993662 -0.937403 -0.307802 -0.162891 0 0
    41 0.002340 0.300001 33.887421 0.002459 -0.998380 -0.056849 0 0
  phy
    41 -0.608678 -2.627338 33.993662 -0.937403 -0.307802 -0.162891 0 0
    41 -0.608680 5.984518 33.993660 -0.093654 -0.920810 0.378599 0 0
    41 -2.208333 7.793719 34.271785 -0.094797 -0.446385 0.889805 0 0
  phy
    41 -8.217530 1.437750 29.487210 -0.134140 0.990788 0.018606 0 0
    41 -7.508880 4.369268 29.364011 0.000893 0.867840 0.496843 0 0
    41 -8.994420 0.301181 21.092008 0.020569 0.999788 0.001348 0 0
  phy
    41 -7.508880 4.369268 29.364011 0.000893 0.867840 0.496843 0 0
    41 -8.384989 2.556720 20.986051 0.759668 0.565484 0.321142 0 0
    41 -8.994420 0.301181 21.092008 0.020569 0.999788 0.001348 0 0
  phy
    41 -7.508880 4.369268 29.364011 0.000893 0.867840 0.496843 0 0
    41 -6.789450 4.321598 20.708658 0.175421 0.342697 0.922923 0 0
    41 -8.384989 2.556720 20.986051 0.759668 0.565484 0.321142 0 0
  phy
    41 -6.789450 4.321598 20.708658 0.175421 0.342697 0.922923 0 0
    41 -7.508880 4.369268 29.364011 0.000893 0.867840 0.496843 0 0
    41 -5.653550 6.282938 29.041451 0.059851 0.662853 0.746353 0 0
  phy
    41 -7.508880 4.369268 29.364011 0.000893 0.867840 0.496843 0 0
    41 -8.217530 1.437750 29.487210 -0.134140 0.990788 0.018606 0 0
    41 -5.785300 5.984519 34.893663 -0.790260 0.596793 0.139020 0 0
  phy
    41 -2.208333 7.793719 34.271785 -0.094797 -0.446385 0.889805 0 0
    41 -4.782200 4.321600 20.359682 0.532555 -0.310087 0.787547 0 0
    41 -6.789450 4.321598 20.708658 0.175421 0.342697 0.922923 0 0
  phy
    41 -6.789450 4.321598 20.708658 0.175421 0.342697 0.922923 0 0
    41 -4.782200 4.321600 20.359682 0.532555 -0.310087 0.787547 0 0
    41 -8.384989 2.556720 20.986051 0.759668 0.565484 0.321142 0 0
  phy
    41 -4.797154 -3.348348 20.362276 0.319632 -0.327108 -0.889289 0 0
    41 -5.653531 -4.151887 29.041439 0.105103 0.329841 -0.938168 0 0
    41 -6.809552 -3.348349 20.712147 0.584598 0.348838 -0.732501 0 0
  phy
    41 -8.384990 -1.954348 20.986049 0.602146 0.669859 -0.434406 0 0
    41 -5.653531 -4.151887 29.041439 0.105103 0.329841 -0.938168 0 0
    41 -7.508860 -2.510228 29.364000 -0.068252 0.910936 -0.406862 0 0
  phy
    41 -5.653531 -4.151887 29.041439 0.105103 0.329841 -0.938168 0 0
    41 -8.384990 -1.954348 20.986049 0.602146 0.669859 -0.434406 0 0
    41 -6.809552 -3.348349 20.712147 0.584598 0.348838 -0.732501 0 0
  phy
    41 -5.653531 -4.151887 29.041439 0.105103 0.329841 -0.938168 0 0
    41 -2.208331 -4.436537 34.271771 0.068286 -0.403749 -0.912318 0 0
    41 -4.185638 -4.436537 34.615539 -0.611142 0.354117 -0.707889 0 0
  phy
    41 -7.508860 -2.510228 29.364000 -0.068252 0.910936 -0.406862 0 0
    41 -5.653531 -4.151887 29.041439 0.105103 0.329841 -0.938168 0 0
    41 -4.185638 -4.436537 34.615539 -0.611142 0.354117 -0.707889 0 0
  phy
    41 -8.384989 2.556720 20.986051 0.759668 0.565484 0.321142 0 0
    41 -2.612260 0.301181 19.982420 0.688943 -0.723397 0.045325 0 0
    41 -8.384990 -1.954348 20.986049 0.602146 0.669859 -0.434406 0 0
  phy
    41 -2.612260 0.301181 19.982420 0.688943 -0.723397 0.045325 0 0
    41 -6.809552 -3.348349 20.712147 0.584598 0.348838 -0.732501 0 0
    41 -8.384990 -1.954348 20.986049 0.602146 0.669859 -0.434406 0 0
  phy
    41 -8.384990 -1.954348 20.986049 0.602146 0.669859 -0.434406 0 0
    41 -8.994420 0.301181 21.092008 0.020569 0.999788 0.001348 0 0
    41 -8.384989 2.556720 20.986051 0.759668 0.565484 0.321142 0 0
  phy
    41 -8.384990 -1.954348 20.986049 0.602146 0.669859 -0.434406 0 0
    41 -7.508860 -2.510228 29.364000 -0.068252 0.910936 -0.406862 0 0
    41 -8.994420 0.301181 21.092008 0.020569 0.999788 0.001348 0 0
  phy
    41 -7.508860 -2.510228 29.364000 -0.068252 0.910936 -0.406862 0 0
    41 -5.785281 -2.627338 34.893650 -0.281720 0.854380 -0.436656 0 0
    41 -6.396300 0.300000 34.999884 -0.760032 0.643473 -0.091071 0 0
  phy
    41 -5.785281 -2.627338 34.893650 -0.281720 0.854380 -0.436656 0 0
    41 -7.508860 -2.510228 29.364000 -0.068252 0.910936 -0.406862 0 0
    41 -4.185638 -4.436537 34.615539 -0.611142 0.354117 -0.707889 0 0
  phy
    41 -8.217530 1.437750 29.487210 -0.134140 0.990788 0.018606 0 0
    41 -6.396300 0.300000 34.999884 -0.760032 0.643473 -0.091071 0 0
    41 -5.785300 5.984519 34.893663 -0.790260 0.596793 0.139020 0 0
  phy
    41 -8.217530 1.437750 29.487210 -0.134140 0.990788 0.018606 0 0
    41 -7.508860 -2.510228 29.364000 -0.068252 0.910936 -0.406862 0 0
    41 -6.396300 0.300000 34.999884 -0.760032 0.643473 -0.091071 0 0
  phy
    41 -7.508860 -2.510228 29.364000 -0.068252 0.910936 -0.406862 0 0
    41 -8.217530 1.437750 29.487210 -0.134140 0.990788 0.018606 0 0
    41 -8.994420 0.301181 21.092008 0.020569 0.999788 0.001348 0 0
  phy
    41 -4.797154 -3.348348 20.362276 0.319632 -0.327108 -0.889289 0 0
    41 -6.809552 -3.348349 20.712147 0.584598 0.348838 -0.732501 0 0
    41 -2.612260 0.301181 19.982420 0.688943 -0.723397 0.045325 0 0
  phy
    41 -2.612260 0.301181 19.982420 0.688943 -0.723397 0.045325 0 0
    41 -3.221731 -1.954348 20.088380 0.253994 -0.828710 -0.498725 0 0
    41 -4.797154 -3.348348 20.362276 0.319632 -0.327108 -0.889289 0 0
  phy
    41 -2.208331 -4.436537 34.271771 0.068286 -0.403749 -0.912318 0 0
    41 -0.608678 -2.627338 33.993662 -0.937403 -0.307802 -0.162891 0 0
    41 -4.185638 -4.436537 34.615539 -0.611142 0.354117 -0.707889 0 0
  phy
    41 -8.384989 2.556720 20.986051 0.759668 0.565484 0.321142 0 0
    41 -4.782200 4.321600 20.359682 0.532555 -0.310087 0.787547 0 0
    41 -2.612260 0.301181 19.982420 0.688943 -0.723397 0.045325 0 0
  phy
    42 -8.525271 -2.677658 11.269692 -0.113521 0.431601 -0.894893 0 0
    42 -8.459450 -1.868528 20.593392 -0.218057 0.802813 -0.554926 0 0
    42 -9.892510 -1.331938 11.507392 -0.031814 0.937937 -0.345343 0 0
  phy
    42 -8.459450 -1.868528 20.593392 -0.218057 0.802813 -0.554926 0 0
    42 -8.525271 -2.677658 11.269692 -0.113521 0.431601 -0.894893 0 0
    42 -6.903931 -3.209478 20.322953 -0.714737 0.173608 -0.677503 0 0
  phy
    42 -8.525271 -2.677658 11.269692 -0.113521 0.431601 -0.894893 0 0
    42 -6.835290 -2.677658 10.975872 -0.082044 -0.366342 -0.926856 0 0
    42 -6.903931 -3.209478 20.322953 -0.714737 0.173608 -0.677503 0 0
  phy
    42 -8.525271 -2.677658 11.269692 -0.113521 0.431601 -0.894893 0 0
    42 -9.339420 -0.599749 5.064331 0.390867 0.649589 -0.652118 0 0
    42 -8.090182 -0.599749 4.847140 0.422992 -0.352012 -0.834964 0 0
  phy
    42 -6.835290 -2.677658 10.975872 -0.082044 -0.366342 -0.926856 0 0
    42 -8.525271 -2.677658 11.269692 -0.113521 0.431601 -0.894893 0 0
    42 -8.090182 -0.599749 4.847140 0.422992 -0.352012 -0.834964 0 0
  phy
    42 -8.525271 -2.677658 11.269692 -0.113521 0.431601 -0.894893 0 0
    42 -9.892510 -1.331938 11.507392 -0.031814 0.937937 -0.345343 0 0
    42 -9.339420 -0.599749 5.064331 0.390867 0.649589 -0.652118 0 0
  phy
    42 -9.892510 -1.331938 11.507392 -0.031814 0.937937 -0.345343 0 0
    42 -8.459450 -1.868528 20.593392 -0.218057 0.802813 -0.554926 0 0
    42 -9.053600 0.301172 20.696689 -0.507845 0.850891 0.134457 0 0
  phy
    42 -9.053600 0.301172 20.696689 -0.507845 0.850891 0.134457 0 0
    42 -8.459450 -1.868528 20.593392 -0.218057 0.802813 -0.554926 0 0
    42 -6.903931 -3.209478 20.322953 -0.714737 0.173608 -0.677503 0 0
  phy
    42 -9.892510 -1.331938 11.507392 -0.031814 0.937937 -0.345343 0 0
    42 -9.053600 0.301172 20.696689 -0.507845 0.850891 0.134457 0 0
    42 -10.414730 2.228980 11.598193 0.017831 0.999773 0.011663 0 0
  phy
    42 -9.339420 -0.599749 5.064331 0.390867 0.649589 -0.652118 0 0
    42 -9.892510 -1.331938 11.507392 -0.031814 0.937937 -0.345343 0 0
    42 -10.392430 2.297910 5.247410 0.224993 0.953994 -0.198175 0 0
  phy
    42 -10.392430 2.297910 5.247410 0.224993 0.953994 -0.198175 0 0
    42 -9.892510 -1.331938 11.507392 -0.031814 0.937937 -0.345343 0 0
    42 -10.414730 2.228980 11.598193 0.017831 0.999773 0.011663 0 0
  phy
    42 -9.339416 5.684052 5.064279 0.893866 0.365171 0.260104 0 0
    42 -7.037152 2.297910 4.664058 0.387786 -0.905629 -0.171634 0 0
    42 -7.328201 1.001621 4.714661 0.595872 -0.674871 -0.435300 0 0
  phy
    42 -7.328201 1.001621 4.714661 0.595872 -0.674871 -0.435300 0 0
    42 -8.090182 -0.599749 4.847140 0.422992 -0.352012 -0.834964 0 0
    42 -9.339416 5.684052 5.064279 0.893866 0.365171 0.260104 0 0
  phy
    42 -7.328201 1.001621 4.714661 0.595872 -0.674871 -0.435300 0 0
    42 -7.037152 2.297910 4.664058 0.387786 -0.905629 -0.171634 0 0
    42 -5.468061 -1.331939 10.738172 0.120584 -0.914915 -0.385213 0 0
  phy
    42 -5.468061 -1.331939 10.738172 0.120584 -0.914915 -0.385213 0 0
    42 -8.090182 -0.599749 4.847140 0.422992 -0.352012 -0.834964 0 0
    42 -7.328201 1.001621 4.714661 0.595872 -0.674871 -0.435300 0 0
  phy
    42 -5.468061 -1.331939 10.738172 0.120584 -0.914915 -0.385213 0 0
    42 -2.831518 0.301173 19.614934 -0.443580 -0.888507 0.117438 0 0
    42 -3.425679 -1.868529 19.718234 -0.066433 -0.801047 -0.594904 0 0
  phy
    42 -4.981201 -3.209478 19.988673 -0.403451 -0.362712 -0.840040 0 0
    42 -3.425679 -1.868529 19.718234 -0.066433 -0.801047 -0.594904 0 0
    42 -2.831518 0.301173 19.614934 -0.443580 -0.888507 0.117438 0 0
  phy
    42 -5.468061 -1.331939 10.738172 0.120584 -0.914915 -0.385213 0 0
    42 -3.425679 -1.868529 19.718234 -0.066433 -0.801047 -0.594904 0 0
    42 -6.835290 -2.677658 10.975872 -0.082044 -0.366342 -0.926856 0 0
  phy
    42 -3.425679 -1.868529 19.718234 -0.066433 -0.801047 -0.594904 0 0
    42 -4.981201 -3.209478 19.988673 -0.403451 -0.362712 -0.840040 0 0
    42 -6.835290 -2.677658 10.975872 -0.082044 -0.366342 -0.926856 0 0
  phy
    42 -7.328200 4.882908 4.714661 0.405200 -0.903918 0.136916 0 0
    42 -8.090181 5.684058 4.847130 0.415255 -0.366448 0.832634 0 0
    42 -5.468071 5.137719 10.738171 0.172497 -0.888137 0.425978 0 0
  phy
    42 -5.468071 5.137719 10.738171 0.172497 -0.888137 0.425978 0 0
    42 -8.090181 5.684058 4.847130 0.415255 -0.366448 0.832634 0 0
    42 -6.835310 6.483427 10.975882 0.190545 -0.401546 0.895798 0 0
  phy
    42 -3.425681 2.470879 19.718234 0.041928 -0.870844 0.489768 0 0
    42 -2.831518 0.301173 19.614934 -0.443580 -0.888507 0.117438 0 0
    42 -5.468071 5.137719 10.738171 0.172497 -0.888137 0.425978 0 0
  phy
    42 -5.468071 5.137719 10.738171 0.172497 -0.888137 0.425978 0 0
    42 -2.831518 0.301173 19.614934 -0.443580 -0.888507 0.117438 0 0
    42 -4.945851 2.228980 10.647382 0.182596 -0.982668 -0.031984 0 0
  phy
    42 -5.468071 5.137719 10.738171 0.172497 -0.888137 0.425978 0 0
    42 -4.981201 4.182719 19.988673 -0.083112 -0.419142 0.904108 0 0
    42 -3.425681 2.470879 19.718234 0.041928 -0.870844 0.489768 0 0
  phy
    42 -5.468071 5.137719 10.738171 0.172497 -0.888137 0.425978 0 0
    42 -6.835310 6.483427 10.975882 0.190545 -0.401546 0.895798 0 0
    42 -4.981201 4.182719 19.988673 -0.083112 -0.419142 0.904108 0 0
  phy
    42 -5.468071 5.137719 10.738171 0.172497 -0.888137 0.425978 0 0
    42 -4.945851 2.228980 10.647382 0.182596 -0.982668 -0.031984 0 0
    42 -7.328200 4.882908 4.714661 0.405200 -0.903918 0.136916 0 0
  phy
    42 -9.053600 0.301172 20.696689 -0.507845 0.850891 0.134457 0 0
    42 -8.459451 2.470879 20.593392 -0.119520 0.839584 0.529918 0 0
    42 -9.892510 5.137718 11.507392 0.017196 0.884147 0.466893 0 0
  phy
    42 -8.459451 2.470879 20.593392 -0.119520 0.839584 0.529918 0 0
    42 -9.053600 0.301172 20.696689 -0.507845 0.850891 0.134457 0 0
    42 -6.903940 4.182718 20.322955 -0.497785 0.345546 0.795492 0 0
  phy
    42 -9.892510 5.137718 11.507392 0.017196 0.884147 0.466893 0 0
    42 -8.459451 2.470879 20.593392 -0.119520 0.839584 0.529918 0 0
    42 -6.903940 4.182718 20.322955 -0.497785 0.345546 0.795492 0 0
  phy
    42 -9.339416 5.684052 5.064279 0.893866 0.365171 0.260104 0 0
    42 -10.101400 4.882908 5.196811 0.179272 0.962802 0.202174 0 0
    42 -9.892510 5.137718 11.507392 0.017196 0.884147 0.466893 0 0
  phy
    42 -9.339416 5.684052 5.064279 0.893866 0.365171 0.260104 0 0
    42 -10.392430 2.297910 5.247410 0.224993 0.953994 -0.198175 0 0
    42 -10.101400 4.882908 5.196811 0.179272 0.962802 0.202174 0 0
  phy
    42 -9.892510 5.137718 11.507392 0.017196 0.884147 0.466893 0 0
    42 -10.101400 4.882908 5.196811 0.179272 0.962802 0.202174 0 0
    42 -10.414730 2.228980 11.598193 0.017831 0.999773 0.011663 0 0
  phy
    42 -10.101400 4.882908 5.196811 0.179272 0.962802 0.202174 0 0
    42 -10.392430 2.297910 5.247410 0.224993 0.953994 -0.198175 0 0
    42 -10.414730 2.228980 11.598193 0.017831 0.999773 0.011663 0 0
  phy
    42 -7.328200 4.882908 4.714661 0.405200 -0.903918 0.136916 0 0
    42 -7.037152 2.297910 4.664058 0.387786 -0.905629 -0.171634 0 0
    42 -9.339416 5.684052 5.064279 0.893866 0.365171 0.260104 0 0
  phy
    42 -9.339416 5.684052 5.064279 0.893866 0.365171 0.260104 0 0
    42 -8.090181 5.684058 4.847130 0.415255 -0.366448 0.832634 0 0
    42 -7.328200 4.882908 4.714661 0.405200 -0.903918 0.136916 0 0
  phy
    42 -9.339416 5.684052 5.064279 0.893866 0.365171 0.260104 0 0
    42 -8.090182 -0.599749 4.847140 0.422992 -0.352012 -0.834964 0 0
    42 -9.339420 -0.599749 5.064331 0.390867 0.649589 -0.652118 0 0
  phy
    42 -8.525271 6.483427 11.269702 0.126272 0.260750 0.957113 0 0
    42 -9.339416 5.684052 5.064279 0.893866 0.365171 0.260104 0 0
    42 -9.892510 5.137718 11.507392 0.017196 0.884147 0.466893 0 0
  phy
    42 -8.525271 6.483427 11.269702 0.126272 0.260750 0.957113 0 0
    42 -8.090181 5.684058 4.847130 0.415255 -0.366448 0.832634 0 0
    42 -9.339416 5.684052 5.064279 0.893866 0.365171 0.260104 0 0
  phy
    42 -9.339420 -0.599749 5.064331 0.390867 0.649589 -0.652118 0 0
    42 -10.392430 2.297910 5.247410 0.224993 0.953994 -0.198175 0 0
    42 -9.339416 5.684052 5.064279 0.893866 0.365171 0.260104 0 0
  phy
    42 -4.981201 4.182719 19.988673 -0.083112 -0.419142 0.904108 0 0
    42 -6.835310 6.483427 10.975882 0.190545 -0.401546 0.895798 0 0
    42 -8.525271 6.483427 11.269702 0.126272 0.260750 0.957113 0 0
  phy
    42 -8.525271 6.483427 11.269702 0.126272 0.260750 0.957113 0 0
    42 -6.903940 4.182718 20.322955 -0.497785 0.345546 0.795492 0 0
    42 -4.981201 4.182719 19.988673 -0.083112 -0.419142 0.904108 0 0
  phy
    42 -9.892510 5.137718 11.507392 0.017196 0.884147 0.466893 0 0
    42 -6.903940 4.182718 20.322955 -0.497785 0.345546 0.795492 0 0
    42 -8.525271 6.483427 11.269702 0.126272 0.260750 0.957113 0 0
  phy
    42 -6.835310 6.483427 10.975882 0.190545 -0.401546 0.895798 0 0
    42 -8.090181 5.684058 4.847130 0.415255 -0.366448 0.832634 0 0
    42 -8.525271 6.483427 11.269702 0.126272 0.260750 0.957113 0 0
  phy
    42 -5.468061 -1.331939 10.738172 0.120584 -0.914915 -0.385213 0 0
    42 -7.037152 2.297910 4.664058 0.387786 -0.905629 -0.171634 0 0
    42 -4.945851 2.228980 10.647382 0.182596 -0.982668 -0.031984 0 0
  phy
    42 -5.468061 -1.331939 10.738172 0.120584 -0.914915 -0.385213 0 0
    42 -6.835290 -2.677658 10.975872 -0.082044 -0.366342 -0.926856 0 0
    42 -8.090182 -0.599749 4.847140 0.422992 -0.352012 -0.834964 0 0
  phy
    42 -4.945851 2.228980 10.647382 0.182596 -0.982668 -0.031984 0 0
    42 -2.831518 0.301173 19.614934 -0.443580 -0.888507 0.117438 0 0
    42 -5.468061 -1.331939 10.738172 0.120584 -0.914915 -0.385213 0 0
  phy
    42 -4.945851 2.228980 10.647382 0.182596 -0.982668 -0.031984 0 0
    42 -7.037152 2.297910 4.664058 0.387786 -0.905629 -0.171634 0 0
    42 -7.328200 4.882908 4.714661 0.405200 -0.903918 0.136916 0 0
  phy
    42 -3.425681 2.470879 19.718234 0.041928 -0.870844 0.489768 0 0
    42 -4.981201 4.182719 19.988673 -0.083112 -0.419142 0.904108 0 0
    42 -2.831518 0.301173 19.614934 -0.443580 -0.888507 0.117438 0 0
  phy
    42 -9.053600 0.301172 20.696689 -0.507845 0.850891 0.134457 0 0
    42 -9.892510 5.137718 11.507392 0.017196 0.884147 0.466893 0 0
    42 -10.414730 2.228980 11.598193 0.017831 0.999773 0.011663 0 0
  phy
    42 -6.903940 4.182718 20.322955 -0.497785 0.345546 0.795492 0 0
    42 -9.053600 0.301172 20.696689 -0.507845 0.850891 0.134457 0 0
    42 -2.831518 0.301173 19.614934 -0.443580 -0.888507 0.117438 0 0
  phy
    42 -2.831518 0.301173 19.614934 -0.443580 -0.888507 0.117438 0 0
    42 -9.053600 0.301172 20.696689 -0.507845 0.850891 0.134457 0 0
    42 -6.903931 -3.209478 20.322953 -0.714737 0.173608 -0.677503 0 0
  phy
    42 -6.835290 -2.677658 10.975872 -0.082044 -0.366342 -0.926856 0 0
    42 -4.981201 -3.209478 19.988673 -0.403451 -0.362712 -0.840040 0 0
    42 -6.903931 -3.209478 20.322953 -0.714737 0.173608 -0.677503 0 0
  phy
    42 -4.981201 -3.209478 19.988673 -0.403451 -0.362712 -0.840040 0 0
    42 -2.831518 0.301173 19.614934 -0.443580 -0.888507 0.117438 0 0
    42 -6.903931 -3.209478 20.322953 -0.714737 0.173608 -0.677503 0 0
  phy
    42 -4.981201 4.182719 19.988673 -0.083112 -0.419142 0.904108 0 0
    42 -6.903940 4.182718 20.322955 -0.497785 0.345546 0.795492 0 0
    42 -2.831518 0.301173 19.614934 -0.443580 -0.888507 0.117438 0 0
  phy
    5 -5.387911 5.378548 45.338078 0.246804 0.219724 0.943827 0 0
    5 -6.740800 -0.645132 45.338067 0.087343 0.924791 0.370315 0 0
    5 -7.953022 -0.312543 52.817461 -0.173525 0.085693 0.981094 0 0
  phy
    5 -7.953022 -0.312543 52.817461 -0.173525 0.085693 0.981094 0 0
    5 -6.387261 6.156968 52.817462 0.444709 -0.020288 0.895445 0 0
    5 -5.387911 5.378548 45.338078 0.246804 0.219724 0.943827 0 0
  phy
    5 -6.430865 -3.694346 52.643130 -0.792244 0.175814 0.584328 0 0
    5 -6.276712 -3.066103 56.778310 -0.777442 -0.063592 0.625731 0 0
    5 -7.953022 -0.312543 52.817461 -0.173525 0.085693 0.981094 0 0
  phy
    5 -7.953022 -0.312543 52.817461 -0.173525 0.085693 0.981094 0 0
    5 -6.276712 -3.066103 56.778310 -0.777442 -0.063592 0.625731 0 0
    5 -7.819082 0.565497 56.778310 -0.175037 -0.197097 0.964632 0 0
  phy
    5 -7.819082 0.565497 56.778310 -0.175037 -0.197097 0.964632 0 0
    5 -6.387261 6.156968 52.817462 0.444709 -0.020288 0.895445 0 0
    5 -7.953022 -0.312543 52.817461 -0.173525 0.085693 0.981094 0 0
  phy
    5 -7.953022 -0.312543 52.817461 -0.173525 0.085693 0.981094 0 0
    5 -6.740800 -0.645132 45.338067 0.087343 0.924791 0.370315 0 0
    5 -6.430865 -3.694346 52.643130 -0.792244 0.175814 0.584328 0 0
  phy
    5 2.432428 -6.461121 45.338079 -0.695505 0.546570 -0.466405 0 0
    5 2.778897 -6.798422 52.817432 -0.863934 0.181242 -0.469862 0 0
    5 -2.287986 -6.798420 52.817407 -0.975930 0.214903 0.037104 0 0
  phy
    5 2.432428 -6.461121 45.338079 -0.695505 0.546570 -0.466405 0 0
    5 -2.287986 -6.798420 52.817407 -0.975930 0.214903 0.037104 0 0
    5 -1.898561 -6.461121 45.338079 -0.893725 0.377894 0.241769 0 0
  phy
    5 -2.238713 -6.235633 56.778311 -0.994005 0.054463 0.094809 0 0
    5 2.778897 -6.798422 52.817432 -0.863934 0.181242 -0.469862 0 0
    5 2.752530 -6.235637 56.778318 -0.836661 0.049016 -0.545523 0 0
  phy
    5 2.778897 -6.798422 52.817432 -0.863934 0.181242 -0.469862 0 0
    5 -2.238713 -6.235633 56.778311 -0.994005 0.054463 0.094809 0 0
    5 -2.287986 -6.798420 52.817407 -0.975930 0.214903 0.037104 0 0
  phy
    5 2.778897 -6.798422 52.817432 -0.863934 0.181242 -0.469862 0 0
    5 6.878138 -3.749302 52.817461 -0.513292 0.166635 -0.841881 0 0
    5 2.752530 -6.235637 56.778318 -0.836661 0.049016 -0.545523 0 0
  phy
    5 6.878138 -3.749302 52.817461 -0.513292 0.166635 -0.841881 0 0
    5 2.778897 -6.798422 52.817432 -0.863934 0.181242 -0.469862 0 0
    5 2.432428 -6.461121 45.338079 -0.695505 0.546570 -0.466405 0 0
  phy
    5 2.778900 8.280979 52.817250 0.996250 -0.063794 -0.058452 0 0
    5 -2.182012 8.849042 56.699365 0.876336 -0.246342 0.413945 0 0
    5 2.695378 8.849044 56.699361 0.956479 -0.283011 -0.071078 0 0
  phy
    5 2.778900 8.280979 52.817250 0.996250 -0.063794 -0.058452 0 0
    5 2.432419 7.186559 45.338067 0.702457 0.705693 0.092475 0 0
    5 -2.182012 8.849042 56.699365 0.876336 -0.246342 0.413945 0 0
  phy
    5 2.432419 7.186559 45.338067 0.702457 0.705693 0.092475 0 0
    5 -1.898580 7.186557 45.338067 0.844827 0.290128 0.449547 0 0
    5 -2.182012 8.849042 56.699365 0.876336 -0.246342 0.413945 0 0
  phy
    5 6.878128 6.156969 52.817461 0.727400 -0.014462 -0.686061 0 0
    5 5.921709 5.378559 45.338078 0.729339 0.163708 -0.664277 0 0
    5 2.778900 8.280979 52.817250 0.996250 -0.063794 -0.058452 0 0
  phy
    5 5.921709 5.378559 45.338078 0.729339 0.163708 -0.664277 0 0
    5 2.432419 7.186559 45.338067 0.702457 0.705693 0.092475 0 0
    5 2.778900 8.280979 52.817250 0.996250 -0.063794 -0.058452 0 0
  phy
    5 2.778900 8.280979 52.817250 0.996250 -0.063794 -0.058452 0 0
    5 2.695378 8.849044 56.699361 0.956479 -0.283011 -0.071078 0 0
    5 6.878128 6.156969 52.817461 0.727400 -0.014462 -0.686061 0 0
  phy
    5 -1.898561 -6.461121 45.338079 -0.893725 0.377894 0.241769 0 0
    5 -6.430865 -3.694346 52.643130 -0.792244 0.175814 0.584328 0 0
    5 -5.402441 -3.667882 45.338067 -0.248379 0.892400 0.376736 0 0
  phy
    5 -6.430865 -3.694346 52.643130 -0.792244 0.175814 0.584328 0 0
    5 -1.898561 -6.461121 45.338079 -0.893725 0.377894 0.241769 0 0
    5 -2.287986 -6.798420 52.817407 -0.975930 0.214903 0.037104 0 0
  phy
    5 -2.238713 -6.235633 56.778311 -0.994005 0.054463 0.094809 0 0
    5 -6.430865 -3.694346 52.643130 -0.792244 0.175814 0.584328 0 0
    5 -2.287986 -6.798420 52.817407 -0.975930 0.214903 0.037104 0 0
  phy
    5 -6.430865 -3.694346 52.643130 -0.792244 0.175814 0.584328 0 0
    5 -2.238713 -6.235633 56.778311 -0.994005 0.054463 0.094809 0 0
    5 -6.276712 -3.066103 56.778310 -0.777442 -0.063592 0.625731 0 0
  phy
    5 -6.430865 -3.694346 52.643130 -0.792244 0.175814 0.584328 0 0
    5 -6.740800 -0.645132 45.338067 0.087343 0.924791 0.370315 0 0
    5 -5.402441 -3.667882 45.338067 -0.248379 0.892400 0.376736 0 0
  phy
    5 -1.898561 -6.461121 45.338079 -0.893725 0.377894 0.241769 0 0
    5 -5.402441 -3.667882 45.338067 -0.248379 0.892400 0.376736 0 0
    5 2.432428 -6.461121 45.338079 -0.695505 0.546570 -0.466405 0 0
  phy
    5 6.878138 -3.749302 52.817461 -0.513292 0.166635 -0.841881 0 0
    5 6.790547 -3.066102 56.778310 -0.435065 -0.066259 -0.897958 0 0
    5 2.752530 -6.235637 56.778318 -0.836661 0.049016 -0.545523 0 0
  phy
    5 5.936298 -3.667881 45.338067 -0.037048 0.866104 -0.498489 0 0
    5 6.878138 -3.749302 52.817461 -0.513292 0.166635 -0.841881 0 0
    5 2.432428 -6.461121 45.338079 -0.695505 0.546570 -0.466405 0 0
  phy
    5 6.790547 -3.066102 56.778310 -0.435065 -0.066259 -0.897958 0 0
    5 6.878138 -3.749302 52.817461 -0.513292 0.166635 -0.841881 0 0
    5 8.443897 -0.312541 52.817461 0.209170 0.100506 -0.972701 0 0
  phy
    5 6.878138 -3.749302 52.817461 -0.513292 0.166635 -0.841881 0 0
    5 5.936298 -3.667881 45.338067 -0.037048 0.866104 -0.498489 0 0
    5 8.443897 -0.312541 52.817461 0.209170 0.100506 -0.972701 0 0
  phy
    5 6.790547 -3.066102 56.778310 -0.435065 -0.066259 -0.897958 0 0
    5 5.303246 -2.809093 61.678745 -0.495439 -0.247774 -0.832555 0 0
    5 2.177347 -5.557283 61.332757 -0.586835 -0.721036 -0.368418 0 0
  phy
    5 5.303246 -2.809093 61.678745 -0.495439 -0.247774 -0.832555 0 0
    5 6.790547 -3.066102 56.778310 -0.435065 -0.066259 -0.897958 0 0
    5 6.497257 0.140777 62.238585 -0.253208 -0.819868 -0.513519 0 0
  phy
    5 5.303246 -2.809093 61.678745 -0.495439 -0.247774 -0.832555 0 0
    5 6.497257 0.140777 62.238585 -0.253208 -0.819868 -0.513519 0 0
    5 2.177347 -5.557283 61.332757 -0.586835 -0.721036 -0.368418 0 0
  phy
    5 -7.819082 0.565497 56.778310 -0.175037 -0.197097 0.964632 0 0
    5 -6.276712 -3.066103 56.778310 -0.777442 -0.063592 0.625731 0 0
    5 -6.006403 0.140777 62.238585 -0.465977 -0.729148 0.501206 0 0
  phy
    5 -6.006403 0.140777 62.238585 -0.465977 -0.729148 0.501206 0 0
    5 -6.276712 -3.066103 56.778310 -0.777442 -0.063592 0.625731 0 0
    5 -4.812403 -2.809092 61.678745 -0.803622 -0.245086 0.542332 0 0
  phy
    5 -4.812403 -2.809092 61.678745 -0.803622 -0.245086 0.542332 0 0
    5 -1.686473 -5.557292 61.332755 -0.746638 -0.650465 0.139380 0 0
    5 -6.006403 0.140777 62.238585 -0.465977 -0.729148 0.501206 0 0
  phy
    5 -6.006403 0.140777 62.238585 -0.465977 -0.729148 0.501206 0 0
    5 -1.686473 -5.557292 61.332755 -0.746638 -0.650465 0.139380 0 0
    5 -1.686473 4.913767 63.144412 -0.337054 -0.938445 -0.075596 0 0
  phy
    5 -6.006403 0.140777 62.238585 -0.465977 -0.729148 0.501206 0 0
    5 -4.812412 5.479177 62.798416 0.291420 -0.620799 0.727793 0 0
    5 -7.819082 0.565497 56.778310 -0.175037 -0.197097 0.964632 0 0
  phy
    5 -1.686473 4.913767 63.144412 -0.337054 -0.938445 -0.075596 0 0
    5 -4.812412 5.479177 62.798416 0.291420 -0.620799 0.727793 0 0
    5 -6.006403 0.140777 62.238585 -0.465977 -0.729148 0.501206 0 0
  phy
    5 -2.238713 -6.235633 56.778311 -0.994005 0.054463 0.094809 0 0
    5 2.752530 -6.235637 56.778318 -0.836661 0.049016 -0.545523 0 0
    5 -0.128604 -5.585170 61.356287 -0.829005 -0.527428 -0.185932 0 0
  phy
    5 -2.238713 -6.235633 56.778311 -0.994005 0.054463 0.094809 0 0
    5 -0.128604 -5.585170 61.356287 -0.829005 -0.527428 -0.185932 0 0
    5 -1.686473 -5.557292 61.332755 -0.746638 -0.650465 0.139380 0 0
  phy
    5 -6.276712 -3.066103 56.778310 -0.777442 -0.063592 0.625731 0 0
    5 -2.238713 -6.235633 56.778311 -0.994005 0.054463 0.094809 0 0
    5 -1.686473 -5.557292 61.332755 -0.746638 -0.650465 0.139380 0 0
  phy
    5 -6.276721 6.585627 56.778298 0.315487 -0.283866 0.905477 0 0
    5 -6.387261 6.156968 52.817462 0.444709 -0.020288 0.895445 0 0
    5 -7.819082 0.565497 56.778310 -0.175037 -0.197097 0.964632 0 0
  phy
    5 -7.819082 0.565497 56.778310 -0.175037 -0.197097 0.964632 0 0
    5 -4.812412 5.479177 62.798416 0.291420 -0.620799 0.727793 0 0
    5 -6.276721 6.585627 56.778298 0.315487 -0.283866 0.905477 0 0
  phy
    5 -5.387911 5.378548 45.338078 0.246804 0.219724 0.943827 0 0
    5 -6.387261 6.156968 52.817462 0.444709 -0.020288 0.895445 0 0
    5 -1.898580 7.186557 45.338067 0.844827 0.290128 0.449547 0 0
  phy
    5 -5.387911 5.378548 45.338078 0.246804 0.219724 0.943827 0 0
    5 -1.898580 7.186557 45.338067 0.844827 0.290128 0.449547 0 0
    5 -6.740800 -0.645132 45.338067 0.087343 0.924791 0.370315 0 0
  phy
    5 2.695378 8.849044 56.699361 0.956479 -0.283011 -0.071078 0 0
    5 6.790528 6.585628 56.778306 0.715394 -0.313205 -0.624591 0 0
    5 6.878128 6.156969 52.817461 0.727400 -0.014462 -0.686061 0 0
  phy
    5 8.332906 0.565498 56.778299 0.253673 -0.196921 -0.947033 0 0
    5 6.878128 6.156969 52.817461 0.727400 -0.014462 -0.686061 0 0
    5 6.790528 6.585628 56.778306 0.715394 -0.313205 -0.624591 0 0
  phy
    5 6.878128 6.156969 52.817461 0.727400 -0.014462 -0.686061 0 0
    5 8.332906 0.565498 56.778299 0.253673 -0.196921 -0.947033 0 0
    5 8.443897 -0.312541 52.817461 0.209170 0.100506 -0.972701 0 0
  phy
    5 5.921709 5.378559 45.338078 0.729339 0.163708 -0.664277 0 0
    5 6.878128 6.156969 52.817461 0.727400 -0.014462 -0.686061 0 0
    5 8.443897 -0.312541 52.817461 0.209170 0.100506 -0.972701 0 0
  phy
    5 -5.402441 -3.667882 45.338067 -0.248379 0.892400 0.376736 0 0
    5 5.936298 -3.667881 45.338067 -0.037048 0.866104 -0.498489 0 0
    5 2.432428 -6.461121 45.338079 -0.695505 0.546570 -0.466405 0 0
  phy
    5 5.936298 -3.667881 45.338067 -0.037048 0.866104 -0.498489 0 0
    5 -5.402441 -3.667882 45.338067 -0.248379 0.892400 0.376736 0 0
    5 -6.740800 -0.645132 45.338067 0.087343 0.924791 0.370315 0 0
  phy
    5 8.332906 0.565498 56.778299 0.253673 -0.196921 -0.947033 0 0
    5 6.790547 -3.066102 56.778310 -0.435065 -0.066259 -0.897958 0 0
    5 8.443897 -0.312541 52.817461 0.209170 0.100506 -0.972701 0 0
  phy
    5 2.752530 -6.235637 56.778318 -0.836661 0.049016 -0.545523 0 0
    5 6.790547 -3.066102 56.778310 -0.435065 -0.066259 -0.897958 0 0
    5 2.177347 -5.557283 61.332757 -0.586835 -0.721036 -0.368418 0 0
  phy
    5 6.790547 -3.066102 56.778310 -0.435065 -0.066259 -0.897958 0 0
    5 8.332906 0.565498 56.778299 0.253673 -0.196921 -0.947033 0 0
    5 6.497257 0.140777 62.238585 -0.253208 -0.819868 -0.513519 0 0
  phy
    5 -0.128604 -5.585170 61.356287 -0.829005 -0.527428 -0.185932 0 0
    5 2.752530 -6.235637 56.778318 -0.836661 0.049016 -0.545523 0 0
    5 2.177347 -5.557283 61.332757 -0.586835 -0.721036 -0.368418 0 0
  phy
    5 -4.812403 -2.809092 61.678745 -0.803622 -0.245086 0.542332 0 0
    5 -6.276712 -3.066103 56.778310 -0.777442 -0.063592 0.625731 0 0
    5 -1.686473 -5.557292 61.332755 -0.746638 -0.650465 0.139380 0 0
  phy
    5 -6.276721 6.585627 56.778298 0.315487 -0.283866 0.905477 0 0
    5 -4.812412 5.479177 62.798416 0.291420 -0.620799 0.727793 0 0
    5 -2.182012 8.849042 56.699365 0.876336 -0.246342 0.413945 0 0
  phy
    5 -2.182012 8.849042 56.699365 0.876336 -0.246342 0.413945 0 0
    5 -6.387261 6.156968 52.817462 0.444709 -0.020288 0.895445 0 0
    5 -6.276721 6.585627 56.778298 0.315487 -0.283866 0.905477 0 0
  phy
    5 -2.182012 8.849042 56.699365 0.876336 -0.246342 0.413945 0 0
    5 2.177347 7.302307 63.144412 0.756468 -0.650486 0.068004 0 0
    5 2.695378 8.849044 56.699361 0.956479 -0.283011 -0.071078 0 0
  phy
    5 2.695378 8.849044 56.699361 0.956479 -0.283011 -0.071078 0 0
    5 2.177347 7.302307 63.144412 0.756468 -0.650486 0.068004 0 0
    5 6.790528 6.585628 56.778306 0.715394 -0.313205 -0.624591 0 0
  phy
    5 5.936298 -3.667881 45.338067 -0.037048 0.866104 -0.498489 0 0
    5 -6.740800 -0.645132 45.338067 0.087343 0.924791 0.370315 0 0
    5 7.274668 -0.645131 45.338067 0.277102 0.914042 -0.296211 0 0
  phy
    5 7.274668 -0.645131 45.338067 0.277102 0.914042 -0.296211 0 0
    5 -6.740800 -0.645132 45.338067 0.087343 0.924791 0.370315 0 0
    5 2.432419 7.186559 45.338067 0.702457 0.705693 0.092475 0 0
  phy
    5 2.432419 7.186559 45.338067 0.702457 0.705693 0.092475 0 0
    5 -6.740800 -0.645132 45.338067 0.087343 0.924791 0.370315 0 0
    5 -1.898580 7.186557 45.338067 0.844827 0.290128 0.449547 0 0
  phy
    5 -1.898580 7.186557 45.338067 0.844827 0.290128 0.449547 0 0
    5 -6.387261 6.156968 52.817462 0.444709 -0.020288 0.895445 0 0
    5 -2.182012 8.849042 56.699365 0.876336 -0.246342 0.413945 0 0
  phy
    5 -1.686473 4.913767 63.144412 -0.337054 -0.938445 -0.075596 0 0
    5 -1.686473 -5.557292 61.332755 -0.746638 -0.650465 0.139380 0 0
    5 -0.128604 -5.585170 61.356287 -0.829005 -0.527428 -0.185932 0 0
  phy
    5 -0.128604 -5.585170 61.356287 -0.829005 -0.527428 -0.185932 0 0
    5 2.177347 -5.557283 61.332757 -0.586835 -0.721036 -0.368418 0 0
    5 -1.686473 4.913767 63.144412 -0.337054 -0.938445 -0.075596 0 0
  phy
    5 2.177347 -5.557283 61.332757 -0.586835 -0.721036 -0.368418 0 0
    5 6.497257 0.140777 62.238585 -0.253208 -0.819868 -0.513519 0 0
    5 -1.686473 4.913767 63.144412 -0.337054 -0.938445 -0.075596 0 0
  phy
    5 -1.686473 4.913767 63.144412 -0.337054 -0.938445 -0.075596 0 0
    5 6.497257 0.140777 62.238585 -0.253208 -0.819868 -0.513519 0 0
    5 5.303246 5.479178 62.798416 0.235424 -0.721022 -0.651693 0 0
  phy
    5 5.303246 5.479178 62.798416 0.235424 -0.721022 -0.651693 0 0
    5 2.177347 7.302307 63.144412 0.756468 -0.650486 0.068004 0 0
    5 -1.686473 4.913767 63.144412 -0.337054 -0.938445 -0.075596 0 0
  phy
    5 -1.686473 4.913767 63.144412 -0.337054 -0.938445 -0.075596 0 0
    5 2.177347 7.302307 63.144412 0.756468 -0.650486 0.068004 0 0
    5 -4.812412 5.479177 62.798416 0.291420 -0.620799 0.727793 0 0
  phy
    5 5.921709 5.378559 45.338078 0.729339 0.163708 -0.664277 0 0
    5 7.274668 -0.645131 45.338067 0.277102 0.914042 -0.296211 0 0
    5 2.432419 7.186559 45.338067 0.702457 0.705693 0.092475 0 0
  phy
    5 7.274668 -0.645131 45.338067 0.277102 0.914042 -0.296211 0 0
    5 5.921709 5.378559 45.338078 0.729339 0.163708 -0.664277 0 0
    5 8.443897 -0.312541 52.817461 0.209170 0.100506 -0.972701 0 0
  phy
    5 5.936298 -3.667881 45.338067 -0.037048 0.866104 -0.498489 0 0
    5 7.274668 -0.645131 45.338067 0.277102 0.914042 -0.296211 0 0
    5 8.443897 -0.312541 52.817461 0.209170 0.100506 -0.972701 0 0
  phy
    5 5.303246 5.479178 62.798416 0.235424 -0.721022 -0.651693 0 0
    5 8.332906 0.565498 56.778299 0.253673 -0.196921 -0.947033 0 0
    5 6.790528 6.585628 56.778306 0.715394 -0.313205 -0.624591 0 0
  phy
    5 8.332906 0.565498 56.778299 0.253673 -0.196921 -0.947033 0 0
    5 5.303246 5.479178 62.798416 0.235424 -0.721022 -0.651693 0 0
    5 6.497257 0.140777 62.238585 -0.253208 -0.819868 -0.513519 0 0
  phy
    5 6.790528 6.585628 56.778306 0.715394 -0.313205 -0.624591 0 0
    5 2.177347 7.302307 63.144412 0.756468 -0.650486 0.068004 0 0
    5 5.303246 5.479178 62.798416 0.235424 -0.721022 -0.651693 0 0
  phy
    5 -4.812412 5.479177 62.798416 0.291420 -0.620799 0.727793 0 0
    5 2.177347 7.302307 63.144412 0.756468 -0.650486 0.068004 0 0
    5 -2.182012 8.849042 56.699365 0.876336 -0.246342 0.413945 0 0
  phy
    27 -13.433328 -0.448486 47.306060 0.199054 -0.557253 -0.806131 0 0
    27 -11.978847 -0.488839 48.487885 0.133560 -0.799432 -0.585721 0 0
    27 -10.102148 -0.822299 50.397829 0.120134 -0.771763 -0.624459 0 0
  phy
    27 -13.433328 -0.448486 47.306060 0.199054 -0.557253 -0.806131 0 0
    27 -10.102148 -0.822299 50.397829 0.120134 -0.771763 -0.624459 0 0
    27 -5.222578 -2.136813 55.976173 0.102150 -0.468264 -0.877664 0 0
  phy
    27 -9.178268 0.753722 49.681201 0.120041 -0.947627 -0.295962 0 0
    27 -10.102148 -0.822299 50.397829 0.120134 -0.771763 -0.624459 0 0
    27 -11.978847 -0.488839 48.487885 0.133560 -0.799432 -0.585721 0 0
  phy
    27 -9.178268 0.753722 49.681201 0.120041 -0.947627 -0.295962 0 0
    27 -4.136228 -0.479262 55.133515 -0.080162 -0.939653 -0.332607 0 0
    27 -10.102148 -0.822299 50.397829 0.120134 -0.771763 -0.624459 0 0
  phy
    27 -13.433328 -0.448486 47.306060 0.199054 -0.557253 -0.806131 0 0
    27 -9.178268 0.753722 49.681201 0.120041 -0.947627 -0.295962 0 0
    27 -11.978847 -0.488839 48.487885 0.133560 -0.799432 -0.585721 0 0
  phy
    27 -10.102148 -0.822299 50.397829 0.120134 -0.771763 -0.624459 0 0
    27 -4.136228 -0.479262 55.133515 -0.080162 -0.939653 -0.332607 0 0
    27 -5.222578 -2.136813 55.976173 0.102150 -0.468264 -0.877664 0 0
  phy
    27 -15.796707 -0.448495 49.139247 0.462852 0.588976 -0.662476 0 0
    27 -16.527025 0.909831 49.705740 0.808958 0.560557 -0.177092 0 0
    27 -12.703007 2.670183 46.739558 0.840558 -0.533981 0.091246 0 0
  phy
    27 -16.527025 0.909831 49.705740 0.808958 0.560557 -0.177092 0 0
    27 -16.527021 2.670184 49.705744 0.632160 0.760818 0.146729 0 0
    27 -12.703007 2.670183 46.739558 0.840558 -0.533981 0.091246 0 0
  phy
    27 -16.527021 2.670184 49.705744 0.632160 0.760818 0.146729 0 0
    27 -15.796699 4.064905 49.139257 0.505829 0.586475 0.632601 0 0
    27 -12.703007 2.670183 46.739558 0.840558 -0.533981 0.091246 0 0
  phy
    27 -15.796699 4.064905 49.139257 0.505829 0.586475 0.632601 0 0
    27 -14.615017 4.597656 48.222661 0.247350 -0.014959 0.968811 0 0
    27 -12.703007 2.670183 46.739558 0.840558 -0.533981 0.091246 0 0
  phy
    27 -13.091857 4.277843 52.716891 0.062237 0.546492 0.835149 0 0
    27 -14.615017 4.597656 48.222661 0.247350 -0.014959 0.968811 0 0
    27 -15.796699 4.064905 49.139257 0.505829 0.586475 0.632601 0 0
  phy
    27 -13.091857 4.277843 52.716891 0.062237 0.546492 0.835149 0 0
    27 -15.796699 4.064905 49.139257 0.505829 0.586475 0.632601 0 0
    27 -14.015728 2.701802 53.433519 0.040048 0.942549 0.331658 0 0
  phy
    27 -15.796699 4.064905 49.139257 0.505829 0.586475 0.632601 0 0
    27 -16.527021 2.670184 49.705744 0.632160 0.760818 0.146729 0 0
    27 -14.015728 2.701802 53.433519 0.040048 0.942549 0.331658 0 0
  phy
    27 -10.102137 4.277844 50.397831 0.046138 -0.504086 0.862420 0 0
    27 -6.440647 5.209080 57.526074 -0.702276 -0.111074 0.703186 0 0
    27 -5.222577 4.480640 55.976175 -0.097741 -0.757227 0.645797 0 0
  phy
    27 -4.136217 1.569569 55.133515 -0.674651 -0.713900 0.187595 0 0
    27 -5.222577 4.480640 55.976175 -0.097741 -0.757227 0.645797 0 0
    27 -6.440647 5.209080 57.526074 -0.702276 -0.111074 0.703186 0 0
  phy
    27 -5.222577 4.480640 55.976175 -0.097741 -0.757227 0.645797 0 0
    27 -9.178267 2.701813 49.681190 0.037367 -0.948587 0.314302 0 0
    27 -10.102137 4.277844 50.397831 0.046138 -0.504086 0.862420 0 0
  phy
    27 -5.222577 4.480640 55.976175 -0.097741 -0.757227 0.645797 0 0
    27 -4.136217 1.569569 55.133515 -0.674651 -0.713900 0.187595 0 0
    27 -9.178267 2.701813 49.681190 0.037367 -0.948587 0.314302 0 0
  phy
    27 -13.433327 4.064916 47.306061 0.178153 -0.693130 0.698450 0 0
    27 -14.615017 4.597656 48.222661 0.247350 -0.014959 0.968811 0 0
    27 -10.102137 4.277844 50.397831 0.046138 -0.504086 0.862420 0 0
  phy
    27 -12.703007 2.670183 46.739558 0.840558 -0.533981 0.091246 0 0
    27 -14.615017 4.597656 48.222661 0.247350 -0.014959 0.968811 0 0
    27 -13.433327 4.064916 47.306061 0.178153 -0.693130 0.698450 0 0
  phy
    27 -10.102137 4.277844 50.397831 0.046138 -0.504086 0.862420 0 0
    27 -9.178267 2.701813 49.681190 0.037367 -0.948587 0.314302 0 0
    27 -13.433327 4.064916 47.306061 0.178153 -0.693130 0.698450 0 0
  phy
    27 -13.433327 4.064916 47.306061 0.178153 -0.693130 0.698450 0 0
    27 -9.178267 2.701813 49.681190 0.037367 -0.948587 0.314302 0 0
    27 -12.703007 2.670183 46.739558 0.840558 -0.533981 0.091246 0 0
  phy
    27 -13.433328 -0.448486 47.306060 0.199054 -0.557253 -0.806131 0 0
    27 -12.703017 0.946225 46.739560 0.694400 -0.693929 -0.190449 0 0
    27 -9.178268 0.753722 49.681201 0.120041 -0.947627 -0.295962 0 0
  phy
    27 -13.433328 -0.448486 47.306060 0.199054 -0.557253 -0.806131 0 0
    27 -5.222578 -2.136813 55.976173 0.102150 -0.468264 -0.877664 0 0
    27 -14.615030 -0.981225 48.222650 0.213736 -0.000164 -0.976891 0 0
  phy
    27 -14.615030 -0.981225 48.222650 0.213736 -0.000164 -0.976891 0 0
    27 -12.703017 0.946225 46.739560 0.694400 -0.693929 -0.190449 0 0
    27 -13.433328 -0.448486 47.306060 0.199054 -0.557253 -0.806131 0 0
  phy
    27 -8.198387 4.575949 58.889522 -0.480726 0.642545 0.596689 0 0
    27 -13.091857 4.277843 52.716891 0.062237 0.546492 0.835149 0 0
    27 -14.015728 2.701802 53.433519 0.040048 0.942549 0.331658 0 0
  phy
    27 -8.198387 4.575949 58.889522 -0.480726 0.642545 0.596689 0 0
    27 -11.596997 4.879834 51.557361 0.046097 0.074433 0.996160 0 0
    27 -13.091857 4.277843 52.716891 0.062237 0.546492 0.835149 0 0
  phy
    27 -11.596997 4.879834 51.557361 0.046097 0.074433 0.996160 0 0
    27 -14.615017 4.597656 48.222661 0.247350 -0.014959 0.968811 0 0
    27 -13.091857 4.277843 52.716891 0.062237 0.546492 0.835149 0 0
  phy
    27 -14.015729 0.753721 53.433518 0.090233 0.953396 -0.287914 0 0
    27 -9.232068 1.569577 59.045234 -0.039565 0.991822 0.121343 0 0
    27 -14.015728 2.701802 53.433519 0.040048 0.942549 0.331658 0 0
  phy
    27 -9.232068 1.569577 59.045234 -0.039565 0.991822 0.121343 0 0
    27 -14.015729 0.753721 53.433518 0.090233 0.953396 -0.287914 0 0
    27 -9.232069 -0.479262 59.045234 -0.189830 0.961231 -0.199998 0 0
  phy
    27 -9.232068 1.569577 59.045234 -0.039565 0.991822 0.121343 0 0
    27 -8.198387 4.575949 58.889522 -0.480726 0.642545 0.596689 0 0
    27 -14.015728 2.701802 53.433519 0.040048 0.942549 0.331658 0 0
  phy
    27 -8.198387 4.575949 58.889522 -0.480726 0.642545 0.596689 0 0
    27 -9.232068 1.569577 59.045234 -0.039565 0.991822 0.121343 0 0
    27 -9.232069 -0.479262 59.045234 -0.189830 0.961231 -0.199998 0 0
  phy
    27 -8.198388 -2.136814 58.889521 -0.105367 0.608668 -0.786398 0 0
    27 -14.015729 0.753721 53.433518 0.090233 0.953396 -0.287914 0 0
    27 -15.796707 -0.448495 49.139247 0.462852 0.588976 -0.662476 0 0
  phy
    27 -14.015729 0.753721 53.433518 0.090233 0.953396 -0.287914 0 0
    27 -8.198388 -2.136814 58.889521 -0.105367 0.608668 -0.786398 0 0
    27 -9.232069 -0.479262 59.045234 -0.189830 0.961231 -0.199998 0 0
  phy
    27 -8.198388 -2.136814 58.889521 -0.105367 0.608668 -0.786398 0 0
    27 -8.198387 4.575949 58.889522 -0.480726 0.642545 0.596689 0 0
    27 -9.232069 -0.479262 59.045234 -0.189830 0.961231 -0.199998 0 0
  phy
    27 -8.198387 4.575949 58.889522 -0.480726 0.642545 0.596689 0 0
    27 -8.198388 -2.136814 58.889521 -0.105367 0.608668 -0.786398 0 0
    27 -6.440648 -2.769944 57.526073 -0.756061 -0.013965 -0.654353 0 0
  phy
    27 -8.198388 -2.136814 58.889521 -0.105367 0.608668 -0.786398 0 0
    27 -15.796707 -0.448495 49.139247 0.462852 0.588976 -0.662476 0 0
    27 -14.615030 -0.981225 48.222650 0.213736 -0.000164 -0.976891 0 0
  phy
    27 -8.198388 -2.136814 58.889521 -0.105367 0.608668 -0.786398 0 0
    27 -14.615030 -0.981225 48.222650 0.213736 -0.000164 -0.976891 0 0
    27 -6.440648 -2.769944 57.526073 -0.756061 -0.013965 -0.654353 0 0
  phy
    27 -11.596997 4.879834 51.557361 0.046097 0.074433 0.996160 0 0
    27 -6.440647 5.209080 57.526074 -0.702276 -0.111074 0.703186 0 0
    27 -10.102137 4.277844 50.397831 0.046138 -0.504086 0.862420 0 0
  phy
    27 -10.102137 4.277844 50.397831 0.046138 -0.504086 0.862420 0 0
    27 -14.615017 4.597656 48.222661 0.247350 -0.014959 0.968811 0 0
    27 -11.596997 4.879834 51.557361 0.046097 0.074433 0.996160 0 0
  phy
    27 -12.703007 2.670183 46.739558 0.840558 -0.533981 0.091246 0 0
    27 -9.178267 2.701813 49.681190 0.037367 -0.948587 0.314302 0 0
    27 -9.178268 0.753722 49.681201 0.120041 -0.947627 -0.295962 0 0
  phy
    27 -9.178268 0.753722 49.681201 0.120041 -0.947627 -0.295962 0 0
    27 -12.703017 0.946225 46.739560 0.694400 -0.693929 -0.190449 0 0
    27 -12.703007 2.670183 46.739558 0.840558 -0.533981 0.091246 0 0
  phy
    27 -9.178267 2.701813 49.681190 0.037367 -0.948587 0.314302 0 0
    27 -4.136228 -0.479262 55.133515 -0.080162 -0.939653 -0.332607 0 0
    27 -9.178268 0.753722 49.681201 0.120041 -0.947627 -0.295962 0 0
  phy
    27 -12.703007 2.670183 46.739558 0.840558 -0.533981 0.091246 0 0
    27 -12.703017 0.946225 46.739560 0.694400 -0.693929 -0.190449 0 0
    27 -15.796707 -0.448495 49.139247 0.462852 0.588976 -0.662476 0 0
  phy
    27 -5.222578 -2.136813 55.976173 0.102150 -0.468264 -0.877664 0 0
    27 -4.136228 -0.479262 55.133515 -0.080162 -0.939653 -0.332607 0 0
    27 -6.440648 -2.769944 57.526073 -0.756061 -0.013965 -0.654353 0 0
  phy
    27 -14.615030 -0.981225 48.222650 0.213736 -0.000164 -0.976891 0 0
    27 -5.222578 -2.136813 55.976173 0.102150 -0.468264 -0.877664 0 0
    27 -6.440648 -2.769944 57.526073 -0.756061 -0.013965 -0.654353 0 0
  phy
    27 -16.527021 2.670184 49.705744 0.632160 0.760818 0.146729 0 0
    27 -14.015729 0.753721 53.433518 0.090233 0.953396 -0.287914 0 0
    27 -14.015728 2.701802 53.433519 0.040048 0.942549 0.331658 0 0
  phy
    27 -14.015729 0.753721 53.433518 0.090233 0.953396 -0.287914 0 0
    27 -16.527021 2.670184 49.705744 0.632160 0.760818 0.146729 0 0
    27 -16.527025 0.909831 49.705740 0.808958 0.560557 -0.177092 0 0
  phy
    27 -15.796707 -0.448495 49.139247 0.462852 0.588976 -0.662476 0 0
    27 -14.015729 0.753721 53.433518 0.090233 0.953396 -0.287914 0 0
    27 -16.527025 0.909831 49.705740 0.808958 0.560557 -0.177092 0 0
  phy
    27 -8.198387 4.575949 58.889522 -0.480726 0.642545 0.596689 0 0
    27 -6.440647 5.209080 57.526074 -0.702276 -0.111074 0.703186 0 0
    27 -11.596997 4.879834 51.557361 0.046097 0.074433 0.996160 0 0
  phy
    27 -8.198387 4.575949 58.889522 -0.480726 0.642545 0.596689 0 0
    27 -6.440648 -2.769944 57.526073 -0.756061 -0.013965 -0.654353 0 0
    27 -6.440647 5.209080 57.526074 -0.702276 -0.111074 0.703186 0 0
  phy
    27 -15.796707 -0.448495 49.139247 0.462852 0.588976 -0.662476 0 0
    27 -12.703017 0.946225 46.739560 0.694400 -0.693929 -0.190449 0 0
    27 -14.615030 -0.981225 48.222650 0.213736 -0.000164 -0.976891 0 0
  phy
    27 -9.178267 2.701813 49.681190 0.037367 -0.948587 0.314302 0 0
    27 -4.136217 1.569569 55.133515 -0.674651 -0.713900 0.187595 0 0
    27 -4.136228 -0.479262 55.133515 -0.080162 -0.939653 -0.332607 0 0
  phy
    27 -4.136228 -0.479262 55.133515 -0.080162 -0.939653 -0.332607 0 0
    27 -4.136217 1.569569 55.133515 -0.674651 -0.713900 0.187595 0 0
    27 -6.440648 -2.769944 57.526073 -0.756061 -0.013965 -0.654353 0 0
  phy
    27 -6.440648 -2.769944 57.526073 -0.756061 -0.013965 -0.654353 0 0
    27 -4.136217 1.569569 55.133515 -0.674651 -0.713900 0.187595 0 0
    27 -6.440647 5.209080 57.526074 -0.702276 -0.111074 0.703186 0 0
  phy
    28 -21.871180 1.000079 41.788643 0.332891 0.933541 -0.132983 0 0
    28 -18.678386 0.766325 47.289057 0.139898 0.923190 -0.357980 0 0
    28 -18.678385 2.585556 47.289058 0.132706 0.949092 0.285681 0 0
  phy
    28 -21.871180 1.000079 41.788643 0.332891 0.933541 -0.132983 0 0
    28 -18.678385 2.585556 47.289058 0.132706 0.949092 0.285681 0 0
    28 -21.871178 1.983417 41.788646 0.348905 0.899090 0.264391 0 0
  phy
    28 -21.871180 1.000079 41.788643 0.332891 0.933541 -0.132983 0 0
    28 -20.911579 3.059880 40.759924 0.617258 0.174838 0.767088 0 0
    28 -21.504655 0.241692 41.395710 0.464786 0.659361 -0.590946 0 0
  phy
    28 -21.871180 1.000079 41.788643 0.332891 0.933541 -0.132983 0 0
    28 -21.871178 1.983417 41.788646 0.348905 0.899090 0.264391 0 0
    28 -20.911579 3.059880 40.759924 0.617258 0.174838 0.767088 0 0
  phy
    28 -18.678386 0.766325 47.289057 0.139898 0.923190 -0.357980 0 0
    28 -21.871180 1.000079 41.788643 0.332891 0.933541 -0.132983 0 0
    28 -21.504655 0.241692 41.395710 0.464786 0.659361 -0.590946 0 0
  phy
    28 -16.188756 -0.893957 48.666937 -0.080644 0.717902 -0.691458 0 0
    28 -18.678386 0.766325 47.289057 0.139898 0.923190 -0.357980 0 0
    28 -17.886028 -0.705455 46.674449 0.156058 0.538470 -0.828068 0 0
  phy
    28 -18.678386 0.766325 47.289057 0.139898 0.923190 -0.357980 0 0
    28 -16.188756 -0.893957 48.666937 -0.080644 0.717902 -0.691458 0 0
    28 -16.933867 0.627904 49.244918 -0.834126 0.543439 -0.094383 0 0
  phy
    28 -16.188756 -0.893957 48.666937 -0.080644 0.717902 -0.691458 0 0
    28 -17.886028 -0.705455 46.674449 0.156058 0.538470 -0.828068 0 0
    28 -14.983138 -1.475267 47.731768 -0.298614 0.018406 -0.954196 0 0
  phy
    28 -16.933867 0.627904 49.244918 -0.834126 0.543439 -0.094383 0 0
    28 -16.188756 -0.893957 48.666937 -0.080644 0.717902 -0.691458 0 0
    28 -14.983138 -1.475267 47.731768 -0.298614 0.018406 -0.954196 0 0
  phy
    28 -17.886028 -0.705455 46.674449 0.156058 0.538470 -0.828068 0 0
    28 -20.911579 -0.055831 40.759912 0.209882 0.166504 -0.963445 0 0
    28 -16.603958 -1.267625 45.679976 0.162899 -0.060918 -0.984760 0 0
  phy
    28 -20.911579 -0.055831 40.759912 0.209882 0.166504 -0.963445 0 0
    28 -17.886028 -0.705455 46.674449 0.156058 0.538470 -0.828068 0 0
    28 -21.504655 0.241692 41.395710 0.464786 0.659361 -0.590946 0 0
  phy
    28 -16.603958 -1.267625 45.679976 0.162899 -0.060918 -0.984760 0 0
    28 -20.911579 -0.055831 40.759912 0.209882 0.166504 -0.963445 0 0
    28 -20.318518 0.241693 40.124124 0.465058 -0.399830 -0.789846 0 0
  phy
    28 -21.504655 0.241692 41.395710 0.464786 0.659361 -0.590946 0 0
    28 -20.318518 0.241693 40.124124 0.465058 -0.399830 -0.789846 0 0
    28 -20.911579 -0.055831 40.759912 0.209882 0.166504 -0.963445 0 0
  phy
    28 -17.886027 4.057357 46.674450 0.152882 0.538352 0.828736 0 0
    28 -21.504638 2.762350 41.395716 0.238704 0.709845 0.662677 0 0
    28 -18.678385 2.585556 47.289058 0.132706 0.949092 0.285681 0 0
  phy
    28 -18.678385 2.585556 47.289058 0.132706 0.949092 0.285681 0 0
    28 -21.504638 2.762350 41.395716 0.238704 0.709845 0.662677 0 0
    28 -21.871178 1.983417 41.788646 0.348905 0.899090 0.264391 0 0
  phy
    28 -17.886027 4.057357 46.674450 0.152882 0.538352 0.828736 0 0
    28 -20.911579 3.059880 40.759924 0.617258 0.174838 0.767088 0 0
    28 -21.504638 2.762350 41.395716 0.238704 0.709845 0.662677 0 0
  phy
    28 -20.911579 3.059880 40.759924 0.617258 0.174838 0.767088 0 0
    28 -21.871178 1.983417 41.788646 0.348905 0.899090 0.264391 0 0
    28 -21.504638 2.762350 41.395716 0.238704 0.709845 0.662677 0 0
  phy
    28 -20.318519 2.762351 40.124144 0.288301 -0.448922 0.845785 0 0
    28 -15.321897 4.057357 44.685513 0.128261 -0.623867 0.770934 0 0
    28 -19.951978 1.983410 39.731204 0.204774 -0.936129 0.285885 0 0
  phy
    28 -19.951978 1.983410 39.731204 0.204774 -0.936129 0.285885 0 0
    28 -15.321897 4.057357 44.685513 0.128261 -0.623867 0.770934 0 0
    28 -14.529537 2.585558 44.070904 0.083736 -0.943784 0.319782 0 0
  phy
    28 -14.529537 2.585558 44.070904 0.083736 -0.943784 0.319782 0 0
    28 -14.529537 0.766326 44.070904 0.082155 -0.965900 -0.245536 0 0
    28 -19.951978 1.983410 39.731204 0.204774 -0.936129 0.285885 0 0
  phy
    28 -14.529537 0.766326 44.070904 0.082155 -0.965900 -0.245536 0 0
    28 -19.951989 1.020621 39.731195 0.333099 -0.849150 -0.409864 0 0
    28 -19.951978 1.983410 39.731204 0.204774 -0.936129 0.285885 0 0
  phy
    28 -19.951978 1.983410 39.731204 0.204774 -0.936129 0.285885 0 0
    28 -19.951989 1.020621 39.731195 0.333099 -0.849150 -0.409864 0 0
    28 -20.318519 2.762351 40.124144 0.288301 -0.448922 0.845785 0 0
  phy
    28 -17.886028 -0.705455 46.674449 0.156058 0.538470 -0.828068 0 0
    28 -18.678386 0.766325 47.289057 0.139898 0.923190 -0.357980 0 0
    28 -21.504655 0.241692 41.395710 0.464786 0.659361 -0.590946 0 0
  phy
    28 -18.678385 2.585556 47.289058 0.132706 0.949092 0.285681 0 0
    28 -18.678386 0.766325 47.289057 0.139898 0.923190 -0.357980 0 0
    28 -16.933867 0.627904 49.244918 -0.834126 0.543439 -0.094383 0 0
  phy
    28 -17.886028 -0.705455 46.674449 0.156058 0.538470 -0.828068 0 0
    28 -16.603958 -1.267625 45.679976 0.162899 -0.060918 -0.984760 0 0
    28 -14.983138 -1.475267 47.731768 -0.298614 0.018406 -0.954196 0 0
  phy
    28 -16.603958 -1.267625 45.679976 0.162899 -0.060918 -0.984760 0 0
    28 -20.318518 0.241693 40.124124 0.465058 -0.399830 -0.789846 0 0
    28 -15.321898 -0.705454 44.685508 0.133510 -0.624557 -0.769483 0 0
  phy
    28 -16.603958 -1.267625 45.679976 0.162899 -0.060918 -0.984760 0 0
    28 -15.321898 -0.705454 44.685508 0.133510 -0.624557 -0.769483 0 0
    28 -14.983138 -1.475267 47.731768 -0.298614 0.018406 -0.954196 0 0
  phy
    28 -16.188754 4.030935 48.666938 -0.145169 0.715019 0.683866 0 0
    28 -14.983136 4.612236 47.731769 -0.379220 0.022566 0.925031 0 0
    28 -17.886027 4.057357 46.674450 0.152882 0.538352 0.828736 0 0
  phy
    28 -14.983136 4.612236 47.731769 -0.379220 0.022566 0.925031 0 0
    28 -16.603957 4.619527 45.679981 0.169596 -0.060562 0.983651 0 0
    28 -17.886027 4.057357 46.674450 0.152882 0.538352 0.828736 0 0
  phy
    28 -17.886027 4.057357 46.674450 0.152882 0.538352 0.828736 0 0
    28 -16.603957 4.619527 45.679981 0.169596 -0.060562 0.983651 0 0
    28 -20.911579 3.059880 40.759924 0.617258 0.174838 0.767088 0 0
  phy
    28 -17.886027 4.057357 46.674450 0.152882 0.538352 0.828736 0 0
    28 -18.678385 2.585556 47.289058 0.132706 0.949092 0.285681 0 0
    28 -16.188754 4.030935 48.666938 -0.145169 0.715019 0.683866 0 0
  phy
    28 -20.911579 3.059880 40.759924 0.617258 0.174838 0.767088 0 0
    28 -16.603957 4.619527 45.679981 0.169596 -0.060562 0.983651 0 0
    28 -20.318519 2.762351 40.124144 0.288301 -0.448922 0.845785 0 0
  phy
    28 -20.318519 2.762351 40.124144 0.288301 -0.448922 0.845785 0 0
    28 -16.603957 4.619527 45.679981 0.169596 -0.060562 0.983651 0 0
    28 -15.321897 4.057357 44.685513 0.128261 -0.623867 0.770934 0 0
  phy
    28 -20.318519 2.762351 40.124144 0.288301 -0.448922 0.845785 0 0
    28 -19.951989 1.020621 39.731195 0.333099 -0.849150 -0.409864 0 0
    28 -20.911579 3.059880 40.759924 0.617258 0.174838 0.767088 0 0
  phy
    28 -18.678385 2.585556 47.289058 0.132706 0.949092 0.285681 0 0
    28 -16.933867 0.627904 49.244918 -0.834126 0.543439 -0.094383 0 0
    28 -16.933865 2.509054 49.244917 -0.946542 0.315898 0.065312 0 0
  phy
    28 -16.188754 4.030935 48.666938 -0.145169 0.715019 0.683866 0 0
    28 -18.678385 2.585556 47.289058 0.132706 0.949092 0.285681 0 0
    28 -16.933865 2.509054 49.244917 -0.946542 0.315898 0.065312 0 0
  phy
    28 -15.321898 -0.705454 44.685508 0.133510 -0.624557 -0.769483 0 0
    28 -14.529537 0.766326 44.070904 0.082155 -0.965900 -0.245536 0 0
    28 -13.777507 -0.893956 46.796588 -0.701855 -0.487965 -0.518932 0 0
  phy
    28 -13.777507 -0.893956 46.796588 -0.701855 -0.487965 -0.518932 0 0
    28 -14.529537 0.766326 44.070904 0.082155 -0.965900 -0.245536 0 0
    28 -13.032387 0.627905 46.218620 -0.960851 -0.260466 -0.094457 0 0
  phy
    28 -13.777507 -0.893956 46.796588 -0.701855 -0.487965 -0.518932 0 0
    28 -13.032387 0.627905 46.218620 -0.960851 -0.260466 -0.094457 0 0
    28 -16.933867 0.627904 49.244918 -0.834126 0.543439 -0.094383 0 0
  phy
    28 -13.777507 -0.893956 46.796588 -0.701855 -0.487965 -0.518932 0 0
    28 -16.933867 0.627904 49.244918 -0.834126 0.543439 -0.094383 0 0
    28 -14.983138 -1.475267 47.731768 -0.298614 0.018406 -0.954196 0 0
  phy
    28 -15.321898 -0.705454 44.685508 0.133510 -0.624557 -0.769483 0 0
    28 -13.777507 -0.893956 46.796588 -0.701855 -0.487965 -0.518932 0 0
    28 -14.983138 -1.475267 47.731768 -0.298614 0.018406 -0.954196 0 0
  phy
    28 -21.504655 0.241692 41.395710 0.464786 0.659361 -0.590946 0 0
    28 -20.911579 3.059880 40.759924 0.617258 0.174838 0.767088 0 0
    28 -20.318518 0.241693 40.124124 0.465058 -0.399830 -0.789846 0 0
  phy
    28 -20.911579 3.059880 40.759924 0.617258 0.174838 0.767088 0 0
    28 -19.951989 1.020621 39.731195 0.333099 -0.849150 -0.409864 0 0
    28 -20.318518 0.241693 40.124124 0.465058 -0.399830 -0.789846 0 0
  phy
    28 -20.318518 0.241693 40.124124 0.465058 -0.399830 -0.789846 0 0
    28 -19.951989 1.020621 39.731195 0.333099 -0.849150 -0.409864 0 0
    28 -15.321898 -0.705454 44.685508 0.133510 -0.624557 -0.769483 0 0
  phy
    28 -13.777506 4.030946 46.796589 -0.729691 -0.471721 0.495005 0 0
    28 -14.983136 4.612236 47.731769 -0.379220 0.022566 0.925031 0 0
    28 -16.933865 2.509054 49.244917 -0.946542 0.315898 0.065312 0 0
  phy
    28 -13.777506 4.030946 46.796589 -0.729691 -0.471721 0.495005 0 0
    28 -16.933865 2.509054 49.244917 -0.946542 0.315898 0.065312 0 0
    28 -13.032387 2.509046 46.218620 -0.820884 -0.561412 0.104719 0 0
  phy
    28 -14.529537 2.585558 44.070904 0.083736 -0.943784 0.319782 0 0
    28 -15.321897 4.057357 44.685513 0.128261 -0.623867 0.770934 0 0
    28 -13.777506 4.030946 46.796589 -0.729691 -0.471721 0.495005 0 0
  phy
    28 -13.777506 4.030946 46.796589 -0.729691 -0.471721 0.495005 0 0
    28 -13.032387 2.509046 46.218620 -0.820884 -0.561412 0.104719 0 0
    28 -14.529537 2.585558 44.070904 0.083736 -0.943784 0.319782 0 0
  phy
    28 -13.777506 4.030946 46.796589 -0.729691 -0.471721 0.495005 0 0
    28 -15.321897 4.057357 44.685513 0.128261 -0.623867 0.770934 0 0
    28 -14.983136 4.612236 47.731769 -0.379220 0.022566 0.925031 0 0
  phy
    28 -14.983136 4.612236 47.731769 -0.379220 0.022566 0.925031 0 0
    28 -16.188754 4.030935 48.666938 -0.145169 0.715019 0.683866 0 0
    28 -16.933865 2.509054 49.244917 -0.946542 0.315898 0.065312 0 0
  phy
    28 -14.529537 2.585558 44.070904 0.083736 -0.943784 0.319782 0 0
    28 -13.032387 2.509046 46.218620 -0.820884 -0.561412 0.104719 0 0
    28 -14.529537 0.766326 44.070904 0.082155 -0.965900 -0.245536 0 0
  phy
    28 -15.321898 -0.705454 44.685508 0.133510 -0.624557 -0.769483 0 0
    28 -19.951989 1.020621 39.731195 0.333099 -0.849150 -0.409864 0 0
    28 -14.529537 0.766326 44.070904 0.082155 -0.965900 -0.245536 0 0
  phy
    28 -16.933867 0.627904 49.244918 -0.834126 0.543439 -0.094383 0 0
    28 -13.032387 0.627905 46.218620 -0.960851 -0.260466 -0.094457 0 0
    28 -16.933865 2.509054 49.244917 -0.946542 0.315898 0.065312 0 0
  phy
    28 -16.933865 2.509054 49.244917 -0.946542 0.315898 0.065312 0 0
    28 -13.032387 0.627905 46.218620 -0.960851 -0.260466 -0.094457 0 0
    28 -13.032387 2.509046 46.218620 -0.820884 -0.561412 0.104719 0 0
  phy
    28 -14.529537 0.766326 44.070904 0.082155 -0.965900 -0.245536 0 0
    28 -13.032387 2.509046 46.218620 -0.820884 -0.561412 0.104719 0 0
    28 -13.032387 0.627905 46.218620 -0.960851 -0.260466 -0.094457 0 0
  phy
    28 -15.321897 4.057357 44.685513 0.128261 -0.623867 0.770934 0 0
    28 -16.603957 4.619527 45.679981 0.169596 -0.060562 0.983651 0 0
    28 -14.983136 4.612236 47.731769 -0.379220 0.022566 0.925031 0 0
  phy
    12 9.996726 4.976780 51.043525 0.043418 0.510207 0.858955 0 0
    12 14.420761 5.296577 48.692823 0.805926 0.080155 0.586565 0 0
    12 13.203964 4.763851 47.823355 0.150803 0.699704 0.698336 0 0
  phy
    12 13.203964 4.763851 47.823355 0.150803 0.699704 0.698336 0 0
    12 14.420761 5.296577 48.692823 0.805926 0.080155 0.586565 0 0
    12 12.451963 3.369109 47.285964 0.523494 0.839612 0.144932 0 0
  phy
    12 9.996726 4.976780 51.043525 0.043418 0.510207 0.858955 0 0
    12 13.203964 4.763851 47.823355 0.150803 0.699704 0.698336 0 0
    12 9.045426 3.400739 50.363712 0.037038 0.927391 0.372256 0 0
  phy
    12 13.203964 4.763851 47.823355 0.150803 0.699704 0.698336 0 0
    12 12.451963 3.369109 47.285964 0.523494 0.839612 0.144932 0 0
    12 9.045426 3.400739 50.363712 0.037038 0.927391 0.372256 0 0
  phy
    12 8.065904 -1.437892 59.397881 -0.295052 -0.584389 -0.755932 0 0
    12 8.065919 5.274898 59.397883 -0.267679 -0.676805 0.685772 0 0
    12 6.255990 5.908019 58.104491 -0.767463 0.046996 0.639369 0 0
  phy
    12 8.065904 -1.437892 59.397881 -0.295052 -0.584389 -0.755932 0 0
    12 6.255990 5.908019 58.104491 -0.767463 0.046996 0.639369 0 0
    12 6.256016 -2.071017 58.104521 -0.593648 -0.001577 -0.804723 0 0
  phy
    12 9.104916 0.219663 59.512892 -0.137689 -0.981275 -0.134687 0 0
    12 8.065919 5.274898 59.397883 -0.267679 -0.676805 0.685772 0 0
    12 8.065904 -1.437892 59.397881 -0.295052 -0.584389 -0.755932 0 0
  phy
    12 8.065919 5.274898 59.397883 -0.267679 -0.676805 0.685772 0 0
    12 9.104916 0.219663 59.512892 -0.137689 -0.981275 -0.134687 0 0
    12 9.104917 2.268515 59.512892 -0.070949 -0.984816 0.158441 0 0
  phy
    12 13.075185 4.976769 53.243433 0.066859 -0.560764 0.825272 0 0
    12 13.095249 5.437590 50.204373 0.044784 -0.072943 0.996330 0 0
    12 8.065919 5.274898 59.397883 -0.267679 -0.676805 0.685772 0 0
  phy
    12 13.095249 5.437590 50.204373 0.044784 -0.072943 0.996330 0 0
    12 6.255990 5.908019 58.104491 -0.767463 0.046996 0.639369 0 0
    12 8.065919 5.274898 59.397883 -0.267679 -0.676805 0.685772 0 0
  phy
    12 8.065919 5.274898 59.397883 -0.267679 -0.676805 0.685772 0 0
    12 14.026473 3.400737 53.923243 0.045024 -0.965834 0.255219 0 0
    12 13.075185 4.976769 53.243433 0.066859 -0.560764 0.825272 0 0
  phy
    12 8.065919 5.274898 59.397883 -0.267679 -0.676805 0.685772 0 0
    12 9.104917 2.268515 59.512892 -0.070949 -0.984816 0.158441 0 0
    12 14.026473 3.400737 53.923243 0.045024 -0.965834 0.255219 0 0
  phy
    12 15.637484 4.763840 49.562358 0.185509 -0.678195 0.711082 0 0
    12 14.420761 5.296577 48.692823 0.805926 0.080155 0.586565 0 0
    12 13.075185 4.976769 53.243433 0.066859 -0.560764 0.825272 0 0
  phy
    12 16.389523 3.369110 50.099681 0.902136 -0.404841 0.149181 0 0
    12 14.420761 5.296577 48.692823 0.805926 0.080155 0.586565 0 0
    12 15.637484 4.763840 49.562358 0.185509 -0.678195 0.711082 0 0
  phy
    12 13.075185 4.976769 53.243433 0.066859 -0.560764 0.825272 0 0
    12 14.026473 3.400737 53.923243 0.045024 -0.965834 0.255219 0 0
    12 15.637484 4.763840 49.562358 0.185509 -0.678195 0.711082 0 0
  phy
    12 15.637484 4.763840 49.562358 0.185509 -0.678195 0.711082 0 0
    12 14.026473 3.400737 53.923243 0.045024 -0.965834 0.255219 0 0
    12 16.389523 3.369110 50.099681 0.902136 -0.404841 0.149181 0 0
  phy
    12 14.711441 0.305996 51.233091 0.134547 -0.784316 -0.605595 0 0
    12 15.637500 0.250415 49.562319 0.320689 -0.513909 -0.795649 0 0
    12 14.026473 1.452656 53.923231 0.104942 -0.921164 -0.374758 0 0
  phy
    12 15.637500 0.250415 49.562319 0.320689 -0.513909 -0.795649 0 0
    12 16.389513 1.645148 50.099686 0.562961 -0.811747 -0.155376 0 0
    12 14.026473 1.452656 53.923231 0.104942 -0.921164 -0.374758 0 0
  phy
    12 14.026473 1.452656 53.923231 0.104942 -0.921164 -0.374758 0 0
    12 8.065904 -1.437892 59.397881 -0.295052 -0.584389 -0.755932 0 0
    12 14.711441 0.305996 51.233091 0.134547 -0.784316 -0.605595 0 0
  phy
    12 9.104916 0.219663 59.512892 -0.137689 -0.981275 -0.134687 0 0
    12 8.065904 -1.437892 59.397881 -0.295052 -0.584389 -0.755932 0 0
    12 14.026473 1.452656 53.923231 0.104942 -0.921164 -0.374758 0 0
  phy
    12 14.026473 1.452656 53.923231 0.104942 -0.921164 -0.374758 0 0
    12 14.026473 3.400737 53.923243 0.045024 -0.965834 0.255219 0 0
    12 9.104916 0.219663 59.512892 -0.137689 -0.981275 -0.134687 0 0
  phy
    12 14.026473 1.452656 53.923231 0.104942 -0.921164 -0.374758 0 0
    12 16.389513 1.645148 50.099686 0.562961 -0.811747 -0.155376 0 0
    12 14.026473 3.400737 53.923243 0.045024 -0.965834 0.255219 0 0
  phy
    12 14.711441 0.305996 51.233091 0.134547 -0.784316 -0.605595 0 0
    12 8.065904 -1.437892 59.397881 -0.295052 -0.584389 -0.755932 0 0
    12 15.637500 0.250415 49.562319 0.320689 -0.513909 -0.795649 0 0
  phy
    12 4.978020 5.179579 56.603614 -0.086226 0.756053 0.648805 0 0
    12 9.996726 4.976780 51.043525 0.043418 0.510207 0.858955 0 0
    12 9.045426 3.400739 50.363712 0.037038 0.927391 0.372256 0 0
  phy
    12 4.978020 5.179579 56.603614 -0.086226 0.756053 0.648805 0 0
    12 6.255990 5.908019 58.104491 -0.767463 0.046996 0.639369 0 0
    12 9.996726 4.976780 51.043525 0.043418 0.510207 0.858955 0 0
  phy
    12 9.996726 4.976780 51.043525 0.043418 0.510207 0.858955 0 0
    12 6.255990 5.908019 58.104491 -0.767463 0.046996 0.639369 0 0
    12 13.095249 5.437590 50.204373 0.044784 -0.072943 0.996330 0 0
  phy
    12 13.095249 5.437590 50.204373 0.044784 -0.072943 0.996330 0 0
    12 14.420761 5.296577 48.692823 0.805926 0.080155 0.586565 0 0
    12 9.996726 4.976780 51.043525 0.043418 0.510207 0.858955 0 0
  phy
    12 6.255990 5.908019 58.104491 -0.767463 0.046996 0.639369 0 0
    12 3.859419 2.268517 55.804263 -0.197318 0.960405 0.196691 0 0
    12 3.859423 0.219665 55.804268 -0.398334 0.812657 -0.425345 0 0
  phy
    12 6.255990 5.908019 58.104491 -0.767463 0.046996 0.639369 0 0
    12 3.859423 0.219665 55.804268 -0.398334 0.812657 -0.425345 0 0
    12 6.256016 -2.071017 58.104521 -0.593648 -0.001577 -0.804723 0 0
  phy
    12 4.978020 5.179579 56.603614 -0.086226 0.756053 0.648805 0 0
    12 3.859419 2.268517 55.804263 -0.197318 0.960405 0.196691 0 0
    12 6.255990 5.908019 58.104491 -0.767463 0.046996 0.639369 0 0
  phy
    12 9.045395 1.452648 50.363753 0.075026 0.995926 -0.050021 0 0
    12 3.859419 2.268517 55.804263 -0.197318 0.960405 0.196691 0 0
    12 9.045426 3.400739 50.363712 0.037038 0.927391 0.372256 0 0
  phy
    12 3.859419 2.268517 55.804263 -0.197318 0.960405 0.196691 0 0
    12 9.045395 1.452648 50.363753 0.075026 0.995926 -0.050021 0 0
    12 3.859423 0.219665 55.804268 -0.398334 0.812657 -0.425345 0 0
  phy
    12 3.859419 2.268517 55.804263 -0.197318 0.960405 0.196691 0 0
    12 4.978020 5.179579 56.603614 -0.086226 0.756053 0.648805 0 0
    12 9.045426 3.400739 50.363712 0.037038 0.927391 0.372256 0 0
  phy
    12 13.203962 0.250427 47.823351 0.580368 0.591157 -0.560095 0 0
    12 4.978017 -1.437877 56.603621 0.101671 0.503963 -0.857720 0 0
    12 3.859423 0.219665 55.804268 -0.398334 0.812657 -0.425345 0 0
  phy
    12 3.859423 0.219665 55.804268 -0.398334 0.812657 -0.425345 0 0
    12 4.978017 -1.437877 56.603621 0.101671 0.503963 -0.857720 0 0
    12 6.256016 -2.071017 58.104521 -0.593648 -0.001577 -0.804723 0 0
  phy
    12 4.978017 -1.437877 56.603621 0.101671 0.503963 -0.857720 0 0
    12 13.203962 0.250427 47.823351 0.580368 0.591157 -0.560095 0 0
    12 14.420740 -0.282302 48.692844 0.167880 0.003820 -0.985800 0 0
  phy
    12 4.978017 -1.437877 56.603621 0.101671 0.503963 -0.857720 0 0
    12 14.420740 -0.282302 48.692844 0.167880 0.003820 -0.985800 0 0
    12 6.256016 -2.071017 58.104521 -0.593648 -0.001577 -0.804723 0 0
  phy
    12 13.075185 4.976769 53.243433 0.066859 -0.560764 0.825272 0 0
    12 14.420761 5.296577 48.692823 0.805926 0.080155 0.586565 0 0
    12 13.095249 5.437590 50.204373 0.044784 -0.072943 0.996330 0 0
  phy
    12 14.026473 3.400737 53.923243 0.045024 -0.965834 0.255219 0 0
    12 9.104917 2.268515 59.512892 -0.070949 -0.984816 0.158441 0 0
    12 9.104916 0.219663 59.512892 -0.137689 -0.981275 -0.134687 0 0
  phy
    12 13.203962 0.250427 47.823351 0.580368 0.591157 -0.560095 0 0
    12 14.420761 5.296577 48.692823 0.805926 0.080155 0.586565 0 0
    12 16.389523 3.369110 50.099681 0.902136 -0.404841 0.149181 0 0
  phy
    12 16.389523 3.369110 50.099681 0.902136 -0.404841 0.149181 0 0
    12 16.389513 1.645148 50.099686 0.562961 -0.811747 -0.155376 0 0
    12 13.203962 0.250427 47.823351 0.580368 0.591157 -0.560095 0 0
  phy
    12 14.026473 3.400737 53.923243 0.045024 -0.965834 0.255219 0 0
    12 16.389513 1.645148 50.099686 0.562961 -0.811747 -0.155376 0 0
    12 16.389523 3.369110 50.099681 0.902136 -0.404841 0.149181 0 0
  phy
    12 15.637500 0.250415 49.562319 0.320689 -0.513909 -0.795649 0 0
    12 14.420740 -0.282302 48.692844 0.167880 0.003820 -0.985800 0 0
    12 13.203962 0.250427 47.823351 0.580368 0.591157 -0.560095 0 0
  phy
    12 13.203962 0.250427 47.823351 0.580368 0.591157 -0.560095 0 0
    12 16.389513 1.645148 50.099686 0.562961 -0.811747 -0.155376 0 0
    12 15.637500 0.250415 49.562319 0.320689 -0.513909 -0.795649 0 0
  phy
    12 15.637500 0.250415 49.562319 0.320689 -0.513909 -0.795649 0 0
    12 8.065904 -1.437892 59.397881 -0.295052 -0.584389 -0.755932 0 0
    12 14.420740 -0.282302 48.692844 0.167880 0.003820 -0.985800 0 0
  phy
    12 12.451963 3.369109 47.285964 0.523494 0.839612 0.144932 0 0
    12 9.045395 1.452648 50.363753 0.075026 0.995926 -0.050021 0 0
    12 9.045426 3.400739 50.363712 0.037038 0.927391 0.372256 0 0
  phy
    12 9.045395 1.452648 50.363753 0.075026 0.995926 -0.050021 0 0
    12 12.451963 3.369109 47.285964 0.523494 0.839612 0.144932 0 0
    12 12.451963 1.645149 47.285975 0.173176 0.892873 -0.415677 0 0
  phy
    12 3.859423 0.219665 55.804268 -0.398334 0.812657 -0.425345 0 0
    12 9.045395 1.452648 50.363753 0.075026 0.995926 -0.050021 0 0
    12 12.451963 1.645149 47.285975 0.173176 0.892873 -0.415677 0 0
  phy
    12 12.451963 3.369109 47.285964 0.523494 0.839612 0.144932 0 0
    12 14.420761 5.296577 48.692823 0.805926 0.080155 0.586565 0 0
    12 13.203962 0.250427 47.823351 0.580368 0.591157 -0.560095 0 0
  phy
    12 13.203962 0.250427 47.823351 0.580368 0.591157 -0.560095 0 0
    12 12.451963 1.645149 47.285975 0.173176 0.892873 -0.415677 0 0
    12 12.451963 3.369109 47.285964 0.523494 0.839612 0.144932 0 0
  phy
    12 13.203962 0.250427 47.823351 0.580368 0.591157 -0.560095 0 0
    12 3.859423 0.219665 55.804268 -0.398334 0.812657 -0.425345 0 0
    12 12.451963 1.645149 47.285975 0.173176 0.892873 -0.415677 0 0
  phy
    12 14.420740 -0.282302 48.692844 0.167880 0.003820 -0.985800 0 0
    12 8.065904 -1.437892 59.397881 -0.295052 -0.584389 -0.755932 0 0
    12 6.256016 -2.071017 58.104521 -0.593648 -0.001577 -0.804723 0 0
  phy
    13 21.418695 1.699000 41.978912 0.248856 -0.872676 -0.420127 0 0
    13 21.037017 0.940601 41.600673 0.362784 -0.575009 -0.733316 0 0
    13 21.418695 2.682340 41.978912 0.614601 -0.780363 0.115322 0 0
  phy
    13 21.037017 0.940601 41.600673 0.362784 -0.575009 -0.733316 0 0
    13 20.419448 0.643080 40.988666 0.434250 -0.160297 -0.886415 0 0
    13 21.418695 2.682340 41.978912 0.614601 -0.780363 0.115322 0 0
  phy
    13 20.419448 0.643080 40.988666 0.434250 -0.160297 -0.886415 0 0
    13 19.420195 1.719530 39.998413 0.389857 0.881102 -0.267713 0 0
    13 21.418695 2.682340 41.978912 0.614601 -0.780363 0.115322 0 0
  phy
    13 18.444308 1.465247 47.600432 0.179100 -0.944561 -0.275185 0 0
    13 17.628428 -0.006534 47.017413 0.183497 -0.571266 -0.799990 0 0
    13 21.418695 1.699000 41.978912 0.248856 -0.872676 -0.420127 0 0
  phy
    13 17.628428 -0.006534 47.017413 0.183497 -0.571266 -0.799990 0 0
    13 21.037017 0.940601 41.600673 0.362784 -0.575009 -0.733316 0 0
    13 21.418695 1.699000 41.978912 0.248856 -0.872676 -0.420127 0 0
  phy
    13 21.418695 1.699000 41.978912 0.248856 -0.872676 -0.420127 0 0
    13 21.418695 2.682340 41.978912 0.614601 -0.780363 0.115322 0 0
    13 18.444308 1.465247 47.600432 0.179100 -0.944561 -0.275185 0 0
  phy
    13 16.010698 -0.195035 49.075004 -0.052389 -0.720707 -0.691257 0 0
    13 17.628428 -0.006534 47.017413 0.183497 -0.571266 -0.799990 0 0
    13 18.444308 1.465247 47.600432 0.179100 -0.944561 -0.275185 0 0
  phy
    13 18.444308 1.465247 47.600432 0.179100 -0.944561 -0.275185 0 0
    13 16.777917 1.326836 49.623283 -0.870915 -0.485315 -0.077313 0 0
    13 16.010698 -0.195035 49.075004 -0.052389 -0.720707 -0.691257 0 0
  phy
    13 17.628428 -0.006534 47.017413 0.183497 -0.571266 -0.799990 0 0
    13 16.010698 -0.195035 49.075004 -0.052389 -0.720707 -0.691257 0 0
    13 14.769289 -0.776345 48.187885 -0.605389 -0.061032 -0.793587 0 0
  phy
    13 16.010698 -0.195035 49.075004 -0.052389 -0.720707 -0.691257 0 0
    13 16.777917 1.326836 49.623283 -0.870915 -0.485315 -0.077313 0 0
    13 14.769289 -0.776345 48.187885 -0.605389 -0.061032 -0.793587 0 0
  phy
    13 20.419448 0.643080 40.988666 0.434250 -0.160297 -0.886415 0 0
    13 17.628428 -0.006534 47.017413 0.183497 -0.571266 -0.799990 0 0
    13 16.308306 -0.568704 46.074043 0.160397 0.066994 -0.984776 0 0
  phy
    13 17.628428 -0.006534 47.017413 0.183497 -0.571266 -0.799990 0 0
    13 20.419448 0.643080 40.988666 0.434250 -0.160297 -0.886415 0 0
    13 21.037017 0.940601 41.600673 0.362784 -0.575009 -0.733316 0 0
  phy
    13 19.801874 0.940610 40.376655 0.184851 0.472827 -0.861548 0 0
    13 19.420195 1.719530 39.998413 0.389857 0.881102 -0.267713 0 0
    13 20.419448 0.643080 40.988666 0.434250 -0.160297 -0.886415 0 0
  phy
    13 20.419448 0.643080 40.988666 0.434250 -0.160297 -0.886415 0 0
    13 16.308306 -0.568704 46.074043 0.160397 0.066994 -0.984776 0 0
    13 19.801874 0.940610 40.376655 0.184851 0.472827 -0.861548 0 0
  phy
    13 17.628430 4.756280 47.017414 0.173886 -0.531705 0.828887 0 0
    13 18.444307 3.284489 47.600433 0.160361 -0.932778 0.322815 0 0
    13 21.037015 3.461271 41.600669 0.266375 -0.699743 0.662876 0 0
  phy
    13 18.444307 3.284489 47.600433 0.160361 -0.932778 0.322815 0 0
    13 21.418695 2.682340 41.978912 0.614601 -0.780363 0.115322 0 0
    13 21.037015 3.461271 41.600669 0.266375 -0.699743 0.662876 0 0
  phy
    13 21.037015 3.461271 41.600669 0.266375 -0.699743 0.662876 0 0
    13 20.419446 3.758802 40.988663 0.306413 -0.156539 0.938939 0 0
    13 17.628430 4.756280 47.017414 0.173886 -0.531705 0.828887 0 0
  phy
    13 21.037015 3.461271 41.600669 0.266375 -0.699743 0.662876 0 0
    13 21.418695 2.682340 41.978912 0.614601 -0.780363 0.115322 0 0
    13 20.419446 3.758802 40.988663 0.306413 -0.156539 0.938939 0 0
  phy
    13 20.419446 3.758802 40.988663 0.306413 -0.156539 0.938939 0 0
    13 21.418695 2.682340 41.978912 0.614601 -0.780363 0.115322 0 0
    13 19.801876 3.461262 40.376655 0.428089 0.423295 0.798474 0 0
  phy
    13 21.418695 2.682340 41.978912 0.614601 -0.780363 0.115322 0 0
    13 19.420195 1.719530 39.998413 0.389857 0.881102 -0.267713 0 0
    13 19.801876 3.461262 40.376655 0.428089 0.423295 0.798474 0 0
  phy
    13 19.801876 3.461262 40.376655 0.428089 0.423295 0.798474 0 0
    13 19.420195 1.719530 39.998413 0.389857 0.881102 -0.267713 0 0
    13 19.420196 2.682331 39.998413 0.178663 0.888920 0.421783 0 0
  phy
    13 19.801876 3.461262 40.376655 0.428089 0.423295 0.798474 0 0
    13 16.308308 5.318451 46.074044 0.167073 0.067447 0.983635 0 0
    13 20.419446 3.758802 40.988663 0.306413 -0.156539 0.938939 0 0
  phy
    13 14.988200 4.756281 45.130673 0.103659 0.628635 0.770761 0 0
    13 16.308308 5.318451 46.074044 0.167073 0.067447 0.983635 0 0
    13 19.801876 3.461262 40.376655 0.428089 0.423295 0.798474 0 0
  phy
    13 19.801876 3.461262 40.376655 0.428089 0.423295 0.798474 0 0
    13 19.420196 2.682331 39.998413 0.178663 0.888920 0.421783 0 0
    13 14.988200 4.756281 45.130673 0.103659 0.628635 0.770761 0 0
  phy
    13 18.444308 1.465247 47.600432 0.179100 -0.944561 -0.275185 0 0
    13 21.418695 2.682340 41.978912 0.614601 -0.780363 0.115322 0 0
    13 18.444307 3.284489 47.600433 0.160361 -0.932778 0.322815 0 0
  phy
    13 18.444307 3.284489 47.600433 0.160361 -0.932778 0.322815 0 0
    13 16.777917 1.326836 49.623283 -0.870915 -0.485315 -0.077313 0 0
    13 18.444308 1.465247 47.600432 0.179100 -0.944561 -0.275185 0 0
  phy
    13 16.308306 -0.568704 46.074043 0.160397 0.066994 -0.984776 0 0
    13 17.628428 -0.006534 47.017413 0.183497 -0.571266 -0.799990 0 0
    13 14.769289 -0.776345 48.187885 -0.605389 -0.061032 -0.793587 0 0
  phy
    13 19.801874 0.940610 40.376655 0.184851 0.472827 -0.861548 0 0
    13 16.308306 -0.568704 46.074043 0.160397 0.066994 -0.984776 0 0
    13 14.988198 -0.006533 45.130673 0.108901 0.629102 -0.769657 0 0
  phy
    13 14.988198 -0.006533 45.130673 0.108901 0.629102 -0.769657 0 0
    13 16.308306 -0.568704 46.074043 0.160397 0.066994 -0.984776 0 0
    13 14.769289 -0.776345 48.187885 -0.605389 -0.061032 -0.793587 0 0
  phy
    13 17.628430 4.756280 47.017414 0.173886 -0.531705 0.828887 0 0
    13 14.769292 5.311170 48.187886 -0.653557 -0.064827 0.754096 0 0
    13 16.010700 4.729859 49.075005 -0.116999 -0.719979 0.684062 0 0
  phy
    13 17.628430 4.756280 47.017414 0.173886 -0.531705 0.828887 0 0
    13 16.308308 5.318451 46.074044 0.167073 0.067447 0.983635 0 0
    13 14.769292 5.311170 48.187886 -0.653557 -0.064827 0.754096 0 0
  phy
    13 20.419446 3.758802 40.988663 0.306413 -0.156539 0.938939 0 0
    13 16.308308 5.318451 46.074044 0.167073 0.067447 0.983635 0 0
    13 17.628430 4.756280 47.017414 0.173886 -0.531705 0.828887 0 0
  phy
    13 17.628430 4.756280 47.017414 0.173886 -0.531705 0.828887 0 0
    13 16.010700 4.729859 49.075005 -0.116999 -0.719979 0.684062 0 0
    13 18.444307 3.284489 47.600433 0.160361 -0.932778 0.322815 0 0
  phy
    13 19.420196 2.682331 39.998413 0.178663 0.888920 0.421783 0 0
    13 14.172319 3.284481 44.547647 0.060701 0.960127 0.272895 0 0
    13 14.988200 4.756281 45.130673 0.103659 0.628635 0.770761 0 0
  phy
    13 14.172319 3.284481 44.547647 0.060701 0.960127 0.272895 0 0
    13 19.420196 2.682331 39.998413 0.178663 0.888920 0.421783 0 0
    13 19.420195 1.719530 39.998413 0.389857 0.881102 -0.267713 0 0
  phy
    13 18.444307 3.284489 47.600433 0.160361 -0.932778 0.322815 0 0
    13 16.777913 3.207977 49.623279 -0.882079 -0.461008 0.096994 0 0
    13 16.777917 1.326836 49.623283 -0.870915 -0.485315 -0.077313 0 0
  phy
    13 16.010700 4.729859 49.075005 -0.116999 -0.719979 0.684062 0 0
    13 16.777913 3.207977 49.623279 -0.882079 -0.461008 0.096994 0 0
    13 18.444307 3.284489 47.600433 0.160361 -0.932778 0.322815 0 0
  phy
    13 14.988198 -0.006533 45.130673 0.108901 0.629102 -0.769657 0 0
    13 13.527879 -0.195034 47.300763 -0.181649 0.697502 -0.693177 0 0
    13 14.172320 1.465250 44.547644 0.029179 0.958467 -0.283707 0 0
  phy
    13 13.527879 -0.195034 47.300763 -0.181649 0.697502 -0.693177 0 0
    13 12.760640 1.326838 46.752496 -0.952772 0.282841 -0.110572 0 0
    13 14.172320 1.465250 44.547644 0.029179 0.958467 -0.283707 0 0
  phy
    13 13.527879 -0.195034 47.300763 -0.181649 0.697502 -0.693177 0 0
    13 14.988198 -0.006533 45.130673 0.108901 0.629102 -0.769657 0 0
    13 14.769289 -0.776345 48.187885 -0.605389 -0.061032 -0.793587 0 0
  phy
    13 12.760640 1.326838 46.752496 -0.952772 0.282841 -0.110572 0 0
    13 13.527879 -0.195034 47.300763 -0.181649 0.697502 -0.693177 0 0
    13 14.769289 -0.776345 48.187885 -0.605389 -0.061032 -0.793587 0 0
  phy
    13 19.801874 0.940610 40.376655 0.184851 0.472827 -0.861548 0 0
    13 14.988198 -0.006533 45.130673 0.108901 0.629102 -0.769657 0 0
    13 19.420195 1.719530 39.998413 0.389857 0.881102 -0.267713 0 0
  phy
    13 14.172319 3.284481 44.547647 0.060701 0.960127 0.272895 0 0
    13 13.527882 4.729870 47.300763 -0.245389 0.686234 0.684739 0 0
    13 14.988200 4.756281 45.130673 0.103659 0.628635 0.770761 0 0
  phy
    13 13.527882 4.729870 47.300763 -0.245389 0.686234 0.684739 0 0
    13 14.172319 3.284481 44.547647 0.060701 0.960127 0.272895 0 0
    13 12.760641 3.207979 46.752496 -0.950535 0.303666 0.065343 0 0
  phy
    13 14.769292 5.311170 48.187886 -0.653557 -0.064827 0.754096 0 0
    13 14.988200 4.756281 45.130673 0.103659 0.628635 0.770761 0 0
    13 13.527882 4.729870 47.300763 -0.245389 0.686234 0.684739 0 0
  phy
    13 14.769292 5.311170 48.187886 -0.653557 -0.064827 0.754096 0 0
    13 13.527882 4.729870 47.300763 -0.245389 0.686234 0.684739 0 0
    13 12.760641 3.207979 46.752496 -0.950535 0.303666 0.065343 0 0
  phy
    13 16.010700 4.729859 49.075005 -0.116999 -0.719979 0.684062 0 0
    13 14.769292 5.311170 48.187886 -0.653557 -0.064827 0.754096 0 0
    13 16.777913 3.207977 49.623279 -0.882079 -0.461008 0.096994 0 0
  phy
    13 14.172319 3.284481 44.547647 0.060701 0.960127 0.272895 0 0
    13 14.172320 1.465250 44.547644 0.029179 0.958467 -0.283707 0 0
    13 12.760641 3.207979 46.752496 -0.950535 0.303666 0.065343 0 0
  phy
    13 14.172320 1.465250 44.547644 0.029179 0.958467 -0.283707 0 0
    13 14.172319 3.284481 44.547647 0.060701 0.960127 0.272895 0 0
    13 19.420195 1.719530 39.998413 0.389857 0.881102 -0.267713 0 0
  phy
    13 14.988198 -0.006533 45.130673 0.108901 0.629102 -0.769657 0 0
    13 14.172320 1.465250 44.547644 0.029179 0.958467 -0.283707 0 0
    13 19.420195 1.719530 39.998413 0.389857 0.881102 -0.267713 0 0
  phy
    13 16.777917 1.326836 49.623283 -0.870915 -0.485315 -0.077313 0 0
    13 12.760640 1.326838 46.752496 -0.952772 0.282841 -0.110572 0 0
    13 14.769289 -0.776345 48.187885 -0.605389 -0.061032 -0.793587 0 0
  phy
    13 12.760640 1.326838 46.752496 -0.952772 0.282841 -0.110572 0 0
    13 16.777917 1.326836 49.623283 -0.870915 -0.485315 -0.077313 0 0
    13 12.760641 3.207979 46.752496 -0.950535 0.303666 0.065343 0 0
  phy
    13 14.172320 1.465250 44.547644 0.029179 0.958467 -0.283707 0 0
    13 12.760640 1.326838 46.752496 -0.952772 0.282841 -0.110572 0 0
    13 12.760641 3.207979 46.752496 -0.950535 0.303666 0.065343 0 0
  phy
    13 14.769292 5.311170 48.187886 -0.653557 -0.064827 0.754096 0 0
    13 16.308308 5.318451 46.074044 0.167073 0.067447 0.983635 0 0
    13 14.988200 4.756281 45.130673 0.103659 0.628635 0.770761 0 0
  phy
    13 16.777913 3.207977 49.623279 -0.882079 -0.461008 0.096994 0 0
    13 14.769292 5.311170 48.187886 -0.653557 -0.064827 0.754096 0 0
    13 12.760641 3.207979 46.752496 -0.950535 0.303666 0.065343 0 0
  phy
    13 16.777917 1.326836 49.623283 -0.870915 -0.485315 -0.077313 0 0
    13 16.777913 3.207977 49.623279 -0.882079 -0.461008 0.096994 0 0
    13 12.760641 3.207979 46.752496 -0.950535 0.303666 0.065343 0 0
  phy
    15 19.998310 3.467772 40.197866 -0.740082 0.454247 0.495921 0 0
    15 19.998310 0.605758 40.197865 -0.626799 0.767358 -0.135220 0 0
    15 20.810890 0.605768 40.928112 -0.785911 -0.192650 -0.587563 0 0
  phy
    15 19.998310 3.467772 40.197866 -0.740082 0.454247 0.495921 0 0
    15 20.810890 0.605768 40.928112 -0.785911 -0.192650 -0.587563 0 0
    15 20.810890 3.467772 40.928113 -0.810852 -0.294362 0.505835 0 0
  phy
    15 20.810890 3.467772 40.928113 -0.810852 -0.294362 0.505835 0 0
    15 20.810890 0.605768 40.928112 -0.785911 -0.192650 -0.587563 0 0
    15 21.782801 0.605768 41.223633 -0.242508 -0.790542 -0.562346 0 0
  phy
    15 20.810890 3.467772 40.928113 -0.810852 -0.294362 0.505835 0 0
    15 21.782801 0.605768 41.223633 -0.242508 -0.790542 -0.562346 0 0
    15 21.782801 3.467771 41.223633 0.081577 -0.972844 0.216609 0 0
  phy
    15 20.810890 0.605768 40.928112 -0.785911 -0.192650 -0.587563 0 0
    15 19.998310 0.605758 40.197865 -0.626799 0.767358 -0.135220 0 0
    15 21.310668 -1.904613 35.490364 -0.230377 0.818651 -0.526058 0 0
  phy
    15 21.782801 0.605768 41.223633 -0.242508 -0.790542 -0.562346 0 0
    15 20.810890 0.605768 40.928112 -0.785911 -0.192650 -0.587563 0 0
    15 21.310668 -1.904613 35.490364 -0.230377 0.818651 -0.526058 0 0
  phy
    15 19.998310 0.605758 40.197865 -0.626799 0.767358 -0.135220 0 0
    15 20.896671 4.305266 36.152825 -0.317927 0.863492 0.391539 0 0
    15 21.310668 -1.904613 35.490364 -0.230377 0.818651 -0.526058 0 0
  phy
    15 20.896671 4.305266 36.152825 -0.317927 0.863492 0.391539 0 0
    15 19.998310 0.605758 40.197865 -0.626799 0.767358 -0.135220 0 0
    15 19.998310 3.467772 40.197866 -0.740082 0.454247 0.495921 0 0
  phy
    15 22.264710 -0.674623 38.308204 -0.165989 -0.375774 -0.911724 0 0
    15 21.782801 0.605768 41.223633 -0.242508 -0.790542 -0.562346 0 0
    15 21.310668 -1.904613 35.490364 -0.230377 0.818651 -0.526058 0 0
  phy
    15 21.782801 0.605768 41.223633 -0.242508 -0.790542 -0.562346 0 0
    15 22.264710 -0.674623 38.308204 -0.165989 -0.375774 -0.911724 0 0
    15 24.605209 -0.674622 37.206922 0.384598 -0.867601 -0.315202 0 0
  phy
    15 22.264710 -0.674623 38.308204 -0.165989 -0.375774 -0.911724 0 0
    15 21.310668 -1.904613 35.490364 -0.230377 0.818651 -0.526058 0 0
    15 24.605209 -0.674622 37.206922 0.384598 -0.867601 -0.315202 0 0
  phy
    15 24.595987 3.899216 34.311551 0.827827 -0.558235 0.055466 0 0
    15 23.910162 -0.357095 33.249806 0.715949 0.658951 -0.230654 0 0
    15 23.910158 3.899217 33.249811 0.177938 0.907663 0.380114 0 0
  phy
    15 24.595987 3.899216 34.311551 0.827827 -0.558235 0.055466 0 0
    15 24.595987 -0.357100 34.311540 0.736804 -0.442808 -0.510922 0 0
    15 23.910162 -0.357095 33.249806 0.715949 0.658951 -0.230654 0 0
  phy
    15 24.595987 3.899216 34.311551 0.827827 -0.558235 0.055466 0 0
    15 24.605209 -0.674622 37.206922 0.384598 -0.867601 -0.315202 0 0
    15 24.595987 -0.357100 34.311540 0.736804 -0.442808 -0.510922 0 0
  phy
    15 24.605209 4.305265 37.206923 0.337167 -0.729243 0.595419 0 0
    15 24.605209 -0.674622 37.206922 0.384598 -0.867601 -0.315202 0 0
    15 24.595987 3.899216 34.311551 0.827827 -0.558235 0.055466 0 0
  phy
    15 23.910158 3.899217 33.249811 0.177938 0.907663 0.380114 0 0
    15 24.605209 4.305265 37.206923 0.337167 -0.729243 0.595419 0 0
    15 24.595987 3.899216 34.311551 0.827827 -0.558235 0.055466 0 0
  phy
    15 21.782801 0.605768 41.223633 -0.242508 -0.790542 -0.562346 0 0
    15 24.605209 -0.674622 37.206922 0.384598 -0.867601 -0.315202 0 0
    15 21.782801 3.467771 41.223633 0.081577 -0.972844 0.216609 0 0
  phy
    15 20.810890 3.467772 40.928113 -0.810852 -0.294362 0.505835 0 0
    15 21.782801 3.467771 41.223633 0.081577 -0.972844 0.216609 0 0
    15 22.264710 4.305264 38.308193 -0.166861 -0.078780 0.982828 0 0
  phy
    15 22.264710 4.305264 38.308193 -0.166861 -0.078780 0.982828 0 0
    15 19.998310 3.467772 40.197866 -0.740082 0.454247 0.495921 0 0
    15 20.810890 3.467772 40.928113 -0.810852 -0.294362 0.505835 0 0
  phy
    15 22.264710 4.305264 38.308193 -0.166861 -0.078780 0.982828 0 0
    15 24.605209 4.305265 37.206923 0.337167 -0.729243 0.595419 0 0
    15 20.896671 4.305266 36.152825 -0.317927 0.863492 0.391539 0 0
  phy
    15 20.896671 4.305266 36.152825 -0.317927 0.863492 0.391539 0 0
    15 24.605209 4.305265 37.206923 0.337167 -0.729243 0.595419 0 0
    15 23.910158 3.899217 33.249811 0.177938 0.907663 0.380114 0 0
  phy
    15 20.896671 4.305266 36.152825 -0.317927 0.863492 0.391539 0 0
    15 19.998310 3.467772 40.197866 -0.740082 0.454247 0.495921 0 0
    15 22.264710 4.305264 38.308193 -0.166861 -0.078780 0.982828 0 0
  phy
    15 20.896671 4.305266 36.152825 -0.317927 0.863492 0.391539 0 0
    15 23.910158 3.899217 33.249811 0.177938 0.907663 0.380114 0 0
    15 21.310668 -1.904613 35.490364 -0.230377 0.818651 -0.526058 0 0
  phy
    15 21.782801 3.467771 41.223633 0.081577 -0.972844 0.216609 0 0
    15 24.605209 4.305265 37.206923 0.337167 -0.729243 0.595419 0 0
    15 22.264710 4.305264 38.308193 -0.166861 -0.078780 0.982828 0 0
  phy
    15 21.310668 -1.904613 35.490364 -0.230377 0.818651 -0.526058 0 0
    15 24.595987 -0.357100 34.311540 0.736804 -0.442808 -0.510922 0 0
    15 24.605209 -0.674622 37.206922 0.384598 -0.867601 -0.315202 0 0
  phy
    15 24.595987 -0.357100 34.311540 0.736804 -0.442808 -0.510922 0 0
    15 21.310668 -1.904613 35.490364 -0.230377 0.818651 -0.526058 0 0
    15 23.910162 -0.357095 33.249806 0.715949 0.658951 -0.230654 0 0
  phy
    15 21.782801 3.467771 41.223633 0.081577 -0.972844 0.216609 0 0
    15 24.605209 -0.674622 37.206922 0.384598 -0.867601 -0.315202 0 0
    15 24.605209 4.305265 37.206923 0.337167 -0.729243 0.595419 0 0
  phy
    15 21.310668 -1.904613 35.490364 -0.230377 0.818651 -0.526058 0 0
    15 23.910158 3.899217 33.249811 0.177938 0.907663 0.380114 0 0
    15 23.910162 -0.357095 33.249806 0.715949 0.658951 -0.230654 0 0
  phy
    46 -2.190535 -1.397630 71.793664 0.743566 -0.622559 0.243987 0 0
    46 -1.205564 -0.249187 72.943992 0.728658 -0.322840 0.604013 0 0
    46 -1.561759 0.372358 72.943990 0.570419 -0.489756 0.659364 0 0
  phy
    46 -1.561759 0.372358 72.943990 0.570419 -0.489756 0.659364 0 0
    46 -2.848685 -0.249179 71.793664 0.413877 -0.892531 0.179149 0 0
    46 -2.190535 -1.397630 71.793664 0.743566 -0.622559 0.243987 0 0
  phy
    46 -2.190535 -1.397630 71.793664 0.743566 -0.622559 0.243987 0 0
    46 -2.476464 -3.863410 67.728136 0.824471 -0.559237 -0.086618 0 0
    46 -1.205555 -2.165001 71.793664 0.921287 -0.344496 0.180425 0 0
  phy
    46 -2.848685 -0.249179 71.793664 0.413877 -0.892531 0.179149 0 0
    46 -2.476464 -3.863410 67.728136 0.824471 -0.559237 -0.086618 0 0
    46 -2.190535 -1.397630 71.793664 0.743566 -0.622559 0.243987 0 0
  phy
    46 -2.190535 -1.397630 71.793664 0.743566 -0.622559 0.243987 0 0
    46 -1.205555 -2.165001 71.793664 0.921287 -0.344496 0.180425 0 0
    46 -1.205564 -0.249187 72.943992 0.728658 -0.322840 0.604013 0 0
  phy
    46 -1.686835 1.105491 72.943993 0.434923 -0.434607 0.788643 0 0
    46 -3.079805 1.105492 71.793664 0.250643 -0.854771 0.454471 0 0
    46 -1.561759 0.372358 72.943990 0.570419 -0.489756 0.659364 0 0
  phy
    46 -1.561759 0.372358 72.943990 0.570419 -0.489756 0.659364 0 0
    46 -3.079805 1.105492 71.793664 0.250643 -0.854771 0.454471 0 0
    46 -2.848685 -0.249179 71.793664 0.413877 -0.892531 0.179149 0 0
  phy
    46 -1.205564 -0.249187 72.943992 0.728658 -0.322840 0.604013 0 0
    46 -0.043685 1.105491 73.347946 0.482775 0.023542 0.875428 0 0
    46 -1.561759 0.372358 72.943990 0.570419 -0.489756 0.659364 0 0
  phy
    46 -1.561759 0.372358 72.943990 0.570419 -0.489756 0.659364 0 0
    46 -0.043685 1.105491 73.347946 0.482775 0.023542 0.875428 0 0
    46 -1.686835 1.105491 72.943993 0.434923 -0.434607 0.788643 0 0
  phy
    46 0.585098 -0.664490 72.943991 0.762009 0.200044 0.615894 0 0
    46 -0.043685 1.105491 73.347946 0.482775 0.023542 0.875428 0 0
    46 -0.043685 -0.810320 72.943993 0.830696 0.064233 0.553008 0 0
  phy
    46 1.118174 -0.249201 72.943990 0.704692 0.415767 0.574932 0 0
    46 -0.043685 1.105491 73.347946 0.482775 0.023542 0.875428 0 0
    46 0.585098 -0.664490 72.943991 0.762009 0.200044 0.615894 0 0
  phy
    46 -0.043685 -0.810320 72.943993 0.830696 0.064233 0.553008 0 0
    46 1.118175 -2.165000 71.793664 0.915114 0.358163 0.185163 0 0
    46 0.585098 -0.664490 72.943991 0.762009 0.200044 0.615894 0 0
  phy
    46 0.585098 -0.664490 72.943991 0.762009 0.200044 0.615894 0 0
    46 1.118175 -2.165000 71.793664 0.915114 0.358163 0.185163 0 0
    46 1.118174 -0.249201 72.943990 0.704692 0.415767 0.574932 0 0
  phy
    46 -1.205564 -0.249187 72.943992 0.728658 -0.322840 0.604013 0 0
    46 -1.205555 -2.165001 71.793664 0.921287 -0.344496 0.180425 0 0
    46 -0.672475 -0.664500 72.943993 0.812118 -0.143943 0.565460 0 0
  phy
    46 -0.672475 -0.664500 72.943993 0.812118 -0.143943 0.565460 0 0
    46 -0.043685 1.105491 73.347946 0.482775 0.023542 0.875428 0 0
    46 -1.205564 -0.249187 72.943992 0.728658 -0.322840 0.604013 0 0
  phy
    46 -1.205554 4.376004 71.793663 -0.273630 -0.282327 0.919466 0 0
    46 -1.205549 2.460198 72.943991 0.122038 -0.322853 0.938548 0 0
    46 -0.672495 2.875482 72.943993 0.118340 -0.157110 0.980465 0 0
  phy
    46 -2.190534 3.608634 71.793664 -0.216757 -0.696111 0.684431 0 0
    46 -1.205549 2.460198 72.943991 0.122038 -0.322853 0.938548 0 0
    46 -1.205554 4.376004 71.793663 -0.273630 -0.282327 0.919466 0 0
  phy
    46 -1.205554 4.376004 71.793663 -0.273630 -0.282327 0.919466 0 0
    46 -0.672495 2.875482 72.943993 0.118340 -0.157110 0.980465 0 0
    46 -0.043685 3.021316 72.943992 -0.008590 0.020510 0.999753 0 0
  phy
    46 -0.043685 3.021316 72.943992 -0.008590 0.020510 0.999753 0 0
    46 -0.043684 4.645465 71.793663 -0.307680 0.016108 0.951354 0 0
    46 -1.205554 4.376004 71.793663 -0.273630 -0.282327 0.919466 0 0
  phy
    46 -0.043666 5.750867 70.038388 -0.629042 0.053129 0.775554 0 0
    46 -1.308744 5.378616 70.072060 -0.576953 -0.459273 0.675421 0 0
    46 -1.205554 4.376004 71.793663 -0.273630 -0.282327 0.919466 0 0
  phy
    46 -1.205554 4.376004 71.793663 -0.273630 -0.282327 0.919466 0 0
    46 -0.043684 4.645465 71.793663 -0.307680 0.016108 0.951354 0 0
    46 -0.043666 5.750867 70.038388 -0.629042 0.053129 0.775554 0 0
  phy
    46 -1.205554 4.376004 71.793663 -0.273630 -0.282327 0.919466 0 0
    46 -1.308744 5.378616 70.072060 -0.576953 -0.459273 0.675421 0 0
    46 -2.190534 3.608634 71.793664 -0.216757 -0.696111 0.684431 0 0
  phy
    46 -0.672495 2.875482 72.943993 0.118340 -0.157110 0.980465 0 0
    46 -0.043685 1.105491 73.347946 0.482775 0.023542 0.875428 0 0
    46 -0.043685 3.021316 72.943992 -0.008590 0.020510 0.999753 0 0
  phy
    46 -0.043685 3.021316 72.943992 -0.008590 0.020510 0.999753 0 0
    46 -0.043685 1.105491 73.347946 0.482775 0.023542 0.875428 0 0
    46 0.585096 2.875484 72.943992 0.064788 0.264237 0.962279 0 0
  phy
    46 0.585096 2.875484 72.943992 0.064788 0.264237 0.962279 0 0
    46 1.118156 4.376005 71.793663 -0.303345 0.304947 0.902767 0 0
    46 -0.043685 3.021316 72.943992 -0.008590 0.020510 0.999753 0 0
  phy
    46 1.118156 4.376005 71.793663 -0.303345 0.304947 0.902767 0 0
    46 -0.043684 4.645465 71.793663 -0.307680 0.016108 0.951354 0 0
    46 -0.043685 3.021316 72.943992 -0.008590 0.020510 0.999753 0 0
  phy
    46 -1.205549 2.460198 72.943991 0.122038 -0.322853 0.938548 0 0
    46 -0.043685 1.105491 73.347946 0.482775 0.023542 0.875428 0 0
    46 -0.672495 2.875482 72.943993 0.118340 -0.157110 0.980465 0 0
  phy
    46 0.585096 2.875484 72.943992 0.064788 0.264237 0.962279 0 0
    46 -0.043685 1.105491 73.347946 0.482775 0.023542 0.875428 0 0
    46 1.118165 2.460193 72.943993 0.157932 0.421789 0.892834 0 0
  phy
    46 1.118165 2.460193 72.943993 0.157932 0.421789 0.892834 0 0
    46 -0.043685 1.105491 73.347946 0.482775 0.023542 0.875428 0 0
    46 1.474346 1.838642 72.943993 0.295162 0.443630 0.846210 0 0
  phy
    46 1.118165 2.460193 72.943993 0.157932 0.421789 0.892834 0 0
    46 1.474346 1.838642 72.943993 0.295162 0.443630 0.846210 0 0
    46 2.761286 2.460183 71.793663 0.006347 0.803978 0.594625 0 0
  phy
    46 2.761286 2.460183 71.793663 0.006347 0.803978 0.594625 0 0
    46 2.103165 3.608634 71.793663 -0.240556 0.710730 0.661057 0 0
    46 1.118165 2.460193 72.943993 0.157932 0.421789 0.892834 0 0
  phy
    46 1.118165 2.460193 72.943993 0.157932 0.421789 0.892834 0 0
    46 2.103165 3.608634 71.793663 -0.240556 0.710730 0.661057 0 0
    46 0.585096 2.875484 72.943992 0.064788 0.264237 0.962279 0 0
  phy
    46 1.599435 1.105492 72.943993 0.397403 0.568111 0.720640 0 0
    46 -0.043685 1.105491 73.347946 0.482775 0.023542 0.875428 0 0
    46 1.474345 0.372341 72.943993 0.558162 0.443635 0.701172 0 0
  phy
    46 1.474345 0.372341 72.943993 0.558162 0.443635 0.701172 0 0
    46 -0.043685 1.105491 73.347946 0.482775 0.023542 0.875428 0 0
    46 1.118174 -0.249201 72.943990 0.704692 0.415767 0.574932 0 0
  phy
    46 1.599435 1.105492 72.943993 0.397403 0.568111 0.720640 0 0
    46 1.474345 0.372341 72.943993 0.558162 0.443635 0.701172 0 0
    46 2.761285 -0.249179 71.793664 0.412660 0.892621 0.181492 0 0
  phy
    46 1.118174 -0.249201 72.943990 0.704692 0.415767 0.574932 0 0
    46 2.761285 -0.249179 71.793664 0.412660 0.892621 0.181492 0 0
    46 1.474345 0.372341 72.943993 0.558162 0.443635 0.701172 0 0
  phy
    46 -1.763922 3.608627 64.288943 -0.667198 -0.633125 -0.392428 0 0
    46 -0.974682 2.460177 63.138606 -0.706063 -0.501217 -0.500257 0 0
    46 -1.260086 1.838679 63.138622 -0.582791 -0.649553 -0.488298 0 0
  phy
    46 -1.260086 1.838679 63.138622 -0.582791 -0.649553 -0.488298 0 0
    46 -2.291272 2.460176 64.288936 -0.542528 -0.695438 -0.471200 0 0
    46 -1.763922 3.608627 64.288943 -0.667198 -0.633125 -0.392428 0 0
  phy
    46 -0.974682 2.460177 63.138606 -0.706063 -0.501217 -0.500257 0 0
    46 -0.974672 -0.556265 62.020298 -0.481939 -0.608425 -0.630518 0 0
    46 -1.260086 1.838679 63.138622 -0.582791 -0.649553 -0.488298 0 0
  phy
    46 -1.260086 1.838679 63.138622 -0.582791 -0.649553 -0.488298 0 0
    46 -0.974672 -0.556265 62.020298 -0.481939 -0.608425 -0.630518 0 0
    46 -2.291272 2.460176 64.288936 -0.542528 -0.695438 -0.471200 0 0
  phy
    46 -0.974682 2.460177 63.138606 -0.706063 -0.501217 -0.500257 0 0
    46 -1.763922 3.608627 64.288943 -0.667198 -0.633125 -0.392428 0 0
    46 -0.974672 4.375998 64.288935 -0.877453 -0.403146 -0.259904 0 0
  phy
    46 -2.291272 2.460176 64.288936 -0.542528 -0.695438 -0.471200 0 0
    46 -3.802563 2.875476 66.010546 -0.272219 -0.892628 -0.359320 0 0
    46 -1.763922 3.608627 64.288943 -0.667198 -0.633125 -0.392428 0 0
  phy
    46 -1.763922 3.608627 64.288943 -0.667198 -0.633125 -0.392428 0 0
    46 -3.802563 2.875476 66.010546 -0.272219 -0.892628 -0.359320 0 0
    46 -2.920583 4.375997 66.010546 -0.745222 -0.665948 0.034021 0 0
  phy
    46 -0.974672 4.375998 64.288935 -0.877453 -0.403146 -0.259904 0 0
    46 -1.763922 3.608627 64.288943 -0.667198 -0.633125 -0.392428 0 0
    46 -2.920583 4.375997 66.010546 -0.745222 -0.665948 0.034021 0 0
  phy
    46 0.460138 2.875477 63.138606 -0.810592 0.254250 -0.527539 0 0
    46 -0.043682 3.021317 63.138606 -0.780495 -0.043535 -0.623644 0 0
    46 -0.043658 4.645461 64.288930 -0.981016 -0.002468 -0.193909 0 0
  phy
    46 0.460138 2.875477 63.138606 -0.810592 0.254250 -0.527539 0 0
    46 -0.043658 4.645461 64.288930 -0.981016 -0.002468 -0.193909 0 0
    46 0.887298 4.375997 64.288943 -0.890422 0.384084 -0.244188 0 0
  phy
    46 1.676513 3.608604 64.288892 -0.688917 0.589883 -0.421226 0 0
    46 0.460138 2.875477 63.138606 -0.810592 0.254250 -0.527539 0 0
    46 0.887298 4.375997 64.288943 -0.890422 0.384084 -0.244188 0 0
  phy
    46 0.460138 2.875477 63.138606 -0.810592 0.254250 -0.527539 0 0
    46 1.676513 3.608604 64.288892 -0.688917 0.589883 -0.421226 0 0
    46 0.887288 2.460197 63.138614 -0.689706 0.477163 -0.544629 0 0
  phy
    46 -0.043682 3.021317 63.138606 -0.780495 -0.043535 -0.623644 0 0
    46 0.460138 2.875477 63.138606 -0.810592 0.254250 -0.527539 0 0
    46 0.887278 -0.556265 62.020298 -0.597773 0.460958 -0.655885 0 0
  phy
    46 0.887278 -0.556265 62.020298 -0.597773 0.460958 -0.655885 0 0
    46 0.460138 2.875477 63.138606 -0.810592 0.254250 -0.527539 0 0
    46 0.887288 2.460197 63.138614 -0.689706 0.477163 -0.544629 0 0
  phy
    46 -3.222264 -2.141678 67.113192 0.258749 -0.965820 -0.015536 0 0
    46 -2.476464 -3.863410 67.728136 0.824471 -0.559237 -0.086618 0 0
    46 -3.097775 -0.664478 70.072053 0.299535 -0.952426 0.056251 0 0
  phy
    46 -3.097775 -0.664478 70.072053 0.299535 -0.952426 0.056251 0 0
    46 -2.476464 -3.863410 67.728136 0.824471 -0.559237 -0.086618 0 0
    46 -2.848685 -0.249179 71.793664 0.413877 -0.892531 0.179149 0 0
  phy
    46 -4.112268 3.021324 68.041267 0.022260 -0.991044 0.131666 0 0
    46 -3.222264 -2.141678 67.113192 0.258749 -0.965820 -0.015536 0 0
    46 -3.097775 -0.664478 70.072053 0.299535 -0.952426 0.056251 0 0
  phy
    46 -3.097775 -0.664478 70.072053 0.299535 -0.952426 0.056251 0 0
    46 -2.848685 -0.249179 71.793664 0.413877 -0.892531 0.179149 0 0
    46 -4.112268 3.021324 68.041267 0.022260 -0.991044 0.131666 0 0
  phy
    46 2.833218 4.375997 66.010546 -0.760204 0.649648 0.006900 0 0
    46 3.070269 4.645465 68.041305 -0.530630 0.723185 0.442081 0 0
    46 4.024887 3.021325 68.041246 -0.000419 0.995886 0.090612 0 0
  phy
    46 3.715187 2.875476 66.010546 -0.300664 0.870733 -0.389135 0 0
    46 2.833218 4.375997 66.010546 -0.760204 0.649648 0.006900 0 0
    46 4.024887 3.021325 68.041246 -0.000419 0.995886 0.090612 0 0
  phy
    46 3.070269 4.645465 68.041305 -0.530630 0.723185 0.442081 0 0
    46 2.833218 4.375997 66.010546 -0.760204 0.649648 0.006900 0 0
    46 1.272921 5.730686 68.041276 -0.819032 0.408531 0.402852 0 0
  phy
    46 2.833218 4.375997 66.010546 -0.760204 0.649648 0.006900 0 0
    46 1.172678 5.378617 66.010531 -0.925726 0.370374 0.076508 0 0
    46 1.272921 5.730686 68.041276 -0.819032 0.408531 0.402852 0 0
  phy
    46 2.833218 4.375997 66.010546 -0.760204 0.649648 0.006900 0 0
    46 1.676513 3.608604 64.288892 -0.688917 0.589883 -0.421226 0 0
    46 0.887298 4.375997 64.288943 -0.890422 0.384084 -0.244188 0 0
  phy
    46 1.172678 5.378617 66.010531 -0.925726 0.370374 0.076508 0 0
    46 2.833218 4.375997 66.010546 -0.760204 0.649648 0.006900 0 0
    46 0.887298 4.375997 64.288943 -0.890422 0.384084 -0.244188 0 0
  phy
    46 1.676513 3.608604 64.288892 -0.688917 0.589883 -0.421226 0 0
    46 2.833218 4.375997 66.010546 -0.760204 0.649648 0.006900 0 0
    46 3.715187 2.875476 66.010546 -0.300664 0.870733 -0.389135 0 0
  phy
    46 2.892926 -2.918968 65.398616 0.110919 0.938714 -0.326364 0 0
    46 3.134886 -2.141679 67.113192 0.236710 0.969997 -0.055438 0 0
    46 2.389076 -3.863410 67.728136 0.781412 0.620238 -0.068559 0 0
  phy
    46 3.134886 -2.141679 67.113192 0.236710 0.969997 -0.055438 0 0
    46 3.010386 -0.664478 70.072061 0.277757 0.960504 0.016822 0 0
    46 2.389076 -3.863410 67.728136 0.781412 0.620238 -0.068559 0 0
  phy
    46 3.134886 -2.141679 67.113192 0.236710 0.969997 -0.055438 0 0
    46 2.892926 -2.918968 65.398616 0.110919 0.938714 -0.326364 0 0
    46 4.024887 3.021325 68.041246 -0.000419 0.995886 0.090612 0 0
  phy
    46 3.010386 -0.664478 70.072061 0.277757 0.960504 0.016822 0 0
    46 3.134886 -2.141679 67.113192 0.236710 0.969997 -0.055438 0 0
    46 4.024887 3.021325 68.041246 -0.000419 0.995886 0.090612 0 0
  phy
    46 2.892926 -2.918968 65.398616 0.110919 0.938714 -0.326364 0 0
    46 2.203897 -2.503667 63.677017 -0.123461 0.905282 -0.406475 0 0
    46 3.715187 2.875476 66.010546 -0.300664 0.870733 -0.389135 0 0
  phy
    46 2.203897 -2.503667 63.677017 -0.123461 0.905282 -0.406475 0 0
    46 2.892926 -2.918968 65.398616 0.110919 0.938714 -0.326364 0 0
    46 1.510477 -2.773407 62.157257 -0.296295 0.804259 -0.515148 0 0
  phy
    46 3.715187 2.875476 66.010546 -0.300664 0.870733 -0.389135 0 0
    46 2.203897 -2.503667 63.677017 -0.123461 0.905282 -0.406475 0 0
    46 1.510477 -2.773407 62.157257 -0.296295 0.804259 -0.515148 0 0
  phy
    46 -0.043685 -0.810320 72.943993 0.830696 0.064233 0.553008 0 0
    46 -0.043685 1.105491 73.347946 0.482775 0.023542 0.875428 0 0
    46 -0.672475 -0.664500 72.943993 0.812118 -0.143943 0.565460 0 0
  phy
    46 -0.672475 -0.664500 72.943993 0.812118 -0.143943 0.565460 0 0
    46 -0.043685 -2.434471 71.793664 0.999866 0.007789 -0.014433 0 0
    46 -0.043685 -0.810320 72.943993 0.830696 0.064233 0.553008 0 0
  phy
    46 -0.043685 -0.810320 72.943993 0.830696 0.064233 0.553008 0 0
    46 -0.043685 -2.434471 71.793664 0.999866 0.007789 -0.014433 0 0
    46 1.118175 -2.165000 71.793664 0.915114 0.358163 0.185163 0 0
  phy
    46 -1.205555 -2.165001 71.793664 0.921287 -0.344496 0.180425 0 0
    46 -0.043685 -2.434471 71.793664 0.999866 0.007789 -0.014433 0 0
    46 -0.672475 -0.664500 72.943993 0.812118 -0.143943 0.565460 0 0
  phy
    46 -1.561762 1.838621 72.943989 0.253288 -0.489760 0.834254 0 0
    46 -3.079805 1.105492 71.793664 0.250643 -0.854771 0.454471 0 0
    46 -1.686835 1.105491 72.943993 0.434923 -0.434607 0.788643 0 0
  phy
    46 -2.848684 2.460183 71.793663 -0.005880 -0.806416 0.591320 0 0
    46 -3.079805 1.105492 71.793664 0.250643 -0.854771 0.454471 0 0
    46 -1.561762 1.838621 72.943989 0.253288 -0.489760 0.834254 0 0
  phy
    46 -1.686835 1.105491 72.943993 0.434923 -0.434607 0.788643 0 0
    46 -0.043685 1.105491 73.347946 0.482775 0.023542 0.875428 0 0
    46 -1.561762 1.838621 72.943989 0.253288 -0.489760 0.834254 0 0
  phy
    46 -1.561762 1.838621 72.943989 0.253288 -0.489760 0.834254 0 0
    46 -0.043685 1.105491 73.347946 0.482775 0.023542 0.875428 0 0
    46 -1.205549 2.460198 72.943991 0.122038 -0.322853 0.938548 0 0
  phy
    46 -2.190534 3.608634 71.793664 -0.216757 -0.696111 0.684431 0 0
    46 -2.848684 2.460183 71.793663 -0.005880 -0.806416 0.591320 0 0
    46 -1.561762 1.838621 72.943989 0.253288 -0.489760 0.834254 0 0
  phy
    46 -1.561762 1.838621 72.943989 0.253288 -0.489760 0.834254 0 0
    46 -1.205549 2.460198 72.943991 0.122038 -0.322853 0.938548 0 0
    46 -2.190534 3.608634 71.793664 -0.216757 -0.696111 0.684431 0 0
  phy
    46 -4.112268 3.021324 68.041267 0.022260 -0.991044 0.131666 0 0
    46 -2.848684 2.460183 71.793663 -0.005880 -0.806416 0.591320 0 0
    46 -2.190534 3.608634 71.793664 -0.216757 -0.696111 0.684431 0 0
  phy
    46 -2.190534 3.608634 71.793664 -0.216757 -0.696111 0.684431 0 0
    46 -3.157633 4.645466 68.041307 -0.514241 -0.716245 0.471752 0 0
    46 -4.112268 3.021324 68.041267 0.022260 -0.991044 0.131666 0 0
  phy
    46 -2.190534 3.608634 71.793664 -0.216757 -0.696111 0.684431 0 0
    46 -2.381164 4.376005 70.072076 -0.408060 -0.645063 0.646051 0 0
    46 -3.157633 4.645466 68.041307 -0.514241 -0.716245 0.471752 0 0
  phy
    46 -1.308744 5.378616 70.072060 -0.576953 -0.459273 0.675421 0 0
    46 -2.381164 4.376005 70.072076 -0.408060 -0.645063 0.646051 0 0
    46 -2.190534 3.608634 71.793664 -0.216757 -0.696111 0.684431 0 0
  phy
    46 0.585096 2.875484 72.943992 0.064788 0.264237 0.962279 0 0
    46 2.103165 3.608634 71.793663 -0.240556 0.710730 0.661057 0 0
    46 1.118156 4.376005 71.793663 -0.303345 0.304947 0.902767 0 0
  phy
    46 1.474346 1.838642 72.943993 0.295162 0.443630 0.846210 0 0
    46 -0.043685 1.105491 73.347946 0.482775 0.023542 0.875428 0 0
    46 1.599435 1.105492 72.943993 0.397403 0.568111 0.720640 0 0
  phy
    46 2.761286 2.460183 71.793663 0.006347 0.803978 0.594625 0 0
    46 1.474346 1.838642 72.943993 0.295162 0.443630 0.846210 0 0
    46 1.599435 1.105492 72.943993 0.397403 0.568111 0.720640 0 0
  phy
    46 1.599435 1.105492 72.943993 0.397403 0.568111 0.720640 0 0
    46 2.995566 1.105492 71.791055 0.203869 0.906506 0.369710 0 0
    46 2.761286 2.460183 71.793663 0.006347 0.803978 0.594625 0 0
  phy
    46 1.599435 1.105492 72.943993 0.397403 0.568111 0.720640 0 0
    46 2.761285 -0.249179 71.793664 0.412660 0.892621 0.181492 0 0
    46 2.995566 1.105492 71.791055 0.203869 0.906506 0.369710 0 0
  phy
    46 2.103165 3.608634 71.793663 -0.240556 0.710730 0.661057 0 0
    46 2.761286 2.460183 71.793663 0.006347 0.803978 0.594625 0 0
    46 4.024887 3.021325 68.041246 -0.000419 0.995886 0.090612 0 0
  phy
    46 2.761286 2.460183 71.793663 0.006347 0.803978 0.594625 0 0
    46 2.995566 1.105492 71.791055 0.203869 0.906506 0.369710 0 0
    46 4.024887 3.021325 68.041246 -0.000419 0.995886 0.090612 0 0
  phy
    46 -0.974682 2.460177 63.138606 -0.706063 -0.501217 -0.500257 0 0
    46 -0.974672 4.375998 64.288935 -0.877453 -0.403146 -0.259904 0 0
    46 -0.547522 2.875497 63.138614 -0.777379 -0.264917 -0.570527 0 0
  phy
    46 -0.974682 2.460177 63.138606 -0.706063 -0.501217 -0.500257 0 0
    46 -0.547522 2.875497 63.138614 -0.777379 -0.264917 -0.570527 0 0
    46 -0.974672 -0.556265 62.020298 -0.481939 -0.608425 -0.630518 0 0
  phy
    46 -0.043682 3.021317 63.138606 -0.780495 -0.043535 -0.623644 0 0
    46 -0.974672 4.375998 64.288935 -0.877453 -0.403146 -0.259904 0 0
    46 -0.043658 4.645461 64.288930 -0.981016 -0.002468 -0.193909 0 0
  phy
    46 -0.974672 4.375998 64.288935 -0.877453 -0.403146 -0.259904 0 0
    46 -0.043682 3.021317 63.138606 -0.780495 -0.043535 -0.623644 0 0
    46 -0.547522 2.875497 63.138614 -0.777379 -0.264917 -0.570527 0 0
  phy
    46 -0.043658 4.645461 64.288930 -0.981016 -0.002468 -0.193909 0 0
    46 -0.974672 4.375998 64.288935 -0.877453 -0.403146 -0.259904 0 0
    46 -1.260075 5.378623 66.010546 -0.917096 -0.387874 0.092134 0 0
  phy
    46 -1.260075 5.378623 66.010546 -0.917096 -0.387874 0.092134 0 0
    46 -0.974672 4.375998 64.288935 -0.877453 -0.403146 -0.259904 0 0
    46 -2.920583 4.375997 66.010546 -0.745222 -0.665948 0.034021 0 0
  phy
    46 1.172697 1.838812 63.138684 -0.597193 0.615446 -0.514379 0 0
    46 1.676513 3.608604 64.288892 -0.688917 0.589883 -0.421226 0 0
    46 2.203898 2.460176 64.288943 -0.557994 0.662901 -0.499204 0 0
  phy
    46 1.676513 3.608604 64.288892 -0.688917 0.589883 -0.421226 0 0
    46 1.172697 1.838812 63.138684 -0.597193 0.615446 -0.514379 0 0
    46 0.887288 2.460197 63.138614 -0.689706 0.477163 -0.544629 0 0
  phy
    46 0.887278 -0.556265 62.020298 -0.597773 0.460958 -0.655885 0 0
    46 1.172697 1.838812 63.138684 -0.597193 0.615446 -0.514379 0 0
    46 2.203898 2.460176 64.288943 -0.557994 0.662901 -0.499204 0 0
  phy
    46 1.172697 1.838812 63.138684 -0.597193 0.615446 -0.514379 0 0
    46 0.887278 -0.556265 62.020298 -0.597773 0.460958 -0.655885 0 0
    46 0.887288 2.460197 63.138614 -0.689706 0.477163 -0.544629 0 0
  phy
    46 -0.043682 3.021317 63.138606 -0.780495 -0.043535 -0.623644 0 0
    46 0.887278 -0.556265 62.020298 -0.597773 0.460958 -0.655885 0 0
    46 -0.974672 -0.556265 62.020298 -0.481939 -0.608425 -0.630518 0 0
  phy
    46 -0.547522 2.875497 63.138614 -0.777379 -0.264917 -0.570527 0 0
    46 -0.043682 3.021317 63.138606 -0.780495 -0.043535 -0.623644 0 0
    46 -0.974672 -0.556265 62.020298 -0.481939 -0.608425 -0.630518 0 0
  phy
    46 -0.043682 -1.117395 62.020298 -0.443897 -0.023519 -0.895769 0 0
    46 -0.649243 -3.540777 62.157257 0.120900 -0.608282 -0.784459 0 0
    46 -0.974672 -0.556265 62.020298 -0.481939 -0.608425 -0.630518 0 0
  phy
    46 -0.649243 -3.540777 62.157257 0.120900 -0.608282 -0.784459 0 0
    46 -0.043682 -1.117395 62.020298 -0.443897 -0.023519 -0.895769 0 0
    46 0.281744 -3.810249 62.157265 0.264558 -0.094194 -0.959759 0 0
  phy
    46 -2.291273 -2.503667 63.677016 -0.186446 -0.844646 -0.501808 0 0
    46 -0.974672 -0.556265 62.020298 -0.481939 -0.608425 -0.630518 0 0
    46 -0.649243 -3.540777 62.157257 0.120900 -0.608282 -0.784459 0 0
  phy
    46 -0.823224 -5.061780 65.205974 0.572040 -0.556251 -0.602789 0 0
    46 -0.649243 -3.540777 62.157257 0.120900 -0.608282 -0.784459 0 0
    46 0.281744 -3.810249 62.157265 0.264558 -0.094194 -0.959759 0 0
  phy
    46 -0.823224 -5.061780 65.205974 0.572040 -0.556251 -0.602789 0 0
    46 -2.980304 -2.918968 65.398616 0.205858 -0.911061 -0.357197 0 0
    46 -0.649243 -3.540777 62.157257 0.120900 -0.608282 -0.784459 0 0
  phy
    46 -0.649243 -3.540777 62.157257 0.120900 -0.608282 -0.784459 0 0
    46 -2.980304 -2.918968 65.398616 0.205858 -0.911061 -0.357197 0 0
    46 -2.291273 -2.503667 63.677016 -0.186446 -0.844646 -0.501808 0 0
  phy
    46 -4.112268 3.021324 68.041267 0.022260 -0.991044 0.131666 0 0
    46 -3.079805 1.105492 71.793664 0.250643 -0.854771 0.454471 0 0
    46 -2.848684 2.460183 71.793663 -0.005880 -0.806416 0.591320 0 0
  phy
    46 -3.157633 4.645466 68.041307 -0.514241 -0.716245 0.471752 0 0
    46 -2.920583 4.375997 66.010546 -0.745222 -0.665948 0.034021 0 0
    46 -4.112268 3.021324 68.041267 0.022260 -0.991044 0.131666 0 0
  phy
    46 -2.920583 4.375997 66.010546 -0.745222 -0.665948 0.034021 0 0
    46 -3.802563 2.875476 66.010546 -0.272219 -0.892628 -0.359320 0 0
    46 -4.112268 3.021324 68.041267 0.022260 -0.991044 0.131666 0 0
  phy
    46 -4.112268 3.021324 68.041267 0.022260 -0.991044 0.131666 0 0
    46 -2.980304 -2.918968 65.398616 0.205858 -0.911061 -0.357197 0 0
    46 -3.222264 -2.141678 67.113192 0.258749 -0.965820 -0.015536 0 0
  phy
    46 -4.112268 3.021324 68.041267 0.022260 -0.991044 0.131666 0 0
    46 -3.802563 2.875476 66.010546 -0.272219 -0.892628 -0.359320 0 0
    46 -2.980304 -2.918968 65.398616 0.205858 -0.911061 -0.357197 0 0
  phy
    46 -2.848685 -0.249179 71.793664 0.413877 -0.892531 0.179149 0 0
    46 -3.079805 1.105492 71.793664 0.250643 -0.854771 0.454471 0 0
    46 -4.112268 3.021324 68.041267 0.022260 -0.991044 0.131666 0 0
  phy
    46 2.203898 2.460176 64.288943 -0.557994 0.662901 -0.499204 0 0
    46 1.676513 3.608604 64.288892 -0.688917 0.589883 -0.421226 0 0
    46 3.715187 2.875476 66.010546 -0.300664 0.870733 -0.389135 0 0
  phy
    46 0.887278 -0.556265 62.020298 -0.597773 0.460958 -0.655885 0 0
    46 1.212717 -3.540777 62.157257 0.150775 0.514174 -0.844329 0 0
    46 -0.043682 -1.117395 62.020298 -0.443897 -0.023519 -0.895769 0 0
  phy
    46 -0.043682 -1.117395 62.020298 -0.443897 -0.023519 -0.895769 0 0
    46 1.212717 -3.540777 62.157257 0.150775 0.514174 -0.844329 0 0
    46 0.281744 -3.810249 62.157265 0.264558 -0.094194 -0.959759 0 0
  phy
    46 1.212717 -3.540777 62.157257 0.150775 0.514174 -0.844329 0 0
    46 2.892926 -2.918968 65.398616 0.110919 0.938714 -0.326364 0 0
    46 1.609536 -5.061780 65.205974 0.503706 0.696446 -0.511119 0 0
  phy
    46 2.892926 -2.918968 65.398616 0.110919 0.938714 -0.326364 0 0
    46 1.212717 -3.540777 62.157257 0.150775 0.514174 -0.844329 0 0
    46 1.510477 -2.773407 62.157257 -0.296295 0.804259 -0.515148 0 0
  phy
    46 1.212717 -3.540777 62.157257 0.150775 0.514174 -0.844329 0 0
    46 1.609536 -5.061780 65.205974 0.503706 0.696446 -0.511119 0 0
    46 0.393165 -5.413855 65.205974 0.961224 0.021808 -0.274906 0 0
  phy
    46 1.212717 -3.540777 62.157257 0.150775 0.514174 -0.844329 0 0
    46 0.393165 -5.413855 65.205974 0.961224 0.021808 -0.274906 0 0
    46 0.281744 -3.810249 62.157265 0.264558 -0.094194 -0.959759 0 0
  phy
    46 1.212717 -3.540777 62.157257 0.150775 0.514174 -0.844329 0 0
    46 0.887278 -0.556265 62.020298 -0.597773 0.460958 -0.655885 0 0
    46 1.510477 -2.773407 62.157257 -0.296295 0.804259 -0.515148 0 0
  phy
    46 2.892926 -2.918968 65.398616 0.110919 0.938714 -0.326364 0 0
    46 3.715187 2.875476 66.010546 -0.300664 0.870733 -0.389135 0 0
    46 4.024887 3.021325 68.041246 -0.000419 0.995886 0.090612 0 0
  phy
    46 1.609536 -5.061780 65.205974 0.503706 0.696446 -0.511119 0 0
    46 2.892926 -2.918968 65.398616 0.110919 0.938714 -0.326364 0 0
    46 2.389076 -3.863410 67.728136 0.781412 0.620238 -0.068559 0 0
  phy
    46 1.118174 -0.249201 72.943990 0.704692 0.415767 0.574932 0 0
    46 2.103165 -1.397630 71.793664 0.732827 0.652948 0.191371 0 0
    46 2.761285 -0.249179 71.793664 0.412660 0.892621 0.181492 0 0
  phy
    46 1.118175 -2.165000 71.793664 0.915114 0.358163 0.185163 0 0
    46 2.103165 -1.397630 71.793664 0.732827 0.652948 0.191371 0 0
    46 1.118174 -0.249201 72.943990 0.704692 0.415767 0.574932 0 0
  phy
    46 1.118156 4.376005 71.793663 -0.303345 0.304947 0.902767 0 0
    46 1.221336 5.378616 70.072076 -0.558222 0.501620 0.660883 0 0
    46 -0.043666 5.750867 70.038388 -0.629042 0.053129 0.775554 0 0
  phy
    46 -0.043666 5.750867 70.038388 -0.629042 0.053129 0.775554 0 0
    46 -0.043684 4.645465 71.793663 -0.307680 0.016108 0.951354 0 0
    46 1.118156 4.376005 71.793663 -0.303345 0.304947 0.902767 0 0
  phy
    46 -1.308744 5.378616 70.072060 -0.576953 -0.459273 0.675421 0 0
    46 -0.043666 5.750867 70.038388 -0.629042 0.053129 0.775554 0 0
    46 -0.043673 6.111767 68.041284 -0.858168 -0.055620 0.510347 0 0
  phy
    46 -0.043673 6.111767 68.041284 -0.858168 -0.055620 0.510347 0 0
    46 -0.043666 5.750867 70.038388 -0.629042 0.053129 0.775554 0 0
    46 1.272921 5.730686 68.041276 -0.819032 0.408531 0.402852 0 0
  phy
    46 -0.043666 5.750867 70.038388 -0.629042 0.053129 0.775554 0 0
    46 1.221336 5.378616 70.072076 -0.558222 0.501620 0.660883 0 0
    46 1.272921 5.730686 68.041276 -0.819032 0.408531 0.402852 0 0
  phy
    46 2.293806 4.376005 70.072076 -0.422944 0.661673 0.619118 0 0
    46 2.103165 3.608634 71.793663 -0.240556 0.710730 0.661057 0 0
    46 3.070269 4.645465 68.041305 -0.530630 0.723185 0.442081 0 0
  phy
    46 2.103165 3.608634 71.793663 -0.240556 0.710730 0.661057 0 0
    46 2.293806 4.376005 70.072076 -0.422944 0.661673 0.619118 0 0
    46 1.221336 5.378616 70.072076 -0.558222 0.501620 0.660883 0 0
  phy
    46 2.293806 4.376005 70.072076 -0.422944 0.661673 0.619118 0 0
    46 3.070269 4.645465 68.041305 -0.530630 0.723185 0.442081 0 0
    46 1.221336 5.378616 70.072076 -0.558222 0.501620 0.660883 0 0
  phy
    46 2.103165 3.608634 71.793663 -0.240556 0.710730 0.661057 0 0
    46 1.221336 5.378616 70.072076 -0.558222 0.501620 0.660883 0 0
    46 1.118156 4.376005 71.793663 -0.303345 0.304947 0.902767 0 0
  phy
    46 -0.974672 -0.556265 62.020298 -0.481939 -0.608425 -0.630518 0 0
    46 -3.802563 2.875476 66.010546 -0.272219 -0.892628 -0.359320 0 0
    46 -2.291272 2.460176 64.288936 -0.542528 -0.695438 -0.471200 0 0
  phy
    46 -0.043658 4.645461 64.288930 -0.981016 -0.002468 -0.193909 0 0
    46 1.172678 5.378617 66.010531 -0.925726 0.370374 0.076508 0 0
    46 0.887298 4.375997 64.288943 -0.890422 0.384084 -0.244188 0 0
  phy
    46 1.172678 5.378617 66.010531 -0.925726 0.370374 0.076508 0 0
    46 -0.043658 4.645461 64.288930 -0.981016 -0.002468 -0.193909 0 0
    46 -0.043673 5.730691 66.010546 -0.980394 -0.007102 0.196918 0 0
  phy
    46 -0.043658 4.645461 64.288930 -0.981016 -0.002468 -0.193909 0 0
    46 -1.260075 5.378623 66.010546 -0.917096 -0.387874 0.092134 0 0
    46 -0.043673 5.730691 66.010546 -0.980394 -0.007102 0.196918 0 0
  phy
    46 0.887278 -0.556265 62.020298 -0.597773 0.460958 -0.655885 0 0
    46 2.203898 2.460176 64.288943 -0.557994 0.662901 -0.499204 0 0
    46 3.715187 2.875476 66.010546 -0.300664 0.870733 -0.389135 0 0
  phy
    46 0.887278 -0.556265 62.020298 -0.597773 0.460958 -0.655885 0 0
    46 3.715187 2.875476 66.010546 -0.300664 0.870733 -0.389135 0 0
    46 1.510477 -2.773407 62.157257 -0.296295 0.804259 -0.515148 0 0
  phy
    46 0.887278 -0.556265 62.020298 -0.597773 0.460958 -0.655885 0 0
    46 -0.043682 -1.117395 62.020298 -0.443897 -0.023519 -0.895769 0 0
    46 -0.974672 -0.556265 62.020298 -0.481939 -0.608425 -0.630518 0 0
  phy
    46 0.393165 -5.413855 65.205974 0.961224 0.021808 -0.274906 0 0
    46 -0.823224 -5.061780 65.205974 0.572040 -0.556251 -0.602789 0 0
    46 0.281744 -3.810249 62.157265 0.264558 -0.094194 -0.959759 0 0
  phy
    46 -0.823224 -5.061780 65.205974 0.572040 -0.556251 -0.602789 0 0
    46 -2.476464 -3.863410 67.728136 0.824471 -0.559237 -0.086618 0 0
    46 -2.980304 -2.918968 65.398616 0.205858 -0.911061 -0.357197 0 0
  phy
    46 0.393165 -5.413855 65.205974 0.961224 0.021808 -0.274906 0 0
    46 -2.476464 -3.863410 67.728136 0.824471 -0.559237 -0.086618 0 0
    46 -0.823224 -5.061780 65.205974 0.572040 -0.556251 -0.602789 0 0
  phy
    46 -2.980304 -2.918968 65.398616 0.205858 -0.911061 -0.357197 0 0
    46 -2.476464 -3.863410 67.728136 0.824471 -0.559237 -0.086618 0 0
    46 -3.222264 -2.141678 67.113192 0.258749 -0.965820 -0.015536 0 0
  phy
    46 -2.980304 -2.918968 65.398616 0.205858 -0.911061 -0.357197 0 0
    46 -3.802563 2.875476 66.010546 -0.272219 -0.892628 -0.359320 0 0
    46 -2.291273 -2.503667 63.677016 -0.186446 -0.844646 -0.501808 0 0
  phy
    46 -2.291273 -2.503667 63.677016 -0.186446 -0.844646 -0.501808 0 0
    46 -3.802563 2.875476 66.010546 -0.272219 -0.892628 -0.359320 0 0
    46 -0.974672 -0.556265 62.020298 -0.481939 -0.608425 -0.630518 0 0
  phy
    46 -3.157633 4.645466 68.041307 -0.514241 -0.716245 0.471752 0 0
    46 -2.381164 4.376005 70.072076 -0.408060 -0.645063 0.646051 0 0
    46 -1.308744 5.378616 70.072060 -0.576953 -0.459273 0.675421 0 0
  phy
    46 -3.157633 4.645466 68.041307 -0.514241 -0.716245 0.471752 0 0
    46 -1.308744 5.378616 70.072060 -0.576953 -0.459273 0.675421 0 0
    46 -1.360314 5.730685 68.041237 -0.814754 -0.426557 0.392716 0 0
  phy
    46 -2.920583 4.375997 66.010546 -0.745222 -0.665948 0.034021 0 0
    46 -3.157633 4.645466 68.041307 -0.514241 -0.716245 0.471752 0 0
    46 -1.360314 5.730685 68.041237 -0.814754 -0.426557 0.392716 0 0
  phy
    46 -1.308744 5.378616 70.072060 -0.576953 -0.459273 0.675421 0 0
    46 -0.043673 6.111767 68.041284 -0.858168 -0.055620 0.510347 0 0
    46 -1.360314 5.730685 68.041237 -0.814754 -0.426557 0.392716 0 0
  phy
    46 -2.476464 -3.863410 67.728136 0.824471 -0.559237 -0.086618 0 0
    46 -0.043685 -2.434471 71.793664 0.999866 0.007789 -0.014433 0 0
    46 -1.205555 -2.165001 71.793664 0.921287 -0.344496 0.180425 0 0
  phy
    46 -1.260075 5.378623 66.010546 -0.917096 -0.387874 0.092134 0 0
    46 -2.920583 4.375997 66.010546 -0.745222 -0.665948 0.034021 0 0
    46 -1.360314 5.730685 68.041237 -0.814754 -0.426557 0.392716 0 0
  phy
    46 -1.260075 5.378623 66.010546 -0.917096 -0.387874 0.092134 0 0
    46 -1.360314 5.730685 68.041237 -0.814754 -0.426557 0.392716 0 0
    46 -0.043673 5.730691 66.010546 -0.980394 -0.007102 0.196918 0 0
  phy
    46 1.609536 -5.061780 65.205974 0.503706 0.696446 -0.511119 0 0
    46 2.389076 -3.863410 67.728136 0.781412 0.620238 -0.068559 0 0
    46 0.393165 -5.413855 65.205974 0.961224 0.021808 -0.274906 0 0
  phy
    46 3.010386 -0.664478 70.072061 0.277757 0.960504 0.016822 0 0
    46 2.761285 -0.249179 71.793664 0.412660 0.892621 0.181492 0 0
    46 2.389076 -3.863410 67.728136 0.781412 0.620238 -0.068559 0 0
  phy
    46 2.761285 -0.249179 71.793664 0.412660 0.892621 0.181492 0 0
    46 2.103165 -1.397630 71.793664 0.732827 0.652948 0.191371 0 0
    46 2.389076 -3.863410 67.728136 0.781412 0.620238 -0.068559 0 0
  phy
    46 2.761285 -0.249179 71.793664 0.412660 0.892621 0.181492 0 0
    46 3.010386 -0.664478 70.072061 0.277757 0.960504 0.016822 0 0
    46 4.024887 3.021325 68.041246 -0.000419 0.995886 0.090612 0 0
  phy
    46 2.995566 1.105492 71.791055 0.203869 0.906506 0.369710 0 0
    46 2.761285 -0.249179 71.793664 0.412660 0.892621 0.181492 0 0
    46 4.024887 3.021325 68.041246 -0.000419 0.995886 0.090612 0 0
  phy
    46 1.118175 -2.165000 71.793664 0.915114 0.358163 0.185163 0 0
    46 2.389076 -3.863410 67.728136 0.781412 0.620238 -0.068559 0 0
    46 2.103165 -1.397630 71.793664 0.732827 0.652948 0.191371 0 0
  phy
    46 1.118175 -2.165000 71.793664 0.915114 0.358163 0.185163 0 0
    46 -0.043685 -2.434471 71.793664 0.999866 0.007789 -0.014433 0 0
    46 2.389076 -3.863410 67.728136 0.781412 0.620238 -0.068559 0 0
  phy
    46 -1.360314 5.730685 68.041237 -0.814754 -0.426557 0.392716 0 0
    46 -0.043673 6.111767 68.041284 -0.858168 -0.055620 0.510347 0 0
    46 -0.043673 5.730691 66.010546 -0.980394 -0.007102 0.196918 0 0
  phy
    46 -0.043673 6.111767 68.041284 -0.858168 -0.055620 0.510347 0 0
    46 1.272921 5.730686 68.041276 -0.819032 0.408531 0.402852 0 0
    46 -0.043673 5.730691 66.010546 -0.980394 -0.007102 0.196918 0 0
  phy
    46 3.070269 4.645465 68.041305 -0.530630 0.723185 0.442081 0 0
    46 2.103165 3.608634 71.793663 -0.240556 0.710730 0.661057 0 0
    46 4.024887 3.021325 68.041246 -0.000419 0.995886 0.090612 0 0
  phy
    46 1.221336 5.378616 70.072076 -0.558222 0.501620 0.660883 0 0
    46 3.070269 4.645465 68.041305 -0.530630 0.723185 0.442081 0 0
    46 1.272921 5.730686 68.041276 -0.819032 0.408531 0.402852 0 0
  phy
    46 1.272921 5.730686 68.041276 -0.819032 0.408531 0.402852 0 0
    46 1.172678 5.378617 66.010531 -0.925726 0.370374 0.076508 0 0
    46 -0.043673 5.730691 66.010546 -0.980394 -0.007102 0.196918 0 0
  phy
    46 0.393165 -5.413855 65.205974 0.961224 0.021808 -0.274906 0 0
    46 -0.043685 -2.434471 71.793664 0.999866 0.007789 -0.014433 0 0
    46 -2.476464 -3.863410 67.728136 0.824471 -0.559237 -0.086618 0 0
  phy
    46 2.389076 -3.863410 67.728136 0.781412 0.620238 -0.068559 0 0
    46 -0.043685 -2.434471 71.793664 0.999866 0.007789 -0.014433 0 0
    46 0.393165 -5.413855 65.205974 0.961224 0.021808 -0.274906 0 0
  phy
    30 -21.305086 2.768851 40.714779 -0.754883 0.189979 0.627742 0 0
    30 -20.521805 2.768851 39.953179 -0.752287 -0.409796 0.515879 0 0
    30 -22.860647 3.606344 38.153955 -0.181858 0.074688 0.980484 0 0
  phy
    30 -22.860647 3.606344 38.153955 -0.181858 0.074688 0.980484 0 0
    30 -20.521805 2.768851 39.953179 -0.752287 -0.409796 0.515879 0 0
    30 -21.127509 3.606354 36.028776 -0.370675 -0.846821 0.381436 0 0
  phy
    30 -22.860647 3.606344 38.153955 -0.181858 0.074688 0.980484 0 0
    30 -22.264655 2.768860 41.048221 0.067680 0.979610 0.189164 0 0
    30 -21.305086 2.768851 40.714779 -0.754883 0.189979 0.627742 0 0
  phy
    30 -21.127509 3.606354 36.028776 -0.370675 -0.846821 0.381436 0 0
    30 -24.594258 3.606355 37.224413 0.462396 0.768191 0.442802 0 0
    30 -22.860647 3.606344 38.153955 -0.181858 0.074688 0.980484 0 0
  phy
    30 -22.860647 3.606344 38.153955 -0.181858 0.074688 0.980484 0 0
    30 -24.594258 3.606355 37.224413 0.462396 0.768191 0.442802 0 0
    30 -22.264655 2.768860 41.048221 0.067680 0.979610 0.189164 0 0
  phy
    30 -21.305086 -0.093141 40.714779 -0.843119 0.212805 -0.493826 0 0
    30 -21.305086 2.768851 40.714779 -0.754883 0.189979 0.627742 0 0
    30 -22.264655 2.768860 41.048221 0.067680 0.979610 0.189164 0 0
  phy
    30 -21.305086 2.768851 40.714779 -0.754883 0.189979 0.627742 0 0
    30 -21.305086 -0.093141 40.714779 -0.843119 0.212805 -0.493826 0 0
    30 -20.521805 2.768851 39.953179 -0.752287 -0.409796 0.515879 0 0
  phy
    30 -23.739311 3.200306 33.411647 0.160128 -0.904026 0.396354 0 0
    30 -24.594258 3.606355 37.224413 0.462396 0.768191 0.442802 0 0
    30 -21.127509 3.606354 36.028776 -0.370675 -0.846821 0.381436 0 0
  phy
    30 -20.521807 -0.093140 39.953178 -0.667034 -0.732593 -0.135544 0 0
    30 -21.567202 -2.603519 35.383069 -0.272525 -0.784448 -0.557110 0 0
    30 -21.127509 3.606354 36.028776 -0.370675 -0.846821 0.381436 0 0
  phy
    30 -21.127509 3.606354 36.028776 -0.370675 -0.846821 0.381436 0 0
    30 -20.521805 2.768851 39.953179 -0.752287 -0.409796 0.515879 0 0
    30 -20.521807 -0.093140 39.953178 -0.667034 -0.732593 -0.135544 0 0
  phy
    30 -21.127509 3.606354 36.028776 -0.370675 -0.846821 0.381436 0 0
    30 -21.567202 -2.603519 35.383069 -0.272525 -0.784448 -0.557110 0 0
    30 -23.739311 3.200306 33.411647 0.160128 -0.904026 0.396354 0 0
  phy
    30 -24.867860 3.200306 33.980845 0.932639 0.311661 0.181802 0 0
    30 -23.739311 3.200306 33.411647 0.160128 -0.904026 0.396354 0 0
    30 -23.739311 -1.056006 33.411646 0.584832 -0.794582 -0.163130 0 0
  phy
    30 -23.739311 -1.056006 33.411646 0.584832 -0.794582 -0.163130 0 0
    30 -24.867864 -1.056006 33.980846 0.754654 0.562094 -0.338448 0 0
    30 -24.867860 3.200306 33.980845 0.932639 0.311661 0.181802 0 0
  phy
    30 -24.867860 3.200306 33.980845 0.932639 0.311661 0.181802 0 0
    30 -24.594258 3.606355 37.224413 0.462396 0.768191 0.442802 0 0
    30 -23.739311 3.200306 33.411647 0.160128 -0.904026 0.396354 0 0
  phy
    30 -24.594258 3.606355 37.224413 0.462396 0.768191 0.442802 0 0
    30 -24.867860 3.200306 33.980845 0.932639 0.311661 0.181802 0 0
    30 -24.867864 -1.056006 33.980846 0.754654 0.562094 -0.338448 0 0
  phy
    30 -23.739311 3.200306 33.411647 0.160128 -0.904026 0.396354 0 0
    30 -21.567202 -2.603519 35.383069 -0.272525 -0.784448 -0.557110 0 0
    30 -23.739311 -1.056006 33.411646 0.584832 -0.794582 -0.163130 0 0
  phy
    30 -23.739311 -1.056006 33.411646 0.584832 -0.794582 -0.163130 0 0
    30 -21.567202 -2.603519 35.383069 -0.272525 -0.784448 -0.557110 0 0
    30 -24.867864 -1.056006 33.980846 0.754654 0.562094 -0.338448 0 0
  phy
    30 -21.305086 -0.093141 40.714779 -0.843119 0.212805 -0.493826 0 0
    30 -22.264655 2.768860 41.048221 0.067680 0.979610 0.189164 0 0
    30 -22.264647 -0.093140 41.048218 -0.156129 0.774366 -0.613173 0 0
  phy
    30 -21.305086 -0.093141 40.714779 -0.843119 0.212805 -0.493826 0 0
    30 -20.521807 -0.093140 39.953178 -0.667034 -0.732593 -0.135544 0 0
    30 -20.521805 2.768851 39.953179 -0.752287 -0.409796 0.515879 0 0
  phy
    30 -20.521807 -0.093140 39.953178 -0.667034 -0.732593 -0.135544 0 0
    30 -21.305086 -0.093141 40.714779 -0.843119 0.212805 -0.493826 0 0
    30 -21.567202 -2.603519 35.383069 -0.272525 -0.784448 -0.557110 0 0
  phy
    30 -21.567202 -2.603519 35.383069 -0.272525 -0.784448 -0.557110 0 0
    30 -21.305086 -0.093141 40.714779 -0.843119 0.212805 -0.493826 0 0
    30 -22.264647 -0.093140 41.048218 -0.156129 0.774366 -0.613173 0 0
  phy
    30 -22.860648 -1.373529 38.153950 -0.168377 0.373270 -0.912315 0 0
    30 -24.594261 -1.373528 37.224423 0.361300 0.869459 -0.336902 0 0
    30 -21.567202 -2.603519 35.383069 -0.272525 -0.784448 -0.557110 0 0
  phy
    30 -21.567202 -2.603519 35.383069 -0.272525 -0.784448 -0.557110 0 0
    30 -24.594261 -1.373528 37.224423 0.361300 0.869459 -0.336902 0 0
    30 -24.867864 -1.056006 33.980846 0.754654 0.562094 -0.338448 0 0
  phy
    30 -24.594261 -1.373528 37.224423 0.361300 0.869459 -0.336902 0 0
    30 -22.264655 2.768860 41.048221 0.067680 0.979610 0.189164 0 0
    30 -24.594258 3.606355 37.224413 0.462396 0.768191 0.442802 0 0
  phy
    30 -22.264655 2.768860 41.048221 0.067680 0.979610 0.189164 0 0
    30 -24.594261 -1.373528 37.224423 0.361300 0.869459 -0.336902 0 0
    30 -22.264647 -0.093140 41.048218 -0.156129 0.774366 -0.613173 0 0
  phy
    30 -24.594261 -1.373528 37.224423 0.361300 0.869459 -0.336902 0 0
    30 -22.860648 -1.373529 38.153950 -0.168377 0.373270 -0.912315 0 0
    30 -22.264647 -0.093140 41.048218 -0.156129 0.774366 -0.613173 0 0
  phy
    30 -24.594261 -1.373528 37.224423 0.361300 0.869459 -0.336902 0 0
    30 -24.594258 3.606355 37.224413 0.462396 0.768191 0.442802 0 0
    30 -24.867864 -1.056006 33.980846 0.754654 0.562094 -0.338448 0 0
  phy
    30 -22.860648 -1.373529 38.153950 -0.168377 0.373270 -0.912315 0 0
    30 -21.567202 -2.603519 35.383069 -0.272525 -0.784448 -0.557110 0 0
    30 -22.264647 -0.093140 41.048218 -0.156129 0.774366 -0.613173 0 0
  phy
    1 3.368800 -3.827248 28.675982 0.161490 0.242905 -0.956514 0 0
    1 2.239191 -4.111898 34.310696 -0.071474 0.590238 -0.804059 0 0
    1 3.082873 -1.629715 20.113385 0.692968 0.557251 -0.457456 0 0
  phy
    1 2.239191 -4.111898 34.310696 -0.071474 0.590238 -0.804059 0 0
    1 1.581550 -2.185588 28.383732 0.142810 0.871773 -0.468633 0 0
    1 3.082873 -1.629715 20.113385 0.692968 0.557251 -0.457456 0 0
  phy
    1 2.239191 -4.111898 34.310696 -0.071474 0.590238 -0.804059 0 0
    1 0.636830 -2.302699 34.048678 -0.296315 0.899981 -0.319738 0 0
    1 1.581550 -2.185588 28.383732 0.142810 0.871773 -0.468633 0 0
  phy
    1 2.239191 -4.111898 34.310696 -0.071474 0.590238 -0.804059 0 0
    1 3.368800 -3.827248 28.675982 0.161490 0.242905 -0.956514 0 0
    1 4.219850 -4.111897 34.634573 -0.049882 -0.400066 -0.915128 0 0
  phy
    1 0.636830 -2.302699 34.048678 -0.296315 0.899981 -0.319738 0 0
    1 2.239191 -4.111898 34.310696 -0.071474 0.590238 -0.804059 0 0
    1 5.822227 -2.302699 34.896603 -0.879308 -0.386538 -0.278218 0 0
  phy
    1 5.822227 -2.302699 34.896603 -0.879308 -0.386538 -0.278218 0 0
    1 2.239191 -4.111898 34.310696 -0.071474 0.590238 -0.804059 0 0
    1 4.219850 -4.111897 34.634573 -0.049882 -0.400066 -0.915128 0 0
  phy
    1 5.586070 -3.827247 29.038552 0.094592 -0.446104 -0.889968 0 0
    1 8.162541 -1.629709 20.944018 0.727235 -0.589650 -0.351344 0 0
    1 7.376980 -2.185589 29.331392 -0.052008 -0.916377 -0.396925 0 0
  phy
    1 8.162541 -1.629709 20.944018 0.727235 -0.589650 -0.351344 0 0
    1 5.586070 -3.827247 29.038552 0.094592 -0.446104 -0.889968 0 0
    1 6.592831 -3.023708 20.687336 0.327435 -0.248255 -0.911677 0 0
  phy
    1 5.586070 -3.827247 29.038552 0.094592 -0.446104 -0.889968 0 0
    1 3.368800 -3.827248 28.675982 0.161490 0.242905 -0.956514 0 0
    1 6.592831 -3.023708 20.687336 0.327435 -0.248255 -0.911677 0 0
  phy
    1 3.368800 -3.827248 28.675982 0.161490 0.242905 -0.956514 0 0
    1 5.586070 -3.827247 29.038552 0.094592 -0.446104 -0.889968 0 0
    1 4.219850 -4.111897 34.634573 -0.049882 -0.400066 -0.915128 0 0
  phy
    1 5.586070 -3.827247 29.038552 0.094592 -0.446104 -0.889968 0 0
    1 7.376980 -2.185589 29.331392 -0.052008 -0.916377 -0.396925 0 0
    1 4.219850 -4.111897 34.634573 -0.049882 -0.400066 -0.915128 0 0
  phy
    1 2.483273 0.625800 20.015338 0.234276 0.967415 0.096037 0 0
    1 4.645998 4.646238 20.368992 0.662188 0.361213 0.656531 0 0
    1 3.082873 -1.629715 20.113385 0.692968 0.557251 -0.457456 0 0
  phy
    1 4.645998 4.646238 20.368992 0.662188 0.361213 0.656531 0 0
    1 8.162541 -1.629709 20.944018 0.727235 -0.589650 -0.351344 0 0
    1 3.082873 -1.629715 20.113385 0.692968 0.557251 -0.457456 0 0
  phy
    1 4.645998 4.646238 20.368992 0.662188 0.361213 0.656531 0 0
    1 8.162550 2.881360 20.944021 0.505286 -0.754304 0.419180 0 0
    1 8.162541 -1.629709 20.944018 0.727235 -0.589650 -0.351344 0 0
  phy
    1 4.645998 4.646238 20.368992 0.662188 0.361213 0.656531 0 0
    1 6.592810 4.646238 20.687337 0.178848 -0.346057 0.921009 0 0
    1 8.162550 2.881360 20.944021 0.505286 -0.754304 0.419180 0 0
  phy
    1 8.162550 2.881360 20.944021 0.505286 -0.754304 0.419180 0 0
    1 8.762110 0.625820 21.042061 0.029490 -0.999563 0.001953 0 0
    1 8.162541 -1.629709 20.944018 0.727235 -0.589650 -0.351344 0 0
  phy
    1 3.082873 -1.629715 20.113385 0.692968 0.557251 -0.457456 0 0
    1 6.592831 -3.023708 20.687336 0.327435 -0.248255 -0.911677 0 0
    1 4.652563 -3.023708 20.370062 0.259684 0.343353 -0.902593 0 0
  phy
    1 3.082873 -1.629715 20.113385 0.692968 0.557251 -0.457456 0 0
    1 8.162541 -1.629709 20.944018 0.727235 -0.589650 -0.351344 0 0
    1 6.592831 -3.023708 20.687336 0.327435 -0.248255 -0.911677 0 0
  phy
    1 8.162541 -1.629709 20.944018 0.727235 -0.589650 -0.351344 0 0
    1 8.762110 0.625820 21.042061 0.029490 -0.999563 0.001953 0 0
    1 7.376980 -2.185589 29.331392 -0.052008 -0.916377 -0.396925 0 0
  phy
    1 6.592810 4.646238 20.687337 0.178848 -0.346057 0.921009 0 0
    1 7.376950 4.693909 29.331402 0.013071 -0.872884 0.487753 0 0
    1 8.162550 2.881360 20.944021 0.505286 -0.754304 0.419180 0 0
  phy
    1 7.376950 4.693909 29.331402 0.013071 -0.872884 0.487753 0 0
    1 8.762110 0.625820 21.042061 0.029490 -0.999563 0.001953 0 0
    1 8.162550 2.881360 20.944021 0.505286 -0.754304 0.419180 0 0
  phy
    1 5.586070 6.607578 29.038552 0.067512 -0.674107 0.735541 0 0
    1 7.376950 4.693909 29.331402 0.013071 -0.872884 0.487753 0 0
    1 6.592810 4.646238 20.687337 0.178848 -0.346057 0.921009 0 0
  phy
    1 6.592810 4.646238 20.687337 0.178848 -0.346057 0.921009 0 0
    1 4.219840 8.118357 34.634573 -0.283204 -0.364074 0.887269 0 0
    1 5.586070 6.607578 29.038552 0.067512 -0.674107 0.735541 0 0
  phy
    1 5.586070 6.607578 29.038552 0.067512 -0.674107 0.735541 0 0
    1 4.219840 8.118357 34.634573 -0.283204 -0.364074 0.887269 0 0
    1 7.376950 4.693909 29.331402 0.013071 -0.872884 0.487753 0 0
  phy
    1 2.239191 8.118359 34.310698 -0.557280 0.306341 0.771748 0 0
    1 4.645998 4.646238 20.368992 0.662188 0.361213 0.656531 0 0
    1 0.636810 6.309158 34.048674 0.096010 0.907336 0.409297 0 0
  phy
    1 0.636810 6.309158 34.048674 0.096010 0.907336 0.409297 0 0
    1 4.645998 4.646238 20.368992 0.662188 0.361213 0.656531 0 0
    1 3.082872 2.881358 20.113386 0.207041 0.848589 0.486858 0 0
  phy
    1 2.483273 0.625800 20.015338 0.234276 0.967415 0.096037 0 0
    1 3.082872 2.881358 20.113386 0.207041 0.848589 0.486858 0 0
    1 4.645998 4.646238 20.368992 0.662188 0.361213 0.656531 0 0
  phy
    1 4.645998 4.646238 20.368992 0.662188 0.361213 0.656531 0 0
    1 2.239191 8.118359 34.310698 -0.557280 0.306341 0.771748 0 0
    1 6.592810 4.646238 20.687337 0.178848 -0.346057 0.921009 0 0
  phy
    1 1.899730 0.093111 23.664562 0.109759 0.978591 -0.174104 0 0
    1 0.897471 1.762400 28.271872 0.094372 0.990877 0.096214 0 0
    1 2.483273 0.625800 20.015338 0.234276 0.967415 0.096037 0 0
  phy
    1 0.897471 1.762400 28.271872 0.094372 0.990877 0.096214 0 0
    1 1.899730 0.093111 23.664562 0.109759 0.978591 -0.174104 0 0
    1 0.024761 0.624640 33.948591 -0.696372 0.712755 -0.083939 0 0
  phy
    1 0.897471 1.762400 28.271872 0.094372 0.990877 0.096214 0 0
    1 0.636810 6.309158 34.048674 0.096010 0.907336 0.409297 0 0
    1 2.483273 0.625800 20.015338 0.234276 0.967415 0.096037 0 0
  phy
    1 0.636810 6.309158 34.048674 0.096010 0.907336 0.409297 0 0
    1 0.897471 1.762400 28.271872 0.094372 0.990877 0.096214 0 0
    1 0.024761 0.624640 33.948591 -0.696372 0.712755 -0.083939 0 0
  phy
    1 0.636830 -2.302699 34.048678 -0.296315 0.899981 -0.319738 0 0
    1 1.899730 0.093111 23.664562 0.109759 0.978591 -0.174104 0 0
    1 1.581550 -2.185588 28.383732 0.142810 0.871773 -0.468633 0 0
  phy
    1 1.899730 0.093111 23.664562 0.109759 0.978591 -0.174104 0 0
    1 0.636830 -2.302699 34.048678 -0.296315 0.899981 -0.319738 0 0
    1 0.024761 0.624640 33.948591 -0.696372 0.712755 -0.083939 0 0
  phy
    1 1.899730 0.093111 23.664562 0.109759 0.978591 -0.174104 0 0
    1 2.483273 0.625800 20.015338 0.234276 0.967415 0.096037 0 0
    1 1.581550 -2.185588 28.383732 0.142810 0.871773 -0.468633 0 0
  phy
    1 0.636830 -2.302699 34.048678 -0.296315 0.899981 -0.319738 0 0
    1 5.822227 -2.302699 34.896603 -0.879308 -0.386538 -0.278218 0 0
    1 0.024761 0.624640 33.948591 -0.696372 0.712755 -0.083939 0 0
  phy
    1 8.061011 1.762390 29.443253 -0.112315 -0.993470 0.020072 0 0
    1 6.434260 0.624640 34.996683 -0.853585 -0.513361 -0.088619 0 0
    1 7.376980 -2.185589 29.331392 -0.052008 -0.916377 -0.396925 0 0
  phy
    1 7.376980 -2.185589 29.331392 -0.052008 -0.916377 -0.396925 0 0
    1 6.434260 0.624640 34.996683 -0.853585 -0.513361 -0.088619 0 0
    1 5.822227 -2.302699 34.896603 -0.879308 -0.386538 -0.278218 0 0
  phy
    1 5.822227 -2.302699 34.896603 -0.879308 -0.386538 -0.278218 0 0
    1 4.219850 -4.111897 34.634573 -0.049882 -0.400066 -0.915128 0 0
    1 7.376980 -2.185589 29.331392 -0.052008 -0.916377 -0.396925 0 0
  phy
    1 7.376980 -2.185589 29.331392 -0.052008 -0.916377 -0.396925 0 0
    1 8.762110 0.625820 21.042061 0.029490 -0.999563 0.001953 0 0
    1 8.061011 1.762390 29.443253 -0.112315 -0.993470 0.020072 0 0
  phy
    1 7.376950 4.693909 29.331402 0.013071 -0.872884 0.487753 0 0
    1 5.822210 6.309158 34.896594 -0.290872 -0.924166 0.247609 0 0
    1 8.061011 1.762390 29.443253 -0.112315 -0.993470 0.020072 0 0
  phy
    1 8.061011 1.762390 29.443253 -0.112315 -0.993470 0.020072 0 0
    1 5.822210 6.309158 34.896594 -0.290872 -0.924166 0.247609 0 0
    1 6.434260 0.624640 34.996683 -0.853585 -0.513361 -0.088619 0 0
  phy
    1 8.061011 1.762390 29.443253 -0.112315 -0.993470 0.020072 0 0
    1 8.762110 0.625820 21.042061 0.029490 -0.999563 0.001953 0 0
    1 7.376950 4.693909 29.331402 0.013071 -0.872884 0.487753 0 0
  phy
    1 3.368800 -3.827248 28.675982 0.161490 0.242905 -0.956514 0 0
    1 4.652563 -3.023708 20.370062 0.259684 0.343353 -0.902593 0 0
    1 6.592831 -3.023708 20.687336 0.327435 -0.248255 -0.911677 0 0
  phy
    1 4.652563 -3.023708 20.370062 0.259684 0.343353 -0.902593 0 0
    1 3.368800 -3.827248 28.675982 0.161490 0.242905 -0.956514 0 0
    1 3.082873 -1.629715 20.113385 0.692968 0.557251 -0.457456 0 0
  phy
    1 6.592810 4.646238 20.687337 0.178848 -0.346057 0.921009 0 0
    1 2.239191 8.118359 34.310698 -0.557280 0.306341 0.771748 0 0
    1 4.219840 8.118357 34.634573 -0.283204 -0.364074 0.887269 0 0
  phy
    1 4.219840 8.118357 34.634573 -0.283204 -0.364074 0.887269 0 0
    1 5.822210 6.309158 34.896594 -0.290872 -0.924166 0.247609 0 0
    1 7.376950 4.693909 29.331402 0.013071 -0.872884 0.487753 0 0
  phy
    1 2.483273 0.625800 20.015338 0.234276 0.967415 0.096037 0 0
    1 0.636810 6.309158 34.048674 0.096010 0.907336 0.409297 0 0
    1 3.082872 2.881358 20.113386 0.207041 0.848589 0.486858 0 0
  phy
    1 2.239191 8.118359 34.310698 -0.557280 0.306341 0.771748 0 0
    1 0.636810 6.309158 34.048674 0.096010 0.907336 0.409297 0 0
    1 0.024761 0.624640 33.948591 -0.696372 0.712755 -0.083939 0 0
  phy
    1 1.581550 -2.185588 28.383732 0.142810 0.871773 -0.468633 0 0
    1 2.483273 0.625800 20.015338 0.234276 0.967415 0.096037 0 0
    1 3.082873 -1.629715 20.113385 0.692968 0.557251 -0.457456 0 0
  phy
    1 5.822227 -2.302699 34.896603 -0.879308 -0.386538 -0.278218 0 0
    1 6.434260 0.624640 34.996683 -0.853585 -0.513361 -0.088619 0 0
    1 0.024761 0.624640 33.948591 -0.696372 0.712755 -0.083939 0 0
  phy
    1 6.434260 0.624640 34.996683 -0.853585 -0.513361 -0.088619 0 0
    1 4.219840 8.118357 34.634573 -0.283204 -0.364074 0.887269 0 0
    1 2.239191 8.118359 34.310698 -0.557280 0.306341 0.771748 0 0
  phy
    1 4.219840 8.118357 34.634573 -0.283204 -0.364074 0.887269 0 0
    1 6.434260 0.624640 34.996683 -0.853585 -0.513361 -0.088619 0 0
    1 5.822210 6.309158 34.896594 -0.290872 -0.924166 0.247609 0 0
  phy
    1 6.434260 0.624640 34.996683 -0.853585 -0.513361 -0.088619 0 0
    1 2.239191 8.118359 34.310698 -0.557280 0.306341 0.771748 0 0
    1 0.024761 0.624640 33.948591 -0.696372 0.712755 -0.083939 0 0
  phy
    2 9.620259 5.462358 11.458146 0.020850 -0.885899 0.463409 0 0
    2 10.143367 2.553620 11.543677 0.020727 -0.999725 0.010926 0 0
    2 9.815598 5.207548 5.153938 0.181485 -0.962428 0.201979 0 0
  phy
    2 9.815598 5.207548 5.153938 0.181485 -0.962428 0.201979 0 0
    2 10.143367 2.553620 11.543677 0.020727 -0.999725 0.010926 0 0
    2 10.107148 2.622550 5.201595 0.504150 -0.826437 -0.250669 0 0
  phy
    2 9.052328 6.008699 5.029110 0.507930 -0.515057 0.690452 0 0
    2 9.620259 5.462358 11.458146 0.020850 -0.885899 0.463409 0 0
    2 9.815598 5.207548 5.153938 0.181485 -0.962428 0.201979 0 0
  phy
    2 9.815598 5.207548 5.153938 0.181485 -0.962428 0.201979 0 0
    2 10.107148 2.622550 5.201595 0.504150 -0.826437 -0.250669 0 0
    2 9.052328 6.008699 5.029110 0.507930 -0.515057 0.690452 0 0
  phy
    2 3.280690 -1.543888 19.740817 -0.192111 0.809768 -0.554409 0 0
    2 4.811019 -2.884838 19.991057 -0.224898 0.360541 -0.905224 0 0
    2 6.702618 -2.884838 20.300373 -0.737479 -0.174546 -0.652425 0 0
  phy
    2 3.280690 -1.543888 19.740817 -0.192111 0.809768 -0.554409 0 0
    2 6.702618 -2.884838 20.300373 -0.737479 -0.174546 -0.652425 0 0
    2 2.696149 0.625807 19.645233 -0.431833 0.894680 0.114312 0 0
  phy
    2 5.188320 -1.007299 10.733427 0.113212 0.917005 -0.382473 0 0
    2 3.280690 -1.543888 19.740817 -0.192111 0.809768 -0.554409 0 0
    2 2.696149 0.625807 19.645233 -0.431833 0.894680 0.114312 0 0
  phy
    2 3.280690 -1.543888 19.740817 -0.192111 0.809768 -0.554409 0 0
    2 5.188320 -1.007299 10.733427 0.113212 0.917005 -0.382473 0 0
    2 6.557879 -2.353018 10.957377 -0.085733 0.370296 -0.924949 0 0
  phy
    2 4.811019 -2.884838 19.991057 -0.224898 0.360541 -0.905224 0 0
    2 3.280690 -1.543888 19.740817 -0.192111 0.809768 -0.554409 0 0
    2 6.557879 -2.353018 10.957377 -0.085733 0.370296 -0.924949 0 0
  phy
    2 10.107148 2.622550 5.201595 0.504150 -0.826437 -0.250669 0 0
    2 7.751099 6.008699 4.816326 0.741456 0.283180 0.608319 0 0
    2 9.052328 6.008699 5.029110 0.507930 -0.515057 0.690452 0 0
  phy
    2 8.250699 6.808068 11.234196 0.129160 -0.262007 0.956384 0 0
    2 9.620259 5.462358 11.458146 0.020850 -0.885899 0.463409 0 0
    2 9.052328 6.008699 5.029110 0.507930 -0.515057 0.690452 0 0
  phy
    2 9.052328 6.008699 5.029110 0.507930 -0.515057 0.690452 0 0
    2 7.751099 6.008699 4.816326 0.741456 0.283180 0.608319 0 0
    2 8.250699 6.808068 11.234196 0.129160 -0.262007 0.956384 0 0
  phy
    2 6.987819 5.207549 4.691536 0.305953 0.936897 0.169163 0 0
    2 5.188320 5.462358 10.733427 0.161250 0.890014 0.426467 0 0
    2 7.751099 6.008699 4.816326 0.741456 0.283180 0.608319 0 0
  phy
    2 5.188320 5.462358 10.733427 0.161250 0.890014 0.426467 0 0
    2 6.557859 6.808068 10.957377 0.186221 0.401104 0.896904 0 0
    2 7.751099 6.008699 4.816326 0.741456 0.283180 0.608319 0 0
  phy
    2 3.280690 2.795519 19.740818 0.030728 0.873544 0.485774 0 0
    2 5.188320 5.462358 10.733427 0.161250 0.890014 0.426467 0 0
    2 2.696149 0.625807 19.645233 -0.431833 0.894680 0.114312 0 0
  phy
    2 5.188320 5.462358 10.733427 0.161250 0.890014 0.426467 0 0
    2 4.665190 2.553620 10.647887 0.170114 0.985007 -0.028690 0 0
    2 2.696149 0.625807 19.645233 -0.431833 0.894680 0.114312 0 0
  phy
    2 5.188320 5.462358 10.733427 0.161250 0.890014 0.426467 0 0
    2 3.280690 2.795519 19.740818 0.030728 0.873544 0.485774 0 0
    2 4.811009 4.507359 19.991058 -0.086793 0.419140 0.903763 0 0
  phy
    2 4.811009 4.507359 19.991058 -0.086793 0.419140 0.903763 0 0
    2 6.557859 6.808068 10.957377 0.186221 0.401104 0.896904 0 0
    2 5.188320 5.462358 10.733427 0.161250 0.890014 0.426467 0 0
  phy
    2 5.188320 5.462358 10.733427 0.161250 0.890014 0.426467 0 0
    2 6.987819 5.207549 4.691536 0.305953 0.936897 0.169163 0 0
    2 4.665190 2.553620 10.647887 0.170114 0.985007 -0.028690 0 0
  phy
    2 5.188320 -1.007299 10.733427 0.113212 0.917005 -0.382473 0 0
    2 4.665190 2.553620 10.647887 0.170114 0.985007 -0.028690 0 0
    2 6.696279 2.622550 4.643846 0.531368 0.804185 -0.266334 0 0
  phy
    2 5.188320 -1.007299 10.733427 0.113212 0.917005 -0.382473 0 0
    2 6.696279 2.622550 4.643846 0.531368 0.804185 -0.266334 0 0
    2 7.751089 -0.275099 4.816336 0.396178 0.471008 -0.788159 0 0
  phy
    2 6.557879 -2.353018 10.957377 -0.085733 0.370296 -0.924949 0 0
    2 5.188320 -1.007299 10.733427 0.113212 0.917005 -0.382473 0 0
    2 7.751089 -0.275099 4.816336 0.396178 0.471008 -0.788159 0 0
  phy
    2 4.665190 2.553620 10.647887 0.170114 0.985007 -0.028690 0 0
    2 5.188320 -1.007299 10.733427 0.113212 0.917005 -0.382473 0 0
    2 2.696149 0.625807 19.645233 -0.431833 0.894680 0.114312 0 0
  phy
    2 4.665190 2.553620 10.647887 0.170114 0.985007 -0.028690 0 0
    2 6.987819 5.207549 4.691536 0.305953 0.936897 0.169163 0 0
    2 6.696279 2.622550 4.643846 0.531368 0.804185 -0.266334 0 0
  phy
    2 6.987819 5.207549 4.691536 0.305953 0.936897 0.169163 0 0
    2 7.751099 6.008699 4.816326 0.741456 0.283180 0.608319 0 0
    2 6.696279 2.622550 4.643846 0.531368 0.804185 -0.266334 0 0
  phy
    2 8.232949 2.795520 20.550616 -0.114767 -0.845357 0.521727 0 0
    2 8.817487 0.625810 20.646199 -0.497061 -0.857676 0.131615 0 0
    2 9.620259 5.462358 11.458146 0.020850 -0.885899 0.463409 0 0
  phy
    2 9.620259 5.462358 11.458146 0.020850 -0.885899 0.463409 0 0
    2 6.702616 4.507358 20.300375 -0.493022 -0.357154 0.793329 0 0
    2 8.232949 2.795520 20.550616 -0.114767 -0.845357 0.521727 0 0
  phy
    2 8.817487 0.625810 20.646199 -0.497061 -0.857676 0.131615 0 0
    2 8.232949 2.795520 20.550616 -0.114767 -0.845357 0.521727 0 0
    2 6.702616 4.507358 20.300375 -0.493022 -0.357154 0.793329 0 0
  phy
    2 8.250699 6.808068 11.234196 0.129160 -0.262007 0.956384 0 0
    2 7.751099 6.008699 4.816326 0.741456 0.283180 0.608319 0 0
    2 6.557859 6.808068 10.957377 0.186221 0.401104 0.896904 0 0
  phy
    2 8.250699 6.808068 11.234196 0.129160 -0.262007 0.956384 0 0
    2 6.557859 6.808068 10.957377 0.186221 0.401104 0.896904 0 0
    2 4.811009 4.507359 19.991058 -0.086793 0.419140 0.903763 0 0
  phy
    2 4.811009 4.507359 19.991058 -0.086793 0.419140 0.903763 0 0
    2 6.702616 4.507358 20.300375 -0.493022 -0.357154 0.793329 0 0
    2 8.250699 6.808068 11.234196 0.129160 -0.262007 0.956384 0 0
  phy
    2 8.250699 6.808068 11.234196 0.129160 -0.262007 0.956384 0 0
    2 6.702616 4.507358 20.300375 -0.493022 -0.357154 0.793329 0 0
    2 9.620259 5.462358 11.458146 0.020850 -0.885899 0.463409 0 0
  phy
    2 4.811009 4.507359 19.991058 -0.086793 0.419140 0.903763 0 0
    2 3.280690 2.795519 19.740818 0.030728 0.873544 0.485774 0 0
    2 2.696149 0.625807 19.645233 -0.431833 0.894680 0.114312 0 0
  phy
    2 8.250719 -2.353018 11.234187 -0.110247 -0.430114 -0.896018 0 0
    2 9.052329 -0.275099 5.029116 0.175558 -0.712865 -0.678971 0 0
    2 9.620278 -1.007298 11.458137 -0.028558 -0.937897 -0.345736 0 0
  phy
    2 9.052329 -0.275099 5.029116 0.175558 -0.712865 -0.678971 0 0
    2 8.250719 -2.353018 11.234187 -0.110247 -0.430114 -0.896018 0 0
    2 7.751089 -0.275099 4.816336 0.396178 0.471008 -0.788159 0 0
  phy
    2 10.107148 2.622550 5.201595 0.504150 -0.826437 -0.250669 0 0
    2 9.620278 -1.007298 11.458137 -0.028558 -0.937897 -0.345736 0 0
    2 9.052329 -0.275099 5.029116 0.175558 -0.712865 -0.678971 0 0
  phy
    2 9.052329 -0.275099 5.029116 0.175558 -0.712865 -0.678971 0 0
    2 7.751089 -0.275099 4.816336 0.396178 0.471008 -0.788159 0 0
    2 10.107148 2.622550 5.201595 0.504150 -0.826437 -0.250669 0 0
  phy
    2 8.250719 -2.353018 11.234187 -0.110247 -0.430114 -0.896018 0 0
    2 9.620278 -1.007298 11.458137 -0.028558 -0.937897 -0.345736 0 0
    2 8.232949 -1.543888 20.550614 -0.212200 -0.806331 -0.552088 0 0
  phy
    2 8.250719 -2.353018 11.234187 -0.110247 -0.430114 -0.896018 0 0
    2 8.232949 -1.543888 20.550614 -0.212200 -0.806331 -0.552088 0 0
    2 6.702618 -2.884838 20.300373 -0.737479 -0.174546 -0.652425 0 0
  phy
    2 9.620278 -1.007298 11.458137 -0.028558 -0.937897 -0.345736 0 0
    2 8.817487 0.625810 20.646199 -0.497061 -0.857676 0.131615 0 0
    2 8.232949 -1.543888 20.550614 -0.212200 -0.806331 -0.552088 0 0
  phy
    2 8.232949 -1.543888 20.550614 -0.212200 -0.806331 -0.552088 0 0
    2 8.817487 0.625810 20.646199 -0.497061 -0.857676 0.131615 0 0
    2 6.702618 -2.884838 20.300373 -0.737479 -0.174546 -0.652425 0 0
  phy
    2 6.557879 -2.353018 10.957377 -0.085733 0.370296 -0.924949 0 0
    2 8.250719 -2.353018 11.234187 -0.110247 -0.430114 -0.896018 0 0
    2 6.702618 -2.884838 20.300373 -0.737479 -0.174546 -0.652425 0 0
  phy
    2 8.250719 -2.353018 11.234187 -0.110247 -0.430114 -0.896018 0 0
    2 6.557879 -2.353018 10.957377 -0.085733 0.370296 -0.924949 0 0
    2 7.751089 -0.275099 4.816336 0.396178 0.471008 -0.788159 0 0
  phy
    2 4.811019 -2.884838 19.991057 -0.224898 0.360541 -0.905224 0 0
    2 6.557879 -2.353018 10.957377 -0.085733 0.370296 -0.924949 0 0
    2 6.702618 -2.884838 20.300373 -0.737479 -0.174546 -0.652425 0 0
  phy
    2 8.817487 0.625810 20.646199 -0.497061 -0.857676 0.131615 0 0
    2 10.143367 2.553620 11.543677 0.020727 -0.999725 0.010926 0 0
    2 9.620259 5.462358 11.458146 0.020850 -0.885899 0.463409 0 0
  phy
    2 6.702616 4.507358 20.300375 -0.493022 -0.357154 0.793329 0 0
    2 4.811009 4.507359 19.991058 -0.086793 0.419140 0.903763 0 0
    2 2.696149 0.625807 19.645233 -0.431833 0.894680 0.114312 0 0
  phy
    2 10.107148 2.622550 5.201595 0.504150 -0.826437 -0.250669 0 0
    2 10.143367 2.553620 11.543677 0.020727 -0.999725 0.010926 0 0
    2 9.620278 -1.007298 11.458137 -0.028558 -0.937897 -0.345736 0 0
  phy
    2 10.107148 2.622550 5.201595 0.504150 -0.826437 -0.250669 0 0
    2 7.751089 -0.275099 4.816336 0.396178 0.471008 -0.788159 0 0
    2 6.696279 2.622550 4.643846 0.531368 0.804185 -0.266334 0 0
  phy
    2 6.696279 2.622550 4.643846 0.531368 0.804185 -0.266334 0 0
    2 7.751099 6.008699 4.816326 0.741456 0.283180 0.608319 0 0
    2 10.107148 2.622550 5.201595 0.504150 -0.826437 -0.250669 0 0
  phy
    2 9.620278 -1.007298 11.458137 -0.028558 -0.937897 -0.345736 0 0
    2 10.143367 2.553620 11.543677 0.020727 -0.999725 0.010926 0 0
    2 8.817487 0.625810 20.646199 -0.497061 -0.857676 0.131615 0 0
  phy
    2 6.702618 -2.884838 20.300373 -0.737479 -0.174546 -0.652425 0 0
    2 8.817487 0.625810 20.646199 -0.497061 -0.857676 0.131615 0 0
    2 2.696149 0.625807 19.645233 -0.431833 0.894680 0.114312 0 0
  phy
    2 2.696149 0.625807 19.645233 -0.431833 0.894680 0.114312 0 0
    2 8.817487 0.625810 20.646199 -0.497061 -0.857676 0.131615 0 0
    2 6.702616 4.507358 20.300375 -0.493022 -0.357154 0.793329 0 0
  phy
    3 10.138088 -0.974975 4.258956 -0.151341 -0.626523 -0.764569 0 0
    3 6.700489 -0.974978 4.258946 -0.182217 -0.426377 -0.886002 0 0
    3 11.272558 -5.734649 2.623633 0.310807 -0.934295 -0.174618 0 0
  phy
    3 6.700489 -0.974978 4.258946 -0.182217 -0.426377 -0.886002 0 0
    3 6.281719 -5.734545 2.623655 -0.100692 0.654548 -0.749285 0 0
    3 11.272558 -5.734649 2.623633 0.310807 -0.934295 -0.174618 0 0
  phy
    3 6.700489 -0.974978 4.258946 -0.182217 -0.426377 -0.886002 0 0
    3 10.138088 -0.974975 4.258956 -0.151341 -0.626523 -0.764569 0 0
    3 10.138089 6.076179 5.069126 -0.243939 -0.922418 -0.299397 0 0
  phy
    3 6.700489 -0.974978 4.258946 -0.182217 -0.426377 -0.886002 0 0
    3 10.138089 6.076179 5.069126 -0.243939 -0.922418 -0.299397 0 0
    3 6.700489 6.076179 5.069116 -0.718692 0.409377 -0.562043 0 0
  phy
    3 6.281719 -5.734545 2.623655 -0.100692 0.654548 -0.749285 0 0
    3 6.700489 -0.974978 4.258946 -0.182217 -0.426377 -0.886002 0 0
    3 6.700489 6.076179 5.069116 -0.718692 0.409377 -0.562043 0 0
  phy
    3 10.138088 -0.974975 4.258956 -0.151341 -0.626523 -0.764569 0 0
    3 11.272558 -5.734649 2.623633 0.310807 -0.934295 -0.174618 0 0
    3 10.138089 6.076179 5.069126 -0.243939 -0.922418 -0.299397 0 0
  phy
    3 10.138089 6.076179 5.069126 -0.243939 -0.922418 -0.299397 0 0
    3 11.158738 6.481599 1.269606 -0.223423 -0.791290 0.569159 0 0
    3 6.700489 6.076179 5.069116 -0.718692 0.409377 -0.562043 0 0
  phy
    3 11.158738 6.481599 1.269606 -0.223423 -0.791290 0.569159 0 0
    3 6.395518 6.481599 1.269588 -0.442146 0.842202 -0.308551 0 0
    3 6.700489 6.076179 5.069116 -0.718692 0.409377 -0.562043 0 0
  phy
    3 11.158738 6.481599 1.269606 -0.223423 -0.791290 0.569159 0 0
    3 6.656368 5.673631 0.038277 0.122835 0.681219 0.721701 0 0
    3 6.395518 6.481599 1.269588 -0.442146 0.842202 -0.308551 0 0
  phy
    3 11.158738 6.481599 1.269606 -0.223423 -0.791290 0.569159 0 0
    3 10.897888 5.673620 0.038276 0.339844 0.395356 0.853346 0 0
    3 6.656368 5.673631 0.038277 0.122835 0.681219 0.721701 0 0
  phy
    3 10.138089 6.076179 5.069126 -0.243939 -0.922418 -0.299397 0 0
    3 11.272558 -5.734649 2.623633 0.310807 -0.934295 -0.174618 0 0
    3 11.158738 6.481599 1.269606 -0.223423 -0.791290 0.569159 0 0
  phy
    3 11.272558 -5.734649 2.623633 0.310807 -0.934295 -0.174618 0 0
    3 11.149308 -5.125659 0.038294 0.559358 -0.108343 0.821816 0 0
    3 11.158738 6.481599 1.269606 -0.223423 -0.791290 0.569159 0 0
  phy
    3 11.158738 6.481599 1.269606 -0.223423 -0.791290 0.569159 0 0
    3 11.149308 -5.125659 0.038294 0.559358 -0.108343 0.821816 0 0
    3 10.897888 5.673620 0.038276 0.339844 0.395356 0.853346 0 0
  phy
    3 6.281719 -5.734545 2.623655 -0.100692 0.654548 -0.749285 0 0
    3 6.395518 6.481599 1.269588 -0.442146 0.842202 -0.308551 0 0
    3 6.404978 -5.125655 0.038286 0.438060 0.780529 0.445958 0 0
  phy
    3 6.395518 6.481599 1.269588 -0.442146 0.842202 -0.308551 0 0
    3 6.281719 -5.734545 2.623655 -0.100692 0.654548 -0.749285 0 0
    3 6.700489 6.076179 5.069116 -0.718692 0.409377 -0.562043 0 0
  phy
    3 6.281719 -5.734545 2.623655 -0.100692 0.654548 -0.749285 0 0
    3 6.404978 -5.125655 0.038286 0.438060 0.780529 0.445958 0 0
    3 11.272558 -5.734649 2.623633 0.310807 -0.934295 -0.174618 0 0
  phy
    3 6.395518 6.481599 1.269588 -0.442146 0.842202 -0.308551 0 0
    3 6.656368 5.673631 0.038277 0.122835 0.681219 0.721701 0 0
    3 6.404978 -5.125655 0.038286 0.438060 0.780529 0.445958 0 0
  phy
    3 6.404978 -5.125655 0.038286 0.438060 0.780529 0.445958 0 0
    3 11.149308 -5.125659 0.038294 0.559358 -0.108343 0.821816 0 0
    3 11.272558 -5.734649 2.623633 0.310807 -0.934295 -0.174618 0 0
  phy
    3 10.897888 5.673620 0.038276 0.339844 0.395356 0.853346 0 0
    3 6.404978 -5.125655 0.038286 0.438060 0.780529 0.445958 0 0
    3 6.656368 5.673631 0.038277 0.122835 0.681219 0.721701 0 0
  phy
    3 10.897888 5.673620 0.038276 0.339844 0.395356 0.853346 0 0
    3 11.149308 -5.125659 0.038294 0.559358 -0.108343 0.821816 0 0
    3 6.404978 -5.125655 0.038286 0.438060 0.780529 0.445958 0 0
  phy
    43 -11.474219 -6.977444 2.623670 0.228282 0.973590 -0.003241 0 0
    43 -6.533909 -6.977466 2.623667 0.019467 -0.524413 -0.851241 0 0
    43 -10.339720 -2.217832 4.258976 -0.117726 0.582043 -0.804591 0 0
  phy
    43 -10.339720 -2.217832 4.258976 -0.117726 0.582043 -0.804591 0 0
    43 -6.533909 -6.977466 2.623667 0.019467 -0.524413 -0.851241 0 0
    43 -6.952680 -2.217887 4.258960 -0.229732 0.402541 -0.886106 0 0
  phy
    43 -10.339720 -2.217832 4.258976 -0.117726 0.582043 -0.804591 0 0
    43 -6.952680 -2.217887 4.258960 -0.229732 0.402541 -0.886106 0 0
    43 -10.339731 4.833280 5.069142 -0.241410 0.924352 -0.295456 0 0
  phy
    43 -10.339731 4.833280 5.069142 -0.241410 0.924352 -0.295456 0 0
    43 -6.952680 -2.217887 4.258960 -0.229732 0.402541 -0.886106 0 0
    43 -6.952690 4.833270 5.069131 -0.715619 -0.414265 -0.562382 0 0
  phy
    43 -10.339720 -2.217832 4.258976 -0.117726 0.582043 -0.804591 0 0
    43 -10.339731 4.833280 5.069142 -0.241410 0.924352 -0.295456 0 0
    43 -11.474219 -6.977444 2.623670 0.228282 0.973590 -0.003241 0 0
  phy
    43 -11.474219 -6.977444 2.623670 0.228282 0.973590 -0.003241 0 0
    43 -10.339731 4.833280 5.069142 -0.241410 0.924352 -0.295456 0 0
    43 -11.360393 5.238712 1.269630 -0.188763 0.826612 0.530171 0 0
  phy
    43 -11.360393 5.238712 1.269630 -0.188763 0.826612 0.530171 0 0
    43 -10.339731 4.833280 5.069142 -0.241410 0.924352 -0.295456 0 0
    43 -6.952690 4.833270 5.069131 -0.715619 -0.414265 -0.562382 0 0
  phy
    43 -6.952680 -2.217887 4.258960 -0.229732 0.402541 -0.886106 0 0
    43 -6.533909 -6.977466 2.623667 0.019467 -0.524413 -0.851241 0 0
    43 -6.952690 4.833270 5.069131 -0.715619 -0.414265 -0.562382 0 0
  phy
    43 -11.474219 -6.977444 2.623670 0.228282 0.973590 -0.003241 0 0
    43 -11.360393 5.238712 1.269630 -0.188763 0.826612 0.530171 0 0
    43 -11.350969 -6.368564 0.038299 0.598048 -0.138284 0.789440 0 0
  phy
    43 -11.474219 -6.977444 2.623670 0.228282 0.973590 -0.003241 0 0
    43 -11.350969 -6.368564 0.038299 0.598048 -0.138284 0.789440 0 0
    43 -6.533909 -6.977466 2.623667 0.019467 -0.524413 -0.851241 0 0
  phy
    43 -6.908557 4.430727 0.038290 0.284640 -0.615442 0.734990 0 0
    43 -11.099528 4.430721 0.038290 0.220750 -0.289525 0.931367 0 0
    43 -6.647708 5.238700 1.269600 -0.468632 -0.846114 -0.253918 0 0
  phy
    43 -11.099528 4.430721 0.038290 0.220750 -0.289525 0.931367 0 0
    43 -11.360393 5.238712 1.269630 -0.188763 0.826612 0.530171 0 0
    43 -6.647708 5.238700 1.269600 -0.468632 -0.846114 -0.253918 0 0
  phy
    43 -11.360393 5.238712 1.269630 -0.188763 0.826612 0.530171 0 0
    43 -11.099528 4.430721 0.038290 0.220750 -0.289525 0.931367 0 0
    43 -11.350969 -6.368564 0.038299 0.598048 -0.138284 0.789440 0 0
  phy
    43 -6.908557 4.430727 0.038290 0.284640 -0.615442 0.734990 0 0
    43 -11.350969 -6.368564 0.038299 0.598048 -0.138284 0.789440 0 0
    43 -11.099528 4.430721 0.038290 0.220750 -0.289525 0.931367 0 0
  phy
    43 -6.533909 -6.977466 2.623667 0.019467 -0.524413 -0.851241 0 0
    43 -6.657168 -6.368563 0.038299 0.301058 -0.914561 0.270079 0 0
    43 -6.647708 5.238700 1.269600 -0.468632 -0.846114 -0.253918 0 0
  phy
    43 -6.647708 5.238700 1.269600 -0.468632 -0.846114 -0.253918 0 0
    43 -6.657168 -6.368563 0.038299 0.301058 -0.914561 0.270079 0 0
    43 -6.908557 4.430727 0.038290 0.284640 -0.615442 0.734990 0 0
  phy
    43 -6.647708 5.238700 1.269600 -0.468632 -0.846114 -0.253918 0 0
    43 -6.952690 4.833270 5.069131 -0.715619 -0.414265 -0.562382 0 0
    43 -6.533909 -6.977466 2.623667 0.019467 -0.524413 -0.851241 0 0
  phy
    43 -6.647708 5.238700 1.269600 -0.468632 -0.846114 -0.253918 0 0
    43 -11.360393 5.238712 1.269630 -0.188763 0.826612 0.530171 0 0
    43 -6.952690 4.833270 5.069131 -0.715619 -0.414265 -0.562382 0 0
  phy
    43 -6.533909 -6.977466 2.623667 0.019467 -0.524413 -0.851241 0 0
    43 -11.350969 -6.368564 0.038299 0.598048 -0.138284 0.789440 0 0
    43 -6.657168 -6.368563 0.038299 0.301058 -0.914561 0.270079 0 0
  phy
    43 -6.657168 -6.368563 0.038299 0.301058 -0.914561 0.270079 0 0
    43 -11.350969 -6.368564 0.038299 0.598048 -0.138284 0.789440 0 0
    43 -6.908557 4.430727 0.038290 0.284640 -0.615442 0.734990 0 0
end
