// Created by Crowbar 0.74
version 1
nodes
  0 "ffSkel_Hips" -1
  1 "ffSkel_LeftUpLeg" 0
  2 "ffSkel_LeftLeg" 1
  3 "ffSkel_LeftFoot" 2
  4 "ffSkel_LeftToeBase" 3
  5 "ffSkel_Spine" 0
  6 "ffSkel_Spine1" 5
  7 "ffSkel_Spine2" 6
  8 "ffSkel_Spine3" 7
  9 "ffSkel_Necks" 8
  10 "ffSkel_Heads" 9
  11 "ffSkel_LeftShoulder" 8
  12 "ffSkel_LeftArm" 11
  13 "ffSkel_LeftForeArm" 12
  14 "ffSkel_LeftForeArmRoll" 13
  15 "ffSkel_LeftHand" 14
  16 "ffSkel_LeftHandMiddle1" 15
  17 "ffSkel_LeftHandMiddle2" 16
  18 "ffSkel_LeftHandMiddle3" 17
  19 "ffSkel_LeftHandIndex1" 15
  20 "ffSkel_LeftHandIndex2" 19
  21 "ffSkel_LeftHandIndex3" 20
  22 "ffSkel_LeftHandThumb1" 15
  23 "ffSkel_LeftHandThumb2" 22
  24 "ffSkel_LeftHandThumb3" 23
  25 "ffSkel_att_lefthand" 15
  26 "ffSkel_RightShoulder" 8
  27 "ffSkel_RightArm" 26
  28 "ffSkel_RightForeArm" 27
  29 "ffSkel_RightForeArmRoll" 28
  30 "ffSkel_RightHand" 29
  31 "ffSkel_RightHandMiddle1" 30
  32 "ffSkel_RightHandMiddle2" 31
  33 "ffSkel_RightHandMiddle3" 32
  34 "ffSkel_RightHandIndex1" 30
  35 "ffSkel_RightHandIndex2" 34
  36 "ffSkel_RightHandIndex3" 35
  37 "ffSkel_RightHandThumb1" 30
  38 "ffSkel_RightHandThumb2" 37
  39 "ffSkel_RightHandThumb3" 38
  40 "ffSkel_att_righthand" 30
  41 "ffSkel_RightUpLeg" 0
  42 "ffSkel_RightLeg" 41
  43 "ffSkel_RightFoot" 42
  44 "ffSkel_RightToeBase" 43
  45 "ffSkel_Neck" 8
  46 "ffSkel_Head" 45
end
skeleton
  time 0
    0 0.000000 1.161500 38.741299 0.000000 -1.564500 -1.570810
    1 -1.292301 4.552000 0.301200 1.570330 0.071970 3.067980
    2 17.607502 0.000000 0.000000 -0.004860 -0.018380 0.324550
    3 15.634300 0.000000 0.000000 0.405350 -0.182000 -1.430440
    4 6.003700 0.000000 0.000000 0.635600 -0.088790 -0.317020
    5 3.449001 0.000000 0.000000 0.758610 -1.255650 2.357740
    6 0.000001 0.000000 4.080894 0.000000 -1.570790 -1.350180
    7 5.179100 -0.936700 0.000000 0.000000 0.000000 -0.178920
    8 4.410702 -0.161900 0.000000 0.000000 0.000000 0.067040
    9 6.481201 -1.955300 0.000000 0.000000 0.000000 -0.438370
    10 2.359200 -0.006802 0.000000 -1.570670 -0.013430 -1.250250
    11 2.056301 -1.050800 -1.937600 1.668670 0.014150 2.876480
    12 1.754398 -4.179399 1.022799 1.393040 0.056950 -0.718250
    13 10.631197 0.000000 0.000000 0.000000 -0.000770 -0.002870
    14 4.965599 0.000000 0.000000 0.000000 0.000000 0.000000
    15 4.965599 0.000000 0.000000 0.000190 -0.087860 0.004480
    16 4.651500 0.000000 -0.000004 0.018920 0.644810 0.033620
    17 1.346996 0.000000 -0.000002 -0.005210 0.272890 -0.044500
    18 0.901604 0.000000 0.000000 0.001020 -0.110030 0.009330
    19 4.378602 -1.116700 -0.113403 -0.148850 0.526490 -0.287890
    20 1.693102 0.000000 0.000002 -0.076200 0.357190 0.034830
    21 0.954803 0.000000 0.000000 0.015170 -0.101020 0.051830
    22 1.298301 -1.309801 -0.295200 -0.335590 0.487950 -0.637490
    23 2.374300 0.000000 0.000000 0.003920 -0.015360 0.305240
    24 1.225798 -0.000001 0.000000 -0.006370 0.239280 0.223170
    25 3.286499 -0.280500 -0.627399 -1.570790 0.000000 0.000000
    26 2.056297 -1.050801 1.937600 -2.673350 -1.172940 2.531090
    27 4.646700 0.000000 0.000000 0.002040 -0.498440 -0.191710
    28 10.631195 0.000000 0.000000 0.000000 0.000760 -0.002870
    29 4.965601 0.000000 0.000000 0.000000 0.000000 0.000000
    30 4.965500 0.000000 0.000004 -0.000190 0.087840 0.004480
    31 4.651498 0.000000 0.000000 -0.018920 -0.644810 0.033620
    32 1.347004 0.000000 0.000000 0.005210 -0.272880 -0.044490
    33 0.901703 0.000000 0.000000 -0.001020 0.110020 0.009320
    34 4.378699 -1.116700 0.113503 0.148850 -0.526480 -0.287890
    35 1.692999 0.000000 0.000000 0.076200 -0.357190 0.034840
    36 0.954803 0.000000 0.000000 -0.015170 0.101010 0.051830
    37 1.298299 -1.309800 0.295303 0.335590 -0.487950 -0.637490
    38 2.374296 0.000000 0.000000 -0.003920 0.015350 0.305250
    39 1.225800 0.000001 0.000002 0.006370 -0.239270 0.223160
    40 3.286500 -0.280500 0.627399 1.523489 -1.525620 -3.092090
    41 -1.292301 -4.552000 0.301200 1.571250 0.071970 -3.067980
    42 17.607597 0.000000 -0.000001 0.004860 0.018380 0.324550
    43 15.634300 0.000000 0.000000 -0.405350 0.182000 -1.430440
    44 6.003698 0.000000 0.000000 -0.635610 0.088790 -0.317020
    45 6.152603 0.000000 0.000000 0.000000 0.000000 -0.438370
    46 2.228600 0.000000 0.000000 0.020620 -0.011370 -0.737300
end
triangles
scout_body_blue
  5 -0.047700 -5.210610 42.960655 0.000000 -0.086311 0.996268 0.003850 0.145560 3 5 0.498998 0 0.328657 6 0.172345
  5 -3.919100 -4.038860 43.112068 -0.128451 -0.273751 0.953184 0.043390 0.206180 3 5 0.481964 0 0.442886 6 0.075150
  5 -1.111500 -5.191350 42.937668 -0.059100 -0.288592 0.955626 0.017370 0.157040 3 5 0.498499 0 0.329329 6 0.172172
scout_body_blue
  5 -1.111500 -5.191350 42.937668 0.025070 -0.083830 0.996165 0.017370 0.157040 3 5 0.498499 0 0.329329 6 0.172172
  5 -1.065150 -5.642730 42.898510 -0.024170 -0.086281 0.995978 0.016890 0.150540 3 5 0.498998 0 0.328657 6 0.172345
  5 -0.047700 -5.210610 42.960655 0.000000 -0.086311 0.996268 0.003850 0.145560 3 5 0.498998 0 0.328657 6 0.172345
scout_body_blue
  5 0.969740 -5.642730 42.898521 0.024170 -0.086281 0.995978 0.016890 0.150540 3 5 0.498998 0 0.328657 6 0.172345
  5 -0.047700 -5.210610 42.960655 0.000000 -0.086311 0.996268 0.003850 0.145560 3 5 0.498998 0 0.328657 6 0.172345
  5 -1.065150 -5.642730 42.898510 -0.024170 -0.086281 0.995978 0.016890 0.150540 3 5 0.498998 0 0.328657 6 0.172345
scout_body_blue
  5 -0.047700 -5.210610 42.960655 0.000000 -0.086311 0.996268 0.003850 0.145560 3 5 0.498998 0 0.328657 6 0.172345
  5 0.969740 -5.642730 42.898521 0.024170 -0.086281 0.995978 0.016890 0.150540 3 5 0.498998 0 0.328657 6 0.172345
  5 1.016090 -5.191350 42.937668 -0.025070 -0.083830 0.996165 0.017370 0.157040 3 5 0.498499 0 0.329329 6 0.172172
scout_body_blue
  5 -0.047700 -5.210610 42.960655 0.000000 -0.086311 0.996268 0.003850 0.145560 3 5 0.498998 0 0.328657 6 0.172345
  5 1.016090 -5.191350 42.937668 0.059100 -0.288592 0.955626 0.017370 0.157040 3 5 0.498499 0 0.329329 6 0.172172
  5 3.823690 -4.038850 43.112068 0.128451 -0.273751 0.953184 0.043390 0.206180 3 5 0.481964 0 0.442886 6 0.075150
scout_body_blue
  41 -1.553230 1.130600 26.736090 0.887730 0.405324 -0.218282 0.374120 0.388020 1 41 1.000000
  41 -3.344570 4.917819 31.369120 0.244391 0.937783 -0.246651 0.276090 0.360230 1 41 1.000000
  41 -0.772581 3.397490 32.783329 0.545324 0.518874 -0.658325 0.277030 0.424140 3 41 0.837838 0 0.101101 1 0.061061
scout_body_blue
  0 -2.202870 5.372290 34.089504 -0.059240 0.878895 -0.473323 0.235480 0.387330 2 0 0.569247 41 0.430754
  41 -0.772581 3.397490 32.783329 0.545324 0.518874 -0.658325 0.277030 0.424140 3 41 0.837838 0 0.101101 1 0.061061
  41 -3.344570 4.917819 31.369120 0.244391 0.937783 -0.246651 0.276090 0.360230 1 41 1.000000
scout_body_blue
  41 -0.772581 3.397490 32.783329 0.545324 0.518874 -0.658325 0.277030 0.424140 3 41 0.837838 0 0.101101 1 0.061061
  0 -2.202870 5.372290 34.089504 -0.059240 0.878895 -0.473323 0.235480 0.387330 2 0 0.569247 41 0.430754
  41 -0.047700 5.295139 34.143631 -0.011360 0.819837 -0.572485 0.231950 0.427770 3 41 0.526052 0 0.333667 1 0.140281
scout_body_blue
  1 3.379870 5.167620 31.386105 -0.247652 0.937527 -0.244362 0.276090 0.360230 1 1 1.000000
  1 0.677170 3.400740 32.783333 -0.552182 0.504572 -0.663703 0.277030 0.424140 2 1 0.937938 0 0.062062
  0 2.107460 5.449039 34.089500 0.042080 0.885058 -0.463574 0.235480 0.387330 2 0 0.686415 1 0.313585
scout_body_blue
  1 0.677170 3.400740 32.783333 -0.552182 0.504572 -0.663703 0.277030 0.424140 2 1 0.937938 0 0.062062
  41 -0.772581 3.397490 32.783329 0.545324 0.518874 -0.658325 0.277030 0.424140 3 41 0.837838 0 0.101101 1 0.061061
  0 2.107460 5.449039 34.089500 0.042080 0.885058 -0.463574 0.235480 0.387330 2 0 0.686415 1 0.313585
scout_body_blue
  41 -0.047700 5.295139 34.143631 -0.011360 0.819837 -0.572485 0.231950 0.427770 3 41 0.526052 0 0.333667 1 0.140281
  0 2.107460 5.449039 34.089500 0.042080 0.885058 -0.463574 0.235480 0.387330 2 0 0.686415 1 0.313585
  41 -0.772581 3.397490 32.783329 0.545324 0.518874 -0.658325 0.277030 0.424140 3 41 0.837838 0 0.101101 1 0.061061
scout_body_blue
  0 2.107460 5.449039 34.089500 0.042080 0.885058 -0.463574 0.235480 0.387330 2 0 0.686415 1 0.313585
  41 -0.047700 5.295139 34.143631 -0.011360 0.819837 -0.572485 0.231950 0.427770 3 41 0.526052 0 0.333667 1 0.140281
  0 2.175510 6.030700 35.161732 0.194571 0.949324 -0.246831 0.202810 0.386230 2 0 0.803862 1 0.196138
scout_body_blue
  0 -0.047700 5.863949 35.506538 -0.000070 0.991669 -0.128811 0.206410 0.427500 2 0 0.803862 41 0.196138
  0 2.175510 6.030700 35.161732 0.194571 0.949324 -0.246831 0.202810 0.386230 2 0 0.803862 1 0.196138
  41 -0.047700 5.295139 34.143631 -0.011360 0.819837 -0.572485 0.231950 0.427770 3 41 0.526052 0 0.333667 1 0.140281
scout_body_blue
  41 -0.047700 5.295139 34.143631 -0.011360 0.819837 -0.572485 0.231950 0.427770 3 41 0.526052 0 0.333667 1 0.140281
  0 -2.134780 6.032599 35.288929 -0.202161 0.944214 -0.259981 0.202810 0.386230 2 0 0.803862 41 0.196138
  0 -0.047700 5.863949 35.506538 -0.000070 0.991669 -0.128811 0.206410 0.427500 2 0 0.803862 41 0.196138
scout_body_blue
  0 -2.134780 6.032599 35.288929 -0.202161 0.944214 -0.259981 0.202810 0.386230 2 0 0.803862 41 0.196138
  41 -0.047700 5.295139 34.143631 -0.011360 0.819837 -0.572485 0.231950 0.427770 3 41 0.526052 0 0.333667 1 0.140281
  0 -2.202870 5.372290 34.089504 -0.059240 0.878895 -0.473323 0.235480 0.387330 2 0 0.569247 41 0.430754
scout_body_blue
  0 -2.134780 6.032599 35.288929 -0.202161 0.944214 -0.259981 0.202810 0.386230 2 0 0.803862 41 0.196138
  0 -2.202870 5.372290 34.089504 -0.059240 0.878895 -0.473323 0.235480 0.387330 2 0 0.569247 41 0.430754
  0 -4.780641 4.474810 35.336418 -0.605364 0.795875 -0.010830 0.207580 0.335650 2 0 0.639279 41 0.360722
scout_body_blue
  0 -4.780641 4.474810 35.336418 -0.605364 0.795875 -0.010830 0.207580 0.335650 2 0 0.639279 41 0.360722
  0 -2.202870 5.372290 34.089504 -0.059240 0.878895 -0.473323 0.235480 0.387330 2 0 0.569247 41 0.430754
  41 -6.082920 4.249069 32.489182 -0.511603 0.858744 0.028670 0.251640 0.310680 1 41 1.000000
scout_body_blue
  41 -3.344570 4.917819 31.369120 0.244391 0.937783 -0.246651 0.276090 0.360230 1 41 1.000000
  41 -6.082920 4.249069 32.489182 -0.511603 0.858744 0.028670 0.251640 0.310680 1 41 1.000000
  0 -2.202870 5.372290 34.089504 -0.059240 0.878895 -0.473323 0.235480 0.387330 2 0 0.569247 41 0.430754
scout_body_blue
  0 -2.313010 6.001720 37.931549 -0.223303 0.967681 0.117171 0.172950 0.384400 2 0 0.814443 6 0.185557
  5 -1.255500 5.023920 42.330151 -0.142371 0.961257 0.236042 0.115210 0.404580 3 5 0.414830 6 0.364730 0 0.220441
  0 2.153420 5.983070 37.915932 0.220651 0.967734 0.121671 0.172950 0.384400 2 0 0.814443 6 0.185557
scout_body_blue
  5 -1.255500 5.023920 42.330151 -0.142371 0.961257 0.236042 0.115210 0.404580 3 5 0.414830 6 0.364730 0 0.220441
  0 -2.313010 6.001720 37.931549 -0.223303 0.967681 0.117171 0.172950 0.384400 2 0 0.814443 6 0.185557
  5 -3.666270 4.302840 42.331959 -0.494341 0.828021 0.264590 0.113760 0.360080 3 5 0.535536 6 0.355355 0 0.109109
scout_body_blue
  0 -4.251680 4.410760 40.645592 -0.669978 0.725079 0.159342 0.135870 0.350230 3 0 0.765531 41 0.138277 5 0.096192
  5 -3.666270 4.302840 42.331959 -0.494341 0.828021 0.264590 0.113760 0.360080 3 5 0.535536 6 0.355355 0 0.109109
  0 -2.313010 6.001720 37.931549 -0.223303 0.967681 0.117171 0.172950 0.384400 2 0 0.814443 6 0.185557
scout_body_blue
  5 -3.666270 4.302840 42.331959 -0.494341 0.828021 0.264590 0.113760 0.360080 3 5 0.535536 6 0.355355 0 0.109109
  0 -4.251680 4.410760 40.645592 -0.669978 0.725079 0.159342 0.135870 0.350230 3 0 0.765531 41 0.138277 5 0.096192
  0 -6.016550 1.761210 41.770893 -0.850835 0.483843 0.204881 0.112710 0.297030 3 0 0.597194 41 0.212425 5 0.190381
scout_body_blue
  0 -6.016550 1.761210 41.770893 -0.850835 0.483843 0.204881 0.112710 0.297030 3 0 0.597194 41 0.212425 5 0.190381
  0 -4.251680 4.410760 40.645592 -0.669978 0.725079 0.159342 0.135870 0.350230 3 0 0.765531 41 0.138277 5 0.096192
  0 -4.780641 4.474810 35.336418 -0.605364 0.795875 -0.010830 0.207580 0.335650 2 0 0.639279 41 0.360722
scout_body_blue
  0 -3.889010 5.271200 36.490280 -0.605196 0.795768 0.022150 0.188370 0.358180 1 0 1.000000
  0 -4.780641 4.474810 35.336418 -0.605364 0.795875 -0.010830 0.207580 0.335650 2 0 0.639279 41 0.360722
  0 -4.251680 4.410760 40.645592 -0.669978 0.725079 0.159342 0.135870 0.350230 3 0 0.765531 41 0.138277 5 0.096192
scout_body_blue
  0 -4.780641 4.474810 35.336418 -0.605364 0.795875 -0.010830 0.207580 0.335650 2 0 0.639279 41 0.360722
  0 -3.889010 5.271200 36.490280 -0.605196 0.795768 0.022150 0.188370 0.358180 1 0 1.000000
  0 -2.134780 6.032599 35.288929 -0.202161 0.944214 -0.259981 0.202810 0.386230 2 0 0.803862 41 0.196138
scout_body_blue
  0 -2.134780 6.032599 35.288929 -0.202161 0.944214 -0.259981 0.202810 0.386230 2 0 0.803862 41 0.196138
  0 -3.889010 5.271200 36.490280 -0.605196 0.795768 0.022150 0.188370 0.358180 1 0 1.000000
  0 -2.313010 6.001720 37.931549 -0.223303 0.967681 0.117171 0.172950 0.384400 2 0 0.814443 6 0.185557
scout_body_blue
  0 -2.313010 6.001720 37.931549 -0.223303 0.967681 0.117171 0.172950 0.384400 2 0 0.814443 6 0.185557
  0 -0.047700 5.863949 35.506538 -0.000070 0.991669 -0.128811 0.206410 0.427500 2 0 0.803862 41 0.196138
  0 -2.134780 6.032599 35.288929 -0.202161 0.944214 -0.259981 0.202810 0.386230 2 0 0.803862 41 0.196138
scout_body_blue
  0 -0.047700 5.863949 35.506538 -0.000070 0.991669 -0.128811 0.206410 0.427500 2 0 0.803862 41 0.196138
  0 -2.313010 6.001720 37.931549 -0.223303 0.967681 0.117171 0.172950 0.384400 2 0 0.814443 6 0.185557
  0 2.153420 5.983070 37.915932 0.220651 0.967734 0.121671 0.172950 0.384400 2 0 0.814443 6 0.185557
scout_body_blue
  0 2.175510 6.030700 35.161732 0.194571 0.949324 -0.246831 0.202810 0.386230 2 0 0.803862 1 0.196138
  0 -0.047700 5.863949 35.506538 -0.000070 0.991669 -0.128811 0.206410 0.427500 2 0 0.803862 41 0.196138
  0 2.153420 5.983070 37.915932 0.220651 0.967734 0.121671 0.172950 0.384400 2 0 0.814443 6 0.185557
scout_body_blue
  0 2.153420 5.983070 37.915932 0.220651 0.967734 0.121671 0.172950 0.384400 2 0 0.814443 6 0.185557
  0 3.793600 5.271199 36.513489 0.598223 0.799573 0.053030 0.188370 0.358180 1 0 1.000000
  0 2.175510 6.030700 35.161732 0.194571 0.949324 -0.246831 0.202810 0.386230 2 0 0.803862 1 0.196138
scout_body_blue
  0 2.175510 6.030700 35.161732 0.194571 0.949324 -0.246831 0.202810 0.386230 2 0 0.803862 1 0.196138
  0 3.793600 5.271199 36.513489 0.598223 0.799573 0.053030 0.188370 0.358180 1 0 1.000000
  0 4.785440 4.498760 35.163322 0.596844 0.801876 0.027790 0.207580 0.335650 2 0 0.639279 1 0.360722
scout_body_blue
  0 4.785440 4.498760 35.163322 0.596844 0.801876 0.027790 0.207580 0.335650 2 0 0.639279 1 0.360722
  0 2.107460 5.449039 34.089500 0.042080 0.885058 -0.463574 0.235480 0.387330 2 0 0.686415 1 0.313585
  0 2.175510 6.030700 35.161732 0.194571 0.949324 -0.246831 0.202810 0.386230 2 0 0.803862 1 0.196138
scout_body_blue
  1 6.140860 4.428120 32.509415 0.489423 0.865536 0.106361 0.251640 0.310680 1 1 1.000000
  0 2.107460 5.449039 34.089500 0.042080 0.885058 -0.463574 0.235480 0.387330 2 0 0.686415 1 0.313585
  0 4.785440 4.498760 35.163322 0.596844 0.801876 0.027790 0.207580 0.335650 2 0 0.639279 1 0.360722
scout_body_blue
  0 2.107460 5.449039 34.089500 0.042080 0.885058 -0.463574 0.235480 0.387330 2 0 0.686415 1 0.313585
  1 6.140860 4.428120 32.509415 0.489423 0.865536 0.106361 0.251640 0.310680 1 1 1.000000
  1 3.379870 5.167620 31.386105 -0.247652 0.937527 -0.244362 0.276090 0.360230 1 1 1.000000
scout_body_blue
  1 6.140860 4.428120 32.509415 0.489423 0.865536 0.106361 0.251640 0.310680 1 1 1.000000
  1 6.945119 3.915030 27.818222 0.527274 0.839147 -0.133471 0.322470 0.289950 1 1 1.000000
  1 3.379870 5.167620 31.386105 -0.247652 0.937527 -0.244362 0.276090 0.360230 1 1 1.000000
scout_body_blue
  0 -3.889010 5.271200 36.490280 -0.605196 0.795768 0.022150 0.188370 0.358180 1 0 1.000000
  0 -4.251680 4.410760 40.645592 -0.669978 0.725079 0.159342 0.135870 0.350230 3 0 0.765531 41 0.138277 5 0.096192
  0 -2.313010 6.001720 37.931549 -0.223303 0.967681 0.117171 0.172950 0.384400 2 0 0.814443 6 0.185557
scout_body_blue
  1 6.038130 -3.877639 26.978304 0.346252 -0.937245 0.041010 0.301520 0.126240 2 1 0.902764 2 0.097236
  1 4.151470 -3.944079 25.125662 -0.202732 -0.977171 -0.063541 0.329830 0.098790 2 1 0.816430 2 0.183570
  1 5.945930 -3.884629 22.797024 0.086441 -0.996238 -0.006100 0.366950 0.114530 2 1 0.642211 2 0.357789
scout_body_blue
  1 8.111729 -2.574329 23.341694 0.853770 -0.505996 0.122661 0.376930 0.154600 2 1 0.708543 2 0.291457
  1 6.038130 -3.877639 26.978304 0.346252 -0.937245 0.041010 0.301520 0.126240 2 1 0.902764 2 0.097236
  1 5.945930 -3.884629 22.797024 0.086441 -0.996238 -0.006100 0.366950 0.114530 2 1 0.642211 2 0.357789
scout_body_blue
  1 6.038130 -3.877639 26.978304 0.346252 -0.937245 0.041010 0.301520 0.126240 2 1 0.902764 2 0.097236
  1 8.111729 -2.574329 23.341694 0.853770 -0.505996 0.122661 0.376930 0.154600 2 1 0.708543 2 0.291457
  1 7.709178 -1.905841 27.588394 0.911640 -0.395323 0.112394 0.292600 0.174400 1 1 1.000000
scout_body_blue
  1 8.111729 -2.574329 23.341694 0.853770 -0.505996 0.122661 0.376930 0.154600 2 1 0.708543 2 0.291457
  1 8.605630 1.666530 24.413652 0.929883 0.364931 0.046300 0.387480 0.214080 2 1 0.882530 2 0.117470
  1 7.709178 -1.905841 27.588394 0.911640 -0.395323 0.112394 0.292600 0.174400 1 1 1.000000
scout_body_blue
  1 7.709178 -1.905841 27.588394 0.911640 -0.395323 0.112394 0.292600 0.174400 1 1 1.000000
  1 8.605630 1.666530 24.413652 0.929883 0.364931 0.046300 0.387480 0.214080 2 1 0.882530 2 0.117470
  1 8.521871 1.420217 28.447704 0.941837 0.335882 -0.011189 0.301000 0.234700 1 1 1.000000
scout_body_blue
  1 8.605630 1.666530 24.413652 0.929883 0.364931 0.046300 0.387480 0.214080 2 1 0.882530 2 0.117470
  1 6.872850 3.402660 25.829245 0.565405 0.824717 0.012580 0.368060 0.274690 1 1 1.000000
  1 8.521871 1.420217 28.447704 0.941837 0.335882 -0.011189 0.301000 0.234700 1 1 1.000000
scout_body_blue
  1 6.945119 3.915030 27.818222 0.527274 0.839147 -0.133471 0.322470 0.289950 1 1 1.000000
  1 8.521871 1.420217 28.447704 0.941837 0.335882 -0.011189 0.301000 0.234700 1 1 1.000000
  1 6.872850 3.402660 25.829245 0.565405 0.824717 0.012580 0.368060 0.274690 1 1 1.000000
scout_body_blue
  1 8.521871 1.420217 28.447704 0.941837 0.335882 -0.011189 0.301000 0.234700 1 1 1.000000
  1 6.945119 3.915030 27.818222 0.527274 0.839147 -0.133471 0.322470 0.289950 1 1 1.000000
  1 8.386999 1.630023 30.423935 0.818769 0.571391 0.055943 0.271700 0.243500 1 1 1.000000
scout_body_blue
  1 6.140860 4.428120 32.509415 0.489423 0.865536 0.106361 0.251640 0.310680 1 1 1.000000
  1 8.386999 1.630023 30.423935 0.818769 0.571391 0.055943 0.271700 0.243500 1 1 1.000000
  1 6.945119 3.915030 27.818222 0.527274 0.839147 -0.133471 0.322470 0.289950 1 1 1.000000
scout_body_blue
  1 8.386999 1.630023 30.423935 0.818769 0.571391 0.055943 0.271700 0.243500 1 1 1.000000
  1 6.140860 4.428120 32.509415 0.489423 0.865536 0.106361 0.251640 0.310680 1 1 1.000000
  1 7.917852 1.776676 33.757393 0.747776 0.636183 0.190008 0.224000 0.258300 1 1 1.000000
scout_body_blue
  0 4.785440 4.498760 35.163322 0.596844 0.801876 0.027790 0.207580 0.335650 2 0 0.639279 1 0.360722
  1 7.917852 1.776676 33.757393 0.747776 0.636183 0.190008 0.224000 0.258300 1 1 1.000000
  1 6.140860 4.428120 32.509415 0.489423 0.865536 0.106361 0.251640 0.310680 1 1 1.000000
scout_body_blue
  0 6.516120 1.441370 39.668880 0.940161 0.317464 0.123751 0.138320 0.281010 2 0 0.795796 1 0.204204
  1 7.917852 1.776676 33.757393 0.747776 0.636183 0.190008 0.224000 0.258300 1 1 1.000000
  0 4.785440 4.498760 35.163322 0.596844 0.801876 0.027790 0.207580 0.335650 2 0 0.639279 1 0.360722
scout_body_blue
  0 3.793600 5.271199 36.513489 0.598223 0.799573 0.053030 0.188370 0.358180 1 0 1.000000
  0 6.516120 1.441370 39.668880 0.940161 0.317464 0.123751 0.138320 0.281010 2 0 0.795796 1 0.204204
  0 4.785440 4.498760 35.163322 0.596844 0.801876 0.027790 0.207580 0.335650 2 0 0.639279 1 0.360722
scout_body_blue
  0 4.156270 4.410759 40.657280 0.659138 0.734548 0.161172 0.135870 0.350230 3 0 0.765531 1 0.138277 5 0.096192
  0 6.516120 1.441370 39.668880 0.940161 0.317464 0.123751 0.138320 0.281010 2 0 0.795796 1 0.204204
  0 3.793600 5.271199 36.513489 0.598223 0.799573 0.053030 0.188370 0.358180 1 0 1.000000
scout_body_blue
  0 2.153420 5.983070 37.915932 0.220651 0.967734 0.121671 0.172950 0.384400 2 0 0.814443 6 0.185557
  0 4.156270 4.410759 40.657280 0.659138 0.734548 0.161172 0.135870 0.350230 3 0 0.765531 1 0.138277 5 0.096192
  0 3.793600 5.271199 36.513489 0.598223 0.799573 0.053030 0.188370 0.358180 1 0 1.000000
scout_body_blue
  0 2.153420 5.983070 37.915932 0.220651 0.967734 0.121671 0.172950 0.384400 2 0 0.814443 6 0.185557
  5 3.570850 4.302840 42.281189 0.482644 0.835057 0.264072 0.113760 0.360080 3 5 0.535536 6 0.355355 0 0.109109
  0 4.156270 4.410759 40.657280 0.659138 0.734548 0.161172 0.135870 0.350230 3 0 0.765531 1 0.138277 5 0.096192
scout_body_blue
  5 3.570850 4.302840 42.281189 0.482644 0.835057 0.264072 0.113760 0.360080 3 5 0.535536 6 0.355355 0 0.109109
  0 2.153420 5.983070 37.915932 0.220651 0.967734 0.121671 0.172950 0.384400 2 0 0.814443 6 0.185557
  5 1.160080 5.023920 42.330151 0.148421 0.961479 0.231362 0.115210 0.404580 3 5 0.414830 6 0.364730 0 0.220441
scout_body_blue
  0 2.153420 5.983070 37.915932 0.220651 0.967734 0.121671 0.172950 0.384400 2 0 0.814443 6 0.185557
  5 -1.255500 5.023920 42.330151 -0.142371 0.961257 0.236042 0.115210 0.404580 3 5 0.414830 6 0.364730 0 0.220441
  5 1.160080 5.023920 42.330151 0.148421 0.961479 0.231362 0.115210 0.404580 3 5 0.414830 6 0.364730 0 0.220441
scout_body_blue
  1 8.605630 1.666530 24.413652 0.929883 0.364931 0.046300 0.387480 0.214080 2 1 0.882530 2 0.117470
  1 8.111729 -2.574329 23.341694 0.853770 -0.505996 0.122661 0.376930 0.154600 2 1 0.708543 2 0.291457
  2 8.802490 0.965360 20.943562 0.971687 0.194091 0.134731 0.452970 0.178630 2 2 0.661662 1 0.338338
scout_body_blue
  1 8.111729 -2.574329 23.341694 0.853770 -0.505996 0.122661 0.376930 0.154600 2 1 0.708543 2 0.291457
  2 8.492890 -2.464550 19.362011 0.908226 -0.413473 -0.064550 0.454620 0.129580 2 2 0.573146 1 0.426854
  2 8.802490 0.965360 20.943562 0.971687 0.194091 0.134731 0.452970 0.178630 2 2 0.661662 1 0.338338
scout_body_blue
  2 9.310829 1.894880 18.668840 0.912976 0.370093 0.171771 0.490510 0.164410 1 2 1.000000
  2 8.802490 0.965360 20.943562 0.971687 0.194091 0.134731 0.452970 0.178630 2 2 0.661662 1 0.338338
  2 8.492890 -2.464550 19.362011 0.908226 -0.413473 -0.064550 0.454620 0.129580 2 2 0.573146 1 0.426854
scout_body_blue
  0 5.586190 -1.957710 41.381088 0.766245 -0.534513 0.356602 0.091160 0.229990 2 0 0.807933 5 0.192067
  0 3.894350 -3.965330 41.053009 0.541222 -0.835863 0.091710 0.075850 0.188620 2 0 0.597598 5 0.402402
  0 4.430390 -4.182970 38.948372 0.382262 -0.917504 0.109830 0.110020 0.178270 2 0 0.755756 1 0.244244
scout_body_blue
  0 6.121290 -1.682140 39.733051 0.909874 -0.393131 0.132581 0.119210 0.227310 1 0 1.000000
  0 5.586190 -1.957710 41.381088 0.766245 -0.534513 0.356602 0.091160 0.229990 2 0 0.807933 5 0.192067
  0 4.430390 -4.182970 38.948372 0.382262 -0.917504 0.109830 0.110020 0.178270 2 0 0.755756 1 0.244244
scout_body_blue
  0 6.211150 -0.587430 41.459305 0.988055 -0.129981 0.082780 0.100470 0.254960 1 0 1.000000
  0 5.586190 -1.957710 41.381088 0.766245 -0.534513 0.356602 0.091160 0.229990 2 0 0.807933 5 0.192067
  0 6.121290 -1.682140 39.733051 0.909874 -0.393131 0.132581 0.119210 0.227310 1 0 1.000000
scout_body_blue
  0 6.121290 -1.682140 39.733051 0.909874 -0.393131 0.132581 0.119210 0.227310 1 0 1.000000
  0 6.516120 1.441370 39.668880 0.940161 0.317464 0.123751 0.138320 0.281010 2 0 0.795796 1 0.204204
  0 6.211150 -0.587430 41.459305 0.988055 -0.129981 0.082780 0.100470 0.254960 1 0 1.000000
scout_body_blue
  0 6.211150 -0.587430 41.459305 0.988055 -0.129981 0.082780 0.100470 0.254960 1 0 1.000000
  0 6.516120 1.441370 39.668880 0.940161 0.317464 0.123751 0.138320 0.281010 2 0 0.795796 1 0.204204
  0 5.921131 1.761220 42.004524 0.854661 0.483481 0.189210 0.112710 0.297030 3 0 0.597194 1 0.212425 5 0.190381
scout_body_blue
  0 6.516120 1.441370 39.668880 0.940161 0.317464 0.123751 0.138320 0.281010 2 0 0.795796 1 0.204204
  0 4.156270 4.410759 40.657280 0.659138 0.734548 0.161172 0.135870 0.350230 3 0 0.765531 1 0.138277 5 0.096192
  0 5.921131 1.761220 42.004524 0.854661 0.483481 0.189210 0.112710 0.297030 3 0 0.597194 1 0.212425 5 0.190381
scout_body_blue
  0 5.921131 1.761220 42.004524 0.854661 0.483481 0.189210 0.112710 0.297030 3 0 0.597194 1 0.212425 5 0.190381
  0 4.156270 4.410759 40.657280 0.659138 0.734548 0.161172 0.135870 0.350230 3 0 0.765531 1 0.138277 5 0.096192
  5 3.570850 4.302840 42.281189 0.482644 0.835057 0.264072 0.113760 0.360080 3 5 0.535536 6 0.355355 0 0.109109
scout_body_blue
  41 -0.411470 -1.651740 32.200195 0.671084 -0.264891 -0.692444 0.318070 0.464460 3 41 0.833667 1 0.106212 0 0.060120
  41 -0.772581 3.397490 32.783329 0.545324 0.518874 -0.658325 0.277030 0.424140 3 41 0.837838 0 0.101101 1 0.061061
  1 0.316070 -1.653009 32.186085 -0.668968 -0.257513 -0.697258 0.318070 0.464460 2 1 0.860271 0 0.139729
scout_body_blue
  41 -0.772581 3.397490 32.783329 0.545324 0.518874 -0.658325 0.277030 0.424140 3 41 0.837838 0 0.101101 1 0.061061
  1 0.677170 3.400740 32.783333 -0.552182 0.504572 -0.663703 0.277030 0.424140 2 1 0.937938 0 0.062062
  1 0.316070 -1.653009 32.186085 -0.668968 -0.257513 -0.697258 0.318070 0.464460 2 1 0.860271 0 0.139729
scout_body_blue
  1 0.677170 3.400740 32.783333 -0.552182 0.504572 -0.663703 0.277030 0.424140 2 1 0.937938 0 0.062062
  1 1.671090 1.104650 26.720121 -0.866339 0.430904 -0.252543 0.374120 0.388020 1 1 1.000000
  1 0.316070 -1.653009 32.186085 -0.668968 -0.257513 -0.697258 0.318070 0.464460 2 1 0.860271 0 0.139729
scout_body_blue
  1 0.677170 3.400740 32.783333 -0.552182 0.504572 -0.663703 0.277030 0.424140 2 1 0.937938 0 0.062062
  1 3.379870 5.167620 31.386105 -0.247652 0.937527 -0.244362 0.276090 0.360230 1 1 1.000000
  1 1.671090 1.104650 26.720121 -0.866339 0.430904 -0.252543 0.374120 0.388020 1 1 1.000000
scout_body_blue
  1 3.989550 3.910120 27.669672 -0.322164 0.923620 -0.207692 0.339800 0.337720 1 1 1.000000
  1 1.671090 1.104650 26.720121 -0.866339 0.430904 -0.252543 0.374120 0.388020 1 1 1.000000
  1 3.379870 5.167620 31.386105 -0.247652 0.937527 -0.244362 0.276090 0.360230 1 1 1.000000
scout_body_blue
  1 3.989550 3.910120 27.669672 -0.322164 0.923620 -0.207692 0.339800 0.337720 1 1 1.000000
  1 3.379870 5.167620 31.386105 -0.247652 0.937527 -0.244362 0.276090 0.360230 1 1 1.000000
  1 6.945119 3.915030 27.818222 0.527274 0.839147 -0.133471 0.322470 0.289950 1 1 1.000000
scout_body_blue
  1 3.989550 3.910120 27.669672 -0.322164 0.923620 -0.207692 0.339800 0.337720 1 1 1.000000
  1 6.945119 3.915030 27.818222 0.527274 0.839147 -0.133471 0.322470 0.289950 1 1 1.000000
  1 4.505710 3.827451 25.415194 -0.338972 0.923835 -0.177841 0.385780 0.313850 2 1 0.944724 2 0.055276
scout_body_blue
  1 6.872850 3.402660 25.829245 0.565405 0.824717 0.012580 0.368060 0.274690 1 1 1.000000
  1 4.505710 3.827451 25.415194 -0.338972 0.923835 -0.177841 0.385780 0.313850 2 1 0.944724 2 0.055276
  1 6.945119 3.915030 27.818222 0.527274 0.839147 -0.133471 0.322470 0.289950 1 1 1.000000
scout_body_blue
  1 6.872850 3.402660 25.829245 0.565405 0.824717 0.012580 0.368060 0.274690 1 1 1.000000
  1 7.090520 3.644979 23.584122 0.361103 0.930618 -0.059621 0.416690 0.251390 2 1 0.826305 2 0.173695
  1 4.505710 3.827451 25.415194 -0.338972 0.923835 -0.177841 0.385780 0.313850 2 1 0.944724 2 0.055276
scout_body_blue
  1 7.090520 3.644979 23.584122 0.361103 0.930618 -0.059621 0.416690 0.251390 2 1 0.826305 2 0.173695
  1 6.872850 3.402660 25.829245 0.565405 0.824717 0.012580 0.368060 0.274690 1 1 1.000000
  1 8.605630 1.666530 24.413652 0.929883 0.364931 0.046300 0.387480 0.214080 2 1 0.882530 2 0.117470
scout_body_blue
  1 7.090520 3.644979 23.584122 0.361103 0.930618 -0.059621 0.416690 0.251390 2 1 0.826305 2 0.173695
  1 8.605630 1.666530 24.413652 0.929883 0.364931 0.046300 0.387480 0.214080 2 1 0.882530 2 0.117470
  2 7.174220 3.172880 21.673733 0.540224 0.834736 -0.106651 0.454830 0.228330 2 2 0.575576 1 0.424424
scout_body_blue
  2 7.174220 3.172880 21.673733 0.540224 0.834736 -0.106651 0.454830 0.228330 2 2 0.575576 1 0.424424
  1 8.605630 1.666530 24.413652 0.929883 0.364931 0.046300 0.387480 0.214080 2 1 0.882530 2 0.117470
  2 8.802490 0.965360 20.943562 0.971687 0.194091 0.134731 0.452970 0.178630 2 2 0.661662 1 0.338338
scout_body_blue
  2 7.174220 3.172880 21.673733 0.540224 0.834736 -0.106651 0.454830 0.228330 2 2 0.575576 1 0.424424
  2 8.802490 0.965360 20.943562 0.971687 0.194091 0.134731 0.452970 0.178630 2 2 0.661662 1 0.338338
  2 7.127470 3.311800 20.560690 0.403883 0.875967 0.263742 0.476930 0.218840 2 2 0.799800 1 0.200200
scout_body_blue
  2 9.310829 1.894880 18.668840 0.912976 0.370093 0.171771 0.490510 0.164410 1 2 1.000000
  2 7.127470 3.311800 20.560690 0.403883 0.875967 0.263742 0.476930 0.218840 2 2 0.799800 1 0.200200
  2 8.802490 0.965360 20.943562 0.971687 0.194091 0.134731 0.452970 0.178630 2 2 0.661662 1 0.338338
scout_body_blue
  2 6.800770 4.336500 19.126659 0.323052 0.874036 0.362903 0.508820 0.219070 2 2 0.925926 1 0.074074
  2 7.127470 3.311800 20.560690 0.403883 0.875967 0.263742 0.476930 0.218840 2 2 0.799800 1 0.200200
  2 9.310829 1.894880 18.668840 0.912976 0.370093 0.171771 0.490510 0.164410 1 2 1.000000
scout_body_blue
  2 7.007205 5.797263 13.182476 0.218154 0.962992 -0.158289 0.562900 0.199700 1 2 1.000000
  2 6.800770 4.336500 19.126659 0.323052 0.874036 0.362903 0.508820 0.219070 2 2 0.925926 1 0.074074
  2 9.310829 1.894880 18.668840 0.912976 0.370093 0.171771 0.490510 0.164410 1 2 1.000000
scout_body_blue
  2 4.495630 3.459550 19.485140 -0.579995 0.771296 0.262122 0.509080 0.254500 2 2 0.938939 1 0.061061
  2 6.800770 4.336500 19.126659 0.323052 0.874036 0.362903 0.508820 0.219070 2 2 0.925926 1 0.074074
  2 7.007205 5.797263 13.182476 0.218154 0.962992 -0.158289 0.562900 0.199700 1 2 1.000000
scout_body_blue
  2 4.470660 4.955940 12.642840 -0.675528 0.717169 -0.171262 0.574930 0.228870 1 2 1.000000
  2 4.495630 3.459550 19.485140 -0.579995 0.771296 0.262122 0.509080 0.254500 2 2 0.938939 1 0.061061
  2 7.007205 5.797263 13.182476 0.218154 0.962992 -0.158289 0.562900 0.199700 1 2 1.000000
scout_body_blue
  1 4.505710 3.827451 25.415194 -0.338972 0.923835 -0.177841 0.385780 0.313850 2 1 0.944724 2 0.055276
  1 4.603617 3.375982 22.991573 -0.445246 0.856269 -0.261838 0.444200 0.291900 2 1 0.758517 2 0.241483
  1 3.234650 1.781450 24.062962 -0.769573 0.520672 -0.369672 0.432660 0.339810 2 1 0.697395 2 0.302605
scout_body_blue
  1 4.603617 3.375982 22.991573 -0.445246 0.856269 -0.261838 0.444200 0.291900 2 1 0.758517 2 0.241483
  1 4.505710 3.827451 25.415194 -0.338972 0.923835 -0.177841 0.385780 0.313850 2 1 0.944724 2 0.055276
  1 7.090520 3.644979 23.584122 0.361103 0.930618 -0.059621 0.416690 0.251390 2 1 0.826305 2 0.173695
scout_body_blue
  1 4.603617 3.375982 22.991573 -0.445246 0.856269 -0.261838 0.444200 0.291900 2 1 0.758517 2 0.241483
  1 7.090520 3.644979 23.584122 0.361103 0.930618 -0.059621 0.416690 0.251390 2 1 0.826305 2 0.173695
  1 4.692941 3.018900 22.046001 -0.469392 0.874423 -0.122700 0.463700 0.281070 2 1 0.580581 2 0.419419
scout_body_blue
  2 7.174220 3.172880 21.673733 0.540224 0.834736 -0.106651 0.454830 0.228330 2 2 0.575576 1 0.424424
  1 4.692941 3.018900 22.046001 -0.469392 0.874423 -0.122700 0.463700 0.281070 2 1 0.580581 2 0.419419
  1 7.090520 3.644979 23.584122 0.361103 0.930618 -0.059621 0.416690 0.251390 2 1 0.826305 2 0.173695
scout_body_blue
  2 7.174220 3.172880 21.673733 0.540224 0.834736 -0.106651 0.454830 0.228330 2 2 0.575576 1 0.424424
  2 7.127470 3.311800 20.560690 0.403883 0.875967 0.263742 0.476930 0.218840 2 2 0.799800 1 0.200200
  1 4.692941 3.018900 22.046001 -0.469392 0.874423 -0.122700 0.463700 0.281070 2 1 0.580581 2 0.419419
scout_body_blue
  2 4.746700 4.427300 11.759390 -0.464254 0.656276 -0.594786 0.604720 0.223990 1 2 1.000000
  2 4.470660 4.955940 12.642840 -0.675528 0.717169 -0.171262 0.574930 0.228870 1 2 1.000000
  2 7.297060 5.061990 12.284250 0.200421 0.921575 -0.332462 0.588150 0.187720 1 2 1.000000
scout_body_blue
  2 7.007205 5.797263 13.182476 0.218154 0.962992 -0.158289 0.562900 0.199700 1 2 1.000000
  2 7.297060 5.061990 12.284250 0.200421 0.921575 -0.332462 0.588150 0.187720 1 2 1.000000
  2 4.470660 4.955940 12.642840 -0.675528 0.717169 -0.171262 0.574930 0.228870 1 2 1.000000
scout_body_blue
  2 7.297060 5.061990 12.284250 0.200421 0.921575 -0.332462 0.588150 0.187720 1 2 1.000000
  2 9.523310 3.033070 14.159900 0.952788 0.299592 0.049400 0.553300 0.151190 1 2 1.000000
  2 9.754209 3.793989 12.167609 0.893909 0.296843 -0.335873 0.581020 0.149660 1 2 1.000000
scout_body_blue
  2 7.007205 5.797263 13.182476 0.218154 0.962992 -0.158289 0.562900 0.199700 1 2 1.000000
  2 9.523310 3.033070 14.159900 0.952788 0.299592 0.049400 0.553300 0.151190 1 2 1.000000
  2 7.297060 5.061990 12.284250 0.200421 0.921575 -0.332462 0.588150 0.187720 1 2 1.000000
scout_body_blue
  2 9.310829 1.894880 18.668840 0.912976 0.370093 0.171771 0.490510 0.164410 1 2 1.000000
  2 9.523310 3.033070 14.159900 0.952788 0.299592 0.049400 0.553300 0.151190 1 2 1.000000
  2 7.007205 5.797263 13.182476 0.218154 0.962992 -0.158289 0.562900 0.199700 1 2 1.000000
scout_body_blue
  2 4.495630 3.459550 19.485140 -0.579995 0.771296 0.262122 0.509080 0.254500 2 2 0.938939 1 0.061061
  2 4.470660 4.955940 12.642840 -0.675528 0.717169 -0.171262 0.574930 0.228870 1 2 1.000000
  2 2.760670 0.665310 17.783430 -0.994926 0.002660 -0.100571 0.547400 0.301540 1 2 1.000000
scout_body_blue
  2 3.345750 1.488980 13.437480 -0.952856 -0.137241 -0.270612 0.604970 0.274360 1 2 1.000000
  2 2.760670 0.665310 17.783430 -0.994926 0.002660 -0.100571 0.547400 0.301540 1 2 1.000000
  2 4.470660 4.955940 12.642840 -0.675528 0.717169 -0.171262 0.574930 0.228870 1 2 1.000000
scout_body_blue
  2 3.345750 1.488980 13.437480 -0.952856 -0.137241 -0.270612 0.604970 0.274360 1 2 1.000000
  2 4.470660 4.955940 12.642840 -0.675528 0.717169 -0.171262 0.574930 0.228870 1 2 1.000000
  2 3.693950 1.857679 11.469870 -0.799398 -0.060721 -0.597726 0.627310 0.256710 1 2 1.000000
scout_body_blue
  2 3.693950 1.857679 11.469870 -0.799398 -0.060721 -0.597726 0.627310 0.256710 1 2 1.000000
  2 4.470660 4.955940 12.642840 -0.675528 0.717169 -0.171262 0.574930 0.228870 1 2 1.000000
  2 4.746700 4.427300 11.759390 -0.464254 0.656276 -0.594786 0.604720 0.223990 1 2 1.000000
scout_body_blue
  2 4.746700 4.427300 11.759390 -0.464254 0.656276 -0.594786 0.604720 0.223990 1 2 1.000000
  2 4.634590 3.228159 11.200061 -0.441634 0.188602 -0.877148 0.626200 0.236480 1 2 1.000000
  2 3.693950 1.857679 11.469870 -0.799398 -0.060721 -0.597726 0.627310 0.256710 1 2 1.000000
scout_body_blue
  2 6.119999 4.294019 11.315280 -0.225921 0.714753 -0.661882 0.615940 0.204340 1 2 1.000000
  2 4.634590 3.228159 11.200061 -0.441634 0.188602 -0.877148 0.626200 0.236480 1 2 1.000000
  2 4.746700 4.427300 11.759390 -0.464254 0.656276 -0.594786 0.604720 0.223990 1 2 1.000000
scout_body_blue
  2 4.746700 4.427300 11.759390 -0.464254 0.656276 -0.594786 0.604720 0.223990 1 2 1.000000
  2 7.297060 5.061990 12.284250 0.200421 0.921575 -0.332462 0.588150 0.187720 1 2 1.000000
  2 6.119999 4.294019 11.315280 -0.225921 0.714753 -0.661882 0.615940 0.204340 1 2 1.000000
scout_body_blue
  2 7.297060 5.061990 12.284250 0.200421 0.921575 -0.332462 0.588150 0.187720 1 2 1.000000
  2 7.174884 4.952125 11.436264 -0.110122 0.990053 -0.087563 0.606100 0.184100 1 2 1.000000
  2 6.119999 4.294019 11.315280 -0.225921 0.714753 -0.661882 0.615940 0.204340 1 2 1.000000
scout_body_blue
  2 8.928117 3.905788 11.629102 0.581448 0.493692 -0.646673 0.591100 0.148500 1 2 1.000000
  2 7.174884 4.952125 11.436264 -0.110122 0.990053 -0.087563 0.606100 0.184100 1 2 1.000000
  2 7.297060 5.061990 12.284250 0.200421 0.921575 -0.332462 0.588150 0.187720 1 2 1.000000
scout_body_blue
  2 9.754209 3.793989 12.167609 0.893909 0.296843 -0.335873 0.581020 0.149660 1 2 1.000000
  2 8.928117 3.905788 11.629102 0.581448 0.493692 -0.646673 0.591100 0.148500 1 2 1.000000
  2 7.297060 5.061990 12.284250 0.200421 0.921575 -0.332462 0.588150 0.187720 1 2 1.000000
scout_body_blue
  2 9.754209 3.793989 12.167609 0.893909 0.296843 -0.335873 0.581020 0.149660 1 2 1.000000
  2 8.644974 0.651341 12.638681 0.865415 -0.290525 -0.408230 0.558500 0.108900 1 2 1.000000
  2 8.928117 3.905788 11.629102 0.581448 0.493692 -0.646673 0.591100 0.148500 1 2 1.000000
scout_body_blue
  2 9.754209 3.793989 12.167609 0.893909 0.296843 -0.335873 0.581020 0.149660 1 2 1.000000
  2 9.523310 3.033070 14.159900 0.952788 0.299592 0.049400 0.553300 0.151190 1 2 1.000000
  2 8.644974 0.651341 12.638681 0.865415 -0.290525 -0.408230 0.558500 0.108900 1 2 1.000000
scout_body_blue
  2 8.677680 -1.235380 13.391731 0.820734 -0.483493 -0.304352 0.540160 0.106670 2 2 0.923313 1 0.076687
  2 8.644974 0.651341 12.638681 0.865415 -0.290525 -0.408230 0.558500 0.108900 1 2 1.000000
  2 9.523310 3.033070 14.159900 0.952788 0.299592 0.049400 0.553300 0.151190 1 2 1.000000
scout_body_blue
  2 8.677680 -1.235380 13.391731 0.820734 -0.483493 -0.304352 0.540160 0.106670 2 2 0.923313 1 0.076687
  2 9.523310 3.033070 14.159900 0.952788 0.299592 0.049400 0.553300 0.151190 1 2 1.000000
  2 9.310829 1.894880 18.668840 0.912976 0.370093 0.171771 0.490510 0.164410 1 2 1.000000
scout_body_blue
  2 8.000110 -2.583180 18.222061 0.696575 -0.672905 -0.248962 0.470270 0.115450 2 2 0.649950 1 0.350050
  2 8.677680 -1.235380 13.391731 0.820734 -0.483493 -0.304352 0.540160 0.106670 2 2 0.923313 1 0.076687
  2 9.310829 1.894880 18.668840 0.912976 0.370093 0.171771 0.490510 0.164410 1 2 1.000000
scout_body_blue
  2 8.000110 -2.583180 18.222061 0.696575 -0.672905 -0.248962 0.470270 0.115450 2 2 0.649950 1 0.350050
  2 9.310829 1.894880 18.668840 0.912976 0.370093 0.171771 0.490510 0.164410 1 2 1.000000
  2 8.492890 -2.464550 19.362011 0.908226 -0.413473 -0.064550 0.454620 0.129580 2 2 0.573146 1 0.426854
scout_body_blue
  2 8.492890 -2.464550 19.362011 0.908226 -0.413473 -0.064550 0.454620 0.129580 2 2 0.573146 1 0.426854
  2 7.897310 -3.223950 18.831001 0.520197 -0.801401 -0.295214 0.455160 0.116410 2 2 0.612839 1 0.387162
  2 8.000110 -2.583180 18.222061 0.696575 -0.672905 -0.248962 0.470270 0.115450 2 2 0.649950 1 0.350050
scout_body_blue
  2 8.492890 -2.464550 19.362011 0.908226 -0.413473 -0.064550 0.454620 0.129580 2 2 0.573146 1 0.426854
  1 8.111729 -2.574329 23.341694 0.853770 -0.505996 0.122661 0.376930 0.154600 2 1 0.708543 2 0.291457
  2 7.897310 -3.223950 18.831001 0.520197 -0.801401 -0.295214 0.455160 0.116410 2 2 0.612839 1 0.387162
scout_body_blue
  1 7.138321 -3.809410 21.226131 0.360753 -0.932029 0.034350 0.401580 0.125220 2 1 0.519559 2 0.480441
  2 7.897310 -3.223950 18.831001 0.520197 -0.801401 -0.295214 0.455160 0.116410 2 2 0.612839 1 0.387162
  1 8.111729 -2.574329 23.341694 0.853770 -0.505996 0.122661 0.376930 0.154600 2 1 0.708543 2 0.291457
scout_body_blue
  1 5.945930 -3.884629 22.797024 0.086441 -0.996238 -0.006100 0.366950 0.114530 2 1 0.642211 2 0.357789
  1 7.138321 -3.809410 21.226131 0.360753 -0.932029 0.034350 0.401580 0.125220 2 1 0.519559 2 0.480441
  1 8.111729 -2.574329 23.341694 0.853770 -0.505996 0.122661 0.376930 0.154600 2 1 0.708543 2 0.291457
scout_body_blue
  1 5.036830 -3.917049 21.268974 -0.328102 -0.943917 -0.037000 0.394100 0.089940 2 1 0.531595 2 0.468405
  1 7.138321 -3.809410 21.226131 0.360753 -0.932029 0.034350 0.401580 0.125220 2 1 0.519559 2 0.480441
  1 5.945930 -3.884629 22.797024 0.086441 -0.996238 -0.006100 0.366950 0.114530 2 1 0.642211 2 0.357789
scout_body_blue
  1 3.479680 -3.070569 22.334457 -0.656864 -0.712664 -0.246251 0.364870 0.078650 2 1 0.638554 2 0.361446
  1 5.036830 -3.917049 21.268974 -0.328102 -0.943917 -0.037000 0.394100 0.089940 2 1 0.531595 2 0.468405
  1 5.945930 -3.884629 22.797024 0.086441 -0.996238 -0.006100 0.366950 0.114530 2 1 0.642211 2 0.357789
scout_body_blue
  1 3.473780 -2.545909 20.626291 -0.848078 -0.517035 -0.115921 0.411030 0.062810 2 1 0.519038 2 0.480962
  1 5.036830 -3.917049 21.268974 -0.328102 -0.943917 -0.037000 0.394100 0.089940 2 1 0.531595 2 0.468405
  1 3.479680 -3.070569 22.334457 -0.656864 -0.712664 -0.246251 0.364870 0.078650 2 1 0.638554 2 0.361446
scout_body_blue
  1 5.036830 -3.917049 21.268974 -0.328102 -0.943917 -0.037000 0.394100 0.089940 2 1 0.531595 2 0.468405
  1 3.473780 -2.545909 20.626291 -0.848078 -0.517035 -0.115921 0.411030 0.062810 2 1 0.519038 2 0.480962
  2 4.632720 -3.474880 17.786592 -0.488934 -0.808637 -0.327183 0.461870 0.074750 2 2 0.620482 1 0.379518
scout_body_blue
  1 7.138321 -3.809410 21.226131 0.360753 -0.932029 0.034350 0.401580 0.125220 2 1 0.519559 2 0.480441
  1 5.036830 -3.917049 21.268974 -0.328102 -0.943917 -0.037000 0.394100 0.089940 2 1 0.531595 2 0.468405
  2 4.632720 -3.474880 17.786592 -0.488934 -0.808637 -0.327183 0.461870 0.074750 2 2 0.620482 1 0.379518
scout_body_blue
  2 7.897310 -3.223950 18.831001 0.520197 -0.801401 -0.295214 0.455160 0.116410 2 2 0.612839 1 0.387162
  1 7.138321 -3.809410 21.226131 0.360753 -0.932029 0.034350 0.401580 0.125220 2 1 0.519559 2 0.480441
  2 4.632720 -3.474880 17.786592 -0.488934 -0.808637 -0.327183 0.461870 0.074750 2 2 0.620482 1 0.379518
scout_body_blue
  2 8.000110 -2.583180 18.222061 0.696575 -0.672905 -0.248962 0.470270 0.115450 2 2 0.649950 1 0.350050
  2 7.897310 -3.223950 18.831001 0.520197 -0.801401 -0.295214 0.455160 0.116410 2 2 0.612839 1 0.387162
  2 4.632720 -3.474880 17.786592 -0.488934 -0.808637 -0.327183 0.461870 0.074750 2 2 0.620482 1 0.379518
scout_body_blue
  2 4.632720 -3.474880 17.786592 -0.488934 -0.808637 -0.327183 0.461870 0.074750 2 2 0.620482 1 0.379518
  2 7.225300 -1.995970 12.406351 0.141781 -0.769147 -0.623146 0.546100 0.079090 2 2 0.927159 1 0.072841
  2 8.000110 -2.583180 18.222061 0.696575 -0.672905 -0.248962 0.470270 0.115450 2 2 0.649950 1 0.350050
scout_body_blue
  2 8.000110 -2.583180 18.222061 0.696575 -0.672905 -0.248962 0.470270 0.115450 2 2 0.649950 1 0.350050
  2 7.225300 -1.995970 12.406351 0.141781 -0.769147 -0.623146 0.546100 0.079090 2 2 0.927159 1 0.072841
  2 8.677680 -1.235380 13.391731 0.820734 -0.483493 -0.304352 0.540160 0.106670 2 2 0.923313 1 0.076687
scout_body_blue
  2 8.677680 -1.235380 13.391731 0.820734 -0.483493 -0.304352 0.540160 0.106670 2 2 0.923313 1 0.076687
  2 7.225300 -1.995970 12.406351 0.141781 -0.769147 -0.623146 0.546100 0.079090 2 2 0.927159 1 0.072841
  2 8.644974 0.651341 12.638681 0.865415 -0.290525 -0.408230 0.558500 0.108900 1 2 1.000000
scout_body_blue
  2 7.225300 -1.995970 12.406351 0.141781 -0.769147 -0.623146 0.546100 0.079090 2 2 0.927159 1 0.072841
  2 7.247788 -0.457879 11.702412 0.370654 -0.428373 -0.824082 0.564800 0.076000 1 2 1.000000
  2 8.644974 0.651341 12.638681 0.865415 -0.290525 -0.408230 0.558500 0.108900 1 2 1.000000
scout_body_blue
  2 7.247788 -0.457879 11.702412 0.370654 -0.428373 -0.824082 0.564800 0.076000 1 2 1.000000
  2 8.489209 0.900910 11.883900 0.878244 -0.369548 -0.303514 0.572500 0.103700 1 2 1.000000
  2 8.644974 0.651341 12.638681 0.865415 -0.290525 -0.408230 0.558500 0.108900 1 2 1.000000
scout_body_blue
  2 8.644974 0.651341 12.638681 0.865415 -0.290525 -0.408230 0.558500 0.108900 1 2 1.000000
  2 8.489209 0.900910 11.883900 0.878244 -0.369548 -0.303514 0.572500 0.103700 1 2 1.000000
  2 8.928117 3.905788 11.629102 0.581448 0.493692 -0.646673 0.591100 0.148500 1 2 1.000000
scout_body_blue
  2 5.552649 -1.850780 13.259180 -0.646107 -0.562436 -0.515956 0.530230 0.061860 2 2 0.913354 1 0.086646
  2 7.225300 -1.995970 12.406351 0.141781 -0.769147 -0.623146 0.546100 0.079090 2 2 0.927159 1 0.072841
  2 4.632720 -3.474880 17.786592 -0.488934 -0.808637 -0.327183 0.461870 0.074750 2 2 0.620482 1 0.379518
scout_body_blue
  2 4.984910 0.218540 12.350399 -0.558923 -0.484873 -0.672684 0.546970 0.045030 1 2 1.000000
  2 7.225300 -1.995970 12.406351 0.141781 -0.769147 -0.623146 0.546100 0.079090 2 2 0.927159 1 0.072841
  2 5.552649 -1.850780 13.259180 -0.646107 -0.562436 -0.515956 0.530230 0.061860 2 2 0.913354 1 0.086646
scout_body_blue
  2 4.984910 0.218540 12.350399 -0.558923 -0.484873 -0.672684 0.546970 0.045030 1 2 1.000000
  2 5.909180 0.128240 11.577839 -0.356652 -0.429502 -0.829655 0.562680 0.052330 1 2 1.000000
  2 7.225300 -1.995970 12.406351 0.141781 -0.769147 -0.623146 0.546100 0.079090 2 2 0.927159 1 0.072841
scout_body_blue
  2 5.909180 0.128240 11.577839 -0.356652 -0.429502 -0.829655 0.562680 0.052330 1 2 1.000000
  2 7.247788 -0.457879 11.702412 0.370654 -0.428373 -0.824082 0.564800 0.076000 1 2 1.000000
  2 7.225300 -1.995970 12.406351 0.141781 -0.769147 -0.623146 0.546100 0.079090 2 2 0.927159 1 0.072841
scout_body_blue
  2 4.634590 3.228159 11.200061 -0.441634 0.188602 -0.877148 0.578110 0.006500 1 2 1.000000
  2 5.909180 0.128240 11.577839 -0.356652 -0.429502 -0.829655 0.562680 0.052330 1 2 1.000000
  2 3.693950 1.857679 11.469870 -0.799398 -0.060721 -0.597726 0.557930 0.013340 1 2 1.000000
scout_body_blue
  2 3.693950 1.857679 11.469870 -0.799398 -0.060721 -0.597726 0.557930 0.013340 1 2 1.000000
  2 5.909180 0.128240 11.577839 -0.356652 -0.429502 -0.829655 0.562680 0.052330 1 2 1.000000
  2 4.984910 0.218540 12.350399 -0.558923 -0.484873 -0.672684 0.546970 0.045030 1 2 1.000000
scout_body_blue
  2 4.984910 0.218540 12.350399 -0.558923 -0.484873 -0.672684 0.546970 0.045030 1 2 1.000000
  2 3.345750 1.488980 13.437480 -0.952856 -0.137241 -0.270612 0.527330 0.012750 1 2 1.000000
  2 3.693950 1.857679 11.469870 -0.799398 -0.060721 -0.597726 0.557930 0.013340 1 2 1.000000
scout_body_blue
  2 5.552649 -1.850780 13.259180 -0.646107 -0.562436 -0.515956 0.530230 0.061860 2 2 0.913354 1 0.086646
  2 3.345750 1.488980 13.437480 -0.952856 -0.137241 -0.270612 0.527330 0.012750 1 2 1.000000
  2 4.984910 0.218540 12.350399 -0.558923 -0.484873 -0.672684 0.546970 0.045030 1 2 1.000000
scout_body_blue
  2 2.760670 0.665310 17.783430 -0.994926 0.002660 -0.100571 0.462050 0.022380 1 2 1.000000
  2 3.345750 1.488980 13.437480 -0.952856 -0.137241 -0.270612 0.527330 0.012750 1 2 1.000000
  2 5.552649 -1.850780 13.259180 -0.646107 -0.562436 -0.515956 0.530230 0.061860 2 2 0.913354 1 0.086646
scout_body_blue
  2 4.632720 -3.474880 17.786592 -0.488934 -0.808637 -0.327183 0.461870 0.074750 2 2 0.620482 1 0.379518
  2 2.760670 0.665310 17.783430 -0.994926 0.002660 -0.100571 0.462050 0.022380 1 2 1.000000
  2 5.552649 -1.850780 13.259180 -0.646107 -0.562436 -0.515956 0.530230 0.061860 2 2 0.913354 1 0.086646
scout_body_blue
  2 4.632720 -3.474880 17.786592 -0.488934 -0.808637 -0.327183 0.461870 0.074750 2 2 0.620482 1 0.379518
  2 3.651550 -2.436729 18.895042 -0.848428 -0.516865 -0.114111 0.447200 0.060710 2 2 0.519038 1 0.480962
  2 2.760670 0.665310 17.783430 -0.994926 0.002660 -0.100571 0.462050 0.022380 1 2 1.000000
scout_body_blue
  2 4.632720 -3.474880 17.786592 -0.488934 -0.808637 -0.327183 0.461870 0.074750 2 2 0.620482 1 0.379518
  1 3.473780 -2.545909 20.626291 -0.848078 -0.517035 -0.115921 0.411030 0.062810 2 1 0.519038 2 0.480962
  2 3.651550 -2.436729 18.895042 -0.848428 -0.516865 -0.114111 0.447200 0.060710 2 2 0.519038 1 0.480962
scout_body_blue
  2 3.651550 -2.436729 18.895042 -0.848428 -0.516865 -0.114111 0.447200 0.060710 2 2 0.519038 1 0.480962
  1 3.473780 -2.545909 20.626291 -0.848078 -0.517035 -0.115921 0.411030 0.062810 2 1 0.519038 2 0.480962
  2 2.686950 0.112390 19.508039 -0.990394 0.074320 -0.116601 0.434950 0.024640 1 2 1.000000
scout_body_blue
  1 3.473780 -2.545909 20.626291 -0.848078 -0.517035 -0.115921 0.411030 0.062810 2 1 0.519038 2 0.480962
  2 2.339720 -0.021310 21.058943 -0.984468 0.149941 -0.091321 0.407610 0.023450 2 2 0.547548 1 0.452453
  2 2.686950 0.112390 19.508039 -0.990394 0.074320 -0.116601 0.434950 0.024640 1 2 1.000000
scout_body_blue
  2 2.339720 -0.021310 21.058943 -0.984468 0.149941 -0.091321 0.407610 0.023450 2 2 0.547548 1 0.452453
  1 3.473780 -2.545909 20.626291 -0.848078 -0.517035 -0.115921 0.411030 0.062810 2 1 0.519038 2 0.480962
  1 2.431133 -0.202723 22.265713 -0.990977 0.126932 -0.043040 0.384400 0.021800 2 1 0.605606 2 0.394394
scout_body_blue
  1 3.473780 -2.545909 20.626291 -0.848078 -0.517035 -0.115921 0.411030 0.062810 2 1 0.519038 2 0.480962
  1 3.479680 -3.070569 22.334457 -0.656864 -0.712664 -0.246251 0.364870 0.078650 2 1 0.638554 2 0.361446
  1 2.431133 -0.202723 22.265713 -0.990977 0.126932 -0.043040 0.384400 0.021800 2 1 0.605606 2 0.394394
scout_body_blue
  1 2.041500 -1.937179 23.506874 -0.906085 -0.133951 -0.401332 0.347180 0.037420 2 1 0.754280 2 0.245720
  1 2.431133 -0.202723 22.265713 -0.990977 0.126932 -0.043040 0.384400 0.021800 2 1 0.605606 2 0.394394
  1 3.479680 -3.070569 22.334457 -0.656864 -0.712664 -0.246251 0.364870 0.078650 2 1 0.638554 2 0.361446
scout_body_blue
  1 2.041500 -1.937179 23.506874 -0.906085 -0.133951 -0.401332 0.347180 0.037420 2 1 0.754280 2 0.245720
  1 3.479680 -3.070569 22.334457 -0.656864 -0.712664 -0.246251 0.364870 0.078650 2 1 0.638554 2 0.361446
  1 3.909080 -3.760229 23.488604 -0.433263 -0.876875 -0.208261 0.349500 0.078680 2 1 0.707661 2 0.292339
scout_body_blue
  1 2.041500 -1.937179 23.506874 -0.906085 -0.133951 -0.401332 0.347180 0.037420 2 1 0.754280 2 0.245720
  1 3.909080 -3.760229 23.488604 -0.433263 -0.876875 -0.208261 0.349500 0.078680 2 1 0.707661 2 0.292339
  1 1.722200 -2.011059 24.492502 -0.919300 -0.284453 -0.271983 0.322130 0.029570 2 1 0.809909 2 0.190091
scout_body_blue
  1 3.909080 -3.760229 23.488604 -0.433263 -0.876875 -0.208261 0.349500 0.078680 2 1 0.707661 2 0.292339
  1 2.820410 -3.350099 25.440004 -0.541324 -0.820846 -0.182151 0.315550 0.071070 1 1 1.000000
  1 1.722200 -2.011059 24.492502 -0.919300 -0.284453 -0.271983 0.322130 0.029570 2 1 0.809909 2 0.190091
scout_body_blue
  1 1.722200 -2.011059 24.492502 -0.919300 -0.284453 -0.271983 0.322130 0.029570 2 1 0.809909 2 0.190091
  1 2.820410 -3.350099 25.440004 -0.541324 -0.820846 -0.182151 0.315550 0.071070 1 1 1.000000
  1 1.173430 -2.234819 27.012552 -0.942057 -0.235202 -0.239182 0.270490 0.024190 2 1 0.900621 2 0.099379
scout_body_blue
  1 2.820410 -3.350099 25.440004 -0.541324 -0.820846 -0.182151 0.315550 0.071070 1 1 1.000000
  1 2.334240 -3.844998 27.039022 -0.432406 -0.882772 -0.183683 0.274600 0.060160 2 1 0.876171 2 0.123829
  1 1.173430 -2.234819 27.012552 -0.942057 -0.235202 -0.239182 0.270490 0.024190 2 1 0.900621 2 0.099379
scout_body_blue
  2 3.651550 -2.436729 18.895042 -0.848428 -0.516865 -0.114111 0.447200 0.060710 2 2 0.519038 1 0.480962
  2 2.686950 0.112390 19.508039 -0.990394 0.074320 -0.116601 0.434950 0.024640 1 2 1.000000
  2 2.760670 0.665310 17.783430 -0.994926 0.002660 -0.100571 0.462050 0.022380 1 2 1.000000
scout_body_blue
  5 -0.047700 -5.180250 40.857441 0.000570 -0.994497 -0.104761 0.043620 0.117840 3 5 0.490982 0 0.352705 6 0.156313
  0 -1.145787 -5.233294 40.871223 -0.595881 -0.797278 -0.096294 0.047900 0.136500 3 0 0.359720 5 0.492986 6 0.147295
  0 -0.047700 -4.994530 38.152206 0.000310 -0.997038 -0.076911 0.072790 0.098810 3 0 0.504644 5 0.382869 41 0.112487
scout_body_blue
  0 -0.047700 -4.994530 38.152206 0.000310 -0.997038 -0.076911 0.072790 0.098810 3 0 0.504644 5 0.382869 41 0.112487
  0 1.019830 -4.712469 38.414471 0.202972 -0.978487 -0.036940 0.081620 0.116240 3 0 0.504644 5 0.382869 1 0.112487
  5 -0.047700 -5.180250 40.857441 0.000570 -0.994497 -0.104761 0.043620 0.117840 3 5 0.490982 0 0.352705 6 0.156313
scout_body_blue
  5 -0.047700 -5.180250 40.857441 0.000570 -0.994497 -0.104761 0.043620 0.117840 3 5 0.490982 0 0.352705 6 0.156313
  0 1.019830 -4.712469 38.414471 0.202972 -0.978487 -0.036940 0.081620 0.116240 3 0 0.504644 5 0.382869 1 0.112487
  0 1.050413 -5.233289 40.871223 0.560999 -0.812696 -0.157496 0.047900 0.136500 3 0 0.359720 5 0.492986 6 0.147295
scout_body_blue
  0 1.050413 -5.233289 40.871223 0.560999 -0.812696 -0.157496 0.047900 0.136500 3 0 0.359720 5 0.492986 6 0.147295
  0 1.019830 -4.712469 38.414471 0.202972 -0.978487 -0.036940 0.081620 0.116240 3 0 0.504644 5 0.382869 1 0.112487
  0 3.894350 -3.965330 41.053009 0.541222 -0.835863 0.091710 0.075850 0.188620 2 0 0.597598 5 0.402402
scout_body_blue
  0 3.894350 -3.965330 41.053009 0.541222 -0.835863 0.091710 0.075850 0.188620 2 0 0.597598 5 0.402402
  0 1.019830 -4.712469 38.414471 0.202972 -0.978487 -0.036940 0.081620 0.116240 3 0 0.504644 5 0.382869 1 0.112487
  0 2.731490 -4.580369 37.108730 0.108020 -0.993501 -0.035870 0.117210 0.129780 2 0 0.542973 1 0.457027
scout_body_blue
  0 3.894350 -3.965330 41.053009 0.541222 -0.835863 0.091710 0.075850 0.188620 2 0 0.597598 5 0.402402
  0 2.731490 -4.580369 37.108730 0.108020 -0.993501 -0.035870 0.117210 0.129780 2 0 0.542973 1 0.457027
  0 4.430390 -4.182970 38.948372 0.382262 -0.917504 0.109830 0.110020 0.178270 2 0 0.755756 1 0.244244
scout_body_blue
  0 4.430390 -4.182970 38.948372 0.382262 -0.917504 0.109830 0.110020 0.178270 2 0 0.755756 1 0.244244
  0 2.731490 -4.580369 37.108730 0.108020 -0.993501 -0.035870 0.117210 0.129780 2 0 0.542973 1 0.457027
  0 5.272821 -4.384152 35.069275 0.115253 -0.993251 0.012967 0.159200 0.167200 2 0 0.133133 1 0.866867
scout_body_blue
  0 5.272821 -4.384152 35.069275 0.115253 -0.993251 0.012967 0.159200 0.167200 2 0 0.133133 1 0.866867
  0 2.731490 -4.580369 37.108730 0.108020 -0.993501 -0.035870 0.117210 0.129780 2 0 0.542973 1 0.457027
  1 4.280260 -4.447549 29.991215 0.077501 -0.995228 -0.059281 0.227710 0.116710 2 1 0.902105 0 0.097895
scout_body_blue
  0 5.272821 -4.384152 35.069275 0.115253 -0.993251 0.012967 0.159200 0.167200 2 0 0.133133 1 0.866867
  1 4.280260 -4.447549 29.991215 0.077501 -0.995228 -0.059281 0.227710 0.116710 2 1 0.902105 0 0.097895
  1 5.726870 -4.011349 30.413132 0.388442 -0.921403 -0.011360 0.231600 0.143750 1 1 1.000000
scout_body_blue
  1 6.038130 -3.877639 26.978304 0.346252 -0.937245 0.041010 0.301520 0.126240 2 1 0.902764 2 0.097236
  1 5.726870 -4.011349 30.413132 0.388442 -0.921403 -0.011360 0.231600 0.143750 1 1 1.000000
  1 4.280260 -4.447549 29.991215 0.077501 -0.995228 -0.059281 0.227710 0.116710 2 1 0.902105 0 0.097895
scout_body_blue
  1 6.038130 -3.877639 26.978304 0.346252 -0.937245 0.041010 0.301520 0.126240 2 1 0.902764 2 0.097236
  1 4.280260 -4.447549 29.991215 0.077501 -0.995228 -0.059281 0.227710 0.116710 2 1 0.902105 0 0.097895
  1 2.334240 -3.844998 27.039022 -0.432406 -0.882772 -0.183683 0.274600 0.060160 2 1 0.876171 2 0.123829
scout_body_blue
  1 6.038130 -3.877639 26.978304 0.346252 -0.937245 0.041010 0.301520 0.126240 2 1 0.902764 2 0.097236
  1 2.334240 -3.844998 27.039022 -0.432406 -0.882772 -0.183683 0.274600 0.060160 2 1 0.876171 2 0.123829
  1 4.151470 -3.944079 25.125662 -0.202732 -0.977171 -0.063541 0.329830 0.098790 2 1 0.816430 2 0.183570
scout_body_blue
  1 2.820410 -3.350099 25.440004 -0.541324 -0.820846 -0.182151 0.315550 0.071070 1 1 1.000000
  1 4.151470 -3.944079 25.125662 -0.202732 -0.977171 -0.063541 0.329830 0.098790 2 1 0.816430 2 0.183570
  1 2.334240 -3.844998 27.039022 -0.432406 -0.882772 -0.183683 0.274600 0.060160 2 1 0.876171 2 0.123829
scout_body_blue
  1 3.909080 -3.760229 23.488604 -0.433263 -0.876875 -0.208261 0.349500 0.078680 2 1 0.707661 2 0.292339
  1 4.151470 -3.944079 25.125662 -0.202732 -0.977171 -0.063541 0.329830 0.098790 2 1 0.816430 2 0.183570
  1 2.820410 -3.350099 25.440004 -0.541324 -0.820846 -0.182151 0.315550 0.071070 1 1 1.000000
scout_body_blue
  1 5.945930 -3.884629 22.797024 0.086441 -0.996238 -0.006100 0.366950 0.114530 2 1 0.642211 2 0.357789
  1 4.151470 -3.944079 25.125662 -0.202732 -0.977171 -0.063541 0.329830 0.098790 2 1 0.816430 2 0.183570
  1 3.909080 -3.760229 23.488604 -0.433263 -0.876875 -0.208261 0.349500 0.078680 2 1 0.707661 2 0.292339
scout_body_blue
  1 3.479680 -3.070569 22.334457 -0.656864 -0.712664 -0.246251 0.364870 0.078650 2 1 0.638554 2 0.361446
  1 5.945930 -3.884629 22.797024 0.086441 -0.996238 -0.006100 0.366950 0.114530 2 1 0.642211 2 0.357789
  1 3.909080 -3.760229 23.488604 -0.433263 -0.876875 -0.208261 0.349500 0.078680 2 1 0.707661 2 0.292339
scout_body_blue
  1 2.334240 -3.844998 27.039022 -0.432406 -0.882772 -0.183683 0.274600 0.060160 2 1 0.876171 2 0.123829
  1 4.280260 -4.447549 29.991215 0.077501 -0.995228 -0.059281 0.227710 0.116710 2 1 0.902105 0 0.097895
  1 1.135620 -4.190239 33.668762 -0.168382 -0.953520 -0.249893 0.152770 0.071790 2 1 0.656504 0 0.343496
scout_body_blue
  1 1.135620 -4.190239 33.668762 -0.168382 -0.953520 -0.249893 0.152770 0.071790 2 1 0.656504 0 0.343496
  1 4.280260 -4.447549 29.991215 0.077501 -0.995228 -0.059281 0.227710 0.116710 2 1 0.902105 0 0.097895
  0 2.731490 -4.580369 37.108730 0.108020 -0.993501 -0.035870 0.117210 0.129780 2 0 0.542973 1 0.457027
scout_body_blue
  0 -0.089150 -4.797099 36.214233 0.004350 -0.991247 -0.131951 0.102940 0.078520 3 0 0.509510 1 0.292292 41 0.198198
  1 1.135620 -4.190239 33.668762 -0.168382 -0.953520 -0.249893 0.152770 0.071790 2 1 0.656504 0 0.343496
  0 2.731490 -4.580369 37.108730 0.108020 -0.993501 -0.035870 0.117210 0.129780 2 0 0.542973 1 0.457027
scout_body_blue
  0 2.731490 -4.580369 37.108730 0.108020 -0.993501 -0.035870 0.117210 0.129780 2 0 0.542973 1 0.457027
  0 1.019830 -4.712469 38.414471 0.202972 -0.978487 -0.036940 0.081620 0.116240 3 0 0.504644 5 0.382869 1 0.112487
  0 -0.089150 -4.797099 36.214233 0.004350 -0.991247 -0.131951 0.102940 0.078520 3 0 0.509510 1 0.292292 41 0.198198
scout_body_blue
  0 1.019830 -4.712469 38.414471 0.202972 -0.978487 -0.036940 0.081620 0.116240 3 0 0.504644 5 0.382869 1 0.112487
  0 -0.047700 -4.994530 38.152206 0.000310 -0.997038 -0.076911 0.072790 0.098810 3 0 0.504644 5 0.382869 41 0.112487
  0 -0.089150 -4.797099 36.214233 0.004350 -0.991247 -0.131951 0.102940 0.078520 3 0 0.509510 1 0.292292 41 0.198198
scout_body_blue
  0 -0.089150 -4.797099 36.214233 0.004350 -0.991247 -0.131951 0.102940 0.078520 3 0 0.509510 1 0.292292 41 0.198198
  0 -0.047700 -4.994530 38.152206 0.000310 -0.997038 -0.076911 0.072790 0.098810 3 0 0.504644 5 0.382869 41 0.112487
  41 -2.674650 -4.520749 37.030731 -0.121710 -0.992441 -0.015710 0.117210 0.129780 2 41 0.528283 0 0.471717
scout_body_blue
  0 -4.272069 -3.657850 40.170071 -0.420223 -0.892067 0.166221 0.091360 0.184970 2 0 0.937304 41 0.062696
  41 -2.674650 -4.520749 37.030731 -0.121710 -0.992441 -0.015710 0.117210 0.129780 2 41 0.528283 0 0.471717
  0 -0.047700 -4.994530 38.152206 0.000310 -0.997038 -0.076911 0.072790 0.098810 3 0 0.504644 5 0.382869 41 0.112487
scout_body_blue
  0 -4.272069 -3.657850 40.170071 -0.420223 -0.892067 0.166221 0.091360 0.184970 2 0 0.937304 41 0.062696
  0 -4.864203 -4.286757 38.517952 -0.140551 -0.940358 0.309793 0.117800 0.179900 2 0 0.768769 41 0.231231
  41 -2.674650 -4.520749 37.030731 -0.121710 -0.992441 -0.015710 0.117210 0.129780 2 41 0.528283 0 0.471717
scout_body_blue
  0 -4.864203 -4.286757 38.517952 -0.140551 -0.940358 0.309793 0.117800 0.179900 2 0 0.768769 41 0.231231
  0 -4.272069 -3.657850 40.170071 -0.420223 -0.892067 0.166221 0.091360 0.184970 2 0 0.937304 41 0.062696
  0 -6.216700 -1.678480 39.733040 -0.893974 -0.414202 0.171021 0.119210 0.227310 1 0 1.000000
scout_body_blue
  1 1.173430 -2.234819 27.012552 -0.942057 -0.235202 -0.239182 0.270490 0.024190 2 1 0.900621 2 0.099379
  1 2.334240 -3.844998 27.039022 -0.432406 -0.882772 -0.183683 0.274600 0.060160 2 1 0.876171 2 0.123829
  1 0.316070 -1.653009 32.186085 -0.668968 -0.257513 -0.697258 0.178280 0.021350 2 1 0.860271 0 0.139729
scout_body_blue
  1 1.135620 -4.190239 33.668762 -0.168382 -0.953520 -0.249893 0.152770 0.071790 2 1 0.656504 0 0.343496
  1 0.316070 -1.653009 32.186085 -0.668968 -0.257513 -0.697258 0.178280 0.021350 2 1 0.860271 0 0.139729
  1 2.334240 -3.844998 27.039022 -0.432406 -0.882772 -0.183683 0.274600 0.060160 2 1 0.876171 2 0.123829
scout_body_blue
  1 0.316070 -1.653009 32.186085 -0.668968 -0.257513 -0.697258 0.178280 0.021350 2 1 0.860271 0 0.139729
  1 1.135620 -4.190239 33.668762 -0.168382 -0.953520 -0.249893 0.152770 0.071790 2 1 0.656504 0 0.343496
  0 -0.047880 -4.315518 34.006561 -0.000050 -0.896436 -0.443173 0.137610 0.056330 3 0 0.460461 1 0.294294 41 0.245245
scout_body_blue
  0 -0.089150 -4.797099 36.214233 0.004350 -0.991247 -0.131951 0.102940 0.078520 3 0 0.509510 1 0.292292 41 0.198198
  0 -0.047880 -4.315518 34.006561 -0.000050 -0.896436 -0.443173 0.137610 0.056330 3 0 0.460461 1 0.294294 41 0.245245
  1 1.135620 -4.190239 33.668762 -0.168382 -0.953520 -0.249893 0.152770 0.071790 2 1 0.656504 0 0.343496
scout_body_blue
  41 -1.204780 -4.176069 33.679390 0.145621 -0.956555 -0.252581 0.152770 0.071790 2 41 0.752024 0 0.247976
  0 -0.047880 -4.315518 34.006561 -0.000050 -0.896436 -0.443173 0.137610 0.056330 3 0 0.460461 1 0.294294 41 0.245245
  0 -0.089150 -4.797099 36.214233 0.004350 -0.991247 -0.131951 0.102940 0.078520 3 0 0.509510 1 0.292292 41 0.198198
scout_body_blue
  41 -2.674650 -4.520749 37.030731 -0.121710 -0.992441 -0.015710 0.117210 0.129780 2 41 0.528283 0 0.471717
  41 -1.204780 -4.176069 33.679390 0.145621 -0.956555 -0.252581 0.152770 0.071790 2 41 0.752024 0 0.247976
  0 -0.089150 -4.797099 36.214233 0.004350 -0.991247 -0.131951 0.102940 0.078520 3 0 0.509510 1 0.292292 41 0.198198
scout_body_blue
  41 -1.204780 -4.176069 33.679390 0.145621 -0.956555 -0.252581 0.152770 0.071790 2 41 0.752024 0 0.247976
  41 -2.674650 -4.520749 37.030731 -0.121710 -0.992441 -0.015710 0.117210 0.129780 2 41 0.528283 0 0.471717
  41 -3.528850 -4.335719 35.746655 0.217710 -0.975892 0.015400 0.137070 0.139180 2 41 0.583166 0 0.416834
scout_body_blue
  41 -3.528850 -4.335719 35.746655 0.217710 -0.975892 0.015400 0.137070 0.139180 2 41 0.583166 0 0.416834
  41 -2.674650 -4.520749 37.030731 -0.121710 -0.992441 -0.015710 0.117210 0.129780 2 41 0.528283 0 0.471717
  0 -4.864203 -4.286757 38.517952 -0.140551 -0.940358 0.309793 0.117800 0.179900 2 0 0.768769 41 0.231231
scout_body_blue
  41 -5.003699 -4.706429 34.885479 0.080430 -0.996374 0.027730 0.160500 0.159880 2 41 0.853854 0 0.146146
  41 -3.528850 -4.335719 35.746655 0.217710 -0.975892 0.015400 0.137070 0.139180 2 41 0.583166 0 0.416834
  0 -4.864203 -4.286757 38.517952 -0.140551 -0.940358 0.309793 0.117800 0.179900 2 0 0.768769 41 0.231231
scout_body_blue
  41 -4.297590 -4.703289 29.989641 0.453501 -0.887873 -0.077580 0.227710 0.116710 3 41 0.842843 0 0.103103 42 0.054054
  41 -3.528850 -4.335719 35.746655 0.217710 -0.975892 0.015400 0.137070 0.139180 2 41 0.583166 0 0.416834
  41 -5.003699 -4.706429 34.885479 0.080430 -0.996374 0.027730 0.160500 0.159880 2 41 0.853854 0 0.146146
scout_body_blue
  41 -5.003699 -4.706429 34.885479 0.080430 -0.996374 0.027730 0.160500 0.159880 2 41 0.853854 0 0.146146
  0 -5.724072 -4.419392 30.414288 -0.198070 -0.978523 -0.057104 0.231600 0.143700 2 0 0.107741 41 0.892259
  41 -4.297590 -4.703289 29.989641 0.453501 -0.887873 -0.077580 0.227710 0.116710 3 41 0.842843 0 0.103103 42 0.054054
scout_body_blue
  41 -4.297590 -4.703289 29.989641 0.453501 -0.887873 -0.077580 0.227710 0.116710 3 41 0.842843 0 0.103103 42 0.054054
  0 -5.724072 -4.419392 30.414288 -0.198070 -0.978523 -0.057104 0.231600 0.143700 2 0 0.107741 41 0.892259
  41 -4.769525 -4.282347 26.913113 0.005698 -0.996953 -0.077795 0.284900 0.112500 2 41 0.883625 42 0.116375
scout_body_blue
  0 -5.724072 -4.419392 30.414288 -0.198070 -0.978523 -0.057104 0.231600 0.143700 2 0 0.107741 41 0.892259
  41 -5.910014 -4.117949 26.895092 -0.138925 -0.979381 -0.146674 0.295600 0.132100 2 41 0.888205 42 0.111795
  41 -4.769525 -4.282347 26.913113 0.005698 -0.996953 -0.077795 0.284900 0.112500 2 41 0.883625 42 0.116375
scout_body_blue
  41 -5.525260 -4.079638 26.529482 -0.438862 -0.898004 -0.031460 0.301520 0.126240 2 41 0.880490 42 0.119510
  41 -4.769525 -4.282347 26.913113 0.005698 -0.996953 -0.077795 0.284900 0.112500 2 41 0.883625 42 0.116375
  41 -5.910014 -4.117949 26.895092 -0.138925 -0.979381 -0.146674 0.295600 0.132100 2 41 0.888205 42 0.111795
scout_body_blue
  41 -4.594420 -4.179598 24.376650 0.132861 -0.989616 -0.054840 0.329830 0.098790 2 41 0.754297 42 0.245703
  41 -4.769525 -4.282347 26.913113 0.005698 -0.996953 -0.077795 0.284900 0.112500 2 41 0.883625 42 0.116375
  41 -5.525260 -4.079638 26.529482 -0.438862 -0.898004 -0.031460 0.301520 0.126240 2 41 0.880490 42 0.119510
scout_body_blue
  41 -5.525260 -4.079638 26.529482 -0.438862 -0.898004 -0.031460 0.301520 0.126240 2 41 0.880490 42 0.119510
  41 -5.882000 -3.972348 22.933189 -0.242791 -0.969715 -0.026550 0.366950 0.114530 2 41 0.650905 42 0.349095
  41 -4.594420 -4.179598 24.376650 0.132861 -0.989616 -0.054840 0.329830 0.098790 2 41 0.754297 42 0.245703
scout_body_blue
  41 -4.594420 -4.179598 24.376650 0.132861 -0.989616 -0.054840 0.329830 0.098790 2 41 0.754297 42 0.245703
  41 -5.882000 -3.972348 22.933189 -0.242791 -0.969715 -0.026550 0.366950 0.114530 2 41 0.650905 42 0.349095
  41 -3.718871 -3.737239 22.400555 0.601423 -0.785313 -0.146881 0.364870 0.078650 2 41 0.612060 42 0.387940
scout_body_blue
  41 -5.882000 -3.972348 22.933189 -0.242791 -0.969715 -0.026550 0.366950 0.114530 2 41 0.650905 42 0.349095
  41 -4.820141 -4.065729 21.028112 0.109381 -0.989024 -0.099330 0.394100 0.089940 2 41 0.518556 42 0.481444
  41 -3.718871 -3.737239 22.400555 0.601423 -0.785313 -0.146881 0.364870 0.078650 2 41 0.612060 42 0.387940
scout_body_blue
  41 -0.411470 -1.651740 32.200195 0.671084 -0.264891 -0.692444 0.178280 0.021350 3 41 0.833667 1 0.106212 0 0.060120
  1 0.316070 -1.653009 32.186085 -0.668968 -0.257513 -0.697258 0.178280 0.021350 2 1 0.860271 0 0.139729
  0 -0.047880 -4.315518 34.006561 -0.000050 -0.896436 -0.443173 0.137610 0.056330 3 0 0.460461 1 0.294294 41 0.245245
scout_body_blue
  0 -0.047880 -4.315518 34.006561 -0.000050 -0.896436 -0.443173 0.137610 0.056330 3 0 0.460461 1 0.294294 41 0.245245
  41 -1.204780 -4.176069 33.679390 0.145621 -0.956555 -0.252581 0.152770 0.071790 2 41 0.752024 0 0.247976
  41 -0.411470 -1.651740 32.200195 0.671084 -0.264891 -0.692444 0.178280 0.021350 3 41 0.833667 1 0.106212 0 0.060120
scout_body_blue
  41 -1.204780 -4.176069 33.679390 0.145621 -0.956555 -0.252581 0.152770 0.071790 2 41 0.752024 0 0.247976
  41 -2.323770 -3.805439 27.035658 0.468521 -0.874952 -0.122260 0.274600 0.060160 2 41 0.876171 42 0.123829
  41 -0.411470 -1.651740 32.200195 0.671084 -0.264891 -0.692444 0.178280 0.021350 3 41 0.833667 1 0.106212 0 0.060120
scout_body_blue
  41 -1.204780 -4.176069 33.679390 0.145621 -0.956555 -0.252581 0.152770 0.071790 2 41 0.752024 0 0.247976
  41 -4.035960 -4.339909 30.078300 0.417504 -0.903759 -0.094391 0.224610 0.110520 2 41 0.900419 0 0.099581
  41 -2.323770 -3.805439 27.035658 0.468521 -0.874952 -0.122260 0.274600 0.060160 2 41 0.876171 42 0.123829
scout_body_blue
  41 -2.323770 -3.805439 27.035658 0.468521 -0.874952 -0.122260 0.274600 0.060160 2 41 0.876171 42 0.123829
  41 -4.035960 -4.339909 30.078300 0.417504 -0.903759 -0.094391 0.224610 0.110520 2 41 0.900419 0 0.099581
  41 -4.769525 -4.282347 26.913113 0.005698 -0.996953 -0.077795 0.284900 0.112500 2 41 0.883625 42 0.116375
scout_body_blue
  41 -4.297590 -4.703289 29.989641 0.453501 -0.887873 -0.077580 0.227710 0.116710 3 41 0.842843 0 0.103103 42 0.054054
  41 -4.769525 -4.282347 26.913113 0.005698 -0.996953 -0.077795 0.284900 0.112500 2 41 0.883625 42 0.116375
  41 -4.035960 -4.339909 30.078300 0.417504 -0.903759 -0.094391 0.224610 0.110520 2 41 0.900419 0 0.099581
scout_body_blue
  41 -4.035960 -4.339909 30.078300 0.417504 -0.903759 -0.094391 0.224610 0.110520 2 41 0.900419 0 0.099581
  41 -3.528850 -4.335719 35.746655 0.217710 -0.975892 0.015400 0.137070 0.139180 2 41 0.583166 0 0.416834
  41 -4.297590 -4.703289 29.989641 0.453501 -0.887873 -0.077580 0.227710 0.116710 3 41 0.842843 0 0.103103 42 0.054054
scout_body_blue
  41 -3.528850 -4.335719 35.746655 0.217710 -0.975892 0.015400 0.137070 0.139180 2 41 0.583166 0 0.416834
  41 -4.035960 -4.339909 30.078300 0.417504 -0.903759 -0.094391 0.224610 0.110520 2 41 0.900419 0 0.099581
  41 -1.204780 -4.176069 33.679390 0.145621 -0.956555 -0.252581 0.152770 0.071790 2 41 0.752024 0 0.247976
scout_body_blue
  41 -0.411470 -1.651740 32.200195 0.671084 -0.264891 -0.692444 0.178280 0.021350 3 41 0.833667 1 0.106212 0 0.060120
  41 -2.323770 -3.805439 27.035658 0.468521 -0.874952 -0.122260 0.274600 0.060160 2 41 0.876171 42 0.123829
  41 -1.159970 -2.177189 27.025478 0.954576 -0.220971 -0.199891 0.270490 0.024190 2 41 0.901554 42 0.098446
scout_body_blue
  41 -2.323770 -3.805439 27.035658 0.468521 -0.874952 -0.122260 0.274600 0.060160 2 41 0.876171 42 0.123829
  41 -3.216050 -3.923649 24.176571 0.525012 -0.828493 -0.194841 0.326730 0.075560 2 41 0.735562 42 0.264438
  41 -1.159970 -2.177189 27.025478 0.954576 -0.220971 -0.199891 0.270490 0.024190 2 41 0.901554 42 0.098446
scout_body_blue
  41 -2.323770 -3.805439 27.035658 0.468521 -0.874952 -0.122260 0.274600 0.060160 2 41 0.876171 42 0.123829
  41 -4.769525 -4.282347 26.913113 0.005698 -0.996953 -0.077795 0.284900 0.112500 2 41 0.883625 42 0.116375
  41 -3.216050 -3.923649 24.176571 0.525012 -0.828493 -0.194841 0.326730 0.075560 2 41 0.735562 42 0.264438
scout_body_blue
  41 -3.216050 -3.923649 24.176571 0.525012 -0.828493 -0.194841 0.326730 0.075560 2 41 0.735562 42 0.264438
  41 -4.769525 -4.282347 26.913113 0.005698 -0.996953 -0.077795 0.284900 0.112500 2 41 0.883625 42 0.116375
  41 -4.594420 -4.179598 24.376650 0.132861 -0.989616 -0.054840 0.329830 0.098790 2 41 0.754297 42 0.245703
scout_body_blue
  41 -3.216050 -3.923649 24.176571 0.525012 -0.828493 -0.194841 0.326730 0.075560 2 41 0.735562 42 0.264438
  41 -4.594420 -4.179598 24.376650 0.132861 -0.989616 -0.054840 0.329830 0.098790 2 41 0.754297 42 0.245703
  41 -3.718871 -3.737239 22.400555 0.601423 -0.785313 -0.146881 0.364870 0.078650 2 41 0.612060 42 0.387940
scout_body_blue
  41 -3.216050 -3.923649 24.176571 0.525012 -0.828493 -0.194841 0.326730 0.075560 2 41 0.735562 42 0.264438
  41 -3.718871 -3.737239 22.400555 0.601423 -0.785313 -0.146881 0.364870 0.078650 2 41 0.612060 42 0.387940
  41 -1.810180 -1.637059 24.018011 0.913419 -0.185202 -0.362444 0.333990 0.028410 2 41 0.792339 42 0.207661
scout_body_blue
  41 -3.718871 -3.737239 22.400555 0.601423 -0.785313 -0.146881 0.364870 0.078650 2 41 0.612060 42 0.387940
  41 -2.270241 -0.098239 22.241323 0.992026 -0.015230 -0.125111 0.384410 0.021800 2 41 0.704112 42 0.295888
  41 -1.810180 -1.637059 24.018011 0.913419 -0.185202 -0.362444 0.333990 0.028410 2 41 0.792339 42 0.207661
scout_body_blue
  41 -3.718871 -3.737239 22.400555 0.601423 -0.785313 -0.146881 0.364870 0.078650 2 41 0.612060 42 0.387940
  41 -3.336991 -3.028799 20.166761 0.818788 -0.566366 -0.093891 0.411030 0.062810 2 41 0.501002 42 0.498998
  41 -2.270241 -0.098239 22.241323 0.992026 -0.015230 -0.125111 0.384410 0.021800 2 41 0.704112 42 0.295888
scout_body_blue
  41 -2.270241 -0.098239 22.241323 0.992026 -0.015230 -0.125111 0.384410 0.021800 2 41 0.704112 42 0.295888
  41 -3.336991 -3.028799 20.166761 0.818788 -0.566366 -0.093891 0.411030 0.062810 2 41 0.501002 42 0.498998
  41 -2.121970 0.075861 20.962452 0.982804 0.170201 -0.071610 0.407610 0.023450 2 41 0.558116 42 0.441884
scout_body_blue
  42 -3.453261 -2.705009 18.454842 0.787914 -0.534333 -0.306072 0.447200 0.060710 2 42 0.505517 41 0.494484
  41 -2.121970 0.075861 20.962452 0.982804 0.170201 -0.071610 0.407610 0.023450 2 41 0.558116 42 0.441884
  41 -3.336991 -3.028799 20.166761 0.818788 -0.566366 -0.093891 0.411030 0.062810 2 41 0.501002 42 0.498998
scout_body_blue
  42 -2.528481 0.560900 19.542240 0.966515 0.206931 -0.151751 0.434950 0.024640 2 42 0.501002 41 0.498998
  41 -2.121970 0.075861 20.962452 0.982804 0.170201 -0.071610 0.407610 0.023450 2 41 0.558116 42 0.441884
  42 -3.453261 -2.705009 18.454842 0.787914 -0.534333 -0.306072 0.447200 0.060710 2 42 0.505517 41 0.494484
scout_body_blue
  42 -2.680381 1.090200 17.878693 0.981921 0.133060 -0.134630 0.462050 0.022380 2 42 0.634905 41 0.365095
  42 -2.528481 0.560900 19.542240 0.966515 0.206931 -0.151751 0.434950 0.024640 2 42 0.501002 41 0.498998
  42 -3.453261 -2.705009 18.454842 0.787914 -0.534333 -0.306072 0.447200 0.060710 2 42 0.505517 41 0.494484
scout_body_blue
  41 -1.810180 -1.637059 24.018011 0.913419 -0.185202 -0.362444 0.333990 0.028410 2 41 0.792339 42 0.207661
  41 -1.683200 -2.055459 24.944487 0.939275 -0.249641 -0.235461 0.309790 0.028560 2 41 0.831814 42 0.168186
  41 -3.216050 -3.923649 24.176571 0.525012 -0.828493 -0.194841 0.326730 0.075560 2 41 0.735562 42 0.264438
scout_body_blue
  41 -1.683200 -2.055459 24.944487 0.939275 -0.249641 -0.235461 0.309790 0.028560 2 41 0.831814 42 0.168186
  41 -1.159970 -2.177189 27.025478 0.954576 -0.220971 -0.199891 0.270490 0.024190 2 41 0.901554 42 0.098446
  41 -3.216050 -3.923649 24.176571 0.525012 -0.828493 -0.194841 0.326730 0.075560 2 41 0.735562 42 0.264438
scout_body_blue
  41 -3.718871 -3.737239 22.400555 0.601423 -0.785313 -0.146881 0.364870 0.078650 2 41 0.612060 42 0.387940
  41 -4.820141 -4.065729 21.028112 0.109381 -0.989024 -0.099330 0.394100 0.089940 2 41 0.518556 42 0.481444
  41 -3.336991 -3.028799 20.166761 0.818788 -0.566366 -0.093891 0.411030 0.062810 2 41 0.501002 42 0.498998
scout_body_blue
  41 -4.820141 -4.065729 21.028112 0.109381 -0.989024 -0.099330 0.394100 0.089940 2 41 0.518556 42 0.481444
  42 -4.794381 -3.743689 18.311722 0.137941 -0.924866 -0.354393 0.452820 0.079010 2 42 0.504523 41 0.495477
  41 -3.336991 -3.028799 20.166761 0.818788 -0.566366 -0.093891 0.411030 0.062810 2 41 0.501002 42 0.498998
scout_body_blue
  42 -3.453261 -2.705009 18.454842 0.787914 -0.534333 -0.306072 0.447200 0.060710 2 42 0.505517 41 0.494484
  41 -3.336991 -3.028799 20.166761 0.818788 -0.566366 -0.093891 0.411030 0.062810 2 41 0.501002 42 0.498998
  42 -4.794381 -3.743689 18.311722 0.137941 -0.924866 -0.354393 0.452820 0.079010 2 42 0.504523 41 0.495477
scout_body_blue
  42 -4.562541 -3.038249 17.365803 0.389522 -0.829534 -0.400182 0.461870 0.074750 2 42 0.560804 41 0.439196
  42 -3.453261 -2.705009 18.454842 0.787914 -0.534333 -0.306072 0.447200 0.060710 2 42 0.505517 41 0.494484
  42 -4.794381 -3.743689 18.311722 0.137941 -0.924866 -0.354393 0.452820 0.079010 2 42 0.504523 41 0.495477
scout_body_blue
  42 -4.562541 -3.038249 17.365803 0.389522 -0.829534 -0.400182 0.461870 0.074750 2 42 0.560804 41 0.439196
  42 -2.680381 1.090200 17.878693 0.981921 0.133060 -0.134630 0.462050 0.022380 2 42 0.634905 41 0.365095
  42 -3.453261 -2.705009 18.454842 0.787914 -0.534333 -0.306072 0.447200 0.060710 2 42 0.505517 41 0.494484
scout_body_blue
  42 -4.562541 -3.038249 17.365803 0.389522 -0.829534 -0.400182 0.461870 0.074750 2 42 0.560804 41 0.439196
  42 -5.222451 -2.068079 13.058081 0.638266 -0.658086 -0.399424 0.530230 0.061860 2 42 0.899384 41 0.100616
  42 -2.680381 1.090200 17.878693 0.981921 0.133060 -0.134630 0.462050 0.022380 2 42 0.634905 41 0.365095
scout_body_blue
  42 -5.222451 -2.068079 13.058081 0.638266 -0.658086 -0.399424 0.530230 0.061860 2 42 0.899384 41 0.100616
  42 -3.601091 2.274110 11.521972 0.829437 0.101211 -0.549355 0.557930 0.013340 1 42 1.000000
  42 -2.680381 1.090200 17.878693 0.981921 0.133060 -0.134630 0.462050 0.022380 2 42 0.634905 41 0.365095
scout_body_blue
  42 -4.802231 -0.508439 12.015932 0.582635 -0.459564 -0.670326 0.546970 0.045030 1 42 1.000000
  42 -3.601091 2.274110 11.521972 0.829437 0.101211 -0.549355 0.557930 0.013340 1 42 1.000000
  42 -5.222451 -2.068079 13.058081 0.638266 -0.658086 -0.399424 0.530230 0.061860 2 42 0.899384 41 0.100616
scout_body_blue
  42 -4.802231 -0.508439 12.015932 0.582635 -0.459564 -0.670326 0.546970 0.045030 1 42 1.000000
  42 -4.796412 3.454629 11.113552 0.410683 0.312022 -0.856727 0.578110 0.006500 1 42 1.000000
  42 -3.601091 2.274110 11.521972 0.829437 0.101211 -0.549355 0.557930 0.013340 1 42 1.000000
scout_body_blue
  42 -5.777921 0.278571 11.424232 0.217791 -0.321301 -0.921593 0.562680 0.052330 1 42 1.000000
  42 -4.796412 3.454629 11.113552 0.410683 0.312022 -0.856727 0.578110 0.006500 1 42 1.000000
  42 -4.802231 -0.508439 12.015932 0.582635 -0.459564 -0.670326 0.546970 0.045030 1 42 1.000000
scout_body_blue
  42 -4.802231 -0.508439 12.015932 0.582635 -0.459564 -0.670326 0.546970 0.045030 1 42 1.000000
  42 -6.781831 -2.072449 12.328532 -0.273523 -0.796708 -0.538926 0.546100 0.079090 2 42 0.926042 41 0.073958
  42 -5.777921 0.278571 11.424232 0.217791 -0.321301 -0.921593 0.562680 0.052330 1 42 1.000000
scout_body_blue
  42 -6.781831 -2.072449 12.328532 -0.273523 -0.796708 -0.538926 0.546100 0.079090 2 42 0.926042 41 0.073958
  42 -6.929411 -0.516149 11.557031 -0.271812 -0.528814 -0.804036 0.564820 0.076040 1 42 1.000000
  42 -5.777921 0.278571 11.424232 0.217791 -0.321301 -0.921593 0.562680 0.052330 1 42 1.000000
scout_body_blue
  42 -8.325644 0.588946 11.759960 -0.859415 -0.404690 -0.312462 0.572500 0.103700 1 42 1.000000
  42 -6.929411 -0.516149 11.557031 -0.271812 -0.528814 -0.804036 0.564820 0.076040 1 42 1.000000
  42 -6.781831 -2.072449 12.328532 -0.273523 -0.796708 -0.538926 0.546100 0.079090 2 42 0.926042 41 0.073958
scout_body_blue
  42 -8.483671 0.447844 12.623764 -0.857005 -0.395306 -0.330569 0.558500 0.108900 1 42 1.000000
  42 -8.325644 0.588946 11.759960 -0.859415 -0.404690 -0.312462 0.572500 0.103700 1 42 1.000000
  42 -6.781831 -2.072449 12.328532 -0.273523 -0.796708 -0.538926 0.546100 0.079090 2 42 0.926042 41 0.073958
scout_body_blue
  42 -9.148188 3.625169 11.550400 -0.599403 0.418668 -0.682227 0.591100 0.148500 1 42 1.000000
  42 -8.325644 0.588946 11.759960 -0.859415 -0.404690 -0.312462 0.572500 0.103700 1 42 1.000000
  42 -8.483671 0.447844 12.623764 -0.857005 -0.395306 -0.330569 0.558500 0.108900 1 42 1.000000
scout_body_blue
  42 -10.085950 3.351409 12.066710 -0.913274 0.230071 -0.336152 0.581020 0.149660 1 42 1.000000
  42 -9.148188 3.625169 11.550400 -0.599403 0.418668 -0.682227 0.591100 0.148500 1 42 1.000000
  42 -8.483671 0.447844 12.623764 -0.857005 -0.395306 -0.330569 0.558500 0.108900 1 42 1.000000
scout_body_blue
  42 -10.085950 3.351409 12.066710 -0.913274 0.230071 -0.336152 0.581020 0.149660 1 42 1.000000
  42 -7.719531 4.930280 12.292952 -0.299592 0.895115 -0.330172 0.588150 0.187720 1 42 1.000000
  42 -9.148188 3.625169 11.550400 -0.599403 0.418668 -0.682227 0.591100 0.148500 1 42 1.000000
scout_body_blue
  42 -10.085950 3.351409 12.066710 -0.913274 0.230071 -0.336152 0.581020 0.149660 1 42 1.000000
  42 -9.789021 2.603840 14.071371 -0.985969 0.158801 0.051450 0.553300 0.151190 1 42 1.000000
  42 -7.719531 4.930280 12.292952 -0.299592 0.895115 -0.330172 0.588150 0.187720 1 42 1.000000
scout_body_blue
  42 -5.222451 -2.068079 13.058081 0.638266 -0.658086 -0.399424 0.530230 0.061860 2 42 0.899384 41 0.100616
  42 -6.781831 -2.072449 12.328532 -0.273523 -0.796708 -0.538926 0.546100 0.079090 2 42 0.926042 41 0.073958
  42 -4.802231 -0.508439 12.015932 0.582635 -0.459564 -0.670326 0.546970 0.045030 1 42 1.000000
scout_body_blue
  42 -4.562541 -3.038249 17.365803 0.389522 -0.829534 -0.400182 0.461870 0.074750 2 42 0.560804 41 0.439196
  42 -6.781831 -2.072449 12.328532 -0.273523 -0.796708 -0.538926 0.546100 0.079090 2 42 0.926042 41 0.073958
  42 -5.222451 -2.068079 13.058081 0.638266 -0.658086 -0.399424 0.530230 0.061860 2 42 0.899384 41 0.100616
scout_body_blue
  42 -7.670471 -2.254449 18.141432 -0.739102 -0.655142 -0.156580 0.470270 0.115450 2 42 0.560682 41 0.439318
  42 -6.781831 -2.072449 12.328532 -0.273523 -0.796708 -0.538926 0.546100 0.079090 2 42 0.926042 41 0.073958
  42 -4.562541 -3.038249 17.365803 0.389522 -0.829534 -0.400182 0.461870 0.074750 2 42 0.560804 41 0.439196
scout_body_blue
  42 -8.372601 -1.027299 13.539922 -0.822799 -0.523885 -0.220332 0.540160 0.106670 2 42 0.938071 41 0.061929
  42 -6.781831 -2.072449 12.328532 -0.273523 -0.796708 -0.538926 0.546100 0.079090 2 42 0.926042 41 0.073958
  42 -7.670471 -2.254449 18.141432 -0.739102 -0.655142 -0.156580 0.470270 0.115450 2 42 0.560682 41 0.439318
scout_body_blue
  42 -9.789021 2.603840 14.071371 -0.985969 0.158801 0.051450 0.553300 0.151190 1 42 1.000000
  42 -8.372601 -1.027299 13.539922 -0.822799 -0.523885 -0.220332 0.540160 0.106670 2 42 0.938071 41 0.061929
  42 -7.670471 -2.254449 18.141432 -0.739102 -0.655142 -0.156580 0.470270 0.115450 2 42 0.560682 41 0.439318
scout_body_blue
  42 -8.372601 -1.027299 13.539922 -0.822799 -0.523885 -0.220332 0.540160 0.106670 2 42 0.938071 41 0.061929
  42 -9.789021 2.603840 14.071371 -0.985969 0.158801 0.051450 0.553300 0.151190 1 42 1.000000
  42 -8.483671 0.447844 12.623764 -0.857005 -0.395306 -0.330569 0.558500 0.108900 1 42 1.000000
scout_body_blue
  42 -8.483671 0.447844 12.623764 -0.857005 -0.395306 -0.330569 0.558500 0.108900 1 42 1.000000
  42 -9.789021 2.603840 14.071371 -0.985969 0.158801 0.051450 0.553300 0.151190 1 42 1.000000
  42 -10.085950 3.351409 12.066710 -0.913274 0.230071 -0.336152 0.581020 0.149660 1 42 1.000000
scout_body_blue
  42 -4.562541 -3.038249 17.365803 0.389522 -0.829534 -0.400182 0.461870 0.074750 2 42 0.560804 41 0.439196
  42 -4.794381 -3.743689 18.311722 0.137941 -0.924866 -0.354393 0.452820 0.079010 2 42 0.504523 41 0.495477
  42 -7.670471 -2.254449 18.141432 -0.739102 -0.655142 -0.156580 0.470270 0.115450 2 42 0.560682 41 0.439318
scout_body_blue
  42 -8.483671 0.447844 12.623764 -0.857005 -0.395306 -0.330569 0.558500 0.108900 1 42 1.000000
  42 -6.781831 -2.072449 12.328532 -0.273523 -0.796708 -0.538926 0.546100 0.079090 2 42 0.926042 41 0.073958
  42 -8.372601 -1.027299 13.539922 -0.822799 -0.523885 -0.220332 0.540160 0.106670 2 42 0.938071 41 0.061929
scout_body_blue
  42 -9.308861 1.624970 18.559612 -0.944279 0.257022 0.205612 0.490510 0.164410 2 42 0.637914 41 0.362086
  42 -9.789021 2.603840 14.071371 -0.985969 0.158801 0.051450 0.553300 0.151190 1 42 1.000000
  42 -7.670471 -2.254449 18.141432 -0.739102 -0.655142 -0.156580 0.470270 0.115450 2 42 0.560682 41 0.439318
scout_body_blue
  42 -6.419190 4.341478 11.350111 0.170641 0.765373 -0.620553 0.615940 0.204340 1 42 1.000000
  42 -7.501715 4.889726 11.437180 -0.008214 0.997413 -0.071408 0.606100 0.184100 1 42 1.000000
  42 -7.719531 4.930280 12.292952 -0.299592 0.895115 -0.330172 0.588150 0.187720 1 42 1.000000
scout_body_blue
  42 -7.719531 4.930280 12.292952 -0.299592 0.895115 -0.330172 0.588150 0.187720 1 42 1.000000
  42 -7.501715 4.889726 11.437180 -0.008214 0.997413 -0.071408 0.606100 0.184100 1 42 1.000000
  42 -9.148188 3.625169 11.550400 -0.599403 0.418668 -0.682227 0.591100 0.148500 1 42 1.000000
scout_body_blue
  42 -2.680381 1.090200 17.878693 0.981921 0.133060 -0.134630 0.547400 0.301540 2 42 0.634905 41 0.365095
  41 -4.545820 2.970770 21.062000 0.464273 0.869195 0.170151 0.484050 0.271460 2 41 0.606607 42 0.393393
  42 -2.528481 0.560900 19.542240 0.966515 0.206931 -0.151751 0.524660 0.316860 2 42 0.501002 41 0.498998
scout_body_blue
  41 -4.545820 2.970770 21.062000 0.464273 0.869195 0.170151 0.484050 0.271460 2 41 0.606607 42 0.393393
  42 -2.680381 1.090200 17.878693 0.981921 0.133060 -0.134630 0.547400 0.301540 2 42 0.634905 41 0.365095
  42 -4.923741 5.184889 12.745501 0.581206 0.801949 -0.138122 0.574930 0.228870 1 42 1.000000
scout_body_blue
  42 -4.923741 5.184889 12.745501 0.581206 0.801949 -0.138122 0.574930 0.228870 1 42 1.000000
  42 -7.496011 5.735231 13.213783 -0.322647 0.935349 -0.144988 0.562900 0.199700 1 42 1.000000
  41 -4.545820 2.970770 21.062000 0.464273 0.869195 0.170151 0.484050 0.271460 2 41 0.606607 42 0.393393
scout_body_blue
  42 -7.496011 5.735231 13.213783 -0.322647 0.935349 -0.144988 0.562900 0.199700 1 42 1.000000
  42 -4.923741 5.184889 12.745501 0.581206 0.801949 -0.138122 0.574930 0.228870 1 42 1.000000
  42 -7.719531 4.930280 12.292952 -0.299592 0.895115 -0.330172 0.588150 0.187720 1 42 1.000000
scout_body_blue
  42 -7.719531 4.930280 12.292952 -0.299592 0.895115 -0.330172 0.588150 0.187720 1 42 1.000000
  42 -4.923741 5.184889 12.745501 0.581206 0.801949 -0.138122 0.574930 0.228870 1 42 1.000000
  42 -5.108051 4.649449 11.846322 0.425905 0.721618 -0.545776 0.604720 0.223990 1 42 1.000000
scout_body_blue
  42 -5.108051 4.649449 11.846322 0.425905 0.721618 -0.545776 0.604720 0.223990 1 42 1.000000
  42 -6.419190 4.341478 11.350111 0.170641 0.765373 -0.620553 0.615940 0.204340 1 42 1.000000
  42 -7.719531 4.930280 12.292952 -0.299592 0.895115 -0.330172 0.588150 0.187720 1 42 1.000000
scout_body_blue
  42 -5.108051 4.649449 11.846322 0.425905 0.721618 -0.545776 0.604720 0.223990 1 42 1.000000
  42 -4.796412 3.454629 11.113552 0.410683 0.312022 -0.856727 0.626200 0.236480 1 42 1.000000
  42 -6.419190 4.341478 11.350111 0.170641 0.765373 -0.620553 0.615940 0.204340 1 42 1.000000
scout_body_blue
  42 -3.601091 2.274110 11.521972 0.829437 0.101211 -0.549355 0.627310 0.256710 1 42 1.000000
  42 -4.796412 3.454629 11.113552 0.410683 0.312022 -0.856727 0.626200 0.236480 1 42 1.000000
  42 -5.108051 4.649449 11.846322 0.425905 0.721618 -0.545776 0.604720 0.223990 1 42 1.000000
scout_body_blue
  42 -5.108051 4.649449 11.846322 0.425905 0.721618 -0.545776 0.604720 0.223990 1 42 1.000000
  42 -4.923741 5.184889 12.745501 0.581206 0.801949 -0.138122 0.574930 0.228870 1 42 1.000000
  42 -3.601091 2.274110 11.521972 0.829437 0.101211 -0.549355 0.627310 0.256710 1 42 1.000000
scout_body_blue
  42 -4.923741 5.184889 12.745501 0.581206 0.801949 -0.138122 0.574930 0.228870 1 42 1.000000
  42 -2.680381 1.090200 17.878693 0.981921 0.133060 -0.134630 0.547400 0.301540 2 42 0.634905 41 0.365095
  42 -3.601091 2.274110 11.521972 0.829437 0.101211 -0.549355 0.627310 0.256710 1 42 1.000000
scout_body_blue
  42 -7.496011 5.735231 13.213783 -0.322647 0.935349 -0.144988 0.562900 0.199700 1 42 1.000000
  42 -6.985440 4.198400 19.132982 -0.345223 0.861819 0.371604 0.508820 0.219070 2 42 0.612450 41 0.387550
  41 -4.545820 2.970770 21.062000 0.464273 0.869195 0.170151 0.484050 0.271460 2 41 0.606607 42 0.393393
scout_body_blue
  42 -7.496011 5.735231 13.213783 -0.322647 0.935349 -0.144988 0.562900 0.199700 1 42 1.000000
  42 -7.719531 4.930280 12.292952 -0.299592 0.895115 -0.330172 0.588150 0.187720 1 42 1.000000
  42 -9.789021 2.603840 14.071371 -0.985969 0.158801 0.051450 0.553300 0.151190 1 42 1.000000
scout_body_blue
  42 -7.496011 5.735231 13.213783 -0.322647 0.935349 -0.144988 0.562900 0.199700 1 42 1.000000
  42 -9.789021 2.603840 14.071371 -0.985969 0.158801 0.051450 0.553300 0.151190 1 42 1.000000
  42 -9.308861 1.624970 18.559612 -0.944279 0.257022 0.205612 0.490510 0.164410 2 42 0.637914 41 0.362086
scout_body_blue
  42 -9.308861 1.624970 18.559612 -0.944279 0.257022 0.205612 0.490510 0.164410 2 42 0.637914 41 0.362086
  42 -6.985440 4.198400 19.132982 -0.345223 0.861819 0.371604 0.508820 0.219070 2 42 0.612450 41 0.387550
  42 -7.496011 5.735231 13.213783 -0.322647 0.935349 -0.144988 0.562900 0.199700 1 42 1.000000
scout_body_blue
  42 -6.985440 4.198400 19.132982 -0.345223 0.861819 0.371604 0.508820 0.219070 2 42 0.612450 41 0.387550
  42 -9.308861 1.624970 18.559612 -0.944279 0.257022 0.205612 0.490510 0.164410 2 42 0.637914 41 0.362086
  41 -7.086620 3.153270 20.550522 -0.409483 0.865975 0.287072 0.476930 0.218840 2 41 0.523524 42 0.476477
scout_body_blue
  41 -7.086620 3.153270 20.550522 -0.409483 0.865975 0.287072 0.476930 0.218840 2 41 0.523524 42 0.476477
  41 -4.545820 2.970770 21.062000 0.464273 0.869195 0.170151 0.484050 0.271460 2 41 0.606607 42 0.393393
  42 -6.985440 4.198400 19.132982 -0.345223 0.861819 0.371604 0.508820 0.219070 2 42 0.612450 41 0.387550
scout_body_blue
  41 -4.545820 2.970770 21.062000 0.464273 0.869195 0.170151 0.484050 0.271460 2 41 0.606607 42 0.393393
  41 -7.086620 3.153270 20.550522 -0.409483 0.865975 0.287072 0.476930 0.218840 2 41 0.523524 42 0.476477
  41 -4.555350 3.073680 22.078037 0.455082 0.883624 -0.110041 0.463700 0.281070 2 41 0.748497 42 0.251503
scout_body_blue
  41 -4.555350 3.073680 22.078037 0.455082 0.883624 -0.110041 0.463700 0.281070 2 41 0.748497 42 0.251503
  42 -2.528481 0.560900 19.542240 0.966515 0.206931 -0.151751 0.524660 0.316860 2 42 0.501002 41 0.498998
  41 -4.545820 2.970770 21.062000 0.464273 0.869195 0.170151 0.484050 0.271460 2 41 0.606607 42 0.393393
scout_body_blue
  41 -2.121970 0.075861 20.962452 0.982804 0.170201 -0.071610 0.505790 0.339150 2 41 0.558116 42 0.441884
  42 -2.528481 0.560900 19.542240 0.966515 0.206931 -0.151751 0.524660 0.316860 2 42 0.501002 41 0.498998
  41 -4.555350 3.073680 22.078037 0.455082 0.883624 -0.110041 0.463700 0.281070 2 41 0.748497 42 0.251503
scout_body_blue
  41 -2.121970 0.075861 20.962452 0.982804 0.170201 -0.071610 0.505790 0.339150 2 41 0.558116 42 0.441884
  41 -4.555350 3.073680 22.078037 0.455082 0.883624 -0.110041 0.463700 0.281070 2 41 0.748497 42 0.251503
  41 -4.351076 3.434042 23.007906 0.448132 0.846998 -0.285958 0.444200 0.291900 2 41 0.822467 42 0.177533
scout_body_blue
  41 -2.270241 -0.098239 22.241323 0.992026 -0.015230 -0.125111 0.485290 0.354250 2 41 0.704112 42 0.295888
  41 -2.121970 0.075861 20.962452 0.982804 0.170201 -0.071610 0.505790 0.339150 2 41 0.558116 42 0.441884
  41 -4.351076 3.434042 23.007906 0.448132 0.846998 -0.285958 0.444200 0.291900 2 41 0.822467 42 0.177533
scout_body_blue
  41 -4.351076 3.434042 23.007906 0.448132 0.846998 -0.285958 0.444200 0.291900 2 41 0.822467 42 0.177533
  41 -3.155760 1.885070 24.088671 0.783969 0.491956 -0.378645 0.432660 0.339810 2 41 0.932798 42 0.067202
  41 -2.270241 -0.098239 22.241323 0.992026 -0.015230 -0.125111 0.485290 0.354250 2 41 0.704112 42 0.295888
scout_body_blue
  41 -1.810180 -1.637059 24.018011 0.913419 -0.185202 -0.362444 0.451140 0.401980 2 41 0.792339 42 0.207661
  41 -2.270241 -0.098239 22.241323 0.992026 -0.015230 -0.125111 0.485290 0.354250 2 41 0.704112 42 0.295888
  41 -3.155760 1.885070 24.088671 0.783969 0.491956 -0.378645 0.432660 0.339810 2 41 0.932798 42 0.067202
scout_body_blue
  41 -2.148397 2.085440 25.255215 0.806756 0.518939 -0.282573 0.401500 0.358000 2 41 0.926485 42 0.073515
  41 -1.810180 -1.637059 24.018011 0.913419 -0.185202 -0.362444 0.451140 0.401980 2 41 0.792339 42 0.207661
  41 -3.155760 1.885070 24.088671 0.783969 0.491956 -0.378645 0.432660 0.339810 2 41 0.932798 42 0.067202
scout_body_blue
  41 -1.810180 -1.637059 24.018011 0.913419 -0.185202 -0.362444 0.451140 0.401980 2 41 0.792339 42 0.207661
  41 -2.148397 2.085440 25.255215 0.806756 0.518939 -0.282573 0.401500 0.358000 2 41 0.926485 42 0.073515
  41 -1.683200 -2.055459 24.944487 0.939275 -0.249641 -0.235461 0.435200 0.419610 2 41 0.831814 42 0.168186
scout_body_blue
  41 -1.683200 -2.055459 24.944487 0.939275 -0.249641 -0.235461 0.435200 0.419610 2 41 0.831814 42 0.168186
  41 -2.148397 2.085440 25.255215 0.806756 0.518939 -0.282573 0.401500 0.358000 2 41 0.926485 42 0.073515
  41 -1.553230 1.130600 26.736090 0.887730 0.405324 -0.218282 0.374120 0.388020 1 41 1.000000
scout_body_blue
  41 -1.683200 -2.055459 24.944487 0.939275 -0.249641 -0.235461 0.435200 0.419610 2 41 0.831814 42 0.168186
  41 -1.553230 1.130600 26.736090 0.887730 0.405324 -0.218282 0.374120 0.388020 1 41 1.000000
  41 -1.159970 -2.177189 27.025478 0.954576 -0.220971 -0.199891 0.411510 0.446880 2 41 0.901554 42 0.098446
scout_body_blue
  41 -0.411470 -1.651740 32.200195 0.671084 -0.264891 -0.692444 0.318070 0.464460 3 41 0.833667 1 0.106212 0 0.060120
  41 -1.159970 -2.177189 27.025478 0.954576 -0.220971 -0.199891 0.411510 0.446880 2 41 0.901554 42 0.098446
  41 -1.553230 1.130600 26.736090 0.887730 0.405324 -0.218282 0.374120 0.388020 1 41 1.000000
scout_body_blue
  41 -0.772581 3.397490 32.783329 0.545324 0.518874 -0.658325 0.277030 0.424140 3 41 0.837838 0 0.101101 1 0.061061
  41 -0.411470 -1.651740 32.200195 0.671084 -0.264891 -0.692444 0.318070 0.464460 3 41 0.833667 1 0.106212 0 0.060120
  41 -1.553230 1.130600 26.736090 0.887730 0.405324 -0.218282 0.374120 0.388020 1 41 1.000000
scout_body_blue
  41 -7.498087 -2.665858 27.509024 -0.863310 -0.504471 -0.014267 0.292600 0.174400 2 41 0.943992 42 0.056008
  41 -7.796260 -2.068479 23.628799 -0.872656 -0.483833 0.066160 0.376930 0.154600 2 41 0.796185 42 0.203815
  41 -5.525260 -4.079638 26.529482 -0.438862 -0.898004 -0.031460 0.301520 0.126240 2 41 0.880490 42 0.119510
scout_body_blue
  41 -5.882000 -3.972348 22.933189 -0.242791 -0.969715 -0.026550 0.366950 0.114530 2 41 0.650905 42 0.349095
  41 -5.525260 -4.079638 26.529482 -0.438862 -0.898004 -0.031460 0.301520 0.126240 2 41 0.880490 42 0.119510
  41 -7.796260 -2.068479 23.628799 -0.872656 -0.483833 0.066160 0.376930 0.154600 2 41 0.796185 42 0.203815
scout_body_blue
  41 -5.882000 -3.972348 22.933189 -0.242791 -0.969715 -0.026550 0.366950 0.114530 2 41 0.650905 42 0.349095
  41 -7.796260 -2.068479 23.628799 -0.872656 -0.483833 0.066160 0.376930 0.154600 2 41 0.796185 42 0.203815
  41 -7.007521 -3.314899 21.533882 -0.590454 -0.806785 -0.021490 0.401580 0.125220 2 41 0.549649 42 0.450351
scout_body_blue
  41 -5.882000 -3.972348 22.933189 -0.242791 -0.969715 -0.026550 0.366950 0.114530 2 41 0.650905 42 0.349095
  41 -7.007521 -3.314899 21.533882 -0.590454 -0.806785 -0.021490 0.401580 0.125220 2 41 0.549649 42 0.450351
  41 -4.820141 -4.065729 21.028112 0.109381 -0.989024 -0.099330 0.394100 0.089940 2 41 0.518556 42 0.481444
scout_body_blue
  42 -4.794381 -3.743689 18.311722 0.137941 -0.924866 -0.354393 0.452820 0.079010 2 42 0.504523 41 0.495477
  41 -4.820141 -4.065729 21.028112 0.109381 -0.989024 -0.099330 0.394100 0.089940 2 41 0.518556 42 0.481444
  41 -7.007521 -3.314899 21.533882 -0.590454 -0.806785 -0.021490 0.401580 0.125220 2 41 0.549649 42 0.450351
scout_body_blue
  42 -7.565081 -2.806049 18.799423 -0.676555 -0.700075 -0.228402 0.455160 0.116410 2 42 0.507014 41 0.492986
  42 -4.794381 -3.743689 18.311722 0.137941 -0.924866 -0.354393 0.452820 0.079010 2 42 0.504523 41 0.495477
  41 -7.007521 -3.314899 21.533882 -0.590454 -0.806785 -0.021490 0.401580 0.125220 2 41 0.549649 42 0.450351
scout_body_blue
  42 -4.794381 -3.743689 18.311722 0.137941 -0.924866 -0.354393 0.452820 0.079010 2 42 0.504523 41 0.495477
  42 -7.565081 -2.806049 18.799423 -0.676555 -0.700075 -0.228402 0.455160 0.116410 2 42 0.507014 41 0.492986
  42 -7.670471 -2.254449 18.141432 -0.739102 -0.655142 -0.156580 0.470270 0.115450 2 42 0.560682 41 0.439318
scout_body_blue
  42 -7.670471 -2.254449 18.141432 -0.739102 -0.655142 -0.156580 0.470270 0.115450 2 42 0.560682 41 0.439318
  42 -7.565081 -2.806049 18.799423 -0.676555 -0.700075 -0.228402 0.455160 0.116410 2 42 0.507014 41 0.492986
  42 -8.141210 -1.581139 19.393921 -0.932398 -0.361423 0.002770 0.454620 0.129580 2 42 0.503006 41 0.496994
scout_body_blue
  42 -7.670471 -2.254449 18.141432 -0.739102 -0.655142 -0.156580 0.470270 0.115450 2 42 0.560682 41 0.439318
  42 -8.141210 -1.581139 19.393921 -0.932398 -0.361423 0.002770 0.454620 0.129580 2 42 0.503006 41 0.496994
  42 -9.308861 1.624970 18.559612 -0.944279 0.257022 0.205612 0.490510 0.164410 2 42 0.637914 41 0.362086
scout_body_blue
  42 -8.141210 -1.581139 19.393921 -0.932398 -0.361423 0.002770 0.454620 0.129580 2 42 0.503006 41 0.496994
  41 -8.480061 0.840980 22.330931 -0.991744 0.112750 0.061080 0.424510 0.186970 2 41 0.724449 42 0.275551
  42 -9.308861 1.624970 18.559612 -0.944279 0.257022 0.205612 0.490510 0.164410 2 42 0.637914 41 0.362086
scout_body_blue
  41 -8.480061 0.840980 22.330931 -0.991744 0.112750 0.061080 0.424510 0.186970 2 41 0.724449 42 0.275551
  41 -7.086620 3.153270 20.550522 -0.409483 0.865975 0.287072 0.476930 0.218840 2 41 0.523524 42 0.476477
  42 -9.308861 1.624970 18.559612 -0.944279 0.257022 0.205612 0.490510 0.164410 2 42 0.637914 41 0.362086
scout_body_blue
  41 -7.086620 3.153270 20.550522 -0.409483 0.865975 0.287072 0.476930 0.218840 2 41 0.523524 42 0.476477
  41 -8.480061 0.840980 22.330931 -0.991744 0.112750 0.061080 0.424510 0.186970 2 41 0.724449 42 0.275551
  41 -6.997331 3.056200 21.666420 -0.538494 0.839246 -0.075441 0.454830 0.228330 2 41 0.659319 42 0.340681
scout_body_blue
  41 -4.555350 3.073680 22.078037 0.455082 0.883624 -0.110041 0.463700 0.281070 2 41 0.748497 42 0.251503
  41 -7.086620 3.153270 20.550522 -0.409483 0.865975 0.287072 0.476930 0.218840 2 41 0.523524 42 0.476477
  41 -6.997331 3.056200 21.666420 -0.538494 0.839246 -0.075441 0.454830 0.228330 2 41 0.659319 42 0.340681
scout_body_blue
  41 -6.997331 3.056200 21.666420 -0.538494 0.839246 -0.075441 0.454830 0.228330 2 41 0.659319 42 0.340681
  41 -6.697619 3.612309 23.584930 -0.378743 0.923226 -0.064860 0.416690 0.251390 2 41 0.847543 42 0.152457
  41 -4.555350 3.073680 22.078037 0.455082 0.883624 -0.110041 0.463700 0.281070 2 41 0.748497 42 0.251503
scout_body_blue
  41 -4.555350 3.073680 22.078037 0.455082 0.883624 -0.110041 0.463700 0.281070 2 41 0.748497 42 0.251503
  41 -6.697619 3.612309 23.584930 -0.378743 0.923226 -0.064860 0.416690 0.251390 2 41 0.847543 42 0.152457
  41 -4.351076 3.434042 23.007906 0.448132 0.846998 -0.285958 0.444200 0.291900 2 41 0.822467 42 0.177533
scout_body_blue
  41 -6.697619 3.612309 23.584930 -0.378743 0.923226 -0.064860 0.416690 0.251390 2 41 0.847543 42 0.152457
  41 -4.119270 3.982109 25.415348 0.344223 0.921848 -0.178062 0.385780 0.313850 2 41 0.932528 42 0.067472
  41 -4.351076 3.434042 23.007906 0.448132 0.846998 -0.285958 0.444200 0.291900 2 41 0.822467 42 0.177533
scout_body_blue
  41 -3.155760 1.885070 24.088671 0.783969 0.491956 -0.378645 0.432660 0.339810 2 41 0.932798 42 0.067202
  41 -4.351076 3.434042 23.007906 0.448132 0.846998 -0.285958 0.444200 0.291900 2 41 0.822467 42 0.177533
  41 -4.119270 3.982109 25.415348 0.344223 0.921848 -0.178062 0.385780 0.313850 2 41 0.932528 42 0.067472
scout_body_blue
  41 -3.155760 1.885070 24.088671 0.783969 0.491956 -0.378645 0.432660 0.339810 2 41 0.932798 42 0.067202
  41 -4.119270 3.982109 25.415348 0.344223 0.921848 -0.178062 0.385780 0.313850 2 41 0.932528 42 0.067472
  41 -2.148397 2.085440 25.255215 0.806756 0.518939 -0.282573 0.401500 0.358000 2 41 0.926485 42 0.073515
scout_body_blue
  41 -3.519420 3.858570 27.663710 0.335434 0.932280 -0.135421 0.339800 0.337720 1 41 1.000000
  41 -4.119270 3.982109 25.415348 0.344223 0.921848 -0.178062 0.385780 0.313850 2 41 0.932528 42 0.067472
  41 -6.461700 3.502120 27.810223 -0.570772 0.816573 -0.086180 0.322470 0.289950 1 41 1.000000
scout_body_blue
  41 -6.461700 3.502120 27.810223 -0.570772 0.816573 -0.086180 0.322470 0.289950 1 41 1.000000
  41 -4.119270 3.982109 25.415348 0.344223 0.921848 -0.178062 0.385780 0.313850 2 41 0.932528 42 0.067472
  41 -6.371240 3.396000 25.830139 -0.585927 0.804639 0.096151 0.368060 0.274690 1 41 1.000000
scout_body_blue
  41 -4.119270 3.982109 25.415348 0.344223 0.921848 -0.178062 0.385780 0.313850 2 41 0.932528 42 0.067472
  41 -6.697619 3.612309 23.584930 -0.378743 0.923226 -0.064860 0.416690 0.251390 2 41 0.847543 42 0.152457
  41 -6.371240 3.396000 25.830139 -0.585927 0.804639 0.096151 0.368060 0.274690 1 41 1.000000
scout_body_blue
  41 -8.293210 1.619030 24.405371 -0.922058 0.380653 0.070091 0.387480 0.214080 2 41 0.910732 42 0.089268
  41 -6.371240 3.396000 25.830139 -0.585927 0.804639 0.096151 0.368060 0.274690 1 41 1.000000
  41 -6.697619 3.612309 23.584930 -0.378743 0.923226 -0.064860 0.416690 0.251390 2 41 0.847543 42 0.152457
scout_body_blue
  41 -6.997331 3.056200 21.666420 -0.538494 0.839246 -0.075441 0.454830 0.228330 2 41 0.659319 42 0.340681
  41 -8.293210 1.619030 24.405371 -0.922058 0.380653 0.070091 0.387480 0.214080 2 41 0.910732 42 0.089268
  41 -6.697619 3.612309 23.584930 -0.378743 0.923226 -0.064860 0.416690 0.251390 2 41 0.847543 42 0.152457
scout_body_blue
  41 -8.480061 0.840980 22.330931 -0.991744 0.112750 0.061080 0.424510 0.186970 2 41 0.724449 42 0.275551
  41 -8.293210 1.619030 24.405371 -0.922058 0.380653 0.070091 0.387480 0.214080 2 41 0.910732 42 0.089268
  41 -6.997331 3.056200 21.666420 -0.538494 0.839246 -0.075441 0.454830 0.228330 2 41 0.659319 42 0.340681
scout_body_blue
  41 -8.480061 0.840980 22.330931 -0.991744 0.112750 0.061080 0.424510 0.186970 2 41 0.724449 42 0.275551
  41 -7.796260 -2.068479 23.628799 -0.872656 -0.483833 0.066160 0.376930 0.154600 2 41 0.796185 42 0.203815
  41 -8.293210 1.619030 24.405371 -0.922058 0.380653 0.070091 0.387480 0.214080 2 41 0.910732 42 0.089268
scout_body_blue
  41 -7.796260 -2.068479 23.628799 -0.872656 -0.483833 0.066160 0.376930 0.154600 2 41 0.796185 42 0.203815
  41 -8.480061 0.840980 22.330931 -0.991744 0.112750 0.061080 0.424510 0.186970 2 41 0.724449 42 0.275551
  42 -8.141210 -1.581139 19.393921 -0.932398 -0.361423 0.002770 0.454620 0.129580 2 42 0.503006 41 0.496994
scout_body_blue
  42 -7.565081 -2.806049 18.799423 -0.676555 -0.700075 -0.228402 0.455160 0.116410 2 42 0.507014 41 0.492986
  41 -7.796260 -2.068479 23.628799 -0.872656 -0.483833 0.066160 0.376930 0.154600 2 41 0.796185 42 0.203815
  42 -8.141210 -1.581139 19.393921 -0.932398 -0.361423 0.002770 0.454620 0.129580 2 42 0.503006 41 0.496994
scout_body_blue
  41 -7.007521 -3.314899 21.533882 -0.590454 -0.806785 -0.021490 0.401580 0.125220 2 41 0.549649 42 0.450351
  41 -7.796260 -2.068479 23.628799 -0.872656 -0.483833 0.066160 0.376930 0.154600 2 41 0.796185 42 0.203815
  42 -7.565081 -2.806049 18.799423 -0.676555 -0.700075 -0.228402 0.455160 0.116410 2 42 0.507014 41 0.492986
scout_body_blue
  41 -6.371240 3.396000 25.830139 -0.585927 0.804639 0.096151 0.368060 0.274690 1 41 1.000000
  41 -8.195098 0.631443 28.380899 -0.949026 0.314407 0.022299 0.301000 0.234700 1 41 1.000000
  41 -6.461700 3.502120 27.810223 -0.570772 0.816573 -0.086180 0.322470 0.289950 1 41 1.000000
scout_body_blue
  41 -8.195098 0.631443 28.380899 -0.949026 0.314407 0.022299 0.301000 0.234700 1 41 1.000000
  41 -6.371240 3.396000 25.830139 -0.585927 0.804639 0.096151 0.368060 0.274690 1 41 1.000000
  41 -8.293210 1.619030 24.405371 -0.922058 0.380653 0.070091 0.387480 0.214080 2 41 0.910732 42 0.089268
scout_body_blue
  41 -8.293210 1.619030 24.405371 -0.922058 0.380653 0.070091 0.387480 0.214080 2 41 0.910732 42 0.089268
  41 -7.796260 -2.068479 23.628799 -0.872656 -0.483833 0.066160 0.376930 0.154600 2 41 0.796185 42 0.203815
  41 -8.195098 0.631443 28.380899 -0.949026 0.314407 0.022299 0.301000 0.234700 1 41 1.000000
scout_body_blue
  41 -8.195098 0.631443 28.380899 -0.949026 0.314407 0.022299 0.301000 0.234700 1 41 1.000000
  41 -7.796260 -2.068479 23.628799 -0.872656 -0.483833 0.066160 0.376930 0.154600 2 41 0.796185 42 0.203815
  41 -7.498087 -2.665858 27.509024 -0.863310 -0.504471 -0.014267 0.292600 0.174400 2 41 0.943992 42 0.056008
scout_body_blue
  41 -4.119270 3.982109 25.415348 0.344223 0.921848 -0.178062 0.385780 0.313850 2 41 0.932528 42 0.067472
  41 -1.553230 1.130600 26.736090 0.887730 0.405324 -0.218282 0.374120 0.388020 1 41 1.000000
  41 -2.148397 2.085440 25.255215 0.806756 0.518939 -0.282573 0.401500 0.358000 2 41 0.926485 42 0.073515
scout_body_blue
  41 -3.519420 3.858570 27.663710 0.335434 0.932280 -0.135421 0.339800 0.337720 1 41 1.000000
  41 -1.553230 1.130600 26.736090 0.887730 0.405324 -0.218282 0.374120 0.388020 1 41 1.000000
  41 -4.119270 3.982109 25.415348 0.344223 0.921848 -0.178062 0.385780 0.313850 2 41 0.932528 42 0.067472
scout_body_blue
  41 -3.344570 4.917819 31.369120 0.244391 0.937783 -0.246651 0.276090 0.360230 1 41 1.000000
  41 -1.553230 1.130600 26.736090 0.887730 0.405324 -0.218282 0.374120 0.388020 1 41 1.000000
  41 -3.519420 3.858570 27.663710 0.335434 0.932280 -0.135421 0.339800 0.337720 1 41 1.000000
scout_body_blue
  41 -3.519420 3.858570 27.663710 0.335434 0.932280 -0.135421 0.339800 0.337720 1 41 1.000000
  41 -6.461700 3.502120 27.810223 -0.570772 0.816573 -0.086180 0.322470 0.289950 1 41 1.000000
  41 -3.344570 4.917819 31.369120 0.244391 0.937783 -0.246651 0.276090 0.360230 1 41 1.000000
scout_body_blue
  41 -3.344570 4.917819 31.369120 0.244391 0.937783 -0.246651 0.276090 0.360230 1 41 1.000000
  41 -6.461700 3.502120 27.810223 -0.570772 0.816573 -0.086180 0.322470 0.289950 1 41 1.000000
  41 -6.082920 4.249069 32.489182 -0.511603 0.858744 0.028670 0.251640 0.310680 1 41 1.000000
scout_body_blue
  41 -6.082920 4.249069 32.489182 -0.511603 0.858744 0.028670 0.251640 0.310680 1 41 1.000000
  41 -6.461700 3.502120 27.810223 -0.570772 0.816573 -0.086180 0.322470 0.289950 1 41 1.000000
  41 -8.195098 0.631443 28.380899 -0.949026 0.314407 0.022299 0.301000 0.234700 1 41 1.000000
scout_body_blue
  41 -8.195098 0.631443 28.380899 -0.949026 0.314407 0.022299 0.301000 0.234700 1 41 1.000000
  41 -7.825848 1.626686 33.722229 -0.782066 0.615636 0.096774 0.224000 0.258300 1 41 1.000000
  41 -6.082920 4.249069 32.489182 -0.511603 0.858744 0.028670 0.251640 0.310680 1 41 1.000000
scout_body_blue
  41 -6.082920 4.249069 32.489182 -0.511603 0.858744 0.028670 0.251640 0.310680 1 41 1.000000
  41 -7.825848 1.626686 33.722229 -0.782066 0.615636 0.096774 0.224000 0.258300 1 41 1.000000
  0 -4.780641 4.474810 35.336418 -0.605364 0.795875 -0.010830 0.207580 0.335650 2 0 0.639279 41 0.360722
scout_body_blue
  0 -7.127409 1.608645 37.426689 -0.690368 0.699624 0.184166 0.168300 0.273100 2 0 0.525526 41 0.474475
  0 -4.780641 4.474810 35.336418 -0.605364 0.795875 -0.010830 0.207580 0.335650 2 0 0.639279 41 0.360722
  41 -7.825848 1.626686 33.722229 -0.782066 0.615636 0.096774 0.224000 0.258300 1 41 1.000000
scout_body_blue
  0 -6.779501 1.335234 39.495895 -0.880935 0.437165 0.181220 0.141200 0.277400 2 0 0.818819 41 0.181181
  0 -4.780641 4.474810 35.336418 -0.605364 0.795875 -0.010830 0.207580 0.335650 2 0 0.639279 41 0.360722
  0 -7.127409 1.608645 37.426689 -0.690368 0.699624 0.184166 0.168300 0.273100 2 0 0.525526 41 0.474475
scout_body_blue
  0 -6.016550 1.761210 41.770893 -0.850835 0.483843 0.204881 0.112710 0.297030 3 0 0.597194 41 0.212425 5 0.190381
  0 -4.780641 4.474810 35.336418 -0.605364 0.795875 -0.010830 0.207580 0.335650 2 0 0.639279 41 0.360722
  0 -6.779501 1.335234 39.495895 -0.880935 0.437165 0.181220 0.141200 0.277400 2 0 0.818819 41 0.181181
scout_body_blue
  0 -6.306560 -0.584950 41.459297 -0.988457 -0.130621 0.076751 0.100470 0.254960 1 0 1.000000
  0 -6.016550 1.761210 41.770893 -0.850835 0.483843 0.204881 0.112710 0.297030 3 0 0.597194 41 0.212425 5 0.190381
  0 -6.779501 1.335234 39.495895 -0.880935 0.437165 0.181220 0.141200 0.277400 2 0 0.818819 41 0.181181
scout_body_blue
  0 -6.216700 -1.678480 39.733040 -0.893974 -0.414202 0.171021 0.119210 0.227310 1 0 1.000000
  0 -6.306560 -0.584950 41.459297 -0.988457 -0.130621 0.076751 0.100470 0.254960 1 0 1.000000
  0 -6.779501 1.335234 39.495895 -0.880935 0.437165 0.181220 0.141200 0.277400 2 0 0.818819 41 0.181181
scout_body_blue
  0 -6.216700 -1.678480 39.733040 -0.893974 -0.414202 0.171021 0.119210 0.227310 1 0 1.000000
  0 -5.688594 -1.879043 41.377979 -0.787931 -0.579865 0.207173 0.091200 0.230000 2 0 0.807933 5 0.192067
  0 -6.306560 -0.584950 41.459297 -0.988457 -0.130621 0.076751 0.100470 0.254960 1 0 1.000000
scout_body_blue
  0 -4.272069 -3.657850 40.170071 -0.420223 -0.892067 0.166221 0.091360 0.184970 2 0 0.937304 41 0.062696
  0 -5.688594 -1.879043 41.377979 -0.787931 -0.579865 0.207173 0.091200 0.230000 2 0 0.807933 5 0.192067
  0 -6.216700 -1.678480 39.733040 -0.893974 -0.414202 0.171021 0.119210 0.227310 1 0 1.000000
scout_body_blue
  0 -4.272069 -3.657850 40.170071 -0.420223 -0.892067 0.166221 0.091360 0.184970 2 0 0.937304 41 0.062696
  0 -4.000540 -3.477190 41.050831 -0.549347 -0.770225 0.323992 0.075900 0.188600 2 0 0.597598 5 0.402402
  0 -5.688594 -1.879043 41.377979 -0.787931 -0.579865 0.207173 0.091200 0.230000 2 0 0.807933 5 0.192067
scout_body_blue
  0 -4.000540 -3.477190 41.050831 -0.549347 -0.770225 0.323992 0.075900 0.188600 2 0 0.597598 5 0.402402
  0 -4.272069 -3.657850 40.170071 -0.420223 -0.892067 0.166221 0.091360 0.184970 2 0 0.937304 41 0.062696
  0 -1.145787 -5.233294 40.871223 -0.595881 -0.797278 -0.096294 0.047900 0.136500 3 0 0.359720 5 0.492986 6 0.147295
scout_body_blue
  0 -4.272069 -3.657850 40.170071 -0.420223 -0.892067 0.166221 0.091360 0.184970 2 0 0.937304 41 0.062696
  0 -0.047700 -4.994530 38.152206 0.000310 -0.997038 -0.076911 0.072790 0.098810 3 0 0.504644 5 0.382869 41 0.112487
  0 -1.145787 -5.233294 40.871223 -0.595881 -0.797278 -0.096294 0.047900 0.136500 3 0 0.359720 5 0.492986 6 0.147295
scout_body_blue
  5 -1.111500 -5.191350 42.937668 -0.994485 -0.103191 0.018730 0.017370 0.157040 3 5 0.498499 0 0.329329 6 0.172172
  0 -1.145787 -5.233294 40.871223 -0.595881 -0.797278 -0.096294 0.047900 0.136500 3 0 0.359720 5 0.492986 6 0.147295
  5 -1.065150 -5.642730 42.898510 -0.994485 -0.103191 0.018730 0.016890 0.150540 3 5 0.498998 0 0.328657 6 0.172345
scout_body_blue
  0 -1.145787 -5.233294 40.871223 -0.595881 -0.797278 -0.096294 0.047900 0.136500 3 0 0.359720 5 0.492986 6 0.147295
  5 -1.106510 -5.611380 40.889202 -0.994485 -0.103191 0.018730 0.043290 0.133890 3 5 0.490982 0 0.352705 6 0.156313
  5 -1.065150 -5.642730 42.898510 -0.994485 -0.103191 0.018730 0.016890 0.150540 3 5 0.498998 0 0.328657 6 0.172345
scout_body_blue
  5 -1.148050 4.661321 44.461361 -0.260863 0.953980 0.147892 0.078610 0.404660 3 5 0.484600 6 0.416838 0 0.098563
  5 -1.255500 5.023920 42.330151 -0.260863 0.953980 0.147892 0.115210 0.404580 3 5 0.414830 6 0.364730 0 0.220441
  5 -3.666270 4.302840 42.331959 -0.528113 0.837965 0.137521 0.113760 0.360080 3 5 0.535536 6 0.355355 0 0.109109
scout_body_blue
  5 -3.621249 4.048779 44.447334 -0.528113 0.837965 0.137521 0.077510 0.362580 3 5 0.448448 6 0.350350 0 0.201201
  5 -1.148050 4.661321 44.461361 -0.260863 0.953980 0.147892 0.078610 0.404660 3 5 0.484600 6 0.416838 0 0.098563
  5 -3.666270 4.302840 42.331959 -0.528113 0.837965 0.137521 0.113760 0.360080 3 5 0.535536 6 0.355355 0 0.109109
scout_body_blue
  5 -3.666270 4.302840 42.331959 -0.528113 0.837965 0.137521 0.113760 0.360080 3 5 0.535536 6 0.355355 0 0.109109
  0 -5.483481 1.654272 44.214100 -0.845920 0.500102 0.185247 0.069200 0.310300 3 0 0.205543 5 0.533487 6 0.260970
  5 -3.621249 4.048779 44.447334 -0.528113 0.837965 0.137521 0.077510 0.362580 3 5 0.448448 6 0.350350 0 0.201201
scout_body_blue
  0 -6.016550 1.761210 41.770893 -0.899217 0.426473 0.097621 0.112710 0.297030 3 0 0.597194 41 0.212425 5 0.190381
  0 -5.483481 1.654272 44.214100 -0.845920 0.500102 0.185247 0.069200 0.310300 3 0 0.205543 5 0.533487 6 0.260970
  5 -3.666270 4.302840 42.331959 -0.528113 0.837965 0.137521 0.113760 0.360080 3 5 0.535536 6 0.355355 0 0.109109
scout_body_blue
  0 -6.016550 1.761210 41.770893 -0.899217 0.426473 0.097621 0.112710 0.297030 3 0 0.597194 41 0.212425 5 0.190381
  0 -6.241950 -0.301450 43.583248 -0.988457 -0.130621 0.076751 0.070590 0.272070 2 0 0.736737 5 0.263263
  0 -5.483481 1.654272 44.214100 -0.845920 0.500102 0.185247 0.069200 0.310300 3 0 0.205543 5 0.533487 6 0.260970
scout_body_blue
  0 -6.306560 -0.584950 41.459297 -0.988457 -0.130621 0.076751 0.100470 0.254960 1 0 1.000000
  0 -6.241950 -0.301450 43.583248 -0.988457 -0.130621 0.076751 0.070590 0.272070 2 0 0.736737 5 0.263263
  0 -6.016550 1.761210 41.770893 -0.899217 0.426473 0.097621 0.112710 0.297030 3 0 0.597194 41 0.212425 5 0.190381
scout_body_blue
  0 -6.241950 -0.301450 43.583248 -0.988457 -0.130621 0.076751 0.070590 0.272070 2 0 0.736737 5 0.263263
  0 -6.306560 -0.584950 41.459297 -0.988457 -0.130621 0.076751 0.100470 0.254960 1 0 1.000000
  0 -5.127867 -2.467667 43.291142 -0.810358 -0.585934 -0.000604 0.055900 0.234600 3 0 0.465932 5 0.458918 6 0.075150
scout_body_blue
  0 -6.306560 -0.584950 41.459297 -0.988457 -0.130621 0.076751 0.100470 0.254960 1 0 1.000000
  0 -5.681600 -1.892960 41.381084 -0.841903 -0.538532 -0.034400 0.091160 0.229990 2 0 0.807933 5 0.192067
  0 -5.127867 -2.467667 43.291142 -0.810358 -0.585934 -0.000604 0.055900 0.234600 3 0 0.465932 5 0.458918 6 0.075150
scout_body_blue
  0 -5.681600 -1.892960 41.381084 -0.841903 -0.538532 -0.034400 0.091160 0.229990 2 0 0.807933 5 0.192067
  0 -3.989760 -3.487030 41.053001 -0.606814 -0.781495 -0.145061 0.075850 0.188620 2 0 0.597598 5 0.402402
  0 -5.127867 -2.467667 43.291142 -0.810358 -0.585934 -0.000604 0.055900 0.234600 3 0 0.465932 5 0.458918 6 0.075150
scout_body_blue
  0 -3.932314 -4.029253 43.109966 -0.639378 -0.757522 -0.131743 0.043400 0.206200 3 0 0.442886 5 0.481964 6 0.075150
  0 -5.127867 -2.467667 43.291142 -0.810358 -0.585934 -0.000604 0.055900 0.234600 3 0 0.465932 5 0.458918 6 0.075150
  0 -3.989760 -3.487030 41.053001 -0.606814 -0.781495 -0.145061 0.075850 0.188620 2 0 0.597598 5 0.402402
scout_body_blue
  0 -3.989760 -3.487030 41.053001 -0.606814 -0.781495 -0.145061 0.075850 0.188620 2 0 0.597598 5 0.402402
  5 -1.145830 -5.233250 40.871223 -0.433602 -0.889775 -0.142441 0.047930 0.136520 3 5 0.492986 0 0.359720 6 0.147295
  0 -3.932314 -4.029253 43.109966 -0.639378 -0.757522 -0.131743 0.043400 0.206200 3 0 0.442886 5 0.481964 6 0.075150
scout_body_blue
  5 -1.145830 -5.233250 40.871223 -0.433602 -0.889775 -0.142441 0.047930 0.136520 3 5 0.492986 0 0.359720 6 0.147295
  0 -1.111494 -5.191284 42.937729 -0.378314 -0.925339 0.025005 0.017400 0.157000 3 0 0.329329 5 0.498499 6 0.172172
  0 -3.932314 -4.029253 43.109966 -0.639378 -0.757522 -0.131743 0.043400 0.206200 3 0 0.442886 5 0.481964 6 0.075150
scout_body_blue
  19 22.696228 1.237643 35.116722 -0.560262 0.684866 -0.465902 0.964200 0.926300 3 19 0.197395 20 0.372746 21 0.429860
  20 23.133394 1.198162 35.021774 0.433538 0.610706 -0.662633 0.974100 0.928700 2 20 0.215790 21 0.784211
  19 22.617702 0.690421 34.970322 -0.631258 -0.485072 -0.605159 0.964400 0.944600 3 19 0.052052 20 0.256256 21 0.691692
scout_body_blue
  20 23.094402 0.727431 34.921906 0.434997 -0.510997 -0.741390 0.974000 0.944600 2 20 0.119219 21 0.880781
  19 22.617702 0.690421 34.970322 -0.631258 -0.485072 -0.605159 0.964400 0.944600 3 19 0.052052 20 0.256256 21 0.691692
  20 23.133394 1.198162 35.021774 0.433538 0.610706 -0.662633 0.974100 0.928700 2 20 0.215790 21 0.784211
scout_body_blue
  15 22.020046 0.826705 38.019135 -0.599669 -0.762769 -0.242034 0.880100 0.931200 3 15 0.752505 19 0.196393 25 0.051102
  15 22.874128 0.765406 38.340233 0.180336 -0.965372 0.188508 0.887000 0.934200 2 15 0.577710 19 0.422290
  15 21.566452 0.961113 38.793819 -0.081981 -0.873018 -0.480749 0.853600 0.924600 3 15 0.671690 22 0.175458 25 0.152853
scout_body_blue
  19 22.644844 0.602461 35.921310 -0.744022 -0.664602 -0.068805 0.941700 0.943700 3 19 0.278112 20 0.602410 21 0.119478
  15 22.874128 0.765406 38.340233 0.180336 -0.965372 0.188508 0.887000 0.934200 2 15 0.577710 19 0.422290
  15 22.020046 0.826705 38.019135 -0.599669 -0.762769 -0.242034 0.880100 0.931200 3 15 0.752505 19 0.196393 25 0.051102
scout_body_blue
  15 22.020046 0.826705 38.019135 -0.599669 -0.762769 -0.242034 0.880100 0.931200 3 15 0.752505 19 0.196393 25 0.051102
  15 22.158138 1.647543 37.678246 -0.788904 -0.077871 -0.609562 0.893300 0.907500 3 15 0.482032 16 0.240397 19 0.277571
  19 22.644844 0.602461 35.921310 -0.744022 -0.664602 -0.068805 0.941700 0.943700 3 19 0.278112 20 0.602410 21 0.119478
scout_body_blue
  19 22.644844 0.602461 35.921310 -0.744022 -0.664602 -0.068805 0.941700 0.943700 3 19 0.278112 20 0.602410 21 0.119478
  15 22.158138 1.647543 37.678246 -0.788904 -0.077871 -0.609562 0.893300 0.907500 3 15 0.482032 16 0.240397 19 0.277571
  16 22.488550 1.282053 36.398788 -0.806216 0.527713 -0.267458 0.929300 0.921900 3 16 0.228782 19 0.375154 20 0.396064
scout_body_blue
  15 22.158138 1.647543 37.678246 -0.788904 -0.077871 -0.609562 0.893300 0.907500 3 15 0.482032 16 0.240397 19 0.277571
  15 22.688679 1.754172 38.090515 0.863994 -0.077921 -0.497436 0.900500 0.907300 3 15 0.481735 16 0.316210 19 0.202055
  16 22.488550 1.282053 36.398788 -0.806216 0.527713 -0.267458 0.929300 0.921900 3 16 0.228782 19 0.375154 20 0.396064
scout_body_blue
  15 22.688679 1.754172 38.090515 0.863994 -0.077921 -0.497436 0.900500 0.907300 3 15 0.481735 16 0.316210 19 0.202055
  20 23.133394 1.198162 35.021774 0.433538 0.610706 -0.662633 0.944500 0.920400 2 20 0.215790 21 0.784211
  16 22.488550 1.282053 36.398788 -0.806216 0.527713 -0.267458 0.929300 0.921900 3 16 0.228782 19 0.375154 20 0.396064
scout_body_blue
  16 22.488550 1.282053 36.398788 -0.806216 0.527713 -0.267458 0.929300 0.921900 3 16 0.228782 19 0.375154 20 0.396064
  20 23.133394 1.198162 35.021774 0.433538 0.610706 -0.662633 0.944500 0.920400 2 20 0.215790 21 0.784211
  19 22.696228 1.237643 35.116722 -0.560262 0.684866 -0.465902 0.964200 0.926300 3 19 0.197395 20 0.372746 21 0.429860
scout_body_blue
  19 22.644844 0.602461 35.921310 -0.744022 -0.664602 -0.068805 0.941700 0.943700 3 19 0.278112 20 0.602410 21 0.119478
  16 22.488550 1.282053 36.398788 -0.806216 0.527713 -0.267458 0.929300 0.921900 3 16 0.228782 19 0.375154 20 0.396064
  19 22.696228 1.237643 35.116722 -0.560262 0.684866 -0.465902 0.964200 0.926300 3 19 0.197395 20 0.372746 21 0.429860
scout_body_blue
  19 22.696228 1.237643 35.116722 -0.560262 0.684866 -0.465902 0.964200 0.926300 3 19 0.197395 20 0.372746 21 0.429860
  19 22.617702 0.690421 34.970322 -0.631258 -0.485072 -0.605159 0.964400 0.944600 3 19 0.052052 20 0.256256 21 0.691692
  19 22.644844 0.602461 35.921310 -0.744022 -0.664602 -0.068805 0.941700 0.943700 3 19 0.278112 20 0.602410 21 0.119478
scout_body_blue
  19 22.617702 0.690421 34.970322 -0.631258 -0.485072 -0.605159 0.964400 0.944600 3 19 0.052052 20 0.256256 21 0.691692
  19 22.935562 0.516451 36.057636 0.169871 -0.985298 0.018196 0.943200 0.946600 3 19 0.274825 20 0.523571 21 0.201605
  19 22.644844 0.602461 35.921310 -0.744022 -0.664602 -0.068805 0.941700 0.943700 3 19 0.278112 20 0.602410 21 0.119478
scout_body_blue
  19 22.644844 0.602461 35.921310 -0.744022 -0.664602 -0.068805 0.941700 0.943700 3 19 0.278112 20 0.602410 21 0.119478
  19 22.935562 0.516451 36.057636 0.169871 -0.985298 0.018196 0.943200 0.946600 3 19 0.274825 20 0.523571 21 0.201605
  15 22.874128 0.765406 38.340233 0.180336 -0.965372 0.188508 0.887000 0.934200 2 15 0.577710 19 0.422290
scout_body_blue
  22 20.714268 0.030769 39.615608 0.326982 -0.817624 0.473892 0.809020 0.963600 2 22 0.799585 15 0.200415
  22 19.842621 -0.049741 39.527775 -0.645326 -0.698727 0.308764 0.802060 0.951230 2 22 0.717842 15 0.282158
  22 20.468695 -0.706397 38.919231 -0.026445 -0.901885 0.431165 0.826400 0.972200 2 22 0.873846 23 0.126154
scout_body_blue
  22 19.842621 -0.049741 39.527775 -0.645326 -0.698727 0.308764 0.802060 0.951230 2 22 0.717842 15 0.282158
  22 20.144831 -0.711799 38.262852 -0.822429 -0.568020 -0.031047 0.836800 0.973000 2 22 0.680527 23 0.319473
  22 20.468695 -0.706397 38.919231 -0.026445 -0.901885 0.431165 0.826400 0.972200 2 22 0.873846 23 0.126154
scout_body_blue
  22 19.842621 -0.049741 39.527775 -0.645326 -0.698727 0.308764 0.802060 0.951230 2 22 0.717842 15 0.282158
  15 19.301979 0.864990 39.757172 -0.797628 -0.460975 -0.388963 0.789710 0.922040 2 15 0.724713 22 0.275287
  22 20.144831 -0.711799 38.262852 -0.822429 -0.568020 -0.031047 0.836800 0.973000 2 22 0.680527 23 0.319473
scout_body_blue
  15 19.301979 0.864990 39.757172 -0.797628 -0.460975 -0.388963 0.789710 0.922040 2 15 0.724713 22 0.275287
  22 20.150265 -0.172410 38.244446 -0.821866 0.308008 -0.479236 0.838900 0.956800 2 22 0.821730 23 0.178270
  22 20.144831 -0.711799 38.262852 -0.822429 -0.568020 -0.031047 0.836800 0.973000 2 22 0.680527 23 0.319473
scout_body_blue
  15 20.110458 1.270788 39.077431 -0.402567 0.217076 -0.889280 0.822100 0.911600 2 15 0.524403 22 0.475597
  22 20.150265 -0.172410 38.244446 -0.821866 0.308008 -0.479236 0.838900 0.956800 2 22 0.821730 23 0.178270
  15 19.301979 0.864990 39.757172 -0.797628 -0.460975 -0.388963 0.789710 0.922040 2 15 0.724713 22 0.275287
scout_body_blue
  15 20.110458 1.270788 39.077431 -0.402567 0.217076 -0.889280 0.822100 0.911600 2 15 0.524403 22 0.475597
  15 20.637650 0.572392 38.702415 0.125650 0.434585 -0.891823 0.838400 0.934500 3 15 0.117899 22 0.796356 23 0.085745
  22 20.150265 -0.172410 38.244446 -0.821866 0.308008 -0.479236 0.838900 0.956800 2 22 0.821730 23 0.178270
scout_body_blue
  15 20.110458 1.270788 39.077431 -0.402567 0.217076 -0.889280 0.822100 0.911600 2 15 0.524403 22 0.475597
  15 21.566452 0.961113 38.793819 -0.081981 -0.873018 -0.480749 0.853600 0.924600 3 15 0.671690 22 0.175458 25 0.152853
  15 20.637650 0.572392 38.702415 0.125650 0.434585 -0.891823 0.838400 0.934500 3 15 0.117899 22 0.796356 23 0.085745
scout_body_blue
  15 20.895931 1.598660 38.996395 -0.347333 -0.019570 -0.937537 0.838410 0.905070 3 15 0.738542 25 0.178125 22 0.083333
  15 21.566452 0.961113 38.793819 -0.081981 -0.873018 -0.480749 0.853600 0.924600 3 15 0.671690 22 0.175458 25 0.152853
  15 20.110458 1.270788 39.077431 -0.402567 0.217076 -0.889280 0.822100 0.911600 2 15 0.524403 22 0.475597
scout_body_blue
  15 22.020046 0.826705 38.019135 -0.599669 -0.762769 -0.242034 0.880100 0.931200 3 15 0.752505 19 0.196393 25 0.051102
  15 21.566452 0.961113 38.793819 -0.081981 -0.873018 -0.480749 0.853600 0.924600 3 15 0.671690 22 0.175458 25 0.152853
  15 20.895931 1.598660 38.996395 -0.347333 -0.019570 -0.937537 0.838410 0.905070 3 15 0.738542 25 0.178125 22 0.083333
scout_body_blue
  15 21.563078 2.596472 38.222832 -0.736277 -0.224692 -0.638286 0.871990 0.878140 3 15 0.703109 25 0.222668 16 0.074223
  15 22.020046 0.826705 38.019135 -0.599669 -0.762769 -0.242034 0.880100 0.931200 3 15 0.752505 19 0.196393 25 0.051102
  15 20.895931 1.598660 38.996395 -0.347333 -0.019570 -0.937537 0.838410 0.905070 3 15 0.738542 25 0.178125 22 0.083333
scout_body_blue
  15 22.158138 1.647543 37.678246 -0.788904 -0.077871 -0.609562 0.893300 0.907500 3 15 0.482032 16 0.240397 19 0.277571
  15 22.020046 0.826705 38.019135 -0.599669 -0.762769 -0.242034 0.880100 0.931200 3 15 0.752505 19 0.196393 25 0.051102
  15 21.563078 2.596472 38.222832 -0.736277 -0.224692 -0.638286 0.871990 0.878140 3 15 0.703109 25 0.222668 16 0.074223
scout_body_blue
  15 22.278400 2.760969 36.903297 -0.875460 -0.282448 -0.392165 0.917600 0.875900 3 15 0.280045 16 0.441043 17 0.278912
  15 22.158138 1.647543 37.678246 -0.788904 -0.077871 -0.609562 0.893300 0.907500 3 15 0.482032 16 0.240397 19 0.277571
  15 21.563078 2.596472 38.222832 -0.736277 -0.224692 -0.638286 0.871990 0.878140 3 15 0.703109 25 0.222668 16 0.074223
scout_body_blue
  15 22.158138 1.647543 37.678246 -0.788904 -0.077871 -0.609562 0.893300 0.907500 3 15 0.482032 16 0.240397 19 0.277571
  15 22.278400 2.760969 36.903297 -0.875460 -0.282448 -0.392165 0.917600 0.875900 3 15 0.280045 16 0.441043 17 0.278912
  16 22.917267 2.067006 36.219540 -0.391187 -0.875133 -0.284806 0.943500 0.899600 3 16 0.350133 17 0.493369 20 0.156499
scout_body_blue
  15 22.278400 2.760969 36.903297 -0.875460 -0.282448 -0.392165 0.917600 0.875900 3 15 0.280045 16 0.441043 17 0.278912
  16 22.606642 2.948859 34.919975 -0.783890 0.026820 -0.620320 0.972500 0.875100 3 16 0.091093 17 0.272267 18 0.636640
  16 22.917267 2.067006 36.219540 -0.391187 -0.875133 -0.284806 0.943500 0.899600 3 16 0.350133 17 0.493369 20 0.156499
scout_body_blue
  16 22.917267 2.067006 36.219540 -0.391187 -0.875133 -0.284806 0.943500 0.899600 3 16 0.350133 17 0.493369 20 0.156499
  16 22.606642 2.948859 34.919975 -0.783890 0.026820 -0.620320 0.972500 0.875100 3 16 0.091093 17 0.272267 18 0.636640
  17 22.783300 2.444225 34.637707 -0.544811 -0.451214 -0.706814 0.980700 0.892900 2 17 0.123584 18 0.876416
scout_body_blue
  17 22.783300 2.444225 34.637707 -0.544811 -0.451214 -0.706814 0.980700 0.892900 2 17 0.123584 18 0.876416
  16 22.606642 2.948859 34.919975 -0.783890 0.026820 -0.620320 0.972500 0.875100 3 16 0.091093 17 0.272267 18 0.636640
  17 23.261728 2.438622 34.569664 0.428305 -0.434770 -0.792168 0.990700 0.894000 2 17 0.060667 18 0.939333
scout_body_blue
  17 23.261728 2.438622 34.569664 0.428305 -0.434770 -0.792168 0.990700 0.894000 2 17 0.060667 18 0.939333
  16 23.341473 2.083466 36.291348 0.451834 -0.879831 -0.147454 0.949200 0.899800 3 16 0.186207 17 0.528276 18 0.285517
  17 22.783300 2.444225 34.637707 -0.544811 -0.451214 -0.706814 0.980700 0.892900 2 17 0.123584 18 0.876416
scout_body_blue
  17 22.783300 2.444225 34.637707 -0.544811 -0.451214 -0.706814 0.980700 0.892900 2 17 0.123584 18 0.876416
  16 23.341473 2.083466 36.291348 0.451834 -0.879831 -0.147454 0.949200 0.899800 3 16 0.186207 17 0.528276 18 0.285517
  16 22.917267 2.067006 36.219540 -0.391187 -0.875133 -0.284806 0.943500 0.899600 3 16 0.350133 17 0.493369 20 0.156499
scout_body_blue
  16 22.917267 2.067006 36.219540 -0.391187 -0.875133 -0.284806 0.943500 0.899600 3 16 0.350133 17 0.493369 20 0.156499
  16 23.341473 2.083466 36.291348 0.451834 -0.879831 -0.147454 0.949200 0.899800 3 16 0.186207 17 0.528276 18 0.285517
  15 22.158138 1.647543 37.678246 -0.788904 -0.077871 -0.609562 0.893300 0.907500 3 15 0.482032 16 0.240397 19 0.277571
scout_body_blue
  15 22.158138 1.647543 37.678246 -0.788904 -0.077871 -0.609562 0.893300 0.907500 3 15 0.482032 16 0.240397 19 0.277571
  16 23.341473 2.083466 36.291348 0.451834 -0.879831 -0.147454 0.949200 0.899800 3 16 0.186207 17 0.528276 18 0.285517
  15 22.688679 1.754172 38.090515 0.863994 -0.077921 -0.497436 0.909600 0.901200 3 15 0.481735 16 0.316210 19 0.202055
scout_body_blue
  17 23.261728 2.438622 34.569664 0.428305 -0.434770 -0.792168 0.990700 0.894000 2 17 0.060667 18 0.939333
  16 22.606642 2.948859 34.919975 -0.783890 0.026820 -0.620320 0.972500 0.875100 3 16 0.091093 17 0.272267 18 0.636640
  17 23.279339 2.895409 34.689140 0.466404 0.634771 -0.616063 0.989700 0.878600 2 17 0.169792 18 0.830208
scout_body_blue
  22 19.842621 -0.049741 39.527775 -0.645326 -0.698727 0.308764 0.802060 0.951230 2 22 0.717842 15 0.282158
  15 19.814011 0.480079 40.196949 -0.364872 -0.883706 0.293142 0.786760 0.933830 2 15 0.704953 22 0.295047
  15 19.301979 0.864990 39.757172 -0.797628 -0.460975 -0.388963 0.789710 0.922040 2 15 0.724713 22 0.275287
scout_body_blue
  15 19.814011 0.480079 40.196949 -0.364872 -0.883706 0.293142 0.786760 0.933830 2 15 0.704953 22 0.295047
  15 18.887150 1.362150 40.049599 -0.735120 -0.407166 -0.542047 0.776780 0.905550 3 15 0.765406 14 0.127568 22 0.107027
  15 19.301979 0.864990 39.757172 -0.797628 -0.460975 -0.388963 0.789710 0.922040 2 15 0.724713 22 0.275287
scout_body_blue
  15 22.009270 4.101442 36.728436 -0.825707 0.467038 -0.316359 0.921100 0.835300 3 15 0.223404 16 0.404255 17 0.372340
  16 22.259830 3.511020 36.009056 -0.845331 0.045773 -0.532279 0.941400 0.855100 3 16 0.296296 17 0.371371 18 0.332332
  15 22.278400 2.760969 36.903297 -0.875460 -0.282448 -0.392165 0.917600 0.875900 3 15 0.280045 16 0.441043 17 0.278912
scout_body_blue
  16 22.259830 3.511020 36.009056 -0.845331 0.045773 -0.532279 0.941400 0.855100 3 16 0.296296 17 0.371371 18 0.332332
  16 22.606695 3.479321 35.006611 -0.551875 0.625368 -0.551678 0.971600 0.860600 3 16 0.177177 17 0.361361 18 0.461462
  15 22.278400 2.760969 36.903297 -0.875460 -0.282448 -0.392165 0.917600 0.875900 3 15 0.280045 16 0.441043 17 0.278912
scout_body_blue
  16 22.606695 3.479321 35.006611 -0.551875 0.625368 -0.551678 0.971600 0.860600 3 16 0.177177 17 0.361361 18 0.461462
  16 22.606642 2.948859 34.919975 -0.783890 0.026820 -0.620320 0.972500 0.875100 3 16 0.091093 17 0.272267 18 0.636640
  15 22.278400 2.760969 36.903297 -0.875460 -0.282448 -0.392165 0.917600 0.875900 3 15 0.280045 16 0.441043 17 0.278912
scout_body_blue
  16 22.606695 3.479321 35.006611 -0.551875 0.625368 -0.551678 0.971600 0.860600 3 16 0.177177 17 0.361361 18 0.461462
  16 23.057163 3.412864 34.951286 0.507883 0.595434 -0.622505 0.981000 0.862000 3 16 0.112112 17 0.323323 18 0.564565
  16 22.606642 2.948859 34.919975 -0.783890 0.026820 -0.620320 0.972500 0.875100 3 16 0.091093 17 0.272267 18 0.636640
scout_body_blue
  16 23.057163 3.412864 34.951286 0.507883 0.595434 -0.622505 0.981000 0.862000 3 16 0.112112 17 0.323323 18 0.564565
  16 23.034199 2.997121 34.843613 0.333990 0.844976 -0.417692 0.981600 0.876400 3 16 0.061061 17 0.229229 18 0.709710
  16 22.606642 2.948859 34.919975 -0.783890 0.026820 -0.620320 0.972500 0.875100 3 16 0.091093 17 0.272267 18 0.636640
scout_body_blue
  16 22.151188 4.138683 36.152023 -0.622191 0.566702 -0.540118 0.937800 0.835700 3 16 0.354123 17 0.387949 18 0.257928
  16 22.259830 3.511020 36.009056 -0.845331 0.045773 -0.532279 0.941400 0.855100 3 16 0.296296 17 0.371371 18 0.332332
  15 22.009270 4.101442 36.728436 -0.825707 0.467038 -0.316359 0.921100 0.835300 3 15 0.223404 16 0.404255 17 0.372340
scout_body_blue
  16 22.630600 4.219489 36.114090 0.438346 0.711527 -0.549166 0.947400 0.834400 3 16 0.346316 17 0.385263 18 0.268421
  16 22.259830 3.511020 36.009056 -0.845331 0.045773 -0.532279 0.941400 0.855100 3 16 0.296296 17 0.371371 18 0.332332
  16 22.151188 4.138683 36.152023 -0.622191 0.566702 -0.540118 0.937800 0.835700 3 16 0.354123 17 0.387949 18 0.257928
scout_body_blue
  16 22.703634 3.628026 35.977028 0.364969 0.822236 -0.436721 0.950300 0.852600 3 16 0.292292 17 0.372372 18 0.335335
  16 22.259830 3.511020 36.009056 -0.845331 0.045773 -0.532279 0.941400 0.855100 3 16 0.296296 17 0.371371 18 0.332332
  16 22.630600 4.219489 36.114090 0.438346 0.711527 -0.549166 0.947400 0.834400 3 16 0.346316 17 0.385263 18 0.268421
scout_body_blue
  16 23.057163 3.412864 34.951286 0.507883 0.595434 -0.622505 0.980900 0.862000 3 16 0.112112 17 0.323323 18 0.564565
  16 22.259830 3.511020 36.009056 -0.845331 0.045773 -0.532279 0.941400 0.855100 3 16 0.296296 17 0.371371 18 0.332332
  16 22.703634 3.628026 35.977028 0.364969 0.822236 -0.436721 0.950300 0.852600 3 16 0.292292 17 0.372372 18 0.335335
scout_body_blue
  16 23.057163 3.412864 34.951286 0.507883 0.595434 -0.622505 0.980900 0.862000 3 16 0.112112 17 0.323323 18 0.564565
  16 22.606695 3.479321 35.006611 -0.551875 0.625368 -0.551678 0.969800 0.869600 3 16 0.177177 17 0.361361 18 0.461462
  16 22.259830 3.511020 36.009056 -0.845331 0.045773 -0.532279 0.941400 0.855100 3 16 0.296296 17 0.371371 18 0.332332
scout_body_blue
  15 22.278400 2.760969 36.903297 -0.875460 -0.282448 -0.392165 0.917600 0.875900 3 15 0.280045 16 0.441043 17 0.278912
  15 20.882118 4.172004 38.996735 -0.518798 0.791695 -0.322594 0.846100 0.826100 3 15 0.564565 16 0.150150 25 0.285285
  15 22.009270 4.101442 36.728436 -0.825707 0.467038 -0.316359 0.921100 0.835300 3 15 0.223404 16 0.404255 17 0.372340
scout_body_blue
  15 22.278400 2.760969 36.903297 -0.875460 -0.282448 -0.392165 0.917600 0.875900 3 15 0.280045 16 0.441043 17 0.278912
  15 20.903019 3.317649 38.640648 -0.665564 0.085427 -0.741435 0.852700 0.852600 3 15 0.720441 16 0.076152 25 0.203407
  15 20.882118 4.172004 38.996735 -0.518798 0.791695 -0.322594 0.846100 0.826100 3 15 0.564565 16 0.150150 25 0.285285
scout_body_blue
  15 21.563078 2.596472 38.222832 -0.736277 -0.224692 -0.638286 0.871990 0.878140 3 15 0.703109 25 0.222668 16 0.074223
  15 20.903019 3.317649 38.640648 -0.665564 0.085427 -0.741435 0.852700 0.852600 3 15 0.720441 16 0.076152 25 0.203407
  15 22.278400 2.760969 36.903297 -0.875460 -0.282448 -0.392165 0.917600 0.875900 3 15 0.280045 16 0.441043 17 0.278912
scout_body_blue
  15 20.903019 3.317649 38.640648 -0.665564 0.085427 -0.741435 0.852700 0.852600 3 15 0.720441 16 0.076152 25 0.203407
  15 21.563078 2.596472 38.222832 -0.736277 -0.224692 -0.638286 0.871990 0.878140 3 15 0.703109 25 0.222668 16 0.074223
  15 20.895931 1.598660 38.996395 -0.347333 -0.019570 -0.937537 0.838410 0.905070 3 15 0.738542 25 0.178125 22 0.083333
scout_body_blue
  15 19.879591 2.008451 39.196022 -0.530973 0.052271 -0.845775 0.816960 0.890080 2 15 0.945550 25 0.054450
  15 20.903019 3.317649 38.640648 -0.665564 0.085427 -0.741435 0.852700 0.852600 3 15 0.720441 16 0.076152 25 0.203407
  15 20.895931 1.598660 38.996395 -0.347333 -0.019570 -0.937537 0.838410 0.905070 3 15 0.738542 25 0.178125 22 0.083333
scout_body_blue
  15 20.110458 1.270788 39.077431 -0.402567 0.217076 -0.889280 0.822100 0.911600 2 15 0.524403 22 0.475597
  15 19.879591 2.008451 39.196022 -0.530973 0.052271 -0.845775 0.816960 0.890080 2 15 0.945550 25 0.054450
  15 20.895931 1.598660 38.996395 -0.347333 -0.019570 -0.937537 0.838410 0.905070 3 15 0.738542 25 0.178125 22 0.083333
scout_body_blue
  15 20.110458 1.270788 39.077431 -0.402567 0.217076 -0.889280 0.822100 0.911600 2 15 0.524403 22 0.475597
  15 19.301979 0.864990 39.757172 -0.797628 -0.460975 -0.388963 0.789710 0.922040 2 15 0.724713 22 0.275287
  15 19.879591 2.008451 39.196022 -0.530973 0.052271 -0.845775 0.816960 0.890080 2 15 0.945550 25 0.054450
scout_body_blue
  15 19.879591 2.008451 39.196022 -0.530973 0.052271 -0.845775 0.816960 0.890080 2 15 0.945550 25 0.054450
  15 19.301979 0.864990 39.757172 -0.797628 -0.460975 -0.388963 0.789710 0.922040 2 15 0.724713 22 0.275287
  15 19.024570 2.448861 39.763088 -0.694224 0.132251 -0.707504 0.789440 0.873760 2 15 0.871413 14 0.128587
scout_body_blue
  15 19.301979 0.864990 39.757172 -0.797628 -0.460975 -0.388963 0.789710 0.922040 2 15 0.724713 22 0.275287
  15 18.887150 1.362150 40.049599 -0.735120 -0.407166 -0.542047 0.776780 0.905550 3 15 0.765406 14 0.127568 22 0.107027
  15 19.024570 2.448861 39.763088 -0.694224 0.132251 -0.707504 0.789440 0.873760 2 15 0.871413 14 0.128587
scout_body_blue
  14 18.226015 2.320817 40.745197 -0.710865 0.187840 -0.677780 0.779100 0.874600 2 14 0.483368 15 0.516632
  15 19.024570 2.448861 39.763088 -0.694224 0.132251 -0.707504 0.789440 0.873760 2 15 0.871413 14 0.128587
  15 18.887150 1.362150 40.049599 -0.735120 -0.407166 -0.542047 0.776780 0.905550 3 15 0.765406 14 0.127568 22 0.107027
scout_body_blue
  15 19.248436 3.437971 40.251598 -0.642065 0.702296 -0.307462 0.784340 0.843480 3 15 0.663951 14 0.271894 25 0.064155
  15 19.024570 2.448861 39.763088 -0.694224 0.132251 -0.707504 0.789440 0.873760 2 15 0.871413 14 0.128587
  14 18.226015 2.320817 40.745197 -0.710865 0.187840 -0.677780 0.779100 0.874600 2 14 0.483368 15 0.516632
scout_body_blue
  15 19.248436 3.437971 40.251598 -0.642065 0.702296 -0.307462 0.784340 0.843480 3 15 0.663951 14 0.271894 25 0.064155
  15 19.613079 3.783392 39.834961 -0.565066 0.728548 -0.387193 0.801950 0.834770 3 15 0.851546 25 0.096907 14 0.051546
  15 19.024570 2.448861 39.763088 -0.694224 0.132251 -0.707504 0.789440 0.873760 2 15 0.871413 14 0.128587
scout_body_blue
  15 20.277533 3.871291 40.735107 0.137896 0.873709 0.466494 0.792100 0.830200 3 15 0.831663 16 0.051102 25 0.117235
  15 19.613079 3.783392 39.834961 -0.565066 0.728548 -0.387193 0.801950 0.834770 3 15 0.851546 25 0.096907 14 0.051546
  15 19.248436 3.437971 40.251598 -0.642065 0.702296 -0.307462 0.784340 0.843480 3 15 0.663951 14 0.271894 25 0.064155
scout_body_blue
  15 19.613079 3.783392 39.834961 -0.565066 0.728548 -0.387193 0.801950 0.834770 3 15 0.851546 25 0.096907 14 0.051546
  15 20.277533 3.871291 40.735107 0.137896 0.873709 0.466494 0.792100 0.830200 3 15 0.831663 16 0.051102 25 0.117235
  15 20.882118 4.172004 38.996735 -0.518798 0.791695 -0.322594 0.846100 0.826100 3 15 0.564565 16 0.150150 25 0.285285
scout_body_blue
  15 20.277533 3.871291 40.735107 0.137896 0.873709 0.466494 0.792100 0.830200 3 15 0.831663 16 0.051102 25 0.117235
  15 21.894829 4.447623 38.652191 0.219212 0.951867 0.214232 0.872800 0.822290 3 15 0.479960 25 0.308617 16 0.211423
  15 20.882118 4.172004 38.996735 -0.518798 0.791695 -0.322594 0.846100 0.826100 3 15 0.564565 16 0.150150 25 0.285285
scout_body_blue
  16 22.630600 4.219489 36.114090 0.438346 0.711527 -0.549166 0.947400 0.834400 3 16 0.346316 17 0.385263 18 0.268421
  15 20.882118 4.172004 38.996735 -0.518798 0.791695 -0.322594 0.846100 0.826100 3 15 0.564565 16 0.150150 25 0.285285
  15 21.894829 4.447623 38.652191 0.219212 0.951867 0.214232 0.872800 0.822290 3 15 0.479960 25 0.308617 16 0.211423
scout_body_blue
  15 22.009270 4.101442 36.728436 -0.825707 0.467038 -0.316359 0.921100 0.835300 3 15 0.223404 16 0.404255 17 0.372340
  15 20.882118 4.172004 38.996735 -0.518798 0.791695 -0.322594 0.846100 0.826100 3 15 0.564565 16 0.150150 25 0.285285
  16 22.630600 4.219489 36.114090 0.438346 0.711527 -0.549166 0.947400 0.834400 3 16 0.346316 17 0.385263 18 0.268421
scout_body_blue
  16 22.151188 4.138683 36.152023 -0.622191 0.566702 -0.540118 0.937800 0.835700 3 16 0.354123 17 0.387949 18 0.257928
  15 22.009270 4.101442 36.728436 -0.825707 0.467038 -0.316359 0.921100 0.835300 3 15 0.223404 16 0.404255 17 0.372340
  16 22.630600 4.219489 36.114090 0.438346 0.711527 -0.549166 0.947400 0.834400 3 16 0.346316 17 0.385263 18 0.268421
scout_body_blue
  15 19.613079 3.783392 39.834961 -0.565066 0.728548 -0.387193 0.801950 0.834770 3 15 0.851546 25 0.096907 14 0.051546
  15 19.879591 2.008451 39.196022 -0.530973 0.052271 -0.845775 0.816960 0.890080 2 15 0.945550 25 0.054450
  15 19.024570 2.448861 39.763088 -0.694224 0.132251 -0.707504 0.789440 0.873760 2 15 0.871413 14 0.128587
scout_body_blue
  15 19.613079 3.783392 39.834961 -0.565066 0.728548 -0.387193 0.801950 0.834770 3 15 0.851546 25 0.096907 14 0.051546
  15 20.903019 3.317649 38.640648 -0.665564 0.085427 -0.741435 0.852700 0.852600 3 15 0.720441 16 0.076152 25 0.203407
  15 19.879591 2.008451 39.196022 -0.530973 0.052271 -0.845775 0.816960 0.890080 2 15 0.945550 25 0.054450
scout_body_blue
  15 20.882118 4.172004 38.996735 -0.518798 0.791695 -0.322594 0.846100 0.826100 3 15 0.564565 16 0.150150 25 0.285285
  15 20.903019 3.317649 38.640648 -0.665564 0.085427 -0.741435 0.852700 0.852600 3 15 0.720441 16 0.076152 25 0.203407
  15 19.613079 3.783392 39.834961 -0.565066 0.728548 -0.387193 0.801950 0.834770 3 15 0.851546 25 0.096907 14 0.051546
scout_body_blue
  0 -5.014071 -4.694126 34.882782 -0.626578 -0.775907 0.073266 0.160500 0.159900 2 0 0.146146 41 0.853854
  41 -5.291840 -4.450469 35.143879 -0.628295 -0.771695 0.098651 0.159150 0.167240 2 41 0.853854 0 0.146146
  0 -5.724072 -4.419392 30.414288 -0.772500 -0.634531 0.024783 0.231600 0.143700 2 0 0.107741 41 0.892259
scout_body_blue
  0 -5.014071 -4.694126 34.882782 -0.626578 -0.775907 0.073266 0.160500 0.159900 2 0 0.146146 41 0.853854
  0 -4.864203 -4.286757 38.517952 -0.859787 -0.497772 0.113973 0.117800 0.179900 2 0 0.768769 41 0.231231
  41 -5.291840 -4.450469 35.143879 -0.628295 -0.771695 0.098651 0.159150 0.167240 2 41 0.853854 0 0.146146
scout_body_blue
  41 -5.910014 -4.117949 26.895092 -0.716471 -0.542029 -0.439174 0.295600 0.132100 2 41 0.888205 42 0.111795
  0 -5.724072 -4.419392 30.414288 -0.772500 -0.634531 0.024783 0.231600 0.143700 2 0 0.107741 41 0.892259
  41 -7.486751 -2.239569 29.429871 -0.890658 -0.449574 0.067911 0.262790 0.183350 1 41 1.000000
scout_body_blue
  41 -7.355080 -2.275409 32.569180 -0.908490 -0.403305 0.109501 0.217190 0.196820 1 41 1.000000
  41 -7.486751 -2.239569 29.429871 -0.890658 -0.449574 0.067911 0.262790 0.183350 1 41 1.000000
  0 -5.724072 -4.419392 30.414288 -0.772500 -0.634531 0.024783 0.231600 0.143700 2 0 0.107741 41 0.892259
scout_body_blue
  0 -5.724072 -4.419392 30.414288 -0.772500 -0.634531 0.024783 0.231600 0.143700 2 0 0.107741 41 0.892259
  41 -5.291840 -4.450469 35.143879 -0.628295 -0.771695 0.098651 0.159150 0.167240 2 41 0.853854 0 0.146146
  41 -7.355080 -2.275409 32.569180 -0.908490 -0.403305 0.109501 0.217190 0.196820 1 41 1.000000
scout_body_blue
  41 -6.611710 -1.554349 36.642181 -0.921683 -0.363271 0.136140 0.158680 0.215100 2 41 0.799800 0 0.200200
  41 -7.355080 -2.275409 32.569180 -0.908490 -0.403305 0.109501 0.217190 0.196820 1 41 1.000000
  41 -5.291840 -4.450469 35.143879 -0.628295 -0.771695 0.098651 0.159150 0.167240 2 41 0.853854 0 0.146146
scout_body_blue
  41 -5.291840 -4.450469 35.143879 -0.628295 -0.771695 0.098651 0.159150 0.167240 2 41 0.853854 0 0.146146
  0 -4.864203 -4.286757 38.517952 -0.859787 -0.497772 0.113973 0.117800 0.179900 2 0 0.768769 41 0.231231
  41 -6.611710 -1.554349 36.642181 -0.921683 -0.363271 0.136140 0.158680 0.215100 2 41 0.799800 0 0.200200
scout_body_blue
  0 -4.864203 -4.286757 38.517952 -0.859787 -0.497772 0.113973 0.117800 0.179900 2 0 0.768769 41 0.231231
  0 -6.216700 -1.678480 39.733040 -0.893974 -0.414202 0.171021 0.119210 0.227310 1 0 1.000000
  41 -6.611710 -1.554349 36.642181 -0.921683 -0.363271 0.136140 0.158680 0.215100 2 41 0.799800 0 0.200200
scout_body_blue
  0 -6.216700 -1.678480 39.733040 -0.893974 -0.414202 0.171021 0.119210 0.227310 1 0 1.000000
  0 -6.779501 1.335234 39.495895 -0.975180 -0.181602 0.126665 0.141200 0.277400 2 0 0.818819 41 0.181181
  41 -6.611710 -1.554349 36.642181 -0.921683 -0.363271 0.136140 0.158680 0.215100 2 41 0.799800 0 0.200200
scout_body_blue
  41 -6.611710 -1.554349 36.642181 -0.921683 -0.363271 0.136140 0.158680 0.215100 2 41 0.799800 0 0.200200
  0 -6.779501 1.335234 39.495895 -0.975180 -0.181602 0.126665 0.141200 0.277400 2 0 0.818819 41 0.181181
  0 -7.127409 1.608645 37.426689 -0.967777 -0.196823 0.157065 0.168300 0.273100 2 0 0.525526 41 0.474475
scout_body_blue
  0 -7.127409 1.608645 37.426689 -0.967777 -0.196823 0.157065 0.168300 0.273100 2 0 0.525526 41 0.474475
  41 -7.825848 1.626686 33.722229 -0.972377 -0.172209 0.157566 0.224000 0.258300 1 41 1.000000
  41 -6.611710 -1.554349 36.642181 -0.921683 -0.363271 0.136140 0.158680 0.215100 2 41 0.799800 0 0.200200
scout_body_blue
  41 -7.355080 -2.275409 32.569180 -0.908490 -0.403305 0.109501 0.217190 0.196820 1 41 1.000000
  41 -6.611710 -1.554349 36.642181 -0.921683 -0.363271 0.136140 0.158680 0.215100 2 41 0.799800 0 0.200200
  41 -7.825848 1.626686 33.722229 -0.972377 -0.172209 0.157566 0.224000 0.258300 1 41 1.000000
scout_body_blue
  41 -7.825848 1.626686 33.722229 -0.972377 -0.172209 0.157566 0.224000 0.258300 1 41 1.000000
  41 -8.195098 0.631443 28.380899 -0.978830 -0.193808 0.065803 0.301000 0.234700 1 41 1.000000
  41 -7.355080 -2.275409 32.569180 -0.908490 -0.403305 0.109501 0.217190 0.196820 1 41 1.000000
scout_body_blue
  41 -8.195098 0.631443 28.380899 -0.978830 -0.193808 0.065803 0.301000 0.234700 1 41 1.000000
  41 -7.486751 -2.239569 29.429871 -0.890658 -0.449574 0.067911 0.262790 0.183350 1 41 1.000000
  41 -7.355080 -2.275409 32.569180 -0.908490 -0.403305 0.109501 0.217190 0.196820 1 41 1.000000
scout_body_blue
  41 -8.195098 0.631443 28.380899 -0.978830 -0.193808 0.065803 0.301000 0.234700 1 41 1.000000
  41 -7.498087 -2.665858 27.509024 -0.795369 -0.597485 0.101976 0.292600 0.174400 2 41 0.943992 42 0.056008
  41 -7.486751 -2.239569 29.429871 -0.890658 -0.449574 0.067911 0.262790 0.183350 1 41 1.000000
scout_body_blue
  41 -7.486751 -2.239569 29.429871 -0.890658 -0.449574 0.067911 0.262790 0.183350 1 41 1.000000
  41 -7.498087 -2.665858 27.509024 -0.795369 -0.597485 0.101976 0.292600 0.174400 2 41 0.943992 42 0.056008
  41 -5.910014 -4.117949 26.895092 -0.716471 -0.542029 -0.439174 0.295600 0.132100 2 41 0.888205 42 0.111795
scout_body_blue
  41 -5.525285 -4.079661 26.529522 -0.615179 -0.383591 -0.688776 0.301500 0.126200 2 41 0.880490 42 0.119510
  41 -5.910014 -4.117949 26.895092 -0.716471 -0.542029 -0.439174 0.295600 0.132100 2 41 0.888205 42 0.111795
  41 -7.498087 -2.665858 27.509024 -0.795369 -0.597485 0.101976 0.292600 0.174400 2 41 0.943992 42 0.056008
scout_body_blue
  17 23.279339 2.895409 34.689140 0.466404 0.634771 -0.616063 0.565600 0.896200 2 17 0.169792 18 0.830208
  16 22.606642 2.948859 34.919975 -0.783890 0.026820 -0.620320 0.569900 0.887500 3 16 0.091093 17 0.272267 18 0.636640
  16 23.034199 2.997121 34.843613 0.333990 0.844976 -0.417692 0.573000 0.894100 3 16 0.061061 17 0.229229 18 0.709710
scout_body_blue
  17 23.261728 2.438622 34.569664 0.428305 -0.434770 -0.792168 0.564600 0.910300 2 17 0.060667 18 0.939333
  16 23.688782 2.439012 36.424232 0.987808 -0.137624 -0.072763 0.606100 0.905400 3 16 0.177570 17 0.427830 18 0.394600
  16 23.341473 2.083466 36.291348 0.451834 -0.879831 -0.147454 0.607600 0.915000 3 16 0.186207 17 0.528276 18 0.285517
scout_body_blue
  17 23.279339 2.895409 34.689140 0.466404 0.634771 -0.616063 0.565600 0.896200 2 17 0.169792 18 0.830208
  16 23.688782 2.439012 36.424232 0.987808 -0.137624 -0.072763 0.606100 0.905400 3 16 0.177570 17 0.427830 18 0.394600
  17 23.261728 2.438622 34.569664 0.428305 -0.434770 -0.792168 0.564600 0.910300 2 17 0.060667 18 0.939333
scout_body_blue
  16 23.034199 2.997121 34.843613 0.333990 0.844976 -0.417692 0.573000 0.894100 3 16 0.061061 17 0.229229 18 0.709710
  16 23.688782 2.439012 36.424232 0.987808 -0.137624 -0.072763 0.606100 0.905400 3 16 0.177570 17 0.427830 18 0.394600
  17 23.279339 2.895409 34.689140 0.466404 0.634771 -0.616063 0.565600 0.896200 2 17 0.169792 18 0.830208
scout_body_blue
  16 23.362736 3.235311 36.592087 0.811190 0.584646 -0.012662 0.612000 0.882500 3 16 0.292940 17 0.389884 18 0.317176
  16 23.688782 2.439012 36.424232 0.987808 -0.137624 -0.072763 0.606100 0.905400 3 16 0.177570 17 0.427830 18 0.394600
  16 23.034199 2.997121 34.843613 0.333990 0.844976 -0.417692 0.573000 0.894100 3 16 0.061061 17 0.229229 18 0.709710
scout_body_blue
  16 23.057163 3.412864 34.951286 0.507883 0.595434 -0.622505 0.573700 0.880900 3 16 0.112112 17 0.323323 18 0.564565
  16 23.362736 3.235311 36.592087 0.811190 0.584646 -0.012662 0.612000 0.882500 3 16 0.292940 17 0.389884 18 0.317176
  16 23.034199 2.997121 34.843613 0.333990 0.844976 -0.417692 0.573000 0.894100 3 16 0.061061 17 0.229229 18 0.709710
scout_body_blue
  16 22.703634 3.628026 35.977028 0.364969 0.822236 -0.436721 0.603000 0.872200 3 16 0.292292 17 0.372372 18 0.335335
  16 23.362736 3.235311 36.592087 0.811190 0.584646 -0.012662 0.612000 0.882500 3 16 0.292940 17 0.389884 18 0.317176
  16 23.057163 3.412864 34.951286 0.507883 0.595434 -0.622505 0.573700 0.880900 3 16 0.112112 17 0.323323 18 0.564565
scout_body_blue
  15 22.912571 3.618026 37.503128 0.803019 0.580010 0.136929 0.639100 0.869300 3 15 0.337023 16 0.392374 17 0.270603
  16 23.362736 3.235311 36.592087 0.811190 0.584646 -0.012662 0.612000 0.882500 3 16 0.292940 17 0.389884 18 0.317176
  16 22.703634 3.628026 35.977028 0.364969 0.822236 -0.436721 0.603000 0.872200 3 16 0.292292 17 0.372372 18 0.335335
scout_body_blue
  16 22.630600 4.219489 36.114090 0.438346 0.711527 -0.549166 0.605800 0.855400 3 16 0.346316 17 0.385263 18 0.268421
  15 22.912571 3.618026 37.503128 0.803019 0.580010 0.136929 0.639100 0.869300 3 15 0.337023 16 0.392374 17 0.270603
  16 22.703634 3.628026 35.977028 0.364969 0.822236 -0.436721 0.603000 0.872200 3 16 0.292292 17 0.372372 18 0.335335
scout_body_blue
  15 22.418926 4.051893 38.373158 0.759839 0.595128 0.261663 0.665880 0.856140 3 15 0.475476 25 0.300300 16 0.224224
  15 22.912571 3.618026 37.503128 0.803019 0.580010 0.136929 0.639100 0.869300 3 15 0.337023 16 0.392374 17 0.270603
  16 22.630600 4.219489 36.114090 0.438346 0.711527 -0.549166 0.605800 0.855400 3 16 0.346316 17 0.385263 18 0.268421
scout_body_blue
  15 22.418926 4.051893 38.373158 0.759839 0.595128 0.261663 0.665880 0.856140 3 15 0.475476 25 0.300300 16 0.224224
  15 22.994978 2.847118 38.990288 0.786858 0.343170 0.512922 0.677600 0.887300 3 15 0.549749 16 0.348744 25 0.101508
  15 22.912571 3.618026 37.503128 0.803019 0.580010 0.136929 0.639100 0.869300 3 15 0.337023 16 0.392374 17 0.270603
scout_body_blue
  15 21.894829 4.447623 38.652191 0.219212 0.951867 0.214232 0.677880 0.843840 3 15 0.479960 25 0.308617 16 0.211423
  15 22.994978 2.847118 38.990288 0.786858 0.343170 0.512922 0.677600 0.887300 3 15 0.549749 16 0.348744 25 0.101508
  15 22.418926 4.051893 38.373158 0.759839 0.595128 0.261663 0.665880 0.856140 3 15 0.475476 25 0.300300 16 0.224224
scout_body_blue
  15 20.719791 3.490292 40.686340 0.624995 0.337633 0.703836 0.745120 0.864110 3 15 0.829659 25 0.118237 16 0.052104
  15 22.994978 2.847118 38.990288 0.786858 0.343170 0.512922 0.677600 0.887300 3 15 0.549749 16 0.348744 25 0.101508
  15 21.894829 4.447623 38.652191 0.219212 0.951867 0.214232 0.677880 0.843840 3 15 0.479960 25 0.308617 16 0.211423
scout_body_blue
  15 20.277533 3.871291 40.735107 0.137896 0.873709 0.466494 0.750100 0.851500 3 15 0.831663 16 0.051102 25 0.117235
  15 20.719791 3.490292 40.686340 0.624995 0.337633 0.703836 0.745120 0.864110 3 15 0.829659 25 0.118237 16 0.052104
  15 21.894829 4.447623 38.652191 0.219212 0.951867 0.214232 0.677880 0.843840 3 15 0.479960 25 0.308617 16 0.211423
scout_body_blue
  15 20.277533 3.871291 40.735107 0.137896 0.873709 0.466494 0.750100 0.851500 3 15 0.831663 16 0.051102 25 0.117235
  13 20.112387 2.758295 41.499523 0.700732 0.316085 0.639582 0.774200 0.880300 3 13 0.361814 14 0.354430 15 0.283755
  15 20.719791 3.490292 40.686340 0.624995 0.337633 0.703836 0.745120 0.864110 3 15 0.829659 25 0.118237 16 0.052104
scout_body_blue
  15 20.719791 3.490292 40.686340 0.624995 0.337633 0.703836 0.745120 0.864110 3 15 0.829659 25 0.118237 16 0.052104
  13 20.112387 2.758295 41.499523 0.700732 0.316085 0.639582 0.774200 0.880300 3 13 0.361814 14 0.354430 15 0.283755
  15 20.772381 1.724940 41.159859 0.605287 -0.147832 0.782159 0.761090 0.911960 2 15 0.866593 14 0.133407
scout_body_blue
  13 20.335573 1.798144 41.422249 0.634704 -0.165760 0.754768 0.772100 0.907400 3 13 0.158061 14 0.217071 15 0.624868
  15 20.772381 1.724940 41.159859 0.605287 -0.147832 0.782159 0.761090 0.911960 2 15 0.866593 14 0.133407
  13 20.112387 2.758295 41.499523 0.700732 0.316085 0.639582 0.774200 0.880300 3 13 0.361814 14 0.354430 15 0.283755
scout_body_blue
  15 20.176819 1.016269 41.120464 0.264740 -0.686621 0.677100 0.768800 0.930850 3 15 0.775635 22 0.141117 14 0.083249
  15 20.772381 1.724940 41.159859 0.605287 -0.147832 0.782159 0.761090 0.911960 2 15 0.866593 14 0.133407
  13 20.335573 1.798144 41.422249 0.634704 -0.165760 0.754768 0.772100 0.907400 3 13 0.158061 14 0.217071 15 0.624868
scout_body_blue
  15 20.176819 1.016269 41.120464 0.264740 -0.686621 0.677100 0.768800 0.930850 3 15 0.775635 22 0.141117 14 0.083249
  15 21.003317 0.400298 40.190712 0.443561 -0.711691 0.544747 0.737100 0.949700 2 15 0.508368 22 0.491632
  15 20.772381 1.724940 41.159859 0.605287 -0.147832 0.782159 0.761090 0.911960 2 15 0.866593 14 0.133407
scout_body_blue
  15 19.814011 0.480079 40.196949 -0.364872 -0.883706 0.293142 0.751120 0.947300 2 15 0.704953 22 0.295047
  15 21.003317 0.400298 40.190712 0.443561 -0.711691 0.544747 0.737100 0.949700 2 15 0.508368 22 0.491632
  15 20.176819 1.016269 41.120464 0.264740 -0.686621 0.677100 0.768800 0.930850 3 15 0.775635 22 0.141117 14 0.083249
scout_body_blue
  22 19.842621 -0.049741 39.527775 -0.645326 -0.698727 0.308764 0.735340 0.963530 2 22 0.717842 15 0.282158
  15 21.003317 0.400298 40.190712 0.443561 -0.711691 0.544747 0.737100 0.949700 2 15 0.508368 22 0.491632
  15 19.814011 0.480079 40.196949 -0.364872 -0.883706 0.293142 0.751120 0.947300 2 15 0.704953 22 0.295047
scout_body_blue
  22 20.714268 0.030769 39.615608 0.326982 -0.817624 0.473892 0.727330 0.962280 2 22 0.799585 15 0.200415
  15 21.003317 0.400298 40.190712 0.443561 -0.711691 0.544747 0.737100 0.949700 2 15 0.508368 22 0.491632
  22 19.842621 -0.049741 39.527775 -0.645326 -0.698727 0.308764 0.735340 0.963530 2 22 0.717842 15 0.282158
scout_body_blue
  15 21.894829 4.447623 38.652191 0.219212 0.951867 0.214232 0.677880 0.843840 3 15 0.479960 25 0.308617 16 0.211423
  15 22.418926 4.051893 38.373158 0.759839 0.595128 0.261663 0.665880 0.856140 3 15 0.475476 25 0.300300 16 0.224224
  16 22.630600 4.219489 36.114090 0.438346 0.711527 -0.549166 0.605800 0.855400 3 16 0.346316 17 0.385263 18 0.268421
scout_body_blue
  15 20.772381 1.724940 41.159859 0.605287 -0.147832 0.782159 0.761090 0.911960 2 15 0.866593 14 0.133407
  15 22.994978 2.847118 38.990288 0.786858 0.343170 0.512922 0.677600 0.887300 3 15 0.549749 16 0.348744 25 0.101508
  15 20.719791 3.490292 40.686340 0.624995 0.337633 0.703836 0.745120 0.864110 3 15 0.829659 25 0.118237 16 0.052104
scout_body_blue
  15 22.994978 2.847118 38.990288 0.786858 0.343170 0.512922 0.677600 0.887300 3 15 0.549749 16 0.348744 25 0.101508
  16 23.315502 2.855131 37.701031 0.850163 0.489098 0.194953 0.641400 0.890500 3 16 0.275773 17 0.389175 18 0.335052
  15 22.912571 3.618026 37.503128 0.803019 0.580010 0.136929 0.639100 0.869300 3 15 0.337023 16 0.392374 17 0.270603
scout_body_blue
  16 23.315502 2.855131 37.701031 0.850163 0.489098 0.194953 0.641400 0.890500 3 16 0.275773 17 0.389175 18 0.335052
  16 23.362736 3.235311 36.592087 0.811190 0.584646 -0.012662 0.612000 0.882500 3 16 0.292940 17 0.389884 18 0.317176
  15 22.912571 3.618026 37.503128 0.803019 0.580010 0.136929 0.639100 0.869300 3 15 0.337023 16 0.392374 17 0.270603
scout_body_blue
  16 23.315502 2.855131 37.701031 0.850163 0.489098 0.194953 0.641400 0.890500 3 16 0.275773 17 0.389175 18 0.335052
  16 23.688782 2.439012 36.424232 0.987808 -0.137624 -0.072763 0.606100 0.905400 3 16 0.177570 17 0.427830 18 0.394600
  16 23.362736 3.235311 36.592087 0.811190 0.584646 -0.012662 0.612000 0.882500 3 16 0.292940 17 0.389884 18 0.317176
scout_body_blue
  22 20.277102 -0.313530 37.734123 -0.621076 0.594733 -0.510449 0.685800 0.971400 3 22 0.464322 23 0.418091 24 0.117588
  15 20.637650 0.572392 38.702415 0.125650 0.434585 -0.891823 0.703400 0.947900 3 15 0.117899 22 0.796356 23 0.085745
  22 20.946421 -0.243162 38.209953 0.843302 0.404340 -0.354050 0.689500 0.972000 3 22 0.611279 23 0.289023 24 0.099698
scout_body_blue
  22 20.946421 -0.243162 38.209953 0.843302 0.404340 -0.354050 0.689500 0.972000 3 22 0.611279 23 0.289023 24 0.099698
  15 20.637650 0.572392 38.702415 0.125650 0.434585 -0.891823 0.703400 0.947900 3 15 0.117899 22 0.796356 23 0.085745
  15 21.059834 0.189755 38.845047 0.855537 -0.113905 -0.505057 0.703100 0.958700 3 15 0.152034 22 0.784797 23 0.063169
scout_body_blue
  22 20.922186 -0.805412 38.126579 0.759076 -0.618864 0.202016 0.689200 0.987700 2 22 0.561741 23 0.438259
  22 20.946421 -0.243162 38.209953 0.843302 0.404340 -0.354050 0.689500 0.972000 3 22 0.611279 23 0.289023 24 0.099698
  15 21.059834 0.189755 38.845047 0.855537 -0.113905 -0.505057 0.703100 0.958700 3 15 0.152034 22 0.784797 23 0.063169
scout_body_blue
  22 20.896860 -0.399161 38.975380 0.744638 -0.598877 0.294723 0.710240 0.975880 2 22 0.883023 23 0.116977
  22 20.922186 -0.805412 38.126579 0.759076 -0.618864 0.202016 0.689200 0.987700 2 22 0.561741 23 0.438259
  15 21.059834 0.189755 38.845047 0.855537 -0.113905 -0.505057 0.703100 0.958700 3 15 0.152034 22 0.784797 23 0.063169
scout_body_blue
  22 20.896860 -0.399161 38.975380 0.744638 -0.598877 0.294723 0.710240 0.975880 2 22 0.883023 23 0.116977
  23 20.599037 -0.974451 37.852959 0.004300 -0.999682 0.024840 0.686910 0.993950 2 23 0.580612 22 0.419388
  22 20.922186 -0.805412 38.126579 0.759076 -0.618864 0.202016 0.689200 0.987700 2 22 0.561741 23 0.438259
scout_body_blue
  22 20.468695 -0.706397 38.919231 -0.026445 -0.901885 0.431165 0.714100 0.982600 2 22 0.873846 23 0.126154
  23 20.599037 -0.974451 37.852959 0.004300 -0.999682 0.024840 0.686910 0.993950 2 23 0.580612 22 0.419388
  22 20.896860 -0.399161 38.975380 0.744638 -0.598877 0.294723 0.710240 0.975880 2 22 0.883023 23 0.116977
scout_body_blue
  22 20.714268 0.030769 39.615608 0.326982 -0.817624 0.473892 0.727330 0.962280 2 22 0.799585 15 0.200415
  22 20.468695 -0.706397 38.919231 -0.026445 -0.901885 0.431165 0.714100 0.982600 2 22 0.873846 23 0.126154
  22 20.896860 -0.399161 38.975380 0.744638 -0.598877 0.294723 0.710240 0.975880 2 22 0.883023 23 0.116977
scout_body_blue
  22 21.337690 0.500810 39.328693 0.758520 -0.637959 -0.132873 0.711710 0.950770 2 22 0.519168 15 0.480833
  22 20.714268 0.030769 39.615608 0.326982 -0.817624 0.473892 0.727330 0.962280 2 22 0.799585 15 0.200415
  22 20.896860 -0.399161 38.975380 0.744638 -0.598877 0.294723 0.710240 0.975880 2 22 0.883023 23 0.116977
scout_body_blue
  22 21.337690 0.500810 39.328693 0.758520 -0.637959 -0.132873 0.711710 0.950770 2 22 0.519168 15 0.480833
  15 21.003317 0.400298 40.190712 0.443561 -0.711691 0.544747 0.737100 0.949700 2 15 0.508368 22 0.491632
  22 20.714268 0.030769 39.615608 0.326982 -0.817624 0.473892 0.727330 0.962280 2 22 0.799585 15 0.200415
scout_body_blue
  15 21.948788 1.033980 39.614429 0.552416 -0.709345 0.437797 0.710100 0.934700 3 15 0.763383 19 0.068522 22 0.168094
  15 21.003317 0.400298 40.190712 0.443561 -0.711691 0.544747 0.737100 0.949700 2 15 0.508368 22 0.491632
  22 21.337690 0.500810 39.328693 0.758520 -0.637959 -0.132873 0.711710 0.950770 2 22 0.519168 15 0.480833
scout_body_blue
  15 20.772381 1.724940 41.159859 0.605287 -0.147832 0.782159 0.761090 0.911960 2 15 0.866593 14 0.133407
  15 21.003317 0.400298 40.190712 0.443561 -0.711691 0.544747 0.737100 0.949700 2 15 0.508368 22 0.491632
  15 21.948788 1.033980 39.614429 0.552416 -0.709345 0.437797 0.710100 0.934700 3 15 0.763383 19 0.068522 22 0.168094
scout_body_blue
  15 21.948788 1.033980 39.614429 0.552416 -0.709345 0.437797 0.710100 0.934700 3 15 0.763383 19 0.068522 22 0.168094
  15 22.993555 1.605828 39.146160 0.769404 -0.149487 0.621024 0.684800 0.921300 3 15 0.563337 16 0.271885 19 0.164779
  15 20.772381 1.724940 41.159859 0.605287 -0.147832 0.782159 0.761090 0.911960 2 15 0.866593 14 0.133407
scout_body_blue
  15 20.772381 1.724940 41.159859 0.605287 -0.147832 0.782159 0.761090 0.911960 2 15 0.866593 14 0.133407
  15 22.993555 1.605828 39.146160 0.769404 -0.149487 0.621024 0.684800 0.921300 3 15 0.563337 16 0.271885 19 0.164779
  15 22.994978 2.847118 38.990288 0.786858 0.343170 0.512922 0.677600 0.887300 3 15 0.549749 16 0.348744 25 0.101508
scout_body_blue
  15 23.219719 2.357966 38.728313 0.899172 0.126595 0.418883 0.669700 0.901700 2 15 0.532170 16 0.467830
  15 22.994978 2.847118 38.990288 0.786858 0.343170 0.512922 0.677600 0.887300 3 15 0.549749 16 0.348744 25 0.101508
  15 22.993555 1.605828 39.146160 0.769404 -0.149487 0.621024 0.684800 0.921300 3 15 0.563337 16 0.271885 19 0.164779
scout_body_blue
  15 22.994978 2.847118 38.990288 0.786858 0.343170 0.512922 0.677600 0.887300 3 15 0.549749 16 0.348744 25 0.101508
  15 23.219719 2.357966 38.728313 0.899172 0.126595 0.418883 0.669700 0.901700 2 15 0.532170 16 0.467830
  16 23.315502 2.855131 37.701031 0.850163 0.489098 0.194953 0.641400 0.890500 3 16 0.275773 17 0.389175 18 0.335052
scout_body_blue
  15 23.219719 2.357966 38.728313 0.899172 0.126595 0.418883 0.669700 0.901700 2 15 0.532170 16 0.467830
  15 23.602837 2.406322 37.911526 0.966869 0.060731 0.247942 0.645000 0.904340 3 15 0.455650 16 0.437424 19 0.106926
  16 23.315502 2.855131 37.701031 0.850163 0.489098 0.194953 0.641400 0.890500 3 16 0.275773 17 0.389175 18 0.335052
scout_body_blue
  15 23.602837 2.406322 37.911526 0.966869 0.060731 0.247942 0.645000 0.904340 3 15 0.455650 16 0.437424 19 0.106926
  16 23.688782 2.439012 36.424232 0.987808 -0.137624 -0.072763 0.606100 0.905400 3 16 0.177570 17 0.427830 18 0.394600
  16 23.315502 2.855131 37.701031 0.850163 0.489098 0.194953 0.641400 0.890500 3 16 0.275773 17 0.389175 18 0.335052
scout_body_blue
  15 23.294605 1.966479 38.469757 0.920113 -0.380155 0.094202 0.663300 0.913300 3 15 0.472138 16 0.415400 19 0.112462
  16 23.688782 2.439012 36.424232 0.987808 -0.137624 -0.072763 0.606100 0.905400 3 16 0.177570 17 0.427830 18 0.394600
  15 23.602837 2.406322 37.911526 0.966869 0.060731 0.247942 0.645000 0.904340 3 15 0.455650 16 0.437424 19 0.106926
scout_body_blue
  15 20.637650 0.572392 38.702415 0.125650 0.434585 -0.891823 0.703400 0.947900 3 15 0.117899 22 0.796356 23 0.085745
  15 21.566452 0.961113 38.793819 -0.081981 -0.873018 -0.480749 0.696500 0.942700 3 15 0.671690 22 0.175458 25 0.152853
  15 21.059834 0.189755 38.845047 0.855537 -0.113905 -0.505057 0.703100 0.958700 3 15 0.152034 22 0.784797 23 0.063169
scout_body_blue
  15 21.059834 0.189755 38.845047 0.855537 -0.113905 -0.505057 0.703100 0.958700 3 15 0.152034 22 0.784797 23 0.063169
  22 21.337690 0.500810 39.328693 0.758520 -0.637959 -0.132873 0.711710 0.950770 2 22 0.519168 15 0.480833
  22 20.896860 -0.399161 38.975380 0.744638 -0.598877 0.294723 0.710240 0.975880 2 22 0.883023 23 0.116977
scout_body_blue
  15 21.059834 0.189755 38.845047 0.855537 -0.113905 -0.505057 0.703100 0.958700 3 15 0.152034 22 0.784797 23 0.063169
  15 21.566452 0.961113 38.793819 -0.081981 -0.873018 -0.480749 0.696500 0.942700 3 15 0.671690 22 0.175458 25 0.152853
  22 21.337690 0.500810 39.328693 0.758520 -0.637959 -0.132873 0.711710 0.950770 2 22 0.519168 15 0.480833
scout_body_blue
  22 21.337690 0.500810 39.328693 0.758520 -0.637959 -0.132873 0.711710 0.950770 2 22 0.519168 15 0.480833
  15 21.566452 0.961113 38.793819 -0.081981 -0.873018 -0.480749 0.696500 0.942700 3 15 0.671690 22 0.175458 25 0.152853
  15 21.948788 1.033980 39.614429 0.552416 -0.709345 0.437797 0.710100 0.934700 3 15 0.763383 19 0.068522 22 0.168094
scout_body_blue
  15 21.566452 0.961113 38.793819 -0.081981 -0.873018 -0.480749 0.696500 0.942700 3 15 0.671690 22 0.175458 25 0.152853
  15 22.874128 0.765406 38.340233 0.180336 -0.965372 0.188508 0.668000 0.946300 2 15 0.577710 19 0.422290
  15 21.948788 1.033980 39.614429 0.552416 -0.709345 0.437797 0.710100 0.934700 3 15 0.763383 19 0.068522 22 0.168094
scout_body_blue
  15 21.948788 1.033980 39.614429 0.552416 -0.709345 0.437797 0.710100 0.934700 3 15 0.763383 19 0.068522 22 0.168094
  15 22.874128 0.765406 38.340233 0.180336 -0.965372 0.188508 0.668000 0.946300 2 15 0.577710 19 0.422290
  15 23.015574 0.970566 38.817883 0.648844 -0.605271 0.461139 0.677900 0.939700 2 15 0.655914 19 0.344086
scout_body_blue
  15 23.015574 0.970566 38.817883 0.648844 -0.605271 0.461139 0.677900 0.939700 2 15 0.655914 19 0.344086
  15 22.993555 1.605828 39.146160 0.769404 -0.149487 0.621024 0.684800 0.921300 3 15 0.563337 16 0.271885 19 0.164779
  15 21.948788 1.033980 39.614429 0.552416 -0.709345 0.437797 0.710100 0.934700 3 15 0.763383 19 0.068522 22 0.168094
scout_body_blue
  15 22.874128 0.765406 38.340233 0.180336 -0.965372 0.188508 0.668000 0.946300 2 15 0.577710 19 0.422290
  19 22.935562 0.516451 36.057636 0.169871 -0.985298 0.018196 0.610500 0.958400 3 19 0.274825 20 0.523571 21 0.201605
  15 23.333158 0.814279 37.585484 0.694818 -0.700728 0.161886 0.643600 0.947200 2 15 0.277470 19 0.722531
scout_body_blue
  15 23.015574 0.970566 38.817883 0.648844 -0.605271 0.461139 0.677900 0.939700 2 15 0.655914 19 0.344086
  15 22.874128 0.765406 38.340233 0.180336 -0.965372 0.188508 0.668000 0.946300 2 15 0.577710 19 0.422290
  15 23.333158 0.814279 37.585484 0.694818 -0.700728 0.161886 0.643600 0.947200 2 15 0.277470 19 0.722531
scout_body_blue
  15 23.333158 0.814279 37.585484 0.694818 -0.700728 0.161886 0.643600 0.947200 2 15 0.277470 19 0.722531
  15 23.229305 1.675001 38.528061 0.986593 0.150241 -0.063731 0.666740 0.922670 3 15 0.435052 16 0.364948 19 0.200000
  15 23.015574 0.970566 38.817883 0.648844 -0.605271 0.461139 0.677900 0.939700 2 15 0.655914 19 0.344086
scout_body_blue
  15 23.229305 1.675001 38.528061 0.986593 0.150241 -0.063731 0.666740 0.922670 3 15 0.435052 16 0.364948 19 0.200000
  15 22.993555 1.605828 39.146160 0.769404 -0.149487 0.621024 0.684800 0.921300 3 15 0.563337 16 0.271885 19 0.164779
  15 23.015574 0.970566 38.817883 0.648844 -0.605271 0.461139 0.677900 0.939700 2 15 0.655914 19 0.344086
scout_body_blue
  15 23.294605 1.966479 38.469757 0.920113 -0.380155 0.094202 0.663300 0.913300 3 15 0.472138 16 0.415400 19 0.112462
  15 22.993555 1.605828 39.146160 0.769404 -0.149487 0.621024 0.684800 0.921300 3 15 0.563337 16 0.271885 19 0.164779
  15 23.229305 1.675001 38.528061 0.986593 0.150241 -0.063731 0.666740 0.922670 3 15 0.435052 16 0.364948 19 0.200000
scout_body_blue
  15 23.219719 2.357966 38.728313 0.899172 0.126595 0.418883 0.669700 0.901700 2 15 0.532170 16 0.467830
  15 22.993555 1.605828 39.146160 0.769404 -0.149487 0.621024 0.684800 0.921300 3 15 0.563337 16 0.271885 19 0.164779
  15 23.294605 1.966479 38.469757 0.920113 -0.380155 0.094202 0.663300 0.913300 3 15 0.472138 16 0.415400 19 0.112462
scout_body_blue
  15 23.294605 1.966479 38.469757 0.920113 -0.380155 0.094202 0.663300 0.913300 3 15 0.472138 16 0.415400 19 0.112462
  15 23.602837 2.406322 37.911526 0.966869 0.060731 0.247942 0.645000 0.904340 3 15 0.455650 16 0.437424 19 0.106926
  15 23.219719 2.357966 38.728313 0.899172 0.126595 0.418883 0.669700 0.901700 2 15 0.532170 16 0.467830
scout_body_blue
  15 23.333158 0.814279 37.585484 0.694818 -0.700728 0.161886 0.643600 0.947200 2 15 0.277470 19 0.722531
  15 23.454021 1.079589 37.564125 0.995002 0.028360 0.095739 0.641000 0.940100 3 15 0.277716 16 0.225084 19 0.497201
  15 23.229305 1.675001 38.528061 0.986593 0.150241 -0.063731 0.666740 0.922670 3 15 0.435052 16 0.364948 19 0.200000
scout_body_blue
  16 23.341473 2.083466 36.291348 0.451834 -0.879831 -0.147454 0.607600 0.915000 3 16 0.186207 17 0.528276 18 0.285517
  16 23.688782 2.439012 36.424232 0.987808 -0.137624 -0.072763 0.606100 0.905400 3 16 0.177570 17 0.427830 18 0.394600
  15 23.294605 1.966479 38.469757 0.920113 -0.380155 0.094202 0.663300 0.913300 3 15 0.472138 16 0.415400 19 0.112462
scout_body_blue
  15 22.688679 1.754172 38.090515 0.863994 -0.077921 -0.497436 0.661300 0.919200 3 15 0.481735 16 0.316210 19 0.202055
  16 23.341473 2.083466 36.291348 0.451834 -0.879831 -0.147454 0.607600 0.915000 3 16 0.186207 17 0.528276 18 0.285517
  15 23.294605 1.966479 38.469757 0.920113 -0.380155 0.094202 0.663300 0.913300 3 15 0.472138 16 0.415400 19 0.112462
scout_body_blue
  15 23.229305 1.675001 38.528061 0.986593 0.150241 -0.063731 0.666740 0.922670 3 15 0.435052 16 0.364948 19 0.200000
  15 22.688679 1.754172 38.090515 0.863994 -0.077921 -0.497436 0.661300 0.919200 3 15 0.481735 16 0.316210 19 0.202055
  15 23.294605 1.966479 38.469757 0.920113 -0.380155 0.094202 0.663300 0.913300 3 15 0.472138 16 0.415400 19 0.112462
scout_body_blue
  16 23.287777 1.380221 37.546230 0.715024 0.696055 -0.065171 0.642120 0.933140 3 16 0.526042 15 0.337500 19 0.136458
  15 22.688679 1.754172 38.090515 0.863994 -0.077921 -0.497436 0.661300 0.919200 3 15 0.481735 16 0.316210 19 0.202055
  15 23.229305 1.675001 38.528061 0.986593 0.150241 -0.063731 0.666740 0.922670 3 15 0.435052 16 0.364948 19 0.200000
scout_body_blue
  15 23.229305 1.675001 38.528061 0.986593 0.150241 -0.063731 0.666740 0.922670 3 15 0.435052 16 0.364948 19 0.200000
  15 23.454021 1.079589 37.564125 0.995002 0.028360 0.095739 0.641000 0.940100 3 15 0.277716 16 0.225084 19 0.497201
  16 23.287777 1.380221 37.546230 0.715024 0.696055 -0.065171 0.642120 0.933140 3 16 0.526042 15 0.337500 19 0.136458
scout_body_blue
  16 23.287777 1.380221 37.546230 0.715024 0.696055 -0.065171 0.642120 0.933140 3 16 0.526042 15 0.337500 19 0.136458
  15 23.454021 1.079589 37.564125 0.995002 0.028360 0.095739 0.641000 0.940100 3 15 0.277716 16 0.225084 19 0.497201
  19 23.391426 0.961030 35.551613 0.991039 -0.023631 -0.131464 0.591400 0.947800 3 19 0.221221 20 0.375375 21 0.403403
scout_body_blue
  19 23.391426 0.961030 35.551613 0.991039 -0.023631 -0.131464 0.591400 0.947800 3 19 0.221221 20 0.375375 21 0.403403
  15 23.454021 1.079589 37.564125 0.995002 0.028360 0.095739 0.641000 0.940100 3 15 0.277716 16 0.225084 19 0.497201
  15 23.333158 0.814279 37.585484 0.694818 -0.700728 0.161886 0.643600 0.947200 2 15 0.277470 19 0.722531
scout_body_blue
  20 23.094402 0.727431 34.921906 0.434997 -0.510997 -0.741390 0.580000 0.956900 2 20 0.119219 21 0.880781
  19 23.391426 0.961030 35.551613 0.991039 -0.023631 -0.131464 0.591400 0.947800 3 19 0.221221 20 0.375375 21 0.403403
  15 23.333158 0.814279 37.585484 0.694818 -0.700728 0.161886 0.643600 0.947200 2 15 0.277470 19 0.722531
scout_body_blue
  15 23.333158 0.814279 37.585484 0.694818 -0.700728 0.161886 0.643600 0.947200 2 15 0.277470 19 0.722531
  19 22.935562 0.516451 36.057636 0.169871 -0.985298 0.018196 0.610500 0.958400 3 19 0.274825 20 0.523571 21 0.201605
  20 23.094402 0.727431 34.921906 0.434997 -0.510997 -0.741390 0.580000 0.956900 2 20 0.119219 21 0.880781
scout_body_blue
  20 23.094402 0.727431 34.921906 0.434997 -0.510997 -0.741390 0.580000 0.956900 2 20 0.119219 21 0.880781
  19 22.935562 0.516451 36.057636 0.169871 -0.985298 0.018196 0.610500 0.958400 3 19 0.274825 20 0.523571 21 0.201605
  19 22.617702 0.690421 34.970322 -0.631258 -0.485072 -0.605159 0.586800 0.957200 3 19 0.052052 20 0.256256 21 0.691692
scout_body_blue
  20 23.133394 1.198162 35.021774 0.433538 0.610706 -0.662633 0.580400 0.942200 2 20 0.215790 21 0.784211
  19 23.391426 0.961030 35.551613 0.991039 -0.023631 -0.131464 0.591400 0.947800 3 19 0.221221 20 0.375375 21 0.403403
  20 23.094402 0.727431 34.921906 0.434997 -0.510997 -0.741390 0.580000 0.956900 2 20 0.119219 21 0.880781
scout_body_blue
  16 23.287777 1.380221 37.546230 0.715024 0.696055 -0.065171 0.642120 0.933140 3 16 0.526042 15 0.337500 19 0.136458
  19 23.391426 0.961030 35.551613 0.991039 -0.023631 -0.131464 0.591400 0.947800 3 19 0.221221 20 0.375375 21 0.403403
  20 23.133394 1.198162 35.021774 0.433538 0.610706 -0.662633 0.580400 0.942200 2 20 0.215790 21 0.784211
scout_body_blue
  16 23.287777 1.380221 37.546230 0.715024 0.696055 -0.065171 0.642120 0.933140 3 16 0.526042 15 0.337500 19 0.136458
  20 23.133394 1.198162 35.021774 0.433538 0.610706 -0.662633 0.580400 0.942200 2 20 0.215790 21 0.784211
  15 22.688679 1.754172 38.090515 0.863994 -0.077921 -0.497436 0.661300 0.919200 3 15 0.481735 16 0.316210 19 0.202055
scout_body_blue
  22 20.946421 -0.243162 38.209953 0.843302 0.404340 -0.354050 0.689500 0.972000 3 22 0.611279 23 0.289023 24 0.099698
  22 21.064011 -0.700463 37.085655 0.715338 -0.390045 -0.579790 0.661100 0.987300 3 22 0.092184 23 0.593186 24 0.314629
  22 20.987499 -0.261874 37.208328 0.353611 0.872029 -0.338415 0.664300 0.976200 3 22 0.205411 23 0.448898 24 0.345691
scout_body_blue
  22 20.922186 -0.805412 38.126579 0.759076 -0.618864 0.202016 0.689200 0.987700 2 22 0.561741 23 0.438259
  22 21.064011 -0.700463 37.085655 0.715338 -0.390045 -0.579790 0.661100 0.987300 3 22 0.092184 23 0.593186 24 0.314629
  22 20.946421 -0.243162 38.209953 0.843302 0.404340 -0.354050 0.689500 0.972000 3 22 0.611279 23 0.289023 24 0.099698
scout_body_blue
  22 20.922186 -0.805412 38.126579 0.759076 -0.618864 0.202016 0.689200 0.987700 2 22 0.561741 23 0.438259
  23 20.599037 -0.974451 37.852959 0.004300 -0.999682 0.024840 0.686910 0.993950 2 23 0.580612 22 0.419388
  22 21.064011 -0.700463 37.085655 0.715338 -0.390045 -0.579790 0.661100 0.987300 3 22 0.092184 23 0.593186 24 0.314629
scout_body_blue
  22 20.468695 -0.706397 38.919231 -0.026445 -0.901885 0.431165 0.826400 0.972200 2 22 0.873846 23 0.126154
  22 20.144831 -0.711799 38.262852 -0.822429 -0.568020 -0.031047 0.836800 0.973000 2 22 0.680527 23 0.319473
  23 20.599037 -0.974451 37.852959 0.004300 -0.999682 0.024840 0.853530 0.984210 2 23 0.580612 22 0.419388
scout_body_blue
  23 20.599037 -0.974451 37.852959 0.004300 -0.999682 0.024840 0.853530 0.984210 2 23 0.580612 22 0.419388
  22 20.144831 -0.711799 38.262852 -0.822429 -0.568020 -0.031047 0.836800 0.973000 2 22 0.680527 23 0.319473
  22 20.277960 -0.834730 37.682198 -0.777050 -0.544186 -0.316314 0.853000 0.978200 3 22 0.369740 23 0.531062 24 0.099198
scout_body_blue
  22 20.144831 -0.711799 38.262852 -0.822429 -0.568020 -0.031047 0.836800 0.973000 2 22 0.680527 23 0.319473
  22 20.150265 -0.172410 38.244446 -0.821866 0.308008 -0.479236 0.838900 0.956800 2 22 0.821730 23 0.178270
  22 20.277960 -0.834730 37.682198 -0.777050 -0.544186 -0.316314 0.853000 0.978200 3 22 0.369740 23 0.531062 24 0.099198
scout_body_blue
  22 20.150265 -0.172410 38.244446 -0.821866 0.308008 -0.479236 0.838900 0.956800 2 22 0.821730 23 0.178270
  22 20.277102 -0.313530 37.734123 -0.621076 0.594733 -0.510449 0.853200 0.962400 3 22 0.464322 23 0.418091 24 0.117588
  22 20.277960 -0.834730 37.682198 -0.777050 -0.544186 -0.316314 0.853000 0.978200 3 22 0.369740 23 0.531062 24 0.099198
scout_body_blue
  22 20.150265 -0.172410 38.244446 -0.821866 0.308008 -0.479236 0.838900 0.956800 2 22 0.821730 23 0.178270
  15 20.637650 0.572392 38.702415 0.125650 0.434585 -0.891823 0.838400 0.934500 3 15 0.117899 22 0.796356 23 0.085745
  22 20.277102 -0.313530 37.734123 -0.621076 0.594733 -0.510449 0.853200 0.962400 3 22 0.464322 23 0.418091 24 0.117588
scout_body_blue
  22 20.647808 -0.611042 36.934631 -0.351706 -0.007540 -0.936080 0.878400 0.973800 3 22 0.175175 23 0.557558 24 0.267267
  23 20.599037 -0.974451 37.852959 0.004300 -0.999682 0.024840 0.853530 0.984210 2 23 0.580612 22 0.419388
  22 20.277960 -0.834730 37.682198 -0.777050 -0.544186 -0.316314 0.853000 0.978200 3 22 0.369740 23 0.531062 24 0.099198
scout_body_blue
  22 20.277960 -0.834730 37.682198 -0.777050 -0.544186 -0.316314 0.853000 0.978200 3 22 0.369740 23 0.531062 24 0.099198
  22 20.277102 -0.313530 37.734123 -0.621076 0.594733 -0.510449 0.853200 0.962400 3 22 0.464322 23 0.418091 24 0.117588
  22 20.647808 -0.611042 36.934631 -0.351706 -0.007540 -0.936080 0.878400 0.973800 3 22 0.175175 23 0.557558 24 0.267267
scout_body_blue
  22 20.946421 -0.243162 38.209953 0.843302 0.404340 -0.354050 0.853500 0.960700 3 22 0.611279 23 0.289023 24 0.099698
  22 20.647808 -0.611042 36.934631 -0.351706 -0.007540 -0.936080 0.878400 0.973800 3 22 0.175175 23 0.557558 24 0.267267
  22 20.277102 -0.313530 37.734123 -0.621076 0.594733 -0.510449 0.853200 0.962400 3 22 0.464322 23 0.418091 24 0.117588
scout_body_blue
  22 20.987499 -0.261874 37.208328 0.353611 0.872029 -0.338415 0.878200 0.965000 3 22 0.205411 23 0.448898 24 0.345691
  22 20.647808 -0.611042 36.934631 -0.351706 -0.007540 -0.936080 0.878400 0.973800 3 22 0.175175 23 0.557558 24 0.267267
  22 20.946421 -0.243162 38.209953 0.843302 0.404340 -0.354050 0.853500 0.960700 3 22 0.611279 23 0.289023 24 0.099698
scout_body_blue
  22 20.647808 -0.611042 36.934631 -0.351706 -0.007540 -0.936080 0.878400 0.973800 3 22 0.175175 23 0.557558 24 0.267267
  22 20.987499 -0.261874 37.208328 0.353611 0.872029 -0.338415 0.878200 0.965000 3 22 0.205411 23 0.448898 24 0.345691
  22 21.064011 -0.700463 37.085655 0.715338 -0.390045 -0.579790 0.881700 0.977100 3 22 0.092184 23 0.593186 24 0.314629
scout_body_blue
  23 20.599037 -0.974451 37.852959 0.004300 -0.999682 0.024840 0.853530 0.984210 2 23 0.580612 22 0.419388
  22 20.647808 -0.611042 36.934631 -0.351706 -0.007540 -0.936080 0.878400 0.973800 3 22 0.175175 23 0.557558 24 0.267267
  22 21.064011 -0.700463 37.085655 0.715338 -0.390045 -0.579790 0.881700 0.977100 3 22 0.092184 23 0.593186 24 0.314629
scout_body_blue
  15 20.277533 3.871291 40.735107 0.137896 0.873709 0.466494 0.630100 0.124300 3 15 0.831663 16 0.051102 25 0.117235
  15 19.248436 3.437971 40.251598 -0.642065 0.702296 -0.307462 0.627470 0.103280 3 15 0.663951 14 0.271894 25 0.064155
  13 19.269106 3.576285 41.667713 0.335912 0.913863 0.228074 0.651900 0.122500 3 13 0.234425 14 0.429778 15 0.335797
scout_body_blue
  13 19.269106 3.576285 41.667713 0.335912 0.913863 0.228074 0.651900 0.122500 3 13 0.234425 14 0.429778 15 0.335797
  13 20.112387 2.758295 41.499523 0.700732 0.316085 0.639582 0.638500 0.145600 3 13 0.361814 14 0.354430 15 0.283755
  15 20.277533 3.871291 40.735107 0.137896 0.873709 0.466494 0.630100 0.124300 3 15 0.831663 16 0.051102 25 0.117235
scout_body_blue
  12 11.714235 2.389928 53.529747 0.773309 -0.082431 0.628648 0.989410 0.187440 1 12 1.000000
  12 12.962088 3.669776 51.965504 0.849302 0.262704 0.457901 0.943000 0.151700 1 12 1.000000
  12 11.561087 4.574210 53.476028 0.734515 0.469013 0.490423 0.994490 0.134090 1 12 1.000000
scout_body_blue
  12 11.561087 4.574210 53.476028 0.734515 0.469013 0.490423 0.994490 0.134090 1 12 1.000000
  12 12.962088 3.669776 51.965504 0.849302 0.262704 0.457901 0.943000 0.151700 1 12 1.000000
  13 12.538776 4.675990 50.762070 0.527343 0.844175 0.096321 0.927230 0.115680 2 13 0.535678 12 0.464322
scout_body_blue
  12 10.654856 5.205240 52.383301 0.219000 0.975492 0.021320 0.985290 0.098120 1 12 1.000000
  12 11.561087 4.574210 53.476028 0.734515 0.469013 0.490423 0.994490 0.134090 1 12 1.000000
  13 12.538776 4.675990 50.762070 0.527343 0.844175 0.096321 0.927230 0.115680 2 13 0.535678 12 0.464322
scout_body_blue
  13 12.538776 4.675990 50.762070 0.527343 0.844175 0.096321 0.927230 0.115680 2 13 0.535678 12 0.464322
  13 11.187006 5.195391 50.280678 -0.021480 0.954778 -0.296542 0.937660 0.082010 2 13 0.549197 12 0.450803
  12 10.654856 5.205240 52.383301 0.219000 0.975492 0.021320 0.985290 0.098120 1 12 1.000000
scout_body_blue
  13 11.187006 5.195391 50.280678 -0.021480 0.954778 -0.296542 0.937660 0.082010 2 13 0.549197 12 0.450803
  12 10.421208 4.933994 50.471642 -0.385284 0.803949 -0.453015 0.950400 0.067900 2 12 0.548744 13 0.451256
  12 10.654856 5.205240 52.383301 0.219000 0.975492 0.021320 0.985290 0.098120 1 12 1.000000
scout_body_blue
  13 11.187006 5.195391 50.280678 -0.021480 0.954778 -0.296542 0.937660 0.082010 2 13 0.549197 12 0.450803
  12 10.773982 4.130723 49.107235 -0.500793 0.605945 -0.618092 0.914500 0.052300 2 12 0.460765 13 0.539235
  12 10.421208 4.933994 50.471642 -0.385284 0.803949 -0.453015 0.950400 0.067900 2 12 0.548744 13 0.451256
scout_body_blue
  12 10.484896 2.760109 48.484306 -0.653757 0.090708 -0.751248 0.900200 0.018700 2 12 0.353893 13 0.646107
  12 10.421208 4.933994 50.471642 -0.385284 0.803949 -0.453015 0.950400 0.067900 2 12 0.548744 13 0.451256
  12 10.773982 4.130723 49.107235 -0.500793 0.605945 -0.618092 0.914500 0.052300 2 12 0.460765 13 0.539235
scout_body_blue
  12 10.773982 4.130723 49.107235 -0.500793 0.605945 -0.618092 0.914500 0.052300 2 12 0.460765 13 0.539235
  12 11.982085 3.331450 47.894218 -0.593914 0.570805 -0.566964 0.865570 0.051280 2 12 0.505517 13 0.494484
  12 10.484896 2.760109 48.484306 -0.653757 0.090708 -0.751248 0.900200 0.018700 2 12 0.353893 13 0.646107
scout_body_blue
  12 11.982085 3.331450 47.894218 -0.593914 0.570805 -0.566964 0.865570 0.051280 2 12 0.505517 13 0.494484
  13 11.711155 1.928119 47.507671 -0.767375 -0.111531 -0.631424 0.854170 0.017500 2 13 0.540704 12 0.459297
  12 10.484896 2.760109 48.484306 -0.653757 0.090708 -0.751248 0.900200 0.018700 2 12 0.353893 13 0.646107
scout_body_blue
  13 11.711155 1.928119 47.507671 -0.767375 -0.111531 -0.631424 0.854170 0.017500 2 13 0.540704 12 0.459297
  12 11.982085 3.331450 47.894218 -0.593914 0.570805 -0.566964 0.865570 0.051280 2 12 0.505517 13 0.494484
  13 12.778833 1.845889 46.012596 -0.772247 -0.081551 -0.630066 0.811650 0.022790 2 13 0.928283 14 0.071717
scout_body_blue
  13 12.335084 3.543730 47.282616 -0.656468 0.575958 -0.487156 0.848950 0.057260 2 13 0.645161 12 0.354839
  13 12.778833 1.845889 46.012596 -0.772247 -0.081551 -0.630066 0.811650 0.022790 2 13 0.928283 14 0.071717
  12 11.982085 3.331450 47.894218 -0.593914 0.570805 -0.566964 0.865570 0.051280 2 12 0.505517 13 0.494484
scout_body_blue
  13 12.335084 3.543730 47.282616 -0.656468 0.575958 -0.487156 0.848950 0.057260 2 13 0.645161 12 0.354839
  15 18.222321 2.365480 40.735340 -0.742510 0.117112 -0.659518 0.644020 0.075850 2 15 0.516632 14 0.483368
  13 12.778833 1.845889 46.012596 -0.772247 -0.081551 -0.630066 0.811650 0.022790 2 13 0.928283 14 0.071717
scout_body_blue
  15 19.248436 3.437971 40.251598 -0.642065 0.702296 -0.307462 0.627470 0.103280 3 15 0.663951 14 0.271894 25 0.064155
  15 18.222321 2.365480 40.735340 -0.742510 0.117112 -0.659518 0.644020 0.075850 2 15 0.516632 14 0.483368
  13 12.335084 3.543730 47.282616 -0.656468 0.575958 -0.487156 0.848950 0.057260 2 13 0.645161 12 0.354839
scout_body_blue
  13 14.333233 4.630361 47.738346 0.127921 0.989866 0.061650 0.833760 0.107590 2 13 0.889237 12 0.110763
  15 19.248436 3.437971 40.251598 -0.642065 0.702296 -0.307462 0.627470 0.103280 3 15 0.663951 14 0.271894 25 0.064155
  13 12.335084 3.543730 47.282616 -0.656468 0.575958 -0.487156 0.848950 0.057260 2 13 0.645161 12 0.354839
scout_body_blue
  13 19.269106 3.576285 41.667713 0.335912 0.913863 0.228074 0.651900 0.122500 3 13 0.234425 14 0.429778 15 0.335797
  15 19.248436 3.437971 40.251598 -0.642065 0.702296 -0.307462 0.627470 0.103280 3 15 0.663951 14 0.271894 25 0.064155
  13 14.333233 4.630361 47.738346 0.127921 0.989866 0.061650 0.833760 0.107590 2 13 0.889237 12 0.110763
scout_body_blue
  13 14.333233 4.630361 47.738346 0.127921 0.989866 0.061650 0.833760 0.107590 2 13 0.889237 12 0.110763
  13 15.432173 3.377129 48.390636 0.672114 0.470683 0.571594 0.828700 0.148110 1 13 1.000000
  13 19.269106 3.576285 41.667713 0.335912 0.913863 0.228074 0.651900 0.122500 3 13 0.234425 14 0.429778 15 0.335797
scout_body_blue
  13 15.432173 3.377129 48.390636 0.672114 0.470683 0.571594 0.828700 0.148110 1 13 1.000000
  13 20.112387 2.758295 41.499523 0.700732 0.316085 0.639582 0.638500 0.145600 3 13 0.361814 14 0.354430 15 0.283755
  13 19.269106 3.576285 41.667713 0.335912 0.913863 0.228074 0.651900 0.122500 3 13 0.234425 14 0.429778 15 0.335797
scout_body_blue
  13 15.432173 3.377129 48.390636 0.672114 0.470683 0.571594 0.828700 0.148110 1 13 1.000000
  13 16.574100 1.781858 47.627987 0.784235 -0.168221 0.597224 0.796150 0.182390 2 13 0.870804 14 0.129196
  13 20.112387 2.758295 41.499523 0.700732 0.316085 0.639582 0.638500 0.145600 3 13 0.361814 14 0.354430 15 0.283755
scout_body_blue
  12 9.434887 2.904699 49.673306 -0.689121 0.109850 -0.716271 0.936270 0.012440 2 12 0.914487 13 0.085513
  12 10.421208 4.933994 50.471642 -0.385284 0.803949 -0.453015 0.950400 0.067900 2 12 0.548744 13 0.451256
  12 10.484896 2.760109 48.484306 -0.653757 0.090708 -0.751248 0.900200 0.018700 2 12 0.353893 13 0.646107
scout_body_blue
  12 9.434887 2.904699 49.673306 -0.689121 0.109850 -0.716271 0.936270 0.012440 2 12 0.914487 13 0.085513
  12 8.541317 3.349469 50.702087 -0.636947 0.151782 -0.755818 0.969520 0.012200 1 12 1.000000
  12 10.421208 4.933994 50.471642 -0.385284 0.803949 -0.453015 0.950400 0.067900 2 12 0.548744 13 0.451256
scout_body_blue
  12 8.541317 3.349469 50.702087 -0.636947 0.151782 -0.755818 0.969520 0.012200 1 12 1.000000
  12 9.043276 4.667890 51.032738 -0.473306 0.587058 -0.656768 0.977490 0.044860 1 12 1.000000
  12 10.421208 4.933994 50.471642 -0.385284 0.803949 -0.453015 0.950400 0.067900 2 12 0.548744 13 0.451256
scout_body_blue
  12 9.665526 5.315629 51.606056 -0.088731 0.914889 -0.393834 0.983710 0.068600 1 12 1.000000
  12 10.421208 4.933994 50.471642 -0.385284 0.803949 -0.453015 0.950400 0.067900 2 12 0.548744 13 0.451256
  12 9.043276 4.667890 51.032738 -0.473306 0.587058 -0.656768 0.977490 0.044860 1 12 1.000000
scout_body_blue
  12 10.654856 5.205240 52.383301 0.219000 0.975492 0.021320 0.985290 0.098120 1 12 1.000000
  12 10.421208 4.933994 50.471642 -0.385284 0.803949 -0.453015 0.950400 0.067900 2 12 0.548744 13 0.451256
  12 9.665526 5.315629 51.606056 -0.088731 0.914889 -0.393834 0.983710 0.068600 1 12 1.000000
scout_body_blue
  12 14.174354 1.622067 50.179005 0.782125 -0.157625 0.602856 0.881100 0.196800 2 12 0.442771 13 0.557229
  13 16.574100 1.781858 47.627987 0.784235 -0.168221 0.597224 0.796150 0.182390 2 13 0.870804 14 0.129196
  12 13.965338 2.998696 50.171680 0.760730 0.381526 0.525097 0.903400 0.163300 2 12 0.582748 13 0.417252
scout_body_blue
  13 16.574100 1.781858 47.627987 0.784235 -0.168221 0.597224 0.796150 0.182390 2 13 0.870804 14 0.129196
  13 15.432173 3.377129 48.390636 0.672114 0.470683 0.571594 0.828700 0.148110 1 13 1.000000
  12 13.965338 2.998696 50.171680 0.760730 0.381526 0.525097 0.903400 0.163300 2 12 0.582748 13 0.417252
scout_body_blue
  13 15.432173 3.377129 48.390636 0.672114 0.470683 0.571594 0.828700 0.148110 1 13 1.000000
  12 12.683365 4.523010 49.327950 0.169271 0.962279 -0.212992 0.891800 0.099430 2 12 0.513541 13 0.486459
  12 13.965338 2.998696 50.171680 0.760730 0.381526 0.525097 0.903400 0.163300 2 12 0.582748 13 0.417252
scout_body_blue
  12 12.683365 4.523010 49.327950 0.169271 0.962279 -0.212992 0.891800 0.099430 2 12 0.513541 13 0.486459
  13 15.432173 3.377129 48.390636 0.672114 0.470683 0.571594 0.828700 0.148110 1 13 1.000000
  13 14.333233 4.630361 47.738346 0.127921 0.989866 0.061650 0.833760 0.107590 2 13 0.889237 12 0.110763
scout_body_blue
  13 14.333233 4.630361 47.738346 0.127921 0.989866 0.061650 0.833760 0.107590 2 13 0.889237 12 0.110763
  13 12.335084 3.543730 47.282616 -0.656468 0.575958 -0.487156 0.848950 0.057260 2 13 0.645161 12 0.354839
  12 12.683365 4.523010 49.327950 0.169271 0.962279 -0.212992 0.891800 0.099430 2 12 0.513541 13 0.486459
scout_body_blue
  12 11.982085 3.331450 47.894218 -0.593914 0.570805 -0.566964 0.865570 0.051280 2 12 0.505517 13 0.494484
  12 12.683365 4.523010 49.327950 0.169271 0.962279 -0.212992 0.891800 0.099430 2 12 0.513541 13 0.486459
  13 12.335084 3.543730 47.282616 -0.656468 0.575958 -0.487156 0.848950 0.057260 2 13 0.645161 12 0.354839
scout_body_blue
  12 10.773982 4.130723 49.107235 -0.500793 0.605945 -0.618092 0.914500 0.052300 2 12 0.460765 13 0.539235
  12 12.683365 4.523010 49.327950 0.169271 0.962279 -0.212992 0.891800 0.099430 2 12 0.513541 13 0.486459
  12 11.982085 3.331450 47.894218 -0.593914 0.570805 -0.566964 0.865570 0.051280 2 12 0.505517 13 0.494484
scout_body_blue
  13 11.187006 5.195391 50.280678 -0.021480 0.954778 -0.296542 0.937660 0.082010 2 13 0.549197 12 0.450803
  12 12.683365 4.523010 49.327950 0.169271 0.962279 -0.212992 0.891800 0.099430 2 12 0.513541 13 0.486459
  12 10.773982 4.130723 49.107235 -0.500793 0.605945 -0.618092 0.914500 0.052300 2 12 0.460765 13 0.539235
scout_body_blue
  12 12.683365 4.523010 49.327950 0.169271 0.962279 -0.212992 0.891800 0.099430 2 12 0.513541 13 0.486459
  13 11.187006 5.195391 50.280678 -0.021480 0.954778 -0.296542 0.937660 0.082010 2 13 0.549197 12 0.450803
  13 12.538776 4.675990 50.762070 0.527343 0.844175 0.096321 0.927230 0.115680 2 13 0.535678 12 0.464322
scout_body_blue
  12 12.683365 4.523010 49.327950 0.169271 0.962279 -0.212992 0.891800 0.099430 2 12 0.513541 13 0.486459
  13 12.538776 4.675990 50.762070 0.527343 0.844175 0.096321 0.927230 0.115680 2 13 0.535678 12 0.464322
  12 13.965338 2.998696 50.171680 0.760730 0.381526 0.525097 0.903400 0.163300 2 12 0.582748 13 0.417252
scout_body_blue
  12 12.962088 3.669776 51.965504 0.849302 0.262704 0.457901 0.943000 0.151700 1 12 1.000000
  12 13.965338 2.998696 50.171680 0.760730 0.381526 0.525097 0.903400 0.163300 2 12 0.582748 13 0.417252
  13 12.538776 4.675990 50.762070 0.527343 0.844175 0.096321 0.927230 0.115680 2 13 0.535678 12 0.464322
scout_body_blue
  12 12.962088 3.669776 51.965504 0.849302 0.262704 0.457901 0.943000 0.151700 1 12 1.000000
  12 11.714235 2.389928 53.529747 0.773309 -0.082431 0.628648 0.989410 0.187440 1 12 1.000000
  12 13.965338 2.998696 50.171680 0.760730 0.381526 0.525097 0.903400 0.163300 2 12 0.582748 13 0.417252
scout_body_blue
  13 16.574100 1.781858 47.627987 0.784235 -0.168221 0.597224 0.796150 0.182390 2 13 0.870804 14 0.129196
  13 20.335573 1.798144 41.422249 0.634704 -0.165760 0.754768 0.632400 0.165100 3 13 0.158061 14 0.217071 15 0.624868
  13 20.112387 2.758295 41.499523 0.700732 0.316085 0.639582 0.638500 0.145600 3 13 0.361814 14 0.354430 15 0.283755
scout_body_blue
  13 20.335573 1.798144 41.422249 0.634704 -0.165760 0.754768 0.632400 0.165100 3 13 0.158061 14 0.217071 15 0.624868
  13 16.574100 1.781858 47.627987 0.784235 -0.168221 0.597224 0.796150 0.182390 2 13 0.870804 14 0.129196
  13 19.532478 1.293639 41.880177 0.508052 -0.749584 0.424272 0.648380 0.183700 3 13 0.405350 14 0.297325 15 0.297325
scout_body_blue
  15 20.176819 1.016269 41.120464 0.264740 -0.686621 0.677100 0.626110 0.182170 3 15 0.775635 22 0.141117 14 0.083249
  13 20.335573 1.798144 41.422249 0.634704 -0.165760 0.754768 0.632400 0.165100 3 13 0.158061 14 0.217071 15 0.624868
  13 19.532478 1.293639 41.880177 0.508052 -0.749584 0.424272 0.648380 0.183700 3 13 0.405350 14 0.297325 15 0.297325
scout_body_blue
  15 20.176819 1.016269 41.120464 0.264740 -0.686621 0.677100 0.626110 0.182170 3 15 0.775635 22 0.141117 14 0.083249
  13 19.532478 1.293639 41.880177 0.508052 -0.749584 0.424272 0.648380 0.183700 3 13 0.405350 14 0.297325 15 0.297325
  15 18.811161 0.887239 41.232338 -0.164541 -0.983998 -0.068371 0.641280 0.207440 3 15 0.450920 14 0.378323 13 0.170757
scout_body_blue
  15 19.813383 0.431517 40.207668 -0.327304 -0.849583 0.413618 0.620200 0.203000 2 15 0.704953 22 0.295047
  15 20.176819 1.016269 41.120464 0.264740 -0.686621 0.677100 0.626110 0.182170 3 15 0.775635 22 0.141117 14 0.083249
  15 18.811161 0.887239 41.232338 -0.164541 -0.983998 -0.068371 0.641280 0.207440 3 15 0.450920 14 0.378323 13 0.170757
scout_body_blue
  15 18.811161 0.887239 41.232338 -0.164541 -0.983998 -0.068371 0.641280 0.207440 3 15 0.450920 14 0.378323 13 0.170757
  15 18.887150 1.362150 40.049599 -0.735120 -0.407166 -0.542047 0.616290 0.220620 3 15 0.765406 14 0.127568 22 0.107027
  15 19.813383 0.431517 40.207668 -0.327304 -0.849583 0.413618 0.620200 0.203000 2 15 0.704953 22 0.295047
scout_body_blue
  15 18.887150 1.362150 40.049599 -0.735120 -0.407166 -0.542047 0.616290 0.220620 3 15 0.765406 14 0.127568 22 0.107027
  15 18.811161 0.887239 41.232338 -0.164541 -0.983998 -0.068371 0.641280 0.207440 3 15 0.450920 14 0.378323 13 0.170757
  13 13.350752 0.578738 46.388577 -0.520314 -0.766866 -0.375753 0.800070 0.280080 2 13 0.786869 14 0.213131
scout_body_blue
  13 13.350752 0.578738 46.388577 -0.520314 -0.766866 -0.375753 0.800070 0.280080 2 13 0.786869 14 0.213131
  13 12.778833 1.845889 46.012596 -0.772247 -0.081551 -0.630066 0.792690 0.314970 2 13 0.928283 14 0.071717
  15 18.887150 1.362150 40.049599 -0.735120 -0.407166 -0.542047 0.616290 0.220620 3 15 0.765406 14 0.127568 22 0.107027
scout_body_blue
  13 12.778833 1.845889 46.012596 -0.772247 -0.081551 -0.630066 0.792690 0.314970 2 13 0.928283 14 0.071717
  13 13.350752 0.578738 46.388577 -0.520314 -0.766866 -0.375753 0.800070 0.280080 2 13 0.786869 14 0.213131
  13 11.711155 1.928119 47.507671 -0.767375 -0.111531 -0.631424 0.839940 0.324470 2 13 0.540704 12 0.459297
scout_body_blue
  13 11.711155 1.928119 47.507671 -0.767375 -0.111531 -0.631424 0.839940 0.324470 2 13 0.540704 12 0.459297
  13 13.350752 0.578738 46.388577 -0.520314 -0.766866 -0.375753 0.800070 0.280080 2 13 0.786869 14 0.213131
  12 12.184814 0.785198 47.932381 -0.553275 -0.783498 -0.282873 0.848890 0.290870 2 12 0.546092 13 0.453908
scout_body_blue
  13 11.711155 1.928119 47.507671 -0.767375 -0.111531 -0.631424 0.839940 0.324470 2 13 0.540704 12 0.459297
  12 12.184814 0.785198 47.932381 -0.553275 -0.783498 -0.282873 0.848890 0.290870 2 12 0.546092 13 0.453908
  12 11.697845 1.096168 48.350918 -0.465824 -0.707626 -0.531294 0.864140 0.302830 2 12 0.673387 13 0.326613
scout_body_blue
  12 11.697845 1.096168 48.350918 -0.465824 -0.707626 -0.531294 0.864140 0.302830 2 12 0.673387 13 0.326613
  12 12.184814 0.785198 47.932381 -0.553275 -0.783498 -0.282873 0.848890 0.290870 2 12 0.546092 13 0.453908
  12 12.774954 0.561578 49.133339 0.059260 -0.935254 -0.348982 0.871750 0.262290 2 12 0.517137 13 0.482863
scout_body_blue
  12 11.697845 1.096168 48.350918 -0.465824 -0.707626 -0.531294 0.864140 0.302830 2 12 0.673387 13 0.326613
  12 12.774954 0.561578 49.133339 0.059260 -0.935254 -0.348982 0.871750 0.262290 2 12 0.517137 13 0.482863
  13 12.492266 0.129857 49.369728 -0.048620 -0.904317 -0.424083 0.885800 0.264660 2 13 0.522659 12 0.477341
scout_body_blue
  13 12.492266 0.129857 49.369728 -0.048620 -0.904317 -0.424083 0.885800 0.264660 2 13 0.522659 12 0.477341
  12 12.774954 0.561578 49.133339 0.059260 -0.935254 -0.348982 0.871750 0.262290 2 12 0.517137 13 0.482863
  13 13.843145 0.525827 50.110161 0.759808 -0.650077 -0.009590 0.885040 0.226510 2 13 0.584507 12 0.415493
scout_body_blue
  13 12.492266 0.129857 49.369728 -0.048620 -0.904317 -0.424083 0.885800 0.264660 2 13 0.522659 12 0.477341
  13 13.843145 0.525827 50.110161 0.759808 -0.650077 -0.009590 0.885040 0.226510 2 13 0.584507 12 0.415493
  12 11.500980 0.426340 53.187248 0.651435 -0.614682 0.444745 0.982900 0.237900 1 12 1.000000
scout_body_blue
  12 11.500980 0.426340 53.187248 0.651435 -0.614682 0.444745 0.982900 0.237900 1 12 1.000000
  13 13.843145 0.525827 50.110161 0.759808 -0.650077 -0.009590 0.885040 0.226510 2 13 0.584507 12 0.415493
  12 11.714235 2.389928 53.529747 0.773309 -0.082431 0.628648 0.989410 0.187440 1 12 1.000000
scout_body_blue
  12 11.714235 2.389928 53.529747 0.773309 -0.082431 0.628648 0.989410 0.187440 1 12 1.000000
  13 13.843145 0.525827 50.110161 0.759808 -0.650077 -0.009590 0.885040 0.226510 2 13 0.584507 12 0.415493
  12 14.174354 1.622067 50.179005 0.782125 -0.157625 0.602856 0.881100 0.196800 2 12 0.442771 13 0.557229
scout_body_blue
  12 14.174354 1.622067 50.179005 0.782125 -0.157625 0.602856 0.881100 0.196800 2 12 0.442771 13 0.557229
  12 13.965338 2.998696 50.171680 0.760730 0.381526 0.525097 0.903400 0.163300 2 12 0.582748 13 0.417252
  12 11.714235 2.389928 53.529747 0.773309 -0.082431 0.628648 0.989410 0.187440 1 12 1.000000
scout_body_blue
  13 12.778833 1.845889 46.012596 -0.772247 -0.081551 -0.630066 0.792690 0.314970 2 13 0.928283 14 0.071717
  15 18.222321 2.365480 40.735340 -0.742510 0.117112 -0.659518 0.624780 0.245460 2 15 0.516632 14 0.483368
  15 18.887150 1.362150 40.049599 -0.735120 -0.407166 -0.542047 0.616290 0.220620 3 15 0.765406 14 0.127568 22 0.107027
scout_body_blue
  12 11.500980 0.426340 53.187248 0.651435 -0.614682 0.444745 0.982900 0.237900 1 12 1.000000
  12 10.668900 -0.066825 52.361908 0.193396 -0.977871 -0.079794 0.974700 0.270300 1 12 1.000000
  13 12.492266 0.129857 49.369728 -0.048620 -0.904317 -0.424083 0.885800 0.264660 2 13 0.522659 12 0.477341
scout_body_blue
  12 10.134446 0.377267 51.424934 -0.142551 -0.843625 -0.517663 0.959280 0.295900 1 12 1.000000
  13 12.492266 0.129857 49.369728 -0.048620 -0.904317 -0.424083 0.885800 0.264660 2 13 0.522659 12 0.477341
  12 10.668900 -0.066825 52.361908 0.193396 -0.977871 -0.079794 0.974700 0.270300 1 12 1.000000
scout_body_blue
  12 10.668900 -0.066825 52.361908 0.193396 -0.977871 -0.079794 0.974700 0.270300 1 12 1.000000
  12 9.531588 -0.024539 51.338249 0.373029 -0.382926 -0.845113 0.971900 0.308300 1 12 1.000000
  12 10.134446 0.377267 51.424934 -0.142551 -0.843625 -0.517663 0.959280 0.295900 1 12 1.000000
scout_body_blue
  12 10.134446 0.377267 51.424934 -0.142551 -0.843625 -0.517663 0.959280 0.295900 1 12 1.000000
  12 9.531588 -0.024539 51.338249 0.373029 -0.382926 -0.845113 0.971900 0.308300 1 12 1.000000
  12 8.643316 1.594238 50.672501 -0.482825 -0.451125 -0.750578 0.955770 0.352570 1 12 1.000000
scout_body_blue
  12 8.643316 1.594238 50.672501 -0.482825 -0.451125 -0.750578 0.955770 0.352570 1 12 1.000000
  13 12.492266 0.129857 49.369728 -0.048620 -0.904317 -0.424083 0.885800 0.264660 2 13 0.522659 12 0.477341
  12 10.134446 0.377267 51.424934 -0.142551 -0.843625 -0.517663 0.959280 0.295900 1 12 1.000000
scout_body_blue
  13 12.492266 0.129857 49.369728 -0.048620 -0.904317 -0.424083 0.885800 0.264660 2 13 0.522659 12 0.477341
  12 8.643316 1.594238 50.672501 -0.482825 -0.451125 -0.750578 0.955770 0.352570 1 12 1.000000
  12 11.697845 1.096168 48.350918 -0.465824 -0.707626 -0.531294 0.864140 0.302830 2 12 0.673387 13 0.326613
scout_body_blue
  12 11.697845 1.096168 48.350918 -0.465824 -0.707626 -0.531294 0.864140 0.302830 2 12 0.673387 13 0.326613
  12 8.643316 1.594238 50.672501 -0.482825 -0.451125 -0.750578 0.955770 0.352570 1 12 1.000000
  12 10.484896 2.760109 48.484306 -0.653757 0.090708 -0.751248 0.879100 0.357900 2 12 0.353893 13 0.646107
scout_body_blue
  12 10.484896 2.760109 48.484306 -0.653757 0.090708 -0.751248 0.879100 0.357900 2 12 0.353893 13 0.646107
  13 11.711155 1.928119 47.507671 -0.767375 -0.111531 -0.631424 0.839940 0.324470 2 13 0.540704 12 0.459297
  12 11.697845 1.096168 48.350918 -0.465824 -0.707626 -0.531294 0.864140 0.302830 2 12 0.673387 13 0.326613
scout_body_blue
  12 8.643316 1.594238 50.672501 -0.482825 -0.451125 -0.750578 0.955770 0.352570 1 12 1.000000
  12 9.434887 2.904699 49.673306 -0.689121 0.109850 -0.716271 0.914730 0.371210 2 12 0.914487 13 0.085513
  12 10.484896 2.760109 48.484306 -0.653757 0.090708 -0.751248 0.879100 0.357900 2 12 0.353893 13 0.646107
scout_body_blue
  12 8.541317 3.349469 50.702087 -0.636947 0.151782 -0.755818 0.937790 0.375400 1 12 1.000000
  12 9.434887 2.904699 49.673306 -0.689121 0.109850 -0.716271 0.914730 0.371210 2 12 0.914487 13 0.085513
  12 8.643316 1.594238 50.672501 -0.482825 -0.451125 -0.750578 0.955770 0.352570 1 12 1.000000
scout_body_blue
  13 13.725784 0.700507 49.853401 0.704523 -0.700953 -0.110961 0.877620 0.228850 2 13 0.813320 12 0.186680
  13 13.843145 0.525827 50.110161 0.759808 -0.650077 -0.009590 0.885040 0.226510 2 13 0.584507 12 0.415493
  12 12.774954 0.561578 49.133339 0.059260 -0.935254 -0.348982 0.871750 0.262290 2 12 0.517137 13 0.482863
scout_body_blue
  12 14.174354 1.622067 50.179005 0.782125 -0.157625 0.602856 0.881100 0.196800 2 12 0.442771 13 0.557229
  13 13.843145 0.525827 50.110161 0.759808 -0.650077 -0.009590 0.885040 0.226510 2 13 0.584507 12 0.415493
  13 13.725784 0.700507 49.853401 0.704523 -0.700953 -0.110961 0.877620 0.228850 2 13 0.813320 12 0.186680
scout_body_blue
  12 14.174354 1.622067 50.179005 0.782125 -0.157625 0.602856 0.881100 0.196800 2 12 0.442771 13 0.557229
  13 13.725784 0.700507 49.853401 0.704523 -0.700953 -0.110961 0.877620 0.228850 2 13 0.813320 12 0.186680
  13 16.574100 1.781858 47.627987 0.784235 -0.168221 0.597224 0.796150 0.182390 2 13 0.870804 14 0.129196
scout_body_blue
  13 16.273073 0.472798 46.653290 0.509283 -0.798056 0.322082 0.788530 0.217000 2 13 0.815763 14 0.184238
  13 16.574100 1.781858 47.627987 0.784235 -0.168221 0.597224 0.796150 0.182390 2 13 0.870804 14 0.129196
  13 13.725784 0.700507 49.853401 0.704523 -0.700953 -0.110961 0.877620 0.228850 2 13 0.813320 12 0.186680
scout_body_blue
  13 16.273073 0.472798 46.653290 0.509283 -0.798056 0.322082 0.788530 0.217000 2 13 0.815763 14 0.184238
  13 19.532478 1.293639 41.880177 0.508052 -0.749584 0.424272 0.648380 0.183700 3 13 0.405350 14 0.297325 15 0.297325
  13 16.574100 1.781858 47.627987 0.784235 -0.168221 0.597224 0.796150 0.182390 2 13 0.870804 14 0.129196
scout_body_blue
  13 16.273073 0.472798 46.653290 0.509283 -0.798056 0.322082 0.788530 0.217000 2 13 0.815763 14 0.184238
  13 14.225784 0.188728 47.185303 -0.082511 -0.996029 0.033430 0.806550 0.251400 2 13 0.914487 14 0.085513
  13 19.532478 1.293639 41.880177 0.508052 -0.749584 0.424272 0.648380 0.183700 3 13 0.405350 14 0.297325 15 0.297325
scout_body_blue
  13 14.225784 0.188728 47.185303 -0.082511 -0.996029 0.033430 0.806550 0.251400 2 13 0.914487 14 0.085513
  15 18.811161 0.887239 41.232338 -0.164541 -0.983998 -0.068371 0.641280 0.207440 3 15 0.450920 14 0.378323 13 0.170757
  13 19.532478 1.293639 41.880177 0.508052 -0.749584 0.424272 0.648380 0.183700 3 13 0.405350 14 0.297325 15 0.297325
scout_body_blue
  13 13.350752 0.578738 46.388577 -0.520314 -0.766866 -0.375753 0.800070 0.280080 2 13 0.786869 14 0.213131
  15 18.811161 0.887239 41.232338 -0.164541 -0.983998 -0.068371 0.641280 0.207440 3 15 0.450920 14 0.378323 13 0.170757
  13 14.225784 0.188728 47.185303 -0.082511 -0.996029 0.033430 0.806550 0.251400 2 13 0.914487 14 0.085513
scout_body_blue
  13 13.350752 0.578738 46.388577 -0.520314 -0.766866 -0.375753 0.800070 0.280080 2 13 0.786869 14 0.213131
  13 14.225784 0.188728 47.185303 -0.082511 -0.996029 0.033430 0.806550 0.251400 2 13 0.914487 14 0.085513
  12 12.184814 0.785198 47.932381 -0.553275 -0.783498 -0.282873 0.848890 0.290870 2 12 0.546092 13 0.453908
scout_body_blue
  12 12.184814 0.785198 47.932381 -0.553275 -0.783498 -0.282873 0.848890 0.290870 2 12 0.546092 13 0.453908
  13 14.225784 0.188728 47.185303 -0.082511 -0.996029 0.033430 0.806550 0.251400 2 13 0.914487 14 0.085513
  12 12.774954 0.561578 49.133339 0.059260 -0.935254 -0.348982 0.871750 0.262290 2 12 0.517137 13 0.482863
scout_body_blue
  12 12.774954 0.561578 49.133339 0.059260 -0.935254 -0.348982 0.871750 0.262290 2 12 0.517137 13 0.482863
  13 14.225784 0.188728 47.185303 -0.082511 -0.996029 0.033430 0.806550 0.251400 2 13 0.914487 14 0.085513
  13 13.725784 0.700507 49.853401 0.704523 -0.700953 -0.110961 0.877620 0.228850 2 13 0.813320 12 0.186680
scout_body_blue
  13 14.225784 0.188728 47.185303 -0.082511 -0.996029 0.033430 0.806550 0.251400 2 13 0.914487 14 0.085513
  13 16.273073 0.472798 46.653290 0.509283 -0.798056 0.322082 0.788530 0.217000 2 13 0.815763 14 0.184238
  13 13.725784 0.700507 49.853401 0.704523 -0.700953 -0.110961 0.877620 0.228850 2 13 0.813320 12 0.186680
scout_body_blue
  37 -21.044054 -0.140189 38.187141 -0.840334 0.396563 -0.369561 0.689500 0.972000 3 37 0.611279 38 0.289023 39 0.099698
  30 -20.731827 0.673749 38.679909 -0.122546 0.435194 -0.891958 0.703400 0.947900 3 30 0.117899 37 0.796356 38 0.085745
  37 -20.374575 -0.213833 37.712006 0.624540 0.591678 -0.509771 0.685800 0.971400 3 37 0.464322 38 0.418091 39 0.117588
scout_body_blue
  30 -20.810968 0.081846 39.604271 -0.334493 -0.763124 0.552953 0.727300 0.962300 2 30 0.200415 37 0.799585
  30 -21.099398 0.451744 40.179295 -0.384131 -0.725031 0.571641 0.737090 0.949740 2 30 0.508368 37 0.491632
  37 -21.433105 0.500805 39.328667 -0.758520 -0.637959 -0.132872 0.711710 0.950770 2 37 0.519168 30 0.480833
scout_body_blue
  37 -20.992277 -0.399165 38.975357 -0.744638 -0.598876 0.294723 0.710240 0.975880 2 37 0.883023 38 0.116977
  30 -20.810968 0.081846 39.604271 -0.334493 -0.763124 0.552953 0.727300 0.962300 2 30 0.200415 37 0.799585
  37 -21.433105 0.500805 39.328667 -0.758520 -0.637959 -0.132872 0.711710 0.950770 2 37 0.519168 30 0.480833
scout_body_blue
  37 -20.992277 -0.399165 38.975357 -0.744638 -0.598876 0.294723 0.710240 0.975880 2 37 0.883023 38 0.116977
  37 -20.566845 -0.656175 38.908123 -0.028370 -0.872995 0.486903 0.714110 0.982570 2 37 0.873846 38 0.126154
  30 -20.810968 0.081846 39.604271 -0.334493 -0.763124 0.552953 0.727300 0.962300 2 30 0.200415 37 0.799585
scout_body_blue
  37 -20.566845 -0.656175 38.908123 -0.028370 -0.872995 0.486903 0.714110 0.982570 2 37 0.873846 38 0.126154
  37 -20.992277 -0.399165 38.975357 -0.744638 -0.598876 0.294723 0.710240 0.975880 2 37 0.883023 38 0.116977
  37 -20.697287 -0.923643 37.841732 -0.011850 -0.999918 -0.004802 0.686900 0.994000 2 37 0.419388 38 0.580612
scout_body_blue
  37 -21.022589 -0.702544 38.103752 -0.777837 -0.604961 0.170270 0.689200 0.987700 2 37 0.561741 38 0.438259
  37 -20.697287 -0.923643 37.841732 -0.011850 -0.999918 -0.004802 0.686900 0.994000 2 37 0.419388 38 0.580612
  37 -20.992277 -0.399165 38.975357 -0.744638 -0.598876 0.294723 0.710240 0.975880 2 37 0.883023 38 0.116977
scout_body_blue
  37 -20.697287 -0.923643 37.841732 -0.011850 -0.999918 -0.004802 0.686900 0.994000 2 37 0.419388 38 0.580612
  37 -21.022589 -0.702544 38.103752 -0.777837 -0.604961 0.170270 0.689200 0.987700 2 37 0.561741 38 0.438259
  37 -21.010296 -0.725448 36.969707 -0.473888 -0.530592 -0.702782 0.660400 0.989500 3 37 0.093186 38 0.592184 39 0.314629
scout_body_blue
  37 -21.010296 -0.725448 36.969707 -0.473888 -0.530592 -0.702782 0.660400 0.989500 3 37 0.093186 38 0.592184 39 0.314629
  37 -21.022589 -0.702544 38.103752 -0.777837 -0.604961 0.170270 0.689200 0.987700 2 37 0.561741 38 0.438259
  37 -21.082899 -0.261944 37.208294 -0.484497 0.808891 -0.333101 0.664300 0.976200 3 37 0.205411 38 0.448898 39 0.345691
scout_body_blue
  37 -21.082899 -0.261944 37.208294 -0.484497 0.808891 -0.333101 0.664300 0.976200 3 37 0.205411 38 0.448898 39 0.345691
  37 -21.022589 -0.702544 38.103752 -0.777837 -0.604961 0.170270 0.689200 0.987700 2 37 0.561741 38 0.438259
  37 -21.044054 -0.140189 38.187141 -0.840334 0.396563 -0.369561 0.689500 0.972000 3 37 0.611279 38 0.289023 39 0.099698
scout_body_blue
  30 -21.156038 0.293288 38.822079 -0.855535 -0.109709 -0.505988 0.703100 0.958700 3 30 0.152034 37 0.784797 38 0.063169
  37 -21.044054 -0.140189 38.187141 -0.840334 0.396563 -0.369561 0.689500 0.972000 3 37 0.611279 38 0.289023 39 0.099698
  37 -21.022589 -0.702544 38.103752 -0.777837 -0.604961 0.170270 0.689200 0.987700 2 37 0.561741 38 0.438259
scout_body_blue
  30 -21.156038 0.293288 38.822079 -0.855535 -0.109709 -0.505988 0.703100 0.958700 3 30 0.152034 37 0.784797 38 0.063169
  30 -20.731827 0.673749 38.679909 -0.122546 0.435194 -0.891958 0.703400 0.947900 3 30 0.117899 37 0.796356 38 0.085745
  37 -21.044054 -0.140189 38.187141 -0.840334 0.396563 -0.369561 0.689500 0.972000 3 37 0.611279 38 0.289023 39 0.099698
scout_body_blue
  30 -21.156038 0.293288 38.822079 -0.855535 -0.109709 -0.505988 0.703100 0.958700 3 30 0.152034 37 0.784797 38 0.063169
  30 -21.660000 1.027249 38.779148 0.079633 -0.873265 -0.480694 0.696500 0.942700 3 30 0.671690 37 0.175458 40 0.152853
  30 -20.731827 0.673749 38.679909 -0.122546 0.435194 -0.891958 0.703400 0.947900 3 30 0.117899 37 0.796356 38 0.085745
scout_body_blue
  37 -21.433105 0.500805 39.328667 -0.758520 -0.637959 -0.132872 0.711710 0.950770 2 37 0.519168 30 0.480833
  30 -21.660000 1.027249 38.779148 0.079633 -0.873265 -0.480694 0.696500 0.942700 3 30 0.671690 37 0.175458 40 0.152853
  30 -21.156038 0.293288 38.822079 -0.855535 -0.109709 -0.505988 0.703100 0.958700 3 30 0.152034 37 0.784797 38 0.063169
scout_body_blue
  30 -22.041676 1.141865 39.590492 -0.556364 -0.706626 0.437194 0.710100 0.934700 3 30 0.763383 34 0.068522 37 0.168094
  30 -21.660000 1.027249 38.779148 0.079633 -0.873265 -0.480694 0.696500 0.942700 3 30 0.671690 37 0.175458 40 0.152853
  37 -21.433105 0.500805 39.328667 -0.758520 -0.637959 -0.132872 0.711710 0.950770 2 37 0.519168 30 0.480833
scout_body_blue
  37 -21.433105 0.500805 39.328667 -0.758520 -0.637959 -0.132872 0.711710 0.950770 2 37 0.519168 30 0.480833
  30 -21.099398 0.451744 40.179295 -0.384131 -0.725031 0.571641 0.737090 0.949740 2 30 0.508368 37 0.491632
  30 -22.041676 1.141865 39.590492 -0.556364 -0.706626 0.437194 0.710100 0.934700 3 30 0.763383 34 0.068522 37 0.168094
scout_body_blue
  30 -22.041676 1.141865 39.590492 -0.556364 -0.706626 0.437194 0.710100 0.934700 3 30 0.763383 34 0.068522 37 0.168094
  30 -21.099398 0.451744 40.179295 -0.384131 -0.725031 0.571641 0.737090 0.949740 2 30 0.508368 37 0.491632
  30 -20.867805 1.724934 41.159843 -0.605287 -0.147832 0.782159 0.761090 0.911960 2 30 0.866593 29 0.133407
scout_body_blue
  30 -20.867805 1.724934 41.159843 -0.605287 -0.147832 0.782159 0.761090 0.911960 2 30 0.866593 29 0.133407
  30 -23.083099 1.718819 39.121113 -0.770803 -0.145710 0.620186 0.684800 0.921300 3 30 0.563337 31 0.271885 34 0.164779
  30 -22.041676 1.141865 39.590492 -0.556364 -0.706626 0.437194 0.710100 0.934700 3 30 0.763383 34 0.068522 37 0.168094
scout_body_blue
  30 -23.078281 2.960111 38.965218 -0.785723 0.347026 0.512066 0.677600 0.887300 3 30 0.549749 31 0.348744 40 0.101508
  30 -23.083099 1.718819 39.121113 -0.770803 -0.145710 0.620186 0.684800 0.921300 3 30 0.563337 31 0.271885 34 0.164779
  30 -20.867805 1.724934 41.159843 -0.605287 -0.147832 0.782159 0.761090 0.911960 2 30 0.866593 29 0.133407
scout_body_blue
  30 -23.083099 1.718819 39.121113 -0.770803 -0.145710 0.620186 0.684800 0.921300 3 30 0.563337 31 0.271885 34 0.164779
  30 -23.078281 2.960111 38.965218 -0.785723 0.347026 0.512066 0.677600 0.887300 3 30 0.549749 31 0.348744 40 0.101508
  30 -23.305138 2.472065 38.702991 -0.898996 0.131004 0.417904 0.669700 0.901700 2 30 0.532170 31 0.467830
scout_body_blue
  30 -21.156038 0.293288 38.822079 -0.855535 -0.109709 -0.505988 0.703100 0.958700 3 30 0.152034 37 0.784797 38 0.063169
  37 -21.022589 -0.702544 38.103752 -0.777837 -0.604961 0.170270 0.689200 0.987700 2 37 0.561741 38 0.438259
  37 -20.992277 -0.399165 38.975357 -0.744638 -0.598876 0.294723 0.710240 0.975880 2 37 0.883023 38 0.116977
scout_body_blue
  37 -20.992277 -0.399165 38.975357 -0.744638 -0.598876 0.294723 0.710240 0.975880 2 37 0.883023 38 0.116977
  37 -21.433105 0.500805 39.328667 -0.758520 -0.637959 -0.132872 0.711710 0.950770 2 37 0.519168 30 0.480833
  30 -21.156038 0.293288 38.822079 -0.855535 -0.109709 -0.505988 0.703100 0.958700 3 30 0.152034 37 0.784797 38 0.063169
scout_body_blue
  30 -22.041676 1.141865 39.590492 -0.556364 -0.706626 0.437194 0.710100 0.934700 3 30 0.763383 34 0.068522 37 0.168094
  30 -22.966917 0.877833 38.315197 -0.185274 -0.964476 0.188309 0.668000 0.946300 2 30 0.577710 34 0.422290
  30 -21.660000 1.027249 38.779148 0.079633 -0.873265 -0.480694 0.696500 0.942700 3 30 0.671690 37 0.175458 40 0.152853
scout_body_blue
  30 -23.107981 1.083677 38.792801 -0.652306 -0.602080 0.460431 0.677900 0.939700 2 30 0.655914 34 0.344086
  30 -22.966917 0.877833 38.315197 -0.185274 -0.964476 0.188309 0.668000 0.946300 2 30 0.577710 34 0.422290
  30 -22.041676 1.141865 39.590492 -0.556364 -0.706626 0.437194 0.710100 0.934700 3 30 0.763383 34 0.068522 37 0.168094
scout_body_blue
  30 -22.041676 1.141865 39.590492 -0.556364 -0.706626 0.437194 0.710100 0.934700 3 30 0.763383 34 0.068522 37 0.168094
  30 -23.083099 1.718819 39.121113 -0.770803 -0.145710 0.620186 0.684800 0.921300 3 30 0.563337 31 0.271885 34 0.164779
  30 -23.107981 1.083677 38.792801 -0.652306 -0.602080 0.460431 0.677900 0.939700 2 30 0.655914 34 0.344086
scout_body_blue
  31 -23.397343 2.969691 37.675632 -0.847965 0.493262 0.194029 0.641400 0.890500 3 31 0.275773 32 0.389175 33 0.335052
  30 -23.305138 2.472065 38.702991 -0.898996 0.131004 0.417904 0.669700 0.901700 2 30 0.532170 31 0.467830
  30 -23.078281 2.960111 38.965218 -0.785723 0.347026 0.512066 0.677600 0.887300 3 30 0.549749 31 0.348744 40 0.101508
scout_body_blue
  31 -23.397343 2.969691 37.675632 -0.847965 0.493262 0.194029 0.641400 0.890500 3 31 0.275773 32 0.389175 33 0.335052
  30 -23.698256 2.406316 37.911499 -0.966869 0.060731 0.247943 0.645000 0.904340 3 30 0.455650 31 0.437424 34 0.106926
  30 -23.305138 2.472065 38.702991 -0.898996 0.131004 0.417904 0.669700 0.901700 2 30 0.532170 31 0.467830
scout_body_blue
  31 -23.397343 2.969691 37.675632 -0.847965 0.493262 0.194029 0.641400 0.890500 3 31 0.275773 32 0.389175 33 0.335052
  31 -23.771263 2.555402 36.398426 -0.988392 -0.132777 -0.073837 0.606100 0.905400 3 31 0.177570 32 0.427830 33 0.394600
  30 -23.698256 2.406316 37.911499 -0.966869 0.060731 0.247943 0.645000 0.904340 3 30 0.455650 31 0.437424 34 0.106926
scout_body_blue
  30 -23.698256 2.406316 37.911499 -0.966869 0.060731 0.247943 0.645000 0.904340 3 30 0.455650 31 0.437424 34 0.106926
  31 -23.771263 2.555402 36.398426 -0.988392 -0.132777 -0.073837 0.606100 0.905400 3 31 0.177570 32 0.427830 33 0.394600
  30 -23.381657 2.080951 38.444359 -0.922069 -0.375637 0.093199 0.663300 0.913300 3 30 0.472138 31 0.415400 34 0.112462
scout_body_blue
  30 -23.305138 2.472065 38.702991 -0.898996 0.131004 0.417904 0.669700 0.901700 2 30 0.532170 31 0.467830
  30 -23.698256 2.406316 37.911499 -0.966869 0.060731 0.247943 0.645000 0.904340 3 30 0.455650 31 0.437424 34 0.106926
  30 -23.381657 2.080951 38.444359 -0.922069 -0.375637 0.093199 0.663300 0.913300 3 30 0.472138 31 0.415400 34 0.112462
scout_body_blue
  30 -23.381657 2.080951 38.444359 -0.922069 -0.375637 0.093199 0.663300 0.913300 3 30 0.472138 31 0.415400 34 0.112462
  30 -23.083099 1.718819 39.121113 -0.770803 -0.145710 0.620186 0.684800 0.921300 3 30 0.563337 31 0.271885 34 0.164779
  30 -23.305138 2.472065 38.702991 -0.898996 0.131004 0.417904 0.669700 0.901700 2 30 0.532170 31 0.467830
scout_body_blue
  30 -23.324724 1.674996 38.528053 -0.986593 0.150241 -0.063730 0.666740 0.922670 3 30 0.435052 31 0.364948 34 0.200000
  30 -23.083099 1.718819 39.121113 -0.770803 -0.145710 0.620186 0.684800 0.921300 3 30 0.563337 31 0.271885 34 0.164779
  30 -23.381657 2.080951 38.444359 -0.922069 -0.375637 0.093199 0.663300 0.913300 3 30 0.472138 31 0.415400 34 0.112462
scout_body_blue
  30 -23.107981 1.083677 38.792801 -0.652306 -0.602080 0.460431 0.677900 0.939700 2 30 0.655914 34 0.344086
  30 -23.083099 1.718819 39.121113 -0.770803 -0.145710 0.620186 0.684800 0.921300 3 30 0.563337 31 0.271885 34 0.164779
  30 -23.324724 1.674996 38.528053 -0.986593 0.150241 -0.063730 0.666740 0.922670 3 30 0.435052 31 0.364948 34 0.200000
scout_body_blue
  30 -23.107981 1.083677 38.792801 -0.652306 -0.602080 0.460431 0.677900 0.939700 2 30 0.655914 34 0.344086
  30 -23.324724 1.674996 38.528053 -0.986593 0.150241 -0.063730 0.666740 0.922670 3 30 0.435052 31 0.364948 34 0.200000
  30 -23.424999 0.928951 37.559944 -0.698423 -0.697312 0.161128 0.643600 0.947200 2 30 0.277470 34 0.722531
scout_body_blue
  30 -23.424999 0.928951 37.559944 -0.698423 -0.697312 0.161128 0.643600 0.947200 2 30 0.277470 34 0.722531
  30 -22.966917 0.877833 38.315197 -0.185274 -0.964476 0.188309 0.668000 0.946300 2 30 0.577710 34 0.422290
  30 -23.107981 1.083677 38.792801 -0.652306 -0.602080 0.460431 0.677900 0.939700 2 30 0.655914 34 0.344086
scout_body_blue
  30 -23.424999 0.928951 37.559944 -0.698423 -0.697312 0.161128 0.643600 0.947200 2 30 0.277470 34 0.722531
  34 -23.027092 0.629170 36.032547 -0.174624 -0.984470 0.018009 0.610500 0.958400 3 34 0.274825 35 0.523571 36 0.201605
  30 -22.966917 0.877833 38.315197 -0.185274 -0.964476 0.188309 0.668000 0.946300 2 30 0.577710 34 0.422290
scout_body_blue
  30 -23.324724 1.674996 38.528053 -0.986593 0.150241 -0.063730 0.666740 0.922670 3 30 0.435052 31 0.364948 34 0.200000
  30 -23.544430 1.194845 37.538567 -0.994955 0.033240 0.094657 0.641000 0.940100 3 30 0.277716 31 0.225084 34 0.497201
  30 -23.424999 0.928951 37.559944 -0.698423 -0.697312 0.161128 0.643600 0.947200 2 30 0.277470 34 0.722531
scout_body_blue
  32 -23.355385 2.452200 34.566635 -0.428455 -0.434520 -0.792224 0.564600 0.910300 2 32 0.060667 33 0.939333
  31 -23.771263 2.555402 36.398426 -0.988392 -0.132777 -0.073837 0.606100 0.905400 3 31 0.177570 32 0.427830 33 0.394600
  32 -23.357719 3.009785 34.663769 -0.462614 0.637049 -0.616568 0.565600 0.896200 2 32 0.169792 33 0.830208
scout_body_blue
  31 -23.425566 2.198053 36.265816 -0.455983 -0.877605 -0.147948 0.607600 0.915000 3 31 0.186207 32 0.528276 33 0.285517
  31 -23.771263 2.555402 36.398426 -0.988392 -0.132777 -0.073837 0.606100 0.905400 3 31 0.177570 32 0.427830 33 0.394600
  32 -23.355385 2.452200 34.566635 -0.428455 -0.434520 -0.792224 0.564600 0.910300 2 32 0.060667 33 0.939333
scout_body_blue
  30 -23.381657 2.080951 38.444359 -0.922069 -0.375637 0.093199 0.663300 0.913300 3 30 0.472138 31 0.415400 34 0.112462
  31 -23.771263 2.555402 36.398426 -0.988392 -0.132777 -0.073837 0.606100 0.905400 3 31 0.177570 32 0.427830 33 0.394600
  31 -23.425566 2.198053 36.265816 -0.455983 -0.877605 -0.147948 0.607600 0.915000 3 31 0.186207 32 0.528276 33 0.285517
scout_body_blue
  30 -23.381657 2.080951 38.444359 -0.922069 -0.375637 0.093199 0.663300 0.913300 3 30 0.472138 31 0.415400 34 0.112462
  31 -23.425566 2.198053 36.265816 -0.455983 -0.877605 -0.147948 0.607600 0.915000 3 31 0.186207 32 0.528276 33 0.285517
  30 -22.776375 1.865665 38.065788 -0.863824 -0.073684 -0.498376 0.661300 0.919200 3 30 0.481735 31 0.316210 34 0.202055
scout_body_blue
  30 -23.381657 2.080951 38.444359 -0.922069 -0.375637 0.093199 0.663300 0.913300 3 30 0.472138 31 0.415400 34 0.112462
  30 -22.776375 1.865665 38.065788 -0.863824 -0.073684 -0.498376 0.661300 0.919200 3 30 0.481735 31 0.316210 34 0.202055
  30 -23.324724 1.674996 38.528053 -0.986593 0.150241 -0.063730 0.666740 0.922670 3 30 0.435052 31 0.364948 34 0.200000
scout_body_blue
  30 -23.324724 1.674996 38.528053 -0.986593 0.150241 -0.063730 0.666740 0.922670 3 30 0.435052 31 0.364948 34 0.200000
  30 -22.776375 1.865665 38.065788 -0.863824 -0.073684 -0.498376 0.661300 0.919200 3 30 0.481735 31 0.316210 34 0.202055
  31 -23.383198 1.380216 37.546211 -0.715025 0.696055 -0.065170 0.642120 0.933140 3 31 0.526042 30 0.337500 34 0.136458
scout_body_blue
  31 -23.383198 1.380216 37.546211 -0.715025 0.696055 -0.065170 0.642120 0.933140 3 31 0.526042 30 0.337500 34 0.136458
  30 -23.544430 1.194845 37.538567 -0.994955 0.033240 0.094657 0.641000 0.940100 3 30 0.277716 31 0.225084 34 0.497201
  30 -23.324724 1.674996 38.528053 -0.986593 0.150241 -0.063730 0.666740 0.922670 3 30 0.435052 31 0.364948 34 0.200000
scout_body_blue
  34 -23.480234 1.075981 35.526108 -0.991000 -0.018771 -0.132542 0.591400 0.947800 3 34 0.221221 35 0.375375 36 0.403403
  30 -23.544430 1.194845 37.538567 -0.994955 0.033240 0.094657 0.641000 0.940100 3 30 0.277716 31 0.225084 34 0.497201
  31 -23.383198 1.380216 37.546211 -0.715025 0.696055 -0.065170 0.642120 0.933140 3 31 0.526042 30 0.337500 34 0.136458
scout_body_blue
  30 -23.424999 0.928951 37.559944 -0.698423 -0.697312 0.161128 0.643600 0.947200 2 30 0.277470 34 0.722531
  30 -23.544430 1.194845 37.538567 -0.994955 0.033240 0.094657 0.641000 0.940100 3 30 0.277716 31 0.225084 34 0.497201
  34 -23.480234 1.075981 35.526108 -0.991000 -0.018771 -0.132542 0.591400 0.947800 3 34 0.221221 35 0.375375 36 0.403403
scout_body_blue
  30 -23.424999 0.928951 37.559944 -0.698423 -0.697312 0.161128 0.643600 0.947200 2 30 0.277470 34 0.722531
  34 -23.480234 1.075981 35.526108 -0.991000 -0.018771 -0.132542 0.591400 0.947800 3 34 0.221221 35 0.375375 36 0.403403
  35 -23.189650 0.732069 34.920853 -0.435065 -0.510910 -0.741410 0.580000 0.956900 2 35 0.119219 36 0.880781
scout_body_blue
  35 -23.189650 0.732069 34.920853 -0.435065 -0.510910 -0.741410 0.580000 0.956900 2 35 0.119219 36 0.880781
  34 -23.027092 0.629170 36.032547 -0.174624 -0.984470 0.018009 0.610500 0.958400 3 34 0.274825 35 0.523571 36 0.201605
  30 -23.424999 0.928951 37.559944 -0.698423 -0.697312 0.161128 0.643600 0.947200 2 30 0.277470 34 0.722531
scout_body_blue
  34 -22.713099 0.690345 34.970291 0.631200 -0.485101 -0.605197 0.586800 0.957200 3 34 0.052052 35 0.256256 36 0.691692
  34 -23.027092 0.629170 36.032547 -0.174624 -0.984470 0.018009 0.610500 0.958400 3 34 0.274825 35 0.523571 36 0.201605
  35 -23.189650 0.732069 34.920853 -0.435065 -0.510910 -0.741410 0.580000 0.956900 2 35 0.119219 36 0.880781
scout_body_blue
  30 -22.776375 1.865665 38.065788 -0.863824 -0.073684 -0.498376 0.661300 0.919200 3 30 0.481735 31 0.316210 34 0.202055
  35 -23.220465 1.311843 34.996552 -0.429816 0.612823 -0.663103 0.580400 0.942200 2 35 0.215790 36 0.784211
  31 -23.383198 1.380216 37.546211 -0.715025 0.696055 -0.065170 0.642120 0.933140 3 31 0.526042 30 0.337500 34 0.136458
scout_body_blue
  35 -23.220465 1.311843 34.996552 -0.429816 0.612823 -0.663103 0.580400 0.942200 2 35 0.215790 36 0.784211
  34 -23.480234 1.075981 35.526108 -0.991000 -0.018771 -0.132542 0.591400 0.947800 3 34 0.221221 35 0.375375 36 0.403403
  31 -23.383198 1.380216 37.546211 -0.715025 0.696055 -0.065170 0.642120 0.933140 3 31 0.526042 30 0.337500 34 0.136458
scout_body_blue
  35 -23.189650 0.732069 34.920853 -0.435065 -0.510910 -0.741410 0.580000 0.956900 2 35 0.119219 36 0.880781
  34 -23.480234 1.075981 35.526108 -0.991000 -0.018771 -0.132542 0.591400 0.947800 3 34 0.221221 35 0.375375 36 0.403403
  35 -23.220465 1.311843 34.996552 -0.429816 0.612823 -0.663103 0.580400 0.942200 2 35 0.215790 36 0.784211
scout_body_blue
  31 -23.129601 2.997044 34.843582 -0.333992 0.844975 -0.417693 0.573000 0.894100 3 31 0.061061 32 0.229229 33 0.709710
  31 -22.685022 3.059936 34.895332 0.784687 0.022974 -0.619466 0.569900 0.887500 3 31 0.091093 32 0.272267 33 0.636640
  32 -23.357719 3.009785 34.663769 -0.462614 0.637049 -0.616568 0.565600 0.896200 2 32 0.169792 33 0.830208
scout_body_blue
  30 -20.100231 0.186601 39.831337 0.245625 -0.803671 0.542015 0.740900 0.957800 2 30 0.528736 37 0.471264
  30 -20.810968 0.081846 39.604271 -0.334493 -0.763124 0.552953 0.727300 0.962300 2 30 0.200415 37 0.799585
  30 -19.939430 -0.000794 39.516834 0.544383 -0.726123 0.419992 0.735300 0.963500 2 30 0.282158 37 0.717842
scout_body_blue
  30 -20.100231 0.186601 39.831337 0.245625 -0.803671 0.542015 0.740900 0.957800 2 30 0.528736 37 0.471264
  30 -21.099398 0.451744 40.179295 -0.384131 -0.725031 0.571641 0.737090 0.949740 2 30 0.508368 37 0.491632
  30 -20.810968 0.081846 39.604271 -0.334493 -0.763124 0.552953 0.727300 0.962300 2 30 0.200415 37 0.799585
scout_body_blue
  30 -20.100231 0.186601 39.831337 0.245625 -0.803671 0.542015 0.740900 0.957800 2 30 0.528736 37 0.471264
  30 -20.272234 1.016264 41.120449 -0.264742 -0.686625 0.677095 0.768800 0.930850 3 30 0.775635 37 0.141117 29 0.083249
  30 -21.099398 0.451744 40.179295 -0.384131 -0.725031 0.571641 0.737090 0.949740 2 30 0.508368 37 0.491632
scout_body_blue
  30 -21.099398 0.451744 40.179295 -0.384131 -0.725031 0.571641 0.737090 0.949740 2 30 0.508368 37 0.491632
  30 -20.272234 1.016264 41.120449 -0.264742 -0.686625 0.677095 0.768800 0.930850 3 30 0.775635 37 0.141117 29 0.083249
  30 -20.867805 1.724934 41.159843 -0.605287 -0.147832 0.782159 0.761090 0.911960 2 30 0.866593 29 0.133407
scout_body_blue
  28 -20.426704 1.898112 41.400070 -0.636330 -0.162643 0.754077 0.772100 0.907400 3 28 0.158061 29 0.217071 30 0.624868
  30 -20.867805 1.724934 41.159843 -0.605287 -0.147832 0.782159 0.761090 0.911960 2 30 0.866593 29 0.133407
  30 -20.272234 1.016264 41.120449 -0.264742 -0.686625 0.677095 0.768800 0.930850 3 30 0.775635 37 0.141117 29 0.083249
scout_body_blue
  28 -20.198895 2.857157 41.477589 -0.699869 0.319520 0.638820 0.774200 0.880300 3 28 0.361814 29 0.354430 30 0.283755
  30 -20.867805 1.724934 41.159843 -0.605287 -0.147832 0.782159 0.761090 0.911960 2 30 0.866593 29 0.133407
  28 -20.426704 1.898112 41.400070 -0.636330 -0.162643 0.754077 0.772100 0.907400 3 28 0.158061 29 0.217071 30 0.624868
scout_body_blue
  30 -20.867805 1.724934 41.159843 -0.605287 -0.147832 0.782159 0.761090 0.911960 2 30 0.866593 29 0.133407
  28 -20.198895 2.857157 41.477589 -0.699869 0.319520 0.638820 0.774200 0.880300 3 28 0.361814 29 0.354430 30 0.283755
  30 -20.815208 3.490286 40.686325 -0.624995 0.337633 0.703836 0.745120 0.864110 3 30 0.829659 40 0.118237 31 0.052104
scout_body_blue
  30 -20.815208 3.490286 40.686325 -0.624995 0.337633 0.703836 0.745120 0.864110 3 30 0.829659 40 0.118237 31 0.052104
  30 -23.078281 2.960111 38.965218 -0.785723 0.347026 0.512066 0.677600 0.887300 3 30 0.549749 31 0.348744 40 0.101508
  30 -20.867805 1.724934 41.159843 -0.605287 -0.147832 0.782159 0.761090 0.911960 2 30 0.866593 29 0.133407
scout_body_blue
  30 -21.990248 4.447617 38.652161 -0.219212 0.951867 0.214232 0.677880 0.843840 3 30 0.479960 40 0.308617 31 0.211423
  30 -23.078281 2.960111 38.965218 -0.785723 0.347026 0.512066 0.677600 0.887300 3 30 0.549749 31 0.348744 40 0.101508
  30 -20.815208 3.490286 40.686325 -0.624995 0.337633 0.703836 0.745120 0.864110 3 30 0.829659 40 0.118237 31 0.052104
scout_body_blue
  30 -22.514347 4.051887 38.373131 -0.759839 0.595127 0.261663 0.665880 0.856140 3 30 0.475476 40 0.300300 31 0.224224
  30 -23.078281 2.960111 38.965218 -0.785723 0.347026 0.512066 0.677600 0.887300 3 30 0.549749 31 0.348744 40 0.101508
  30 -21.990248 4.447617 38.652161 -0.219212 0.951867 0.214232 0.677880 0.843840 3 30 0.479960 40 0.308617 31 0.211423
scout_body_blue
  31 -22.704054 4.330690 36.089417 -0.434253 0.713667 -0.549640 0.605800 0.855400 3 31 0.346316 32 0.385263 33 0.268421
  30 -22.514347 4.051887 38.373131 -0.759839 0.595127 0.261663 0.665880 0.856140 3 30 0.475476 40 0.300300 31 0.224224
  30 -21.990248 4.447617 38.652161 -0.219212 0.951867 0.214232 0.677880 0.843840 3 30 0.479960 40 0.308617 31 0.211423
scout_body_blue
  31 -22.704054 4.330690 36.089417 -0.434253 0.713667 -0.549640 0.605800 0.855400 3 31 0.346316 32 0.385263 33 0.268421
  30 -22.990482 3.730594 37.478165 -0.800313 0.583942 0.136057 0.639100 0.869300 3 30 0.337023 31 0.392374 32 0.270603
  30 -22.514347 4.051887 38.373131 -0.759839 0.595127 0.261663 0.665880 0.856140 3 30 0.475476 40 0.300300 31 0.224224
scout_body_blue
  31 -22.779810 3.739577 35.952278 -0.360455 0.824016 -0.437116 0.603000 0.872200 3 31 0.292292 32 0.372372 33 0.335335
  30 -22.990482 3.730594 37.478165 -0.800313 0.583942 0.136057 0.639100 0.869300 3 30 0.337023 31 0.392374 32 0.270603
  31 -22.704054 4.330690 36.089417 -0.434253 0.713667 -0.549640 0.605800 0.855400 3 31 0.346316 32 0.385263 33 0.268421
scout_body_blue
  31 -22.779810 3.739577 35.952278 -0.360455 0.824016 -0.437116 0.603000 0.872200 3 31 0.292292 32 0.372372 33 0.335335
  31 -23.441521 3.350097 36.566620 -0.808298 0.588618 -0.013543 0.612000 0.882500 3 31 0.292940 32 0.389884 33 0.317176
  30 -22.990482 3.730594 37.478165 -0.800313 0.583942 0.136057 0.639100 0.869300 3 30 0.337023 31 0.392374 32 0.270603
scout_body_blue
  31 -23.133282 3.526137 34.926174 -0.504279 0.597917 -0.623055 0.573700 0.880900 3 31 0.112112 32 0.323323 33 0.564565
  31 -23.441521 3.350097 36.566620 -0.808298 0.588618 -0.013543 0.612000 0.882500 3 31 0.292940 32 0.389884 33 0.317176
  31 -22.779810 3.739577 35.952278 -0.360455 0.824016 -0.437116 0.603000 0.872200 3 31 0.292292 32 0.372372 33 0.335335
scout_body_blue
  31 -23.129601 2.997044 34.843582 -0.333992 0.844975 -0.417693 0.573000 0.894100 3 31 0.061061 32 0.229229 33 0.709710
  31 -23.441521 3.350097 36.566620 -0.808298 0.588618 -0.013543 0.612000 0.882500 3 31 0.292940 32 0.389884 33 0.317176
  31 -23.133282 3.526137 34.926174 -0.504279 0.597917 -0.623055 0.573700 0.880900 3 31 0.112112 32 0.323323 33 0.564565
scout_body_blue
  31 -23.129601 2.997044 34.843582 -0.333992 0.844975 -0.417693 0.573000 0.894100 3 31 0.061061 32 0.229229 33 0.709710
  31 -23.771263 2.555402 36.398426 -0.988392 -0.132777 -0.073837 0.606100 0.905400 3 31 0.177570 32 0.427830 33 0.394600
  31 -23.441521 3.350097 36.566620 -0.808298 0.588618 -0.013543 0.612000 0.882500 3 31 0.292940 32 0.389884 33 0.317176
scout_body_blue
  32 -23.357719 3.009785 34.663769 -0.462614 0.637049 -0.616568 0.565600 0.896200 2 32 0.169792 33 0.830208
  31 -23.771263 2.555402 36.398426 -0.988392 -0.132777 -0.073837 0.606100 0.905400 3 31 0.177570 32 0.427830 33 0.394600
  31 -23.129601 2.997044 34.843582 -0.333992 0.844975 -0.417693 0.573000 0.894100 3 31 0.061061 32 0.229229 33 0.709710
scout_body_blue
  30 -22.990482 3.730594 37.478165 -0.800313 0.583942 0.136057 0.639100 0.869300 3 30 0.337023 31 0.392374 32 0.270603
  30 -23.078281 2.960111 38.965218 -0.785723 0.347026 0.512066 0.677600 0.887300 3 30 0.549749 31 0.348744 40 0.101508
  30 -22.514347 4.051887 38.373131 -0.759839 0.595127 0.261663 0.665880 0.856140 3 30 0.475476 40 0.300300 31 0.224224
scout_body_blue
  30 -22.990482 3.730594 37.478165 -0.800313 0.583942 0.136057 0.639100 0.869300 3 30 0.337023 31 0.392374 32 0.270603
  31 -23.397343 2.969691 37.675632 -0.847965 0.493262 0.194029 0.641400 0.890500 3 31 0.275773 32 0.389175 33 0.335052
  30 -23.078281 2.960111 38.965218 -0.785723 0.347026 0.512066 0.677600 0.887300 3 30 0.549749 31 0.348744 40 0.101508
scout_body_blue
  30 -22.990482 3.730594 37.478165 -0.800313 0.583942 0.136057 0.639100 0.869300 3 30 0.337023 31 0.392374 32 0.270603
  31 -23.441521 3.350097 36.566620 -0.808298 0.588618 -0.013543 0.612000 0.882500 3 31 0.292940 32 0.389884 33 0.317176
  31 -23.397343 2.969691 37.675632 -0.847965 0.493262 0.194029 0.641400 0.890500 3 31 0.275773 32 0.389175 33 0.335052
scout_body_blue
  31 -23.441521 3.350097 36.566620 -0.808298 0.588618 -0.013543 0.612000 0.882500 3 31 0.292940 32 0.389884 33 0.317176
  31 -23.771263 2.555402 36.398426 -0.988392 -0.132777 -0.073837 0.606100 0.905400 3 31 0.177570 32 0.427830 33 0.394600
  31 -23.397343 2.969691 37.675632 -0.847965 0.493262 0.194029 0.641400 0.890500 3 31 0.275773 32 0.389175 33 0.335052
scout_body_blue
  30 -21.990248 4.447617 38.652161 -0.219212 0.951867 0.214232 0.677880 0.843840 3 30 0.479960 40 0.308617 31 0.211423
  30 -20.815208 3.490286 40.686325 -0.624995 0.337633 0.703836 0.745120 0.864110 3 30 0.829659 40 0.118237 31 0.052104
  30 -20.357744 3.970948 40.712997 -0.134117 0.874376 0.466346 0.750100 0.851500 3 30 0.831663 31 0.051102 40 0.117235
scout_body_blue
  30 -20.815208 3.490286 40.686325 -0.624995 0.337633 0.703836 0.745120 0.864110 3 30 0.829659 40 0.118237 31 0.052104
  28 -20.198895 2.857157 41.477589 -0.699869 0.319520 0.638820 0.774200 0.880300 3 28 0.361814 29 0.354430 30 0.283755
  30 -20.357744 3.970948 40.712997 -0.134117 0.874376 0.466346 0.750100 0.851500 3 30 0.831663 31 0.051102 40 0.117235
scout_body_blue
  30 -19.768354 0.560194 40.370060 0.357784 -0.910551 0.207092 0.756890 0.944500 2 30 0.703899 37 0.296101
  30 -20.272234 1.016264 41.120449 -0.264742 -0.686625 0.677095 0.768800 0.930850 3 30 0.775635 37 0.141117 29 0.083249
  30 -20.100231 0.186601 39.831337 0.245625 -0.803671 0.542015 0.740900 0.957800 2 30 0.528736 37 0.471264
scout_body_blue
  31 -23.001484 2.179613 36.194569 0.387285 -0.877008 -0.284371 0.943500 0.899600 3 31 0.350133 32 0.493369 35 0.156499
  31 -22.685022 3.059936 34.895332 0.784687 0.022974 -0.619466 0.972500 0.875100 3 31 0.091093 32 0.272267 33 0.636640
  30 -22.359962 2.870344 36.879013 0.885222 -0.274269 -0.375712 0.917600 0.875900 3 30 0.280045 31 0.441043 32 0.278912
scout_body_blue
  32 -22.872189 2.493832 34.626667 0.544134 -0.452362 -0.706602 0.980700 0.892900 2 32 0.123584 33 0.876416
  31 -22.685022 3.059936 34.895332 0.784687 0.022974 -0.619466 0.972500 0.875100 3 31 0.091093 32 0.272267 33 0.636640
  31 -23.001484 2.179613 36.194569 0.387285 -0.877008 -0.284371 0.943500 0.899600 3 31 0.350133 32 0.493369 35 0.156499
scout_body_blue
  30 -20.731827 0.673749 38.679909 -0.122546 0.435194 -0.891958 0.838400 0.934500 3 30 0.117899 37 0.796356 38 0.085745
  30 -21.660000 1.027249 38.779148 0.079633 -0.873265 -0.480694 0.853600 0.924600 3 30 0.671690 37 0.175458 40 0.152853
  30 -20.201721 1.369652 39.055496 0.404594 0.215096 -0.888840 0.822100 0.911600 2 30 0.524403 37 0.475597
scout_body_blue
  30 -20.201721 1.369652 39.055496 0.404594 0.215096 -0.888840 0.822100 0.911600 2 30 0.524403 37 0.475597
  30 -21.660000 1.027249 38.779148 0.079633 -0.873265 -0.480694 0.853600 0.924600 3 30 0.671690 37 0.175458 40 0.152853
  30 -20.991348 1.598656 38.996376 0.347333 -0.019570 -0.937538 0.838410 0.905070 3 30 0.738542 40 0.178125 37 0.083333
scout_body_blue
  30 -20.991348 1.598656 38.996376 0.347333 -0.019570 -0.937538 0.838410 0.905070 3 30 0.738542 40 0.178125 37 0.083333
  30 -19.975008 2.008445 39.196003 0.530973 0.052271 -0.845775 0.816960 0.890080 2 30 0.945550 40 0.054450
  30 -20.201721 1.369652 39.055496 0.404594 0.215096 -0.888840 0.822100 0.911600 2 30 0.524403 37 0.475597
scout_body_blue
  30 -20.991348 1.598656 38.996376 0.347333 -0.019570 -0.937538 0.838410 0.905070 3 30 0.738542 40 0.178125 37 0.083333
  30 -20.983646 3.420274 38.617844 0.681768 0.055429 -0.729465 0.852700 0.852600 3 30 0.720441 31 0.076152 40 0.203407
  30 -19.975008 2.008445 39.196003 0.530973 0.052271 -0.845775 0.816960 0.890080 2 30 0.945550 40 0.054450
scout_body_blue
  30 -20.991348 1.598656 38.996376 0.347333 -0.019570 -0.937538 0.838410 0.905070 3 30 0.738542 40 0.178125 37 0.083333
  30 -21.658497 2.596466 38.222813 0.736277 -0.224692 -0.638286 0.871990 0.878140 3 30 0.703109 40 0.222668 31 0.074223
  30 -20.983646 3.420274 38.617844 0.681768 0.055429 -0.729465 0.852700 0.852600 3 30 0.720441 31 0.076152 40 0.203407
scout_body_blue
  30 -20.983646 3.420274 38.617844 0.681768 0.055429 -0.729465 0.852700 0.852600 3 30 0.720441 31 0.076152 40 0.203407
  30 -21.658497 2.596466 38.222813 0.736277 -0.224692 -0.638286 0.871990 0.878140 3 30 0.703109 40 0.222668 31 0.074223
  30 -22.088486 3.538679 37.182056 0.875679 -0.212340 -0.433703 0.907500 0.854500 3 30 0.422434 31 0.421241 32 0.156325
scout_body_blue
  30 -22.359962 2.870344 36.879013 0.885222 -0.274269 -0.375712 0.917600 0.875900 3 30 0.280045 31 0.441043 32 0.278912
  30 -22.088486 3.538679 37.182056 0.875679 -0.212340 -0.433703 0.907500 0.854500 3 30 0.422434 31 0.421241 32 0.156325
  30 -21.658497 2.596466 38.222813 0.736277 -0.224692 -0.638286 0.871990 0.878140 3 30 0.703109 40 0.222668 31 0.074223
scout_body_blue
  30 -21.658497 2.596466 38.222813 0.736277 -0.224692 -0.638286 0.871990 0.878140 3 30 0.703109 40 0.222668 31 0.074223
  30 -22.249805 1.701906 37.666134 0.788105 -0.151661 -0.596564 0.893300 0.907520 3 30 0.482032 34 0.277571 31 0.240397
  30 -22.359962 2.870344 36.879013 0.885222 -0.274269 -0.375712 0.917600 0.875900 3 30 0.280045 31 0.441043 32 0.278912
scout_body_blue
  31 -23.001484 2.179613 36.194569 0.387285 -0.877008 -0.284371 0.943500 0.899600 3 31 0.350133 32 0.493369 35 0.156499
  30 -22.359962 2.870344 36.879013 0.885222 -0.274269 -0.375712 0.917600 0.875900 3 30 0.280045 31 0.441043 32 0.278912
  30 -22.249805 1.701906 37.666134 0.788105 -0.151661 -0.596564 0.893300 0.907520 3 30 0.482032 34 0.277571 31 0.240397
scout_body_blue
  30 -22.249805 1.701906 37.666134 0.788105 -0.151661 -0.596564 0.893300 0.907520 3 30 0.482032 34 0.277571 31 0.240397
  31 -23.425566 2.198053 36.265816 -0.455983 -0.877605 -0.147948 0.949200 0.899800 3 31 0.186207 32 0.528276 33 0.285517
  31 -23.001484 2.179613 36.194569 0.387285 -0.877008 -0.284371 0.943500 0.899600 3 31 0.350133 32 0.493369 35 0.156499
scout_body_blue
  31 -23.001484 2.179613 36.194569 0.387285 -0.877008 -0.284371 0.943500 0.899600 3 31 0.350133 32 0.493369 35 0.156499
  31 -23.425566 2.198053 36.265816 -0.455983 -0.877605 -0.147948 0.949200 0.899800 3 31 0.186207 32 0.528276 33 0.285517
  32 -22.872189 2.493832 34.626667 0.544134 -0.452362 -0.706602 0.980700 0.892900 2 32 0.123584 33 0.876416
scout_body_blue
  32 -22.872189 2.493832 34.626667 0.544134 -0.452362 -0.706602 0.980700 0.892900 2 32 0.123584 33 0.876416
  31 -23.425566 2.198053 36.265816 -0.455983 -0.877605 -0.147948 0.949200 0.899800 3 31 0.186207 32 0.528276 33 0.285517
  32 -23.355385 2.452200 34.566635 -0.428455 -0.434520 -0.792224 0.990700 0.894000 2 32 0.060667 33 0.939333
scout_body_blue
  32 -22.872189 2.493832 34.626667 0.544134 -0.452362 -0.706602 0.980700 0.892900 2 32 0.123584 33 0.876416
  32 -23.355385 2.452200 34.566635 -0.428455 -0.434520 -0.792224 0.990700 0.894000 2 32 0.060667 33 0.939333
  31 -22.685022 3.059936 34.895332 0.784687 0.022974 -0.619466 0.972500 0.875100 3 31 0.091093 32 0.272267 33 0.636640
scout_body_blue
  32 -23.357719 3.009785 34.663769 -0.462614 0.637049 -0.616568 0.989700 0.878600 2 32 0.169792 33 0.830208
  31 -22.685022 3.059936 34.895332 0.784687 0.022974 -0.619466 0.972500 0.875100 3 31 0.091093 32 0.272267 33 0.636640
  32 -23.355385 2.452200 34.566635 -0.428455 -0.434520 -0.792224 0.990700 0.894000 2 32 0.060667 33 0.939333
scout_body_blue
  30 -22.776375 1.865665 38.065788 -0.863824 -0.073684 -0.498376 0.909600 0.901200 3 30 0.481735 31 0.316210 34 0.202055
  31 -23.425566 2.198053 36.265816 -0.455983 -0.877605 -0.147948 0.949200 0.899800 3 31 0.186207 32 0.528276 33 0.285517
  30 -22.249805 1.701906 37.666134 0.788105 -0.151661 -0.596564 0.893300 0.907520 3 30 0.482032 34 0.277571 31 0.240397
scout_body_blue
  31 -22.685022 3.059936 34.895332 0.784687 0.022974 -0.619466 0.972500 0.875100 3 31 0.091093 32 0.272267 33 0.636640
  31 -23.129601 2.997044 34.843582 -0.333992 0.844975 -0.417693 0.981600 0.876400 3 31 0.061061 32 0.229229 33 0.709710
  31 -23.133282 3.526137 34.926174 -0.504279 0.597917 -0.623055 0.981000 0.862000 3 31 0.112112 32 0.323323 33 0.564565
scout_body_blue
  31 -22.702103 3.479245 35.006577 0.551909 0.625309 -0.551712 0.971600 0.860600 3 31 0.177177 32 0.361361 33 0.461462
  31 -22.685022 3.059936 34.895332 0.784687 0.022974 -0.619466 0.972500 0.875100 3 31 0.091093 32 0.272267 33 0.636640
  31 -23.133282 3.526137 34.926174 -0.504279 0.597917 -0.623055 0.981000 0.862000 3 31 0.112112 32 0.323323 33 0.564565
scout_body_blue
  30 -22.359962 2.870344 36.879013 0.885222 -0.274269 -0.375712 0.917600 0.875900 3 30 0.280045 31 0.441043 32 0.278912
  31 -22.685022 3.059936 34.895332 0.784687 0.022974 -0.619466 0.972500 0.875100 3 31 0.091093 32 0.272267 33 0.636640
  31 -22.702103 3.479245 35.006577 0.551909 0.625309 -0.551712 0.971600 0.860600 3 31 0.177177 32 0.361361 33 0.461462
scout_body_blue
  30 -22.359962 2.870344 36.879013 0.885222 -0.274269 -0.375712 0.917600 0.875900 3 30 0.280045 31 0.441043 32 0.278912
  31 -22.702103 3.479245 35.006577 0.551909 0.625309 -0.551712 0.971600 0.860600 3 31 0.177177 32 0.361361 33 0.461462
  31 -22.336630 3.620387 35.984810 0.846124 0.041625 -0.531359 0.941400 0.855100 3 31 0.296296 32 0.371371 33 0.332332
scout_body_blue
  30 -22.359962 2.870344 36.879013 0.885222 -0.274269 -0.375712 0.917600 0.875900 3 30 0.280045 31 0.441043 32 0.278912
  31 -22.336630 3.620387 35.984810 0.846124 0.041625 -0.531359 0.941400 0.855100 3 31 0.296296 32 0.371371 33 0.332332
  30 -22.083988 4.209570 36.704449 0.837620 0.453269 -0.304861 0.921100 0.835300 3 30 0.223404 31 0.404255 32 0.372340
scout_body_blue
  30 -22.083988 4.209570 36.704449 0.837620 0.453269 -0.304861 0.921100 0.835300 3 30 0.223404 31 0.404255 32 0.372340
  30 -22.088486 3.538679 37.182056 0.875679 -0.212340 -0.433703 0.907500 0.854500 3 30 0.422434 31 0.421241 32 0.156325
  30 -22.359962 2.870344 36.879013 0.885222 -0.274269 -0.375712 0.917600 0.875900 3 30 0.280045 31 0.441043 32 0.278912
scout_body_blue
  30 -22.083988 4.209570 36.704449 0.837620 0.453269 -0.304861 0.921100 0.835300 3 30 0.223404 31 0.404255 32 0.372340
  30 -20.958956 4.274518 38.973969 0.523507 0.791807 -0.314614 0.846100 0.826100 3 30 0.564565 31 0.150150 40 0.285285
  30 -22.088486 3.538679 37.182056 0.875679 -0.212340 -0.433703 0.907500 0.854500 3 30 0.422434 31 0.421241 32 0.156325
scout_body_blue
  30 -20.958956 4.274518 38.973969 0.523507 0.791807 -0.314614 0.846100 0.826100 3 30 0.564565 31 0.150150 40 0.285285
  30 -20.983646 3.420274 38.617844 0.681768 0.055429 -0.729465 0.852700 0.852600 3 30 0.720441 31 0.076152 40 0.203407
  30 -22.088486 3.538679 37.182056 0.875679 -0.212340 -0.433703 0.907500 0.854500 3 30 0.422434 31 0.421241 32 0.156325
scout_body_blue
  29 -19.700699 3.831733 39.824253 0.636804 0.701548 -0.319860 0.801900 0.834800 3 29 0.051546 30 0.851546 40 0.096907
  30 -20.983646 3.420274 38.617844 0.681768 0.055429 -0.729465 0.852700 0.852600 3 30 0.720441 31 0.076152 40 0.203407
  30 -20.958956 4.274518 38.973969 0.523507 0.791807 -0.314614 0.846100 0.826100 3 30 0.564565 31 0.150150 40 0.285285
scout_body_blue
  30 -19.975008 2.008445 39.196003 0.530973 0.052271 -0.845775 0.816960 0.890080 2 30 0.945550 40 0.054450
  30 -20.983646 3.420274 38.617844 0.681768 0.055429 -0.729465 0.852700 0.852600 3 30 0.720441 31 0.076152 40 0.203407
  29 -19.700699 3.831733 39.824253 0.636804 0.701548 -0.319860 0.801900 0.834800 3 29 0.051546 30 0.851546 40 0.096907
scout_body_blue
  30 -19.119986 2.448855 39.763065 0.694224 0.132251 -0.707504 0.789440 0.873760 2 30 0.871413 29 0.128587
  30 -19.975008 2.008445 39.196003 0.530973 0.052271 -0.845775 0.816960 0.890080 2 30 0.945550 40 0.054450
  29 -19.700699 3.831733 39.824253 0.636804 0.701548 -0.319860 0.801900 0.834800 3 29 0.051546 30 0.851546 40 0.096907
scout_body_blue
  30 -19.119986 2.448855 39.763065 0.694224 0.132251 -0.707504 0.789440 0.873760 2 30 0.871413 29 0.128587
  30 -19.397396 0.864994 39.757153 0.797627 -0.460975 -0.388964 0.789710 0.922040 2 30 0.724713 37 0.275287
  30 -19.975008 2.008445 39.196003 0.530973 0.052271 -0.845775 0.816960 0.890080 2 30 0.945550 40 0.054450
scout_body_blue
  30 -19.975008 2.008445 39.196003 0.530973 0.052271 -0.845775 0.816960 0.890080 2 30 0.945550 40 0.054450
  30 -19.397396 0.864994 39.757153 0.797627 -0.460975 -0.388964 0.789710 0.922040 2 30 0.724713 37 0.275287
  30 -20.201721 1.369652 39.055496 0.404594 0.215096 -0.888840 0.822100 0.911600 2 30 0.524403 37 0.475597
scout_body_blue
  30 -19.397396 0.864994 39.757153 0.797627 -0.460975 -0.388964 0.789710 0.922040 2 30 0.724713 37 0.275287
  37 -20.247608 -0.073342 38.222469 0.823888 0.303972 -0.478341 0.838900 0.956800 2 37 0.821730 38 0.178270
  30 -20.201721 1.369652 39.055496 0.404594 0.215096 -0.888840 0.822100 0.911600 2 30 0.524403 37 0.475597
scout_body_blue
  37 -20.247608 -0.073342 38.222469 0.823888 0.303972 -0.478341 0.838900 0.956800 2 37 0.821730 38 0.178270
  30 -20.731827 0.673749 38.679909 -0.122546 0.435194 -0.891958 0.838400 0.934500 3 30 0.117899 37 0.796356 38 0.085745
  30 -20.201721 1.369652 39.055496 0.404594 0.215096 -0.888840 0.822100 0.911600 2 30 0.524403 37 0.475597
scout_body_blue
  37 -20.374575 -0.213833 37.712006 0.624540 0.591678 -0.509771 0.853200 0.962400 3 37 0.464322 38 0.418091 39 0.117588
  30 -20.731827 0.673749 38.679909 -0.122546 0.435194 -0.891958 0.838400 0.934500 3 30 0.117899 37 0.796356 38 0.085745
  37 -20.247608 -0.073342 38.222469 0.823888 0.303972 -0.478341 0.838900 0.956800 2 37 0.821730 38 0.178270
scout_body_blue
  37 -20.377922 -0.735027 37.660103 0.774715 -0.547992 -0.315470 0.853000 0.978200 3 37 0.369740 38 0.531062 39 0.099198
  37 -20.374575 -0.213833 37.712006 0.624540 0.591678 -0.509771 0.853200 0.962400 3 37 0.464322 38 0.418091 39 0.117588
  37 -20.247608 -0.073342 38.222469 0.823888 0.303972 -0.478341 0.838900 0.956800 2 37 0.821730 38 0.178270
scout_body_blue
  37 -20.244835 -0.612750 38.240879 0.819666 -0.572047 -0.030153 0.836800 0.973000 2 37 0.680527 38 0.319473
  37 -20.377922 -0.735027 37.660103 0.774715 -0.547992 -0.315470 0.853000 0.978200 3 37 0.369740 38 0.531062 39 0.099198
  37 -20.247608 -0.073342 38.222469 0.823888 0.303972 -0.478341 0.838900 0.956800 2 37 0.821730 38 0.178270
scout_body_blue
  37 -20.244835 -0.612750 38.240879 0.819666 -0.572047 -0.030153 0.836800 0.973000 2 37 0.680527 38 0.319473
  37 -20.247608 -0.073342 38.222469 0.823888 0.303972 -0.478341 0.838900 0.956800 2 37 0.821730 38 0.178270
  30 -19.397396 0.864994 39.757153 0.797627 -0.460975 -0.388964 0.789710 0.922040 2 30 0.724713 37 0.275287
scout_body_blue
  30 -20.958956 4.274518 38.973969 0.523507 0.791807 -0.314614 0.846100 0.826100 3 30 0.564565 31 0.150150 40 0.285285
  30 -21.990248 4.447617 38.652161 -0.219212 0.951867 0.214232 0.872800 0.822290 3 30 0.479960 40 0.308617 31 0.211423
  30 -20.357744 3.970948 40.712997 -0.134117 0.874376 0.466346 0.792100 0.830200 3 30 0.831663 31 0.051102 40 0.117235
scout_body_blue
  30 -21.990248 4.447617 38.652161 -0.219212 0.951867 0.214232 0.872800 0.822290 3 30 0.479960 40 0.308617 31 0.211423
  30 -20.958956 4.274518 38.973969 0.523507 0.791807 -0.314614 0.846100 0.826100 3 30 0.564565 31 0.150150 40 0.285285
  31 -22.704054 4.330690 36.089417 -0.434253 0.713667 -0.549640 0.947400 0.834400 3 31 0.346316 32 0.385263 33 0.268421
scout_body_blue
  31 -22.704054 4.330690 36.089417 -0.434253 0.713667 -0.549640 0.947400 0.834400 3 31 0.346316 32 0.385263 33 0.268421
  30 -20.958956 4.274518 38.973969 0.523507 0.791807 -0.314614 0.846100 0.826100 3 30 0.564565 31 0.150150 40 0.285285
  30 -22.083988 4.209570 36.704449 0.837620 0.453269 -0.304861 0.921100 0.835300 3 30 0.223404 31 0.404255 32 0.372340
scout_body_blue
  31 -22.704054 4.330690 36.089417 -0.434253 0.713667 -0.549640 0.947400 0.834400 3 31 0.346316 32 0.385263 33 0.268421
  30 -22.083988 4.209570 36.704449 0.837620 0.453269 -0.304861 0.921100 0.835300 3 30 0.223404 31 0.404255 32 0.372340
  31 -22.225079 4.247514 36.127880 0.625551 0.563642 -0.539439 0.937800 0.835700 3 31 0.354123 32 0.387949 33 0.257928
scout_body_blue
  30 -22.083988 4.209570 36.704449 0.837620 0.453269 -0.304861 0.921100 0.835300 3 30 0.223404 31 0.404255 32 0.372340
  31 -22.336630 3.620387 35.984810 0.846124 0.041625 -0.531359 0.941400 0.855100 3 31 0.296296 32 0.371371 33 0.332332
  31 -22.225079 4.247514 36.127880 0.625551 0.563642 -0.539439 0.937800 0.835700 3 31 0.354123 32 0.387949 33 0.257928
scout_body_blue
  31 -22.225079 4.247514 36.127880 0.625551 0.563642 -0.539439 0.937800 0.835700 3 31 0.354123 32 0.387949 33 0.257928
  31 -22.336630 3.620387 35.984810 0.846124 0.041625 -0.531359 0.941400 0.855100 3 31 0.296296 32 0.371371 33 0.332332
  31 -22.704054 4.330690 36.089417 -0.434253 0.713667 -0.549640 0.947400 0.834400 3 31 0.346316 32 0.385263 33 0.268421
scout_body_blue
  31 -22.704054 4.330690 36.089417 -0.434253 0.713667 -0.549640 0.947400 0.834400 3 31 0.346316 32 0.385263 33 0.268421
  31 -22.336630 3.620387 35.984810 0.846124 0.041625 -0.531359 0.941400 0.855100 3 31 0.296296 32 0.371371 33 0.332332
  31 -22.779810 3.739577 35.952278 -0.360455 0.824016 -0.437116 0.950300 0.852600 3 31 0.292292 32 0.372372 33 0.335335
scout_body_blue
  31 -22.779810 3.739577 35.952278 -0.360455 0.824016 -0.437116 0.950300 0.852600 3 31 0.292292 32 0.372372 33 0.335335
  31 -22.336630 3.620387 35.984810 0.846124 0.041625 -0.531359 0.941400 0.855100 3 31 0.296296 32 0.371371 33 0.332332
  31 -23.133282 3.526137 34.926174 -0.504279 0.597917 -0.623055 0.980900 0.862000 3 31 0.112112 32 0.323323 33 0.564565
scout_body_blue
  31 -22.336630 3.620387 35.984810 0.846124 0.041625 -0.531359 0.941400 0.855100 3 31 0.296296 32 0.371371 33 0.332332
  31 -22.702103 3.479245 35.006577 0.551909 0.625309 -0.551712 0.969800 0.869600 3 31 0.177177 32 0.361361 33 0.461462
  31 -23.133282 3.526137 34.926174 -0.504279 0.597917 -0.623055 0.980900 0.862000 3 31 0.112112 32 0.323323 33 0.564565
scout_body_blue
  37 -21.010296 -0.725448 36.969707 -0.473888 -0.530592 -0.702782 0.881400 0.979300 3 37 0.093186 38 0.592184 39 0.314629
  37 -21.082899 -0.261944 37.208294 -0.484497 0.808891 -0.333101 0.878200 0.965000 3 37 0.205411 38 0.448898 39 0.345691
  37 -20.745867 -0.509526 36.912109 0.433729 0.090338 -0.896503 0.878400 0.973800 3 37 0.175175 38 0.557558 39 0.267267
scout_body_blue
  37 -21.044054 -0.140189 38.187141 -0.840334 0.396563 -0.369561 0.853500 0.960700 3 37 0.611279 38 0.289023 39 0.099698
  37 -20.745867 -0.509526 36.912109 0.433729 0.090338 -0.896503 0.878400 0.973800 3 37 0.175175 38 0.557558 39 0.267267
  37 -21.082899 -0.261944 37.208294 -0.484497 0.808891 -0.333101 0.878200 0.965000 3 37 0.205411 38 0.448898 39 0.345691
scout_body_blue
  37 -20.374575 -0.213833 37.712006 0.624540 0.591678 -0.509771 0.853200 0.962400 3 37 0.464322 38 0.418091 39 0.117588
  37 -20.745867 -0.509526 36.912109 0.433729 0.090338 -0.896503 0.878400 0.973800 3 37 0.175175 38 0.557558 39 0.267267
  37 -21.044054 -0.140189 38.187141 -0.840334 0.396563 -0.369561 0.853500 0.960700 3 37 0.611279 38 0.289023 39 0.099698
scout_body_blue
  37 -20.377922 -0.735027 37.660103 0.774715 -0.547992 -0.315470 0.853000 0.978200 3 37 0.369740 38 0.531062 39 0.099198
  37 -20.745867 -0.509526 36.912109 0.433729 0.090338 -0.896503 0.878400 0.973800 3 37 0.175175 38 0.557558 39 0.267267
  37 -20.374575 -0.213833 37.712006 0.624540 0.591678 -0.509771 0.853200 0.962400 3 37 0.464322 38 0.418091 39 0.117588
scout_body_blue
  37 -20.745867 -0.509526 36.912109 0.433729 0.090338 -0.896503 0.878400 0.973800 3 37 0.175175 38 0.557558 39 0.267267
  37 -20.377922 -0.735027 37.660103 0.774715 -0.547992 -0.315470 0.853000 0.978200 3 37 0.369740 38 0.531062 39 0.099198
  37 -20.697287 -0.923643 37.841732 -0.011850 -0.999918 -0.004802 0.853500 0.984200 2 37 0.419388 38 0.580612
scout_body_blue
  37 -20.377922 -0.735027 37.660103 0.774715 -0.547992 -0.315470 0.853000 0.978200 3 37 0.369740 38 0.531062 39 0.099198
  37 -20.244835 -0.612750 38.240879 0.819666 -0.572047 -0.030153 0.836800 0.973000 2 37 0.680527 38 0.319473
  37 -20.697287 -0.923643 37.841732 -0.011850 -0.999918 -0.004802 0.853500 0.984200 2 37 0.419388 38 0.580612
scout_body_blue
  37 -20.566845 -0.656175 38.908123 -0.028370 -0.872995 0.486903 0.826420 0.972150 2 37 0.873846 38 0.126154
  37 -20.697287 -0.923643 37.841732 -0.011850 -0.999918 -0.004802 0.853500 0.984200 2 37 0.419388 38 0.580612
  37 -20.244835 -0.612750 38.240879 0.819666 -0.572047 -0.030153 0.836800 0.973000 2 37 0.680527 38 0.319473
scout_body_blue
  37 -20.566845 -0.656175 38.908123 -0.028370 -0.872995 0.486903 0.826420 0.972150 2 37 0.873846 38 0.126154
  37 -20.244835 -0.612750 38.240879 0.819666 -0.572047 -0.030153 0.836800 0.973000 2 37 0.680527 38 0.319473
  30 -19.939430 -0.000794 39.516834 0.544383 -0.726123 0.419992 0.802100 0.951200 2 30 0.282158 37 0.717842
scout_body_blue
  30 -19.939430 -0.000794 39.516834 0.544383 -0.726123 0.419992 0.802100 0.951200 2 30 0.282158 37 0.717842
  37 -20.244835 -0.612750 38.240879 0.819666 -0.572047 -0.030153 0.836800 0.973000 2 37 0.680527 38 0.319473
  30 -19.397396 0.864994 39.757153 0.797627 -0.460975 -0.388964 0.789710 0.922040 2 30 0.724713 37 0.275287
scout_body_blue
  30 -19.397396 0.864994 39.757153 0.797627 -0.460975 -0.388964 0.789710 0.922040 2 30 0.724713 37 0.275287
  30 -20.100231 0.186601 39.831337 0.245625 -0.803671 0.542015 0.797700 0.945300 2 30 0.528736 37 0.471264
  30 -19.939430 -0.000794 39.516834 0.544383 -0.726123 0.419992 0.802100 0.951200 2 30 0.282158 37 0.717842
scout_body_blue
  30 -20.100231 0.186601 39.831337 0.245625 -0.803671 0.542015 0.797700 0.945300 2 30 0.528736 37 0.471264
  30 -19.397396 0.864994 39.757153 0.797627 -0.460975 -0.388964 0.789710 0.922040 2 30 0.724713 37 0.275287
  30 -19.768354 0.560194 40.370060 0.357784 -0.910551 0.207092 0.780290 0.930750 2 30 0.703899 37 0.296101
scout_body_blue
  30 -19.397396 0.864994 39.757153 0.797627 -0.460975 -0.388964 0.789710 0.922040 2 30 0.724713 37 0.275287
  30 -18.982567 1.362154 40.049576 0.735120 -0.407166 -0.542047 0.776780 0.905550 3 30 0.765406 29 0.127568 37 0.107027
  30 -19.768354 0.560194 40.370060 0.357784 -0.910551 0.207092 0.780290 0.930750 2 30 0.703899 37 0.296101
scout_body_blue
  30 -19.119986 2.448855 39.763065 0.694224 0.132251 -0.707504 0.789440 0.873760 2 30 0.871413 29 0.128587
  30 -18.982567 1.362154 40.049576 0.735120 -0.407166 -0.542047 0.776780 0.905550 3 30 0.765406 29 0.127568 37 0.107027
  30 -19.397396 0.864994 39.757153 0.797627 -0.460975 -0.388964 0.789710 0.922040 2 30 0.724713 37 0.275287
scout_body_blue
  30 -18.982567 1.362154 40.049576 0.735120 -0.407166 -0.542047 0.776780 0.905550 3 30 0.765406 29 0.127568 37 0.107027
  30 -19.119986 2.448855 39.763065 0.694224 0.132251 -0.707504 0.789440 0.873760 2 30 0.871413 29 0.128587
  29 -18.313873 2.410430 40.725315 0.712515 0.184349 -0.677006 0.779100 0.874600 2 29 0.483368 30 0.516632
scout_body_blue
  29 -18.313873 2.410430 40.725315 0.712515 0.184349 -0.677006 0.779100 0.874600 2 29 0.483368 30 0.516632
  30 -19.119986 2.448855 39.763065 0.694224 0.132251 -0.707504 0.789440 0.873760 2 30 0.871413 29 0.128587
  30 -19.343857 3.437965 40.251572 0.642065 0.702296 -0.307462 0.784340 0.843480 3 30 0.663951 29 0.271894 40 0.064155
scout_body_blue
  30 -19.119986 2.448855 39.763065 0.694224 0.132251 -0.707504 0.789440 0.873760 2 30 0.871413 29 0.128587
  29 -19.700699 3.831733 39.824253 0.636804 0.701548 -0.319860 0.801900 0.834800 3 29 0.051546 30 0.851546 40 0.096907
  30 -19.343857 3.437965 40.251572 0.642065 0.702296 -0.307462 0.784340 0.843480 3 30 0.663951 29 0.271894 40 0.064155
scout_body_blue
  30 -19.343857 3.437965 40.251572 0.642065 0.702296 -0.307462 0.784340 0.843480 3 30 0.663951 29 0.271894 40 0.064155
  29 -19.700699 3.831733 39.824253 0.636804 0.701548 -0.319860 0.801900 0.834800 3 29 0.051546 30 0.851546 40 0.096907
  30 -20.357744 3.970948 40.712997 -0.134117 0.874376 0.466346 0.792100 0.830200 3 30 0.831663 31 0.051102 40 0.117235
scout_body_blue
  30 -20.958956 4.274518 38.973969 0.523507 0.791807 -0.314614 0.846100 0.826100 3 30 0.564565 31 0.150150 40 0.285285
  30 -20.357744 3.970948 40.712997 -0.134117 0.874376 0.466346 0.792100 0.830200 3 30 0.831663 31 0.051102 40 0.117235
  29 -19.700699 3.831733 39.824253 0.636804 0.701548 -0.319860 0.801900 0.834800 3 29 0.051546 30 0.851546 40 0.096907
scout_body_blue
  37 -20.697287 -0.923643 37.841732 -0.011850 -0.999918 -0.004802 0.853500 0.984200 2 37 0.419388 38 0.580612
  37 -21.010296 -0.725448 36.969707 -0.473888 -0.530592 -0.702782 0.881400 0.979300 3 37 0.093186 38 0.592184 39 0.314629
  37 -20.745867 -0.509526 36.912109 0.433729 0.090338 -0.896503 0.878400 0.973800 3 37 0.175175 38 0.557558 39 0.267267
scout_body_blue
  30 -20.810968 0.081846 39.604271 -0.334493 -0.763124 0.552953 0.809000 0.963600 2 30 0.200415 37 0.799585
  37 -20.566845 -0.656175 38.908123 -0.028370 -0.872995 0.486903 0.826420 0.972150 2 37 0.873846 38 0.126154
  30 -19.939430 -0.000794 39.516834 0.544383 -0.726123 0.419992 0.802100 0.951200 2 30 0.282158 37 0.717842
scout_body_blue
  34 -22.735819 0.713756 35.896614 0.740828 -0.668244 -0.067997 0.941700 0.943700 3 34 0.278112 35 0.602410 36 0.119478
  30 -22.249805 1.701906 37.666134 0.788105 -0.151661 -0.596564 0.893300 0.907520 3 30 0.482032 34 0.277571 31 0.240397
  30 -22.112207 0.934933 37.995140 0.596184 -0.765701 -0.241384 0.880100 0.931200 3 30 0.752505 34 0.196393 40 0.051102
scout_body_blue
  31 -22.576704 1.392569 36.374283 0.809085 0.523752 -0.266580 0.929300 0.921900 3 31 0.228782 34 0.375154 35 0.396064
  30 -22.249805 1.701906 37.666134 0.788105 -0.151661 -0.596564 0.893300 0.907520 3 30 0.482032 34 0.277571 31 0.240397
  34 -22.735819 0.713756 35.896614 0.740828 -0.668244 -0.067997 0.941700 0.943700 3 34 0.278112 35 0.602410 36 0.119478
scout_body_blue
  31 -22.576704 1.392569 36.374283 0.809085 0.523752 -0.266580 0.929300 0.921900 3 31 0.228782 34 0.375154 35 0.396064
  30 -22.776375 1.865665 38.065788 -0.863824 -0.073684 -0.498376 0.900500 0.907300 3 30 0.481735 31 0.316210 34 0.202055
  30 -22.249805 1.701906 37.666134 0.788105 -0.151661 -0.596564 0.893300 0.907520 3 30 0.482032 34 0.277571 31 0.240397
scout_body_blue
  31 -22.576704 1.392569 36.374283 0.809085 0.523752 -0.266580 0.929300 0.921900 3 31 0.228782 34 0.375154 35 0.396064
  35 -23.220465 1.311843 34.996552 -0.429816 0.612823 -0.663103 0.944500 0.920400 2 35 0.215790 36 0.784211
  30 -22.776375 1.865665 38.065788 -0.863824 -0.073684 -0.498376 0.900500 0.907300 3 30 0.481735 31 0.316210 34 0.202055
scout_body_blue
  34 -22.783220 1.349172 35.091991 0.564159 0.682056 -0.465322 0.964200 0.926300 3 34 0.197395 35 0.372746 36 0.429860
  35 -23.220465 1.311843 34.996552 -0.429816 0.612823 -0.663103 0.944500 0.920400 2 35 0.215790 36 0.784211
  31 -22.576704 1.392569 36.374283 0.809085 0.523752 -0.266580 0.929300 0.921900 3 31 0.228782 34 0.375154 35 0.396064
scout_body_blue
  34 -22.783220 1.349172 35.091991 0.564159 0.682056 -0.465322 0.964200 0.926300 3 34 0.197395 35 0.372746 36 0.429860
  31 -22.576704 1.392569 36.374283 0.809085 0.523752 -0.266580 0.929300 0.921900 3 31 0.228782 34 0.375154 35 0.396064
  34 -22.735819 0.713756 35.896614 0.740828 -0.668244 -0.067997 0.941700 0.943700 3 34 0.278112 35 0.602410 36 0.119478
scout_body_blue
  30 -21.658497 2.596466 38.222813 0.736277 -0.224692 -0.638286 0.871990 0.878140 3 30 0.703109 40 0.222668 31 0.074223
  30 -22.112207 0.934933 37.995140 0.596184 -0.765701 -0.241384 0.880100 0.931200 3 30 0.752505 34 0.196393 40 0.051102
  30 -22.249805 1.701906 37.666134 0.788105 -0.151661 -0.596564 0.893300 0.907520 3 30 0.482032 34 0.277571 31 0.240397
scout_body_blue
  30 -20.991348 1.598656 38.996376 0.347333 -0.019570 -0.937538 0.838410 0.905070 3 30 0.738542 40 0.178125 37 0.083333
  30 -22.112207 0.934933 37.995140 0.596184 -0.765701 -0.241384 0.880100 0.931200 3 30 0.752505 34 0.196393 40 0.051102
  30 -21.658497 2.596466 38.222813 0.736277 -0.224692 -0.638286 0.871990 0.878140 3 30 0.703109 40 0.222668 31 0.074223
scout_body_blue
  30 -20.991348 1.598656 38.996376 0.347333 -0.019570 -0.937538 0.838410 0.905070 3 30 0.738542 40 0.178125 37 0.083333
  30 -21.660000 1.027249 38.779148 0.079633 -0.873265 -0.480694 0.853600 0.924600 3 30 0.671690 37 0.175458 40 0.152853
  30 -22.112207 0.934933 37.995140 0.596184 -0.765701 -0.241384 0.880100 0.931200 3 30 0.752505 34 0.196393 40 0.051102
scout_body_blue
  30 -21.660000 1.027249 38.779148 0.079633 -0.873265 -0.480694 0.853600 0.924600 3 30 0.671690 37 0.175458 40 0.152853
  30 -22.966917 0.877833 38.315197 -0.185274 -0.964476 0.188309 0.887000 0.934200 2 30 0.577710 34 0.422290
  30 -22.112207 0.934933 37.995140 0.596184 -0.765701 -0.241384 0.880100 0.931200 3 30 0.752505 34 0.196393 40 0.051102
scout_body_blue
  30 -22.112207 0.934933 37.995140 0.596184 -0.765701 -0.241384 0.880100 0.931200 3 30 0.752505 34 0.196393 40 0.051102
  30 -22.966917 0.877833 38.315197 -0.185274 -0.964476 0.188309 0.887000 0.934200 2 30 0.577710 34 0.422290
  34 -22.735819 0.713756 35.896614 0.740828 -0.668244 -0.067997 0.941700 0.943700 3 34 0.278112 35 0.602410 36 0.119478
scout_body_blue
  30 -22.966917 0.877833 38.315197 -0.185274 -0.964476 0.188309 0.887000 0.934200 2 30 0.577710 34 0.422290
  34 -23.027092 0.629170 36.032547 -0.174624 -0.984470 0.018009 0.943200 0.946600 3 34 0.274825 35 0.523571 36 0.201605
  34 -22.735819 0.713756 35.896614 0.740828 -0.668244 -0.067997 0.941700 0.943700 3 34 0.278112 35 0.602410 36 0.119478
scout_body_blue
  34 -22.735819 0.713756 35.896614 0.740828 -0.668244 -0.067997 0.941700 0.943700 3 34 0.278112 35 0.602410 36 0.119478
  34 -23.027092 0.629170 36.032547 -0.174624 -0.984470 0.018009 0.943200 0.946600 3 34 0.274825 35 0.523571 36 0.201605
  34 -22.713099 0.690345 34.970291 0.631200 -0.485101 -0.605197 0.964400 0.944600 3 34 0.052052 35 0.256256 36 0.691692
scout_body_blue
  34 -22.735819 0.713756 35.896614 0.740828 -0.668244 -0.067997 0.941700 0.943700 3 34 0.278112 35 0.602410 36 0.119478
  34 -22.713099 0.690345 34.970291 0.631200 -0.485101 -0.605197 0.964400 0.944600 3 34 0.052052 35 0.256256 36 0.691692
  34 -22.783220 1.349172 35.091991 0.564159 0.682056 -0.465322 0.964200 0.926300 3 34 0.197395 35 0.372746 36 0.429860
scout_body_blue
  34 -22.783220 1.349172 35.091991 0.564159 0.682056 -0.465322 0.964200 0.926300 3 34 0.197395 35 0.372746 36 0.429860
  34 -22.713099 0.690345 34.970291 0.631200 -0.485101 -0.605197 0.964400 0.944600 3 34 0.052052 35 0.256256 36 0.691692
  35 -23.220465 1.311843 34.996552 -0.429816 0.612823 -0.663103 0.974100 0.928700 2 35 0.215790 36 0.784211
scout_body_blue
  35 -23.220465 1.311843 34.996552 -0.429816 0.612823 -0.663103 0.974100 0.928700 2 35 0.215790 36 0.784211
  34 -22.713099 0.690345 34.970291 0.631200 -0.485101 -0.605197 0.964400 0.944600 3 34 0.052052 35 0.256256 36 0.691692
  35 -23.189650 0.732069 34.920853 -0.435065 -0.510910 -0.741410 0.974000 0.944600 2 35 0.119219 36 0.880781
scout_body_blue
  30 -18.982567 1.362154 40.049576 0.735120 -0.407166 -0.542047 0.616290 0.220620 3 30 0.765406 29 0.127568 37 0.107027
  30 -18.317738 2.365484 40.735317 0.742509 0.117112 -0.659518 0.624780 0.245460 2 30 0.516632 29 0.483368
  28 -12.874256 1.845882 46.012585 0.772247 -0.081551 -0.630066 0.792690 0.314970 2 28 0.928283 29 0.071717
scout_body_blue
  28 -12.874256 1.845882 46.012585 0.772247 -0.081551 -0.630066 0.811650 0.022790 2 28 0.928283 29 0.071717
  30 -18.317738 2.365484 40.735317 0.742509 0.117112 -0.659518 0.644020 0.075850 2 30 0.516632 29 0.483368
  28 -12.430508 3.543722 47.282604 0.656465 0.575965 -0.487154 0.848950 0.057260 2 28 0.645161 27 0.354839
scout_body_blue
  30 -19.343857 3.437965 40.251572 0.642065 0.702296 -0.307462 0.627470 0.103280 3 30 0.663951 29 0.271894 40 0.064155
  28 -12.430508 3.543722 47.282604 0.656465 0.575965 -0.487154 0.848950 0.057260 2 28 0.645161 27 0.354839
  30 -18.317738 2.365484 40.735317 0.742509 0.117112 -0.659518 0.644020 0.075850 2 30 0.516632 29 0.483368
scout_body_blue
  28 -12.430508 3.543722 47.282604 0.656465 0.575965 -0.487154 0.848950 0.057260 2 28 0.645161 27 0.354839
  30 -19.343857 3.437965 40.251572 0.642065 0.702296 -0.307462 0.627470 0.103280 3 30 0.663951 29 0.271894 40 0.064155
  28 -14.428646 4.630352 47.738335 -0.127921 0.989866 0.061651 0.833760 0.107590 2 28 0.889237 27 0.110763
scout_body_blue
  28 -19.351772 3.670981 41.646729 -0.331673 0.915500 0.227712 0.651900 0.122500 3 28 0.234425 29 0.429778 30 0.335797
  28 -14.428646 4.630352 47.738335 -0.127921 0.989866 0.061651 0.833760 0.107590 2 28 0.889237 27 0.110763
  30 -19.343857 3.437965 40.251572 0.642065 0.702296 -0.307462 0.627470 0.103280 3 30 0.663951 29 0.271894 40 0.064155
scout_body_blue
  28 -14.428646 4.630352 47.738335 -0.127921 0.989866 0.061651 0.833760 0.107590 2 28 0.889237 27 0.110763
  28 -19.351772 3.670981 41.646729 -0.331673 0.915500 0.227712 0.651900 0.122500 3 28 0.234425 29 0.429778 30 0.335797
  28 -15.527595 3.377122 48.390621 -0.672114 0.470683 0.571594 0.828700 0.148110 1 28 1.000000
scout_body_blue
  28 -19.351772 3.670981 41.646729 -0.331673 0.915500 0.227712 0.651900 0.122500 3 28 0.234425 29 0.429778 30 0.335797
  28 -20.198895 2.857157 41.477589 -0.699869 0.319520 0.638820 0.638500 0.145600 3 28 0.361814 29 0.354430 30 0.283755
  28 -15.527595 3.377122 48.390621 -0.672114 0.470683 0.571594 0.828700 0.148110 1 28 1.000000
scout_body_blue
  28 -15.527595 3.377122 48.390621 -0.672114 0.470683 0.571594 0.828700 0.148110 1 28 1.000000
  28 -20.198895 2.857157 41.477589 -0.699869 0.319520 0.638820 0.638500 0.145600 3 28 0.361814 29 0.354430 30 0.283755
  28 -16.669514 1.781852 47.627972 -0.783878 -0.205202 0.586026 0.796150 0.182390 2 28 0.870804 29 0.129196
scout_body_blue
  28 -20.198895 2.857157 41.477589 -0.699869 0.319520 0.638820 0.638500 0.145600 3 28 0.361814 29 0.354430 30 0.283755
  28 -20.426704 1.898112 41.400070 -0.636330 -0.162643 0.754077 0.632400 0.165100 3 28 0.158061 29 0.217071 30 0.624868
  28 -16.669514 1.781852 47.627972 -0.783878 -0.205202 0.586026 0.796150 0.182390 2 28 0.870804 29 0.129196
scout_body_blue
  28 -20.426704 1.898112 41.400070 -0.636330 -0.162643 0.754077 0.632400 0.165100 3 28 0.158061 29 0.217071 30 0.624868
  28 -19.627895 1.293634 41.880157 -0.498243 -0.754895 0.426482 0.648380 0.183700 3 28 0.405350 29 0.297325 30 0.297325
  28 -16.669514 1.781852 47.627972 -0.783878 -0.205202 0.586026 0.796150 0.182390 2 28 0.870804 29 0.129196
scout_body_blue
  30 -20.272234 1.016264 41.120449 -0.264742 -0.686625 0.677095 0.626110 0.182170 3 30 0.775635 37 0.141117 29 0.083249
  28 -19.627895 1.293634 41.880157 -0.498243 -0.754895 0.426482 0.648380 0.183700 3 28 0.405350 29 0.297325 30 0.297325
  28 -20.426704 1.898112 41.400070 -0.636330 -0.162643 0.754077 0.632400 0.165100 3 28 0.158061 29 0.217071 30 0.624868
scout_body_blue
  30 -18.906578 0.887234 41.232330 0.155901 -0.986385 -0.052350 0.641280 0.207440 3 30 0.450920 29 0.378323 28 0.170757
  28 -19.627895 1.293634 41.880157 -0.498243 -0.754895 0.426482 0.648380 0.183700 3 28 0.405350 29 0.297325 30 0.297325
  30 -20.272234 1.016264 41.120449 -0.264742 -0.686625 0.677095 0.626110 0.182170 3 30 0.775635 37 0.141117 29 0.083249
scout_body_blue
  30 -19.768797 0.608692 40.359329 0.389199 -0.875658 0.285916 0.620200 0.203000 2 30 0.703899 37 0.296101
  30 -18.906578 0.887234 41.232330 0.155901 -0.986385 -0.052350 0.641280 0.207440 3 30 0.450920 29 0.378323 28 0.170757
  30 -20.272234 1.016264 41.120449 -0.264742 -0.686625 0.677095 0.626110 0.182170 3 30 0.775635 37 0.141117 29 0.083249
scout_body_blue
  30 -18.906578 0.887234 41.232330 0.155901 -0.986385 -0.052350 0.641280 0.207440 3 30 0.450920 29 0.378323 28 0.170757
  30 -19.768797 0.608692 40.359329 0.389199 -0.875658 0.285916 0.620200 0.203000 2 30 0.703899 37 0.296101
  30 -18.982567 1.362154 40.049576 0.735120 -0.407166 -0.542047 0.616290 0.220620 3 30 0.765406 29 0.127568 37 0.107027
scout_body_blue
  30 -18.982567 1.362154 40.049576 0.735120 -0.407166 -0.542047 0.616290 0.220620 3 30 0.765406 29 0.127568 37 0.107027
  28 -13.446177 0.578732 46.388561 0.495983 -0.787595 -0.365642 0.800070 0.280080 2 28 0.786869 29 0.213131
  30 -18.906578 0.887234 41.232330 0.155901 -0.986385 -0.052350 0.641280 0.207440 3 30 0.450920 29 0.378323 28 0.170757
scout_body_blue
  28 -13.446177 0.578732 46.388561 0.495983 -0.787595 -0.365642 0.800070 0.280080 2 28 0.786869 29 0.213131
  30 -18.982567 1.362154 40.049576 0.735120 -0.407166 -0.542047 0.616290 0.220620 3 30 0.765406 29 0.127568 37 0.107027
  28 -12.874256 1.845882 46.012585 0.772247 -0.081551 -0.630066 0.792690 0.314970 2 28 0.928283 29 0.071717
scout_body_blue
  28 -13.446177 0.578732 46.388561 0.495983 -0.787595 -0.365642 0.800070 0.280080 2 28 0.786869 29 0.213131
  28 -12.874256 1.845882 46.012585 0.772247 -0.081551 -0.630066 0.792690 0.314970 2 28 0.928283 29 0.071717
  28 -11.806578 1.928112 47.507656 0.767375 -0.111531 -0.631424 0.839940 0.324470 2 28 0.540704 27 0.459297
scout_body_blue
  27 -12.280239 0.785191 47.932365 0.543734 -0.790286 -0.282492 0.848890 0.290870 2 27 0.546092 28 0.453908
  28 -13.446177 0.578732 46.388561 0.495983 -0.787595 -0.365642 0.800070 0.280080 2 28 0.786869 29 0.213131
  28 -11.806578 1.928112 47.507656 0.767375 -0.111531 -0.631424 0.839940 0.324470 2 28 0.540704 27 0.459297
scout_body_blue
  27 -11.793268 1.096171 48.350914 0.465824 -0.707626 -0.531294 0.864140 0.302830 2 27 0.673387 28 0.326613
  27 -12.280239 0.785191 47.932365 0.543734 -0.790286 -0.282492 0.848890 0.290870 2 27 0.546092 28 0.453908
  28 -11.806578 1.928112 47.507656 0.767375 -0.111531 -0.631424 0.839940 0.324470 2 28 0.540704 27 0.459297
scout_body_blue
  27 -12.870378 0.561581 49.133324 -0.059260 -0.935254 -0.348982 0.871750 0.262290 2 27 0.517137 28 0.482863
  28 -13.446177 0.578732 46.388561 0.495983 -0.787595 -0.365642 0.800070 0.280080 2 28 0.786869 29 0.213131
  27 -12.280239 0.785191 47.932365 0.543734 -0.790286 -0.282492 0.848890 0.290870 2 27 0.546092 28 0.453908
scout_body_blue
  30 -20.357744 3.970948 40.712997 -0.134117 0.874376 0.466346 0.630100 0.124300 3 30 0.831663 31 0.051102 40 0.117235
  28 -19.351772 3.670981 41.646729 -0.331673 0.915500 0.227712 0.651900 0.122500 3 28 0.234425 29 0.429778 30 0.335797
  30 -19.343857 3.437965 40.251572 0.642065 0.702296 -0.307462 0.627470 0.103280 3 30 0.663951 29 0.271894 40 0.064155
scout_body_blue
  30 -20.357744 3.970948 40.712997 -0.134117 0.874376 0.466346 0.630100 0.124300 3 30 0.831663 31 0.051102 40 0.117235
  28 -20.198895 2.857157 41.477589 -0.699869 0.319520 0.638820 0.638500 0.145600 3 28 0.361814 29 0.354430 30 0.283755
  28 -19.351772 3.670981 41.646729 -0.331673 0.915500 0.227712 0.651900 0.122500 3 28 0.234425 29 0.429778 30 0.335797
scout_body_blue
  27 -12.870378 0.561581 49.133324 -0.059260 -0.935254 -0.348982 0.871750 0.262290 2 27 0.517137 28 0.482863
  28 -13.821206 0.700501 49.853386 -0.754414 -0.637993 -0.154351 0.877620 0.228850 2 28 0.813320 27 0.186680
  28 -15.144647 0.598981 48.018097 -0.394544 -0.838989 0.374744 0.814660 0.222340 1 28 1.000000
scout_body_blue
  28 -14.293508 0.289932 47.244461 0.032320 -0.998775 0.037480 0.806550 0.251400 2 28 0.914487 29 0.085513
  27 -12.870378 0.561581 49.133324 -0.059260 -0.935254 -0.348982 0.871750 0.262290 2 27 0.517137 28 0.482863
  28 -15.144647 0.598981 48.018097 -0.394544 -0.838989 0.374744 0.814660 0.222340 1 28 1.000000
scout_body_blue
  28 -14.293508 0.289932 47.244461 0.032320 -0.998775 0.037480 0.806550 0.251400 2 28 0.914487 29 0.085513
  28 -13.446177 0.578732 46.388561 0.495983 -0.787595 -0.365642 0.800070 0.280080 2 28 0.786869 29 0.213131
  27 -12.870378 0.561581 49.133324 -0.059260 -0.935254 -0.348982 0.871750 0.262290 2 27 0.517137 28 0.482863
scout_body_blue
  28 -14.293508 0.289932 47.244461 0.032320 -0.998775 0.037480 0.806550 0.251400 2 28 0.914487 29 0.085513
  30 -18.906578 0.887234 41.232330 0.155901 -0.986385 -0.052350 0.641280 0.207440 3 30 0.450920 29 0.378323 28 0.170757
  28 -13.446177 0.578732 46.388561 0.495983 -0.787595 -0.365642 0.800070 0.280080 2 28 0.786869 29 0.213131
scout_body_blue
  28 -19.627895 1.293634 41.880157 -0.498243 -0.754895 0.426482 0.648380 0.183700 3 28 0.405350 29 0.297325 30 0.297325
  30 -18.906578 0.887234 41.232330 0.155901 -0.986385 -0.052350 0.641280 0.207440 3 30 0.450920 29 0.378323 28 0.170757
  28 -14.293508 0.289932 47.244461 0.032320 -0.998775 0.037480 0.806550 0.251400 2 28 0.914487 29 0.085513
scout_body_blue
  28 -15.144647 0.598981 48.018097 -0.394544 -0.838989 0.374744 0.814660 0.222340 1 28 1.000000
  28 -19.627895 1.293634 41.880157 -0.498243 -0.754895 0.426482 0.648380 0.183700 3 28 0.405350 29 0.297325 30 0.297325
  28 -14.293508 0.289932 47.244461 0.032320 -0.998775 0.037480 0.806550 0.251400 2 28 0.914487 29 0.085513
scout_body_blue
  28 -16.669514 1.781852 47.627972 -0.783878 -0.205202 0.586026 0.796150 0.182390 2 28 0.870804 29 0.129196
  28 -19.627895 1.293634 41.880157 -0.498243 -0.754895 0.426482 0.648380 0.183700 3 28 0.405350 29 0.297325 30 0.297325
  28 -15.144647 0.598981 48.018097 -0.394544 -0.838989 0.374744 0.814660 0.222340 1 28 1.000000
scout_body_blue
  28 -15.825775 1.596201 48.439846 -0.721279 -0.269754 0.637958 0.821100 0.190450 1 28 1.000000
  28 -16.669514 1.781852 47.627972 -0.783878 -0.205202 0.586026 0.796150 0.182390 2 28 0.870804 29 0.129196
  28 -15.144647 0.598981 48.018097 -0.394544 -0.838989 0.374744 0.814660 0.222340 1 28 1.000000
scout_body_blue
  28 -16.669514 1.781852 47.627972 -0.783878 -0.205202 0.586026 0.796150 0.182390 2 28 0.870804 29 0.129196
  28 -15.825775 1.596201 48.439846 -0.721279 -0.269754 0.637958 0.821100 0.190450 1 28 1.000000
  28 -15.527595 3.377122 48.390621 -0.672114 0.470683 0.571594 0.828700 0.148110 1 28 1.000000
scout_body_blue
  28 -15.527595 3.377122 48.390621 -0.672114 0.470683 0.571594 0.828700 0.148110 1 28 1.000000
  28 -15.825775 1.596201 48.439846 -0.721279 -0.269754 0.637958 0.821100 0.190450 1 28 1.000000
  28 -14.703236 3.202071 49.236683 -0.657304 0.435103 0.615334 0.857720 0.151800 1 28 1.000000
scout_body_blue
  28 -14.428646 4.630352 47.738335 -0.127921 0.989866 0.061651 0.833760 0.107590 2 28 0.889237 27 0.110763
  28 -15.527595 3.377122 48.390621 -0.672114 0.470683 0.571594 0.828700 0.148110 1 28 1.000000
  28 -14.703236 3.202071 49.236683 -0.657304 0.435103 0.615334 0.857720 0.151800 1 28 1.000000
scout_body_blue
  28 -13.821206 0.700501 49.853386 -0.754414 -0.637993 -0.154351 0.877620 0.228850 2 28 0.813320 27 0.186680
  28 -15.825775 1.596201 48.439846 -0.721279 -0.269754 0.637958 0.821100 0.190450 1 28 1.000000
  28 -15.144647 0.598981 48.018097 -0.394544 -0.838989 0.374744 0.814660 0.222340 1 28 1.000000
scout_body_blue
  27 -10.580203 2.765118 48.483189 0.653881 0.090396 -0.751178 0.879100 0.357900 2 27 0.353893 28 0.646107
  27 -11.793268 1.096171 48.350914 0.465824 -0.707626 -0.531294 0.864140 0.302830 2 27 0.673387 28 0.326613
  28 -11.806578 1.928112 47.507656 0.767375 -0.111531 -0.631424 0.839940 0.324470 2 28 0.540704 27 0.459297
scout_body_blue
  27 -11.793268 1.096171 48.350914 0.465824 -0.707626 -0.531294 0.864140 0.302830 2 27 0.673387 28 0.326613
  27 -10.580203 2.765118 48.483189 0.653881 0.090396 -0.751178 0.879100 0.357900 2 27 0.353893 28 0.646107
  27 -8.738741 1.594230 50.672489 0.482825 -0.451125 -0.750578 0.955770 0.352570 1 27 1.000000
scout_body_blue
  27 -11.793268 1.096171 48.350914 0.465824 -0.707626 -0.531294 0.864140 0.302830 2 27 0.673387 28 0.326613
  27 -8.738741 1.594230 50.672489 0.482825 -0.451125 -0.750578 0.955770 0.352570 1 27 1.000000
  28 -12.587688 0.129850 49.369720 0.048630 -0.904317 -0.424083 0.885800 0.264660 2 28 0.522659 27 0.477341
scout_body_blue
  27 -10.229872 0.377260 51.424919 0.142551 -0.843625 -0.517663 0.959280 0.295900 1 27 1.000000
  28 -12.587688 0.129850 49.369720 0.048630 -0.904317 -0.424083 0.885800 0.264660 2 28 0.522659 27 0.477341
  27 -8.738741 1.594230 50.672489 0.482825 -0.451125 -0.750578 0.955770 0.352570 1 27 1.000000
scout_body_blue
  27 -10.580203 2.765118 48.483189 0.653881 0.090396 -0.751178 0.879100 0.357900 2 27 0.353893 28 0.646107
  27 -9.530311 2.904701 49.673279 0.689121 0.109850 -0.716271 0.914730 0.371210 2 27 0.914487 28 0.085513
  27 -8.738741 1.594230 50.672489 0.482825 -0.451125 -0.750578 0.955770 0.352570 1 27 1.000000
scout_body_blue
  27 -8.636742 3.349461 50.702080 0.636947 0.151782 -0.755818 0.937790 0.375400 1 27 1.000000
  27 -8.738741 1.594230 50.672489 0.482825 -0.451125 -0.750578 0.955770 0.352570 1 27 1.000000
  27 -9.530311 2.904701 49.673279 0.689121 0.109850 -0.716271 0.914730 0.371210 2 27 0.914487 28 0.085513
scout_body_blue
  27 -11.793268 1.096171 48.350914 0.465824 -0.707626 -0.531294 0.864140 0.302830 2 27 0.673387 28 0.326613
  27 -12.870378 0.561581 49.133324 -0.059260 -0.935254 -0.348982 0.871750 0.262290 2 27 0.517137 28 0.482863
  27 -12.280239 0.785191 47.932365 0.543734 -0.790286 -0.282492 0.848890 0.290870 2 27 0.546092 28 0.453908
scout_body_blue
  28 -12.587688 0.129850 49.369720 0.048630 -0.904317 -0.424083 0.885800 0.264660 2 28 0.522659 27 0.477341
  27 -12.870378 0.561581 49.133324 -0.059260 -0.935254 -0.348982 0.871750 0.262290 2 27 0.517137 28 0.482863
  27 -11.793268 1.096171 48.350914 0.465824 -0.707626 -0.531294 0.864140 0.302830 2 27 0.673387 28 0.326613
scout_body_blue
  28 -12.587688 0.129850 49.369720 0.048630 -0.904317 -0.424083 0.885800 0.264660 2 28 0.522659 27 0.477341
  28 -13.938568 0.525831 50.110153 -0.791340 -0.607948 -0.064661 0.885040 0.226510 2 28 0.584507 27 0.415493
  27 -12.870378 0.561581 49.133324 -0.059260 -0.935254 -0.348982 0.871750 0.262290 2 27 0.517137 28 0.482863
scout_body_blue
  27 -12.870378 0.561581 49.133324 -0.059260 -0.935254 -0.348982 0.871750 0.262290 2 27 0.517137 28 0.482863
  28 -13.938568 0.525831 50.110153 -0.791340 -0.607948 -0.064661 0.885040 0.226510 2 28 0.584507 27 0.415493
  28 -13.821206 0.700501 49.853386 -0.754414 -0.637993 -0.154351 0.877620 0.228850 2 28 0.813320 27 0.186680
scout_body_blue
  28 -13.821206 0.700501 49.853386 -0.754414 -0.637993 -0.154351 0.877620 0.228850 2 28 0.813320 27 0.186680
  28 -13.938568 0.525831 50.110153 -0.791340 -0.607948 -0.064661 0.885040 0.226510 2 28 0.584507 27 0.415493
  28 -14.093458 1.750781 50.214104 -0.923165 -0.243981 0.297052 0.881080 0.196770 2 28 0.557229 27 0.442771
scout_body_blue
  28 -14.093458 1.750781 50.214104 -0.923165 -0.243981 0.297052 0.881080 0.196770 2 28 0.557229 27 0.442771
  28 -15.825775 1.596201 48.439846 -0.721279 -0.269754 0.637958 0.821100 0.190450 1 28 1.000000
  28 -13.821206 0.700501 49.853386 -0.754414 -0.637993 -0.154351 0.877620 0.228850 2 28 0.813320 27 0.186680
scout_body_blue
  28 -14.093458 1.750781 50.214104 -0.923165 -0.243981 0.297052 0.881080 0.196770 2 28 0.557229 27 0.442771
  27 -14.245279 2.903061 50.411163 -0.869638 0.281653 0.405464 0.903360 0.163310 2 27 0.582748 28 0.417252
  28 -15.825775 1.596201 48.439846 -0.721279 -0.269754 0.637958 0.821100 0.190450 1 28 1.000000
scout_body_blue
  27 -14.245279 2.903061 50.411163 -0.869638 0.281653 0.405464 0.903360 0.163310 2 27 0.582748 28 0.417252
  28 -14.703236 3.202071 49.236683 -0.657304 0.435103 0.615334 0.857720 0.151800 1 28 1.000000
  28 -15.825775 1.596201 48.439846 -0.721279 -0.269754 0.637958 0.821100 0.190450 1 28 1.000000
scout_body_blue
  27 -14.245279 2.903061 50.411163 -0.869638 0.281653 0.405464 0.903360 0.163310 2 27 0.582748 28 0.417252
  27 -12.778789 4.523002 49.327934 -0.165021 0.961408 -0.220142 0.891800 0.099430 2 27 0.513541 28 0.486459
  28 -14.703236 3.202071 49.236683 -0.657304 0.435103 0.615334 0.857720 0.151800 1 28 1.000000
scout_body_blue
  27 -12.778789 4.523002 49.327934 -0.165021 0.961408 -0.220142 0.891800 0.099430 2 27 0.513541 28 0.486459
  28 -14.428646 4.630352 47.738335 -0.127921 0.989866 0.061651 0.833760 0.107590 2 28 0.889237 27 0.110763
  28 -14.703236 3.202071 49.236683 -0.657304 0.435103 0.615334 0.857720 0.151800 1 28 1.000000
scout_body_blue
  28 -14.428646 4.630352 47.738335 -0.127921 0.989866 0.061651 0.833760 0.107590 2 28 0.889237 27 0.110763
  27 -12.778789 4.523002 49.327934 -0.165021 0.961408 -0.220142 0.891800 0.099430 2 27 0.513541 28 0.486459
  28 -12.430508 3.543722 47.282604 0.656465 0.575965 -0.487154 0.848950 0.057260 2 28 0.645161 27 0.354839
scout_body_blue
  27 -12.077499 3.331452 47.894211 0.593914 0.570805 -0.566964 0.865570 0.051280 2 27 0.505517 28 0.494484
  28 -12.430508 3.543722 47.282604 0.656465 0.575965 -0.487154 0.848950 0.057260 2 28 0.645161 27 0.354839
  27 -12.778789 4.523002 49.327934 -0.165021 0.961408 -0.220142 0.891800 0.099430 2 27 0.513541 28 0.486459
scout_body_blue
  27 -12.077499 3.331452 47.894211 0.593914 0.570805 -0.566964 0.865570 0.051280 2 27 0.505517 28 0.494484
  27 -12.778789 4.523002 49.327934 -0.165021 0.961408 -0.220142 0.891800 0.099430 2 27 0.513541 28 0.486459
  27 -10.862152 4.183784 49.095463 0.504431 0.603479 -0.617545 0.914500 0.052300 2 27 0.460765 28 0.539235
scout_body_blue
  27 -10.862152 4.183784 49.095463 0.504431 0.603479 -0.617545 0.914500 0.052300 2 27 0.460765 28 0.539235
  27 -12.778789 4.523002 49.327934 -0.165021 0.961408 -0.220142 0.891800 0.099430 2 27 0.513541 28 0.486459
  28 -11.282428 5.195392 50.280674 0.021480 0.954778 -0.296542 0.937660 0.082010 2 28 0.549197 27 0.450803
scout_body_blue
  28 -12.634198 4.675982 50.762054 -0.519555 0.848688 0.098951 0.927230 0.115680 2 28 0.535678 27 0.464322
  28 -11.282428 5.195392 50.280674 0.021480 0.954778 -0.296542 0.937660 0.082010 2 28 0.549197 27 0.450803
  27 -12.778789 4.523002 49.327934 -0.165021 0.961408 -0.220142 0.891800 0.099430 2 27 0.513541 28 0.486459
scout_body_blue
  27 -12.778789 4.523002 49.327934 -0.165021 0.961408 -0.220142 0.891800 0.099430 2 27 0.513541 28 0.486459
  27 -14.245279 2.903061 50.411163 -0.869638 0.281653 0.405464 0.903360 0.163310 2 27 0.582748 28 0.417252
  28 -12.634198 4.675982 50.762054 -0.519555 0.848688 0.098951 0.927230 0.115680 2 28 0.535678 27 0.464322
scout_body_blue
  28 -14.093458 1.750781 50.214104 -0.923165 -0.243981 0.297052 0.881080 0.196770 2 28 0.557229 27 0.442771
  28 -13.938568 0.525831 50.110153 -0.791340 -0.607948 -0.064661 0.885040 0.226510 2 28 0.584507 27 0.415493
  27 -14.245279 2.903061 50.411163 -0.869638 0.281653 0.405464 0.903360 0.163310 2 27 0.582748 28 0.417252
scout_body_blue
  27 -8.738741 1.594230 50.672489 0.482825 -0.451125 -0.750578 0.955770 0.352570 1 27 1.000000
  27 -9.642656 0.022383 51.327827 -0.373984 -0.381094 -0.845520 0.971900 0.308300 1 27 1.000000
  27 -10.229872 0.377260 51.424919 0.142551 -0.843625 -0.517663 0.959280 0.295900 1 27 1.000000
scout_body_blue
  27 -10.229872 0.377260 51.424919 0.142551 -0.843625 -0.517663 0.959280 0.295900 1 27 1.000000
  27 -9.642656 0.022383 51.327827 -0.373984 -0.381094 -0.845520 0.971900 0.308300 1 27 1.000000
  27 -10.772785 -0.040439 52.356033 -0.195748 -0.977394 -0.079900 0.974700 0.270300 1 27 1.000000
scout_body_blue
  27 -10.772785 -0.040439 52.356033 -0.195748 -0.977394 -0.079900 0.974700 0.270300 1 27 1.000000
  28 -12.587688 0.129850 49.369720 0.048630 -0.904317 -0.424083 0.885800 0.264660 2 28 0.522659 27 0.477341
  27 -10.229872 0.377260 51.424919 0.142551 -0.843625 -0.517663 0.959280 0.295900 1 27 1.000000
scout_body_blue
  28 -12.587688 0.129850 49.369720 0.048630 -0.904317 -0.424083 0.885800 0.264660 2 28 0.522659 27 0.477341
  27 -10.772785 -0.040439 52.356033 -0.195748 -0.977394 -0.079900 0.974700 0.270300 1 27 1.000000
  27 -11.606152 0.461806 53.179382 -0.653627 -0.612674 0.444300 0.982900 0.237900 1 27 1.000000
scout_body_blue
  28 -13.938568 0.525831 50.110153 -0.791340 -0.607948 -0.064661 0.885040 0.226510 2 28 0.584507 27 0.415493
  28 -12.587688 0.129850 49.369720 0.048630 -0.904317 -0.424083 0.885800 0.264660 2 28 0.522659 27 0.477341
  27 -11.606152 0.461806 53.179382 -0.653627 -0.612674 0.444300 0.982900 0.237900 1 27 1.000000
scout_body_blue
  27 -11.809661 2.389920 53.529728 -0.773309 -0.082431 0.628647 0.989410 0.187440 1 27 1.000000
  28 -13.938568 0.525831 50.110153 -0.791340 -0.607948 -0.064661 0.885040 0.226510 2 28 0.584507 27 0.415493
  27 -11.606152 0.461806 53.179382 -0.653627 -0.612674 0.444300 0.982900 0.237900 1 27 1.000000
scout_body_blue
  28 -13.938568 0.525831 50.110153 -0.791340 -0.607948 -0.064661 0.885040 0.226510 2 28 0.584507 27 0.415493
  27 -11.809661 2.389920 53.529728 -0.773309 -0.082431 0.628647 0.989410 0.187440 1 27 1.000000
  27 -14.245279 2.903061 50.411163 -0.869638 0.281653 0.405464 0.903360 0.163310 2 27 0.582748 28 0.417252
scout_body_blue
  27 -11.656511 4.574211 53.476009 -0.734515 0.469013 0.490423 0.994490 0.134090 1 27 1.000000
  27 -14.245279 2.903061 50.411163 -0.869638 0.281653 0.405464 0.903360 0.163310 2 27 0.582748 28 0.417252
  27 -11.809661 2.389920 53.529728 -0.773309 -0.082431 0.628647 0.989410 0.187440 1 27 1.000000
scout_body_blue
  28 -12.634198 4.675982 50.762054 -0.519555 0.848688 0.098951 0.927230 0.115680 2 28 0.535678 27 0.464322
  27 -14.245279 2.903061 50.411163 -0.869638 0.281653 0.405464 0.903360 0.163310 2 27 0.582748 28 0.417252
  27 -11.656511 4.574211 53.476009 -0.734515 0.469013 0.490423 0.994490 0.134090 1 27 1.000000
scout_body_blue
  27 -10.750291 5.205241 52.383278 -0.219000 0.975492 0.021320 0.985290 0.098120 1 27 1.000000
  28 -12.634198 4.675982 50.762054 -0.519555 0.848688 0.098951 0.927230 0.115680 2 28 0.535678 27 0.464322
  27 -11.656511 4.574211 53.476009 -0.734515 0.469013 0.490423 0.994490 0.134090 1 27 1.000000
scout_body_blue
  27 -10.750291 5.205241 52.383278 -0.219000 0.975492 0.021320 0.985290 0.098120 1 27 1.000000
  28 -11.282428 5.195392 50.280674 0.021480 0.954778 -0.296542 0.937660 0.082010 2 28 0.549197 27 0.450803
  28 -12.634198 4.675982 50.762054 -0.519555 0.848688 0.098951 0.927230 0.115680 2 28 0.535678 27 0.464322
scout_body_blue
  27 -10.750291 5.205241 52.383278 -0.219000 0.975492 0.021320 0.985290 0.098120 1 27 1.000000
  27 -10.506928 4.985219 50.460255 0.389716 0.802048 -0.452593 0.950400 0.067900 2 27 0.548744 28 0.451256
  28 -11.282428 5.195392 50.280674 0.021480 0.954778 -0.296542 0.937660 0.082010 2 28 0.549197 27 0.450803
scout_body_blue
  28 -11.282428 5.195392 50.280674 0.021480 0.954778 -0.296542 0.937660 0.082010 2 28 0.549197 27 0.450803
  27 -10.506928 4.985219 50.460255 0.389716 0.802048 -0.452593 0.950400 0.067900 2 27 0.548744 28 0.451256
  27 -10.862152 4.183784 49.095463 0.504431 0.603479 -0.617545 0.914500 0.052300 2 27 0.460765 28 0.539235
scout_body_blue
  27 -10.862152 4.183784 49.095463 0.504431 0.603479 -0.617545 0.914500 0.052300 2 27 0.460765 28 0.539235
  27 -10.506928 4.985219 50.460255 0.389716 0.802048 -0.452593 0.950400 0.067900 2 27 0.548744 28 0.451256
  27 -10.580203 2.765118 48.483189 0.653881 0.090396 -0.751178 0.900200 0.018700 2 27 0.353893 28 0.646107
scout_body_blue
  27 -10.862152 4.183784 49.095463 0.504431 0.603479 -0.617545 0.914500 0.052300 2 27 0.460765 28 0.539235
  27 -10.580203 2.765118 48.483189 0.653881 0.090396 -0.751178 0.900200 0.018700 2 27 0.353893 28 0.646107
  27 -12.077499 3.331452 47.894211 0.593914 0.570805 -0.566964 0.865570 0.051280 2 27 0.505517 28 0.494484
scout_body_blue
  27 -10.580203 2.765118 48.483189 0.653881 0.090396 -0.751178 0.900200 0.018700 2 27 0.353893 28 0.646107
  28 -11.806578 1.928112 47.507656 0.767375 -0.111531 -0.631424 0.854170 0.017500 2 28 0.540704 27 0.459297
  27 -12.077499 3.331452 47.894211 0.593914 0.570805 -0.566964 0.865570 0.051280 2 27 0.505517 28 0.494484
scout_body_blue
  28 -11.806578 1.928112 47.507656 0.767375 -0.111531 -0.631424 0.854170 0.017500 2 28 0.540704 27 0.459297
  28 -12.874256 1.845882 46.012585 0.772247 -0.081551 -0.630066 0.811650 0.022790 2 28 0.928283 29 0.071717
  27 -12.077499 3.331452 47.894211 0.593914 0.570805 -0.566964 0.865570 0.051280 2 27 0.505517 28 0.494484
scout_body_blue
  27 -12.077499 3.331452 47.894211 0.593914 0.570805 -0.566964 0.865570 0.051280 2 27 0.505517 28 0.494484
  28 -12.874256 1.845882 46.012585 0.772247 -0.081551 -0.630066 0.811650 0.022790 2 28 0.928283 29 0.071717
  28 -12.430508 3.543722 47.282604 0.656465 0.575965 -0.487154 0.848950 0.057260 2 28 0.645161 27 0.354839
scout_body_blue
  27 -9.760950 5.315631 51.606037 0.088731 0.914889 -0.393833 0.983710 0.068600 1 27 1.000000
  27 -10.506928 4.985219 50.460255 0.389716 0.802048 -0.452593 0.950400 0.067900 2 27 0.548744 28 0.451256
  27 -10.750291 5.205241 52.383278 -0.219000 0.975492 0.021320 0.985290 0.098120 1 27 1.000000
scout_body_blue
  27 -9.760950 5.315631 51.606037 0.088731 0.914889 -0.393833 0.983710 0.068600 1 27 1.000000
  27 -9.138700 4.667882 51.032722 0.473306 0.587058 -0.656768 0.977490 0.044860 1 27 1.000000
  27 -10.506928 4.985219 50.460255 0.389716 0.802048 -0.452593 0.950400 0.067900 2 27 0.548744 28 0.451256
scout_body_blue
  27 -10.506928 4.985219 50.460255 0.389716 0.802048 -0.452593 0.950400 0.067900 2 27 0.548744 28 0.451256
  27 -9.138700 4.667882 51.032722 0.473306 0.587058 -0.656768 0.977490 0.044860 1 27 1.000000
  27 -8.636742 3.349461 50.702080 0.636947 0.151782 -0.755818 0.969520 0.012200 1 27 1.000000
scout_body_blue
  27 -9.530311 2.904701 49.673279 0.689121 0.109850 -0.716271 0.936270 0.012440 2 27 0.914487 28 0.085513
  27 -10.506928 4.985219 50.460255 0.389716 0.802048 -0.452593 0.950400 0.067900 2 27 0.548744 28 0.451256
  27 -8.636742 3.349461 50.702080 0.636947 0.151782 -0.755818 0.969520 0.012200 1 27 1.000000
scout_body_blue
  27 -9.530311 2.904701 49.673279 0.689121 0.109850 -0.716271 0.936270 0.012440 2 27 0.914487 28 0.085513
  27 -10.580203 2.765118 48.483189 0.653881 0.090396 -0.751178 0.900200 0.018700 2 27 0.353893 28 0.646107
  27 -10.506928 4.985219 50.460255 0.389716 0.802048 -0.452593 0.950400 0.067900 2 27 0.548744 28 0.451256
scout_body_blue
  4 10.453668 -4.791659 0.066448 0.162740 -0.970921 -0.175580 0.524170 0.340050 1 4 1.000000
  4 10.459418 -4.946569 0.806078 0.138890 -0.988225 0.064200 0.524410 0.347190 2 4 0.949749 3 0.050251
  4 8.933379 -4.686719 0.009809 -0.547216 -0.835498 -0.049980 0.507080 0.344300 2 4 0.949799 3 0.050201
scout_body_blue
  4 11.640679 -4.017759 0.102508 0.879004 -0.476152 -0.025140 0.539980 0.343210 2 4 0.777328 3 0.222672
  4 10.459418 -4.946569 0.806078 0.138890 -0.988225 0.064200 0.524410 0.347190 2 4 0.949749 3 0.050251
  4 10.453668 -4.791659 0.066448 0.162740 -0.970921 -0.175580 0.524170 0.340050 1 4 1.000000
scout_body_blue
  4 11.537079 -4.069139 1.546258 0.706966 -0.432224 0.559805 0.534280 0.354420 2 4 0.857143 3 0.142857
  4 10.459418 -4.946569 0.806078 0.138890 -0.988225 0.064200 0.524410 0.347190 2 4 0.949749 3 0.050251
  4 11.640679 -4.017759 0.102508 0.879004 -0.476152 -0.025140 0.539980 0.343210 2 4 0.777328 3 0.222672
scout_body_blue
  4 11.537079 -4.069139 1.546258 0.706966 -0.432224 0.559805 0.534280 0.354420 2 4 0.857143 3 0.142857
  4 11.640679 -4.017759 0.102508 0.879004 -0.476152 -0.025140 0.539980 0.343210 2 4 0.777328 3 0.222672
  4 12.065969 -2.303649 0.100818 0.980296 0.175611 0.090450 0.555110 0.353470 2 4 0.584867 3 0.415133
scout_body_blue
  3 11.700441 -1.727003 1.840462 0.871862 0.055762 0.486567 0.547300 0.370100 2 3 0.447262 4 0.552738
  4 11.537079 -4.069139 1.546258 0.706966 -0.432224 0.559805 0.534280 0.354420 2 4 0.857143 3 0.142857
  4 12.065969 -2.303649 0.100818 0.980296 0.175611 0.090450 0.555110 0.353470 2 4 0.584867 3 0.415133
scout_body_blue
  4 12.065969 -2.303649 0.100818 0.980296 0.175611 0.090450 0.555110 0.353470 2 4 0.584867 3 0.415133
  3 10.914459 1.041150 0.024888 0.907520 0.410825 0.087351 0.580790 0.382800 2 3 0.563077 4 0.436923
  3 11.700441 -1.727003 1.840462 0.871862 0.055762 0.486567 0.547300 0.370100 2 3 0.447262 4 0.552738
scout_body_blue
  3 10.914459 1.041150 0.024888 0.907520 0.410825 0.087351 0.580790 0.382800 2 3 0.563077 4 0.436923
  3 10.603390 1.708710 1.017357 0.911881 0.398081 0.100020 0.577080 0.397260 2 3 0.589613 4 0.410387
  3 11.700441 -1.727003 1.840462 0.871862 0.055762 0.486567 0.547300 0.370100 2 3 0.447262 4 0.552738
scout_body_blue
  3 11.700441 -1.727003 1.840462 0.871862 0.055762 0.486567 0.547300 0.370100 2 3 0.447262 4 0.552738
  3 10.603390 1.708710 1.017357 0.911881 0.398081 0.100020 0.577080 0.397260 2 3 0.589613 4 0.410387
  3 9.801449 2.733989 3.350478 0.922625 0.282431 0.262671 0.559570 0.412510 3 3 0.713714 2 0.145145 4 0.141141
scout_body_blue
  3 11.700441 -1.727003 1.840462 0.871862 0.055762 0.486567 0.547300 0.370100 2 3 0.447262 4 0.552738
  3 9.801449 2.733989 3.350478 0.922625 0.282431 0.262671 0.559570 0.412510 3 3 0.713714 2 0.145145 4 0.141141
  3 9.832579 1.838390 3.613328 0.885622 -0.054810 0.461161 0.548450 0.415740 3 3 0.704409 4 0.153307 2 0.142285
scout_body_blue
  3 9.166430 1.168740 4.168798 0.606573 -0.640563 0.470902 0.537360 0.418930 3 3 0.672673 4 0.187187 2 0.140140
  3 11.700441 -1.727003 1.840462 0.871862 0.055762 0.486567 0.547300 0.370100 2 3 0.447262 4 0.552738
  3 9.832579 1.838390 3.613328 0.885622 -0.054810 0.461161 0.548450 0.415740 3 3 0.704409 4 0.153307 2 0.142285
scout_body_blue
  4 7.929349 -3.328560 -0.040452 -0.861224 -0.502662 -0.074990 0.491810 0.356760 2 4 0.735146 3 0.264854
  3 7.479208 -2.473556 0.898766 -0.938495 -0.336508 0.077393 0.494400 0.372600 2 3 0.351759 4 0.648241
  3 7.028179 -0.199340 -0.105032 -0.939038 -0.299483 -0.168871 0.469950 0.389340 2 3 0.861822 4 0.138178
scout_body_blue
  3 7.028179 -0.199340 -0.105032 -0.939038 -0.299483 -0.168871 0.469950 0.389340 2 3 0.861822 4 0.138178
  3 7.479208 -2.473556 0.898766 -0.938495 -0.336508 0.077393 0.494400 0.372600 2 3 0.351759 4 0.648241
  3 6.972690 -0.706110 1.274248 -0.919223 -0.393301 -0.018510 0.487470 0.393200 2 3 0.548583 4 0.451417
scout_body_blue
  3 6.887039 0.635110 0.791888 -0.945947 -0.266332 -0.185071 0.473810 0.404120 2 3 0.947692 4 0.052308
  3 7.028179 -0.199340 -0.105032 -0.939038 -0.299483 -0.168871 0.469950 0.389340 2 3 0.861822 4 0.138178
  3 6.972690 -0.706110 1.274248 -0.919223 -0.393301 -0.018510 0.487470 0.393200 2 3 0.548583 4 0.451417
scout_body_blue
  3 6.288629 1.806820 2.468618 -0.966463 -0.226911 -0.120250 0.483620 0.409380 2 3 0.927900 4 0.072100
  3 6.887039 0.635110 0.791888 -0.945947 -0.266332 -0.185071 0.473810 0.404120 2 3 0.947692 4 0.052308
  3 6.972690 -0.706110 1.274248 -0.919223 -0.393301 -0.018510 0.487470 0.393200 2 3 0.548583 4 0.451417
scout_body_blue
  3 6.972690 -0.706110 1.274248 -0.919223 -0.393301 -0.018510 0.487470 0.393200 2 3 0.548583 4 0.451417
  3 6.387539 0.878920 3.546349 -0.824461 -0.561108 0.073631 0.504190 0.414810 3 3 0.722445 4 0.158317 2 0.119239
  3 6.288629 1.806820 2.468618 -0.966463 -0.226911 -0.120250 0.483620 0.409380 2 3 0.927900 4 0.072100
scout_body_blue
  3 6.972690 -0.706110 1.274248 -0.919223 -0.393301 -0.018510 0.487470 0.393200 2 3 0.548583 4 0.451417
  4 7.105429 -0.696400 2.444888 -0.685689 -0.598918 0.413676 0.500500 0.399780 2 4 0.518630 3 0.481370
  3 6.387539 0.878920 3.546349 -0.824461 -0.561108 0.073631 0.504190 0.414810 3 3 0.722445 4 0.158317 2 0.119239
scout_body_blue
  3 6.387539 0.878920 3.546349 -0.824461 -0.561108 0.073631 0.504190 0.414810 3 3 0.722445 4 0.158317 2 0.119239
  4 7.105429 -0.696400 2.444888 -0.685689 -0.598918 0.413676 0.500500 0.399780 2 4 0.518630 3 0.481370
  3 7.610229 0.658980 3.954958 -0.162571 -0.862506 0.479223 0.518550 0.418860 3 3 0.674349 4 0.179359 2 0.146293
scout_body_blue
  3 7.610229 0.658980 3.954958 -0.162571 -0.862506 0.479223 0.518550 0.418860 3 3 0.674349 4 0.179359 2 0.146293
  4 7.105429 -0.696400 2.444888 -0.685689 -0.598918 0.413676 0.500500 0.399780 2 4 0.518630 3 0.481370
  3 8.242159 -1.276760 3.037498 -0.231371 -0.474373 0.849375 0.516730 0.392730 2 3 0.512121 4 0.487879
scout_body_blue
  3 7.610229 0.658980 3.954958 -0.162571 -0.862506 0.479223 0.518550 0.418860 3 3 0.674349 4 0.179359 2 0.146293
  3 8.242159 -1.276760 3.037498 -0.231371 -0.474373 0.849375 0.516730 0.392730 2 3 0.512121 4 0.487879
  3 9.166430 1.168740 4.168798 0.606573 -0.640563 0.470902 0.537360 0.418930 3 3 0.672673 4 0.187187 2 0.140140
scout_body_blue
  3 9.166430 1.168740 4.168798 0.606573 -0.640563 0.470902 0.537360 0.418930 3 3 0.672673 4 0.187187 2 0.140140
  3 8.242159 -1.276760 3.037498 -0.231371 -0.474373 0.849375 0.516730 0.392730 2 3 0.512121 4 0.487879
  4 10.448959 -2.677960 2.477168 0.260583 -0.182842 0.947980 0.532590 0.370460 2 4 0.822645 3 0.177355
scout_body_blue
  3 9.166430 1.168740 4.168798 0.606573 -0.640563 0.470902 0.537360 0.418930 3 3 0.672673 4 0.187187 2 0.140140
  4 10.448959 -2.677960 2.477168 0.260583 -0.182842 0.947980 0.532590 0.370460 2 4 0.822645 3 0.177355
  3 11.700441 -1.727003 1.840462 0.871862 0.055762 0.486567 0.547300 0.370100 2 3 0.447262 4 0.552738
scout_body_blue
  3 11.700441 -1.727003 1.840462 0.871862 0.055762 0.486567 0.547300 0.370100 2 3 0.447262 4 0.552738
  4 10.448959 -2.677960 2.477168 0.260583 -0.182842 0.947980 0.532590 0.370460 2 4 0.822645 3 0.177355
  4 10.478658 -3.897850 2.333248 0.164851 -0.394692 0.903904 0.527820 0.361420 1 4 1.000000
scout_body_blue
  4 10.478658 -3.897850 2.333248 0.164851 -0.394692 0.903904 0.527820 0.361420 1 4 1.000000
  4 11.537079 -4.069139 1.546258 0.706966 -0.432224 0.559805 0.534280 0.354420 2 4 0.857143 3 0.142857
  3 11.700441 -1.727003 1.840462 0.871862 0.055762 0.486567 0.547300 0.370100 2 3 0.447262 4 0.552738
scout_body_blue
  4 10.478658 -3.897850 2.333248 0.164851 -0.394692 0.903904 0.527820 0.361420 1 4 1.000000
  4 10.400678 -4.791480 1.423588 0.082120 -0.854815 0.512393 0.524710 0.352250 2 4 0.949749 3 0.050251
  4 11.537079 -4.069139 1.546258 0.706966 -0.432224 0.559805 0.534280 0.354420 2 4 0.857143 3 0.142857
scout_body_blue
  4 11.537079 -4.069139 1.546258 0.706966 -0.432224 0.559805 0.534280 0.354420 2 4 0.857143 3 0.142857
  4 10.400678 -4.791480 1.423588 0.082120 -0.854815 0.512393 0.524710 0.352250 2 4 0.949749 3 0.050251
  4 10.459418 -4.946569 0.806078 0.138890 -0.988225 0.064200 0.524410 0.347190 2 4 0.949749 3 0.050251
scout_body_blue
  4 10.459418 -4.946569 0.806078 0.138890 -0.988225 0.064200 0.524410 0.347190 2 4 0.949749 3 0.050251
  4 10.400678 -4.791480 1.423588 0.082120 -0.854815 0.512393 0.524710 0.352250 2 4 0.949749 3 0.050251
  4 8.998398 -4.719069 0.753068 -0.560265 -0.819137 0.122951 0.511540 0.350510 2 4 0.948795 3 0.051205
scout_body_blue
  4 10.459418 -4.946569 0.806078 0.138890 -0.988225 0.064200 0.524410 0.347190 2 4 0.949749 3 0.050251
  4 8.998398 -4.719069 0.753068 -0.560265 -0.819137 0.122951 0.511540 0.350510 2 4 0.948795 3 0.051205
  4 8.933379 -4.686719 0.009809 -0.547216 -0.835498 -0.049980 0.507080 0.344300 2 4 0.949799 3 0.050201
scout_body_blue
  4 8.998398 -4.719069 0.753068 -0.560265 -0.819137 0.122951 0.511540 0.350510 2 4 0.948795 3 0.051205
  4 7.929349 -3.328560 -0.040452 -0.861224 -0.502662 -0.074990 0.491810 0.356760 2 4 0.735146 3 0.264854
  4 8.933379 -4.686719 0.009809 -0.547216 -0.835498 -0.049980 0.507080 0.344300 2 4 0.949799 3 0.050201
scout_body_blue
  4 7.929349 -3.328560 -0.040452 -0.861224 -0.502662 -0.074990 0.491810 0.356760 2 4 0.735146 3 0.264854
  4 8.998398 -4.719069 0.753068 -0.560265 -0.819137 0.122951 0.511540 0.350510 2 4 0.948795 3 0.051205
  4 7.847729 -3.047890 1.474998 -0.719105 -0.524294 0.456074 0.503190 0.369540 2 4 0.842369 3 0.157631
scout_body_blue
  4 7.847729 -3.047890 1.474998 -0.719105 -0.524294 0.456074 0.503190 0.369540 2 4 0.842369 3 0.157631
  3 7.479208 -2.473556 0.898766 -0.938495 -0.336508 0.077393 0.494400 0.372600 2 3 0.351759 4 0.648241
  4 7.929349 -3.328560 -0.040452 -0.861224 -0.502662 -0.074990 0.491810 0.356760 2 4 0.735146 3 0.264854
scout_body_blue
  4 7.847729 -3.047890 1.474998 -0.719105 -0.524294 0.456074 0.503190 0.369540 2 4 0.842369 3 0.157631
  3 7.950854 -2.181307 2.134926 -0.684009 -0.455209 0.570014 0.507000 0.380500 2 3 0.244221 4 0.755779
  3 7.479208 -2.473556 0.898766 -0.938495 -0.336508 0.077393 0.494400 0.372600 2 3 0.351759 4 0.648241
scout_body_blue
  3 6.972690 -0.706110 1.274248 -0.919223 -0.393301 -0.018510 0.487470 0.393200 2 3 0.548583 4 0.451417
  3 7.479208 -2.473556 0.898766 -0.938495 -0.336508 0.077393 0.494400 0.372600 2 3 0.351759 4 0.648241
  3 7.950854 -2.181307 2.134926 -0.684009 -0.455209 0.570014 0.507000 0.380500 2 3 0.244221 4 0.755779
scout_body_blue
  3 7.950854 -2.181307 2.134926 -0.684009 -0.455209 0.570014 0.507000 0.380500 2 3 0.244221 4 0.755779
  4 7.105429 -0.696400 2.444888 -0.685689 -0.598918 0.413676 0.500500 0.399780 2 4 0.518630 3 0.481370
  3 6.972690 -0.706110 1.274248 -0.919223 -0.393301 -0.018510 0.487470 0.393200 2 3 0.548583 4 0.451417
scout_body_blue
  4 7.105429 -0.696400 2.444888 -0.685689 -0.598918 0.413676 0.500500 0.399780 2 4 0.518630 3 0.481370
  3 7.950854 -2.181307 2.134926 -0.684009 -0.455209 0.570014 0.507000 0.380500 2 3 0.244221 4 0.755779
  3 8.242159 -1.276760 3.037498 -0.231371 -0.474373 0.849375 0.516730 0.392730 2 3 0.512121 4 0.487879
scout_body_blue
  3 8.242159 -1.276760 3.037498 -0.231371 -0.474373 0.849375 0.516730 0.392730 2 3 0.512121 4 0.487879
  3 7.950854 -2.181307 2.134926 -0.684009 -0.455209 0.570014 0.507000 0.380500 2 3 0.244221 4 0.755779
  4 9.025459 -2.997430 2.280568 -0.311712 -0.466503 0.827775 0.517990 0.371390 2 4 0.702730 3 0.297270
scout_body_blue
  4 9.025459 -2.997430 2.280568 -0.311712 -0.466503 0.827775 0.517990 0.371390 2 4 0.702730 3 0.297270
  4 10.448959 -2.677960 2.477168 0.260583 -0.182842 0.947980 0.532590 0.370460 2 4 0.822645 3 0.177355
  3 8.242159 -1.276760 3.037498 -0.231371 -0.474373 0.849375 0.516730 0.392730 2 3 0.512121 4 0.487879
scout_body_blue
  4 10.478658 -3.897850 2.333248 0.164851 -0.394692 0.903904 0.527820 0.361420 1 4 1.000000
  4 10.448959 -2.677960 2.477168 0.260583 -0.182842 0.947980 0.532590 0.370460 2 4 0.822645 3 0.177355
  4 9.025459 -2.997430 2.280568 -0.311712 -0.466503 0.827775 0.517990 0.371390 2 4 0.702730 3 0.297270
scout_body_blue
  4 10.478658 -3.897850 2.333248 0.164851 -0.394692 0.903904 0.527820 0.361420 1 4 1.000000
  4 9.025459 -2.997430 2.280568 -0.311712 -0.466503 0.827775 0.517990 0.371390 2 4 0.702730 3 0.297270
  4 8.965349 -4.394559 1.416128 -0.458295 -0.653018 0.602937 0.513790 0.356910 1 4 1.000000
scout_body_blue
  4 8.965349 -4.394559 1.416128 -0.458295 -0.653018 0.602937 0.513790 0.356910 1 4 1.000000
  4 10.400678 -4.791480 1.423588 0.082120 -0.854815 0.512393 0.524710 0.352250 2 4 0.949749 3 0.050251
  4 10.478658 -3.897850 2.333248 0.164851 -0.394692 0.903904 0.527820 0.361420 1 4 1.000000
scout_body_blue
  4 8.965349 -4.394559 1.416128 -0.458295 -0.653018 0.602937 0.513790 0.356910 1 4 1.000000
  4 8.998398 -4.719069 0.753068 -0.560265 -0.819137 0.122951 0.511540 0.350510 2 4 0.948795 3 0.051205
  4 10.400678 -4.791480 1.423588 0.082120 -0.854815 0.512393 0.524710 0.352250 2 4 0.949749 3 0.050251
scout_body_blue
  4 8.998398 -4.719069 0.753068 -0.560265 -0.819137 0.122951 0.511540 0.350510 2 4 0.948795 3 0.051205
  4 8.965349 -4.394559 1.416128 -0.458295 -0.653018 0.602937 0.513790 0.356910 1 4 1.000000
  4 7.847729 -3.047890 1.474998 -0.719105 -0.524294 0.456074 0.503190 0.369540 2 4 0.842369 3 0.157631
scout_body_blue
  4 8.965349 -4.394559 1.416128 -0.458295 -0.653018 0.602937 0.513790 0.356910 1 4 1.000000
  4 9.025459 -2.997430 2.280568 -0.311712 -0.466503 0.827775 0.517990 0.371390 2 4 0.702730 3 0.297270
  4 7.847729 -3.047890 1.474998 -0.719105 -0.524294 0.456074 0.503190 0.369540 2 4 0.842369 3 0.157631
scout_body_blue
  4 9.025459 -2.997430 2.280568 -0.311712 -0.466503 0.827775 0.517990 0.371390 2 4 0.702730 3 0.297270
  3 7.950854 -2.181307 2.134926 -0.684009 -0.455209 0.570014 0.507000 0.380500 2 3 0.244221 4 0.755779
  4 7.847729 -3.047890 1.474998 -0.719105 -0.524294 0.456074 0.503190 0.369540 2 4 0.842369 3 0.157631
scout_body_blue
  2 6.026980 -0.093250 10.477500 -0.568827 -0.817680 -0.088511 0.508750 0.490650 1 2 1.000000
  2 7.054230 -0.040390 7.693199 -0.193932 -0.965779 -0.172222 0.515940 0.460840 1 2 1.000000
  2 8.229740 -0.436320 10.758390 0.455703 -0.884767 0.097581 0.531160 0.491360 1 2 1.000000
scout_body_blue
  2 7.054230 -0.040390 7.693199 -0.193932 -0.965779 -0.172222 0.515940 0.460840 1 2 1.000000
  2 6.026980 -0.093250 10.477500 -0.568827 -0.817680 -0.088511 0.508750 0.490650 1 2 1.000000
  2 6.070250 0.434480 7.370889 -0.768086 -0.617945 -0.167891 0.503000 0.457510 1 2 1.000000
scout_body_blue
  2 5.116650 1.318510 9.679411 -0.957240 -0.233792 -0.170392 0.491140 0.483250 1 2 1.000000
  2 6.070250 0.434480 7.370889 -0.768086 -0.617945 -0.167891 0.503000 0.457510 1 2 1.000000
  2 6.026980 -0.093250 10.477500 -0.568827 -0.817680 -0.088511 0.508750 0.490650 1 2 1.000000
scout_body_blue
  2 5.792150 1.497699 7.026439 -0.987762 -0.070650 -0.139050 0.491250 0.453900 2 2 0.854985 3 0.145015
  2 6.070250 0.434480 7.370889 -0.768086 -0.617945 -0.167891 0.503000 0.457510 1 2 1.000000
  2 5.116650 1.318510 9.679411 -0.957240 -0.233792 -0.170392 0.491140 0.483250 1 2 1.000000
scout_body_blue
  2 5.792150 1.497699 7.026439 -0.987762 -0.070650 -0.139050 0.491250 0.453900 2 2 0.854985 3 0.145015
  2 5.116650 1.318510 9.679411 -0.957240 -0.233792 -0.170392 0.491140 0.483250 1 2 1.000000
  2 5.776121 3.305250 7.673360 -0.910946 0.370343 -0.181721 0.474080 0.460900 2 2 0.797787 3 0.202213
scout_body_blue
  2 5.776121 3.305250 7.673360 -0.910946 0.370343 -0.181721 0.474080 0.460900 2 2 0.797787 3 0.202213
  3 5.964109 3.655800 5.265800 -0.920918 0.388664 -0.029150 0.473160 0.433560 2 3 0.536072 2 0.463928
  2 5.792150 1.497699 7.026439 -0.987762 -0.070650 -0.139050 0.491250 0.453900 2 2 0.854985 3 0.145015
scout_body_blue
  2 5.776121 3.305250 7.673360 -0.910946 0.370343 -0.181721 0.474080 0.460900 2 2 0.797787 3 0.202213
  2 6.988040 5.232280 7.679560 -0.285893 0.947961 -0.140122 0.449150 0.458470 1 2 1.000000
  3 5.964109 3.655800 5.265800 -0.920918 0.388664 -0.029150 0.473160 0.433560 2 3 0.536072 2 0.463928
scout_body_blue
  2 6.988040 5.232280 7.679560 -0.285893 0.947961 -0.140122 0.449150 0.458470 1 2 1.000000
  2 7.340710 4.929240 4.836939 -0.175961 0.983535 0.041190 0.452070 0.428020 1 2 1.000000
  3 5.964109 3.655800 5.265800 -0.920918 0.388664 -0.029150 0.473160 0.433560 2 3 0.536072 2 0.463928
scout_body_blue
  3 5.964109 3.655800 5.265800 -0.920918 0.388664 -0.029150 0.473160 0.433560 2 3 0.536072 2 0.463928
  2 7.340710 4.929240 4.836939 -0.175961 0.983535 0.041190 0.452070 0.428020 1 2 1.000000
  3 7.409540 5.297010 3.101758 -0.204661 0.949103 0.239411 0.448890 0.408780 2 3 0.655311 2 0.344689
scout_body_blue
  3 5.969620 3.726700 2.930818 -0.972383 0.228851 0.045800 0.472280 0.407320 2 3 0.713714 2 0.286286
  3 5.964109 3.655800 5.265800 -0.920918 0.388664 -0.029150 0.473160 0.433560 2 3 0.536072 2 0.463928
  3 7.409540 5.297010 3.101758 -0.204661 0.949103 0.239411 0.448890 0.408780 2 3 0.655311 2 0.344689
scout_body_blue
  2 5.792150 1.497699 7.026439 -0.987762 -0.070650 -0.139050 0.491250 0.453900 2 2 0.854985 3 0.145015
  3 5.964109 3.655800 5.265800 -0.920918 0.388664 -0.029150 0.473160 0.433560 2 3 0.536072 2 0.463928
  3 5.969620 3.726700 2.930818 -0.972383 0.228851 0.045800 0.472280 0.407320 2 3 0.713714 2 0.286286
scout_body_blue
  3 6.288629 1.806820 2.468618 -0.966463 -0.226911 -0.120250 0.483620 0.409380 2 3 0.927900 4 0.072100
  2 5.792150 1.497699 7.026439 -0.987762 -0.070650 -0.139050 0.491250 0.453900 2 2 0.854985 3 0.145015
  3 5.969620 3.726700 2.930818 -0.972383 0.228851 0.045800 0.472280 0.407320 2 3 0.713714 2 0.286286
scout_body_blue
  2 6.070250 0.434480 7.370889 -0.768086 -0.617945 -0.167891 0.503000 0.457510 1 2 1.000000
  2 5.792150 1.497699 7.026439 -0.987762 -0.070650 -0.139050 0.491250 0.453900 2 2 0.854985 3 0.145015
  3 6.288629 1.806820 2.468618 -0.966463 -0.226911 -0.120250 0.483620 0.409380 2 3 0.927900 4 0.072100
scout_body_blue
  3 6.387539 0.878920 3.546349 -0.824461 -0.561108 0.073631 0.504190 0.414810 3 3 0.722445 4 0.158317 2 0.119239
  2 6.070250 0.434480 7.370889 -0.768086 -0.617945 -0.167891 0.503000 0.457510 1 2 1.000000
  3 6.288629 1.806820 2.468618 -0.966463 -0.226911 -0.120250 0.483620 0.409380 2 3 0.927900 4 0.072100
scout_body_blue
  2 7.054230 -0.040390 7.693199 -0.193932 -0.965779 -0.172222 0.515940 0.460840 1 2 1.000000
  2 6.070250 0.434480 7.370889 -0.768086 -0.617945 -0.167891 0.503000 0.457510 1 2 1.000000
  3 6.387539 0.878920 3.546349 -0.824461 -0.561108 0.073631 0.504190 0.414810 3 3 0.722445 4 0.158317 2 0.119239
scout_body_blue
  3 7.610229 0.658980 3.954958 -0.162571 -0.862506 0.479223 0.518550 0.418860 3 3 0.674349 4 0.179359 2 0.146293
  2 7.054230 -0.040390 7.693199 -0.193932 -0.965779 -0.172222 0.515940 0.460840 1 2 1.000000
  3 6.387539 0.878920 3.546349 -0.824461 -0.561108 0.073631 0.504190 0.414810 3 3 0.722445 4 0.158317 2 0.119239
scout_body_blue
  2 7.054230 -0.040390 7.693199 -0.193932 -0.965779 -0.172222 0.515940 0.460840 1 2 1.000000
  3 7.610229 0.658980 3.954958 -0.162571 -0.862506 0.479223 0.518550 0.418860 3 3 0.674349 4 0.179359 2 0.146293
  2 8.229740 -0.436320 10.758390 0.455703 -0.884767 0.097581 0.531160 0.491360 1 2 1.000000
scout_body_blue
  3 9.166430 1.168740 4.168798 0.606573 -0.640563 0.470902 0.537360 0.418930 3 3 0.672673 4 0.187187 2 0.140140
  2 8.229740 -0.436320 10.758390 0.455703 -0.884767 0.097581 0.531160 0.491360 1 2 1.000000
  3 7.610229 0.658980 3.954958 -0.162571 -0.862506 0.479223 0.518550 0.418860 3 3 0.674349 4 0.179359 2 0.146293
scout_body_blue
  2 5.909203 0.128106 11.577806 -0.702407 -0.702009 0.117504 0.508400 0.501000 1 2 1.000000
  2 6.026980 -0.093250 10.477500 -0.568827 -0.817680 -0.088511 0.508750 0.490650 1 2 1.000000
  2 7.247788 -0.457879 11.702412 0.021806 -0.983204 0.181205 0.523600 0.501000 1 2 1.000000
scout_body_blue
  2 6.026980 -0.093250 10.477500 -0.568827 -0.817680 -0.088511 0.508750 0.490650 1 2 1.000000
  2 5.909203 0.128106 11.577806 -0.702407 -0.702009 0.117504 0.508400 0.501000 1 2 1.000000
  2 5.116650 1.318510 9.679411 -0.957240 -0.233792 -0.170392 0.491140 0.483250 1 2 1.000000
scout_body_blue
  2 4.634597 3.228101 11.200094 -0.961336 0.258507 -0.094905 0.477000 0.501000 1 2 1.000000
  2 5.116650 1.318510 9.679411 -0.957240 -0.233792 -0.170392 0.491140 0.483250 1 2 1.000000
  2 5.909203 0.128106 11.577806 -0.702407 -0.702009 0.117504 0.508400 0.501000 1 2 1.000000
scout_body_blue
  2 5.776121 3.305250 7.673360 -0.910946 0.370343 -0.181721 0.474080 0.460900 2 2 0.797787 3 0.202213
  2 5.116650 1.318510 9.679411 -0.957240 -0.233792 -0.170392 0.491140 0.483250 1 2 1.000000
  2 4.634597 3.228101 11.200094 -0.961336 0.258507 -0.094905 0.477000 0.501000 1 2 1.000000
scout_body_blue
  2 4.634597 3.228101 11.200094 -0.961336 0.258507 -0.094905 0.477000 0.501000 1 2 1.000000
  2 6.231035 4.787357 10.963062 -0.563033 0.782391 0.266193 0.451700 0.495600 1 2 1.000000
  2 5.776121 3.305250 7.673360 -0.910946 0.370343 -0.181721 0.474080 0.460900 2 2 0.797787 3 0.202213
scout_body_blue
  2 6.231035 4.787357 10.963062 -0.563033 0.782391 0.266193 0.451700 0.495600 1 2 1.000000
  2 6.988040 5.232280 7.679560 -0.285893 0.947961 -0.140122 0.449150 0.458470 1 2 1.000000
  2 5.776121 3.305250 7.673360 -0.910946 0.370343 -0.181721 0.474080 0.460900 2 2 0.797787 3 0.202213
scout_body_blue
  2 4.634597 3.228101 11.200094 -0.961336 0.258507 -0.094905 0.477000 0.501000 1 2 1.000000
  2 6.144483 4.278877 11.318611 -0.452019 0.561534 0.693079 0.455400 0.501000 1 2 1.000000
  2 6.231035 4.787357 10.963062 -0.563033 0.782391 0.266193 0.451700 0.495600 1 2 1.000000
scout_body_blue
  2 9.128329 0.907670 7.544390 0.918855 -0.394182 0.018050 0.542320 0.458630 1 2 1.000000
  2 8.229740 -0.436320 10.758390 0.455703 -0.884767 0.097581 0.531160 0.491360 1 2 1.000000
  3 9.166430 1.168740 4.168798 0.606573 -0.640563 0.470902 0.537360 0.418930 3 3 0.672673 4 0.187187 2 0.140140
scout_body_blue
  3 9.832579 1.838390 3.613328 0.885622 -0.054810 0.461161 0.548450 0.415740 3 3 0.704409 4 0.153307 2 0.142285
  2 9.128329 0.907670 7.544390 0.918855 -0.394182 0.018050 0.542320 0.458630 1 2 1.000000
  3 9.166430 1.168740 4.168798 0.606573 -0.640563 0.470902 0.537360 0.418930 3 3 0.672673 4 0.187187 2 0.140140
scout_body_blue
  2 9.128329 0.907670 7.544390 0.918855 -0.394182 0.018050 0.542320 0.458630 1 2 1.000000
  3 9.832579 1.838390 3.613328 0.885622 -0.054810 0.461161 0.548450 0.415740 3 3 0.704409 4 0.153307 2 0.142285
  2 9.219340 2.456040 7.324570 0.997303 0.043670 0.058980 0.558390 0.456990 3 2 0.558676 3 0.371113 4 0.070211
scout_body_blue
  3 9.832579 1.838390 3.613328 0.885622 -0.054810 0.461161 0.548450 0.415740 3 3 0.704409 4 0.153307 2 0.142285
  3 9.801449 2.733989 3.350478 0.922625 0.282431 0.262671 0.559180 0.412430 3 3 0.713714 2 0.145145 4 0.141141
  2 9.219340 2.456040 7.324570 0.997303 0.043670 0.058980 0.558390 0.456990 3 2 0.558676 3 0.371113 4 0.070211
scout_body_blue
  2 9.219340 2.456040 7.324570 0.997303 0.043670 0.058980 0.558390 0.456990 3 2 0.558676 3 0.371113 4 0.070211
  3 9.801449 2.733989 3.350478 0.922625 0.282431 0.262671 0.559180 0.412430 3 3 0.713714 2 0.145145 4 0.141141
  3 9.007719 4.316420 6.044639 0.705398 0.703178 0.089181 0.576440 0.444250 2 3 0.672917 2 0.327083
scout_body_blue
  3 9.154369 4.511890 3.604679 0.723422 0.655592 0.216471 0.580060 0.416550 2 3 0.680402 2 0.319598
  3 9.007719 4.316420 6.044639 0.705398 0.703178 0.089181 0.576440 0.444250 2 3 0.672917 2 0.327083
  3 9.801449 2.733989 3.350478 0.922625 0.282431 0.262671 0.559180 0.412430 3 3 0.713714 2 0.145145 4 0.141141
scout_body_blue
  3 9.154369 4.511890 3.604679 0.723422 0.655592 0.216471 0.580060 0.416550 2 3 0.680402 2 0.319598
  3 7.409540 5.297010 3.101758 -0.204661 0.949103 0.239411 0.608160 0.414420 2 3 0.655311 2 0.344689
  3 9.007719 4.316420 6.044639 0.705398 0.703178 0.089181 0.576440 0.444250 2 3 0.672917 2 0.327083
scout_body_blue
  3 7.409540 5.297010 3.101758 -0.204661 0.949103 0.239411 0.608160 0.414420 2 3 0.655311 2 0.344689
  2 7.340710 4.929240 4.836939 -0.175961 0.983535 0.041190 0.604670 0.434230 1 2 1.000000
  3 9.007719 4.316420 6.044639 0.705398 0.703178 0.089181 0.576440 0.444250 2 3 0.672917 2 0.327083
scout_body_blue
  3 9.007719 4.316420 6.044639 0.705398 0.703178 0.089181 0.576440 0.444250 2 3 0.672917 2 0.327083
  2 7.340710 4.929240 4.836939 -0.175961 0.983535 0.041190 0.604670 0.434230 1 2 1.000000
  2 6.988040 5.232280 7.679560 -0.285893 0.947961 -0.140122 0.605940 0.465670 1 2 1.000000
scout_body_blue
  2 8.825290 4.572940 8.059991 0.744658 0.666577 -0.034040 0.578560 0.467350 2 2 0.733964 3 0.266036
  3 9.007719 4.316420 6.044639 0.705398 0.703178 0.089181 0.576440 0.444250 2 3 0.672917 2 0.327083
  2 6.988040 5.232280 7.679560 -0.285893 0.947961 -0.140122 0.605940 0.465670 1 2 1.000000
scout_body_blue
  2 8.825290 4.572940 8.059991 0.744658 0.666577 -0.034040 0.578560 0.467350 2 2 0.733964 3 0.266036
  2 6.988040 5.232280 7.679560 -0.285893 0.947961 -0.140122 0.605940 0.465670 1 2 1.000000
  2 7.518539 5.198730 11.119500 0.199761 0.894206 0.400613 0.590890 0.498490 1 2 1.000000
scout_body_blue
  2 9.183249 4.118199 11.432529 0.859489 0.295963 0.416754 0.570900 0.498280 1 2 1.000000
  2 8.825290 4.572940 8.059991 0.744658 0.666577 -0.034040 0.578560 0.467350 2 2 0.733964 3 0.266036
  2 7.518539 5.198730 11.119500 0.199761 0.894206 0.400613 0.590890 0.498490 1 2 1.000000
scout_body_blue
  2 7.518539 5.198730 11.119500 0.199761 0.894206 0.400613 0.590890 0.498490 1 2 1.000000
  2 8.909748 3.923080 11.625280 0.490465 0.253592 0.833748 0.570570 0.501010 1 2 1.000000
  2 9.183249 4.118199 11.432529 0.859489 0.295963 0.416754 0.570900 0.498280 1 2 1.000000
scout_body_blue
  2 9.183249 4.118199 11.432529 0.859489 0.295963 0.416754 0.570900 0.498280 1 2 1.000000
  2 8.909748 3.923080 11.625280 0.490465 0.253592 0.833748 0.570570 0.501010 1 2 1.000000
  2 8.473310 0.921760 11.879300 0.514493 -0.296142 0.804734 0.541490 0.501010 1 2 1.000000
scout_body_blue
  2 8.808050 0.650990 11.592170 0.793195 -0.446833 0.413742 0.541240 0.497520 1 2 1.000000
  2 9.183249 4.118199 11.432529 0.859489 0.295963 0.416754 0.570900 0.498280 1 2 1.000000
  2 8.473310 0.921760 11.879300 0.514493 -0.296142 0.804734 0.541490 0.501010 1 2 1.000000
scout_body_blue
  2 8.473310 0.921760 11.879300 0.514493 -0.296142 0.804734 0.541490 0.501010 1 2 1.000000
  2 7.247788 -0.457879 11.702412 0.021806 -0.983204 0.181205 0.523600 0.501000 1 2 1.000000
  2 8.808050 0.650990 11.592170 0.793195 -0.446833 0.413742 0.541240 0.497520 1 2 1.000000
scout_body_blue
  2 7.247788 -0.457879 11.702412 0.021806 -0.983204 0.181205 0.523600 0.501000 1 2 1.000000
  2 8.229740 -0.436320 10.758390 0.455703 -0.884767 0.097581 0.531160 0.491360 1 2 1.000000
  2 8.808050 0.650990 11.592170 0.793195 -0.446833 0.413742 0.541240 0.497520 1 2 1.000000
scout_body_blue
  2 7.247788 -0.457879 11.702412 0.021806 -0.983204 0.181205 0.523600 0.501000 1 2 1.000000
  2 6.026980 -0.093250 10.477500 -0.568827 -0.817680 -0.088511 0.508750 0.490650 1 2 1.000000
  2 8.229740 -0.436320 10.758390 0.455703 -0.884767 0.097581 0.531160 0.491360 1 2 1.000000
scout_body_blue
  2 9.219340 2.456040 7.324570 0.997303 0.043670 0.058980 0.558390 0.456990 3 2 0.558676 3 0.371113 4 0.070211
  3 9.007719 4.316420 6.044639 0.705398 0.703178 0.089181 0.576440 0.444250 2 3 0.672917 2 0.327083
  2 8.825290 4.572940 8.059991 0.744658 0.666577 -0.034040 0.578560 0.467350 2 2 0.733964 3 0.266036
scout_body_blue
  2 9.343269 1.926220 9.514530 0.991626 -0.128971 0.006720 0.555090 0.479250 1 2 1.000000
  2 9.219340 2.456040 7.324570 0.997303 0.043670 0.058980 0.558390 0.456990 3 2 0.558676 3 0.371113 4 0.070211
  2 8.825290 4.572940 8.059991 0.744658 0.666577 -0.034040 0.578560 0.467350 2 2 0.733964 3 0.266036
scout_body_blue
  2 9.343269 1.926220 9.514530 0.991626 -0.128971 0.006720 0.555090 0.479250 1 2 1.000000
  2 8.825290 4.572940 8.059991 0.744658 0.666577 -0.034040 0.578560 0.467350 2 2 0.733964 3 0.266036
  2 9.183249 4.118199 11.432529 0.859489 0.295963 0.416754 0.570900 0.498280 1 2 1.000000
scout_body_blue
  2 8.808050 0.650990 11.592170 0.793195 -0.446833 0.413742 0.541240 0.497520 1 2 1.000000
  2 9.343269 1.926220 9.514530 0.991626 -0.128971 0.006720 0.555090 0.479250 1 2 1.000000
  2 9.183249 4.118199 11.432529 0.859489 0.295963 0.416754 0.570900 0.498280 1 2 1.000000
scout_body_blue
  2 8.808050 0.650990 11.592170 0.793195 -0.446833 0.413742 0.541240 0.497520 1 2 1.000000
  2 9.128329 0.907670 7.544390 0.918855 -0.394182 0.018050 0.542320 0.458630 1 2 1.000000
  2 9.343269 1.926220 9.514530 0.991626 -0.128971 0.006720 0.555090 0.479250 1 2 1.000000
scout_body_blue
  2 9.128329 0.907670 7.544390 0.918855 -0.394182 0.018050 0.542320 0.458630 1 2 1.000000
  2 8.808050 0.650990 11.592170 0.793195 -0.446833 0.413742 0.541240 0.497520 1 2 1.000000
  2 8.229740 -0.436320 10.758390 0.455703 -0.884767 0.097581 0.531160 0.491360 1 2 1.000000
scout_body_blue
  2 9.128329 0.907670 7.544390 0.918855 -0.394182 0.018050 0.542320 0.458630 1 2 1.000000
  2 9.219340 2.456040 7.324570 0.997303 0.043670 0.058980 0.558390 0.456990 3 2 0.558676 3 0.371113 4 0.070211
  2 9.343269 1.926220 9.514530 0.991626 -0.128971 0.006720 0.555090 0.479250 1 2 1.000000
scout_body_blue
  2 7.174884 4.952125 11.436264 -0.147584 0.822275 0.549621 0.593300 0.501000 1 2 1.000000
  2 8.909748 3.923080 11.625280 0.490465 0.253592 0.833748 0.570570 0.501010 1 2 1.000000
  2 7.518539 5.198730 11.119500 0.199761 0.894206 0.400613 0.590890 0.498490 1 2 1.000000
scout_body_blue
  2 7.518539 5.198730 11.119500 0.199761 0.894206 0.400613 0.590890 0.498490 1 2 1.000000
  2 6.231035 4.787357 10.963062 -0.563033 0.782391 0.266193 0.605900 0.498600 1 2 1.000000
  2 7.174884 4.952125 11.436264 -0.147584 0.822275 0.549621 0.593300 0.501000 1 2 1.000000
scout_body_blue
  2 7.518539 5.198730 11.119500 0.199761 0.894206 0.400613 0.590890 0.498490 1 2 1.000000
  2 6.988040 5.232280 7.679560 -0.285893 0.947961 -0.140122 0.605940 0.465670 1 2 1.000000
  2 6.231035 4.787357 10.963062 -0.563033 0.782391 0.266193 0.605900 0.498600 1 2 1.000000
scout_body_blue
  2 6.231035 4.787357 10.963062 -0.563033 0.782391 0.266193 0.605900 0.498600 1 2 1.000000
  2 6.144483 4.278877 11.318611 -0.452019 0.561534 0.693079 0.607000 0.501000 1 2 1.000000
  2 7.174884 4.952125 11.436264 -0.147584 0.822275 0.549621 0.593300 0.501000 1 2 1.000000
scout_body_blue
  3 6.887039 0.635110 0.791888 -0.945947 -0.266332 -0.185071 0.763420 0.335070 2 3 0.947692 4 0.052308
  3 6.288629 1.806820 2.468618 -0.966463 -0.226911 -0.120250 0.739880 0.361450 2 3 0.927900 4 0.072100
  3 5.969620 3.726700 2.930818 -0.972383 0.228851 0.045800 0.706160 0.365480 2 3 0.713714 2 0.286286
scout_body_blue
  3 9.260599 5.290990 1.601747 0.658514 0.735404 0.159811 0.631940 0.336420 2 3 0.897898 4 0.102102
  3 7.236060 5.792430 1.440408 -0.303383 0.948000 0.096201 0.666300 0.338050 2 3 0.944945 4 0.055055
  3 7.409540 5.297010 3.101758 -0.204661 0.949103 0.239411 0.663250 0.367090 2 3 0.655311 2 0.344689
scout_body_blue
  3 7.409540 5.297010 3.101758 -0.204661 0.949103 0.239411 0.663250 0.367090 2 3 0.655311 2 0.344689
  3 7.236060 5.792430 1.440408 -0.303383 0.948000 0.096201 0.666300 0.338050 2 3 0.944945 4 0.055055
  3 5.969620 3.726700 2.930818 -0.972383 0.228851 0.045800 0.706160 0.365480 2 3 0.713714 2 0.286286
scout_body_blue
  3 7.236060 5.792430 1.440408 -0.303383 0.948000 0.096201 0.666300 0.338050 2 3 0.944945 4 0.055055
  3 5.817189 4.165949 1.532008 -0.989265 0.140081 0.041620 0.701570 0.341500 2 3 0.940644 2 0.059356
  3 5.969620 3.726700 2.930818 -0.972383 0.228851 0.045800 0.706160 0.365480 2 3 0.713714 2 0.286286
scout_body_blue
  3 5.817189 4.165949 1.532008 -0.989265 0.140081 0.041620 0.701570 0.341500 2 3 0.940644 2 0.059356
  3 6.887039 0.635110 0.791888 -0.945947 -0.266332 -0.185071 0.763420 0.335070 2 3 0.947692 4 0.052308
  3 5.969620 3.726700 2.930818 -0.972383 0.228851 0.045800 0.706160 0.365480 2 3 0.713714 2 0.286286
scout_body_blue
  3 6.791369 0.908400 -0.101022 -0.944017 -0.319402 -0.082551 0.759660 0.319900 2 3 0.916752 4 0.083248
  3 6.887039 0.635110 0.791888 -0.945947 -0.266332 -0.185071 0.763420 0.335070 2 3 0.947692 4 0.052308
  3 5.817189 4.165949 1.532008 -0.989265 0.140081 0.041620 0.701570 0.341500 2 3 0.940644 2 0.059356
scout_body_blue
  3 5.918129 4.141020 -0.165613 -0.925086 0.377972 -0.036790 0.703990 0.313730 1 3 1.000000
  3 6.791369 0.908400 -0.101022 -0.944017 -0.319402 -0.082551 0.759660 0.319900 2 3 0.916752 4 0.083248
  3 5.817189 4.165949 1.532008 -0.989265 0.140081 0.041620 0.701570 0.341500 2 3 0.940644 2 0.059356
scout_body_blue
  3 7.236060 5.792430 1.440408 -0.303383 0.948000 0.096201 0.666300 0.338050 2 3 0.944945 4 0.055055
  3 5.918129 4.141020 -0.165613 -0.925086 0.377972 -0.036790 0.703990 0.313730 1 3 1.000000
  3 5.817189 4.165949 1.532008 -0.989265 0.140081 0.041620 0.701570 0.341500 2 3 0.940644 2 0.059356
scout_body_blue
  3 7.280969 5.782740 -0.132223 -0.309871 0.950655 -0.015340 0.668020 0.311380 1 3 1.000000
  3 5.918129 4.141020 -0.165613 -0.925086 0.377972 -0.036790 0.703990 0.313730 1 3 1.000000
  3 7.236060 5.792430 1.440408 -0.303383 0.948000 0.096201 0.666300 0.338050 2 3 0.944945 4 0.055055
scout_body_blue
  3 7.236060 5.792430 1.440408 -0.303383 0.948000 0.096201 0.666300 0.338050 2 3 0.944945 4 0.055055
  3 9.373860 5.237070 -0.050013 0.663151 0.748151 0.022400 0.631520 0.309290 2 3 0.914915 4 0.085085
  3 7.280969 5.782740 -0.132223 -0.309871 0.950655 -0.015340 0.668020 0.311380 1 3 1.000000
scout_body_blue
  3 9.260599 5.290990 1.601747 0.658514 0.735404 0.159811 0.631940 0.336420 2 3 0.897898 4 0.102102
  3 9.373860 5.237070 -0.050013 0.663151 0.748151 0.022400 0.631520 0.309290 2 3 0.914915 4 0.085085
  3 7.236060 5.792430 1.440408 -0.303383 0.948000 0.096201 0.666300 0.338050 2 3 0.944945 4 0.055055
scout_body_blue
  3 9.373860 5.237070 -0.050013 0.663151 0.748151 0.022400 0.631520 0.309290 2 3 0.914915 4 0.085085
  3 9.260599 5.290990 1.601747 0.658514 0.735404 0.159811 0.631940 0.336420 2 3 0.897898 4 0.102102
  3 10.603390 1.708710 1.017357 0.911881 0.398081 0.100020 0.568700 0.327060 2 3 0.589613 4 0.410387
scout_body_blue
  3 9.260599 5.290990 1.601747 0.658514 0.735404 0.159811 0.631940 0.336420 2 3 0.897898 4 0.102102
  3 9.154369 4.511890 3.604679 0.723422 0.655592 0.216471 0.622390 0.370370 2 3 0.680402 2 0.319598
  3 10.603390 1.708710 1.017357 0.911881 0.398081 0.100020 0.568700 0.327060 2 3 0.589613 4 0.410387
scout_body_blue
  3 9.154369 4.511890 3.604679 0.723422 0.655592 0.216471 0.622390 0.370370 2 3 0.680402 2 0.319598
  3 9.801449 2.733989 3.350478 0.922625 0.282431 0.262671 0.590170 0.367300 3 3 0.713714 2 0.145145 4 0.141141
  3 10.603390 1.708710 1.017357 0.911881 0.398081 0.100020 0.568700 0.327060 2 3 0.589613 4 0.410387
scout_body_blue
  3 9.154369 4.511890 3.604679 0.723422 0.655592 0.216471 0.622390 0.370370 2 3 0.680402 2 0.319598
  3 9.260599 5.290990 1.601747 0.658514 0.735404 0.159811 0.631940 0.336420 2 3 0.897898 4 0.102102
  3 7.409540 5.297010 3.101758 -0.204661 0.949103 0.239411 0.663250 0.367090 2 3 0.655311 2 0.344689
scout_body_blue
  3 9.373860 5.237070 -0.050013 0.663151 0.748151 0.022400 0.631520 0.309290 2 3 0.914915 4 0.085085
  3 10.603390 1.708710 1.017357 0.911881 0.398081 0.100020 0.568700 0.327060 2 3 0.589613 4 0.410387
  3 10.533948 2.004290 0.025087 0.907444 0.416912 0.052240 0.573780 0.310490 2 3 0.718397 4 0.281603
scout_body_blue
  9 -2.594080 0.756668 62.590050 -0.013620 -0.439484 0.898147 0.584760 0.027860 3 9 0.398398 8 0.385385 10 0.216216
  8 -0.046860 3.507468 63.806484 -0.003110 -0.443913 0.896065 0.613770 0.071860 3 8 0.784785 9 0.115115 10 0.100100
  8 -3.018448 1.543178 62.985123 0.039840 -0.435974 0.899077 0.581700 0.046500 3 8 0.297595 9 0.401804 10 0.300601
scout_body_blue
  8 -1.444150 -0.657172 61.702267 -0.013620 -0.439484 0.898147 0.593520 0.016020 3 8 0.443443 9 0.348348 10 0.208208
  8 -0.046860 3.507468 63.806484 -0.003110 -0.443913 0.896065 0.613770 0.071860 3 8 0.784785 9 0.115115 10 0.100100
  9 -2.594080 0.756668 62.590050 -0.013620 -0.439484 0.898147 0.584760 0.027860 3 9 0.398398 8 0.385385 10 0.216216
scout_body_blue
  10 -0.027960 -1.479532 61.581890 -0.003110 -0.443913 0.896065 0.613770 0.005280 2 10 0.796797 9 0.203203
  8 -0.046860 3.507468 63.806484 -0.003110 -0.443913 0.896065 0.613770 0.071860 3 8 0.784785 9 0.115115 10 0.100100
  8 -1.444150 -0.657172 61.702267 -0.013620 -0.439484 0.898147 0.593520 0.016020 3 8 0.443443 9 0.348348 10 0.208208
scout_body_blue
  10 -0.027960 -1.479532 61.581890 -0.003110 -0.443913 0.896065 0.613770 0.005280 2 10 0.796797 9 0.203203
  8 1.335210 -0.657172 61.702267 0.007380 -0.448285 0.893860 0.634020 0.016020 3 8 0.443443 9 0.348348 10 0.208208
  8 -0.046860 3.507468 63.806484 -0.003110 -0.443913 0.896065 0.613770 0.071860 3 8 0.784785 9 0.115115 10 0.100100
scout_body_blue
  8 1.335210 -0.657172 61.702267 0.007380 -0.448285 0.893860 0.634020 0.016020 3 8 0.443443 9 0.348348 10 0.208208
  9 2.485130 0.756668 62.590050 0.007380 -0.448285 0.893860 0.642780 0.027860 3 9 0.398398 8 0.385385 10 0.216216
  8 -0.046860 3.507468 63.806484 -0.003110 -0.443913 0.896065 0.613770 0.071860 3 8 0.784785 9 0.115115 10 0.100100
scout_body_blue
  8 -0.046860 3.507468 63.806484 -0.003110 -0.443913 0.896065 0.613770 0.071860 3 8 0.784785 9 0.115115 10 0.100100
  9 2.485130 0.756668 62.590050 0.007380 -0.448285 0.893860 0.642780 0.027860 3 9 0.398398 8 0.385385 10 0.216216
  8 1.206780 3.063138 63.681366 0.007380 -0.448285 0.893860 0.628440 0.068410 3 8 0.784785 9 0.115115 10 0.100100
scout_body_blue
  8 2.792291 1.620129 62.905605 0.111178 -0.373555 0.920921 0.645800 0.046500 3 8 0.297595 9 0.401804 10 0.300601
  8 1.206780 3.063138 63.681366 0.007380 -0.448285 0.893860 0.628440 0.068410 3 8 0.784785 9 0.115115 10 0.100100
  9 2.485130 0.756668 62.590050 0.007380 -0.448285 0.893860 0.642780 0.027860 3 9 0.398398 8 0.385385 10 0.216216
scout_body_blue
  11 4.097430 -2.192292 59.581429 0.874675 0.238712 0.421853 0.212240 0.879070 2 11 0.516684 8 0.483317
  11 4.045919 -1.695071 59.516739 0.874675 0.238712 0.421853 0.204990 0.884430 2 11 0.516684 8 0.483317
  8 3.169836 -0.872611 60.778320 0.859986 0.150389 0.487656 0.215200 0.917100 1 8 1.000000
scout_body_blue
  7 5.332320 -2.632111 57.623505 0.947249 0.055341 0.315683 0.193670 0.839020 3 7 0.757515 11 0.129259 8 0.113227
  11 4.045919 -1.695071 59.516739 0.874675 0.238712 0.421853 0.204990 0.884430 2 11 0.516684 8 0.483317
  11 4.097430 -2.192292 59.581429 0.874675 0.238712 0.421853 0.212240 0.879070 2 11 0.516684 8 0.483317
scout_body_blue
  7 5.390790 -2.292971 57.372318 0.947250 0.055341 0.315683 0.185670 0.837590 3 7 0.763764 11 0.126126 8 0.110110
  11 4.045919 -1.695071 59.516739 0.874675 0.238712 0.421853 0.204990 0.884430 2 11 0.516684 8 0.483317
  7 5.332320 -2.632111 57.623505 0.947249 0.055341 0.315683 0.193670 0.839020 3 7 0.757515 11 0.129259 8 0.113227
scout_body_blue
  7 5.727538 -3.988814 53.546524 0.988777 -0.079728 0.126343 0.197100 0.763100 2 7 0.941112 11 0.058888
  7 5.390790 -2.292971 57.372318 0.947250 0.055341 0.315683 0.185670 0.837590 3 7 0.763764 11 0.126126 8 0.110110
  7 5.332320 -2.632111 57.623505 0.947249 0.055341 0.315683 0.193670 0.839020 3 7 0.757515 11 0.129259 8 0.113227
scout_body_blue
  7 5.407080 2.260698 61.258583 0.392584 0.047100 0.918509 0.136650 0.942500 3 7 0.570609 12 0.253731 11 0.175660
  8 3.184940 -0.864932 60.776638 0.533086 -0.489756 0.689898 0.215160 0.917130 1 8 1.000000
  8 4.029483 -1.704925 59.518894 0.371159 -0.632474 0.679866 0.205000 0.884400 2 8 0.483317 11 0.516684
scout_body_blue
  8 3.817682 0.986302 61.599312 0.456011 -0.327003 0.827721 0.178700 0.946800 3 8 0.699399 9 0.151303 11 0.149299
  8 3.184940 -0.864932 60.776638 0.533086 -0.489756 0.689898 0.215160 0.917130 1 8 1.000000
  7 5.407080 2.260698 61.258583 0.392584 0.047100 0.918509 0.136650 0.942500 3 7 0.570609 12 0.253731 11 0.175660
scout_body_blue
  7 5.727538 -3.988814 53.546524 0.643129 -0.735898 -0.211752 0.197100 0.763100 2 7 0.941112 11 0.058888
  7 3.044190 -4.734701 54.527657 0.313463 -0.939680 0.136901 0.251500 0.777210 1 7 1.000000
  7 5.527881 -3.515161 52.809704 0.804245 -0.474263 -0.358142 0.193180 0.747830 1 7 1.000000
scout_body_blue
  7 5.727538 -3.988814 53.546524 0.643129 -0.735898 -0.211752 0.197100 0.763100 2 7 0.941112 11 0.058888
  7 5.527881 -3.515161 52.809704 0.804245 -0.474263 -0.358142 0.193180 0.747830 1 7 1.000000
  7 6.219005 -2.243728 53.647411 0.901293 -0.424095 -0.088397 0.165500 0.765900 1 7 1.000000
scout_body_blue
  7 5.390790 -2.292971 57.372318 0.527316 -0.776708 0.344474 0.185670 0.837590 3 7 0.763764 11 0.126126 8 0.110110
  7 5.727538 -3.988814 53.546524 0.643129 -0.735898 -0.211752 0.197100 0.763100 2 7 0.941112 11 0.058888
  7 6.219005 -2.243728 53.647411 0.901293 -0.424095 -0.088397 0.165500 0.765900 1 7 1.000000
scout_body_blue
  7 5.390790 -2.292971 57.372318 0.527316 -0.776708 0.344474 0.185670 0.837590 3 7 0.763764 11 0.126126 8 0.110110
  7 6.219005 -2.243728 53.647411 0.901293 -0.424095 -0.088397 0.165500 0.765900 1 7 1.000000
  7 5.624300 -1.962591 58.133926 0.704557 -0.636397 0.314003 0.176920 0.851080 3 7 0.777778 11 0.118118 8 0.104104
scout_body_blue
  7 5.390790 -2.292971 57.372318 0.527316 -0.776708 0.344474 0.185670 0.837590 3 7 0.763764 11 0.126126 8 0.110110
  7 5.624300 -1.962591 58.133926 0.704557 -0.636397 0.314003 0.176920 0.851080 3 7 0.777778 11 0.118118 8 0.104104
  8 4.029483 -1.704925 59.518894 0.371159 -0.632474 0.679866 0.205000 0.884400 2 8 0.483317 11 0.516684
scout_body_blue
  7 5.624300 -1.962591 58.133926 0.704557 -0.636397 0.314003 0.176920 0.851080 3 7 0.777778 11 0.118118 8 0.104104
  8 5.471160 -0.488031 59.995491 0.464862 -0.566662 0.680292 0.165910 0.894550 3 8 0.437437 11 0.345345 7 0.217217
  8 4.029483 -1.704925 59.518894 0.371159 -0.632474 0.679866 0.205000 0.884400 2 8 0.483317 11 0.516684
scout_body_blue
  8 4.029483 -1.704925 59.518894 0.371159 -0.632474 0.679866 0.205000 0.884400 2 8 0.483317 11 0.516684
  8 5.471160 -0.488031 59.995491 0.464862 -0.566662 0.680292 0.165910 0.894550 3 8 0.437437 11 0.345345 7 0.217217
  7 5.399433 2.247532 61.261520 0.175900 -0.066228 0.982178 0.136600 0.942500 3 7 0.570609 11 0.175660 12 0.253731
scout_body_blue
  7 5.399433 2.247532 61.261520 0.175900 -0.066228 0.982178 0.136600 0.942500 3 7 0.570609 11 0.175660 12 0.253731
  8 5.471160 -0.488031 59.995491 0.464862 -0.566662 0.680292 0.165910 0.894550 3 8 0.437437 11 0.345345 7 0.217217
  7 6.445093 2.641201 61.047188 0.165798 0.212503 0.962992 0.115200 0.933500 3 7 0.298475 11 0.100218 12 0.601307
scout_body_blue
  8 6.330297 0.070937 59.424938 0.734623 -0.468525 0.490727 0.142300 0.884100 3 8 0.336336 11 0.324324 12 0.339339
  7 6.445093 2.641201 61.047188 0.165798 0.212503 0.962992 0.115200 0.933500 3 7 0.298475 11 0.100218 12 0.601307
  8 5.471160 -0.488031 59.995491 0.464862 -0.566662 0.680292 0.165910 0.894550 3 8 0.437437 11 0.345345 7 0.217217
scout_body_blue
  8 5.471160 -0.488031 59.995491 0.464862 -0.566662 0.680292 0.165910 0.894550 3 8 0.437437 11 0.345345 7 0.217217
  7 5.624300 -1.962591 58.133926 0.704557 -0.636397 0.314003 0.176920 0.851080 3 7 0.777778 11 0.118118 8 0.104104
  8 6.330297 0.070937 59.424938 0.734623 -0.468525 0.490727 0.142300 0.884100 3 8 0.336336 11 0.324324 12 0.339339
scout_body_blue
  7 6.349619 -0.719112 57.196346 0.952293 -0.245421 0.181401 0.144930 0.840650 2 7 0.542543 12 0.457458
  8 6.330297 0.070937 59.424938 0.734623 -0.468525 0.490727 0.142300 0.884100 3 8 0.336336 11 0.324324 12 0.339339
  7 5.624300 -1.962591 58.133926 0.704557 -0.636397 0.314003 0.176920 0.851080 3 7 0.777778 11 0.118118 8 0.104104
scout_body_blue
  7 6.618830 -1.749362 54.026505 0.904636 -0.424123 -0.041870 0.153780 0.774470 2 7 0.750265 12 0.249736
  7 6.349619 -0.719112 57.196346 0.952293 -0.245421 0.181401 0.144930 0.840650 2 7 0.542543 12 0.457458
  7 5.624300 -1.962591 58.133926 0.704557 -0.636397 0.314003 0.176920 0.851080 3 7 0.777778 11 0.118118 8 0.104104
scout_body_blue
  7 6.349619 -0.719112 57.196346 0.952293 -0.245421 0.181401 0.144930 0.840650 2 7 0.542543 12 0.457458
  7 6.618830 -1.749362 54.026505 0.904636 -0.424123 -0.041870 0.153780 0.774470 2 7 0.750265 12 0.249736
  12 6.641190 -0.717462 54.809868 0.995338 -0.093981 0.021680 0.133340 0.794770 3 12 0.405269 7 0.356636 8 0.238095
scout_body_blue
  12 6.641190 -0.717462 54.809868 0.995338 -0.093981 0.021680 0.133340 0.794770 3 12 0.405269 7 0.356636 8 0.238095
  7 6.618830 -1.749362 54.026505 0.904636 -0.424123 -0.041870 0.153780 0.774470 2 7 0.750265 12 0.249736
  7 6.261384 -1.238423 52.277180 0.943732 -0.232409 -0.235279 0.143600 0.742200 2 7 0.645096 8 0.354904
scout_body_blue
  7 6.261384 -1.238423 52.277180 0.921954 -0.339056 -0.187193 0.143600 0.742200 2 7 0.645096 8 0.354904
  7 6.618830 -1.749362 54.026505 0.904636 -0.424123 -0.041870 0.153780 0.774470 2 7 0.750265 12 0.249736
  7 6.219005 -2.243728 53.647411 0.901293 -0.424095 -0.088397 0.165500 0.765900 1 7 1.000000
scout_body_blue
  7 6.618830 -1.749362 54.026505 0.904636 -0.424123 -0.041870 0.153780 0.774470 2 7 0.750265 12 0.249736
  7 5.624300 -1.962591 58.133926 0.704557 -0.636397 0.314003 0.176920 0.851080 3 7 0.777778 11 0.118118 8 0.104104
  7 6.219005 -2.243728 53.647411 0.901293 -0.424095 -0.088397 0.165500 0.765900 1 7 1.000000
scout_body_blue
  7 5.527881 -3.515161 52.809704 0.804245 -0.474263 -0.358142 0.193180 0.747830 1 7 1.000000
  5 4.470307 -3.234044 47.808342 0.946907 -0.309629 -0.086585 0.203000 0.643200 3 5 0.221122 6 0.205721 7 0.573157
  7 6.219005 -2.243728 53.647411 0.901293 -0.424095 -0.088397 0.165500 0.765900 1 7 1.000000
scout_body_blue
  5 5.388169 1.640790 44.217094 0.572954 0.435743 -0.694155 0.112170 0.517800 3 5 0.533487 6 0.260970 0 0.205543
  0 6.290999 1.094835 44.410702 0.918778 0.273594 -0.284594 0.120900 0.549200 3 0 0.133267 5 0.561122 6 0.305611
  0 5.818840 -0.328420 43.573605 0.846559 -0.099751 -0.522865 0.152850 0.504280 2 0 0.737738 5 0.262262
scout_body_blue
  0 5.818840 -0.328420 43.573605 0.846559 -0.099751 -0.522865 0.152850 0.504280 2 0 0.737738 5 0.262262
  0 6.290999 1.094835 44.410702 0.918778 0.273594 -0.284594 0.120900 0.549200 3 0 0.133267 5 0.561122 6 0.305611
  0 6.168510 -0.394680 44.094589 0.946348 -0.322573 0.019300 0.154910 0.524250 2 0 0.684685 5 0.315315
scout_body_blue
  0 5.818840 -0.328420 43.573605 0.846559 -0.099751 -0.522865 0.152850 0.504280 2 0 0.737738 5 0.262262
  0 6.168510 -0.394680 44.094589 0.946348 -0.322573 0.019300 0.154910 0.524250 2 0 0.684685 5 0.315315
  0 5.020714 -2.483004 43.294510 0.683827 -0.537086 0.493882 0.193800 0.501900 3 0 0.458459 5 0.464465 6 0.077077
scout_body_blue
  0 6.168510 -0.394680 44.094589 0.946348 -0.322573 0.019300 0.154910 0.524250 2 0 0.684685 5 0.315315
  0 5.099800 -1.850770 43.791718 0.822162 -0.503973 0.264690 0.183600 0.514500 3 0 0.460922 5 0.459920 6 0.079158
  0 5.020714 -2.483004 43.294510 0.683827 -0.537086 0.493882 0.193800 0.501900 3 0 0.458459 5 0.464465 6 0.077077
scout_body_blue
  0 5.099800 -1.850770 43.791718 0.822162 -0.503973 0.264690 0.183600 0.514500 3 0 0.460922 5 0.459920 6 0.079158
  0 6.168510 -0.394680 44.094589 0.946348 -0.322573 0.019300 0.154910 0.524250 2 0 0.684685 5 0.315315
  5 5.392569 -1.148510 44.608711 0.906065 -0.336172 0.256971 0.170820 0.544130 3 5 0.489980 0 0.431864 6 0.078156
scout_body_blue
  0 4.514826 -3.956366 44.334763 0.800327 -0.475460 -0.365259 0.217100 0.541900 3 0 0.423848 5 0.497996 6 0.078156
  0 5.099800 -1.850770 43.791718 0.822162 -0.503973 0.264690 0.183600 0.514500 3 0 0.460922 5 0.459920 6 0.079158
  5 5.392569 -1.148510 44.608711 0.906065 -0.336172 0.256971 0.170820 0.544130 3 5 0.489980 0 0.431864 6 0.078156
scout_body_blue
  5 5.220110 -0.757640 47.174911 0.970251 -0.242083 -0.003130 0.148220 0.621230 3 5 0.378758 6 0.363728 0 0.257515
  0 4.514826 -3.956366 44.334763 0.800327 -0.475460 -0.365259 0.217100 0.541900 3 0 0.423848 5 0.497996 6 0.078156
  5 5.392569 -1.148510 44.608711 0.906065 -0.336172 0.256971 0.170820 0.544130 3 5 0.489980 0 0.431864 6 0.078156
scout_body_blue
  0 4.514826 -3.956366 44.334763 0.800327 -0.475460 -0.365259 0.217100 0.541900 3 0 0.423848 5 0.497996 6 0.078156
  5 5.220110 -0.757640 47.174911 0.970251 -0.242083 -0.003130 0.148220 0.621230 3 5 0.378758 6 0.363728 0 0.257515
  5 4.470307 -3.234044 47.808342 0.946907 -0.309629 -0.086585 0.203000 0.643200 3 5 0.221122 6 0.205721 7 0.573157
scout_body_blue
  5 4.470307 -3.234044 47.808342 0.946907 -0.309629 -0.086585 0.203000 0.643200 3 5 0.221122 6 0.205721 7 0.573157
  5 5.220110 -0.757640 47.174911 0.970251 -0.242083 -0.003130 0.148220 0.621230 3 5 0.378758 6 0.363728 0 0.257515
  7 6.219005 -2.243728 53.647411 0.901293 -0.424095 -0.088397 0.165500 0.765900 1 7 1.000000
scout_body_blue
  7 6.261384 -1.238423 52.277180 0.943732 -0.232409 -0.235279 0.143600 0.742200 2 7 0.645096 8 0.354904
  7 6.219005 -2.243728 53.647411 0.901293 -0.424095 -0.088397 0.165500 0.765900 1 7 1.000000
  5 5.220110 -0.757640 47.174911 0.970251 -0.242083 -0.003130 0.148220 0.621230 3 5 0.378758 6 0.363728 0 0.257515
scout_body_blue
  5 5.392569 -1.148510 44.608711 0.906065 -0.336172 0.256971 0.170820 0.544130 3 5 0.489980 0 0.431864 6 0.078156
  0 6.168510 -0.394680 44.094589 0.946348 -0.322573 0.019300 0.154910 0.524250 2 0 0.684685 5 0.315315
  0 6.290999 1.094835 44.410702 0.918778 0.273594 -0.284594 0.120900 0.549200 3 0 0.133267 5 0.561122 6 0.305611
scout_body_blue
  0 6.290999 1.094835 44.410702 0.918778 0.273594 -0.284594 0.120900 0.549200 3 0 0.133267 5 0.561122 6 0.305611
  5 5.220110 -0.757640 47.174911 0.970251 -0.242083 -0.003130 0.148220 0.621230 3 5 0.378758 6 0.363728 0 0.257515
  5 5.392569 -1.148510 44.608711 0.906065 -0.336172 0.256971 0.170820 0.544130 3 5 0.489980 0 0.431864 6 0.078156
scout_body_blue
  6 5.371950 1.965039 47.150757 0.943729 0.307923 -0.120661 0.091950 0.626960 2 6 0.924388 5 0.075612
  5 5.220110 -0.757640 47.174911 0.970251 -0.242083 -0.003130 0.148220 0.621230 3 5 0.378758 6 0.363728 0 0.257515
  0 6.290999 1.094835 44.410702 0.918778 0.273594 -0.284594 0.120900 0.549200 3 0 0.133267 5 0.561122 6 0.305611
scout_body_blue
  6 5.371950 1.965039 47.150757 0.943729 0.307923 -0.120661 0.091950 0.626960 2 6 0.924388 5 0.075612
  8 6.386010 1.885139 51.293095 0.891255 0.160471 -0.424162 0.081760 0.708340 2 8 0.694726 12 0.305274
  5 5.220110 -0.757640 47.174911 0.970251 -0.242083 -0.003130 0.148220 0.621230 3 5 0.378758 6 0.363728 0 0.257515
scout_body_blue
  7 6.261384 -1.238423 52.277180 0.943732 -0.232409 -0.235279 0.143600 0.742200 2 7 0.645096 8 0.354904
  5 5.220110 -0.757640 47.174911 0.970251 -0.242083 -0.003130 0.148220 0.621230 3 5 0.378758 6 0.363728 0 0.257515
  8 6.386010 1.885139 51.293095 0.891255 0.160471 -0.424162 0.081760 0.708340 2 8 0.694726 12 0.305274
scout_body_blue
  8 6.869096 2.200564 51.611595 0.401500 0.327498 -0.855303 0.072500 0.721200 2 8 0.470707 12 0.529293
  7 6.261384 -1.238423 52.277180 0.943732 -0.232409 -0.235279 0.143600 0.742200 2 7 0.645096 8 0.354904
  8 6.386010 1.885139 51.293095 0.891255 0.160471 -0.424162 0.081760 0.708340 2 8 0.694726 12 0.305274
scout_body_blue
  0 3.810457 -4.048239 43.114174 0.277065 -0.628079 0.727153 0.222800 0.494500 3 0 0.442886 5 0.481964 6 0.075150
  0 5.020714 -2.483004 43.294510 0.683827 -0.537086 0.493882 0.193800 0.501900 3 0 0.458459 5 0.464465 6 0.077077
  5 4.006140 -3.526240 43.484390 0.643838 -0.758900 -0.097691 0.218470 0.505670 3 5 0.501002 0 0.421844 6 0.077154
scout_body_blue
  0 5.020714 -2.483004 43.294510 0.683827 -0.537086 0.493882 0.193800 0.501900 3 0 0.458459 5 0.464465 6 0.077077
  0 5.099800 -1.850770 43.791718 0.822162 -0.503973 0.264690 0.183600 0.514500 3 0 0.460922 5 0.459920 6 0.079158
  5 4.006140 -3.526240 43.484390 0.643838 -0.758900 -0.097691 0.218470 0.505670 3 5 0.501002 0 0.421844 6 0.077154
scout_body_blue
  5 4.006140 -3.526240 43.484390 0.643838 -0.758900 -0.097691 0.218470 0.505670 3 5 0.501002 0 0.421844 6 0.077154
  0 5.099800 -1.850770 43.791718 0.822162 -0.503973 0.264690 0.183600 0.514500 3 0 0.460922 5 0.459920 6 0.079158
  0 4.514826 -3.956366 44.334763 0.800327 -0.475460 -0.365259 0.217100 0.541900 3 0 0.423848 5 0.497996 6 0.078156
scout_body_blue
  5 4.006140 -3.526240 43.484390 0.643838 -0.758900 -0.097691 0.218470 0.505670 3 5 0.501002 0 0.421844 6 0.077154
  0 4.514826 -3.956366 44.334763 0.800327 -0.475460 -0.365259 0.217100 0.541900 3 0 0.423848 5 0.497996 6 0.078156
  0 -0.065560 -5.843643 43.504150 -0.001237 -0.669297 -0.742994 0.313200 0.489200 3 0 0.328328 5 0.498499 6 0.173173
scout_body_blue
  0 -0.065560 -5.843643 43.504150 -0.001237 -0.669297 -0.742994 0.313200 0.489200 3 0 0.328328 5 0.498499 6 0.173173
  0 -0.051635 -5.210549 42.960712 -0.000331 -0.706709 -0.707504 0.313200 0.475600 3 0 0.328657 5 0.498998 6 0.172345
  5 4.006140 -3.526240 43.484390 0.643838 -0.758900 -0.097691 0.218470 0.505670 3 5 0.501002 0 0.421844 6 0.077154
scout_body_blue
  0 -0.065560 -5.843643 43.504150 -0.001237 -0.669297 -0.742994 0.313200 0.489200 3 0 0.328328 5 0.498499 6 0.173173
  5 -4.101550 -3.526250 43.484390 -0.643838 -0.758900 -0.097691 0.407870 0.505670 3 5 0.501002 0 0.421844 6 0.077154
  0 -0.051635 -5.210549 42.960712 -0.000331 -0.706709 -0.707504 0.313200 0.475600 3 0 0.328657 5 0.498998 6 0.172345
scout_body_blue
  5 -4.101550 -3.526250 43.484390 -0.643838 -0.758900 -0.097691 0.407870 0.505670 3 5 0.501002 0 0.421844 6 0.077154
  0 -3.932314 -4.029253 43.109966 -0.280933 -0.626710 0.726849 0.403500 0.494500 3 0 0.442886 5 0.481964 6 0.075150
  0 -0.051635 -5.210549 42.960712 -0.000331 -0.706709 -0.707504 0.313200 0.475600 3 0 0.328657 5 0.498998 6 0.172345
scout_body_blue
  0 -3.932314 -4.029253 43.109966 -0.280933 -0.626710 0.726849 0.403500 0.494500 3 0 0.442886 5 0.481964 6 0.075150
  5 -4.101550 -3.526250 43.484390 -0.643838 -0.758900 -0.097691 0.407870 0.505670 3 5 0.501002 0 0.421844 6 0.077154
  0 -5.127867 -2.467667 43.291142 -0.699861 -0.500287 0.509811 0.432500 0.501900 3 0 0.465932 5 0.458918 6 0.075150
scout_body_blue
  5 -4.101550 -3.526250 43.484390 -0.643838 -0.758900 -0.097691 0.407870 0.505670 3 5 0.501002 0 0.421844 6 0.077154
  0 -5.195201 -1.850820 43.791698 -0.861754 -0.496732 0.103140 0.442700 0.514470 3 0 0.460922 5 0.459920 6 0.079158
  0 -5.127867 -2.467667 43.291142 -0.699861 -0.500287 0.509811 0.432500 0.501900 3 0 0.465932 5 0.458918 6 0.075150
scout_body_blue
  0 -5.127867 -2.467667 43.291142 -0.699861 -0.500287 0.509811 0.432500 0.501900 3 0 0.465932 5 0.458918 6 0.075150
  0 -5.195201 -1.850820 43.791698 -0.861754 -0.496732 0.103140 0.442700 0.514470 3 0 0.460922 5 0.459920 6 0.079158
  0 -5.914250 -0.328420 43.573605 -0.951091 -0.046170 -0.305440 0.473490 0.504280 2 0 0.737738 5 0.262262
scout_body_blue
  0 -0.051635 -5.210549 42.960712 -0.000331 -0.706709 -0.707504 0.313200 0.475600 3 0 0.328657 5 0.498998 6 0.172345
  0 3.810457 -4.048239 43.114174 0.277065 -0.628079 0.727153 0.222800 0.494500 3 0 0.442886 5 0.481964 6 0.075150
  5 4.006140 -3.526240 43.484390 0.643838 -0.758900 -0.097691 0.218470 0.505670 3 5 0.501002 0 0.421844 6 0.077154
scout_body_blue
  0 -4.637547 -3.933921 44.329788 -0.766054 -0.603218 -0.222012 0.409200 0.541900 3 0 0.423848 5 0.497996 6 0.078156
  0 -5.195201 -1.850820 43.791698 -0.861754 -0.496732 0.103140 0.442700 0.514470 3 0 0.460922 5 0.459920 6 0.079158
  5 -4.101550 -3.526250 43.484390 -0.643838 -0.758900 -0.097691 0.407870 0.505670 3 5 0.501002 0 0.421844 6 0.077154
scout_body_blue
  0 -0.065560 -5.843643 43.504150 -0.001237 -0.669297 -0.742994 0.313200 0.489200 3 0 0.328328 5 0.498499 6 0.173173
  0 -4.637547 -3.933921 44.329788 -0.766054 -0.603218 -0.222012 0.409200 0.541900 3 0 0.423848 5 0.497996 6 0.078156
  5 -4.101550 -3.526250 43.484390 -0.643838 -0.758900 -0.097691 0.407870 0.505670 3 5 0.501002 0 0.421844 6 0.077154
scout_body_blue
  7 -6.445041 -0.719122 57.122223 -0.956189 -0.232272 0.178192 0.481410 0.840650 2 7 0.542543 27 0.457458
  7 -5.719719 -1.962601 58.059807 -0.700485 -0.639685 0.316422 0.449420 0.851080 3 7 0.777778 26 0.118118 8 0.104104
  8 -6.442796 0.102162 59.292885 -0.757019 -0.444423 0.478968 0.484100 0.884100 3 8 0.336336 26 0.324324 27 0.339339
scout_body_blue
  7 -5.719719 -1.962601 58.059807 -0.700485 -0.639685 0.316422 0.449420 0.851080 3 7 0.777778 26 0.118118 8 0.104104
  7 -6.445041 -0.719122 57.122223 -0.956189 -0.232272 0.178192 0.481410 0.840650 2 7 0.542543 27 0.457458
  27 -6.820601 -1.322082 54.658901 -0.991048 -0.133401 0.005250 0.480200 0.789380 3 27 0.510122 7 0.295547 8 0.194332
scout_body_blue
  7 -6.727790 -1.732859 53.949345 -0.972132 -0.225519 -0.064029 0.472600 0.774500 2 7 0.750265 27 0.249736
  7 -5.719719 -1.962601 58.059807 -0.700485 -0.639685 0.316422 0.449420 0.851080 3 7 0.777778 26 0.118118 8 0.104104
  27 -6.820601 -1.322082 54.658901 -0.991048 -0.133401 0.005250 0.480200 0.789380 3 27 0.510122 7 0.295547 8 0.194332
scout_body_blue
  27 -6.820601 -1.322082 54.658901 -0.991048 -0.133401 0.005250 0.480200 0.789380 3 27 0.510122 7 0.295547 8 0.194332
  7 -6.368120 -1.223081 52.482597 -0.928595 -0.198251 -0.313701 0.482750 0.742220 2 7 0.645096 8 0.354904
  7 -6.727790 -1.732859 53.949345 -0.972132 -0.225519 -0.064029 0.472600 0.774500 2 7 0.750265 27 0.249736
scout_body_blue
  7 -6.727790 -1.732859 53.949345 -0.972132 -0.225519 -0.064029 0.472600 0.774500 2 7 0.750265 27 0.249736
  7 -6.368120 -1.223081 52.482597 -0.928595 -0.198251 -0.313701 0.482750 0.742220 2 7 0.645096 8 0.354904
  5 -4.589253 -3.211827 47.415306 -0.865589 -0.495983 -0.068969 0.423400 0.643200 3 5 0.221122 6 0.205721 7 0.573157
scout_body_blue
  5 -5.161110 -0.448830 46.701103 -0.972462 -0.232811 -0.010790 0.478120 0.621230 3 5 0.378758 6 0.363728 0 0.257515
  5 -4.589253 -3.211827 47.415306 -0.865589 -0.495983 -0.068969 0.423400 0.643200 3 5 0.221122 6 0.205721 7 0.573157
  7 -6.368120 -1.223081 52.482597 -0.928595 -0.198251 -0.313701 0.482750 0.742220 2 7 0.645096 8 0.354904
scout_body_blue
  5 -4.589253 -3.211827 47.415306 -0.865589 -0.495983 -0.068969 0.423400 0.643200 3 5 0.221122 6 0.205721 7 0.573157
  5 -5.161110 -0.448830 46.701103 -0.972462 -0.232811 -0.010790 0.478120 0.621230 3 5 0.378758 6 0.363728 0 0.257515
  0 -4.637547 -3.933921 44.329788 -0.766054 -0.603218 -0.222012 0.409200 0.541900 3 0 0.423848 5 0.497996 6 0.078156
scout_body_blue
  5 -5.187410 -1.148510 44.656162 -0.844227 -0.379893 0.378103 0.455510 0.544130 3 5 0.489980 0 0.431864 6 0.078156
  0 -4.637547 -3.933921 44.329788 -0.766054 -0.603218 -0.222012 0.409200 0.541900 3 0 0.423848 5 0.497996 6 0.078156
  5 -5.161110 -0.448830 46.701103 -0.972462 -0.232811 -0.010790 0.478120 0.621230 3 5 0.378758 6 0.363728 0 0.257515
scout_body_blue
  5 -5.187410 -1.148510 44.656162 -0.844227 -0.379893 0.378103 0.455510 0.544130 3 5 0.489980 0 0.431864 6 0.078156
  0 -5.195201 -1.850820 43.791698 -0.861754 -0.496732 0.103140 0.442700 0.514470 3 0 0.460922 5 0.459920 6 0.079158
  0 -4.637547 -3.933921 44.329788 -0.766054 -0.603218 -0.222012 0.409200 0.541900 3 0 0.423848 5 0.497996 6 0.078156
scout_body_blue
  5 -5.187410 -1.148510 44.656162 -0.844227 -0.379893 0.378103 0.455510 0.544130 3 5 0.489980 0 0.431864 6 0.078156
  0 -6.369000 -0.379063 44.279514 -0.978312 -0.195600 0.068168 0.471400 0.524200 2 0 0.684685 5 0.315315
  0 -5.195201 -1.850820 43.791698 -0.861754 -0.496732 0.103140 0.442700 0.514470 3 0 0.460922 5 0.459920 6 0.079158
scout_body_blue
  0 -5.914250 -0.328420 43.573605 -0.951091 -0.046170 -0.305440 0.473490 0.504280 2 0 0.737738 5 0.262262
  0 -5.195201 -1.850820 43.791698 -0.861754 -0.496732 0.103140 0.442700 0.514470 3 0 0.460922 5 0.459920 6 0.079158
  0 -6.369000 -0.379063 44.279514 -0.978312 -0.195600 0.068168 0.471400 0.524200 2 0 0.684685 5 0.315315
scout_body_blue
  0 -6.369000 -0.379063 44.279514 -0.978312 -0.195600 0.068168 0.471400 0.524200 2 0 0.684685 5 0.315315
  6 -6.073359 1.094840 45.265038 -0.959674 0.265881 0.091280 0.505400 0.549240 1 6 1.000000
  0 -5.914250 -0.328420 43.573605 -0.951091 -0.046170 -0.305440 0.473490 0.504280 2 0 0.737738 5 0.262262
scout_body_blue
  5 -5.483590 1.640790 44.217094 -0.806597 0.534135 -0.253182 0.514170 0.517800 3 5 0.533487 6 0.260970 0 0.205543
  0 -5.914250 -0.328420 43.573605 -0.951091 -0.046170 -0.305440 0.473490 0.504280 2 0 0.737738 5 0.262262
  6 -6.073359 1.094840 45.265038 -0.959674 0.265881 0.091280 0.505400 0.549240 1 6 1.000000
scout_body_blue
  7 -5.624631 -3.514078 52.735973 -0.721393 -0.619255 -0.310024 0.433200 0.747800 1 7 1.000000
  7 -6.727790 -1.732859 53.949345 -0.972132 -0.225519 -0.064029 0.472600 0.774500 2 7 0.750265 27 0.249736
  5 -4.589253 -3.211827 47.415306 -0.865589 -0.495983 -0.068969 0.423400 0.643200 3 5 0.221122 6 0.205721 7 0.573157
scout_body_blue
  8 -6.442796 0.102162 59.292885 -0.757019 -0.444423 0.478968 0.484100 0.884100 3 8 0.336336 26 0.324324 27 0.339339
  7 -5.719719 -1.962601 58.059807 -0.700485 -0.639685 0.316422 0.449420 0.851080 3 7 0.777778 26 0.118118 8 0.104104
  8 -5.568630 -0.480292 59.901295 -0.495076 -0.566617 0.658668 0.460430 0.894550 3 8 0.437437 26 0.345345 7 0.217217
scout_body_blue
  7 -6.737546 -0.716076 54.816898 -0.987975 0.108699 0.109954 0.493000 0.794800 3 7 0.356636 8 0.238095 27 0.405269
  27 -6.820601 -1.322082 54.658901 -0.991048 -0.133401 0.005250 0.480200 0.789380 3 27 0.510122 7 0.295547 8 0.194332
  7 -6.445041 -0.719122 57.122223 -0.956189 -0.232272 0.178192 0.481410 0.840650 2 7 0.542543 27 0.457458
scout_body_blue
  7 -6.830856 0.194996 52.834778 -0.927045 -0.203831 -0.314708 0.517200 0.748200 3 7 0.186186 8 0.588589 27 0.225225
  27 -6.820601 -1.322082 54.658901 -0.991048 -0.133401 0.005250 0.480200 0.789380 3 27 0.510122 7 0.295547 8 0.194332
  7 -6.737546 -0.716076 54.816898 -0.987975 0.108699 0.109954 0.493000 0.794800 3 7 0.356636 8 0.238095 27 0.405269
scout_body_blue
  7 -6.368120 -1.223081 52.482597 -0.928595 -0.198251 -0.313701 0.482750 0.742220 2 7 0.645096 8 0.354904
  27 -6.820601 -1.322082 54.658901 -0.991048 -0.133401 0.005250 0.480200 0.789380 3 27 0.510122 7 0.295547 8 0.194332
  7 -6.830856 0.194996 52.834778 -0.927045 -0.203831 -0.314708 0.517200 0.748200 3 7 0.186186 8 0.588589 27 0.225225
scout_body_blue
  8 -6.751102 1.911238 51.767792 -0.623803 -0.158205 -0.765403 0.547000 0.720400 2 8 0.688641 27 0.311359
  7 -6.368120 -1.223081 52.482597 -0.928595 -0.198251 -0.313701 0.482750 0.742220 2 7 0.645096 8 0.354904
  7 -6.830856 0.194996 52.834778 -0.927045 -0.203831 -0.314708 0.517200 0.748200 3 7 0.186186 8 0.588589 27 0.225225
scout_body_blue
  7 -6.368120 -1.223081 52.482597 -0.928595 -0.198251 -0.313701 0.482750 0.742220 2 7 0.645096 8 0.354904
  8 -6.751102 1.911238 51.767792 -0.623803 -0.158205 -0.765403 0.547000 0.720400 2 8 0.688641 27 0.311359
  5 -5.161110 -0.448830 46.701103 -0.972462 -0.232811 -0.010790 0.478120 0.621230 3 5 0.378758 6 0.363728 0 0.257515
scout_body_blue
  5 -5.161110 -0.448830 46.701103 -0.972462 -0.232811 -0.010790 0.478120 0.621230 3 5 0.378758 6 0.363728 0 0.257515
  8 -6.751102 1.911238 51.767792 -0.623803 -0.158205 -0.765403 0.547000 0.720400 2 8 0.688641 27 0.311359
  6 -5.789090 2.022579 46.904926 -0.920656 0.362872 -0.143931 0.534380 0.626960 2 6 0.924388 5 0.075612
scout_body_blue
  5 -5.161110 -0.448830 46.701103 -0.972462 -0.232811 -0.010790 0.478120 0.621230 3 5 0.378758 6 0.363728 0 0.257515
  6 -5.789090 2.022579 46.904926 -0.920656 0.362872 -0.143931 0.534380 0.626960 2 6 0.924388 5 0.075612
  6 -6.073359 1.094840 45.265038 -0.959674 0.265881 0.091280 0.505400 0.549240 1 6 1.000000
scout_body_blue
  5 -5.187410 -1.148510 44.656162 -0.844227 -0.379893 0.378103 0.455510 0.544130 3 5 0.489980 0 0.431864 6 0.078156
  5 -5.161110 -0.448830 46.701103 -0.972462 -0.232811 -0.010790 0.478120 0.621230 3 5 0.378758 6 0.363728 0 0.257515
  6 -6.073359 1.094840 45.265038 -0.959674 0.265881 0.091280 0.505400 0.549240 1 6 1.000000
scout_body_blue
  6 -6.073359 1.094840 45.265038 -0.959674 0.265881 0.091280 0.505400 0.549240 1 6 1.000000
  0 -6.369000 -0.379063 44.279514 -0.978312 -0.195600 0.068168 0.471400 0.524200 2 0 0.684685 5 0.315315
  5 -5.187410 -1.148510 44.656162 -0.844227 -0.379893 0.378103 0.455510 0.544130 3 5 0.489980 0 0.431864 6 0.078156
scout_body_blue
  8 -6.964511 2.200542 51.611595 0.651925 0.167604 -0.739529 0.553800 0.721200 2 8 0.470707 27 0.529293
  8 -6.751102 1.911238 51.767792 -0.623803 -0.158205 -0.765403 0.547000 0.720400 2 8 0.688641 27 0.311359
  7 -6.830856 0.194996 52.834778 -0.927045 -0.203831 -0.314708 0.517200 0.748200 3 7 0.186186 8 0.588589 27 0.225225
scout_body_blue
  27 -6.541721 2.616228 60.837379 -0.768706 -0.013260 0.639465 0.511170 0.933540 3 27 0.592593 7 0.305011 26 0.102397
  27 -6.609911 2.668538 60.489319 -0.943556 -0.087731 0.319382 0.516340 0.927510 3 27 0.592593 7 0.305011 26 0.102397
  8 -6.442796 0.102162 59.292885 -0.757019 -0.444423 0.478968 0.484100 0.884100 3 8 0.336336 26 0.324324 27 0.339339
scout_body_blue
  8 -5.568630 -0.480292 59.901295 -0.495076 -0.566617 0.658668 0.460430 0.894550 3 8 0.437437 26 0.345345 7 0.217217
  27 -6.541721 2.616228 60.837379 -0.768706 -0.013260 0.639465 0.511170 0.933540 3 27 0.592593 7 0.305011 26 0.102397
  8 -6.442796 0.102162 59.292885 -0.757019 -0.444423 0.478968 0.484100 0.884100 3 8 0.336336 26 0.324324 27 0.339339
scout_body_blue
  7 -5.549304 2.244179 61.322292 -0.384420 -0.103403 0.917349 0.489700 0.942500 3 7 0.570609 26 0.175660 27 0.253731
  27 -6.541721 2.616228 60.837379 -0.768706 -0.013260 0.639465 0.511170 0.933540 3 27 0.592593 7 0.305011 26 0.102397
  8 -5.568630 -0.480292 59.901295 -0.495076 -0.566617 0.658668 0.460430 0.894550 3 8 0.437437 26 0.345345 7 0.217217
scout_body_blue
  7 -5.549304 2.244179 61.322292 -0.384420 -0.103403 0.917349 0.489700 0.942500 3 7 0.570609 26 0.175660 27 0.253731
  8 -5.568630 -0.480292 59.901295 -0.495076 -0.566617 0.658668 0.460430 0.894550 3 8 0.437437 26 0.345345 7 0.217217
  26 -4.139359 -1.698603 59.412086 -0.245612 -0.639155 0.728805 0.421350 0.884430 2 26 0.516684 8 0.483317
scout_body_blue
  26 -4.139359 -1.698603 59.412086 -0.245612 -0.639155 0.728805 0.421350 0.884430 2 26 0.516684 8 0.483317
  8 -5.568630 -0.480292 59.901295 -0.495076 -0.566617 0.658668 0.460430 0.894550 3 8 0.437437 26 0.345345 7 0.217217
  7 -5.719719 -1.962601 58.059807 -0.700485 -0.639685 0.316422 0.449420 0.851080 3 7 0.777778 26 0.118118 8 0.104104
scout_body_blue
  7 -5.486209 -2.292972 57.298798 -0.525686 -0.776468 0.347494 0.440670 0.837590 3 7 0.763764 26 0.126126 8 0.110110
  26 -4.139359 -1.698603 59.412086 -0.245612 -0.639155 0.728805 0.421350 0.884430 2 26 0.516684 8 0.483317
  7 -5.719719 -1.962601 58.059807 -0.700485 -0.639685 0.316422 0.449420 0.851080 3 7 0.777778 26 0.118118 8 0.104104
scout_body_blue
  7 -5.719719 -1.962601 58.059807 -0.700485 -0.639685 0.316422 0.449420 0.851080 3 7 0.777778 26 0.118118 8 0.104104
  7 -6.727790 -1.732859 53.949345 -0.972132 -0.225519 -0.064029 0.472600 0.774500 2 7 0.750265 27 0.249736
  7 -5.486209 -2.292972 57.298798 -0.525686 -0.776468 0.347494 0.440670 0.837590 3 7 0.763764 26 0.126126 8 0.110110
scout_body_blue
  7 -6.727790 -1.732859 53.949345 -0.972132 -0.225519 -0.064029 0.472600 0.774500 2 7 0.750265 27 0.249736
  7 -5.860395 -3.960395 53.482422 -0.618220 -0.755764 -0.215927 0.429200 0.763100 2 7 0.941112 26 0.058888
  7 -5.486209 -2.292972 57.298798 -0.525686 -0.776468 0.347494 0.440670 0.837590 3 7 0.763764 26 0.126126 8 0.110110
scout_body_blue
  7 -6.727790 -1.732859 53.949345 -0.972132 -0.225519 -0.064029 0.472600 0.774500 2 7 0.750265 27 0.249736
  7 -5.624631 -3.514078 52.735973 -0.721393 -0.619255 -0.310024 0.433200 0.747800 1 7 1.000000
  7 -5.860395 -3.960395 53.482422 -0.618220 -0.755764 -0.215927 0.429200 0.763100 2 7 0.941112 26 0.058888
scout_body_blue
  7 -5.860395 -3.960395 53.482422 -0.618220 -0.755764 -0.215927 0.429200 0.763100 2 7 0.941112 26 0.058888
  7 -5.624631 -3.514078 52.735973 -0.721393 -0.619255 -0.310024 0.433200 0.747800 1 7 1.000000
  7 -3.139610 -4.734700 54.508205 -0.314312 -0.939225 0.138071 0.374840 0.777210 1 7 1.000000
scout_body_blue
  7 -3.139610 -4.734700 54.508205 -0.314312 -0.939225 0.138071 0.374840 0.777210 1 7 1.000000
  7 -5.624631 -3.514078 52.735973 -0.721393 -0.619255 -0.310024 0.433200 0.747800 1 7 1.000000
  7 -3.294889 -4.700931 51.248512 -0.311503 -0.947519 -0.071931 0.380790 0.715650 3 7 0.686193 6 0.241632 8 0.072176
scout_body_blue
  7 -3.294889 -4.700931 51.248512 -0.311503 -0.947519 -0.071931 0.380790 0.715650 3 7 0.686193 6 0.241632 8 0.072176
  7 -1.795430 -5.206250 52.069187 -0.260603 -0.961990 -0.081621 0.348670 0.729490 1 7 1.000000
  7 -3.139610 -4.734700 54.508205 -0.314312 -0.939225 0.138071 0.374840 0.777210 1 7 1.000000
scout_body_blue
  7 -3.294889 -4.700931 51.248512 -0.311503 -0.947519 -0.071931 0.380790 0.715650 3 7 0.686193 6 0.241632 8 0.072176
  5 -0.052793 -5.323819 50.522408 -0.305946 -0.933415 -0.187438 0.313200 0.694900 3 5 0.273547 6 0.412826 7 0.313627
  7 -1.795430 -5.206250 52.069187 -0.260603 -0.961990 -0.081621 0.348670 0.729490 1 7 1.000000
scout_body_blue
  5 -0.070054 -5.762006 51.753777 -0.002327 -0.985904 -0.167298 0.313200 0.719000 3 5 0.273547 6 0.412826 7 0.313627
  7 -1.795430 -5.206250 52.069187 -0.260603 -0.961990 -0.081621 0.348670 0.729490 1 7 1.000000
  5 -0.052793 -5.323819 50.522408 -0.305946 -0.933415 -0.187438 0.313200 0.694900 3 5 0.273547 6 0.412826 7 0.313627
scout_body_blue
  5 -0.052793 -5.323819 50.522408 -0.305946 -0.933415 -0.187438 0.313200 0.694900 3 5 0.273547 6 0.412826 7 0.313627
  7 1.700010 -5.206251 52.069195 0.260960 -0.961841 -0.082230 0.277670 0.729490 1 7 1.000000
  5 -0.070054 -5.762006 51.753777 -0.002327 -0.985904 -0.167298 0.313200 0.719000 3 5 0.273547 6 0.412826 7 0.313627
scout_body_blue
  7 3.199471 -4.700931 51.267963 0.312061 -0.947304 -0.072340 0.245550 0.715650 3 7 0.686193 6 0.241632 8 0.072176
  7 1.700010 -5.206251 52.069195 0.260960 -0.961841 -0.082230 0.277670 0.729490 1 7 1.000000
  5 -0.052793 -5.323819 50.522408 -0.305946 -0.933415 -0.187438 0.313200 0.694900 3 5 0.273547 6 0.412826 7 0.313627
scout_body_blue
  7 3.199471 -4.700931 51.267963 0.312061 -0.947304 -0.072340 0.245550 0.715650 3 7 0.686193 6 0.241632 8 0.072176
  7 3.044190 -4.734701 54.527657 0.313463 -0.939680 0.136901 0.251500 0.777210 1 7 1.000000
  7 1.700010 -5.206251 52.069195 0.260960 -0.961841 -0.082230 0.277670 0.729490 1 7 1.000000
scout_body_blue
  7 3.199471 -4.700931 51.267963 0.312061 -0.947304 -0.072340 0.245550 0.715650 3 7 0.686193 6 0.241632 8 0.072176
  7 5.527881 -3.515161 52.809704 0.804245 -0.474263 -0.358142 0.193180 0.747830 1 7 1.000000
  7 3.044190 -4.734701 54.527657 0.313463 -0.939680 0.136901 0.251500 0.777210 1 7 1.000000
scout_body_blue
  7 -1.382950 -5.621151 54.011578 -0.002040 -0.998128 0.061131 0.339540 0.767990 1 7 1.000000
  7 -1.369950 -5.725780 52.317474 -0.002040 -0.998128 0.061131 0.341380 0.733230 1 7 1.000000
  5 -0.070054 -5.762006 51.753777 -0.002327 -0.985904 -0.167298 0.313200 0.719000 3 5 0.273547 6 0.412826 7 0.313627
scout_body_blue
  6 -0.070828 -5.577990 54.771549 -0.002317 -0.880515 0.474013 0.313200 0.785200 3 6 0.115231 7 0.789579 8 0.095190
  7 -1.382950 -5.621151 54.011578 -0.002040 -0.998128 0.061131 0.339540 0.767990 1 7 1.000000
  5 -0.070054 -5.762006 51.753777 -0.002327 -0.985904 -0.167298 0.313200 0.719000 3 5 0.273547 6 0.412826 7 0.313627
scout_body_blue
  6 -0.070828 -5.577990 54.771549 -0.002317 -0.880515 0.474013 0.313200 0.785200 3 6 0.115231 7 0.789579 8 0.095190
  5 -0.070054 -5.762006 51.753777 -0.002327 -0.985904 -0.167298 0.313200 0.719000 3 5 0.273547 6 0.412826 7 0.313627
  7 1.287300 -5.621111 54.011578 0.002070 -0.998128 0.061130 0.286800 0.767990 1 7 1.000000
scout_body_blue
  5 -0.070054 -5.762006 51.753777 -0.002327 -0.985904 -0.167298 0.313200 0.719000 3 5 0.273547 6 0.412826 7 0.313627
  7 1.274760 -5.725730 52.317505 0.002070 -0.998128 0.061130 0.284960 0.733230 1 7 1.000000
  7 1.287300 -5.621111 54.011578 0.002070 -0.998128 0.061130 0.286800 0.767990 1 7 1.000000
scout_body_blue
  7 3.044190 -4.734701 54.527657 0.313463 -0.939680 0.136901 0.251500 0.777210 1 7 1.000000
  7 1.645790 -5.079560 54.147385 0.258131 -0.938084 0.231011 0.279940 0.771600 1 7 1.000000
  7 1.700010 -5.206251 52.069195 0.260960 -0.961841 -0.082230 0.277670 0.729490 1 7 1.000000
scout_body_blue
  7 3.044190 -4.734701 54.527657 0.313463 -0.939680 0.136901 0.251500 0.777210 1 7 1.000000
  6 -0.069686 -4.871794 55.455574 -0.002459 -0.783267 0.621680 0.313200 0.800100 3 6 0.115231 7 0.789579 8 0.095190
  7 1.645790 -5.079560 54.147385 0.258131 -0.938084 0.231011 0.279940 0.771600 1 7 1.000000
scout_body_blue
  6 -0.070828 -5.577990 54.771549 -0.002317 -0.880515 0.474013 0.313200 0.785200 3 6 0.115231 7 0.789579 8 0.095190
  7 1.645790 -5.079560 54.147385 0.258131 -0.938084 0.231011 0.279940 0.771600 1 7 1.000000
  6 -0.069686 -4.871794 55.455574 -0.002459 -0.783267 0.621680 0.313200 0.800100 3 6 0.115231 7 0.789579 8 0.095190
scout_body_blue
  6 -0.069686 -4.871794 55.455574 -0.002459 -0.783267 0.621680 0.313200 0.800100 3 6 0.115231 7 0.789579 8 0.095190
  7 -1.741210 -5.079561 54.147385 -0.259841 -0.937174 0.232781 0.346400 0.771600 1 7 1.000000
  6 -0.070828 -5.577990 54.771549 -0.002317 -0.880515 0.474013 0.313200 0.785200 3 6 0.115231 7 0.789579 8 0.095190
scout_body_blue
  7 -3.139610 -4.734700 54.508205 -0.314312 -0.939225 0.138071 0.374840 0.777210 1 7 1.000000
  7 -1.741210 -5.079561 54.147385 -0.259841 -0.937174 0.232781 0.346400 0.771600 1 7 1.000000
  6 -0.069686 -4.871794 55.455574 -0.002459 -0.783267 0.621680 0.313200 0.800100 3 6 0.115231 7 0.789579 8 0.095190
scout_body_blue
  7 -1.795430 -5.206250 52.069187 -0.260603 -0.961990 -0.081621 0.348670 0.729490 1 7 1.000000
  7 -1.741210 -5.079561 54.147385 -0.259841 -0.937174 0.232781 0.346400 0.771600 1 7 1.000000
  7 -3.139610 -4.734700 54.508205 -0.314312 -0.939225 0.138071 0.374840 0.777210 1 7 1.000000
scout_body_blue
  0 0.147214 -6.161780 43.528927 -0.798690 -0.599695 0.049602 0.307700 0.499300 3 0 0.328328 5 0.498499 6 0.173173
  6 0.260210 -5.735672 50.502251 -0.776249 -0.626157 0.073241 0.304960 0.690970 3 6 0.412826 7 0.313627 5 0.273547
  5 -0.052793 -5.323819 50.522408 -0.305946 -0.933415 -0.187438 0.313200 0.694900 3 5 0.273547 6 0.412826 7 0.313627
scout_body_blue
  9 2.693700 1.419429 61.957939 0.281642 -0.221282 0.933655 0.185830 0.966440 3 9 0.398798 10 0.311623 8 0.289579
  8 3.184940 -0.864932 60.776638 0.137730 -0.448962 0.882873 0.215160 0.917130 1 8 1.000000
  8 3.817700 0.986209 61.599281 0.217220 -0.223120 0.950280 0.178680 0.946760 3 8 0.699399 9 0.151303 11 0.149299
scout_body_blue
  8 3.184940 -0.864932 60.776638 0.137730 -0.448962 0.882873 0.215160 0.917130 1 8 1.000000
  9 2.693700 1.419429 61.957939 0.281642 -0.221282 0.933655 0.185830 0.966440 3 9 0.398798 10 0.311623 8 0.289579
  8 2.443110 0.015388 61.379524 0.148361 -0.455193 0.877945 0.223990 0.930000 2 8 0.752753 9 0.247247
scout_body_blue
  8 2.443110 0.015388 61.379524 0.148361 -0.455193 0.877945 0.223990 0.930000 2 8 0.752753 9 0.247247
  8 1.607330 -0.928382 60.848122 -0.011820 -0.550295 0.834887 0.248270 0.925010 2 8 0.708709 9 0.291291
  8 3.184940 -0.864932 60.776638 0.137730 -0.448962 0.882873 0.215160 0.917130 1 8 1.000000
scout_body_blue
  8 2.228892 -3.571408 59.410431 0.166209 -0.683432 0.710841 0.257200 0.871700 1 8 1.000000
  8 3.184940 -0.864932 60.776638 0.137730 -0.448962 0.882873 0.215160 0.917130 1 8 1.000000
  8 1.607330 -0.928382 60.848122 -0.011820 -0.550295 0.834887 0.248270 0.925010 2 8 0.708709 9 0.291291
scout_body_blue
  8 2.228892 -3.571408 59.410431 0.166209 -0.683432 0.710841 0.257200 0.871700 1 8 1.000000
  8 1.607330 -0.928382 60.848122 -0.011820 -0.550295 0.834887 0.248270 0.925010 2 8 0.708709 9 0.291291
  8 1.554110 -4.020418 58.967815 0.007902 -0.826411 0.563012 0.274200 0.864600 2 8 0.581395 11 0.418605
scout_body_blue
  8 1.554110 -4.020418 58.967815 0.007902 -0.826411 0.563012 0.274200 0.864600 2 8 0.581395 11 0.418605
  11 2.643170 -4.631433 57.099922 0.276791 -0.907493 0.315981 0.257560 0.825830 3 11 0.425703 8 0.415663 12 0.158635
  8 2.228892 -3.571408 59.410431 0.166209 -0.683432 0.710841 0.257200 0.871700 1 8 1.000000
scout_body_blue
  7 -0.069196 -3.961382 58.657974 -0.023583 -0.796558 0.604102 0.313100 0.869400 3 7 0.660465 8 0.224419 26 0.115116
  11 2.643170 -4.631433 57.099922 0.276791 -0.907493 0.315981 0.257560 0.825830 3 11 0.425703 8 0.415663 12 0.158635
  8 1.554110 -4.020418 58.967815 0.007902 -0.826411 0.563012 0.274200 0.864600 2 8 0.581395 11 0.418605
scout_body_blue
  7 0.360680 -5.134192 55.520996 0.064590 -0.974081 0.216780 0.303910 0.801660 3 7 0.789579 6 0.115231 8 0.095190
  11 2.643170 -4.631433 57.099922 0.276791 -0.907493 0.315981 0.257560 0.825830 3 11 0.425703 8 0.415663 12 0.158635
  7 -0.069196 -3.961382 58.657974 -0.023583 -0.796558 0.604102 0.313100 0.869400 3 7 0.660465 8 0.224419 26 0.115116
scout_body_blue
  7 3.044190 -4.734701 54.527657 0.313463 -0.939680 0.136901 0.251500 0.777210 1 7 1.000000
  11 2.643170 -4.631433 57.099922 0.276791 -0.907493 0.315981 0.257560 0.825830 3 11 0.425703 8 0.415663 12 0.158635
  7 0.360680 -5.134192 55.520996 0.064590 -0.974081 0.216780 0.303910 0.801660 3 7 0.789579 6 0.115231 8 0.095190
scout_body_blue
  7 5.727538 -3.988814 53.546524 0.643129 -0.735898 -0.211752 0.197100 0.763100 2 7 0.941112 11 0.058888
  11 2.643170 -4.631433 57.099922 0.276791 -0.907493 0.315981 0.257560 0.825830 3 11 0.425703 8 0.415663 12 0.158635
  7 3.044190 -4.734701 54.527657 0.313463 -0.939680 0.136901 0.251500 0.777210 1 7 1.000000
scout_body_blue
  7 5.332320 -2.632111 57.623505 0.501944 -0.761996 0.409163 0.193670 0.839020 3 7 0.757515 11 0.129259 8 0.113227
  11 2.643170 -4.631433 57.099922 0.276791 -0.907493 0.315981 0.257560 0.825830 3 11 0.425703 8 0.415663 12 0.158635
  7 5.727538 -3.988814 53.546524 0.643129 -0.735898 -0.211752 0.197100 0.763100 2 7 0.941112 11 0.058888
scout_body_blue
  8 2.228892 -3.571408 59.410431 0.166209 -0.683432 0.710841 0.257200 0.871700 1 8 1.000000
  11 2.643170 -4.631433 57.099922 0.276791 -0.907493 0.315981 0.257560 0.825830 3 11 0.425703 8 0.415663 12 0.158635
  7 5.332320 -2.632111 57.623505 0.501944 -0.761996 0.409163 0.193670 0.839020 3 7 0.757515 11 0.129259 8 0.113227
scout_body_blue
  11 4.097430 -2.192292 59.581429 0.441134 -0.671486 0.595405 0.212240 0.879070 2 11 0.516684 8 0.483317
  8 2.228892 -3.571408 59.410431 0.166209 -0.683432 0.710841 0.257200 0.871700 1 8 1.000000
  7 5.332320 -2.632111 57.623505 0.501944 -0.761996 0.409163 0.193670 0.839020 3 7 0.757515 11 0.129259 8 0.113227
scout_body_blue
  8 3.184940 -0.864932 60.776638 0.137730 -0.448962 0.882873 0.215160 0.917130 1 8 1.000000
  8 2.228892 -3.571408 59.410431 0.166209 -0.683432 0.710841 0.257200 0.871700 1 8 1.000000
  11 4.097430 -2.192292 59.581429 0.441134 -0.671486 0.595405 0.212240 0.879070 2 11 0.516684 8 0.483317
scout_body_blue
  8 -1.533750 -1.051702 60.740250 -0.028290 -0.531766 0.846419 0.378060 0.924980 2 8 0.708709 9 0.291291
  8 -1.649492 -4.020422 58.970215 -0.072297 -0.798983 0.596992 0.352100 0.864600 2 8 0.581395 26 0.418605
  8 -0.074110 -1.712402 60.705307 -0.003800 -0.611384 0.791325 0.313140 0.917300 2 8 0.708709 9 0.291291
scout_body_blue
  8 -0.074110 -1.712402 60.705307 -0.003800 -0.611384 0.791325 0.313140 0.917300 2 8 0.708709 9 0.291291
  8 -1.649492 -4.020422 58.970215 -0.072297 -0.798983 0.596992 0.352100 0.864600 2 8 0.581395 26 0.418605
  7 -0.069196 -3.961382 58.657974 -0.023583 -0.796558 0.604102 0.313100 0.869400 3 7 0.660465 8 0.224419 26 0.115116
scout_body_blue
  7 -0.069196 -3.961382 58.657974 -0.023583 -0.796558 0.604102 0.313100 0.869400 3 7 0.660465 8 0.224419 26 0.115116
  8 1.554110 -4.020418 58.967815 0.007902 -0.826411 0.563012 0.274200 0.864600 2 8 0.581395 11 0.418605
  8 -0.074110 -1.712402 60.705307 -0.003800 -0.611384 0.791325 0.313140 0.917300 2 8 0.708709 9 0.291291
scout_body_blue
  8 1.607330 -0.928382 60.848122 -0.011820 -0.550295 0.834887 0.248270 0.925010 2 8 0.708709 9 0.291291
  8 -0.074110 -1.712402 60.705307 -0.003800 -0.611384 0.791325 0.313140 0.917300 2 8 0.708709 9 0.291291
  8 1.554110 -4.020418 58.967815 0.007902 -0.826411 0.563012 0.274200 0.864600 2 8 0.581395 11 0.418605
scout_body_blue
  7 -5.427739 -2.632112 57.549862 -0.507322 -0.755153 0.415172 0.432670 0.839020 3 7 0.757515 26 0.129259 8 0.113227
  8 -2.324407 -3.571416 59.361427 -0.203398 -0.670592 0.713397 0.369100 0.871700 1 8 1.000000
  26 -4.192860 -2.189073 59.467422 -0.447503 -0.651824 0.612264 0.414100 0.879070 2 26 0.516684 8 0.483317
scout_body_blue
  7 -5.427739 -2.632112 57.549862 -0.507322 -0.755153 0.415172 0.432670 0.839020 3 7 0.757515 26 0.129259 8 0.113227
  26 -2.738590 -4.631433 57.080463 -0.282583 -0.905289 0.317173 0.368780 0.825830 3 26 0.425703 8 0.415663 27 0.158635
  8 -2.324407 -3.571416 59.361427 -0.203398 -0.670592 0.713397 0.369100 0.871700 1 8 1.000000
scout_body_blue
  7 -5.860395 -3.960395 53.482422 -0.618220 -0.755764 -0.215927 0.429200 0.763100 2 7 0.941112 26 0.058888
  26 -2.738590 -4.631433 57.080463 -0.282583 -0.905289 0.317173 0.368780 0.825830 3 26 0.425703 8 0.415663 27 0.158635
  7 -5.427739 -2.632112 57.549862 -0.507322 -0.755153 0.415172 0.432670 0.839020 3 7 0.757515 26 0.129259 8 0.113227
scout_body_blue
  7 -3.139610 -4.734700 54.508205 -0.314312 -0.939225 0.138071 0.374840 0.777210 1 7 1.000000
  26 -2.738590 -4.631433 57.080463 -0.282583 -0.905289 0.317173 0.368780 0.825830 3 26 0.425703 8 0.415663 27 0.158635
  7 -5.860395 -3.960395 53.482422 -0.618220 -0.755764 -0.215927 0.429200 0.763100 2 7 0.941112 26 0.058888
scout_body_blue
  7 -0.456100 -5.134192 55.520996 -0.066360 -0.973946 0.216851 0.322430 0.801660 3 7 0.789579 6 0.115231 8 0.095190
  26 -2.738590 -4.631433 57.080463 -0.282583 -0.905289 0.317173 0.368780 0.825830 3 26 0.425703 8 0.415663 27 0.158635
  7 -3.139610 -4.734700 54.508205 -0.314312 -0.939225 0.138071 0.374840 0.777210 1 7 1.000000
scout_body_blue
  7 -0.383120 -4.278822 58.535065 -0.048800 -0.949724 0.309261 0.322470 0.862460 3 7 0.660465 8 0.224419 26 0.115116
  26 -2.738590 -4.631433 57.080463 -0.282583 -0.905289 0.317173 0.368780 0.825830 3 26 0.425703 8 0.415663 27 0.158635
  7 -0.456100 -5.134192 55.520996 -0.066360 -0.973946 0.216851 0.322430 0.801660 3 7 0.789579 6 0.115231 8 0.095190
scout_body_blue
  8 -1.649492 -4.020422 58.970215 -0.072297 -0.798983 0.596992 0.352100 0.864600 2 8 0.581395 26 0.418605
  26 -2.738590 -4.631433 57.080463 -0.282583 -0.905289 0.317173 0.368780 0.825830 3 26 0.425703 8 0.415663 27 0.158635
  7 -0.383120 -4.278822 58.535065 -0.048800 -0.949724 0.309261 0.322470 0.862460 3 7 0.660465 8 0.224419 26 0.115116
scout_body_blue
  8 -2.324407 -3.571416 59.361427 -0.203398 -0.670592 0.713397 0.369100 0.871700 1 8 1.000000
  26 -2.738590 -4.631433 57.080463 -0.282583 -0.905289 0.317173 0.368780 0.825830 3 26 0.425703 8 0.415663 27 0.158635
  8 -1.649492 -4.020422 58.970215 -0.072297 -0.798983 0.596992 0.352100 0.864600 2 8 0.581395 26 0.418605
scout_body_blue
  8 -1.649492 -4.020422 58.970215 -0.072297 -0.798983 0.596992 0.352100 0.864600 2 8 0.581395 26 0.418605
  8 -1.533750 -1.051702 60.740250 -0.028290 -0.531766 0.846419 0.378060 0.924980 2 8 0.708709 9 0.291291
  8 -2.324407 -3.571416 59.361427 -0.203398 -0.670592 0.713397 0.369100 0.871700 1 8 1.000000
scout_body_blue
  8 -2.324407 -3.571416 59.361427 -0.203398 -0.670592 0.713397 0.369100 0.871700 1 8 1.000000
  8 -1.533750 -1.051702 60.740250 -0.028290 -0.531766 0.846419 0.378060 0.924980 2 8 0.708709 9 0.291291
  8 -3.280360 -0.855952 60.601086 -0.028960 -0.486845 0.873008 0.411180 0.917130 1 8 1.000000
scout_body_blue
  8 -3.280360 -0.855952 60.601086 -0.028960 -0.486845 0.873008 0.411180 0.917130 1 8 1.000000
  8 -1.533750 -1.051702 60.740250 -0.028290 -0.531766 0.846419 0.378060 0.924980 2 8 0.708709 9 0.291291
  8 -2.627970 0.068329 61.068573 0.002530 -0.482493 0.875896 0.402350 0.930000 2 8 0.752753 9 0.247247
scout_body_blue
  8 -2.627970 0.068329 61.068573 0.002530 -0.482493 0.875896 0.402350 0.930000 2 8 0.752753 9 0.247247
  9 -2.936870 1.386119 61.918320 -0.193471 -0.262441 0.945354 0.440510 0.966440 3 9 0.398798 10 0.311623 8 0.289579
  8 -3.280360 -0.855952 60.601086 -0.028960 -0.486845 0.873008 0.411180 0.917130 1 8 1.000000
scout_body_blue
  8 -3.916270 0.981998 61.583965 -0.219630 -0.248281 0.943461 0.447660 0.946760 3 8 0.699399 9 0.151303 26 0.149299
  8 -3.280360 -0.855952 60.601086 -0.028960 -0.486845 0.873008 0.411180 0.917130 1 8 1.000000
  9 -2.936870 1.386119 61.918320 -0.193471 -0.262441 0.945354 0.440510 0.966440 3 9 0.398798 10 0.311623 8 0.289579
scout_body_blue
  26 -4.192860 -2.189073 59.467422 -0.447503 -0.651824 0.612264 0.414100 0.879070 2 26 0.516684 8 0.483317
  8 -2.324407 -3.571416 59.361427 -0.203398 -0.670592 0.713397 0.369100 0.871700 1 8 1.000000
  8 -3.280360 -0.855952 60.601086 -0.028960 -0.486845 0.873008 0.411180 0.917130 1 8 1.000000
scout_body_blue
  12 11.561087 4.574210 53.476028 -0.675248 -0.018490 0.737359 0.603920 0.056740 1 12 1.000000
  12 10.654856 5.205240 52.383301 -0.675248 -0.018490 0.737359 0.602340 0.051930 1 12 1.000000
  12 11.714235 2.389928 53.529747 -0.675248 -0.018490 0.737359 0.609200 0.060390 1 12 1.000000
scout_body_blue
  12 10.654856 5.205240 52.383301 -0.675248 -0.018490 0.737359 0.602340 0.051930 1 12 1.000000
  12 9.665526 5.315629 51.606056 -0.675248 -0.018490 0.737359 0.603070 0.046990 1 12 1.000000
  12 11.714235 2.389928 53.529747 -0.675248 -0.018490 0.737359 0.609200 0.060390 1 12 1.000000
scout_body_blue
  12 9.665526 5.315629 51.606056 -0.675248 -0.018490 0.737359 0.603070 0.046990 1 12 1.000000
  12 9.043276 4.667890 51.032738 -0.675248 -0.018490 0.737359 0.606440 0.042710 1 12 1.000000
  12 11.714235 2.389928 53.529747 -0.675248 -0.018490 0.737359 0.609200 0.060390 1 12 1.000000
scout_body_blue
  12 9.043276 4.667890 51.032738 -0.675248 -0.018490 0.737359 0.606440 0.042710 1 12 1.000000
  12 8.541317 3.349469 50.702087 -0.675248 -0.018490 0.737359 0.615730 0.035970 1 12 1.000000
  12 11.714235 2.389928 53.529747 -0.675248 -0.018490 0.737359 0.609200 0.060390 1 12 1.000000
scout_body_blue
  12 8.541317 3.349469 50.702087 -0.675248 -0.018490 0.737359 0.615730 0.035970 1 12 1.000000
  12 8.643316 1.594238 50.672501 -0.675248 -0.018490 0.737359 0.621960 0.048460 1 12 1.000000
  12 11.714235 2.389928 53.529747 -0.675248 -0.018490 0.737359 0.609200 0.060390 1 12 1.000000
scout_body_blue
  12 8.643316 1.594238 50.672501 -0.675248 -0.018490 0.737359 0.621960 0.048460 1 12 1.000000
  12 9.539446 -0.001243 51.333107 -0.675248 -0.018490 0.737359 0.621910 0.057400 1 12 1.000000
  12 11.714235 2.389928 53.529747 -0.675248 -0.018490 0.737359 0.609200 0.060390 1 12 1.000000
scout_body_blue
  12 9.539446 -0.001243 51.333107 -0.675248 -0.018490 0.737359 0.621910 0.057400 1 12 1.000000
  12 10.668896 -0.066933 52.361908 -0.675248 -0.018490 0.737359 0.618720 0.061450 1 12 1.000000
  12 11.714235 2.389928 53.529747 -0.675248 -0.018490 0.737359 0.609200 0.060390 1 12 1.000000
scout_body_blue
  12 10.668896 -0.066933 52.361908 -0.675248 -0.018490 0.737359 0.618720 0.061450 1 12 1.000000
  12 11.508736 0.454477 53.181030 -0.675248 -0.018490 0.737359 0.614910 0.062940 1 12 1.000000
  12 11.714235 2.389928 53.529747 -0.675248 -0.018490 0.737359 0.609200 0.060390 1 12 1.000000
scout_body_blue
  3 5.918129 4.141020 -0.165613 0.036700 -0.010080 -0.999276 0.007900 0.471650 1 3 1.000000
  3 7.280969 5.782740 -0.132223 0.037730 -0.010220 -0.999236 0.036780 0.450940 1 3 1.000000
  3 9.373860 5.237070 -0.050013 0.039600 -0.010470 -0.999161 0.067620 0.469080 2 3 0.914915 4 0.085085
scout_body_blue
  3 9.373860 5.237070 -0.050013 0.039600 -0.010470 -0.999161 0.067620 0.469080 2 3 0.914915 4 0.085085
  3 6.791369 0.908400 -0.101022 0.251622 -0.555564 -0.792486 0.007770 0.527830 2 3 0.916752 4 0.083248
  3 5.918129 4.141020 -0.165613 0.036700 -0.010080 -0.999276 0.007900 0.471650 1 3 1.000000
scout_body_blue
  3 10.533948 2.004290 0.025087 0.259792 -0.553254 -0.791466 0.072880 0.526570 2 3 0.718397 4 0.281603
  3 6.791369 0.908400 -0.101022 0.251622 -0.555564 -0.792486 0.007770 0.527830 2 3 0.916752 4 0.083248
  3 9.373860 5.237070 -0.050013 0.039600 -0.010470 -0.999161 0.067620 0.469080 2 3 0.914915 4 0.085085
scout_body_blue
  3 6.791369 0.908400 -0.101022 0.251622 -0.555564 -0.792486 0.007770 0.527830 2 3 0.916752 4 0.083248
  3 10.533948 2.004290 0.025087 0.259792 -0.553254 -0.791466 0.072880 0.526570 2 3 0.718397 4 0.281603
  3 6.887039 0.635110 0.791888 0.349482 -0.891585 -0.287992 0.008600 0.532870 2 3 0.947692 4 0.052308
scout_body_blue
  3 6.887039 0.635110 0.791888 0.349482 -0.891585 -0.287992 0.008600 0.532870 2 3 0.947692 4 0.052308
  3 10.533948 2.004290 0.025087 0.259792 -0.553254 -0.791466 0.072880 0.526570 2 3 0.718397 4 0.281603
  3 10.603390 1.708710 1.017357 0.365742 -0.885974 -0.285101 0.073240 0.531910 2 3 0.589613 4 0.410387
scout_body_blue
  8 6.869096 2.200564 51.611595 0.401500 0.327498 -0.855303 0.956500 0.592900 2 8 0.470707 12 0.529293
  8 6.722820 4.291150 52.991486 0.815024 0.394302 -0.424572 0.921660 0.615220 3 8 0.776553 12 0.114229 6 0.109218
  8 6.855111 4.522650 53.746574 0.825646 0.448644 -0.342093 0.923870 0.630270 3 8 0.760521 12 0.136273 6 0.103206
scout_body_blue
  8 6.869096 2.200564 51.611595 0.401500 0.327498 -0.855303 0.956500 0.592900 2 8 0.470707 12 0.529293
  8 6.386010 1.885139 51.293095 0.891255 0.160471 -0.424162 0.955230 0.576670 2 8 0.694726 12 0.305274
  8 6.722820 4.291150 52.991486 0.815024 0.394302 -0.424572 0.921660 0.615220 3 8 0.776553 12 0.114229 6 0.109218
scout_body_blue
  0 -1.140626 4.664134 44.460743 -0.654923 0.745426 -0.124162 0.754000 0.396300 3 0 0.098563 5 0.484600 6 0.416838
  5 -0.047700 5.173130 45.449730 -0.039710 0.991111 -0.126970 0.781460 0.423710 2 5 0.592233 6 0.407767
  0 1.059973 4.658734 44.461945 0.534081 0.760012 -0.370323 0.809900 0.395800 3 0 0.098563 5 0.484600 6 0.416838
scout_body_blue
  0 1.059973 4.658734 44.461945 0.534081 0.760012 -0.370323 0.809900 0.395800 3 0 0.098563 5 0.484600 6 0.416838
  5 -0.047700 5.173130 45.449730 -0.039710 0.991111 -0.126970 0.781460 0.423710 2 5 0.592233 6 0.407767
  5 3.140980 4.789050 45.261200 0.482615 0.855908 -0.185752 0.877120 0.433180 3 5 0.635149 6 0.265159 0 0.099692
scout_body_blue
  5 3.296040 3.792460 44.299858 0.525282 0.802823 0.282051 0.868380 0.394780 3 5 0.436874 6 0.349699 0 0.213427
  0 1.059973 4.658734 44.461945 0.534081 0.760012 -0.370323 0.809900 0.395800 3 0 0.098563 5 0.484600 6 0.416838
  5 3.140980 4.789050 45.261200 0.482615 0.855908 -0.185752 0.877120 0.433180 3 5 0.635149 6 0.265159 0 0.099692
scout_body_blue
  5 5.388169 1.640790 44.217094 0.572954 0.435743 -0.694155 0.942710 0.382960 3 5 0.533487 6 0.260970 0 0.205543
  5 3.296040 3.792460 44.299858 0.525282 0.802823 0.282051 0.868380 0.394780 3 5 0.436874 6 0.349699 0 0.213427
  5 3.140980 4.789050 45.261200 0.482615 0.855908 -0.185752 0.877120 0.433180 3 5 0.635149 6 0.265159 0 0.099692
scout_body_blue
  0 6.290999 1.094835 44.410702 0.918778 0.273594 -0.284594 0.956100 0.416400 3 0 0.133267 5 0.561122 6 0.305611
  5 5.388169 1.640790 44.217094 0.572954 0.435743 -0.694155 0.942710 0.382960 3 5 0.533487 6 0.260970 0 0.205543
  5 3.140980 4.789050 45.261200 0.482615 0.855908 -0.185752 0.877120 0.433180 3 5 0.635149 6 0.265159 0 0.099692
scout_body_blue
  5 3.140980 4.789050 45.261200 0.482615 0.855908 -0.185752 0.877120 0.433180 3 5 0.635149 6 0.265159 0 0.099692
  5 3.309080 4.022449 46.398102 0.590676 0.775017 -0.224612 0.861400 0.461270 3 5 0.602204 6 0.319639 7 0.078156
  0 6.290999 1.094835 44.410702 0.918778 0.273594 -0.284594 0.956100 0.416400 3 0 0.133267 5 0.561122 6 0.305611
scout_body_blue
  0 6.290999 1.094835 44.410702 0.918778 0.273594 -0.284594 0.956100 0.416400 3 0 0.133267 5 0.561122 6 0.305611
  5 3.309080 4.022449 46.398102 0.590676 0.775017 -0.224612 0.861400 0.461270 3 5 0.602204 6 0.319639 7 0.078156
  6 5.371950 1.965039 47.150757 0.943729 0.307923 -0.120661 0.942420 0.498890 2 6 0.924388 5 0.075612
scout_body_blue
  6 5.371950 1.965039 47.150757 0.943729 0.307923 -0.120661 0.942420 0.498890 2 6 0.924388 5 0.075612
  5 3.309080 4.022449 46.398102 0.590676 0.775017 -0.224612 0.861400 0.461270 3 5 0.602204 6 0.319639 7 0.078156
  6 4.707030 3.558000 47.926022 0.773037 0.509185 -0.378344 0.901400 0.510380 3 6 0.658977 5 0.185557 7 0.155466
scout_body_blue
  6 5.371950 1.965039 47.150757 0.943729 0.307923 -0.120661 0.942420 0.498890 2 6 0.924388 5 0.075612
  6 4.707030 3.558000 47.926022 0.773037 0.509185 -0.378344 0.901400 0.510380 3 6 0.658977 5 0.185557 7 0.155466
  8 6.386010 1.885139 51.293095 0.891255 0.160471 -0.424162 0.955230 0.576670 2 8 0.694726 12 0.305274
scout_body_blue
  6 6.246661 4.400535 51.989071 0.809153 0.417417 -0.413563 0.911400 0.594700 2 6 0.585586 8 0.414414
  8 6.386010 1.885139 51.293095 0.891255 0.160471 -0.424162 0.955230 0.576670 2 8 0.694726 12 0.305274
  6 4.707030 3.558000 47.926022 0.773037 0.509185 -0.378344 0.901400 0.510380 3 6 0.658977 5 0.185557 7 0.155466
scout_body_blue
  8 6.386010 1.885139 51.293095 0.891255 0.160471 -0.424162 0.955230 0.576670 2 8 0.694726 12 0.305274
  6 6.246661 4.400535 51.989071 0.809153 0.417417 -0.413563 0.911400 0.594700 2 6 0.585586 8 0.414414
  8 6.722820 4.291150 52.991486 0.815024 0.394302 -0.424572 0.921660 0.615220 3 8 0.776553 12 0.114229 6 0.109218
scout_body_blue
  8 6.603381 5.106860 53.819786 0.795013 0.566503 -0.216861 0.909280 0.632360 3 8 0.775326 6 0.135406 12 0.089268
  8 6.722820 4.291150 52.991486 0.815024 0.394302 -0.424572 0.921660 0.615220 3 8 0.776553 12 0.114229 6 0.109218
  6 6.246661 4.400535 51.989071 0.809153 0.417417 -0.413563 0.911400 0.594700 2 6 0.585586 8 0.414414
scout_body_blue
  8 6.722820 4.291150 52.991486 0.815024 0.394302 -0.424572 0.921660 0.615220 3 8 0.776553 12 0.114229 6 0.109218
  8 6.603381 5.106860 53.819786 0.795013 0.566503 -0.216861 0.909280 0.632360 3 8 0.775326 6 0.135406 12 0.089268
  8 6.855111 4.522650 53.746574 0.825646 0.448644 -0.342093 0.923870 0.630270 3 8 0.760521 12 0.136273 6 0.103206
scout_body_blue
  8 6.855111 4.522650 53.746574 0.825646 0.448644 -0.342093 0.923870 0.630270 3 8 0.760521 12 0.136273 6 0.103206
  8 6.603381 5.106860 53.819786 0.795013 0.566503 -0.216861 0.909280 0.632360 3 8 0.775326 6 0.135406 12 0.089268
  6 6.857783 4.901962 54.564671 0.865291 0.473032 -0.165864 0.914700 0.647800 3 6 0.100100 8 0.772773 12 0.127127
scout_body_blue
  6 6.857783 4.901962 54.564671 0.865291 0.473032 -0.165864 0.914700 0.647800 3 6 0.100100 8 0.772773 12 0.127127
  8 6.603381 5.106860 53.819786 0.795013 0.566503 -0.216861 0.909280 0.632360 3 8 0.775326 6 0.135406 12 0.089268
  11 6.841390 5.609101 56.683559 0.209411 0.975534 0.066940 0.901570 0.682530 3 11 0.409228 8 0.395186 12 0.195587
scout_body_blue
  8 6.603381 5.106860 53.819786 0.795013 0.566503 -0.216861 0.909280 0.632360 3 8 0.775326 6 0.135406 12 0.089268
  6 5.876092 5.706454 55.056763 0.284665 0.956958 -0.056546 0.886600 0.651500 3 6 0.304671 8 0.463907 11 0.231423
  11 6.841390 5.609101 56.683559 0.209411 0.975534 0.066940 0.901570 0.682530 3 11 0.409228 8 0.395186 12 0.195587
scout_body_blue
  6 5.876092 5.706454 55.056763 0.284665 0.956958 -0.056546 0.886600 0.651500 3 6 0.304671 8 0.463907 11 0.231423
  8 5.551519 5.845540 56.874458 0.060860 0.995449 0.073331 0.876290 0.681550 2 8 0.531804 11 0.468196
  11 6.841390 5.609101 56.683559 0.209411 0.975534 0.066940 0.901570 0.682530 3 11 0.409228 8 0.395186 12 0.195587
scout_body_blue
  8 5.551519 5.845540 56.874458 0.060860 0.995449 0.073331 0.876290 0.681550 2 8 0.531804 11 0.468196
  6 5.876092 5.706454 55.056763 0.284665 0.956958 -0.056546 0.886600 0.651500 3 6 0.304671 8 0.463907 11 0.231423
  8 3.369610 5.751390 54.995407 0.091971 0.994437 -0.051340 0.839830 0.654080 3 8 0.754509 11 0.138277 6 0.107214
scout_body_blue
  6 -5.504818 5.524249 52.613186 -0.123200 0.832793 -0.539701 0.678400 0.608300 2 6 0.764647 8 0.235354
  6 -2.943370 4.973380 47.239136 -0.441532 0.795814 -0.414402 0.716300 0.498000 3 6 0.623624 5 0.204204 7 0.172172
  6 -6.336690 4.431396 51.982906 -0.802413 0.435568 -0.407938 0.651900 0.596400 2 6 0.585586 8 0.414414
scout_body_blue
  6 -5.504818 5.524249 52.613186 -0.123200 0.832793 -0.539701 0.678400 0.608300 2 6 0.764647 8 0.235354
  6 -3.693717 6.514322 52.609627 -0.289803 0.900271 -0.324846 0.716200 0.603600 3 6 0.791792 7 0.119119 8 0.089089
  6 -2.943370 4.973380 47.239136 -0.441532 0.795814 -0.414402 0.716300 0.498000 3 6 0.623624 5 0.204204 7 0.172172
scout_body_blue
  6 -0.047700 4.977519 47.205597 0.003020 0.990407 -0.138151 0.782970 0.479990 2 6 0.504274 5 0.495727
  6 -2.943370 4.973380 47.239136 -0.441532 0.795814 -0.414402 0.716300 0.498000 3 6 0.623624 5 0.204204 7 0.172172
  6 -3.693717 6.514322 52.609627 -0.289803 0.900271 -0.324846 0.716200 0.603600 3 6 0.791792 7 0.119119 8 0.089089
scout_body_blue
  6 -0.047700 4.977519 47.205597 0.003020 0.990407 -0.138151 0.782970 0.479990 2 6 0.504274 5 0.495727
  6 -1.554520 4.764080 46.349487 -0.242421 0.955514 -0.168001 0.747480 0.452460 2 6 0.504274 5 0.495727
  6 -2.943370 4.973380 47.239136 -0.441532 0.795814 -0.414402 0.716300 0.498000 3 6 0.623624 5 0.204204 7 0.172172
scout_body_blue
  6 -0.047700 4.977519 47.205597 0.003020 0.990407 -0.138151 0.782970 0.479990 2 6 0.504274 5 0.495727
  5 -0.047700 5.173130 45.449730 -0.039710 0.991111 -0.126970 0.781460 0.423710 2 5 0.592233 6 0.407767
  6 -1.554520 4.764080 46.349487 -0.242421 0.955514 -0.168001 0.747480 0.452460 2 6 0.504274 5 0.495727
scout_body_blue
  6 1.459100 4.764080 46.349487 0.201791 0.978535 -0.041820 0.817620 0.451950 2 6 0.504274 5 0.495727
  5 -0.047700 5.173130 45.449730 -0.039710 0.991111 -0.126970 0.781460 0.423710 2 5 0.592233 6 0.407767
  6 -0.047700 4.977519 47.205597 0.003020 0.990407 -0.138151 0.782970 0.479990 2 6 0.504274 5 0.495727
scout_body_blue
  5 -0.047700 5.173130 45.449730 -0.039710 0.991111 -0.126970 0.781460 0.423710 2 5 0.592233 6 0.407767
  6 1.459100 4.764080 46.349487 0.201791 0.978535 -0.041820 0.817620 0.451950 2 6 0.504274 5 0.495727
  5 3.140980 4.789050 45.261200 0.482615 0.855908 -0.185752 0.877120 0.433180 3 5 0.635149 6 0.265159 0 0.099692
scout_body_blue
  6 1.459100 4.764080 46.349487 0.201791 0.978535 -0.041820 0.817620 0.451950 2 6 0.504274 5 0.495727
  5 3.309080 4.022449 46.398102 0.590676 0.775017 -0.224612 0.861400 0.461270 3 5 0.602204 6 0.319639 7 0.078156
  5 3.140980 4.789050 45.261200 0.482615 0.855908 -0.185752 0.877120 0.433180 3 5 0.635149 6 0.265159 0 0.099692
scout_body_blue
  5 3.309080 4.022449 46.398102 0.590676 0.775017 -0.224612 0.861400 0.461270 3 5 0.602204 6 0.319639 7 0.078156
  6 1.459100 4.764080 46.349487 0.201791 0.978535 -0.041820 0.817620 0.451950 2 6 0.504274 5 0.495727
  6 3.046940 4.973380 47.423820 0.445185 0.806218 -0.389644 0.850110 0.497270 3 6 0.623624 5 0.204204 7 0.172172
scout_body_blue
  6 3.046940 4.973380 47.423820 0.445185 0.806218 -0.389644 0.850110 0.497270 3 6 0.623624 5 0.204204 7 0.172172
  6 4.707030 3.558000 47.926022 0.773037 0.509185 -0.378344 0.901400 0.510380 3 6 0.658977 5 0.185557 7 0.155466
  5 3.309080 4.022449 46.398102 0.590676 0.775017 -0.224612 0.861400 0.461270 3 5 0.602204 6 0.319639 7 0.078156
scout_body_blue
  6 3.046940 4.973380 47.423820 0.445185 0.806218 -0.389644 0.850110 0.497270 3 6 0.623624 5 0.204204 7 0.172172
  6 6.246661 4.400535 51.989071 0.809153 0.417417 -0.413563 0.911400 0.594700 2 6 0.585586 8 0.414414
  6 4.707030 3.558000 47.926022 0.773037 0.509185 -0.378344 0.901400 0.510380 3 6 0.658977 5 0.185557 7 0.155466
scout_body_blue
  6 6.246661 4.400535 51.989071 0.809153 0.417417 -0.413563 0.911400 0.594700 2 6 0.585586 8 0.414414
  6 3.046940 4.973380 47.423820 0.445185 0.806218 -0.389644 0.850110 0.497270 3 6 0.623624 5 0.204204 7 0.172172
  6 5.409282 5.524266 52.613190 0.137295 0.826071 -0.546586 0.885000 0.607100 2 6 0.764647 8 0.235354
scout_body_blue
  6 5.409282 5.524266 52.613190 0.137295 0.826071 -0.546586 0.885000 0.607100 2 6 0.764647 8 0.235354
  6 5.683237 5.771867 52.731800 0.029203 0.920427 -0.389821 0.889300 0.611900 2 6 0.767442 8 0.232558
  6 6.246661 4.400535 51.989071 0.809153 0.417417 -0.413563 0.911400 0.594700 2 6 0.585586 8 0.414414
scout_body_blue
  6 5.876092 5.706454 55.056763 0.284665 0.956958 -0.056546 0.886600 0.651500 3 6 0.304671 8 0.463907 11 0.231423
  6 5.683237 5.771867 52.731800 0.029203 0.920427 -0.389821 0.889300 0.611900 2 6 0.767442 8 0.232558
  6 5.409282 5.524266 52.613190 0.137295 0.826071 -0.546586 0.885000 0.607100 2 6 0.764647 8 0.235354
scout_body_blue
  6 5.876092 5.706454 55.056763 0.284665 0.956958 -0.056546 0.886600 0.651500 3 6 0.304671 8 0.463907 11 0.231423
  8 6.603381 5.106860 53.819786 0.795013 0.566503 -0.216861 0.909280 0.632360 3 8 0.775326 6 0.135406 12 0.089268
  6 5.683237 5.771867 52.731800 0.029203 0.920427 -0.389821 0.889300 0.611900 2 6 0.767442 8 0.232558
scout_body_blue
  6 5.683237 5.771867 52.731800 0.029203 0.920427 -0.389821 0.889300 0.611900 2 6 0.767442 8 0.232558
  8 6.603381 5.106860 53.819786 0.795013 0.566503 -0.216861 0.909280 0.632360 3 8 0.775326 6 0.135406 12 0.089268
  6 6.246661 4.400535 51.989071 0.809153 0.417417 -0.413563 0.911400 0.594700 2 6 0.585586 8 0.414414
scout_body_blue
  6 3.046940 4.973380 47.423820 0.445185 0.806218 -0.389644 0.850110 0.497270 3 6 0.623624 5 0.204204 7 0.172172
  6 3.613259 6.496397 52.613602 0.292679 0.900171 -0.322539 0.847500 0.602900 3 6 0.791792 7 0.119119 8 0.089089
  6 5.409282 5.524266 52.613190 0.137295 0.826071 -0.546586 0.885000 0.607100 2 6 0.764647 8 0.235354
scout_body_blue
  6 3.613259 6.496397 52.613602 0.292679 0.900171 -0.322539 0.847500 0.602900 3 6 0.791792 7 0.119119 8 0.089089
  6 3.046940 4.973380 47.423820 0.445185 0.806218 -0.389644 0.850110 0.497270 3 6 0.623624 5 0.204204 7 0.172172
  6 -0.047700 4.977519 47.205597 0.003020 0.990407 -0.138151 0.782970 0.479990 2 6 0.504274 5 0.495727
scout_body_blue
  6 3.046940 4.973380 47.423820 0.445185 0.806218 -0.389644 0.850110 0.497270 3 6 0.623624 5 0.204204 7 0.172172
  6 1.459100 4.764080 46.349487 0.201791 0.978535 -0.041820 0.817620 0.451950 2 6 0.504274 5 0.495727
  6 -0.047700 4.977519 47.205597 0.003020 0.990407 -0.138151 0.782970 0.479990 2 6 0.504274 5 0.495727
scout_body_blue
  6 -0.038805 7.068559 52.517944 0.002481 0.930527 -0.366215 0.782200 0.593200 3 6 0.766533 7 0.126253 8 0.107214
  6 -0.047700 4.977519 47.205597 0.003020 0.990407 -0.138151 0.782970 0.479990 2 6 0.504274 5 0.495727
  6 -3.693717 6.514322 52.609627 -0.289803 0.900271 -0.324846 0.716200 0.603600 3 6 0.791792 7 0.119119 8 0.089089
scout_body_blue
  6 -0.038805 7.068559 52.517944 0.002481 0.930527 -0.366215 0.782200 0.593200 3 6 0.766533 7 0.126253 8 0.107214
  6 3.613259 6.496397 52.613602 0.292679 0.900171 -0.322539 0.847500 0.602900 3 6 0.791792 7 0.119119 8 0.089089
  6 -0.047700 4.977519 47.205597 0.003020 0.990407 -0.138151 0.782970 0.479990 2 6 0.504274 5 0.495727
scout_body_blue
  26 -6.942761 5.609099 56.750103 -0.190002 0.978959 0.074421 0.662830 0.684030 3 26 0.409228 8 0.395186 27 0.195587
  8 -5.644820 5.845530 56.844707 -0.042590 0.994282 0.097920 0.688100 0.682710 2 8 0.531804 26 0.468196
  8 -5.967319 5.720759 55.024395 -0.011460 0.996542 -0.082300 0.677370 0.652810 3 8 0.463907 6 0.304671 26 0.231423
scout_body_blue
  8 -5.967319 5.720759 55.024395 -0.011460 0.996542 -0.082300 0.677370 0.652810 3 8 0.463907 6 0.304671 26 0.231423
  8 -5.644820 5.845530 56.844707 -0.042590 0.994282 0.097920 0.688100 0.682710 2 8 0.531804 26 0.468196
  8 -5.689159 5.609439 55.013607 0.401013 0.915427 -0.034380 0.683540 0.651480 3 8 0.449735 6 0.312169 26 0.238095
scout_body_blue
  8 -5.689159 5.609439 55.013607 0.401013 0.915427 -0.034380 0.683540 0.651480 3 8 0.449735 6 0.312169 26 0.238095
  6 -5.504818 5.524249 52.613186 -0.123200 0.832793 -0.539701 0.678400 0.608300 2 6 0.764647 8 0.235354
  8 -5.967319 5.720759 55.024395 -0.011460 0.996542 -0.082300 0.677370 0.652810 3 8 0.463907 6 0.304671 26 0.231423
scout_body_blue
  6 -5.504818 5.524249 52.613186 -0.123200 0.832793 -0.539701 0.678400 0.608300 2 6 0.764647 8 0.235354
  6 -5.776141 5.778120 52.730415 -0.048198 0.921232 -0.386016 0.674100 0.613200 2 6 0.767442 8 0.232558
  8 -5.967319 5.720759 55.024395 -0.011460 0.996542 -0.082300 0.677370 0.652810 3 8 0.463907 6 0.304671 26 0.231423
scout_body_blue
  6 -6.336690 4.431396 51.982906 -0.802413 0.435568 -0.407938 0.651900 0.596400 2 6 0.585586 8 0.414414
  6 -5.776141 5.778120 52.730415 -0.048198 0.921232 -0.386016 0.674100 0.613200 2 6 0.767442 8 0.232558
  6 -5.504818 5.524249 52.613186 -0.123200 0.832793 -0.539701 0.678400 0.608300 2 6 0.764647 8 0.235354
scout_body_blue
  6 -5.776141 5.778120 52.730415 -0.048198 0.921232 -0.386016 0.674100 0.613200 2 6 0.767442 8 0.232558
  6 -6.336690 4.431396 51.982906 -0.802413 0.435568 -0.407938 0.651900 0.596400 2 6 0.585586 8 0.414414
  6 -6.950493 4.920309 54.534389 -0.186024 0.953311 -0.237893 0.649200 0.649500 3 6 0.100100 8 0.772773 27 0.127127
scout_body_blue
  6 -6.336690 4.431396 51.982906 -0.802413 0.435568 -0.407938 0.651900 0.596400 2 6 0.585586 8 0.414414
  6 -6.816352 4.307874 52.987766 -0.868159 0.383616 -0.314863 0.641800 0.617000 3 6 0.109218 8 0.776553 27 0.114229
  6 -6.950493 4.920309 54.534389 -0.186024 0.953311 -0.237893 0.649200 0.649500 3 6 0.100100 8 0.772773 27 0.127127
scout_body_blue
  8 -6.950530 4.522650 53.746574 -0.775262 0.485751 -0.403751 0.639850 0.632070 3 8 0.760521 27 0.136273 6 0.103206
  6 -6.950493 4.920309 54.534389 -0.186024 0.953311 -0.237893 0.649200 0.649500 3 6 0.100100 8 0.772773 27 0.127127
  6 -6.816352 4.307874 52.987766 -0.868159 0.383616 -0.314863 0.641800 0.617000 3 6 0.109218 8 0.776553 27 0.114229
scout_body_blue
  8 -6.950530 4.522650 53.746574 -0.775262 0.485751 -0.403751 0.639850 0.632070 3 8 0.760521 27 0.136273 6 0.103206
  6 -6.816352 4.307874 52.987766 -0.868159 0.383616 -0.314863 0.641800 0.617000 3 6 0.109218 8 0.776553 27 0.114229
  8 -6.964511 2.200542 51.611595 0.651925 0.167604 -0.739529 0.606800 0.595100 2 8 0.470707 27 0.529293
scout_body_blue
  8 -6.751102 1.911238 51.767792 -0.623803 -0.158205 -0.765403 0.605800 0.589300 2 8 0.688641 27 0.311359
  8 -6.964511 2.200542 51.611595 0.651925 0.167604 -0.739529 0.606800 0.595100 2 8 0.470707 27 0.529293
  6 -6.816352 4.307874 52.987766 -0.868159 0.383616 -0.314863 0.641800 0.617000 3 6 0.109218 8 0.776553 27 0.114229
scout_body_blue
  6 -6.336690 4.431396 51.982906 -0.802413 0.435568 -0.407938 0.651900 0.596400 2 6 0.585586 8 0.414414
  8 -6.751102 1.911238 51.767792 -0.623803 -0.158205 -0.765403 0.605800 0.589300 2 8 0.688641 27 0.311359
  6 -6.816352 4.307874 52.987766 -0.868159 0.383616 -0.314863 0.641800 0.617000 3 6 0.109218 8 0.776553 27 0.114229
scout_body_blue
  6 -4.552400 3.558000 47.592758 -0.723742 0.593762 -0.351631 0.664150 0.511750 3 6 0.658977 5 0.185557 7 0.155466
  8 -6.751102 1.911238 51.767792 -0.623803 -0.158205 -0.765403 0.605800 0.589300 2 8 0.688641 27 0.311359
  6 -6.336690 4.431396 51.982906 -0.802413 0.435568 -0.407938 0.651900 0.596400 2 6 0.585586 8 0.414414
scout_body_blue
  6 -2.943370 4.973380 47.239136 -0.441532 0.795814 -0.414402 0.716300 0.498000 3 6 0.623624 5 0.204204 7 0.172172
  6 -4.552400 3.558000 47.592758 -0.723742 0.593762 -0.351631 0.664150 0.511750 3 6 0.658977 5 0.185557 7 0.155466
  6 -6.336690 4.431396 51.982906 -0.802413 0.435568 -0.407938 0.651900 0.596400 2 6 0.585586 8 0.414414
scout_body_blue
  5 -3.256840 4.022449 46.414230 -0.549656 0.754208 -0.359234 0.704530 0.462190 3 5 0.602204 6 0.319639 7 0.078156
  6 -4.552400 3.558000 47.592758 -0.723742 0.593762 -0.351631 0.664150 0.511750 3 6 0.658977 5 0.185557 7 0.155466
  6 -2.943370 4.973380 47.239136 -0.441532 0.795814 -0.414402 0.716300 0.498000 3 6 0.623624 5 0.204204 7 0.172172
scout_body_blue
  6 -2.943370 4.973380 47.239136 -0.441532 0.795814 -0.414402 0.716300 0.498000 3 6 0.623624 5 0.204204 7 0.172172
  6 -1.554520 4.764080 46.349487 -0.242421 0.955514 -0.168001 0.747480 0.452460 2 6 0.504274 5 0.495727
  5 -3.256840 4.022449 46.414230 -0.549656 0.754208 -0.359234 0.704530 0.462190 3 5 0.602204 6 0.319639 7 0.078156
scout_body_blue
  5 -3.524380 3.941680 45.679409 -0.545417 0.830001 -0.116702 0.688460 0.434290 3 5 0.602204 6 0.319639 7 0.078156
  5 -3.256840 4.022449 46.414230 -0.549656 0.754208 -0.359234 0.704530 0.462190 3 5 0.602204 6 0.319639 7 0.078156
  6 -1.554520 4.764080 46.349487 -0.242421 0.955514 -0.168001 0.747480 0.452460 2 6 0.504274 5 0.495727
scout_body_blue
  5 -0.047700 5.173130 45.449730 -0.039710 0.991111 -0.126970 0.781460 0.423710 2 5 0.592233 6 0.407767
  5 -3.524380 3.941680 45.679409 -0.545417 0.830001 -0.116702 0.688460 0.434290 3 5 0.602204 6 0.319639 7 0.078156
  6 -1.554520 4.764080 46.349487 -0.242421 0.955514 -0.168001 0.747480 0.452460 2 6 0.504274 5 0.495727
scout_body_blue
  5 -0.047700 5.173130 45.449730 -0.039710 0.991111 -0.126970 0.781460 0.423710 2 5 0.592233 6 0.407767
  0 -1.140626 4.664134 44.460743 -0.654923 0.745426 -0.124162 0.754000 0.396300 3 0 0.098563 5 0.484600 6 0.416838
  5 -3.524380 3.941680 45.679409 -0.545417 0.830001 -0.116702 0.688460 0.434290 3 5 0.602204 6 0.319639 7 0.078156
scout_body_blue
  8 -5.967319 5.720759 55.024395 -0.011460 0.996542 -0.082300 0.677370 0.652810 3 8 0.463907 6 0.304671 26 0.231423
  6 -5.776141 5.778120 52.730415 -0.048198 0.921232 -0.386016 0.674100 0.613200 2 6 0.767442 8 0.232558
  6 -6.950493 4.920309 54.534389 -0.186024 0.953311 -0.237893 0.649200 0.649500 3 6 0.100100 8 0.772773 27 0.127127
scout_body_blue
  5 -3.524380 3.941680 45.679409 -0.545417 0.830001 -0.116702 0.688460 0.434290 3 5 0.602204 6 0.319639 7 0.078156
  0 -1.140626 4.664134 44.460743 -0.654923 0.745426 -0.124162 0.754000 0.396300 3 0 0.098563 5 0.484600 6 0.416838
  5 -3.391449 3.792460 44.534088 -0.513832 0.689843 0.509992 0.696680 0.395790 3 5 0.436874 6 0.349699 0 0.213427
scout_body_blue
  5 -3.524380 3.941680 45.679409 -0.545417 0.830001 -0.116702 0.688460 0.434290 3 5 0.602204 6 0.319639 7 0.078156
  5 -3.391449 3.792460 44.534088 -0.513832 0.689843 0.509992 0.696680 0.395790 3 5 0.436874 6 0.349699 0 0.213427
  5 -5.483590 1.640790 44.217094 -0.806597 0.534135 -0.253182 0.620760 0.384900 3 5 0.533487 6 0.260970 0 0.205543
scout_body_blue
  6 -6.073359 1.094840 45.265038 -0.959674 0.265881 0.091280 0.612200 0.419570 1 6 1.000000
  5 -3.524380 3.941680 45.679409 -0.545417 0.830001 -0.116702 0.688460 0.434290 3 5 0.602204 6 0.319639 7 0.078156
  5 -5.483590 1.640790 44.217094 -0.806597 0.534135 -0.253182 0.620760 0.384900 3 5 0.533487 6 0.260970 0 0.205543
scout_body_blue
  6 -6.073359 1.094840 45.265038 -0.959674 0.265881 0.091280 0.612200 0.419570 1 6 1.000000
  6 -5.789090 2.022579 46.904926 -0.920656 0.362872 -0.143931 0.621990 0.500840 2 6 0.924388 5 0.075612
  5 -3.524380 3.941680 45.679409 -0.545417 0.830001 -0.116702 0.688460 0.434290 3 5 0.602204 6 0.319639 7 0.078156
scout_body_blue
  6 -5.789090 2.022579 46.904926 -0.920656 0.362872 -0.143931 0.621990 0.500840 2 6 0.924388 5 0.075612
  5 -3.256840 4.022449 46.414230 -0.549656 0.754208 -0.359234 0.704530 0.462190 3 5 0.602204 6 0.319639 7 0.078156
  5 -3.524380 3.941680 45.679409 -0.545417 0.830001 -0.116702 0.688460 0.434290 3 5 0.602204 6 0.319639 7 0.078156
scout_body_blue
  6 -4.552400 3.558000 47.592758 -0.723742 0.593762 -0.351631 0.664150 0.511750 3 6 0.658977 5 0.185557 7 0.155466
  5 -3.256840 4.022449 46.414230 -0.549656 0.754208 -0.359234 0.704530 0.462190 3 5 0.602204 6 0.319639 7 0.078156
  6 -5.789090 2.022579 46.904926 -0.920656 0.362872 -0.143931 0.621990 0.500840 2 6 0.924388 5 0.075612
scout_body_blue
  8 -6.751102 1.911238 51.767792 -0.623803 -0.158205 -0.765403 0.605800 0.589300 2 8 0.688641 27 0.311359
  6 -4.552400 3.558000 47.592758 -0.723742 0.593762 -0.351631 0.664150 0.511750 3 6 0.658977 5 0.185557 7 0.155466
  6 -5.789090 2.022579 46.904926 -0.920656 0.362872 -0.143931 0.621990 0.500840 2 6 0.924388 5 0.075612
scout_body_blue
  6 -6.950493 4.920309 54.534389 -0.186024 0.953311 -0.237893 0.649200 0.649500 3 6 0.100100 8 0.772773 27 0.127127
  8 -6.950530 4.522650 53.746574 0.738510 0.521147 -0.427796 0.639850 0.632070 3 8 0.760521 27 0.136273 6 0.103206
  27 -8.869001 5.711552 52.439980 0.488945 0.872139 -0.017510 0.602390 0.646430 1 27 1.000000
scout_body_blue
  27 -9.768260 5.546351 51.618515 -0.183361 0.792677 -0.581414 0.585320 0.647240 1 27 1.000000
  27 -9.295181 5.710472 51.757149 0.072170 0.905113 -0.419001 0.590890 0.644420 1 27 1.000000
  27 -9.171961 4.871101 51.057640 0.048490 0.453403 -0.889985 0.582280 0.635320 1 27 1.000000
scout_body_blue
  27 -8.568241 4.827942 51.031307 0.387425 0.548567 -0.740929 0.586750 0.630690 1 27 1.000000
  27 -9.171961 4.871101 51.057640 0.048490 0.453403 -0.889985 0.582280 0.635320 1 27 1.000000
  27 -9.295181 5.710472 51.757149 0.072170 0.905113 -0.419001 0.590890 0.644420 1 27 1.000000
scout_body_blue
  27 -8.869001 5.711552 52.439980 0.488945 0.872139 -0.017510 0.602390 0.646430 1 27 1.000000
  27 -8.568241 4.827942 51.031307 0.387425 0.548567 -0.740929 0.586750 0.630690 1 27 1.000000
  27 -9.295181 5.710472 51.757149 0.072170 0.905113 -0.419001 0.590890 0.644420 1 27 1.000000
scout_body_blue
  27 -7.614301 4.247121 51.968098 0.824481 0.493687 -0.276593 0.604800 0.624060 1 27 1.000000
  27 -8.568241 4.827942 51.031307 0.387425 0.548567 -0.740929 0.586750 0.630690 1 27 1.000000
  27 -8.869001 5.711552 52.439980 0.488945 0.872139 -0.017510 0.602390 0.646430 1 27 1.000000
scout_body_blue
  8 -6.950530 4.522650 53.746574 0.738510 0.521147 -0.427796 0.639850 0.632070 3 8 0.760521 27 0.136273 6 0.103206
  27 -7.614301 4.247121 51.968098 0.824481 0.493687 -0.276593 0.604800 0.624060 1 27 1.000000
  27 -8.869001 5.711552 52.439980 0.488945 0.872139 -0.017510 0.602390 0.646430 1 27 1.000000
scout_body_blue
  27 -7.368082 2.196400 51.486038 0.806248 0.118121 -0.579665 0.598230 0.597020 1 27 1.000000
  27 -7.614301 4.247121 51.968098 0.824481 0.493687 -0.276593 0.604800 0.624060 1 27 1.000000
  8 -6.950530 4.522650 53.746574 0.738510 0.521147 -0.427796 0.639850 0.632070 3 8 0.760521 27 0.136273 6 0.103206
scout_body_blue
  8 -6.964511 2.200542 51.611595 0.425298 0.290995 -0.856997 0.606800 0.595100 2 8 0.470707 27 0.529293
  27 -7.368082 2.196400 51.486038 0.806248 0.118121 -0.579665 0.598230 0.597020 1 27 1.000000
  8 -6.950530 4.522650 53.746574 0.738510 0.521147 -0.427796 0.639850 0.632070 3 8 0.760521 27 0.136273 6 0.103206
scout_body_blue
  27 -8.757141 3.371441 50.648964 0.163971 0.094711 -0.981908 0.571760 0.618250 1 27 1.000000
  27 -9.171961 4.871101 51.057640 0.048490 0.453403 -0.889985 0.582280 0.635320 1 27 1.000000
  27 -7.987092 3.316801 50.773598 0.428202 0.115011 -0.896334 0.578170 0.614600 1 27 1.000000
scout_body_blue
  27 -9.171961 4.871101 51.057640 0.048490 0.453403 -0.889985 0.582280 0.635320 1 27 1.000000
  27 -8.568241 4.827942 51.031307 0.387425 0.548567 -0.740929 0.586750 0.630690 1 27 1.000000
  27 -7.987092 3.316801 50.773598 0.428202 0.115011 -0.896334 0.578170 0.614600 1 27 1.000000
scout_body_blue
  27 -8.568241 4.827942 51.031307 0.387425 0.548567 -0.740929 0.586750 0.630690 1 27 1.000000
  27 -7.400513 2.951439 51.301292 0.920903 0.106000 -0.375101 0.589300 0.606600 1 27 1.000000
  27 -7.987092 3.316801 50.773598 0.428202 0.115011 -0.896334 0.578170 0.614600 1 27 1.000000
scout_body_blue
  27 -7.614301 4.247121 51.968098 0.824481 0.493687 -0.276593 0.604800 0.624060 1 27 1.000000
  27 -7.400513 2.951439 51.301292 0.920903 0.106000 -0.375101 0.589300 0.606600 1 27 1.000000
  27 -8.568241 4.827942 51.031307 0.387425 0.548567 -0.740929 0.586750 0.630690 1 27 1.000000
scout_body_blue
  27 -7.368082 2.196400 51.486038 0.806248 0.118121 -0.579665 0.598230 0.597020 1 27 1.000000
  27 -7.400513 2.951439 51.301292 0.920903 0.106000 -0.375101 0.589300 0.606600 1 27 1.000000
  27 -7.614301 4.247121 51.968098 0.824481 0.493687 -0.276593 0.604800 0.624060 1 27 1.000000
scout_body_blue
  27 -6.889952 5.469260 59.026657 -0.627844 0.672295 0.392213 0.671910 0.711800 3 27 0.602809 8 0.220662 26 0.176530
  27 -8.484751 4.737919 58.392303 -0.524064 0.732636 0.434283 0.642100 0.709760 3 27 0.761523 8 0.129259 26 0.109218
  27 -6.609911 2.668538 60.489319 -0.401014 0.051060 0.914648 0.661390 0.754830 3 27 0.592593 7 0.305011 26 0.102397
scout_body_blue
  27 -6.609911 2.668538 60.489319 -0.401014 0.051060 0.914648 0.661390 0.754830 3 27 0.592593 7 0.305011 26 0.102397
  27 -8.484751 4.737919 58.392303 -0.524064 0.732636 0.434283 0.642100 0.709760 3 27 0.761523 8 0.129259 26 0.109218
  27 -8.624421 2.825878 59.656807 -0.665575 -0.016160 0.746156 0.632810 0.735630 3 27 0.703934 26 0.187371 7 0.108696
scout_body_blue
  27 -8.624421 2.825878 59.656807 -0.665575 -0.016160 0.746156 0.632810 0.735630 3 27 0.703934 26 0.187371 7 0.108696
  27 -8.484751 4.737919 58.392303 -0.524064 0.732636 0.434283 0.642100 0.709760 3 27 0.761523 8 0.129259 26 0.109218
  27 -10.515951 4.608240 55.173538 -0.501636 0.653818 0.566466 0.606390 0.689690 1 27 1.000000
scout_body_blue
  27 -10.970781 2.105919 55.626579 -0.760936 -0.106331 0.640055 0.591120 0.720570 1 27 1.000000
  27 -8.624421 2.825878 59.656807 -0.665575 -0.016160 0.746156 0.632810 0.735630 3 27 0.703934 26 0.187371 7 0.108696
  27 -10.515951 4.608240 55.173538 -0.501636 0.653818 0.566466 0.606390 0.689690 1 27 1.000000
scout_body_blue
  27 -10.515951 4.608240 55.173538 -0.501636 0.653818 0.566466 0.606390 0.689690 1 27 1.000000
  27 -11.597980 4.718961 53.919277 -0.800468 0.536246 0.267753 0.588770 0.684560 1 27 1.000000
  27 -10.970781 2.105919 55.626579 -0.760936 -0.106331 0.640055 0.591120 0.720570 1 27 1.000000
scout_body_blue
  27 -11.597980 4.718961 53.919277 -0.800468 0.536246 0.267753 0.588770 0.684560 1 27 1.000000
  27 -11.849211 2.351950 54.284149 -0.951637 -0.051650 0.302852 0.578520 0.715010 1 27 1.000000
  27 -10.970781 2.105919 55.626579 -0.760936 -0.106331 0.640055 0.591120 0.720570 1 27 1.000000
scout_body_blue
  27 -11.849211 2.351950 54.284149 -0.951637 -0.051650 0.302852 0.578520 0.715010 1 27 1.000000
  27 -11.597980 4.718961 53.919277 -0.800468 0.536246 0.267753 0.588770 0.684560 1 27 1.000000
  27 -11.817361 2.424150 53.435768 -0.999157 -0.037160 0.017420 0.572390 0.711950 1 27 1.000000
scout_body_blue
  27 -11.597980 4.718961 53.919277 -0.800468 0.536246 0.267753 0.588770 0.684560 1 27 1.000000
  27 -11.691181 4.696490 53.367130 -0.896206 0.345973 -0.277702 0.582910 0.680600 1 27 1.000000
  27 -11.817361 2.424150 53.435768 -0.999157 -0.037160 0.017420 0.572390 0.711950 1 27 1.000000
scout_body_blue
  27 -10.668391 5.439922 52.440464 -0.709228 0.493446 -0.503495 0.584800 0.660100 1 27 1.000000
  27 -11.691181 4.696490 53.367130 -0.896206 0.345973 -0.277702 0.582910 0.680600 1 27 1.000000
  27 -11.597980 4.718961 53.919277 -0.800468 0.536246 0.267753 0.588770 0.684560 1 27 1.000000
scout_body_blue
  27 -10.328852 5.759772 52.752579 -0.363242 0.931305 -0.026970 0.591430 0.659070 1 27 1.000000
  27 -10.668391 5.439922 52.440464 -0.709228 0.493446 -0.503495 0.584800 0.660100 1 27 1.000000
  27 -11.597980 4.718961 53.919277 -0.800468 0.536246 0.267753 0.588770 0.684560 1 27 1.000000
scout_body_blue
  27 -10.668391 5.439922 52.440464 -0.709228 0.493446 -0.503495 0.584800 0.660100 1 27 1.000000
  27 -10.328852 5.759772 52.752579 -0.363242 0.931305 -0.026970 0.591430 0.659070 1 27 1.000000
  27 -9.768260 5.546351 51.618515 -0.183361 0.792677 -0.581414 0.585320 0.647240 1 27 1.000000
scout_body_blue
  27 -9.295181 5.710472 51.757149 0.072170 0.905113 -0.419001 0.590890 0.644420 1 27 1.000000
  27 -9.768260 5.546351 51.618515 -0.183361 0.792677 -0.581414 0.585320 0.647240 1 27 1.000000
  27 -10.328852 5.759772 52.752579 -0.363242 0.931305 -0.026970 0.591430 0.659070 1 27 1.000000
scout_body_blue
  27 -10.328852 5.759772 52.752579 -0.363242 0.931305 -0.026970 0.591430 0.659070 1 27 1.000000
  27 -9.747061 5.812851 53.362057 0.080811 0.925008 0.371253 0.602430 0.661310 1 27 1.000000
  27 -9.295181 5.710472 51.757149 0.072170 0.905113 -0.419001 0.590890 0.644420 1 27 1.000000
scout_body_blue
  27 -9.295181 5.710472 51.757149 0.072170 0.905113 -0.419001 0.590890 0.644420 1 27 1.000000
  27 -9.747061 5.812851 53.362057 0.080811 0.925008 0.371253 0.602430 0.661310 1 27 1.000000
  27 -8.869001 5.711552 52.439980 0.488945 0.872139 -0.017510 0.602390 0.646430 1 27 1.000000
scout_body_blue
  27 -9.747061 5.812851 53.362057 0.080811 0.925008 0.371253 0.602430 0.661310 1 27 1.000000
  27 -9.451291 5.255691 53.676968 0.141241 0.935986 0.322462 0.610340 0.663720 1 27 1.000000
  27 -8.869001 5.711552 52.439980 0.488945 0.872139 -0.017510 0.602390 0.646430 1 27 1.000000
scout_body_blue
  6 -6.950493 4.920309 54.534389 -0.186024 0.953311 -0.237893 0.649200 0.649500 3 6 0.100100 8 0.772773 27 0.127127
  27 -8.869001 5.711552 52.439980 0.488945 0.872139 -0.017510 0.602390 0.646430 1 27 1.000000
  27 -9.451291 5.255691 53.676968 0.141241 0.935986 0.322462 0.610340 0.663720 1 27 1.000000
scout_body_blue
  26 -6.942761 5.609099 56.750103 -0.190002 0.978959 0.074421 0.662830 0.684030 3 26 0.409228 8 0.395186 27 0.195587
  6 -6.950493 4.920309 54.534389 -0.186024 0.953311 -0.237893 0.649200 0.649500 3 6 0.100100 8 0.772773 27 0.127127
  27 -9.451291 5.255691 53.676968 0.141241 0.935986 0.322462 0.610340 0.663720 1 27 1.000000
scout_body_blue
  6 -6.950493 4.920309 54.534389 -0.186024 0.953311 -0.237893 0.649200 0.649500 3 6 0.100100 8 0.772773 27 0.127127
  26 -6.942761 5.609099 56.750103 -0.190002 0.978959 0.074421 0.662830 0.684030 3 26 0.409228 8 0.395186 27 0.195587
  8 -5.967319 5.720759 55.024395 -0.011460 0.996542 -0.082300 0.677370 0.652810 3 8 0.463907 6 0.304671 26 0.231423
scout_body_blue
  27 -8.484751 4.737919 58.392303 -0.524064 0.732636 0.434283 0.642100 0.709760 3 27 0.761523 8 0.129259 26 0.109218
  27 -6.889952 5.469260 59.026657 -0.627844 0.672295 0.392213 0.671910 0.711800 3 27 0.602809 8 0.220662 26 0.176530
  26 -6.942761 5.609099 56.750103 -0.190002 0.978959 0.074421 0.662830 0.684030 3 26 0.409228 8 0.395186 27 0.195587
scout_body_blue
  27 -8.484751 4.737919 58.392303 -0.524064 0.732636 0.434283 0.642100 0.709760 3 27 0.761523 8 0.129259 26 0.109218
  26 -6.942761 5.609099 56.750103 -0.190002 0.978959 0.074421 0.662830 0.684030 3 26 0.409228 8 0.395186 27 0.195587
  27 -10.515951 4.608240 55.173538 -0.501636 0.653818 0.566466 0.606390 0.689690 1 27 1.000000
scout_body_blue
  26 -6.942761 5.609099 56.750103 -0.190002 0.978959 0.074421 0.662830 0.684030 3 26 0.409228 8 0.395186 27 0.195587
  27 -9.451291 5.255691 53.676968 0.141241 0.935986 0.322462 0.610340 0.663720 1 27 1.000000
  27 -10.515951 4.608240 55.173538 -0.501636 0.653818 0.566466 0.606390 0.689690 1 27 1.000000
scout_body_blue
  27 -10.515951 4.608240 55.173538 -0.501636 0.653818 0.566466 0.606390 0.689690 1 27 1.000000
  27 -9.451291 5.255691 53.676968 0.141241 0.935986 0.322462 0.610340 0.663720 1 27 1.000000
  27 -9.747061 5.812851 53.362057 0.080811 0.925008 0.371253 0.602430 0.661310 1 27 1.000000
scout_body_blue
  27 -10.515951 4.608240 55.173538 -0.501636 0.653818 0.566466 0.606390 0.689690 1 27 1.000000
  27 -9.747061 5.812851 53.362057 0.080811 0.925008 0.371253 0.602430 0.661310 1 27 1.000000
  27 -10.328852 5.759772 52.752579 -0.363242 0.931305 -0.026970 0.591430 0.659070 1 27 1.000000
scout_body_blue
  27 -11.597980 4.718961 53.919277 -0.800468 0.536246 0.267753 0.588770 0.684560 1 27 1.000000
  27 -10.515951 4.608240 55.173538 -0.501636 0.653818 0.566466 0.606390 0.689690 1 27 1.000000
  27 -10.328852 5.759772 52.752579 -0.363242 0.931305 -0.026970 0.591430 0.659070 1 27 1.000000
scout_body_blue
  26 -6.942761 5.609099 56.750103 -0.190002 0.978959 0.074421 0.662830 0.684030 3 26 0.409228 8 0.395186 27 0.195587
  8 -6.889895 5.470683 59.026386 -0.245380 0.821496 0.514716 0.671900 0.711800 3 8 0.220662 26 0.176530 27 0.602809
  8 -5.644820 5.845530 56.844707 -0.042590 0.994282 0.097920 0.688100 0.682710 2 8 0.531804 26 0.468196
scout_body_blue
  8 -5.964310 5.766809 58.968937 0.187032 0.841400 0.507016 0.684150 0.712250 2 8 0.612096 26 0.387904
  8 -5.644820 5.845530 56.844707 -0.042590 0.994282 0.097920 0.688100 0.682710 2 8 0.531804 26 0.468196
  8 -6.889895 5.470683 59.026386 -0.245380 0.821496 0.514716 0.671900 0.711800 3 8 0.220662 26 0.176530 27 0.602809
scout_body_blue
  8 -5.714637 5.547392 58.735859 0.785278 0.549066 0.286119 0.689000 0.712900 2 8 0.615465 26 0.384535
  8 -5.644820 5.845530 56.844707 -0.042590 0.994282 0.097920 0.688100 0.682710 2 8 0.531804 26 0.468196
  8 -5.964310 5.766809 58.968937 0.187032 0.841400 0.507016 0.684150 0.712250 2 8 0.612096 26 0.387904
scout_body_blue
  8 -5.714637 5.547392 58.735859 0.785278 0.549066 0.286119 0.689000 0.712900 2 8 0.615465 26 0.384535
  8 -5.964310 5.766809 58.968937 0.187032 0.841400 0.507016 0.684150 0.712250 2 8 0.612096 26 0.387904
  7 -5.549304 2.244179 61.322292 -0.384420 -0.103403 0.917349 0.679800 0.771600 3 7 0.570609 26 0.175660 27 0.253731
scout_body_blue
  8 -5.964310 5.766809 58.968937 0.187032 0.841400 0.507016 0.684150 0.712250 2 8 0.612096 26 0.387904
  8 -6.889895 5.470683 59.026386 -0.245380 0.821496 0.514716 0.671900 0.711800 3 8 0.220662 26 0.176530 27 0.602809
  7 -5.549304 2.244179 61.322292 -0.384420 -0.103403 0.917349 0.679800 0.771600 3 7 0.570609 26 0.175660 27 0.253731
scout_body_blue
  8 -6.889895 5.470683 59.026386 -0.245380 0.821496 0.514716 0.671900 0.711800 3 8 0.220662 26 0.176530 27 0.602809
  27 -6.541721 2.616228 60.837379 -0.768706 -0.013260 0.639465 0.665920 0.759080 3 27 0.592593 7 0.305011 26 0.102397
  7 -5.549304 2.244179 61.322292 -0.384420 -0.103403 0.917349 0.679800 0.771600 3 7 0.570609 26 0.175660 27 0.253731
scout_body_blue
  27 -6.541721 2.616228 60.837379 -0.768706 -0.013260 0.639465 0.665920 0.759080 3 27 0.592593 7 0.305011 26 0.102397
  8 -6.889895 5.470683 59.026386 -0.245380 0.821496 0.514716 0.671900 0.711800 3 8 0.220662 26 0.176530 27 0.602809
  27 -6.609911 2.668538 60.489319 -0.943556 -0.087731 0.319382 0.661390 0.754830 3 27 0.592593 7 0.305011 26 0.102397
scout_body_blue
  8 -0.047710 6.342420 55.350315 0.000200 0.998665 -0.051650 0.782020 0.655130 3 8 0.754509 26 0.138277 6 0.107214
  8 -5.689159 5.609439 55.013607 -0.091560 0.994465 -0.051530 0.683540 0.651480 3 8 0.449735 6 0.312169 26 0.238095
  8 -5.644820 5.845530 56.844707 -0.042590 0.994282 0.097920 0.688100 0.682710 2 8 0.531804 26 0.468196
scout_body_blue
  8 -0.047710 6.342420 55.350315 0.000200 0.998665 -0.051650 0.782020 0.655130 3 8 0.754509 26 0.138277 6 0.107214
  8 5.551519 5.845540 56.874458 0.060860 0.995449 0.073331 0.876290 0.681550 2 8 0.531804 11 0.468196
  8 3.369610 5.751390 54.995407 0.091971 0.994437 -0.051340 0.839830 0.654080 3 8 0.754509 11 0.138277 6 0.107214
scout_body_blue
  8 -0.047710 6.169429 57.356232 -0.008320 0.987527 0.157231 0.782230 0.686980 2 8 0.909469 7 0.090531
  8 5.551519 5.845540 56.874458 0.060860 0.995449 0.073331 0.876290 0.681550 2 8 0.531804 11 0.468196
  8 -0.047710 6.342420 55.350315 0.000200 0.998665 -0.051650 0.782020 0.655130 3 8 0.754509 26 0.138277 6 0.107214
scout_body_blue
  8 -0.047710 6.169429 57.356232 -0.008320 0.987527 0.157231 0.782230 0.686980 2 8 0.909469 7 0.090531
  8 -0.047710 6.342420 55.350315 0.000200 0.998665 -0.051650 0.782020 0.655130 3 8 0.754509 26 0.138277 6 0.107214
  8 -5.644820 5.845530 56.844707 -0.042590 0.994282 0.097920 0.688100 0.682710 2 8 0.531804 26 0.468196
scout_body_blue
  8 -5.644820 5.845530 56.844707 -0.042590 0.994282 0.097920 0.688100 0.682710 2 8 0.531804 26 0.468196
  8 -3.263870 5.309119 59.589523 -0.048090 0.910022 0.411761 0.721300 0.728930 2 8 0.909469 7 0.090531
  8 -0.047710 6.169429 57.356232 -0.008320 0.987527 0.157231 0.782230 0.686980 2 8 0.909469 7 0.090531
scout_body_blue
  8 -5.714637 5.547392 58.735859 -0.112046 0.920985 0.373138 0.689000 0.712900 2 8 0.615465 26 0.384535
  8 -3.263870 5.309119 59.589523 -0.048090 0.910022 0.411761 0.721300 0.728930 2 8 0.909469 7 0.090531
  8 -5.644820 5.845530 56.844707 -0.042590 0.994282 0.097920 0.688100 0.682710 2 8 0.531804 26 0.468196
scout_body_blue
  8 -5.714637 5.547392 58.735859 -0.112046 0.920985 0.373138 0.689000 0.712900 2 8 0.615465 26 0.384535
  8 -4.975768 4.097279 60.715256 -0.422534 0.594767 0.683899 0.694200 0.748800 3 8 0.558017 9 0.077004 26 0.364979
  8 -3.263870 5.309119 59.589523 -0.048090 0.910022 0.411761 0.721300 0.728930 2 8 0.909469 7 0.090531
scout_body_blue
  7 -5.549304 2.244179 61.322292 -0.412483 0.027102 0.910562 0.679800 0.771600 3 7 0.570609 26 0.175660 27 0.253731
  8 -4.975768 4.097279 60.715256 -0.422534 0.594767 0.683899 0.694200 0.748800 3 8 0.558017 9 0.077004 26 0.364979
  8 -5.714637 5.547392 58.735859 -0.112046 0.920985 0.373138 0.689000 0.712900 2 8 0.615465 26 0.384535
scout_body_blue
  7 -5.549304 2.244179 61.322292 -0.412483 0.027102 0.910562 0.679800 0.771600 3 7 0.570609 26 0.175660 27 0.253731
  8 -4.253200 3.446029 61.468578 -0.270982 0.441724 0.855248 0.705500 0.765830 3 8 0.550676 26 0.235360 9 0.213964
  8 -4.975768 4.097279 60.715256 -0.422534 0.594767 0.683899 0.694200 0.748800 3 8 0.558017 9 0.077004 26 0.364979
scout_body_blue
  8 -4.253200 3.446029 61.468578 -0.270982 0.441724 0.855248 0.705500 0.765830 3 8 0.550676 26 0.235360 9 0.213964
  7 -5.549304 2.244179 61.322292 -0.412483 0.027102 0.910562 0.679800 0.771600 3 7 0.570609 26 0.175660 27 0.253731
  8 -3.916316 0.982090 61.584007 -0.432805 -0.360402 0.826311 0.697100 0.805500 3 8 0.699399 9 0.151303 26 0.149299
scout_body_blue
  8 -4.253200 3.446029 61.468578 -0.270982 0.441724 0.855248 0.705500 0.765830 3 8 0.550676 26 0.235360 9 0.213964
  8 -3.916316 0.982090 61.584007 -0.432805 -0.360402 0.826311 0.697100 0.805500 3 8 0.699399 9 0.151303 26 0.149299
  8 -3.119650 3.161129 61.820541 -0.326273 0.384464 0.863559 0.723850 0.775820 2 8 0.815816 9 0.184184
scout_body_blue
  8 -3.119650 3.161129 61.820541 -0.326273 0.384464 0.863559 0.723850 0.775820 2 8 0.815816 9 0.184184
  8 -2.475830 4.210069 61.329891 -0.296684 0.734949 0.609778 0.735970 0.760290 1 8 1.000000
  8 -4.253200 3.446029 61.468578 -0.270982 0.441724 0.855248 0.705500 0.765830 3 8 0.550676 26 0.235360 9 0.213964
scout_body_blue
  8 -4.253200 3.446029 61.468578 -0.270982 0.441724 0.855248 0.705500 0.765830 3 8 0.550676 26 0.235360 9 0.213964
  8 -2.475830 4.210069 61.329891 -0.296684 0.734949 0.609778 0.735970 0.760290 1 8 1.000000
  8 -2.657930 4.572629 60.560097 -0.204762 0.830876 0.517414 0.729030 0.748740 1 8 1.000000
scout_body_blue
  8 -2.657930 4.572629 60.560097 -0.204762 0.830876 0.517414 0.729030 0.748740 1 8 1.000000
  8 -2.475830 4.210069 61.329891 -0.296684 0.734949 0.609778 0.735970 0.760290 1 8 1.000000
  8 -0.050140 4.409509 62.134186 -0.006970 0.824264 0.566163 0.782740 0.765190 2 8 0.936937 9 0.063063
scout_body_blue
  8 -0.050330 5.200620 60.766087 -0.014690 0.878545 0.477433 0.782590 0.741470 1 8 1.000000
  8 -2.657930 4.572629 60.560097 -0.204762 0.830876 0.517414 0.729030 0.748740 1 8 1.000000
  8 -0.050140 4.409509 62.134186 -0.006970 0.824264 0.566163 0.782740 0.765190 2 8 0.936937 9 0.063063
scout_body_blue
  8 -0.050330 5.200620 60.766087 -0.014690 0.878545 0.477433 0.782590 0.741470 1 8 1.000000
  8 -0.050140 4.409509 62.134186 -0.006970 0.824264 0.566163 0.782740 0.765190 2 8 0.936937 9 0.063063
  8 2.507590 4.597519 60.655987 0.185772 0.816878 0.546076 0.836230 0.748110 1 8 1.000000
scout_body_blue
  8 -0.050330 5.200620 60.766087 -0.014690 0.878545 0.477433 0.782590 0.741470 1 8 1.000000
  8 2.507590 4.597519 60.655987 0.185772 0.816878 0.546076 0.836230 0.748110 1 8 1.000000
  8 4.864270 5.718060 59.099411 0.237462 0.885398 0.399603 0.864390 0.715050 3 8 0.602603 11 0.305305 7 0.092092
scout_body_blue
  8 4.864270 5.718060 59.099411 0.237462 0.885398 0.399603 0.864390 0.715050 3 8 0.602603 11 0.305305 7 0.092092
  8 2.507590 4.597519 60.655987 0.185772 0.816878 0.546076 0.836230 0.748110 1 8 1.000000
  8 4.796533 4.172815 60.746086 0.431186 0.561038 0.706622 0.871000 0.747800 3 8 0.558017 9 0.077004 11 0.364979
scout_body_blue
  8 4.796533 4.172815 60.746086 0.431186 0.561038 0.706622 0.871000 0.747800 3 8 0.558017 9 0.077004 11 0.364979
  8 5.634919 5.554240 58.777451 0.486472 0.776613 0.400272 0.875770 0.711710 2 8 0.615465 11 0.384535
  8 4.864270 5.718060 59.099411 0.237462 0.885398 0.399603 0.864390 0.715050 3 8 0.602603 11 0.305305 7 0.092092
scout_body_blue
  8 5.551519 5.845540 56.874458 0.060860 0.995449 0.073331 0.876290 0.681550 2 8 0.531804 11 0.468196
  8 4.864270 5.718060 59.099411 0.237462 0.885398 0.399603 0.864390 0.715050 3 8 0.602603 11 0.305305 7 0.092092
  8 5.634919 5.554240 58.777451 0.486472 0.776613 0.400272 0.875770 0.711710 2 8 0.615465 11 0.384535
scout_body_blue
  8 -0.047710 6.169429 57.356232 -0.008320 0.987527 0.157231 0.782230 0.686980 2 8 0.909469 7 0.090531
  8 4.864270 5.718060 59.099411 0.237462 0.885398 0.399603 0.864390 0.715050 3 8 0.602603 11 0.305305 7 0.092092
  8 5.551519 5.845540 56.874458 0.060860 0.995449 0.073331 0.876290 0.681550 2 8 0.531804 11 0.468196
scout_body_blue
  8 -0.050330 5.200620 60.766087 -0.014690 0.878545 0.477433 0.782590 0.741470 1 8 1.000000
  8 4.864270 5.718060 59.099411 0.237462 0.885398 0.399603 0.864390 0.715050 3 8 0.602603 11 0.305305 7 0.092092
  8 -0.047710 6.169429 57.356232 -0.008320 0.987527 0.157231 0.782230 0.686980 2 8 0.909469 7 0.090531
scout_body_blue
  8 -0.047710 6.169429 57.356232 -0.008320 0.987527 0.157231 0.782230 0.686980 2 8 0.909469 7 0.090531
  8 -3.263870 5.309119 59.589523 -0.048090 0.910022 0.411761 0.721300 0.728930 2 8 0.909469 7 0.090531
  8 -0.050330 5.200620 60.766087 -0.014690 0.878545 0.477433 0.782590 0.741470 1 8 1.000000
scout_body_blue
  8 -3.263870 5.309119 59.589523 -0.048090 0.910022 0.411761 0.721300 0.728930 2 8 0.909469 7 0.090531
  8 -2.657930 4.572629 60.560097 -0.204762 0.830876 0.517414 0.729030 0.748740 1 8 1.000000
  8 -0.050330 5.200620 60.766087 -0.014690 0.878545 0.477433 0.782590 0.741470 1 8 1.000000
scout_body_blue
  8 -3.263870 5.309119 59.589523 -0.048090 0.910022 0.411761 0.721300 0.728930 2 8 0.909469 7 0.090531
  8 -4.975768 4.097279 60.715256 -0.422534 0.594767 0.683899 0.694200 0.748800 3 8 0.558017 9 0.077004 26 0.364979
  8 -2.657930 4.572629 60.560097 -0.204762 0.830876 0.517414 0.729030 0.748740 1 8 1.000000
scout_body_blue
  8 -2.657930 4.572629 60.560097 -0.204762 0.830876 0.517414 0.729030 0.748740 1 8 1.000000
  8 -4.975768 4.097279 60.715256 -0.422534 0.594767 0.683899 0.694200 0.748800 3 8 0.558017 9 0.077004 26 0.364979
  8 -4.253200 3.446029 61.468578 -0.270982 0.441724 0.855248 0.705500 0.765830 3 8 0.550676 26 0.235360 9 0.213964
scout_body_blue
  8 4.100770 3.493139 61.490292 0.296072 0.416953 0.859356 0.859990 0.764890 3 8 0.550676 11 0.235360 9 0.213964
  8 4.796533 4.172815 60.746086 0.431186 0.561038 0.706622 0.871000 0.747800 3 8 0.558017 9 0.077004 11 0.364979
  8 2.507590 4.597519 60.655987 0.185772 0.816878 0.546076 0.836230 0.748110 1 8 1.000000
scout_body_blue
  7 5.407080 2.260698 61.258583 0.392584 0.047100 0.918509 0.885790 0.770360 3 7 0.570609 12 0.253731 11 0.175660
  8 5.634919 5.554240 58.777451 0.486472 0.776613 0.400272 0.875770 0.711710 2 8 0.615465 11 0.384535
  8 4.796533 4.172815 60.746086 0.431186 0.561038 0.706622 0.871000 0.747800 3 8 0.558017 9 0.077004 11 0.364979
scout_body_blue
  8 4.796533 4.172815 60.746086 0.431186 0.561038 0.706622 0.871000 0.747800 3 8 0.558017 9 0.077004 11 0.364979
  8 4.100770 3.493139 61.490292 0.296072 0.416953 0.859356 0.859990 0.764890 3 8 0.550676 11 0.235360 9 0.213964
  7 5.407080 2.260698 61.258583 0.392584 0.047100 0.918509 0.885790 0.770360 3 7 0.570609 12 0.253731 11 0.175660
scout_body_blue
  8 3.817682 0.986302 61.599312 0.456011 -0.327003 0.827721 0.868900 0.804500 3 8 0.699399 9 0.151303 11 0.149299
  7 5.407080 2.260698 61.258583 0.392584 0.047100 0.918509 0.885790 0.770360 3 7 0.570609 12 0.253731 11 0.175660
  8 4.100770 3.493139 61.490292 0.296072 0.416953 0.859356 0.859990 0.764890 3 8 0.550676 11 0.235360 9 0.213964
scout_body_blue
  8 2.975709 3.180639 61.861588 0.333884 0.376585 0.864121 0.841770 0.775120 2 8 0.815816 9 0.184184
  8 3.817682 0.986302 61.599312 0.456011 -0.327003 0.827721 0.868900 0.804500 3 8 0.699399 9 0.151303 11 0.149299
  8 4.100770 3.493139 61.490292 0.296072 0.416953 0.859356 0.859990 0.764890 3 8 0.550676 11 0.235360 9 0.213964
scout_body_blue
  8 4.100770 3.493139 61.490292 0.296072 0.416953 0.859356 0.859990 0.764890 3 8 0.550676 11 0.235360 9 0.213964
  8 2.323070 4.221748 61.402782 0.290352 0.728155 0.620875 0.829450 0.759750 1 8 1.000000
  8 2.975709 3.180639 61.861588 0.333884 0.376585 0.864121 0.841770 0.775120 2 8 0.815816 9 0.184184
scout_body_blue
  8 2.507590 4.597519 60.655987 0.185772 0.816878 0.546076 0.836230 0.748110 1 8 1.000000
  8 2.323070 4.221748 61.402782 0.290352 0.728155 0.620875 0.829450 0.759750 1 8 1.000000
  8 4.100770 3.493139 61.490292 0.296072 0.416953 0.859356 0.859990 0.764890 3 8 0.550676 11 0.235360 9 0.213964
scout_body_blue
  8 -0.050140 4.409509 62.134186 -0.006970 0.824264 0.566163 0.782740 0.765190 2 8 0.936937 9 0.063063
  8 2.323070 4.221748 61.402782 0.290352 0.728155 0.620875 0.829450 0.759750 1 8 1.000000
  8 2.507590 4.597519 60.655987 0.185772 0.816878 0.546076 0.836230 0.748110 1 8 1.000000
scout_body_blue
  9 -2.936870 1.386119 61.918320 -0.193471 -0.262441 0.945354 0.714770 0.804510 3 9 0.398798 10 0.311623 8 0.289579
  8 -3.119650 3.161129 61.820541 -0.414843 0.181651 0.891576 0.723850 0.775820 2 8 0.815816 9 0.184184
  8 -3.916270 0.981998 61.583965 -0.219630 -0.248281 0.943461 0.697130 0.805550 3 8 0.699399 9 0.151303 26 0.149299
scout_body_blue
  8 -3.119650 3.161129 61.820541 -0.414843 0.181651 0.891576 0.723850 0.775820 2 8 0.815816 9 0.184184
  9 -2.936870 1.386119 61.918320 -0.193471 -0.262441 0.945354 0.714770 0.804510 3 9 0.398798 10 0.311623 8 0.289579
  8 -1.913770 3.369679 62.397358 -0.396943 0.404923 0.823695 0.746040 0.780040 2 8 0.931932 9 0.068068
scout_body_blue
  8 -2.475830 4.210069 61.329891 -0.296684 0.734949 0.609778 0.735970 0.760290 1 8 1.000000
  8 -3.119650 3.161129 61.820541 -0.414843 0.181651 0.891576 0.723850 0.775820 2 8 0.815816 9 0.184184
  8 -1.913770 3.369679 62.397358 -0.396943 0.404923 0.823695 0.746040 0.780040 2 8 0.931932 9 0.068068
scout_body_blue
  8 -2.475830 4.210069 61.329891 -0.296684 0.734949 0.609778 0.735970 0.760290 1 8 1.000000
  8 -1.913770 3.369679 62.397358 -0.396943 0.404923 0.823695 0.746040 0.780040 2 8 0.931932 9 0.068068
  8 -0.048800 3.939589 62.660782 -0.007420 0.672102 0.740422 0.782570 0.774860 3 8 0.784785 9 0.115115 10 0.100100
scout_body_blue
  8 -0.050140 4.409509 62.134186 -0.007420 0.672102 0.740422 0.782740 0.765190 2 8 0.936937 9 0.063063
  8 -2.475830 4.210069 61.329891 -0.296684 0.734949 0.609778 0.735970 0.760290 1 8 1.000000
  8 -0.048800 3.939589 62.660782 -0.007420 0.672102 0.740422 0.782570 0.774860 3 8 0.784785 9 0.115115 10 0.100100
scout_body_blue
  8 -0.050140 4.409509 62.134186 -0.007420 0.672102 0.740422 0.782740 0.765190 2 8 0.936937 9 0.063063
  8 -0.048800 3.939589 62.660782 -0.007420 0.672102 0.740422 0.782570 0.774860 3 8 0.784785 9 0.115115 10 0.100100
  8 2.323070 4.221748 61.402782 0.290352 0.728155 0.620875 0.829450 0.759750 1 8 1.000000
scout_body_blue
  8 -0.048800 3.939589 62.660782 -0.007420 0.672102 0.740422 0.782570 0.774860 3 8 0.784785 9 0.115115 10 0.100100
  8 1.790630 3.370209 62.441017 0.395604 0.395755 0.828779 0.819640 0.779630 2 8 0.931932 9 0.068068
  8 2.323070 4.221748 61.402782 0.290352 0.728155 0.620875 0.829450 0.759750 1 8 1.000000
scout_body_blue
  8 1.790630 3.370209 62.441017 0.395604 0.395755 0.828779 0.819640 0.779630 2 8 0.931932 9 0.068068
  8 2.975709 3.180639 61.861588 0.409544 0.166231 0.897018 0.841770 0.775120 2 8 0.815816 9 0.184184
  8 2.323070 4.221748 61.402782 0.290352 0.728155 0.620875 0.829450 0.759750 1 8 1.000000
scout_body_blue
  8 1.790630 3.370209 62.441017 0.395604 0.395755 0.828779 0.819640 0.779630 2 8 0.931932 9 0.068068
  9 2.693700 1.419429 61.957939 0.281642 -0.221282 0.933655 0.851240 0.803680 3 9 0.398798 10 0.311623 8 0.289579
  8 2.975709 3.180639 61.861588 0.409544 0.166231 0.897018 0.841770 0.775120 2 8 0.815816 9 0.184184
scout_body_blue
  8 3.817700 0.986209 61.599281 0.217220 -0.223120 0.950280 0.868880 0.804490 3 8 0.699399 9 0.151303 11 0.149299
  8 2.975709 3.180639 61.861588 0.409544 0.166231 0.897018 0.841770 0.775120 2 8 0.815816 9 0.184184
  9 2.693700 1.419429 61.957939 0.281642 -0.221282 0.933655 0.851240 0.803680 3 9 0.398798 10 0.311623 8 0.289579
scout_body_blue
  27 -11.809661 2.389920 53.529728 0.675248 -0.018481 0.737359 0.609200 0.060390 1 27 1.000000
  27 -11.604171 0.454479 53.181019 0.675248 -0.018481 0.737359 0.614910 0.062940 1 27 1.000000
  27 -10.764321 -0.066931 52.361889 0.675248 -0.018481 0.737359 0.618720 0.061450 1 27 1.000000
scout_body_blue
  27 -9.634871 -0.001250 51.333099 0.675248 -0.018481 0.737359 0.621910 0.057400 1 27 1.000000
  27 -11.809661 2.389920 53.529728 0.675248 -0.018481 0.737359 0.609200 0.060390 1 27 1.000000
  27 -10.764321 -0.066931 52.361889 0.675248 -0.018481 0.737359 0.618720 0.061450 1 27 1.000000
scout_body_blue
  27 -8.738741 1.594230 50.672489 0.675248 -0.018481 0.737359 0.621960 0.048460 1 27 1.000000
  27 -11.809661 2.389920 53.529728 0.675248 -0.018481 0.737359 0.609200 0.060390 1 27 1.000000
  27 -9.634871 -0.001250 51.333099 0.675248 -0.018481 0.737359 0.621910 0.057400 1 27 1.000000
scout_body_blue
  27 -8.636742 3.349461 50.702080 0.675248 -0.018481 0.737359 0.615730 0.035970 1 27 1.000000
  27 -11.809661 2.389920 53.529728 0.675248 -0.018481 0.737359 0.609200 0.060390 1 27 1.000000
  27 -8.738741 1.594230 50.672489 0.675248 -0.018481 0.737359 0.621960 0.048460 1 27 1.000000
scout_body_blue
  27 -9.138700 4.667882 51.032722 0.675248 -0.018481 0.737359 0.606440 0.042710 1 27 1.000000
  27 -11.809661 2.389920 53.529728 0.675248 -0.018481 0.737359 0.609200 0.060390 1 27 1.000000
  27 -8.636742 3.349461 50.702080 0.675248 -0.018481 0.737359 0.615730 0.035970 1 27 1.000000
scout_body_blue
  27 -9.760950 5.315631 51.606037 0.675248 -0.018481 0.737359 0.603070 0.046990 1 27 1.000000
  27 -11.809661 2.389920 53.529728 0.675248 -0.018481 0.737359 0.609200 0.060390 1 27 1.000000
  27 -9.138700 4.667882 51.032722 0.675248 -0.018481 0.737359 0.606440 0.042710 1 27 1.000000
scout_body_blue
  27 -10.750291 5.205241 52.383278 0.675248 -0.018481 0.737359 0.602340 0.051930 1 27 1.000000
  27 -11.809661 2.389920 53.529728 0.675248 -0.018481 0.737359 0.609200 0.060390 1 27 1.000000
  27 -9.760950 5.315631 51.606037 0.675248 -0.018481 0.737359 0.603070 0.046990 1 27 1.000000
scout_body_blue
  27 -11.656511 4.574211 53.476009 0.675248 -0.018481 0.737359 0.603920 0.056740 1 27 1.000000
  27 -11.809661 2.389920 53.529728 0.675248 -0.018481 0.737359 0.609200 0.060390 1 27 1.000000
  27 -10.750291 5.205241 52.383278 0.675248 -0.018481 0.737359 0.602340 0.051930 1 27 1.000000
scout_body_blue
  3 6.887039 0.635110 0.791888 -0.236231 0.723565 -0.648574 0.008600 0.532870 2 3 0.947692 4 0.052308
  3 10.603390 1.708710 1.017357 -0.245151 0.718153 -0.651273 0.073240 0.531910 2 3 0.589613 4 0.410387
  3 10.914459 1.041150 0.024888 -0.101850 0.390892 -0.914784 0.074680 0.543780 2 3 0.563077 4 0.436923
scout_body_blue
  3 7.028179 -0.199340 -0.105032 -0.100450 0.392932 -0.914065 0.006720 0.546700 2 3 0.861822 4 0.138178
  3 6.887039 0.635110 0.791888 -0.236231 0.723565 -0.648574 0.008600 0.532870 2 3 0.947692 4 0.052308
  3 10.914459 1.041150 0.024888 -0.101850 0.390892 -0.914784 0.074680 0.543780 2 3 0.563077 4 0.436923
scout_body_blue
  3 10.914459 1.041150 0.024888 -0.101850 0.390892 -0.914784 0.074680 0.543780 2 3 0.563077 4 0.436923
  4 7.929349 -3.328560 -0.040452 0.060370 -0.012800 -0.998094 0.007540 0.601050 2 4 0.735146 3 0.264854
  3 7.028179 -0.199340 -0.105032 -0.100450 0.392932 -0.914065 0.006720 0.546700 2 3 0.861822 4 0.138178
scout_body_blue
  4 12.065969 -2.303649 0.100818 0.061210 -0.012820 -0.998043 0.078680 0.602700 2 4 0.584867 3 0.415133
  4 7.929349 -3.328560 -0.040452 0.060370 -0.012800 -0.998094 0.007540 0.601050 2 4 0.735146 3 0.264854
  3 10.914459 1.041150 0.024888 -0.101850 0.390892 -0.914784 0.074680 0.543780 2 3 0.563077 4 0.436923
scout_body_blue
  4 12.065969 -2.303649 0.100818 0.061210 -0.012820 -0.998043 0.078680 0.602700 2 4 0.584867 3 0.415133
  4 11.640679 -4.017759 0.102508 0.059781 -0.012770 -0.998130 0.064320 0.628430 2 4 0.777328 3 0.222672
  4 7.929349 -3.328560 -0.040452 0.060370 -0.012800 -0.998094 0.007540 0.601050 2 4 0.735146 3 0.264854
scout_body_blue
  4 10.453668 -4.791659 0.066448 0.019620 -0.005270 -0.999794 0.041860 0.635690 1 4 1.000000
  4 7.929349 -3.328560 -0.040452 0.060370 -0.012800 -0.998094 0.007540 0.601050 2 4 0.735146 3 0.264854
  4 11.640679 -4.017759 0.102508 0.059781 -0.012770 -0.998130 0.064320 0.628430 2 4 0.777328 3 0.222672
scout_body_blue
  4 8.933379 -4.686719 0.009809 0.019630 -0.005270 -0.999793 0.017820 0.627340 2 4 0.949799 3 0.050201
  4 7.929349 -3.328560 -0.040452 0.060370 -0.012800 -0.998094 0.007540 0.601050 2 4 0.735146 3 0.264854
  4 10.453668 -4.791659 0.066448 0.019620 -0.005270 -0.999794 0.041860 0.635690 1 4 1.000000
scout_body_blue
  8 -1.459144 -0.653555 61.701504 -0.091858 0.474005 -0.875717 0.036100 0.487200 3 8 0.443443 9 0.348348 10 0.208208
  8 -2.606158 0.763163 62.588562 -0.091858 0.474006 -0.875717 0.030300 0.532400 3 8 0.385385 9 0.398398 10 0.216216
  8 -0.052880 3.507714 63.806442 -0.091858 0.474005 -0.875717 0.121100 0.581800 3 8 0.784785 9 0.115115 10 0.100100
scout_body_blue
  8 3.588730 6.323020 55.157387 0.007240 -0.206172 0.978489 0.842590 0.644180 3 8 0.754509 11 0.138277 6 0.107214
  8 3.369610 5.751390 54.995407 0.007240 -0.206172 0.978489 0.839830 0.654080 3 8 0.754509 11 0.138277 6 0.107214
  6 5.876092 5.706454 55.056763 0.284665 0.956958 -0.056546 0.886600 0.651500 3 6 0.304671 8 0.463907 11 0.231423
scout_body_blue
  8 3.588730 6.323020 55.157387 0.007240 -0.206172 0.978489 0.842590 0.644180 3 8 0.754509 11 0.138277 6 0.107214
  6 -0.041077 6.762174 55.329521 0.017719 0.025559 0.999516 0.781800 0.638500 3 6 0.107214 8 0.754509 26 0.138277
  8 3.369610 5.751390 54.995407 0.007240 -0.206172 0.978489 0.839830 0.654080 3 8 0.754509 11 0.138277 6 0.107214
scout_body_blue
  6 -0.042126 6.342574 55.350246 0.023477 0.049146 0.998516 0.782000 0.655100 3 6 0.107214 8 0.754509 26 0.138277
  8 3.369610 5.751390 54.995407 0.007240 -0.206172 0.978489 0.839830 0.654080 3 8 0.754509 11 0.138277 6 0.107214
  6 -0.041077 6.762174 55.329521 0.017719 0.025559 0.999516 0.781800 0.638500 3 6 0.107214 8 0.754509 26 0.138277
scout_body_blue
  6 -0.041077 6.762174 55.329521 0.017719 0.025559 0.999516 0.781800 0.638500 3 6 0.107214 8 0.754509 26 0.138277
  8 -5.689159 5.609439 55.013607 0.401013 0.915427 -0.034380 0.683540 0.651480 3 8 0.449735 6 0.312169 26 0.238095
  6 -0.042126 6.342574 55.350246 0.023477 0.049146 0.998516 0.782000 0.655100 3 6 0.107214 8 0.754509 26 0.138277
scout_body_blue
  8 -3.684150 6.323020 55.157387 -0.013440 -0.208412 0.977949 0.721300 0.644900 3 8 0.754509 26 0.138277 6 0.107214
  8 -5.689159 5.609439 55.013607 0.401013 0.915427 -0.034380 0.683540 0.651480 3 8 0.449735 6 0.312169 26 0.238095
  6 -0.041077 6.762174 55.329521 0.017719 0.025559 0.999516 0.781800 0.638500 3 6 0.107214 8 0.754509 26 0.138277
scout_body_blue
  6 -0.069686 -4.871794 55.455574 -0.524580 -0.842779 -0.120577 0.313200 0.800100 3 6 0.115231 7 0.789579 8 0.095190
  6 0.359056 -5.134196 55.521034 -0.412309 -0.765416 -0.494105 0.303900 0.801700 3 6 0.115231 7 0.789579 8 0.095190
  7 -0.047710 -3.961602 58.657978 -0.589877 -0.778559 0.214222 0.313110 0.869430 3 7 0.660465 8 0.224419 26 0.115116
scout_body_blue
  6 -0.069686 -4.871794 55.455574 -0.524580 -0.842779 -0.120577 0.313200 0.800100 3 6 0.115231 7 0.789579 8 0.095190
  7 3.023046 -4.742081 54.529358 -0.219993 -0.542969 -0.810424 0.251500 0.777200 1 7 1.000000
  6 0.359056 -5.134196 55.521034 -0.412309 -0.765416 -0.494105 0.303900 0.801700 3 6 0.115231 7 0.789579 8 0.095190
scout_body_blue
  6 -0.069686 -4.871794 55.455574 0.524532 -0.841528 -0.129217 0.313200 0.800100 3 6 0.115231 7 0.789579 8 0.095190
  6 -0.456109 -5.134135 55.521030 0.422087 -0.774974 -0.470380 0.322400 0.801700 3 6 0.115231 7 0.789579 8 0.095190
  7 -3.160724 -4.726916 54.506493 0.221797 -0.548657 -0.806090 0.374800 0.777200 1 7 1.000000
scout_body_blue
  7 -0.383120 -4.278822 58.535065 0.589877 -0.778559 0.214222 0.322470 0.862460 3 7 0.660465 8 0.224419 26 0.115116
  6 -0.456109 -5.134135 55.521030 0.422087 -0.774974 -0.470380 0.322400 0.801700 3 6 0.115231 7 0.789579 8 0.095190
  6 -0.069686 -4.871794 55.455574 0.524532 -0.841528 -0.129217 0.313200 0.800100 3 6 0.115231 7 0.789579 8 0.095190
scout_body_blue
  7 -0.047710 -3.961602 58.657978 0.589877 -0.778559 0.214222 0.313110 0.869430 3 7 0.660465 8 0.224419 26 0.115116
  7 -0.383120 -4.278822 58.535065 0.589877 -0.778559 0.214222 0.322470 0.862460 3 7 0.660465 8 0.224419 26 0.115116
  6 -0.069686 -4.871794 55.455574 0.524532 -0.841528 -0.129217 0.313200 0.800100 3 6 0.115231 7 0.789579 8 0.095190
scout_body_blue
  5 -0.052793 -5.323819 50.522408 -0.002748 -0.187602 0.982241 0.313200 0.694900 3 5 0.273547 6 0.412826 7 0.313627
  6 0.260210 -5.735672 50.502251 -0.141981 -0.295742 0.944657 0.304960 0.690970 3 6 0.412826 7 0.313627 5 0.273547
  7 3.199471 -4.700931 51.267963 -0.285053 -0.307464 0.907860 0.245550 0.715650 3 7 0.686193 6 0.241632 8 0.072176
scout_body_blue
  5 3.185120 -5.020388 51.110432 -0.177275 -0.449952 0.875281 0.245600 0.708700 3 5 0.115183 6 0.310995 7 0.573822
  7 3.199471 -4.700931 51.267963 -0.285053 -0.307464 0.907860 0.245550 0.715650 3 7 0.686193 6 0.241632 8 0.072176
  6 0.260210 -5.735672 50.502251 -0.141981 -0.295742 0.944657 0.304960 0.690970 3 6 0.412826 7 0.313627 5 0.273547
scout_body_blue
  5 3.185120 -5.020388 51.110432 -0.177275 -0.449952 0.875281 0.245600 0.708700 3 5 0.115183 6 0.310995 7 0.573822
  7 5.744199 -3.826130 52.850433 0.336797 0.326402 0.883193 0.195600 0.746600 1 7 1.000000
  7 3.199471 -4.700931 51.267963 -0.285053 -0.307464 0.907860 0.245550 0.715650 3 7 0.686193 6 0.241632 8 0.072176
scout_body_blue
  7 5.744199 -3.826130 52.850433 0.336797 0.326402 0.883193 0.195600 0.746600 1 7 1.000000
  7 5.510664 -3.528683 52.812702 0.448887 0.414104 0.791845 0.193200 0.747800 1 7 1.000000
  7 3.199471 -4.700931 51.267963 -0.285053 -0.307464 0.907860 0.245550 0.715650 3 7 0.686193 6 0.241632 8 0.072176
scout_body_blue
  7 5.744199 -3.826130 52.850433 0.336797 0.326402 0.883193 0.195600 0.746600 1 7 1.000000
  5 4.470307 -3.234044 47.808342 0.822921 0.550977 -0.138653 0.203000 0.643200 3 5 0.221122 6 0.205721 7 0.573157
  7 5.510664 -3.528683 52.812702 0.448887 0.414104 0.791845 0.193200 0.747800 1 7 1.000000
scout_body_blue
  7 -5.839602 -3.826150 52.776821 -0.349988 0.333791 0.875267 0.430700 0.746600 1 7 1.000000
  7 -5.624631 -3.514078 52.735973 -0.446727 0.414362 0.792930 0.433200 0.747800 1 7 1.000000
  5 -4.589253 -3.211827 47.415306 -0.820442 0.556297 -0.131945 0.423400 0.643200 3 5 0.221122 6 0.205721 7 0.573157
scout_body_blue
  7 -3.294889 -4.700931 51.248512 0.275833 -0.304713 0.911628 0.380790 0.715650 3 7 0.686193 6 0.241632 8 0.072176
  7 -5.624631 -3.514078 52.735973 -0.446727 0.414362 0.792930 0.433200 0.747800 1 7 1.000000
  7 -5.839602 -3.826150 52.776821 -0.349988 0.333791 0.875267 0.430700 0.746600 1 7 1.000000
scout_body_blue
  5 -3.300489 -5.012556 51.089321 0.166703 -0.451003 0.876816 0.380700 0.708700 3 5 0.115183 6 0.310995 7 0.573822
  7 -3.294889 -4.700931 51.248512 0.275833 -0.304713 0.911628 0.380790 0.715650 3 7 0.686193 6 0.241632 8 0.072176
  7 -5.839602 -3.826150 52.776821 -0.349988 0.333791 0.875267 0.430700 0.746600 1 7 1.000000
scout_body_blue
  6 -0.355620 -5.735671 50.502251 0.136751 -0.293813 0.946030 0.321380 0.690970 3 6 0.412826 7 0.313627 5 0.273547
  7 -3.294889 -4.700931 51.248512 0.275833 -0.304713 0.911628 0.380790 0.715650 3 7 0.686193 6 0.241632 8 0.072176
  5 -3.300489 -5.012556 51.089321 0.166703 -0.451003 0.876816 0.380700 0.708700 3 5 0.115183 6 0.310995 7 0.573822
scout_body_blue
  5 -0.052793 -5.323819 50.522408 -0.002748 -0.187602 0.982241 0.313200 0.694900 3 5 0.273547 6 0.412826 7 0.313627
  7 -3.294889 -4.700931 51.248512 0.275833 -0.304713 0.911628 0.380790 0.715650 3 7 0.686193 6 0.241632 8 0.072176
  6 -0.355620 -5.735671 50.502251 0.136751 -0.293813 0.946030 0.321380 0.690970 3 6 0.412826 7 0.313627 5 0.273547
scout_body_blue
  8 1.320147 -0.660372 61.703011 0.095440 0.473378 -0.875674 0.036100 0.487200 3 8 0.443443 9 0.348348 10 0.208208
  8 -0.052880 3.507714 63.806442 0.095440 0.473378 -0.875674 0.121100 0.581800 3 8 0.784785 9 0.115115 10 0.100100
  8 2.473031 0.750707 62.591347 0.095440 0.473377 -0.875674 0.030300 0.532400 3 8 0.385385 9 0.398398 10 0.216216
scout_body_blue
  7 1.645790 -5.079560 54.147385 0.671265 -0.605215 0.427923 0.279940 0.771600 1 7 1.000000
  7 -0.047480 -5.578181 54.771587 0.000000 -0.575013 0.818144 0.313170 0.785170 3 7 0.789579 6 0.115231 8 0.095190
  7 1.287300 -5.621111 54.011578 0.671265 -0.605215 0.427923 0.286800 0.767990 1 7 1.000000
scout_body_blue
  7 1.274760 -5.725730 52.317505 0.624765 -0.722445 -0.296212 0.284960 0.733230 1 7 1.000000
  7 1.645790 -5.079560 54.147385 0.671265 -0.605215 0.427923 0.279940 0.771600 1 7 1.000000
  7 1.287300 -5.621111 54.011578 0.671265 -0.605215 0.427923 0.286800 0.767990 1 7 1.000000
scout_body_blue
  7 1.700010 -5.206251 52.069195 0.624765 -0.722445 -0.296212 0.277670 0.729490 1 7 1.000000
  7 1.645790 -5.079560 54.147385 0.671265 -0.605215 0.427923 0.279940 0.771600 1 7 1.000000
  7 1.274760 -5.725730 52.317505 0.624765 -0.722445 -0.296212 0.284960 0.733230 1 7 1.000000
scout_body_blue
  7 1.700010 -5.206251 52.069195 0.624765 -0.722445 -0.296212 0.277670 0.729490 1 7 1.000000
  7 1.274760 -5.725730 52.317505 0.624765 -0.722445 -0.296212 0.284960 0.733230 1 7 1.000000
  5 -0.070054 -5.762006 51.753777 -0.001269 -0.645912 -0.763411 0.313200 0.719000 3 5 0.273547 6 0.412826 7 0.313627
scout_body_blue
  7 -1.741210 -5.079561 54.147385 -0.671252 -0.605252 0.427891 0.346400 0.771600 1 7 1.000000
  7 -1.382950 -5.621151 54.011578 -0.671252 -0.605252 0.427891 0.339540 0.767990 1 7 1.000000
  7 -0.047480 -5.578181 54.771587 0.000000 -0.575013 0.818144 0.313170 0.785170 3 7 0.789579 6 0.115231 8 0.095190
scout_body_blue
  7 -1.382950 -5.621151 54.011578 -0.671252 -0.605252 0.427891 0.339540 0.767990 1 7 1.000000
  7 -1.741210 -5.079561 54.147385 -0.671252 -0.605252 0.427891 0.346400 0.771600 1 7 1.000000
  7 -1.369950 -5.725780 52.317474 -0.624806 -0.722377 -0.296293 0.341380 0.733230 1 7 1.000000
scout_body_blue
  7 -1.795430 -5.206250 52.069187 -0.624806 -0.722377 -0.296293 0.348670 0.729490 1 7 1.000000
  7 -1.369950 -5.725780 52.317474 -0.624806 -0.722377 -0.296293 0.341380 0.733230 1 7 1.000000
  7 -1.741210 -5.079561 54.147385 -0.671252 -0.605252 0.427891 0.346400 0.771600 1 7 1.000000
scout_body_blue
  7 -1.795430 -5.206250 52.069187 -0.624806 -0.722377 -0.296293 0.348670 0.729490 1 7 1.000000
  5 -0.070054 -5.762006 51.753777 -0.001269 -0.645912 -0.763411 0.313200 0.719000 3 5 0.273547 6 0.412826 7 0.313627
  7 -1.369950 -5.725780 52.317474 -0.624806 -0.722377 -0.296293 0.341380 0.733230 1 7 1.000000
scout_body_blue
  8 -2.627970 0.068329 61.068573 -0.899946 -0.418123 -0.123571 0.402350 0.930000 2 8 0.752753 9 0.247247
  8 -1.533750 -1.051702 60.740250 -0.584575 -0.803417 -0.113111 0.378060 0.924980 2 8 0.708709 9 0.291291
  8 -2.708070 -0.027762 62.068134 -0.623767 -0.609937 0.488765 0.409840 0.952090 2 8 0.576577 9 0.423423
scout_body_blue
  8 -1.533750 -1.051702 60.740250 -0.584575 -0.803417 -0.113111 0.378060 0.924980 2 8 0.708709 9 0.291291
  8 -1.779440 -1.041242 61.495914 -0.404842 -0.783164 0.471972 0.383420 0.942670 3 8 0.444444 9 0.348348 10 0.207207
  8 -2.708070 -0.027762 62.068134 -0.623767 -0.609937 0.488765 0.409840 0.952090 2 8 0.576577 9 0.423423
scout_body_blue
  8 -1.779440 -1.041242 61.495914 -0.404842 -0.783164 0.471972 0.383420 0.942670 3 8 0.444444 9 0.348348 10 0.207207
  8 -1.533750 -1.051702 60.740250 -0.584575 -0.803417 -0.113111 0.378060 0.924980 2 8 0.708709 9 0.291291
  8 -0.091194 -1.712116 60.705250 0.000091 -0.985184 0.171501 0.313100 0.917300 2 8 0.708709 9 0.291291
scout_body_blue
  9 -2.936870 1.386119 61.918320 -0.981940 0.173292 -0.075921 0.440510 0.966440 3 9 0.398798 10 0.311623 8 0.289579
  8 -2.627970 0.068329 61.068573 -0.899946 -0.418123 -0.123571 0.402350 0.930000 2 8 0.752753 9 0.247247
  8 -3.018448 1.543178 62.985123 -0.963535 0.227867 0.140277 0.437000 0.981700 3 8 0.297595 9 0.401804 10 0.300601
scout_body_blue
  8 -2.708070 -0.027762 62.068134 -0.623767 -0.609937 0.488765 0.409840 0.952090 2 8 0.576577 9 0.423423
  8 -3.018448 1.543178 62.985123 -0.963535 0.227867 0.140277 0.437000 0.981700 3 8 0.297595 9 0.401804 10 0.300601
  8 -2.627970 0.068329 61.068573 -0.899946 -0.418123 -0.123571 0.402350 0.930000 2 8 0.752753 9 0.247247
scout_body_blue
  8 -2.708070 -0.027762 62.068134 -0.623767 -0.609937 0.488765 0.409840 0.952090 2 8 0.576577 9 0.423423
  9 -2.594080 0.756668 62.590050 -0.070341 -0.514374 0.854676 0.410840 0.959910 3 9 0.398398 8 0.385385 10 0.216216
  8 -3.018448 1.543178 62.985123 -0.963535 0.227867 0.140277 0.437000 0.981700 3 8 0.297595 9 0.401804 10 0.300601
scout_body_blue
  8 -2.708070 -0.027762 62.068134 -0.623767 -0.609937 0.488765 0.409840 0.952090 2 8 0.576577 9 0.423423
  8 -1.779440 -1.041242 61.495914 -0.404842 -0.783164 0.471972 0.383420 0.942670 3 8 0.444444 9 0.348348 10 0.207207
  9 -2.594080 0.756668 62.590050 -0.070341 -0.514374 0.854676 0.410840 0.959910 3 9 0.398398 8 0.385385 10 0.216216
scout_body_blue
  8 -1.444150 -0.657172 61.702267 -0.083961 -0.481585 0.872368 0.386470 0.948780 3 8 0.443443 9 0.348348 10 0.208208
  9 -2.594080 0.756668 62.590050 -0.070341 -0.514374 0.854676 0.410840 0.959910 3 9 0.398398 8 0.385385 10 0.216216
  8 -1.779440 -1.041242 61.495914 -0.404842 -0.783164 0.471972 0.383420 0.942670 3 8 0.444444 9 0.348348 10 0.207207
scout_body_blue
  8 -1.779440 -1.041242 61.495914 -0.404842 -0.783164 0.471972 0.383420 0.942670 3 8 0.444444 9 0.348348 10 0.207207
  9 -0.045000 -1.479326 61.581875 0.029325 -0.925254 0.378212 0.313200 0.947900 2 9 0.203203 10 0.796797
  8 -1.444150 -0.657172 61.702267 -0.083961 -0.481585 0.872368 0.386470 0.948780 3 8 0.443443 9 0.348348 10 0.208208
scout_body_blue
  9 -0.045000 -1.479326 61.581875 0.029325 -0.925254 0.378212 0.313200 0.947900 2 9 0.203203 10 0.796797
  8 -1.779440 -1.041242 61.495914 -0.404842 -0.783164 0.471972 0.383420 0.942670 3 8 0.444444 9 0.348348 10 0.207207
  8 -0.091194 -1.712116 60.705250 0.000091 -0.985184 0.171501 0.313100 0.917300 2 8 0.708709 9 0.291291
scout_body_blue
  9 -0.045000 -1.479326 61.581875 0.029325 -0.925254 0.378212 0.313200 0.947900 2 9 0.203203 10 0.796797
  8 -0.091194 -1.712116 60.705250 0.000091 -0.985184 0.171501 0.313100 0.917300 2 8 0.708709 9 0.291291
  8 1.709510 -0.930232 61.551037 0.406082 -0.773144 0.487182 0.242920 0.942670 3 8 0.444444 9 0.348348 10 0.207207
scout_body_blue
  8 -0.091194 -1.712116 60.705250 0.000091 -0.985184 0.171501 0.313100 0.917300 2 8 0.708709 9 0.291291
  8 1.607330 -0.928382 60.848122 0.608396 -0.788268 -0.092131 0.248270 0.925010 2 8 0.708709 9 0.291291
  8 1.709510 -0.930232 61.551037 0.406082 -0.773144 0.487182 0.242920 0.942670 3 8 0.444444 9 0.348348 10 0.207207
scout_body_blue
  8 2.443110 0.015388 61.379524 0.900900 -0.338374 -0.271813 0.223990 0.930000 2 8 0.752753 9 0.247247
  8 1.709510 -0.930232 61.551037 0.406082 -0.773144 0.487182 0.242920 0.942670 3 8 0.444444 9 0.348348 10 0.207207
  8 1.607330 -0.928382 60.848122 0.608396 -0.788268 -0.092131 0.248270 0.925010 2 8 0.708709 9 0.291291
scout_body_blue
  8 2.797790 0.204688 62.273617 0.842556 -0.436023 0.316202 0.216500 0.952090 2 8 0.576577 9 0.423423
  8 1.709510 -0.930232 61.551037 0.406082 -0.773144 0.487182 0.242920 0.942670 3 8 0.444444 9 0.348348 10 0.207207
  8 2.443110 0.015388 61.379524 0.900900 -0.338374 -0.271813 0.223990 0.930000 2 8 0.752753 9 0.247247
scout_body_blue
  9 2.693700 1.419429 61.957939 0.969727 0.191891 -0.151021 0.185830 0.966440 3 9 0.398798 10 0.311623 8 0.289579
  8 2.797790 0.204688 62.273617 0.842556 -0.436023 0.316202 0.216500 0.952090 2 8 0.576577 9 0.423423
  8 2.443110 0.015388 61.379524 0.900900 -0.338374 -0.271813 0.223990 0.930000 2 8 0.752753 9 0.247247
scout_body_blue
  8 2.792291 1.620129 62.905605 0.945779 0.318092 0.065715 0.189300 0.981700 3 8 0.297595 9 0.401804 10 0.300601
  8 2.797790 0.204688 62.273617 0.842556 -0.436023 0.316202 0.216500 0.952090 2 8 0.576577 9 0.423423
  9 2.693700 1.419429 61.957939 0.969727 0.191891 -0.151021 0.185830 0.966440 3 9 0.398798 10 0.311623 8 0.289579
scout_body_blue
  8 2.797790 0.204688 62.273617 0.842556 -0.436023 0.316202 0.216500 0.952090 2 8 0.576577 9 0.423423
  8 2.792291 1.620129 62.905605 0.945779 0.318092 0.065715 0.189300 0.981700 3 8 0.297595 9 0.401804 10 0.300601
  9 2.485130 0.756668 62.590050 0.114421 -0.467203 0.876715 0.215500 0.959910 3 9 0.398398 8 0.385385 10 0.216216
scout_body_blue
  9 2.485130 0.756668 62.590050 0.114421 -0.467203 0.876715 0.215500 0.959910 3 9 0.398398 8 0.385385 10 0.216216
  8 1.709510 -0.930232 61.551037 0.406082 -0.773144 0.487182 0.242920 0.942670 3 8 0.444444 9 0.348348 10 0.207207
  8 2.797790 0.204688 62.273617 0.842556 -0.436023 0.316202 0.216500 0.952090 2 8 0.576577 9 0.423423
scout_body_blue
  8 1.335210 -0.657172 61.702267 0.061000 -0.477733 0.876385 0.239870 0.948780 3 8 0.443443 9 0.348348 10 0.208208
  8 1.709510 -0.930232 61.551037 0.406082 -0.773144 0.487182 0.242920 0.942670 3 8 0.444444 9 0.348348 10 0.207207
  9 2.485130 0.756668 62.590050 0.114421 -0.467203 0.876715 0.215500 0.959910 3 9 0.398398 8 0.385385 10 0.216216
scout_body_blue
  8 1.709510 -0.930232 61.551037 0.406082 -0.773144 0.487182 0.242920 0.942670 3 8 0.444444 9 0.348348 10 0.207207
  8 1.335210 -0.657172 61.702267 0.061000 -0.477733 0.876385 0.239870 0.948780 3 8 0.443443 9 0.348348 10 0.208208
  9 -0.045000 -1.479326 61.581875 0.029325 -0.925254 0.378212 0.313200 0.947900 2 9 0.203203 10 0.796797
scout_body_blue
  11 6.841390 5.609101 56.683559 0.209411 0.975534 0.066940 0.901570 0.682530 3 11 0.409228 8 0.395186 12 0.195587
  8 5.551519 5.845540 56.874458 0.060860 0.995449 0.073331 0.876290 0.681550 2 8 0.531804 11 0.468196
  8 6.798406 5.507591 59.099564 -0.067562 0.844305 0.531587 0.892900 0.710400 3 8 0.220662 11 0.176530 12 0.602809
scout_body_blue
  8 6.798406 5.507591 59.099564 -0.067562 0.844305 0.531587 0.892900 0.710400 3 8 0.220662 11 0.176530 12 0.602809
  8 5.551519 5.845540 56.874458 0.060860 0.995449 0.073331 0.876290 0.681550 2 8 0.531804 11 0.468196
  8 5.636659 5.540453 58.780537 -0.089478 0.885850 0.455261 0.875800 0.711700 2 8 0.615465 11 0.384535
scout_body_blue
  8 5.636659 5.540453 58.780537 -0.089478 0.885850 0.455261 0.875800 0.711700 2 8 0.615465 11 0.384535
  7 5.399433 2.247532 61.261520 0.175900 -0.066228 0.982178 0.885800 0.770400 3 7 0.570609 11 0.175660 12 0.253731
  8 6.798406 5.507591 59.099564 -0.067562 0.844305 0.531587 0.892900 0.710400 3 8 0.220662 11 0.176530 12 0.602809
scout_body_blue
  7 5.399433 2.247532 61.261520 0.175900 -0.066228 0.982178 0.885800 0.770400 3 7 0.570609 11 0.175660 12 0.253731
  7 6.445093 2.641201 61.047188 0.165798 0.212503 0.962992 0.899500 0.757600 3 7 0.298475 11 0.100218 12 0.601307
  8 6.798406 5.507591 59.099564 -0.067562 0.844305 0.531587 0.892900 0.710400 3 8 0.220662 11 0.176530 12 0.602809
scout_body_blue
  11 6.841390 5.609101 56.683559 0.209411 0.975534 0.066940 0.901570 0.682530 3 11 0.409228 8 0.395186 12 0.195587
  12 9.355867 5.255690 53.676991 -0.118581 0.945008 0.304793 0.953790 0.661530 1 12 1.000000
  8 6.857579 4.903159 54.564419 -0.429472 0.875195 -0.222681 0.914740 0.647830 3 8 0.772773 12 0.127127 6 0.100100
scout_body_blue
  12 9.355867 5.255690 53.676991 -0.118581 0.945008 0.304793 0.953790 0.661530 1 12 1.000000
  12 8.701247 5.565530 52.494968 -0.403350 0.911522 -0.080230 0.961510 0.644130 1 12 1.000000
  8 6.857579 4.903159 54.564419 -0.429472 0.875195 -0.222681 0.914740 0.647830 3 8 0.772773 12 0.127127 6 0.100100
scout_body_blue
  12 7.715978 4.492030 51.683128 -0.755625 0.558315 -0.342512 0.963560 0.624810 1 12 1.000000
  12 8.701247 5.565530 52.494968 -0.403350 0.911522 -0.080230 0.961510 0.644130 1 12 1.000000
  12 8.472817 4.827950 51.031330 -0.278951 0.606193 -0.744793 0.976940 0.628190 1 12 1.000000
scout_body_blue
  12 9.427187 5.404470 51.735817 0.073391 0.855189 -0.513095 0.972980 0.641970 1 12 1.000000
  12 8.472817 4.827950 51.031330 -0.278951 0.606193 -0.744793 0.976940 0.628190 1 12 1.000000
  12 8.701247 5.565530 52.494968 -0.403350 0.911522 -0.080230 0.961510 0.644130 1 12 1.000000
scout_body_blue
  8 6.857579 4.903159 54.564419 -0.429472 0.875195 -0.222681 0.914740 0.647830 3 8 0.772773 12 0.127127 6 0.100100
  12 8.701247 5.565530 52.494968 -0.403350 0.911522 -0.080230 0.961510 0.644130 1 12 1.000000
  8 6.855111 4.522650 53.746574 -0.738445 0.522404 -0.426373 0.923870 0.630270 3 8 0.760521 12 0.136273 6 0.103206
scout_body_blue
  12 8.701247 5.565530 52.494968 -0.403350 0.911522 -0.080230 0.961510 0.644130 1 12 1.000000
  12 7.715978 4.492030 51.683128 -0.755625 0.558315 -0.342512 0.963560 0.624810 1 12 1.000000
  8 6.855111 4.522650 53.746574 -0.738445 0.522404 -0.426373 0.923870 0.630270 3 8 0.760521 12 0.136273 6 0.103206
scout_body_blue
  8 6.855111 4.522650 53.746574 -0.738445 0.522404 -0.426373 0.923870 0.630270 3 8 0.760521 12 0.136273 6 0.103206
  12 7.715978 4.492030 51.683128 -0.755625 0.558315 -0.342512 0.963560 0.624810 1 12 1.000000
  12 7.270096 2.178617 51.489914 -0.903686 0.264420 -0.336798 0.965000 0.594700 1 12 1.000000
scout_body_blue
  12 7.270096 2.178617 51.489914 -0.903686 0.264420 -0.336798 0.965000 0.594700 1 12 1.000000
  12 7.715978 4.492030 51.683128 -0.755625 0.558315 -0.342512 0.963560 0.624810 1 12 1.000000
  12 7.334187 2.946465 51.305103 -0.949809 0.133098 -0.283104 0.974100 0.604100 1 12 1.000000
scout_body_blue
  12 7.715978 4.492030 51.683128 -0.755625 0.558315 -0.342512 0.963560 0.624810 1 12 1.000000
  12 8.472817 4.827950 51.031330 -0.278951 0.606193 -0.744793 0.976940 0.628190 1 12 1.000000
  12 7.334187 2.946465 51.305103 -0.949809 0.133098 -0.283104 0.974100 0.604100 1 12 1.000000
scout_body_blue
  12 7.891667 3.316809 50.773621 -0.433823 0.114621 -0.893677 0.985310 0.611980 1 12 1.000000
  12 7.334187 2.946465 51.305103 -0.949809 0.133098 -0.283104 0.974100 0.604100 1 12 1.000000
  12 8.472817 4.827950 51.031330 -0.278951 0.606193 -0.744793 0.976940 0.628190 1 12 1.000000
scout_body_blue
  12 7.891667 3.316809 50.773621 -0.433823 0.114621 -0.893677 0.985310 0.611980 1 12 1.000000
  12 8.472817 4.827950 51.031330 -0.278951 0.606193 -0.744793 0.976940 0.628190 1 12 1.000000
  12 8.661716 3.371439 50.648979 -0.163971 0.094711 -0.981908 0.991760 0.615550 1 12 1.000000
scout_body_blue
  12 8.661716 3.371439 50.648979 -0.163971 0.094711 -0.981908 0.991760 0.615550 1 12 1.000000
  12 8.472817 4.827950 51.031330 -0.278951 0.606193 -0.744793 0.976940 0.628190 1 12 1.000000
  12 9.076537 4.871110 51.057659 0.098101 0.488076 -0.867270 0.981470 0.632750 1 12 1.000000
scout_body_blue
  12 8.472817 4.827950 51.031330 -0.278951 0.606193 -0.744793 0.976940 0.628190 1 12 1.000000
  12 9.427187 5.404470 51.735817 0.073391 0.855189 -0.513095 0.972980 0.641970 1 12 1.000000
  12 9.076537 4.871110 51.057659 0.098101 0.488076 -0.867270 0.981470 0.632750 1 12 1.000000
scout_body_blue
  12 9.427187 5.404470 51.735817 0.073391 0.855189 -0.513095 0.972980 0.641970 1 12 1.000000
  12 10.582745 5.387805 52.452026 0.303656 0.952476 -0.024139 0.979300 0.657600 1 12 1.000000
  12 9.076537 4.871110 51.057659 0.098101 0.488076 -0.867270 0.981470 0.632750 1 12 1.000000
scout_body_blue
  12 8.701247 5.565530 52.494968 -0.403350 0.911522 -0.080230 0.961510 0.644130 1 12 1.000000
  12 10.582745 5.387805 52.452026 0.303656 0.952476 -0.024139 0.979300 0.657600 1 12 1.000000
  12 9.427187 5.404470 51.735817 0.073391 0.855189 -0.513095 0.972980 0.641970 1 12 1.000000
scout_body_blue
  12 9.575327 5.669110 53.443321 -0.059810 0.946376 0.317482 0.961670 0.659020 1 12 1.000000
  12 10.582745 5.387805 52.452026 0.303656 0.952476 -0.024139 0.979300 0.657600 1 12 1.000000
  12 8.701247 5.565530 52.494968 -0.403350 0.911522 -0.080230 0.961510 0.644130 1 12 1.000000
scout_body_blue
  12 9.575327 5.669110 53.443321 -0.059810 0.946376 0.317482 0.961670 0.659020 1 12 1.000000
  12 8.701247 5.565530 52.494968 -0.403350 0.911522 -0.080230 0.961510 0.644130 1 12 1.000000
  12 9.355867 5.255690 53.676991 -0.118581 0.945008 0.304793 0.953790 0.661530 1 12 1.000000
scout_body_blue
  12 9.575327 5.669110 53.443321 -0.059810 0.946376 0.317482 0.961670 0.659020 1 12 1.000000
  12 9.355867 5.255690 53.676991 -0.118581 0.945008 0.304793 0.953790 0.661530 1 12 1.000000
  12 10.414337 4.608249 55.071259 0.508735 0.649426 0.565185 0.958090 0.687440 1 12 1.000000
scout_body_blue
  12 10.414337 4.608249 55.071259 0.508735 0.649426 0.565185 0.958090 0.687440 1 12 1.000000
  12 9.355867 5.255690 53.676991 -0.118581 0.945008 0.304793 0.953790 0.661530 1 12 1.000000
  11 6.841390 5.609101 56.683559 0.209411 0.975534 0.066940 0.901570 0.682530 3 11 0.409228 8 0.395186 12 0.195587
scout_body_blue
  12 8.157798 4.737919 58.725025 0.546513 0.718774 0.429752 0.922650 0.707980 3 12 0.761523 8 0.129259 11 0.109218
  12 10.414337 4.608249 55.071259 0.508735 0.649426 0.565185 0.958090 0.687440 1 12 1.000000
  11 6.841390 5.609101 56.683559 0.209411 0.975534 0.066940 0.901570 0.682530 3 11 0.409228 8 0.395186 12 0.195587
scout_body_blue
  11 6.841390 5.609101 56.683559 0.209411 0.975534 0.066940 0.901570 0.682530 3 11 0.409228 8 0.395186 12 0.195587
  12 6.798349 5.508821 59.099274 0.560175 0.723137 0.404074 0.892870 0.710420 3 12 0.602809 8 0.220662 11 0.176530
  12 8.157798 4.737919 58.725025 0.546513 0.718774 0.429752 0.922650 0.707980 3 12 0.761523 8 0.129259 11 0.109218
scout_body_blue
  12 8.223568 2.825888 59.883095 0.671564 -0.016860 0.740755 0.932270 0.733730 3 12 0.703934 11 0.187371 7 0.108696
  12 8.157798 4.737919 58.725025 0.546513 0.718774 0.429752 0.922650 0.707980 3 12 0.761523 8 0.129259 11 0.109218
  12 6.798349 5.508821 59.099274 0.560175 0.723137 0.404074 0.892870 0.710420 3 12 0.602809 8 0.220662 11 0.176530
scout_body_blue
  7 6.445093 2.641201 61.047188 0.551311 -0.068097 0.831516 0.899500 0.757600 3 7 0.298475 11 0.100218 12 0.601307
  12 8.223568 2.825888 59.883095 0.671564 -0.016860 0.740755 0.932270 0.733730 3 12 0.703934 11 0.187371 7 0.108696
  12 6.798349 5.508821 59.099274 0.560175 0.723137 0.404074 0.892870 0.710420 3 12 0.602809 8 0.220662 11 0.176530
scout_body_blue
  8 6.869096 2.200564 51.611595 -0.298009 0.286904 -0.910427 0.956500 0.592900 2 8 0.470707 12 0.529293
  8 6.855111 4.522650 53.746574 -0.738445 0.522404 -0.426373 0.923870 0.630270 3 8 0.760521 12 0.136273 6 0.103206
  12 7.270096 2.178617 51.489914 -0.903686 0.264420 -0.336798 0.965000 0.594700 1 12 1.000000
scout_body_blue
  12 11.753786 2.351948 54.284164 0.945629 -0.049151 0.321513 0.986290 0.712390 1 12 1.000000
  12 11.721935 2.424158 53.435791 0.999119 -0.034940 0.023250 0.992380 0.709250 1 12 1.000000
  12 11.488076 4.706450 53.910797 0.775842 0.560902 0.288891 0.975640 0.682080 1 12 1.000000
scout_body_blue
  12 11.721935 2.424158 53.435791 0.999119 -0.034940 0.023250 0.992380 0.709250 1 12 1.000000
  12 11.596612 4.686445 53.369324 0.809420 0.567763 0.149946 0.981400 0.678000 1 12 1.000000
  12 11.488076 4.706450 53.910797 0.775842 0.560902 0.288891 0.975640 0.682080 1 12 1.000000
scout_body_blue
  12 11.488076 4.706450 53.910797 0.775842 0.560902 0.288891 0.975640 0.682080 1 12 1.000000
  12 11.596612 4.686445 53.369324 0.809420 0.567763 0.149946 0.981400 0.678000 1 12 1.000000
  12 10.582745 5.387805 52.452026 0.303656 0.952476 -0.024139 0.979300 0.657600 1 12 1.000000
scout_body_blue
  12 10.582745 5.387805 52.452026 0.303656 0.952476 -0.024139 0.979300 0.657600 1 12 1.000000
  12 10.767107 4.686970 54.914902 0.497821 0.593202 0.632682 0.962260 0.686480 1 12 1.000000
  12 11.488076 4.706450 53.910797 0.775842 0.560902 0.288891 0.975640 0.682080 1 12 1.000000
scout_body_blue
  12 9.575327 5.669110 53.443321 -0.059810 0.946376 0.317482 0.961670 0.659020 1 12 1.000000
  12 10.767107 4.686970 54.914902 0.497821 0.593202 0.632682 0.962260 0.686480 1 12 1.000000
  12 10.582745 5.387805 52.452026 0.303656 0.952476 -0.024139 0.979300 0.657600 1 12 1.000000
scout_body_blue
  12 10.767107 4.686970 54.914902 0.497821 0.593202 0.632682 0.962260 0.686480 1 12 1.000000
  12 9.575327 5.669110 53.443321 -0.059810 0.946376 0.317482 0.961670 0.659020 1 12 1.000000
  12 10.414337 4.608249 55.071259 0.508735 0.649426 0.565185 0.958090 0.687440 1 12 1.000000
scout_body_blue
  12 10.877525 2.105928 55.616661 0.775473 -0.095391 0.624133 0.973760 0.718110 1 12 1.000000
  12 10.767107 4.686970 54.914902 0.497821 0.593202 0.632682 0.962260 0.686480 1 12 1.000000
  12 10.414337 4.608249 55.071259 0.508735 0.649426 0.565185 0.958090 0.687440 1 12 1.000000
scout_body_blue
  12 10.877525 2.105928 55.616661 0.775473 -0.095391 0.624133 0.973760 0.718110 1 12 1.000000
  12 10.414337 4.608249 55.071259 0.508735 0.649426 0.565185 0.958090 0.687440 1 12 1.000000
  12 8.223568 2.825888 59.883095 0.671564 -0.016860 0.740755 0.932270 0.733730 3 12 0.703934 11 0.187371 7 0.108696
scout_body_blue
  12 10.414337 4.608249 55.071259 0.508735 0.649426 0.565185 0.958090 0.687440 1 12 1.000000
  12 8.157798 4.737919 58.725025 0.546513 0.718774 0.429752 0.922650 0.707980 3 12 0.761523 8 0.129259 11 0.109218
  12 8.223568 2.825888 59.883095 0.671564 -0.016860 0.740755 0.932270 0.733730 3 12 0.703934 11 0.187371 7 0.108696
scout_body_blue
  12 10.767107 4.686970 54.914902 0.497821 0.593202 0.632682 0.962260 0.686480 1 12 1.000000
  12 10.877525 2.105928 55.616661 0.775473 -0.095391 0.624133 0.973760 0.718110 1 12 1.000000
  12 11.488076 4.706450 53.910797 0.775842 0.560902 0.288891 0.975640 0.682080 1 12 1.000000
scout_body_blue
  12 10.877525 2.105928 55.616661 0.775473 -0.095391 0.624133 0.973760 0.718110 1 12 1.000000
  12 11.753786 2.351948 54.284164 0.945629 -0.049151 0.321513 0.986290 0.712390 1 12 1.000000
  12 11.488076 4.706450 53.910797 0.775842 0.560902 0.288891 0.975640 0.682080 1 12 1.000000
scout_body_blue
  12 8.223568 2.825888 59.883095 0.671564 -0.016860 0.740755 0.075110 0.898580 3 12 0.703934 11 0.187371 7 0.108696
  12 7.615308 0.331637 59.059895 0.504424 -0.708646 0.493334 0.111150 0.868730 3 12 0.673674 8 0.166166 11 0.160160
  12 10.877525 2.105928 55.616661 0.775473 -0.095391 0.624133 0.038860 0.847060 1 12 1.000000
scout_body_blue
  12 7.615308 0.331637 59.059895 0.504424 -0.708646 0.493334 0.111150 0.868730 3 12 0.673674 8 0.166166 11 0.160160
  12 7.435389 -0.549683 55.923885 0.259261 -0.961946 0.086280 0.120400 0.818530 3 12 0.635636 7 0.284284 8 0.080080
  12 10.260088 0.291385 54.648720 0.289210 -0.759622 0.582523 0.063300 0.817600 1 12 1.000000
scout_body_blue
  12 10.877525 2.105928 55.616661 0.775473 -0.095391 0.624133 0.038860 0.847060 1 12 1.000000
  12 7.615308 0.331637 59.059895 0.504424 -0.708646 0.493334 0.111150 0.868730 3 12 0.673674 8 0.166166 11 0.160160
  12 10.260088 0.291385 54.648720 0.289210 -0.759622 0.582523 0.063300 0.817600 1 12 1.000000
scout_body_blue
  12 10.260088 0.291385 54.648720 0.289210 -0.759622 0.582523 0.063300 0.817600 1 12 1.000000
  12 10.850816 0.226416 54.558922 0.501954 -0.650086 0.570465 0.054340 0.815250 1 12 1.000000
  12 10.877525 2.105928 55.616661 0.775473 -0.095391 0.624133 0.038860 0.847060 1 12 1.000000
scout_body_blue
  12 10.850816 0.226416 54.558922 0.501954 -0.650086 0.570465 0.054340 0.815250 1 12 1.000000
  12 10.260088 0.291385 54.648720 0.289210 -0.759622 0.582523 0.063300 0.817600 1 12 1.000000
  12 9.736476 -0.570184 53.499817 -0.000100 -0.974749 0.223302 0.068080 0.793610 1 12 1.000000
scout_body_blue
  12 10.260088 0.291385 54.648720 0.289210 -0.759622 0.582523 0.063300 0.817600 1 12 1.000000
  12 9.489846 -0.233053 53.938831 0.004870 -0.966662 0.256010 0.074610 0.799420 1 12 1.000000
  12 9.736476 -0.570184 53.499817 -0.000100 -0.974749 0.223302 0.068080 0.793610 1 12 1.000000
scout_body_blue
  12 7.188518 1.462768 51.568321 -0.513386 -0.305414 -0.801970 0.077450 0.735710 1 12 1.000000
  8 6.869096 2.200564 51.611595 -0.298009 0.286904 -0.910427 0.072500 0.721200 2 8 0.470707 12 0.529293
  12 7.270096 2.178617 51.489914 -0.903686 0.264420 -0.336798 0.072800 0.727900 1 12 1.000000
scout_body_blue
  12 7.188518 1.462768 51.568321 -0.513386 -0.305414 -0.801970 0.077450 0.735710 1 12 1.000000
  7 6.724422 0.172242 52.270828 0.515929 -0.574181 -0.635715 0.109100 0.748200 3 7 0.186186 8 0.588589 12 0.225225
  8 6.869096 2.200564 51.611595 -0.298009 0.286904 -0.910427 0.072500 0.721200 2 8 0.470707 12 0.529293
scout_body_blue
  8 6.869096 2.200564 51.611595 -0.298009 0.286904 -0.910427 0.072500 0.721200 2 8 0.470707 12 0.529293
  7 6.724422 0.172242 52.270828 0.515929 -0.574181 -0.635715 0.109100 0.748200 3 7 0.186186 8 0.588589 12 0.225225
  7 6.261384 -1.238423 52.277180 0.921954 -0.339056 -0.187193 0.143600 0.742200 2 7 0.645096 8 0.354904
scout_body_blue
  7 6.261384 -1.238423 52.277180 0.921954 -0.339056 -0.187193 0.143600 0.742200 2 7 0.645096 8 0.354904
  7 6.724422 0.172242 52.270828 0.515929 -0.574181 -0.635715 0.109100 0.748200 3 7 0.186186 8 0.588589 12 0.225225
  12 6.641190 -0.717462 54.809868 0.472963 -0.867346 -0.154971 0.133340 0.794770 3 12 0.405269 7 0.356636 8 0.238095
scout_body_blue
  12 6.641190 -0.717462 54.809868 0.472963 -0.867346 -0.154971 0.133340 0.794770 3 12 0.405269 7 0.356636 8 0.238095
  7 6.724422 0.172242 52.270828 0.515929 -0.574181 -0.635715 0.109100 0.748200 3 7 0.186186 8 0.588589 12 0.225225
  12 7.435389 -0.549683 55.923885 0.259261 -0.961946 0.086280 0.120400 0.818530 3 12 0.635636 7 0.284284 8 0.080080
scout_body_blue
  7 6.349619 -0.719112 57.196346 0.323322 -0.940397 0.105431 0.144930 0.840650 2 7 0.542543 12 0.457458
  12 6.641190 -0.717462 54.809868 0.472963 -0.867346 -0.154971 0.133340 0.794770 3 12 0.405269 7 0.356636 8 0.238095
  12 7.435389 -0.549683 55.923885 0.259261 -0.961946 0.086280 0.120400 0.818530 3 12 0.635636 7 0.284284 8 0.080080
scout_body_blue
  12 7.435389 -0.549683 55.923885 0.259261 -0.961946 0.086280 0.120400 0.818530 3 12 0.635636 7 0.284284 8 0.080080
  12 7.615308 0.331637 59.059895 0.504424 -0.708646 0.493334 0.111150 0.868730 3 12 0.673674 8 0.166166 11 0.160160
  7 6.349619 -0.719112 57.196346 0.323322 -0.940397 0.105431 0.144930 0.840650 2 7 0.542543 12 0.457458
scout_body_blue
  12 6.342299 0.086358 59.421497 0.398164 -0.703418 0.588786 0.142290 0.884110 3 12 0.339339 8 0.336336 11 0.324324
  7 6.349619 -0.719112 57.196346 0.323322 -0.940397 0.105431 0.144930 0.840650 2 7 0.542543 12 0.457458
  12 7.615308 0.331637 59.059895 0.504424 -0.708646 0.493334 0.111150 0.868730 3 12 0.673674 8 0.166166 11 0.160160
scout_body_blue
  12 7.615308 0.331637 59.059895 0.504424 -0.708646 0.493334 0.111150 0.868730 3 12 0.673674 8 0.166166 11 0.160160
  12 8.223568 2.825888 59.883095 0.671564 -0.016860 0.740755 0.075110 0.898580 3 12 0.703934 11 0.187371 7 0.108696
  12 6.342299 0.086358 59.421497 0.398164 -0.703418 0.588786 0.142290 0.884110 3 12 0.339339 8 0.336336 11 0.324324
scout_body_blue
  7 6.445093 2.641201 61.047188 0.551311 -0.068097 0.831516 0.115200 0.933500 3 7 0.298475 11 0.100218 12 0.601307
  12 6.342299 0.086358 59.421497 0.398164 -0.703418 0.588786 0.142290 0.884110 3 12 0.339339 8 0.336336 11 0.324324
  12 8.223568 2.825888 59.883095 0.671564 -0.016860 0.740755 0.075110 0.898580 3 12 0.703934 11 0.187371 7 0.108696
scout_body_blue
  12 10.229506 -0.546024 52.644569 0.419383 -0.872368 -0.251182 0.056990 0.783940 1 12 1.000000
  12 8.029187 -0.174003 52.442959 -0.288742 -0.904457 -0.313982 0.085670 0.763660 1 12 1.000000
  12 9.036206 -0.047193 51.459530 -0.062531 -0.733427 -0.676886 0.064730 0.760490 1 12 1.000000
scout_body_blue
  12 8.029187 -0.174003 52.442959 -0.288742 -0.904457 -0.313982 0.085670 0.763660 1 12 1.000000
  12 7.188518 1.462768 51.568321 -0.513386 -0.305414 -0.801970 0.077450 0.735710 1 12 1.000000
  12 9.036206 -0.047193 51.459530 -0.062531 -0.733427 -0.676886 0.064730 0.760490 1 12 1.000000
scout_body_blue
  12 8.029187 -0.174003 52.442959 -0.288742 -0.904457 -0.313982 0.085670 0.763660 1 12 1.000000
  7 6.724422 0.172242 52.270828 0.515929 -0.574181 -0.635715 0.109100 0.748200 3 7 0.186186 8 0.588589 12 0.225225
  12 7.188518 1.462768 51.568321 -0.513386 -0.305414 -0.801970 0.077450 0.735710 1 12 1.000000
scout_body_blue
  12 7.435389 -0.549683 55.923885 0.259261 -0.961946 0.086280 0.120400 0.818530 3 12 0.635636 7 0.284284 8 0.080080
  7 6.724422 0.172242 52.270828 0.515929 -0.574181 -0.635715 0.109100 0.748200 3 7 0.186186 8 0.588589 12 0.225225
  12 8.029187 -0.174003 52.442959 -0.288742 -0.904457 -0.313982 0.085670 0.763660 1 12 1.000000
scout_body_blue
  12 9.489846 -0.233053 53.938831 0.004870 -0.966662 0.256010 0.074610 0.799420 1 12 1.000000
  12 10.260088 0.291385 54.648720 0.289210 -0.759622 0.582523 0.063300 0.817600 1 12 1.000000
  12 7.435389 -0.549683 55.923885 0.259261 -0.961946 0.086280 0.120400 0.818530 3 12 0.635636 7 0.284284 8 0.080080
scout_body_blue
  12 9.489846 -0.233053 53.938831 0.004870 -0.966662 0.256010 0.074610 0.799420 1 12 1.000000
  12 7.435389 -0.549683 55.923885 0.259261 -0.961946 0.086280 0.120400 0.818530 3 12 0.635636 7 0.284284 8 0.080080
  12 8.029187 -0.174003 52.442959 -0.288742 -0.904457 -0.313982 0.085670 0.763660 1 12 1.000000
scout_body_blue
  12 9.489846 -0.233053 53.938831 0.004870 -0.966662 0.256010 0.074610 0.799420 1 12 1.000000
  12 8.029187 -0.174003 52.442959 -0.288742 -0.904457 -0.313982 0.085670 0.763660 1 12 1.000000
  12 9.736476 -0.570184 53.499817 -0.000100 -0.974749 0.223302 0.068080 0.793610 1 12 1.000000
scout_body_blue
  12 9.736476 -0.570184 53.499817 -0.000100 -0.974749 0.223302 0.068080 0.793610 1 12 1.000000
  12 8.029187 -0.174003 52.442959 -0.288742 -0.904457 -0.313982 0.085670 0.763660 1 12 1.000000
  12 10.229506 -0.546024 52.644569 0.419383 -0.872368 -0.251182 0.056990 0.783940 1 12 1.000000
scout_body_blue
  12 10.850816 0.226416 54.558922 0.501954 -0.650086 0.570465 0.054340 0.815250 1 12 1.000000
  12 9.736476 -0.570184 53.499817 -0.000100 -0.974749 0.223302 0.068080 0.793610 1 12 1.000000
  12 10.229506 -0.546024 52.644569 0.419383 -0.872368 -0.251182 0.056990 0.783940 1 12 1.000000
scout_body_blue
  12 11.399406 0.400197 53.730576 0.836475 -0.533804 0.123951 0.041080 0.807280 1 12 1.000000
  12 10.850816 0.226416 54.558922 0.501954 -0.650086 0.570465 0.054340 0.815250 1 12 1.000000
  12 10.229506 -0.546024 52.644569 0.419383 -0.872368 -0.251182 0.056990 0.783940 1 12 1.000000
scout_body_blue
  12 10.850816 0.226416 54.558922 0.501954 -0.650086 0.570465 0.054340 0.815250 1 12 1.000000
  12 11.399406 0.400197 53.730576 0.836475 -0.533804 0.123951 0.041080 0.807280 1 12 1.000000
  12 10.877525 2.105928 55.616661 0.775473 -0.095391 0.624133 0.038860 0.847060 1 12 1.000000
scout_body_blue
  12 11.753786 2.351948 54.284164 0.945629 -0.049151 0.321513 0.017360 0.834890 1 12 1.000000
  12 10.877525 2.105928 55.616661 0.775473 -0.095391 0.624133 0.038860 0.847060 1 12 1.000000
  12 11.399406 0.400197 53.730576 0.836475 -0.533804 0.123951 0.041080 0.807280 1 12 1.000000
scout_body_blue
  12 11.753786 2.351948 54.284164 0.945629 -0.049151 0.321513 0.017360 0.834890 1 12 1.000000
  12 11.399406 0.400197 53.730576 0.836475 -0.533804 0.123951 0.041080 0.807280 1 12 1.000000
  12 11.721935 2.424158 53.435791 0.999119 -0.034940 0.023250 0.009660 0.826120 1 12 1.000000
scout_body_blue
  12 11.472205 0.689127 53.165390 0.900245 -0.409033 -0.149171 0.034250 0.800910 1 12 1.000000
  12 11.721935 2.424158 53.435791 0.999119 -0.034940 0.023250 0.009660 0.826120 1 12 1.000000
  12 11.399406 0.400197 53.730576 0.836475 -0.533804 0.123951 0.041080 0.807280 1 12 1.000000
scout_body_blue
  12 10.229506 -0.546024 52.644569 0.419383 -0.872368 -0.251182 0.056990 0.783940 1 12 1.000000
  12 11.472205 0.689127 53.165390 0.900245 -0.409033 -0.149171 0.034250 0.800910 1 12 1.000000
  12 11.399406 0.400197 53.730576 0.836475 -0.533804 0.123951 0.041080 0.807280 1 12 1.000000
scout_body_blue
  12 9.532856 0.177477 51.376251 0.175510 -0.578202 -0.796793 0.058260 0.761270 1 12 1.000000
  12 11.472205 0.689127 53.165390 0.900245 -0.409033 -0.149171 0.034250 0.800910 1 12 1.000000
  12 10.229506 -0.546024 52.644569 0.419383 -0.872368 -0.251182 0.056990 0.783940 1 12 1.000000
scout_body_blue
  12 9.036206 -0.047193 51.459530 -0.062531 -0.733427 -0.676886 0.064730 0.760490 1 12 1.000000
  12 9.532856 0.177477 51.376251 0.175510 -0.578202 -0.796793 0.058260 0.761270 1 12 1.000000
  12 10.229506 -0.546024 52.644569 0.419383 -0.872368 -0.251182 0.056990 0.783940 1 12 1.000000
scout_body_blue
  12 9.532856 0.177477 51.376251 0.175510 -0.578202 -0.796793 0.058260 0.761270 1 12 1.000000
  12 9.036206 -0.047193 51.459530 -0.062531 -0.733427 -0.676886 0.064730 0.760490 1 12 1.000000
  12 8.718489 1.693794 50.665459 -0.373065 -0.293784 -0.880064 0.057100 0.740100 1 12 1.000000
scout_body_blue
  12 9.036206 -0.047193 51.459530 -0.062531 -0.733427 -0.676886 0.064730 0.760490 1 12 1.000000
  12 7.188518 1.462768 51.568321 -0.513386 -0.305414 -0.801970 0.077450 0.735710 1 12 1.000000
  12 8.718489 1.693794 50.665459 -0.373065 -0.293784 -0.880064 0.057100 0.740100 1 12 1.000000
scout_body_blue
  12 8.718489 1.693794 50.665459 -0.373065 -0.293784 -0.880064 0.057100 0.740100 1 12 1.000000
  12 7.188518 1.462768 51.568321 -0.513386 -0.305414 -0.801970 0.077450 0.735710 1 12 1.000000
  12 7.891667 3.316809 50.773621 -0.433823 0.114621 -0.893677 0.055930 0.722120 1 12 1.000000
scout_body_blue
  12 7.188518 1.462768 51.568321 -0.513386 -0.305414 -0.801970 0.077450 0.735710 1 12 1.000000
  12 7.334187 2.946465 51.305103 -0.949809 0.133098 -0.283104 0.066100 0.722400 1 12 1.000000
  12 7.891667 3.316809 50.773621 -0.433823 0.114621 -0.893677 0.055930 0.722120 1 12 1.000000
scout_body_blue
  12 7.334187 2.946465 51.305103 -0.949809 0.133098 -0.283104 0.066100 0.722400 1 12 1.000000
  12 7.188518 1.462768 51.568321 -0.513386 -0.305414 -0.801970 0.077450 0.735710 1 12 1.000000
  12 7.270096 2.178617 51.489914 -0.903686 0.264420 -0.336798 0.072800 0.727900 1 12 1.000000
scout_body_blue
  12 8.718489 1.693794 50.665459 -0.373065 -0.293784 -0.880064 0.057100 0.740100 1 12 1.000000
  12 7.891667 3.316809 50.773621 -0.433823 0.114621 -0.893677 0.055930 0.722120 1 12 1.000000
  12 8.661716 3.371439 50.648979 -0.163971 0.094711 -0.981908 0.050170 0.722150 1 12 1.000000
scout_body_blue
  26 -4.139359 -1.698603 59.412086 -0.245612 -0.639155 0.728805 0.421350 0.884430 2 26 0.516684 8 0.483317
  8 -3.280360 -0.855952 60.601086 -0.469426 -0.533877 0.703289 0.411180 0.917130 1 8 1.000000
  7 -5.549304 2.244179 61.322292 -0.412483 0.027102 0.910562 0.489700 0.942500 3 7 0.570609 26 0.175660 27 0.253731
scout_body_blue
  7 -5.549304 2.244179 61.322292 -0.412483 0.027102 0.910562 0.489700 0.942500 3 7 0.570609 26 0.175660 27 0.253731
  8 -3.280360 -0.855952 60.601086 -0.469426 -0.533877 0.703289 0.411180 0.917130 1 8 1.000000
  8 -3.916316 0.982090 61.584007 -0.432805 -0.360402 0.826311 0.447700 0.946800 3 8 0.699399 9 0.151303 26 0.149299
scout_body_blue
  27 -6.609911 2.668538 60.489319 -0.401014 0.051060 0.914648 0.516340 0.927510 3 27 0.592593 7 0.305011 26 0.102397
  27 -8.624421 2.825878 59.656807 -0.665575 -0.016160 0.746156 0.551230 0.898580 3 27 0.703934 26 0.187371 7 0.108696
  27 -6.430871 0.086347 59.296387 -0.383943 -0.705935 0.595184 0.484050 0.884110 3 27 0.339339 8 0.336336 26 0.324324
scout_body_blue
  27 -8.624421 2.825878 59.656807 -0.665575 -0.016160 0.746156 0.551230 0.898580 3 27 0.703934 26 0.187371 7 0.108696
  27 -10.970781 2.105919 55.626579 -0.760936 -0.106331 0.640055 0.587480 0.847060 1 27 1.000000
  27 -7.940870 0.331627 58.735249 -0.495313 -0.716475 0.491253 0.515190 0.868730 3 27 0.673674 8 0.166166 26 0.160160
scout_body_blue
  27 -6.430871 0.086347 59.296387 -0.383943 -0.705935 0.595184 0.484050 0.884110 3 27 0.339339 8 0.336336 26 0.324324
  27 -8.624421 2.825878 59.656807 -0.665575 -0.016160 0.746156 0.551230 0.898580 3 27 0.703934 26 0.187371 7 0.108696
  27 -7.940870 0.331627 58.735249 -0.495313 -0.716475 0.491253 0.515190 0.868730 3 27 0.673674 8 0.166166 26 0.160160
scout_body_blue
  27 -7.940870 0.331627 58.735249 -0.495313 -0.716475 0.491253 0.515190 0.868730 3 27 0.673674 8 0.166166 26 0.160160
  7 -6.445041 -0.719122 57.122223 -0.318873 -0.942038 0.104331 0.481410 0.840650 2 7 0.542543 27 0.457458
  27 -6.430871 0.086347 59.296387 -0.383943 -0.705935 0.595184 0.484050 0.884110 3 27 0.339339 8 0.336336 26 0.324324
scout_body_blue
  27 -7.530811 -0.549682 55.849751 -0.252832 -0.963988 0.082481 0.505940 0.818530 3 27 0.635636 7 0.284284 8 0.080080
  7 -6.445041 -0.719122 57.122223 -0.318873 -0.942038 0.104331 0.481410 0.840650 2 7 0.542543 27 0.457458
  27 -7.940870 0.331627 58.735249 -0.495313 -0.716475 0.491253 0.515190 0.868730 3 27 0.673674 8 0.166166 26 0.160160
scout_body_blue
  7 -6.445041 -0.719122 57.122223 -0.318873 -0.942038 0.104331 0.481410 0.840650 2 7 0.542543 27 0.457458
  27 -7.530811 -0.549682 55.849751 -0.252832 -0.963988 0.082481 0.505940 0.818530 3 27 0.635636 7 0.284284 8 0.080080
  27 -6.736610 -0.717461 54.817154 -0.426583 -0.881746 -0.201371 0.493000 0.794770 3 27 0.405269 7 0.356636 8 0.238095
scout_body_blue
  27 -7.530811 -0.549682 55.849751 -0.252832 -0.963988 0.082481 0.505940 0.818530 3 27 0.635636 7 0.284284 8 0.080080
  7 -7.326641 -0.237691 54.150391 -0.140651 -0.972786 -0.184131 0.513450 0.785020 3 7 0.355779 27 0.323618 8 0.320603
  27 -6.736610 -0.717461 54.817154 -0.426583 -0.881746 -0.201371 0.493000 0.794770 3 27 0.405269 7 0.356636 8 0.238095
scout_body_blue
  7 -7.326641 -0.237691 54.150391 -0.140651 -0.972786 -0.184131 0.513450 0.785020 3 7 0.355779 27 0.323618 8 0.320603
  7 -6.830856 0.194996 52.834778 0.327148 -0.817894 -0.473311 0.517200 0.748200 3 7 0.186186 8 0.588589 27 0.225225
  27 -6.736610 -0.717461 54.817154 -0.426583 -0.881746 -0.201371 0.493000 0.794770 3 27 0.405269 7 0.356636 8 0.238095
scout_body_blue
  27 -8.124612 -0.174011 52.536869 0.364922 -0.892646 -0.264602 0.540660 0.763660 1 27 1.000000
  7 -6.830856 0.194996 52.834778 0.327148 -0.817894 -0.473311 0.517200 0.748200 3 7 0.186186 8 0.588589 27 0.225225
  7 -7.326641 -0.237691 54.150391 -0.140651 -0.972786 -0.184131 0.513450 0.785020 3 7 0.355779 27 0.323618 8 0.320603
scout_body_blue
  27 -7.450181 1.307690 51.426048 0.665078 -0.351984 -0.658618 0.551970 0.738060 1 27 1.000000
  7 -6.830856 0.194996 52.834778 0.327148 -0.817894 -0.473311 0.517200 0.748200 3 7 0.186186 8 0.588589 27 0.225225
  27 -8.124612 -0.174011 52.536869 0.364922 -0.892646 -0.264602 0.540660 0.763660 1 27 1.000000
scout_body_blue
  27 -8.124612 -0.174011 52.536869 0.364922 -0.892646 -0.264602 0.540660 0.763660 1 27 1.000000
  27 -9.131632 -0.047200 51.459507 0.064661 -0.735138 -0.674827 0.561610 0.760490 1 27 1.000000
  27 -7.450181 1.307690 51.426048 0.665078 -0.351984 -0.658618 0.551970 0.738060 1 27 1.000000
scout_body_blue
  27 -8.817928 1.720668 50.659492 0.333793 -0.279412 -0.900284 0.569300 0.740100 1 27 1.000000
  27 -7.450181 1.307690 51.426048 0.665078 -0.351984 -0.658618 0.551970 0.738060 1 27 1.000000
  27 -9.131632 -0.047200 51.459507 0.064661 -0.735138 -0.674827 0.561610 0.760490 1 27 1.000000
scout_body_blue
  27 -8.817928 1.720668 50.659492 0.333793 -0.279412 -0.900284 0.569300 0.740100 1 27 1.000000
  27 -9.131632 -0.047200 51.459507 0.064661 -0.735138 -0.674827 0.561610 0.760490 1 27 1.000000
  27 -9.628281 0.177480 51.376228 -0.175511 -0.578202 -0.796793 0.568080 0.761270 1 27 1.000000
scout_body_blue
  27 -9.131632 -0.047200 51.459507 0.064661 -0.735138 -0.674827 0.561610 0.760490 1 27 1.000000
  27 -10.324931 -0.546031 52.644550 -0.418724 -0.872739 -0.250993 0.569350 0.783940 1 27 1.000000
  27 -9.628281 0.177480 51.376228 -0.175511 -0.578202 -0.796793 0.568080 0.761270 1 27 1.000000
scout_body_blue
  27 -10.324931 -0.546031 52.644550 -0.418724 -0.872739 -0.250993 0.569350 0.783940 1 27 1.000000
  27 -11.567631 0.689129 53.165367 -0.900245 -0.409032 -0.149171 0.592090 0.800910 1 27 1.000000
  27 -9.628281 0.177480 51.376228 -0.175511 -0.578202 -0.796793 0.568080 0.761270 1 27 1.000000
scout_body_blue
  27 -10.324931 -0.546031 52.644550 -0.418724 -0.872739 -0.250993 0.569350 0.783940 1 27 1.000000
  27 -11.494831 0.400199 53.730560 -0.837256 -0.534434 0.115681 0.585260 0.807280 1 27 1.000000
  27 -11.567631 0.689129 53.165367 -0.900245 -0.409032 -0.149171 0.592090 0.800910 1 27 1.000000
scout_body_blue
  27 -11.494831 0.400199 53.730560 -0.837256 -0.534434 0.115681 0.585260 0.807280 1 27 1.000000
  27 -11.817361 2.424150 53.435768 -0.999157 -0.037160 0.017420 0.616680 0.826120 1 27 1.000000
  27 -11.567631 0.689129 53.165367 -0.900245 -0.409032 -0.149171 0.592090 0.800910 1 27 1.000000
scout_body_blue
  27 -11.849211 2.351950 54.284149 -0.951637 -0.051650 0.302852 0.608980 0.834890 1 27 1.000000
  27 -11.817361 2.424150 53.435768 -0.999157 -0.037160 0.017420 0.616680 0.826120 1 27 1.000000
  27 -11.494831 0.400199 53.730560 -0.837256 -0.534434 0.115681 0.585260 0.807280 1 27 1.000000
scout_body_blue
  27 -11.849211 2.351950 54.284149 -0.951637 -0.051650 0.302852 0.608980 0.834890 1 27 1.000000
  27 -11.494831 0.400199 53.730560 -0.837256 -0.534434 0.115681 0.585260 0.807280 1 27 1.000000
  27 -10.970781 2.105919 55.626579 -0.760936 -0.106331 0.640055 0.587480 0.847060 1 27 1.000000
scout_body_blue
  27 -9.131632 -0.047200 51.459507 0.064661 -0.735138 -0.674827 0.561610 0.760490 1 27 1.000000
  27 -8.124612 -0.174011 52.536869 0.364922 -0.892646 -0.264602 0.540660 0.763660 1 27 1.000000
  27 -10.324931 -0.546031 52.644550 -0.418724 -0.872739 -0.250993 0.569350 0.783940 1 27 1.000000
scout_body_blue
  27 -9.831902 -0.570181 53.499798 0.003610 -0.974276 0.225331 0.558250 0.793610 1 27 1.000000
  27 -10.324931 -0.546031 52.644550 -0.418724 -0.872739 -0.250993 0.569350 0.783940 1 27 1.000000
  27 -8.124612 -0.174011 52.536869 0.364922 -0.892646 -0.264602 0.540660 0.763660 1 27 1.000000
scout_body_blue
  27 -10.324931 -0.546031 52.644550 -0.418724 -0.872739 -0.250993 0.569350 0.783940 1 27 1.000000
  27 -9.831902 -0.570181 53.499798 0.003610 -0.974276 0.225331 0.558250 0.793610 1 27 1.000000
  27 -10.946241 0.226418 54.558899 -0.481594 -0.660145 0.576434 0.572000 0.815250 1 27 1.000000
scout_body_blue
  27 -11.494831 0.400199 53.730560 -0.837256 -0.534434 0.115681 0.585260 0.807280 1 27 1.000000
  27 -10.324931 -0.546031 52.644550 -0.418724 -0.872739 -0.250993 0.569350 0.783940 1 27 1.000000
  27 -10.946241 0.226418 54.558899 -0.481594 -0.660145 0.576434 0.572000 0.815250 1 27 1.000000
scout_body_blue
  27 -10.970781 2.105919 55.626579 -0.760936 -0.106331 0.640055 0.587480 0.847060 1 27 1.000000
  27 -11.494831 0.400199 53.730560 -0.837256 -0.534434 0.115681 0.585260 0.807280 1 27 1.000000
  27 -10.946241 0.226418 54.558899 -0.481594 -0.660145 0.576434 0.572000 0.815250 1 27 1.000000
scout_body_blue
  27 -10.355562 0.291318 54.648670 -0.426714 -0.702957 0.569005 0.563070 0.817600 1 27 1.000000
  27 -10.970781 2.105919 55.626579 -0.760936 -0.106331 0.640055 0.587480 0.847060 1 27 1.000000
  27 -10.946241 0.226418 54.558899 -0.481594 -0.660145 0.576434 0.572000 0.815250 1 27 1.000000
scout_body_blue
  27 -10.946241 0.226418 54.558899 -0.481594 -0.660145 0.576434 0.572000 0.815250 1 27 1.000000
  27 -9.831902 -0.570181 53.499798 0.003610 -0.974276 0.225331 0.558250 0.793610 1 27 1.000000
  27 -10.355562 0.291318 54.648670 -0.426714 -0.702957 0.569005 0.563070 0.817600 1 27 1.000000
scout_body_blue
  27 -9.831902 -0.570181 53.499798 0.003610 -0.974276 0.225331 0.558250 0.793610 1 27 1.000000
  27 -9.585272 -0.233061 53.901909 0.002140 -0.967133 0.254260 0.551730 0.799420 1 27 1.000000
  27 -10.355562 0.291318 54.648670 -0.426714 -0.702957 0.569005 0.563070 0.817600 1 27 1.000000
scout_body_blue
  27 -9.585272 -0.233061 53.901909 0.002140 -0.967133 0.254260 0.551730 0.799420 1 27 1.000000
  27 -9.831902 -0.570181 53.499798 0.003610 -0.974276 0.225331 0.558250 0.793610 1 27 1.000000
  27 -8.124612 -0.174011 52.536869 0.364922 -0.892646 -0.264602 0.540660 0.763660 1 27 1.000000
scout_body_blue
  27 -8.124612 -0.174011 52.536869 0.364922 -0.892646 -0.264602 0.540660 0.763660 1 27 1.000000
  7 -7.326641 -0.237691 54.150391 -0.140651 -0.972786 -0.184131 0.513450 0.785020 3 7 0.355779 27 0.323618 8 0.320603
  27 -9.585272 -0.233061 53.901909 0.002140 -0.967133 0.254260 0.551730 0.799420 1 27 1.000000
scout_body_blue
  27 -7.530811 -0.549682 55.849751 -0.252832 -0.963988 0.082481 0.505940 0.818530 3 27 0.635636 7 0.284284 8 0.080080
  27 -9.585272 -0.233061 53.901909 0.002140 -0.967133 0.254260 0.551730 0.799420 1 27 1.000000
  7 -7.326641 -0.237691 54.150391 -0.140651 -0.972786 -0.184131 0.513450 0.785020 3 7 0.355779 27 0.323618 8 0.320603
scout_body_blue
  27 -10.355562 0.291318 54.648670 -0.426714 -0.702957 0.569005 0.563070 0.817600 1 27 1.000000
  27 -9.585272 -0.233061 53.901909 0.002140 -0.967133 0.254260 0.551730 0.799420 1 27 1.000000
  27 -7.530811 -0.549682 55.849751 -0.252832 -0.963988 0.082481 0.505940 0.818530 3 27 0.635636 7 0.284284 8 0.080080
scout_body_blue
  27 -7.940870 0.331627 58.735249 -0.495313 -0.716475 0.491253 0.515190 0.868730 3 27 0.673674 8 0.166166 26 0.160160
  27 -10.355562 0.291318 54.648670 -0.426714 -0.702957 0.569005 0.563070 0.817600 1 27 1.000000
  27 -7.530811 -0.549682 55.849751 -0.252832 -0.963988 0.082481 0.505940 0.818530 3 27 0.635636 7 0.284284 8 0.080080
scout_body_blue
  27 -10.355562 0.291318 54.648670 -0.426714 -0.702957 0.569005 0.563070 0.817600 1 27 1.000000
  27 -7.940870 0.331627 58.735249 -0.495313 -0.716475 0.491253 0.515190 0.868730 3 27 0.673674 8 0.166166 26 0.160160
  27 -10.970781 2.105919 55.626579 -0.760936 -0.106331 0.640055 0.587480 0.847060 1 27 1.000000
scout_body_blue
  8 -6.964511 2.200542 51.611595 0.425298 0.290995 -0.856997 0.553800 0.721200 2 8 0.470707 27 0.529293
  7 -6.830856 0.194996 52.834778 0.327148 -0.817894 -0.473311 0.517200 0.748200 3 7 0.186186 8 0.588589 27 0.225225
  27 -7.450181 1.307690 51.426048 0.665078 -0.351984 -0.658618 0.551970 0.738060 1 27 1.000000
scout_body_blue
  27 -7.368082 2.196400 51.486038 0.806248 0.118121 -0.579665 0.553590 0.727890 1 27 1.000000
  8 -6.964511 2.200542 51.611595 0.425298 0.290995 -0.856997 0.553800 0.721200 2 8 0.470707 27 0.529293
  27 -7.450181 1.307690 51.426048 0.665078 -0.351984 -0.658618 0.551970 0.738060 1 27 1.000000
scout_body_blue
  27 -7.400513 2.951439 51.301292 0.920903 0.106000 -0.375101 0.560200 0.722400 1 27 1.000000
  27 -7.368082 2.196400 51.486038 0.806248 0.118121 -0.579665 0.553590 0.727890 1 27 1.000000
  27 -7.450181 1.307690 51.426048 0.665078 -0.351984 -0.658618 0.551970 0.738060 1 27 1.000000
scout_body_blue
  27 -7.987092 3.316801 50.773598 0.428202 0.115011 -0.896334 0.570410 0.722120 1 27 1.000000
  27 -7.400513 2.951439 51.301292 0.920903 0.106000 -0.375101 0.560200 0.722400 1 27 1.000000
  27 -7.450181 1.307690 51.426048 0.665078 -0.351984 -0.658618 0.551970 0.738060 1 27 1.000000
scout_body_blue
  27 -8.817928 1.720668 50.659492 0.333793 -0.279412 -0.900284 0.569300 0.740100 1 27 1.000000
  27 -7.987092 3.316801 50.773598 0.428202 0.115011 -0.896334 0.570410 0.722120 1 27 1.000000
  27 -7.450181 1.307690 51.426048 0.665078 -0.351984 -0.658618 0.551970 0.738060 1 27 1.000000
scout_body_blue
  27 -8.757141 3.371441 50.648964 0.163971 0.094711 -0.981908 0.576160 0.722150 1 27 1.000000
  27 -7.987092 3.316801 50.773598 0.428202 0.115011 -0.896334 0.570410 0.722120 1 27 1.000000
  27 -8.817928 1.720668 50.659492 0.333793 -0.279412 -0.900284 0.569300 0.740100 1 27 1.000000
scout_body_blue
  0 5.814405 -0.342644 43.576759 -0.012547 -0.210165 0.977585 0.065000 0.272000 2 0 0.737738 5 0.262262
  0 6.146498 -0.301369 43.583214 -0.009701 -0.230005 0.973141 0.070600 0.272100 2 0 0.736737 5 0.263263
  0 5.388285 1.627609 44.220016 0.093605 -0.104928 0.990065 0.069200 0.310300 3 0 0.205543 5 0.533487 6 0.260970
scout_body_blue
  0 5.814405 -0.342644 43.576759 -0.012547 -0.210165 0.977585 0.065000 0.272000 2 0 0.737738 5 0.262262
  0 5.020714 -2.483004 43.294510 -0.019842 -0.123445 0.992153 0.055900 0.234600 3 0 0.458459 5 0.464465 6 0.077077
  0 6.146498 -0.301369 43.583214 -0.009701 -0.230005 0.973141 0.070600 0.272100 2 0 0.736737 5 0.263263
scout_body_blue
  5 3.525840 4.048779 44.204739 0.281092 0.270102 0.920887 0.077510 0.362580 3 5 0.448448 6 0.350350 0 0.201201
  5 3.296040 3.792460 44.299858 0.525282 0.802823 0.282051 0.071750 0.363940 3 5 0.436874 6 0.349699 0 0.213427
  0 5.388285 1.627609 44.220016 0.093605 -0.104928 0.990065 0.069200 0.310300 3 0 0.205543 5 0.533487 6 0.260970
scout_body_blue
  5 3.525840 4.048779 44.204739 0.281092 0.270102 0.920887 0.077510 0.362580 3 5 0.448448 6 0.350350 0 0.201201
  0 1.059973 4.658734 44.461945 0.534081 0.760012 -0.370323 0.078600 0.404700 3 0 0.098563 5 0.484600 6 0.416838
  5 3.296040 3.792460 44.299858 0.525282 0.802823 0.282051 0.071750 0.363940 3 5 0.436874 6 0.349699 0 0.213427
scout_body_blue
  5 1.140940 5.273769 42.482346 0.731378 0.305603 -0.609666 0.112210 0.407900 3 5 0.414414 6 0.365365 0 0.220220
  5 1.081110 4.942760 44.536861 0.998880 -0.032340 0.034550 0.078290 0.409300 3 5 0.492784 6 0.421650 0 0.085567
  0 1.059973 4.658734 44.461945 0.534081 0.760012 -0.370323 0.078600 0.404700 3 0 0.098563 5 0.484600 6 0.416838
scout_body_blue
  5 1.160080 5.023920 42.330151 0.731378 0.305603 -0.609666 0.115210 0.404580 3 5 0.414830 6 0.364730 0 0.220441
  5 1.140940 5.273769 42.482346 0.731378 0.305603 -0.609666 0.112210 0.407900 3 5 0.414414 6 0.365365 0 0.220220
  0 1.059973 4.658734 44.461945 0.534081 0.760012 -0.370323 0.078600 0.404700 3 0 0.098563 5 0.484600 6 0.416838
scout_body_blue
  5 1.160080 5.023920 42.330151 0.731378 0.305603 -0.609666 0.115210 0.404580 3 5 0.414830 6 0.364730 0 0.220441
  5 -1.255500 5.023920 42.330151 -0.731378 0.305603 -0.609666 0.115210 0.404580 3 5 0.414830 6 0.364730 0 0.220441
  5 1.140940 5.273769 42.482346 0.731378 0.305603 -0.609666 0.112210 0.407900 3 5 0.414414 6 0.365365 0 0.220220
scout_body_blue
  0 -1.140626 4.664134 44.460743 -0.654923 0.745426 -0.124162 0.078600 0.404700 3 0 0.098563 5 0.484600 6 0.416838
  5 -1.176530 4.942760 44.536861 -0.998880 -0.032340 0.034550 0.078290 0.409300 3 5 0.492784 6 0.421650 0 0.085567
  5 -1.255500 5.023920 42.330151 -0.731378 0.305603 -0.609666 0.115210 0.404580 3 5 0.414830 6 0.364730 0 0.220441
scout_body_blue
  0 -5.483481 1.654272 44.214100 -0.111966 -0.134723 0.984537 0.069200 0.310300 3 0 0.205543 5 0.533487 6 0.260970
  5 -3.391449 3.792460 44.534088 -0.513832 0.689843 0.509992 0.071750 0.363940 3 5 0.436874 6 0.349699 0 0.213427
  5 -3.621249 4.048779 44.447334 -0.253221 0.259361 0.931993 0.077510 0.362580 3 5 0.448448 6 0.350350 0 0.201201
scout_body_blue
  5 -3.391449 3.792460 44.534088 -0.513832 0.689843 0.509992 0.071750 0.363940 3 5 0.436874 6 0.349699 0 0.213427
  0 -1.140626 4.664134 44.460743 -0.654923 0.745426 -0.124162 0.078600 0.404700 3 0 0.098563 5 0.484600 6 0.416838
  5 -3.621249 4.048779 44.447334 -0.253221 0.259361 0.931993 0.077510 0.362580 3 5 0.448448 6 0.350350 0 0.201201
scout_body_blue
  0 -5.483481 1.654272 44.214100 -0.111966 -0.134723 0.984537 0.069200 0.310300 3 0 0.205543 5 0.533487 6 0.260970
  0 -6.242000 -0.301391 43.583206 0.009700 -0.230005 0.973141 0.070600 0.272100 2 0 0.736737 5 0.263263
  0 -5.918564 -0.313868 43.570366 0.010453 -0.210222 0.977598 0.065000 0.272000 2 0 0.737738 5 0.262262
scout_body_blue
  0 -6.242000 -0.301391 43.583206 0.009700 -0.230005 0.973141 0.070600 0.272100 2 0 0.736737 5 0.263263
  0 -5.125570 -2.470680 43.291771 -0.129761 -0.211482 0.968730 0.055890 0.234620 3 0 0.465932 5 0.458918 6 0.075150
  0 -5.918564 -0.313868 43.570366 0.010453 -0.210222 0.977598 0.065000 0.272000 2 0 0.737738 5 0.262262
scout_body_blue
  27 -10.668391 5.439922 52.440464 -0.709228 0.493446 -0.503495 0.590400 0.018300 1 27 1.000000
  27 -9.768260 5.546351 51.618515 -0.675924 0.015700 -0.736804 0.599780 0.007550 1 27 1.000000
  27 -11.691181 4.696490 53.367130 -0.896206 0.345973 -0.277702 0.584260 0.035150 1 27 1.000000
scout_body_blue
  27 -11.691181 4.696490 53.367130 -0.896206 0.345973 -0.277702 0.584260 0.035150 1 27 1.000000
  27 -9.768260 5.546351 51.618515 -0.675924 0.015700 -0.736804 0.599780 0.007550 1 27 1.000000
  27 -11.817361 2.424150 53.435768 -0.675924 0.015700 -0.736804 0.600860 0.055630 1 27 1.000000
scout_body_blue
  27 -9.171961 4.871101 51.057640 -0.675924 0.015700 -0.736804 0.612060 0.006900 1 27 1.000000
  27 -11.817361 2.424150 53.435768 -0.675924 0.015700 -0.736804 0.600860 0.055630 1 27 1.000000
  27 -9.768260 5.546351 51.618515 -0.675924 0.015700 -0.736804 0.599780 0.007550 1 27 1.000000
scout_body_blue
  27 -8.757141 3.371441 50.648964 -0.675924 0.015700 -0.736804 0.628760 0.015140 1 27 1.000000
  27 -11.817361 2.424150 53.435768 -0.675924 0.015700 -0.736804 0.600860 0.055630 1 27 1.000000
  27 -9.171961 4.871101 51.057640 -0.675924 0.015700 -0.736804 0.612060 0.006900 1 27 1.000000
scout_body_blue
  27 -8.814721 1.699041 50.664310 -0.675924 0.015700 -0.736804 0.641410 0.029830 1 27 1.000000
  27 -11.817361 2.424150 53.435768 -0.675924 0.015700 -0.736804 0.600860 0.055630 1 27 1.000000
  27 -8.757141 3.371441 50.648964 -0.675924 0.015700 -0.736804 0.628760 0.015140 1 27 1.000000
scout_body_blue
  27 -11.567631 0.689129 53.165367 -0.675924 0.015700 -0.736804 0.617570 0.067570 1 27 1.000000
  27 -11.817361 2.424150 53.435768 -0.675924 0.015700 -0.736804 0.600860 0.055630 1 27 1.000000
  27 -8.814721 1.699041 50.664310 -0.675924 0.015700 -0.736804 0.641410 0.029830 1 27 1.000000
scout_body_blue
  27 -9.628281 0.177480 51.376228 -0.675924 0.015700 -0.736804 0.644100 0.051280 1 27 1.000000
  27 -11.567631 0.689129 53.165367 -0.675924 0.015700 -0.736804 0.617570 0.067570 1 27 1.000000
  27 -8.814721 1.699041 50.664310 -0.675924 0.015700 -0.736804 0.641410 0.029830 1 27 1.000000
scout_body_blue
  5 1.140940 5.273769 42.482346 0.049200 0.985418 0.162881 0.112210 0.407900 3 5 0.414414 6 0.365365 0 0.220220
  0 -1.246071 5.026985 42.329491 -0.103689 0.993795 0.040241 0.115200 0.404600 3 0 0.220441 5 0.414830 6 0.364730
  5 -1.176530 4.942760 44.536861 -0.049200 0.985418 0.162881 0.078290 0.409300 3 5 0.492784 6 0.421650 0 0.085567
scout_body_blue
  5 -1.176530 4.942760 44.536861 -0.049200 0.985418 0.162881 0.078290 0.409300 3 5 0.492784 6 0.421650 0 0.085567
  5 1.081110 4.942760 44.536861 0.049200 0.985418 0.162881 0.078290 0.409300 3 5 0.492784 6 0.421650 0 0.085567
  5 1.140940 5.273769 42.482346 0.049200 0.985418 0.162881 0.112210 0.407900 3 5 0.414414 6 0.365365 0 0.220220
scout_body_blue
  5 -4.589253 -3.211827 47.415306 -0.865589 -0.495983 -0.068969 0.423400 0.643200 3 5 0.221122 6 0.205721 7 0.573157
  0 -4.637547 -3.933921 44.329788 -0.766054 -0.603218 -0.222012 0.409200 0.541900 3 0 0.423848 5 0.497996 6 0.078156
  5 -2.422410 -5.203070 47.749744 -0.475124 -0.879898 0.006020 0.372190 0.637400 3 5 0.440329 6 0.329218 7 0.230453
scout_body_blue
  0 -4.637547 -3.933921 44.329788 -0.766054 -0.603218 -0.222012 0.409200 0.541900 3 0 0.423848 5 0.497996 6 0.078156
  5 -0.242610 -6.161829 43.528877 -0.391034 -0.920349 0.007110 0.318660 0.499260 3 5 0.498499 0 0.328328 6 0.173173
  5 -2.422410 -5.203070 47.749744 -0.475124 -0.879898 0.006020 0.372190 0.637400 3 5 0.440329 6 0.329218 7 0.230453
scout_body_blue
  5 -2.422410 -5.203070 47.749744 -0.475124 -0.879898 0.006020 0.372190 0.637400 3 5 0.440329 6 0.329218 7 0.230453
  5 -0.242610 -6.161829 43.528877 -0.391034 -0.920349 0.007110 0.318660 0.499260 3 5 0.498499 0 0.328328 6 0.173173
  6 -0.355620 -5.735671 50.502251 -0.274262 -0.961449 0.019900 0.321380 0.690970 3 6 0.412826 7 0.313627 5 0.273547
scout_body_blue
  7 -3.300550 -5.012601 51.089287 -0.439181 -0.894592 -0.082620 0.380720 0.708660 3 7 0.573822 6 0.310995 5 0.115183
  5 -2.422410 -5.203070 47.749744 -0.475124 -0.879898 0.006020 0.372190 0.637400 3 5 0.440329 6 0.329218 7 0.230453
  6 -0.355620 -5.735671 50.502251 -0.274262 -0.961449 0.019900 0.321380 0.690970 3 6 0.412826 7 0.313627 5 0.273547
scout_body_blue
  7 -5.839589 -3.826231 52.776833 -0.585571 -0.790002 -0.181670 0.430710 0.746590 1 7 1.000000
  5 -2.422410 -5.203070 47.749744 -0.475124 -0.879898 0.006020 0.372190 0.637400 3 5 0.440329 6 0.329218 7 0.230453
  7 -3.300550 -5.012601 51.089287 -0.439181 -0.894592 -0.082620 0.380720 0.708660 3 7 0.573822 6 0.310995 5 0.115183
scout_body_blue
  5 -4.589253 -3.211827 47.415306 -0.865589 -0.495983 -0.068969 0.423400 0.643200 3 5 0.221122 6 0.205721 7 0.573157
  5 -2.422410 -5.203070 47.749744 -0.475124 -0.879898 0.006020 0.372190 0.637400 3 5 0.440329 6 0.329218 7 0.230453
  7 -5.839589 -3.826231 52.776833 -0.585571 -0.790002 -0.181670 0.430710 0.746590 1 7 1.000000
scout_body_blue
  7 -5.427739 -2.632112 57.549862 -0.946042 0.056720 0.319041 0.432670 0.839020 3 7 0.757515 26 0.129259 8 0.113227
  7 -5.486209 -2.292972 57.298798 -0.946042 0.056720 0.319041 0.440670 0.837590 3 7 0.763764 26 0.126126 8 0.110110
  7 -5.860395 -3.960395 53.482422 -0.989259 -0.074674 0.125663 0.429200 0.763100 2 7 0.941112 26 0.058888
scout_body_blue
  7 -5.486209 -2.292972 57.298798 -0.946042 0.056720 0.319041 0.440670 0.837590 3 7 0.763764 26 0.126126 8 0.110110
  7 -5.427739 -2.632112 57.549862 -0.946042 0.056720 0.319041 0.432670 0.839020 3 7 0.757515 26 0.129259 8 0.113227
  26 -4.139359 -1.698603 59.412086 -0.869946 0.239252 0.431223 0.421350 0.884430 2 26 0.516684 8 0.483317
scout_body_blue
  26 -4.192860 -2.189073 59.467422 -0.869946 0.239252 0.431223 0.414100 0.879070 2 26 0.516684 8 0.483317
  26 -4.139359 -1.698603 59.412086 -0.869946 0.239252 0.431223 0.421350 0.884430 2 26 0.516684 8 0.483317
  7 -5.427739 -2.632112 57.549862 -0.946042 0.056720 0.319041 0.432670 0.839020 3 7 0.757515 26 0.129259 8 0.113227
scout_body_blue
  8 -3.295322 -0.847856 60.599316 -0.848684 0.151880 0.506625 0.411200 0.917100 1 8 1.000000
  26 -4.139359 -1.698603 59.412086 -0.869946 0.239252 0.431223 0.421350 0.884430 2 26 0.516684 8 0.483317
  26 -4.192860 -2.189073 59.467422 -0.869946 0.239252 0.431223 0.414100 0.879070 2 26 0.516684 8 0.483317
scout_body_blue
  7 -0.047710 -3.961602 58.657978 0.187581 -0.436072 0.880144 0.313110 0.869430 3 7 0.660465 8 0.224419 26 0.115116
  8 -1.649480 -4.020514 58.970161 0.221552 -0.410884 0.884358 0.352140 0.864590 2 8 0.581395 26 0.418605
  7 -0.383120 -4.278822 58.535065 0.187581 -0.436072 0.880144 0.322470 0.862460 3 7 0.660465 8 0.224419 26 0.115116
scout_body_blue
  8 -0.052880 3.507714 63.806442 -0.029262 0.457380 0.888790 0.121100 0.581800 3 8 0.784785 9 0.115115 10 0.100100
  8 1.202506 3.060234 63.684402 0.065239 0.428822 -0.901030 0.094200 0.583800 3 8 0.784785 9 0.115115 10 0.100100
  8 2.328872 1.610466 63.076050 0.133184 0.497264 -0.857316 0.041300 0.553500 3 8 0.321643 9 0.412826 10 0.265531
scout_body_blue
  8 2.473031 0.750707 62.591347 0.181086 -0.419741 0.889396 0.030300 0.532400 3 8 0.385385 9 0.398398 10 0.216216
  8 -0.052880 3.507714 63.806442 -0.029262 0.457380 0.888790 0.121100 0.581800 3 8 0.784785 9 0.115115 10 0.100100
  8 2.328872 1.610466 63.076050 0.133184 0.497264 -0.857316 0.041300 0.553500 3 8 0.321643 9 0.412826 10 0.265531
scout_body_blue
  9 -0.071548 -1.501461 61.571060 0.001596 0.407497 -0.913205 0.055300 0.452100 2 9 0.203203 10 0.796797
  8 -0.052880 3.507714 63.806442 -0.029262 0.457380 0.888790 0.121100 0.581800 3 8 0.784785 9 0.115115 10 0.100100
  8 1.320147 -0.660372 61.703011 -0.055976 -0.444852 0.893853 0.036100 0.487200 3 8 0.443443 9 0.348348 10 0.208208
scout_body_blue
  9 -0.071548 -1.501461 61.571060 0.001596 0.407497 -0.913205 0.055300 0.452100 2 9 0.203203 10 0.796797
  8 -1.459144 -0.653555 61.701504 0.074551 -0.479497 0.874371 0.036100 0.487200 3 8 0.443443 9 0.348348 10 0.208208
  8 -0.052880 3.507714 63.806442 -0.029262 0.457380 0.888790 0.121100 0.581800 3 8 0.784785 9 0.115115 10 0.100100
scout_body_blue
  8 -2.606158 0.763163 62.588562 -0.218523 -0.525531 0.822232 0.030300 0.532400 3 8 0.385385 9 0.398398 10 0.216216
  8 -2.458212 1.622207 63.073444 -0.121024 0.490078 -0.863236 0.041300 0.553500 3 8 0.321643 9 0.412826 10 0.265531
  8 -0.052880 3.507714 63.806442 -0.029262 0.457380 0.888790 0.121100 0.581800 3 8 0.784785 9 0.115115 10 0.100100
scout_body_blue
  8 -2.458212 1.622207 63.073444 -0.121024 0.490078 -0.863236 0.041300 0.553500 3 8 0.321643 9 0.412826 10 0.265531
  8 -1.097455 3.426776 63.756683 0.018251 0.341969 -0.939534 0.094200 0.583800 3 8 0.784785 9 0.115115 10 0.100100
  8 -0.052880 3.507714 63.806442 -0.029262 0.457380 0.888790 0.121100 0.581800 3 8 0.784785 9 0.115115 10 0.100100
scout_body_blue
  2 2.760670 0.665310 17.783430 -0.994926 0.002660 -0.100571 0.547400 0.301540 1 2 1.000000
  2 2.686950 0.112390 19.508039 -0.990394 0.074320 -0.116601 0.524660 0.316860 1 2 1.000000
  2 4.495630 3.459550 19.485140 -0.579995 0.771296 0.262122 0.509080 0.254500 2 2 0.938939 1 0.061061
scout_body_blue
  2 2.686950 0.112390 19.508039 -0.990394 0.074320 -0.116601 0.524660 0.316860 1 2 1.000000
  2 4.563870 2.836490 21.001160 -0.503095 0.847598 0.168742 0.484050 0.271460 2 2 0.707708 1 0.292292
  2 4.495630 3.459550 19.485140 -0.579995 0.771296 0.262122 0.509080 0.254500 2 2 0.938939 1 0.061061
scout_body_blue
  2 6.800770 4.336500 19.126659 0.323052 0.874036 0.362903 0.508820 0.219070 2 2 0.925926 1 0.074074
  2 4.495630 3.459550 19.485140 -0.579995 0.771296 0.262122 0.509080 0.254500 2 2 0.938939 1 0.061061
  2 4.563870 2.836490 21.001160 -0.503095 0.847598 0.168742 0.484050 0.271460 2 2 0.707708 1 0.292292
scout_body_blue
  2 7.127470 3.311800 20.560690 0.403883 0.875967 0.263742 0.476930 0.218840 2 2 0.799800 1 0.200200
  2 6.800770 4.336500 19.126659 0.323052 0.874036 0.362903 0.508820 0.219070 2 2 0.925926 1 0.074074
  2 4.563870 2.836490 21.001160 -0.503095 0.847598 0.168742 0.484050 0.271460 2 2 0.707708 1 0.292292
scout_body_blue
  2 4.563870 2.836490 21.001160 -0.503095 0.847598 0.168742 0.484050 0.271460 2 2 0.707708 1 0.292292
  1 4.692941 3.018900 22.046001 -0.469392 0.874423 -0.122700 0.463700 0.281070 2 1 0.580581 2 0.419419
  2 7.127470 3.311800 20.560690 0.403883 0.875967 0.263742 0.476930 0.218840 2 2 0.799800 1 0.200200
scout_body_blue
  1 4.692941 3.018900 22.046001 -0.469392 0.874423 -0.122700 0.463700 0.281070 2 1 0.580581 2 0.419419
  2 4.563870 2.836490 21.001160 -0.503095 0.847598 0.168742 0.484050 0.271460 2 2 0.707708 1 0.292292
  2 2.339720 -0.021310 21.058943 -0.984468 0.149941 -0.091321 0.505790 0.339150 2 2 0.547548 1 0.452453
scout_body_blue
  1 4.603617 3.375982 22.991573 -0.445246 0.856269 -0.261838 0.444200 0.291900 2 1 0.758517 2 0.241483
  1 4.692941 3.018900 22.046001 -0.469392 0.874423 -0.122700 0.463700 0.281070 2 1 0.580581 2 0.419419
  2 2.339720 -0.021310 21.058943 -0.984468 0.149941 -0.091321 0.505790 0.339150 2 2 0.547548 1 0.452453
scout_body_blue
  1 2.431133 -0.202723 22.265713 -0.990977 0.126932 -0.043040 0.485300 0.354300 2 1 0.605606 2 0.394394
  1 4.603617 3.375982 22.991573 -0.445246 0.856269 -0.261838 0.444200 0.291900 2 1 0.758517 2 0.241483
  2 2.339720 -0.021310 21.058943 -0.984468 0.149941 -0.091321 0.505790 0.339150 2 2 0.547548 1 0.452453
scout_body_blue
  1 4.603617 3.375982 22.991573 -0.445246 0.856269 -0.261838 0.444200 0.291900 2 1 0.758517 2 0.241483
  1 2.431133 -0.202723 22.265713 -0.990977 0.126932 -0.043040 0.485300 0.354300 2 1 0.605606 2 0.394394
  1 3.234650 1.781450 24.062962 -0.769573 0.520672 -0.369672 0.432660 0.339810 2 1 0.697395 2 0.302605
scout_body_blue
  1 3.234650 1.781450 24.062962 -0.769573 0.520672 -0.369672 0.432660 0.339810 2 1 0.697395 2 0.302605
  1 2.431133 -0.202723 22.265713 -0.990977 0.126932 -0.043040 0.485300 0.354300 2 1 0.605606 2 0.394394
  1 2.041500 -1.937179 23.506874 -0.906085 -0.133951 -0.401332 0.466380 0.396190 2 1 0.754280 2 0.245720
scout_body_blue
  1 3.234650 1.781450 24.062962 -0.769573 0.520672 -0.369672 0.432660 0.339810 2 1 0.697395 2 0.302605
  1 2.041500 -1.937179 23.506874 -0.906085 -0.133951 -0.401332 0.466380 0.396190 2 1 0.754280 2 0.245720
  1 2.318510 2.051730 25.266222 -0.814054 0.443532 -0.374962 0.401540 0.357980 2 1 0.935614 2 0.064386
scout_body_blue
  1 2.318510 2.051730 25.266222 -0.814054 0.443532 -0.374962 0.401540 0.357980 2 1 0.935614 2 0.064386
  1 4.505710 3.827451 25.415194 -0.338972 0.923835 -0.177841 0.385780 0.313850 2 1 0.944724 2 0.055276
  1 3.234650 1.781450 24.062962 -0.769573 0.520672 -0.369672 0.432660 0.339810 2 1 0.697395 2 0.302605
scout_body_blue
  1 2.318510 2.051730 25.266222 -0.814054 0.443532 -0.374962 0.401540 0.357980 2 1 0.935614 2 0.064386
  1 3.989550 3.910120 27.669672 -0.322164 0.923620 -0.207692 0.339800 0.337720 1 1 1.000000
  1 4.505710 3.827451 25.415194 -0.338972 0.923835 -0.177841 0.385780 0.313850 2 1 0.944724 2 0.055276
scout_body_blue
  1 1.671090 1.104650 26.720121 -0.866339 0.430904 -0.252543 0.374120 0.388020 1 1 1.000000
  1 3.989550 3.910120 27.669672 -0.322164 0.923620 -0.207692 0.339800 0.337720 1 1 1.000000
  1 2.318510 2.051730 25.266222 -0.814054 0.443532 -0.374962 0.401540 0.357980 2 1 0.935614 2 0.064386
scout_body_blue
  1 1.671090 1.104650 26.720121 -0.866339 0.430904 -0.252543 0.374120 0.388020 1 1 1.000000
  1 2.318510 2.051730 25.266222 -0.814054 0.443532 -0.374962 0.401540 0.357980 2 1 0.935614 2 0.064386
  1 1.722200 -2.011059 24.492502 -0.919300 -0.284453 -0.271983 0.444310 0.411900 2 1 0.809909 2 0.190091
scout_body_blue
  1 1.173430 -2.234819 27.012552 -0.942057 -0.235202 -0.239182 0.411510 0.446880 2 1 0.900621 2 0.099379
  1 1.671090 1.104650 26.720121 -0.866339 0.430904 -0.252543 0.374120 0.388020 1 1 1.000000
  1 1.722200 -2.011059 24.492502 -0.919300 -0.284453 -0.271983 0.444310 0.411900 2 1 0.809909 2 0.190091
scout_body_blue
  1 1.671090 1.104650 26.720121 -0.866339 0.430904 -0.252543 0.374120 0.388020 1 1 1.000000
  1 1.173430 -2.234819 27.012552 -0.942057 -0.235202 -0.239182 0.411510 0.446880 2 1 0.900621 2 0.099379
  1 0.316070 -1.653009 32.186085 -0.668968 -0.257513 -0.697258 0.318070 0.464460 2 1 0.860271 0 0.139729
scout_body_blue
  2 4.563870 2.836490 21.001160 -0.503095 0.847598 0.168742 0.484050 0.271460 2 2 0.707708 1 0.292292
  2 2.686950 0.112390 19.508039 -0.990394 0.074320 -0.116601 0.524660 0.316860 1 2 1.000000
  2 2.339720 -0.021310 21.058943 -0.984468 0.149941 -0.091321 0.505790 0.339150 2 2 0.547548 1 0.452453
scout_body_blue
  1 1.722200 -2.011059 24.492502 -0.919300 -0.284453 -0.271983 0.444310 0.411900 2 1 0.809909 2 0.190091
  1 2.318510 2.051730 25.266222 -0.814054 0.443532 -0.374962 0.401540 0.357980 2 1 0.935614 2 0.064386
  1 2.041500 -1.937179 23.506874 -0.906085 -0.133951 -0.401332 0.466380 0.396190 2 1 0.754280 2 0.245720
scout_body_blue
  6 5.409340 5.524219 52.613228 0.505924 0.802796 -0.315532 0.885010 0.607060 2 6 0.764647 8 0.235354
  6 3.605761 6.505169 52.611721 0.274551 0.960385 0.047770 0.847470 0.602870 3 6 0.791792 7 0.119119 8 0.089089
  6 5.876092 5.706454 55.056763 0.356898 0.933705 -0.028609 0.886600 0.651500 3 6 0.304671 8 0.463907 11 0.231423
scout_body_blue
  8 3.588730 6.323020 55.157387 0.274551 0.960385 0.047770 0.842590 0.644180 3 8 0.754509 11 0.138277 6 0.107214
  6 5.876092 5.706454 55.056763 0.356898 0.933705 -0.028609 0.886600 0.651500 3 6 0.304671 8 0.463907 11 0.231423
  6 3.605761 6.505169 52.611721 0.274551 0.960385 0.047770 0.847470 0.602870 3 6 0.791792 7 0.119119 8 0.089089
scout_body_blue
  8 3.588730 6.323020 55.157387 0.274551 0.960385 0.047770 0.842590 0.644180 3 8 0.754509 11 0.138277 6 0.107214
  6 3.605761 6.505169 52.611721 0.274551 0.960385 0.047770 0.847470 0.602870 3 6 0.791792 7 0.119119 8 0.089089
  6 -0.047710 7.068409 52.517975 0.000000 0.995828 0.091251 0.782210 0.593250 3 6 0.766533 7 0.126253 8 0.107214
scout_body_blue
  8 -0.047710 6.761960 55.329628 0.000000 0.995828 0.091251 0.781790 0.638480 3 8 0.754509 26 0.138277 6 0.107214
  8 3.588730 6.323020 55.157387 0.274551 0.960385 0.047770 0.842590 0.644180 3 8 0.754509 11 0.138277 6 0.107214
  6 -0.047710 7.068409 52.517975 0.000000 0.995828 0.091251 0.782210 0.593250 3 6 0.766533 7 0.126253 8 0.107214
scout_body_blue
  6 -0.047710 7.068409 52.517975 0.000000 0.995828 0.091251 0.782210 0.593250 3 6 0.766533 7 0.126253 8 0.107214
  6 -3.701190 6.505169 52.611721 -0.274563 0.960381 0.047781 0.716230 0.603640 3 6 0.791792 7 0.119119 8 0.089089
  8 -0.047710 6.761960 55.329628 0.000000 0.995828 0.091251 0.781790 0.638480 3 8 0.754509 26 0.138277 6 0.107214
scout_body_blue
  6 -3.701190 6.505169 52.611721 -0.274563 0.960381 0.047781 0.716230 0.603640 3 6 0.791792 7 0.119119 8 0.089089
  8 -3.684150 6.323020 55.157387 -0.274563 0.960381 0.047781 0.721300 0.644900 3 8 0.754509 26 0.138277 6 0.107214
  8 -0.047710 6.761960 55.329628 0.000000 0.995828 0.091251 0.781790 0.638480 3 8 0.754509 26 0.138277 6 0.107214
scout_body_blue
  8 -3.684150 6.323020 55.157387 -0.274563 0.960381 0.047781 0.721300 0.644900 3 8 0.754509 26 0.138277 6 0.107214
  6 -3.701190 6.505169 52.611721 -0.274563 0.960381 0.047781 0.716230 0.603640 3 6 0.791792 7 0.119119 8 0.089089
  8 -5.689159 5.609439 55.013607 -0.406623 0.913587 0.004140 0.683540 0.651480 3 8 0.449735 6 0.312169 26 0.238095
scout_body_blue
  8 -5.689159 5.609439 55.013607 -0.406623 0.913587 0.004140 0.683540 0.651480 3 8 0.449735 6 0.312169 26 0.238095
  6 -3.701190 6.505169 52.611721 -0.274563 0.960381 0.047781 0.716230 0.603640 3 6 0.791792 7 0.119119 8 0.089089
  6 -5.504769 5.524220 52.613228 -0.406623 0.913587 0.004140 0.678430 0.608350 2 6 0.764647 8 0.235354
scout_body_blue
  44 -9.200500 -5.030447 -0.139218 0.000000 0.000000 -1.000000 0.041860 0.635690 1 44 1.000000
  44 -6.884371 -3.248698 -0.139138 0.000000 0.000000 -1.000000 0.007540 0.601050 2 44 0.842528 43 0.157472
  44 -7.698451 -4.728497 -0.139208 0.000000 0.000000 -1.000000 0.017820 0.627340 1 44 1.000000
scout_body_blue
  44 -10.475871 -4.418967 -0.139238 0.000000 0.000000 -1.000000 0.064320 0.628430 1 44 1.000000
  44 -6.884371 -3.248698 -0.139138 0.000000 0.000000 -1.000000 0.007540 0.601050 2 44 0.842528 43 0.157472
  44 -9.200500 -5.030447 -0.139218 0.000000 0.000000 -1.000000 0.041860 0.635690 1 44 1.000000
scout_body_blue
  44 -11.121990 -2.774777 -0.139148 0.000000 0.000000 -1.000000 0.078680 0.602700 2 44 0.643808 43 0.356192
  44 -6.884371 -3.248698 -0.139138 0.000000 0.000000 -1.000000 0.007540 0.601050 2 44 0.842528 43 0.157472
  44 -10.475871 -4.418967 -0.139238 0.000000 0.000000 -1.000000 0.064320 0.628430 1 44 1.000000
scout_body_blue
  44 -11.121990 -2.774777 -0.139148 0.000000 0.000000 -1.000000 0.078680 0.602700 2 44 0.643808 43 0.356192
  43 -10.410700 0.691672 -0.139149 0.066400 0.428972 -0.900874 0.074680 0.543780 2 43 0.563077 44 0.436923
  44 -6.884371 -3.248698 -0.139138 0.000000 0.000000 -1.000000 0.007540 0.601050 2 44 0.842528 43 0.157472
scout_body_blue
  43 -6.399170 -0.028017 -0.139139 0.066400 0.428972 -0.900874 0.006720 0.546700 2 43 0.861822 44 0.138178
  44 -6.884371 -3.248698 -0.139138 0.000000 0.000000 -1.000000 0.007540 0.601050 2 44 0.842528 43 0.157472
  43 -10.410700 0.691672 -0.139149 0.066400 0.428972 -0.900874 0.074680 0.543780 2 43 0.563077 44 0.436923
scout_body_blue
  43 -6.399170 -0.028017 -0.139139 0.066400 0.428972 -0.900874 0.006720 0.546700 2 43 0.861822 44 0.138178
  43 -10.410700 0.691672 -0.139149 0.066400 0.428972 -0.900874 0.074680 0.543780 2 43 0.563077 44 0.436923
  43 -6.400020 0.804372 0.770711 0.119641 0.772908 -0.623137 0.008600 0.532870 2 43 0.947692 44 0.052308
scout_body_blue
  43 -10.410700 0.691672 -0.139149 0.066400 0.428972 -0.900874 0.074680 0.543780 2 43 0.563077 44 0.436923
  43 -10.230571 1.379272 0.870722 0.119641 0.772908 -0.623137 0.073240 0.531910 2 43 0.589613 44 0.410387
  43 -6.400020 0.804372 0.770711 0.119641 0.772908 -0.623137 0.008600 0.532870 2 43 0.947692 44 0.052308
scout_body_blue
  44 -7.545471 -1.304488 2.945802 0.282681 -0.442571 0.851012 0.516730 0.392730 2 44 0.523139 43 0.476861
  44 -7.120051 -2.126788 2.041782 0.621846 -0.516905 0.588316 0.506970 0.380530 2 44 0.732663 43 0.267337
  44 -6.464611 -0.570358 2.401102 0.780186 -0.456524 0.427663 0.500500 0.399780 2 44 0.515121 43 0.484879
scout_body_blue
  43 -7.122642 0.679601 3.905242 0.315381 -0.827353 0.464782 0.518550 0.418860 3 43 0.674349 44 0.179359 42 0.146293
  44 -7.545471 -1.304488 2.945802 0.282681 -0.442571 0.851012 0.516730 0.392730 2 44 0.523139 43 0.476861
  44 -6.464611 -0.570358 2.401102 0.780186 -0.456524 0.427663 0.500500 0.399780 2 44 0.515121 43 0.484879
scout_body_blue
  43 -8.735501 0.982181 4.067071 -0.477215 -0.762368 0.437105 0.537360 0.418930 3 43 0.655656 44 0.204204 42 0.140140
  44 -7.545471 -1.304488 2.945802 0.282681 -0.442571 0.851012 0.516730 0.392730 2 44 0.523139 43 0.476861
  43 -7.122642 0.679601 3.905242 0.315381 -0.827353 0.464782 0.518550 0.418860 3 43 0.674349 44 0.179359 42 0.146293
scout_body_blue
  43 -7.122642 0.679601 3.905242 0.315381 -0.827353 0.464782 0.518550 0.418860 3 43 0.674349 44 0.179359 42 0.146293
  42 -7.842571 -0.609899 10.670131 -0.401494 -0.913408 0.067001 0.531160 0.491360 1 42 1.000000
  43 -8.735501 0.982181 4.067071 -0.477215 -0.762368 0.437105 0.537360 0.418930 3 43 0.655656 44 0.204204 42 0.140140
scout_body_blue
  43 -8.735501 0.982181 4.067071 -0.477215 -0.762368 0.437105 0.537360 0.418930 3 43 0.655656 44 0.204204 42 0.140140
  42 -7.842571 -0.609899 10.670131 -0.401494 -0.913408 0.067001 0.531160 0.491360 1 42 1.000000
  42 -8.673941 0.671520 7.439271 -0.887977 -0.459883 -0.002190 0.542320 0.458630 1 42 1.000000
scout_body_blue
  42 -8.673941 0.671520 7.439271 -0.887977 -0.459883 -0.002190 0.542320 0.458630 1 42 1.000000
  42 -7.842571 -0.609899 10.670131 -0.401494 -0.913408 0.067001 0.531160 0.491360 1 42 1.000000
  42 -8.609471 0.368421 11.493182 -0.775494 -0.514593 0.365792 0.541240 0.497520 1 42 1.000000
scout_body_blue
  42 -8.609471 0.368421 11.493182 -0.775494 -0.514593 0.365792 0.541240 0.497520 1 42 1.000000
  42 -9.123361 1.617160 9.410172 -0.980865 -0.188671 -0.048030 0.555090 0.479250 1 42 1.000000
  42 -8.673941 0.671520 7.439271 -0.887977 -0.459883 -0.002190 0.542320 0.458630 1 42 1.000000
scout_body_blue
  42 -9.442110 3.765209 11.354770 -0.898624 0.240431 0.366972 0.570900 0.498280 1 42 1.000000
  42 -9.123361 1.617160 9.410172 -0.980865 -0.188671 -0.048030 0.555090 0.479250 1 42 1.000000
  42 -8.609471 0.368421 11.493182 -0.775494 -0.514593 0.365792 0.541240 0.497520 1 42 1.000000
scout_body_blue
  42 -6.473231 -0.011629 7.654171 0.261011 -0.949574 -0.173731 0.515940 0.460840 1 42 1.000000
  42 -7.842571 -0.609899 10.670131 -0.401494 -0.913408 0.067001 0.531160 0.491360 1 42 1.000000
  43 -7.122642 0.679601 3.905242 0.315381 -0.827353 0.464782 0.518550 0.418860 3 43 0.674349 44 0.179359 42 0.146293
scout_body_blue
  42 -8.340781 0.568610 11.764492 -0.510243 -0.367252 0.777675 0.541490 0.501010 1 42 1.000000
  42 -9.170890 3.602800 11.555431 -0.533774 0.221152 0.816197 0.570570 0.501010 1 42 1.000000
  42 -9.442110 3.765209 11.354770 -0.898624 0.240431 0.366972 0.570900 0.498280 1 42 1.000000
scout_body_blue
  42 -8.609471 0.368421 11.493182 -0.775494 -0.514593 0.365792 0.541240 0.497520 1 42 1.000000
  42 -8.340781 0.568610 11.764492 -0.510243 -0.367252 0.777675 0.541490 0.501010 1 42 1.000000
  42 -9.442110 3.765209 11.354770 -0.898624 0.240431 0.366972 0.570900 0.498280 1 42 1.000000
scout_body_blue
  42 -8.340781 0.568610 11.764492 -0.510243 -0.367252 0.777675 0.541490 0.501010 1 42 1.000000
  42 -8.609471 0.368421 11.493182 -0.775494 -0.514593 0.365792 0.541240 0.497520 1 42 1.000000
  42 -6.916803 -0.499207 11.553223 0.091602 -0.979345 0.180257 0.523600 0.501000 1 42 1.000000
scout_body_blue
  42 -8.609471 0.368421 11.493182 -0.775494 -0.514593 0.365792 0.541240 0.497520 1 42 1.000000
  42 -7.842571 -0.609899 10.670131 -0.401494 -0.913408 0.067001 0.531160 0.491360 1 42 1.000000
  42 -6.916803 -0.499207 11.553223 0.091602 -0.979345 0.180257 0.523600 0.501000 1 42 1.000000
scout_body_blue
  42 -7.842571 -0.609899 10.670131 -0.401494 -0.913408 0.067001 0.531160 0.491360 1 42 1.000000
  42 -5.684581 0.016181 10.473452 0.621557 -0.781488 -0.054251 0.508750 0.490650 1 42 1.000000
  42 -6.916803 -0.499207 11.553223 0.091602 -0.979345 0.180257 0.523600 0.501000 1 42 1.000000
scout_body_blue
  42 -5.684581 0.016181 10.473452 0.621557 -0.781488 -0.054251 0.508750 0.490650 1 42 1.000000
  42 -7.842571 -0.609899 10.670131 -0.401494 -0.913408 0.067001 0.531160 0.491360 1 42 1.000000
  42 -6.473231 -0.011629 7.654171 0.261011 -0.949574 -0.173731 0.515940 0.460840 1 42 1.000000
scout_body_blue
  42 -6.473231 -0.011629 7.654171 0.261011 -0.949574 -0.173731 0.515940 0.460840 1 42 1.000000
  42 -5.579632 0.596361 7.372803 0.815663 -0.554942 -0.163501 0.503000 0.457510 2 42 0.941650 43 0.058350
  42 -5.684581 0.016181 10.473452 0.621557 -0.781488 -0.054251 0.508750 0.490650 1 42 1.000000
scout_body_blue
  43 -7.122642 0.679601 3.905242 0.315381 -0.827353 0.464782 0.518550 0.418860 3 43 0.674349 44 0.179359 42 0.146293
  42 -5.579632 0.596361 7.372803 0.815663 -0.554942 -0.163501 0.503000 0.457510 2 42 0.941650 43 0.058350
  42 -6.473231 -0.011629 7.654171 0.261011 -0.949574 -0.173731 0.515940 0.460840 1 42 1.000000
scout_body_blue
  43 -5.968151 1.066371 3.543931 0.922221 -0.377305 0.084551 0.504190 0.414810 3 43 0.751503 44 0.145291 42 0.103206
  42 -5.579632 0.596361 7.372803 0.815663 -0.554942 -0.163501 0.503000 0.457510 2 42 0.941650 43 0.058350
  43 -7.122642 0.679601 3.905242 0.315381 -0.827353 0.464782 0.518550 0.418860 3 43 0.674349 44 0.179359 42 0.146293
scout_body_blue
  43 -7.122642 0.679601 3.905242 0.315381 -0.827353 0.464782 0.518550 0.418860 3 43 0.674349 44 0.179359 42 0.146293
  44 -6.464611 -0.570358 2.401102 0.780186 -0.456524 0.427663 0.500500 0.399780 2 44 0.515121 43 0.484879
  43 -5.968151 1.066371 3.543931 0.922221 -0.377305 0.084551 0.504190 0.414810 3 43 0.751503 44 0.145291 42 0.103206
scout_body_blue
  43 -5.968151 1.066371 3.543931 0.922221 -0.377305 0.084551 0.504190 0.414810 3 43 0.751503 44 0.145291 42 0.103206
  44 -6.464611 -0.570358 2.401102 0.780186 -0.456524 0.427663 0.500500 0.399780 2 44 0.515121 43 0.484879
  43 -6.315310 -0.544088 1.236072 0.982570 -0.185222 0.015750 0.487470 0.393200 2 43 0.548583 44 0.451417
scout_body_blue
  43 -6.315310 -0.544088 1.236072 0.982570 -0.185222 0.015750 0.487470 0.393200 2 43 0.548583 44 0.451417
  44 -6.464611 -0.570358 2.401102 0.780186 -0.456524 0.427663 0.500500 0.399780 2 44 0.515121 43 0.484879
  44 -7.120051 -2.126788 2.041782 0.621846 -0.516905 0.588316 0.506970 0.380530 2 44 0.732663 43 0.267337
scout_body_blue
  44 -7.120051 -2.126788 2.041782 0.621846 -0.516905 0.588316 0.506970 0.380530 2 44 0.732663 43 0.267337
  44 -6.573741 -2.336618 0.821152 0.919234 -0.343492 0.192411 0.494370 0.372620 2 44 0.787940 43 0.212060
  43 -6.315310 -0.544088 1.236072 0.982570 -0.185222 0.015750 0.487470 0.393200 2 43 0.548583 44 0.451417
scout_body_blue
  42 -7.501715 4.889726 11.437180 0.013223 0.827245 0.561685 0.593300 0.501000 1 42 1.000000
  42 -6.394572 4.357121 11.346588 0.394135 0.584317 0.709388 0.607000 0.501000 1 42 1.000000
  42 -6.528481 4.841399 10.998132 0.352764 0.891501 0.284224 0.605940 0.498620 1 42 1.000000
scout_body_blue
  42 -7.896261 5.050630 11.114343 -0.265132 0.880815 0.392262 0.590890 0.498490 1 42 1.000000
  42 -7.501715 4.889726 11.437180 0.013223 0.827245 0.561685 0.593300 0.501000 1 42 1.000000
  42 -6.528481 4.841399 10.998132 0.352764 0.891501 0.284224 0.605940 0.498620 1 42 1.000000
scout_body_blue
  42 -7.501715 4.889726 11.437180 0.013223 0.827245 0.561685 0.593300 0.501000 1 42 1.000000
  42 -7.896261 5.050630 11.114343 -0.265132 0.880815 0.392262 0.590890 0.498490 1 42 1.000000
  42 -9.170890 3.602800 11.555431 -0.533774 0.221152 0.816197 0.570570 0.501010 1 42 1.000000
scout_body_blue
  42 -9.442110 3.765209 11.354770 -0.898624 0.240431 0.366972 0.570900 0.498280 1 42 1.000000
  42 -9.170890 3.602800 11.555431 -0.533774 0.221152 0.816197 0.570570 0.501010 1 42 1.000000
  42 -7.896261 5.050630 11.114343 -0.265132 0.880815 0.392262 0.590890 0.498490 1 42 1.000000
scout_body_blue
  42 -7.896261 5.050630 11.114343 -0.265132 0.880815 0.392262 0.590890 0.498490 1 42 1.000000
  42 -8.848681 4.333700 8.002282 -0.792910 0.607428 -0.048211 0.578560 0.467350 2 42 0.733964 43 0.266036
  42 -9.442110 3.765209 11.354770 -0.898624 0.240431 0.366972 0.570900 0.498280 1 42 1.000000
scout_body_blue
  42 -9.442110 3.765209 11.354770 -0.898624 0.240431 0.366972 0.570900 0.498280 1 42 1.000000
  42 -8.848681 4.333700 8.002282 -0.792910 0.607428 -0.048211 0.578560 0.467350 2 42 0.733964 43 0.266036
  42 -9.123361 1.617160 9.410172 -0.980865 -0.188671 -0.048030 0.555090 0.479250 1 42 1.000000
scout_body_blue
  42 -8.848681 4.333700 8.002282 -0.792910 0.607428 -0.048211 0.578560 0.467350 2 42 0.733964 43 0.266036
  42 -8.975922 2.199741 7.231662 -0.997757 -0.041390 0.052600 0.558390 0.456990 3 42 0.558676 43 0.371113 44 0.070211
  42 -9.123361 1.617160 9.410172 -0.980865 -0.188671 -0.048030 0.555090 0.479250 1 42 1.000000
scout_body_blue
  42 -9.123361 1.617160 9.410172 -0.980865 -0.188671 -0.048030 0.555090 0.479250 1 42 1.000000
  42 -8.975922 2.199741 7.231662 -0.997757 -0.041390 0.052600 0.558390 0.456990 3 42 0.558676 43 0.371113 44 0.070211
  42 -8.673941 0.671520 7.439271 -0.887977 -0.459883 -0.002190 0.542320 0.458630 1 42 1.000000
scout_body_blue
  42 -8.673941 0.671520 7.439271 -0.887977 -0.459883 -0.002190 0.542320 0.458630 1 42 1.000000
  42 -8.975922 2.199741 7.231662 -0.997757 -0.041390 0.052600 0.558390 0.456990 3 42 0.558676 43 0.371113 44 0.070211
  43 -9.504930 1.567771 3.494352 -0.863377 -0.252172 0.437023 0.548450 0.415740 3 43 0.696697 44 0.162162 42 0.141141
scout_body_blue
  43 -9.504930 1.567771 3.494352 -0.863377 -0.252172 0.437023 0.548450 0.415740 3 43 0.696697 44 0.162162 42 0.141141
  43 -8.735501 0.982181 4.067071 -0.477215 -0.762368 0.437105 0.537360 0.418930 3 43 0.655656 44 0.204204 42 0.140140
  42 -8.673941 0.671520 7.439271 -0.887977 -0.459883 -0.002190 0.542320 0.458630 1 42 1.000000
scout_body_blue
  43 -9.504930 1.567771 3.494352 -0.863377 -0.252172 0.437023 0.548450 0.415740 3 43 0.696697 44 0.162162 42 0.141141
  44 -9.498620 -2.967817 2.290932 -0.260511 -0.253951 0.931473 0.532590 0.370460 2 44 0.726263 43 0.273737
  43 -8.735501 0.982181 4.067071 -0.477215 -0.762368 0.437105 0.537360 0.418930 3 43 0.655656 44 0.204204 42 0.140140
scout_body_blue
  44 -9.498620 -2.967817 2.290932 -0.260511 -0.253951 0.931473 0.532590 0.370460 2 44 0.726263 43 0.273737
  44 -7.545471 -1.304488 2.945802 0.282681 -0.442571 0.851012 0.516730 0.392730 2 44 0.523139 43 0.476861
  43 -8.735501 0.982181 4.067071 -0.477215 -0.762368 0.437105 0.537360 0.418930 3 43 0.655656 44 0.204204 42 0.140140
scout_body_blue
  44 -9.498620 -2.967817 2.290932 -0.260511 -0.253951 0.931473 0.532590 0.370460 2 44 0.726263 43 0.273737
  44 -8.099800 -3.100768 2.143392 0.361053 -0.413423 0.835896 0.517990 0.371390 2 44 0.842369 43 0.157631
  44 -7.545471 -1.304488 2.945802 0.282681 -0.442571 0.851012 0.516730 0.392730 2 44 0.523139 43 0.476861
scout_body_blue
  44 -7.545471 -1.304488 2.945802 0.282681 -0.442571 0.851012 0.516730 0.392730 2 44 0.523139 43 0.476861
  44 -8.099800 -3.100768 2.143392 0.361053 -0.413423 0.835896 0.517990 0.371390 2 44 0.842369 43 0.157631
  44 -7.120051 -2.126788 2.041782 0.621846 -0.516905 0.588316 0.506970 0.380530 2 44 0.732663 43 0.267337
scout_body_blue
  44 -6.899191 -2.982798 1.381032 0.787367 -0.375443 0.488974 0.503190 0.369540 2 44 0.844378 43 0.155623
  44 -7.120051 -2.126788 2.041782 0.621846 -0.516905 0.588316 0.506970 0.380530 2 44 0.732663 43 0.267337
  44 -8.099800 -3.100768 2.143392 0.361053 -0.413423 0.835896 0.517990 0.371390 2 44 0.842369 43 0.157631
scout_body_blue
  44 -6.573741 -2.336618 0.821152 0.919234 -0.343492 0.192411 0.494370 0.372620 2 44 0.787940 43 0.212060
  44 -7.120051 -2.126788 2.041782 0.621846 -0.516905 0.588316 0.506970 0.380530 2 44 0.732663 43 0.267337
  44 -6.899191 -2.982798 1.381032 0.787367 -0.375443 0.488974 0.503190 0.369540 2 44 0.844378 43 0.155623
scout_body_blue
  44 -6.884371 -3.248698 -0.139138 0.952047 -0.304612 -0.028610 0.491810 0.356760 2 44 0.842528 43 0.157472
  44 -6.573741 -2.336618 0.821152 0.919234 -0.343492 0.192411 0.494370 0.372620 2 44 0.787940 43 0.212060
  44 -6.899191 -2.982798 1.381032 0.787367 -0.375443 0.488974 0.503190 0.369540 2 44 0.844378 43 0.155623
scout_body_blue
  44 -6.884371 -3.248698 -0.139138 0.952047 -0.304612 -0.028610 0.491810 0.356760 2 44 0.842528 43 0.157472
  43 -6.399170 -0.028017 -0.139139 0.988007 -0.094841 -0.121851 0.469950 0.389340 2 43 0.861822 44 0.138178
  44 -6.573741 -2.336618 0.821152 0.919234 -0.343492 0.192411 0.494370 0.372620 2 44 0.787940 43 0.212060
scout_body_blue
  42 -8.848681 4.333700 8.002282 -0.792910 0.607428 -0.048211 0.578560 0.467350 2 42 0.733964 43 0.266036
  43 -9.001931 4.093250 5.979092 -0.821818 0.561885 0.094341 0.576440 0.444250 2 43 0.672917 42 0.327083
  42 -8.975922 2.199741 7.231662 -0.997757 -0.041390 0.052600 0.558390 0.456990 3 42 0.558676 43 0.371113 44 0.070211
scout_body_blue
  42 -6.528481 4.841399 10.998132 0.352764 0.891501 0.284224 0.605940 0.498620 1 42 1.000000
  42 -7.076491 5.231299 7.696012 0.230652 0.965378 -0.121841 0.605940 0.465670 1 42 1.000000
  42 -7.896261 5.050630 11.114343 -0.265132 0.880815 0.392262 0.590890 0.498490 1 42 1.000000
scout_body_blue
  42 -8.848681 4.333700 8.002282 -0.792910 0.607428 -0.048211 0.578560 0.467350 2 42 0.733964 43 0.266036
  42 -7.896261 5.050630 11.114343 -0.265132 0.880815 0.392262 0.590890 0.498490 1 42 1.000000
  42 -7.076491 5.231299 7.696012 0.230652 0.965378 -0.121841 0.605940 0.465670 1 42 1.000000
scout_body_blue
  42 -7.076491 5.231299 7.696012 0.230652 0.965378 -0.121841 0.605940 0.465670 1 42 1.000000
  42 -7.406141 4.934440 4.839480 0.119281 0.991738 0.047200 0.604670 0.434230 1 42 1.000000
  42 -8.848681 4.333700 8.002282 -0.792910 0.607428 -0.048211 0.578560 0.467350 2 42 0.733964 43 0.266036
scout_body_blue
  42 -7.406141 4.934440 4.839480 0.119281 0.991738 0.047200 0.604670 0.434230 1 42 1.000000
  43 -9.001931 4.093250 5.979092 -0.821818 0.561885 0.094341 0.576440 0.444250 2 43 0.672917 42 0.327083
  42 -8.848681 4.333700 8.002282 -0.792910 0.607428 -0.048211 0.578560 0.467350 2 42 0.733964 43 0.266036
scout_body_blue
  43 -9.001931 4.093250 5.979092 -0.821818 0.561885 0.094341 0.576440 0.444250 2 43 0.672917 42 0.327083
  42 -7.406141 4.934440 4.839480 0.119281 0.991738 0.047200 0.604670 0.434230 1 42 1.000000
  43 -9.177011 4.307601 3.537491 -0.772364 0.593443 0.226451 0.580060 0.416550 2 43 0.680402 42 0.319598
scout_body_blue
  43 -9.611791 2.465711 3.241862 -0.966223 0.082540 0.244131 0.559180 0.412430 3 43 0.713714 42 0.145145 44 0.141141
  43 -9.001931 4.093250 5.979092 -0.821818 0.561885 0.094341 0.576440 0.444250 2 43 0.672917 42 0.327083
  43 -9.177011 4.307601 3.537491 -0.772364 0.593443 0.226451 0.580060 0.416550 2 43 0.680402 42 0.319598
scout_body_blue
  42 -8.975922 2.199741 7.231662 -0.997757 -0.041390 0.052600 0.558390 0.456990 3 42 0.558676 43 0.371113 44 0.070211
  43 -9.001931 4.093250 5.979092 -0.821818 0.561885 0.094341 0.576440 0.444250 2 43 0.672917 42 0.327083
  43 -9.611791 2.465711 3.241862 -0.966223 0.082540 0.244131 0.559180 0.412430 3 43 0.713714 42 0.145145 44 0.141141
scout_body_blue
  42 -8.975922 2.199741 7.231662 -0.997757 -0.041390 0.052600 0.558390 0.456990 3 42 0.558676 43 0.371113 44 0.070211
  43 -9.611791 2.465711 3.241862 -0.966223 0.082540 0.244131 0.559180 0.412430 3 43 0.713714 42 0.145145 44 0.141141
  43 -9.504930 1.567771 3.494352 -0.863377 -0.252172 0.437023 0.548450 0.415740 3 43 0.696697 44 0.162162 42 0.141141
scout_body_blue
  43 -9.177011 4.307601 3.537491 -0.772364 0.593443 0.226451 0.580060 0.416550 2 43 0.680402 42 0.319598
  42 -7.406141 4.934440 4.839480 0.119281 0.991738 0.047200 0.604670 0.434230 1 42 1.000000
  43 -7.534661 5.319290 3.106742 0.123661 0.961210 0.246543 0.608160 0.414420 2 43 0.655311 42 0.344689
scout_body_blue
  44 -9.200500 -5.030447 -0.139218 -0.093561 -0.978529 -0.183652 0.524170 0.340050 1 44 1.000000
  44 -9.211972 -5.195167 0.598082 -0.073291 -0.995730 0.056121 0.524410 0.347190 2 44 0.949749 43 0.050251
  44 -10.475871 -4.418967 -0.139238 -0.754898 -0.650787 -0.081271 0.539980 0.343210 1 44 1.000000
scout_body_blue
  44 -9.211972 -5.195167 0.598082 -0.073291 -0.995730 0.056121 0.524410 0.347190 2 44 0.949749 43 0.050251
  44 -10.405791 -4.477827 1.306742 -0.629597 -0.581187 0.515586 0.534280 0.354420 2 44 0.949749 43 0.050251
  44 -10.475871 -4.418967 -0.139238 -0.754898 -0.650787 -0.081271 0.539980 0.343210 1 44 1.000000
scout_body_blue
  44 -11.121990 -2.774777 -0.139148 -0.998141 -0.040880 0.045200 0.555110 0.353470 2 44 0.643808 43 0.356192
  44 -10.475871 -4.418967 -0.139238 -0.754898 -0.650787 -0.081271 0.539980 0.343210 1 44 1.000000
  44 -10.405791 -4.477827 1.306742 -0.629597 -0.581187 0.515586 0.534280 0.354420 2 44 0.949749 43 0.050251
scout_body_blue
  43 -10.851981 -2.124196 1.606987 -0.878695 -0.054844 0.474222 0.547300 0.370100 2 43 0.394309 44 0.605691
  44 -11.121990 -2.774777 -0.139148 -0.998141 -0.040880 0.045200 0.555110 0.353470 2 44 0.643808 43 0.356192
  44 -10.405791 -4.477827 1.306742 -0.629597 -0.581187 0.515586 0.534280 0.354420 2 44 0.949749 43 0.050251
scout_body_blue
  44 -11.121990 -2.774777 -0.139148 -0.998141 -0.040880 0.045200 0.555110 0.353470 2 44 0.643808 43 0.356192
  43 -10.851981 -2.124196 1.606987 -0.878695 -0.054844 0.474222 0.547300 0.370100 2 43 0.394309 44 0.605691
  43 -10.410700 0.691672 -0.139149 -0.979249 0.197942 0.043480 0.580790 0.382800 2 43 0.563077 44 0.436923
scout_body_blue
  43 -10.851981 -2.124196 1.606987 -0.878695 -0.054844 0.474222 0.547300 0.370100 2 43 0.394309 44 0.605691
  43 -10.230571 1.379272 0.870722 -0.980020 0.191682 0.053101 0.577080 0.397260 2 43 0.589613 44 0.410387
  43 -10.410700 0.691672 -0.139149 -0.979249 0.197942 0.043480 0.580790 0.382800 2 43 0.563077 44 0.436923
scout_body_blue
  43 -9.611791 2.465711 3.241862 -0.966223 0.082540 0.244131 0.559570 0.412510 3 43 0.713714 42 0.145145 44 0.141141
  43 -10.230571 1.379272 0.870722 -0.980020 0.191682 0.053101 0.577080 0.397260 2 43 0.589613 44 0.410387
  43 -10.851981 -2.124196 1.606987 -0.878695 -0.054844 0.474222 0.547300 0.370100 2 43 0.394309 44 0.605691
scout_body_blue
  43 -9.504930 1.567771 3.494352 -0.863377 -0.252172 0.437023 0.548450 0.415740 3 43 0.696697 44 0.162162 42 0.141141
  43 -9.611791 2.465711 3.241862 -0.966223 0.082540 0.244131 0.559570 0.412510 3 43 0.713714 42 0.145145 44 0.141141
  43 -10.851981 -2.124196 1.606987 -0.878695 -0.054844 0.474222 0.547300 0.370100 2 43 0.394309 44 0.605691
scout_body_blue
  44 -9.498620 -2.967817 2.290932 -0.260511 -0.253951 0.931473 0.532590 0.370460 2 44 0.726263 43 0.273737
  43 -9.504930 1.567771 3.494352 -0.863377 -0.252172 0.437023 0.548450 0.415740 3 43 0.696697 44 0.162162 42 0.141141
  43 -10.851981 -2.124196 1.606987 -0.878695 -0.054844 0.474222 0.547300 0.370100 2 43 0.394309 44 0.605691
scout_body_blue
  44 -9.401141 -4.177777 2.133692 -0.125011 -0.438422 0.890033 0.527820 0.361420 1 44 1.000000
  44 -9.498620 -2.967817 2.290932 -0.260511 -0.253951 0.931473 0.532590 0.370460 2 44 0.726263 43 0.273737
  43 -10.851981 -2.124196 1.606987 -0.878695 -0.054844 0.474222 0.547300 0.370100 2 43 0.394309 44 0.605691
scout_body_blue
  44 -8.099800 -3.100768 2.143392 0.361053 -0.413423 0.835896 0.517990 0.371390 2 44 0.842369 43 0.157631
  44 -9.498620 -2.967817 2.290932 -0.260511 -0.253951 0.931473 0.532590 0.370460 2 44 0.726263 43 0.273737
  44 -9.401141 -4.177777 2.133692 -0.125011 -0.438422 0.890033 0.527820 0.361420 1 44 1.000000
scout_body_blue
  44 -7.826721 -4.465617 1.267822 0.491383 -0.624814 0.606754 0.513790 0.356910 1 44 1.000000
  44 -8.099800 -3.100768 2.143392 0.361053 -0.413423 0.835896 0.517990 0.371390 2 44 0.842369 43 0.157631
  44 -9.401141 -4.177777 2.133692 -0.125011 -0.438422 0.890033 0.527820 0.361420 1 44 1.000000
scout_body_blue
  44 -6.899191 -2.982798 1.381032 0.787367 -0.375443 0.488974 0.503190 0.369540 2 44 0.844378 43 0.155623
  44 -8.099800 -3.100768 2.143392 0.361053 -0.413423 0.835896 0.517990 0.371390 2 44 0.842369 43 0.157631
  44 -7.826721 -4.465617 1.267822 0.491383 -0.624814 0.606754 0.513790 0.356910 1 44 1.000000
scout_body_blue
  44 -7.826721 -4.465617 1.267822 0.491383 -0.624814 0.606754 0.513790 0.356910 1 44 1.000000
  44 -7.698451 -4.728497 -0.139208 0.604576 -0.795457 -0.041660 0.507080 0.344300 1 44 1.000000
  44 -6.899191 -2.982798 1.381032 0.787367 -0.375443 0.488974 0.503190 0.369540 2 44 0.844378 43 0.155623
scout_body_blue
  44 -6.884371 -3.248698 -0.139138 0.952047 -0.304612 -0.028610 0.491810 0.356760 2 44 0.842528 43 0.157472
  44 -6.899191 -2.982798 1.381032 0.787367 -0.375443 0.488974 0.503190 0.369540 2 44 0.844378 43 0.155623
  44 -7.698451 -4.728497 -0.139208 0.604576 -0.795457 -0.041660 0.507080 0.344300 1 44 1.000000
scout_body_blue
  43 -10.851981 -2.124196 1.606987 -0.878695 -0.054844 0.474222 0.547300 0.370100 2 43 0.394309 44 0.605691
  44 -10.405791 -4.477827 1.306742 -0.629597 -0.581187 0.515586 0.534280 0.354420 2 44 0.949749 43 0.050251
  44 -9.401141 -4.177777 2.133692 -0.125011 -0.438422 0.890033 0.527820 0.361420 1 44 1.000000
scout_body_blue
  44 -10.405791 -4.477827 1.306742 -0.629597 -0.581187 0.515586 0.534280 0.354420 2 44 0.949749 43 0.050251
  44 -9.193691 -5.042137 1.218862 -0.033980 -0.862056 0.505673 0.524710 0.352250 2 44 0.948795 43 0.051205
  44 -9.401141 -4.177777 2.133692 -0.125011 -0.438422 0.890033 0.527820 0.361420 1 44 1.000000
scout_body_blue
  44 -9.211972 -5.195167 0.598082 -0.073291 -0.995730 0.056121 0.524410 0.347190 2 44 0.949749 43 0.050251
  44 -9.193691 -5.042137 1.218862 -0.033980 -0.862056 0.505673 0.524710 0.352250 2 44 0.948795 43 0.051205
  44 -10.405791 -4.477827 1.306742 -0.629597 -0.581187 0.515586 0.534280 0.354420 2 44 0.949749 43 0.050251
scout_body_blue
  44 -7.826721 -4.465617 1.267822 0.491383 -0.624814 0.606754 0.513790 0.356910 1 44 1.000000
  44 -9.193691 -5.042137 1.218862 -0.033980 -0.862056 0.505673 0.524710 0.352250 2 44 0.948795 43 0.051205
  44 -9.211972 -5.195167 0.598082 -0.073291 -0.995730 0.056121 0.524410 0.347190 2 44 0.949749 43 0.050251
scout_body_blue
  44 -7.698451 -4.728497 -0.139208 0.604576 -0.795457 -0.041660 0.507080 0.344300 1 44 1.000000
  44 -7.826721 -4.465617 1.267822 0.491383 -0.624814 0.606754 0.513790 0.356910 1 44 1.000000
  44 -9.211972 -5.195167 0.598082 -0.073291 -0.995730 0.056121 0.524410 0.347190 2 44 0.949749 43 0.050251
scout_body_blue
  44 -9.200500 -5.030447 -0.139218 -0.093561 -0.978529 -0.183652 0.524170 0.340050 1 44 1.000000
  44 -7.698451 -4.728497 -0.139208 0.604576 -0.795457 -0.041660 0.507080 0.344300 1 44 1.000000
  44 -9.211972 -5.195167 0.598082 -0.073291 -0.995730 0.056121 0.524410 0.347190 2 44 0.949749 43 0.050251
scout_body_blue
  44 -9.401141 -4.177777 2.133692 -0.125011 -0.438422 0.890033 0.527820 0.361420 1 44 1.000000
  44 -9.193691 -5.042137 1.218862 -0.033980 -0.862056 0.505673 0.524710 0.352250 2 44 0.948795 43 0.051205
  44 -7.826721 -4.465617 1.267822 0.491383 -0.624814 0.606754 0.513790 0.356910 1 44 1.000000
scout_body_blue
  0 0.147214 -6.161780 43.528927 0.193906 -0.979220 0.059405 0.307700 0.499300 3 0 0.328328 5 0.498499 6 0.173173
  6 -0.047700 -5.323902 50.522377 0.776249 -0.626157 0.073241 0.313170 0.694860 3 6 0.412826 7 0.313627 5 0.273547
  0 -0.261258 -6.161162 43.528778 0.034100 -0.992438 0.117917 0.318700 0.499300 3 0 0.328328 5 0.498499 6 0.173173
scout_body_blue
  6 -0.047700 -5.323902 50.522377 0.776249 -0.626157 0.073241 0.313170 0.694860 3 6 0.412826 7 0.313627 5 0.273547
  6 -0.355620 -5.735671 50.502251 0.776249 -0.626157 0.073241 0.321380 0.690970 3 6 0.412826 7 0.313627 5 0.273547
  0 -0.261258 -6.161162 43.528778 0.034100 -0.992438 0.117917 0.318700 0.499300 3 0 0.328328 5 0.498499 6 0.173173
scout_body_blue
  6 0.260210 -5.735672 50.502251 0.267253 -0.963270 0.026190 0.304960 0.690970 3 6 0.412826 7 0.313627 5 0.273547
  0 0.147214 -6.161780 43.528927 0.193906 -0.979220 0.059405 0.307700 0.499300 3 0 0.328328 5 0.498499 6 0.173173
  5 2.438350 -5.203071 47.864120 0.476883 -0.878966 -0.000290 0.254140 0.637400 3 5 0.440329 6 0.329218 7 0.230453
scout_body_blue
  5 2.438350 -5.203071 47.864120 0.476883 -0.878966 -0.000290 0.254140 0.637400 3 5 0.440329 6 0.329218 7 0.230453
  0 0.147214 -6.161780 43.528927 0.193906 -0.979220 0.059405 0.307700 0.499300 3 0 0.328328 5 0.498499 6 0.173173
  5 4.528490 -3.945330 44.332314 0.582714 -0.810736 0.056130 0.217090 0.541900 3 5 0.497996 0 0.423848 6 0.078156
scout_body_blue
  5 2.438350 -5.203071 47.864120 0.476883 -0.878966 -0.000290 0.254140 0.637400 3 5 0.440329 6 0.329218 7 0.230453
  5 4.528490 -3.945330 44.332314 0.582714 -0.810736 0.056130 0.217090 0.541900 3 5 0.497996 0 0.423848 6 0.078156
  7 4.484090 -3.223091 47.805901 0.657156 -0.753597 -0.015390 0.202980 0.643160 3 7 0.573157 5 0.221122 6 0.205721
scout_body_blue
  7 4.484090 -3.223091 47.805901 0.657156 -0.753597 -0.015390 0.202980 0.643160 3 7 0.573157 5 0.221122 6 0.205721
  7 5.744170 -3.826231 52.850353 0.603711 -0.775151 -0.186210 0.195630 0.746590 1 7 1.000000
  5 2.438350 -5.203071 47.864120 0.476883 -0.878966 -0.000290 0.254140 0.637400 3 5 0.440329 6 0.329218 7 0.230453
scout_body_blue
  7 3.205140 -5.012601 51.108738 0.446423 -0.891055 -0.082020 0.245610 0.708660 3 7 0.573822 6 0.310995 5 0.115183
  5 2.438350 -5.203071 47.864120 0.476883 -0.878966 -0.000290 0.254140 0.637400 3 5 0.440329 6 0.329218 7 0.230453
  7 5.744170 -3.826231 52.850353 0.603711 -0.775151 -0.186210 0.195630 0.746590 1 7 1.000000
scout_body_blue
  7 3.205140 -5.012601 51.108738 0.446423 -0.891055 -0.082020 0.245610 0.708660 3 7 0.573822 6 0.310995 5 0.115183
  6 0.260210 -5.735672 50.502251 0.267253 -0.963270 0.026190 0.304960 0.690970 3 6 0.412826 7 0.313627 5 0.273547
  5 2.438350 -5.203071 47.864120 0.476883 -0.878966 -0.000290 0.254140 0.637400 3 5 0.440329 6 0.329218 7 0.230453
scout_body_blue
  5 1.016090 -5.191350 42.937668 0.994485 -0.103191 0.018730 0.017370 0.157040 3 5 0.498499 0 0.329329 6 0.172172
  5 0.969740 -5.642730 42.898521 0.994485 -0.103191 0.018730 0.016890 0.150540 3 5 0.498998 0 0.328657 6 0.172345
  0 1.050413 -5.233289 40.871223 0.560999 -0.812696 -0.157496 0.047900 0.136500 3 0 0.359720 5 0.492986 6 0.147295
scout_body_blue
  5 0.969740 -5.642730 42.898521 0.994485 -0.103191 0.018730 0.016890 0.150540 3 5 0.498998 0 0.328657 6 0.172345
  5 1.011100 -5.611380 40.889202 0.994485 -0.103191 0.018730 0.043290 0.133890 3 5 0.490982 0 0.352705 6 0.156313
  0 1.050413 -5.233289 40.871223 0.560999 -0.812696 -0.157496 0.047900 0.136500 3 0 0.359720 5 0.492986 6 0.147295
scout_body_blue
  5 -1.148050 4.661321 44.461361 -0.007240 -0.133940 0.990963 0.753990 0.396310 3 5 0.484600 6 0.416838 0 0.098563
  5 1.052640 4.661320 44.461361 0.007240 -0.133940 0.990963 0.809920 0.395840 3 5 0.484600 6 0.416838 0 0.098563
  5 -1.176530 4.942760 44.536861 -0.007240 -0.133940 0.990963 0.753220 0.389890 3 5 0.492784 6 0.421650 0 0.085567
scout_body_blue
  5 1.081110 4.942760 44.536861 0.007240 -0.133940 0.990963 0.810170 0.389330 3 5 0.492784 6 0.421650 0 0.085567
  5 -1.176530 4.942760 44.536861 -0.007240 -0.133940 0.990963 0.753220 0.389890 3 5 0.492784 6 0.421650 0 0.085567
  5 1.052640 4.661320 44.461361 0.007240 -0.133940 0.990963 0.809920 0.395840 3 5 0.484600 6 0.416838 0 0.098563
scout_body_blue
  5 -0.047700 -5.843751 43.504211 0.000000 0.058020 -0.998315 0.313170 0.489220 3 5 0.498499 0 0.328328 6 0.173173
  5 -0.242610 -6.161829 43.528877 -0.233962 0.056410 -0.970608 0.318660 0.499260 3 5 0.498499 0 0.328328 6 0.173173
  5 -4.623900 -3.945330 44.332294 -0.175002 0.007590 -0.984539 0.409250 0.541900 3 5 0.497996 0 0.423848 6 0.078156
scout_body_blue
  5 0.147200 -6.161829 43.528877 0.233962 0.056411 -0.970608 0.307680 0.499260 3 5 0.498499 0 0.328328 6 0.173173
  5 -0.242610 -6.161829 43.528877 -0.233962 0.056410 -0.970608 0.318660 0.499260 3 5 0.498499 0 0.328328 6 0.173173
  5 -0.047700 -5.843751 43.504211 0.000000 0.058020 -0.998315 0.313170 0.489220 3 5 0.498499 0 0.328328 6 0.173173
scout_body_blue
  5 -0.047700 -5.843751 43.504211 0.000000 0.058020 -0.998315 0.313170 0.489220 3 5 0.498499 0 0.328328 6 0.173173
  5 4.528490 -3.945330 44.332314 0.175002 0.007590 -0.984539 0.217090 0.541900 3 5 0.497996 0 0.423848 6 0.078156
  5 0.147200 -6.161829 43.528877 0.233962 0.056411 -0.970608 0.307680 0.499260 3 5 0.498499 0 0.328328 6 0.173173
scout_body_blue
  43 -6.315310 -0.544088 1.236072 0.982570 -0.185222 0.015750 0.487470 0.393200 2 43 0.548583 44 0.451417
  44 -6.573741 -2.336618 0.821152 0.919234 -0.343492 0.192411 0.494370 0.372620 2 44 0.787940 43 0.212060
  43 -6.399170 -0.028017 -0.139139 0.988007 -0.094841 -0.121851 0.469950 0.389340 2 43 0.861822 44 0.138178
scout_body_blue
  43 -6.400020 0.804372 0.770711 0.987309 -0.067971 -0.143531 0.473810 0.404120 2 43 0.947692 44 0.052308
  43 -6.315310 -0.544088 1.236072 0.982570 -0.185222 0.015750 0.487470 0.393200 2 43 0.548583 44 0.451417
  43 -6.399170 -0.028017 -0.139139 0.988007 -0.094841 -0.121851 0.469950 0.389340 2 43 0.861822 44 0.138178
scout_body_blue
  43 -6.315310 -0.544088 1.236072 0.982570 -0.185222 0.015750 0.487470 0.393200 2 43 0.548583 44 0.451417
  43 -6.400020 0.804372 0.770711 0.987309 -0.067971 -0.143531 0.473810 0.404120 2 43 0.947692 44 0.052308
  43 -5.994970 2.017951 2.479952 0.995905 -0.022170 -0.087641 0.483620 0.409380 2 43 0.927900 44 0.072100
scout_body_blue
  43 -5.994970 2.017951 2.479952 0.995905 -0.022170 -0.087641 0.483620 0.409380 2 43 0.927900 44 0.072100
  43 -5.968151 1.066371 3.543931 0.922221 -0.377305 0.084551 0.504190 0.414810 3 43 0.751503 44 0.145291 42 0.103206
  43 -6.315310 -0.544088 1.236072 0.982570 -0.185222 0.015750 0.487470 0.393200 2 43 0.548583 44 0.451417
scout_body_blue
  43 -5.994970 2.017951 2.479952 0.995905 -0.022170 -0.087641 0.483620 0.409380 2 43 0.927900 44 0.072100
  42 -5.444551 1.695650 7.049501 0.990672 -0.003100 -0.136230 0.491250 0.453900 2 42 0.834677 43 0.165323
  43 -5.968151 1.066371 3.543931 0.922221 -0.377305 0.084551 0.504190 0.414810 3 43 0.751503 44 0.145291 42 0.103206
scout_body_blue
  42 -5.579632 0.596361 7.372803 0.815663 -0.554942 -0.163501 0.503000 0.457510 2 42 0.941650 43 0.058350
  43 -5.968151 1.066371 3.543931 0.922221 -0.377305 0.084551 0.504190 0.414810 3 43 0.751503 44 0.145291 42 0.103206
  42 -5.444551 1.695650 7.049501 0.990672 -0.003100 -0.136230 0.491250 0.453900 2 42 0.834677 43 0.165323
scout_body_blue
  42 -5.444551 1.695650 7.049501 0.990672 -0.003100 -0.136230 0.491250 0.453900 2 42 0.834677 43 0.165323
  42 -4.892382 1.549210 9.723461 0.977126 -0.176301 -0.118921 0.491140 0.483250 1 42 1.000000
  42 -5.579632 0.596361 7.372803 0.815663 -0.554942 -0.163501 0.503000 0.457510 2 42 0.941650 43 0.058350
scout_body_blue
  42 -5.684581 0.016181 10.473452 0.621557 -0.781488 -0.054251 0.508750 0.490650 1 42 1.000000
  42 -5.579632 0.596361 7.372803 0.815663 -0.554942 -0.163501 0.503000 0.457510 2 42 0.941650 43 0.058350
  42 -4.892382 1.549210 9.723461 0.977126 -0.176301 -0.118921 0.491140 0.483250 1 42 1.000000
scout_body_blue
  42 -5.684581 0.016181 10.473452 0.621557 -0.781488 -0.054251 0.508750 0.490650 1 42 1.000000
  42 -4.892382 1.549210 9.723461 0.977126 -0.176301 -0.118921 0.491140 0.483250 1 42 1.000000
  42 -5.540821 0.112550 11.070443 0.724137 -0.619386 0.303293 0.508230 0.497860 1 42 1.000000
scout_body_blue
  42 -6.916803 -0.499207 11.553223 0.091602 -0.979345 0.180257 0.523600 0.501000 1 42 1.000000
  42 -5.684581 0.016181 10.473452 0.621557 -0.781488 -0.054251 0.508750 0.490650 1 42 1.000000
  42 -5.540821 0.112550 11.070443 0.724137 -0.619386 0.303293 0.508230 0.497860 1 42 1.000000
scout_body_blue
  42 -5.540821 0.112550 11.070443 0.724137 -0.619386 0.303293 0.508230 0.497860 1 42 1.000000
  42 -5.763280 0.292668 11.421030 0.648223 -0.422691 0.633356 0.508400 0.501000 1 42 1.000000
  42 -6.916803 -0.499207 11.553223 0.091602 -0.979345 0.180257 0.523600 0.501000 1 42 1.000000
scout_body_blue
  42 -5.540821 0.112550 11.070443 0.724137 -0.619386 0.303293 0.508230 0.497860 1 42 1.000000
  42 -4.796404 3.454482 11.113491 0.915714 0.401708 -0.009902 0.477000 0.501000 1 42 1.000000
  42 -5.763280 0.292668 11.421030 0.648223 -0.422691 0.633356 0.508400 0.501000 1 42 1.000000
scout_body_blue
  42 -5.540821 0.112550 11.070443 0.724137 -0.619386 0.303293 0.508230 0.497860 1 42 1.000000
  42 -4.892382 1.549210 9.723461 0.977126 -0.176301 -0.118921 0.491140 0.483250 1 42 1.000000
  42 -4.796404 3.454482 11.113491 0.915714 0.401708 -0.009902 0.477000 0.501000 1 42 1.000000
scout_body_blue
  42 -4.796404 3.454482 11.113491 0.915714 0.401708 -0.009902 0.477000 0.501000 1 42 1.000000
  42 -4.892382 1.549210 9.723461 0.977126 -0.176301 -0.118921 0.491140 0.483250 1 42 1.000000
  42 -5.634112 3.463300 7.714763 0.888550 0.429985 -0.159972 0.474080 0.460900 2 42 0.797787 43 0.202213
scout_body_blue
  42 -5.634112 3.463300 7.714763 0.888550 0.429985 -0.159972 0.474080 0.460900 2 42 0.797787 43 0.202213
  42 -4.892382 1.549210 9.723461 0.977126 -0.176301 -0.118921 0.491140 0.483250 1 42 1.000000
  42 -5.444551 1.695650 7.049501 0.990672 -0.003100 -0.136230 0.491250 0.453900 2 42 0.834677 43 0.165323
scout_body_blue
  42 -5.444551 1.695650 7.049501 0.990672 -0.003100 -0.136230 0.491250 0.453900 2 42 0.834677 43 0.165323
  43 -5.870011 3.841441 5.305622 0.887967 0.458203 -0.039560 0.473160 0.433560 2 43 0.536072 42 0.463928
  42 -5.634112 3.463300 7.714763 0.888550 0.429985 -0.159972 0.474080 0.460900 2 42 0.797787 43 0.202213
scout_body_blue
  43 -5.917110 3.954320 2.972842 0.952263 0.302651 0.039980 0.472280 0.407320 2 43 0.713714 42 0.286286
  43 -5.870011 3.841441 5.305622 0.887967 0.458203 -0.039560 0.473160 0.433560 2 43 0.536072 42 0.463928
  42 -5.444551 1.695650 7.049501 0.990672 -0.003100 -0.136230 0.491250 0.453900 2 42 0.834677 43 0.165323
scout_body_blue
  43 -5.917110 3.954320 2.972842 0.952263 0.302651 0.039980 0.472280 0.407320 2 43 0.713714 42 0.286286
  43 -7.534661 5.319290 3.106742 0.123661 0.961210 0.246543 0.448890 0.408780 2 43 0.655311 42 0.344689
  43 -5.870011 3.841441 5.305622 0.887967 0.458203 -0.039560 0.473160 0.433560 2 43 0.536072 42 0.463928
scout_body_blue
  43 -5.994970 2.017951 2.479952 0.995905 -0.022170 -0.087641 0.483620 0.409380 2 43 0.927900 44 0.072100
  43 -5.917110 3.954320 2.972842 0.952263 0.302651 0.039980 0.472280 0.407320 2 43 0.713714 42 0.286286
  42 -5.444551 1.695650 7.049501 0.990672 -0.003100 -0.136230 0.491250 0.453900 2 42 0.834677 43 0.165323
scout_body_blue
  43 -7.534661 5.319290 3.106742 0.123661 0.961210 0.246543 0.448890 0.408780 2 43 0.655311 42 0.344689
  42 -7.406141 4.934440 4.839480 0.119281 0.991738 0.047200 0.452070 0.428020 1 42 1.000000
  43 -5.870011 3.841441 5.305622 0.887967 0.458203 -0.039560 0.473160 0.433560 2 43 0.536072 42 0.463928
scout_body_blue
  43 -5.870011 3.841441 5.305622 0.887967 0.458203 -0.039560 0.473160 0.433560 2 43 0.536072 42 0.463928
  42 -7.406141 4.934440 4.839480 0.119281 0.991738 0.047200 0.452070 0.428020 1 42 1.000000
  42 -7.076491 5.231299 7.696012 0.230652 0.965378 -0.121841 0.449150 0.458470 1 42 1.000000
scout_body_blue
  42 -5.634112 3.463300 7.714763 0.888550 0.429985 -0.159972 0.474080 0.460900 2 42 0.797787 43 0.202213
  43 -5.870011 3.841441 5.305622 0.887967 0.458203 -0.039560 0.473160 0.433560 2 43 0.536072 42 0.463928
  42 -7.076491 5.231299 7.696012 0.230652 0.965378 -0.121841 0.449150 0.458470 1 42 1.000000
scout_body_blue
  42 -7.076491 5.231299 7.696012 0.230652 0.965378 -0.121841 0.449150 0.458470 1 42 1.000000
  42 -6.528481 4.841399 10.998132 0.352764 0.891501 0.284224 0.451670 0.495570 1 42 1.000000
  42 -5.634112 3.463300 7.714763 0.888550 0.429985 -0.159972 0.474080 0.460900 2 42 0.797787 43 0.202213
scout_body_blue
  42 -4.796404 3.454482 11.113491 0.915714 0.401708 -0.009902 0.477000 0.501000 1 42 1.000000
  42 -5.634112 3.463300 7.714763 0.888550 0.429985 -0.159972 0.474080 0.460900 2 42 0.797787 43 0.202213
  42 -6.528481 4.841399 10.998132 0.352764 0.891501 0.284224 0.451670 0.495570 1 42 1.000000
scout_body_blue
  42 -6.528481 4.841399 10.998132 0.352764 0.891501 0.284224 0.451670 0.495570 1 42 1.000000
  42 -6.394572 4.357121 11.346588 0.394135 0.584317 0.709388 0.455400 0.501000 1 42 1.000000
  42 -4.796404 3.454482 11.113491 0.915714 0.401708 -0.009902 0.477000 0.501000 1 42 1.000000
scout_body_blue
  9 2.693700 1.419429 61.957939 0.969727 0.191891 -0.151021 0.851240 0.803680 3 9 0.398798 10 0.311623 8 0.289579
  8 1.785021 3.365903 62.441952 0.666556 0.678924 0.307840 0.819600 0.779600 2 8 0.931932 9 0.068068
  8 2.792291 1.620129 62.905605 0.945779 0.318092 0.065715 0.840600 0.809400 3 8 0.297595 9 0.401804 10 0.300601
scout_body_blue
  8 1.785021 3.365903 62.441952 0.666556 0.678924 0.307840 0.819600 0.779600 2 8 0.931932 9 0.068068
  8 1.199795 3.060241 63.682034 0.573628 0.649104 0.499615 0.803200 0.794200 3 8 0.784785 9 0.115115 10 0.100100
  8 2.792291 1.620129 62.905605 0.945779 0.318092 0.065715 0.840600 0.809400 3 8 0.297595 9 0.401804 10 0.300601
scout_body_blue
  8 -0.074230 3.899079 63.755825 0.043010 0.786514 0.616073 0.782880 0.785920 3 8 0.784785 9 0.115115 10 0.100100
  8 1.199795 3.060241 63.682034 0.573628 0.649104 0.499615 0.803200 0.794200 3 8 0.784785 9 0.115115 10 0.100100
  8 1.785021 3.365903 62.441952 0.666556 0.678924 0.307840 0.819600 0.779600 2 8 0.931932 9 0.068068
scout_body_blue
  8 -0.074230 3.899079 63.755825 0.043010 0.786514 0.616073 0.782880 0.785920 3 8 0.784785 9 0.115115 10 0.100100
  8 -0.046860 3.507468 63.806484 0.013470 0.314873 0.949038 0.782910 0.790520 3 8 0.784785 9 0.115115 10 0.100100
  8 1.199795 3.060241 63.682034 0.573628 0.649104 0.499615 0.803200 0.794200 3 8 0.784785 9 0.115115 10 0.100100
scout_body_blue
  8 -0.074230 3.899079 63.755825 0.043010 0.786514 0.616073 0.782880 0.785920 3 8 0.784785 9 0.115115 10 0.100100
  8 -1.869550 3.496889 63.447624 -0.538816 0.593986 0.597376 0.754750 0.790440 3 8 0.784785 9 0.115115 10 0.100100
  8 -0.046860 3.507468 63.806484 0.013470 0.314873 0.949038 0.782910 0.790520 3 8 0.784785 9 0.115115 10 0.100100
scout_body_blue
  8 -1.869550 3.496889 63.447624 -0.538816 0.593986 0.597376 0.754750 0.790440 3 8 0.784785 9 0.115115 10 0.100100
  8 -3.018448 1.543178 62.985123 -0.963535 0.227867 0.140277 0.725400 0.810100 3 8 0.297595 9 0.401804 10 0.300601
  8 -0.046860 3.507468 63.806484 0.013470 0.314873 0.949038 0.782910 0.790520 3 8 0.784785 9 0.115115 10 0.100100
scout_body_blue
  8 -3.018448 1.543178 62.985123 -0.963535 0.227867 0.140277 0.725400 0.810100 3 8 0.297595 9 0.401804 10 0.300601
  8 -1.869550 3.496889 63.447624 -0.538816 0.593986 0.597376 0.754750 0.790440 3 8 0.784785 9 0.115115 10 0.100100
  9 -2.936870 1.386119 61.918320 -0.981940 0.173292 -0.075921 0.714770 0.804510 3 9 0.398798 10 0.311623 8 0.289579
scout_body_blue
  8 -1.869550 3.496889 63.447624 -0.538816 0.593986 0.597376 0.754750 0.790440 3 8 0.784785 9 0.115115 10 0.100100
  8 -1.913770 3.369679 62.397358 -0.606762 0.792543 -0.060960 0.746040 0.780040 2 8 0.931932 9 0.068068
  9 -2.936870 1.386119 61.918320 -0.981940 0.173292 -0.075921 0.714770 0.804510 3 9 0.398798 10 0.311623 8 0.289579
scout_body_blue
  8 -1.913770 3.369679 62.397358 -0.606762 0.792543 -0.060960 0.746040 0.780040 2 8 0.931932 9 0.068068
  8 -1.869550 3.496889 63.447624 -0.538816 0.593986 0.597376 0.754750 0.790440 3 8 0.784785 9 0.115115 10 0.100100
  8 -0.048800 3.939589 62.660782 0.058380 0.996738 0.055730 0.782570 0.774860 3 8 0.784785 9 0.115115 10 0.100100
scout_body_blue
  8 -0.048800 3.939589 62.660782 0.058380 0.996738 0.055730 0.782570 0.774860 3 8 0.784785 9 0.115115 10 0.100100
  8 -1.869550 3.496889 63.447624 -0.538816 0.593986 0.597376 0.754750 0.790440 3 8 0.784785 9 0.115115 10 0.100100
  8 -0.074230 3.899079 63.755825 0.043010 0.786514 0.616073 0.782880 0.785920 3 8 0.784785 9 0.115115 10 0.100100
scout_body_blue
  8 -0.048800 3.939589 62.660782 0.058380 0.996738 0.055730 0.782570 0.774860 3 8 0.784785 9 0.115115 10 0.100100
  8 -0.074230 3.899079 63.755825 0.043010 0.786514 0.616073 0.782880 0.785920 3 8 0.784785 9 0.115115 10 0.100100
  8 1.785021 3.365903 62.441952 0.666556 0.678924 0.307840 0.819600 0.779600 2 8 0.931932 9 0.068068
scout_body_blue
  12 9.532856 0.177477 51.376251 0.675135 0.019520 -0.737436 0.583440 0.051280 1 12 1.000000
  12 8.719297 1.699039 50.664330 0.675135 0.019520 -0.737436 0.586130 0.029830 1 12 1.000000
  12 11.472205 0.689127 53.165390 0.675135 0.019520 -0.737436 0.609960 0.067570 1 12 1.000000
scout_body_blue
  12 11.472205 0.689127 53.165390 0.675135 0.019520 -0.737436 0.609960 0.067570 1 12 1.000000
  12 8.719297 1.699039 50.664330 0.675135 0.019520 -0.737436 0.586130 0.029830 1 12 1.000000
  12 11.721935 2.424158 53.435791 0.675135 0.019520 -0.737436 0.626680 0.055630 1 12 1.000000
scout_body_blue
  12 8.719297 1.699039 50.664330 0.675135 0.019520 -0.737436 0.586130 0.029830 1 12 1.000000
  12 8.661716 3.371439 50.648979 0.675135 0.019520 -0.737436 0.598770 0.015140 1 12 1.000000
  12 11.721935 2.424158 53.435791 0.675135 0.019520 -0.737436 0.626680 0.055630 1 12 1.000000
scout_body_blue
  12 8.661716 3.371439 50.648979 0.675135 0.019520 -0.737436 0.598770 0.015140 1 12 1.000000
  12 9.076537 4.871110 51.057659 0.675135 0.019520 -0.737436 0.615480 0.006900 1 12 1.000000
  12 11.721935 2.424158 53.435791 0.675135 0.019520 -0.737436 0.626680 0.055630 1 12 1.000000
scout_body_blue
  12 9.076537 4.871110 51.057659 0.675135 0.019520 -0.737436 0.615480 0.006900 1 12 1.000000
  12 10.582745 5.387805 52.452026 0.676618 0.013338 -0.736213 0.637200 0.018300 1 12 1.000000
  12 11.721935 2.424158 53.435791 0.675135 0.019520 -0.737436 0.626680 0.055630 1 12 1.000000
scout_body_blue
  12 11.721935 2.424158 53.435791 0.675135 0.019520 -0.737436 0.626680 0.055630 1 12 1.000000
  12 10.582745 5.387805 52.452026 0.676618 0.013338 -0.736213 0.637200 0.018300 1 12 1.000000
  12 11.596612 4.686445 53.369324 0.676855 0.014707 -0.735969 0.643300 0.035100 1 12 1.000000
scout_body_blue
  43 -6.400020 0.804372 0.770711 0.987309 -0.067971 -0.143531 0.763420 0.335070 2 43 0.947692 44 0.052308
  43 -5.917110 3.954320 2.972842 0.952263 0.302651 0.039980 0.706160 0.365480 2 43 0.713714 42 0.286286
  43 -5.994970 2.017951 2.479952 0.995905 -0.022170 -0.087641 0.739880 0.361450 2 43 0.927900 44 0.072100
scout_body_blue
  43 -5.917110 3.954320 2.972842 0.952263 0.302651 0.039980 0.706160 0.365480 2 43 0.713714 42 0.286286
  43 -6.400020 0.804372 0.770711 0.987309 -0.067971 -0.143531 0.763420 0.335070 2 43 0.947692 44 0.052308
  43 -5.812419 4.432470 1.585051 0.941009 0.328533 0.081051 0.701570 0.341500 2 43 0.940644 42 0.059356
scout_body_blue
  43 -5.812419 4.432470 1.585051 0.941009 0.328533 0.081051 0.701570 0.341500 2 43 0.940644 42 0.059356
  43 -6.400020 0.804372 0.770711 0.987309 -0.067971 -0.143531 0.763420 0.335070 2 43 0.947692 44 0.052308
  43 -6.309791 1.100982 -0.115299 0.991660 -0.122151 -0.041100 0.759660 0.319900 2 43 0.916752 44 0.083248
scout_body_blue
  43 -5.865729 4.420531 -0.115299 0.869843 0.493282 -0.006780 0.703990 0.313730 1 43 1.000000
  43 -5.812419 4.432470 1.585051 0.941009 0.328533 0.081051 0.701570 0.341500 2 43 0.940644 42 0.059356
  43 -6.309791 1.100982 -0.115299 0.991660 -0.122151 -0.041100 0.759660 0.319900 2 43 0.916752 44 0.083248
scout_body_blue
  43 -5.812419 4.432470 1.585051 0.941009 0.328533 0.081051 0.701570 0.341500 2 43 0.940644 42 0.059356
  43 -5.865729 4.420531 -0.115299 0.869843 0.493282 -0.006780 0.703990 0.313730 1 43 1.000000
  43 -7.412191 5.858941 1.457942 0.166710 0.979402 0.113930 0.666300 0.338050 2 43 0.944945 44 0.055055
scout_body_blue
  43 -7.412191 5.858941 1.457942 0.166710 0.979402 0.113930 0.666300 0.338050 2 43 0.944945 44 0.055055
  43 -5.865729 4.420531 -0.115299 0.869843 0.493282 -0.006780 0.703990 0.313730 1 43 1.000000
  43 -7.414660 5.867250 -0.115299 0.176621 0.984267 0.004910 0.668020 0.311380 1 43 1.000000
scout_body_blue
  43 -7.414660 5.867250 -0.115299 0.176621 0.984267 0.004910 0.668020 0.311380 1 43 1.000000
  43 -9.391191 5.040451 -0.115299 -0.761248 0.648446 0.004420 0.631520 0.309290 2 43 0.914915 44 0.085085
  43 -7.412191 5.858941 1.457942 0.166710 0.979402 0.113930 0.666300 0.338050 2 43 0.944945 44 0.055055
scout_body_blue
  43 -7.412191 5.858941 1.457942 0.166710 0.979402 0.113930 0.666300 0.338050 2 43 0.944945 44 0.055055
  43 -9.391191 5.040451 -0.115299 -0.761248 0.648446 0.004420 0.631520 0.309290 2 43 0.914915 44 0.085085
  43 -9.356781 5.087821 1.539961 -0.759520 0.633858 0.146132 0.631940 0.336420 2 43 0.897898 44 0.102102
scout_body_blue
  43 -9.391191 5.040451 -0.115299 -0.761248 0.648446 0.004420 0.631520 0.309290 2 43 0.914915 44 0.085085
  43 -10.230571 1.379272 0.870722 -0.980020 0.191682 0.053101 0.568700 0.327060 2 43 0.589613 44 0.410387
  43 -9.356781 5.087821 1.539961 -0.759520 0.633858 0.146132 0.631940 0.336420 2 43 0.897898 44 0.102102
scout_body_blue
  43 -9.356781 5.087821 1.539961 -0.759520 0.633858 0.146132 0.631940 0.336420 2 43 0.897898 44 0.102102
  43 -10.230571 1.379272 0.870722 -0.980020 0.191682 0.053101 0.568700 0.327060 2 43 0.589613 44 0.410387
  43 -9.177011 4.307601 3.537491 -0.772364 0.593443 0.226451 0.622390 0.370370 2 43 0.680402 42 0.319598
scout_body_blue
  43 -10.230571 1.379272 0.870722 -0.980020 0.191682 0.053101 0.568700 0.327060 2 43 0.589613 44 0.410387
  43 -9.611791 2.465711 3.241862 -0.966223 0.082540 0.244131 0.590170 0.367300 3 43 0.713714 42 0.145145 44 0.141141
  43 -9.177011 4.307601 3.537491 -0.772364 0.593443 0.226451 0.622390 0.370370 2 43 0.680402 42 0.319598
scout_body_blue
  43 -9.177011 4.307601 3.537491 -0.772364 0.593443 0.226451 0.622390 0.370370 2 43 0.680402 42 0.319598
  43 -7.534661 5.319290 3.106742 0.123661 0.961210 0.246543 0.663250 0.367090 2 43 0.655311 42 0.344689
  43 -9.356781 5.087821 1.539961 -0.759520 0.633858 0.146132 0.631940 0.336420 2 43 0.897898 44 0.102102
scout_body_blue
  43 -7.534661 5.319290 3.106742 0.123661 0.961210 0.246543 0.663250 0.367090 2 43 0.655311 42 0.344689
  43 -7.412191 5.858941 1.457942 0.166710 0.979402 0.113930 0.666300 0.338050 2 43 0.944945 44 0.055055
  43 -9.356781 5.087821 1.539961 -0.759520 0.633858 0.146132 0.631940 0.336420 2 43 0.897898 44 0.102102
scout_body_blue
  43 -7.534661 5.319290 3.106742 0.123661 0.961210 0.246543 0.663250 0.367090 2 43 0.655311 42 0.344689
  43 -5.917110 3.954320 2.972842 0.952263 0.302651 0.039980 0.706160 0.365480 2 43 0.713714 42 0.286286
  43 -7.412191 5.858941 1.457942 0.166710 0.979402 0.113930 0.666300 0.338050 2 43 0.944945 44 0.055055
scout_body_blue
  43 -5.917110 3.954320 2.972842 0.952263 0.302651 0.039980 0.706160 0.365480 2 43 0.713714 42 0.286286
  43 -5.812419 4.432470 1.585051 0.941009 0.328533 0.081051 0.701570 0.341500 2 43 0.940644 42 0.059356
  43 -7.412191 5.858941 1.457942 0.166710 0.979402 0.113930 0.666300 0.338050 2 43 0.944945 44 0.055055
scout_body_blue
  43 -10.165770 1.693582 -0.115299 -0.974220 0.225462 0.007830 0.573780 0.310490 2 43 0.718397 44 0.281603
  43 -10.230571 1.379272 0.870722 -0.980020 0.191682 0.053101 0.568700 0.327060 2 43 0.589613 44 0.410387
  43 -9.391191 5.040451 -0.115299 -0.761248 0.648446 0.004420 0.631520 0.309290 2 43 0.914915 44 0.085085
scout_body_blue
  43 -10.230571 1.379272 0.870722 -0.146421 -0.936773 -0.317831 0.073240 0.531910 2 43 0.589613 44 0.410387
  43 -10.165770 1.693582 -0.115299 -0.090181 -0.577016 -0.811739 0.072880 0.526570 2 43 0.718397 44 0.281603
  43 -6.400020 0.804372 0.770711 -0.146421 -0.936773 -0.317831 0.008600 0.532870 2 43 0.947692 44 0.052308
scout_body_blue
  43 -10.165770 1.693582 -0.115299 -0.090181 -0.577016 -0.811739 0.072880 0.526570 2 43 0.718397 44 0.281603
  43 -6.309791 1.100982 -0.115299 -0.090181 -0.577016 -0.811739 0.007770 0.527830 2 43 0.916752 44 0.083248
  43 -6.400020 0.804372 0.770711 -0.146421 -0.936773 -0.317831 0.008600 0.532870 2 43 0.947692 44 0.052308
scout_body_blue
  43 -10.165770 1.693582 -0.115299 -0.090181 -0.577016 -0.811739 0.072880 0.526570 2 43 0.718397 44 0.281603
  43 -9.391191 5.040451 -0.115299 0.000000 0.000000 -1.000000 0.067620 0.469080 2 43 0.914915 44 0.085085
  43 -6.309791 1.100982 -0.115299 -0.090181 -0.577016 -0.811739 0.007770 0.527830 2 43 0.916752 44 0.083248
scout_body_blue
  43 -5.865729 4.420531 -0.115299 0.000000 0.000000 -1.000000 0.007900 0.471650 1 43 1.000000
  43 -6.309791 1.100982 -0.115299 -0.090181 -0.577016 -0.811739 0.007770 0.527830 2 43 0.916752 44 0.083248
  43 -9.391191 5.040451 -0.115299 0.000000 0.000000 -1.000000 0.067620 0.469080 2 43 0.914915 44 0.085085
scout_body_blue
  43 -9.391191 5.040451 -0.115299 0.000000 0.000000 -1.000000 0.067620 0.469080 2 43 0.914915 44 0.085085
  43 -7.414660 5.867250 -0.115299 0.000000 0.000000 -1.000000 0.036780 0.450940 1 43 1.000000
  43 -5.865729 4.420531 -0.115299 0.000000 0.000000 -1.000000 0.007900 0.471650 1 43 1.000000
scout_body_blue
  0 -1.145787 -5.233294 40.871223 -0.010200 -0.048602 -0.998766 0.047900 0.136500 3 0 0.359720 5 0.492986 6 0.147295
  0 -0.062500 -5.180153 40.857376 0.000376 -0.067903 -0.997692 0.043600 0.117800 3 0 0.352705 5 0.490982 6 0.156313
  5 -1.106510 -5.611380 40.889202 -0.034420 0.010910 -0.999348 0.043290 0.133890 3 5 0.490982 0 0.352705 6 0.156313
scout_body_blue
  0 -0.062500 -5.180153 40.857376 0.000376 -0.067903 -0.997692 0.043600 0.117800 3 0 0.352705 5 0.490982 6 0.156313
  5 1.011100 -5.611380 40.889202 0.034420 0.010910 -0.999348 0.043290 0.133890 3 5 0.490982 0 0.352705 6 0.156313
  5 -1.106510 -5.611380 40.889202 -0.034420 0.010910 -0.999348 0.043290 0.133890 3 5 0.490982 0 0.352705 6 0.156313
scout_body_blue
  5 1.011100 -5.611380 40.889202 0.034420 0.010910 -0.999348 0.043290 0.133890 3 5 0.490982 0 0.352705 6 0.156313
  0 -0.062500 -5.180153 40.857376 0.000376 -0.067903 -0.997692 0.043600 0.117800 3 0 0.352705 5 0.490982 6 0.156313
  0 1.050413 -5.233289 40.871223 0.010200 -0.048503 -0.998771 0.047900 0.136500 3 0 0.359720 5 0.492986 6 0.147295
scout_body_blue
  1 6.037791 -3.878789 26.978575 0.677348 -0.722206 -0.140064 0.301500 0.126200 2 1 0.902764 2 0.097236
  1 7.708740 -1.886889 27.584185 0.906118 -0.404073 -0.125201 0.292560 0.174360 1 1 1.000000
  1 6.249200 -3.804829 27.623894 0.609473 -0.788184 -0.085490 0.295570 0.132140 2 1 0.921811 2 0.078189
scout_body_blue
  1 7.708740 -1.886889 27.584185 0.906118 -0.404073 -0.125201 0.292560 0.174360 1 1 1.000000
  1 7.366520 -2.067389 32.627792 0.903362 -0.416981 0.100320 0.217190 0.196820 1 1 1.000000
  1 6.249200 -3.804829 27.623894 0.609473 -0.788184 -0.085490 0.295570 0.132140 2 1 0.921811 2 0.078189
scout_body_blue
  1 7.366520 -2.067389 32.627792 0.903362 -0.416981 0.100320 0.217190 0.196820 1 1 1.000000
  1 5.720627 -4.025456 30.416210 0.717399 -0.692796 0.073297 0.231600 0.143700 1 1 1.000000
  1 6.249200 -3.804829 27.623894 0.609473 -0.788184 -0.085490 0.295570 0.132140 2 1 0.921811 2 0.078189
scout_body_blue
  1 5.720627 -4.025456 30.416210 0.717399 -0.692796 0.073297 0.231600 0.143700 1 1 1.000000
  1 7.366520 -2.067389 32.627792 0.903362 -0.416981 0.100320 0.217190 0.196820 1 1 1.000000
  1 6.754960 -2.219069 36.676014 0.908758 -0.388414 0.152621 0.158680 0.215100 2 1 0.799800 0 0.200200
scout_body_blue
  0 5.272821 -4.384152 35.069275 0.787640 -0.609419 0.090729 0.159200 0.167200 2 0 0.133133 1 0.866867
  1 5.720627 -4.025456 30.416210 0.717399 -0.692796 0.073297 0.231600 0.143700 1 1 1.000000
  1 6.754960 -2.219069 36.676014 0.908758 -0.388414 0.152621 0.158680 0.215100 2 1 0.799800 0 0.200200
scout_body_blue
  0 5.272821 -4.384152 35.069275 0.787640 -0.609419 0.090729 0.159200 0.167200 2 0 0.133133 1 0.866867
  1 6.754960 -2.219069 36.676014 0.908758 -0.388414 0.152621 0.158680 0.215100 2 1 0.799800 0 0.200200
  0 4.419073 -4.193847 38.950813 0.747846 -0.622532 0.230608 0.110000 0.178300 2 0 0.755756 1 0.244244
scout_body_blue
  1 6.754960 -2.219069 36.676014 0.908758 -0.388414 0.152621 0.158680 0.215100 2 1 0.799800 0 0.200200
  0 6.121290 -1.682140 39.733051 0.909874 -0.393131 0.132581 0.119210 0.227310 1 0 1.000000
  0 4.419073 -4.193847 38.950813 0.747846 -0.622532 0.230608 0.110000 0.178300 2 0 0.755756 1 0.244244
scout_body_blue
  0 6.516600 1.437534 39.669750 0.967968 -0.118370 0.221421 0.138300 0.281000 2 0 0.795796 1 0.204204
  0 6.121290 -1.682140 39.733051 0.909874 -0.393131 0.132581 0.119210 0.227310 1 0 1.000000
  1 6.754960 -2.219069 36.676014 0.908758 -0.388414 0.152621 0.158680 0.215100 2 1 0.799800 0 0.200200
scout_body_blue
  1 6.754960 -2.219069 36.676014 0.908758 -0.388414 0.152621 0.158680 0.215100 2 1 0.799800 0 0.200200
  1 7.917852 1.776676 33.757393 0.972424 -0.164187 0.165632 0.224000 0.258300 1 1 1.000000
  0 6.516600 1.437534 39.669750 0.967968 -0.118370 0.221421 0.138300 0.281000 2 0 0.795796 1 0.204204
scout_body_blue
  1 7.366520 -2.067389 32.627792 0.903362 -0.416981 0.100320 0.217190 0.196820 1 1 1.000000
  1 7.917852 1.776676 33.757393 0.972424 -0.164187 0.165632 0.224000 0.258300 1 1 1.000000
  1 6.754960 -2.219069 36.676014 0.908758 -0.388414 0.152621 0.158680 0.215100 2 1 0.799800 0 0.200200
scout_body_blue
  1 7.917852 1.776676 33.757393 0.972424 -0.164187 0.165632 0.224000 0.258300 1 1 1.000000
  1 7.366520 -2.067389 32.627792 0.903362 -0.416981 0.100320 0.217190 0.196820 1 1 1.000000
  1 8.386999 1.630023 30.423935 0.969679 -0.223373 0.099126 0.271700 0.243500 1 1 1.000000
scout_body_blue
  1 7.366520 -2.067389 32.627792 0.903362 -0.416981 0.100320 0.217190 0.196820 1 1 1.000000
  1 7.708740 -1.886889 27.584185 0.906118 -0.404073 -0.125201 0.292560 0.174360 1 1 1.000000
  1 8.386999 1.630023 30.423935 0.969679 -0.223373 0.099126 0.271700 0.243500 1 1 1.000000
scout_body_blue
  1 8.386999 1.630023 30.423935 0.969679 -0.223373 0.099126 0.271700 0.243500 1 1 1.000000
  1 7.708740 -1.886889 27.584185 0.906118 -0.404073 -0.125201 0.292560 0.174360 1 1 1.000000
  1 8.521871 1.420217 28.447704 0.960184 -0.261421 0.098518 0.301000 0.234700 1 1 1.000000
scout_body_blue
  1 5.720627 -4.025456 30.416210 0.717399 -0.692796 0.073297 0.231600 0.143700 1 1 1.000000
  1 6.037791 -3.878789 26.978575 0.677348 -0.722206 -0.140064 0.301500 0.126200 2 1 0.902764 2 0.097236
  1 6.249200 -3.804829 27.623894 0.609473 -0.788184 -0.085490 0.295570 0.132140 2 1 0.921811 2 0.078189
scout_body_blue
  5 -1.106510 -5.611380 40.889202 -0.119530 -0.992751 -0.012530 0.043290 0.133890 3 5 0.490982 0 0.352705 6 0.156313
  5 1.011100 -5.611380 40.889202 0.119530 -0.992751 -0.012530 0.043290 0.133890 3 5 0.490982 0 0.352705 6 0.156313
  5 -1.065150 -5.642730 42.898510 -0.119530 -0.992752 -0.012530 0.016890 0.150540 3 5 0.498998 0 0.328657 6 0.172345
scout_body_blue
  5 1.011100 -5.611380 40.889202 0.119530 -0.992751 -0.012530 0.043290 0.133890 3 5 0.490982 0 0.352705 6 0.156313
  5 0.969740 -5.642730 42.898521 0.119530 -0.992752 -0.012530 0.016890 0.150540 3 5 0.498998 0 0.328657 6 0.172345
  5 -1.065150 -5.642730 42.898510 -0.119530 -0.992752 -0.012530 0.016890 0.150540 3 5 0.498998 0 0.328657 6 0.172345
scout_body_blue
  5 1.052640 4.661320 44.461361 0.269243 0.950569 0.154681 0.078610 0.404660 3 5 0.484600 6 0.416838 0 0.098563
  5 3.525840 4.048779 44.204739 0.527643 0.836615 0.147201 0.077510 0.362580 3 5 0.448448 6 0.350350 0 0.201201
  5 1.160080 5.023920 42.330151 0.269243 0.950569 0.154681 0.115210 0.404580 3 5 0.414830 6 0.364730 0 0.220441
scout_body_blue
  5 3.570850 4.302840 42.281189 0.527643 0.836615 0.147201 0.113760 0.360080 3 5 0.535536 6 0.355355 0 0.109109
  5 1.160080 5.023920 42.330151 0.269243 0.950569 0.154681 0.115210 0.404580 3 5 0.414830 6 0.364730 0 0.220441
  5 3.525840 4.048779 44.204739 0.527643 0.836615 0.147201 0.077510 0.362580 3 5 0.448448 6 0.350350 0 0.201201
scout_body_blue
  5 3.525840 4.048779 44.204739 0.527643 0.836615 0.147201 0.077510 0.362580 3 5 0.448448 6 0.350350 0 0.201201
  0 5.388285 1.627609 44.220016 0.843814 0.495038 0.207159 0.069200 0.310300 3 0 0.205543 5 0.533487 6 0.260970
  5 3.570850 4.302840 42.281189 0.527643 0.836615 0.147201 0.113760 0.360080 3 5 0.535536 6 0.355355 0 0.109109
scout_body_blue
  0 5.921131 1.761220 42.004524 0.854661 0.483481 0.189210 0.112710 0.297030 3 0 0.597194 1 0.212425 5 0.190381
  5 3.570850 4.302840 42.281189 0.527643 0.836615 0.147201 0.113760 0.360080 3 5 0.535536 6 0.355355 0 0.109109
  0 5.388285 1.627609 44.220016 0.843814 0.495038 0.207159 0.069200 0.310300 3 0 0.205543 5 0.533487 6 0.260970
scout_body_blue
  0 5.388285 1.627609 44.220016 0.843814 0.495038 0.207159 0.069200 0.310300 3 0 0.205543 5 0.533487 6 0.260970
  0 6.146540 -0.301450 43.583248 0.988055 -0.129981 0.082780 0.070590 0.272070 2 0 0.736737 5 0.263263
  0 5.921131 1.761220 42.004524 0.854661 0.483481 0.189210 0.112710 0.297030 3 0 0.597194 1 0.212425 5 0.190381
scout_body_blue
  0 6.211150 -0.587430 41.459305 0.988055 -0.129981 0.082780 0.100470 0.254960 1 0 1.000000
  0 5.921131 1.761220 42.004524 0.854661 0.483481 0.189210 0.112710 0.297030 3 0 0.597194 1 0.212425 5 0.190381
  0 6.146540 -0.301450 43.583248 0.988055 -0.129981 0.082780 0.070590 0.272070 2 0 0.736737 5 0.263263
scout_body_blue
  0 6.146540 -0.301450 43.583248 0.988055 -0.129981 0.082780 0.070590 0.272070 2 0 0.736737 5 0.263263
  0 5.020714 -2.483004 43.294510 0.825644 -0.560394 0.065347 0.055900 0.234600 3 0 0.458459 5 0.464465 6 0.077077
  0 6.211150 -0.587430 41.459305 0.988055 -0.129981 0.082780 0.100470 0.254960 1 0 1.000000
scout_body_blue
  0 5.020714 -2.483004 43.294510 0.825644 -0.560394 0.065347 0.055900 0.234600 3 0 0.458459 5 0.464465 6 0.077077
  0 5.586190 -1.957710 41.381088 0.855483 -0.517492 0.018710 0.091160 0.229990 2 0 0.807933 5 0.192067
  0 6.211150 -0.587430 41.459305 0.988055 -0.129981 0.082780 0.100470 0.254960 1 0 1.000000
scout_body_blue
  0 5.586190 -1.957710 41.381088 0.855483 -0.517492 0.018710 0.091160 0.229990 2 0 0.807933 5 0.192067
  0 5.020714 -2.483004 43.294510 0.825644 -0.560394 0.065347 0.055900 0.234600 3 0 0.458459 5 0.464465 6 0.077077
  0 3.894350 -3.965330 41.053009 0.601358 -0.797831 -0.042821 0.075850 0.188620 2 0 0.597598 5 0.402402
scout_body_blue
  0 3.894350 -3.965330 41.053009 0.601358 -0.797831 -0.042821 0.075850 0.188620 2 0 0.597598 5 0.402402
  0 5.020714 -2.483004 43.294510 0.825644 -0.560394 0.065347 0.055900 0.234600 3 0 0.458459 5 0.464465 6 0.077077
  0 3.810457 -4.048239 43.114174 0.608885 -0.793228 -0.006966 0.043400 0.206200 3 0 0.442886 5 0.481964 6 0.075150
scout_body_blue
  0 3.810457 -4.048239 43.114174 0.608885 -0.793228 -0.006966 0.043400 0.206200 3 0 0.442886 5 0.481964 6 0.075150
  5 1.016090 -5.191350 42.937668 0.370233 -0.928147 -0.038350 0.017370 0.157040 3 5 0.498499 0 0.329329 6 0.172172
  0 3.894350 -3.965330 41.053009 0.601358 -0.797831 -0.042821 0.075850 0.188620 2 0 0.597598 5 0.402402
scout_body_blue
  5 1.016090 -5.191350 42.937668 0.370233 -0.928147 -0.038350 0.017370 0.157040 3 5 0.498499 0 0.329329 6 0.172172
  5 1.050420 -5.233251 40.871231 0.370233 -0.928147 -0.038350 0.047930 0.136520 3 5 0.492986 0 0.359720 6 0.147295
  0 3.894350 -3.965330 41.053009 0.601358 -0.797831 -0.042821 0.075850 0.188620 2 0 0.597598 5 0.402402
scout_head_blue
  10 0.377885 -3.371560 65.424286 0.823690 0.003078 -0.567032 0.542700 0.731900 1 10 1.000000
  10 0.607124 -3.112717 65.758835 0.823690 0.003078 -0.567032 0.559200 0.757600 1 10 1.000000
  10 0.494844 -3.794846 65.591988 0.823690 0.003078 -0.567032 0.536400 0.757400 1 10 1.000000
scout_head_blue
  8 -1.459144 -0.653555 61.701504 -0.665075 -0.738172 0.113041 0.746100 0.049700 3 8 0.443443 9 0.348348 10 0.208208
  10 -0.679880 -1.237913 62.383255 -0.588182 -0.765513 -0.260831 0.687750 0.071180 2 10 0.796797 9 0.203203
  8 -2.606158 0.763163 62.588562 -0.930625 -0.355918 -0.085204 0.813000 0.113300 3 8 0.385385 9 0.398398 10 0.216216
scout_head_blue
  10 -0.054470 -1.501712 61.571110 -0.000040 -0.991724 -0.128390 0.679110 0.018580 2 10 0.796797 9 0.203203
  10 -0.679880 -1.237913 62.383255 -0.588182 -0.765513 -0.260831 0.687750 0.071180 2 10 0.796797 9 0.203203
  8 -1.459144 -0.653555 61.701504 -0.665075 -0.738172 0.113041 0.746100 0.049700 3 8 0.443443 9 0.348348 10 0.208208
scout_head_blue
  10 -0.088120 -1.863683 62.557251 0.003430 -0.404144 -0.914689 0.640280 0.098400 2 10 0.796797 9 0.203203
  10 -0.679880 -1.237913 62.383255 -0.588182 -0.765513 -0.260831 0.687750 0.071180 2 10 0.796797 9 0.203203
  10 -0.054470 -1.501712 61.571110 -0.000040 -0.991724 -0.128390 0.679110 0.018580 2 10 0.796797 9 0.203203
scout_head_blue
  10 -0.054470 -1.501712 61.571110 -0.000040 -0.991724 -0.128390 0.679110 0.018580 2 10 0.796797 9 0.203203
  10 0.566310 -1.238003 62.383080 0.592417 -0.780370 -0.200162 0.687750 0.071180 2 10 0.796797 9 0.203203
  10 -0.088120 -1.863683 62.557251 0.003430 -0.404144 -0.914689 0.640280 0.098400 2 10 0.796797 9 0.203203
scout_head_blue
  10 -0.088120 -1.863683 62.557251 0.003430 -0.404144 -0.914689 0.640280 0.098400 2 10 0.796797 9 0.203203
  10 0.566310 -1.238003 62.383080 0.592417 -0.780370 -0.200162 0.687750 0.071180 2 10 0.796797 9 0.203203
  10 0.739960 -1.414032 62.783657 0.565514 -0.316372 -0.761645 0.673450 0.122330 2 10 0.770771 9 0.229229
scout_head_blue
  8 1.335210 -0.657172 61.702267 0.652662 -0.756593 -0.039990 0.746100 0.049670 3 8 0.443443 9 0.348348 10 0.208208
  10 0.566310 -1.238003 62.383080 0.592417 -0.780370 -0.200162 0.687750 0.071180 2 10 0.796797 9 0.203203
  10 -0.054470 -1.501712 61.571110 -0.000040 -0.991724 -0.128390 0.679110 0.018580 2 10 0.796797 9 0.203203
scout_head_blue
  10 -1.075830 -1.372933 62.827126 -0.599846 -0.294193 -0.744067 0.673450 0.122330 2 10 0.770771 9 0.229229
  10 -0.679880 -1.237913 62.383255 -0.588182 -0.765513 -0.260831 0.687750 0.071180 2 10 0.796797 9 0.203203
  10 -0.088120 -1.863683 62.557251 0.003430 -0.404144 -0.914689 0.640280 0.098400 2 10 0.796797 9 0.203203
scout_head_blue
  9 2.485130 0.756668 62.590050 0.985056 -0.169961 -0.027910 0.813010 0.113310 3 9 0.398398 8 0.385385 10 0.216216
  10 2.198270 0.202218 63.123772 0.801688 -0.597216 0.025080 0.766960 0.145000 3 10 0.562124 9 0.219439 8 0.218437
  8 1.335210 -0.657172 61.702267 0.652662 -0.756593 -0.039990 0.746100 0.049670 3 8 0.443443 9 0.348348 10 0.208208
scout_head_blue
  10 2.198270 0.202218 63.123772 0.801688 -0.597216 0.025080 0.766960 0.145000 3 10 0.562124 9 0.219439 8 0.218437
  10 1.360580 -0.452532 62.704876 0.724714 -0.675424 -0.136351 0.726780 0.119750 3 10 0.702405 9 0.153307 8 0.144289
  8 1.335210 -0.657172 61.702267 0.652662 -0.756593 -0.039990 0.746100 0.049670 3 8 0.443443 9 0.348348 10 0.208208
scout_head_blue
  10 1.360580 -0.452532 62.704876 0.724714 -0.675424 -0.136351 0.726780 0.119750 3 10 0.702405 9 0.153307 8 0.144289
  10 0.566310 -1.238003 62.383080 0.592417 -0.780370 -0.200162 0.687750 0.071180 2 10 0.796797 9 0.203203
  8 1.335210 -0.657172 61.702267 0.652662 -0.756593 -0.039990 0.746100 0.049670 3 8 0.443443 9 0.348348 10 0.208208
scout_head_blue
  10 0.739960 -1.414032 62.783657 0.565514 -0.316372 -0.761645 0.672570 0.122210 2 10 0.770771 9 0.229229
  10 0.566310 -1.238003 62.383080 0.592417 -0.780370 -0.200162 0.687750 0.071180 2 10 0.796797 9 0.203203
  10 1.360580 -0.452532 62.704876 0.724714 -0.675424 -0.136351 0.726780 0.119750 3 10 0.702405 9 0.153307 8 0.144289
scout_head_blue
  8 -0.046860 3.507468 63.806484 0.058720 0.970307 -0.234642 0.990350 0.204320 3 8 0.784785 9 0.115115 10 0.100100
  8 -1.091280 3.424038 63.757305 -0.559353 0.809984 -0.176211 0.944210 0.197850 3 8 0.784785 9 0.115115 10 0.100100
  10 -1.032730 3.675548 65.470062 -0.473663 0.841905 -0.258532 0.940040 0.293820 1 10 1.000000
scout_head_blue
  10 -1.032730 3.675548 65.470062 -0.473663 0.841905 -0.258532 0.940040 0.293820 1 10 1.000000
  8 -1.091280 3.424038 63.757305 -0.559353 0.809984 -0.176211 0.944210 0.197850 3 8 0.784785 9 0.115115 10 0.100100
  10 -1.783161 3.083498 65.530449 -0.722436 0.628125 -0.289042 0.889390 0.301340 1 10 1.000000
scout_head_blue
  10 -1.783161 3.083498 65.530449 -0.722436 0.628125 -0.289042 0.889390 0.301340 1 10 1.000000
  8 -1.091280 3.424038 63.757305 -0.559353 0.809984 -0.176211 0.944210 0.197850 3 8 0.784785 9 0.115115 10 0.100100
  9 -2.448000 1.616139 63.074776 -0.893422 0.435731 -0.109250 0.846320 0.144470 3 9 0.412826 8 0.321643 10 0.265531
scout_head_blue
  10 -1.783161 3.083498 65.530449 -0.722436 0.628125 -0.289042 0.889390 0.301340 1 10 1.000000
  9 -2.448000 1.616139 63.074776 -0.893422 0.435731 -0.109250 0.846320 0.144470 3 9 0.412826 8 0.321643 10 0.265531
  10 -2.469750 2.190148 65.383293 -0.870602 0.435381 -0.229120 0.833680 0.276940 1 10 1.000000
scout_head_blue
  10 -2.469750 2.190148 65.383293 -0.870602 0.435381 -0.229120 0.833680 0.276940 1 10 1.000000
  9 -2.448000 1.616139 63.074776 -0.893422 0.435731 -0.109250 0.846320 0.144470 3 9 0.412826 8 0.321643 10 0.265531
  8 -2.606158 0.763163 62.588562 -0.930625 -0.355918 -0.085204 0.813000 0.113300 3 8 0.385385 9 0.398398 10 0.216216
scout_head_blue
  10 -2.469750 2.190148 65.383293 -0.870602 0.435381 -0.229120 0.833680 0.276940 1 10 1.000000
  8 -2.606158 0.763163 62.588562 -0.930625 -0.355918 -0.085204 0.813000 0.113300 3 8 0.385385 9 0.398398 10 0.216216
  10 -2.618480 1.112318 64.341293 -0.993903 -0.018180 -0.108750 0.802560 0.212370 3 10 0.550551 9 0.280280 8 0.169169
scout_head_blue
  8 -2.606158 0.763163 62.588562 -0.930625 -0.355918 -0.085204 0.813000 0.113300 3 8 0.385385 9 0.398398 10 0.216216
  10 -2.352190 0.005758 63.793900 -0.894398 -0.226562 -0.385644 0.745550 0.203370 3 10 0.857858 9 0.089089 8 0.053053
  10 -2.618480 1.112318 64.341293 -0.993903 -0.018180 -0.108750 0.802560 0.212370 3 10 0.550551 9 0.280280 8 0.169169
scout_head_blue
  10 -0.679880 -1.237913 62.383255 -0.588182 -0.765513 -0.260831 0.687750 0.071180 2 10 0.796797 9 0.203203
  10 -2.352190 0.005758 63.793900 -0.894398 -0.226562 -0.385644 0.745550 0.203370 3 10 0.857858 9 0.089089 8 0.053053
  8 -2.606158 0.763163 62.588562 -0.930625 -0.355918 -0.085204 0.813000 0.113300 3 8 0.385385 9 0.398398 10 0.216216
scout_head_blue
  10 -2.352190 0.005758 63.793900 -0.894398 -0.226562 -0.385644 0.745550 0.203370 3 10 0.857858 9 0.089089 8 0.053053
  10 -0.679880 -1.237913 62.383255 -0.588182 -0.765513 -0.260831 0.687750 0.071180 2 10 0.796797 9 0.203203
  10 -1.075830 -1.372933 62.827126 -0.599846 -0.294193 -0.744067 0.673300 0.122840 2 10 0.770771 9 0.229229
scout_head_blue
  10 -3.138061 1.640477 66.615677 -0.955652 0.222361 -0.193090 0.778910 0.321240 1 10 1.000000
  10 -2.469750 2.190148 65.383293 -0.870602 0.435381 -0.229120 0.833680 0.276940 1 10 1.000000
  10 -2.618480 1.112318 64.341293 -0.993903 -0.018180 -0.108750 0.802560 0.212370 3 10 0.550551 9 0.280280 8 0.169169
scout_head_blue
  10 -3.138061 1.640477 66.615677 -0.955652 0.222361 -0.193090 0.778910 0.321240 1 10 1.000000
  10 -1.783161 3.083498 65.530449 -0.722436 0.628125 -0.289042 0.889390 0.301340 1 10 1.000000
  10 -2.469750 2.190148 65.383293 -0.870602 0.435381 -0.229120 0.833680 0.276940 1 10 1.000000
scout_head_blue
  10 -3.138061 1.640477 66.615677 -0.955652 0.222361 -0.193090 0.778910 0.321240 1 10 1.000000
  10 -3.318862 1.594381 67.646713 -0.974967 0.169080 -0.144401 0.755900 0.353200 1 10 1.000000
  10 -2.757941 3.106808 67.471626 -0.782046 0.519494 -0.344282 0.834630 0.389130 1 10 1.000000
scout_head_blue
  10 -1.783161 3.083498 65.530449 -0.722436 0.628125 -0.289042 0.889390 0.301340 1 10 1.000000
  10 -3.138061 1.640477 66.615677 -0.955652 0.222361 -0.193090 0.778910 0.321240 1 10 1.000000
  10 -2.757941 3.106808 67.471626 -0.782046 0.519494 -0.344282 0.834630 0.389130 1 10 1.000000
scout_head_blue
  10 -1.830991 4.190028 67.381660 -0.524675 0.758857 -0.385813 0.898730 0.390740 1 10 1.000000
  10 -1.783161 3.083498 65.530449 -0.722436 0.628125 -0.289042 0.889390 0.301340 1 10 1.000000
  10 -2.757941 3.106808 67.471626 -0.782046 0.519494 -0.344282 0.834630 0.389130 1 10 1.000000
scout_head_blue
  10 -1.032730 3.675548 65.470062 -0.473663 0.841905 -0.258532 0.940040 0.293820 1 10 1.000000
  10 -1.783161 3.083498 65.530449 -0.722436 0.628125 -0.289042 0.889390 0.301340 1 10 1.000000
  10 -1.830991 4.190028 67.381660 -0.524675 0.758857 -0.385813 0.898730 0.390740 1 10 1.000000
scout_head_blue
  10 -1.830991 4.190028 67.381660 -0.524675 0.758857 -0.385813 0.898730 0.390740 1 10 1.000000
  10 -0.054470 4.555818 67.330170 0.018010 0.947249 -0.319993 0.990350 0.396860 1 10 1.000000
  10 -1.032730 3.675548 65.470062 -0.473663 0.841905 -0.258532 0.940040 0.293820 1 10 1.000000
scout_head_blue
  10 -0.054470 4.555818 67.330170 0.018010 0.947249 -0.319993 0.990350 0.396860 1 10 1.000000
  8 -0.046860 3.507468 63.806484 0.058720 0.970307 -0.234642 0.990350 0.204320 3 8 0.784785 9 0.115115 10 0.100100
  10 -1.032730 3.675548 65.470062 -0.473663 0.841905 -0.258532 0.940040 0.293820 1 10 1.000000
scout_head_blue
  10 -0.054470 4.555818 67.330170 0.018010 0.947249 -0.319993 0.990350 0.396860 1 10 1.000000
  10 0.923780 3.675548 65.470062 0.417643 0.854606 -0.308582 0.940040 0.293820 1 10 1.000000
  8 -0.046860 3.507468 63.806484 0.058720 0.970307 -0.234642 0.990350 0.204320 3 8 0.784785 9 0.115115 10 0.100100
scout_head_blue
  8 1.209490 3.063138 63.683773 0.565495 0.793958 -0.223262 0.944210 0.197850 3 8 0.784785 9 0.115115 10 0.100100
  8 -0.046860 3.507468 63.806484 0.058720 0.970307 -0.234642 0.990350 0.204320 3 8 0.784785 9 0.115115 10 0.100100
  10 0.923780 3.675548 65.470062 0.417643 0.854606 -0.308582 0.940040 0.293820 1 10 1.000000
scout_head_blue
  10 1.790530 3.235978 65.508171 0.665448 0.658068 -0.352314 0.889390 0.301340 1 10 1.000000
  8 1.209490 3.063138 63.683773 0.565495 0.793958 -0.223262 0.944210 0.197850 3 8 0.784785 9 0.115115 10 0.100100
  10 0.923780 3.675548 65.470062 0.417643 0.854606 -0.308582 0.940040 0.293820 1 10 1.000000
scout_head_blue
  9 2.339050 1.616138 63.074776 0.888106 0.444563 -0.116751 0.846320 0.144470 3 9 0.412826 8 0.321643 10 0.265531
  8 1.209490 3.063138 63.683773 0.565495 0.793958 -0.223262 0.944210 0.197850 3 8 0.784785 9 0.115115 10 0.100100
  10 1.790530 3.235978 65.508171 0.665448 0.658068 -0.352314 0.889390 0.301340 1 10 1.000000
scout_head_blue
  10 2.357420 2.225988 65.395462 0.827306 0.435083 -0.355342 0.833680 0.276940 1 10 1.000000
  9 2.339050 1.616138 63.074776 0.888106 0.444563 -0.116751 0.846320 0.144470 3 9 0.412826 8 0.321643 10 0.265531
  10 1.790530 3.235978 65.508171 0.665448 0.658068 -0.352314 0.889390 0.301340 1 10 1.000000
scout_head_blue
  9 2.485130 0.756668 62.590050 0.985056 -0.169961 -0.027910 0.813010 0.113310 3 9 0.398398 8 0.385385 10 0.216216
  9 2.339050 1.616138 63.074776 0.888106 0.444563 -0.116751 0.846320 0.144470 3 9 0.412826 8 0.321643 10 0.265531
  10 2.357420 2.225988 65.395462 0.827306 0.435083 -0.355342 0.833680 0.276940 1 10 1.000000
scout_head_blue
  10 2.658260 0.968257 65.195137 0.920803 0.094800 -0.378331 0.773080 0.249710 1 10 1.000000
  9 2.485130 0.756668 62.590050 0.985056 -0.169961 -0.027910 0.813010 0.113310 3 9 0.398398 8 0.385385 10 0.216216
  10 2.357420 2.225988 65.395462 0.827306 0.435083 -0.355342 0.833680 0.276940 1 10 1.000000
scout_head_blue
  10 2.658260 0.968257 65.195137 0.920803 0.094800 -0.378331 0.773080 0.249710 1 10 1.000000
  10 2.198270 0.202218 63.123772 0.801688 -0.597216 0.025080 0.766960 0.145000 3 10 0.562124 9 0.219439 8 0.218437
  9 2.485130 0.756668 62.590050 0.985056 -0.169961 -0.027910 0.813010 0.113310 3 9 0.398398 8 0.385385 10 0.216216
scout_head_blue
  10 2.334060 0.265738 64.131859 0.914794 -0.170071 -0.366371 0.745550 0.203370 3 10 0.857858 9 0.089089 8 0.053053
  10 2.198270 0.202218 63.123772 0.801688 -0.597216 0.025080 0.766960 0.145000 3 10 0.562124 9 0.219439 8 0.218437
  10 2.658260 0.968257 65.195137 0.920803 0.094800 -0.378331 0.773080 0.249710 1 10 1.000000
scout_head_blue
  10 1.360580 -0.452532 62.704876 0.724714 -0.675424 -0.136351 0.726780 0.119750 3 10 0.702405 9 0.153307 8 0.144289
  10 2.198270 0.202218 63.123772 0.801688 -0.597216 0.025080 0.766960 0.145000 3 10 0.562124 9 0.219439 8 0.218437
  10 2.334060 0.265738 64.131859 0.914794 -0.170071 -0.366371 0.745550 0.203370 3 10 0.857858 9 0.089089 8 0.053053
scout_head_blue
  10 2.334060 0.265738 64.131859 0.914794 -0.170071 -0.366371 0.745550 0.203370 3 10 0.857858 9 0.089089 8 0.053053
  10 1.519180 -0.505592 63.171631 0.737836 -0.190721 -0.647475 0.709840 0.155770 3 10 0.802605 9 0.103206 8 0.094188
  10 1.360580 -0.452532 62.704876 0.724714 -0.675424 -0.136351 0.726780 0.119750 3 10 0.702405 9 0.153307 8 0.144289
scout_head_blue
  10 0.739960 -1.414032 62.783657 0.565514 -0.316372 -0.761645 0.673300 0.122840 2 10 0.770771 9 0.229229
  10 1.360580 -0.452532 62.704876 0.724714 -0.675424 -0.136351 0.726780 0.119750 3 10 0.702405 9 0.153307 8 0.144289
  10 1.519180 -0.505592 63.171631 0.737836 -0.190721 -0.647475 0.709840 0.155770 3 10 0.802605 9 0.103206 8 0.094188
scout_head_blue
  10 1.519180 -0.505592 63.171631 0.737836 -0.190721 -0.647475 0.709840 0.155770 3 10 0.802605 9 0.103206 8 0.094188
  10 1.808491 -0.844793 63.287899 0.612743 0.023830 -0.789923 0.694820 0.177790 2 10 0.946597 9 0.053403
  10 0.739960 -1.414032 62.783657 0.565514 -0.316372 -0.761645 0.673300 0.122840 2 10 0.770771 9 0.229229
scout_head_blue
  10 2.334060 0.265738 64.131859 0.914794 -0.170071 -0.366371 0.745550 0.203370 3 10 0.857858 9 0.089089 8 0.053053
  10 1.808491 -0.844793 63.287899 0.612743 0.023830 -0.789923 0.694820 0.177790 2 10 0.946597 9 0.053403
  10 1.519180 -0.505592 63.171631 0.737836 -0.190721 -0.647475 0.709840 0.155770 3 10 0.802605 9 0.103206 8 0.094188
scout_head_blue
  10 2.357420 2.225988 65.395462 0.827306 0.435083 -0.355342 0.833680 0.276940 1 10 1.000000
  10 1.790530 3.235978 65.508171 0.665448 0.658068 -0.352314 0.889390 0.301340 1 10 1.000000
  10 2.773600 2.365088 66.430069 0.567854 0.686775 -0.453743 0.815430 0.321380 1 10 1.000000
scout_head_blue
  10 1.605657 4.090158 67.321220 0.626672 0.726206 -0.282678 0.898700 0.390700 1 10 1.000000
  10 1.790530 3.235978 65.508171 0.665448 0.658068 -0.352314 0.889390 0.301340 1 10 1.000000
  10 0.923780 3.675548 65.470062 0.417643 0.854606 -0.308582 0.940040 0.293820 1 10 1.000000
scout_head_blue
  10 3.173095 2.634911 67.656609 0.881463 0.370435 -0.292919 0.782500 0.376700 1 10 1.000000
  10 1.790530 3.235978 65.508171 0.665448 0.658068 -0.352314 0.889390 0.301340 1 10 1.000000
  10 1.605657 4.090158 67.321220 0.626672 0.726206 -0.282678 0.898700 0.390700 1 10 1.000000
scout_head_blue
  10 3.173095 2.634911 67.656609 0.881463 0.370435 -0.292919 0.782500 0.376700 1 10 1.000000
  10 2.773600 2.365088 66.430069 0.567854 0.686775 -0.453743 0.815430 0.321380 1 10 1.000000
  10 1.790530 3.235978 65.508171 0.665448 0.658068 -0.352314 0.889390 0.301340 1 10 1.000000
scout_head_blue
  10 3.173095 2.634911 67.656609 0.881463 0.370435 -0.292919 0.782500 0.376700 1 10 1.000000
  10 3.073799 2.179450 66.540024 0.672671 0.705271 -0.223843 0.778900 0.321200 1 10 1.000000
  10 2.773600 2.365088 66.430069 0.567854 0.686775 -0.453743 0.815430 0.321380 1 10 1.000000
scout_head_blue
  10 3.073799 2.179450 66.540024 0.672671 0.705271 -0.223843 0.778900 0.321200 1 10 1.000000
  10 3.056361 2.051427 65.930824 0.593542 0.646085 -0.479877 0.778200 0.299500 1 10 1.000000
  10 2.773600 2.365088 66.430069 0.567854 0.686775 -0.453743 0.815430 0.321380 1 10 1.000000
scout_head_blue
  10 2.357420 2.225988 65.395462 0.827306 0.435083 -0.355342 0.833680 0.276940 1 10 1.000000
  10 2.773600 2.365088 66.430069 0.567854 0.686775 -0.453743 0.815430 0.321380 1 10 1.000000
  10 3.056361 2.051427 65.930824 0.593542 0.646085 -0.479877 0.778200 0.299500 1 10 1.000000
scout_head_blue
  10 2.658260 0.968257 65.195137 0.920803 0.094800 -0.378331 0.773080 0.249710 1 10 1.000000
  10 2.357420 2.225988 65.395462 0.827306 0.435083 -0.355342 0.833680 0.276940 1 10 1.000000
  10 3.056361 2.051427 65.930824 0.593542 0.646085 -0.479877 0.778200 0.299500 1 10 1.000000
scout_head_blue
  10 3.073799 2.179450 66.540024 0.672671 0.705271 -0.223843 0.778900 0.321200 1 10 1.000000
  10 3.173095 2.634911 67.656609 0.881463 0.370435 -0.292919 0.782500 0.376700 1 10 1.000000
  10 3.197880 2.195148 67.715813 0.703416 -0.055824 -0.708582 0.755900 0.353200 1 10 1.000000
scout_head_blue
  10 3.173095 2.634911 67.656609 0.881463 0.370435 -0.292919 0.782500 0.376700 1 10 1.000000
  10 3.410127 1.757226 67.862823 0.880606 -0.449674 -0.149423 0.748100 0.382900 1 10 1.000000
  10 3.197880 2.195148 67.715813 0.703416 -0.055824 -0.708582 0.755900 0.353200 1 10 1.000000
scout_head_blue
  10 -2.250300 -2.444114 68.585777 0.471815 0.277473 -0.836899 0.916640 0.552220 1 10 1.000000
  10 -2.871280 -4.080704 67.686882 0.469302 0.171651 -0.866194 0.798650 0.521620 1 10 1.000000
  10 -3.161021 -0.641213 68.343422 0.550917 0.168412 -0.817391 0.988350 0.620570 1 10 1.000000
scout_head_blue
  10 -1.521531 -3.133434 68.605888 0.375292 0.207751 -0.903325 0.900420 0.517940 1 10 1.000000
  10 -2.871280 -4.080704 67.686882 0.469302 0.171651 -0.866194 0.798650 0.521620 1 10 1.000000
  10 -2.250300 -2.444114 68.585777 0.471815 0.277473 -0.836899 0.916640 0.552220 1 10 1.000000
scout_head_blue
  10 -1.521531 -3.133434 68.605888 0.375292 0.207751 -0.903325 0.900420 0.517940 1 10 1.000000
  10 -1.624860 -5.690574 68.347992 0.303733 0.075901 -0.949729 0.789610 0.462870 1 10 1.000000
  10 -2.871280 -4.080704 67.686882 0.469302 0.171651 -0.866194 0.798650 0.521620 1 10 1.000000
scout_head_blue
  10 -0.110560 -3.578674 68.757202 -0.004810 0.003550 -0.999982 0.912250 0.458020 1 10 1.000000
  10 -1.624860 -5.690574 68.347992 0.303733 0.075901 -0.949729 0.789610 0.462870 1 10 1.000000
  10 -1.521531 -3.133434 68.605888 0.375292 0.207751 -0.903325 0.900420 0.517940 1 10 1.000000
scout_head_blue
  10 -1.624860 -5.690574 68.347992 0.303733 0.075901 -0.949729 0.789610 0.462870 1 10 1.000000
  10 -0.110560 -3.578674 68.757202 -0.004810 0.003550 -0.999982 0.912250 0.458020 1 10 1.000000
  10 -0.052510 -6.226195 68.648277 0.000540 0.064961 -0.997888 0.792930 0.412770 1 10 1.000000
scout_head_blue
  10 -0.110560 -3.578674 68.757202 -0.004810 0.003550 -0.999982 0.912250 0.458020 1 10 1.000000
  10 0.523150 -3.535994 68.690781 -0.183591 0.042000 -0.982105 0.906330 0.487980 1 10 1.000000
  10 -0.052510 -6.226195 68.648277 0.000540 0.064961 -0.997888 0.792930 0.412770 1 10 1.000000
scout_head_blue
  10 -0.052510 -6.226195 68.648277 0.000540 0.064961 -0.997888 0.792930 0.412770 1 10 1.000000
  10 0.523150 -3.535994 68.690781 -0.183591 0.042000 -0.982105 0.906330 0.487980 1 10 1.000000
  10 1.566200 -5.685995 68.354942 -0.317241 0.042680 -0.947384 0.789610 0.462870 1 10 1.000000
scout_head_blue
  10 1.400480 -3.076434 68.520737 -0.434313 0.149451 -0.888277 0.900420 0.517940 1 10 1.000000
  10 1.566200 -5.685995 68.354942 -0.317241 0.042680 -0.947384 0.789610 0.462870 1 10 1.000000
  10 0.523150 -3.535994 68.690781 -0.183591 0.042000 -0.982105 0.906330 0.487980 1 10 1.000000
scout_head_blue
  10 2.718240 -3.825224 67.683617 -0.509632 0.062460 -0.858123 0.798650 0.521620 1 10 1.000000
  10 1.566200 -5.685995 68.354942 -0.317241 0.042680 -0.947384 0.789610 0.462870 1 10 1.000000
  10 1.400480 -3.076434 68.520737 -0.434313 0.149451 -0.888277 0.900420 0.517940 1 10 1.000000
scout_head_blue
  10 2.183331 -2.352894 68.435150 -0.561242 0.297011 -0.772523 0.916640 0.552220 1 10 1.000000
  10 2.718240 -3.825224 67.683617 -0.509632 0.062460 -0.858123 0.798650 0.521620 1 10 1.000000
  10 1.400480 -3.076434 68.520737 -0.434313 0.149451 -0.888277 0.900420 0.517940 1 10 1.000000
scout_head_blue
  10 3.005191 -0.563653 68.147240 -0.644215 0.176141 -0.744286 0.988350 0.620570 1 10 1.000000
  10 2.718240 -3.825224 67.683617 -0.509632 0.062460 -0.858123 0.798650 0.521620 1 10 1.000000
  10 2.183331 -2.352894 68.435150 -0.561242 0.297011 -0.772523 0.916640 0.552220 1 10 1.000000
scout_head_blue
  10 -3.215354 -1.568826 68.217583 -0.913429 -0.085235 -0.397973 0.948300 0.619400 1 10 1.000000
  10 -3.179614 -0.633317 68.341667 -0.981061 -0.039993 -0.189526 0.988300 0.620600 1 10 1.000000
  10 -2.873509 -4.080005 67.686783 -0.769464 -0.300934 0.563350 0.798700 0.521600 1 10 1.000000
scout_head_blue
  10 2.557160 -1.994154 68.781830 0.849806 -0.313712 0.423573 0.396010 0.426240 1 10 1.000000
  10 1.535194 -5.689698 68.355766 0.460587 -0.354728 0.813651 0.670100 0.360300 1 10 1.000000
  10 2.692119 -3.831729 67.685074 0.804299 -0.253275 0.537545 0.592100 0.433700 1 10 1.000000
scout_head_blue
  10 1.297520 -3.277864 69.511902 0.469445 -0.273853 0.839420 0.445700 0.337820 1 10 1.000000
  10 1.535194 -5.689698 68.355766 0.460587 -0.354728 0.813651 0.670100 0.360300 1 10 1.000000
  10 2.557160 -1.994154 68.781830 0.849806 -0.313712 0.423573 0.396010 0.426240 1 10 1.000000
scout_head_blue
  10 -0.063130 -3.559385 69.820221 0.000730 -0.331382 0.943496 0.455940 0.261030 1 10 1.000000
  10 1.535194 -5.689698 68.355766 0.460587 -0.354728 0.813651 0.670100 0.360300 1 10 1.000000
  10 1.297520 -3.277864 69.511902 0.469445 -0.273853 0.839420 0.445700 0.337820 1 10 1.000000
scout_head_blue
  10 -0.084985 -6.225923 68.648270 -0.006085 -0.402282 0.915495 0.695800 0.261000 1 10 1.000000
  10 1.535194 -5.689698 68.355766 0.460587 -0.354728 0.813651 0.670100 0.360300 1 10 1.000000
  10 -0.063130 -3.559385 69.820221 0.000730 -0.331382 0.943496 0.455940 0.261030 1 10 1.000000
scout_head_blue
  10 -0.063130 -3.559385 69.820221 0.000730 -0.331382 0.943496 0.455940 0.261030 1 10 1.000000
  10 -1.655904 -5.686469 68.347115 -0.452857 -0.367598 0.812276 0.670100 0.161800 1 10 1.000000
  10 -0.084985 -6.225923 68.648270 -0.006085 -0.402282 0.915495 0.695800 0.261000 1 10 1.000000
scout_head_blue
  10 -1.301690 -3.317785 69.559982 -0.414194 -0.301623 0.858759 0.445700 0.184250 1 10 1.000000
  10 -1.655904 -5.686469 68.347115 -0.452857 -0.367598 0.812276 0.670100 0.161800 1 10 1.000000
  10 -0.063130 -3.559385 69.820221 0.000730 -0.331382 0.943496 0.455940 0.261030 1 10 1.000000
scout_head_blue
  10 -2.755491 -1.847734 69.005386 -0.810027 -0.361503 0.461704 0.396010 0.095830 1 10 1.000000
  10 -1.655904 -5.686469 68.347115 -0.452857 -0.367598 0.812276 0.670100 0.161800 1 10 1.000000
  10 -1.301690 -3.317785 69.559982 -0.414194 -0.301623 0.858759 0.445700 0.184250 1 10 1.000000
scout_head_blue
  10 -2.873509 -4.080005 67.686783 -0.769464 -0.300934 0.563350 0.592100 0.088400 1 10 1.000000
  10 -1.655904 -5.686469 68.347115 -0.452857 -0.367598 0.812276 0.670100 0.161800 1 10 1.000000
  10 -2.755491 -1.847734 69.005386 -0.810027 -0.361503 0.461704 0.396010 0.095830 1 10 1.000000
scout_head_blue
  10 -2.757941 3.106808 67.471626 -0.891585 0.447753 -0.067780 0.053740 0.133590 1 10 1.000000
  10 -3.178291 2.860097 70.121872 -0.889582 0.440141 0.122150 0.135110 0.172600 1 10 1.000000
  10 -1.830991 4.190028 67.381660 -0.534412 0.844893 -0.023660 0.025120 0.185730 1 10 1.000000
scout_head_blue
  10 -3.178291 2.860097 70.121872 -0.889582 0.440141 0.122150 0.135110 0.172600 1 10 1.000000
  10 -2.757941 3.106808 67.471626 -0.891585 0.447753 -0.067780 0.053740 0.133590 1 10 1.000000
  10 -3.318862 1.594381 67.646713 -0.979152 0.187683 -0.077698 0.068400 0.116100 1 10 1.000000
scout_head_blue
  10 -3.545441 0.541497 70.355118 -0.992738 -0.066501 0.100241 0.193810 0.148020 1 10 1.000000
  10 -3.178291 2.860097 70.121872 -0.889582 0.440141 0.122150 0.135110 0.172600 1 10 1.000000
  10 -3.318862 1.594381 67.646713 -0.979152 0.187683 -0.077698 0.068400 0.116100 1 10 1.000000
scout_head_blue
  10 -3.545441 0.541497 70.355118 -0.992738 -0.066501 0.100241 0.193810 0.148020 1 10 1.000000
  10 -2.796951 1.065846 71.788071 -0.711533 0.010610 0.702573 0.199100 0.178050 1 10 1.000000
  10 -3.178291 2.860097 70.121872 -0.889582 0.440141 0.122150 0.135110 0.172600 1 10 1.000000
scout_head_blue
  10 -3.545441 0.541497 70.355118 -0.992738 -0.066501 0.100241 0.193810 0.148020 1 10 1.000000
  10 -2.603281 -1.017964 71.479332 -0.777803 -0.371801 0.506741 0.270990 0.157380 1 10 1.000000
  10 -2.796951 1.065846 71.788071 -0.711533 0.010610 0.702573 0.199100 0.178050 1 10 1.000000
scout_head_blue
  10 -2.603281 -1.017964 71.479332 -0.777803 -0.371801 0.506741 0.270990 0.157380 1 10 1.000000
  10 -1.435711 -1.780064 71.952332 -0.420113 -0.502664 0.755535 0.306370 0.210400 1 10 1.000000
  10 -2.796951 1.065846 71.788071 -0.711533 0.010610 0.702573 0.199100 0.178050 1 10 1.000000
scout_head_blue
  10 -2.755491 -1.847734 69.005386 -0.810027 -0.361503 0.461704 0.396010 0.095830 1 10 1.000000
  10 -1.435711 -1.780064 71.952332 -0.420113 -0.502664 0.755535 0.306370 0.210400 1 10 1.000000
  10 -2.603281 -1.017964 71.479332 -0.777803 -0.371801 0.506741 0.270990 0.157380 1 10 1.000000
scout_head_blue
  10 -1.301690 -3.317785 69.559982 -0.471246 -0.762100 0.443995 0.445700 0.184250 1 10 1.000000
  10 -1.435711 -1.780064 71.952332 -0.420113 -0.502664 0.755535 0.306370 0.210400 1 10 1.000000
  10 -2.755491 -1.847734 69.005386 -0.810027 -0.361503 0.461704 0.396010 0.095830 1 10 1.000000
scout_head_blue
  10 -1.435711 -1.780064 71.952332 -0.420113 -0.502664 0.755535 0.306370 0.210400 1 10 1.000000
  10 -1.301690 -3.317785 69.559982 -0.471246 -0.762100 0.443995 0.445700 0.184250 1 10 1.000000
  10 -0.063130 -3.559385 69.820221 0.005560 -0.837725 0.546063 0.455940 0.261030 1 10 1.000000
scout_head_blue
  10 -0.054190 -1.990934 72.104858 0.003280 -0.542814 0.839846 0.315870 0.261030 1 10 1.000000
  10 -1.435711 -1.780064 71.952332 -0.420113 -0.502664 0.755535 0.306370 0.210400 1 10 1.000000
  10 -0.063130 -3.559385 69.820221 0.005560 -0.837725 0.546063 0.455940 0.261030 1 10 1.000000
scout_head_blue
  10 -0.063130 -3.559385 69.820221 0.005560 -0.837725 0.546063 0.455940 0.261030 1 10 1.000000
  10 1.328460 -1.779944 71.949280 0.443875 -0.494806 0.747089 0.306370 0.311670 1 10 1.000000
  10 -0.054190 -1.990934 72.104858 0.003280 -0.542814 0.839846 0.315870 0.261030 1 10 1.000000
scout_head_blue
  10 1.297520 -3.277864 69.511902 0.501156 -0.743059 0.443515 0.445700 0.337820 1 10 1.000000
  10 1.328460 -1.779944 71.949280 0.443875 -0.494806 0.747089 0.306370 0.311670 1 10 1.000000
  10 -0.063130 -3.559385 69.820221 0.005560 -0.837725 0.546063 0.455940 0.261030 1 10 1.000000
scout_head_blue
  10 -2.603281 -1.017964 71.479332 -0.777803 -0.371801 0.506741 0.270990 0.157380 1 10 1.000000
  10 -3.545441 0.541497 70.355118 -0.992738 -0.066501 0.100241 0.193810 0.148020 1 10 1.000000
  10 -2.755491 -1.847734 69.005386 -0.810027 -0.361503 0.461704 0.263180 0.055640 1 10 1.000000
scout_head_blue
  10 -2.873509 -4.080005 67.686783 -0.769464 -0.300934 0.563350 0.274300 0.005600 1 10 1.000000
  10 -2.755491 -1.847734 69.005386 -0.810027 -0.361503 0.461704 0.263180 0.055640 1 10 1.000000
  10 -3.215354 -1.568826 68.217583 -0.913429 -0.085235 -0.397973 0.227400 0.036000 1 10 1.000000
scout_head_blue
  10 -3.215354 -1.568826 68.217583 -0.913429 -0.085235 -0.397973 0.227400 0.036000 1 10 1.000000
  10 -2.755491 -1.847734 69.005386 -0.810027 -0.361503 0.461704 0.263180 0.055640 1 10 1.000000
  10 -3.545441 0.541497 70.355118 -0.992738 -0.066501 0.100241 0.193810 0.148020 1 10 1.000000
scout_head_blue
  10 -3.545441 0.541497 70.355118 -0.992738 -0.066501 0.100241 0.193810 0.148020 1 10 1.000000
  10 -3.179614 -0.633317 68.341667 -0.981061 -0.039993 -0.189526 0.188700 0.028700 1 10 1.000000
  10 -3.215354 -1.568826 68.217583 -0.913429 -0.085235 -0.397973 0.227400 0.036000 1 10 1.000000
scout_head_blue
  10 -3.179614 -0.633317 68.341667 -0.981061 -0.039993 -0.189526 0.188700 0.028700 1 10 1.000000
  10 -3.545441 0.541497 70.355118 -0.992738 -0.066501 0.100241 0.193810 0.148020 1 10 1.000000
  10 -3.373951 0.392067 67.887680 -0.996589 -0.049160 -0.066281 0.120270 0.037370 1 10 1.000000
scout_head_blue
  10 -3.373951 0.392067 67.887680 -0.996589 -0.049160 -0.066281 0.120270 0.037370 1 10 1.000000
  10 -3.545441 0.541497 70.355118 -0.992738 -0.066501 0.100241 0.193810 0.148020 1 10 1.000000
  10 -3.318862 1.594381 67.646713 -0.979152 0.187683 -0.077698 0.068400 0.116100 1 10 1.000000
scout_head_blue
  10 -0.054190 -1.990934 72.104858 0.003280 -0.542814 0.839846 0.316050 0.261030 1 10 1.000000
  10 1.328460 -1.779944 71.949280 0.443875 -0.494806 0.747089 0.306370 0.311670 1 10 1.000000
  10 1.542170 0.908236 72.359192 0.337982 0.058640 0.939324 0.202790 0.299560 1 10 1.000000
scout_head_blue
  10 -2.088761 3.656507 71.177971 -0.375272 0.663483 0.647273 0.134260 0.211140 1 10 1.000000
  10 -0.014841 4.703688 69.740143 -0.009700 0.987032 0.160230 0.090500 0.261030 1 10 1.000000
  10 -1.830991 4.190028 67.381660 -0.534412 0.844893 -0.023660 0.025120 0.185730 1 10 1.000000
scout_head_blue
  10 -3.178291 2.860097 70.121872 -0.889582 0.440141 0.122150 0.135110 0.172600 1 10 1.000000
  10 -2.088761 3.656507 71.177971 -0.375272 0.663483 0.647273 0.134260 0.211140 1 10 1.000000
  10 -1.830991 4.190028 67.381660 -0.534412 0.844893 -0.023660 0.025120 0.185730 1 10 1.000000
scout_head_blue
  10 -3.178291 2.860097 70.121872 -0.889582 0.440141 0.122150 0.135110 0.172600 1 10 1.000000
  10 -2.848891 2.687787 71.345741 -0.643335 0.382343 0.663275 0.153690 0.192150 1 10 1.000000
  10 -2.088761 3.656507 71.177971 -0.375272 0.663483 0.647273 0.134260 0.211140 1 10 1.000000
scout_head_blue
  10 -2.796951 1.065846 71.788071 -0.711533 0.010610 0.702573 0.199100 0.178050 1 10 1.000000
  10 -2.848891 2.687787 71.345741 -0.643335 0.382343 0.663275 0.153690 0.192150 1 10 1.000000
  10 -3.178291 2.860097 70.121872 -0.889582 0.440141 0.122150 0.135110 0.172600 1 10 1.000000
scout_head_blue
  10 -2.796951 1.065846 71.788071 -0.711533 0.010610 0.702573 0.199100 0.178050 1 10 1.000000
  10 -1.650981 0.908226 72.359421 -0.328174 0.063191 0.942501 0.202790 0.222510 1 10 1.000000
  10 -2.848891 2.687787 71.345741 -0.643335 0.382343 0.663275 0.153690 0.192150 1 10 1.000000
scout_head_blue
  10 -1.650981 0.908226 72.359421 -0.328174 0.063191 0.942501 0.202790 0.222510 1 10 1.000000
  10 -2.796951 1.065846 71.788071 -0.711533 0.010610 0.702573 0.199100 0.178050 1 10 1.000000
  10 -1.435711 -1.780064 71.952332 -0.420113 -0.502664 0.755535 0.306370 0.210400 1 10 1.000000
scout_head_blue
  10 -1.650981 0.908226 72.359421 -0.328174 0.063191 0.942501 0.202790 0.222510 1 10 1.000000
  10 -1.435711 -1.780064 71.952332 -0.420113 -0.502664 0.755535 0.306370 0.210400 1 10 1.000000
  10 -0.054190 -1.990934 72.104858 0.003280 -0.542814 0.839846 0.316050 0.261030 1 10 1.000000
scout_head_blue
  10 -0.054441 1.373307 72.658440 0.000180 0.227261 0.973834 0.203320 0.261030 1 10 1.000000
  10 -1.650981 0.908226 72.359421 -0.328174 0.063191 0.942501 0.202790 0.222510 1 10 1.000000
  10 -0.054190 -1.990934 72.104858 0.003280 -0.542814 0.839846 0.316050 0.261030 1 10 1.000000
scout_head_blue
  10 -0.054441 1.373307 72.658440 0.000180 0.227261 0.973834 0.203320 0.261030 1 10 1.000000
  10 -0.054190 -1.990934 72.104858 0.003280 -0.542814 0.839846 0.316050 0.261030 1 10 1.000000
  10 1.542170 0.908236 72.359192 0.337982 0.058640 0.939324 0.202790 0.299560 1 10 1.000000
scout_head_blue
  10 -0.054441 1.373307 72.658440 0.000180 0.227261 0.973834 0.203320 0.261030 1 10 1.000000
  10 1.542170 0.908236 72.359192 0.337982 0.058640 0.939324 0.202790 0.299560 1 10 1.000000
  10 1.979810 3.656507 71.177971 0.376333 0.644626 0.665456 0.134260 0.310930 1 10 1.000000
scout_head_blue
  10 1.979810 3.656507 71.177971 0.376333 0.644626 0.665456 0.134260 0.310930 1 10 1.000000
  10 1.542170 0.908236 72.359192 0.337982 0.058640 0.939324 0.202790 0.299560 1 10 1.000000
  10 2.739950 2.687807 71.345528 0.674227 0.348854 0.650937 0.153690 0.329920 1 10 1.000000
scout_head_blue
  10 2.739950 2.687807 71.345528 0.674227 0.348854 0.650937 0.153690 0.329920 1 10 1.000000
  10 1.542170 0.908236 72.359192 0.337982 0.058640 0.939324 0.202790 0.299560 1 10 1.000000
  10 2.688000 1.065846 71.788071 0.763656 -0.032890 0.644785 0.199100 0.344020 1 10 1.000000
scout_head_blue
  10 1.542170 0.908236 72.359192 0.337982 0.058640 0.939324 0.202790 0.299560 1 10 1.000000
  10 1.328460 -1.779944 71.949280 0.443875 -0.494806 0.747089 0.306370 0.311670 1 10 1.000000
  10 2.688000 1.065846 71.788071 0.763656 -0.032890 0.644785 0.199100 0.344020 1 10 1.000000
scout_head_blue
  10 2.688000 1.065846 71.788071 0.763656 -0.032890 0.644785 0.199100 0.344020 1 10 1.000000
  10 1.328460 -1.779944 71.949280 0.443875 -0.494806 0.747089 0.306370 0.311670 1 10 1.000000
  10 2.332960 -1.004054 71.475517 0.814658 -0.354494 0.458984 0.270990 0.364690 1 10 1.000000
scout_head_blue
  10 2.332960 -1.004054 71.475517 0.814658 -0.354494 0.458984 0.270990 0.364690 1 10 1.000000
  10 1.328460 -1.779944 71.949280 0.443875 -0.494806 0.747089 0.306370 0.311670 1 10 1.000000
  10 1.297520 -3.277864 69.511902 0.501156 -0.743059 0.443515 0.445700 0.337820 1 10 1.000000
scout_head_blue
  10 2.557160 -1.994154 68.781830 0.849806 -0.313712 0.423573 0.396010 0.426240 1 10 1.000000
  10 2.332960 -1.004054 71.475517 0.814658 -0.354494 0.458984 0.270990 0.364690 1 10 1.000000
  10 1.297520 -3.277864 69.511902 0.501156 -0.743059 0.443515 0.445700 0.337820 1 10 1.000000
scout_head_blue
  10 -0.054441 1.373307 72.658440 0.000180 0.227261 0.973834 0.203320 0.261030 1 10 1.000000
  10 1.979810 3.656507 71.177971 0.376333 0.644626 0.665456 0.134260 0.310930 1 10 1.000000
  10 -0.054471 4.041188 71.269180 -0.008410 0.748914 0.662614 0.123040 0.261030 1 10 1.000000
scout_head_blue
  10 -0.054471 4.041188 71.269180 -0.008410 0.748914 0.662614 0.123040 0.261030 1 10 1.000000
  10 -2.088761 3.656507 71.177971 -0.375272 0.663483 0.647273 0.134260 0.211140 1 10 1.000000
  10 -0.054441 1.373307 72.658440 0.000180 0.227261 0.973834 0.203320 0.261030 1 10 1.000000
scout_head_blue
  10 -0.054441 1.373307 72.658440 0.000180 0.227261 0.973834 0.203320 0.261030 1 10 1.000000
  10 -2.088761 3.656507 71.177971 -0.375272 0.663483 0.647273 0.134260 0.211140 1 10 1.000000
  10 -1.650981 0.908226 72.359421 -0.328174 0.063191 0.942501 0.202790 0.222510 1 10 1.000000
scout_head_blue
  10 -2.848891 2.687787 71.345741 -0.643335 0.382343 0.663275 0.153690 0.192150 1 10 1.000000
  10 -1.650981 0.908226 72.359421 -0.328174 0.063191 0.942501 0.202790 0.222510 1 10 1.000000
  10 -2.088761 3.656507 71.177971 -0.375272 0.663483 0.647273 0.134260 0.211140 1 10 1.000000
scout_head_blue
  10 -0.014841 4.703688 69.740143 -0.009700 0.987032 0.160230 0.090500 0.261030 1 10 1.000000
  10 -2.088761 3.656507 71.177971 -0.375272 0.663483 0.647273 0.134260 0.211140 1 10 1.000000
  10 -0.054471 4.041188 71.269180 -0.008410 0.748914 0.662614 0.123040 0.261030 1 10 1.000000
scout_head_blue
  10 -0.054471 4.041188 71.269180 -0.008410 0.748914 0.662614 0.123040 0.261030 1 10 1.000000
  10 1.979810 3.656507 71.177971 0.376333 0.644626 0.665456 0.134260 0.310930 1 10 1.000000
  10 -0.014841 4.703688 69.740143 -0.009700 0.987032 0.160230 0.090500 0.261030 1 10 1.000000
scout_head_blue
  10 1.979810 3.656507 71.177971 0.376333 0.644626 0.665456 0.134260 0.310930 1 10 1.000000
  10 2.127370 4.099237 69.788040 0.524784 0.841247 0.130021 0.105530 0.318870 1 10 1.000000
  10 -0.014841 4.703688 69.740143 -0.009700 0.987032 0.160230 0.090500 0.261030 1 10 1.000000
scout_head_blue
  10 2.127370 4.099237 69.788040 0.524784 0.841247 0.130021 0.105530 0.318870 1 10 1.000000
  10 1.979810 3.656507 71.177971 0.376333 0.644626 0.665456 0.134260 0.310930 1 10 1.000000
  10 2.739950 2.687807 71.345528 0.674227 0.348854 0.650937 0.153690 0.329920 1 10 1.000000
scout_head_blue
  10 3.063650 2.797717 70.055740 0.916624 0.378292 0.129211 0.135110 0.349470 1 10 1.000000
  10 2.127370 4.099237 69.788040 0.524784 0.841247 0.130021 0.105530 0.318870 1 10 1.000000
  10 2.739950 2.687807 71.345528 0.674227 0.348854 0.650937 0.153690 0.329920 1 10 1.000000
scout_head_blue
  10 3.063650 2.797717 70.055740 0.916624 0.378292 0.129211 0.135110 0.349470 1 10 1.000000
  10 2.739950 2.687807 71.345528 0.674227 0.348854 0.650937 0.153690 0.329920 1 10 1.000000
  10 2.688000 1.065846 71.788071 0.763656 -0.032890 0.644785 0.199100 0.344020 1 10 1.000000
scout_head_blue
  10 3.096310 0.549167 70.433052 0.969020 -0.189772 0.158072 0.193810 0.374050 1 10 1.000000
  10 3.063650 2.797717 70.055740 0.916624 0.378292 0.129211 0.135110 0.349470 1 10 1.000000
  10 2.688000 1.065846 71.788071 0.763656 -0.032890 0.644785 0.199100 0.344020 1 10 1.000000
scout_head_blue
  10 2.688000 1.065846 71.788071 0.763656 -0.032890 0.644785 0.199100 0.344020 1 10 1.000000
  10 2.332960 -1.004054 71.475517 0.814658 -0.354494 0.458984 0.270990 0.364690 1 10 1.000000
  10 3.096310 0.549167 70.433052 0.969020 -0.189772 0.158072 0.193810 0.374050 1 10 1.000000
scout_head_blue
  10 2.557160 -1.994154 68.781830 0.849806 -0.313712 0.423573 0.263180 0.466430 1 10 1.000000
  10 3.096310 0.549167 70.433052 0.969020 -0.189772 0.158072 0.193810 0.374050 1 10 1.000000
  10 2.332960 -1.004054 71.475517 0.814658 -0.354494 0.458984 0.270990 0.364690 1 10 1.000000
scout_head_blue
  10 2.557160 -1.994154 68.781830 0.849806 -0.313712 0.423573 0.263180 0.466430 1 10 1.000000
  10 3.005191 -0.563653 68.147240 0.992890 -0.089741 0.078211 0.192310 0.490380 1 10 1.000000
  10 3.096310 0.549167 70.433052 0.969020 -0.189772 0.158072 0.193810 0.374050 1 10 1.000000
scout_head_blue
  10 3.055100 0.979467 67.949081 0.963793 -0.262971 -0.044160 0.126390 0.470330 1 10 1.000000
  10 3.096310 0.549167 70.433052 0.969020 -0.189772 0.158072 0.193810 0.374050 1 10 1.000000
  10 3.005191 -0.563653 68.147240 0.992890 -0.089741 0.078211 0.192310 0.490380 1 10 1.000000
scout_head_blue
  10 3.422611 1.765497 67.861000 0.999625 0.008680 0.025970 0.085710 0.429160 1 10 1.000000
  10 3.096310 0.549167 70.433052 0.969020 -0.189772 0.158072 0.193810 0.374050 1 10 1.000000
  10 3.055100 0.979467 67.949081 0.963793 -0.262971 -0.044160 0.126390 0.470330 1 10 1.000000
scout_head_blue
  10 3.096310 0.549167 70.433052 0.969020 -0.189772 0.158072 0.193810 0.374050 1 10 1.000000
  10 3.422611 1.765497 67.861000 0.999625 0.008680 0.025970 0.085710 0.429160 1 10 1.000000
  10 3.063650 2.797717 70.055740 0.916624 0.378292 0.129211 0.135110 0.349470 1 10 1.000000
scout_head_blue
  10 3.063650 2.797717 70.055740 0.916624 0.378292 0.129211 0.135110 0.349470 1 10 1.000000
  10 3.422611 1.765497 67.861000 0.999625 0.008680 0.025970 0.085710 0.429160 1 10 1.000000
  10 3.183300 2.642567 67.654892 0.909236 0.415873 0.018430 0.068450 0.405950 1 10 1.000000
scout_head_blue
  10 3.063650 2.797717 70.055740 0.916624 0.378292 0.129211 0.135110 0.349470 1 10 1.000000
  10 3.183300 2.642567 67.654892 0.909236 0.415873 0.018430 0.068450 0.405950 1 10 1.000000
  10 2.127370 4.099237 69.788040 0.524784 0.841247 0.130021 0.105530 0.318870 1 10 1.000000
scout_head_blue
  10 1.612080 4.094018 67.320442 0.519943 0.851636 -0.066150 0.025120 0.336340 1 10 1.000000
  10 2.127370 4.099237 69.788040 0.524784 0.841247 0.130021 0.105530 0.318870 1 10 1.000000
  10 3.183300 2.642567 67.654892 0.909236 0.415873 0.018430 0.068450 0.405950 1 10 1.000000
scout_head_blue
  10 2.127370 4.099237 69.788040 0.524784 0.841247 0.130021 0.105530 0.318870 1 10 1.000000
  10 1.612080 4.094018 67.320442 0.519943 0.851636 -0.066150 0.025120 0.336340 1 10 1.000000
  10 -0.054470 4.555818 67.330170 -0.003130 0.999542 -0.030100 0.006580 0.261030 1 10 1.000000
scout_head_blue
  10 -0.014841 4.703688 69.740143 -0.009700 0.987032 0.160230 0.090500 0.261030 1 10 1.000000
  10 2.127370 4.099237 69.788040 0.524784 0.841247 0.130021 0.105530 0.318870 1 10 1.000000
  10 -0.054470 4.555818 67.330170 -0.003130 0.999542 -0.030100 0.006580 0.261030 1 10 1.000000
scout_head_blue
  10 -0.054470 4.555818 67.330170 -0.003130 0.999542 -0.030100 0.006580 0.261030 1 10 1.000000
  10 -1.830991 4.190028 67.381660 -0.534412 0.844893 -0.023660 0.025120 0.185730 1 10 1.000000
  10 -0.014841 4.703688 69.740143 -0.009700 0.987032 0.160230 0.090500 0.261030 1 10 1.000000
scout_head_blue
  10 -2.103841 -2.382384 67.198174 -0.462363 -0.875437 0.140821 0.338000 0.859320 1 10 1.000000
  10 -1.482568 -2.686893 67.111290 -0.227256 -0.956192 -0.184529 0.389600 0.852400 1 10 1.000000
  10 -1.994231 -2.345331 67.649017 -0.543508 -0.836065 -0.074792 0.348500 0.895700 1 10 1.000000
scout_head_blue
  10 -1.954810 -2.496931 66.743340 -0.372026 -0.922104 0.106403 0.336700 0.826200 1 10 1.000000
  10 -1.482568 -2.686893 67.111290 -0.227256 -0.956192 -0.184529 0.389600 0.852400 1 10 1.000000
  10 -2.103841 -2.382384 67.198174 -0.462363 -0.875437 0.140821 0.338000 0.859320 1 10 1.000000
scout_head_blue
  10 -1.640140 -2.838784 64.939362 -0.690716 -0.723126 0.000310 0.391240 0.686220 1 10 1.000000
  10 -1.954810 -2.496931 66.743340 -0.372026 -0.922104 0.106403 0.336700 0.826200 1 10 1.000000
  10 -2.103841 -2.382384 67.198174 -0.462363 -0.875437 0.140821 0.338000 0.859320 1 10 1.000000
scout_head_blue
  10 -2.006041 -1.987973 64.451698 -0.851456 -0.504973 -0.141511 0.367450 0.655950 1 10 1.000000
  10 -1.640140 -2.838784 64.939362 -0.690716 -0.723126 0.000310 0.391240 0.686220 1 10 1.000000
  10 -2.103841 -2.382384 67.198174 -0.462363 -0.875437 0.140821 0.338000 0.859320 1 10 1.000000
scout_head_blue
  10 -2.006041 -1.987973 64.451698 -0.851456 -0.504973 -0.141511 0.367450 0.655950 1 10 1.000000
  10 -1.485730 -2.484463 63.112030 -0.705108 -0.226992 -0.671787 0.418490 0.557270 1 10 1.000000
  10 -1.640140 -2.838784 64.939362 -0.690716 -0.723126 0.000310 0.391240 0.686220 1 10 1.000000
scout_head_blue
  10 -0.066320 -3.648724 67.776283 -0.002890 -0.914687 -0.404153 0.502120 0.906740 1 10 1.000000
  10 -1.521531 -3.133434 68.605888 -0.570813 -0.815855 -0.092481 0.388030 0.984760 1 10 1.000000
  10 -1.227720 -3.259354 68.025131 -0.489424 -0.689066 -0.534464 0.414810 0.933160 1 10 1.000000
scout_head_blue
  10 -1.227720 -3.259354 68.025131 -0.489424 -0.689066 -0.534464 0.414810 0.933160 1 10 1.000000
  10 -1.521531 -3.133434 68.605888 -0.570813 -0.815855 -0.092481 0.388030 0.984760 1 10 1.000000
  10 -2.252219 -2.443527 68.585709 -0.738940 -0.652866 -0.166535 0.324900 0.981900 1 10 1.000000
scout_head_blue
  10 -2.252219 -2.443527 68.585709 -0.738940 -0.652866 -0.166535 0.324900 0.981900 1 10 1.000000
  10 -1.994231 -2.345331 67.649017 -0.543508 -0.836065 -0.074792 0.348500 0.895700 1 10 1.000000
  10 -1.227720 -3.259354 68.025131 -0.489424 -0.689066 -0.534464 0.414810 0.933160 1 10 1.000000
scout_head_blue
  10 -2.252219 -2.443527 68.585709 -0.738940 -0.652866 -0.166535 0.324900 0.981900 1 10 1.000000
  10 -2.484140 -2.023283 67.742508 -0.706347 -0.691217 -0.152621 0.295480 0.898020 1 10 1.000000
  10 -1.994231 -2.345331 67.649017 -0.543508 -0.836065 -0.074792 0.348500 0.895700 1 10 1.000000
scout_head_blue
  10 -2.103841 -2.382384 67.198174 -0.462363 -0.875437 0.140821 0.338000 0.859320 1 10 1.000000
  10 -1.994231 -2.345331 67.649017 -0.543508 -0.836065 -0.074792 0.348500 0.895700 1 10 1.000000
  10 -2.484140 -2.023283 67.742508 -0.706347 -0.691217 -0.152621 0.295480 0.898020 1 10 1.000000
scout_head_blue
  10 -2.484140 -2.023283 67.742508 -0.706347 -0.691217 -0.152621 0.295480 0.898020 1 10 1.000000
  10 -2.760281 -1.679003 67.099022 -0.861718 -0.506535 -0.029410 0.262350 0.843300 1 10 1.000000
  10 -2.103841 -2.382384 67.198174 -0.462363 -0.875437 0.140821 0.338000 0.859320 1 10 1.000000
scout_head_blue
  10 -2.760281 -1.679003 67.099022 -0.861718 -0.506535 -0.029410 0.262350 0.843300 1 10 1.000000
  10 -2.006041 -1.987973 64.451698 -0.851456 -0.504973 -0.141511 0.367450 0.655950 1 10 1.000000
  10 -2.103841 -2.382384 67.198174 -0.462363 -0.875437 0.140821 0.338000 0.859320 1 10 1.000000
scout_head_blue
  10 -2.337590 -1.157253 63.811001 -0.883207 -0.219542 -0.414423 0.310060 0.612280 1 10 1.000000
  10 -2.006041 -1.987973 64.451698 -0.851456 -0.504973 -0.141511 0.367450 0.655950 1 10 1.000000
  10 -2.760281 -1.679003 67.099022 -0.861718 -0.506535 -0.029410 0.262350 0.843300 1 10 1.000000
scout_head_blue
  10 -2.006041 -1.987973 64.451698 -0.851456 -0.504973 -0.141511 0.367450 0.655950 1 10 1.000000
  10 -2.337590 -1.157253 63.811001 -0.883207 -0.219542 -0.414423 0.310060 0.612280 1 10 1.000000
  10 -1.485730 -2.484463 63.112030 -0.705108 -0.226992 -0.671787 0.418490 0.557270 1 10 1.000000
scout_head_blue
  10 -1.485730 -2.484463 63.112030 -0.705108 -0.226992 -0.671787 0.418490 0.557270 1 10 1.000000
  10 -2.337590 -1.157253 63.811001 -0.883207 -0.219542 -0.414423 0.310060 0.612280 1 10 1.000000
  10 -2.352190 0.005758 63.793900 -0.894398 -0.226562 -0.385644 0.119180 0.624530 3 10 0.857858 9 0.089089 8 0.053053
scout_head_blue
  10 -2.352190 0.005758 63.793900 -0.894398 -0.226562 -0.385644 0.119180 0.624530 3 10 0.857858 9 0.089089 8 0.053053
  10 -1.075830 -1.372933 62.827126 -0.599846 -0.294193 -0.744067 0.418660 0.468810 2 10 0.770771 9 0.229229
  10 -1.485730 -2.484463 63.112030 -0.705108 -0.226992 -0.671787 0.418490 0.557270 1 10 1.000000
scout_head_blue
  10 -1.485730 -2.484463 63.112030 -0.705108 -0.226992 -0.671787 0.418490 0.557270 1 10 1.000000
  10 -1.075830 -1.372933 62.827126 -0.599846 -0.294193 -0.744067 0.418660 0.468810 2 10 0.770771 9 0.229229
  10 -0.920280 -2.983733 62.864250 -0.450343 -0.367392 -0.813765 0.452630 0.549400 1 10 1.000000
scout_head_blue
  10 -1.075830 -1.372933 62.827126 -0.599846 -0.294193 -0.744067 0.418660 0.468810 2 10 0.770771 9 0.229229
  10 -0.088120 -1.863683 62.557251 0.003430 -0.404144 -0.914689 0.502120 0.497370 2 10 0.796797 9 0.203203
  10 -0.920280 -2.983733 62.864250 -0.450343 -0.367392 -0.813765 0.452630 0.549400 1 10 1.000000
scout_head_blue
  10 -0.119130 -3.381374 62.958019 -0.052390 -0.835254 -0.547363 0.502010 0.575400 1 10 1.000000
  10 -0.920280 -2.983733 62.864250 -0.450343 -0.367392 -0.813765 0.452630 0.549400 1 10 1.000000
  10 -0.088120 -1.863683 62.557251 0.003430 -0.404144 -0.914689 0.502120 0.497370 2 10 0.796797 9 0.203203
scout_head_blue
  10 -0.088120 -1.863683 62.557251 0.003430 -0.404144 -0.914689 0.502120 0.497370 2 10 0.796797 9 0.203203
  10 0.658410 -2.995723 62.839561 0.391756 -0.288214 -0.873762 0.558080 0.549850 1 10 1.000000
  10 -0.119130 -3.381374 62.958019 -0.052390 -0.835254 -0.547363 0.502010 0.575400 1 10 1.000000
scout_head_blue
  10 0.658410 -2.995723 62.839561 0.391756 -0.288214 -0.873762 0.558080 0.549850 1 10 1.000000
  10 0.568308 -3.348804 63.069817 0.352898 -0.841491 -0.409092 0.544700 0.578800 1 10 1.000000
  10 -0.119130 -3.381374 62.958019 -0.052390 -0.835254 -0.547363 0.502010 0.575400 1 10 1.000000
scout_head_blue
  10 1.301500 -2.747433 63.280880 0.781224 -0.513743 -0.354622 0.584250 0.591210 1 10 1.000000
  10 0.568308 -3.348804 63.069817 0.352898 -0.841491 -0.409092 0.544700 0.578800 1 10 1.000000
  10 0.658410 -2.995723 62.839561 0.391756 -0.288214 -0.873762 0.558080 0.549850 1 10 1.000000
scout_head_blue
  10 1.301500 -2.747433 63.280880 0.781224 -0.513743 -0.354622 0.584250 0.591210 1 10 1.000000
  10 0.865680 -3.209598 64.321747 0.605206 -0.790805 -0.091397 0.558600 0.646700 1 10 1.000000
  10 0.568308 -3.348804 63.069817 0.352898 -0.841491 -0.409092 0.544700 0.578800 1 10 1.000000
scout_head_blue
  10 -2.760281 -1.679003 67.099022 -0.861718 -0.506535 -0.029410 0.262350 0.843300 1 10 1.000000
  10 -3.235291 0.130507 66.610786 -0.981753 -0.127540 -0.141050 0.116250 0.784390 1 10 1.000000
  10 -2.337590 -1.157253 63.811001 -0.883207 -0.219542 -0.414423 0.310060 0.612280 1 10 1.000000
scout_head_blue
  10 -2.849140 0.167487 64.925842 -0.942609 -0.033520 -0.332213 0.140140 0.681910 1 10 1.000000
  10 -2.337590 -1.157253 63.811001 -0.883207 -0.219542 -0.414423 0.310060 0.612280 1 10 1.000000
  10 -3.235291 0.130507 66.610786 -0.981753 -0.127540 -0.141050 0.116250 0.784390 1 10 1.000000
scout_head_blue
  10 -2.337590 -1.157253 63.811001 -0.883207 -0.219542 -0.414423 0.310060 0.612280 1 10 1.000000
  10 -2.849140 0.167487 64.925842 -0.942609 -0.033520 -0.332213 0.140140 0.681910 1 10 1.000000
  10 -2.352190 0.005758 63.793900 -0.894398 -0.226562 -0.385644 0.119180 0.624530 3 10 0.857858 9 0.089089 8 0.053053
scout_head_blue
  10 -2.352190 0.005758 63.793900 -0.894398 -0.226562 -0.385644 0.119180 0.624530 3 10 0.857858 9 0.089089 8 0.053053
  10 -2.849140 0.167487 64.925842 -0.942609 -0.033520 -0.332213 0.140140 0.681910 1 10 1.000000
  10 -2.618480 1.112318 64.341293 -0.993903 -0.018180 -0.108750 0.077080 0.633470 3 10 0.550551 9 0.280280 8 0.169169
scout_head_blue
  10 -2.849140 0.167487 64.925842 -0.942609 -0.033520 -0.332213 0.140140 0.681910 1 10 1.000000
  10 -3.235291 0.130507 66.610786 -0.981753 -0.127540 -0.141050 0.116250 0.784390 1 10 1.000000
  10 -2.618480 1.112318 64.341293 -0.993903 -0.018180 -0.108750 0.077080 0.633470 3 10 0.550551 9 0.280280 8 0.169169
scout_head_blue
  10 -3.138061 1.640477 66.615677 -0.955652 0.222361 -0.193090 0.020020 0.744700 1 10 1.000000
  10 -2.618480 1.112318 64.341293 -0.993903 -0.018180 -0.108750 0.077080 0.633470 3 10 0.550551 9 0.280280 8 0.169169
  10 -3.235291 0.130507 66.610786 -0.981753 -0.127540 -0.141050 0.116250 0.784390 1 10 1.000000
scout_head_blue
  10 -3.138061 1.640477 66.615677 -0.955652 0.222361 -0.193090 0.020020 0.744700 1 10 1.000000
  10 -3.235291 0.130507 66.610786 -0.981753 -0.127540 -0.141050 0.116250 0.784390 1 10 1.000000
  10 -3.318862 1.594381 67.646713 -0.974967 0.169080 -0.144401 0.002100 0.805400 1 10 1.000000
scout_head_blue
  10 -3.374019 0.392219 67.887711 -0.987782 -0.124600 -0.093598 0.074400 0.886400 1 10 1.000000
  10 -3.318862 1.594381 67.646713 -0.974967 0.169080 -0.144401 0.002100 0.805400 1 10 1.000000
  10 -3.235291 0.130507 66.610786 -0.981753 -0.127540 -0.141050 0.116250 0.784390 1 10 1.000000
scout_head_blue
  10 -3.235291 0.130507 66.610786 -0.981753 -0.127540 -0.141050 0.116250 0.784390 1 10 1.000000
  10 -2.760281 -1.679003 67.099022 -0.861718 -0.506535 -0.029410 0.262350 0.843300 1 10 1.000000
  10 -3.374019 0.392219 67.887711 -0.987782 -0.124600 -0.093598 0.074400 0.886400 1 10 1.000000
scout_head_blue
  10 -3.161021 -0.641213 68.343422 -0.934503 -0.354521 0.031920 0.152520 0.931790 1 10 1.000000
  10 -3.374019 0.392219 67.887711 -0.987782 -0.124600 -0.093598 0.074400 0.886400 1 10 1.000000
  10 -2.760281 -1.679003 67.099022 -0.861718 -0.506535 -0.029410 0.262350 0.843300 1 10 1.000000
scout_head_blue
  10 -2.484140 -2.023283 67.742508 -0.706347 -0.691217 -0.152621 0.295480 0.898020 1 10 1.000000
  10 -3.161021 -0.641213 68.343422 -0.934503 -0.354521 0.031920 0.152520 0.931790 1 10 1.000000
  10 -2.760281 -1.679003 67.099022 -0.861718 -0.506535 -0.029410 0.262350 0.843300 1 10 1.000000
scout_head_blue
  10 -2.252219 -2.443527 68.585709 -0.738940 -0.652866 -0.166535 0.324900 0.981900 1 10 1.000000
  10 -3.161021 -0.641213 68.343422 -0.934503 -0.354521 0.031920 0.152520 0.931790 1 10 1.000000
  10 -2.484140 -2.023283 67.742508 -0.706347 -0.691217 -0.152621 0.295480 0.898020 1 10 1.000000
scout_head_blue
  10 -1.070546 -2.737399 67.200623 -0.262514 -0.961500 0.081265 0.422600 0.859600 1 10 1.000000
  10 -1.482568 -2.686893 67.111290 -0.227256 -0.956192 -0.184529 0.389600 0.852400 1 10 1.000000
  10 -1.954810 -2.496931 66.743340 -0.372026 -0.922104 0.106403 0.336700 0.826200 1 10 1.000000
scout_head_blue
  10 -1.034450 -2.907724 66.819290 -0.516921 -0.799442 0.306081 0.423640 0.829220 1 10 1.000000
  10 -1.070546 -2.737399 67.200623 -0.262514 -0.961500 0.081265 0.422600 0.859600 1 10 1.000000
  10 -1.954810 -2.496931 66.743340 -0.372026 -0.922104 0.106403 0.336700 0.826200 1 10 1.000000
scout_head_blue
  10 -1.954810 -2.496931 66.743340 -0.372026 -0.922104 0.106403 0.336700 0.826200 1 10 1.000000
  10 -1.640140 -2.838784 64.939362 -0.690716 -0.723126 0.000310 0.391240 0.686220 1 10 1.000000
  10 -1.034450 -2.907724 66.819290 -0.516921 -0.799442 0.306081 0.423640 0.829220 1 10 1.000000
scout_head_blue
  10 -1.034450 -2.907724 66.819290 -0.516921 -0.799442 0.306081 0.423640 0.829220 1 10 1.000000
  10 -1.640140 -2.838784 64.939362 -0.690716 -0.723126 0.000310 0.391240 0.686220 1 10 1.000000
  10 -0.738292 -3.142495 65.756615 -0.736790 -0.672793 0.067002 0.443100 0.757600 1 10 1.000000
scout_head_blue
  10 -0.685312 -3.218487 65.563820 -0.758679 -0.651384 0.010302 0.447800 0.745800 1 10 1.000000
  10 -0.738292 -3.142495 65.756615 -0.736790 -0.672793 0.067002 0.443100 0.757600 1 10 1.000000
  10 -1.640140 -2.838784 64.939362 -0.690716 -0.723126 0.000310 0.391240 0.686220 1 10 1.000000
scout_head_blue
  10 -0.685312 -3.218487 65.563820 -0.758679 -0.651384 0.010302 0.447800 0.745800 1 10 1.000000
  10 -1.640140 -2.838784 64.939362 -0.690716 -0.723126 0.000310 0.391240 0.686220 1 10 1.000000
  10 -1.259240 -3.100954 64.571732 -0.465653 -0.879346 -0.099591 0.420110 0.660120 1 10 1.000000
scout_head_blue
  10 -1.485730 -2.484463 63.112030 -0.705108 -0.226992 -0.671787 0.418490 0.557270 1 10 1.000000
  10 -1.259240 -3.100954 64.571732 -0.465653 -0.879346 -0.099591 0.420110 0.660120 1 10 1.000000
  10 -1.640140 -2.838784 64.939362 -0.690716 -0.723126 0.000310 0.391240 0.686220 1 10 1.000000
scout_head_blue
  10 -1.485730 -2.484463 63.112030 -0.705108 -0.226992 -0.671787 0.418490 0.557270 1 10 1.000000
  10 -0.779920 -3.420813 63.544102 -0.380012 -0.924474 -0.030640 0.479270 0.605830 1 10 1.000000
  10 -1.259240 -3.100954 64.571732 -0.465653 -0.879346 -0.099591 0.420110 0.660120 1 10 1.000000
scout_head_blue
  10 -1.485730 -2.484463 63.112030 -0.705108 -0.226992 -0.671787 0.418490 0.557270 1 10 1.000000
  10 -0.920280 -2.983733 62.864250 -0.450343 -0.367392 -0.813765 0.452630 0.549400 1 10 1.000000
  10 -0.779920 -3.420813 63.544102 -0.380012 -0.924474 -0.030640 0.479270 0.605830 1 10 1.000000
scout_head_blue
  10 -0.119130 -3.381374 62.958019 -0.052390 -0.835254 -0.547363 0.502010 0.575400 1 10 1.000000
  10 -0.779920 -3.420813 63.544102 -0.380012 -0.924474 -0.030640 0.479270 0.605830 1 10 1.000000
  10 -0.920280 -2.983733 62.864250 -0.450343 -0.367392 -0.813765 0.452630 0.549400 1 10 1.000000
scout_head_blue
  10 -0.119130 -3.381374 62.958019 -0.052390 -0.835254 -0.547363 0.502010 0.575400 1 10 1.000000
  10 0.568308 -3.348804 63.069817 0.352898 -0.841491 -0.409092 0.544700 0.578800 1 10 1.000000
  10 -0.779920 -3.420813 63.544102 -0.380012 -0.924474 -0.030640 0.479270 0.605830 1 10 1.000000
scout_head_blue
  10 0.568308 -3.348804 63.069817 0.352898 -0.841491 -0.409092 0.544700 0.578800 1 10 1.000000
  10 0.403170 -3.400293 64.181381 0.268093 -0.908160 -0.321513 0.533570 0.640120 1 10 1.000000
  10 -0.779920 -3.420813 63.544102 -0.380012 -0.924474 -0.030640 0.479270 0.605830 1 10 1.000000
scout_head_blue
  10 0.403170 -3.400293 64.181381 0.268093 -0.908160 -0.321513 0.533570 0.640120 1 10 1.000000
  10 0.568308 -3.348804 63.069817 0.352898 -0.841491 -0.409092 0.544700 0.578800 1 10 1.000000
  10 0.865680 -3.209598 64.321747 0.605206 -0.790805 -0.091397 0.558600 0.646700 1 10 1.000000
scout_head_blue
  10 0.403170 -3.400293 64.181381 0.268093 -0.908160 -0.321513 0.533570 0.640120 1 10 1.000000
  10 0.865680 -3.209598 64.321747 0.605206 -0.790805 -0.091397 0.558600 0.646700 1 10 1.000000
  10 0.604346 -3.473118 64.646851 0.512407 -0.856413 -0.063214 0.541100 0.671700 1 10 1.000000
scout_head_blue
  10 0.604346 -3.473118 64.646851 0.512407 -0.856413 -0.063214 0.541100 0.671700 1 10 1.000000
  10 -0.098769 -3.712692 64.692253 -0.040212 -0.983062 -0.178810 0.501800 0.682100 1 10 1.000000
  10 0.403170 -3.400293 64.181381 0.268093 -0.908160 -0.321513 0.533570 0.640120 1 10 1.000000
scout_head_blue
  10 -0.726356 -3.500361 64.360291 -0.394932 -0.798276 -0.454735 0.470300 0.656200 1 10 1.000000
  10 0.403170 -3.400293 64.181381 0.268093 -0.908160 -0.321513 0.533570 0.640120 1 10 1.000000
  10 -0.098769 -3.712692 64.692253 -0.040212 -0.983062 -0.178810 0.501800 0.682100 1 10 1.000000
scout_head_blue
  10 -0.098769 -3.712692 64.692253 -0.040212 -0.983062 -0.178810 0.501800 0.682100 1 10 1.000000
  10 -1.259240 -3.100954 64.571732 -0.465653 -0.879346 -0.099591 0.420110 0.660120 1 10 1.000000
  10 -0.726356 -3.500361 64.360291 -0.394932 -0.798276 -0.454735 0.470300 0.656200 1 10 1.000000
scout_head_blue
  10 -1.259240 -3.100954 64.571732 -0.465653 -0.879346 -0.099591 0.420110 0.660120 1 10 1.000000
  10 -1.044524 -3.133601 64.318123 -0.100399 -0.994905 -0.009196 0.445700 0.646700 1 10 1.000000
  10 -0.726356 -3.500361 64.360291 -0.394932 -0.798276 -0.454735 0.470300 0.656200 1 10 1.000000
scout_head_blue
  10 -1.259240 -3.100954 64.571732 -0.465653 -0.879346 -0.099591 0.420110 0.660120 1 10 1.000000
  10 -0.779920 -3.420813 63.544102 -0.380012 -0.924474 -0.030640 0.479270 0.605830 1 10 1.000000
  10 -1.044524 -3.133601 64.318123 -0.100399 -0.994905 -0.009196 0.445700 0.646700 1 10 1.000000
scout_head_blue
  10 0.403170 -3.400293 64.181381 0.268093 -0.908160 -0.321513 0.533570 0.640120 1 10 1.000000
  10 -1.044524 -3.133601 64.318123 -0.100399 -0.994905 -0.009196 0.445700 0.646700 1 10 1.000000
  10 -0.779920 -3.420813 63.544102 -0.380012 -0.924474 -0.030640 0.479270 0.605830 1 10 1.000000
scout_head_blue
  10 -0.726356 -3.500361 64.360291 -0.394932 -0.798276 -0.454735 0.470300 0.656200 1 10 1.000000
  10 -1.044524 -3.133601 64.318123 -0.100399 -0.994905 -0.009196 0.445700 0.646700 1 10 1.000000
  10 0.403170 -3.400293 64.181381 0.268093 -0.908160 -0.321513 0.533570 0.640120 1 10 1.000000
scout_head_blue
  10 0.865680 -3.209598 64.321747 0.605206 -0.790805 -0.091397 0.558600 0.646700 1 10 1.000000
  10 1.301500 -2.747433 63.280880 0.781224 -0.513743 -0.354622 0.584250 0.591210 1 10 1.000000
  10 1.455940 -2.680983 65.017632 0.714966 -0.698936 -0.017680 0.613010 0.686220 1 10 1.000000
scout_head_blue
  10 0.865680 -3.209598 64.321747 0.605206 -0.790805 -0.091397 0.558600 0.646700 1 10 1.000000
  10 1.455940 -2.680983 65.017632 0.714966 -0.698936 -0.017680 0.613010 0.686220 1 10 1.000000
  10 0.604346 -3.473118 64.646851 0.512407 -0.856413 -0.063214 0.541100 0.671700 1 10 1.000000
scout_head_blue
  10 1.455940 -2.680983 65.017632 0.714966 -0.698936 -0.017680 0.613010 0.686220 1 10 1.000000
  10 0.072250 -3.668809 65.406548 0.228279 -0.624069 -0.747279 0.511800 0.729300 1 10 1.000000
  10 0.604346 -3.473118 64.646851 0.512407 -0.856413 -0.063214 0.541100 0.671700 1 10 1.000000
scout_head_blue
  10 -0.098769 -3.712692 64.692253 -0.040212 -0.983062 -0.178810 0.501800 0.682100 1 10 1.000000
  10 0.604346 -3.473118 64.646851 0.512407 -0.856413 -0.063214 0.541100 0.671700 1 10 1.000000
  10 0.072250 -3.668809 65.406548 0.228279 -0.624069 -0.747279 0.511800 0.729300 1 10 1.000000
scout_head_blue
  10 0.072250 -3.668809 65.406548 0.228279 -0.624069 -0.747279 0.511800 0.729300 1 10 1.000000
  10 -0.230143 -3.667868 65.397285 -0.458177 -0.726436 -0.512215 0.491100 0.729300 1 10 1.000000
  10 -0.098769 -3.712692 64.692253 -0.040212 -0.983062 -0.178810 0.501800 0.682100 1 10 1.000000
scout_head_blue
  10 -0.098769 -3.712692 64.692253 -0.040212 -0.983062 -0.178810 0.501800 0.682100 1 10 1.000000
  10 -0.230143 -3.667868 65.397285 -0.458177 -0.726436 -0.512215 0.491100 0.729300 1 10 1.000000
  10 -1.259240 -3.100954 64.571732 -0.465653 -0.879346 -0.099591 0.420110 0.660120 1 10 1.000000
scout_head_blue
  10 -0.509021 -3.409597 65.399727 -0.709528 -0.693230 -0.126503 0.459100 0.730100 1 10 1.000000
  10 -1.259240 -3.100954 64.571732 -0.465653 -0.879346 -0.099591 0.420110 0.660120 1 10 1.000000
  10 -0.230143 -3.667868 65.397285 -0.458177 -0.726436 -0.512215 0.491100 0.729300 1 10 1.000000
scout_head_blue
  10 -1.259240 -3.100954 64.571732 -0.465653 -0.879346 -0.099591 0.420110 0.660120 1 10 1.000000
  10 -0.509021 -3.409597 65.399727 -0.709528 -0.693230 -0.126503 0.459100 0.730100 1 10 1.000000
  10 -0.685312 -3.218487 65.563820 -0.758679 -0.651384 0.010302 0.447800 0.745800 1 10 1.000000
scout_head_blue
  10 -0.509021 -3.409597 65.399727 -0.709528 -0.693230 -0.126503 0.459100 0.730100 1 10 1.000000
  10 -0.492750 -3.968264 65.641586 -0.680477 -0.559396 -0.473315 0.474720 0.760070 1 10 1.000000
  10 -0.685312 -3.218487 65.563820 -0.758679 -0.651384 0.010302 0.447800 0.745800 1 10 1.000000
scout_head_blue
  10 -0.738292 -3.142495 65.756615 -0.736790 -0.672793 0.067002 0.443100 0.757600 1 10 1.000000
  10 -0.685312 -3.218487 65.563820 -0.758679 -0.651384 0.010302 0.447800 0.745800 1 10 1.000000
  10 -0.492750 -3.968264 65.641586 -0.680477 -0.559396 -0.473315 0.474720 0.760070 1 10 1.000000
scout_head_blue
  10 -0.703830 -3.635084 65.980522 -0.849263 -0.306321 0.430022 0.462470 0.775120 1 10 1.000000
  10 -0.738292 -3.142495 65.756615 -0.736790 -0.672793 0.067002 0.443100 0.757600 1 10 1.000000
  10 -0.492750 -3.968264 65.641586 -0.680477 -0.559396 -0.473315 0.474720 0.760070 1 10 1.000000
scout_head_blue
  10 -0.738292 -3.142495 65.756615 -0.736790 -0.672793 0.067002 0.443100 0.757600 1 10 1.000000
  10 -0.703830 -3.635084 65.980522 -0.849263 -0.306321 0.430022 0.462470 0.775120 1 10 1.000000
  10 -0.529050 -3.371484 66.221489 -0.862323 -0.326801 0.386781 0.457330 0.793020 1 10 1.000000
scout_head_blue
  10 -0.474765 -4.099573 65.892342 -0.721861 -0.691991 0.008010 0.482200 0.773100 1 10 1.000000
  10 -0.529050 -3.371484 66.221489 -0.862323 -0.326801 0.386781 0.457330 0.793020 1 10 1.000000
  10 -0.703830 -3.635084 65.980522 -0.849263 -0.306321 0.430022 0.462470 0.775120 1 10 1.000000
scout_head_blue
  10 -0.474765 -4.099573 65.892342 -0.721861 -0.691991 0.008010 0.482200 0.773100 1 10 1.000000
  10 -0.208870 -3.853314 66.806412 -0.658553 -0.680424 0.321452 0.493460 0.827330 1 10 1.000000
  10 -0.529050 -3.371484 66.221489 -0.862323 -0.326801 0.386781 0.457330 0.793020 1 10 1.000000
scout_head_blue
  10 -0.208870 -3.853314 66.806412 -0.658553 -0.680424 0.321452 0.493460 0.827330 1 10 1.000000
  10 -0.474765 -4.099573 65.892342 -0.721861 -0.691991 0.008010 0.482200 0.773100 1 10 1.000000
  10 -0.054470 -4.382693 66.107742 0.000000 -0.917627 0.397443 0.501580 0.779550 1 10 1.000000
scout_head_blue
  10 -0.054470 -4.382693 66.107742 0.000000 -0.917627 0.397443 0.501580 0.779550 1 10 1.000000
  10 0.101200 -4.291063 66.102722 0.630775 -0.712656 0.306992 0.508110 0.780840 1 10 1.000000
  10 -0.208870 -3.853314 66.806412 -0.658553 -0.680424 0.321452 0.493460 0.827330 1 10 1.000000
scout_head_blue
  10 -0.054470 -4.384234 65.595901 0.001050 -0.818569 -0.574407 0.501540 0.745060 1 10 1.000000
  10 0.101200 -4.291063 66.102722 0.630775 -0.712656 0.306992 0.508110 0.780840 1 10 1.000000
  10 -0.054470 -4.382693 66.107742 0.000000 -0.917627 0.397443 0.501580 0.779550 1 10 1.000000
scout_head_blue
  10 -0.054470 -4.384234 65.595901 0.001050 -0.818569 -0.574407 0.501540 0.745060 1 10 1.000000
  10 0.313680 -4.101063 65.655983 0.763883 -0.519872 -0.382381 0.522900 0.761870 1 10 1.000000
  10 0.101200 -4.291063 66.102722 0.630775 -0.712656 0.306992 0.508110 0.780840 1 10 1.000000
scout_head_blue
  10 -0.703830 -3.635084 65.980522 -0.849263 -0.306321 0.430022 0.462470 0.775120 1 10 1.000000
  10 -0.492750 -3.968264 65.641586 -0.680477 -0.559396 -0.473315 0.474720 0.760070 1 10 1.000000
  10 -0.474765 -4.099573 65.892342 -0.721861 -0.691991 0.008010 0.482200 0.773100 1 10 1.000000
scout_head_blue
  10 -0.492750 -3.968264 65.641586 -0.680477 -0.559396 -0.473315 0.474720 0.760070 1 10 1.000000
  10 -0.054470 -4.382693 66.107742 0.000000 -0.917627 0.397443 0.501580 0.779550 1 10 1.000000
  10 -0.474765 -4.099573 65.892342 -0.721861 -0.691991 0.008010 0.482200 0.773100 1 10 1.000000
scout_head_blue
  10 -0.054470 -4.384234 65.595901 0.001050 -0.818569 -0.574407 0.501540 0.745060 1 10 1.000000
  10 -0.054470 -4.382693 66.107742 0.000000 -0.917627 0.397443 0.501580 0.779550 1 10 1.000000
  10 -0.492750 -3.968264 65.641586 -0.680477 -0.559396 -0.473315 0.474720 0.760070 1 10 1.000000
scout_head_blue
  10 -0.529050 -3.371484 66.221489 -0.862323 -0.326801 0.386781 0.457330 0.793020 1 10 1.000000
  10 -0.208870 -3.853314 66.806412 -0.658553 -0.680424 0.321452 0.493460 0.827330 1 10 1.000000
  10 -0.305945 -3.495670 67.687614 -0.573099 -0.819482 -0.002608 0.484500 0.895800 1 10 1.000000
scout_head_blue
  10 -0.509021 -3.409597 65.399727 -0.709528 -0.693230 -0.126503 0.459100 0.730100 1 10 1.000000
  10 -0.230143 -3.667868 65.397285 -0.458177 -0.726436 -0.512215 0.491100 0.729300 1 10 1.000000
  10 -0.409809 -3.720387 65.670830 -0.096302 -0.199111 -0.975233 0.475200 0.747000 1 10 1.000000
scout_head_blue
  10 -0.492750 -3.968264 65.641586 -0.680477 -0.559396 -0.473315 0.474720 0.760070 1 10 1.000000
  10 -0.509021 -3.409597 65.399727 -0.709528 -0.693230 -0.126503 0.459100 0.730100 1 10 1.000000
  10 -0.409809 -3.720387 65.670830 -0.096302 -0.199111 -0.975233 0.475200 0.747000 1 10 1.000000
scout_head_blue
  10 -0.409809 -3.720387 65.670830 -0.096302 -0.199111 -0.975233 0.475200 0.747000 1 10 1.000000
  10 -0.230143 -3.667868 65.397285 -0.458177 -0.726436 -0.512215 0.491100 0.729300 1 10 1.000000
  10 -0.492750 -3.968264 65.641586 -0.680477 -0.559396 -0.473315 0.474720 0.760070 1 10 1.000000
scout_head_blue
  10 -0.230143 -3.667868 65.397285 -0.458177 -0.726436 -0.512215 0.491100 0.729300 1 10 1.000000
  10 -0.054470 -4.384234 65.595901 0.001050 -0.818569 -0.574407 0.501540 0.745060 1 10 1.000000
  10 -0.492750 -3.968264 65.641586 -0.680477 -0.559396 -0.473315 0.474720 0.760070 1 10 1.000000
scout_head_blue
  10 -0.054470 -4.384234 65.595901 0.001050 -0.818569 -0.574407 0.501540 0.745060 1 10 1.000000
  10 -0.230143 -3.667868 65.397285 -0.458177 -0.726436 -0.512215 0.491100 0.729300 1 10 1.000000
  10 0.122930 -3.929894 65.409882 0.354893 -0.123921 -0.926658 0.512100 0.741280 1 10 1.000000
scout_head_blue
  10 -0.230143 -3.667868 65.397285 -0.458177 -0.726436 -0.512215 0.491100 0.729300 1 10 1.000000
  10 0.072250 -3.668809 65.406548 0.228279 -0.624069 -0.747279 0.511800 0.729300 1 10 1.000000
  10 0.122930 -3.929894 65.409882 0.354893 -0.123921 -0.926658 0.512100 0.741280 1 10 1.000000
scout_head_blue
  10 0.122930 -3.929894 65.409882 0.354893 -0.123921 -0.926658 0.512100 0.741280 1 10 1.000000
  10 0.072250 -3.668809 65.406548 0.228279 -0.624069 -0.747279 0.511800 0.729300 1 10 1.000000
  10 0.377885 -3.371560 65.424286 0.060402 -0.319849 0.945541 0.542700 0.731900 1 10 1.000000
scout_head_blue
  10 0.072250 -3.668809 65.406548 0.228279 -0.624069 -0.747279 0.511800 0.729300 1 10 1.000000
  10 0.919390 -3.041614 65.478691 0.492724 -0.861377 0.123501 0.576300 0.732640 1 10 1.000000
  10 0.377885 -3.371560 65.424286 0.060402 -0.319849 0.945541 0.542700 0.731900 1 10 1.000000
scout_head_blue
  10 0.607124 -3.112717 65.758835 0.651301 -0.736804 0.181459 0.559200 0.757600 1 10 1.000000
  10 0.377885 -3.371560 65.424286 0.060402 -0.319849 0.945541 0.542700 0.731900 1 10 1.000000
  10 0.919390 -3.041614 65.478691 0.492724 -0.861377 0.123501 0.576300 0.732640 1 10 1.000000
scout_head_blue
  10 0.925510 -2.907714 66.819290 0.516743 -0.798595 0.308582 0.580610 0.829220 1 10 1.000000
  10 0.607124 -3.112717 65.758835 0.651301 -0.736804 0.181459 0.559200 0.757600 1 10 1.000000
  10 0.919390 -3.041614 65.478691 0.492724 -0.861377 0.123501 0.576300 0.732640 1 10 1.000000
scout_head_blue
  10 0.521920 -3.145473 66.097893 0.837362 -0.507821 0.202341 0.555680 0.779450 1 10 1.000000
  10 0.607124 -3.112717 65.758835 0.651301 -0.736804 0.181459 0.559200 0.757600 1 10 1.000000
  10 0.925510 -2.907714 66.819290 0.516743 -0.798595 0.308582 0.580610 0.829220 1 10 1.000000
scout_head_blue
  10 0.607124 -3.112717 65.758835 0.651301 -0.736804 0.181459 0.559200 0.757600 1 10 1.000000
  10 0.521920 -3.145473 66.097893 0.837362 -0.507821 0.202341 0.555680 0.779450 1 10 1.000000
  10 0.594877 -3.627092 65.982437 0.761731 -0.278408 0.585026 0.540300 0.775000 1 10 1.000000
scout_head_blue
  10 0.122930 -3.929894 65.409882 0.354893 -0.123921 -0.926658 0.512100 0.741280 1 10 1.000000
  10 0.313680 -4.101063 65.655983 0.763883 -0.519872 -0.382381 0.522900 0.761870 1 10 1.000000
  10 -0.054470 -4.384234 65.595901 0.001050 -0.818569 -0.574407 0.501540 0.745060 1 10 1.000000
scout_head_blue
  10 0.313680 -4.101063 65.655983 0.763883 -0.519872 -0.382381 0.522900 0.761870 1 10 1.000000
  10 0.122930 -3.929894 65.409882 0.354893 -0.123921 -0.926658 0.512100 0.741280 1 10 1.000000
  10 0.300850 -3.704254 65.678932 0.332301 -0.212801 -0.918853 0.529000 0.747410 1 10 1.000000
scout_head_blue
  10 0.300850 -3.704254 65.678932 0.332301 -0.212801 -0.918853 0.529000 0.747410 1 10 1.000000
  10 0.122930 -3.929894 65.409882 0.354893 -0.123921 -0.926658 0.512100 0.741280 1 10 1.000000
  10 0.377885 -3.371560 65.424286 0.060402 -0.319849 0.945541 0.542700 0.731900 1 10 1.000000
scout_head_blue
  10 0.300850 -3.704254 65.678932 0.332301 -0.212801 -0.918853 0.529000 0.747410 1 10 1.000000
  10 0.377885 -3.371560 65.424286 0.060402 -0.319849 0.945541 0.542700 0.731900 1 10 1.000000
  10 0.494844 -3.794846 65.591988 0.477310 -0.488184 -0.730652 0.536400 0.757400 1 10 1.000000
scout_head_blue
  10 0.300850 -3.704254 65.678932 0.332301 -0.212801 -0.918853 0.529000 0.747410 1 10 1.000000
  10 0.494844 -3.794846 65.591988 0.477310 -0.488184 -0.730652 0.536400 0.757400 1 10 1.000000
  10 0.313680 -4.101063 65.655983 0.763883 -0.519872 -0.382381 0.522900 0.761870 1 10 1.000000
scout_head_blue
  10 0.313680 -4.101063 65.655983 0.763883 -0.519872 -0.382381 0.522900 0.761870 1 10 1.000000
  10 0.494844 -3.794846 65.591988 0.477310 -0.488184 -0.730652 0.536400 0.757400 1 10 1.000000
  10 0.340010 -4.099774 65.892570 0.875384 -0.461812 0.142941 0.520950 0.773090 1 10 1.000000
scout_head_blue
  10 0.340010 -4.099774 65.892570 0.875384 -0.461812 0.142941 0.520950 0.773090 1 10 1.000000
  10 0.101200 -4.291063 66.102722 0.630775 -0.712656 0.306992 0.508110 0.780840 1 10 1.000000
  10 0.313680 -4.101063 65.655983 0.763883 -0.519872 -0.382381 0.522900 0.761870 1 10 1.000000
scout_head_blue
  10 0.340010 -4.099774 65.892570 0.875384 -0.461812 0.142941 0.520950 0.773090 1 10 1.000000
  10 0.074245 -3.853416 66.806427 0.487074 -0.788813 0.374876 0.510600 0.827300 1 10 1.000000
  10 0.101200 -4.291063 66.102722 0.630775 -0.712656 0.306992 0.508110 0.780840 1 10 1.000000
scout_head_blue
  10 0.101200 -4.291063 66.102722 0.630775 -0.712656 0.306992 0.508110 0.780840 1 10 1.000000
  10 0.074245 -3.853416 66.806427 0.487074 -0.788813 0.374876 0.510600 0.827300 1 10 1.000000
  10 -0.208870 -3.853314 66.806412 -0.658553 -0.680424 0.321452 0.493460 0.827330 1 10 1.000000
scout_head_blue
  10 -0.208870 -3.853314 66.806412 -0.658553 -0.680424 0.321452 0.493460 0.827330 1 10 1.000000
  10 0.074245 -3.853416 66.806427 0.487074 -0.788813 0.374876 0.510600 0.827300 1 10 1.000000
  10 0.146431 -3.496784 67.687889 0.565151 -0.823185 0.054511 0.519700 0.895800 1 10 1.000000
scout_head_blue
  10 -0.208870 -3.853314 66.806412 -0.658553 -0.680424 0.321452 0.493460 0.827330 1 10 1.000000
  10 0.146431 -3.496784 67.687889 0.565151 -0.823185 0.054511 0.519700 0.895800 1 10 1.000000
  10 -0.305945 -3.495670 67.687614 -0.573099 -0.819482 -0.002608 0.484500 0.895800 1 10 1.000000
scout_head_blue
  10 -0.305945 -3.495670 67.687614 -0.573099 -0.819482 -0.002608 0.484500 0.895800 1 10 1.000000
  10 0.146431 -3.496784 67.687889 0.565151 -0.823185 0.054511 0.519700 0.895800 1 10 1.000000
  10 -0.066320 -3.648724 67.776283 -0.002890 -0.914687 -0.404153 0.502120 0.906740 1 10 1.000000
scout_head_blue
  10 -1.331841 -2.688534 67.798477 -0.285223 -0.789207 -0.543875 0.396620 0.905380 1 10 1.000000
  10 -0.305945 -3.495670 67.687614 -0.573099 -0.819482 -0.002608 0.484500 0.895800 1 10 1.000000
  10 -0.066320 -3.648724 67.776283 -0.002890 -0.914687 -0.404153 0.502120 0.906740 1 10 1.000000
scout_head_blue
  10 -1.331841 -2.688534 67.798477 -0.285223 -0.789207 -0.543875 0.396620 0.905380 1 10 1.000000
  10 -0.066320 -3.648724 67.776283 -0.002890 -0.914687 -0.404153 0.502120 0.906740 1 10 1.000000
  10 -1.227720 -3.259354 68.025131 -0.489424 -0.689066 -0.534464 0.414810 0.933160 1 10 1.000000
scout_head_blue
  10 -1.994231 -2.345331 67.649017 -0.543508 -0.836065 -0.074792 0.348500 0.895700 1 10 1.000000
  10 -1.331841 -2.688534 67.798477 -0.285223 -0.789207 -0.543875 0.396620 0.905380 1 10 1.000000
  10 -1.227720 -3.259354 68.025131 -0.489424 -0.689066 -0.534464 0.414810 0.933160 1 10 1.000000
scout_head_blue
  10 -1.994231 -2.345331 67.649017 -0.543508 -0.836065 -0.074792 0.348500 0.895700 1 10 1.000000
  10 -1.222570 -2.796554 67.690277 -0.337373 -0.927009 0.163811 0.409050 0.897520 1 10 1.000000
  10 -1.331841 -2.688534 67.798477 -0.285223 -0.789207 -0.543875 0.396620 0.905380 1 10 1.000000
scout_head_blue
  10 -1.222570 -2.796554 67.690277 -0.337373 -0.927009 0.163811 0.409050 0.897520 1 10 1.000000
  10 -1.994231 -2.345331 67.649017 -0.543508 -0.836065 -0.074792 0.348500 0.895700 1 10 1.000000
  10 -1.482568 -2.686893 67.111290 -0.227256 -0.956192 -0.184529 0.389600 0.852400 1 10 1.000000
scout_head_blue
  10 -1.482568 -2.686893 67.111290 -0.227256 -0.956192 -0.184529 0.389600 0.852400 1 10 1.000000
  10 -1.070546 -2.737399 67.200623 -0.262514 -0.961500 0.081265 0.422600 0.859600 1 10 1.000000
  10 -1.222570 -2.796554 67.690277 -0.337373 -0.927009 0.163811 0.409050 0.897520 1 10 1.000000
scout_head_blue
  10 1.121434 -3.270083 68.001587 0.415840 -0.812239 -0.409078 0.589400 0.933200 1 10 1.000000
  10 -0.066320 -3.648724 67.776283 -0.002890 -0.914687 -0.404153 0.502120 0.906740 1 10 1.000000
  10 1.231080 -2.688534 67.813507 0.277711 -0.779273 -0.561792 0.607630 0.905380 1 10 1.000000
scout_head_blue
  10 -0.066320 -3.648724 67.776283 -0.002890 -0.914687 -0.404153 0.502120 0.906740 1 10 1.000000
  10 0.146431 -3.496784 67.687889 0.565151 -0.823185 0.054511 0.519700 0.895800 1 10 1.000000
  10 1.231080 -2.688534 67.813507 0.277711 -0.779273 -0.561792 0.607630 0.905380 1 10 1.000000
scout_head_blue
  10 1.231080 -2.688534 67.813507 0.277711 -0.779273 -0.561792 0.607630 0.905380 1 10 1.000000
  10 0.146431 -3.496784 67.687889 0.565151 -0.823185 0.054511 0.519700 0.895800 1 10 1.000000
  10 0.477087 -2.924594 67.592270 0.575363 -0.688124 -0.442090 0.550900 0.888200 1 10 1.000000
scout_head_blue
  10 0.543890 -2.841034 67.346878 0.611051 -0.784131 0.108420 0.555430 0.873680 1 10 1.000000
  10 0.477087 -2.924594 67.592270 0.575363 -0.688124 -0.442090 0.550900 0.888200 1 10 1.000000
  10 0.146431 -3.496784 67.687889 0.565151 -0.823185 0.054511 0.519700 0.895800 1 10 1.000000
scout_head_blue
  10 0.146431 -3.496784 67.687889 0.565151 -0.823185 0.054511 0.519700 0.895800 1 10 1.000000
  10 0.074245 -3.853416 66.806427 0.487074 -0.788813 0.374876 0.510600 0.827300 1 10 1.000000
  10 0.543890 -2.841034 67.346878 0.611051 -0.784131 0.108420 0.555430 0.873680 1 10 1.000000
scout_head_blue
  10 0.594877 -3.627092 65.982437 0.761731 -0.278408 0.585026 0.540300 0.775000 1 10 1.000000
  10 0.494844 -3.794846 65.591988 0.477310 -0.488184 -0.730652 0.536400 0.757400 1 10 1.000000
  10 0.607124 -3.112717 65.758835 0.651301 -0.736804 0.181459 0.559200 0.757600 1 10 1.000000
scout_head_blue
  10 0.594877 -3.627092 65.982437 0.761731 -0.278408 0.585026 0.540300 0.775000 1 10 1.000000
  10 0.340010 -4.099774 65.892570 0.875384 -0.461812 0.142941 0.520950 0.773090 1 10 1.000000
  10 0.494844 -3.794846 65.591988 0.477310 -0.488184 -0.730652 0.536400 0.757400 1 10 1.000000
scout_head_blue
  10 0.594877 -3.627092 65.982437 0.761731 -0.278408 0.585026 0.540300 0.775000 1 10 1.000000
  10 0.521920 -3.145473 66.097893 0.837362 -0.507821 0.202341 0.555680 0.779450 1 10 1.000000
  10 0.340010 -4.099774 65.892570 0.875384 -0.461812 0.142941 0.520950 0.773090 1 10 1.000000
scout_head_blue
  10 0.340010 -4.099774 65.892570 0.875384 -0.461812 0.142941 0.520950 0.773090 1 10 1.000000
  10 0.521920 -3.145473 66.097893 0.837362 -0.507821 0.202341 0.555680 0.779450 1 10 1.000000
  10 0.074245 -3.853416 66.806427 0.487074 -0.788813 0.374876 0.510600 0.827300 1 10 1.000000
scout_head_blue
  10 0.925510 -2.907714 66.819290 0.516743 -0.798595 0.308582 0.580610 0.829220 1 10 1.000000
  10 0.074245 -3.853416 66.806427 0.487074 -0.788813 0.374876 0.510600 0.827300 1 10 1.000000
  10 0.521920 -3.145473 66.097893 0.837362 -0.507821 0.202341 0.555680 0.779450 1 10 1.000000
scout_head_blue
  10 0.074245 -3.853416 66.806427 0.487074 -0.788813 0.374876 0.510600 0.827300 1 10 1.000000
  10 0.925510 -2.907714 66.819290 0.516743 -0.798595 0.308582 0.580610 0.829220 1 10 1.000000
  10 0.543890 -2.841034 67.346878 0.611051 -0.784131 0.108420 0.555430 0.873680 1 10 1.000000
scout_head_blue
  10 0.925510 -2.907714 66.819290 0.516743 -0.798595 0.308582 0.580610 0.829220 1 10 1.000000
  10 1.350670 -2.690584 67.110367 0.348613 -0.909898 0.224842 0.614660 0.852430 1 10 1.000000
  10 0.543890 -2.841034 67.346878 0.611051 -0.784131 0.108420 0.555430 0.873680 1 10 1.000000
scout_head_blue
  10 0.477087 -2.924594 67.592270 0.575363 -0.688124 -0.442090 0.550900 0.888200 1 10 1.000000
  10 0.543890 -2.841034 67.346878 0.611051 -0.784131 0.108420 0.555430 0.873680 1 10 1.000000
  10 1.350670 -2.690584 67.110367 0.348613 -0.909898 0.224842 0.614660 0.852430 1 10 1.000000
scout_head_blue
  10 1.113910 -2.796554 67.690292 0.331641 -0.932293 0.144370 0.595200 0.897520 1 10 1.000000
  10 0.477087 -2.924594 67.592270 0.575363 -0.688124 -0.442090 0.550900 0.888200 1 10 1.000000
  10 1.350670 -2.690584 67.110367 0.348613 -0.909898 0.224842 0.614660 0.852430 1 10 1.000000
scout_head_blue
  10 0.477087 -2.924594 67.592270 0.575363 -0.688124 -0.442090 0.550900 0.888200 1 10 1.000000
  10 1.113910 -2.796554 67.690292 0.331641 -0.932293 0.144370 0.595200 0.897520 1 10 1.000000
  10 1.231080 -2.688534 67.813507 0.277711 -0.779273 -0.561792 0.607630 0.905380 1 10 1.000000
scout_head_blue
  10 1.231080 -2.688534 67.813507 0.277711 -0.779273 -0.561792 0.607630 0.905380 1 10 1.000000
  10 1.113910 -2.796554 67.690292 0.331641 -0.932293 0.144370 0.595200 0.897520 1 10 1.000000
  10 1.851467 -2.353564 67.665787 0.560442 -0.822990 -0.092693 0.655800 0.895700 1 10 1.000000
scout_head_blue
  10 1.121434 -3.270083 68.001587 0.415840 -0.812239 -0.409078 0.589400 0.933200 1 10 1.000000
  10 1.231080 -2.688534 67.813507 0.277711 -0.779273 -0.561792 0.607630 0.905380 1 10 1.000000
  10 1.851467 -2.353564 67.665787 0.560442 -0.822990 -0.092693 0.655800 0.895700 1 10 1.000000
scout_head_blue
  10 1.121434 -3.270083 68.001587 0.415840 -0.812239 -0.409078 0.589400 0.933200 1 10 1.000000
  10 1.851467 -2.353564 67.665787 0.560442 -0.822990 -0.092693 0.655800 0.895700 1 10 1.000000
  10 2.183306 -2.352779 68.435204 0.750309 -0.643705 -0.150599 0.679300 0.981900 1 10 1.000000
scout_head_blue
  10 2.183306 -2.352779 68.435204 0.750309 -0.643705 -0.150599 0.679300 0.981900 1 10 1.000000
  10 1.400480 -3.076434 68.520737 0.557124 -0.826786 0.077711 0.616220 0.984760 1 10 1.000000
  10 1.121434 -3.270083 68.001587 0.415840 -0.812239 -0.409078 0.589400 0.933200 1 10 1.000000
scout_head_blue
  10 1.121434 -3.270083 68.001587 0.415840 -0.812239 -0.409078 0.589400 0.933200 1 10 1.000000
  10 1.400480 -3.076434 68.520737 0.557124 -0.826786 0.077711 0.616220 0.984760 1 10 1.000000
  10 -0.066320 -3.648724 67.776283 -0.002890 -0.914687 -0.404153 0.502120 0.906740 1 10 1.000000
scout_head_blue
  10 0.523150 -3.535994 68.690781 0.272453 -0.962169 -0.000250 0.559170 0.992990 1 10 1.000000
  10 -0.066320 -3.648724 67.776283 -0.002890 -0.914687 -0.404153 0.502120 0.906740 1 10 1.000000
  10 1.400480 -3.076434 68.520737 0.557124 -0.826786 0.077711 0.616220 0.984760 1 10 1.000000
scout_head_blue
  10 -0.110560 -3.578674 68.757202 0.002860 -0.999900 0.013880 0.502120 1.001230 1 10 1.000000
  10 -0.066320 -3.648724 67.776283 -0.002890 -0.914687 -0.404153 0.502120 0.906740 1 10 1.000000
  10 0.523150 -3.535994 68.690781 0.272453 -0.962169 -0.000250 0.559170 0.992990 1 10 1.000000
scout_head_blue
  10 -0.110560 -3.578674 68.757202 0.002860 -0.999900 0.013880 0.502120 1.001230 1 10 1.000000
  10 -1.521531 -3.133434 68.605888 -0.570813 -0.815855 -0.092481 0.388030 0.984760 1 10 1.000000
  10 -0.066320 -3.648724 67.776283 -0.002890 -0.914687 -0.404153 0.502120 0.906740 1 10 1.000000
scout_head_blue
  10 1.851467 -2.353564 67.665787 0.560442 -0.822990 -0.092693 0.655800 0.895700 1 10 1.000000
  10 1.113910 -2.796554 67.690292 0.331641 -0.932293 0.144370 0.595200 0.897520 1 10 1.000000
  10 1.350670 -2.690584 67.110367 0.348613 -0.909898 0.224842 0.614660 0.852430 1 10 1.000000
scout_head_blue
  10 0.072250 -3.668809 65.406548 0.228279 -0.624069 -0.747279 0.511800 0.729300 1 10 1.000000
  10 1.455940 -2.680983 65.017632 0.714966 -0.698936 -0.017680 0.613010 0.686220 1 10 1.000000
  10 0.919390 -3.041614 65.478691 0.492724 -0.861377 0.123501 0.576300 0.732640 1 10 1.000000
scout_head_blue
  10 0.919390 -3.041614 65.478691 0.492724 -0.861377 0.123501 0.576300 0.732640 1 10 1.000000
  10 1.455940 -2.680983 65.017632 0.714966 -0.698936 -0.017680 0.613010 0.686220 1 10 1.000000
  10 1.901964 -2.509790 66.757141 0.599803 -0.799938 0.018329 0.667500 0.826200 1 10 1.000000
scout_head_blue
  10 1.901964 -2.509790 66.757141 0.599803 -0.799938 0.018329 0.667500 0.826200 1 10 1.000000
  10 1.455940 -2.680983 65.017632 0.714966 -0.698936 -0.017680 0.613010 0.686220 1 10 1.000000
  10 2.508151 -1.382003 65.281128 0.886298 -0.429914 -0.172191 0.753250 0.690530 1 10 1.000000
scout_head_blue
  10 2.353991 -1.912603 66.099152 0.828446 -0.534984 -0.165741 0.714300 0.764870 1 10 1.000000
  10 1.901964 -2.509790 66.757141 0.599803 -0.799938 0.018329 0.667500 0.826200 1 10 1.000000
  10 2.508151 -1.382003 65.281128 0.886298 -0.429914 -0.172191 0.753250 0.690530 1 10 1.000000
scout_head_blue
  10 2.508151 -1.382003 65.281128 0.886298 -0.429914 -0.172191 0.753250 0.690530 1 10 1.000000
  10 3.005191 -0.563653 68.147240 0.947342 -0.320171 -0.005860 0.851730 0.931790 1 10 1.000000
  10 2.353991 -1.912603 66.099152 0.828446 -0.534984 -0.165741 0.714300 0.764870 1 10 1.000000
scout_head_blue
  10 2.353991 -1.912603 66.099152 0.828446 -0.534984 -0.165741 0.714300 0.764870 1 10 1.000000
  10 3.005191 -0.563653 68.147240 0.947342 -0.320171 -0.005860 0.851730 0.931790 1 10 1.000000
  10 2.360100 -2.019974 67.734383 0.729605 -0.671175 -0.131151 0.708770 0.898020 1 10 1.000000
scout_head_blue
  10 2.183306 -2.352779 68.435204 0.750309 -0.643705 -0.150599 0.679300 0.981900 1 10 1.000000
  10 2.360100 -2.019974 67.734383 0.729605 -0.671175 -0.131151 0.708770 0.898020 1 10 1.000000
  10 3.005191 -0.563653 68.147240 0.947342 -0.320171 -0.005860 0.851730 0.931790 1 10 1.000000
scout_head_blue
  10 1.851467 -2.353564 67.665787 0.560442 -0.822990 -0.092693 0.655800 0.895700 1 10 1.000000
  10 2.360100 -2.019974 67.734383 0.729605 -0.671175 -0.131151 0.708770 0.898020 1 10 1.000000
  10 2.183306 -2.352779 68.435204 0.750309 -0.643705 -0.150599 0.679300 0.981900 1 10 1.000000
scout_head_blue
  10 2.360100 -2.019974 67.734383 0.729605 -0.671175 -0.131151 0.708770 0.898020 1 10 1.000000
  10 1.851467 -2.353564 67.665787 0.560442 -0.822990 -0.092693 0.655800 0.895700 1 10 1.000000
  10 1.901964 -2.509790 66.757141 0.599803 -0.799938 0.018329 0.667500 0.826200 1 10 1.000000
scout_head_blue
  10 1.851467 -2.353564 67.665787 0.560442 -0.822990 -0.092693 0.655800 0.895700 1 10 1.000000
  10 1.350670 -2.690584 67.110367 0.348613 -0.909898 0.224842 0.614660 0.852430 1 10 1.000000
  10 1.901964 -2.509790 66.757141 0.599803 -0.799938 0.018329 0.667500 0.826200 1 10 1.000000
scout_head_blue
  10 1.901964 -2.509790 66.757141 0.599803 -0.799938 0.018329 0.667500 0.826200 1 10 1.000000
  10 1.350670 -2.690584 67.110367 0.348613 -0.909898 0.224842 0.614660 0.852430 1 10 1.000000
  10 0.925510 -2.907714 66.819290 0.516743 -0.798595 0.308582 0.580610 0.829220 1 10 1.000000
scout_head_blue
  10 1.901964 -2.509790 66.757141 0.599803 -0.799938 0.018329 0.667500 0.826200 1 10 1.000000
  10 0.925510 -2.907714 66.819290 0.516743 -0.798595 0.308582 0.580610 0.829220 1 10 1.000000
  10 0.919390 -3.041614 65.478691 0.492724 -0.861377 0.123501 0.576300 0.732640 1 10 1.000000
scout_head_blue
  10 1.901964 -2.509790 66.757141 0.599803 -0.799938 0.018329 0.667500 0.826200 1 10 1.000000
  10 2.353991 -1.912603 66.099152 0.828446 -0.534984 -0.165741 0.714300 0.764870 1 10 1.000000
  10 2.360100 -2.019974 67.734383 0.729605 -0.671175 -0.131151 0.708770 0.898020 1 10 1.000000
scout_head_blue
  10 2.857890 0.631807 65.756630 0.927493 -0.281531 -0.245961 0.875640 0.712860 1 10 1.000000
  10 3.172643 1.433303 65.645714 0.373804 -0.121620 -0.919499 0.910500 0.727300 1 10 1.000000
  10 2.866590 0.936037 66.713181 0.934773 -0.354041 -0.029220 0.888000 0.784390 1 10 1.000000
scout_head_blue
  10 3.172643 1.433303 65.645714 0.373804 -0.121620 -0.919499 0.910500 0.727300 1 10 1.000000
  10 3.528813 1.985738 67.829224 0.760692 0.270754 0.589949 0.987500 0.814300 1 10 1.000000
  10 2.866590 0.936037 66.713181 0.934773 -0.354041 -0.029220 0.888000 0.784390 1 10 1.000000
scout_head_blue
  10 2.866590 0.936037 66.713181 0.934773 -0.354041 -0.029220 0.888000 0.784390 1 10 1.000000
  10 3.528813 1.985738 67.829224 0.760692 0.270754 0.589949 0.987500 0.814300 1 10 1.000000
  10 3.410127 1.757226 67.862823 0.880606 -0.449674 -0.149423 0.977000 0.821200 1 10 1.000000
scout_head_blue
  10 3.055100 0.979467 67.949081 0.956566 -0.289892 -0.030720 0.929850 0.886420 1 10 1.000000
  10 2.866590 0.936037 66.713181 0.934773 -0.354041 -0.029220 0.888000 0.784390 1 10 1.000000
  10 3.410127 1.757226 67.862823 0.880606 -0.449674 -0.149423 0.977000 0.821200 1 10 1.000000
scout_head_blue
  10 3.055100 0.979467 67.949081 0.956566 -0.289892 -0.030720 0.929850 0.886420 1 10 1.000000
  10 3.005191 -0.563653 68.147240 0.947342 -0.320171 -0.005860 0.851730 0.931790 1 10 1.000000
  10 2.866590 0.936037 66.713181 0.934773 -0.354041 -0.029220 0.888000 0.784390 1 10 1.000000
scout_head_blue
  10 2.857890 0.631807 65.756630 0.927493 -0.281531 -0.245961 0.875640 0.712860 1 10 1.000000
  10 2.866590 0.936037 66.713181 0.934773 -0.354041 -0.029220 0.888000 0.784390 1 10 1.000000
  10 3.005191 -0.563653 68.147240 0.947342 -0.320171 -0.005860 0.851730 0.931790 1 10 1.000000
scout_head_blue
  10 2.508151 -1.382003 65.281128 0.886298 -0.429914 -0.172191 0.753250 0.690530 1 10 1.000000
  10 2.857890 0.631807 65.756630 0.927493 -0.281531 -0.245961 0.875640 0.712860 1 10 1.000000
  10 3.005191 -0.563653 68.147240 0.947342 -0.320171 -0.005860 0.851730 0.931790 1 10 1.000000
scout_head_blue
  10 2.029381 -1.440893 63.554630 0.833526 -0.197521 -0.515964 0.704950 0.587810 1 10 1.000000
  10 2.857890 0.631807 65.756630 0.927493 -0.281531 -0.245961 0.875640 0.712860 1 10 1.000000
  10 2.508151 -1.382003 65.281128 0.886298 -0.429914 -0.172191 0.753250 0.690530 1 10 1.000000
scout_head_blue
  10 1.455940 -2.680983 65.017632 0.714966 -0.698936 -0.017680 0.613010 0.686220 1 10 1.000000
  10 2.029381 -1.440893 63.554630 0.833526 -0.197521 -0.515964 0.704950 0.587810 1 10 1.000000
  10 2.508151 -1.382003 65.281128 0.886298 -0.429914 -0.172191 0.753250 0.690530 1 10 1.000000
scout_head_blue
  10 1.301500 -2.747433 63.280880 0.781224 -0.513743 -0.354622 0.584250 0.591210 1 10 1.000000
  10 2.029381 -1.440893 63.554630 0.833526 -0.197521 -0.515964 0.704950 0.587810 1 10 1.000000
  10 1.455940 -2.680983 65.017632 0.714966 -0.698936 -0.017680 0.613010 0.686220 1 10 1.000000
scout_head_blue
  10 0.658410 -2.995723 62.839561 0.391756 -0.288214 -0.873762 0.558080 0.549850 1 10 1.000000
  10 2.029381 -1.440893 63.554630 0.833526 -0.197521 -0.515964 0.704950 0.587810 1 10 1.000000
  10 1.301500 -2.747433 63.280880 0.781224 -0.513743 -0.354622 0.584250 0.591210 1 10 1.000000
scout_head_blue
  10 3.073799 2.179450 66.540024 0.672671 0.705271 -0.223843 0.984200 0.744700 1 10 1.000000
  10 3.197880 2.195148 67.715813 0.479314 0.857846 0.185361 0.993800 0.801500 1 10 1.000000
  10 3.528813 1.985738 67.829224 0.760692 0.270754 0.589949 0.987500 0.814300 1 10 1.000000
scout_head_blue
  10 3.263591 1.820478 65.888786 0.874243 0.283601 -0.394041 0.944480 0.742370 1 10 1.000000
  10 3.073799 2.179450 66.540024 0.672671 0.705271 -0.223843 0.984200 0.744700 1 10 1.000000
  10 3.528813 1.985738 67.829224 0.760692 0.270754 0.589949 0.987500 0.814300 1 10 1.000000
scout_head_blue
  10 3.263591 1.820478 65.888786 0.874243 0.283601 -0.394041 0.944480 0.742370 1 10 1.000000
  10 3.528813 1.985738 67.829224 0.760692 0.270754 0.589949 0.987500 0.814300 1 10 1.000000
  10 3.172643 1.433303 65.645714 0.373804 -0.121620 -0.919499 0.910500 0.727300 1 10 1.000000
scout_head_blue
  10 3.263591 1.820478 65.888786 0.874243 0.283601 -0.394041 0.944480 0.742370 1 10 1.000000
  10 3.172643 1.433303 65.645714 0.373804 -0.121620 -0.919499 0.910500 0.727300 1 10 1.000000
  10 3.057241 2.051938 65.930733 0.486753 0.651514 -0.581894 0.960680 0.732080 1 10 1.000000
scout_head_blue
  10 3.057241 2.051938 65.930733 0.486753 0.651514 -0.581894 0.960680 0.732080 1 10 1.000000
  10 3.172643 1.433303 65.645714 0.373804 -0.121620 -0.919499 0.910500 0.727300 1 10 1.000000
  10 2.857890 0.631807 65.756630 0.927493 -0.281531 -0.245961 0.875640 0.712860 1 10 1.000000
scout_head_blue
  10 2.857890 0.631807 65.756630 0.927493 -0.281531 -0.245961 0.875640 0.712860 1 10 1.000000
  10 2.658260 0.968257 65.195137 0.920803 0.094800 -0.378331 0.924390 0.669100 1 10 1.000000
  10 3.057241 2.051938 65.930733 0.486753 0.651514 -0.581894 0.960680 0.732080 1 10 1.000000
scout_head_blue
  10 2.658260 0.968257 65.195137 0.920803 0.094800 -0.378331 0.924390 0.669100 1 10 1.000000
  10 2.857890 0.631807 65.756630 0.927493 -0.281531 -0.245961 0.875640 0.712860 1 10 1.000000
  10 2.334060 0.265738 64.131859 0.914794 -0.170071 -0.366371 0.885070 0.624530 3 10 0.857858 9 0.089089 8 0.053053
scout_head_blue
  10 2.334060 0.265738 64.131859 0.914794 -0.170071 -0.366371 0.885070 0.624530 3 10 0.857858 9 0.089089 8 0.053053
  10 2.857890 0.631807 65.756630 0.927493 -0.281531 -0.245961 0.875640 0.712860 1 10 1.000000
  10 2.029381 -1.440893 63.554630 0.833526 -0.197521 -0.515964 0.704950 0.587810 1 10 1.000000
scout_head_blue
  10 2.029381 -1.440893 63.554630 0.833526 -0.197521 -0.515964 0.704950 0.587810 1 10 1.000000
  10 1.808491 -0.844793 63.287899 0.612743 0.023830 -0.789923 0.723160 0.527350 2 10 0.946597 9 0.053403
  10 2.334060 0.265738 64.131859 0.914794 -0.170071 -0.366371 0.885070 0.624530 3 10 0.857858 9 0.089089 8 0.053053
scout_head_blue
  10 1.808491 -0.844793 63.287899 0.612743 0.023830 -0.789923 0.723160 0.527350 2 10 0.946597 9 0.053403
  10 2.029381 -1.440893 63.554630 0.833526 -0.197521 -0.515964 0.704950 0.587810 1 10 1.000000
  10 0.658410 -2.995723 62.839561 0.391756 -0.288214 -0.873762 0.558080 0.549850 1 10 1.000000
scout_head_blue
  10 0.658410 -2.995723 62.839561 0.391756 -0.288214 -0.873762 0.558080 0.549850 1 10 1.000000
  10 0.739960 -1.414032 62.783657 0.565514 -0.316372 -0.761645 0.585590 0.468810 2 10 0.770771 9 0.229229
  10 1.808491 -0.844793 63.287899 0.612743 0.023830 -0.789923 0.723160 0.527350 2 10 0.946597 9 0.053403
scout_head_blue
  10 0.739960 -1.414032 62.783657 0.565514 -0.316372 -0.761645 0.585590 0.468810 2 10 0.770771 9 0.229229
  10 0.658410 -2.995723 62.839561 0.391756 -0.288214 -0.873762 0.558080 0.549850 1 10 1.000000
  10 -0.088120 -1.863683 62.557251 0.003430 -0.404144 -0.914689 0.502120 0.497370 2 10 0.796797 9 0.203203
scout_head_blue
  10 3.057241 2.051938 65.930733 0.486753 0.651514 -0.581894 0.960680 0.732080 1 10 1.000000
  10 3.073799 2.179450 66.540024 0.672671 0.705271 -0.223843 0.984200 0.744700 1 10 1.000000
  10 3.263591 1.820478 65.888786 0.874243 0.283601 -0.394041 0.944480 0.742370 1 10 1.000000
scout_head_blue
  10 -0.652840 -2.841034 67.346878 -0.611051 -0.784131 0.108420 0.448820 0.873680 1 10 1.000000
  10 -1.070546 -2.737399 67.200623 -0.262514 -0.961500 0.081265 0.422600 0.859600 1 10 1.000000
  10 -1.034450 -2.907724 66.819290 -0.516921 -0.799442 0.306081 0.423640 0.829220 1 10 1.000000
scout_head_blue
  10 -1.070546 -2.737399 67.200623 -0.262514 -0.961500 0.081265 0.422600 0.859600 1 10 1.000000
  10 -0.652840 -2.841034 67.346878 -0.611051 -0.784131 0.108420 0.448820 0.873680 1 10 1.000000
  10 -1.222570 -2.796554 67.690277 -0.337373 -0.927009 0.163811 0.409050 0.897520 1 10 1.000000
scout_head_blue
  10 -0.633709 -2.921870 67.591667 -0.592389 -0.661467 -0.459931 0.453300 0.888200 1 10 1.000000
  10 -1.222570 -2.796554 67.690277 -0.337373 -0.927009 0.163811 0.409050 0.897520 1 10 1.000000
  10 -0.652840 -2.841034 67.346878 -0.611051 -0.784131 0.108420 0.448820 0.873680 1 10 1.000000
scout_head_blue
  10 -1.331841 -2.688534 67.798477 -0.285223 -0.789207 -0.543875 0.396620 0.905380 1 10 1.000000
  10 -1.222570 -2.796554 67.690277 -0.337373 -0.927009 0.163811 0.409050 0.897520 1 10 1.000000
  10 -0.633709 -2.921870 67.591667 -0.592389 -0.661467 -0.459931 0.453300 0.888200 1 10 1.000000
scout_head_blue
  10 -0.633709 -2.921870 67.591667 -0.592389 -0.661467 -0.459931 0.453300 0.888200 1 10 1.000000
  10 -0.305945 -3.495670 67.687614 -0.573099 -0.819482 -0.002608 0.484500 0.895800 1 10 1.000000
  10 -1.331841 -2.688534 67.798477 -0.285223 -0.789207 -0.543875 0.396620 0.905380 1 10 1.000000
scout_head_blue
  10 -0.305945 -3.495670 67.687614 -0.573099 -0.819482 -0.002608 0.484500 0.895800 1 10 1.000000
  10 -0.633709 -2.921870 67.591667 -0.592389 -0.661467 -0.459931 0.453300 0.888200 1 10 1.000000
  10 -0.652840 -2.841034 67.346878 -0.611051 -0.784131 0.108420 0.448820 0.873680 1 10 1.000000
scout_head_blue
  10 -0.652840 -2.841034 67.346878 -0.611051 -0.784131 0.108420 0.448820 0.873680 1 10 1.000000
  10 -0.529050 -3.371484 66.221489 -0.862323 -0.326801 0.386781 0.457330 0.793020 1 10 1.000000
  10 -0.305945 -3.495670 67.687614 -0.573099 -0.819482 -0.002608 0.484500 0.895800 1 10 1.000000
scout_head_blue
  10 -0.652840 -2.841034 67.346878 -0.611051 -0.784131 0.108420 0.448820 0.873680 1 10 1.000000
  10 -1.034450 -2.907724 66.819290 -0.516921 -0.799442 0.306081 0.423640 0.829220 1 10 1.000000
  10 -0.529050 -3.371484 66.221489 -0.862323 -0.326801 0.386781 0.457330 0.793020 1 10 1.000000
scout_head_blue
  10 -1.034450 -2.907724 66.819290 -0.516921 -0.799442 0.306081 0.423640 0.829220 1 10 1.000000
  10 -0.738292 -3.142495 65.756615 -0.736790 -0.672793 0.067002 0.443100 0.757600 1 10 1.000000
  10 -0.529050 -3.371484 66.221489 -0.862323 -0.326801 0.386781 0.457330 0.793020 1 10 1.000000
scout_head_blue
  10 3.410127 1.757226 67.862823 -0.179442 0.233837 0.955574 0.967300 0.819400 1 10 1.000000
  10 3.528813 1.985738 67.829224 0.760692 0.270754 0.589949 0.982900 0.805900 1 10 1.000000
  10 3.197880 2.195148 67.715813 0.479314 0.857846 0.185361 0.987700 0.817500 1 10 1.000000
scout_head_blue
  10 2.692119 -3.831729 67.685074 0.804299 -0.253275 0.537545 0.798700 0.521600 1 10 1.000000
  10 3.005191 -0.563653 68.147240 0.992890 -0.089741 0.078211 0.988350 0.620570 1 10 1.000000
  10 2.535031 -2.000336 68.783150 0.884136 -0.309662 0.349875 0.948300 0.619400 1 10 1.000000
scout_head_blue
  10 1.612080 4.094018 67.320442 0.252932 0.919157 -0.301952 0.898730 0.390740 1 10 1.000000
  10 0.923780 3.675548 65.470062 0.255013 0.918972 -0.300764 0.940040 0.293820 1 10 1.000000
  10 -0.054470 4.555818 67.330170 0.255013 0.918972 -0.300764 0.990350 0.396860 1 10 1.000000
scout_accessories
  10 -2.932641 -0.273031 66.154182 0.879207 -0.446763 -0.165522 0.190700 0.863100 1 10 1.000000
  10 -2.867035 -1.442995 65.469925 0.998163 0.023253 0.055945 0.182800 0.798600 1 10 1.000000
  10 -2.900598 -0.067399 65.777603 0.947712 -0.063700 -0.312704 0.210800 0.860000 1 10 1.000000
scout_accessories
  10 -2.932641 -0.273031 66.154182 0.879207 -0.446763 -0.165522 0.190700 0.863100 1 10 1.000000
  10 -3.071261 -0.744283 67.149353 0.004020 -0.999991 0.001440 0.198150 0.930350 1 10 1.000000
  10 -3.212291 -0.282653 66.109680 0.071551 -0.907978 -0.412864 0.174640 0.864370 1 10 1.000000
scout_accessories
  10 -3.071261 -0.744283 67.149353 0.004020 -0.999991 0.001440 0.198150 0.930350 1 10 1.000000
  10 -3.367531 -0.746793 67.103561 0.004020 -0.999991 0.001440 0.183040 0.926550 1 10 1.000000
  10 -3.212291 -0.282653 66.109680 0.071551 -0.907978 -0.412864 0.174640 0.864370 1 10 1.000000
scout_accessories
  10 -3.071261 -0.744283 67.149353 0.004020 -0.999991 0.001440 0.198150 0.930350 1 10 1.000000
  10 -3.509861 -0.317793 68.012871 -0.125261 -0.678284 0.724044 0.152360 0.969990 1 10 1.000000
  10 -3.367531 -0.746793 67.103561 0.004020 -0.999991 0.001440 0.183040 0.926550 1 10 1.000000
scout_accessories
  10 -3.213071 -0.319533 68.060478 -0.125261 -0.678284 0.724044 0.160920 0.983320 1 10 1.000000
  10 -3.509861 -0.317793 68.012871 -0.125261 -0.678284 0.724044 0.152360 0.969990 1 10 1.000000
  10 -3.071261 -0.744283 67.149353 0.004020 -0.999991 0.001440 0.198150 0.930350 1 10 1.000000
scout_accessories
  10 -3.509861 -0.317793 68.012871 -0.125261 -0.678284 0.724044 0.152360 0.969990 1 10 1.000000
  10 -3.213071 -0.319533 68.060478 -0.125261 -0.678284 0.724044 0.160920 0.983320 1 10 1.000000
  10 -3.271811 0.664587 68.424881 -0.179182 0.022930 0.983549 0.094780 0.996780 1 10 1.000000
scout_accessories
  10 -3.568651 0.672047 68.368347 -0.179182 0.022930 0.983549 0.097360 0.980890 1 10 1.000000
  10 -3.509861 -0.317793 68.012871 -0.125261 -0.678284 0.724044 0.152360 0.969990 1 10 1.000000
  10 -3.271811 0.664587 68.424881 -0.179182 0.022930 0.983549 0.094780 0.996780 1 10 1.000000
scout_accessories
  10 -3.271811 0.664587 68.424881 -0.179182 0.022930 0.983549 0.094780 0.996780 1 10 1.000000
  10 -3.213071 1.636937 68.018982 -0.111441 0.710385 0.694935 0.037210 0.960930 1 10 1.000000
  10 -3.568651 0.672047 68.368347 -0.179182 0.022930 0.983549 0.097360 0.980890 1 10 1.000000
scout_accessories
  10 -3.213071 1.636937 68.018982 -0.111441 0.710385 0.694935 0.037210 0.960930 1 10 1.000000
  10 -3.509691 1.649327 67.958321 -0.111441 0.710385 0.694935 0.049420 0.950590 1 10 1.000000
  10 -3.568651 0.672047 68.368347 -0.179182 0.022930 0.983549 0.097360 0.980890 1 10 1.000000
scout_accessories
  10 -3.213071 1.636937 68.018982 -0.111441 0.710385 0.694935 0.037210 0.960930 1 10 1.000000
  10 -3.071261 2.029527 67.077477 0.028250 0.999465 -0.016470 0.021070 0.896340 1 10 1.000000
  10 -3.509691 1.649327 67.958321 -0.111441 0.710385 0.694935 0.049420 0.950590 1 10 1.000000
scout_accessories
  10 -2.932051 1.608142 66.162651 0.288840 0.709532 -0.642756 0.053200 0.839500 1 10 1.000000
  10 -3.225601 1.610937 66.114311 0.130801 0.720144 -0.681384 0.065420 0.851320 1 10 1.000000
  10 -3.071261 2.029527 67.077477 0.028250 0.999465 -0.016470 0.021070 0.896340 1 10 1.000000
scout_accessories
  10 -3.225601 1.610937 66.114311 0.130801 0.720144 -0.681384 0.065420 0.851320 1 10 1.000000
  10 -2.932051 1.608142 66.162651 0.288840 0.709532 -0.642756 0.053200 0.839500 1 10 1.000000
  10 -3.133097 0.582665 65.522781 0.786310 0.102973 -0.609191 0.121800 0.831000 1 10 1.000000
scout_accessories
  10 -2.932051 1.608142 66.162651 0.288840 0.709532 -0.642756 0.053200 0.839500 1 10 1.000000
  10 -2.900598 -0.067399 65.777603 0.947712 -0.063700 -0.312704 0.156600 0.819500 1 10 1.000000
  10 -3.133097 0.582665 65.522781 0.786310 0.102973 -0.609191 0.121800 0.831000 1 10 1.000000
scout_accessories
  10 -2.900598 -0.067399 65.777603 0.947712 -0.063700 -0.312704 0.156600 0.819500 1 10 1.000000
  10 -3.172892 -0.061139 65.735168 0.150226 -0.318063 -0.936092 0.157200 0.836300 1 10 1.000000
  10 -3.133097 0.582665 65.522781 0.786310 0.102973 -0.609191 0.121800 0.831000 1 10 1.000000
scout_accessories
  10 -2.932641 -0.273031 66.154182 0.879207 -0.446763 -0.165522 0.168600 0.800400 1 10 1.000000
  10 -2.900598 -0.067399 65.777603 0.947712 -0.063700 -0.312704 0.156600 0.819500 1 10 1.000000
  10 -2.932051 1.608142 66.162651 0.288840 0.709532 -0.642756 0.053200 0.839500 1 10 1.000000
scout_accessories
  10 -3.212291 -0.282653 66.109680 -0.983317 -0.024650 -0.180221 0.241180 0.849360 1 10 1.000000
  10 -3.157091 -0.069043 65.736862 -0.983317 -0.024650 -0.180221 0.222340 0.856350 1 10 1.000000
  10 -2.728992 -2.643138 64.943718 -0.288132 0.107008 -0.951593 0.200600 0.734900 1 10 1.000000
scout_accessories
  10 -3.157091 -0.069043 65.736862 -0.983317 -0.024650 -0.180221 0.222340 0.856350 1 10 1.000000
  10 -2.540929 -2.588303 64.904114 -0.228167 0.081555 -0.970200 0.177300 0.739300 1 10 1.000000
  10 -2.728992 -2.643138 64.943718 -0.288132 0.107008 -0.951593 0.200600 0.734900 1 10 1.000000
scout_accessories
  10 -2.540929 -2.588303 64.904114 -0.228167 0.081555 -0.970200 0.177300 0.739300 1 10 1.000000
  10 -1.882858 -3.634620 64.831879 -0.191089 -0.052532 -0.980166 0.166200 0.688000 1 10 1.000000
  10 -2.728992 -2.643138 64.943718 -0.288132 0.107008 -0.951593 0.200600 0.734900 1 10 1.000000
scout_accessories
  10 -3.212329 -0.282499 66.109711 -0.713494 -0.700596 0.009602 0.174600 0.864400 1 10 1.000000
  10 -2.867035 -1.442995 65.469925 0.418135 -0.330728 0.846039 0.182800 0.798600 1 10 1.000000
  10 -2.932641 -0.273031 66.154182 0.703585 -0.307218 0.640770 0.190700 0.863100 1 10 1.000000
scout_accessories
  10 -2.707330 -2.649933 64.945198 0.165491 -0.156871 0.973655 0.169180 0.741990 1 10 1.000000
  10 -2.867035 -1.442995 65.469925 0.418135 -0.330728 0.846039 0.182800 0.798600 1 10 1.000000
  10 -3.212329 -0.282499 66.109711 -0.713494 -0.700596 0.009602 0.174600 0.864400 1 10 1.000000
scout_accessories
  10 -2.519440 -2.594593 64.905487 0.165491 -0.156871 0.973655 0.177280 0.739260 1 10 1.000000
  10 -2.867035 -1.442995 65.469925 0.418135 -0.330728 0.846039 0.182800 0.798600 1 10 1.000000
  10 -2.707330 -2.649933 64.945198 0.165491 -0.156871 0.973655 0.169180 0.741990 1 10 1.000000
scout_accessories
  10 -2.707330 -2.649933 64.945198 0.165491 -0.156871 0.973655 0.169180 0.741990 1 10 1.000000
  10 -1.858790 -3.639324 64.832863 0.230342 0.087501 0.969168 0.166200 0.687950 1 10 1.000000
  10 -2.519440 -2.594593 64.905487 0.165491 -0.156871 0.973655 0.177280 0.739260 1 10 1.000000
scout_accessories
  10 -3.941067 0.005451 67.638847 -0.898568 -0.354179 0.259100 0.134400 0.943800 1 10 1.000000
  10 -3.584106 0.680975 68.366325 -0.810390 0.054389 0.583361 0.097400 0.980900 1 10 1.000000
  10 -3.978737 0.672939 67.863602 -0.920338 0.108758 0.375698 0.103200 0.949300 1 10 1.000000
scout_accessories
  10 -3.527539 -0.309066 68.010971 -0.758660 -0.497446 0.420694 0.152400 0.970000 1 10 1.000000
  10 -3.584106 0.680975 68.366325 -0.810390 0.054389 0.583361 0.097400 0.980900 1 10 1.000000
  10 -3.941067 0.005451 67.638847 -0.898568 -0.354179 0.259100 0.134400 0.943800 1 10 1.000000
scout_accessories
  10 -3.829600 -0.287295 67.030899 -0.835281 -0.506892 -0.212993 0.151200 0.918300 1 10 1.000000
  10 -3.527539 -0.309066 68.010971 -0.758660 -0.497446 0.420694 0.152400 0.970000 1 10 1.000000
  10 -3.941067 0.005451 67.638847 -0.898568 -0.354179 0.259100 0.134400 0.943800 1 10 1.000000
scout_accessories
  10 -3.367531 -0.746793 67.103561 -0.818736 -0.560644 -0.123891 0.183040 0.926550 1 10 1.000000
  10 -3.527539 -0.309066 68.010971 -0.758660 -0.497446 0.420694 0.152400 0.970000 1 10 1.000000
  10 -3.829600 -0.287295 67.030899 -0.835281 -0.506892 -0.212993 0.151200 0.918300 1 10 1.000000
scout_accessories
  10 -3.571401 -0.037593 66.449768 -0.834035 -0.400293 -0.379672 0.150410 0.884990 1 10 1.000000
  10 -3.367531 -0.746793 67.103561 -0.818736 -0.560644 -0.123891 0.183040 0.926550 1 10 1.000000
  10 -3.829600 -0.287295 67.030899 -0.835281 -0.506892 -0.212993 0.151200 0.918300 1 10 1.000000
scout_accessories
  10 -3.212329 -0.282499 66.109711 -0.713494 -0.700596 0.009602 0.174600 0.864400 1 10 1.000000
  10 -3.367531 -0.746793 67.103561 -0.818736 -0.560644 -0.123891 0.183040 0.926550 1 10 1.000000
  10 -3.571401 -0.037593 66.449768 -0.834035 -0.400293 -0.379672 0.150410 0.884990 1 10 1.000000
scout_accessories
  10 -3.212329 -0.282499 66.109711 -0.713494 -0.700596 0.009602 0.174600 0.864400 1 10 1.000000
  10 -3.571401 -0.037593 66.449768 -0.834035 -0.400293 -0.379672 0.150410 0.884990 1 10 1.000000
  10 -3.157091 -0.069043 65.736862 -0.765847 -0.365643 -0.528945 0.157150 0.836290 1 10 1.000000
scout_accessories
  10 -3.157091 -0.069043 65.736862 -0.765847 -0.365643 -0.528945 0.157150 0.836290 1 10 1.000000
  10 -3.571401 -0.037593 66.449768 -0.834035 -0.400293 -0.379672 0.150410 0.884990 1 10 1.000000
  10 -3.546521 0.627579 66.163734 -0.862130 -0.004787 -0.506664 0.118000 0.865500 1 10 1.000000
scout_accessories
  10 -3.118980 0.574897 65.524452 -0.742386 0.021270 -0.669635 0.121830 0.830990 1 10 1.000000
  10 -3.157091 -0.069043 65.736862 -0.765847 -0.365643 -0.528945 0.157150 0.836290 1 10 1.000000
  10 -3.546521 0.627579 66.163734 -0.862130 -0.004787 -0.506664 0.118000 0.865500 1 10 1.000000
scout_accessories
  10 -3.546521 0.627579 66.163734 -0.862130 -0.004787 -0.506664 0.118000 0.865500 1 10 1.000000
  10 -3.571401 1.283017 66.396622 -0.837523 0.333951 -0.432472 0.082400 0.872810 1 10 1.000000
  10 -3.118980 0.574897 65.524452 -0.742386 0.021270 -0.669635 0.121830 0.830990 1 10 1.000000
scout_accessories
  10 -3.225601 1.610937 66.114311 -0.763559 0.455915 -0.457295 0.065420 0.851320 1 10 1.000000
  10 -3.118980 0.574897 65.524452 -0.742386 0.021270 -0.669635 0.121830 0.830990 1 10 1.000000
  10 -3.571401 1.283017 66.396622 -0.837523 0.333951 -0.432472 0.082400 0.872810 1 10 1.000000
scout_accessories
  10 -3.666151 1.571337 66.996819 -0.831565 0.537593 -0.139621 0.063280 0.902250 1 10 1.000000
  10 -3.225601 1.610937 66.114311 -0.763559 0.455915 -0.457295 0.065420 0.851320 1 10 1.000000
  10 -3.571401 1.283017 66.396622 -0.837523 0.333951 -0.432472 0.082400 0.872810 1 10 1.000000
scout_accessories
  10 -3.074063 2.031436 67.077080 0.495826 0.866539 0.057164 0.021100 0.896300 1 10 1.000000
  10 -3.225601 1.610937 66.114311 -0.763559 0.455915 -0.457295 0.065420 0.851320 1 10 1.000000
  10 -3.666151 1.571337 66.996819 -0.831565 0.537593 -0.139621 0.063280 0.902250 1 10 1.000000
scout_accessories
  10 -3.074063 2.031436 67.077080 0.495826 0.866539 0.057164 0.021100 0.896300 1 10 1.000000
  10 -3.666151 1.571337 66.996819 -0.831565 0.537593 -0.139621 0.063280 0.902250 1 10 1.000000
  10 -3.509691 1.649327 67.958321 -0.881687 0.391783 0.262932 0.049420 0.950590 1 10 1.000000
scout_accessories
  10 -3.760911 1.316457 67.611771 -0.881687 0.391783 0.262932 0.071230 0.935960 1 10 1.000000
  10 -3.509691 1.649327 67.958321 -0.881687 0.391783 0.262932 0.049420 0.950590 1 10 1.000000
  10 -3.666151 1.571337 66.996819 -0.831565 0.537593 -0.139621 0.063280 0.902250 1 10 1.000000
scout_accessories
  10 -3.509691 1.649327 67.958321 -0.881687 0.391783 0.262932 0.049420 0.950590 1 10 1.000000
  10 -3.760911 1.316457 67.611771 -0.881687 0.391783 0.262932 0.071230 0.935960 1 10 1.000000
  10 -3.584106 0.680975 68.366325 -0.810390 0.054389 0.583361 0.097400 0.980900 1 10 1.000000
scout_accessories
  10 -3.978737 0.672939 67.863602 -0.920338 0.108758 0.375698 0.103200 0.949300 1 10 1.000000
  10 -3.584106 0.680975 68.366325 -0.810390 0.054389 0.583361 0.097400 0.980900 1 10 1.000000
  10 -3.760911 1.316457 67.611771 -0.881687 0.391783 0.262932 0.071230 0.935960 1 10 1.000000
scout_accessories
  10 -3.760911 1.316457 67.611771 -0.881687 0.391783 0.262932 0.071230 0.935960 1 10 1.000000
  10 -3.977551 0.625847 67.012756 -0.988785 -0.006520 -0.149201 0.110610 0.912280 1 10 1.000000
  10 -3.978737 0.672939 67.863602 -0.920338 0.108758 0.375698 0.103200 0.949300 1 10 1.000000
scout_accessories
  10 -3.978737 0.672939 67.863602 -0.920338 0.108758 0.375698 0.103200 0.949300 1 10 1.000000
  10 -3.977551 0.625847 67.012756 -0.988785 -0.006520 -0.149201 0.110610 0.912280 1 10 1.000000
  10 -3.941067 0.005451 67.638847 -0.898568 -0.354179 0.259100 0.134400 0.943800 1 10 1.000000
scout_accessories
  10 -3.941067 0.005451 67.638847 -0.898568 -0.354179 0.259100 0.134400 0.943800 1 10 1.000000
  10 -3.977551 0.625847 67.012756 -0.988785 -0.006520 -0.149201 0.110610 0.912280 1 10 1.000000
  10 -3.829600 -0.287295 67.030899 -0.835281 -0.506892 -0.212993 0.151200 0.918300 1 10 1.000000
scout_accessories
  10 -3.829600 -0.287295 67.030899 -0.835281 -0.506892 -0.212993 0.151200 0.918300 1 10 1.000000
  10 -3.977551 0.625847 67.012756 -0.988785 -0.006520 -0.149201 0.110610 0.912280 1 10 1.000000
  10 -3.571401 -0.037593 66.449768 -0.834035 -0.400293 -0.379672 0.150410 0.884990 1 10 1.000000
scout_accessories
  10 -3.571401 -0.037593 66.449768 -0.834035 -0.400293 -0.379672 0.150410 0.884990 1 10 1.000000
  10 -3.977551 0.625847 67.012756 -0.988785 -0.006520 -0.149201 0.110610 0.912280 1 10 1.000000
  10 -3.546521 0.627579 66.163734 -0.862130 -0.004787 -0.506664 0.118000 0.865500 1 10 1.000000
scout_accessories
  10 -3.546521 0.627579 66.163734 -0.862130 -0.004787 -0.506664 0.118000 0.865500 1 10 1.000000
  10 -3.977551 0.625847 67.012756 -0.988785 -0.006520 -0.149201 0.110610 0.912280 1 10 1.000000
  10 -3.571401 1.283017 66.396622 -0.837523 0.333951 -0.432472 0.082400 0.872810 1 10 1.000000
scout_accessories
  10 -3.571401 1.283017 66.396622 -0.837523 0.333951 -0.432472 0.082400 0.872810 1 10 1.000000
  10 -3.977551 0.625847 67.012756 -0.988785 -0.006520 -0.149201 0.110610 0.912280 1 10 1.000000
  10 -3.666151 1.571337 66.996819 -0.831565 0.537593 -0.139621 0.063280 0.902250 1 10 1.000000
scout_accessories
  10 -3.666151 1.571337 66.996819 -0.831565 0.537593 -0.139621 0.063280 0.902250 1 10 1.000000
  10 -3.977551 0.625847 67.012756 -0.988785 -0.006520 -0.149201 0.110610 0.912280 1 10 1.000000
  10 -3.760911 1.316457 67.611771 -0.881687 0.391783 0.262932 0.071230 0.935960 1 10 1.000000
scout_accessories
  0 -5.783521 -3.326299 38.689320 0.125860 -0.050480 -0.990763 0.061080 0.831480 2 0 0.768769 41 0.231231
  0 -6.049800 -4.043849 38.692059 0.125860 -0.050480 -0.990763 0.026820 0.831480 2 0 0.768769 41 0.231231
  0 -6.098030 -2.632609 38.614021 0.125860 -0.050480 -0.990763 0.085310 0.807250 2 0 0.885886 41 0.114114
scout_accessories
  0 -6.049800 -4.043849 38.692059 0.125860 -0.050480 -0.990763 0.026820 0.831480 2 0 0.768769 41 0.231231
  0 -6.740880 -4.364929 38.620621 0.125860 -0.050480 -0.990763 0.002600 0.807250 2 0 0.768769 41 0.231231
  0 -6.098030 -2.632609 38.614021 0.125860 -0.050480 -0.990763 0.085310 0.807250 2 0 0.885886 41 0.114114
scout_accessories
  0 -6.740880 -4.364929 38.620621 0.125860 -0.050480 -0.990763 0.002600 0.807250 2 0 0.768769 41 0.231231
  0 -7.451941 -4.101449 38.516861 0.125860 -0.050480 -0.990763 0.002600 0.772990 2 0 0.885886 41 0.114114
  0 -6.098030 -2.632609 38.614021 0.125860 -0.050480 -0.990763 0.085310 0.807250 2 0 0.885886 41 0.114114
scout_accessories
  0 -7.451941 -4.101449 38.516861 0.125860 -0.050480 -0.990763 0.002600 0.772990 2 0 0.885886 41 0.114114
  0 -7.766440 -3.407759 38.441559 0.125860 -0.050480 -0.990763 0.026820 0.748770 2 0 0.885886 41 0.114114
  0 -6.098030 -2.632609 38.614021 0.125860 -0.050480 -0.990763 0.085310 0.807250 2 0 0.885886 41 0.114114
scout_accessories
  0 -7.766440 -3.407759 38.441559 0.125860 -0.050480 -0.990763 0.026820 0.748770 2 0 0.885886 41 0.114114
  0 -7.500160 -2.690220 38.438820 0.125860 -0.050480 -0.990763 0.061080 0.748770 2 0 0.885886 41 0.114114
  0 -6.098030 -2.632609 38.614021 0.125860 -0.050480 -0.990763 0.085310 0.807250 2 0 0.885886 41 0.114114
scout_accessories
  0 -7.500160 -2.690220 38.438820 0.125860 -0.050480 -0.990763 0.061080 0.748770 2 0 0.885886 41 0.114114
  0 -6.809081 -2.369139 38.510250 0.125860 -0.050480 -0.990763 0.085310 0.772990 2 0 0.885886 41 0.114114
  0 -6.098030 -2.632609 38.614021 0.125860 -0.050480 -0.990763 0.085310 0.807250 2 0 0.885886 41 0.114114
scout_accessories
  7 -8.545912 -1.600747 55.598217 -0.658535 0.700733 -0.274417 0.644700 0.059100 3 7 0.284284 8 0.080080 27 0.635636
  8 -8.782124 -0.279002 59.449516 -0.656664 0.702347 -0.274774 0.893200 0.045100 3 8 0.166166 26 0.160160 27 0.673674
  8 -8.548014 -0.078328 59.490810 -0.658535 0.700733 -0.274417 0.899700 0.069200 3 8 0.166166 26 0.160160 27 0.673674
scout_accessories
  13 19.827757 3.113791 40.765068 -0.091931 0.536645 -0.838785 0.000000 0.000000 1 13 1.000000
  13 18.669331 2.726310 42.283676 -0.975101 0.198033 0.099801 0.000000 0.000000 1 13 1.000000
  13 18.854578 3.263731 42.033424 -0.653121 0.757082 0.016110 0.000000 0.000000 1 13 1.000000
scout_accessories
  13 19.766369 1.497720 40.844067 -0.132711 -0.670335 -0.730095 0.000000 0.000000 1 13 1.000000
  13 18.669331 2.726310 42.283676 -0.975101 0.198033 0.099801 0.000000 0.000000 1 13 1.000000
  13 19.827757 3.113791 40.765068 -0.091931 0.536645 -0.838785 0.000000 0.000000 1 13 1.000000
scout_accessories
  13 18.798828 1.599080 42.123165 -0.702114 -0.705705 0.094961 0.000000 0.000000 1 13 1.000000
  13 18.669331 2.726310 42.283676 -0.975101 0.198033 0.099801 0.000000 0.000000 1 13 1.000000
  13 19.766369 1.497720 40.844067 -0.132711 -0.670335 -0.730095 0.000000 0.000000 1 13 1.000000
scout_accessories
  0 -6.791799 -2.354288 44.075115 0.446226 0.602041 0.662139 0.085300 0.773000 3 0 0.442442 5 0.474475 6 0.083083
  0 -7.511784 -2.072368 43.967190 -0.104135 0.806837 0.581524 0.085300 0.807300 3 0 0.442442 5 0.474475 6 0.083083
  0 -6.488641 -3.032078 44.146873 0.690183 0.061712 0.720998 0.061100 0.748800 3 0 0.431864 5 0.489980 6 0.078156
scout_accessories
  0 -8.203539 -2.391771 43.895439 -0.641245 0.558900 0.525771 0.061100 0.831500 3 0 0.442442 5 0.474475 6 0.083083
  0 -8.460197 -3.129492 43.902618 -0.849070 0.000201 0.528280 0.026800 0.831500 3 0 0.442442 5 0.474475 6 0.083083
  0 -7.511784 -2.072368 43.967190 -0.104135 0.806837 0.581524 0.085300 0.807300 3 0 0.442442 5 0.474475 6 0.083083
scout_accessories
  0 -7.511784 -2.072368 43.967190 -0.104135 0.806837 0.581524 0.085300 0.807300 3 0 0.442442 5 0.474475 6 0.083083
  0 -8.460197 -3.129492 43.902618 -0.849070 0.000201 0.528280 0.026800 0.831500 3 0 0.442442 5 0.474475 6 0.083083
  0 -6.488641 -3.032078 44.146873 0.690183 0.061712 0.720998 0.061100 0.748800 3 0 0.431864 5 0.489980 6 0.078156
scout_accessories
  0 -8.460197 -3.129492 43.902618 -0.849070 0.000201 0.528280 0.026800 0.831500 3 0 0.442442 5 0.474475 6 0.083083
  0 -7.448548 -4.068326 44.077652 -0.055085 -0.742770 0.667277 0.002600 0.773000 3 0 0.442442 5 0.474475 6 0.083083
  0 -6.488641 -3.032078 44.146873 0.690183 0.061712 0.720998 0.061100 0.748800 3 0 0.431864 5 0.489980 6 0.078156
scout_accessories
  0 -6.744575 -3.764249 44.152843 0.483604 -0.493709 0.722757 0.026800 0.748800 3 0 0.431864 5 0.489980 6 0.078156
  0 -6.488641 -3.032078 44.146873 0.690183 0.061712 0.720998 0.061100 0.748800 3 0 0.431864 5 0.489980 6 0.078156
  0 -7.448548 -4.068326 44.077652 -0.055085 -0.742770 0.667277 0.002600 0.773000 3 0 0.442442 5 0.474475 6 0.083083
scout_accessories
  0 -8.158834 -3.803088 43.973450 -0.606539 -0.536914 0.586374 0.002600 0.807300 3 0 0.442442 5 0.474475 6 0.083083
  0 -7.448548 -4.068326 44.077652 -0.055085 -0.742770 0.667277 0.002600 0.773000 3 0 0.442442 5 0.474475 6 0.083083
  0 -8.460197 -3.129492 43.902618 -0.849070 0.000201 0.528280 0.026800 0.831500 3 0 0.442442 5 0.474475 6 0.083083
scout_accessories
  5 -5.480810 1.157240 43.179790 0.703996 -0.173812 0.688606 0.401100 0.587980 3 5 0.504505 0 0.281281 6 0.214214
  5 -4.536910 2.900250 43.206848 0.516474 -0.510684 0.687355 0.486170 0.582300 3 5 0.491587 0 0.265625 6 0.242789
  5 -5.333740 3.618190 43.134628 -0.537666 0.499416 0.679338 0.496470 0.627100 3 5 0.491587 0 0.265625 6 0.242789
scout_accessories
  0 -7.044750 -3.056590 40.311020 -0.577843 -0.577253 -0.576953 0.247420 0.735670 1 0 1.000000
  0 -6.024750 1.255520 40.311020 0.627756 -0.147241 -0.764357 0.403600 0.762840 2 0 0.761762 41 0.238238
  0 -6.024750 -3.056590 40.311024 0.545452 -0.583922 -0.601262 0.249620 0.772090 2 0 0.826403 5 0.173597
scout_accessories
  0 -7.044750 1.255520 40.311020 -0.670803 0.209591 -0.711403 0.395380 0.729840 2 0 0.795796 41 0.204204
  0 -6.024750 1.255520 40.311020 0.627756 -0.147241 -0.764357 0.403600 0.762840 2 0 0.761762 41 0.238238
  0 -7.044750 -3.056590 40.311020 -0.577843 -0.577253 -0.576953 0.247420 0.735670 1 0 1.000000
scout_accessories
  0 -7.044750 1.255520 40.311020 -0.670803 0.209591 -0.711403 0.395380 0.729840 2 0 0.795796 41 0.204204
  0 -4.500610 3.346400 40.331242 0.468824 -0.421424 -0.776277 0.511060 0.761610 3 0 0.765531 41 0.138277 5 0.096192
  0 -6.024750 1.255520 40.311020 0.627756 -0.147241 -0.764357 0.403600 0.762840 2 0 0.761762 41 0.238238
scout_accessories
  0 -6.011580 2.892390 40.383041 -0.562156 0.464615 -0.684188 0.459420 0.730760 2 0 0.761762 41 0.238238
  0 -4.500610 3.346400 40.331242 0.468824 -0.421424 -0.776277 0.511060 0.761610 3 0 0.765531 41 0.138277 5 0.096192
  0 -7.044750 1.255520 40.311020 -0.670803 0.209591 -0.711403 0.395380 0.729840 2 0 0.795796 41 0.204204
scout_accessories
  0 -6.011580 2.892390 40.383041 -0.562156 0.464615 -0.684188 0.459420 0.730760 2 0 0.761762 41 0.238238
  0 -5.037030 3.766090 40.377911 -0.516906 0.520456 -0.679658 0.508430 0.733140 3 0 0.765531 41 0.138277 5 0.096192
  0 -4.500610 3.346400 40.331242 0.468824 -0.421424 -0.776277 0.511060 0.761610 3 0 0.765531 41 0.138277 5 0.096192
scout_accessories
  0 -5.037030 3.766090 40.377911 -0.516906 0.520456 -0.679658 0.508430 0.733140 3 0 0.765531 41 0.138277 5 0.096192
  0 -6.011580 2.892390 40.383041 -0.562156 0.464615 -0.684188 0.459420 0.730760 2 0 0.761762 41 0.238238
  5 -5.333740 3.618190 43.134628 -0.537666 0.499416 0.679338 0.496470 0.627100 3 5 0.491587 0 0.265625 6 0.242789
scout_accessories
  5 -7.036120 1.252750 43.068275 -0.683016 0.203592 0.701456 0.394300 0.640200 3 5 0.508016 0 0.273547 6 0.218437
  5 -5.333740 3.618190 43.134628 -0.537666 0.499416 0.679338 0.496470 0.627100 3 5 0.491587 0 0.265625 6 0.242789
  0 -6.011580 2.892390 40.383041 -0.562156 0.464615 -0.684188 0.459420 0.730760 2 0 0.761762 41 0.238238
scout_accessories
  5 -7.036120 1.252750 43.068275 -0.683016 0.203592 0.701456 0.394300 0.640200 3 5 0.508016 0 0.273547 6 0.218437
  5 -5.480810 1.157240 43.179790 0.703996 -0.173812 0.688606 0.401100 0.587980 3 5 0.504505 0 0.281281 6 0.214214
  5 -5.333740 3.618190 43.134628 -0.537666 0.499416 0.679338 0.496470 0.627100 3 5 0.491587 0 0.265625 6 0.242789
scout_accessories
  5 -7.036120 1.252750 43.068275 -0.683016 0.203592 0.701456 0.394300 0.640200 3 5 0.508016 0 0.273547 6 0.218437
  5 -7.044750 -3.056590 43.191021 -0.597047 -0.561507 0.572927 0.247420 0.633560 3 5 0.474475 0 0.442442 6 0.083083
  5 -5.480810 1.157240 43.179790 0.703996 -0.173812 0.688606 0.401100 0.587980 3 5 0.504505 0 0.281281 6 0.214214
scout_accessories
  5 -6.024750 -3.056590 43.191021 0.566918 -0.623069 0.538878 0.249860 0.597270 3 5 0.474475 0 0.442442 6 0.083083
  5 -5.480810 1.157240 43.179790 0.703996 -0.173812 0.688606 0.401100 0.587980 3 5 0.504505 0 0.281281 6 0.214214
  5 -7.044750 -3.056590 43.191021 -0.597047 -0.561507 0.572927 0.247420 0.633560 3 5 0.474475 0 0.442442 6 0.083083
scout_accessories
  0 -6.024750 -3.056590 40.311024 0.545452 -0.583922 -0.601262 0.211260 0.735680 2 0 0.826403 5 0.173597
  5 -6.024750 -3.056590 43.191021 0.566918 -0.623069 0.538878 0.211260 0.633570 3 5 0.474475 0 0.442442 6 0.083083
  0 -7.044750 -3.056590 40.311020 -0.577843 -0.577253 -0.576953 0.247420 0.735670 1 0 1.000000
scout_accessories
  0 -7.044750 -3.056590 40.311020 -0.577843 -0.577253 -0.576953 0.247420 0.735670 1 0 1.000000
  5 -6.024750 -3.056590 43.191021 0.566918 -0.623069 0.538878 0.211260 0.633570 3 5 0.474475 0 0.442442 6 0.083083
  5 -7.044750 -3.056590 43.191021 -0.597047 -0.561507 0.572927 0.247420 0.633560 3 5 0.474475 0 0.442442 6 0.083083
scout_accessories
  0 -7.044750 -3.056590 40.311020 -0.577843 -0.577253 -0.576953 0.247420 0.735670 1 0 1.000000
  5 -7.044750 -3.056590 43.191021 -0.597047 -0.561507 0.572927 0.247420 0.633560 3 5 0.474475 0 0.442442 6 0.083083
  0 -7.044750 1.255520 40.311020 -0.670803 0.209591 -0.711403 0.395380 0.729840 2 0 0.795796 41 0.204204
scout_accessories
  5 -7.044750 -3.056590 43.191021 -0.597047 -0.561507 0.572927 0.247420 0.633560 3 5 0.474475 0 0.442442 6 0.083083
  5 -7.036120 1.252750 43.068275 -0.683016 0.203592 0.701456 0.394300 0.640200 3 5 0.508016 0 0.273547 6 0.218437
  0 -7.044750 1.255520 40.311020 -0.670803 0.209591 -0.711403 0.395380 0.729840 2 0 0.795796 41 0.204204
scout_accessories
  0 -7.044750 1.255520 40.311020 -0.670803 0.209591 -0.711403 0.395380 0.729840 2 0 0.795796 41 0.204204
  5 -7.036120 1.252750 43.068275 -0.683016 0.203592 0.701456 0.394300 0.640200 3 5 0.508016 0 0.273547 6 0.218437
  0 -6.011580 2.892390 40.383041 -0.562156 0.464615 -0.684188 0.459420 0.730760 2 0 0.761762 41 0.238238
scout_accessories
  5 2.758000 3.871930 43.224575 -0.092541 0.000000 0.995709 0.198250 0.251570 3 5 0.535070 6 0.355712 0 0.109218
  5 3.940020 2.451660 43.334431 -0.092541 0.000000 0.995709 0.091790 0.259500 3 5 0.471944 6 0.351703 0 0.176353
  5 4.843440 2.947160 43.418400 -0.092541 0.000000 0.995709 0.075850 0.202050 3 5 0.491587 0 0.265625 6 0.242789
scout_accessories
  5 3.403840 4.676930 43.284603 -0.092541 0.000000 0.995709 0.195920 0.195990 3 5 0.535070 6 0.355712 0 0.109218
  5 2.758000 3.871930 43.224575 -0.092541 0.000000 0.995709 0.198250 0.251570 3 5 0.535070 6 0.355712 0 0.109218
  5 4.843440 2.947160 43.418400 -0.092541 0.000000 0.995709 0.075850 0.202050 3 5 0.491587 0 0.265625 6 0.242789
scout_accessories
  5 1.124780 4.729810 43.072781 -0.092541 0.000000 0.995709 0.309240 0.253510 3 5 0.414830 6 0.364730 0 0.220441
  5 2.758000 3.871930 43.224575 -0.092541 0.000000 0.995709 0.198250 0.251570 3 5 0.535070 6 0.355712 0 0.109218
  5 3.403840 4.676930 43.284603 -0.092541 0.000000 0.995709 0.195920 0.195990 3 5 0.535070 6 0.355712 0 0.109218
scout_accessories
  5 1.414720 5.721749 43.099712 -0.092541 0.000000 0.995709 0.309700 0.195090 3 5 0.414414 6 0.365365 0 0.220220
  5 1.124780 4.729810 43.072781 -0.092541 0.000000 0.995709 0.309240 0.253510 3 5 0.414830 6 0.364730 0 0.220441
  5 3.403840 4.676930 43.284603 -0.092541 0.000000 0.995709 0.195920 0.195990 3 5 0.535070 6 0.355712 0 0.109218
scout_accessories
  5 -0.711000 4.894680 42.902153 -0.092541 0.000000 0.995709 0.430370 0.261230 3 5 0.414830 6 0.364730 0 0.220441
  5 1.124780 4.729810 43.072781 -0.092541 0.000000 0.995709 0.309240 0.253510 3 5 0.414830 6 0.364730 0 0.220441
  5 1.414720 5.721749 43.099712 -0.092541 0.000000 0.995709 0.309700 0.195090 3 5 0.414414 6 0.365365 0 0.220220
scout_accessories
  5 -0.821090 5.922539 42.891914 -0.092541 0.000000 0.995709 0.431630 0.197030 3 5 0.414414 6 0.365365 0 0.220220
  5 -0.711000 4.894680 42.902153 -0.092541 0.000000 0.995709 0.430370 0.261230 3 5 0.414830 6 0.364730 0 0.220441
  5 1.414720 5.721749 43.099712 -0.092541 0.000000 0.995709 0.309700 0.195090 3 5 0.414414 6 0.365365 0 0.220220
scout_accessories
  5 -2.469860 4.341441 42.738686 -0.092541 0.000000 0.995709 0.567620 0.271030 3 5 0.535070 6 0.355712 0 0.109218
  5 -0.711000 4.894680 42.902153 -0.092541 0.000000 0.995709 0.430370 0.261230 3 5 0.414830 6 0.364730 0 0.220441
  5 -0.821090 5.922539 42.891914 -0.092541 0.000000 0.995709 0.431630 0.197030 3 5 0.414414 6 0.365365 0 0.220220
scout_accessories
  6 -2.963239 5.248750 42.692818 -0.092541 0.000000 0.995709 0.564650 0.203750 1 6 1.000000
  5 -2.469860 4.341441 42.738686 -0.092541 0.000000 0.995709 0.567620 0.271030 3 5 0.535070 6 0.355712 0 0.109218
  5 -0.821090 5.922539 42.891914 -0.092541 0.000000 0.995709 0.431630 0.197030 3 5 0.414414 6 0.365365 0 0.220220
scout_accessories
  5 -3.884040 3.154330 42.607239 -0.092541 0.000000 0.995709 0.689540 0.258050 3 5 0.490431 0 0.263158 6 0.246412
  5 -2.469860 4.341441 42.738686 -0.092541 0.000000 0.995709 0.567620 0.271030 3 5 0.535070 6 0.355712 0 0.109218
  6 -2.963239 5.248750 42.692818 -0.092541 0.000000 0.995709 0.564650 0.203750 1 6 1.000000
scout_accessories
  0 -4.685590 3.802960 42.532742 -0.092541 0.000000 0.995709 0.686820 0.199290 3 0 0.348614 41 0.342218 5 0.309168
  5 -3.884040 3.154330 42.607239 -0.092541 0.000000 0.995709 0.689540 0.258050 3 5 0.490431 0 0.263158 6 0.246412
  6 -2.963239 5.248750 42.692818 -0.092541 0.000000 0.995709 0.564650 0.203750 1 6 1.000000
scout_accessories
  5 -4.738230 1.514070 42.527847 -0.092541 0.000000 0.995709 0.800510 0.251600 3 5 0.504505 0 0.281281 6 0.214214
  5 -3.884040 3.154330 42.607239 -0.092541 0.000000 0.995709 0.689540 0.258050 3 5 0.490431 0 0.263158 6 0.246412
  0 -4.685590 3.802960 42.532742 -0.092541 0.000000 0.995709 0.686820 0.199290 3 0 0.348614 41 0.342218 5 0.309168
scout_accessories
  0 -5.725921 1.805260 42.436050 -0.092541 0.000000 0.995709 0.800630 0.195920 3 0 0.597194 41 0.212425 5 0.190381
  5 -4.738230 1.514070 42.527847 -0.092541 0.000000 0.995709 0.800510 0.251600 3 5 0.504505 0 0.281281 6 0.214214
  0 -4.685590 3.802960 42.532742 -0.092541 0.000000 0.995709 0.686820 0.199290 3 0 0.348614 41 0.342218 5 0.309168
scout_accessories
  0 -4.902400 -0.329620 42.512585 -0.092541 0.000000 0.995709 0.907230 0.255240 3 0 0.511022 5 0.425852 6 0.063126
  5 -4.738230 1.514070 42.527847 -0.092541 0.000000 0.995709 0.800510 0.251600 3 5 0.504505 0 0.281281 6 0.214214
  0 -5.725921 1.805260 42.436050 -0.092541 0.000000 0.995709 0.800630 0.195920 3 0 0.597194 41 0.212425 5 0.190381
scout_accessories
  0 -5.925850 -0.440190 42.417458 -0.092541 0.000000 0.995709 0.920860 0.197190 1 0 1.000000
  0 -4.902400 -0.329620 42.512585 -0.092541 0.000000 0.995709 0.907230 0.255240 3 0 0.511022 5 0.425852 6 0.063126
  0 -5.725921 1.805260 42.436050 -0.092541 0.000000 0.995709 0.800630 0.195920 3 0 0.597194 41 0.212425 5 0.190381
scout_accessories
  0 -6.024750 -3.056590 40.311024 0.545452 -0.583922 -0.601262 0.000000 0.000000 2 0 0.826403 5 0.173597
  5 -5.480810 1.157240 43.179790 0.703996 -0.173812 0.688606 0.000000 0.000000 3 5 0.504505 0 0.281281 6 0.214214
  5 -6.024750 -3.056590 43.191021 0.566918 -0.623069 0.538878 0.000000 0.000000 3 5 0.474475 0 0.442442 6 0.083083
scout_accessories
  0 -6.024750 1.255520 40.311020 0.627756 -0.147241 -0.764357 0.000000 0.000000 2 0 0.761762 41 0.238238
  5 -5.480810 1.157240 43.179790 0.703996 -0.173812 0.688606 0.000000 0.000000 3 5 0.504505 0 0.281281 6 0.214214
  0 -6.024750 -3.056590 40.311024 0.545452 -0.583922 -0.601262 0.000000 0.000000 2 0 0.826403 5 0.173597
scout_accessories
  0 -6.024750 1.255520 40.311020 0.627756 -0.147241 -0.764357 0.000000 0.000000 2 0 0.761762 41 0.238238
  5 -4.536910 2.900250 43.206848 0.516474 -0.510684 0.687355 0.000000 0.000000 3 5 0.491587 0 0.265625 6 0.242789
  5 -5.480810 1.157240 43.179790 0.703996 -0.173812 0.688606 0.000000 0.000000 3 5 0.504505 0 0.281281 6 0.214214
scout_accessories
  0 -4.500610 3.346400 40.331242 0.468824 -0.421424 -0.776277 0.000000 0.000000 3 0 0.765531 41 0.138277 5 0.096192
  5 -4.536910 2.900250 43.206848 0.516474 -0.510684 0.687355 0.000000 0.000000 3 5 0.491587 0 0.265625 6 0.242789
  0 -6.024750 1.255520 40.311020 0.627756 -0.147241 -0.764357 0.000000 0.000000 2 0 0.761762 41 0.238238
scout_accessories
  13 18.798828 1.599080 42.123165 -0.702114 -0.705705 0.094961 0.485650 0.895220 1 13 1.000000
  13 19.766369 1.497720 40.844067 -0.132711 -0.670335 -0.730095 0.485960 0.950010 1 13 1.000000
  13 19.816750 1.606470 42.892555 0.106681 -0.699834 0.706294 0.442170 0.895530 1 13 1.000000
scout_accessories
  13 19.766369 1.497720 40.844067 -0.132711 -0.670335 -0.730095 0.485960 0.950010 1 13 1.000000
  13 20.785421 1.454140 41.624695 0.787418 -0.611211 -0.079966 0.442500 0.950300 1 13 1.000000
  13 19.816750 1.606470 42.892555 0.106681 -0.699834 0.706294 0.442170 0.895530 1 13 1.000000
scout_accessories
  13 20.785421 1.454140 41.624695 0.787418 -0.611211 -0.079966 0.442500 0.950300 1 13 1.000000
  13 19.668669 2.178810 43.082981 0.157481 -0.112381 0.981107 0.423410 0.889310 1 13 1.000000
  13 19.816750 1.606470 42.892555 0.106681 -0.699834 0.706294 0.442170 0.895530 1 13 1.000000
scout_accessories
  13 19.816750 1.606470 42.892555 0.106681 -0.699834 0.706294 0.442170 0.895530 1 13 1.000000
  13 19.668669 2.178810 43.082981 0.157481 -0.112381 0.981107 0.423410 0.889310 1 13 1.000000
  13 18.798828 1.599080 42.123165 -0.702114 -0.705705 0.094961 0.447320 0.850990 1 13 1.000000
scout_accessories
  13 19.668669 2.178810 43.082981 0.157481 -0.112381 0.981107 0.423410 0.889310 1 13 1.000000
  13 18.669331 2.726310 42.283676 -0.975101 0.198033 0.099801 0.405800 0.847920 1 13 1.000000
  13 18.798828 1.599080 42.123165 -0.702114 -0.705705 0.094961 0.447320 0.850990 1 13 1.000000
scout_accessories
  13 18.669331 2.726310 42.283676 -0.975101 0.198033 0.099801 0.405800 0.847920 1 13 1.000000
  13 19.668669 2.178810 43.082981 0.157481 -0.112381 0.981107 0.423410 0.889310 1 13 1.000000
  13 19.877306 3.222376 42.813591 0.224163 0.672842 0.705006 0.387700 0.894500 1 13 1.000000
scout_accessories
  13 19.877306 3.222376 42.813591 0.224163 0.672842 0.705006 0.387700 0.894500 1 13 1.000000
  13 19.668669 2.178810 43.082981 0.157481 -0.112381 0.981107 0.423410 0.889310 1 13 1.000000
  13 20.845251 3.118698 41.535019 0.828898 0.541063 -0.142050 0.385900 0.949600 1 13 1.000000
scout_accessories
  13 19.877306 3.222376 42.813591 0.224163 0.672842 0.705006 0.387700 0.894500 1 13 1.000000
  13 20.845251 3.118698 41.535019 0.828898 0.541063 -0.142050 0.385900 0.949600 1 13 1.000000
  13 18.854578 3.263731 42.033424 -0.653121 0.757082 0.016110 0.344030 0.893010 1 13 1.000000
scout_accessories
  13 20.845251 3.118698 41.535019 0.828898 0.541063 -0.142050 0.385900 0.949600 1 13 1.000000
  13 19.827757 3.113791 40.765068 -0.091931 0.536645 -0.838785 0.342200 0.948100 1 13 1.000000
  13 18.854578 3.263731 42.033424 -0.653121 0.757082 0.016110 0.344030 0.893010 1 13 1.000000
scout_accessories
  13 20.845251 3.118698 41.535019 0.828898 0.541063 -0.142050 0.385900 0.949600 1 13 1.000000
  13 19.766369 1.497720 40.844067 -0.132711 -0.670335 -0.730095 0.443820 0.996520 1 13 1.000000
  13 19.827757 3.113791 40.765068 -0.091931 0.536645 -0.838785 0.383200 0.995300 1 13 1.000000
scout_accessories
  13 19.766369 1.497720 40.844067 -0.132711 -0.670335 -0.730095 0.443820 0.996520 1 13 1.000000
  13 20.845251 3.118698 41.535019 0.828898 0.541063 -0.142050 0.385900 0.949600 1 13 1.000000
  13 20.785421 1.454140 41.624695 0.787418 -0.611211 -0.079966 0.442500 0.950300 1 13 1.000000
scout_accessories
  13 20.845251 3.118698 41.535019 0.828898 0.541063 -0.142050 0.385900 0.949600 1 13 1.000000
  13 19.668669 2.178810 43.082981 0.157481 -0.112381 0.981107 0.423410 0.889310 1 13 1.000000
  13 20.785421 1.454140 41.624695 0.787418 -0.611211 -0.079966 0.442500 0.950300 1 13 1.000000
scout_accessories
  13 18.854578 3.263731 42.033424 -0.653121 0.757082 0.016110 0.384000 0.849720 1 13 1.000000
  13 18.669331 2.726310 42.283676 -0.975101 0.198033 0.099801 0.405800 0.847920 1 13 1.000000
  13 19.877306 3.222376 42.813591 0.224163 0.672842 0.705006 0.387700 0.894500 1 13 1.000000
scout_accessories
  13 20.597647 3.073807 42.076984 0.618143 0.782243 0.077429 0.307500 0.933000 3 13 0.391579 14 0.374737 15 0.233684
  13 20.520798 2.384350 42.412704 0.795532 0.004980 0.605891 0.272010 0.924310 1 13 1.000000
  13 20.899534 2.288864 41.683056 0.950756 -0.005933 -0.309882 0.292800 0.893600 1 13 1.000000
scout_accessories
  13 20.055290 2.844438 42.795197 0.038668 0.540220 0.840635 0.274600 0.959200 1 13 1.000000
  13 20.520798 2.384350 42.412704 0.795532 0.004980 0.605891 0.272010 0.924310 1 13 1.000000
  13 20.597647 3.073807 42.076984 0.618143 0.782243 0.077429 0.307500 0.933000 3 13 0.391579 14 0.374737 15 0.233684
scout_accessories
  13 20.021990 1.917717 42.845078 0.020022 -0.399866 0.916355 0.239500 0.936000 1 13 1.000000
  13 20.520798 2.384350 42.412704 0.795532 0.004980 0.605891 0.272010 0.924310 1 13 1.000000
  13 20.055290 2.844438 42.795197 0.038668 0.540220 0.840635 0.274600 0.959200 1 13 1.000000
scout_accessories
  13 20.543726 1.574335 42.157761 0.570423 -0.802880 0.173209 0.250700 0.895400 1 13 1.000000
  13 20.520798 2.384350 42.412704 0.795532 0.004980 0.605891 0.272010 0.924310 1 13 1.000000
  13 20.021990 1.917717 42.845078 0.020022 -0.399866 0.916355 0.239500 0.936000 1 13 1.000000
scout_accessories
  13 20.899534 2.288864 41.683056 0.950756 -0.005933 -0.309882 0.292800 0.893600 1 13 1.000000
  13 20.520798 2.384350 42.412704 0.795532 0.004980 0.605891 0.272010 0.924310 1 13 1.000000
  13 20.543726 1.574335 42.157761 0.570423 -0.802880 0.173209 0.250700 0.895400 1 13 1.000000
scout_accessories
  13 20.543726 1.574335 42.157761 0.570423 -0.802880 0.173209 0.250700 0.895400 1 13 1.000000
  13 20.229370 1.832505 41.402390 -0.144749 -0.567044 -0.810869 0.270200 0.858400 1 13 1.000000
  13 20.899534 2.288864 41.683056 0.950756 -0.005933 -0.309882 0.292800 0.893600 1 13 1.000000
scout_accessories
  13 19.685898 1.651446 42.109917 -0.613103 -0.767308 -0.187999 0.210300 0.906100 1 13 1.000000
  13 20.229370 1.832505 41.402390 -0.144749 -0.567044 -0.810869 0.270200 0.858400 1 13 1.000000
  13 20.543726 1.574335 42.157761 0.570423 -0.802880 0.173209 0.250700 0.895400 1 13 1.000000
scout_accessories
  13 20.021990 1.917717 42.845078 0.020022 -0.399866 0.916355 0.239500 0.936000 1 13 1.000000
  13 19.685898 1.651446 42.109917 -0.613103 -0.767308 -0.187999 0.210300 0.906100 1 13 1.000000
  13 20.543726 1.574335 42.157761 0.570423 -0.802880 0.173209 0.250700 0.895400 1 13 1.000000
scout_accessories
  13 19.459515 1.914996 42.419472 -0.927467 -0.313421 0.203893 0.212000 0.946300 1 13 1.000000
  13 19.685898 1.651446 42.109917 -0.613103 -0.767308 -0.187999 0.210300 0.906100 1 13 1.000000
  13 20.021990 1.917717 42.845078 0.020022 -0.399866 0.916355 0.239500 0.936000 1 13 1.000000
scout_accessories
  13 20.055290 2.844438 42.795197 0.038668 0.540220 0.840635 0.274600 0.959200 1 13 1.000000
  13 19.459515 1.914996 42.419472 -0.927467 -0.313421 0.203893 0.212000 0.946300 1 13 1.000000
  13 20.021990 1.917717 42.845078 0.020022 -0.399866 0.916355 0.239500 0.936000 1 13 1.000000
scout_accessories
  13 19.488678 2.889540 42.358894 -0.784966 0.561695 0.261393 0.275910 0.988510 1 13 1.000000
  13 19.459515 1.914996 42.419472 -0.927467 -0.313421 0.203893 0.212000 0.946300 1 13 1.000000
  13 20.055290 2.844438 42.795197 0.038668 0.540220 0.840635 0.274600 0.959200 1 13 1.000000
scout_accessories
  13 20.597647 3.073807 42.076984 0.618143 0.782243 0.077429 0.307500 0.933000 3 13 0.391579 14 0.374737 15 0.233684
  13 19.488678 2.889540 42.358894 -0.784966 0.561695 0.261393 0.275910 0.988510 1 13 1.000000
  13 20.055290 2.844438 42.795197 0.038668 0.540220 0.840635 0.274600 0.959200 1 13 1.000000
scout_accessories
  13 20.035170 3.071085 41.651276 -0.298054 0.744039 -0.597971 0.335800 0.940800 3 13 0.385910 14 0.371188 15 0.242902
  13 19.488678 2.889540 42.358894 -0.784966 0.561695 0.261393 0.275910 0.988510 1 13 1.000000
  13 20.597647 3.073807 42.076984 0.618143 0.782243 0.077429 0.307500 0.933000 3 13 0.391579 14 0.374737 15 0.233684
scout_accessories
  13 20.899534 2.288864 41.683056 0.950756 -0.005933 -0.309882 0.292800 0.893600 1 13 1.000000
  13 20.035170 3.071085 41.651276 -0.298054 0.744039 -0.597971 0.335800 0.940800 3 13 0.385910 14 0.371188 15 0.242902
  13 20.597647 3.073807 42.076984 0.618143 0.782243 0.077429 0.307500 0.933000 3 13 0.391579 14 0.374737 15 0.233684
scout_accessories
  13 20.333593 2.336043 41.246414 -0.021100 0.070196 -0.997310 0.309000 0.869100 1 13 1.000000
  13 20.035170 3.071085 41.651276 -0.298054 0.744039 -0.597971 0.335800 0.940800 3 13 0.385910 14 0.371188 15 0.242902
  13 20.899534 2.288864 41.683056 0.950756 -0.005933 -0.309882 0.292800 0.893600 1 13 1.000000
scout_accessories
  13 20.229370 1.832505 41.402390 -0.144749 -0.567044 -0.810869 0.270200 0.858400 1 13 1.000000
  13 20.333593 2.336043 41.246414 -0.021100 0.070196 -0.997310 0.309000 0.869100 1 13 1.000000
  13 20.899534 2.288864 41.683056 0.950756 -0.005933 -0.309882 0.292800 0.893600 1 13 1.000000
scout_accessories
  5 5.107749 1.577220 44.505772 -0.976577 -0.195091 -0.090761 0.000000 0.000000 3 5 0.561122 6 0.305611 0 0.133267
  5 5.214660 1.577220 43.355560 -0.976577 -0.195091 -0.090761 0.000000 0.000000 3 5 0.504505 0 0.281281 6 0.214214
  5 5.467320 -0.238260 44.539192 -0.995709 0.000000 -0.092541 0.000000 0.000000 3 5 0.523046 0 0.292585 6 0.184369
scout_accessories
  5 5.214660 1.577220 43.355560 -0.976577 -0.195091 -0.090761 0.000000 0.000000 3 5 0.504505 0 0.281281 6 0.214214
  0 5.574229 -0.238260 43.388981 -0.995709 0.000000 -0.092541 0.000000 0.000000 3 0 0.511022 5 0.425852 6 0.063126
  5 5.467320 -0.238260 44.539192 -0.995709 0.000000 -0.092541 0.000000 0.000000 3 5 0.523046 0 0.292585 6 0.184369
scout_accessories
  5 5.467320 -0.238260 44.539192 -0.995709 0.000000 -0.092541 0.000000 0.000000 3 5 0.523046 0 0.292585 6 0.184369
  0 5.574229 -0.238260 43.388981 -0.995709 0.000000 -0.092541 0.000000 0.000000 3 0 0.511022 5 0.425852 6 0.063126
  5 5.107749 -2.053750 44.505772 -0.880366 0.467183 -0.081821 0.000000 0.000000 3 5 0.475952 0 0.440882 6 0.083166
scout_accessories
  0 5.574229 -0.238260 43.388981 -0.995709 0.000000 -0.092541 0.000000 0.000000 3 0 0.511022 5 0.425852 6 0.063126
  5 5.214660 -2.053750 43.355564 -0.880366 0.467183 -0.081821 0.000000 0.000000 3 5 0.474950 0 0.441884 6 0.083166
  5 5.107749 -2.053750 44.505772 -0.880366 0.467183 -0.081821 0.000000 0.000000 3 5 0.475952 0 0.440882 6 0.083166
scout_accessories
  5 5.214660 -2.053750 43.355564 -0.880366 0.467183 -0.081821 0.000000 0.000000 3 5 0.474950 0 0.441884 6 0.083166
  5 3.706970 -3.592840 43.260395 -0.635335 0.769976 -0.059040 0.000000 0.000000 3 5 0.498499 0 0.423423 6 0.078078
  5 5.107749 -2.053750 44.505772 -0.880366 0.467183 -0.081821 0.000000 0.000000 3 5 0.475952 0 0.440882 6 0.083166
scout_accessories
  5 5.107749 -2.053750 44.505772 -0.880366 0.467183 -0.081821 0.000000 0.000000 3 5 0.475952 0 0.440882 6 0.083166
  5 3.706970 -3.592840 43.260395 -0.635335 0.769976 -0.059040 0.000000 0.000000 3 5 0.498499 0 0.423423 6 0.078078
  5 2.067580 -4.621240 44.268166 -0.464631 0.884451 -0.043180 0.000000 0.000000 3 5 0.385385 0 0.374374 6 0.240240
scout_accessories
  5 3.706970 -3.592840 43.260395 -0.635335 0.769976 -0.059040 0.000000 0.000000 3 5 0.498499 0 0.423423 6 0.078078
  5 0.366780 -5.350400 42.949940 -0.092251 0.995699 -0.008570 0.000000 0.000000 3 5 0.498998 0 0.328657 6 0.172345
  5 2.067580 -4.621240 44.268166 -0.464631 0.884451 -0.043180 0.000000 0.000000 3 5 0.385385 0 0.374374 6 0.240240
scout_accessories
  5 2.067580 -4.621240 44.268166 -0.464631 0.884451 -0.043180 0.000000 0.000000 3 5 0.385385 0 0.374374 6 0.240240
  5 0.366780 -5.350400 42.949940 -0.092251 0.995699 -0.008570 0.000000 0.000000 3 5 0.498998 0 0.328657 6 0.172345
  5 0.259880 -5.350400 44.100151 -0.092251 0.995699 -0.008570 0.000000 0.000000 3 5 0.385772 0 0.382766 6 0.231463
scout_accessories
  5 0.259880 -5.350400 44.100151 -0.092251 0.995699 -0.008570 0.000000 0.000000 3 5 0.385772 0 0.382766 6 0.231463
  5 0.366780 -5.350400 42.949940 -0.092251 0.995699 -0.008570 0.000000 0.000000 3 5 0.498998 0 0.328657 6 0.172345
  5 -1.547810 -4.989280 43.932140 0.447914 0.893107 0.041630 0.000000 0.000000 3 5 0.385385 0 0.374374 6 0.240240
scout_accessories
  5 0.366780 -5.350400 42.949940 -0.092251 0.995699 -0.008570 0.000000 0.000000 3 5 0.498998 0 0.328657 6 0.172345
  5 -1.440910 -4.989280 42.781921 0.447914 0.893107 0.041630 0.000000 0.000000 3 5 0.498499 0 0.329329 6 0.172172
  5 -1.547810 -4.989280 43.932140 0.447914 0.893107 0.041630 0.000000 0.000000 3 5 0.385385 0 0.374374 6 0.240240
scout_accessories
  5 -1.547810 -4.989280 43.932140 0.447914 0.893107 0.041630 0.000000 0.000000 3 5 0.385385 0 0.374374 6 0.240240
  5 -1.440910 -4.989280 42.781921 0.447914 0.893107 0.041630 0.000000 0.000000 3 5 0.498499 0 0.329329 6 0.172172
  5 -3.080300 -3.592840 43.789715 0.669066 0.740597 0.062181 0.000000 0.000000 3 5 0.496994 0 0.424850 6 0.078156
scout_accessories
  5 -1.440910 -4.989280 42.781921 0.447914 0.893107 0.041630 0.000000 0.000000 3 5 0.498499 0 0.329329 6 0.172172
  5 -2.973400 -3.592840 42.639488 0.669066 0.740597 0.062181 0.000000 0.000000 3 5 0.498499 0 0.423423 6 0.078078
  5 -3.080300 -3.592840 43.789715 0.669066 0.740597 0.062181 0.000000 0.000000 3 5 0.496994 0 0.424850 6 0.078156
scout_accessories
  5 -3.808170 -4.691890 43.722061 -0.553186 -0.831470 -0.051411 0.075850 0.202050 3 5 0.498998 0 0.423848 6 0.077154
  5 -3.701260 -4.691890 42.571842 -0.553186 -0.831470 -0.051411 0.074520 0.136030 3 5 0.470942 0 0.455912 6 0.073146
  5 -1.941730 -5.944380 43.895531 -0.381044 -0.923879 -0.035410 0.195920 0.195990 3 5 0.374374 0 0.370370 6 0.255255
scout_accessories
  5 -3.701260 -4.691890 42.571842 -0.553186 -0.831470 -0.051411 0.074520 0.136030 3 5 0.470942 0 0.455912 6 0.073146
  0 -1.834820 -5.944379 42.745308 -0.381044 -0.923879 -0.035410 0.194750 0.137300 3 0 0.375000 5 0.375000 6 0.250000
  5 -1.941730 -5.944380 43.895531 -0.381044 -0.923879 -0.035410 0.195920 0.195990 3 5 0.374374 0 0.370370 6 0.255255
scout_accessories
  5 -1.941730 -5.944380 43.895531 -0.381044 -0.923879 -0.035410 0.195920 0.195990 3 5 0.374374 0 0.370370 6 0.255255
  0 -1.834820 -5.944379 42.745308 -0.381044 -0.923879 -0.035410 0.194750 0.137300 3 0 0.375000 5 0.375000 6 0.250000
  0 0.259880 -6.384189 44.100147 0.000000 -1.000000 0.000000 0.309700 0.195090 3 0 0.378378 5 0.378378 6 0.243243
scout_accessories
  0 -1.834820 -5.944379 42.745308 -0.381044 -0.923879 -0.035410 0.194750 0.137300 3 0 0.375000 5 0.375000 6 0.250000
  5 0.366780 -6.384190 42.949936 0.000000 -1.000000 0.000000 0.308550 0.133920 3 5 0.498499 0 0.328328 6 0.173173
  0 0.259880 -6.384189 44.100147 0.000000 -1.000000 0.000000 0.309700 0.195090 3 0 0.378378 5 0.378378 6 0.243243
scout_accessories
  0 0.259880 -6.384189 44.100147 0.000000 -1.000000 0.000000 0.309700 0.195090 3 0 0.378378 5 0.378378 6 0.243243
  5 0.366780 -6.384190 42.949936 0.000000 -1.000000 0.000000 0.308550 0.133920 3 5 0.498499 0 0.328328 6 0.173173
  5 2.461490 -5.944380 44.304779 0.437223 -0.898435 0.040630 0.431630 0.197030 3 5 0.374374 0 0.370370 6 0.255255
scout_accessories
  5 0.366780 -6.384190 42.949936 0.000000 -1.000000 0.000000 0.308550 0.133920 3 5 0.498499 0 0.328328 6 0.173173
  0 2.568400 -5.944379 43.154560 0.437223 -0.898435 0.040630 0.430730 0.129470 3 0 0.375000 5 0.375000 6 0.250000
  5 2.461490 -5.944380 44.304779 0.437223 -0.898435 0.040630 0.431630 0.197030 3 5 0.374374 0 0.370370 6 0.255255
scout_accessories
  0 2.568400 -5.944379 43.154560 0.437223 -0.898435 0.040630 0.430730 0.129470 3 0 0.375000 5 0.375000 6 0.250000
  5 6.165659 -2.449360 43.443951 0.887096 -0.454163 0.082441 0.685680 0.138120 3 5 0.474475 0 0.442442 6 0.083083
  5 2.461490 -5.944380 44.304779 0.437223 -0.898435 0.040630 0.431630 0.197030 3 5 0.374374 0 0.370370 6 0.255255
scout_accessories
  5 2.461490 -5.944380 44.304779 0.437223 -0.898435 0.040630 0.431630 0.197030 3 5 0.374374 0 0.370370 6 0.255255
  5 6.165659 -2.449360 43.443951 0.887096 -0.454163 0.082441 0.685680 0.138120 3 5 0.474475 0 0.442442 6 0.083083
  5 6.058759 -2.449360 44.594154 0.887096 -0.454163 0.082441 0.686820 0.199290 3 5 0.489980 0 0.431864 6 0.078156
scout_accessories
  5 6.058759 -2.449360 44.594154 0.887096 -0.454163 0.082441 0.686820 0.199290 3 5 0.489980 0 0.431864 6 0.078156
  5 6.165659 -2.449360 43.443951 0.887096 -0.454163 0.082441 0.685680 0.138120 3 5 0.474475 0 0.442442 6 0.083083
  5 6.496680 -0.238260 44.634865 0.995709 0.000000 0.092541 0.800630 0.195920 3 5 0.526527 0 0.278278 6 0.195195
scout_accessories
  5 6.165659 -2.449360 43.443951 0.887096 -0.454163 0.082441 0.685680 0.138120 3 5 0.474475 0 0.442442 6 0.083083
  0 6.603589 -0.238260 43.484650 0.995709 0.000000 0.092541 0.799460 0.137230 2 0 0.618449 5 0.381551
  5 6.496680 -0.238260 44.634865 0.995709 0.000000 0.092541 0.800630 0.195920 3 5 0.526527 0 0.278278 6 0.195195
scout_accessories
  5 6.496680 -0.238260 44.634865 0.995709 0.000000 0.092541 0.800630 0.195920 3 5 0.526527 0 0.278278 6 0.195195
  0 6.603589 -0.238260 43.484650 0.995709 0.000000 0.092541 0.799460 0.137230 2 0 0.618449 5 0.381551
  5 6.058759 1.972840 44.594158 0.976577 0.195091 0.090761 0.920860 0.197190 3 5 0.561122 6 0.305611 0 0.133267
scout_accessories
  0 6.603589 -0.238260 43.484650 0.995709 0.000000 0.092541 0.799460 0.137230 2 0 0.618449 5 0.381551
  5 6.165659 1.972840 43.443954 0.976577 0.195091 0.090761 0.919530 0.131160 3 5 0.508016 0 0.273547 6 0.218437
  5 6.058759 1.972840 44.594158 0.976577 0.195091 0.090761 0.920860 0.197190 3 5 0.561122 6 0.305611 0 0.133267
scout_accessories
  5 2.864910 3.871930 42.074352 -0.624723 -0.778684 -0.058060 0.000000 0.000000 3 5 0.535070 6 0.355712 0 0.109218
  5 4.046930 2.451660 42.184212 -0.763986 -0.641315 -0.071001 0.000000 0.000000 3 5 0.490431 0 0.263158 6 0.246412
  5 3.940020 2.451660 43.334431 -0.763986 -0.641315 -0.071000 0.000000 0.000000 3 5 0.471944 6 0.351703 0 0.176353
scout_accessories
  5 2.758000 3.871930 43.224575 -0.624723 -0.778684 -0.058060 0.000000 0.000000 3 5 0.535070 6 0.355712 0 0.109218
  5 2.864910 3.871930 42.074352 -0.624723 -0.778684 -0.058060 0.000000 0.000000 3 5 0.535070 6 0.355712 0 0.109218
  5 3.940020 2.451660 43.334431 -0.763986 -0.641315 -0.071000 0.000000 0.000000 3 5 0.471944 6 0.351703 0 0.176353
scout_accessories
  5 1.231690 4.729810 41.922562 -0.280460 -0.959512 -0.026060 0.000000 0.000000 3 5 0.414830 6 0.364730 0 0.220441
  5 2.864910 3.871930 42.074352 -0.624723 -0.778684 -0.058060 0.000000 0.000000 3 5 0.535070 6 0.355712 0 0.109218
  5 2.758000 3.871930 43.224575 -0.624723 -0.778684 -0.058060 0.000000 0.000000 3 5 0.535070 6 0.355712 0 0.109218
scout_accessories
  5 1.124780 4.729810 43.072781 -0.280460 -0.959512 -0.026060 0.000000 0.000000 3 5 0.414830 6 0.364730 0 0.220441
  5 1.231690 4.729810 41.922562 -0.280460 -0.959512 -0.026060 0.000000 0.000000 3 5 0.414830 6 0.364730 0 0.220441
  5 2.758000 3.871930 43.224575 -0.624723 -0.778684 -0.058060 0.000000 0.000000 3 5 0.535070 6 0.355712 0 0.109218
scout_accessories
  5 -0.604090 4.894680 41.751930 0.106490 -0.994265 0.009890 0.000000 0.000000 3 5 0.414830 6 0.364730 0 0.220441
  5 1.231690 4.729810 41.922562 -0.280460 -0.959512 -0.026060 0.000000 0.000000 3 5 0.414830 6 0.364730 0 0.220441
  5 1.124780 4.729810 43.072781 -0.280460 -0.959512 -0.026060 0.000000 0.000000 3 5 0.414830 6 0.364730 0 0.220441
scout_accessories
  5 -0.711000 4.894680 42.902153 0.106490 -0.994265 0.009890 0.000000 0.000000 3 5 0.414830 6 0.364730 0 0.220441
  5 -0.604090 4.894680 41.751930 0.106490 -0.994265 0.009890 0.000000 0.000000 3 5 0.414830 6 0.364730 0 0.220441
  5 1.124780 4.729810 43.072781 -0.280460 -0.959512 -0.026060 0.000000 0.000000 3 5 0.414830 6 0.364730 0 0.220441
scout_accessories
  5 -2.362960 4.341441 41.588463 0.477245 -0.877650 0.044351 0.000000 0.000000 3 5 0.535070 6 0.355712 0 0.109218
  5 -0.604090 4.894680 41.751930 0.106490 -0.994265 0.009890 0.000000 0.000000 3 5 0.414830 6 0.364730 0 0.220441
  5 -0.711000 4.894680 42.902153 0.106490 -0.994265 0.009890 0.000000 0.000000 3 5 0.414830 6 0.364730 0 0.220441
scout_accessories
  5 -2.469860 4.341441 42.738686 0.477245 -0.877650 0.044351 0.000000 0.000000 3 5 0.535070 6 0.355712 0 0.109218
  5 -2.362960 4.341441 41.588463 0.477245 -0.877650 0.044351 0.000000 0.000000 3 5 0.535070 6 0.355712 0 0.109218
  5 -0.711000 4.894680 42.902153 0.106490 -0.994265 0.009890 0.000000 0.000000 3 5 0.414830 6 0.364730 0 0.220441
scout_accessories
  5 -3.777140 3.154330 41.457020 0.775341 -0.627419 0.072061 0.000000 0.000000 3 5 0.490431 0 0.263158 6 0.246412
  5 -2.362960 4.341441 41.588463 0.477245 -0.877650 0.044351 0.000000 0.000000 3 5 0.535070 6 0.355712 0 0.109218
  5 -2.469860 4.341441 42.738686 0.477245 -0.877650 0.044351 0.000000 0.000000 3 5 0.535070 6 0.355712 0 0.109218
scout_accessories
  5 -3.884040 3.154330 42.607239 0.775341 -0.627419 0.072061 0.000000 0.000000 3 5 0.490431 0 0.263158 6 0.246412
  5 -3.777140 3.154330 41.457020 0.775341 -0.627419 0.072061 0.000000 0.000000 3 5 0.490431 0 0.263158 6 0.246412
  5 -2.469860 4.341441 42.738686 0.477245 -0.877650 0.044351 0.000000 0.000000 3 5 0.535070 6 0.355712 0 0.109218
scout_accessories
  5 -4.631330 1.514070 41.377632 0.955394 -0.281671 0.088790 0.000000 0.000000 3 5 0.490431 0 0.263158 6 0.246412
  5 -3.777140 3.154330 41.457020 0.775341 -0.627419 0.072061 0.000000 0.000000 3 5 0.490431 0 0.263158 6 0.246412
  5 -3.884040 3.154330 42.607239 0.775341 -0.627419 0.072061 0.000000 0.000000 3 5 0.490431 0 0.263158 6 0.246412
scout_accessories
  5 -4.738230 1.514070 42.527847 0.955394 -0.281671 0.088790 0.000000 0.000000 3 5 0.504505 0 0.281281 6 0.214214
  5 -4.631330 1.514070 41.377632 0.955394 -0.281671 0.088790 0.000000 0.000000 3 5 0.490431 0 0.263158 6 0.246412
  5 -3.884040 3.154330 42.607239 0.775341 -0.627419 0.072061 0.000000 0.000000 3 5 0.490431 0 0.263158 6 0.246412
scout_accessories
  0 -4.795489 -0.329620 41.362366 0.991752 -0.089060 0.092170 0.000000 0.000000 1 0 1.000000
  5 -4.631330 1.514070 41.377632 0.955394 -0.281671 0.088790 0.000000 0.000000 3 5 0.490431 0 0.263158 6 0.246412
  5 -4.738230 1.514070 42.527847 0.955394 -0.281671 0.088790 0.000000 0.000000 3 5 0.504505 0 0.281281 6 0.214214
scout_accessories
  0 -4.902400 -0.329620 42.512585 0.991752 -0.089060 0.092170 0.000000 0.000000 3 0 0.511022 5 0.425852 6 0.063126
  0 -4.795489 -0.329620 41.362366 0.991752 -0.089060 0.092170 0.000000 0.000000 1 0 1.000000
  5 -4.738230 1.514070 42.527847 0.955394 -0.281671 0.088790 0.000000 0.000000 3 5 0.504505 0 0.281281 6 0.214214
scout_accessories
  5 4.843440 2.947160 43.418400 0.763986 0.641315 0.071000 0.075850 0.202050 3 5 0.491587 0 0.265625 6 0.242789
  0 4.950339 2.947160 42.268181 0.763986 0.641315 0.071001 0.074520 0.136030 3 0 0.348614 1 0.342218 5 0.309168
  5 3.403840 4.676930 43.284603 0.624723 0.778684 0.058060 0.195920 0.195990 3 5 0.535070 6 0.355712 0 0.109218
scout_accessories
  0 4.950339 2.947160 42.268181 0.763986 0.641315 0.071001 0.074520 0.136030 3 0 0.348614 1 0.342218 5 0.309168
  5 3.510750 4.676930 42.134384 0.624723 0.778684 0.058060 0.194750 0.137300 3 5 0.535070 6 0.355712 0 0.109218
  5 3.403840 4.676930 43.284603 0.624723 0.778684 0.058060 0.195920 0.195990 3 5 0.535070 6 0.355712 0 0.109218
scout_accessories
  5 3.403840 4.676930 43.284603 0.624723 0.778684 0.058060 0.195920 0.195990 3 5 0.535070 6 0.355712 0 0.109218
  5 3.510750 4.676930 42.134384 0.624723 0.778684 0.058060 0.194750 0.137300 3 5 0.535070 6 0.355712 0 0.109218
  5 1.414720 5.721749 43.099712 0.280460 0.959512 0.026060 0.309700 0.195090 3 5 0.414414 6 0.365365 0 0.220220
scout_accessories
  5 3.510750 4.676930 42.134384 0.624723 0.778684 0.058060 0.194750 0.137300 3 5 0.535070 6 0.355712 0 0.109218
  0 1.521630 5.721749 41.949505 0.280460 0.959512 0.026060 0.308550 0.133920 3 0 0.466467 5 0.337337 6 0.196196
  5 1.414720 5.721749 43.099712 0.280460 0.959512 0.026060 0.309700 0.195090 3 5 0.414414 6 0.365365 0 0.220220
scout_accessories
  5 1.414720 5.721749 43.099712 0.280460 0.959512 0.026060 0.309700 0.195090 3 5 0.414414 6 0.365365 0 0.220220
  0 1.521630 5.721749 41.949505 0.280460 0.959512 0.026060 0.308550 0.133920 3 0 0.466467 5 0.337337 6 0.196196
  5 -0.821090 5.922539 42.891914 -0.106490 0.994264 -0.009890 0.431630 0.197030 3 5 0.414414 6 0.365365 0 0.220220
scout_accessories
  0 1.521630 5.721749 41.949505 0.280460 0.959512 0.026060 0.308550 0.133920 3 0 0.466467 5 0.337337 6 0.196196
  0 -0.714190 5.922540 41.741695 -0.106490 0.994264 -0.009890 0.430730 0.129470 3 0 0.466467 5 0.337337 6 0.196196
  5 -0.821090 5.922539 42.891914 -0.106490 0.994264 -0.009890 0.431630 0.197030 3 5 0.414414 6 0.365365 0 0.220220
scout_accessories
  5 -0.821090 5.922539 42.891914 -0.106490 0.994264 -0.009890 0.431630 0.197030 3 5 0.414414 6 0.365365 0 0.220220
  0 -0.714190 5.922540 41.741695 -0.106490 0.994264 -0.009890 0.430730 0.129470 3 0 0.466467 5 0.337337 6 0.196196
  6 -2.963239 5.248750 42.692818 -0.477245 0.877650 -0.044351 0.564650 0.203750 1 6 1.000000
scout_accessories
  0 -0.714190 5.922540 41.741695 -0.106490 0.994264 -0.009890 0.430730 0.129470 3 0 0.466467 5 0.337337 6 0.196196
  5 -2.856340 5.248751 41.542603 -0.477245 0.877650 -0.044351 0.563750 0.136180 3 5 0.535070 6 0.355712 0 0.109218
  6 -2.963239 5.248750 42.692818 -0.477245 0.877650 -0.044351 0.564650 0.203750 1 6 1.000000
scout_accessories
  6 -2.963239 5.248750 42.692818 -0.477245 0.877650 -0.044351 0.564650 0.203750 1 6 1.000000
  5 -2.856340 5.248751 41.542603 -0.477245 0.877650 -0.044351 0.563750 0.136180 3 5 0.535070 6 0.355712 0 0.109218
  0 -4.685590 3.802960 42.532742 -0.775341 0.627419 -0.072061 0.686820 0.199290 3 0 0.348614 41 0.342218 5 0.309168
scout_accessories
  5 -2.856340 5.248751 41.542603 -0.477245 0.877650 -0.044351 0.563750 0.136180 3 5 0.535070 6 0.355712 0 0.109218
  0 -4.578680 3.802960 41.382519 -0.775341 0.627419 -0.072061 0.685680 0.138120 3 0 0.765531 41 0.138277 5 0.096192
  0 -4.685590 3.802960 42.532742 -0.775341 0.627419 -0.072061 0.686820 0.199290 3 0 0.348614 41 0.342218 5 0.309168
scout_accessories
  0 -4.685590 3.802960 42.532742 -0.775341 0.627419 -0.072061 0.686820 0.199290 3 0 0.348614 41 0.342218 5 0.309168
  0 -4.578680 3.802960 41.382519 -0.775341 0.627419 -0.072061 0.685680 0.138120 3 0 0.765531 41 0.138277 5 0.096192
  0 -5.725921 1.805260 42.436050 -0.955394 0.281671 -0.088790 0.800630 0.195920 3 0 0.597194 41 0.212425 5 0.190381
scout_accessories
  0 -4.578680 3.802960 41.382519 -0.775341 0.627419 -0.072061 0.685680 0.138120 3 0 0.765531 41 0.138277 5 0.096192
  0 -5.619010 1.805260 41.285831 -0.955394 0.281671 -0.088790 0.799460 0.137230 3 0 0.597194 41 0.212425 5 0.190381
  0 -5.725921 1.805260 42.436050 -0.955394 0.281671 -0.088790 0.800630 0.195920 3 0 0.597194 41 0.212425 5 0.190381
scout_accessories
  0 -5.725921 1.805260 42.436050 -0.955394 0.281671 -0.088790 0.800630 0.195920 3 0 0.597194 41 0.212425 5 0.190381
  0 -5.619010 1.805260 41.285831 -0.955394 0.281671 -0.088790 0.799460 0.137230 3 0 0.597194 41 0.212425 5 0.190381
  0 -5.925850 -0.440190 42.417458 -0.991752 0.089060 -0.092170 0.920860 0.197190 1 0 1.000000
scout_accessories
  0 -5.619010 1.805260 41.285831 -0.955394 0.281671 -0.088790 0.799460 0.137230 3 0 0.597194 41 0.212425 5 0.190381
  0 -5.818950 -0.440190 41.267246 -0.991752 0.089060 -0.092170 0.919530 0.131160 1 0 1.000000
  0 -5.925850 -0.440190 42.417458 -0.991752 0.089060 -0.092170 0.920860 0.197190 1 0 1.000000
scout_accessories
  5 -4.631330 1.514070 41.377632 0.092541 0.000000 -0.995709 0.797120 0.081650 3 5 0.490431 0 0.263158 6 0.246412
  0 -4.795489 -0.329620 41.362366 0.092541 0.000000 -0.995709 0.903590 0.073710 1 0 1.000000
  0 -5.818950 -0.440190 41.267246 0.092541 0.000000 -0.995709 0.919530 0.131160 1 0 1.000000
scout_accessories
  0 -5.619010 1.805260 41.285831 0.092541 0.000000 -0.995709 0.799460 0.137230 3 0 0.597194 41 0.212425 5 0.190381
  5 -4.631330 1.514070 41.377632 0.092541 0.000000 -0.995709 0.797120 0.081650 3 5 0.490431 0 0.263158 6 0.246412
  0 -5.818950 -0.440190 41.267246 0.092541 0.000000 -0.995709 0.919530 0.131160 1 0 1.000000
scout_accessories
  5 -3.777140 3.154330 41.457020 0.092541 0.000000 -0.995709 0.686140 0.079700 3 5 0.490431 0 0.263158 6 0.246412
  5 -4.631330 1.514070 41.377632 0.092541 0.000000 -0.995709 0.797120 0.081650 3 5 0.490431 0 0.263158 6 0.246412
  0 -5.619010 1.805260 41.285831 0.092541 0.000000 -0.995709 0.799460 0.137230 3 0 0.597194 41 0.212425 5 0.190381
scout_accessories
  0 -4.578680 3.802960 41.382519 0.092541 0.000000 -0.995709 0.685680 0.138120 3 0 0.765531 41 0.138277 5 0.096192
  5 -3.777140 3.154330 41.457020 0.092541 0.000000 -0.995709 0.686140 0.079700 3 5 0.490431 0 0.263158 6 0.246412
  0 -5.619010 1.805260 41.285831 0.092541 0.000000 -0.995709 0.799460 0.137230 3 0 0.597194 41 0.212425 5 0.190381
scout_accessories
  5 -2.362960 4.341441 41.588463 0.092541 0.000000 -0.995709 0.565010 0.071980 3 5 0.535070 6 0.355712 0 0.109218
  5 -3.777140 3.154330 41.457020 0.092541 0.000000 -0.995709 0.686140 0.079700 3 5 0.490431 0 0.263158 6 0.246412
  0 -4.578680 3.802960 41.382519 0.092541 0.000000 -0.995709 0.685680 0.138120 3 0 0.765531 41 0.138277 5 0.096192
scout_accessories
  5 -2.856340 5.248751 41.542603 0.092541 0.000000 -0.995709 0.563750 0.136180 3 5 0.535070 6 0.355712 0 0.109218
  5 -2.362960 4.341441 41.588463 0.092541 0.000000 -0.995709 0.565010 0.071980 3 5 0.535070 6 0.355712 0 0.109218
  0 -4.578680 3.802960 41.382519 0.092541 0.000000 -0.995709 0.685680 0.138120 3 0 0.765531 41 0.138277 5 0.096192
scout_accessories
  5 -0.604090 4.894680 41.751930 0.092541 0.000000 -0.995709 0.427760 0.062180 3 5 0.414830 6 0.364730 0 0.220441
  5 -2.362960 4.341441 41.588463 0.092541 0.000000 -0.995709 0.565010 0.071980 3 5 0.535070 6 0.355712 0 0.109218
  5 -2.856340 5.248751 41.542603 0.092541 0.000000 -0.995709 0.563750 0.136180 3 5 0.535070 6 0.355712 0 0.109218
scout_accessories
  0 -0.714190 5.922540 41.741695 0.092541 0.000000 -0.995709 0.430730 0.129470 3 0 0.466467 5 0.337337 6 0.196196
  5 -0.604090 4.894680 41.751930 0.092541 0.000000 -0.995709 0.427760 0.062180 3 5 0.414830 6 0.364730 0 0.220441
  5 -2.856340 5.248751 41.542603 0.092541 0.000000 -0.995709 0.563750 0.136180 3 5 0.535070 6 0.355712 0 0.109218
scout_accessories
  5 1.231690 4.729810 41.922562 0.092541 0.000000 -0.995709 0.305830 0.075160 3 5 0.414830 6 0.364730 0 0.220441
  5 -0.604090 4.894680 41.751930 0.092541 0.000000 -0.995709 0.427760 0.062180 3 5 0.414830 6 0.364730 0 0.220441
  0 -0.714190 5.922540 41.741695 0.092541 0.000000 -0.995709 0.430730 0.129470 3 0 0.466467 5 0.337337 6 0.196196
scout_accessories
  0 1.521630 5.721749 41.949505 0.092541 0.000000 -0.995709 0.308550 0.133920 3 0 0.466467 5 0.337337 6 0.196196
  5 1.231690 4.729810 41.922562 0.092541 0.000000 -0.995709 0.305830 0.075160 3 5 0.414830 6 0.364730 0 0.220441
  0 -0.714190 5.922540 41.741695 0.092541 0.000000 -0.995709 0.430730 0.129470 3 0 0.466467 5 0.337337 6 0.196196
scout_accessories
  5 2.864910 3.871930 42.074352 0.092541 0.000000 -0.995709 0.194860 0.081620 3 5 0.535070 6 0.355712 0 0.109218
  5 1.231690 4.729810 41.922562 0.092541 0.000000 -0.995709 0.305830 0.075160 3 5 0.414830 6 0.364730 0 0.220441
  0 1.521630 5.721749 41.949505 0.092541 0.000000 -0.995709 0.308550 0.133920 3 0 0.466467 5 0.337337 6 0.196196
scout_accessories
  5 3.510750 4.676930 42.134384 0.092541 0.000000 -0.995709 0.194750 0.137300 3 5 0.535070 6 0.355712 0 0.109218
  5 2.864910 3.871930 42.074352 0.092541 0.000000 -0.995709 0.194860 0.081620 3 5 0.535070 6 0.355712 0 0.109218
  0 1.521630 5.721749 41.949505 0.092541 0.000000 -0.995709 0.308550 0.133920 3 0 0.466467 5 0.337337 6 0.196196
scout_accessories
  5 4.046930 2.451660 42.184212 0.092541 0.000000 -0.995709 0.088140 0.077970 3 5 0.490431 0 0.263158 6 0.246412
  5 2.864910 3.871930 42.074352 0.092541 0.000000 -0.995709 0.194860 0.081620 3 5 0.535070 6 0.355712 0 0.109218
  5 3.510750 4.676930 42.134384 0.092541 0.000000 -0.995709 0.194750 0.137300 3 5 0.535070 6 0.355712 0 0.109218
scout_accessories
  0 4.950339 2.947160 42.268181 0.092541 0.000000 -0.995709 0.074520 0.136030 3 0 0.348614 1 0.342218 5 0.309168
  5 4.046930 2.451660 42.184212 0.092541 0.000000 -0.995709 0.088140 0.077970 3 5 0.490431 0 0.263158 6 0.246412
  5 3.510750 4.676930 42.134384 0.092541 0.000000 -0.995709 0.194750 0.137300 3 5 0.535070 6 0.355712 0 0.109218
scout_accessories
  0 -6.098030 -2.632609 38.614021 0.676957 0.734418 0.048571 0.045580 0.570950 2 0 0.885886 41 0.114114
  0 -6.809081 -2.369139 38.510250 -0.034100 0.997894 -0.055180 0.008500 0.570950 2 0 0.885886 41 0.114114
  0 -7.511784 -2.072368 43.967190 -0.104135 0.806837 0.581524 0.008500 0.303900 3 0 0.442442 5 0.474475 6 0.083083
scout_accessories
  0 -6.791799 -2.354288 44.075115 0.446226 0.602041 0.662139 0.045600 0.303900 3 0 0.442442 5 0.474475 6 0.083083
  0 -6.098030 -2.632609 38.614021 0.676957 0.734418 0.048571 0.045580 0.570950 2 0 0.885886 41 0.114114
  0 -7.511784 -2.072368 43.967190 -0.104135 0.806837 0.581524 0.008500 0.303900 3 0 0.442442 5 0.474475 6 0.083083
scout_accessories
  0 -5.783521 -3.326299 38.689320 0.991461 0.040730 0.123880 0.082650 0.570950 2 0 0.768769 41 0.231231
  0 -6.098030 -2.632609 38.614021 0.676957 0.734418 0.048571 0.045580 0.570950 2 0 0.885886 41 0.114114
  0 -6.791799 -2.354288 44.075115 0.446226 0.602041 0.662139 0.045600 0.303900 3 0 0.442442 5 0.474475 6 0.083083
scout_accessories
  0 -6.488641 -3.032078 44.146873 0.690183 0.061712 0.720998 0.082600 0.303900 3 0 0.431864 5 0.489980 6 0.078156
  0 -5.783521 -3.326299 38.689320 0.991461 0.040730 0.123880 0.082650 0.570950 2 0 0.768769 41 0.231231
  0 -6.791799 -2.354288 44.075115 0.446226 0.602041 0.662139 0.045600 0.303900 3 0 0.442442 5 0.474475 6 0.083083
scout_accessories
  0 -6.049800 -4.043849 38.692059 0.725184 -0.676814 0.126611 0.119730 0.570950 2 0 0.768769 41 0.231231
  0 -5.783521 -3.326299 38.689320 0.991461 0.040730 0.123880 0.082650 0.570950 2 0 0.768769 41 0.231231
  0 -6.488641 -3.032078 44.146873 0.690183 0.061712 0.720998 0.082600 0.303900 3 0 0.431864 5 0.489980 6 0.078156
scout_accessories
  0 -6.744575 -3.764249 44.152843 0.483604 -0.493709 0.722757 0.119700 0.303900 3 0 0.431864 5 0.489980 6 0.078156
  0 -6.049800 -4.043849 38.692059 0.725184 -0.676814 0.126611 0.119730 0.570950 2 0 0.768769 41 0.231231
  0 -6.488641 -3.032078 44.146873 0.690183 0.061712 0.720998 0.082600 0.303900 3 0 0.431864 5 0.489980 6 0.078156
scout_accessories
  0 -6.740880 -4.364929 38.620621 0.034100 -0.997894 0.055180 0.156810 0.570950 2 0 0.768769 41 0.231231
  0 -6.049800 -4.043849 38.692059 0.725184 -0.676814 0.126611 0.119730 0.570950 2 0 0.768769 41 0.231231
  0 -6.744575 -3.764249 44.152843 0.483604 -0.493709 0.722757 0.119700 0.303900 3 0 0.431864 5 0.489980 6 0.078156
scout_accessories
  0 -7.448548 -4.068326 44.077652 -0.055085 -0.742770 0.667277 0.156800 0.303900 3 0 0.442442 5 0.474475 6 0.083083
  0 -6.740880 -4.364929 38.620621 0.034100 -0.997894 0.055180 0.156810 0.570950 2 0 0.768769 41 0.231231
  0 -6.744575 -3.764249 44.152843 0.483604 -0.493709 0.722757 0.119700 0.303900 3 0 0.431864 5 0.489980 6 0.078156
scout_accessories
  0 -7.451941 -4.101449 38.516861 -0.676957 -0.734418 -0.048571 0.193880 0.570950 2 0 0.885886 41 0.114114
  0 -6.740880 -4.364929 38.620621 0.034100 -0.997894 0.055180 0.156810 0.570950 2 0 0.768769 41 0.231231
  0 -7.448548 -4.068326 44.077652 -0.055085 -0.742770 0.667277 0.156800 0.303900 3 0 0.442442 5 0.474475 6 0.083083
scout_accessories
  0 -8.158834 -3.803088 43.973450 -0.606539 -0.536914 0.586374 0.193900 0.303900 3 0 0.442442 5 0.474475 6 0.083083
  0 -7.451941 -4.101449 38.516861 -0.676957 -0.734418 -0.048571 0.193880 0.570950 2 0 0.885886 41 0.114114
  0 -7.448548 -4.068326 44.077652 -0.055085 -0.742770 0.667277 0.156800 0.303900 3 0 0.442442 5 0.474475 6 0.083083
scout_accessories
  0 -7.766440 -3.407759 38.441559 -0.991461 -0.040730 -0.123880 0.230960 0.570950 2 0 0.885886 41 0.114114
  0 -7.451941 -4.101449 38.516861 -0.676957 -0.734418 -0.048571 0.193880 0.570950 2 0 0.885886 41 0.114114
  0 -8.158834 -3.803088 43.973450 -0.606539 -0.536914 0.586374 0.193900 0.303900 3 0 0.442442 5 0.474475 6 0.083083
scout_accessories
  0 -8.460197 -3.129492 43.902618 -0.849070 0.000201 0.528280 0.231000 0.303900 3 0 0.442442 5 0.474475 6 0.083083
  0 -7.766440 -3.407759 38.441559 -0.991461 -0.040730 -0.123880 0.230960 0.570950 2 0 0.885886 41 0.114114
  0 -8.158834 -3.803088 43.973450 -0.606539 -0.536914 0.586374 0.193900 0.303900 3 0 0.442442 5 0.474475 6 0.083083
scout_accessories
  0 -7.500160 -2.690220 38.438820 -0.725184 0.676814 -0.126611 0.268040 0.570950 2 0 0.885886 41 0.114114
  0 -7.766440 -3.407759 38.441559 -0.991461 -0.040730 -0.123880 0.230960 0.570950 2 0 0.885886 41 0.114114
  0 -8.460197 -3.129492 43.902618 -0.849070 0.000201 0.528280 0.231000 0.303900 3 0 0.442442 5 0.474475 6 0.083083
scout_accessories
  0 -8.203539 -2.391771 43.895439 -0.641245 0.558900 0.525771 0.268000 0.303900 3 0 0.442442 5 0.474475 6 0.083083
  0 -7.500160 -2.690220 38.438820 -0.725184 0.676814 -0.126611 0.268040 0.570950 2 0 0.885886 41 0.114114
  0 -8.460197 -3.129492 43.902618 -0.849070 0.000201 0.528280 0.231000 0.303900 3 0 0.442442 5 0.474475 6 0.083083
scout_accessories
  0 -6.809081 -2.369139 38.510250 -0.034100 0.997894 -0.055180 0.305110 0.570950 2 0 0.885886 41 0.114114
  0 -7.500160 -2.690220 38.438820 -0.725184 0.676814 -0.126611 0.268040 0.570950 2 0 0.885886 41 0.114114
  0 -8.203539 -2.391771 43.895439 -0.641245 0.558900 0.525771 0.268000 0.303900 3 0 0.442442 5 0.474475 6 0.083083
scout_accessories
  0 -7.511784 -2.072368 43.967190 -0.104135 0.806837 0.581524 0.305100 0.303900 3 0 0.442442 5 0.474475 6 0.083083
  0 -6.809081 -2.369139 38.510250 -0.034100 0.997894 -0.055180 0.305110 0.570950 2 0 0.885886 41 0.114114
  0 -8.203539 -2.391771 43.895439 -0.641245 0.558900 0.525771 0.268000 0.303900 3 0 0.442442 5 0.474475 6 0.083083
scout_accessories
  13 19.409599 1.187919 42.315495 0.542704 -0.652166 0.529294 0.647150 0.786610 1 13 1.000000
  13 18.801168 0.676259 41.809555 0.111211 -0.979495 0.167991 0.690190 0.786920 1 13 1.000000
  13 19.467979 0.623569 41.060936 0.111211 -0.979495 0.167991 0.690030 0.832740 1 13 1.000000
scout_accessories
  13 20.076408 1.135229 41.566868 0.542704 -0.652166 0.529294 0.646730 0.832740 1 13 1.000000
  13 19.409599 1.187919 42.315495 0.542704 -0.652166 0.529294 0.647150 0.786610 1 13 1.000000
  13 19.467979 0.623569 41.060936 0.111211 -0.979495 0.167991 0.690030 0.832740 1 13 1.000000
scout_accessories
  13 19.778130 2.169390 42.574677 0.727948 -0.181522 0.661167 0.597560 0.785820 1 13 1.000000
  13 19.409599 1.187919 42.315495 0.542704 -0.652166 0.529294 0.647150 0.786610 1 13 1.000000
  13 20.076408 1.135229 41.566868 0.542704 -0.652166 0.529294 0.646730 0.832740 1 13 1.000000
scout_accessories
  13 20.447508 2.066571 41.837109 0.727105 -0.183285 0.661608 0.596800 0.832200 1 13 1.000000
  13 19.778130 2.169390 42.574677 0.727948 -0.181522 0.661167 0.597560 0.785820 1 13 1.000000
  13 20.076408 1.135229 41.566868 0.542704 -0.652166 0.529294 0.646730 0.832740 1 13 1.000000
scout_accessories
  13 19.765991 3.245791 42.488094 0.714306 0.338713 0.612405 0.547620 0.784780 1 13 1.000000
  13 19.778130 2.169390 42.574677 0.727948 -0.181522 0.661167 0.597560 0.785820 1 13 1.000000
  13 20.447508 2.066571 41.837109 0.727105 -0.183285 0.661608 0.596800 0.832200 1 13 1.000000
scout_accessories
  13 20.432798 3.193101 41.739475 0.714306 0.338713 0.612405 0.546780 0.831230 1 13 1.000000
  13 19.765991 3.245791 42.488094 0.714306 0.338713 0.612405 0.547620 0.784780 1 13 1.000000
  13 20.447508 2.066571 41.837109 0.727105 -0.183285 0.661608 0.596800 0.832200 1 13 1.000000
scout_accessories
  13 19.377819 4.005971 42.088844 0.427224 0.845228 0.321043 0.503910 0.783960 1 13 1.000000
  13 19.765991 3.245791 42.488094 0.714306 0.338713 0.612405 0.547620 0.784780 1 13 1.000000
  13 20.432798 3.193101 41.739475 0.714306 0.338713 0.612405 0.546780 0.831230 1 13 1.000000
scout_accessories
  13 20.051876 3.904146 41.351082 0.429117 0.844192 0.321245 0.503200 0.830400 1 13 1.000000
  13 19.377819 4.005971 42.088844 0.427224 0.845228 0.321043 0.503910 0.783960 1 13 1.000000
  13 20.432798 3.193101 41.739475 0.714306 0.338713 0.612405 0.546780 0.831230 1 13 1.000000
scout_accessories
  13 18.761879 4.159562 41.529408 -0.111211 0.979495 -0.167991 0.464620 0.783550 1 13 1.000000
  13 19.377819 4.005971 42.088844 0.427224 0.845228 0.321043 0.503910 0.783960 1 13 1.000000
  13 20.051876 3.904146 41.351082 0.429117 0.844192 0.321245 0.503200 0.830400 1 13 1.000000
scout_accessories
  13 19.428688 4.106872 40.780785 -0.111211 0.979495 -0.167991 0.464280 0.829900 1 13 1.000000
  13 18.761879 4.159562 41.529408 -0.111211 0.979495 -0.167991 0.464620 0.783550 1 13 1.000000
  13 20.051876 3.904146 41.351082 0.429117 0.844192 0.321245 0.503200 0.830400 1 13 1.000000
scout_accessories
  13 18.153440 3.647901 41.023476 -0.542704 0.652166 -0.529294 0.421000 0.783450 1 13 1.000000
  13 18.761879 4.159562 41.529408 -0.111211 0.979495 -0.167991 0.464620 0.783550 1 13 1.000000
  13 19.428688 4.106872 40.780785 -0.111211 0.979495 -0.167991 0.464280 0.829900 1 13 1.000000
scout_accessories
  13 18.820248 3.595222 40.274857 -0.542704 0.652166 -0.529294 0.421000 0.829720 1 13 1.000000
  13 18.153440 3.647901 41.023476 -0.542704 0.652166 -0.529294 0.421000 0.783450 1 13 1.000000
  13 19.428688 4.106872 40.780785 -0.111211 0.979495 -0.167991 0.464280 0.829900 1 13 1.000000
scout_accessories
  13 17.784908 2.666431 40.764297 -0.727948 0.181522 -0.661167 0.371210 0.783640 1 13 1.000000
  13 18.153440 3.647901 41.023476 -0.542704 0.652166 -0.529294 0.421000 0.783450 1 13 1.000000
  13 18.820248 3.595222 40.274857 -0.542704 0.652166 -0.529294 0.421000 0.829720 1 13 1.000000
scout_accessories
  13 18.451719 2.613741 40.015675 -0.727948 0.181522 -0.661167 0.371380 0.829920 1 13 1.000000
  13 17.784908 2.666431 40.764297 -0.727948 0.181522 -0.661167 0.371210 0.783640 1 13 1.000000
  13 18.820248 3.595222 40.274857 -0.542704 0.652166 -0.529294 0.421000 0.829720 1 13 1.000000
scout_accessories
  13 17.797050 1.590030 40.850864 -0.714306 -0.338713 -0.612405 0.321510 0.783850 1 13 1.000000
  13 17.784908 2.666431 40.764297 -0.727948 0.181522 -0.661167 0.371210 0.783640 1 13 1.000000
  13 18.451719 2.613741 40.015675 -0.727948 0.181522 -0.661167 0.371380 0.829920 1 13 1.000000
scout_accessories
  13 18.463860 1.537340 40.102245 -0.714306 -0.338713 -0.612405 0.321570 0.830230 1 13 1.000000
  13 17.797050 1.590030 40.850864 -0.714306 -0.338713 -0.612405 0.321510 0.783850 1 13 1.000000
  13 18.451719 2.613741 40.015675 -0.727948 0.181522 -0.661167 0.371380 0.829920 1 13 1.000000
scout_accessories
  13 18.185230 0.829849 41.250114 -0.427224 -0.845228 -0.321043 0.278030 0.783680 1 13 1.000000
  13 17.797050 1.590030 40.850864 -0.714306 -0.338713 -0.612405 0.321510 0.783850 1 13 1.000000
  13 18.463860 1.537340 40.102245 -0.714306 -0.338713 -0.612405 0.321570 0.830230 1 13 1.000000
scout_accessories
  13 18.852039 0.777169 40.501507 -0.427224 -0.845228 -0.321043 0.277800 0.830290 1 13 1.000000
  13 18.185230 0.829849 41.250114 -0.427224 -0.845228 -0.321043 0.278030 0.783680 1 13 1.000000
  13 18.463860 1.537340 40.102245 -0.714306 -0.338713 -0.612405 0.321570 0.830230 1 13 1.000000
scout_accessories
  13 18.801168 0.676259 41.809555 0.111211 -0.979495 0.167991 0.238760 0.783130 1 13 1.000000
  13 18.185230 0.829849 41.250114 -0.427224 -0.845228 -0.321043 0.278030 0.783680 1 13 1.000000
  13 18.852039 0.777169 40.501507 -0.427224 -0.845228 -0.321043 0.277800 0.830290 1 13 1.000000
scout_accessories
  13 19.467979 0.623569 41.060936 0.111211 -0.979495 0.167991 0.238290 0.830040 1 13 1.000000
  13 18.801168 0.676259 41.809555 0.111211 -0.979495 0.167991 0.238760 0.783130 1 13 1.000000
  13 18.852039 0.777169 40.501507 -0.427224 -0.845228 -0.321043 0.277800 0.830290 1 13 1.000000
scout_accessories
  5 -3.701260 -4.691890 42.571842 0.092541 0.000000 -0.995709 0.074520 0.136030 3 5 0.470942 0 0.455912 6 0.073146
  5 -2.973400 -3.592840 42.639488 0.092541 0.000000 -0.995709 0.088140 0.077970 3 5 0.498499 0 0.423423 6 0.078078
  5 -1.440910 -4.989280 42.781921 0.092541 0.000000 -0.995709 0.194860 0.081620 3 5 0.498499 0 0.329329 6 0.172172
scout_accessories
  0 -1.834820 -5.944379 42.745308 0.092541 0.000000 -0.995709 0.194750 0.137300 3 0 0.375000 5 0.375000 6 0.250000
  5 -3.701260 -4.691890 42.571842 0.092541 0.000000 -0.995709 0.074520 0.136030 3 5 0.470942 0 0.455912 6 0.073146
  5 -1.440910 -4.989280 42.781921 0.092541 0.000000 -0.995709 0.194860 0.081620 3 5 0.498499 0 0.329329 6 0.172172
scout_accessories
  0 -1.834820 -5.944379 42.745308 0.092541 0.000000 -0.995709 0.194750 0.137300 3 0 0.375000 5 0.375000 6 0.250000
  5 -1.440910 -4.989280 42.781921 0.092541 0.000000 -0.995709 0.194860 0.081620 3 5 0.498499 0 0.329329 6 0.172172
  5 0.366780 -6.384190 42.949936 0.092541 0.000000 -0.995709 0.308550 0.133920 3 5 0.498499 0 0.328328 6 0.173173
scout_accessories
  5 -1.440910 -4.989280 42.781921 0.092541 0.000000 -0.995709 0.194860 0.081620 3 5 0.498499 0 0.329329 6 0.172172
  5 0.366780 -5.350400 42.949940 0.092541 0.000000 -0.995709 0.305830 0.075160 3 5 0.498998 0 0.328657 6 0.172345
  5 0.366780 -6.384190 42.949936 0.092541 0.000000 -0.995709 0.308550 0.133920 3 5 0.498499 0 0.328328 6 0.173173
scout_accessories
  5 0.366780 -6.384190 42.949936 0.092541 0.000000 -0.995709 0.308550 0.133920 3 5 0.498499 0 0.328328 6 0.173173
  5 0.366780 -5.350400 42.949940 0.092541 0.000000 -0.995709 0.305830 0.075160 3 5 0.498998 0 0.328657 6 0.172345
  0 2.568400 -5.944379 43.154560 0.092541 0.000000 -0.995709 0.430730 0.129470 3 0 0.375000 5 0.375000 6 0.250000
scout_accessories
  0 2.568400 -5.944379 43.154560 0.092541 0.000000 -0.995709 0.430730 0.129470 3 0 0.375000 5 0.375000 6 0.250000
  5 0.366780 -5.350400 42.949940 0.092541 0.000000 -0.995709 0.305830 0.075160 3 5 0.498998 0 0.328657 6 0.172345
  5 6.165659 -2.449360 43.443951 0.087201 -0.008010 -0.996159 0.685680 0.138120 3 5 0.474475 0 0.442442 6 0.083083
scout_accessories
  5 0.366780 -5.350400 42.949940 0.092541 0.000000 -0.995709 0.305830 0.075160 3 5 0.498998 0 0.328657 6 0.172345
  0 3.706995 -3.592781 43.260429 -0.046699 0.255491 -0.965683 0.565000 0.072000 3 0 0.423423 5 0.498499 6 0.078078
  5 6.165659 -2.449360 43.443951 0.087201 -0.008010 -0.996159 0.685680 0.138120 3 5 0.474475 0 0.442442 6 0.083083
scout_accessories
  5 6.165659 -2.449360 43.443951 0.087201 -0.008010 -0.996159 0.685680 0.138120 3 5 0.474475 0 0.442442 6 0.083083
  0 3.706995 -3.592781 43.260429 -0.046699 0.255491 -0.965683 0.565000 0.072000 3 0 0.423423 5 0.498499 6 0.078078
  5 5.214660 -2.053750 43.355564 0.087201 -0.008010 -0.996158 0.686140 0.079700 3 5 0.474950 0 0.441884 6 0.083166
scout_accessories
  5 6.165659 -2.449360 43.443951 0.087201 -0.008010 -0.996159 0.685680 0.138120 3 5 0.474475 0 0.442442 6 0.083083
  5 5.214660 -2.053750 43.355564 0.087201 -0.008010 -0.996158 0.686140 0.079700 3 5 0.474950 0 0.441884 6 0.083166
  0 6.603589 -0.238260 43.484650 0.092541 0.000000 -0.995709 0.799460 0.137230 2 0 0.618449 5 0.381551
scout_accessories
  5 5.214660 -2.053750 43.355564 0.087201 -0.008010 -0.996158 0.686140 0.079700 3 5 0.474950 0 0.441884 6 0.083166
  0 5.574229 -0.238260 43.388981 0.092541 0.000000 -0.995709 0.797120 0.081650 3 0 0.511022 5 0.425852 6 0.063126
  0 6.603589 -0.238260 43.484650 0.092541 0.000000 -0.995709 0.799460 0.137230 2 0 0.618449 5 0.381551
scout_accessories
  0 6.603589 -0.238260 43.484650 0.092541 0.000000 -0.995709 0.799460 0.137230 2 0 0.618449 5 0.381551
  0 5.574229 -0.238260 43.388981 0.092541 0.000000 -0.995709 0.797120 0.081650 3 0 0.511022 5 0.425852 6 0.063126
  5 6.165659 1.972840 43.443954 0.092541 0.000000 -0.995709 0.919530 0.131160 3 5 0.508016 0 0.273547 6 0.218437
scout_accessories
  0 5.574229 -0.238260 43.388981 0.092541 0.000000 -0.995709 0.797120 0.081650 3 0 0.511022 5 0.425852 6 0.063126
  5 5.214660 1.577220 43.355560 0.092541 0.000000 -0.995709 0.903590 0.073710 3 5 0.504505 0 0.281281 6 0.214214
  5 6.165659 1.972840 43.443954 0.092541 0.000000 -0.995709 0.919530 0.131160 3 5 0.508016 0 0.273547 6 0.218437
scout_accessories
  0 -2.358077 -5.887722 42.209129 -0.079459 -0.996400 0.029561 0.936900 0.854500 3 0 0.375000 5 0.375000 6 0.250000
  0 -2.139464 -4.405869 44.822823 0.440842 -0.124381 0.888925 0.989100 0.943900 3 0 0.374374 5 0.385385 6 0.240240
  5 -2.614980 -5.754820 44.870785 0.276093 -0.699959 0.658658 0.939540 0.946860 3 5 0.374374 0 0.370370 6 0.255255
scout_accessories
  0 -2.139464 -4.405869 44.822823 0.440842 -0.124381 0.888925 0.938100 0.997200 3 0 0.374374 5 0.385385 6 0.240240
  0 -6.405917 -2.761580 44.219421 -0.631882 0.288050 0.719550 0.778300 0.995200 3 0 0.431864 5 0.489980 6 0.078156
  5 -6.950900 -4.095620 44.259579 -0.808966 -0.277542 0.518213 0.777470 0.945490 3 5 0.489980 0 0.431864 6 0.078156
scout_accessories
  5 -2.614980 -5.754820 44.870785 0.276093 -0.699959 0.658658 0.939540 0.946860 3 5 0.374374 0 0.370370 6 0.255255
  0 -2.139464 -4.405869 44.822823 0.440842 -0.124381 0.888925 0.938100 0.997200 3 0 0.374374 5 0.385385 6 0.240240
  5 -6.950900 -4.095620 44.259579 -0.808966 -0.277542 0.518213 0.777470 0.945490 3 5 0.489980 0 0.431864 6 0.078156
scout_accessories
  5 -6.950900 -4.095620 44.259579 -0.808966 -0.277542 0.518213 0.777470 0.945490 3 5 0.489980 0 0.431864 6 0.078156
  0 -2.358077 -5.887722 42.209129 -0.079459 -0.996400 0.029561 0.936900 0.854500 3 0 0.375000 5 0.375000 6 0.250000
  5 -2.614980 -5.754820 44.870785 0.276093 -0.699959 0.658658 0.939540 0.946860 3 5 0.374374 0 0.370370 6 0.255255
scout_accessories
  0 -6.505439 -4.163647 41.431473 -0.627784 -0.774395 -0.078741 0.778600 0.847300 2 0 0.807933 5 0.192067
  0 -2.358077 -5.887722 42.209129 -0.079459 -0.996400 0.029561 0.936900 0.854500 3 0 0.375000 5 0.375000 6 0.250000
  5 -6.950900 -4.095620 44.259579 -0.808966 -0.277542 0.518213 0.777470 0.945490 3 5 0.489980 0 0.431864 6 0.078156
scout_accessories
  0 -6.405917 -2.761580 44.219421 -0.631882 0.288050 0.719550 0.728200 0.942700 3 0 0.431864 5 0.489980 6 0.078156
  0 -6.505439 -4.163647 41.431473 -0.627784 -0.774395 -0.078741 0.778600 0.847300 2 0 0.807933 5 0.192067
  5 -6.950900 -4.095620 44.259579 -0.808966 -0.277542 0.518213 0.777470 0.945490 3 5 0.489980 0 0.431864 6 0.078156
scout_accessories
  6 6.772251 3.323700 38.957897 0.746504 0.205771 -0.632763 0.908240 0.358120 1 6 1.000000
  6 5.928731 1.973810 38.984028 0.542973 -0.345362 -0.765444 0.986240 0.357500 1 6 1.000000
  6 2.261600 6.150980 39.404766 -0.223353 0.813690 -0.536677 0.909230 0.618810 1 6 1.000000
scout_accessories
  6 5.928731 1.973810 38.984028 0.542973 -0.345362 -0.765444 0.986240 0.357500 1 6 1.000000
  6 1.418080 4.801090 39.430897 -0.647994 0.401132 -0.647454 0.988310 0.619270 1 6 1.000000
  6 2.261600 6.150980 39.404766 -0.223353 0.813690 -0.536677 0.909230 0.618810 1 6 1.000000
scout_accessories
  6 5.928731 1.973810 38.984028 0.542973 -0.345362 -0.765444 0.909230 0.282850 1 6 1.000000
  6 6.772251 3.323700 38.957897 0.746504 0.205771 -0.632763 0.908240 0.358120 1 6 1.000000
  6 6.498520 1.745369 45.577118 0.849454 -0.520122 -0.088890 0.590150 0.272030 1 6 1.000000
scout_accessories
  6 7.038843 3.206360 42.235207 0.996272 -0.000844 -0.086260 0.747400 0.356400 1 6 1.000000
  6 6.498520 1.745369 45.577118 0.849454 -0.520122 -0.088890 0.590150 0.272030 1 6 1.000000
  6 6.772251 3.323700 38.957897 0.746504 0.205771 -0.632763 0.908240 0.358120 1 6 1.000000
scout_accessories
  6 6.772251 3.323700 38.957897 0.746504 0.205771 -0.632763 0.908240 0.358120 1 6 1.000000
  6 2.261600 6.150980 39.404766 -0.223353 0.813690 -0.536677 0.909230 0.618810 1 6 1.000000
  6 7.038843 3.206360 42.235207 0.996272 -0.000844 -0.086260 0.747400 0.356400 1 6 1.000000
scout_accessories
  6 2.261600 6.150980 39.404766 -0.223353 0.813690 -0.536677 0.909230 0.618810 1 6 1.000000
  6 2.584563 6.180995 42.896873 -0.471860 0.881062 0.032840 0.735600 0.618300 1 6 1.000000
  6 7.038843 3.206360 42.235207 0.996272 -0.000844 -0.086260 0.747400 0.356400 1 6 1.000000
scout_accessories
  6 1.902600 4.626100 46.032425 -0.839116 0.538274 0.078391 0.585730 0.701750 1 6 1.000000
  6 2.584563 6.180995 42.896873 -0.471860 0.881062 0.032840 0.735600 0.618300 1 6 1.000000
  6 2.261600 6.150980 39.404766 -0.223353 0.813690 -0.536677 0.909230 0.618810 1 6 1.000000
scout_accessories
  6 1.418080 4.801090 39.430897 -0.647994 0.401132 -0.647454 0.910410 0.696870 1 6 1.000000
  6 1.902600 4.626100 46.032425 -0.839116 0.538274 0.078391 0.585730 0.701750 1 6 1.000000
  6 2.261600 6.150980 39.404766 -0.223353 0.813690 -0.536677 0.909230 0.618810 1 6 1.000000
scout_accessories
  5 -2.138250 -4.406260 44.822926 0.922683 -0.364621 0.125330 0.989080 0.943880 3 5 0.385385 0 0.374374 6 0.240240
  0 -2.358077 -5.887722 42.209129 0.621889 -0.778879 0.081247 0.936900 0.854500 3 0 0.375000 5 0.375000 6 0.250000
  0 -1.495990 -4.652019 39.272797 0.736716 -0.290052 -0.610835 0.982600 0.748770 3 0 0.504644 5 0.382869 41 0.112487
scout_accessories
  0 -1.495990 -4.652019 39.272797 0.736716 -0.290052 -0.610835 0.982600 0.748770 3 0 0.504644 5 0.382869 41 0.112487
  0 -2.358077 -5.887722 42.209129 0.621889 -0.778879 0.081247 0.936900 0.854500 3 0 0.375000 5 0.375000 6 0.250000
  0 -1.791102 -5.416038 39.272652 0.560636 -0.533441 -0.633347 0.954500 0.749600 3 0 0.504644 5 0.382869 41 0.112487
scout_accessories
  0 -2.358077 -5.887722 42.209129 0.621889 -0.778879 0.081247 0.936900 0.854500 3 0 0.375000 5 0.375000 6 0.250000
  0 -2.056538 -5.878266 39.792889 0.355896 -0.905348 -0.231696 0.936900 0.768200 3 0 0.352705 5 0.490982 6 0.156313
  0 -1.791102 -5.416038 39.272652 0.560636 -0.533441 -0.633347 0.954500 0.749600 3 0 0.504644 5 0.382869 41 0.112487
scout_accessories
  0 -2.358077 -5.887722 42.209129 0.621889 -0.778879 0.081247 0.936900 0.854500 3 0 0.375000 5 0.375000 6 0.250000
  0 -6.505439 -4.163647 41.431473 -0.975588 -0.180610 -0.124931 0.778600 0.847300 2 0 0.807933 5 0.192067
  0 -2.056538 -5.878266 39.792889 0.355896 -0.905348 -0.231696 0.936900 0.768200 3 0 0.352705 5 0.490982 6 0.156313
scout_accessories
  0 -6.505439 -4.163647 41.431473 -0.975588 -0.180610 -0.124931 0.778600 0.847300 2 0 0.807933 5 0.192067
  0 -6.230283 -4.269230 39.201721 -0.804633 -0.458536 -0.377241 0.779000 0.768200 2 0 0.768769 41 0.231231
  0 -2.056538 -5.878266 39.792889 0.355896 -0.905348 -0.231696 0.936900 0.768200 3 0 0.352705 5 0.490982 6 0.156313
scout_accessories
  0 -5.966591 -3.818011 38.683918 -0.602323 -0.087608 -0.793430 0.761500 0.750000 2 0 0.768769 41 0.231231
  0 -6.230283 -4.269230 39.201721 -0.804633 -0.458536 -0.377241 0.779000 0.768200 2 0 0.768769 41 0.231231
  0 -6.505439 -4.163647 41.431473 -0.975588 -0.180610 -0.124931 0.778600 0.847300 2 0 0.807933 5 0.192067
scout_accessories
  0 -5.673950 -3.053279 38.683868 -0.569296 0.209702 -0.794938 0.733660 0.749520 2 0 0.885886 41 0.114114
  0 -5.966591 -3.818011 38.683918 -0.602323 -0.087608 -0.793430 0.761500 0.750000 2 0 0.768769 41 0.231231
  0 -6.505439 -4.163647 41.431473 -0.975588 -0.180610 -0.124931 0.778600 0.847300 2 0 0.807933 5 0.192067
scout_accessories
  5 -6.395180 -2.777290 44.222858 -0.929116 0.343992 -0.135691 0.728240 0.942710 3 5 0.489980 0 0.431864 6 0.078156
  0 -5.673950 -3.053279 38.683868 -0.569296 0.209702 -0.794938 0.733660 0.749520 2 0 0.885886 41 0.114114
  0 -6.505439 -4.163647 41.431473 -0.975588 -0.180610 -0.124931 0.778600 0.847300 2 0 0.807933 5 0.192067
scout_accessories
  0 -2.056538 -5.878266 39.792889 0.355896 -0.905348 -0.231696 0.936900 0.768200 3 0 0.352705 5 0.490982 6 0.156313
  0 -6.230283 -4.269230 39.201721 -0.804633 -0.458536 -0.377241 0.779000 0.768200 2 0 0.768769 41 0.231231
  0 -1.791102 -5.416038 39.272652 0.560636 -0.533441 -0.633347 0.937100 0.742000 3 0 0.504644 5 0.382869 41 0.112487
scout_accessories
  0 -6.230283 -4.269230 39.201721 -0.804633 -0.458536 -0.377241 0.779000 0.768200 2 0 0.768769 41 0.231231
  0 -5.966591 -3.818011 38.683918 -0.602323 -0.087608 -0.793430 0.778600 0.741700 2 0 0.768769 41 0.231231
  0 -1.791102 -5.416038 39.272652 0.560636 -0.533441 -0.633347 0.937100 0.742000 3 0 0.504644 5 0.382869 41 0.112487
scout_accessories
  0 -1.791102 -5.416038 39.272652 0.560636 -0.533441 -0.633347 0.937100 0.742000 3 0 0.504644 5 0.382869 41 0.112487
  0 -5.966591 -3.818011 38.683918 -0.602323 -0.087608 -0.793430 0.778600 0.741700 2 0 0.768769 41 0.231231
  0 -5.673950 -3.053279 38.683868 -0.569296 0.209702 -0.794938 0.778420 0.712460 2 0 0.885886 41 0.114114
scout_accessories
  0 -1.495990 -4.652019 39.272797 0.736716 -0.290052 -0.610835 0.937210 0.713240 3 0 0.504644 5 0.382869 41 0.112487
  0 -1.791102 -5.416038 39.272652 0.560636 -0.533441 -0.633347 0.937100 0.742000 3 0 0.504644 5 0.382869 41 0.112487
  0 -5.673950 -3.053279 38.683868 -0.569296 0.209702 -0.794938 0.778420 0.712460 2 0 0.885886 41 0.114114
scout_accessories
  6 2.584563 6.180995 42.896873 0.268263 0.963345 0.000642 0.735600 0.618300 1 6 1.000000
  6 1.902592 4.626132 46.032383 -0.436396 0.240600 0.866989 0.585700 0.701700 1 6 1.000000
  6 2.761010 6.086800 46.059185 -0.157041 0.764834 0.624793 0.582940 0.620370 1 6 1.000000
scout_accessories
  6 1.902592 4.626132 46.032383 -0.436396 0.240600 0.866989 0.501000 0.617700 1 6 1.000000
  6 6.498098 1.729491 45.580620 0.541287 -0.374936 0.752616 0.501800 0.354300 1 6 1.000000
  6 7.442211 3.152620 45.595417 0.830589 0.138081 0.539496 0.584850 0.353170 1 6 1.000000
scout_accessories
  6 2.761010 6.086800 46.059185 -0.157041 0.764834 0.624793 0.582940 0.620370 1 6 1.000000
  6 1.902592 4.626132 46.032383 -0.436396 0.240600 0.866989 0.501000 0.617700 1 6 1.000000
  6 7.442211 3.152620 45.595417 0.830589 0.138081 0.539496 0.584850 0.353170 1 6 1.000000
scout_accessories
  6 7.442211 3.152620 45.595417 0.830589 0.138081 0.539496 0.584850 0.353170 1 6 1.000000
  6 2.584563 6.180995 42.896873 0.268263 0.963345 0.000642 0.735600 0.618300 1 6 1.000000
  6 2.761010 6.086800 46.059185 -0.157041 0.764834 0.624793 0.582940 0.620370 1 6 1.000000
scout_accessories
  6 7.038843 3.206360 42.235207 0.766977 0.636796 -0.078982 0.747400 0.356400 1 6 1.000000
  6 2.584563 6.180995 42.896873 0.268263 0.963345 0.000642 0.735600 0.618300 1 6 1.000000
  6 7.442211 3.152620 45.595417 0.830589 0.138081 0.539496 0.584850 0.353170 1 6 1.000000
scout_accessories
  6 6.498098 1.729491 45.580620 0.541287 -0.374936 0.752616 0.590100 0.272000 1 6 1.000000
  6 7.038843 3.206360 42.235207 0.766977 0.636796 -0.078982 0.747400 0.356400 1 6 1.000000
  6 7.442211 3.152620 45.595417 0.830589 0.138081 0.539496 0.584850 0.353170 1 6 1.000000
scout_accessories
  6 6.498520 1.745369 45.577118 -0.529856 -0.847929 0.016410 0.990020 0.101400 1 6 1.000000
  6 1.902600 4.626100 46.032425 -0.529856 -0.847929 0.016410 0.915130 0.101400 1 6 1.000000
  6 5.928731 1.973810 38.984028 -0.529856 -0.847929 0.016410 0.989320 0.010300 1 6 1.000000
scout_accessories
  6 1.902600 4.626100 46.032425 -0.529856 -0.847929 0.016410 0.915130 0.101400 1 6 1.000000
  6 1.418080 4.801090 39.430897 -0.529856 -0.847929 0.016410 0.915820 0.010300 1 6 1.000000
  6 5.928731 1.973810 38.984028 -0.529856 -0.847929 0.016410 0.989320 0.010300 1 6 1.000000
scout_accessories
  10 -2.900598 -0.067399 65.777603 0.151705 0.219104 -0.963835 0.210800 0.860000 1 10 1.000000
  10 -2.867035 -1.442995 65.469925 0.971960 0.188012 0.141224 0.182800 0.798600 1 10 1.000000
  10 -3.172892 -0.061139 65.735168 0.239477 0.233801 -0.942331 0.222300 0.856400 1 10 1.000000
scout_accessories
  10 -3.172892 -0.061139 65.735168 0.239477 0.233801 -0.942331 0.222300 0.856400 1 10 1.000000
  10 -2.867035 -1.442995 65.469925 0.971960 0.188012 0.141224 0.182800 0.798600 1 10 1.000000
  10 -2.540929 -2.588303 64.904114 0.963685 0.174531 0.202116 0.177300 0.739300 1 10 1.000000
scout_accessories
  0 -7.474603 -3.164790 44.945419 -0.966581 -0.249097 -0.060598 0.013200 0.024100 3 0 0.431864 5 0.489980 6 0.078156
  5 -7.787601 -2.859172 48.679718 -0.714804 -0.575503 0.397305 0.228700 0.026800 3 5 0.212719 6 0.198465 7 0.588816
  0 -7.707538 -3.144987 44.909309 0.014539 -0.999753 0.016812 0.012300 0.036900 3 0 0.431864 5 0.489980 6 0.078156
scout_accessories
  5 -7.787601 -2.859172 48.679718 -0.714804 -0.575503 0.397305 0.228700 0.026800 3 5 0.212719 6 0.198465 7 0.588816
  0 -7.474603 -3.164790 44.945419 -0.966581 -0.249097 -0.060598 0.230000 0.056100 3 0 0.431864 5 0.489980 6 0.078156
  0 -7.707538 -3.144987 44.909309 0.014539 -0.999753 0.016812 0.012300 0.036900 3 0 0.431864 5 0.489980 6 0.078156
scout_accessories
  0 -7.474603 -3.164790 44.945419 -0.966581 -0.249097 -0.060598 0.230000 0.056100 3 0 0.431864 5 0.489980 6 0.078156
  5 -7.787601 -2.859172 48.679718 -0.714804 -0.575503 0.397305 0.228700 0.026800 3 5 0.212719 6 0.198465 7 0.588816
  7 -8.545912 -1.600747 55.598217 0.768791 -0.263498 -0.582691 0.644700 0.059100 3 7 0.284284 8 0.080080 27 0.635636
scout_accessories
  5 -7.787601 -2.859172 48.679718 -0.714804 -0.575503 0.397305 0.228700 0.026800 3 5 0.212719 6 0.198465 7 0.588816
  7 -8.646909 -1.864144 55.584011 -0.149599 -0.691208 -0.707002 0.640800 0.043000 3 7 0.284284 8 0.080080 27 0.635636
  7 -8.545912 -1.600747 55.598217 0.768791 -0.263498 -0.582691 0.644700 0.059100 3 7 0.284284 8 0.080080 27 0.635636
scout_accessories
  7 -8.545912 -1.600747 55.598217 0.768791 -0.263498 -0.582691 0.644700 0.059100 3 7 0.284284 8 0.080080 27 0.635636
  7 -8.646909 -1.864144 55.584011 -0.149599 -0.691208 -0.707002 0.640800 0.043000 3 7 0.284284 8 0.080080 27 0.635636
  8 -8.782124 -0.279002 59.449516 0.636988 -0.707649 0.305743 0.893200 0.045100 3 8 0.166166 26 0.160160 27 0.673674
scout_accessories
  8 -8.782124 -0.279002 59.449516 0.636988 -0.707649 0.305743 0.893200 0.045100 3 8 0.166166 26 0.160160 27 0.673674
  7 -8.646909 -1.864144 55.584011 -0.149599 -0.691208 -0.707002 0.640800 0.043000 3 7 0.284284 8 0.080080 27 0.635636
  8 -8.548014 -0.078328 59.490810 0.667308 -0.683605 0.295607 0.900100 0.019000 3 8 0.166166 26 0.160160 27 0.673674
scout_accessories
  7 -8.545912 -1.600747 55.598217 0.768791 -0.263498 -0.582691 0.645000 0.012900 3 7 0.284284 8 0.080080 27 0.635636
  8 -8.548014 -0.078328 59.490810 0.667308 -0.683605 0.295607 0.900100 0.019000 3 8 0.166166 26 0.160160 27 0.673674
  7 -8.646909 -1.864144 55.584011 -0.149599 -0.691208 -0.707002 0.640800 0.043000 3 7 0.284284 8 0.080080 27 0.635636
scout_accessories
  7 -8.646909 -1.864144 55.584011 -0.149599 -0.691208 -0.707002 0.640800 0.043000 3 7 0.284284 8 0.080080 27 0.635636
  5 -7.787601 -2.859172 48.679718 -0.714804 -0.575503 0.397305 0.228700 0.026800 3 5 0.212719 6 0.198465 7 0.588816
  7 -8.545912 -1.600747 55.598217 0.768791 -0.263498 -0.582691 0.645000 0.012900 3 7 0.284284 8 0.080080 27 0.635636
scout_accessories
  7 -8.545912 -1.600747 55.598217 0.768791 -0.263498 -0.582691 0.645000 0.012900 3 7 0.284284 8 0.080080 27 0.635636
  5 -7.787601 -2.859172 48.679718 -0.714804 -0.575503 0.397305 0.228700 0.026800 3 5 0.212719 6 0.198465 7 0.588816
  0 -7.474603 -3.164790 44.945419 0.966581 0.249097 0.060598 0.013200 0.024100 3 0 0.431864 5 0.489980 6 0.078156
scout_accessories
  5 4.843440 2.947160 43.418400 0.477245 -0.877650 0.044351 0.075850 0.202050 3 5 0.491587 0 0.265625 6 0.242789
  5 3.940020 2.451660 43.334431 0.477245 -0.877650 0.044351 0.016760 0.203240 3 5 0.471944 6 0.351703 0 0.176353
  0 4.950339 2.947160 42.268181 0.477246 -0.877650 0.044351 0.074520 0.136030 3 0 0.348614 1 0.342218 5 0.309168
scout_accessories
  5 3.940020 2.451660 43.334431 0.477245 -0.877650 0.044351 0.016760 0.203240 3 5 0.471944 6 0.351703 0 0.176353
  5 4.046930 2.451660 42.184212 0.477245 -0.877650 0.044351 0.015430 0.137210 3 5 0.490431 0 0.263158 6 0.246412
  0 4.950339 2.947160 42.268181 0.477246 -0.877650 0.044351 0.074520 0.136030 3 0 0.348614 1 0.342218 5 0.309168
scout_accessories
  5 -4.536910 2.900250 43.206848 0.643264 0.756525 0.117821 0.537420 0.621520 3 5 0.491587 0 0.265625 6 0.242789
  0 -4.500610 3.346400 40.331242 0.643264 0.756525 0.117821 0.534670 0.733350 3 0 0.765531 41 0.138277 5 0.096192
  5 -5.333740 3.618190 43.134628 0.643264 0.756525 0.117821 0.496470 0.627100 3 5 0.491587 0 0.265625 6 0.242789
scout_accessories
  5 -5.333740 3.618190 43.134628 0.643264 0.756525 0.117821 0.496470 0.627100 3 5 0.491587 0 0.265625 6 0.242789
  0 -4.500610 3.346400 40.331242 0.643264 0.756525 0.117821 0.534670 0.733350 3 0 0.765531 41 0.138277 5 0.096192
  0 -5.037030 3.766090 40.377911 0.643264 0.756525 0.117821 0.508430 0.733140 3 0 0.765531 41 0.138277 5 0.096192
scout_accessories
  5 -6.395180 -2.777290 44.222858 0.357392 0.933955 0.000000 0.984200 0.094320 3 5 0.489980 0 0.431864 6 0.078156
  5 -2.138250 -4.406260 44.822926 0.357392 0.933955 0.000000 0.920950 0.094320 3 5 0.385385 0 0.374374 6 0.240240
  0 -5.673950 -3.053279 38.683868 0.357392 0.933955 0.000000 0.983610 0.017380 2 0 0.885886 41 0.114114
scout_accessories
  5 -2.138250 -4.406260 44.822926 0.357392 0.933955 0.000000 0.920950 0.094320 3 5 0.385385 0 0.374374 6 0.240240
  0 -1.495990 -4.652019 39.272797 0.357392 0.933955 0.000000 0.921540 0.017380 3 0 0.504644 5 0.382869 41 0.112487
  0 -5.673950 -3.053279 38.683868 0.357392 0.933955 0.000000 0.983610 0.017380 2 0 0.885886 41 0.114114
scout_accessories
  5 -7.145630 -2.582580 44.881340 0.535454 0.669926 0.514284 0.154500 0.660150 3 5 0.489980 0 0.431864 6 0.078156
  5 -8.031780 -2.618990 44.770611 -0.697686 0.619265 0.360203 0.169170 0.624730 3 5 0.489980 0 0.431864 6 0.078156
  5 -7.115150 -3.474480 44.930660 0.577864 -0.571204 0.582924 0.189920 0.674820 3 5 0.489980 0 0.431864 6 0.078156
scout_accessories
  5 -8.031780 -2.618990 44.770611 -0.697686 0.619265 0.360203 0.169170 0.624730 3 5 0.489980 0 0.431864 6 0.078156
  5 -8.001300 -3.510890 44.819939 -0.655267 -0.621866 0.428844 0.204590 0.639400 3 5 0.489980 0 0.431864 6 0.078156
  5 -7.115150 -3.474480 44.930660 0.577864 -0.571204 0.582924 0.189920 0.674820 3 5 0.489980 0 0.431864 6 0.078156
scout_accessories
  5 -8.031780 -2.618990 44.770611 -0.697686 0.619265 0.360203 0.154500 0.618650 3 5 0.489980 0 0.431864 6 0.078156
  0 -7.574191 -3.668226 41.364388 -0.569073 -0.499210 -0.653410 0.005100 0.577100 2 0 0.826403 5 0.173597
  5 -8.001300 -3.510890 44.819939 -0.655267 -0.621866 0.428844 0.154500 0.577150 3 5 0.489980 0 0.431864 6 0.078156
scout_accessories
  0 -7.593310 -2.794870 41.319221 -0.577864 0.571204 -0.582924 0.005070 0.618650 2 0 0.826403 5 0.173597
  0 -7.574191 -3.668226 41.364388 -0.569073 -0.499210 -0.653410 0.005100 0.577100 2 0 0.826403 5 0.173597
  5 -8.031780 -2.618990 44.770611 -0.697686 0.619265 0.360203 0.154500 0.618650 3 5 0.489980 0 0.431864 6 0.078156
scout_accessories
  5 -7.145630 -2.582580 44.881340 0.535454 0.669926 0.514284 0.154500 0.660150 3 5 0.489980 0 0.431864 6 0.078156
  0 -7.593310 -2.794870 41.319221 -0.577864 0.571204 -0.582924 0.005070 0.618650 2 0 0.826403 5 0.173597
  5 -8.031780 -2.618990 44.770611 -0.697686 0.619265 0.360203 0.154500 0.618650 3 5 0.489980 0 0.431864 6 0.078156
scout_accessories
  0 -6.707197 -2.758500 41.429920 0.493281 0.650974 -0.576981 0.005100 0.660100 2 0 0.826403 5 0.173597
  0 -7.593310 -2.794870 41.319221 -0.577864 0.571204 -0.582924 0.005070 0.618650 2 0 0.826403 5 0.173597
  5 -7.145630 -2.582580 44.881340 0.535454 0.669926 0.514284 0.154500 0.660150 3 5 0.489980 0 0.431864 6 0.078156
scout_accessories
  0 -6.518652 -3.180912 41.473961 0.855239 -0.142202 -0.498342 0.005100 0.680900 2 0 0.807933 5 0.192067
  0 -6.707197 -2.758500 41.429920 0.493281 0.650974 -0.576981 0.005100 0.660100 2 0 0.826403 5 0.173597
  5 -7.145630 -2.582580 44.881340 0.535454 0.669926 0.514284 0.154500 0.660150 3 5 0.489980 0 0.431864 6 0.078156
scout_accessories
  5 -7.115150 -3.474480 44.930660 0.577864 -0.571204 0.582924 0.154500 0.701640 3 5 0.489980 0 0.431864 6 0.078156
  0 -6.518652 -3.180912 41.473961 0.855239 -0.142202 -0.498342 0.005100 0.680900 2 0 0.807933 5 0.192067
  5 -7.145630 -2.582580 44.881340 0.535454 0.669926 0.514284 0.154500 0.660150 3 5 0.489980 0 0.431864 6 0.078156
scout_accessories
  0 -7.113395 -3.853301 41.434124 0.243513 -0.803838 -0.542721 0.005100 0.722400 2 0 0.807933 5 0.192067
  0 -6.518652 -3.180912 41.473961 0.855239 -0.142202 -0.498342 0.005100 0.680900 2 0 0.807933 5 0.192067
  5 -7.115150 -3.474480 44.930660 0.577864 -0.571204 0.582924 0.154500 0.701640 3 5 0.489980 0 0.431864 6 0.078156
scout_accessories
  5 -8.001300 -3.510890 44.819939 -0.655267 -0.621866 0.428844 0.154500 0.743140 3 5 0.489980 0 0.431864 6 0.078156
  0 -7.113395 -3.853301 41.434124 0.243513 -0.803838 -0.542721 0.005100 0.722400 2 0 0.807933 5 0.192067
  5 -7.115150 -3.474480 44.930660 0.577864 -0.571204 0.582924 0.154500 0.701640 3 5 0.489980 0 0.431864 6 0.078156
scout_accessories
  0 -7.574191 -3.668226 41.364388 -0.569073 -0.499210 -0.653410 0.005100 0.743100 2 0 0.826403 5 0.173597
  0 -7.113395 -3.853301 41.434124 0.243513 -0.803838 -0.542721 0.005100 0.722400 2 0 0.807933 5 0.192067
  5 -8.001300 -3.510890 44.819939 -0.655267 -0.621866 0.428844 0.154500 0.743140 3 5 0.489980 0 0.431864 6 0.078156
scout_accessories
  5 6.165659 1.972840 43.443954 -0.381044 0.923879 -0.035410 0.919530 0.131160 3 5 0.508016 0 0.273547 6 0.218437
  5 5.214660 1.577220 43.355560 -0.381044 0.923879 -0.035410 0.978620 0.129980 3 5 0.504505 0 0.281281 6 0.214214
  5 6.058759 1.972840 44.594158 -0.381044 0.923879 -0.035410 0.920860 0.197190 3 5 0.561122 6 0.305611 0 0.133267
scout_accessories
  5 5.214660 1.577220 43.355560 -0.381044 0.923879 -0.035410 0.978620 0.129980 3 5 0.504505 0 0.281281 6 0.214214
  5 5.107749 1.577220 44.505772 -0.381044 0.923879 -0.035410 0.979940 0.196000 3 5 0.561122 6 0.305611 0 0.133267
  5 6.058759 1.972840 44.594158 -0.381044 0.923879 -0.035410 0.920860 0.197190 3 5 0.561122 6 0.305611 0 0.133267
scout_accessories
  0 -7.113395 -3.853301 41.434124 0.243513 -0.803838 -0.542721 0.000000 0.000000 2 0 0.807933 5 0.192067
  0 -7.574191 -3.668226 41.364388 -0.569073 -0.499210 -0.653410 0.000000 0.000000 2 0 0.826403 5 0.173597
  0 -6.518652 -3.180912 41.473961 0.855239 -0.142202 -0.498342 0.000000 0.000000 2 0 0.807933 5 0.192067
scout_accessories
  0 -6.518652 -3.180912 41.473961 0.855239 -0.142202 -0.498342 0.000000 0.000000 2 0 0.807933 5 0.192067
  0 -7.574191 -3.668226 41.364388 -0.569073 -0.499210 -0.653410 0.000000 0.000000 2 0 0.826403 5 0.173597
  0 -6.707197 -2.758500 41.429920 0.493281 0.650974 -0.576981 0.000000 0.000000 2 0 0.826403 5 0.173597
scout_accessories
  0 -7.574191 -3.668226 41.364388 -0.569073 -0.499210 -0.653410 0.000000 0.000000 2 0 0.826403 5 0.173597
  0 -7.593310 -2.794870 41.319221 -0.577864 0.571204 -0.582924 0.000000 0.000000 2 0 0.826403 5 0.173597
  0 -6.707197 -2.758500 41.429920 0.493281 0.650974 -0.576981 0.000000 0.000000 2 0 0.826403 5 0.173597
scout_accessories
  10 -2.929451 1.606527 66.163033 0.988323 0.004350 0.152310 0.000000 0.000000 1 10 1.000000
  10 -3.074063 2.031436 67.077080 0.495826 0.866539 0.057164 0.000000 0.000000 1 10 1.000000
  10 -3.213071 1.636937 68.018982 0.988323 0.004350 0.152310 0.000000 0.000000 1 10 1.000000
scout_accessories
  10 -2.932641 -0.273031 66.154182 0.703585 -0.307218 0.640770 0.000000 0.000000 1 10 1.000000
  10 -2.929451 1.606527 66.163033 0.988323 0.004350 0.152310 0.000000 0.000000 1 10 1.000000
  10 -3.213071 1.636937 68.018982 0.988323 0.004350 0.152310 0.000000 0.000000 1 10 1.000000
scout_accessories
  10 -3.271811 0.664587 68.424881 0.988323 0.004350 0.152310 0.000000 0.000000 1 10 1.000000
  10 -2.932641 -0.273031 66.154182 0.703585 -0.307218 0.640770 0.000000 0.000000 1 10 1.000000
  10 -3.213071 1.636937 68.018982 0.988323 0.004350 0.152310 0.000000 0.000000 1 10 1.000000
scout_accessories
  10 -3.213071 -0.319533 68.060478 0.988323 0.004350 0.152310 0.000000 0.000000 1 10 1.000000
  10 -2.932641 -0.273031 66.154182 0.703585 -0.307218 0.640770 0.000000 0.000000 1 10 1.000000
  10 -3.271811 0.664587 68.424881 0.988323 0.004350 0.152310 0.000000 0.000000 1 10 1.000000
scout_accessories
  10 -3.071261 -0.744283 67.149353 0.988323 0.004350 0.152310 0.000000 0.000000 1 10 1.000000
  10 -2.932641 -0.273031 66.154182 0.703585 -0.307218 0.640770 0.000000 0.000000 1 10 1.000000
  10 -3.213071 -0.319533 68.060478 0.988323 0.004350 0.152310 0.000000 0.000000 1 10 1.000000
scout_accessories
  5 6.058759 1.972840 44.594158 -0.092541 0.000000 0.995709 0.920860 0.197190 3 5 0.561122 6 0.305611 0 0.133267
  5 5.107749 1.577220 44.505772 -0.092541 0.000000 0.995709 0.907230 0.255240 3 5 0.561122 6 0.305611 0 0.133267
  5 6.496680 -0.238260 44.634865 -0.092541 0.000000 0.995709 0.800630 0.195920 3 5 0.526527 0 0.278278 6 0.195195
scout_accessories
  5 5.107749 1.577220 44.505772 -0.092541 0.000000 0.995709 0.907230 0.255240 3 5 0.561122 6 0.305611 0 0.133267
  5 5.467320 -0.238260 44.539192 -0.092541 0.000000 0.995709 0.800510 0.251600 3 5 0.523046 0 0.292585 6 0.184369
  5 6.496680 -0.238260 44.634865 -0.092541 0.000000 0.995709 0.800630 0.195920 3 5 0.526527 0 0.278278 6 0.195195
scout_accessories
  5 6.496680 -0.238260 44.634865 -0.092541 0.000000 0.995709 0.800630 0.195920 3 5 0.526527 0 0.278278 6 0.195195
  5 5.467320 -0.238260 44.539192 -0.092541 0.000000 0.995709 0.800510 0.251600 3 5 0.523046 0 0.292585 6 0.184369
  5 6.058759 -2.449360 44.594154 -0.087201 0.008010 0.996158 0.686820 0.199290 3 5 0.489980 0 0.431864 6 0.078156
scout_accessories
  5 5.467320 -0.238260 44.539192 -0.092541 0.000000 0.995709 0.800510 0.251600 3 5 0.523046 0 0.292585 6 0.184369
  5 5.107749 -2.053750 44.505772 -0.087201 0.008010 0.996158 0.689540 0.258050 3 5 0.475952 0 0.440882 6 0.083166
  5 6.058759 -2.449360 44.594154 -0.087201 0.008010 0.996158 0.686820 0.199290 3 5 0.489980 0 0.431864 6 0.078156
scout_accessories
  5 6.058759 -2.449360 44.594154 -0.087201 0.008010 0.996158 0.686820 0.199290 3 5 0.489980 0 0.431864 6 0.078156
  5 5.107749 -2.053750 44.505772 -0.087201 0.008010 0.996158 0.689540 0.258050 3 5 0.475952 0 0.440882 6 0.083166
  5 2.461490 -5.944380 44.304779 -0.092541 0.000000 0.995709 0.431630 0.197030 3 5 0.374374 0 0.370370 6 0.255255
scout_accessories
  5 5.107749 -2.053750 44.505772 -0.087201 0.008010 0.996158 0.689540 0.258050 3 5 0.475952 0 0.440882 6 0.083166
  5 2.067580 -4.621240 44.268166 -0.092541 0.000000 0.995709 0.430370 0.261230 3 5 0.385385 0 0.374374 6 0.240240
  5 2.461490 -5.944380 44.304779 -0.092541 0.000000 0.995709 0.431630 0.197030 3 5 0.374374 0 0.370370 6 0.255255
scout_accessories
  5 2.461490 -5.944380 44.304779 -0.092541 0.000000 0.995709 0.431630 0.197030 3 5 0.374374 0 0.370370 6 0.255255
  5 2.067580 -4.621240 44.268166 -0.092541 0.000000 0.995709 0.430370 0.261230 3 5 0.385385 0 0.374374 6 0.240240
  5 0.259880 -5.350400 44.100151 -0.092541 0.000000 0.995709 0.309240 0.253510 3 5 0.385772 0 0.382766 6 0.231463
scout_accessories
  0 0.259880 -6.384189 44.100147 -0.092541 0.000000 0.995709 0.309700 0.195090 3 0 0.378378 5 0.378378 6 0.243243
  5 2.461490 -5.944380 44.304779 -0.092541 0.000000 0.995709 0.431630 0.197030 3 5 0.374374 0 0.370370 6 0.255255
  5 0.259880 -5.350400 44.100151 -0.092541 0.000000 0.995709 0.309240 0.253510 3 5 0.385772 0 0.382766 6 0.231463
scout_accessories
  0 0.259880 -6.384189 44.100147 -0.092541 0.000000 0.995709 0.309700 0.195090 3 0 0.378378 5 0.378378 6 0.243243
  5 0.259880 -5.350400 44.100151 -0.092541 0.000000 0.995709 0.309240 0.253510 3 5 0.385772 0 0.382766 6 0.231463
  5 -1.941730 -5.944380 43.895531 -0.092541 0.000000 0.995709 0.195920 0.195990 3 5 0.374374 0 0.370370 6 0.255255
scout_accessories
  5 0.259880 -5.350400 44.100151 -0.092541 0.000000 0.995709 0.309240 0.253510 3 5 0.385772 0 0.382766 6 0.231463
  5 -1.547810 -4.989280 43.932140 -0.092541 0.000000 0.995709 0.198250 0.251570 3 5 0.385385 0 0.374374 6 0.240240
  5 -1.941730 -5.944380 43.895531 -0.092541 0.000000 0.995709 0.195920 0.195990 3 5 0.374374 0 0.370370 6 0.255255
scout_accessories
  5 -1.941730 -5.944380 43.895531 -0.092541 0.000000 0.995709 0.195920 0.195990 3 5 0.374374 0 0.370370 6 0.255255
  5 -1.547810 -4.989280 43.932140 -0.092541 0.000000 0.995709 0.198250 0.251570 3 5 0.385385 0 0.374374 6 0.240240
  5 -3.808170 -4.691890 43.722061 -0.092541 0.000000 0.995709 0.075850 0.202050 3 5 0.498998 0 0.423848 6 0.077154
scout_accessories
  5 -1.547810 -4.989280 43.932140 -0.092541 0.000000 0.995709 0.198250 0.251570 3 5 0.385385 0 0.374374 6 0.240240
  5 -3.080300 -3.592840 43.789715 -0.092541 0.000000 0.995709 0.091790 0.259500 3 5 0.496994 0 0.424850 6 0.078156
  5 -3.808170 -4.691890 43.722061 -0.092541 0.000000 0.995709 0.075850 0.202050 3 5 0.498998 0 0.423848 6 0.077154
scout_accessories
  5 -3.808170 -4.691890 43.722061 -0.829067 0.553815 -0.077051 0.075850 0.202050 3 5 0.498998 0 0.423848 6 0.077154
  5 -3.080300 -3.592840 43.789715 -0.829067 0.553815 -0.077051 0.016760 0.203240 3 5 0.496994 0 0.424850 6 0.078156
  5 -3.701260 -4.691890 42.571842 -0.829067 0.553815 -0.077051 0.074520 0.136030 3 5 0.470942 0 0.455912 6 0.073146
scout_accessories
  5 -3.080300 -3.592840 43.789715 -0.829067 0.553815 -0.077051 0.016760 0.203240 3 5 0.496994 0 0.424850 6 0.078156
  5 -2.973400 -3.592840 42.639488 -0.829067 0.553815 -0.077051 0.015430 0.137210 3 5 0.498499 0 0.423423 6 0.078078
  5 -3.701260 -4.691890 42.571842 -0.829067 0.553815 -0.077051 0.074520 0.136030 3 5 0.470942 0 0.455912 6 0.073146
scout_accessories
  0 -5.818950 -0.440190 41.267246 0.106490 -0.994264 0.009890 0.919530 0.131160 1 0 1.000000
  0 -4.795489 -0.329620 41.362366 0.106490 -0.994264 0.009890 0.978620 0.129980 1 0 1.000000
  0 -5.925850 -0.440190 42.417458 0.106490 -0.994264 0.009890 0.920860 0.197190 1 0 1.000000
scout_accessories
  0 -4.795489 -0.329620 41.362366 0.106490 -0.994264 0.009890 0.978620 0.129980 1 0 1.000000
  0 -4.902400 -0.329620 42.512585 0.106490 -0.994265 0.009890 0.979940 0.196000 3 0 0.511022 5 0.425852 6 0.063126
  0 -5.925850 -0.440190 42.417458 0.106490 -0.994264 0.009890 0.920860 0.197190 1 0 1.000000
scout_accessories
  13 19.685898 1.651446 42.109917 -0.613103 -0.767308 -0.187999 0.000000 0.000000 1 13 1.000000
  13 19.459515 1.914996 42.419472 -0.927467 -0.313421 0.203893 0.000000 0.000000 1 13 1.000000
  13 20.229370 1.832505 41.402390 -0.144749 -0.567044 -0.810869 0.000000 0.000000 1 13 1.000000
scout_accessories
  13 20.229370 1.832505 41.402390 -0.144749 -0.567044 -0.810869 0.000000 0.000000 1 13 1.000000
  13 19.459515 1.914996 42.419472 -0.927467 -0.313421 0.203893 0.000000 0.000000 1 13 1.000000
  13 20.333593 2.336043 41.246414 -0.021100 0.070196 -0.997310 0.000000 0.000000 1 13 1.000000
scout_accessories
  13 19.459515 1.914996 42.419472 -0.927467 -0.313421 0.203893 0.000000 0.000000 1 13 1.000000
  13 19.488678 2.889540 42.358894 -0.784966 0.561695 0.261393 0.000000 0.000000 1 13 1.000000
  13 20.333593 2.336043 41.246414 -0.021100 0.070196 -0.997310 0.000000 0.000000 1 13 1.000000
scout_accessories
  13 19.488678 2.889540 42.358894 -0.784966 0.561695 0.261393 0.000000 0.000000 1 13 1.000000
  13 20.035170 3.071085 41.651276 -0.298054 0.744039 -0.597971 0.000000 0.000000 3 13 0.385910 14 0.371188 15 0.242902
  13 20.333593 2.336043 41.246414 -0.021100 0.070196 -0.997310 0.000000 0.000000 1 13 1.000000
scout_accessories
  13 19.428688 4.106872 40.780785 0.664205 -0.052480 -0.745706 0.633440 0.840730 1 13 1.000000
  13 20.051876 3.904146 41.351082 0.664479 -0.054132 -0.745343 0.662800 0.871700 1 13 1.000000
  13 18.820248 3.595222 40.274857 0.664205 -0.052480 -0.745706 0.585980 0.838090 1 13 1.000000
scout_accessories
  13 20.051876 3.904146 41.351082 0.664479 -0.054132 -0.745343 0.662800 0.871700 1 13 1.000000
  13 20.432798 3.193101 41.739475 0.664205 -0.052480 -0.745706 0.662770 0.919260 1 13 1.000000
  13 18.820248 3.595222 40.274857 0.664205 -0.052480 -0.745706 0.585980 0.838090 1 13 1.000000
scout_accessories
  13 18.820248 3.595222 40.274857 0.664205 -0.052480 -0.745706 0.585980 0.838090 1 13 1.000000
  13 20.432798 3.193101 41.739475 0.664205 -0.052480 -0.745706 0.662770 0.919260 1 13 1.000000
  13 18.451719 2.613741 40.015675 0.664205 -0.052480 -0.745706 0.538520 0.864830 1 13 1.000000
scout_accessories
  13 20.432798 3.193101 41.739475 0.664205 -0.052480 -0.745706 0.662770 0.919260 1 13 1.000000
  13 20.447508 2.066571 41.837109 0.664479 -0.054132 -0.745343 0.633400 0.965200 1 13 1.000000
  13 18.451719 2.613741 40.015675 0.664205 -0.052480 -0.745706 0.538520 0.864830 1 13 1.000000
scout_accessories
  13 18.451719 2.613741 40.015675 0.664205 -0.052480 -0.745706 0.538520 0.864830 1 13 1.000000
  13 20.447508 2.066571 41.837109 0.664479 -0.054132 -0.745343 0.633400 0.965200 1 13 1.000000
  13 18.463860 1.537340 40.102245 0.664205 -0.052480 -0.745706 0.509190 0.910740 1 13 1.000000
scout_accessories
  13 20.447508 2.066571 41.837109 0.664479 -0.054132 -0.745343 0.633400 0.965200 1 13 1.000000
  13 20.076408 1.135229 41.566868 0.664205 -0.052480 -0.745706 0.585980 0.991910 1 13 1.000000
  13 18.463860 1.537340 40.102245 0.664205 -0.052480 -0.745706 0.509190 0.910740 1 13 1.000000
scout_accessories
  13 18.463860 1.537340 40.102245 0.664205 -0.052480 -0.745706 0.509190 0.910740 1 13 1.000000
  13 20.076408 1.135229 41.566868 0.664205 -0.052480 -0.745706 0.585980 0.991910 1 13 1.000000
  13 18.852039 0.777169 40.501507 0.664205 -0.052480 -0.745706 0.509190 0.958270 1 13 1.000000
scout_accessories
  13 20.076408 1.135229 41.566868 0.664205 -0.052480 -0.745706 0.585980 0.991910 1 13 1.000000
  13 19.467979 0.623569 41.060936 0.664205 -0.052480 -0.745706 0.538520 0.989270 1 13 1.000000
  13 18.852039 0.777169 40.501507 0.664205 -0.052480 -0.745706 0.509190 0.958270 1 13 1.000000
scout_accessories
  13 18.185230 0.829849 41.250114 -0.664205 0.052480 0.745706 0.632490 0.842220 1 13 1.000000
  13 18.801168 0.676259 41.809555 -0.664205 0.052480 0.745706 0.661230 0.872600 1 13 1.000000
  13 17.797050 1.590030 40.850864 -0.664205 0.052480 0.745706 0.585980 0.839640 1 13 1.000000
scout_accessories
  13 18.801168 0.676259 41.809555 -0.664205 0.052480 0.745706 0.661230 0.872600 1 13 1.000000
  13 19.409599 1.187919 42.315495 -0.664205 0.052480 0.745706 0.661230 0.919180 1 13 1.000000
  13 17.797050 1.590030 40.850864 -0.664205 0.052480 0.745706 0.585980 0.839640 1 13 1.000000
scout_accessories
  13 19.409599 1.187919 42.315495 -0.664205 0.052480 0.745706 0.661230 0.919180 1 13 1.000000
  13 19.778130 2.169390 42.574677 -0.664205 0.052480 0.745706 0.632490 0.964160 1 13 1.000000
  13 17.797050 1.590030 40.850864 -0.664205 0.052480 0.745706 0.585980 0.839640 1 13 1.000000
scout_accessories
  13 17.797050 1.590030 40.850864 -0.664205 0.052480 0.745706 0.585980 0.839640 1 13 1.000000
  13 19.778130 2.169390 42.574677 -0.664205 0.052480 0.745706 0.632490 0.964160 1 13 1.000000
  13 17.784908 2.666431 40.764297 -0.664205 0.052480 0.745706 0.539480 0.865840 1 13 1.000000
scout_accessories
  13 19.778130 2.169390 42.574677 -0.664205 0.052480 0.745706 0.632490 0.964160 1 13 1.000000
  13 19.765991 3.245791 42.488094 -0.664205 0.052480 0.745706 0.585980 0.990360 1 13 1.000000
  13 17.784908 2.666431 40.764297 -0.664205 0.052480 0.745706 0.539480 0.865840 1 13 1.000000
scout_accessories
  13 17.784908 2.666431 40.764297 -0.664205 0.052480 0.745706 0.539480 0.865840 1 13 1.000000
  13 19.765991 3.245791 42.488094 -0.664205 0.052480 0.745706 0.585980 0.990360 1 13 1.000000
  13 18.153440 3.647901 41.023476 -0.664205 0.052480 0.745706 0.510730 0.910820 1 13 1.000000
scout_accessories
  13 19.765991 3.245791 42.488094 -0.664205 0.052480 0.745706 0.585980 0.990360 1 13 1.000000
  13 19.377819 4.005971 42.088844 -0.664205 0.052480 0.745706 0.539480 0.987780 1 13 1.000000
  13 18.153440 3.647901 41.023476 -0.664205 0.052480 0.745706 0.510730 0.910820 1 13 1.000000
scout_accessories
  13 19.377819 4.005971 42.088844 -0.664205 0.052480 0.745706 0.539480 0.987780 1 13 1.000000
  13 18.761879 4.159562 41.529408 -0.664205 0.052480 0.745706 0.510730 0.957400 1 13 1.000000
  13 18.153440 3.647901 41.023476 -0.664205 0.052480 0.745706 0.510730 0.910820 1 13 1.000000
end
