version 1
nodes
0 "blender_implicit" -1
1 "root" -1
2 "upperarm_l" 1
3 "lowerarm_l" 2
4 "hand_l" 3
5 "pinky_0_l" 4
6 "pinky_1_l" 5
7 "pinky_2_l" 6
8 "ring_0_l" 4
9 "ring_1_l" 8
10 "ring_2_l" 9
11 "middle_0_l" 4
12 "middle_1_l" 11
13 "middle_2_l" 12
14 "index_0_l" 4
15 "index_1_l" 14
16 "index_2_l" 15
17 "thumb_0_l" 4
18 "thumb_1_l" 17
19 "thumb_2_l" 18
20 "rig_index_l" 4
21 "rig_middle_l" 4
22 "rig_ring_l" 4
23 "rig_pinky_l" 4
24 "rig_thumb_l" 4
25 "rig_hand_l" 1
26 "rig_l" 1
27 "rig_upperarm_l" 1
28 "upperarm_r" 1
29 "lowerarm_r" 28
30 "hand_r" 29
31 "pinky_0_r" 30
32 "pinky_1_r" 31
33 "pinky_2_r" 32
34 "ring_0_r" 30
35 "ring_1_r" 34
36 "ring_2_r" 35
37 "middle_0_r" 30
38 "middle_1_r" 37
39 "middle_2_r" 38
40 "index_0_r" 30
41 "index_1_r" 40
42 "index_2_r" 41
43 "thumb_0_r" 30
44 "thumb_1_r" 43
45 "thumb_2_r" 44
46 "rig_index_r" 30
47 "rig_middle_r" 30
48 "rig_ring_r" 30
49 "rig_pinky_r" 30
50 "rig_thumb_r" 30
51 "rig_hand_r" 1
52 "rig_r" 1
53 "rig_upperarm_r" 1
54 "weapon_bone_CONTROL" -1
55 "weapon_bone_parent" 54
56 "weapon_bone" 55
end
skeleton
time 0
0  0 0 0  0 0 0
1  0.000000 0.000000 0.000000  1.570796 -0.000000 0.000000
2  0.449198 -13.144855 -6.669335  0.797174 -0.195561 -1.522332
3  0.000000 13.479278 0.000000  0.843637 0.000000 -0.000000
4  -0.000000 13.477238 0.000001  0.019215 -0.061836 0.121832
5  -0.267270 3.664725 -1.953293  -0.108791 -0.013788 -0.026066
6  0.000001 1.180357 -0.000000  -0.034029 -0.015446 -0.403202
7  -0.000000 0.817138 -0.000000  0.006682 -0.010324 -0.218454
8  -0.249423 3.688541 -0.940888  -0.061758 -0.006265 -0.011920
9  -0.000001 1.800632 -0.000000  0.004369 0.003102 -0.427837
10  -0.000001 1.243406 -0.000000  0.006376 0.001380 -0.283965
11  -0.244727 3.701094 0.087732  0.005332 0.001603 0.009044
12  0.000001 1.766584 -0.000000  0.003116 -0.003017 -0.449710
13  -0.000000 1.189004 0.000001  -0.016905 -0.005239 -0.342445
14  -0.277240 3.632247 1.274102  0.087511 0.000230 0.111810
15  -0.000000 1.798493 0.000000  0.035323 0.013594 -0.367526
16  0.000001 1.235452 -0.000001  -0.005691 0.006373 -0.149850
17  0.315440 0.857299 0.755944  1.818756 0.659268 1.317010
18  0.000001 2.265939 -0.000000  -0.099084 -0.037733 -0.688853
19  -0.000001 1.457812 -0.000000  -0.037760 0.040154 -0.153383
20  -1.259682 3.818374 1.286946  0.087511 0.000230 0.111810
21  -1.226392 3.891692 0.090419  0.005332 0.001603 0.009044
22  -1.231623 3.875535 -0.958680  -0.061758 -0.006265 -0.011920
23  -1.209921 3.994780 -2.003048  -0.108791 -0.013788 -0.026065
24  0.328906 0.095428 1.403533  1.818756 0.659268 1.317010
25  8.697409 -8.253369 15.977400  1.682355 -0.311999 -1.596087
26  24.489557 -12.765261 -10.634670  -1.570796 -0.000000 -1.570796
27  0.449198 -13.144855 -6.669335  -0.051945 -0.000000 -1.570796
28  -9.523657 -7.409284 -2.492052  1.178104 -0.009833 1.961370
29  0.000001 13.479277 0.000001  0.657103 -0.000000 0.000000
30  0.000001 13.477240 0.000002  0.263555 0.146754 -0.148549
31  0.267269 3.664726 -1.953293  0.109629 -0.107225 0.495176
32  -0.000001 1.180354 0.000002  -0.029953 -0.007842 0.846531
33  0.000000 0.817135 -0.000001  0.012285 -0.000556 1.260036
34  0.249423 3.688543 -0.940889  -0.126560 -0.145246 0.899651
35  -0.000001 1.800630 -0.000002  -0.009643 -0.027168 1.400081
36  0.000000 1.243405 0.000001  0.002452 -0.006045 1.256197
37  0.244727 3.701096 0.087732  -0.174754 -0.151318 0.769502
38  0.000000 1.766585 0.000001  0.009385 0.010267 1.319679
39  0.000003 1.189004 -0.000001  -0.006898 0.016298 1.212361
40  0.277239 3.632248 1.274103  -0.295695 -0.170063 0.706218
41  -0.000001 1.798495 -0.000000  0.035176 0.008609 1.280163
42  -0.000001 1.235452 -0.000000  -0.008523 0.000599 1.061936
43  -0.315441 0.857302 0.755943  -0.678476 -2.468995 1.317854
44  0.000000 2.265940 -0.000001  -0.026878 0.060881 0.878738
45  0.000002 1.457815 -0.000001  -0.051628 -0.019293 0.611810
46  1.259682 3.818375 1.286945  -0.295695 -0.170063 0.706217
47  1.226390 3.891694 0.090419  -0.174753 -0.151318 0.769501
48  1.231622 3.875536 -0.958681  -0.126560 -0.145246 0.899651
49  1.209918 3.994783 -2.003049  0.109629 -0.107225 0.495175
50  -0.328906 0.095429 1.403532  -0.678476 -2.468995 1.317854
51  -10.941189 -8.263663 22.968529  2.117321 0.093620 2.142558
52  -23.015259 -13.132422 13.334921  -1.570796 -0.000000 1.570796
53  -9.523657 -7.409284 -2.492052  -0.051945 0.000000 1.570796
54  -9.280611 -26.377796 -7.896104  0.753846 1.013292 -0.349041
55  -0.000001 -0.000001 -0.000002  0.000000 -0.000000 -0.000000
56  -0.000001 -0.000001 -0.000002  0.000000 -0.000000 -0.000000
time 1
0  0 0 0  0 0 0
1  0.000000 0.000000 0.000000  1.570796 -0.000000 0.000000
2  0.449198 -13.144855 -6.669335  0.741959 -0.207173 -1.520336
3  0.000001 13.479277 -0.000001  0.882772 0.000000 -0.000000
4  -0.000000 13.477238 0.000000  0.079161 -0.158911 0.254325
5  -0.267270 3.664728 -1.953293  -0.047213 -0.033626 0.051325
6  -0.000001 1.180354 -0.000000  -0.035090 -0.012855 -0.328298
7  -0.000000 0.817133 0.000001  0.005890 -0.010796 -0.143510
8  -0.249423 3.688543 -0.940890  0.000857 -0.026383 0.064889
9  -0.000000 1.800631 -0.000000  0.004591 0.002764 -0.352425
10  0.000000 1.243406 -0.000001  0.006462 0.000896 -0.208554
11  -0.244727 3.701096 0.087732  0.069910 -0.011880 0.085477
12  -0.000001 1.766582 -0.000000  0.002876 -0.003247 -0.373211
13  0.000001 1.189003 0.000000  -0.017255 -0.003932 -0.265956
14  -0.277239 3.632249 1.274102  0.151404 -0.022997 0.187037
15  -0.000001 1.798494 0.000000  0.036256 0.010864 -0.291300
16  -0.000000 1.235451 -0.000001  -0.005189 0.006788 -0.073581
17  0.315441 0.857300 0.755943  1.830705 0.596574 1.402461
18  -0.000001 2.265940 0.000001  -0.102510 -0.035194 -0.624769
19  -0.000000 1.457810 -0.000001  -0.035111 0.042489 -0.089270
20  -1.259681 3.818377 1.286946  0.151404 -0.022997 0.187037
21  -1.226391 3.891696 0.090419  0.069910 -0.011880 0.085477
22  -1.231624 3.875535 -0.958680  0.000857 -0.026383 0.064890
23  -1.209919 3.994783 -2.003047  -0.047213 -0.033626 0.051325
24  0.328906 0.095430 1.403532  1.830704 0.596574 1.402461
25  9.412857 -8.044656 15.413643  1.786130 -0.445575 -1.711448
26  24.489557 -12.765261 -10.634670  -1.570796 -0.000000 -1.570796
27  0.449198 -13.144855 -6.669335  -0.051945 -0.000000 -1.570796
28  -12.626566 -7.381834 -2.638024  1.186144 0.042673 2.297745
29  0.000001 13.479279 -0.000000  1.057326 -0.000000 0.000000
30  0.000000 13.477239 -0.000002  -0.117094 0.149558 -0.164798
31  0.267268 3.664726 -1.953292  -0.162448 -0.124336 0.062928
32  0.000000 1.180355 0.000001  -0.039726 -0.020633 0.412731
33  0.000000 0.817135 -0.000001  0.011379 0.004664 0.825833
34  0.249421 3.688542 -0.940890  -0.147221 -0.191350 0.371328
35  -0.000001 1.800633 -0.000002  -0.006901 -0.026473 0.866019
36  -0.000002 1.243406 0.000000  0.005188 -0.003955 0.722198
37  0.244725 3.701094 0.087733  -0.081640 -0.191195 0.314314
38  0.000000 1.766585 0.000000  0.009138 0.012207 0.864937
39  -0.000000 1.189005 0.000003  -0.013355 0.011612 0.757596
40  0.277238 3.632249 1.274101  0.010266 -0.202441 0.256140
41  -0.000001 1.798495 -0.000002  0.049763 0.016842 0.834328
42  -0.000000 1.235452 -0.000003  -0.007947 -0.003139 0.615622
43  -0.315443 0.857302 0.755942  2.331772 -0.484568 -1.536098
44  -0.000000 2.265939 0.000000  -0.040002 0.053192 0.649515
45  -0.000000 1.457811 -0.000000  -0.045908 -0.030504 0.383035
46  1.259680 3.818375 1.286946  0.010266 -0.202441 0.256140
47  1.226389 3.891695 0.090418  -0.081640 -0.191195 0.314314
48  1.231622 3.875535 -0.958681  -0.147221 -0.191350 0.371328
49  1.209918 3.994782 -2.003048  -0.162448 -0.124336 0.062928
50  -0.328907 0.095428 1.403532  2.331772 -0.484568 -1.536098
51  -10.784568 -4.428376 20.375757  -0.989774 3.065895 -0.623833
52  -18.315037 -11.453114 14.655832  -1.570796 -0.000000 1.570796
53  -12.626566 -7.381834 -2.638024  -0.051945 0.000000 1.570796
54  -9.254466 -23.717064 -3.423296  0.890060 0.651782 -0.208630
55  0.000001 -0.000000 -0.000000  0.814487 0.000000 0.000000
56  -0.000000 -0.000000 0.000001  0.000000 -0.000000 0.000000
time 2
0  0 0 0  0 0 0
1  0.000000 0.000000 0.000000  1.570796 -0.000000 0.000000
2  0.449198 -13.144855 -6.669335  0.631347 -0.222745 -1.517643
3  0.000001 13.479277 -0.000000  0.935288 0.000000 -0.000000
4  -0.000001 13.477239 0.000000  0.069741 -0.367796 0.402110
5  -0.267271 3.664726 -1.953294  0.068660 -0.070421 0.195027
6  -0.000000 1.180357 0.000001  -0.036533 -0.007865 -0.189227
7  -0.000000 0.817135 0.000003  0.004336 -0.011508 -0.004350
8  -0.249422 3.688542 -0.940890  0.118012 -0.064441 0.207555
9  -0.000001 1.800633 -0.000001  0.004932 0.002096 -0.212373
10  0.000000 1.243407 0.000001  0.006524 -0.000015 -0.068504
11  -0.244725 3.701096 0.087731  0.189761 -0.042648 0.227387
12  0.000000 1.766585 -0.000000  0.002387 -0.003621 -0.231141
13  0.000000 1.189003 0.000001  -0.017638 -0.001449 -0.123908
14  -0.277239 3.632247 1.274101  0.269297 -0.067690 0.326755
15  -0.000000 1.798496 0.000000  0.037426 0.005638 -0.149741
16  0.000000 1.235450 -0.000001  -0.004178 0.007453 0.068071
17  0.315442 0.857300 0.755943  1.818857 0.469770 1.541422
18  0.000001 2.265940 -0.000001  -0.108411 -0.029922 -0.505796
19  -0.000001 1.457810 -0.000001  -0.029816 0.046358 0.029828
20  -1.259681 3.818374 1.286946  0.269297 -0.067690 0.326755
21  -1.226390 3.891694 0.090418  0.189761 -0.042648 0.227387
22  -1.231623 3.875535 -0.958682  0.118012 -0.064441 0.207556
23  -1.209918 3.994782 -2.003049  0.068660 -0.070421 0.195027
24  0.328906 0.095428 1.403532  1.818857 0.469770 1.541422
25  11.118925 -7.835942 14.233419  1.889906 -0.579151 -1.959699
26  24.489557 -12.765261 -10.634670  -1.570796 -0.000000 -1.570796
27  0.449198 -13.144855 -6.669335  -0.051945 -0.000000 -1.570796
28  -18.393208 -7.309467 -2.830362  -1.662530 -2.724751 -0.023625
29  0.000000 13.479275 0.000000  1.135002 -0.000000 0.000000
30  -0.000000 13.477240 0.000000  -0.340097 -0.269290 -0.280044
31  0.267268 3.664727 -1.953292  -0.414296 -0.144733 -0.371895
32  0.000002 1.180357 -0.000000  -0.043217 -0.036353 -0.021267
33  -0.000001 0.817136 0.000000  0.008360 0.009020 0.391453
34  0.249422 3.688541 -0.940887  -0.152498 -0.245037 -0.158944
35  -0.000001 1.800634 -0.000000  -0.004895 -0.024480 0.331979
36  -0.000000 1.243406 -0.000001  0.006479 -0.000764 0.188209
37  0.244726 3.701096 0.087735  0.010562 -0.230418 -0.140816
38  0.000001 1.766585 0.000001  0.008063 0.013841 0.410195
39  0.000001 1.189005 -0.000000  -0.017098 0.004567 0.302903
40  0.277239 3.632248 1.274104  0.305769 -0.231607 -0.192463
41  -0.000000 1.798495 0.000001  0.059373 0.030553 0.388725
42  -0.000001 1.235452 0.000002  -0.005815 -0.006260 0.169488
43  -0.315442 0.857300 0.755945  2.319144 -0.270435 -1.303029
44  -0.000001 2.265940 0.000001  -0.051029 0.042727 0.420511
45  0.000001 1.457811 0.000000  -0.037790 -0.040126 0.154115
46  1.259681 3.818374 1.286948  0.305769 -0.231607 -0.192463
47  1.226390 3.891693 0.090421  0.010562 -0.230418 -0.140816
48  1.231622 3.875535 -0.958678  -0.152498 -0.245037 -0.158944
49  1.209919 3.994784 -2.003047  -0.414296 -0.144733 -0.371895
50  -0.328906 0.095428 1.403535  2.319144 -0.270435 -1.303028
51  -9.968431 2.904378 15.646033  -0.928177 -3.099336 0.072898
52  -9.586053 -8.334397 17.108952  -1.570796 -0.000000 1.570796
53  -18.393208 -7.309467 -2.830362  -0.051945 0.000000 1.570796
54  -9.071454 -18.775703 4.883347  0.953679 -0.040377 -0.049758
55  -0.000001 -0.000001 0.000001  2.327106 -0.000000 0.000000
56  0.000000 -0.000001 0.000001  0.000000 -0.000000 0.000000
time 3
0  0 0 0  0 0 0
1  0.000000 0.000000 0.000000  1.570796 -0.000000 0.000000
2  0.449198 -13.144855 -6.669335  0.523321 -0.202516 -1.521137
3  0.000001 13.479279 -0.000001  0.954720 0.000000 -0.000000
4  -0.000000 13.477239 -0.000000  0.075718 -0.637110 0.304310
5  -0.267270 3.664727 -1.953293  0.131871 -0.090302 0.272319
6  0.000000 1.180355 -0.000002  -0.037019 -0.005110 -0.114365
7  0.000001 0.817135 -0.000002  0.003463 -0.011801 0.070566
8  -0.249424 3.688542 -0.940888  0.181551 -0.087056 0.284450
9  0.000001 1.800634 -0.000001  0.005075 0.001718 -0.136961
10  0.000000 1.243406 0.000002  0.006504 -0.000506 0.006908
11  -0.244727 3.701097 0.087732  0.254259 -0.076139 0.303705
12  0.000000 1.766584 0.000000  0.002104 -0.003793 -0.154648
13  -0.000000 1.189003 0.000001  -0.017698 -0.000097 -0.047427
14  -0.277240 3.632248 1.274102  0.332394 -0.096669 0.401817
15  -0.000001 1.798495 0.000000  0.037747 0.002771 -0.073536
16  -0.000000 1.235451 0.000000  -0.003598 0.007750 0.144332
17  0.315441 0.857300 0.755944  1.796219 0.398130 1.608423
18  0.000001 2.265940 0.000000  -0.111316 -0.026803 -0.441755
19  0.000001 1.457812 0.000000  -0.026784 0.048172 0.093975
20  -1.259682 3.818375 1.286945  0.332394 -0.096669 0.401817
21  -1.226391 3.891693 0.090418  0.254259 -0.076139 0.303705
22  -1.231624 3.875533 -0.958679  0.181551 -0.087056 0.284450
23  -1.209919 3.994782 -2.003049  0.131871 -0.090302 0.272319
24  0.328906 0.095428 1.403533  1.796219 0.398130 1.608423
25  13.155203 -8.454519 13.073643  1.888795 -0.459094 -2.210246
26  24.489557 -12.765261 -10.634670  -1.570796 -0.000000 -1.570796
27  0.449198 -13.144855 -6.669335  -0.051945 -0.000000 -1.570796
28  -21.510447 -7.207154 -2.700701  -1.425447 -2.474794 0.051630
29  0.000000 13.479277 -0.000000  0.853872 -0.000000 0.000000
30  -0.000000 13.477239 -0.000002  -0.126075 -0.021468 -0.462290
31  0.267271 3.664726 -1.953294  -0.162448 -0.124336 0.062928
32  0.000000 1.180354 -0.000000  -0.039726 -0.020633 0.412730
33  -0.000003 0.817134 0.000001  0.011379 0.004664 0.825833
34  0.249424 3.688540 -0.940890  -0.147221 -0.191350 0.371328
35  0.000000 1.800634 0.000000  -0.006901 -0.026473 0.866019
36  -0.000002 1.243406 0.000001  0.005188 -0.003956 0.722198
37  0.244728 3.701095 0.087732  -0.081640 -0.191195 0.314314
38  0.000001 1.766586 0.000001  0.009138 0.012207 0.864937
39  0.000002 1.189005 -0.000000  -0.013355 0.011612 0.757596
40  0.277240 3.632249 1.274101  0.010266 -0.202441 0.256140
41  -0.000001 1.798495 0.000002  0.049763 0.016842 0.834328
42  0.000001 1.235453 -0.000000  -0.007947 -0.003139 0.615622
43  -0.315440 0.857299 0.755943  2.331772 -0.484569 -1.536098
44  -0.000001 2.265939 0.000001  -0.040002 0.053192 0.649515
45  0.000000 1.457813 0.000001  -0.045908 -0.030504 0.383035
46  1.259682 3.818374 1.286945  0.010266 -0.202441 0.256140
47  1.226393 3.891692 0.090418  -0.081640 -0.191195 0.314314
48  1.231625 3.875535 -0.958682  -0.147221 -0.191350 0.371328
49  1.209920 3.994781 -2.003050  -0.162448 -0.124336 0.062928
50  -0.328905 0.095427 1.403532  2.331772 -0.484569 -1.536098
51  -9.455606 6.720632 13.508486  -0.902223 -2.784347 0.449981
52  -4.885832 -6.655088 18.429863  -1.570796 -0.000000 1.570796
53  -21.510447 -7.207154 -2.700701  -0.051945 0.000000 1.570796
54  -8.574708 -16.114971 9.356153  0.800276 -0.403455 0.288022
55  -0.000000 -0.000001 0.000001  3.141593 0.000000 0.000000
56  -0.000000 -0.000001 0.000000  -0.000000 0.000000 -0.000000
time 4
0  0 0 0  0 0 0
1  0.000000 0.000000 0.000000  1.570796 -0.000000 0.000000
2  0.449198 -13.144855 -6.669335  0.431879 -0.145443 -1.530848
3  0.000001 13.479278 0.000001  0.967999 0.000000 -0.000000
4  -0.000001 13.477240 0.000000  0.302336 -0.853864 0.018521
5  -0.267270 3.664726 -1.953294  0.036378 -0.097102 0.194066
6  0.000002 1.180353 0.000001  -0.036503 -0.008001 -0.192941
7  -0.000000 0.817132 0.000000  0.004379 -0.011492 -0.008066
8  -0.249424 3.688541 -0.940891  0.086307 -0.094845 0.206486
9  -0.000000 1.800631 0.000000  0.004925 0.002110 -0.215329
10  0.000001 1.243406 -0.000001  0.006524 0.000004 -0.071460
11  -0.244725 3.701096 0.087731  0.159170 -0.100640 0.226268
12  -0.000000 1.766584 -0.000002  0.002390 -0.003619 -0.231959
13  -0.000002 1.189004 0.000001  -0.017637 -0.001464 -0.124725
14  -0.277240 3.632248 1.274102  0.237716 -0.099820 0.323399
15  -0.000000 1.798495 0.000002  0.037416 0.005706 -0.151559
16  -0.000000 1.235452 -0.000000  -0.004192 0.007445 0.066253
17  0.315442 0.857301 0.755942  1.846608 0.514765 1.557767
18  -0.000001 2.265941 -0.000001  -0.106192 -0.032054 -0.552032
19  0.000000 1.457812 -0.000000  -0.031928 0.044929 -0.016467
20  -1.259682 3.818375 1.286944  0.237716 -0.099820 0.323399
21  -1.226392 3.891693 0.090418  0.159170 -0.100640 0.226268
22  -1.231623 3.875534 -0.958682  0.086307 -0.094845 0.206486
23  -1.209920 3.994782 -2.003049  0.036378 -0.097102 0.194066
24  0.328906 0.095428 1.403531  1.846608 0.514765 1.557767
25  14.861273 -9.824274 12.052614  1.885748 -0.236130 -2.397110
26  24.489557 -12.765261 -10.634670  -1.570796 -0.000000 -1.570796
27  0.449198 -13.144855 -6.669335  -0.051945 -0.000000 -1.570796
28  -9.523657 -7.089869 2.507948  1.320113 -0.162622 2.911782
29  0.000000 13.479279 0.000001  0.726534 -0.000000 0.000000
30  -0.000000 13.477241 0.000000  0.209967 0.569693 1.180309
31  0.267268 3.664726 -1.953293  0.109629 -0.107225 0.495175
32  0.000004 1.180355 0.000000  -0.029953 -0.007842 0.846531
33  -0.000000 0.817135 0.000000  0.012285 -0.000556 1.260036
34  0.249422 3.688542 -0.940889  -0.126560 -0.145246 0.899651
35  0.000001 1.800635 0.000000  -0.009643 -0.027168 1.400081
36  0.000001 1.243409 -0.000000  0.002452 -0.006045 1.256196
37  0.244725 3.701095 0.087733  -0.174753 -0.151318 0.769501
38  0.000002 1.766585 -0.000001  0.009385 0.010267 1.319679
39  -0.000000 1.189003 0.000001  -0.006898 0.016298 1.212361
40  0.277240 3.632248 1.274102  -0.295695 -0.170063 0.706217
41  0.000002 1.798494 -0.000001  0.035176 0.008609 1.280163
42  -0.000000 1.235455 -0.000000  -0.008523 0.000599 1.061936
43  -0.315441 0.857300 0.755944  -0.678476 -2.468995 1.317854
44  0.000001 2.265940 -0.000000  -0.026878 0.060881 0.878738
45  0.000001 1.457811 0.000001  -0.051628 -0.019293 0.611810
46  1.259682 3.818375 1.286946  -0.295695 -0.170063 0.706217
47  1.226388 3.891693 0.090419  -0.174753 -0.151318 0.769501
48  1.231622 3.875534 -0.958680  -0.126560 -0.145246 0.899651
49  1.209918 3.994781 -2.003047  0.109629 -0.107225 0.495175
50  -0.328908 0.095429 1.403533  -0.678476 -2.468995 1.317854
51  -4.931961 -5.257755 27.214489  -1.815791 -1.777284 0.412030
52  -8.005661 -11.485024 17.618889  -1.570796 -0.000000 1.570796
53  -9.523657 -7.089869 2.507948  -0.051945 0.000000 1.570796
54  -1.136951 -27.041958 -4.968175  1.438029 -0.010569 1.314878
55  0.000001 -0.000000 0.000001  3.141593 0.000000 0.000000
56  0.000001 0.000001 -0.000001  0.000000 -0.000000 -0.000000
time 5
0  0 0 0  0 0 0
1  0.000000 0.000000 0.000000  1.570796 -0.000000 0.000000
2  0.449198 -13.144855 -6.669335  0.352390 -0.082916 -1.541301
3  -0.000001 13.479278 -0.000000  1.029769 0.000000 -0.000000
4  0.000000 13.477239 -0.000002  0.468254 -0.917404 -0.138978
5  -0.267271 3.664727 -1.953294  -0.188607 -0.113478 0.007201
6  -0.000000 1.180356 0.000002  -0.034373 -0.014664 -0.380349
7  -0.000001 0.817134 0.000000  0.006444 -0.010474 -0.195590
8  -0.249424 3.688541 -0.940891  -0.139256 -0.108230 0.020106
9  -0.000002 1.800633 -0.000001  0.004448 0.002989 -0.402207
10  0.000000 1.243406 0.000000  0.006409 0.001216 -0.258335
11  -0.244728 3.701096 0.087731  -0.067734 -0.115708 0.041869
12  0.000000 1.766585 0.000000  0.003013 -0.003120 -0.416299
13  -0.000000 1.189005 -0.000001  -0.017070 -0.004672 -0.309038
14  -0.277239 3.632248 1.274100  0.010549 -0.094102 0.137213
15  0.000001 1.798495 -0.000000  0.035715 0.012529 -0.337543
16  0.000001 1.235451 0.000000  -0.005497 0.006541 -0.119851
17  0.315441 0.857301 0.755942  1.896856 0.785166 1.399552
18  0.000000 2.265941 0.000000  -0.091891 -0.042068 -0.815175
19  0.000000 1.457810 0.000001  -0.042516 0.035078 -0.279685
20  -1.259682 3.818375 1.286944  0.010549 -0.094102 0.137213
21  -1.226392 3.891693 0.090417  -0.067734 -0.115708 0.041868
22  -1.231625 3.875534 -0.958682  -0.139256 -0.108230 0.020106
23  -1.209920 3.994781 -2.003050  -0.188607 -0.113478 0.007201
24  0.328906 0.095429 1.403531  1.896855 0.785166 1.399552
25  15.576721 -11.216241 11.158981  1.881191 -0.116073 -2.470470
26  24.489557 -12.765261 -10.634670  -1.570796 -0.000000 -1.570796
27  0.449198 -13.144855 -6.669335  -0.051945 -0.000000 -1.570796
28  -11.836117 -6.972584 0.523110  1.417833 -0.328103 2.468423
29  0.000000 13.479276 -0.000002  0.502692 -0.000000 0.000000
30  0.000001 13.477242 -0.000000  0.298267 0.779962 0.407706
31  0.267272 3.664726 -1.953294  0.109629 -0.107225 0.495175
32  -0.000001 1.180356 0.000001  -0.029953 -0.007842 0.846531
33  0.000002 0.817135 0.000001  0.012285 -0.000556 1.260036
34  0.249425 3.688541 -0.940889  -0.126560 -0.145246 0.899651
35  -0.000001 1.800633 0.000001  -0.009643 -0.027168 1.400081
36  0.000000 1.243402 -0.000001  0.002452 -0.006045 1.256196
37  0.244728 3.701097 0.087732  -0.174753 -0.151318 0.769501
38  -0.000001 1.766585 -0.000000  0.009385 0.010267 1.319679
39  -0.000001 1.189006 0.000001  -0.006898 0.016298 1.212362
40  0.277242 3.632249 1.274101  -0.295695 -0.170063 0.706217
41  0.000001 1.798494 0.000001  0.035176 0.008609 1.280163
42  0.000000 1.235453 -0.000001  -0.008523 0.000599 1.061936
43  -0.315439 0.857302 0.755943  -0.678476 -2.468995 1.317854
44  -0.000000 2.265939 -0.000001  -0.026878 0.060881 0.878738
45  -0.000003 1.457811 0.000001  -0.051628 -0.019293 0.611810
46  1.259684 3.818376 1.286944  -0.295695 -0.170063 0.706217
47  1.226392 3.891695 0.090418  -0.174753 -0.151318 0.769501
48  1.231625 3.875535 -0.958680  -0.126560 -0.145246 0.899651
49  1.209921 3.994783 -2.003048  0.109629 -0.107225 0.495175
50  -0.328905 0.095430 1.403532  -0.678476 -2.468995 1.317854
51  -3.691098 -10.188173 25.120132  -1.588874 -2.381304 0.219022
52  -12.195786 -16.314960 16.807915  -1.570796 -0.000000 1.570796
53  -11.836117 -6.972584 0.523110  -0.051945 0.000000 1.570796
54  -0.483362 -27.158833 -9.923895  1.467877 -0.084683 0.707674
55  0.000002 0.000000 0.000001  3.141593 0.000000 0.000000
56  0.000000 0.000000 0.000000  -0.000000 0.000000 -0.000000
time 6
0  0 0 0  0 0 0
1  0.000000 0.000000 0.000000  1.570796 -0.000000 0.000000
2  0.449198 -13.144855 -6.669335  0.283175 -0.043138 -1.547889
3  0.000001 13.479278 0.000000  1.125606 0.000000 -0.000000
4  0.000001 13.477239 -0.000000  0.418347 -0.916602 -0.062299
5  -0.267271 3.664726 -1.953295  -0.452109 -0.132499 -0.216438
6  0.000000 1.180355 0.000001  -0.030262 -0.021927 -0.604111
7  -0.000000 0.817135 -0.000001  0.008609 -0.008783 -0.419436
8  -0.249423 3.688542 -0.940890  -0.405638 -0.122745 -0.202747
9  -0.000000 1.800634 0.000001  0.003676 0.003898 -0.625256
10  -0.000002 1.243407 0.000002  0.005981 0.002604 -0.481380
11  -0.244726 3.701096 0.087733  -0.338800 -0.123696 -0.178132
12  0.000001 1.766584 0.000001  0.003621 -0.002387 -0.636312
13  -0.000000 1.189003 0.000000  -0.015639 -0.008284 -0.529027
14  -0.277240 3.632248 1.274102  -0.263108 -0.084070 -0.084607
15  0.000001 1.798496 -0.000000  0.032080 0.020087 -0.559523
16  0.000000 1.235451 0.000001  -0.006803 0.005170 -0.341929
17  0.315441 0.857301 0.755943  1.727401 1.058886 1.032676
18  -0.000001 2.265940 -0.000001  -0.072141 -0.048661 -1.129517
19  0.000001 1.457813 -0.000001  -0.051268 0.020231 -0.593587
20  -1.259681 3.818375 1.286945  -0.263108 -0.084070 -0.084607
21  -1.226391 3.891693 0.090418  -0.338800 -0.123696 -0.178132
22  -1.231622 3.875535 -0.958680  -0.405638 -0.122745 -0.202747
23  -1.209918 3.994781 -2.003048  -0.452109 -0.132499 -0.216438
24  0.328907 0.095429 1.403531  1.727401 1.058887 1.032676
25  15.544582 -12.062803 10.381393  1.875499 -0.116988 -2.466385
26  24.489557 -12.765261 -10.634670  -1.570796 -0.000000 -1.570796
27  0.449198 -13.144855 -6.669335  -0.051945 -0.000000 -1.570796
28  -15.945121 -6.870272 2.837703  1.455914 -0.477713 2.513911
29  -0.000002 13.479277 -0.000000  0.606214 -0.000000 0.000000
30  0.000002 13.477239 0.000003  -0.094258 0.730893 0.040583
31  0.267269 3.664726 -1.953292  0.109629 -0.107225 0.495175
32  -0.000005 1.180354 0.000000  -0.029953 -0.007842 0.846531
33  0.000001 0.817135 0.000001  0.012285 -0.000556 1.260036
34  0.249420 3.688542 -0.940888  -0.126560 -0.145246 0.899651
35  -0.000003 1.800633 -0.000000  -0.009643 -0.027168 1.400081
36  -0.000000 1.243406 -0.000001  0.002452 -0.006045 1.256196
37  0.244725 3.701094 0.087733  -0.174753 -0.151318 0.769501
38  -0.000000 1.766585 0.000000  0.009385 0.010267 1.319679
39  0.000000 1.189005 -0.000001  -0.006898 0.016298 1.212361
40  0.277237 3.632247 1.274103  -0.295695 -0.170063 0.706217
41  -0.000000 1.798494 -0.000000  0.035176 0.008609 1.280163
42  0.000000 1.235453 -0.000000  -0.008523 0.000599 1.061936
43  -0.315442 0.857299 0.755944  -0.678476 -2.468995 1.317854
44  0.000003 2.265940 0.000001  -0.026878 0.060881 0.878738
45  -0.000000 1.457811 -0.000001  -0.051628 -0.019293 0.611810
46  1.259680 3.818375 1.286946  -0.295695 -0.170063 0.706217
47  1.226389 3.891692 0.090419  -0.174753 -0.151318 0.769501
48  1.231621 3.875534 -0.958680  -0.126560 -0.145246 0.899651
49  1.209917 3.994780 -2.003047  0.109629 -0.107225 0.495175
50  -0.328907 0.095428 1.403533  -0.678476 -2.468995 1.317854
51  -3.713856 -9.798016 25.281384  -1.685853 -2.440077 0.223190
52  -13.702126 -16.125444 16.843201  -1.570796 -0.000000 1.570796
53  -15.945121 -6.870272 2.837703  -0.051945 0.000000 1.570796
54  -0.588718 -27.458197 -9.901602  1.571146 -0.090230 0.657151
55  0.000002 0.000001 -0.000000  3.141593 -0.000000 0.000000
56  0.000002 -0.000000 0.000000  -0.000000 0.000000 -0.000000
time 7
0  0 0 0  0 0 0
1  0.000000 0.000000 0.000000  1.570796 -0.000000 0.000000
2  0.449198 -13.144855 -6.669335  0.227376 -0.024720 -1.550930
3  0.000000 13.479278 0.000001  1.203339 0.000000 -0.000000
4  0.000000 13.477240 0.000000  0.372638 -0.905724 -0.009391
5  -0.267269 3.664726 -1.953292  -0.668812 -0.147173 -0.404419
6  -0.000002 1.180354 0.000001  -0.025644 -0.027185 -0.791664
7  0.000001 0.817138 0.000002  0.010095 -0.007023 -0.607003
8  -0.249423 3.688541 -0.940888  -0.626522 -0.133815 -0.389810
9  -0.000000 1.800633 -0.000000  0.002888 0.004514 -0.812136
10  0.000000 1.243405 -0.000000  0.005393 0.003670 -0.668258
11  -0.244727 3.701095 0.087734  -0.566098 -0.126915 -0.362410
12  -0.000001 1.766585 0.000001  0.003998 -0.001683 -0.820643
13  0.000003 1.189003 -0.000000  -0.013856 -0.011010 -0.713347
14  -0.277239 3.632248 1.274103  -0.494483 -0.074839 -0.270232
15  0.000000 1.798496 -0.000001  0.027813 0.025673 -0.745525
16  -0.000000 1.235452 0.000001  -0.007641 0.003822 -0.527963
17  0.315441 0.857299 0.755945  1.252251 1.161734 0.431398
18  0.000002 2.265940 -0.000001  -0.054680 -0.049246 -1.392985
19  0.000000 1.457812 0.000001  -0.054762 0.006204 -0.856428
20  -1.259681 3.818376 1.286947  -0.494483 -0.074839 -0.270232
21  -1.226390 3.891694 0.090420  -0.566098 -0.126915 -0.362410
22  -1.231622 3.875535 -0.958679  -0.626522 -0.133815 -0.389810
23  -1.209919 3.994781 -2.003047  -0.668812 -0.147173 -0.404419
24  0.328906 0.095429 1.403534  1.252251 1.161734 0.431398
25  15.451683 -12.441740 9.708498  1.868828 -0.119634 -2.454577
26  24.489557 -12.765261 -10.634670  -1.570796 -0.000000 -1.570796
27  0.449198 -13.144855 -6.669335  -0.051945 -0.000000 -1.570796
28  -17.891035 -6.797904 5.039766  1.406729 -0.567763 2.604398
29  0.000001 13.479272 0.000001  0.742171 -0.000000 0.000000
30  0.000000 13.477238 0.000001  -0.452656 0.614176 -0.140057
31  0.267268 3.664723 -1.953292  0.109629 -0.107225 0.495175
32  0.000000 1.180354 0.000002  -0.029953 -0.007842 0.846531
33  -0.000000 0.817136 0.000001  0.012285 -0.000556 1.260036
34  0.249422 3.688540 -0.940888  -0.126560 -0.145246 0.899651
35  0.000001 1.800633 -0.000001  -0.009643 -0.027168 1.400081
36  0.000000 1.243405 -0.000000  0.002452 -0.006045 1.256196
37  0.244725 3.701093 0.087733  -0.174753 -0.151318 0.769501
38  -0.000003 1.766584 0.000000  0.009385 0.010267 1.319679
39  -0.000000 1.189003 0.000000  -0.006898 0.016298 1.212362
40  0.277237 3.632245 1.274102  -0.295695 -0.170063 0.706217
41  -0.000002 1.798494 0.000002  0.035176 0.008609 1.280163
42  -0.000000 1.235449 -0.000001  -0.008523 0.000599 1.061936
43  -0.315442 0.857297 0.755944  -0.678476 -2.468995 1.317854
44  -0.000002 2.265938 0.000000  -0.026878 0.060881 0.878738
45  -0.000001 1.457813 0.000001  -0.051628 -0.019293 0.611810
46  1.259680 3.818372 1.286946  -0.295695 -0.170063 0.706217
47  1.226388 3.891690 0.090419  -0.174753 -0.151318 0.769501
48  1.231622 3.875532 -0.958681  -0.126560 -0.145246 0.899651
49  1.209917 3.994778 -2.003048  0.109629 -0.107225 0.495175
50  -0.328908 0.095426 1.403533  -0.678476 -2.468995 1.317854
51  -3.890645 -9.127673 25.767664  -1.861559 -2.472710 0.230769
52  -14.257093 -15.716472 17.090202  -1.570796 -0.000000 1.570796
53  -17.891035 -6.797904 5.039766  -0.051945 0.000000 1.570796
54  -0.811036 -27.889629 -9.854990  1.745949 -0.092150 0.640092
55  -0.000003 -0.000000 -0.000003  3.141593 -0.000000 0.000000
56  -0.000001 -0.000000 -0.000001  0.000000 -0.000000 0.000000
time 8
0  0 0 0  0 0 0
1  0.000000 0.000000 0.000000  1.570796 -0.000000 0.000000
2  0.449198 -13.144855 -6.669335  0.180542 -0.014544 -1.552609
3  0.000001 13.479277 0.000001  1.271151 0.000000 -0.000000
4  0.000001 13.477237 -0.000001  0.327276 -0.886642 0.035524
5  -0.267269 3.664726 -1.953293  -0.758647 -0.152808 -0.483426
6  0.000000 1.180355 0.000000  -0.023428 -0.029116 -0.870336
7  0.000000 0.817134 -0.000001  0.010616 -0.006208 -0.685665
8  -0.249423 3.688540 -0.940888  -0.718561 -0.138086 -0.468355
9  0.000000 1.800633 -0.000001  0.002526 0.004726 -0.890505
10  -0.000000 1.243407 0.000000  0.005089 0.004081 -0.746626
11  -0.244726 3.701096 0.087733  -0.661463 -0.127524 -0.439678
12  0.000000 1.766586 0.000000  0.004116 -0.001369 -0.897942
13  0.000001 1.189004 -0.000001  -0.012964 -0.012047 -0.790645
14  -0.277239 3.632247 1.274102  -0.592061 -0.070892 -0.348027
15  0.000001 1.798494 0.000000  0.025728 0.027762 -0.823532
16  -0.000001 1.235450 0.000001  -0.007916 0.003215 -0.605968
17  0.315441 0.857299 0.755945  1.014187 1.145670 0.151136
18  0.000000 2.265938 0.000001  -0.047422 -0.048125 -1.503464
19  -0.000000 1.457811 0.000000  -0.055112 0.000137 -0.966632
20  -1.259681 3.818374 1.286946  -0.592061 -0.070892 -0.348027
21  -1.226390 3.891692 0.090419  -0.661463 -0.127524 -0.439677
22  -1.231623 3.875533 -0.958679  -0.718561 -0.138086 -0.468355
23  -1.209920 3.994780 -2.003047  -0.758647 -0.152808 -0.483426
24  0.328905 0.095428 1.403533  1.014187 1.145670 0.151136
25  15.303310 -12.644839 9.129805  1.861281 -0.123860 -2.435719
26  24.489557 -12.765261 -10.634670  -1.570796 -0.000000 -1.570796
27  0.449198 -13.144855 -6.669335  -0.051945 -0.000000 -1.570796
28  -18.186584 -6.770454 5.692148  1.417865 -0.568006 2.601627
29  0.000001 13.479274 0.000000  0.775479 -0.000000 0.000000
30  0.000002 13.477238 -0.000000  -0.689141 0.607017 -0.200620
31  0.267268 3.664727 -1.953292  0.109629 -0.107225 0.495175
32  -0.000000 1.180354 -0.000000  -0.029953 -0.007842 0.846531
33  -0.000001 0.817136 -0.000000  0.012285 -0.000556 1.260036
34  0.249421 3.688542 -0.940887  -0.126560 -0.145246 0.899651
35  0.000001 1.800633 0.000001  -0.009643 -0.027168 1.400081
36  0.000001 1.243404 -0.000001  0.002452 -0.006045 1.256196
37  0.244725 3.701097 0.087734  -0.174753 -0.151318 0.769501
38  0.000000 1.766585 0.000000  0.009385 0.010267 1.319679
39  -0.000000 1.189001 -0.000000  -0.006898 0.016298 1.212361
40  0.277237 3.632249 1.274103  -0.295695 -0.170063 0.706217
41  0.000002 1.798495 0.000001  0.035176 0.008609 1.280163
42  -0.000001 1.235453 0.000001  -0.008523 0.000599 1.061936
43  -0.315442 0.857303 0.755944  -0.678476 -2.468995 1.317854
44  0.000001 2.265940 -0.000003  -0.026878 0.060881 0.878738
45  -0.000001 1.457811 -0.000001  -0.051628 -0.019293 0.611810
46  1.259681 3.818376 1.286946  -0.295695 -0.170063 0.706217
47  1.226388 3.891693 0.090419  -0.174753 -0.151318 0.769501
48  1.231622 3.875536 -0.958678  -0.126560 -0.145246 0.899651
49  1.209918 3.994783 -2.003047  0.109629 -0.107225 0.495175
50  -0.328906 0.095431 1.403534  -0.678476 -2.468995 1.317854
51  -4.003409 -8.503555 26.151453  1.109999 -0.645106 -2.906998
52  -14.336374 -15.327412 17.760639  -1.570796 -0.000000 1.570796
53  -18.186584 -6.770454 5.692148  -0.051945 0.000000 1.570796
54  -1.009694 -28.109749 -9.814458  1.915885 -0.092784 0.632349
55  -0.000001 -0.000001 -0.000002  3.141593 0.000000 0.000000
56  -0.000001 0.000000 0.000001  -0.000000 -0.000000 0.000000
time 9
0  0 0 0  0 0 0
1  0.000000 0.000000 0.000000  1.570796 -0.000000 0.000000
2  0.449198 -13.144855 -6.669335  0.141090 -0.005978 -1.554022
3  0.000000 13.479277 0.000001  1.332038 0.000000 -0.000000
4  0.000001 13.477240 -0.000000  0.281599 -0.860002 0.079192
5  -0.267270 3.664726 -1.953291  -0.758647 -0.152808 -0.483426
6  0.000001 1.180356 0.000001  -0.023428 -0.029116 -0.870336
7  0.000000 0.817135 -0.000001  0.010616 -0.006208 -0.685664
8  -0.249422 3.688542 -0.940886  -0.718561 -0.138086 -0.468355
9  -0.000001 1.800635 0.000001  0.002526 0.004726 -0.890505
10  -0.000002 1.243405 0.000002  0.005090 0.004081 -0.746626
11  -0.244726 3.701097 0.087735  -0.661463 -0.127524 -0.439678
12  -0.000000 1.766587 0.000001  0.004116 -0.001369 -0.897942
13  -0.000001 1.189003 0.000000  -0.012965 -0.012047 -0.790645
14  -0.277239 3.632249 1.274104  -0.592061 -0.070892 -0.348027
15  0.000000 1.798495 0.000001  0.025728 0.027762 -0.823532
16  -0.000001 1.235452 -0.000001  -0.007916 0.003215 -0.605968
17  0.315441 0.857300 0.755946  1.014187 1.145670 0.151136
18  0.000002 2.265940 0.000001  -0.047422 -0.048125 -1.503464
19  -0.000001 1.457810 0.000001  -0.055112 0.000137 -0.966631
20  -1.259680 3.818374 1.286948  -0.592061 -0.070892 -0.348027
21  -1.226391 3.891693 0.090422  -0.661463 -0.127524 -0.439677
22  -1.231623 3.875535 -0.958677  -0.718561 -0.138086 -0.468355
23  -1.209919 3.994781 -2.003046  -0.758647 -0.152808 -0.483426
24  0.328905 0.095429 1.403534  1.014187 1.145670 0.151136
25  15.104744 -12.807467 8.638271  1.852962 -0.129515 -2.410480
26  24.489557 -12.765261 -10.634670  -1.570796 -0.000000 -1.570796
27  0.449198 -13.144855 -6.669335  -0.051945 -0.000000 -1.570796
28  -18.186584 -6.770454 5.692148  1.458112 -0.543830 2.499127
29  0.000001 13.479274 0.000001  0.839240 -0.000000 0.000000
30  -0.000000 13.477238 -0.000000  -0.897220 0.666080 -0.321085
31  0.267269 3.664727 -1.953292  0.109629 -0.107225 0.495175
32  -0.000000 1.180354 -0.000000  -0.029953 -0.007842 0.846531
33  0.000000 0.817136 0.000000  0.012285 -0.000556 1.260036
34  0.249423 3.688543 -0.940889  -0.126560 -0.145246 0.899651
35  -0.000000 1.800633 -0.000001  -0.009643 -0.027168 1.400081
36  -0.000000 1.243407 0.000001  0.002452 -0.006045 1.256196
37  0.244726 3.701097 0.087735  -0.174753 -0.151318 0.769501
38  -0.000001 1.766585 -0.000001  0.009385 0.010267 1.319679
39  0.000000 1.189004 0.000001  -0.006898 0.016298 1.212361
40  0.277238 3.632249 1.274103  -0.295695 -0.170063 0.706217
41  0.000002 1.798495 0.000001  0.035176 0.008609 1.280163
42  -0.000001 1.235450 -0.000000  -0.008523 0.000599 1.061936
43  -0.315443 0.857300 0.755944  -0.678476 -2.468995 1.317854
44  0.000001 2.265939 0.000002  -0.026878 0.060881 0.878739
45  0.000001 1.457811 0.000002  -0.051628 -0.019293 0.611810
46  1.259682 3.818376 1.286947  -0.295695 -0.170063 0.706217
47  1.226390 3.891695 0.090420  -0.174753 -0.151318 0.769501
48  1.231622 3.875533 -0.958680  -0.126560 -0.145246 0.899651
49  1.209917 3.994782 -2.003048  0.109629 -0.107225 0.495175
50  -0.328907 0.095428 1.403533  -0.678476 -2.468995 1.317854
51  -4.009655 -8.091549 25.773121  1.008779 -0.616974 -2.907776
52  -13.592873 -15.041495 19.970875  -1.570796 -0.000000 1.570796
53  -18.186584 -6.770454 5.692148  -0.051945 0.000000 1.570796
54  -1.121665 -27.628462 -9.744709  2.021504 -0.093868 0.614116
55  0.000001 -0.000001 -0.000003  3.141593 -0.000000 -0.000000
56  0.000003 -0.000001 -0.000001  0.000000 0.000000 0.000000
time 10
0  0 0 0  0 0 0
1  0.000000 0.000000 0.000000  1.570796 -0.000000 0.000000
2  0.449198 -13.144855 -6.669335  0.108463 0.000974 -1.555168
3  0.000001 13.479277 0.000001  1.387007 0.000000 -0.000000
4  -0.000000 13.477240 -0.000002  0.236229 -0.826430 0.120678
5  -0.267269 3.664726 -1.953292  -0.758647 -0.152808 -0.483426
6  0.000002 1.180354 0.000001  -0.023428 -0.029116 -0.870336
7  0.000000 0.817134 -0.000000  0.010616 -0.006208 -0.685665
8  -0.249423 3.688541 -0.940888  -0.718561 -0.138086 -0.468355
9  0.000000 1.800634 -0.000001  0.002526 0.004726 -0.890505
10  -0.000002 1.243405 0.000002  0.005089 0.004081 -0.746626
11  -0.244728 3.701095 0.087734  -0.661464 -0.127524 -0.439678
12  -0.000001 1.766584 -0.000001  0.004116 -0.001369 -0.897942
13  0.000001 1.189003 0.000001  -0.012964 -0.012047 -0.790645
14  -0.277240 3.632248 1.274103  -0.592061 -0.070892 -0.348027
15  -0.000000 1.798493 -0.000003  0.025728 0.027762 -0.823532
16  0.000001 1.235451 0.000000  -0.007916 0.003215 -0.605968
17  0.315441 0.857300 0.755945  1.014188 1.145670 0.151137
18  0.000001 2.265938 0.000000  -0.047422 -0.048125 -1.503464
19  0.000000 1.457811 0.000001  -0.055112 0.000137 -0.966631
20  -1.259682 3.818374 1.286946  -0.592061 -0.070892 -0.348027
21  -1.226391 3.891693 0.090421  -0.661463 -0.127524 -0.439678
22  -1.231623 3.875533 -0.958679  -0.718561 -0.138086 -0.468355
23  -1.209918 3.994782 -2.003047  -0.758647 -0.152808 -0.483426
24  0.328905 0.095428 1.403534  1.014187 1.145670 0.151136
25  14.861273 -12.934123 8.227715  1.843973 -0.136449 -2.379534
26  24.489557 -12.765261 -10.634670  -1.570796 -0.000000 -1.570796
27  0.449198 -13.144855 -6.669335  -0.051945 -0.000000 -1.570796
28  -18.186584 -6.770454 5.692148  1.462832 -0.514132 2.398701
29  0.000000 13.479274 0.000000  0.983855 -0.000000 0.000000
30  -0.000000 13.477239 0.000003  -1.121945 0.684390 -0.500911
31  0.267269 3.664726 -1.953292  0.109629 -0.107225 0.495175
32  0.000002 1.180355 0.000001  -0.029953 -0.007842 0.846531
33  -0.000000 0.817135 0.000001  0.012285 -0.000556 1.260037
34  0.249422 3.688539 -0.940889  -0.126560 -0.145246 0.899651
35  -0.000000 1.800633 -0.000002  -0.009643 -0.027168 1.400081
36  0.000000 1.243406 0.000000  0.002452 -0.006045 1.256196
37  0.244727 3.701095 0.087733  -0.174753 -0.151318 0.769501
38  0.000000 1.766585 -0.000001  0.009385 0.010267 1.319679
39  0.000001 1.189004 -0.000002  -0.006897 0.016298 1.212361
40  0.277238 3.632245 1.274101  -0.295695 -0.170063 0.706217
41  -0.000003 1.798494 -0.000000  0.035176 0.008609 1.280163
42  -0.000000 1.235453 0.000001  -0.008523 0.000599 1.061936
43  -0.315441 0.857300 0.755944  -0.678476 -2.468995 1.317854
44  -0.000001 2.265940 0.000000  -0.026878 0.060881 0.878738
45  -0.000000 1.457812 -0.000004  -0.051628 -0.019293 0.611810
46  1.259681 3.818374 1.286946  -0.295695 -0.170063 0.706217
47  1.226391 3.891693 0.090420  -0.174753 -0.151318 0.769501
48  1.231621 3.875532 -0.958681  -0.126560 -0.145246 0.899651
49  1.209918 3.994780 -2.003047  0.109629 -0.107225 0.495175
50  -0.328907 0.095428 1.403532  -0.678476 -2.468995 1.317854
51  -4.187483 -7.544203 24.874170  0.968367 -0.581883 -2.911359
52  -12.212084 -14.781551 23.077503  -1.570796 -0.000000 1.570796
53  -18.186584 -6.770454 5.692148  -0.051945 0.000000 1.570796
54  -1.394298 -26.734642 -9.347668  2.070078 -0.094917 0.583058
55  0.000001 0.000000 0.000001  3.141593 -0.000000 -0.000000
56  0.000000 -0.000000 0.000001  0.000000 0.000000 0.000000
time 11
0  0 0 0  0 0 0
1  0.000000 0.000000 0.000000  1.570796 -0.000000 0.000000
2  0.449198 -13.144855 -6.669335  0.081983 0.006366 -1.556058
3  0.000000 13.479276 0.000001  1.437144 0.000000 -0.000000
4  -0.000000 13.477239 -0.000000  0.191586 -0.786566 0.159306
5  -0.267269 3.664726 -1.953292  -0.758647 -0.152808 -0.483426
6  0.000001 1.180355 -0.000000  -0.023428 -0.029116 -0.870336
7  -0.000001 0.817135 -0.000000  0.010616 -0.006208 -0.685665
8  -0.249423 3.688542 -0.940889  -0.718561 -0.138086 -0.468355
9  -0.000001 1.800633 -0.000001  0.002526 0.004726 -0.890505
10  0.000001 1.243405 -0.000000  0.005090 0.004081 -0.746626
11  -0.244726 3.701096 0.087732  -0.661463 -0.127524 -0.439678
12  -0.000002 1.766585 0.000000  0.004116 -0.001369 -0.897942
13  0.000001 1.189004 -0.000002  -0.012964 -0.012047 -0.790645
14  -0.277240 3.632249 1.274102  -0.592061 -0.070892 -0.348027
15  -0.000001 1.798492 0.000000  0.025728 0.027762 -0.823532
16  -0.000000 1.235453 0.000001  -0.007916 0.003215 -0.605968
17  0.315441 0.857301 0.755944  1.014188 1.145670 0.151136
18  0.000001 2.265939 -0.000001  -0.047422 -0.048125 -1.503464
19  0.000000 1.457811 -0.000000  -0.055112 0.000137 -0.966631
20  -1.259682 3.818375 1.286945  -0.592061 -0.070892 -0.348027
21  -1.226390 3.891694 0.090420  -0.661463 -0.127524 -0.439678
22  -1.231623 3.875535 -0.958680  -0.718561 -0.138086 -0.468355
23  -1.209919 3.994782 -2.003048  -0.758647 -0.152808 -0.483426
24  0.328906 0.095429 1.403532  1.014187 1.145670 0.151136
25  14.578175 -13.029301 7.891955  1.834418 -0.144512 -2.343552
26  24.489557 -12.765261 -10.634670  -1.570796 -0.000000 -1.570796
27  0.449198 -13.144855 -6.669335  -0.051945 -0.000000 -1.570796
28  -18.186584 -6.770454 5.692148  1.412812 -0.491425 2.441323
29  0.000001 13.479274 -0.000002  1.111465 -0.000000 0.000000
30  0.000000 13.477238 0.000001  -1.256385 0.602854 -0.559704
31  0.267271 3.664725 -1.953292  0.109629 -0.107225 0.495175
32  0.000001 1.180355 0.000001  -0.029953 -0.007842 0.846531
33  0.000001 0.817136 0.000000  0.012285 -0.000556 1.260036
34  0.249423 3.688540 -0.940888  -0.126560 -0.145246 0.899651
35  0.000001 1.800633 -0.000000  -0.009643 -0.027168 1.400081
36  0.000000 1.243404 0.000001  0.002452 -0.006045 1.256196
37  0.244726 3.701094 0.087733  -0.174753 -0.151318 0.769501
38  0.000002 1.766584 0.000000  0.009385 0.010267 1.319679
39  -0.000002 1.189005 -0.000001  -0.006898 0.016298 1.212362
40  0.277240 3.632246 1.274102  -0.295695 -0.170063 0.706217
41  -0.000001 1.798494 -0.000001  0.035176 0.008609 1.280163
42  -0.000002 1.235453 0.000001  -0.008523 0.000599 1.061936
43  -0.315441 0.857299 0.755944  -0.678476 -2.468995 1.317854
44  -0.000003 2.265940 -0.000001  -0.026878 0.060881 0.878738
45  0.000001 1.457812 -0.000002  -0.051628 -0.019293 0.611810
46  1.259681 3.818372 1.286945  -0.295695 -0.170063 0.706217
47  1.226390 3.891691 0.090419  -0.174753 -0.151318 0.769501
48  1.231623 3.875532 -0.958680  -0.126560 -0.145246 0.899651
49  1.209918 3.994779 -2.003047  0.109629 -0.107225 0.495175
50  -0.328906 0.095428 1.403533  -0.678476 -2.468995 1.317854
51  -4.853730 -6.408900 24.305452  0.964297 -0.539639 -2.917449
52  -11.468583 -14.546345 24.652592  -1.570796 -0.000000 1.570796
53  -18.186584 -6.770454 5.692148  -0.051945 0.000000 1.570796
54  -2.152536 -26.253353 -8.259562  2.085438 -0.094795 0.541221
55  0.000000 -0.000000 -0.000001  3.141593 -0.000000 0.000000
56  0.000001 -0.000000 0.000003  -0.000000 0.000000 0.000000
time 12
0  0 0 0  0 0 0
1  0.000000 0.000000 0.000000  1.570796 -0.000000 0.000000
2  0.449198 -13.144855 -6.669335  0.061189 0.010301 -1.556707
3  0.000001 13.479277 0.000000  1.483053 0.000000 -0.000000
4  -0.000001 13.477240 0.000001  0.148191 -0.741106 0.194439
5  -0.267271 3.664727 -1.953292  -0.758647 -0.152808 -0.483426
6  -0.000001 1.180357 -0.000001  -0.023428 -0.029116 -0.870336
7  -0.000002 0.817134 0.000000  0.010616 -0.006208 -0.685665
8  -0.249423 3.688542 -0.940889  -0.718561 -0.138086 -0.468355
9  -0.000001 1.800635 0.000000  0.002526 0.004726 -0.890505
10  -0.000001 1.243407 -0.000000  0.005090 0.004081 -0.746626
11  -0.244727 3.701096 0.087734  -0.661463 -0.127524 -0.439678
12  -0.000002 1.766584 0.000001  0.004116 -0.001369 -0.897942
13  0.000001 1.189004 -0.000001  -0.012964 -0.012047 -0.790645
14  -0.277240 3.632248 1.274102  -0.592061 -0.070892 -0.348027
15  -0.000000 1.798494 0.000000  0.025728 0.027762 -0.823532
16  0.000002 1.235452 0.000000  -0.007916 0.003215 -0.605968
17  0.315440 0.857300 0.755944  1.014187 1.145670 0.151136
18  -0.000002 2.265939 0.000000  -0.047422 -0.048125 -1.503464
19  -0.000001 1.457811 0.000001  -0.055112 0.000137 -0.966631
20  -1.259681 3.818375 1.286946  -0.592061 -0.070892 -0.348027
21  -1.226391 3.891693 0.090419  -0.661463 -0.127524 -0.439678
22  -1.231624 3.875534 -0.958679  -0.718561 -0.138086 -0.468355
23  -1.209920 3.994781 -2.003047  -0.758647 -0.152808 -0.483426
24  0.328906 0.095429 1.403533  1.014187 1.145670 0.151136
25  14.260736 -13.097500 7.624810  1.824399 -0.153553 -2.303204
26  24.489557 -12.765261 -10.634670  -1.570796 -0.000000 -1.570796
27  0.449198 -13.144855 -6.669335  -0.051945 -0.000000 -1.570796
28  -15.940640 -6.936076 4.866614  1.360749 -0.342144 2.721835
29  0.000002 13.479275 0.000000  1.019351 -0.000000 0.000000
30  0.000001 13.477240 -0.000001  -1.142555 0.538488 -0.272365
31  0.267268 3.664726 -1.953292  0.109629 -0.107225 0.495175
32  -0.000001 1.180355 -0.000001  -0.029953 -0.007842 0.846531
33  -0.000002 0.817134 0.000001  0.012285 -0.000556 1.260036
34  0.249421 3.688541 -0.940889  -0.126560 -0.145246 0.899651
35  -0.000001 1.800633 -0.000001  -0.009643 -0.027168 1.400081
36  0.000000 1.243405 0.000000  0.002452 -0.006045 1.256196
37  0.244725 3.701096 0.087733  -0.174753 -0.151318 0.769501
38  -0.000001 1.766585 0.000000  0.009385 0.010267 1.319679
39  0.000001 1.189004 0.000001  -0.006898 0.016298 1.212361
40  0.277237 3.632248 1.274102  -0.295695 -0.170063 0.706217
41  0.000002 1.798494 0.000001  0.035176 0.008609 1.280163
42  0.000001 1.235453 -0.000001  -0.008523 0.000599 1.061936
43  -0.315444 0.857298 0.755943  -0.678476 -2.468995 1.317854
44  0.000000 2.265939 -0.000000  -0.026878 0.060881 0.878738
45  -0.000000 1.457813 0.000000  -0.051628 -0.019293 0.611810
46  1.259678 3.818375 1.286945  -0.295695 -0.170063 0.706217
47  1.226389 3.891693 0.090419  -0.174753 -0.151318 0.769501
48  1.231621 3.875534 -0.958681  -0.126560 -0.145246 0.899651
49  1.209918 3.994781 -2.003047  0.109629 -0.107225 0.495175
50  -0.328908 0.095429 1.403532  -0.678476 -2.468995 1.317854
51  -6.222661 -3.668777 26.045221  1.046335 -0.497213 -2.926825
52  -11.561172 -14.334638 24.561840  -1.570796 -0.000000 1.570796
53  -15.940640 -6.936076 4.866614  -0.051945 0.000000 1.570796
54  -3.585034 -28.250509 -5.310528  2.017246 -0.092245 0.490672
55  -0.000001 -0.000000 -0.000001  3.141593 0.000000 0.000000
56  0.000001 0.000000 -0.000000  0.000000 0.000000 -0.000000
time 13
0  0 0 0  0 0 0
1  0.000000 0.000000 0.000000  1.570796 -0.000000 0.000000
2  0.449198 -13.144855 -6.669335  0.045558 0.012933 -1.557141
3  0.000002 13.479277 0.000001  1.525329 0.000000 -0.000000
4  0.000001 13.477239 -0.000000  0.106369 -0.690787 0.225697
5  -0.267269 3.664726 -1.953290  -0.758647 -0.152808 -0.483426
6  -0.000001 1.180354 0.000000  -0.023428 -0.029116 -0.870336
7  -0.000001 0.817138 -0.000000  0.010616 -0.006208 -0.685665
8  -0.249422 3.688540 -0.940887  -0.718560 -0.138086 -0.468355
9  -0.000001 1.800634 0.000000  0.002526 0.004726 -0.890505
10  0.000001 1.243407 -0.000001  0.005090 0.004081 -0.746626
11  -0.244725 3.701095 0.087734  -0.661463 -0.127524 -0.439678
12  -0.000000 1.766588 -0.000001  0.004116 -0.001369 -0.897942
13  0.000000 1.189003 0.000000  -0.012965 -0.012047 -0.790645
14  -0.277239 3.632248 1.274103  -0.592061 -0.070892 -0.348027
15  -0.000000 1.798493 0.000000  0.025728 0.027762 -0.823532
16  -0.000002 1.235450 -0.000000  -0.007916 0.003215 -0.605968
17  0.315442 0.857300 0.755944  1.014187 1.145670 0.151136
18  -0.000002 2.265940 0.000000  -0.047422 -0.048125 -1.503464
19  -0.000000 1.457812 -0.000000  -0.055112 0.000137 -0.966631
20  -1.259681 3.818375 1.286947  -0.592061 -0.070892 -0.348027
21  -1.226390 3.891693 0.090421  -0.661463 -0.127524 -0.439678
22  -1.231622 3.875534 -0.958679  -0.718561 -0.138086 -0.468355
23  -1.209918 3.994781 -2.003047  -0.758647 -0.152808 -0.483426
24  0.328905 0.095428 1.403534  1.014187 1.145670 0.151136
25  13.914238 -13.143216 7.420098  1.814020 -0.163421 -2.259163
26  24.489557 -12.765261 -10.634670  -1.570796 -0.000000 -1.570796
27  0.449198 -13.144855 -6.669335  -0.051945 -0.000000 -1.570796
28  -11.769600 -7.243661 3.333481  1.580396 -0.079352 2.889484
29  -0.000001 13.479276 0.000000  0.617142 -0.000000 0.000000
30  -0.000001 13.477238 0.000004  -0.820739 0.567398 0.089701
31  0.267270 3.664724 -1.953292  0.109629 -0.107225 0.495175
32  0.000001 1.180355 -0.000000  -0.029953 -0.007842 0.846531
33  0.000002 0.817135 0.000000  0.012285 -0.000556 1.260036
34  0.249424 3.688539 -0.940888  -0.126560 -0.145246 0.899651
35  -0.000000 1.800633 -0.000000  -0.009643 -0.027168 1.400081
36  0.000000 1.243408 0.000000  0.002452 -0.006045 1.256196
37  0.244726 3.701093 0.087733  -0.174753 -0.151318 0.769501
38  -0.000001 1.766586 0.000000  0.009385 0.010267 1.319679
39  -0.000003 1.189005 0.000000  -0.006898 0.016298 1.212361
40  0.277239 3.632245 1.274102  -0.295695 -0.170063 0.706217
41  -0.000001 1.798495 0.000000  0.035176 0.008609 1.280163
42  -0.000001 1.235452 0.000000  -0.008523 0.000599 1.061936
43  -0.315442 0.857296 0.755944  -0.678476 -2.468995 1.317854
44  0.000001 2.265940 0.000001  -0.026878 0.060881 0.878738
45  -0.000000 1.457812 0.000001  -0.051628 -0.019293 0.611810
46  1.259681 3.818373 1.286946  -0.295695 -0.170063 0.706217
47  1.226391 3.891691 0.090420  -0.174753 -0.151318 0.769501
48  1.231623 3.875531 -0.958680  -0.126560 -0.145246 0.899651
49  1.209919 3.994781 -2.003047  0.109629 -0.107225 0.495175
50  -0.328906 0.095428 1.403534  -0.678476 -2.468995 1.317854
51  -7.893060 0.053741 27.650696  1.226887 -0.457597 -2.942744
52  -11.825472 -14.145194 24.302784  -1.570796 -0.000000 1.570796
53  -11.769600 -7.243661 3.333481  -0.051945 0.000000 1.570796
54  -5.335287 -30.247665 -1.054980  1.853503 -0.085927 0.433523
55  -0.000000 0.000001 -0.000001  3.141593 -0.000000 -0.000000
56  -0.000000 0.000001 0.000001  0.000000 0.000000 0.000000
time 14
0  0 0 0  0 0 0
1  0.000000 0.000000 0.000000  1.570796 -0.000000 0.000000
2  0.449198 -13.144855 -6.669335  0.034979 0.014460 -1.557393
3  0.000000 13.479277 0.000001  1.563816 0.000000 -0.000000
4  0.000001 13.477238 0.000000  0.066607 -0.636444 0.252722
5  -0.267269 3.664727 -1.953292  -0.758647 -0.152808 -0.483426
6  0.000002 1.180355 0.000001  -0.023428 -0.029116 -0.870336
7  -0.000001 0.817136 -0.000000  0.010616 -0.006208 -0.685665
8  -0.249424 3.688542 -0.940887  -0.718561 -0.138086 -0.468355
9  0.000001 1.800632 0.000000  0.002526 0.004726 -0.890505
10  -0.000001 1.243405 0.000000  0.005090 0.004081 -0.746626
11  -0.244727 3.701096 0.087734  -0.661463 -0.127524 -0.439678
12  0.000000 1.766587 -0.000000  0.004116 -0.001369 -0.897942
13  -0.000002 1.189003 0.000000  -0.012964 -0.012047 -0.790645
14  -0.277239 3.632248 1.274103  -0.592061 -0.070892 -0.348027
15  -0.000001 1.798494 0.000000  0.025728 0.027762 -0.823532
16  -0.000000 1.235449 0.000000  -0.007916 0.003215 -0.605968
17  0.315440 0.857300 0.755944  1.014188 1.145670 0.151136
18  -0.000003 2.265939 0.000001  -0.047422 -0.048125 -1.503464
19  -0.000000 1.457813 0.000001  -0.055112 0.000137 -0.966631
20  -1.259681 3.818375 1.286947  -0.592061 -0.070892 -0.348027
21  -1.226392 3.891693 0.090420  -0.661463 -0.127524 -0.439678
22  -1.231624 3.875535 -0.958678  -0.718561 -0.138086 -0.468355
23  -1.209920 3.994781 -2.003047  -0.758647 -0.152808 -0.483426
24  0.328906 0.095428 1.403534  1.014187 1.145670 0.151136
25  13.543966 -13.170946 7.271638  1.803384 -0.173967 -2.212100
26  24.489557 -12.765261 -10.634670  -1.570796 -0.000000 -1.570796
27  0.449198 -13.144855 -6.669335  -0.051945 -0.000000 -1.570796
28  -9.523657 -7.409284 2.507948  -1.428862 3.070345 -0.175906
29  -0.000000 13.479278 -0.000000  0.539418 -0.000000 0.000000
30  -0.000001 13.477238 -0.000002  -0.696744 0.565217 0.193731
31  0.267271 3.664729 -1.953293  0.109629 -0.107225 0.495175
32  0.000002 1.180356 0.000000  -0.029953 -0.007842 0.846531
33  -0.000002 0.817136 -0.000000  0.012285 -0.000556 1.260036
34  0.249424 3.688544 -0.940889  -0.126560 -0.145246 0.899651
35  -0.000003 1.800633 -0.000000  -0.009643 -0.027168 1.400081
36  -0.000000 1.243406 0.000000  0.002452 -0.006045 1.256196
37  0.244727 3.701099 0.087732  -0.174753 -0.151318 0.769501
38  -0.000003 1.766584 -0.000000  0.009385 0.010267 1.319679
39  0.000001 1.189003 -0.000000  -0.006898 0.016298 1.212362
40  0.277241 3.632250 1.274101  -0.295695 -0.170063 0.706217
41  0.000002 1.798494 0.000000  0.035176 0.008609 1.280163
42  0.000002 1.235452 0.000000  -0.008523 0.000599 1.061936
43  -0.315441 0.857299 0.755943  -0.678476 -2.468995 1.317854
44  0.000000 2.265939 0.000002  -0.026878 0.060881 0.878738
45  0.000000 1.457813 -0.000004  -0.051628 -0.019293 0.611810
46  1.259683 3.818376 1.286946  -0.295695 -0.170063 0.706217
47  1.226391 3.891694 0.090419  -0.174753 -0.151318 0.769501
48  1.231625 3.875536 -0.958681  -0.126560 -0.145246 0.899651
49  1.209921 3.994784 -2.003048  0.109629 -0.107225 0.495175
50  -0.328904 0.095430 1.403532  -0.678476 -2.468995 1.317854
51  -9.373415 3.121994 26.258846  -1.704923 -2.726302 0.173931
52  -12.241280 -13.976777 23.895222  -1.570796 -0.000000 1.570796
53  -9.523657 -7.409284 2.507948  -0.051945 0.000000 1.570796
54  -6.978047 -29.186636 2.668152  1.663235 -0.074478 0.371938
55  0.000001 -0.000000 0.000004  3.141593 -0.000000 -0.000000
56  -0.000001 0.000000 -0.000004  0.000000 0.000000 0.000000
time 15
0  0 0 0  0 0 0
1  0.000000 0.000000 0.000000  1.570796 -0.000000 0.000000
2  0.449198 -13.144855 -6.669335  0.028950 0.015115 -1.557501
3  -0.000000 13.479278 0.000001  1.598908 0.000000 -0.000000
4  -0.000001 13.477239 -0.000001  0.028957 -0.578902 0.275562
5  -0.267268 3.664727 -1.953294  -0.758647 -0.152808 -0.483426
6  0.000000 1.180355 -0.000000  -0.023428 -0.029116 -0.870336
7  0.000001 0.817137 0.000000  0.010616 -0.006208 -0.685665
8  -0.249421 3.688541 -0.940889  -0.718560 -0.138086 -0.468355
9  -0.000001 1.800634 0.000000  0.002526 0.004726 -0.890505
10  0.000001 1.243405 -0.000001  0.005090 0.004081 -0.746626
11  -0.244727 3.701096 0.087732  -0.661464 -0.127524 -0.439678
12  -0.000000 1.766586 0.000000  0.004116 -0.001369 -0.897942
13  0.000001 1.189005 0.000000  -0.012964 -0.012047 -0.790645
14  -0.277238 3.632248 1.274101  -0.592061 -0.070892 -0.348027
15  -0.000002 1.798495 -0.000000  0.025728 0.027762 -0.823532
16  0.000001 1.235452 0.000001  -0.007916 0.003215 -0.605968
17  0.315442 0.857300 0.755943  1.014188 1.145670 0.151136
18  0.000001 2.265939 0.000000  -0.047422 -0.048125 -1.503464
19  0.000001 1.457814 0.000000  -0.055112 0.000137 -0.966631
20  -1.259681 3.818375 1.286946  -0.592061 -0.070892 -0.348027
21  -1.226391 3.891693 0.090419  -0.661463 -0.127524 -0.439678
22  -1.231622 3.875534 -0.958680  -0.718561 -0.138086 -0.468355
23  -1.209919 3.994781 -2.003048  -0.758647 -0.152808 -0.483426
24  0.328905 0.095428 1.403532  1.014187 1.145670 0.151136
25  13.155203 -13.185184 7.173249  1.792594 -0.185039 -2.162687
26  24.489557 -12.765261 -10.634670  -1.570796 -0.000000 -1.570796
27  0.449198 -13.144855 -6.669335  -0.051945 -0.000000 -1.570796
28  -9.523657 -7.409284 2.507948  -1.409408 3.024605 -0.123301
29  -0.000001 13.479279 0.000000  0.713592 -0.000000 0.000000
30  -0.000000 13.477238 -0.000001  -0.722979 0.536502 0.129755
31  0.267267 3.664728 -1.953292  -0.033847 -0.115154 0.271343
32  0.000000 1.180353 0.000000  -0.035717 -0.013944 0.621618
33  0.000003 0.817135 0.000000  0.012100 0.002200 1.034921
34  0.249421 3.688543 -0.940888  -0.139564 -0.167720 0.625793
35  0.000003 1.800632 -0.000001  -0.008174 -0.026991 1.123158
36  0.000002 1.243406 0.000000  0.004011 -0.005145 0.979307
37  0.244725 3.701097 0.087733  -0.126379 -0.172101 0.533482
38  0.000000 1.766586 0.000000  0.009367 0.011288 1.083887
39  -0.000001 1.189003 0.000000  -0.010514 0.014236 0.976549
40  0.277238 3.632248 1.274103  -0.135862 -0.187541 0.472757
41  -0.000001 1.798494 0.000000  0.043202 0.012065 1.048970
42  -0.000004 1.235454 -0.000000  -0.008433 -0.001372 0.830504
43  -0.315441 0.857302 0.755944  2.378460 -0.580876 -1.665259
44  0.000001 2.265939 0.000000  -0.033905 0.057269 0.759857
45  -0.000002 1.457811 -0.000002  -0.048983 -0.025270 0.493202
46  1.259680 3.818377 1.286946  -0.135862 -0.187541 0.472757
47  1.226389 3.891694 0.090420  -0.126379 -0.172101 0.533481
48  1.231620 3.875535 -0.958680  -0.139564 -0.167720 0.625792
49  1.209918 3.994782 -2.003047  -0.033847 -0.115154 0.271343
50  -0.328909 0.095430 1.403533  2.378460 -0.580876 -1.665259
51  -10.526825 5.320538 24.300629  -1.488770 -2.772306 0.139512
52  -12.788395 -13.828150 23.358955  -1.570796 -0.000000 1.570796
53  -9.523657 -7.409284 2.507948  -0.051945 0.000000 1.570796
54  -8.358235 -27.424416 5.554811  1.467510 -0.056595 0.308125
55  -0.000002 -0.000000 -0.000001  2.908882 0.000000 -0.000000
56  -0.000001 0.000000 0.000001  -0.000000 -0.000000 -0.000000
time 16
0  0 0 0  0 0 0
1  0.000000 0.000000 0.000000  1.570796 -0.000000 0.000000
2  0.449198 -13.144855 -6.669335  0.027087 0.015161 -1.557508
3  0.000002 13.479277 0.000001  1.630722 0.000000 -0.000000
4  0.000000 13.477239 -0.000000  -0.006500 -0.519018 0.294344
5  -0.267269 3.664727 -1.953292  -0.758647 -0.152808 -0.483426
6  0.000001 1.180356 0.000000  -0.023428 -0.029116 -0.870336
7  -0.000001 0.817135 0.000000  0.010616 -0.006208 -0.685665
8  -0.249423 3.688541 -0.940888  -0.718561 -0.138086 -0.468355
9  -0.000001 1.800631 0.000000  0.002526 0.004726 -0.890505
10  0.000000 1.243406 0.000000  0.005090 0.004081 -0.746626
11  -0.244726 3.701097 0.087734  -0.661463 -0.127524 -0.439678
12  0.000001 1.766587 -0.000001  0.004116 -0.001369 -0.897942
13  -0.000001 1.189003 -0.000002  -0.012964 -0.012048 -0.790645
14  -0.277240 3.632249 1.274103  -0.592061 -0.070892 -0.348027
15  -0.000000 1.798496 0.000000  0.025728 0.027762 -0.823532
16  0.000002 1.235451 0.000002  -0.007916 0.003215 -0.605968
17  0.315442 0.857299 0.755944  1.014187 1.145670 0.151136
18  0.000002 2.265940 -0.000000  -0.047422 -0.048125 -1.503464
19  0.000000 1.457811 -0.000001  -0.055112 0.000137 -0.966631
20  -1.259681 3.818374 1.286946  -0.592061 -0.070892 -0.348027
21  -1.226391 3.891693 0.090421  -0.661463 -0.127524 -0.439678
22  -1.231623 3.875534 -0.958680  -0.718561 -0.138086 -0.468355
23  -1.209919 3.994781 -2.003046  -0.758647 -0.152808 -0.483426
24  0.328906 0.095429 1.403533  1.014187 1.145670 0.151136
25  12.753231 -13.190431 7.118748  1.781753 -0.196487 -2.111595
26  24.489557 -12.765261 -10.634670  -1.570796 -0.000000 -1.570796
27  0.449198 -13.144855 -6.669335  -0.051945 -0.000000 -1.570796
28  -9.523657 -7.409284 2.507948  -1.584317 2.959800 -0.032854
29  -0.000001 13.479277 0.000001  1.197982 -0.000000 0.000000
30  0.000000 13.477239 -0.000001  -0.211361 0.481807 0.137389
31  0.267269 3.664726 -1.953294  -0.286304 -0.134291 -0.146086
32  0.000000 1.180356 -0.000001  -0.042261 -0.028009 0.203799
33  0.000000 0.817137 -0.000001  0.010163 0.006925 0.616704
34  0.249422 3.688543 -0.940892  -0.153275 -0.216770 0.116418
35  -0.000000 1.800631 -0.000001  -0.005802 -0.025648 0.608885
36  0.000002 1.243406 -0.000000  0.006023 -0.002506 0.465091
37  0.244726 3.701097 0.087730  -0.037114 -0.210134 0.095159
38  0.000001 1.766582 -0.000000  0.008714 0.013055 0.645986
39  0.000002 1.189003 0.000000  -0.015559 0.008435 0.538661
40  0.277239 3.632249 1.274101  0.153937 -0.216587 0.039869
41  0.000000 1.798494 -0.000002  0.055155 0.022906 0.619744
42  -0.000000 1.235450 -0.000000  -0.007095 -0.004761 0.400781
43  -0.315441 0.857301 0.755942  2.312547 -0.382418 -1.419604
44  0.000000 2.265939 -0.000001  -0.045612 0.048469 0.539225
45  0.000002 1.457812 -0.000000  -0.042275 -0.035369 0.272834
46  1.259681 3.818376 1.286943  0.153937 -0.216587 0.039870
47  1.226391 3.891694 0.090417  -0.037114 -0.210134 0.095159
48  1.231624 3.875536 -0.958681  -0.153275 -0.216770 0.116418
49  1.209918 3.994783 -2.003050  -0.286304 -0.134291 -0.146086
50  -0.328906 0.095430 1.403531  2.312547 -0.382418 -1.419604
51  -12.472466 4.995235 20.757627  -0.635941 -2.828050 0.032558
52  -13.446618 -13.698074 22.713787  -1.570796 -0.000000 1.570796
53  -9.523657 -7.409284 2.507948  -0.051945 0.000000 1.570796
54  -9.365910 -26.555069 7.589602  1.275269 -0.031108 0.244305
55  -0.000000 -0.000000 -0.000001  2.327106 -0.000000 0.000000
56  -0.000000 -0.000004 0.000001  0.000000 0.000000 -0.000000
time 17
0  0 0 0  0 0 0
1  0.000000 0.000000 0.000000  1.570796 -0.000000 0.000000
2  0.449198 -13.144855 -6.669335  0.028975 0.014879 -1.557462
3  -0.000001 13.479276 0.000001  1.659349 0.000000 -0.000000
4  0.000001 13.477238 0.000002  -0.039737 -0.457657 0.309331
5  -0.267270 3.664725 -1.953293  -0.758647 -0.152808 -0.483426
6  -0.000000 1.180355 0.000000  -0.023428 -0.029116 -0.870337
7  0.000002 0.817136 0.000001  0.010616 -0.006208 -0.685665
8  -0.249422 3.688540 -0.940888  -0.718561 -0.138086 -0.468355
9  0.000000 1.800632 -0.000000  0.002526 0.004726 -0.890505
10  -0.000001 1.243407 -0.000000  0.005090 0.004081 -0.746626
11  -0.244726 3.701094 0.087733  -0.661463 -0.127524 -0.439678
12  -0.000000 1.766585 0.000001  0.004116 -0.001369 -0.897942
13  -0.000001 1.189004 -0.000001  -0.012965 -0.012047 -0.790645
14  -0.277239 3.632247 1.274102  -0.592061 -0.070892 -0.348027
15  0.000001 1.798495 0.000001  0.025728 0.027762 -0.823532
16  0.000001 1.235451 0.000001  -0.007916 0.003215 -0.605968
17  0.315442 0.857299 0.755944  1.014187 1.145670 0.151136
18  -0.000001 2.265940 0.000001  -0.047422 -0.048125 -1.503464
19  0.000000 1.457810 0.000000  -0.055112 0.000137 -0.966631
20  -1.259680 3.818374 1.286946  -0.592061 -0.070892 -0.348027
21  -1.226389 3.891692 0.090420  -0.661463 -0.127524 -0.439678
22  -1.231622 3.875533 -0.958680  -0.718561 -0.138086 -0.468355
23  -1.209919 3.994781 -2.003047  -0.758647 -0.152808 -0.483426
24  0.328906 0.095428 1.403533  1.014187 1.145670 0.151136
25  12.343334 -13.191180 7.101955  1.770964 -0.208162 -2.059496
26  24.489557 -12.765261 -10.634670  -1.570796 -0.000000 -1.570796
27  0.449198 -13.144855 -6.669335  -0.051945 -0.000000 -1.570796
28  -9.523657 -7.409284 2.507948  1.305642 0.238113 -3.132821
29  0.000000 13.479276 -0.000001  1.574652 -0.000000 0.000000
30  -0.000000 13.477238 -0.000003  0.499493 0.429034 0.216958
31  0.267269 3.664727 -1.953292  -0.414296 -0.144733 -0.371895
32  0.000001 1.180355 -0.000000  -0.043217 -0.036353 -0.021267
33  -0.000001 0.817135 -0.000001  0.008360 0.009020 0.391453
34  0.249423 3.688542 -0.940890  -0.152498 -0.245037 -0.158944
35  -0.000001 1.800633 -0.000001  -0.004895 -0.024480 0.331979
36  0.000002 1.243406 -0.000002  0.006479 -0.000764 0.188209
37  0.244726 3.701096 0.087732  0.010562 -0.230418 -0.140816
38  0.000001 1.766584 0.000002  0.008063 0.013841 0.410195
39  -0.000001 1.189004 0.000000  -0.017098 0.004567 0.302903
40  0.277239 3.632248 1.274102  0.305769 -0.231607 -0.192463
41  -0.000001 1.798494 -0.000001  0.059373 0.030553 0.388725
42  0.000000 1.235452 0.000001  -0.005815 -0.006260 0.169487
43  -0.315440 0.857300 0.755942  2.319144 -0.270435 -1.303028
44  -0.000000 2.265938 0.000000  -0.051029 0.042727 0.420511
45  -0.000000 1.457811 -0.000001  -0.037790 -0.040126 0.154115
46  1.259681 3.818374 1.286944  0.305769 -0.231607 -0.192463
47  1.226391 3.891693 0.090418  0.010562 -0.230418 -0.140816
48  1.231624 3.875534 -0.958680  -0.152498 -0.245037 -0.158944
49  1.209920 3.994781 -2.003049  -0.414296 -0.144733 -0.371895
50  -0.328906 0.095429 1.403531  2.319144 -0.270435 -1.303028
51  -13.495969 2.042809 18.531717  0.190497 -2.909297 -0.075221
52  -14.195746 -13.585314 21.979515  -1.570796 -0.000000 1.570796
53  -9.523657 -7.409284 2.507948  -0.051945 0.000000 1.570796
54  -9.801493 -26.023708 8.376906  1.095382 0.002979 0.182654
55  -0.000000 0.000000 -0.000000  1.570796 0.000000 0.000000
56  0.000001 0.000000 0.000001  0.000000 0.000000 -0.000000
time 18
0  0 0 0  0 0 0
1  0.000000 0.000000 0.000000  1.570796 -0.000000 0.000000
2  0.449198 -13.144855 -6.669335  0.044018 0.009133 -1.556514
3  0.000000 13.479276 -0.000000  1.674558 0.000000 -0.000000
4  0.000000 13.477239 -0.000000  -0.070845 -0.397418 0.315679
5  -0.267269 3.664726 -1.953294  -0.758647 -0.152808 -0.483426
6  -0.000001 1.180354 -0.000002  -0.023428 -0.029116 -0.870336
7  0.000004 0.817136 0.000000  0.010616 -0.006208 -0.685665
8  -0.249422 3.688542 -0.940889  -0.718561 -0.138086 -0.468355
9  -0.000000 1.800634 -0.000001  0.002526 0.004726 -0.890505
10  0.000000 1.243405 0.000000  0.005090 0.004081 -0.746626
11  -0.244726 3.701096 0.087733  -0.661463 -0.127524 -0.439678
12  0.000000 1.766586 -0.000001  0.004116 -0.001369 -0.897942
13  0.000000 1.189003 0.000000  -0.012964 -0.012047 -0.790645
14  -0.277239 3.632248 1.274103  -0.592061 -0.070892 -0.348027
15  0.000001 1.798493 -0.000000  0.025728 0.027762 -0.823532
16  0.000001 1.235448 0.000001  -0.007916 0.003215 -0.605968
17  0.315441 0.857300 0.755943  1.014187 1.145670 0.151136
18  0.000001 2.265940 0.000001  -0.047422 -0.048125 -1.503464
19  0.000000 1.457811 0.000001  -0.055112 0.000137 -0.966631
20  -1.259680 3.818375 1.286945  -0.592061 -0.070892 -0.348027
21  -1.226390 3.891693 0.090420  -0.661463 -0.127524 -0.439677
22  -1.231622 3.875534 -0.958681  -0.718561 -0.138086 -0.468355
23  -1.209919 3.994781 -2.003048  -0.758647 -0.152808 -0.483426
24  0.328906 0.095429 1.403533  1.014187 1.145670 0.151136
25  11.930796 -13.108022 7.251428  1.760331 -0.219911 -2.007061
26  24.489557 -12.765261 -10.634670  -1.570796 -0.000000 -1.570796
27  0.449198 -13.144855 -6.669335  -0.051945 -0.000000 -1.570796
28  -9.523657 -7.409284 2.507948  1.081845 0.231280 2.973323
29  -0.000000 13.479279 0.000001  1.672102 -0.000000 0.000000
30  0.000000 13.477239 0.000003  0.584513 0.441022 -0.063264
31  0.267269 3.664726 -1.953291  -0.348274 -0.158543 -0.343532
32  0.000000 1.180356 -0.000002  -0.043202 -0.035354 0.005431
33  0.000001 0.817136 -0.000001  0.008598 0.008793 0.418171
34  0.249423 3.688540 -0.940888  -0.132093 -0.241699 -0.111587
35  0.000000 1.800633 -0.000004  -0.005027 -0.024697 0.379423
36  -0.000000 1.243406 -0.000000  0.006435 -0.001071 0.235650
37  0.244725 3.701095 0.087735  0.004673 -0.224208 -0.110732
38  0.000000 1.766585 -0.000002  0.008156 0.013750 0.440239
39  0.000001 1.189004 0.000001  -0.016954 0.005078 0.332942
40  0.277240 3.632247 1.274102  0.254274 -0.216946 -0.163384
41  -0.000000 1.798494 -0.000002  0.058953 0.029567 0.417018
42  0.000001 1.235451 -0.000000  -0.005990 -0.006093 0.197814
43  -0.315441 0.857299 0.755943  2.314545 -0.302390 -1.335696
44  -0.000000 2.265938 0.000000  -0.049551 0.044433 0.454423
45  -0.000000 1.457811 -0.000001  -0.039128 -0.038821 0.188039
46  1.259681 3.818374 1.286946  0.254274 -0.216946 -0.163384
47  1.226391 3.891692 0.090421  0.004673 -0.224208 -0.110732
48  1.231624 3.875534 -0.958680  -0.132093 -0.241699 -0.111586
49  1.209919 3.994781 -2.003047  -0.348274 -0.158543 -0.343531
50  -0.328906 0.095428 1.403534  2.314544 -0.302390 -1.335696
51  -12.334658 -0.699086 19.048077  0.219317 -2.984187 0.050440
52  -15.015579 -13.488634 21.175941  -1.570796 -0.000000 1.570796
53  -9.523657 -7.409284 2.507948  -0.051945 0.000000 1.570796
54  -9.857121 -25.106451 7.332691  0.936830 0.046484 0.125250
55  -0.000001 -0.000001 0.000002  0.814487 0.000000 0.000000
56  0.000001 0.000001 0.000003  0.000000 -0.000000 0.000000
time 19
0  0 0 0  0 0 0
1  0.000000 0.000000 0.000000  1.570796 -0.000000 0.000000
2  0.449198 -13.144855 -6.669335  0.079496 -0.005784 -1.554054
3  0.000001 13.479277 -0.000000  1.667415 0.000000 -0.000000
4  -0.000001 13.477239 -0.000001  -0.099191 -0.341240 0.309937
5  -0.267269 3.664726 -1.953291  -0.758647 -0.152808 -0.483426
6  0.000000 1.180355 0.000001  -0.023428 -0.029116 -0.870336
7  0.000000 0.817135 -0.000000  0.010616 -0.006208 -0.685665
8  -0.249424 3.688542 -0.940887  -0.718560 -0.138086 -0.468355
9  0.000000 1.800634 -0.000000  0.002526 0.004726 -0.890505
10  0.000000 1.243405 0.000002  0.005089 0.004081 -0.746626
11  -0.244727 3.701097 0.087733  -0.661463 -0.127524 -0.439678
12  -0.000000 1.766583 0.000001  0.004116 -0.001369 -0.897942
13  -0.000001 1.189004 -0.000000  -0.012964 -0.012047 -0.790645
14  -0.277240 3.632249 1.274103  -0.592061 -0.070892 -0.348027
15  -0.000000 1.798496 -0.000001  0.025728 0.027762 -0.823532
16  -0.000001 1.235452 -0.000000  -0.007916 0.003215 -0.605968
17  0.315440 0.857301 0.755945  1.014187 1.145670 0.151136
18  0.000000 2.265940 -0.000001  -0.047422 -0.048125 -1.503464
19  0.000000 1.457813 0.000000  -0.055112 0.000137 -0.966631
20  -1.259681 3.818376 1.286947  -0.592061 -0.070892 -0.348027
21  -1.226391 3.891694 0.090420  -0.661463 -0.127524 -0.439678
22  -1.231623 3.875535 -0.958679  -0.718561 -0.138086 -0.468355
23  -1.209920 3.994782 -2.003047  -0.758647 -0.152808 -0.483426
24  0.328906 0.095429 1.403534  1.014187 1.145670 0.151136
25  11.520901 -12.876527 7.667527  1.749955 -0.231585 -1.954962
26  24.489557 -12.765261 -10.634670  -1.570796 -0.000000 -1.570796
27  0.449198 -13.144855 -6.669335  -0.051945 -0.000000 -1.570796
28  -9.523657 -7.409284 2.507948  0.903715 0.184871 2.717600
29  -0.000001 13.479279 0.000000  1.640043 -0.000000 0.000000
30  -0.000001 13.477240 -0.000002  0.453005 0.572342 -0.362365
31  0.267269 3.664726 -1.953293  -0.213687 -0.169294 -0.235692
32  0.000000 1.180354 0.000002  -0.042882 -0.031414 0.111202
33  0.000001 0.817136 0.000000  0.009479 0.007836 0.524026
34  0.249421 3.688541 -0.940889  -0.112516 -0.229538 0.039311
35  -0.000000 1.800633 -0.000002  -0.005514 -0.025345 0.530923
36  -0.000000 1.243406 -0.000001  0.006200 -0.002030 0.387137
37  0.244726 3.701096 0.087731  -0.018085 -0.209114 0.003253
38  -0.000001 1.766584 -0.000002  0.008483 0.013379 0.554111
39  -0.000000 1.189004 0.000000  -0.016267 0.006972 0.446797
40  0.277240 3.632248 1.274103  0.133956 -0.191078 -0.051940
41  0.000000 1.798494 0.000002  0.057062 0.025860 0.526917
42  -0.000000 1.235452 0.000002  -0.006623 -0.005399 0.307843
43  -0.315441 0.857300 0.755943  2.312547 -0.382418 -1.419604
44  -0.000000 2.265937 -0.000000  -0.045612 0.048469 0.539225
45  -0.000001 1.457810 -0.000001  -0.042275 -0.035368 0.272834
46  1.259680 3.818375 1.286946  0.133956 -0.191078 -0.051940
47  1.226390 3.891693 0.090419  -0.018085 -0.209114 0.003253
48  1.231623 3.875534 -0.958679  -0.112516 -0.229538 0.039311
49  1.209918 3.994781 -2.003047  -0.213687 -0.169294 -0.235692
50  -0.328907 0.095429 1.403533  2.312547 -0.382418 -1.419604
51  -11.416900 -3.483479 20.371979  -0.020586 -3.010541 0.165475
52  -15.885915 -13.406796 20.322868  -1.570796 -0.000000 1.570796
53  -9.523657 -7.409284 2.507948  -0.051945 0.000000 1.570796
54  -9.882685 -24.552399 4.677071  0.808920 0.100099 0.074027
55  0.000002 -0.000001 0.000001  0.232711 0.000000 0.000000
56  0.000001 -0.000001 -0.000000  -0.000000 -0.000000 0.000000
time 20
0  0 0 0  0 0 0
1  0.000000 0.000000 0.000000  1.570796 -0.000000 0.000000
2  0.449198 -13.144855 -6.669335  0.131743 -0.027046 -1.550546
3  0.000001 13.479278 0.000000  1.639372 0.000000 -0.000000
4  -0.000001 13.477238 -0.000000  -0.122912 -0.290224 0.294850
5  -0.267270 3.664724 -1.953292  -0.758647 -0.152808 -0.483426
6  0.000001 1.180356 0.000001  -0.023428 -0.029116 -0.870336
7  0.000000 0.817134 -0.000000  0.010616 -0.006208 -0.685665
8  -0.249423 3.688541 -0.940889  -0.718561 -0.138086 -0.468355
9  0.000000 1.800631 0.000000  0.002526 0.004726 -0.890505
10  -0.000002 1.243406 -0.000001  0.005090 0.004081 -0.746626
11  -0.244726 3.701095 0.087734  -0.661463 -0.127524 -0.439678
12  -0.000000 1.766585 -0.000000  0.004116 -0.001369 -0.897942
13  0.000002 1.189004 0.000000  -0.012965 -0.012047 -0.790645
14  -0.277240 3.632247 1.274103  -0.592061 -0.070892 -0.348027
15  -0.000000 1.798494 -0.000000  0.025728 0.027762 -0.823532
16  0.000000 1.235452 -0.000000  -0.007916 0.003215 -0.605968
17  0.315441 0.857299 0.755944  1.014188 1.145670 0.151136
18  0.000002 2.265937 -0.000001  -0.047422 -0.048125 -1.503464
19  0.000000 1.457810 0.000001  -0.055112 0.000137 -0.966631
20  -1.259682 3.818374 1.286947  -0.592061 -0.070892 -0.348027
21  -1.226391 3.891693 0.090420  -0.661463 -0.127524 -0.439678
22  -1.231624 3.875534 -0.958680  -0.718561 -0.138086 -0.468355
23  -1.209919 3.994781 -2.003047  -0.758647 -0.152808 -0.483426
24  0.328906 0.095429 1.403534  1.014187 1.145670 0.151136
25  11.118927 -12.523665 8.301776  1.739941 -0.243033 -1.903870
26  24.489557 -12.765261 -10.634670  -1.570796 -0.000000 -1.570796
27  0.449198 -13.144855 -6.669335  -0.051945 -0.000000 -1.570796
28  -9.523657 -7.409284 2.507948  0.991834 0.172264 2.575072
29  0.000000 13.479277 0.000000  1.332265 -0.000000 0.000000
30  -0.000001 13.477238 -0.000002  0.322775 0.584016 -0.185846
31  0.267269 3.664727 -1.953295  -0.087964 -0.155473 -0.031906
32  0.000002 1.180355 -0.000002  -0.041103 -0.024015 0.315071
33  -0.000001 0.817139 0.000000  0.010870 0.005752 0.728080
34  0.249423 3.688541 -0.940890  -0.115028 -0.205465 0.290246
35  -0.000001 1.800632 0.000003  -0.006527 -0.026240 0.783791
36  0.000001 1.243407 -0.000000  0.005495 -0.003516 0.639980
37  0.244726 3.701095 0.087733  -0.061464 -0.190170 0.217364
38  -0.000000 1.766584 -0.000002  0.008973 0.012594 0.768037
39  -0.000000 1.189004 -0.000001  -0.014416 0.010266 0.660701
40  0.277239 3.632248 1.274101  -0.009612 -0.175697 0.159045
41  -0.000000 1.798493 -0.000001  0.052385 0.019465 0.736397
42  0.000001 1.235451 0.000001  -0.007601 -0.003901 0.517575
43  -0.315441 0.857300 0.755942  2.331772 -0.484568 -1.536098
44  -0.000003 2.265939 0.000001  -0.040002 0.053191 0.649515
45  0.000002 1.457812 -0.000000  -0.045908 -0.030504 0.383035
46  1.259680 3.818375 1.286945  -0.009612 -0.175697 0.159045
47  1.226390 3.891693 0.090419  -0.061464 -0.190170 0.217364
48  1.231623 3.875534 -0.958682  -0.115028 -0.205465 0.290246
49  1.209919 3.994782 -2.003050  -0.087964 -0.155473 -0.031906
50  -0.328906 0.095429 1.403531  2.331772 -0.484568 -1.536098
51  -11.587768 -3.911343 23.308073  -0.424336 -3.021031 -0.029761
52  -16.786552 -13.338563 19.440094  -1.570796 -0.000000 1.570796
53  -9.523657 -7.409284 2.507948  -0.051945 0.000000 1.570796
54  -9.892835 -25.994606 1.125587  0.721505 0.164490 0.030787
55  0.000000 -0.000001 -0.000000  -0.000000 -0.000000 0.000000
56  0.000000 -0.000001 -0.000000  -0.000000 -0.000000 0.000000
time 21
0  0 0 0  0 0 0
1  0.000000 0.000000 0.000000  1.570796 -0.000000 0.000000
2  0.449198 -13.144855 -6.669335  0.197063 -0.051803 -1.546456
3  0.000000 13.479277 0.000000  1.591675 0.000000 -0.000000
4  0.000000 13.477239 -0.000000  -0.139741 -0.244966 0.273371
5  -0.267271 3.664726 -1.953293  -0.758647 -0.152808 -0.483426
6  -0.000001 1.180356 -0.000001  -0.023428 -0.029116 -0.870336
7  -0.000000 0.817134 0.000000  0.010616 -0.006208 -0.685665
8  -0.249423 3.688541 -0.940889  -0.718561 -0.138086 -0.468355
9  -0.000001 1.800635 -0.000001  0.002526 0.004726 -0.890505
10  0.000002 1.243406 -0.000002  0.005090 0.004081 -0.746626
11  -0.244726 3.701095 0.087733  -0.661463 -0.127524 -0.439678
12  -0.000000 1.766586 0.000000  0.004116 -0.001369 -0.897942
13  0.000002 1.189005 0.000001  -0.012965 -0.012047 -0.790645
14  -0.277239 3.632247 1.274102  -0.592061 -0.070892 -0.348027
15  0.000000 1.798494 0.000001  0.025728 0.027762 -0.823532
16  -0.000001 1.235451 0.000000  -0.007916 0.003215 -0.605968
17  0.315440 0.857300 0.755943  1.014187 1.145670 0.151136
18  0.000002 2.265940 0.000000  -0.047422 -0.048125 -1.503464
19  -0.000000 1.457813 0.000001  -0.055112 0.000137 -0.966631
20  -1.259682 3.818374 1.286945  -0.592061 -0.070892 -0.348027
21  -1.226392 3.891693 0.090419  -0.661463 -0.127524 -0.439678
22  -1.231623 3.875534 -0.958681  -0.718561 -0.138086 -0.468355
23  -1.209920 3.994782 -2.003048  -0.758647 -0.152808 -0.483426
24  0.328906 0.095428 1.403532  1.014187 1.145670 0.151136
25  10.730164 -12.076408 9.105696  1.730391 -0.254105 -1.854457
26  24.489557 -12.765261 -10.634670  -1.570796 -0.000000 -1.570796
27  0.449198 -13.144855 -6.669335  -0.051945 -0.000000 -1.570796
28  -9.523656 -7.409284 2.367948  1.058294 0.138783 2.420351
29  0.000000 13.479277 0.000000  1.064718 -0.000000 0.000000
30  -0.000001 13.477238 0.000001  0.324973 0.535553 -0.071752
31  0.267271 3.664725 -1.953294  0.013219 -0.133742 0.209483
32  0.000000 1.180355 -0.000001  -0.037085 -0.015892 0.557967
33  0.000001 0.817134 0.000001  0.011935 0.002966 0.971210
34  0.249424 3.688540 -0.940890  -0.120577 -0.176698 0.572988
35  -0.000001 1.800632 -0.000001  -0.007898 -0.026910 1.069557
36  0.000000 1.243407 -0.000001  0.004281 -0.004922 0.925712
37  0.244727 3.701094 0.087733  -0.113163 -0.171486 0.470277
38  0.000000 1.766583 0.000000  0.009322 0.011558 1.020723
39  0.000003 1.189003 0.000002  -0.011392 0.013544 0.913382
40  0.277240 3.632246 1.274101  -0.148015 -0.170398 0.409265
41  -0.000001 1.798494 -0.000001  0.045259 0.013337 0.985110
42  0.000001 1.235453 -0.000002  -0.008328 -0.001908 0.766574
43  -0.315441 0.857298 0.755944  2.378460 -0.580876 -1.665259
44  -0.000000 2.265940 0.000001  -0.033905 0.057269 0.759857
45  0.000003 1.457813 -0.000000  -0.048983 -0.025270 0.493202
46  1.259682 3.818374 1.286945  -0.148015 -0.170398 0.409265
47  1.226391 3.891693 0.090417  -0.113163 -0.171486 0.470277
48  1.231624 3.875532 -0.958681  -0.120577 -0.176698 0.572988
49  1.209921 3.994780 -2.003048  0.013219 -0.133742 0.209483
50  -0.328905 0.095428 1.403532  2.378460 -0.580876 -1.665259
51  -11.632317 -4.942726 25.365196  -0.662843 -3.046974 -0.233192
52  -17.697290 -13.282700 18.547421  -1.570796 -0.000000 1.570796
53  -9.523656 -7.409284 2.367948  -0.051945 0.000000 1.570796
54  -9.902214 -27.827549 -2.606215  0.685232 0.240402 -0.002727
55  -0.000000 0.000000 0.000001  -0.000000 0.000000 -0.000000
56  -0.000000 0.000000 0.000001  -0.000000 0.000000 -0.000000
time 22
0  0 0 0  0 0 0
1  0.000000 0.000000 0.000000  1.570796 -0.000000 0.000000
2  0.449198 -13.144855 -6.669335  0.271854 -0.077622 -1.542180
3  0.000000 13.479277 0.000000  1.525869 0.000000 -0.000000
4  -0.000001 13.477239 -0.000001  -0.147682 -0.205525 0.248361
5  -0.267269 3.664726 -1.953292  -0.736703 -0.148197 -0.467628
6  0.000001 1.180355 -0.000002  -0.023892 -0.028737 -0.854309
7  0.000001 0.817134 0.000001  0.010515 -0.006377 -0.669640
8  -0.249423 3.688542 -0.940888  -0.696228 -0.133649 -0.452642
9  0.000000 1.800632 -0.000000  0.002600 0.004685 -0.874638
10  -0.000001 1.243406 -0.000000  0.005154 0.004000 -0.730760
11  -0.244725 3.701095 0.087734  -0.638582 -0.123086 -0.424296
12  -0.000001 1.766586 0.000001  0.004094 -0.001432 -0.882571
13  0.000001 1.189002 -0.000000  -0.013148 -0.011847 -0.775274
14  -0.277238 3.632248 1.274103  -0.568575 -0.068409 -0.332281
15  -0.000000 1.798494 0.000000  0.026159 0.027356 -0.807891
16  0.000000 1.235453 0.000001  -0.007865 0.003339 -0.590328
17  0.315442 0.857300 0.755944  1.069804 1.148781 0.215329
18  0.000000 2.265939 0.000000  -0.049245 -0.048484 -1.475523
19  0.000000 1.457812 -0.000000  -0.055087 0.001675 -0.938759
20  -1.259681 3.818374 1.286947  -0.568575 -0.068409 -0.332281
21  -1.226391 3.891693 0.090420  -0.638582 -0.123086 -0.424296
22  -1.231623 3.875533 -0.958680  -0.696228 -0.133649 -0.452642
23  -1.209919 3.994782 -2.003047  -0.736703 -0.148197 -0.467628
24  0.328906 0.095430 1.403533  1.069803 1.148781 0.215329
25  10.359892 -11.561726 10.030811  1.721409 -0.264651 -1.807394
26  24.489557 -12.765261 -10.634670  -1.570796 -0.000000 -1.570796
27  0.449198 -13.144855 -6.669335  -0.051945 -0.000000 -1.570796
28  -9.523657 -7.409284 1.987948  1.005399 0.037918 2.196932
29  0.000001 13.479278 0.000000  0.948670 -0.000000 0.000000
30  0.000000 13.477236 0.000000  0.457347 0.596708 -0.139519
31  0.267270 3.664726 -1.953292  0.083281 -0.114944 0.410877
32  -0.000001 1.180354 0.000000  -0.032298 -0.010001 0.761300
33  0.000001 0.817135 0.000002  0.012288 0.000493 1.174731
34  0.249424 3.688543 -0.940889  -0.124839 -0.154135 0.803998
35  -0.000000 1.800634 -0.000000  -0.009124 -0.027152 1.303296
36  -0.000000 1.243405 0.000000  0.003025 -0.005780 1.159423
37  0.244728 3.701097 0.087733  -0.156546 -0.157096 0.681239
38  -0.000001 1.766584 -0.000000  0.009407 0.010649 1.231495
39  0.000001 1.189003 0.000002  -0.008306 0.015628 1.124167
40  0.277239 3.632248 1.274101  -0.253602 -0.169710 0.618529
41  0.000002 1.798494 0.000001  0.038291 0.009692 1.193054
42  -0.000001 1.235451 -0.000000  -0.008543 -0.000145 0.974739
43  -0.315442 0.857301 0.755943  -0.706491 -2.493557 1.365455
44  -0.000002 2.265940 0.000000  -0.028929 0.059934 0.844767
45  0.000000 1.457812 0.000000  -0.050945 -0.021032 0.577925
46  1.259681 3.818375 1.286945  -0.253602 -0.169710 0.618529
47  1.226391 3.891692 0.090421  -0.156546 -0.157096 0.681239
48  1.231623 3.875535 -0.958679  -0.124839 -0.154135 0.803998
49  1.209919 3.994781 -2.003047  0.083281 -0.114944 0.410876
50  -0.328905 0.095428 1.403532  -0.706491 -2.493557 1.365455
51  -11.821943 -7.954235 25.850874  -0.697907 -3.069210 -0.343437
52  -18.597927 -13.237967 17.664646  -1.570796 -0.000000 1.570796
53  -9.523657 -7.409284 1.987948  -0.051945 0.000000 1.570796
54  -9.921585 -28.429932 -5.892001  0.711942 0.353940 -0.026197
55  -0.000000 -0.000001 0.000001  -0.000000 -0.000000 0.000000
56  -0.000000 -0.000001 0.000001  -0.000000 -0.000000 0.000000
time 23
0  0 0 0  0 0 0
1  0.000000 0.000000 0.000000  1.570796 -0.000000 0.000000
2  0.449198 -13.144855 -6.669335  0.352897 -0.102679 -1.538013
3  0.000001 13.479278 0.000000  1.443823 0.000000 -0.000000
4  -0.000000 13.477239 -0.000000  -0.145399 -0.171584 0.222324
5  -0.267269 3.664725 -1.953292  -0.677777 -0.135768 -0.425340
6  -0.000001 1.180353 0.000000  -0.025103 -0.027685 -0.811359
7  0.000000 0.817136 -0.000001  0.010232 -0.006823 -0.626696
8  -0.249421 3.688540 -0.940888  -0.636310 -0.121718 -0.410559
9  0.000002 1.800635 -0.000000  0.002797 0.004570 -0.832116
10  0.000001 1.243404 0.000000  0.005319 0.003777 -0.688238
11  -0.244726 3.701094 0.087734  -0.577265 -0.111195 -0.383072
12  -0.000000 1.766586 0.000000  0.004032 -0.001600 -0.841376
13  -0.000001 1.189004 0.000002  -0.013625 -0.011295 -0.734079
14  -0.277239 3.632247 1.274102  -0.505693 -0.061779 -0.290070
15  0.000001 1.798494 0.000000  0.027282 0.026236 -0.765974
16  0.000001 1.235451 0.000001  -0.007718 0.003665 -0.548412
17  0.315441 0.857298 0.755943  1.220602 1.147344 0.390522
18  -0.000002 2.265939 0.000001  -0.054173 -0.049194 -1.400635
19  0.000001 1.457810 0.000000  -0.054808 0.005785 -0.864059
20  -1.259680 3.818373 1.286946  -0.505694 -0.061779 -0.290070
21  -1.226390 3.891692 0.090419  -0.577265 -0.111195 -0.383071
22  -1.231622 3.875532 -0.958681  -0.636310 -0.121718 -0.410559
23  -1.209918 3.994780 -2.003047  -0.677777 -0.135768 -0.425340
24  0.328907 0.095428 1.403533  1.220602 1.147344 0.390522
25  10.013395 -11.006586 11.028642  1.713098 -0.274519 -1.763353
26  24.489557 -12.765261 -10.634670  -1.570796 -0.000000 -1.570796
27  0.449198 -13.144855 -6.669335  -0.051945 -0.000000 -1.570796
28  -9.523657 -7.409284 1.427948  1.029065 -0.051354 2.029577
29  0.000000 13.479276 0.000000  0.809805 -0.000000 0.000000
30  0.000000 13.477237 0.000003  0.504461 0.598502 -0.170130
31  0.267270 3.664725 -1.953294  0.109629 -0.107225 0.495175
32  0.000000 1.180354 0.000002  -0.029953 -0.007842 0.846531
33  -0.000000 0.817135 0.000002  0.012285 -0.000556 1.260036
34  0.249424 3.688541 -0.940889  -0.126560 -0.145246 0.899651
35  0.000000 1.800633 0.000001  -0.009643 -0.027168 1.400081
36  -0.000001 1.243406 0.000000  0.002452 -0.006045 1.256196
37  0.244726 3.701095 0.087733  -0.174753 -0.151318 0.769501
38  0.000000 1.766583 0.000001  0.009385 0.010267 1.319679
39  -0.000001 1.189004 -0.000002  -0.006898 0.016298 1.212361
40  0.277239 3.632247 1.274102  -0.295695 -0.170063 0.706217
41  0.000001 1.798492 0.000000  0.035176 0.008609 1.280163
42  -0.000001 1.235451 -0.000000  -0.008523 0.000599 1.061936
43  -0.315441 0.857298 0.755943  -0.678476 -2.468995 1.317854
44  -0.000002 2.265940 -0.000001  -0.026878 0.060881 0.878738
45  0.000003 1.457811 -0.000000  -0.051628 -0.019293 0.611810
46  1.259681 3.818374 1.286946  -0.295695 -0.170063 0.706217
47  1.226392 3.891693 0.090419  -0.174753 -0.151318 0.769501
48  1.231624 3.875533 -0.958680  -0.126560 -0.145246 0.899651
49  1.209919 3.994779 -2.003046  0.109629 -0.107225 0.495175
50  -0.328906 0.095427 1.403533  -0.678476 -2.468995 1.317854
51  -11.996530 -10.035913 25.940105  -0.780092 -3.085439 -0.491752
52  -19.468264 -13.203129 16.811569  -1.570796 -0.000000 1.570796
53  -9.523657 -7.409284 1.427948  -0.051945 0.000000 1.570796
54  -9.946161 -28.739264 -8.462245  0.781150 0.509851 -0.045378
55  0.000000 -0.000001 -0.000002  0.000000 0.000000 -0.000000
56  0.000000 -0.000001 -0.000002  0.000000 0.000000 -0.000000
time 24
0  0 0 0  0 0 0
1  0.000000 0.000000 0.000000  1.570796 -0.000000 0.000000
2  0.449198 -13.144855 -6.669335  0.436823 -0.125741 -1.534158
3  0.000000 13.479277 0.000000  1.348843 0.000000 -0.000000
4  -0.000001 13.477239 -0.000000  -0.132855 -0.142601 0.197339
5  -0.267269 3.664727 -1.953293  -0.592165 -0.117602 -0.364243
6  -0.000001 1.180355 0.000000  -0.026775 -0.026072 -0.749187
7  -0.000001 0.817135 -0.000000  0.009788 -0.007446 -0.564527
8  -0.249422 3.688542 -0.940888  -0.549396 -0.104353 -0.349701
9  0.000001 1.800634 0.000001  0.003073 0.004390 -0.770553
10  -0.000000 1.243406 0.000000  0.005541 0.003443 -0.626676
11  -0.244726 3.701097 0.087733  -0.488504 -0.093991 -0.323381
12  0.000000 1.766587 -0.000000  0.003929 -0.001837 -0.781735
13  -0.000002 1.189005 -0.000000  -0.014274 -0.010463 -0.674441
14  -0.277239 3.632248 1.274103  -0.414817 -0.052236 -0.228929
15  -0.000001 1.798493 0.000001  0.028823 0.024534 -0.705289
16  0.000001 1.235451 -0.000000  -0.007482 0.004127 -0.487724
17  0.315442 0.857301 0.755944  1.423345 1.120358 0.632120
18  -0.000000 2.265940 0.000000  -0.061371 -0.049566 -1.292209
19  0.000001 1.457814 -0.000002  -0.053863 0.011673 -0.755904
20  -1.259681 3.818375 1.286946  -0.414817 -0.052236 -0.228929
21  -1.226390 3.891693 0.090419  -0.488504 -0.093991 -0.323381
22  -1.231622 3.875535 -0.958680  -0.549396 -0.104353 -0.349701
23  -1.209919 3.994782 -2.003048  -0.592165 -0.117602 -0.364242
24  0.328907 0.095429 1.403533  1.423345 1.120358 0.632120
25  9.695953 -10.437963 12.050713  1.705560 -0.283560 -1.723006
26  24.489557 -12.765261 -10.634670  -1.570796 -0.000000 -1.570796
27  0.449198 -13.144855 -6.669335  -0.051945 -0.000000 -1.570796
28  -9.523657 -7.409284 0.747948  1.093920 -0.104305 1.931491
29  0.000000 13.479275 -0.000000  0.663778 -0.000000 0.000000
30  0.000000 13.477239 -0.000002  0.503869 0.537802 -0.170515
31  0.267271 3.664725 -1.953290  0.109629 -0.107225 0.495175
32  -0.000001 1.180356 -0.000001  -0.029953 -0.007842 0.846531
33  0.000003 0.817134 0.000000  0.012285 -0.000556 1.260036
34  0.249424 3.688540 -0.940885  -0.126560 -0.145246 0.899651
35  0.000002 1.800634 -0.000002  -0.009643 -0.027168 1.400081
36  0.000001 1.243407 0.000002  0.002452 -0.006045 1.256197
37  0.244727 3.701097 0.087736  -0.174753 -0.151318 0.769501
38  0.000001 1.766583 0.000002  0.009385 0.010267 1.319679
39  0.000003 1.189004 0.000000  -0.006898 0.016298 1.212361
40  0.277240 3.632246 1.274104  -0.295695 -0.170063 0.706217
41  0.000000 1.798493 0.000000  0.035176 0.008609 1.280163
42  0.000000 1.235452 -0.000001  -0.008523 0.000599 1.061936
43  -0.315441 0.857298 0.755945  -0.678476 -2.468995 1.317854
44  -0.000001 2.265939 -0.000000  -0.026878 0.060881 0.878738
45  0.000000 1.457812 0.000001  -0.051628 -0.019293 0.611810
46  1.259682 3.818374 1.286949  -0.295695 -0.170063 0.706217
47  1.226392 3.891693 0.090422  -0.174753 -0.151318 0.769501
48  1.231624 3.875533 -0.958678  -0.126560 -0.145246 0.899651
49  1.209920 3.994781 -2.003047  0.109629 -0.107225 0.495175
50  -0.328905 0.095430 1.403535  -0.678476 -2.468995 1.317854
51  -12.042837 -11.165627 25.828518  -0.874483 -3.101214 -0.650509
52  -20.288095 -13.176950 16.007996  -1.570796 -0.000000 1.570796
53  -9.523657 -7.409284 0.747948  -0.051945 0.000000 1.570796
54  -9.967268 -28.853230 -10.136627  0.855228 0.676862 -0.068270
55  0.000001 -0.000000 0.000001  0.000000 -0.000000 0.000000
56  0.000001 -0.000000 0.000001  0.000000 -0.000000 0.000000
time 25
0  0 0 0  0 0 0
1  0.000000 0.000000 0.000000  1.570796 -0.000000 0.000000
2  0.449198 -13.144855 -6.669335  0.520904 -0.146053 -1.530745
3  0.000003 13.479276 0.000000  1.244336 0.000000 -0.000000
4  -0.000000 13.477238 -0.000000  -0.110798 -0.118180 0.174898
5  -0.267269 3.664726 -1.953292  -0.490196 -0.095832 -0.291979
6  -0.000001 1.180356 -0.000001  -0.028622 -0.024030 -0.675488
7  0.000000 0.817137 -0.000000  0.009213 -0.008146 -0.490824
8  -0.249422 3.688541 -0.940888  -0.446090 -0.083640 -0.277640
9  0.000001 1.800632 0.000000  0.003385 0.004154 -0.697567
10  0.000000 1.243406 0.000000  0.005778 0.003029 -0.553691
11  -0.244726 3.701095 0.087734  -0.383293 -0.073609 -0.252603
12  -0.000000 1.766585 0.000001  0.003790 -0.002110 -0.711027
13  -0.000003 1.189005 0.000000  -0.014977 -0.009428 -0.603736
14  -0.277239 3.632247 1.274104  -0.307327 -0.040992 -0.156405
15  0.000000 1.798494 0.000000  0.030512 0.022398 -0.633347
16  -0.000001 1.235450 0.000000  -0.007166 0.004654 -0.415772
17  0.315442 0.857298 0.755946  1.609231 1.055827 0.869332
18  0.000000 2.265941 0.000001  -0.069895 -0.048996 -1.163663
19  -0.000000 1.457811 0.000000  -0.051928 0.018472 -0.627660
20  -1.259681 3.818374 1.286947  -0.307327 -0.040992 -0.156405
21  -1.226391 3.891692 0.090420  -0.383293 -0.073609 -0.252602
22  -1.231622 3.875533 -0.958679  -0.446090 -0.083640 -0.277640
23  -1.209919 3.994781 -2.003047  -0.490196 -0.095831 -0.291979
24  0.328906 0.095428 1.403533  1.609231 1.055827 0.869332
25  9.412857 -9.882824 13.048544  1.698899 -0.291623 -1.687023
26  24.489557 -12.765261 -10.634670  -1.570796 -0.000000 -1.570796
27  0.449198 -13.144855 -6.669335  -0.051945 -0.000000 -1.570796
28  -9.523657 -7.409284 0.007948  1.178940 -0.113960 1.897704
29  -0.000000 13.479277 -0.000001  0.508032 -0.000000 0.000000
30  -0.000000 13.477236 -0.000001  0.506692 0.438111 -0.146226
31  0.267270 3.664726 -1.953293  0.109629 -0.107225 0.495175
32  0.000000 1.180357 0.000004  -0.029953 -0.007842 0.846531
33  -0.000001 0.817134 0.000004  0.012285 -0.000556 1.260036
34  0.249423 3.688542 -0.940889  -0.126560 -0.145246 0.899651
35  -0.000001 1.800632 0.000002  -0.009643 -0.027168 1.400081
36  0.000001 1.243405 0.000000  0.002452 -0.006045 1.256196
37  0.244726 3.701097 0.087733  -0.174753 -0.151318 0.769501
38  -0.000000 1.766583 -0.000002  0.009385 0.010267 1.319679
39  0.000003 1.189004 0.000002  -0.006897 0.016298 1.212361
40  0.277240 3.632250 1.274101  -0.295695 -0.170063 0.706217
41  0.000000 1.798493 0.000001  0.035176 0.008609 1.280163
42  -0.000001 1.235451 0.000003  -0.008523 0.000599 1.061936
43  -0.315442 0.857298 0.755943  -0.678476 -2.468995 1.317854
44  -0.000001 2.265940 -0.000000  -0.026878 0.060881 0.878738
45  -0.000001 1.457810 0.000000  -0.051628 -0.019293 0.611810
46  1.259681 3.818375 1.286946  -0.295695 -0.170063 0.706217
47  1.226390 3.891692 0.090418  -0.174753 -0.151318 0.769501
48  1.231624 3.875535 -0.958682  -0.126560 -0.145246 0.899651
49  1.209919 3.994781 -2.003047  0.109629 -0.107225 0.495175
50  -0.328906 0.095428 1.403533  -0.678476 -2.468995 1.317854
51  -11.975656 -11.343806 25.684046  2.195344 -0.020527 2.349694
52  -21.037224 -13.158190 15.273727  -1.570796 -0.000000 1.570796
53  -9.523657 -7.409284 0.007948  -0.051945 0.000000 1.570796
54  -9.976231 -28.869509 -10.734825  0.893851 0.823354 -0.104305
55  -0.000000 0.000001 0.000000  0.000000 -0.000000 0.000000
56  -0.000000 0.000001 0.000000  0.000000 -0.000000 0.000000
time 26
0  0 0 0  0 0 0
1  0.000000 0.000000 0.000000  1.570796 -0.000000 0.000000
2  0.449198 -13.144855 -6.669335  0.601808 -0.163185 -1.527850
3  0.000000 13.479276 0.000000  1.135724 0.000000 -0.000000
4  -0.000000 13.477239 -0.000001  -0.081432 -0.098071 0.156008
5  -0.267270 3.664724 -1.953293  -0.382345 -0.072690 -0.216116
6  0.000000 1.180355 -0.000001  -0.030397 -0.021741 -0.597956
7  0.000000 0.817135 -0.000000  0.008554 -0.008835 -0.413279
8  -0.249422 3.688538 -0.940888  -0.337081 -0.061723 -0.201909
9  0.000000 1.800632 0.000000  0.003694 0.003882 -0.620773
10  0.000000 1.243406 0.000000  0.005993 0.002577 -0.476898
11  -0.244726 3.701092 0.087734  -0.272617 -0.052179 -0.178121
12  0.000000 1.766585 0.000000  0.003622 -0.002386 -0.636629
13  -0.000000 1.189004 0.000000  -0.015637 -0.008289 -0.529343
14  -0.277239 3.632246 1.274103  -0.194527 -0.029223 -0.080063
15  0.000001 1.798494 0.000000  0.032118 0.020027 -0.557657
16  -0.000000 1.235454 -0.000000  -0.006793 0.005182 -0.340062
17  0.315441 0.857298 0.755944  1.733175 0.960925 1.053302
18  -0.000000 2.265939 0.000001  -0.078705 -0.047223 -1.028429
19  -0.000000 1.457812 -0.000000  -0.048970 0.025295 -0.492691
20  -1.259681 3.818372 1.286946  -0.194527 -0.029223 -0.080063
21  -1.226390 3.891689 0.090419  -0.272617 -0.052179 -0.178121
22  -1.231622 3.875532 -0.958679  -0.337081 -0.061723 -0.201909
23  -1.209919 3.994780 -2.003047  -0.382345 -0.072690 -0.216116
24  0.328907 0.095427 1.403533  1.733175 0.960925 1.053302
25  9.169384 -9.368141 13.973658  1.693218 -0.298557 -1.656077
26  24.489557 -12.765261 -10.634670  -1.570796 -0.000000 -1.570796
27  0.449198 -13.144855 -6.669335  -0.051945 -0.000000 -1.570796
28  -9.523657 -7.409284 -0.732052  1.240345 -0.095523 1.901608
29  -0.000000 13.479278 0.000001  0.412761 -0.000000 0.000000
30  -0.000000 13.477238 0.000000  0.496117 0.337970 -0.131310
31  0.267269 3.664726 -1.953296  0.109629 -0.107225 0.495175
32  -0.000001 1.180354 0.000003  -0.029953 -0.007842 0.846531
33  0.000002 0.817135 -0.000001  0.012285 -0.000556 1.260036
34  0.249421 3.688544 -0.940891  -0.126560 -0.145246 0.899651
35  0.000001 1.800634 0.000000  -0.009643 -0.027168 1.400081
36  -0.000001 1.243406 -0.000004  0.002452 -0.006045 1.256196
37  0.244726 3.701096 0.087730  -0.174753 -0.151318 0.769501
38  -0.000001 1.766585 0.000002  0.009385 0.010267 1.319679
39  0.000002 1.189003 0.000000  -0.006897 0.016298 1.212361
40  0.277239 3.632249 1.274099  -0.295695 -0.170063 0.706217
41  0.000001 1.798495 -0.000000  0.035176 0.008609 1.280163
42  0.000001 1.235453 0.000002  -0.008523 0.000599 1.061936
43  -0.315441 0.857301 0.755941  -0.678476 -2.468994 1.317854
44  -0.000001 2.265940 0.000000  -0.026878 0.060881 0.878738
45  -0.000002 1.457809 0.000001  -0.051628 -0.019293 0.611810
46  1.259681 3.818376 1.286943  -0.295695 -0.170063 0.706217
47  1.226390 3.891695 0.090416  -0.174753 -0.151318 0.769501
48  1.231622 3.875535 -0.958683  -0.126560 -0.145246 0.899651
49  1.209918 3.994782 -2.003049  0.109629 -0.107225 0.495175
50  -0.328906 0.095428 1.403530  -0.678476 -2.468995 1.317854
51  -11.801053 -10.831678 25.329708  2.155961 0.006202 2.249176
52  -21.695446 -13.145616 14.628557  -1.570796 -0.000000 1.570796
53  -9.523657 -7.409284 -0.732052  -0.051945 0.000000 1.570796
54  -9.903886 -28.610371 -10.439597  0.882881 0.924076 -0.159964
55  -0.000000 0.000002 0.000000  0.000000 0.000000 -0.000000
56  -0.000000 0.000002 0.000000  0.000000 0.000000 -0.000000
time 27
0  0 0 0  0 0 0
1  0.000000 0.000000 0.000000  1.570796 -0.000000 0.000000
2  0.449198 -13.144855 -6.669335  0.675907 -0.176896 -1.525521
3  0.000001 13.479279 -0.000001  1.029706 0.000000 -0.000000
4  -0.000001 13.477241 0.000000  -0.047978 -0.082288 0.141167
5  -0.267268 3.664727 -1.953293  -0.279302 -0.050514 -0.144148
6  0.000001 1.180357 0.000001  -0.031915 -0.019444 -0.524278
7  -0.000000 0.817138 -0.000000  0.007881 -0.009441 -0.339580
8  -0.249422 3.688544 -0.940889  -0.233175 -0.040797 -0.130002
9  0.000000 1.800636 0.000000  0.003967 0.003602 -0.547787
10  0.000000 1.243408 0.000001  0.006165 0.002133 -0.403914
11  -0.244726 3.701097 0.087733  -0.167452 -0.031825 -0.107324
12  0.000000 1.766585 -0.000000  0.003445 -0.002636 -0.565919
13  0.000000 1.189002 -0.000000  -0.016183 -0.007164 -0.458640
14  -0.277238 3.632249 1.274101  -0.087605 -0.018074 -0.007486
15  -0.000001 1.798497 0.000000  0.033474 0.017666 -0.485726
16  -0.000000 1.235449 -0.000000  -0.006403 0.005657 -0.268106
17  0.315442 0.857301 0.755943  1.795664 0.854373 1.178524
18  -0.000000 2.265939 0.000001  -0.086784 -0.044453 -0.899933
19  -0.000000 1.457811 -0.000001  -0.045331 0.031356 -0.364373
20  -1.259681 3.818377 1.286945  -0.087605 -0.018074 -0.007486
21  -1.226390 3.891695 0.090418  -0.167453 -0.031825 -0.107324
22  -1.231623 3.875535 -0.958680  -0.233175 -0.040797 -0.130002
23  -1.209918 3.994784 -2.003048  -0.279302 -0.050514 -0.144148
24  0.328906 0.095430 1.403532  1.795664 0.854373 1.178524
25  8.970818 -8.920884 14.777577  1.688620 -0.304212 -1.630839
26  24.489557 -12.765261 -10.634670  -1.570796 -0.000000 -1.570796
27  0.449198 -13.144855 -6.669335  -0.051945 -0.000000 -1.570796
28  -9.523657 -7.409284 -1.412052  1.238500 -0.069062 1.917032
29  0.000000 13.479278 -0.000001  0.452481 -0.000000 0.000000
30  -0.000000 13.477238 0.000001  0.428282 0.255932 -0.139033
31  0.267269 3.664726 -1.953295  0.109630 -0.107225 0.495175
32  -0.000000 1.180357 -0.000001  -0.029953 -0.007842 0.846531
33  0.000000 0.817136 0.000000  0.012285 -0.000556 1.260036
34  0.249422 3.688540 -0.940889  -0.126560 -0.145246 0.899651
35  0.000002 1.800634 -0.000001  -0.009643 -0.027168 1.400081
36  0.000001 1.243406 -0.000003  0.002452 -0.006045 1.256196
37  0.244725 3.701095 0.087733  -0.174754 -0.151318 0.769501
38  0.000001 1.766584 -0.000001  0.009385 0.010267 1.319679
39  -0.000002 1.189004 -0.000001  -0.006898 0.016298 1.212361
40  0.277239 3.632246 1.274103  -0.295695 -0.170063 0.706217
41  0.000000 1.798494 0.000001  0.035176 0.008609 1.280163
42  -0.000000 1.235452 0.000000  -0.008523 0.000599 1.061936
43  -0.315442 0.857299 0.755942  -0.678476 -2.468995 1.317854
44  -0.000002 2.265939 0.000001  -0.026878 0.060881 0.878738
45  0.000001 1.457814 -0.000001  -0.051628 -0.019293 0.611810
46  1.259680 3.818374 1.286945  -0.295695 -0.170063 0.706217
47  1.226389 3.891692 0.090419  -0.174753 -0.151318 0.769501
48  1.231622 3.875535 -0.958680  -0.126560 -0.145246 0.899651
49  1.209918 3.994781 -2.003047  0.109629 -0.107225 0.495175
50  -0.328907 0.095429 1.403533  -0.678476 -2.468995 1.317854
51  -11.528160 -10.048744 24.647400  2.132723 0.036401 2.187906
52  -22.242563 -13.137988 14.092293  -1.570796 -0.000000 1.570796
53  -9.523657 -7.409284 -1.412052  -0.051945 0.000000 1.570796
54  -9.731372 -27.992426 -9.735595  0.845665 0.981780 -0.227080
55  -0.000000 0.000000 -0.000000  0.000000 -0.000000 0.000000
56  -0.000000 0.000000 -0.000000  0.000000 -0.000000 0.000000
time 28
0  0 0 0  0 0 0
1  0.000000 0.000000 0.000000  1.570796 -0.000000 0.000000
2  0.449198 -13.144855 -6.669335  0.737980 -0.187016 -1.523795
3  0.000001 13.479277 -0.000001  0.936369 0.000000 -0.000000
4  -0.000000 13.477240 0.000000  -0.015455 -0.070933 0.130531
5  -0.267271 3.664725 -1.953291  -0.191972 -0.031700 -0.083521
6  0.000001 1.180353 0.000001  -0.033060 -0.017424 -0.462137
7  -0.000000 0.817137 0.000000  0.007279 -0.009913 -0.277416
8  -0.249423 3.688540 -0.940887  -0.145301 -0.023091 -0.069388
9  0.000001 1.800633 0.000001  0.004181 0.003351 -0.486226
10  0.000000 1.243407 0.000001  0.006285 0.001750 -0.342353
11  -0.244727 3.701094 0.087734  -0.078767 -0.014666 -0.047603
12  0.000001 1.766583 0.000001  0.003281 -0.002837 -0.506278
13  0.000001 1.189002 -0.000000  -0.016581 -0.006186 -0.399005
14  -0.277239 3.632247 1.274104  0.002364 -0.008681 0.053739
15  -0.000001 1.798495 0.000001  0.034483 0.015604 -0.425060
16  -0.000000 1.235451 -0.000000  -0.006048 0.006035 -0.207413
17  0.315440 0.857299 0.755945  1.817508 0.756561 1.257642
18  0.000000 2.265939 0.000000  -0.093275 -0.041328 -0.791583
19  -0.000001 1.457811 0.000001  -0.041678 0.036071 -0.256104
20  -1.259682 3.818374 1.286948  0.002364 -0.008681 0.053740
21  -1.226392 3.891692 0.090421  -0.078767 -0.014666 -0.047603
22  -1.231624 3.875533 -0.958678  -0.145301 -0.023091 -0.069388
23  -1.209920 3.994781 -2.003047  -0.191972 -0.031700 -0.083521
24  0.328905 0.095429 1.403535  1.817508 0.756561 1.257642
25  8.822449 -8.568023 15.411827  1.685208 -0.308438 -1.611980
26  24.489557 -12.765261 -10.634670  -1.570796 -0.000000 -1.570796
27  0.449198 -13.144855 -6.669335  -0.051945 -0.000000 -1.570796
28  -9.523657 -7.409284 -1.972053  1.211603 -0.041197 1.936765
29  0.000000 13.479276 0.000001  0.544608 -0.000000 0.000000
30  -0.000001 13.477240 0.000000  0.348213 0.195458 -0.146183
31  0.267270 3.664728 -1.953294  0.109629 -0.107225 0.495175
32  0.000000 1.180356 -0.000001  -0.029953 -0.007842 0.846531
33  -0.000000 0.817135 0.000000  0.012286 -0.000556 1.260036
34  0.249422 3.688544 -0.940889  -0.126560 -0.145246 0.899651
35  0.000002 1.800637 0.000001  -0.009643 -0.027168 1.400081
36  -0.000003 1.243407 0.000002  0.002452 -0.006045 1.256196
37  0.244727 3.701097 0.087734  -0.174753 -0.151318 0.769501
38  -0.000000 1.766582 0.000000  0.009385 0.010267 1.319679
39  -0.000002 1.189005 0.000002  -0.006898 0.016298 1.212362
40  0.277239 3.632249 1.274102  -0.295695 -0.170063 0.706217
41  -0.000001 1.798496 0.000002  0.035176 0.008609 1.280163
42  -0.000001 1.235452 -0.000000  -0.008523 0.000599 1.061936
43  -0.315441 0.857302 0.755944  -0.678476 -2.468995 1.317854
44  -0.000003 2.265940 -0.000001  -0.026878 0.060881 0.878738
45  -0.000000 1.457809 0.000000  -0.051628 -0.019293 0.611810
46  1.259681 3.818376 1.286946  -0.295695 -0.170063 0.706217
47  1.226391 3.891693 0.090419  -0.174753 -0.151318 0.769501
48  1.231623 3.875537 -0.958680  -0.126560 -0.145246 0.899651
49  1.209919 3.994783 -2.003048  0.109629 -0.107225 0.495175
50  -0.328906 0.095428 1.403533  -0.678476 -2.468995 1.317854
51  -11.246838 -9.210443 23.870604  2.121366 0.064622 2.156205
52  -22.658371 -13.134072 13.684731  -1.570796 -0.000000 1.570796
53  -9.523657 -7.409284 -1.972053  -0.051945 0.000000 1.570796
54  -9.525469 -27.254879 -8.895333  0.801153 1.007569 -0.289733
55  0.000001 -0.000001 0.000002  -0.000000 0.000000 -0.000000
56  0.000001 -0.000001 0.000002  -0.000000 0.000000 -0.000000
time 29
0  0 0 0  0 0 0
1  0.000000 0.000000 0.000000  1.570796 -0.000000 0.000000
2  0.449198 -13.144855 -6.669335  0.781095 -0.193345 -1.522712
3  -0.000000 13.479278 0.000000  0.869193 0.000000 -0.000000
4  -0.000000 13.477238 0.000002  0.009442 -0.064109 0.124065
5  -0.267269 3.664726 -1.953293  -0.131428 -0.018661 -0.041675
6  0.000001 1.180353 0.000000  -0.033777 -0.015989 -0.419217
7  -0.000000 0.817136 -0.000001  0.006847 -0.010216 -0.234476
8  -0.249424 3.688543 -0.940890  -0.084479 -0.010840 -0.027535
9  0.000001 1.800631 0.000001  0.004320 0.003171 -0.443704
10  0.000000 1.243407 0.000000  0.006353 0.001481 -0.299831
11  -0.244726 3.701096 0.087732  -0.017520 -0.002818 -0.006349
12  -0.000001 1.766585 -0.000000  0.003162 -0.002969 -0.465082
13  -0.000000 1.189006 -0.000000  -0.016822 -0.005498 -0.357814
14  -0.277240 3.632250 1.274101  0.064391 -0.002193 0.096030
15  0.000000 1.798494 -0.000001  0.035107 0.014145 -0.383159
16  0.000000 1.235452 0.000000  -0.005790 0.006283 -0.165492
17  0.315440 0.857299 0.755943  1.820022 0.686058 1.302109
18  -0.000000 2.265941 -0.000003  -0.097543 -0.038768 -0.716765
19  0.000002 1.457811 0.000000  -0.038866 0.039084 -0.181299
20  -1.259682 3.818375 1.286945  0.064391 -0.002193 0.096030
21  -1.226392 3.891694 0.090419  -0.017520 -0.002818 -0.006349
22  -1.231624 3.875534 -0.958680  -0.084479 -0.010840 -0.027535
23  -1.209920 3.994781 -2.003048  -0.131428 -0.018661 -0.041675
24  0.328906 0.095430 1.403533  1.820022 0.686058 1.302109
25  8.729549 -8.336528 15.827927  1.683086 -0.311084 -1.600172
26  24.489557 -12.765261 -10.634670  -1.570796 -0.000000 -1.570796
27  0.449198 -13.144855 -6.669335  -0.051945 -0.000000 -1.570796
28  -9.523657 -7.409284 -2.352051  1.187866 -0.018961 1.953947
29  0.000001 13.479274 -0.000001  0.624031 -0.000000 0.000000
30  0.000000 13.477237 -0.000001  0.287543 0.158960 -0.148333
31  0.267270 3.664727 -1.953295  0.109629 -0.107225 0.495175
32  0.000000 1.180356 -0.000001  -0.029954 -0.007842 0.846531
33  0.000002 0.817135 -0.000004  0.012285 -0.000556 1.260036
34  0.249423 3.688542 -0.940891  -0.126560 -0.145246 0.899651
35  0.000002 1.800636 -0.000004  -0.009643 -0.027168 1.400081
36  -0.000003 1.243406 0.000001  0.002452 -0.006045 1.256196
37  0.244727 3.701097 0.087731  -0.174753 -0.151318 0.769501
38  -0.000000 1.766587 -0.000000  0.009385 0.010267 1.319679
39  0.000001 1.189004 -0.000001  -0.006898 0.016298 1.212361
40  0.277239 3.632248 1.274101  -0.295695 -0.170063 0.706217
41  0.000001 1.798497 -0.000001  0.035176 0.008609 1.280163
42  -0.000002 1.235452 -0.000001  -0.008523 0.000599 1.061936
43  -0.315441 0.857301 0.755941  -0.678476 -2.468995 1.317854
44  -0.000001 2.265939 0.000000  -0.026878 0.060881 0.878738
45  0.000000 1.457810 0.000001  -0.051628 -0.019293 0.611810
46  1.259682 3.818375 1.286943  -0.295695 -0.170063 0.706217
47  1.226391 3.891695 0.090416  -0.174753 -0.151318 0.769501
48  1.231623 3.875535 -0.958682  -0.126560 -0.145246 0.899651
49  1.209919 3.994783 -2.003051  0.109629 -0.107225 0.495175
50  -0.328906 0.095431 1.403531  -0.678476 -2.468995 1.317854
51  -11.028831 -8.539091 23.233080  2.117635 0.085479 2.144343
52  -22.922672 -13.132628 13.425674  -1.570796 -0.000000 1.570796
53  -9.523657 -7.409284 -2.352051  -0.051945 0.000000 1.570796
54  -9.352955 -26.636934 -8.191331  0.766848 1.013870 -0.333332
55  -0.000000 0.000002 -0.000000  0.000000 -0.000000 -0.000000
56  -0.000000 0.000002 -0.000000  0.000000 -0.000000 -0.000000
time 30
0  0 0 0  0 0 0
1  0.000000 0.000000 0.000000  1.570796 -0.000000 0.000000
2  0.449198 -13.144855 -6.669335  0.797174 -0.195561 -1.522332
3  0.000000 13.479278 0.000000  0.843637 0.000000 -0.000000
4  -0.000000 13.477238 0.000001  0.019215 -0.061836 0.121832
5  -0.267270 3.664725 -1.953293  -0.108791 -0.013788 -0.026066
6  0.000001 1.180357 -0.000000  -0.034029 -0.015446 -0.403202
7  -0.000000 0.817138 -0.000000  0.006682 -0.010324 -0.218454
8  -0.249423 3.688541 -0.940888  -0.061758 -0.006265 -0.011920
9  -0.000001 1.800632 -0.000000  0.004369 0.003102 -0.427837
10  -0.000001 1.243406 -0.000000  0.006376 0.001380 -0.283965
11  -0.244727 3.701094 0.087732  0.005332 0.001603 0.009044
12  0.000001 1.766584 -0.000000  0.003116 -0.003017 -0.449710
13  -0.000000 1.189004 0.000001  -0.016905 -0.005239 -0.342445
14  -0.277240 3.632247 1.274102  0.087511 0.000230 0.111810
15  -0.000000 1.798493 0.000000  0.035323 0.013594 -0.367526
16  0.000001 1.235452 -0.000001  -0.005691 0.006373 -0.149850
17  0.315440 0.857299 0.755944  1.818756 0.659268 1.317010
18  0.000001 2.265939 -0.000000  -0.099084 -0.037733 -0.688853
19  -0.000001 1.457812 -0.000000  -0.037760 0.040154 -0.153383
20  -1.259682 3.818374 1.286946  0.087511 0.000230 0.111810
21  -1.226392 3.891692 0.090419  0.005332 0.001603 0.009044
22  -1.231623 3.875535 -0.958680  -0.061758 -0.006265 -0.011920
23  -1.209921 3.994780 -2.003048  -0.108791 -0.013788 -0.026065
24  0.328906 0.095428 1.403533  1.818756 0.659268 1.317010
25  8.697409 -8.253369 15.977400  1.682355 -0.311999 -1.596087
26  24.489557 -12.765261 -10.634670  -1.570796 -0.000000 -1.570796
27  0.449198 -13.144855 -6.669335  -0.051945 -0.000000 -1.570796
28  -9.523657 -7.409284 -2.492052  1.178104 -0.009833 1.961370
29  0.000001 13.479277 0.000001  0.657103 -0.000000 0.000000
30  0.000001 13.477240 0.000002  0.263555 0.146754 -0.148549
31  0.267269 3.664726 -1.953293  0.109629 -0.107225 0.495176
32  -0.000001 1.180354 0.000002  -0.029953 -0.007842 0.846531
33  0.000000 0.817135 -0.000001  0.012285 -0.000556 1.260036
34  0.249423 3.688543 -0.940889  -0.126560 -0.145246 0.899651
35  -0.000001 1.800630 -0.000002  -0.009643 -0.027168 1.400081
36  0.000000 1.243405 0.000001  0.002452 -0.006045 1.256197
37  0.244727 3.701096 0.087732  -0.174754 -0.151318 0.769502
38  0.000000 1.766585 0.000001  0.009385 0.010267 1.319679
39  0.000003 1.189004 -0.000001  -0.006898 0.016298 1.212361
40  0.277239 3.632248 1.274103  -0.295695 -0.170063 0.706218
41  -0.000001 1.798495 -0.000000  0.035176 0.008609 1.280163
42  -0.000001 1.235452 -0.000000  -0.008523 0.000599 1.061936
43  -0.315441 0.857302 0.755943  -0.678476 -2.468995 1.317854
44  0.000000 2.265940 -0.000001  -0.026878 0.060881 0.878738
45  0.000002 1.457815 -0.000001  -0.051628 -0.019293 0.611810
46  1.259682 3.818375 1.286945  -0.295695 -0.170063 0.706217
47  1.226390 3.891694 0.090419  -0.174753 -0.151318 0.769501
48  1.231622 3.875536 -0.958681  -0.126560 -0.145246 0.899651
49  1.209918 3.994783 -2.003049  0.109629 -0.107225 0.495175
50  -0.328906 0.095429 1.403532  -0.678476 -2.468995 1.317854
51  -10.941189 -8.263663 22.968529  2.117321 0.093620 2.142558
52  -23.015259 -13.132422 13.334921  -1.570796 -0.000000 1.570796
53  -9.523657 -7.409284 -2.492052  -0.051945 0.000000 1.570796
54  -9.280611 -26.377796 -7.896104  0.753846 1.013292 -0.349041
55  -0.000001 -0.000001 -0.000002  0.000000 -0.000000 -0.000000
56  -0.000001 -0.000001 -0.000002  0.000000 -0.000000 -0.000000
end
