version 1
nodes
0 "blender_implicit" -1
1 "upperarm_l" -1
2 "lowerarm_l" 1
3 "hand_l" 2
4 "pinky_0_l" 3
5 "pinky_1_l" 4
6 "pinky_2_l" 5
7 "ring_0_l" 3
8 "ring_1_l" 7
9 "ring_2_l" 8
10 "middle_0_l" 3
11 "middle_1_l" 10
12 "middle_2_l" 11
13 "index_0_l" 3
14 "index_1_l" 13
15 "index_2_l" 14
16 "thumb_0_l" 3
17 "thumb_1_l" 16
18 "thumb_2_l" 17
19 "upperarm_r" -1
20 "lowerarm_r" 19
21 "hand_r" 20
22 "pinky_0_r" 21
23 "pinky_1_r" 22
24 "pinky_2_r" 23
25 "ring_0_r" 21
26 "ring_1_r" 25
27 "ring_2_r" 26
28 "middle_0_r" 21
29 "middle_1_r" 28
30 "middle_2_r" 29
31 "index_0_r" 21
32 "index_1_r" 31
33 "index_2_r" 32
34 "thumb_0_r" 21
35 "thumb_1_r" 34
36 "thumb_2_r" 35
37 "bone_pistolGrip" -1
38 "bone_ejectionPort" 37
39 "bone_muzzle" 37
40 "bone_clip" 37
end
skeleton
time 0
0  0 0 0  0 0 0
1  6.688313 -0.000000 0.001464  1.518852 1.570796 0.000000
2  0.000000 13.479278 -0.000000  0.103896 -0.000000 -0.000000
3  -0.000000 13.477240 -0.000000  -0.051952 -0.000000 0.000000
4  -0.267269 3.664726 -1.953293  -0.106568 -0.025893 -0.137951
5  0.000001 1.180352 -0.000000  -0.036623 -0.007435 -0.177465
6  0.000001 0.817135 -0.000001  0.004200 -0.011559 0.007420
7  -0.249423 3.688541 -0.940889  -0.060580 -0.013550 -0.130737
8  -0.000000 1.800635 -0.000000  0.004940 0.002077 -0.208495
9  0.000001 1.243406 -0.000000  0.006524 -0.000040 -0.064626
10  -0.244726 3.701096 0.087733  0.005036 0.002373 -0.139324
11  -0.000001 1.766590 0.000000  0.002490 -0.003552 -0.259702
12  -0.000000 1.189006 -0.000000  -0.017590 -0.001952 -0.152464
13  -0.277239 3.632248 1.274102  0.054558 0.010184 -0.144732
14  0.000000 1.798490 -0.000000  0.036314 0.010668 -0.285913
15  -0.000004 1.235456 -0.000000  -0.005152 0.006816 -0.068190
16  0.315441 0.857300 0.755944  1.684115 0.560091 1.563926
17  -0.000002 2.265940 -0.000000  -0.057905 -0.032805 -0.238898
18  -0.000002 1.457811 -0.000000  -0.029609 0.046490 0.034285
19  -6.688313 -0.000000 0.001464  1.518852 -1.570796 0.000000
20  -0.000000 13.479278 -0.000000  0.103896 0.000000 0.000000
21  0.000000 13.477240 -0.000000  -0.051952 -0.000000 -0.000000
22  0.267270 3.664726 -1.953293  -0.106568 0.025893 0.137951
23  -0.000000 1.180356 -0.000000  -0.036623 0.007435 0.177465
24  -0.000001 0.817134 -0.000001  0.004200 0.011559 -0.007420
25  0.249423 3.688541 -0.940889  -0.060580 0.013550 0.130737
26  0.000000 1.800634 -0.000000  0.004940 -0.002077 0.208495
27  -0.000002 1.243405 -0.000000  0.006524 0.000040 0.064626
28  0.244726 3.701096 0.087733  0.005036 -0.002373 0.139324
29  0.000000 1.766590 0.000000  0.002490 0.003552 0.259702
30  0.000000 1.189004 -0.000000  -0.017590 0.001952 0.152464
31  0.277239 3.632248 1.274102  0.054558 -0.010184 0.144732
32  -0.000000 1.798489 -0.000000  0.036314 -0.010668 0.285913
33  0.000003 1.235457 -0.000000  -0.005152 -0.006816 0.068190
34  -0.315441 0.857300 0.755944  1.684115 -0.560091 -1.563926
35  0.000002 2.265939 -0.000000  -0.057905 0.032805 0.238898
36  0.000002 1.457811 -0.000000  -0.029609 -0.046490 -0.034285
37  -6.342360 -14.447400 -18.286362  1.570796 -0.000000 0.000000
38  -1.855337 6.848172 8.911891  0.643655 -1.614426 -2.213994
39  0.461771 7.791327 26.458870  0.643905 -1.614434 -2.214243
40  0.599223 4.162447 9.540103  -0.024891 -0.027351 -0.026679
end
triangles
v_nailgun.tga
0  -6.292445 -14.379042 -10.037944  0.103610 0.069680 0.992174  0.013600 0.934400 1 37 1.000000
0  -5.796228 -31.957317 -8.855374  0.103384 0.069668 0.992199  0.011500 0.005500 1 37 1.000000
0  -5.353693 -31.949020 -8.949717  0.307667 0.073108 0.948681  0.026700 0.005500 1 37 1.000000
v_nailgun.tga
0  -6.292445 -14.379042 -10.037944  0.103610 0.069680 0.992174  0.013600 0.934400 1 37 1.000000
0  -5.353693 -31.949020 -8.949717  0.307667 0.073108 0.948681  0.026700 0.005500 1 37 1.000000
0  -5.948095 -14.372593 -10.111498  0.308008 0.073111 0.948570  0.028800 0.934400 1 37 1.000000
v_nailgun.tga
0  -6.292445 -14.379042 -10.037944  0.103610 0.069680 0.992174  0.013600 0.934400 1 37 1.000000
0  -6.468082 -14.383737 -10.037840  -0.000908 0.067099 0.997746  0.006000 0.934400 1 37 1.000000
0  -6.021851 -31.963215 -8.855174  -0.000872 0.067100 0.997746  0.003900 0.005500 1 37 1.000000
v_nailgun.tga
0  -6.292445 -14.379042 -10.037944  0.103610 0.069680 0.992174  0.013600 0.934400 1 37 1.000000
0  -6.021851 -31.963215 -8.855174  -0.000872 0.067100 0.997746  0.003900 0.005500 1 37 1.000000
0  -5.796228 -31.957317 -8.855374  0.103384 0.069668 0.992199  0.011500 0.005500 1 37 1.000000
v_nailgun.tga
0  -6.310679 -13.946263 -9.922088  0.030963 0.683871 0.728945  0.010800 0.966700 1 37 1.000000
0  -5.858701 -14.096161 -9.915742  0.266193 0.325256 0.907386  0.028500 0.958000 1 37 1.000000
0  -5.480728 -14.006128 -10.088843  0.419895 0.361277 0.832566  0.044400 0.964000 1 37 1.000000
v_nailgun.tga
0  -6.310679 -13.946263 -9.922088  0.030963 0.683871 0.728945  0.010800 0.966700 1 37 1.000000
0  -5.480728 -14.006128 -10.088843  0.419895 0.361277 0.832566  0.044400 0.964000 1 37 1.000000
0  -5.820919 -13.850505 -10.095288  0.118647 0.763572 0.634728  0.030900 0.973200 1 37 1.000000
v_nailgun.tga
0  -6.310679 -13.946263 -9.922088  0.030963 0.683871 0.728945  0.010800 0.966700 1 37 1.000000
0  -6.478922 -13.950663 -9.921889  -0.017541 0.694415 0.719360  0.003900 0.966500 1 37 1.000000
0  -6.473285 -14.169779 -9.826080  -0.004951 0.225617 0.974203  0.004300 0.953800 1 37 1.000000
v_nailgun.tga
0  -6.310679 -13.946263 -9.922088  0.030963 0.683871 0.728945  0.010800 0.966700 1 37 1.000000
0  -6.473285 -14.169779 -9.826080  -0.004951 0.225617 0.974203  0.004300 0.953800 1 37 1.000000
0  -6.264357 -14.164315 -9.826281  0.088195 0.222969 0.970828  0.012500 0.954200 1 37 1.000000
v_nailgun.tga
0  -5.948095 -14.372593 -10.111498  0.308008 0.073111 0.948570  0.028800 0.934400 1 37 1.000000
0  -5.353693 -31.949020 -8.949717  0.307667 0.073108 0.948681  0.026700 0.005500 1 37 1.000000
0  -4.940264 -31.944744 -9.134101  0.498421 0.074538 0.863725  0.042000 0.005400 1 37 1.000000
v_nailgun.tga
0  -5.948095 -14.372593 -10.111498  0.308008 0.073111 0.948570  0.028800 0.934400 1 37 1.000000
0  -4.940264 -31.944744 -9.134101  0.498421 0.074538 0.863725  0.042000 0.005400 1 37 1.000000
0  -5.626274 -14.369176 -10.254910  0.498728 0.074537 0.863548  0.044100 0.934400 1 37 1.000000
v_nailgun.tga
0  -5.626274 -14.369176 -10.254910  0.498728 0.074537 0.863548  0.044100 0.934400 1 37 1.000000
0  -4.940264 -31.944744 -9.134101  0.498421 0.074538 0.863725  0.042000 0.005400 1 37 1.000000
0  -4.574045 -31.944447 -9.400239  0.667241 0.073905 0.741166  0.057200 0.005400 1 37 1.000000
v_nailgun.tga
0  -5.626274 -14.369176 -10.254910  0.498728 0.074537 0.863548  0.044100 0.934400 1 37 1.000000
0  -4.574045 -31.944447 -9.400239  0.667241 0.073905 0.741166  0.057200 0.005400 1 37 1.000000
0  -5.341282 -14.368951 -10.462085  0.667744 0.073903 0.740713  0.059400 0.934300 1 37 1.000000
v_nailgun.tga
0  -5.341282 -14.368951 -10.462085  0.667744 0.073903 0.740713  0.059400 0.934300 1 37 1.000000
0  -4.574045 -31.944447 -9.400239  0.667241 0.073905 0.741166  0.057200 0.005400 1 37 1.000000
0  -4.271039 -31.948360 -9.736529  0.807836 0.071218 0.585088  0.072400 0.005400 1 37 1.000000
v_nailgun.tga
0  -5.341282 -14.368951 -10.462085  0.667744 0.073903 0.740713  0.059400 0.934300 1 37 1.000000
0  -4.271039 -31.948360 -9.736529  0.807836 0.071218 0.585088  0.072400 0.005400 1 37 1.000000
0  -5.105524 -14.371922 -10.723825  0.808175 0.071207 0.584622  0.074700 0.934200 1 37 1.000000
v_nailgun.tga
0  -5.105524 -14.371922 -10.723825  0.808175 0.071207 0.584622  0.074700 0.934200 1 37 1.000000
0  -4.271039 -31.948360 -9.736529  0.807836 0.071218 0.585088  0.072400 0.005400 1 37 1.000000
0  -4.044554 -31.956299 -10.130686  0.966458 0.074949 0.245646  0.087800 0.005300 1 37 1.000000
v_nailgun.tga
0  -5.105524 -14.371922 -10.723825  0.808175 0.071207 0.584622  0.074700 0.934200 1 37 1.000000
0  -4.044554 -31.956299 -10.130686  0.966458 0.074949 0.245646  0.087800 0.005300 1 37 1.000000
0  -4.929203 -14.378019 -11.030538  0.868297 0.068845 0.491243  0.090100 0.934100 1 37 1.000000
v_nailgun.tga
0  -4.929203 -14.378019 -11.030538  0.998904 0.046663 -0.003607  0.090100 0.934100 1 37 1.000000
0  -4.190697 -30.111425 -10.456084  0.998792 0.046279 -0.016507  0.096400 0.119600 1 37 1.000000
0  -4.195382 -30.050968 -10.570066  0.998881 0.045673 -0.012315  0.100300 0.123500 1 37 1.000000
v_nailgun.tga
0  -4.929203 -14.378019 -11.030538  0.998904 0.046663 -0.003607  0.090100 0.934100 1 37 1.000000
0  -4.195382 -30.050968 -10.570066  0.998881 0.045673 -0.012315  0.100300 0.123500 1 37 1.000000
0  -4.926289 -14.477884 -11.524652  0.998851 0.047593 -0.005608  0.111400 0.929000 1 37 1.000000
v_nailgun.tga
0  -4.929203 -14.378019 -11.030538  0.256341 -0.023259 -0.966306  0.090100 0.934100 1 37 1.000000
0  -4.182394 -30.222237 -10.451007  0.162071 -0.031408 -0.986279  0.096400 0.112800 1 37 1.000000
0  -4.190697 -30.111425 -10.456084  0.210061 -0.029040 -0.977257  0.096400 0.119600 1 37 1.000000
v_nailgun.tga
0  -5.851418 -14.362822 -9.904224  0.308506 0.049490 0.949934  0.029400 0.943800 1 37 1.000000
0  -5.858701 -14.096161 -9.915742  0.266193 0.325256 0.907386  0.028500 0.958000 1 37 1.000000
0  -6.264357 -14.164315 -9.826281  0.088195 0.222969 0.970828  0.012500 0.954200 1 37 1.000000
v_nailgun.tga
0  -5.851418 -14.362822 -9.904224  0.308506 0.049490 0.949934  0.029400 0.943800 1 37 1.000000
0  -6.264357 -14.164315 -9.826281  0.088195 0.222969 0.970828  0.012500 0.954200 1 37 1.000000
0  -6.258959 -14.370456 -9.817278  0.103952 0.046112 0.993513  0.013200 0.943400 1 37 1.000000
v_nailgun.tga
0  -5.470693 -14.358784 -10.074021  0.499251 0.050670 0.864975  0.045500 0.944500 1 37 1.000000
0  -5.480728 -14.006128 -10.088843  0.419895 0.361277 0.832566  0.044400 0.964000 1 37 1.000000
0  -5.858701 -14.096161 -9.915742  0.266193 0.325256 0.907386  0.028500 0.958000 1 37 1.000000
v_nailgun.tga
0  -5.470693 -14.358784 -10.074021  0.499251 0.050670 0.864975  0.045500 0.944500 1 37 1.000000
0  -5.858701 -14.096161 -9.915742  0.266193 0.325256 0.907386  0.028500 0.958000 1 37 1.000000
0  -5.851418 -14.362822 -9.904224  0.308506 0.049490 0.949934  0.029400 0.943800 1 37 1.000000
v_nailgun.tga
0  -5.133484 -14.358514 -10.319071  0.668242 0.050166 0.742251  0.061700 0.945100 1 37 1.000000
0  -5.146528 -13.906281 -10.337873  0.565539 0.398902 0.721832  0.060900 0.970700 1 37 1.000000
0  -5.480728 -14.006128 -10.088843  0.419895 0.361277 0.832566  0.044400 0.964000 1 37 1.000000
v_nailgun.tga
0  -5.133484 -14.358514 -10.319071  0.668242 0.050166 0.742251  0.061700 0.945100 1 37 1.000000
0  -5.480728 -14.006128 -10.088843  0.419895 0.361277 0.832566  0.044400 0.964000 1 37 1.000000
0  -5.470693 -14.358784 -10.074021  0.499251 0.050670 0.864975  0.045500 0.944500 1 37 1.000000
v_nailgun.tga
0  -4.854496 -14.362027 -10.628782  0.808365 0.047679 0.586747  0.078100 0.945700 1 37 1.000000
0  -4.870488 -13.816305 -10.651052  0.816817 0.047318 0.574953  0.078300 0.977300 1 37 1.000000
0  -5.146528 -13.906281 -10.337873  0.565539 0.398902 0.721832  0.060900 0.970700 1 37 1.000000
v_nailgun.tga
0  -4.854496 -14.362027 -10.628782  0.808365 0.047679 0.586747  0.078100 0.945700 1 37 1.000000
0  -5.146528 -13.906281 -10.337873  0.565539 0.398902 0.721832  0.060900 0.970700 1 37 1.000000
0  -5.133484 -14.358514 -10.319071  0.668242 0.050166 0.742251  0.061700 0.945100 1 37 1.000000
v_nailgun.tga
0  -4.622409 -14.370007 -11.031137  0.968590 0.038531 0.245658  0.097000 0.945600 1 37 1.000000
0  -4.641372 -13.729883 -11.056603  0.970041 0.038375 0.239890  0.098000 0.983100 1 37 1.000000
0  -4.870488 -13.816305 -10.651052  0.816817 0.047318 0.574953  0.078300 0.977300 1 37 1.000000
v_nailgun.tga
0  -4.622409 -14.370007 -11.031137  0.968590 0.038531 0.245658  0.097000 0.945600 1 37 1.000000
0  -4.870488 -13.816305 -10.651052  0.816817 0.047318 0.574953  0.078300 0.977300 1 37 1.000000
0  -4.854496 -14.362027 -10.628782  0.808365 0.047679 0.586747  0.078100 0.945700 1 37 1.000000
v_nailgun.tga
0  -5.820919 -13.850505 -10.095288  0.118647 0.763572 0.634728  0.030900 0.973200 1 37 1.000000
0  -5.480728 -14.006128 -10.088843  0.419895 0.361277 0.832566  0.044400 0.964000 1 37 1.000000
0  -5.146528 -13.906281 -10.337873  0.565539 0.398902 0.721832  0.060900 0.970700 1 37 1.000000
v_nailgun.tga
0  -5.820919 -13.850505 -10.095288  0.118647 0.763572 0.634728  0.030900 0.973200 1 37 1.000000
0  -5.146528 -13.906281 -10.337873  0.565539 0.398902 0.721832  0.060900 0.970700 1 37 1.000000
0  -5.430737 -13.749188 -10.344217  0.178707 0.837041 0.517133  0.050200 0.982200 1 37 1.000000
v_nailgun.tga
0  -5.820919 -13.850505 -10.095288  0.118647 0.763572 0.634728  0.464200 0.338400 1 37 1.000000
0  -6.481091 -13.867871 -10.094685  -0.023870 0.921125 0.388533  0.464200 0.363000 1 37 1.000000
0  -6.478922 -13.950663 -9.921889  -0.017541 0.694415 0.719360  0.456400 0.363000 1 37 1.000000
v_nailgun.tga
0  -5.820919 -13.850505 -10.095288  0.118647 0.763572 0.634728  0.464200 0.338400 1 37 1.000000
0  -6.478922 -13.950663 -9.921889  -0.017541 0.694415 0.719360  0.456400 0.363000 1 37 1.000000
0  -6.310679 -13.946263 -9.922088  0.030963 0.683871 0.728945  0.456400 0.356800 1 37 1.000000
v_nailgun.tga
0  -5.430737 -13.749188 -10.344217  0.178707 0.837041 0.517133  0.050200 0.982200 1 37 1.000000
0  -5.146528 -13.906281 -10.337873  0.565539 0.398902 0.721832  0.060900 0.970700 1 37 1.000000
0  -4.870488 -13.816305 -10.651052  0.446999 0.748450 0.489912  0.078300 0.977300 1 37 1.000000
v_nailgun.tga
0  -5.430737 -13.749188 -10.344217  0.178707 0.837041 0.517133  0.050200 0.982200 1 37 1.000000
0  -4.870488 -13.816305 -10.651052  0.446999 0.748450 0.489912  0.078300 0.977300 1 37 1.000000
0  -5.120152 -13.660504 -10.657219  0.230550 0.885988 0.402332  0.070200 0.990300 1 37 1.000000
v_nailgun.tga
0  -5.430737 -13.749188 -10.344217  0.178707 0.837041 0.517133  0.474700 0.323700 1 37 1.000000
0  -6.483475 -13.776824 -10.343315  -0.024773 0.954486 0.297226  0.474700 0.363000 1 37 1.000000
0  -6.481091 -13.867871 -10.094685  -0.023870 0.921125 0.388533  0.464200 0.363000 1 37 1.000000
v_nailgun.tga
0  -5.430737 -13.749188 -10.344217  0.178707 0.837041 0.517133  0.474700 0.323700 1 37 1.000000
0  -6.481091 -13.867871 -10.094685  -0.023870 0.921125 0.388533  0.464200 0.363000 1 37 1.000000
0  -5.820919 -13.850505 -10.095288  0.118647 0.763572 0.634728  0.464200 0.338400 1 37 1.000000
v_nailgun.tga
0  -5.120152 -13.660504 -10.657219  0.230550 0.885988 0.402332  0.070200 0.990300 1 37 1.000000
0  -4.870488 -13.816305 -10.651052  0.446999 0.748450 0.489912  0.078300 0.977300 1 37 1.000000
0  -4.641372 -13.729883 -11.056603  0.547409 0.813921 0.194618  0.098000 0.983100 1 37 1.000000
v_nailgun.tga
0  -5.120152 -13.660504 -10.657219  0.230550 0.885988 0.402332  0.070200 0.990300 1 37 1.000000
0  -4.641372 -13.729883 -11.056603  0.547409 0.813921 0.194618  0.098000 0.983100 1 37 1.000000
0  -4.860397 -13.578970 -11.062373  0.314058 0.933695 0.171994  0.096200 0.996900 1 37 1.000000
v_nailgun.tga
0  -5.120152 -13.660504 -10.657219  0.230550 0.885988 0.402332  0.487100 0.312000 1 37 1.000000
0  -6.485485 -13.696211 -10.655920  -0.025403 0.976146 0.215622  0.487100 0.363000 1 37 1.000000
0  -6.483475 -13.776824 -10.343315  -0.024773 0.954486 0.297226  0.474700 0.363000 1 37 1.000000
v_nailgun.tga
0  -5.120152 -13.660504 -10.657219  0.230550 0.885988 0.402332  0.487100 0.312000 1 37 1.000000
0  -6.483475 -13.776824 -10.343315  -0.024773 0.954486 0.297226  0.474700 0.363000 1 37 1.000000
0  -5.430737 -13.749188 -10.344217  0.178707 0.837041 0.517133  0.474700 0.323700 1 37 1.000000
v_nailgun.tga
0  -4.860397 -13.578970 -11.062373  0.314058 0.933695 0.171994  0.096200 0.996900 1 37 1.000000
0  -4.641372 -13.729883 -11.056603  0.547409 0.813921 0.194618  0.098000 0.983100 1 37 1.000000
0  -4.640175 -13.775567 -12.365207  0.564512 0.814262 -0.135292  0.159700 0.982200 1 37 1.000000
v_nailgun.tga
0  -4.860397 -13.578970 -11.062373  0.314058 0.933695 0.171994  0.096200 0.996900 1 37 1.000000
0  -4.640175 -13.775567 -12.365207  0.564512 0.814262 -0.135292  0.159700 0.982200 1 37 1.000000
0  -4.859200 -13.624647 -12.370776  0.279562 0.949725 -0.140952  0.160300 0.997100 1 37 1.000000
v_nailgun.tga
0  -4.860397 -13.578970 -11.062373  0.314058 0.933695 0.171994  0.502800 0.302200 1 37 1.000000
0  -6.487939 -13.621637 -11.060871  -0.026105 0.996947 0.073586  0.502800 0.363100 1 37 1.000000
0  -6.485485 -13.696211 -10.655920  -0.025403 0.976146 0.215622  0.487100 0.363000 1 37 1.000000
v_nailgun.tga
0  -4.860397 -13.578970 -11.062373  0.314058 0.933695 0.171994  0.502800 0.302200 1 37 1.000000
0  -6.485485 -13.696211 -10.655920  -0.025403 0.976146 0.215622  0.487100 0.363000 1 37 1.000000
0  -5.120152 -13.660504 -10.657219  0.230550 0.885988 0.402332  0.487100 0.312000 1 37 1.000000
v_nailgun.tga
0  -4.908772 -15.055115 -12.316579  0.019410 -0.715924 0.697908  0.145900 0.897800 1 37 1.000000
0  -4.601478 -15.047079 -12.316878  0.019242 -0.715262 0.698591  0.158900 0.898400 1 37 1.000000
0  -4.613338 -14.670538 -11.930291  0.021962 -0.815589 0.578214  0.138800 0.925200 1 37 1.000000
v_nailgun.tga
0  -4.908772 -15.055115 -12.316579  0.019410 -0.715924 0.697908  0.145900 0.897800 1 37 1.000000
0  -4.613338 -14.670538 -11.930291  0.021962 -0.815589 0.578214  0.138800 0.925200 1 37 1.000000
0  -4.920331 -14.678670 -11.930088  0.022026 -0.816852 0.576426  0.129000 0.917600 1 37 1.000000
v_nailgun.tga
0  -4.908772 -15.055115 -12.316579  0.000118 0.033056 0.999453  0.145900 0.897800 1 37 1.000000
0  -4.194232 -30.094873 -11.819096  0.000472 0.033082 0.999453  0.144800 0.123500 1 37 1.000000
0  -3.820958 -30.085117 -11.819594  0.000467 0.033082 0.999453  0.158100 0.123400 1 37 1.000000
v_nailgun.tga
0  -4.908772 -15.055115 -12.316579  0.000118 0.033056 0.999453  0.145900 0.897800 1 37 1.000000
0  -3.820958 -30.085117 -11.819594  0.000467 0.033082 0.999453  0.158100 0.123400 1 37 1.000000
0  -4.601478 -15.047079 -12.316878  -0.000737 0.032904 0.999458  0.158900 0.898400 1 37 1.000000
v_nailgun.tga
0  -4.908772 -15.055115 -12.316579  0.998846 0.045859 -0.014236  0.145900 0.897800 1 37 1.000000
0  -4.195382 -30.050968 -10.570066  0.998881 0.045673 -0.012315  0.100300 0.123500 1 37 1.000000
0  -4.194232 -30.094873 -11.819096  0.998874 0.047432 -0.000747  0.144800 0.123500 1 37 1.000000
v_nailgun.tga
0  -4.920331 -14.678670 -11.930088  0.998858 0.046983 -0.008717  0.129000 0.917600 1 37 1.000000
0  -4.926289 -14.477884 -11.524652  0.998851 0.047593 -0.005608  0.111400 0.929000 1 37 1.000000
0  -4.195382 -30.050968 -10.570066  0.998881 0.045673 -0.012315  0.100300 0.123500 1 37 1.000000
v_nailgun.tga
0  -4.920331 -14.678670 -11.930088  0.998858 0.046983 -0.008717  0.129000 0.917600 1 37 1.000000
0  -4.195382 -30.050968 -10.570066  0.998881 0.045673 -0.012315  0.100300 0.123500 1 37 1.000000
0  -4.908772 -15.055115 -12.316579  0.998846 0.045859 -0.014236  0.145900 0.897800 1 37 1.000000
v_nailgun.tga
0  -4.601478 -15.047079 -12.316878  0.999484 0.031831 -0.004212  0.158900 0.898400 1 37 1.000000
0  -4.640175 -13.775567 -12.365207  0.999538 0.030408 -0.000314  0.159700 0.982200 1 37 1.000000
0  -4.641372 -13.729883 -11.056603  0.970041 0.038375 0.239890  0.098000 0.983100 1 37 1.000000
v_nailgun.tga
0  -4.601478 -15.047079 -12.316878  0.999484 0.031831 -0.004212  0.158900 0.898400 1 37 1.000000
0  -4.641372 -13.729883 -11.056603  0.970041 0.038375 0.239890  0.098000 0.983100 1 37 1.000000
0  -4.613338 -14.670538 -11.930291  0.999761 0.015332 0.015572  0.138800 0.925200 1 37 1.000000
v_nailgun.tga
0  -4.601478 -15.047079 -12.316878  0.999484 0.031831 -0.004212  0.158900 0.898400 1 37 1.000000
0  -4.634451 -13.975037 -12.853140  0.999538 0.030391 -0.000810  0.183200 0.968400 1 37 1.000000
0  -4.637882 -13.855499 -12.634980  0.999539 0.030355 -0.000681  0.172700 0.976700 1 37 1.000000
v_nailgun.tga
0  -4.601478 -15.047079 -12.316878  0.999484 0.031831 -0.004212  0.158900 0.898400 1 37 1.000000
0  -4.637882 -13.855499 -12.634980  0.999539 0.030355 -0.000681  0.172700 0.976700 1 37 1.000000
0  -4.640175 -13.775567 -12.365207  0.999538 0.030408 -0.000314  0.159700 0.982200 1 37 1.000000
v_nailgun.tga
0  -4.601478 -15.047079 -12.316878  0.999484 0.031831 -0.004212  0.158900 0.898400 1 37 1.000000
0  -4.527407 -17.168959 -12.614861  0.964218 -0.089204 -0.249651  0.175300 0.780300 1 37 1.000000
0  -4.541547 -16.793242 -13.215650  0.999395 0.034770 -0.000911  0.200500 0.802500 1 37 1.000000
v_nailgun.tga
0  -4.601478 -15.047079 -12.316878  0.999484 0.031831 -0.004212  0.158900 0.898400 1 37 1.000000
0  -4.541547 -16.793242 -13.215650  0.999395 0.034770 -0.000911  0.200500 0.802500 1 37 1.000000
0  -4.618917 -14.495671 -13.341558  0.999468 0.032603 0.000650  0.204400 0.933900 1 37 1.000000
v_nailgun.tga
0  -4.601478 -15.047079 -12.316878  0.999484 0.031831 -0.004212  0.158900 0.898400 1 37 1.000000
0  -3.820958 -30.085117 -11.819594  0.998657 0.051804 -0.000898  0.158100 0.123400 1 37 1.000000
0  -3.820683 -30.095642 -12.121110  0.998644 0.051741 -0.005676  0.168900 0.123400 1 37 1.000000
v_nailgun.tga
0  -4.601478 -15.047079 -12.316878  0.999484 0.031831 -0.004212  0.158900 0.898400 1 37 1.000000
0  -3.820683 -30.095642 -12.121110  0.998644 0.051741 -0.005676  0.168900 0.123400 1 37 1.000000
0  -4.376365 -20.736609 -12.348488  0.917007 0.040054 -0.396855  0.169400 0.590600 1 37 1.000000
v_nailgun.tga
0  -4.613338 -14.670538 -11.930291  0.021962 -0.815589 0.578214  0.138800 0.925200 1 37 1.000000
0  -4.619486 -14.470184 -11.525640  0.023909 -0.895769 0.443877  0.119200 0.938400 1 37 1.000000
0  -4.926289 -14.477884 -11.524652  0.023111 -0.895568 0.444325  0.111400 0.929000 1 37 1.000000
v_nailgun.tga
0  -4.613338 -14.670538 -11.930291  0.021962 -0.815589 0.578214  0.138800 0.925200 1 37 1.000000
0  -4.926289 -14.477884 -11.524652  0.023111 -0.895568 0.444325  0.111400 0.929000 1 37 1.000000
0  -4.920331 -14.678670 -11.930088  0.022026 -0.816852 0.576426  0.129000 0.917600 1 37 1.000000
v_nailgun.tga
0  -4.613338 -14.670538 -11.930291  0.999761 0.015332 0.015572  0.138800 0.925200 1 37 1.000000
0  -4.641372 -13.729883 -11.056603  0.970041 0.038375 0.239890  0.098000 0.983100 1 37 1.000000
0  -4.619486 -14.470184 -11.525640  0.999574 0.029173 0.000596  0.119200 0.938400 1 37 1.000000
v_nailgun.tga
0  -4.859200 -13.624647 -12.370776  0.279562 0.949725 -0.140952  0.160300 0.997100 1 37 1.000000
0  -4.640175 -13.775567 -12.365207  0.564512 0.814262 -0.135292  0.159700 0.982200 1 37 1.000000
0  -4.637882 -13.855499 -12.634980  0.587200 0.755510 -0.290517  0.172700 0.976700 1 37 1.000000
v_nailgun.tga
0  -4.859200 -13.624647 -12.370776  0.279562 0.949725 -0.140952  0.160300 0.997100 1 37 1.000000
0  -4.637882 -13.855499 -12.634980  0.587200 0.755510 -0.290517  0.172700 0.976700 1 37 1.000000
0  -4.856460 -13.721677 -12.734910  0.293712 0.887080 -0.356122  0.180200 0.990700 1 37 1.000000
v_nailgun.tga
0  -4.859200 -13.624647 -12.370776  0.279562 0.949725 -0.140952  0.551800 0.302200 1 37 1.000000
0  -6.486742 -13.667315 -12.369273  -0.026084 0.988767 -0.147169  0.551800 0.363100 1 37 1.000000
0  -6.487939 -13.621637 -11.060871  -0.026105 0.996947 0.073586  0.502800 0.363100 1 37 1.000000
v_nailgun.tga
0  -4.859200 -13.624647 -12.370776  0.279562 0.949725 -0.140952  0.551800 0.302200 1 37 1.000000
0  -6.487939 -13.621637 -11.060871  -0.026105 0.996947 0.073586  0.502800 0.363100 1 37 1.000000
0  -4.860397 -13.578970 -11.062373  0.314058 0.933695 0.171994  0.502800 0.302200 1 37 1.000000
v_nailgun.tga
0  -4.619486 -14.470184 -11.525640  0.999574 0.029173 0.000596  0.119200 0.938400 1 37 1.000000
0  -4.641372 -13.729883 -11.056603  0.970041 0.038375 0.239890  0.098000 0.983100 1 37 1.000000
0  -4.622409 -14.370007 -11.031137  0.968590 0.038531 0.245658  0.097000 0.945600 1 37 1.000000
v_nailgun.tga
0  -4.856460 -13.721677 -12.734910  0.293712 0.887080 -0.356122  0.180200 0.990700 1 37 1.000000
0  -4.637882 -13.855499 -12.634980  0.587200 0.755510 -0.290517  0.172700 0.976700 1 37 1.000000
0  -4.634451 -13.975037 -12.853140  0.616782 0.660146 -0.428704  0.183200 0.968400 1 37 1.000000
v_nailgun.tga
0  -4.856460 -13.721677 -12.734910  0.293712 0.887080 -0.356122  0.180200 0.990700 1 37 1.000000
0  -4.634451 -13.975037 -12.853140  0.616782 0.660146 -0.428704  0.183200 0.968400 1 37 1.000000
0  -4.852397 -13.865385 -12.997851  0.310821 0.784472 -0.536650  0.194300 0.979400 1 37 1.000000
v_nailgun.tga
0  -4.856460 -13.721677 -12.734910  0.293712 0.887080 -0.356122  0.566200 0.302200 1 37 1.000000
0  -6.484201 -13.764349 -12.733407  -0.024694 0.928179 -0.371315  0.566200 0.363100 1 37 1.000000
0  -6.486742 -13.667315 -12.369273  -0.026084 0.988767 -0.147169  0.551800 0.363100 1 37 1.000000
v_nailgun.tga
0  -4.856460 -13.721677 -12.734910  0.293712 0.887080 -0.356122  0.566200 0.302200 1 37 1.000000
0  -6.486742 -13.667315 -12.369273  -0.026084 0.988767 -0.147169  0.551800 0.363100 1 37 1.000000
0  -4.859200 -13.624647 -12.370776  0.279562 0.949725 -0.140952  0.551800 0.302200 1 37 1.000000
v_nailgun.tga
0  -4.755549 -16.883797 -13.429716  0.735023 -0.304403 -0.605872  0.213300 0.797500 1 37 1.000000
0  -4.541547 -16.793242 -13.215650  0.729367 -0.352986 -0.586025  0.200500 0.802500 1 37 1.000000
0  -4.527407 -17.168959 -12.614861  0.964218 -0.089204 -0.249651  0.175300 0.780300 1 37 1.000000
v_nailgun.tga
0  -4.755549 -16.883797 -13.429716  0.735023 -0.304403 -0.605872  0.213300 0.797500 1 37 1.000000
0  -4.527407 -17.168959 -12.614861  0.964218 -0.089204 -0.249651  0.175300 0.780300 1 37 1.000000
0  -4.741795 -17.260138 -12.829207  0.732655 -0.348775 -0.584442  0.188300 0.775300 1 37 1.000000
v_nailgun.tga
0  -4.836575 -14.408447 -13.515306  0.441862 0.420465 -0.792444  0.216600 0.939700 1 37 1.000000
0  -4.618917 -14.495671 -13.341558  0.660596 0.213468 -0.719753  0.204400 0.933900 1 37 1.000000
0  -4.541547 -16.793242 -13.215650  0.729367 -0.352986 -0.586025  0.200500 0.802500 1 37 1.000000
v_nailgun.tga
0  -4.836575 -14.408447 -13.515306  0.441862 0.420465 -0.792444  0.216600 0.939700 1 37 1.000000
0  -4.541547 -16.793242 -13.215650  0.729367 -0.352986 -0.586025  0.200500 0.802500 1 37 1.000000
0  -4.755549 -16.883797 -13.429716  0.735023 -0.304403 -0.605872  0.213300 0.797500 1 37 1.000000
v_nailgun.tga
0  -4.836575 -14.408447 -13.515306  0.441862 0.420465 -0.792444  0.216600 0.939700 1 37 1.000000
0  -4.845529 -14.104742 -13.281767  0.328197 0.654190 -0.681412  0.207700 0.961300 1 37 1.000000
0  -4.628129 -14.189732 -13.106897  0.644590 0.544846 -0.536326  0.194800 0.953800 1 37 1.000000
v_nailgun.tga
0  -4.836575 -14.408447 -13.515306  0.441862 0.420465 -0.792444  0.216600 0.939700 1 37 1.000000
0  -4.628129 -14.189732 -13.106897  0.644590 0.544846 -0.536326  0.194800 0.953800 1 37 1.000000
0  -4.618917 -14.495671 -13.341558  0.660596 0.213468 -0.719753  0.204400 0.933900 1 37 1.000000
v_nailgun.tga
0  -4.836575 -14.408447 -13.515306  0.441862 0.420465 -0.792444  0.611800 0.302200 1 37 1.000000
0  -6.466318 -14.451071 -13.513806  -0.016681 0.609317 -0.792752  0.611800 0.363100 1 37 1.000000
0  -6.474270 -14.147440 -13.280266  -0.018766 0.690703 -0.722895  0.594300 0.363100 1 37 1.000000
v_nailgun.tga
0  -4.836575 -14.408447 -13.515306  0.441862 0.420465 -0.792444  0.611800 0.302200 1 37 1.000000
0  -6.474270 -14.147440 -13.280266  -0.018766 0.690703 -0.722895  0.594300 0.363100 1 37 1.000000
0  -4.845529 -14.104742 -13.281767  0.328197 0.654190 -0.681412  0.594300 0.302200 1 37 1.000000
v_nailgun.tga
0  -4.852397 -13.865385 -12.997851  0.310821 0.784472 -0.536650  0.578300 0.302200 1 37 1.000000
0  -6.480437 -13.908064 -12.996349  -0.022152 0.824759 -0.565050  0.578300 0.363100 1 37 1.000000
0  -6.484201 -13.764349 -12.733407  -0.024694 0.928179 -0.371315  0.566200 0.363100 1 37 1.000000
v_nailgun.tga
0  -4.852397 -13.865385 -12.997851  0.310821 0.784472 -0.536650  0.578300 0.302200 1 37 1.000000
0  -6.484201 -13.764349 -12.733407  -0.024694 0.928179 -0.371315  0.566200 0.363100 1 37 1.000000
0  -4.856460 -13.721677 -12.734910  0.293712 0.887080 -0.356122  0.566200 0.302200 1 37 1.000000
v_nailgun.tga
0  -4.668397 -19.157652 -12.761296  0.529746 0.514512 -0.674275  0.188000 0.674600 1 37 1.000000
0  -4.444574 -19.220566 -12.538060  0.951389 0.144814 -0.271822  0.175100 0.670100 1 37 1.000000
0  -4.436240 -19.416552 -12.782164  0.628206 0.677100 -0.383265  0.185400 0.659600 1 37 1.000000
v_nailgun.tga
0  -4.668397 -19.157652 -12.761296  0.529746 0.514512 -0.674275  0.188000 0.674600 1 37 1.000000
0  -4.436240 -19.416552 -12.782164  0.628206 0.677100 -0.383265  0.185400 0.659600 1 37 1.000000
0  -4.663356 -19.281427 -12.915667  0.323357 0.817147 -0.477191  0.193600 0.669200 1 37 1.000000
v_nailgun.tga
0  -4.741795 -17.260138 -12.829207  0.732655 -0.348775 -0.584442  0.188300 0.775300 1 37 1.000000
0  -4.527407 -17.168959 -12.614861  0.964218 -0.089204 -0.249651  0.175300 0.780300 1 37 1.000000
0  -4.444574 -19.220566 -12.538060  0.951389 0.144814 -0.271822  0.175100 0.670100 1 37 1.000000
v_nailgun.tga
0  -4.741795 -17.260138 -12.829207  0.732655 -0.348775 -0.584442  0.188300 0.775300 1 37 1.000000
0  -4.444574 -19.220566 -12.538060  0.951389 0.144814 -0.271822  0.175100 0.670100 1 37 1.000000
0  -4.668397 -19.157652 -12.761296  0.529746 0.514512 -0.674275  0.188000 0.674600 1 37 1.000000
v_nailgun.tga
0  -4.663356 -19.281427 -12.915667  0.323357 0.817147 -0.477191  0.193600 0.669200 1 37 1.000000
0  -4.436240 -19.416552 -12.782164  0.628206 0.677100 -0.383265  0.185400 0.659600 1 37 1.000000
0  -4.430649 -19.549860 -13.135323  0.585882 0.769946 -0.252836  0.199500 0.652600 1 37 1.000000
v_nailgun.tga
0  -4.663356 -19.281427 -12.915667  0.323357 0.817147 -0.477191  0.193600 0.669200 1 37 1.000000
0  -4.430649 -19.549860 -13.135323  0.585882 0.769946 -0.252836  0.199500 0.652600 1 37 1.000000
0  -4.659278 -19.383659 -13.140433  0.295169 0.908591 -0.295528  0.203100 0.664300 1 37 1.000000
v_nailgun.tga
0  -4.663356 -19.281427 -12.915667  0.323357 0.817147 -0.477191  0.972200 0.957000 1 37 1.000000
0  -6.339982 -19.325277 -12.914167  -0.022796 0.851313 -0.524162  0.959700 0.957000 1 37 1.000000
0  -6.343122 -19.201553 -12.759793  -0.020990 0.779916 -0.625533  0.959700 0.955300 1 37 1.000000
v_nailgun.tga
0  -4.663356 -19.281427 -12.915667  0.323357 0.817147 -0.477191  0.972200 0.957000 1 37 1.000000
0  -6.343122 -19.201553 -12.759793  -0.020990 0.779916 -0.625533  0.959700 0.955300 1 37 1.000000
0  -4.668397 -19.157652 -12.761296  0.529746 0.514512 -0.674275  0.972200 0.955300 1 37 1.000000
v_nailgun.tga
0  -4.657678 -19.425680 -13.350193  0.690044 0.009937 -0.723699  0.212000 0.659700 1 37 1.000000
0  -4.430649 -19.549860 -13.135323  0.690241 0.010023 -0.723510  0.199500 0.652600 1 37 1.000000
0  -4.383268 -20.599047 -13.104654  0.689512 0.009706 -0.724209  0.198500 0.600500 1 37 1.000000
v_nailgun.tga
0  -4.657678 -19.425680 -13.350193  0.690044 0.009937 -0.723699  0.212000 0.659700 1 37 1.000000
0  -4.383268 -20.599047 -13.104654  0.689512 0.009706 -0.724209  0.198500 0.600500 1 37 1.000000
0  -4.609220 -20.561811 -13.319191  0.689353 0.009637 -0.724362  0.210500 0.600600 1 37 1.000000
v_nailgun.tga
0  -4.657678 -19.425680 -13.350193  0.220749 0.956658 -0.189937  0.972200 0.960500 1 37 1.000000
0  -6.336304 -19.469578 -13.348595  -0.025874 0.980246 -0.196082  0.959700 0.960500 1 37 1.000000
0  -6.337301 -19.427647 -13.138831  -0.025232 0.951228 -0.307455  0.959700 0.958900 1 37 1.000000
v_nailgun.tga
0  -4.657678 -19.425680 -13.350193  0.220749 0.956658 -0.189937  0.972200 0.960500 1 37 1.000000
0  -6.337301 -19.427647 -13.138831  -0.025232 0.951228 -0.307455  0.959700 0.958900 1 37 1.000000
0  -4.659278 -19.383659 -13.140433  0.295169 0.908591 -0.295528  0.972200 0.958900 1 37 1.000000
v_nailgun.tga
0  -4.659278 -19.383659 -13.140433  0.295169 0.908591 -0.295528  0.203100 0.664300 1 37 1.000000
0  -4.430649 -19.549860 -13.135323  0.585882 0.769946 -0.252836  0.199500 0.652600 1 37 1.000000
0  -4.657678 -19.425680 -13.350193  0.220749 0.956658 -0.189937  0.212000 0.659700 1 37 1.000000
v_nailgun.tga
0  -4.659278 -19.383659 -13.140433  0.295169 0.908591 -0.295528  0.972200 0.958900 1 37 1.000000
0  -6.337301 -19.427647 -13.138831  -0.025232 0.951228 -0.307455  0.959700 0.958900 1 37 1.000000
0  -6.339982 -19.325277 -12.914167  -0.022796 0.851313 -0.524162  0.959700 0.957000 1 37 1.000000
v_nailgun.tga
0  -4.659278 -19.383659 -13.140433  0.295169 0.908591 -0.295528  0.972200 0.958900 1 37 1.000000
0  -6.339982 -19.325277 -12.914167  -0.022796 0.851313 -0.524162  0.959700 0.957000 1 37 1.000000
0  -4.663356 -19.281427 -12.915667  0.323357 0.817147 -0.477191  0.972200 0.957000 1 37 1.000000
v_nailgun.tga
0  -4.376365 -20.736609 -12.348488  0.917007 0.040054 -0.396855  0.169400 0.590600 1 37 1.000000
0  -4.444574 -19.220566 -12.538060  0.951389 0.144814 -0.271822  0.175100 0.670100 1 37 1.000000
0  -4.527407 -17.168959 -12.614861  0.964218 -0.089204 -0.249651  0.175300 0.780300 1 37 1.000000
v_nailgun.tga
0  -4.376365 -20.736609 -12.348488  0.917007 0.040054 -0.396855  0.169400 0.590600 1 37 1.000000
0  -4.527407 -17.168959 -12.614861  0.964218 -0.089204 -0.249651  0.175300 0.780300 1 37 1.000000
0  -4.601478 -15.047079 -12.316878  0.999484 0.031831 -0.004212  0.158900 0.898400 1 37 1.000000
v_nailgun.tga
0  -4.376365 -20.736609 -12.348488  0.917007 0.040054 -0.396855  0.169400 0.590600 1 37 1.000000
0  -4.383268 -20.599047 -13.104654  0.998986 0.045018 -0.000976  0.198500 0.600500 1 37 1.000000
0  -4.436240 -19.416552 -12.782164  0.998992 0.044867 -0.001489  0.185400 0.659600 1 37 1.000000
v_nailgun.tga
0  -4.376365 -20.736609 -12.348488  0.917007 0.040054 -0.396855  0.169400 0.590600 1 37 1.000000
0  -4.436240 -19.416552 -12.782164  0.998992 0.044867 -0.001489  0.185400 0.659600 1 37 1.000000
0  -4.444574 -19.220566 -12.538060  0.951389 0.144814 -0.271822  0.175100 0.670100 1 37 1.000000
v_nailgun.tga
0  -6.264357 -14.164315 -9.826281  0.088195 0.222969 0.970828  0.012500 0.954200 1 37 1.000000
0  -5.858701 -14.096161 -9.915742  0.266193 0.325256 0.907386  0.028500 0.958000 1 37 1.000000
0  -6.310679 -13.946263 -9.922088  0.030963 0.683871 0.728945  0.010800 0.966700 1 37 1.000000
v_nailgun.tga
0  -6.264357 -14.164315 -9.826281  0.088195 0.222969 0.970828  0.012500 0.954200 1 37 1.000000
0  -6.473285 -14.169779 -9.826080  -0.004951 0.225617 0.974203  0.004300 0.953800 1 37 1.000000
0  -6.467887 -14.375922 -9.817179  -0.000299 0.043255 0.999064  0.005200 0.942800 1 37 1.000000
v_nailgun.tga
0  -6.264357 -14.164315 -9.826281  0.088195 0.222969 0.970828  0.012500 0.954200 1 37 1.000000
0  -6.467887 -14.375922 -9.817179  -0.000299 0.043255 0.999064  0.005200 0.942800 1 37 1.000000
0  -6.258959 -14.370456 -9.817278  0.103952 0.046112 0.993513  0.013200 0.943400 1 37 1.000000
v_nailgun.tga
0  -4.618917 -14.495671 -13.341558  0.999468 0.032603 0.000650  0.204400 0.933900 1 37 1.000000
0  -4.628129 -14.189732 -13.106897  0.999508 0.031312 -0.001600  0.194800 0.953800 1 37 1.000000
0  -4.634451 -13.975037 -12.853140  0.999538 0.030391 -0.000810  0.183200 0.968400 1 37 1.000000
v_nailgun.tga
0  -4.618917 -14.495671 -13.341558  0.999468 0.032603 0.000650  0.204400 0.933900 1 37 1.000000
0  -4.634451 -13.975037 -12.853140  0.999538 0.030391 -0.000810  0.183200 0.968400 1 37 1.000000
0  -4.601478 -15.047079 -12.316878  0.999484 0.031831 -0.004212  0.158900 0.898400 1 37 1.000000
v_nailgun.tga
0  -4.845529 -14.104742 -13.281767  0.328197 0.654190 -0.681412  0.207700 0.961300 1 37 1.000000
0  -4.852397 -13.865385 -12.997851  0.310821 0.784472 -0.536650  0.194300 0.979400 1 37 1.000000
0  -4.634451 -13.975037 -12.853140  0.616782 0.660146 -0.428704  0.183200 0.968400 1 37 1.000000
v_nailgun.tga
0  -4.845529 -14.104742 -13.281767  0.328197 0.654190 -0.681412  0.207700 0.961300 1 37 1.000000
0  -4.634451 -13.975037 -12.853140  0.616782 0.660146 -0.428704  0.183200 0.968400 1 37 1.000000
0  -4.628129 -14.189732 -13.106897  0.644590 0.544846 -0.536326  0.194800 0.953800 1 37 1.000000
v_nailgun.tga
0  -4.845529 -14.104742 -13.281767  0.328197 0.654190 -0.681412  0.594300 0.302200 1 37 1.000000
0  -6.474270 -14.147440 -13.280266  -0.018766 0.690703 -0.722895  0.594300 0.363100 1 37 1.000000
0  -6.480437 -13.908064 -12.996349  -0.022152 0.824759 -0.565050  0.578300 0.363100 1 37 1.000000
v_nailgun.tga
0  -4.845529 -14.104742 -13.281767  0.328197 0.654190 -0.681412  0.594300 0.302200 1 37 1.000000
0  -6.480437 -13.908064 -12.996349  -0.022152 0.824759 -0.565050  0.578300 0.363100 1 37 1.000000
0  -4.852397 -13.865385 -12.997851  0.310821 0.784472 -0.536650  0.578300 0.302200 1 37 1.000000
v_nailgun.tga
0  -4.383268 -20.599047 -13.104654  0.998986 0.045018 -0.000976  0.198500 0.600500 1 37 1.000000
0  -4.430649 -19.549860 -13.135323  0.998983 0.045079 -0.001199  0.199500 0.652600 1 37 1.000000
0  -4.436240 -19.416552 -12.782164  0.998992 0.044867 -0.001489  0.185400 0.659600 1 37 1.000000
v_nailgun.tga
0  -4.044554 -31.956299 -10.130686  0.966458 0.074949 0.245646  0.087800 0.005300 1 37 1.000000
0  -4.099998 -31.282993 -10.405294  0.996731 0.080611 -0.005453  0.096200 0.047500 1 37 1.000000
0  -4.138192 -30.798548 -10.425744  0.992894 0.054240 -0.105926  0.096300 0.077300 1 37 1.000000
v_nailgun.tga
0  -4.044554 -31.956299 -10.130686  0.966458 0.074949 0.245646  0.087800 0.005300 1 37 1.000000
0  -4.138192 -30.798548 -10.425744  0.992894 0.054240 -0.105926  0.096300 0.077300 1 37 1.000000
0  -4.929203 -14.378019 -11.030538  0.868297 0.068845 0.491243  0.090100 0.934100 1 37 1.000000
v_nailgun.tga
0  -4.044554 -31.956299 -10.130686  0.966458 0.074949 0.245646  0.087800 0.005300 1 37 1.000000
0  -4.085829 -31.461178 -10.513731  0.996675 0.081452 -0.002114  0.100100 0.036700 1 37 1.000000
0  -4.091111 -31.393108 -10.400842  0.996692 0.081182 -0.003742  0.096200 0.040600 1 37 1.000000
v_nailgun.tga
0  -4.044554 -31.956299 -10.130686  0.966458 0.074949 0.245646  0.087800 0.005300 1 37 1.000000
0  -4.091111 -31.393108 -10.400842  0.996692 0.081182 -0.003742  0.096200 0.040600 1 37 1.000000
0  -4.099998 -31.282993 -10.405294  0.996731 0.080611 -0.005453  0.096200 0.047500 1 37 1.000000
v_nailgun.tga
0  -4.043003 -32.015476 -11.814245  0.996665 0.081577 -0.001949  0.144400 0.005200 1 37 1.000000
0  -4.084633 -31.506832 -11.812929  0.996665 0.081577 -0.001949  0.144500 0.036500 1 37 1.000000
0  -4.085829 -31.461178 -10.513731  0.996675 0.081452 -0.002114  0.100100 0.036700 1 37 1.000000
v_nailgun.tga
0  -4.043003 -32.015476 -11.814245  0.996665 0.081577 -0.001949  0.144400 0.005200 1 37 1.000000
0  -4.085829 -31.461178 -10.513731  0.996675 0.081452 -0.002114  0.100100 0.036700 1 37 1.000000
0  -4.044554 -31.956299 -10.130686  0.966458 0.074949 0.245646  0.087800 0.005300 1 37 1.000000
v_nailgun.tga
0  -3.648739 -32.005169 -11.814744  0.001335 -0.002472 0.999996  0.157700 0.005100 1 37 1.000000
0  -3.696364 -31.496681 -11.813427  0.001345 -0.002464 0.999996  0.157700 0.036500 1 37 1.000000
0  -4.084633 -31.506832 -11.812929  0.001338 -0.002470 0.999996  0.144500 0.036500 1 37 1.000000
v_nailgun.tga
0  -3.648739 -32.005169 -11.814744  0.001335 -0.002472 0.999996  0.157700 0.005100 1 37 1.000000
0  -4.084633 -31.506832 -11.812929  0.001338 -0.002470 0.999996  0.144500 0.036500 1 37 1.000000
0  -4.043003 -32.015476 -11.814245  0.001329 -0.002479 0.999996  0.144400 0.005200 1 37 1.000000
v_nailgun.tga
0  -3.648447 -32.016281 -12.133051  0.995639 0.093263 -0.002352  0.168400 0.005100 1 37 1.000000
0  -3.696075 -31.507732 -12.127034  0.995638 0.093273 -0.002370  0.168500 0.036500 1 37 1.000000
0  -3.696364 -31.496681 -11.813427  0.995638 0.093268 -0.002360  0.157700 0.036500 1 37 1.000000
v_nailgun.tga
0  -3.648447 -32.016281 -12.133051  0.995639 0.093263 -0.002352  0.168400 0.005100 1 37 1.000000
0  -3.696364 -31.496681 -11.813427  0.995638 0.093268 -0.002360  0.157700 0.036500 1 37 1.000000
0  -3.648739 -32.005169 -11.814744  0.995639 0.093258 -0.002342  0.157700 0.005100 1 37 1.000000
v_nailgun.tga
0  -4.103784 -31.268307 -11.812968  0.996900 0.078661 -0.001847  0.144800 0.051300 1 37 1.000000
0  -4.131929 -30.911636 -11.813839  0.996900 0.078661 -0.001847  0.144800 0.073300 1 37 1.000000
0  -4.133105 -30.866747 -10.536529  0.996900 0.078647 -0.002291  0.100200 0.073400 1 37 1.000000
v_nailgun.tga
0  -4.103784 -31.268307 -11.812968  0.996900 0.078661 -0.001847  0.144800 0.051300 1 37 1.000000
0  -4.133105 -30.866747 -10.536529  0.996900 0.078647 -0.002291  0.100200 0.073400 1 37 1.000000
0  -4.104971 -31.222961 -10.522666  0.996900 0.078636 -0.002496  0.100200 0.051400 1 37 1.000000
v_nailgun.tga
0  -4.104971 -31.222961 -10.522666  0.996900 0.078636 -0.002496  0.100200 0.051400 1 37 1.000000
0  -4.133105 -30.866747 -10.536529  0.996900 0.078647 -0.002291  0.100200 0.073400 1 37 1.000000
0  -4.138192 -30.798548 -10.425744  0.992894 0.054240 -0.105926  0.096300 0.077300 1 37 1.000000
v_nailgun.tga
0  -4.104971 -31.222961 -10.522666  0.996900 0.078636 -0.002496  0.100200 0.051400 1 37 1.000000
0  -4.138192 -30.798548 -10.425744  0.992894 0.054240 -0.105926  0.096300 0.077300 1 37 1.000000
0  -4.099998 -31.282993 -10.405294  0.996731 0.080611 -0.005453  0.096200 0.047500 1 37 1.000000
v_nailgun.tga
0  -3.717828 -31.269199 -12.124875  0.995984 0.089501 -0.002236  0.168900 0.051200 1 37 1.000000
0  -3.749875 -30.912521 -12.122647  0.995984 0.089501 -0.002237  0.169000 0.073300 1 37 1.000000
0  -3.750159 -30.901657 -11.814339  0.995984 0.089501 -0.002236  0.158200 0.073300 1 37 1.000000
v_nailgun.tga
0  -3.717828 -31.269199 -12.124875  0.995984 0.089501 -0.002236  0.168900 0.051200 1 37 1.000000
0  -3.750159 -30.901657 -11.814339  0.995984 0.089501 -0.002236  0.158200 0.073300 1 37 1.000000
0  -3.718115 -31.258228 -11.813468  0.995984 0.089502 -0.002235  0.158100 0.051300 1 37 1.000000
v_nailgun.tga
0  -3.718115 -31.258228 -11.813468  0.001234 0.002546 0.999996  0.158100 0.051300 1 37 1.000000
0  -3.750159 -30.901657 -11.814339  0.001242 0.002554 0.999996  0.158200 0.073300 1 37 1.000000
0  -4.131929 -30.911636 -11.813839  0.001233 0.002546 0.999996  0.144800 0.073300 1 37 1.000000
v_nailgun.tga
0  -3.718115 -31.258228 -11.813468  0.001234 0.002546 0.999996  0.158100 0.051300 1 37 1.000000
0  -4.131929 -30.911636 -11.813839  0.001233 0.002546 0.999996  0.144800 0.073300 1 37 1.000000
0  -4.103784 -31.268307 -11.812968  0.001225 0.002538 0.999996  0.144800 0.051300 1 37 1.000000
v_nailgun.tga
0  -4.091111 -31.393108 -10.400842  -0.000648 -0.040573 -0.999176  0.512400 0.262000 1 37 1.000000
0  -4.468981 -31.403091 -10.400439  0.000034 -0.041287 -0.999147  0.512400 0.250900 1 37 1.000000
0  -4.476669 -31.292847 -10.404995  0.000324 -0.040097 -0.999196  0.518300 0.250900 1 37 1.000000
v_nailgun.tga
0  -4.091111 -31.393108 -10.400842  -0.000648 -0.040573 -0.999176  0.512400 0.262000 1 37 1.000000
0  -4.476669 -31.292847 -10.404995  0.000324 -0.040097 -0.999196  0.518300 0.250900 1 37 1.000000
0  -4.099998 -31.282993 -10.405294  -0.001371 -0.042694 -0.999087  0.518200 0.262100 1 37 1.000000
v_nailgun.tga
0  -4.091111 -31.393108 -10.400842  -0.022840 0.855336 -0.517570  0.512400 0.262000 1 37 1.000000
0  -4.085829 -31.461178 -10.513731  -0.025306 0.958786 -0.283000  0.507600 0.261900 1 37 1.000000
0  -4.464399 -31.471081 -10.513432  -0.027168 0.958151 -0.284972  0.507600 0.250900 1 37 1.000000
v_nailgun.tga
0  -4.091111 -31.393108 -10.400842  -0.022840 0.855336 -0.517570  0.512400 0.262000 1 37 1.000000
0  -4.464399 -31.471081 -10.513432  -0.027168 0.958151 -0.284972  0.507600 0.250900 1 37 1.000000
0  -4.468981 -31.403091 -10.400439  -0.023165 0.856199 -0.516127  0.512400 0.250900 1 37 1.000000
v_nailgun.tga
0  -4.084633 -31.506832 -11.812929  -0.026162 0.999038 -0.035202  0.469900 0.261900 1 37 1.000000
0  -3.696364 -31.496681 -11.813427  -0.026164 0.999036 -0.035239  0.469900 0.273100 1 37 1.000000
0  -3.696075 -31.507732 -12.127034  -0.026164 0.999036 -0.035241  0.460700 0.273100 1 37 1.000000
v_nailgun.tga
0  -4.084633 -31.506832 -11.812929  -0.026162 0.999038 -0.035202  0.469900 0.261900 1 37 1.000000
0  -3.696075 -31.507732 -12.127034  -0.026164 0.999036 -0.035241  0.460700 0.273100 1 37 1.000000
0  -4.462914 -31.527790 -12.126334  -0.024652 0.999198 -0.031553  0.460800 0.250900 1 37 1.000000
v_nailgun.tga
0  -4.084633 -31.506832 -11.812929  -0.026162 0.999038 -0.035202  0.469900 0.261900 1 37 1.000000
0  -4.463203 -31.516735 -11.812630  -0.024185 0.999206 -0.031670  0.469900 0.250900 1 37 1.000000
0  -4.464399 -31.471081 -10.513432  -0.027168 0.958151 -0.284972  0.507600 0.250900 1 37 1.000000
v_nailgun.tga
0  -4.084633 -31.506832 -11.812929  -0.026162 0.999038 -0.035202  0.469900 0.261900 1 37 1.000000
0  -4.464399 -31.471081 -10.513432  -0.027168 0.958151 -0.284972  0.507600 0.250900 1 37 1.000000
0  -4.085829 -31.461178 -10.513731  -0.025306 0.958786 -0.283000  0.507600 0.261900 1 37 1.000000
v_nailgun.tga
0  -4.462914 -31.527790 -12.126334  -0.024652 0.999198 -0.031553  0.460800 0.250900 1 37 1.000000
0  -4.463203 -31.516735 -11.812630  -0.024185 0.999206 -0.031670  0.469900 0.250900 1 37 1.000000
0  -4.084633 -31.506832 -11.812929  -0.026162 0.999038 -0.035202  0.469900 0.261900 1 37 1.000000
v_nailgun.tga
0  -4.464399 -31.471081 -10.513432  -0.999977 0.005775 -0.003463  0.000000 1.000000 1 37 1.000000
0  -4.463203 -31.516735 -11.812630  -0.999984 0.003792 -0.004173  0.000000 1.000000 1 37 1.000000
0  -4.462914 -31.527790 -12.126334  -0.999952 0.009798 -0.000879  0.000000 1.000000 1 37 1.000000
v_nailgun.tga
0  -3.770947 -30.673208 -12.121614  0.996267 0.086299 -0.002120  0.168700 0.085200 1 37 1.000000
0  -3.800197 -30.335531 -12.121023  0.996267 0.086300 -0.002121  0.168500 0.106400 1 37 1.000000
0  -3.800477 -30.324841 -11.817612  0.996267 0.086299 -0.002120  0.156400 0.107000 1 37 1.000000
v_nailgun.tga
0  -3.770947 -30.673208 -12.121614  0.996267 0.086299 -0.002120  0.168700 0.085200 1 37 1.000000
0  -3.800477 -30.324841 -11.817612  0.996267 0.086299 -0.002120  0.156400 0.107000 1 37 1.000000
0  -3.771230 -30.662418 -11.815405  0.996267 0.086298 -0.002119  0.156900 0.085900 1 37 1.000000
v_nailgun.tga
0  -3.771230 -30.662418 -11.815405  0.001150 0.006630 0.999977  0.156900 0.085900 1 37 1.000000
0  -3.800477 -30.324841 -11.817612  0.001154 0.006637 0.999977  0.156400 0.107000 1 37 1.000000
0  -4.176248 -30.334663 -11.817112  0.001149 0.006629 0.999977  0.145200 0.107400 1 37 1.000000
v_nailgun.tga
0  -3.771230 -30.662418 -11.815405  0.001150 0.006630 0.999977  0.156900 0.085900 1 37 1.000000
0  -4.176248 -30.334663 -11.817112  0.001149 0.006629 0.999977  0.145200 0.107400 1 37 1.000000
0  -4.150499 -30.672333 -11.814905  0.001144 0.006622 0.999977  0.144000 0.086500 1 37 1.000000
v_nailgun.tga
0  -4.150499 -30.672333 -11.814905  0.997105 0.076023 -0.001755  0.144000 0.086500 1 37 1.000000
0  -4.176248 -30.334663 -11.817112  0.997104 0.076023 -0.001755  0.145200 0.107400 1 37 1.000000
0  -4.177405 -30.290476 -10.559988  0.997105 0.076014 -0.001861  0.100800 0.108900 1 37 1.000000
v_nailgun.tga
0  -4.150499 -30.672333 -11.814905  0.997105 0.076023 -0.001755  0.144000 0.086500 1 37 1.000000
0  -4.177405 -30.290476 -10.559988  0.997105 0.076014 -0.001861  0.100800 0.108900 1 37 1.000000
0  -4.151668 -30.627737 -10.546089  0.997101 0.076065 -0.002085  0.100000 0.087700 1 37 1.000000
v_nailgun.tga
0  -4.151668 -30.627737 -10.546089  0.997101 0.076065 -0.002085  0.100000 0.087700 1 37 1.000000
0  -4.177405 -30.290476 -10.559988  0.997105 0.076014 -0.001861  0.100800 0.108900 1 37 1.000000
0  -4.182394 -30.222237 -10.451007  0.997103 0.076036 -0.002058  0.096400 0.112800 1 37 1.000000
v_nailgun.tga
0  -4.151668 -30.627737 -10.546089  0.997101 0.076065 -0.002085  0.100000 0.087700 1 37 1.000000
0  -4.182394 -30.222237 -10.451007  0.997103 0.076036 -0.002058  0.096400 0.112800 1 37 1.000000
0  -4.146788 -30.688032 -10.430511  0.997096 0.076113 -0.002391  0.096300 0.084100 1 37 1.000000
v_nailgun.tga
0  -4.138192 -30.798548 -10.425744  0.237428 -0.025478 -0.971071  0.096300 0.077300 1 37 1.000000
0  -4.182394 -30.222237 -10.451007  0.162071 -0.031408 -0.986279  0.096400 0.112800 1 37 1.000000
0  -4.929203 -14.378019 -11.030538  0.256341 -0.023259 -0.966306  0.090100 0.934100 1 37 1.000000
v_nailgun.tga
0  -4.138192 -30.798548 -10.425744  -0.021282 0.851176 -0.524448  0.974200 0.240100 1 37 1.000000
0  -4.133105 -30.866747 -10.536529  -0.025272 0.957460 -0.287458  0.974200 0.235400 1 37 1.000000
0  -4.505278 -30.876480 -10.536228  -0.024663 0.956719 -0.289966  0.985200 0.235300 1 37 1.000000
v_nailgun.tga
0  -4.138192 -30.798548 -10.425744  -0.021282 0.851176 -0.524448  0.974200 0.240100 1 37 1.000000
0  -4.505278 -30.876480 -10.536228  -0.024663 0.956719 -0.289966  0.985200 0.235300 1 37 1.000000
0  -4.509765 -30.808264 -10.425344  -0.022819 0.851106 -0.524498  0.985300 0.240100 1 37 1.000000
v_nailgun.tga
0  -4.503817 -30.932240 -12.121946  -0.025799 0.999142 -0.032383  0.984700 0.188400 1 37 1.000000
0  -4.504102 -30.921371 -11.813540  -0.026163 0.999135 -0.032307  0.984800 0.197500 1 37 1.000000
0  -4.131929 -30.911636 -11.813839  -0.026160 0.999038 -0.035200  0.973800 0.197600 1 37 1.000000
v_nailgun.tga
0  -4.503817 -30.932240 -12.121946  -0.025799 0.999142 -0.032383  0.984700 0.188400 1 37 1.000000
0  -4.131929 -30.911636 -11.813839  -0.026160 0.999038 -0.035200  0.973800 0.197600 1 37 1.000000
0  -3.749875 -30.912521 -12.122647  -0.026161 0.999037 -0.035224  0.962400 0.188600 1 37 1.000000
v_nailgun.tga
0  -3.749875 -30.912521 -12.122647  -0.026161 0.999037 -0.035224  0.962400 0.188600 1 37 1.000000
0  -4.131929 -30.911636 -11.813839  -0.026160 0.999038 -0.035200  0.973800 0.197600 1 37 1.000000
0  -3.750159 -30.901657 -11.814339  -0.026160 0.999037 -0.035211  0.962600 0.197800 1 37 1.000000
v_nailgun.tga
0  -4.131929 -30.911636 -11.813839  -0.026160 0.999038 -0.035200  0.973800 0.197600 1 37 1.000000
0  -4.504102 -30.921371 -11.813540  -0.026163 0.999135 -0.032307  0.984800 0.197500 1 37 1.000000
0  -4.505278 -30.876480 -10.536228  -0.024663 0.956719 -0.289966  0.985200 0.235300 1 37 1.000000
v_nailgun.tga
0  -4.131929 -30.911636 -11.813839  -0.026160 0.999038 -0.035200  0.973800 0.197600 1 37 1.000000
0  -4.505278 -30.876480 -10.536228  -0.024663 0.956719 -0.289966  0.985200 0.235300 1 37 1.000000
0  -4.133105 -30.866747 -10.536529  -0.025272 0.957460 -0.287458  0.974200 0.235400 1 37 1.000000
v_nailgun.tga
0  -4.505278 -30.876480 -10.536228  -0.998616 -0.052594 -0.000477  0.000000 1.000000 1 37 1.000000
0  -4.504102 -30.921371 -11.813540  -0.998682 -0.051273 -0.002327  0.000000 1.000000 1 37 1.000000
0  -4.503817 -30.932240 -12.121946  -0.998760 -0.049686 0.002961  0.000000 1.000000 1 37 1.000000
v_nailgun.tga
0  -4.182394 -30.222237 -10.451007  0.162071 -0.031408 -0.986279  0.981500 0.958600 1 37 1.000000
0  -4.548068 -30.231802 -10.450707  0.000352 -0.044825 -0.998995  0.976500 0.959000 1 37 1.000000
0  -4.555273 -30.120958 -10.455684  0.000218 -0.045328 -0.998972  0.976500 0.956800 1 37 1.000000
v_nailgun.tga
0  -4.182394 -30.222237 -10.451007  0.162071 -0.031408 -0.986279  0.981500 0.958600 1 37 1.000000
0  -4.555273 -30.120958 -10.455684  0.000218 -0.045328 -0.998972  0.976500 0.956800 1 37 1.000000
0  -4.190697 -30.111425 -10.456084  0.210061 -0.029040 -0.977257  0.980400 0.956300 1 37 1.000000
v_nailgun.tga
0  -4.182394 -30.222237 -10.451007  -0.022692 0.846827 -0.531384  0.981500 0.958600 1 37 1.000000
0  -4.177405 -30.290476 -10.559988  -0.025325 0.956370 -0.291060  0.982200 0.961100 1 37 1.000000
0  -4.543780 -30.300056 -10.559588  -0.025266 0.955120 -0.295139  0.976500 0.961200 1 37 1.000000
v_nailgun.tga
0  -4.182394 -30.222237 -10.451007  -0.022692 0.846827 -0.531384  0.981500 0.958600 1 37 1.000000
0  -4.543780 -30.300056 -10.559588  -0.025266 0.955120 -0.295139  0.976500 0.961200 1 37 1.000000
0  -4.548068 -30.231802 -10.450707  -0.022585 0.846676 -0.531630  0.976500 0.959000 1 37 1.000000
v_nailgun.tga
0  -4.542343 -30.354940 -12.120323  -0.026241 0.999035 -0.035232  0.976500 0.987700 1 37 1.000000
0  -4.542522 -30.344242 -11.816812  -0.135505 0.990157 -0.035044  0.976500 0.982500 1 37 1.000000
0  -4.176248 -30.334663 -11.817112  -0.026159 0.999038 -0.035200  0.982800 0.982400 1 37 1.000000
v_nailgun.tga
0  -4.542343 -30.354940 -12.120323  -0.026241 0.999035 -0.035232  0.976500 0.987700 1 37 1.000000
0  -4.176248 -30.334663 -11.817112  -0.026159 0.999038 -0.035200  0.982800 0.982400 1 37 1.000000
0  -3.800197 -30.335531 -12.121023  -0.026161 0.999037 -0.035236  0.989300 0.987600 1 37 1.000000
v_nailgun.tga
0  -3.800197 -30.335531 -12.121023  -0.026161 0.999037 -0.035236  0.989300 0.987600 1 37 1.000000
0  -4.176248 -30.334663 -11.817112  -0.026159 0.999038 -0.035200  0.982800 0.982400 1 37 1.000000
0  -3.800477 -30.324841 -11.817612  -0.026162 0.999036 -0.035248  0.989200 0.982400 1 37 1.000000
v_nailgun.tga
0  -4.176248 -30.334663 -11.817112  -0.026159 0.999038 -0.035200  0.982800 0.982400 1 37 1.000000
0  -4.542522 -30.344242 -11.816812  -0.135505 0.990157 -0.035044  0.976500 0.982500 1 37 1.000000
0  -4.543780 -30.300056 -10.559588  -0.025266 0.955120 -0.295139  0.976500 0.961200 1 37 1.000000
v_nailgun.tga
0  -4.176248 -30.334663 -11.817112  -0.026159 0.999038 -0.035200  0.982800 0.982400 1 37 1.000000
0  -4.543780 -30.300056 -10.559588  -0.025266 0.955120 -0.295139  0.976500 0.961200 1 37 1.000000
0  -4.177405 -30.290476 -10.559988  -0.025325 0.956370 -0.291060  0.982200 0.961100 1 37 1.000000
v_nailgun.tga
0  -4.543780 -30.300056 -10.559588  -0.025266 0.955120 -0.295139  0.000000 1.000000 1 37 1.000000
0  -4.542522 -30.344242 -11.816812  -0.135505 0.990157 -0.035044  0.000000 1.000000 1 37 1.000000
0  -4.542343 -30.354940 -12.120323  -0.026241 0.999035 -0.035232  0.000000 1.000000 1 37 1.000000
v_nailgun.tga
0  -6.473285 -14.169779 -9.826080  -0.004951 0.225617 0.974203  0.004300 0.953800 1 37 1.000000
0  -6.683212 -14.175269 -9.825880  -0.098260 0.218144 0.970957  0.012500 0.954200 1 37 1.000000
0  -6.677912 -14.381516 -9.816975  -0.104669 0.040263 0.993692  0.013200 0.943400 1 37 1.000000
v_nailgun.tga
0  -6.473285 -14.169779 -9.826080  -0.004951 0.225617 0.974203  0.004300 0.953800 1 37 1.000000
0  -6.677912 -14.381516 -9.816975  -0.104669 0.040263 0.993692  0.013200 0.943400 1 37 1.000000
0  -6.467887 -14.375922 -9.817179  -0.000299 0.043255 0.999064  0.005200 0.942800 1 37 1.000000
v_nailgun.tga
0  -6.487939 -13.621637 -11.060871  -0.026105 0.996947 0.073586  0.502800 0.363100 1 37 1.000000
0  -8.115976 -13.664420 -11.059465  -0.359868 0.918338 0.164772  0.502800 0.302200 1 37 1.000000
0  -7.852312 -13.732159 -10.654714  -0.271368 0.878071 0.394145  0.487100 0.312000 1 37 1.000000
v_nailgun.tga
0  -6.487939 -13.621637 -11.060871  -0.026105 0.996947 0.073586  0.502800 0.363100 1 37 1.000000
0  -7.852312 -13.732159 -10.654714  -0.271368 0.878071 0.394145  0.487100 0.312000 1 37 1.000000
0  -6.485485 -13.696211 -10.655920  -0.025403 0.976146 0.215622  0.487100 0.363000 1 37 1.000000
v_nailgun.tga
0  -6.485485 -13.696211 -10.655920  -0.025403 0.976146 0.215622  0.487100 0.363000 1 37 1.000000
0  -7.852312 -13.732159 -10.654714  -0.271368 0.878071 0.394145  0.487100 0.312000 1 37 1.000000
0  -7.537512 -13.804489 -10.342312  -0.217404 0.836542 0.502925  0.474700 0.323700 1 37 1.000000
v_nailgun.tga
0  -6.485485 -13.696211 -10.655920  -0.025403 0.976146 0.215622  0.487100 0.363000 1 37 1.000000
0  -7.537512 -13.804489 -10.342312  -0.217404 0.836542 0.502925  0.474700 0.323700 1 37 1.000000
0  -6.483475 -13.776824 -10.343315  -0.024773 0.954486 0.297226  0.474700 0.363000 1 37 1.000000
v_nailgun.tga
0  -6.483475 -13.776824 -10.343315  -0.024773 0.954486 0.297226  0.474700 0.363000 1 37 1.000000
0  -7.537512 -13.804489 -10.342312  -0.217404 0.836542 0.502925  0.474700 0.323700 1 37 1.000000
0  -7.142563 -13.885271 -10.094083  -0.155224 0.776767 0.610359  0.464200 0.338400 1 37 1.000000
v_nailgun.tga
0  -6.483475 -13.776824 -10.343315  -0.024773 0.954486 0.297226  0.474700 0.363000 1 37 1.000000
0  -7.142563 -13.885271 -10.094083  -0.155224 0.776767 0.610359  0.464200 0.338400 1 37 1.000000
0  -6.481091 -13.867871 -10.094685  -0.023870 0.921125 0.388533  0.464200 0.363000 1 37 1.000000
v_nailgun.tga
0  -6.481091 -13.867871 -10.094685  -0.023870 0.921125 0.388533  0.464200 0.363000 1 37 1.000000
0  -7.142563 -13.885271 -10.094083  -0.155224 0.776767 0.610359  0.464200 0.338400 1 37 1.000000
0  -6.648365 -13.955095 -9.921789  -0.062869 0.681737 0.728891  0.456400 0.356800 1 37 1.000000
v_nailgun.tga
0  -6.481091 -13.867871 -10.094685  -0.023870 0.921125 0.388533  0.464200 0.363000 1 37 1.000000
0  -6.648365 -13.955095 -9.921789  -0.062869 0.681737 0.728891  0.456400 0.356800 1 37 1.000000
0  -6.478922 -13.950663 -9.921889  -0.017541 0.694415 0.719360  0.456400 0.363000 1 37 1.000000
v_nailgun.tga
0  -6.337301 -19.427647 -13.138831  -0.025232 0.951228 -0.307455  0.959700 0.958900 1 37 1.000000
0  -8.014624 -19.471720 -13.137425  -0.025281 0.951262 -0.307346  0.972200 0.958900 1 37 1.000000
0  -8.015804 -19.369308 -12.912662  -0.022834 0.851556 -0.523766  0.972200 0.957000 1 37 1.000000
v_nailgun.tga
0  -6.337301 -19.427647 -13.138831  -0.025232 0.951228 -0.307455  0.959700 0.958900 1 37 1.000000
0  -8.015804 -19.369308 -12.912662  -0.022834 0.851556 -0.523766  0.972200 0.957000 1 37 1.000000
0  -6.339982 -19.325277 -12.914167  -0.022796 0.851313 -0.524162  0.959700 0.957000 1 37 1.000000
v_nailgun.tga
0  -6.336304 -19.469578 -13.348595  -0.025874 0.980246 -0.196082  0.959700 0.960500 1 37 1.000000
0  -8.014023 -19.513765 -13.347186  -0.025980 0.980152 -0.196536  0.972200 0.960500 1 37 1.000000
0  -8.014624 -19.471720 -13.137425  -0.025281 0.951262 -0.307346  0.972200 0.958900 1 37 1.000000
v_nailgun.tga
0  -6.336304 -19.469578 -13.348595  -0.025874 0.980246 -0.196082  0.959700 0.960500 1 37 1.000000
0  -8.014624 -19.471720 -13.137425  -0.025281 0.951262 -0.307346  0.972200 0.958900 1 37 1.000000
0  -6.337301 -19.427647 -13.138831  -0.025232 0.951228 -0.307455  0.959700 0.958900 1 37 1.000000
v_nailgun.tga
0  -6.339982 -19.325277 -12.914167  -0.022796 0.851313 -0.524162  0.959700 0.957000 1 37 1.000000
0  -8.015804 -19.369308 -12.912662  -0.022834 0.851556 -0.523766  0.972200 0.957000 1 37 1.000000
0  -8.017244 -19.245544 -12.758389  -0.021000 0.780057 -0.625356  0.972200 0.955300 1 37 1.000000
v_nailgun.tga
0  -6.339982 -19.325277 -12.914167  -0.022796 0.851313 -0.524162  0.959700 0.957000 1 37 1.000000
0  -8.017244 -19.245544 -12.758389  -0.021000 0.780057 -0.625356  0.972200 0.955300 1 37 1.000000
0  -6.343122 -19.201553 -12.759793  -0.020990 0.779916 -0.625533  0.959700 0.955300 1 37 1.000000
v_nailgun.tga
0  -6.480437 -13.908064 -12.996349  -0.022152 0.824759 -0.565050  0.578300 0.363100 1 37 1.000000
0  -8.108776 -13.950855 -12.994944  -0.352341 0.766705 -0.536675  0.578300 0.302200 1 37 1.000000
0  -8.112339 -13.807135 -12.732002  -0.338247 0.870088 -0.358518  0.566200 0.302200 1 37 1.000000
v_nailgun.tga
0  -6.480437 -13.908064 -12.996349  -0.022152 0.824759 -0.565050  0.578300 0.363100 1 37 1.000000
0  -8.112339 -13.807135 -12.732002  -0.338247 0.870088 -0.358518  0.566200 0.302200 1 37 1.000000
0  -6.484201 -13.764349 -12.733407  -0.024694 0.928179 -0.371315  0.566200 0.363100 1 37 1.000000
v_nailgun.tga
0  -6.474270 -14.147440 -13.280266  -0.018766 0.690703 -0.722895  0.594300 0.363100 1 37 1.000000
0  -8.103107 -14.190244 -13.278860  -0.363189 0.635829 -0.681040  0.594300 0.302200 1 37 1.000000
0  -8.108776 -13.950855 -12.994944  -0.352341 0.766705 -0.536675  0.578300 0.302200 1 37 1.000000
v_nailgun.tga
0  -6.474270 -14.147440 -13.280266  -0.018766 0.690703 -0.722895  0.594300 0.363100 1 37 1.000000
0  -8.108776 -13.950855 -12.994944  -0.352341 0.766705 -0.536675  0.578300 0.302200 1 37 1.000000
0  -6.480437 -13.908064 -12.996349  -0.022152 0.824759 -0.565050  0.578300 0.363100 1 37 1.000000
v_nailgun.tga
0  -6.466318 -14.451071 -13.513806  -0.016681 0.609317 -0.792752  0.611800 0.363100 1 37 1.000000
0  -8.096056 -14.493899 -13.512401  -0.361768 0.563060 -0.743026  0.611800 0.302200 1 37 1.000000
0  -8.103107 -14.190244 -13.278860  -0.363189 0.635829 -0.681040  0.594300 0.302200 1 37 1.000000
v_nailgun.tga
0  -6.466318 -14.451071 -13.513806  -0.016681 0.609317 -0.792752  0.611800 0.363100 1 37 1.000000
0  -8.103107 -14.190244 -13.278860  -0.363189 0.635829 -0.681040  0.594300 0.302200 1 37 1.000000
0  -6.474270 -14.147440 -13.280266  -0.018766 0.690703 -0.722895  0.594300 0.363100 1 37 1.000000
v_nailgun.tga
0  -6.484201 -13.764349 -12.733407  -0.024694 0.928179 -0.371315  0.566200 0.363100 1 37 1.000000
0  -8.112339 -13.807135 -12.732002  -0.338247 0.870088 -0.358518  0.566200 0.302200 1 37 1.000000
0  -8.114679 -13.710095 -12.367867  -0.326820 0.934898 -0.138402  0.551800 0.302200 1 37 1.000000
v_nailgun.tga
0  -6.484201 -13.764349 -12.733407  -0.024694 0.928179 -0.371315  0.566200 0.363100 1 37 1.000000
0  -8.114679 -13.710095 -12.367867  -0.326820 0.934898 -0.138402  0.551800 0.302200 1 37 1.000000
0  -6.486742 -13.667315 -12.369273  -0.026084 0.988767 -0.147169  0.551800 0.363100 1 37 1.000000
v_nailgun.tga
0  -6.486742 -13.667315 -12.369273  -0.026084 0.988767 -0.147169  0.551800 0.363100 1 37 1.000000
0  -8.114679 -13.710095 -12.367867  -0.326820 0.934898 -0.138402  0.551800 0.302200 1 37 1.000000
0  -8.115976 -13.664420 -11.059465  -0.359868 0.918338 0.164772  0.502800 0.302200 1 37 1.000000
v_nailgun.tga
0  -6.486742 -13.667315 -12.369273  -0.026084 0.988767 -0.147169  0.551800 0.363100 1 37 1.000000
0  -8.115976 -13.664420 -11.059465  -0.359868 0.918338 0.164772  0.502800 0.302200 1 37 1.000000
0  -6.487939 -13.621637 -11.060871  -0.026105 0.996947 0.073586  0.502800 0.363100 1 37 1.000000
v_nailgun.tga
0  -6.478922 -13.950663 -9.921889  -0.017541 0.694415 0.719360  0.003900 0.966500 1 37 1.000000
0  -6.648365 -13.955095 -9.921789  -0.062869 0.681737 0.728891  0.010800 0.966700 1 37 1.000000
0  -6.683212 -14.175269 -9.825880  -0.098260 0.218144 0.970957  0.012500 0.954200 1 37 1.000000
v_nailgun.tga
0  -6.478922 -13.950663 -9.921889  -0.017541 0.694415 0.719360  0.003900 0.966500 1 37 1.000000
0  -6.683212 -14.175269 -9.825880  -0.098260 0.218144 0.970957  0.012500 0.954200 1 37 1.000000
0  -6.473285 -14.169779 -9.826080  -0.004951 0.225617 0.974203  0.004300 0.953800 1 37 1.000000
v_nailgun.tga
0  -6.468082 -14.383737 -10.037840  -0.000908 0.067099 0.997746  0.006000 0.934400 1 37 1.000000
0  -6.643922 -14.388335 -10.037640  -0.105167 0.064364 0.992369  0.013600 0.934400 1 37 1.000000
0  -6.243872 -31.969124 -8.854971  -0.105348 0.064360 0.992351  0.011500 0.005500 1 37 1.000000
v_nailgun.tga
0  -6.468082 -14.383737 -10.037840  -0.000908 0.067099 0.997746  0.006000 0.934400 1 37 1.000000
0  -6.243872 -31.969124 -8.854971  -0.105348 0.064360 0.992351  0.011500 0.005500 1 37 1.000000
0  -6.021851 -31.963215 -8.855174  -0.000872 0.067100 0.997746  0.003900 0.005500 1 37 1.000000
v_nailgun.tga
0  -6.677912 -14.381516 -9.816975  -0.104669 0.040263 0.993692  0.013200 0.943400 1 37 1.000000
0  -6.683212 -14.175269 -9.825880  -0.098260 0.218144 0.970957  0.012500 0.954200 1 37 1.000000
0  -7.091855 -14.129313 -9.914612  -0.278487 0.279159 0.918975  0.028500 0.958000 1 37 1.000000
v_nailgun.tga
0  -6.677912 -14.381516 -9.816975  -0.104669 0.040263 0.993692  0.013200 0.943400 1 37 1.000000
0  -7.091855 -14.129313 -9.914612  -0.278487 0.279159 0.918975  0.028500 0.958000 1 37 1.000000
0  -7.085294 -14.395193 -9.903122  -0.308970 0.033250 0.950490  0.029400 0.943800 1 37 1.000000
v_nailgun.tga
0  -6.648365 -13.955095 -9.921789  -0.062869 0.681737 0.728891  0.010800 0.966700 1 37 1.000000
0  -7.091855 -14.129313 -9.914612  -0.278487 0.279159 0.918975  0.028500 0.958000 1 37 1.000000
0  -6.683212 -14.175269 -9.825880  -0.098260 0.218144 0.970957  0.012500 0.954200 1 37 1.000000
v_nailgun.tga
0  -6.988237 -14.399897 -10.110496  -0.309813 0.057391 0.949064  0.028800 0.934400 1 37 1.000000
0  -6.686335 -31.983982 -8.948613  -0.309607 0.057401 0.949131  0.026700 0.005500 1 37 1.000000
0  -6.243872 -31.969124 -8.854971  -0.105348 0.064360 0.992351  0.011500 0.005500 1 37 1.000000
v_nailgun.tga
0  -6.988237 -14.399897 -10.110496  -0.309813 0.057391 0.949064  0.028800 0.934400 1 37 1.000000
0  -6.243872 -31.969124 -8.854971  -0.105348 0.064360 0.992351  0.011500 0.005500 1 37 1.000000
0  -6.643922 -14.388335 -10.037640  -0.105167 0.064364 0.992369  0.013600 0.934400 1 37 1.000000
v_nailgun.tga
0  -7.309694 -14.413406 -10.253406  -0.500767 0.049103 0.864188  0.044100 0.934400 1 37 1.000000
0  -7.099322 -32.001305 -9.132099  -0.500518 0.049117 0.864332  0.042000 0.005400 1 37 1.000000
0  -6.686335 -31.983982 -8.948613  -0.309607 0.057401 0.949131  0.026700 0.005500 1 37 1.000000
v_nailgun.tga
0  -7.309694 -14.413406 -10.253406  -0.500767 0.049103 0.864188  0.044100 0.934400 1 37 1.000000
0  -6.686335 -31.983982 -8.948613  -0.309607 0.057401 0.949131  0.026700 0.005500 1 37 1.000000
0  -6.988237 -14.399897 -10.110496  -0.309813 0.057391 0.949064  0.028800 0.934400 1 37 1.000000
v_nailgun.tga
0  -7.594307 -14.428076 -10.459980  -0.669931 0.039848 0.741353  0.059400 0.934300 1 37 1.000000
0  -7.465052 -32.020260 -9.397633  -0.669590 0.039870 0.741660  0.057200 0.005400 1 37 1.000000
0  -7.099322 -32.001305 -9.132099  -0.500518 0.049117 0.864332  0.042000 0.005400 1 37 1.000000
v_nailgun.tga
0  -7.594307 -14.428076 -10.459980  -0.669931 0.039848 0.741353  0.059400 0.934300 1 37 1.000000
0  -7.099322 -32.001305 -9.132099  -0.500518 0.049117 0.864332  0.042000 0.005400 1 37 1.000000
0  -7.309694 -14.413406 -10.253406  -0.500767 0.049103 0.864188  0.044100 0.934400 1 37 1.000000
v_nailgun.tga
0  -7.829588 -14.443371 -10.721420  -0.810430 0.029983 0.585068  0.074700 0.934200 1 37 1.000000
0  -7.767437 -32.040012 -9.733426  -0.810144 0.030007 0.585463  0.072400 0.005400 1 37 1.000000
0  -7.465052 -32.020260 -9.397633  -0.669590 0.039870 0.741660  0.057200 0.005400 1 37 1.000000
v_nailgun.tga
0  -7.829588 -14.443371 -10.721420  -0.810430 0.029983 0.585068  0.074700 0.934200 1 37 1.000000
0  -7.465052 -32.020260 -9.397633  -0.669590 0.039870 0.741660  0.057200 0.005400 1 37 1.000000
0  -7.594307 -14.428076 -10.459980  -0.669931 0.039848 0.741353  0.059400 0.934300 1 37 1.000000
v_nailgun.tga
0  -8.005344 -14.458775 -11.027730  -0.867636 0.024817 0.496581  0.090100 0.934100 1 37 1.000000
0  -7.993196 -32.059776 -10.127182  -0.867794 0.024794 0.496305  0.087800 0.005300 1 37 1.000000
0  -7.767437 -32.040012 -9.733426  -0.810144 0.030007 0.585463  0.072400 0.005400 1 37 1.000000
v_nailgun.tga
0  -8.005344 -14.458775 -11.027730  -0.867636 0.024817 0.496581  0.090100 0.934100 1 37 1.000000
0  -7.767437 -32.040012 -9.733426  -0.810144 0.030007 0.585463  0.072400 0.005400 1 37 1.000000
0  -7.829588 -14.443371 -10.721420  -0.810430 0.029983 0.585068  0.074700 0.934200 1 37 1.000000
v_nailgun.tga
0  -7.085294 -14.395193 -9.903122  -0.308970 0.033250 0.950490  0.029400 0.943800 1 37 1.000000
0  -7.091855 -14.129313 -9.914612  -0.278487 0.279159 0.918975  0.028500 0.958000 1 37 1.000000
0  -7.474142 -14.058464 -10.087038  -0.439213 0.321847 0.838753  0.044400 0.964000 1 37 1.000000
v_nailgun.tga
0  -7.085294 -14.395193 -9.903122  -0.308970 0.033250 0.950490  0.029400 0.943800 1 37 1.000000
0  -7.474142 -14.058464 -10.087038  -0.439213 0.321847 0.838753  0.044400 0.964000 1 37 1.000000
0  -7.465607 -14.411160 -10.072216  -0.500240 0.024322 0.865545  0.045500 0.944500 1 37 1.000000
v_nailgun.tga
0  -7.465607 -14.411160 -10.072216  -0.500240 0.024322 0.865545  0.045500 0.944500 1 37 1.000000
0  -7.474142 -14.058464 -10.087038  -0.439213 0.321847 0.838753  0.044400 0.964000 1 37 1.000000
0  -7.813011 -13.976226 -10.335568  -0.587439 0.358489 0.725535  0.060900 0.970700 1 37 1.000000
v_nailgun.tga
0  -7.465607 -14.411160 -10.072216  -0.500240 0.024322 0.865545  0.045500 0.944500 1 37 1.000000
0  -7.813011 -13.976226 -10.335568  -0.587439 0.358489 0.725535  0.060900 0.970700 1 37 1.000000
0  -7.802366 -14.428517 -10.316668  -0.669186 0.015204 0.742939  0.061700 0.945100 1 37 1.000000
v_nailgun.tga
0  -7.802366 -14.428517 -10.316668  -0.669186 0.015204 0.742939  0.061700 0.945100 1 37 1.000000
0  -7.813011 -13.976226 -10.335568  -0.587439 0.358489 0.725535  0.060900 0.970700 1 37 1.000000
0  -8.093378 -13.900897 -10.648144  -0.715965 0.382968 0.583720  0.078300 0.977300 1 37 1.000000
v_nailgun.tga
0  -7.802366 -14.428517 -10.316668  -0.669186 0.015204 0.742939  0.061700 0.945100 1 37 1.000000
0  -8.093378 -13.900897 -10.648144  -0.715965 0.382968 0.583720  0.078300 0.977300 1 37 1.000000
0  -8.080786 -14.446711 -10.625875  -0.809360 0.005177 0.587290  0.078100 0.945700 1 37 1.000000
v_nailgun.tga
0  -8.080786 -14.446711 -10.625875  -0.809360 0.005177 0.587290  0.078100 0.945700 1 37 1.000000
0  -8.093378 -13.900897 -10.648144  -0.715965 0.382968 0.583720  0.078300 0.977300 1 37 1.000000
0  -8.326803 -13.826575 -11.053296  -0.866560 0.000202 0.499073  0.098000 0.983100 1 37 1.000000
v_nailgun.tga
0  -8.080786 -14.446711 -10.625875  -0.809360 0.005177 0.587290  0.078100 0.945700 1 37 1.000000
0  -8.326803 -13.826575 -11.053296  -0.866560 0.000202 0.499073  0.098000 0.983100 1 37 1.000000
0  -8.312140 -14.466812 -11.027830  -0.866691 -0.000009 0.498845  0.097000 0.945600 1 37 1.000000
v_nailgun.tga
0  -7.142563 -13.885271 -10.094083  -0.155224 0.776767 0.610359  0.030900 0.973200 1 37 1.000000
0  -7.474142 -14.058464 -10.087038  -0.439213 0.321847 0.838753  0.044400 0.964000 1 37 1.000000
0  -7.091855 -14.129313 -9.914612  -0.278487 0.279159 0.918975  0.028500 0.958000 1 37 1.000000
v_nailgun.tga
0  -7.142563 -13.885271 -10.094083  -0.155224 0.776767 0.610359  0.030900 0.973200 1 37 1.000000
0  -7.091855 -14.129313 -9.914612  -0.278487 0.279159 0.918975  0.028500 0.958000 1 37 1.000000
0  -6.648365 -13.955095 -9.921789  -0.062869 0.681737 0.728891  0.010800 0.966700 1 37 1.000000
v_nailgun.tga
0  -7.537512 -13.804489 -10.342312  -0.217404 0.836542 0.502925  0.050200 0.982200 1 37 1.000000
0  -7.813011 -13.976226 -10.335568  -0.587439 0.358489 0.725535  0.060900 0.970700 1 37 1.000000
0  -7.474142 -14.058464 -10.087038  -0.439213 0.321847 0.838753  0.044400 0.964000 1 37 1.000000
v_nailgun.tga
0  -7.537512 -13.804489 -10.342312  -0.217404 0.836542 0.502925  0.050200 0.982200 1 37 1.000000
0  -7.474142 -14.058464 -10.087038  -0.439213 0.321847 0.838753  0.044400 0.964000 1 37 1.000000
0  -7.142563 -13.885271 -10.094083  -0.155224 0.776767 0.610359  0.030900 0.973200 1 37 1.000000
v_nailgun.tga
0  -7.852312 -13.732159 -10.654714  -0.271368 0.878071 0.394145  0.070200 0.990300 1 37 1.000000
0  -8.093378 -13.900897 -10.648144  -0.715965 0.382968 0.583720  0.078300 0.977300 1 37 1.000000
0  -7.813011 -13.976226 -10.335568  -0.587439 0.358489 0.725535  0.060900 0.970700 1 37 1.000000
v_nailgun.tga
0  -7.852312 -13.732159 -10.654714  -0.271368 0.878071 0.394145  0.070200 0.990300 1 37 1.000000
0  -7.813011 -13.976226 -10.335568  -0.587439 0.358489 0.725535  0.060900 0.970700 1 37 1.000000
0  -7.537512 -13.804489 -10.342312  -0.217404 0.836542 0.502925  0.050200 0.982200 1 37 1.000000
v_nailgun.tga
0  -8.115976 -13.664420 -11.059465  -0.359868 0.918338 0.164772  0.096200 0.996900 1 37 1.000000
0  -8.326803 -13.826575 -11.053296  -0.595103 0.780943 0.189685  0.098000 0.983100 1 37 1.000000
0  -8.093378 -13.900897 -10.648144  -0.715965 0.382968 0.583720  0.078300 0.977300 1 37 1.000000
v_nailgun.tga
0  -8.115976 -13.664420 -11.059465  -0.359868 0.918338 0.164772  0.096200 0.996900 1 37 1.000000
0  -8.093378 -13.900897 -10.648144  -0.715965 0.382968 0.583720  0.078300 0.977300 1 37 1.000000
0  -7.852312 -13.732159 -10.654714  -0.271368 0.878071 0.394145  0.070200 0.990300 1 37 1.000000
v_nailgun.tga
0  -7.998474 -14.759376 -11.927284  0.021885 -0.815855 0.577843  0.129000 0.917600 1 37 1.000000
0  -8.305468 -14.767404 -11.926984  0.021897 -0.815673 0.578099  0.138800 0.925200 1 37 1.000000
0  -8.297604 -15.144049 -12.313571  0.019252 -0.715869 0.697969  0.158900 0.898400 1 37 1.000000
v_nailgun.tga
0  -7.998474 -14.759376 -11.927284  0.021885 -0.815855 0.577843  0.129000 0.917600 1 37 1.000000
0  -8.297604 -15.144049 -12.313571  0.019252 -0.715869 0.697969  0.158900 0.898400 1 37 1.000000
0  -7.990210 -15.136007 -12.313771  0.019174 -0.715842 0.697999  0.145900 0.897800 1 37 1.000000
v_nailgun.tga
0  -7.998474 -14.759376 -11.927284  0.021885 -0.815855 0.577843  0.129000 0.917600 1 37 1.000000
0  -8.003031 -14.558555 -11.521849  0.023972 -0.895730 0.443951  0.111400 0.929000 1 37 1.000000
0  -8.309816 -14.567005 -11.522333  0.023928 -0.895747 0.443920  0.119200 0.938400 1 37 1.000000
v_nailgun.tga
0  -7.998474 -14.759376 -11.927284  0.021885 -0.815855 0.577843  0.129000 0.917600 1 37 1.000000
0  -8.309816 -14.567005 -11.522333  0.023928 -0.895747 0.443920  0.119200 0.938400 1 37 1.000000
0  -8.305468 -14.767404 -11.926984  0.021897 -0.815673 0.578099  0.138800 0.925200 1 37 1.000000
v_nailgun.tga
0  -8.297604 -15.144049 -12.313571  -0.000213 0.033054 0.999454  0.158900 0.898400 1 37 1.000000
0  -8.308115 -30.202778 -11.815588  -0.000331 0.033052 0.999454  0.158100 0.123400 1 37 1.000000
0  -7.934845 -30.193008 -11.815787  -0.000330 0.033052 0.999454  0.144800 0.123500 1 37 1.000000
v_nailgun.tga
0  -8.297604 -15.144049 -12.313571  -0.000213 0.033054 0.999454  0.158900 0.898400 1 37 1.000000
0  -7.934845 -30.193008 -11.815787  -0.000330 0.033052 0.999454  0.144800 0.123500 1 37 1.000000
0  -7.990210 -15.136007 -12.313771  -0.000211 0.033054 0.999453  0.145900 0.897800 1 37 1.000000
v_nailgun.tga
0  -8.114679 -13.710095 -12.367867  -0.326820 0.934898 -0.138402  0.160300 0.997100 1 37 1.000000
0  -8.325506 -13.872256 -12.361899  -0.612046 0.780563 -0.126969  0.159700 0.982200 1 37 1.000000
0  -8.326803 -13.826575 -11.053296  -0.595103 0.780943 0.189685  0.098000 0.983100 1 37 1.000000
v_nailgun.tga
0  -8.114679 -13.710095 -12.367867  -0.326820 0.934898 -0.138402  0.160300 0.997100 1 37 1.000000
0  -8.326803 -13.826575 -11.053296  -0.595103 0.780943 0.189685  0.098000 0.983100 1 37 1.000000
0  -8.115976 -13.664420 -11.059465  -0.359868 0.918338 0.164772  0.096200 0.996900 1 37 1.000000
v_nailgun.tga
0  -8.112339 -13.807135 -12.732002  -0.338247 0.870088 -0.358518  0.180200 0.990700 1 37 1.000000
0  -8.323612 -13.952198 -12.631673  -0.632314 0.716054 -0.295711  0.172700 0.976700 1 37 1.000000
0  -8.325506 -13.872256 -12.361899  -0.612046 0.780563 -0.126969  0.159700 0.982200 1 37 1.000000
v_nailgun.tga
0  -8.112339 -13.807135 -12.732002  -0.338247 0.870088 -0.358518  0.180200 0.990700 1 37 1.000000
0  -8.325506 -13.872256 -12.361899  -0.612046 0.780563 -0.126969  0.159700 0.982200 1 37 1.000000
0  -8.114679 -13.710095 -12.367867  -0.326820 0.934898 -0.138402  0.160300 0.997100 1 37 1.000000
v_nailgun.tga
0  -8.315760 -14.286481 -13.103589  -0.672404 0.510383 -0.536080  0.194800 0.953800 1 37 1.000000
0  -8.320683 -14.071749 -12.849832  -0.650967 0.626482 -0.428674  0.183200 0.968400 1 37 1.000000
0  -8.108776 -13.950855 -12.994944  -0.352341 0.766705 -0.536675  0.194300 0.979400 1 37 1.000000
v_nailgun.tga
0  -8.315760 -14.286481 -13.103589  -0.672404 0.510383 -0.536080  0.194800 0.953800 1 37 1.000000
0  -8.108776 -13.950855 -12.994944  -0.352341 0.766705 -0.536675  0.194300 0.979400 1 37 1.000000
0  -8.103107 -14.190244 -13.278860  -0.363189 0.635829 -0.681040  0.207700 0.961300 1 37 1.000000
v_nailgun.tga
0  -8.108776 -13.950855 -12.994944  -0.352341 0.766705 -0.536675  0.194300 0.979400 1 37 1.000000
0  -8.320683 -14.071749 -12.849832  -0.650967 0.626482 -0.428674  0.183200 0.968400 1 37 1.000000
0  -8.323612 -13.952198 -12.631673  -0.632314 0.716054 -0.295711  0.172700 0.976700 1 37 1.000000
v_nailgun.tga
0  -8.108776 -13.950855 -12.994944  -0.352341 0.766705 -0.536675  0.194300 0.979400 1 37 1.000000
0  -8.323612 -13.952198 -12.631673  -0.632314 0.716054 -0.295711  0.172700 0.976700 1 37 1.000000
0  -8.112339 -13.807135 -12.732002  -0.338247 0.870088 -0.358518  0.180200 0.990700 1 37 1.000000
v_nailgun.tga
0  -8.308945 -14.592584 -13.338246  -0.682012 0.435626 -0.587443  0.204400 0.933900 1 37 1.000000
0  -8.315760 -14.286481 -13.103589  -0.672404 0.510383 -0.536080  0.194800 0.953800 1 37 1.000000
0  -8.103107 -14.190244 -13.278860  -0.363189 0.635829 -0.681040  0.207700 0.961300 1 37 1.000000
v_nailgun.tga
0  -8.308945 -14.592584 -13.338246  -0.682012 0.435626 -0.587443  0.204400 0.933900 1 37 1.000000
0  -8.103107 -14.190244 -13.278860  -0.363189 0.635829 -0.681040  0.207700 0.961300 1 37 1.000000
0  -8.096056 -14.493899 -13.512401  -0.361768 0.563060 -0.743026  0.216600 0.939700 1 37 1.000000
v_nailgun.tga
0  -7.991545 -32.119053 -11.810739  0.000585 -0.002609 0.999996  0.144400 0.005200 1 37 1.000000
0  -7.974794 -31.608883 -11.809422  0.000587 -0.002601 0.999996  0.144500 0.036500 1 37 1.000000
0  -8.363159 -31.619141 -11.809217  0.000586 -0.002607 0.999996  0.157700 0.036500 1 37 1.000000
v_nailgun.tga
0  -7.991545 -32.119053 -11.810739  0.000585 -0.002609 0.999996  0.144400 0.005200 1 37 1.000000
0  -8.363159 -31.619141 -11.809217  0.000586 -0.002607 0.999996  0.157700 0.036500 1 37 1.000000
0  -8.385809 -32.129368 -11.810538  0.000584 -0.002614 0.999996  0.157700 0.005100 1 37 1.000000
v_nailgun.tga
0  -7.967354 -31.369663 -11.809561  0.000452 0.002417 0.999997  0.144800 0.051300 1 37 1.000000
0  -7.956814 -31.011974 -11.810431  0.000454 0.002418 0.999997  0.144800 0.073300 1 37 1.000000
0  -8.338581 -31.021965 -11.810232  0.000452 0.002417 0.999997  0.158200 0.073300 1 37 1.000000
v_nailgun.tga
0  -7.967354 -31.369663 -11.809561  0.000452 0.002417 0.999997  0.144800 0.051300 1 37 1.000000
0  -8.338581 -31.021965 -11.810232  0.000452 0.002417 0.999997  0.158200 0.073300 1 37 1.000000
0  -8.353022 -31.379753 -11.809361  0.000450 0.002415 0.999997  0.158100 0.051300 1 37 1.000000
v_nailgun.tga
0  -7.970669 -31.384434 -10.401890  0.000279 -0.041189 -0.999151  0.518200 0.262100 1 37 1.000000
0  -7.594097 -31.374584 -10.402190  0.000281 -0.041189 -0.999151  0.518300 0.250900 1 37 1.000000
0  -7.596306 -31.485085 -10.397635  0.000280 -0.041189 -0.999151  0.512400 0.250900 1 37 1.000000
v_nailgun.tga
0  -7.970669 -31.384434 -10.401890  0.000279 -0.041189 -0.999151  0.518200 0.262100 1 37 1.000000
0  -7.596306 -31.485085 -10.397635  0.000280 -0.041189 -0.999151  0.512400 0.250900 1 37 1.000000
0  -7.974174 -31.494968 -10.397334  0.000278 -0.041189 -0.999151  0.512400 0.262000 1 37 1.000000
v_nailgun.tga
0  -7.596306 -31.485085 -10.397635  -0.022800 0.855883 -0.516667  0.512400 0.250900 1 37 1.000000
0  -7.597519 -31.553326 -10.510624  -0.026494 0.957302 -0.287875  0.507600 0.250900 1 37 1.000000
0  -7.976089 -31.563229 -10.510324  -0.025306 0.958810 -0.282918  0.507600 0.261900 1 37 1.000000
v_nailgun.tga
0  -7.596306 -31.485085 -10.397635  -0.022800 0.855883 -0.516667  0.512400 0.250900 1 37 1.000000
0  -7.976089 -31.563229 -10.510324  -0.025306 0.958810 -0.282918  0.507600 0.261900 1 37 1.000000
0  -7.974174 -31.494968 -10.397334  -0.022798 0.855889 -0.516657  0.512400 0.262000 1 37 1.000000
v_nailgun.tga
0  -7.974794 -31.608883 -11.809422  -0.026291 0.999037 -0.035118  0.469900 0.261900 1 37 1.000000
0  -7.596323 -31.598984 -11.809822  -0.344811 0.938049 -0.034192  0.469900 0.250900 1 37 1.000000
0  -7.595938 -31.609932 -12.123530  -0.027675 0.999011 -0.034813  0.460800 0.250900 1 37 1.000000
v_nailgun.tga
0  -7.595938 -31.609932 -12.123530  -0.027675 0.999011 -0.034813  0.460800 0.250900 1 37 1.000000
0  -8.362873 -31.630089 -12.122828  -0.026289 0.999045 -0.034902  0.460700 0.273100 1 37 1.000000
0  -8.363159 -31.619141 -11.809217  -0.026318 0.999042 -0.034968  0.469900 0.273100 1 37 1.000000
v_nailgun.tga
0  -7.595938 -31.609932 -12.123530  -0.027675 0.999011 -0.034813  0.460800 0.250900 1 37 1.000000
0  -8.363159 -31.619141 -11.809217  -0.026318 0.999042 -0.034968  0.469900 0.273100 1 37 1.000000
0  -7.974794 -31.608883 -11.809422  -0.026291 0.999037 -0.035118  0.469900 0.261900 1 37 1.000000
v_nailgun.tga
0  -7.595938 -31.609932 -12.123530  -0.027675 0.999011 -0.034813  0.000000 1.000000 1 37 1.000000
0  -7.596323 -31.598984 -11.809822  -0.344811 0.938049 -0.034192  0.000000 1.000000 1 37 1.000000
0  -7.597519 -31.553326 -10.510624  -0.026494 0.957302 -0.287875  0.000000 1.000000 1 37 1.000000
v_nailgun.tga
0  -7.976089 -31.563229 -10.510324  -0.025306 0.958810 -0.282918  0.507600 0.261900 1 37 1.000000
0  -7.597519 -31.553326 -10.510624  -0.026494 0.957302 -0.287875  0.507600 0.250900 1 37 1.000000
0  -7.596323 -31.598984 -11.809822  -0.344811 0.938049 -0.034192  0.469900 0.250900 1 37 1.000000
v_nailgun.tga
0  -7.976089 -31.563229 -10.510324  -0.025306 0.958810 -0.282918  0.507600 0.261900 1 37 1.000000
0  -7.596323 -31.598984 -11.809822  -0.344811 0.938049 -0.034192  0.469900 0.250900 1 37 1.000000
0  -7.974794 -31.608883 -11.809422  -0.026291 0.999037 -0.035118  0.469900 0.261900 1 37 1.000000
v_nailgun.tga
0  -7.949993 -30.772007 -11.811499  0.000351 0.006797 0.999977  0.144000 0.086500 1 37 1.000000
0  -7.940952 -30.433428 -11.813804  0.000346 0.006798 0.999977  0.145200 0.107400 1 37 1.000000
0  -8.316725 -30.443262 -11.813604  0.000352 0.006797 0.999977  0.156400 0.107000 1 37 1.000000
v_nailgun.tga
0  -7.949993 -30.772007 -11.811499  0.000351 0.006797 0.999977  0.144000 0.086500 1 37 1.000000
0  -8.316725 -30.443262 -11.813604  0.000352 0.006797 0.999977  0.156400 0.107000 1 37 1.000000
0  -8.329262 -30.781931 -11.811298  0.000357 0.006796 0.999977  0.156900 0.085900 1 37 1.000000
v_nailgun.tga
0  -7.584805 -30.888992 -10.422637  -0.022899 0.851228 -0.524297  0.985300 0.240100 1 37 1.000000
0  -7.585819 -30.957249 -10.533423  -0.027971 0.953608 -0.299749  0.985200 0.235300 1 37 1.000000
0  -7.957991 -30.967083 -10.533120  -0.025497 0.957494 -0.287323  0.974200 0.235400 1 37 1.000000
v_nailgun.tga
0  -7.584805 -30.888992 -10.422637  -0.022899 0.851228 -0.524297  0.985300 0.240100 1 37 1.000000
0  -7.957991 -30.967083 -10.533120  -0.025497 0.957494 -0.287323  0.974200 0.235400 1 37 1.000000
0  -7.956278 -30.898706 -10.422237  -0.022824 0.851113 -0.524486  0.974200 0.240100 1 37 1.000000
v_nailgun.tga
0  -7.584358 -31.013008 -12.119243  0.998821 0.046779 -0.013005  0.000000 1.000000 1 37 1.000000
0  -7.584644 -31.002140 -11.810734  0.998263 0.058734 0.004639  0.000000 1.000000 1 37 1.000000
0  -7.585819 -30.957249 -10.533423  0.997910 0.063620 -0.011313  0.000000 1.000000 1 37 1.000000
v_nailgun.tga
0  -8.338297 -31.032829 -12.118540  -0.026245 0.999037 -0.035161  0.962400 0.188600 1 37 1.000000
0  -7.956814 -31.011974 -11.810431  -0.026389 0.999038 -0.035015  0.973800 0.197600 1 37 1.000000
0  -7.584644 -31.002140 -11.810734  -0.026372 0.998786 -0.041604  0.984800 0.197500 1 37 1.000000
v_nailgun.tga
0  -8.338297 -31.032829 -12.118540  -0.026245 0.999037 -0.035161  0.962400 0.188600 1 37 1.000000
0  -7.584644 -31.002140 -11.810734  -0.026372 0.998786 -0.041604  0.984800 0.197500 1 37 1.000000
0  -7.584358 -31.013008 -12.119243  -0.039741 0.998867 -0.026177  0.984700 0.188400 1 37 1.000000
v_nailgun.tga
0  -8.338581 -31.021965 -11.810232  -0.026163 0.999037 -0.035228  0.962600 0.197800 1 37 1.000000
0  -7.956814 -31.011974 -11.810431  -0.026389 0.999038 -0.035015  0.973800 0.197600 1 37 1.000000
0  -8.338297 -31.032829 -12.118540  -0.026245 0.999037 -0.035161  0.962400 0.188600 1 37 1.000000
v_nailgun.tga
0  -7.957991 -30.967083 -10.533120  -0.025497 0.957494 -0.287323  0.974200 0.235400 1 37 1.000000
0  -7.585819 -30.957249 -10.533423  -0.027971 0.953608 -0.299749  0.985200 0.235300 1 37 1.000000
0  -7.584644 -31.002140 -11.810734  -0.026372 0.998786 -0.041604  0.984800 0.197500 1 37 1.000000
v_nailgun.tga
0  -7.957991 -30.967083 -10.533120  -0.025497 0.957494 -0.287323  0.974200 0.235400 1 37 1.000000
0  -7.584644 -31.002140 -11.810734  -0.026372 0.998786 -0.041604  0.984800 0.197500 1 37 1.000000
0  -7.956814 -31.011974 -11.810431  -0.026389 0.999038 -0.035015  0.973800 0.197600 1 37 1.000000
v_nailgun.tga
0  -7.937708 -30.209726 -10.452676  0.000346 -0.044753 -0.998998  0.990900 0.948200 1 37 1.000000
0  -7.573133 -30.200089 -10.452980  0.000353 -0.044760 -0.998998  0.994900 0.947700 1 37 1.000000
0  -7.574928 -30.311169 -10.448004  0.000352 -0.044758 -0.998998  0.994900 0.945500 1 37 1.000000
v_nailgun.tga
0  -7.937708 -30.209726 -10.452676  0.000346 -0.044753 -0.998998  0.990900 0.948200 1 37 1.000000
0  -7.574928 -30.311169 -10.448004  0.000352 -0.044758 -0.998998  0.994900 0.945500 1 37 1.000000
0  -7.940601 -30.320833 -10.447700  0.000345 -0.044751 -0.998998  0.989900 0.945900 1 37 1.000000
v_nailgun.tga
0  -7.574928 -30.311169 -10.448004  -0.022818 0.846683 -0.531607  0.994900 0.945500 1 37 1.000000
0  -7.575838 -30.379557 -10.556884  -0.026519 0.954801 -0.296060  0.994900 0.943300 1 37 1.000000
0  -7.942110 -30.389238 -10.556581  -0.025492 0.956243 -0.291462  0.989100 0.943500 1 37 1.000000
v_nailgun.tga
0  -7.574928 -30.311169 -10.448004  -0.022818 0.846683 -0.531607  0.994900 0.945500 1 37 1.000000
0  -7.942110 -30.389238 -10.556581  -0.025492 0.956243 -0.291462  0.989100 0.943500 1 37 1.000000
0  -7.940601 -30.320833 -10.447700  -0.022823 0.846691 -0.531596  0.989900 0.945900 1 37 1.000000
v_nailgun.tga
0  -7.574299 -30.434441 -12.117619  -0.028866 0.998990 -0.034446  0.000000 1.000000 1 37 1.000000
0  -7.574678 -30.423849 -11.814104  -0.400624 0.915688 -0.031884  0.000000 1.000000 1 37 1.000000
0  -7.575838 -30.379557 -10.556884  -0.026519 0.954801 -0.296060  0.000000 1.000000 1 37 1.000000
v_nailgun.tga
0  -8.316444 -30.453955 -12.117015  -0.026196 0.999039 -0.035153  0.982100 0.916900 1 37 1.000000
0  -7.940952 -30.433428 -11.813804  -0.026157 0.999038 -0.035206  0.988600 0.922100 1 37 1.000000
0  -7.574678 -30.423849 -11.814104  -0.400624 0.915688 -0.031884  0.994900 0.922100 1 37 1.000000
v_nailgun.tga
0  -8.316444 -30.453955 -12.117015  -0.026196 0.999039 -0.035153  0.982100 0.916900 1 37 1.000000
0  -7.574678 -30.423849 -11.814104  -0.400624 0.915688 -0.031884  0.994900 0.922100 1 37 1.000000
0  -7.574299 -30.434441 -12.117619  -0.028866 0.998990 -0.034446  0.994900 0.916800 1 37 1.000000
v_nailgun.tga
0  -8.316725 -30.443262 -11.813604  -0.026164 0.999037 -0.035231  0.982200 0.922200 1 37 1.000000
0  -7.940952 -30.433428 -11.813804  -0.026157 0.999038 -0.035206  0.988600 0.922100 1 37 1.000000
0  -8.316444 -30.453955 -12.117015  -0.026196 0.999039 -0.035153  0.982100 0.916900 1 37 1.000000
v_nailgun.tga
0  -7.942110 -30.389238 -10.556581  -0.025492 0.956243 -0.291462  0.989100 0.943500 1 37 1.000000
0  -7.575838 -30.379557 -10.556884  -0.026519 0.954801 -0.296060  0.994900 0.943300 1 37 1.000000
0  -7.574678 -30.423849 -11.814104  -0.400624 0.915688 -0.031884  0.994900 0.922100 1 37 1.000000
v_nailgun.tga
0  -7.942110 -30.389238 -10.556581  -0.025492 0.956243 -0.291462  0.989100 0.943500 1 37 1.000000
0  -7.574678 -30.423849 -11.814104  -0.400624 0.915688 -0.031884  0.994900 0.922100 1 37 1.000000
0  -7.940952 -30.433428 -11.813804  -0.026157 0.999038 -0.035206  0.988600 0.922100 1 37 1.000000
v_nailgun.tga
0  -6.456743 -17.211897 -13.993667  -0.025543 0.967497 0.251588  0.481900 0.089100 1 37 1.000000
0  -6.274109 -17.207022 -13.993871  -0.025430 0.967569 0.251324  0.488100 0.089900 1 37 1.000000
0  -6.274347 -17.197924 -14.343600  -0.026716 0.998917 -0.038103  0.489600 0.102200 1 37 1.000000
v_nailgun.tga
0  -6.456743 -17.211897 -13.993667  -0.025543 0.967497 0.251588  0.481900 0.089100 1 37 1.000000
0  -6.274347 -17.197924 -14.343600  -0.026716 0.998917 -0.038103  0.489600 0.102200 1 37 1.000000
0  -6.456982 -17.202801 -14.343397  -0.026626 0.998924 -0.037965  0.482500 0.103200 1 37 1.000000
v_nailgun.tga
0  -6.445415 -17.656025 -13.810350  -0.000078 0.030024 0.999549  0.496000 0.069900 1 37 1.000000
0  -6.262280 -17.651133 -13.810452  -0.000250 0.030107 0.999547  0.500500 0.074400 1 37 1.000000
0  -6.271739 -17.297514 -13.821106  0.000145 0.029918 0.999552  0.490000 0.084300 1 37 1.000000
v_nailgun.tga
0  -6.445415 -17.656025 -13.810350  -0.000078 0.030024 0.999549  0.496000 0.069900 1 37 1.000000
0  -6.271739 -17.297514 -13.821106  0.000145 0.029918 0.999552  0.490000 0.084300 1 37 1.000000
0  -6.454476 -17.302292 -13.820906  0.000317 0.029835 0.999555  0.485100 0.081100 1 37 1.000000
v_nailgun.tga
0  -6.454476 -17.302292 -13.820906  -0.022873 0.885574 0.463935  0.485100 0.081100 1 37 1.000000
0  -6.271739 -17.297514 -13.821106  -0.022649 0.885480 0.464125  0.490000 0.084300 1 37 1.000000
0  -6.274109 -17.207022 -13.993871  -0.025430 0.967569 0.251324  0.488100 0.089900 1 37 1.000000
v_nailgun.tga
0  -6.454476 -17.302292 -13.820906  -0.022873 0.885574 0.463935  0.485100 0.081100 1 37 1.000000
0  -6.274109 -17.207022 -13.993871  -0.025430 0.967569 0.251324  0.488100 0.089900 1 37 1.000000
0  -6.456743 -17.211897 -13.993667  -0.025543 0.967497 0.251588  0.481900 0.089100 1 37 1.000000
v_nailgun.tga
0  -6.456982 -17.202801 -14.343397  -0.026626 0.998924 -0.037965  0.482500 0.103200 1 37 1.000000
0  -6.274347 -17.197924 -14.343600  -0.026716 0.998917 -0.038103  0.489600 0.102200 1 37 1.000000
0  -6.273497 -17.230392 -14.660460  -0.024596 0.920598 -0.389737  0.491500 0.113300 1 37 1.000000
v_nailgun.tga
0  -6.456982 -17.202801 -14.343397  -0.026626 0.998924 -0.037965  0.482500 0.103200 1 37 1.000000
0  -6.273497 -17.230392 -14.660460  -0.024596 0.920598 -0.389737  0.491500 0.113300 1 37 1.000000
0  -6.456134 -17.235168 -14.660260  -0.024451 0.920772 -0.389333  0.485400 0.116400 1 37 1.000000
v_nailgun.tga
0  -6.456134 -17.235168 -14.660260  -0.024451 0.920772 -0.389333  0.485400 0.116400 1 37 1.000000
0  -6.273497 -17.230392 -14.660460  -0.024596 0.920598 -0.389737  0.491500 0.113300 1 37 1.000000
0  -6.267158 -17.468664 -14.944415  -0.015703 0.581255 -0.813570  0.500000 0.125000 1 37 1.000000
v_nailgun.tga
0  -6.456134 -17.235168 -14.660260  -0.024451 0.920772 -0.389333  0.485400 0.116400 1 37 1.000000
0  -6.267158 -17.468664 -14.944415  -0.015703 0.581255 -0.813570  0.500000 0.125000 1 37 1.000000
0  -6.450095 -17.473450 -14.944315  -0.015650 0.581343 -0.813508  0.494900 0.129300 1 37 1.000000
v_nailgun.tga
0  -6.450095 -17.473450 -14.944315  -0.015650 0.581343 -0.813508  0.494900 0.129300 1 37 1.000000
0  -6.267158 -17.468664 -14.944415  -0.015703 0.581255 -0.813570  0.500000 0.125000 1 37 1.000000
0  -6.264359 -17.575533 -14.985709  -0.009933 0.360186 -0.932828  0.504400 0.127400 1 37 1.000000
v_nailgun.tga
0  -6.450095 -17.473450 -14.944315  -0.015650 0.581343 -0.813508  0.494900 0.129300 1 37 1.000000
0  -6.264359 -17.575533 -14.985709  -0.009933 0.360186 -0.932828  0.504400 0.127400 1 37 1.000000
0  -6.447296 -17.580318 -14.985609  -0.009927 0.360170 -0.932834  0.499400 0.133200 1 37 1.000000
v_nailgun.tga
0  -6.262124 -17.657082 -13.980849  0.999642 0.026762 -0.000074  0.504700 0.077300 1 37 1.000000
0  -6.266225 -17.504295 -13.985186  0.999643 0.026707 -0.000072  0.500900 0.084200 1 37 1.000000
0  -6.271739 -17.297514 -13.821106  0.999646 0.026601 0.000088  0.490000 0.084300 1 37 1.000000
v_nailgun.tga
0  -6.262124 -17.657082 -13.980849  0.999642 0.026762 -0.000074  0.504700 0.077300 1 37 1.000000
0  -6.271739 -17.297514 -13.821106  0.999646 0.026601 0.000088  0.490000 0.084300 1 37 1.000000
0  -6.262280 -17.651133 -13.810452  0.999642 0.026738 -0.000019  0.500500 0.074400 1 37 1.000000
v_nailgun.tga
0  -6.271739 -17.297514 -13.821106  0.999646 0.026601 0.000088  0.490000 0.084300 1 37 1.000000
0  -6.266225 -17.504295 -13.985186  0.999643 0.026707 -0.000072  0.500900 0.084200 1 37 1.000000
0  -6.274109 -17.207022 -13.993871  0.999648 0.026519 0.000076  0.488100 0.089900 1 37 1.000000
v_nailgun.tga
0  -6.266225 -17.504295 -13.985186  0.999643 0.026707 -0.000072  0.500900 0.084200 1 37 1.000000
0  -6.268786 -17.406492 -14.252264  0.999643 0.026712 0.000154  0.498900 0.096500 1 37 1.000000
0  -6.274347 -17.197924 -14.343600  0.999645 0.026660 0.000024  0.489600 0.102200 1 37 1.000000
v_nailgun.tga
0  -6.266225 -17.504295 -13.985186  0.999643 0.026707 -0.000072  0.500900 0.084200 1 37 1.000000
0  -6.274347 -17.197924 -14.343600  0.999645 0.026660 0.000024  0.489600 0.102200 1 37 1.000000
0  -6.274109 -17.207022 -13.993871  0.999648 0.026519 0.000076  0.488100 0.089900 1 37 1.000000
v_nailgun.tga
0  -6.268786 -17.406492 -14.252264  0.999643 0.026712 0.000154  0.498900 0.096500 1 37 1.000000
0  -6.269225 -17.389746 -14.454572  0.999643 0.026716 -0.000042  0.499000 0.105600 1 37 1.000000
0  -6.274347 -17.197924 -14.343600  0.999645 0.026660 0.000024  0.489600 0.102200 1 37 1.000000
v_nailgun.tga
0  -6.274347 -17.197924 -14.343600  0.999645 0.026660 0.000024  0.489600 0.102200 1 37 1.000000
0  -6.269225 -17.389746 -14.454572  0.999643 0.026716 -0.000042  0.499000 0.105600 1 37 1.000000
0  -6.268417 -17.420576 -14.655718  0.999643 0.026704 -0.000124  0.500100 0.113700 1 37 1.000000
v_nailgun.tga
0  -6.274347 -17.197924 -14.343600  0.999645 0.026660 0.000024  0.489600 0.102200 1 37 1.000000
0  -6.268417 -17.420576 -14.655718  0.999643 0.026704 -0.000124  0.500100 0.113700 1 37 1.000000
0  -6.273497 -17.230392 -14.660460  0.999644 0.026678 -0.000082  0.491500 0.113300 1 37 1.000000
v_nailgun.tga
0  -6.268417 -17.420576 -14.655718  0.999643 0.026704 -0.000124  0.500100 0.113700 1 37 1.000000
0  -6.267014 -17.474167 -14.821247  0.999640 0.026824 -0.000367  0.501400 0.120700 1 37 1.000000
0  -6.273497 -17.230392 -14.660460  0.999644 0.026678 -0.000082  0.491500 0.113300 1 37 1.000000
v_nailgun.tga
0  -6.273497 -17.230392 -14.660460  0.999644 0.026678 -0.000082  0.491500 0.113300 1 37 1.000000
0  -6.267014 -17.474167 -14.821247  0.999640 0.026824 -0.000367  0.501400 0.120700 1 37 1.000000
0  -6.264359 -17.575533 -14.985709  0.999653 0.026344 0.000136  0.504400 0.127400 1 37 1.000000
v_nailgun.tga
0  -6.273497 -17.230392 -14.660460  0.999644 0.026678 -0.000082  0.491500 0.113300 1 37 1.000000
0  -6.264359 -17.575533 -14.985709  0.999653 0.026344 0.000136  0.504400 0.127400 1 37 1.000000
0  -6.267158 -17.468664 -14.944415  0.999662 0.025997 0.000511  0.500000 0.125000 1 37 1.000000
v_nailgun.tga
0  -5.936231 -18.263760 -14.205121  0.999584 0.028848 -0.000097  0.497600 0.049100 1 37 1.000000
0  -5.939428 -18.153131 -14.293738  0.999585 0.028802 -0.000093  0.501200 0.056700 1 37 1.000000
0  -5.946207 -17.917177 -13.912444  0.999581 0.028962 -0.000222  0.481200 0.068100 1 37 1.000000
v_nailgun.tga
0  -5.936231 -18.263760 -14.205121  0.999584 0.028848 -0.000097  0.497600 0.049100 1 37 1.000000
0  -5.946207 -17.917177 -13.912444  0.999581 0.028962 -0.000222  0.481200 0.068100 1 37 1.000000
0  -5.934338 -18.328415 -13.982828  0.999568 0.029376 0.000177  0.487100 0.044100 1 37 1.000000
v_nailgun.tga
0  -5.934338 -18.328415 -13.982828  0.999568 0.029376 0.000177  0.487100 0.044100 1 37 1.000000
0  -5.946207 -17.917177 -13.912444  0.999581 0.028962 -0.000222  0.481200 0.068100 1 37 1.000000
0  -5.923192 -18.708239 -13.634855  0.999569 0.029359 0.000173  0.472800 0.019900 1 37 1.000000
v_nailgun.tga
0  -5.934338 -18.328415 -13.982828  0.999568 0.029376 0.000177  0.487100 0.044100 1 37 1.000000
0  -5.923192 -18.708239 -13.634855  0.999569 0.029359 0.000173  0.472800 0.019900 1 37 1.000000
0  -5.929236 -18.500292 -13.886768  0.999558 0.029715 0.000151  0.483500 0.033400 1 37 1.000000
v_nailgun.tga
0  -5.929236 -18.500292 -13.886768  0.999558 0.029715 0.000151  0.483500 0.033400 1 37 1.000000
0  -5.923192 -18.708239 -13.634855  0.999569 0.029359 0.000173  0.472800 0.019900 1 37 1.000000
0  -5.920732 -18.790699 -13.719226  0.999570 0.029316 0.000027  0.477000 0.015300 1 37 1.000000
v_nailgun.tga
0  -5.929236 -18.500292 -13.886768  0.999558 0.029715 0.000151  0.483500 0.033400 1 37 1.000000
0  -5.920732 -18.790699 -13.719226  0.999570 0.029316 0.000027  0.477000 0.015300 1 37 1.000000
0  -5.924053 -18.679159 -13.973676  0.999574 0.029185 -0.000245  0.488800 0.023100 1 37 1.000000
v_nailgun.tga
0  -5.924053 -18.679159 -13.973676  -0.020027 0.741778 -0.670346  0.485100 0.925500 1 37 1.000000
0  -6.708985 -18.699690 -13.972977  -0.020012 0.741621 -0.670520  0.485100 0.901300 1 37 1.000000
0  -6.713066 -18.520893 -13.886065  -0.012237 0.436886 -0.899433  0.492500 0.901300 1 37 1.000000
v_nailgun.tga
0  -5.924053 -18.679159 -13.973676  -0.020027 0.741778 -0.670346  0.485100 0.925500 1 37 1.000000
0  -6.713066 -18.520893 -13.886065  -0.012237 0.436886 -0.899433  0.492500 0.901300 1 37 1.000000
0  -5.929236 -18.500292 -13.886768  -0.012249 0.437141 -0.899310  0.492500 0.925500 1 37 1.000000
v_nailgun.tga
0  -5.924053 -18.679159 -13.973676  0.999574 0.029185 -0.000245  0.488800 0.023100 1 37 1.000000
0  -5.920732 -18.790699 -13.719226  0.999570 0.029316 0.000027  0.477000 0.015300 1 37 1.000000
0  -5.918474 -18.869286 -13.893188  0.999572 0.029273 -0.000209  0.485400 0.011000 1 37 1.000000
v_nailgun.tga
0  -5.924053 -18.679159 -13.973676  0.999574 0.029185 -0.000245  0.488800 0.023100 1 37 1.000000
0  -5.918474 -18.869286 -13.893188  0.999572 0.029273 -0.000209  0.485400 0.011000 1 37 1.000000
0  -5.921742 -18.759737 -14.193195  0.999568 0.029405 -0.000062  0.500100 0.018700 1 37 1.000000
v_nailgun.tga
0  -5.921742 -18.759737 -14.193195  -0.026145 0.999097 -0.033495  0.477700 0.925500 1 37 1.000000
0  -6.707075 -18.780275 -14.192398  -0.026179 0.999078 -0.034025  0.477700 0.901300 1 37 1.000000
0  -6.708985 -18.699690 -13.972977  -0.020012 0.741621 -0.670520  0.485100 0.901300 1 37 1.000000
v_nailgun.tga
0  -5.921742 -18.759737 -14.193195  -0.026145 0.999097 -0.033495  0.477700 0.925500 1 37 1.000000
0  -6.708985 -18.699690 -13.972977  -0.020012 0.741621 -0.670520  0.485100 0.901300 1 37 1.000000
0  -5.924053 -18.679159 -13.973676  -0.020027 0.741778 -0.670346  0.485100 0.925500 1 37 1.000000
v_nailgun.tga
0  -5.921742 -18.759737 -14.193195  0.999568 0.029405 -0.000062  0.500100 0.018700 1 37 1.000000
0  -5.918474 -18.869286 -13.893188  0.999572 0.029273 -0.000209  0.485400 0.011000 1 37 1.000000
0  -5.917243 -18.912470 -14.210474  0.999568 0.029395 -0.000084  0.501300 0.009000 1 37 1.000000
v_nailgun.tga
0  -5.921742 -18.759737 -14.193195  0.999568 0.029405 -0.000062  0.500100 0.018700 1 37 1.000000
0  -5.917243 -18.912470 -14.210474  0.999568 0.029395 -0.000084  0.501300 0.009000 1 37 1.000000
0  -5.923649 -18.694601 -14.416006  0.999574 0.029196 0.000002  0.511200 0.023500 1 37 1.000000
v_nailgun.tga
0  -5.923649 -18.694601 -14.416006  -0.019843 0.780572 0.624751  0.529500 0.925500 1 37 1.000000
0  -6.708581 -18.715132 -14.415308  -0.019869 0.780864 0.624385  0.529500 0.901300 1 37 1.000000
0  -6.707075 -18.780275 -14.192398  -0.026179 0.999078 -0.034025  0.536900 0.901300 1 37 1.000000
v_nailgun.tga
0  -5.923649 -18.694601 -14.416006  -0.019843 0.780572 0.624751  0.529500 0.925500 1 37 1.000000
0  -6.707075 -18.780275 -14.192398  -0.026179 0.999078 -0.034025  0.536900 0.901300 1 37 1.000000
0  -5.921742 -18.759737 -14.193195  -0.026145 0.999097 -0.033495  0.536900 0.925500 1 37 1.000000
v_nailgun.tga
0  -5.923649 -18.694601 -14.416006  0.999574 0.029196 0.000002  0.511200 0.023500 1 37 1.000000
0  -5.917243 -18.912470 -14.210474  0.999568 0.029395 -0.000084  0.501300 0.009000 1 37 1.000000
0  -5.917772 -18.896084 -14.529040  0.999575 0.029166 -0.000057  0.517700 0.011100 1 37 1.000000
v_nailgun.tga
0  -5.923649 -18.694601 -14.416006  0.999574 0.029196 0.000002  0.511200 0.023500 1 37 1.000000
0  -5.917772 -18.896084 -14.529040  0.999575 0.029166 -0.000057  0.517700 0.011100 1 37 1.000000
0  -5.928662 -18.522196 -14.511383  0.999571 0.029284 -0.000141  0.515300 0.034900 1 37 1.000000
v_nailgun.tga
0  -5.928662 -18.522196 -14.511383  -0.011875 0.483778 0.875110  0.522100 0.925500 1 37 1.000000
0  -6.712495 -18.542700 -14.510685  -0.011876 0.483777 0.875111  0.522100 0.901300 1 37 1.000000
0  -6.708581 -18.715132 -14.415308  -0.019869 0.780864 0.624385  0.529500 0.901300 1 37 1.000000
v_nailgun.tga
0  -5.928662 -18.522196 -14.511383  -0.011875 0.483778 0.875110  0.522100 0.925500 1 37 1.000000
0  -6.708581 -18.715132 -14.415308  -0.019869 0.780864 0.624385  0.529500 0.901300 1 37 1.000000
0  -5.923649 -18.694601 -14.416006  -0.019843 0.780572 0.624751  0.529500 0.925500 1 37 1.000000
v_nailgun.tga
0  -5.928662 -18.522196 -14.511383  0.999571 0.029284 -0.000141  0.515300 0.034900 1 37 1.000000
0  -5.922009 -18.753416 -14.794283  0.999569 0.029345 -0.000477  0.530900 0.021500 1 37 1.000000
0  -5.936658 -18.251266 -14.804123  0.999582 0.028915 -0.000163  0.528900 0.054500 1 37 1.000000
v_nailgun.tga
0  -5.928662 -18.522196 -14.511383  0.999571 0.029284 -0.000141  0.515300 0.034900 1 37 1.000000
0  -5.936658 -18.251266 -14.804123  0.999582 0.028915 -0.000163  0.528900 0.054500 1 37 1.000000
0  -5.933934 -18.343811 -14.423860  0.999575 0.029166 -0.000061  0.509700 0.045700 1 37 1.000000
v_nailgun.tga
0  -5.928662 -18.522196 -14.511383  0.999571 0.029284 -0.000141  0.515300 0.034900 1 37 1.000000
0  -5.917772 -18.896084 -14.529040  0.999575 0.029166 -0.000057  0.517700 0.011100 1 37 1.000000
0  -5.919708 -18.829758 -14.706264  0.999571 0.029295 -0.000305  0.526600 0.016100 1 37 1.000000
v_nailgun.tga
0  -5.928662 -18.522196 -14.511383  0.999571 0.029284 -0.000141  0.515300 0.034900 1 37 1.000000
0  -5.919708 -18.829758 -14.706264  0.999571 0.029295 -0.000305  0.526600 0.016100 1 37 1.000000
0  -5.922009 -18.753416 -14.794283  0.999569 0.029345 -0.000477  0.530900 0.021500 1 37 1.000000
v_nailgun.tga
0  -5.933934 -18.343811 -14.423860  0.012324 -0.440195 0.897818  0.514700 0.925500 1 37 1.000000
0  -6.716565 -18.364380 -14.423157  0.012378 -0.440364 0.897734  0.514700 0.901300 1 37 1.000000
0  -6.712495 -18.542700 -14.510685  0.012368 -0.440332 0.897750  0.522100 0.901300 1 37 1.000000
v_nailgun.tga
0  -5.933934 -18.343811 -14.423860  0.012324 -0.440195 0.897818  0.514700 0.925500 1 37 1.000000
0  -6.712495 -18.542700 -14.510685  0.012368 -0.440332 0.897750  0.522100 0.901300 1 37 1.000000
0  -5.928662 -18.522196 -14.511383  0.012314 -0.440163 0.897833  0.522100 0.925500 1 37 1.000000
v_nailgun.tga
0  -5.933934 -18.343811 -14.423860  0.999575 0.029166 -0.000061  0.509700 0.045700 1 37 1.000000
0  -5.936658 -18.251266 -14.804123  0.999582 0.028915 -0.000163  0.528900 0.054500 1 37 1.000000
0  -5.936231 -18.263760 -14.205121  0.999584 0.028848 -0.000097  0.497600 0.049100 1 37 1.000000
v_nailgun.tga
0  -5.956816 -17.550207 -13.669009  -0.009945 0.411026 0.911569  0.830600 0.262100 1 37 1.000000
0  -5.968252 -17.151705 -13.848832  -0.017273 0.685515 0.727854  0.841600 0.262100 1 37 1.000000
0  -6.744588 -17.172009 -13.848132  -0.017285 0.685312 0.728044  0.841600 0.278000 1 37 1.000000
v_nailgun.tga
0  -5.956816 -17.550207 -13.669009  -0.009945 0.411026 0.911569  0.830600 0.262100 1 37 1.000000
0  -6.744588 -17.172009 -13.848132  -0.017285 0.685312 0.728044  0.841600 0.278000 1 37 1.000000
0  -6.735147 -17.570665 -13.668306  -0.009977 0.410964 0.911597  0.830600 0.278000 1 37 1.000000
v_nailgun.tga
0  -5.956816 -17.550207 -13.669009  0.999583 0.028874 -0.000101  0.467500 0.088100 1 37 1.000000
0  -5.956718 -17.553917 -13.775244  0.999571 0.029300 -0.000296  0.472400 0.088800 1 37 1.000000
0  -5.966797 -17.203455 -13.933077  0.999595 0.028446 -0.000190  0.472200 0.110800 1 37 1.000000
v_nailgun.tga
0  -5.956816 -17.550207 -13.669009  0.999583 0.028874 -0.000101  0.467500 0.088100 1 37 1.000000
0  -5.966797 -17.203455 -13.933077  0.999595 0.028446 -0.000190  0.472200 0.110800 1 37 1.000000
0  -5.968252 -17.151705 -13.848832  0.999594 0.028493 -0.000213  0.467500 0.111800 1 37 1.000000
v_nailgun.tga
0  -5.956657 -17.556250 -13.842103  -0.011273 0.353382 -0.935411  0.839000 0.908100 1 37 1.000000
0  -5.947074 -17.887894 -13.967501  -0.018323 0.635367 -0.771993  0.852600 0.908100 1 37 1.000000
0  -6.754697 -17.909018 -13.966801  -0.017318 0.635825 -0.771639  0.852600 0.933200 1 37 1.000000
v_nailgun.tga
0  -5.956657 -17.556250 -13.842103  -0.011273 0.353382 -0.935411  0.839000 0.908100 1 37 1.000000
0  -6.754697 -17.909018 -13.966801  -0.017318 0.635825 -0.771639  0.852600 0.933200 1 37 1.000000
0  -6.762479 -17.577431 -13.841401  -0.010103 0.353508 -0.935377  0.839000 0.933200 1 37 1.000000
v_nailgun.tga
0  -5.956657 -17.556250 -13.842103  -0.011273 0.353382 -0.935411  0.477800 0.089900 1 37 1.000000
0  -5.928867 -17.555527 -13.842203  -0.012477 0.353338 -0.935412  0.476200 0.089200 1 37 1.000000
0  -5.919183 -17.887165 -13.967601  -0.019391 0.636179 -0.771298  0.484500 0.071000 1 37 1.000000
v_nailgun.tga
0  -5.956657 -17.556250 -13.842103  -0.011273 0.353382 -0.935411  0.477800 0.089900 1 37 1.000000
0  -5.919183 -17.887165 -13.967601  -0.019391 0.636179 -0.771298  0.484500 0.071000 1 37 1.000000
0  -5.947074 -17.887894 -13.967501  -0.018323 0.635367 -0.771993  0.484500 0.071000 1 37 1.000000
v_nailgun.tga
0  -5.968252 -17.151705 -13.848832  -0.017273 0.685515 0.727854  0.841600 0.262100 1 37 1.000000
0  -5.974957 -16.918587 -14.293743  -0.025293 0.974710 0.222039  0.852700 0.262100 1 37 1.000000
0  -6.750092 -16.938860 -14.293044  -0.025291 0.974646 0.222319  0.852700 0.278000 1 37 1.000000
v_nailgun.tga
0  -5.968252 -17.151705 -13.848832  -0.017273 0.685515 0.727854  0.841600 0.262100 1 37 1.000000
0  -6.750092 -16.938860 -14.293044  -0.025291 0.974646 0.222319  0.852700 0.278000 1 37 1.000000
0  -6.744588 -17.172009 -13.848132  -0.017285 0.685312 0.728044  0.841600 0.278000 1 37 1.000000
v_nailgun.tga
0  -5.968252 -17.151705 -13.848832  0.999594 0.028493 -0.000213  0.467500 0.111800 1 37 1.000000
0  -5.966797 -17.203455 -13.933077  0.999595 0.028446 -0.000190  0.472200 0.110800 1 37 1.000000
0  -5.972670 -16.998266 -14.324180  0.999588 0.028698 -0.000066  0.481900 0.131100 1 37 1.000000
v_nailgun.tga
0  -5.968252 -17.151705 -13.848832  0.999594 0.028493 -0.000213  0.467500 0.111800 1 37 1.000000
0  -5.972670 -16.998266 -14.324180  0.999588 0.028698 -0.000066  0.481900 0.131100 1 37 1.000000
0  -5.974957 -16.918587 -14.293743  0.999588 0.028712 -0.000055  0.478100 0.134500 1 37 1.000000
v_nailgun.tga
0  -5.974957 -16.918587 -14.293743  -0.025293 0.974710 0.222039  0.852700 0.262100 1 37 1.000000
0  -5.974463 -16.937454 -14.834214  -0.025299 0.957335 -0.287870  0.863800 0.262100 1 37 1.000000
0  -6.749598 -16.957727 -14.833514  -0.025301 0.957417 -0.287597  0.863800 0.278000 1 37 1.000000
v_nailgun.tga
0  -5.974957 -16.918587 -14.293743  -0.025293 0.974710 0.222039  0.852700 0.262100 1 37 1.000000
0  -6.749598 -16.957727 -14.833514  -0.025301 0.957417 -0.287597  0.863800 0.278000 1 37 1.000000
0  -6.750092 -16.938860 -14.293044  -0.025291 0.974646 0.222319  0.852700 0.278000 1 37 1.000000
v_nailgun.tga
0  -5.974957 -16.918587 -14.293743  0.999588 0.028712 -0.000055  0.478100 0.134500 1 37 1.000000
0  -5.972670 -16.998266 -14.324180  0.999588 0.028698 -0.000066  0.481900 0.131100 1 37 1.000000
0  -5.972236 -17.014860 -14.799489  0.999588 0.028691 -0.000141  0.502500 0.143700 1 37 1.000000
v_nailgun.tga
0  -5.974957 -16.918587 -14.293743  0.999588 0.028712 -0.000055  0.478100 0.134500 1 37 1.000000
0  -5.972236 -17.014860 -14.799489  0.999588 0.028691 -0.000141  0.502500 0.143700 1 37 1.000000
0  -5.974463 -16.937454 -14.834214  0.999589 0.028669 -0.000135  0.501300 0.149300 1 37 1.000000
v_nailgun.tga
0  -5.974463 -16.937454 -14.834214  -0.025299 0.957335 -0.287870  0.863800 0.262100 1 37 1.000000
0  -5.966956 -17.201174 -15.265868  -0.017464 0.640636 -0.767646  0.874900 0.262100 1 37 1.000000
0  -6.743292 -17.221479 -15.265169  -0.017451 0.640803 -0.767507  0.874900 0.278000 1 37 1.000000
v_nailgun.tga
0  -5.974463 -16.937454 -14.834214  -0.025299 0.957335 -0.287870  0.863800 0.262100 1 37 1.000000
0  -6.743292 -17.221479 -15.265169  -0.017451 0.640803 -0.767507  0.874900 0.278000 1 37 1.000000
0  -6.749598 -16.957727 -14.833514  -0.025301 0.957417 -0.287597  0.863800 0.278000 1 37 1.000000
v_nailgun.tga
0  -5.974463 -16.937454 -14.834214  0.999589 0.028669 -0.000135  0.501300 0.149300 1 37 1.000000
0  -5.972236 -17.014860 -14.799489  0.999588 0.028691 -0.000141  0.502500 0.143700 1 37 1.000000
0  -5.965657 -17.246956 -15.179118  0.999593 0.028515 0.000065  0.529200 0.139800 1 37 1.000000
v_nailgun.tga
0  -5.974463 -16.937454 -14.834214  0.999589 0.028669 -0.000135  0.501300 0.149300 1 37 1.000000
0  -5.965657 -17.246956 -15.179118  0.999593 0.028515 0.000065  0.529200 0.139800 1 37 1.000000
0  -5.966956 -17.201174 -15.265868  0.999593 0.028534 0.000069  0.532600 0.145700 1 37 1.000000
v_nailgun.tga
0  -5.966956 -17.201174 -15.265868  -0.017464 0.640636 -0.767646  0.874900 0.262100 1 37 1.000000
0  -5.955210 -17.611515 -15.425138  -0.010345 0.361561 -0.932291  0.885900 0.262100 1 37 1.000000
0  -6.733541 -17.631973 -15.424436  -0.010309 0.361511 -0.932311  0.885900 0.278000 1 37 1.000000
v_nailgun.tga
0  -5.966956 -17.201174 -15.265868  -0.017464 0.640636 -0.767646  0.874900 0.262100 1 37 1.000000
0  -6.733541 -17.631973 -15.424436  -0.010309 0.361511 -0.932311  0.885900 0.278000 1 37 1.000000
0  -6.743292 -17.221479 -15.265169  -0.017451 0.640803 -0.767507  0.874900 0.278000 1 37 1.000000
v_nailgun.tga
0  -5.966956 -17.201174 -15.265868  0.999593 0.028534 0.000069  0.532600 0.145700 1 37 1.000000
0  -5.965657 -17.246956 -15.179118  0.999593 0.028515 0.000065  0.529200 0.139800 1 37 1.000000
0  -5.955307 -17.607809 -15.319003  0.999585 0.028800 -0.000081  0.547400 0.113800 1 37 1.000000
v_nailgun.tga
0  -5.966956 -17.201174 -15.265868  0.999593 0.028534 0.000069  0.532600 0.145700 1 37 1.000000
0  -5.955307 -17.607809 -15.319003  0.999585 0.028800 -0.000081  0.547400 0.113800 1 37 1.000000
0  -5.955210 -17.611515 -15.425138  0.999586 0.028784 -0.000123  0.554300 0.115800 1 37 1.000000
v_nailgun.tga
0  -6.768929 -17.296783 -15.123679  0.010310 -0.360656 0.932642  0.920500 0.933200 1 37 1.000000
0  -6.761189 -17.626652 -15.251341  0.000297 0.022570 0.999745  0.906900 0.933200 1 37 1.000000
0  -5.955368 -17.605473 -15.252044  0.002201 0.022262 0.999750  0.906900 0.908100 1 37 1.000000
v_nailgun.tga
0  -6.768929 -17.296783 -15.123679  0.010310 -0.360656 0.932642  0.920500 0.933200 1 37 1.000000
0  -5.955368 -17.605473 -15.252044  0.002201 0.022262 0.999750  0.906900 0.908100 1 37 1.000000
0  -5.964803 -17.275753 -15.124478  0.009899 -0.360562 0.932683  0.920500 0.908100 1 37 1.000000
v_nailgun.tga
0  -5.955210 -17.611515 -15.425138  0.999586 0.028784 -0.000123  0.554300 0.115800 1 37 1.000000
0  -5.955307 -17.607809 -15.319003  0.999585 0.028800 -0.000081  0.547400 0.113800 1 37 1.000000
0  -5.945063 -17.960886 -15.164481  0.999590 0.028644 -0.000306  0.545500 0.081700 1 37 1.000000
v_nailgun.tga
0  -5.955210 -17.611515 -15.425138  0.999586 0.028784 -0.000123  0.554300 0.115800 1 37 1.000000
0  -5.945063 -17.960886 -15.164481  0.999590 0.028644 -0.000306  0.545500 0.081700 1 37 1.000000
0  -5.943590 -18.013271 -15.249703  0.999589 0.028671 -0.000335  0.551800 0.079100 1 37 1.000000
v_nailgun.tga
0  -6.761189 -17.626652 -15.251341  0.000297 0.022570 0.999745  0.906900 0.933200 1 37 1.000000
0  -6.753652 -17.948931 -15.110104  -0.017116 0.679545 0.733435  0.893300 0.933200 1 37 1.000000
0  -5.946029 -17.927807 -15.110804  -0.018205 0.679267 0.733666  0.893300 0.908100 1 37 1.000000
v_nailgun.tga
0  -6.761189 -17.626652 -15.251341  0.000297 0.022570 0.999745  0.906900 0.933200 1 37 1.000000
0  -5.946029 -17.927807 -15.110804  -0.018205 0.679267 0.733666  0.893300 0.908100 1 37 1.000000
0  -5.955368 -17.605473 -15.252044  0.002201 0.022262 0.999750  0.906900 0.908100 1 37 1.000000
v_nailgun.tga
0  -5.955368 -17.605473 -15.252044  0.002201 0.022262 0.999750  0.539900 0.111700 1 37 1.000000
0  -5.927578 -17.604750 -15.252144  0.002710 0.022852 0.999735  0.541500 0.112500 1 37 1.000000
0  -5.937013 -17.275026 -15.124478  0.009455 -0.360157 0.932844  0.525700 0.135400 1 37 1.000000
v_nailgun.tga
0  -5.955368 -17.605473 -15.252044  0.002201 0.022262 0.999750  0.539900 0.111700 1 37 1.000000
0  -5.937013 -17.275026 -15.124478  0.009455 -0.360157 0.932844  0.525700 0.135400 1 37 1.000000
0  -5.964803 -17.275753 -15.124478  0.009899 -0.360562 0.932683  0.525400 0.134000 1 37 1.000000
v_nailgun.tga
0  -5.943590 -18.013271 -15.249703  0.999589 0.028671 -0.000335  0.551800 0.079100 1 37 1.000000
0  -5.945063 -17.960886 -15.164481  0.999590 0.028644 -0.000306  0.545500 0.081700 1 37 1.000000
0  -5.938991 -18.169853 -14.772745  0.999588 0.028702 -0.000147  0.526100 0.060000 1 37 1.000000
v_nailgun.tga
0  -5.943590 -18.013271 -15.249703  0.999589 0.028671 -0.000335  0.551800 0.079100 1 37 1.000000
0  -5.938991 -18.169853 -14.772745  0.999588 0.028702 -0.000147  0.526100 0.060000 1 37 1.000000
0  -5.936658 -18.251266 -14.804123  0.999582 0.028915 -0.000163  0.528900 0.054500 1 37 1.000000
v_nailgun.tga
0  -6.753652 -17.948931 -15.110104  -0.017116 0.679545 0.733435  0.893300 0.933200 1 37 1.000000
0  -6.749356 -18.139713 -14.752326  -0.025250 0.973964 0.225293  0.879800 0.933200 1 37 1.000000
0  -5.940533 -18.118561 -14.753124  -0.025372 0.973865 0.225705  0.879800 0.908100 1 37 1.000000
v_nailgun.tga
0  -6.753652 -17.948931 -15.110104  -0.017116 0.679545 0.733435  0.893300 0.933200 1 37 1.000000
0  -5.940533 -18.118561 -14.753124  -0.025372 0.973865 0.225705  0.879800 0.908100 1 37 1.000000
0  -5.946029 -17.927807 -15.110804  -0.018205 0.679267 0.733666  0.893300 0.908100 1 37 1.000000
v_nailgun.tga
0  -5.946029 -17.927807 -15.110804  -0.018205 0.679267 0.733666  0.538600 0.084400 1 37 1.000000
0  -5.918138 -17.927076 -15.110804  -0.017793 0.679479 0.733479  0.539800 0.083600 1 37 1.000000
0  -5.927578 -17.604750 -15.252144  0.002710 0.022852 0.999735  0.541500 0.112500 1 37 1.000000
v_nailgun.tga
0  -5.946029 -17.927807 -15.110804  -0.018205 0.679267 0.733666  0.538600 0.084400 1 37 1.000000
0  -5.927578 -17.604750 -15.252144  0.002710 0.022852 0.999735  0.541500 0.112500 1 37 1.000000
0  -5.955368 -17.605473 -15.252044  0.002201 0.022262 0.999750  0.539900 0.111700 1 37 1.000000
v_nailgun.tga
0  -5.936658 -18.251266 -14.804123  0.999582 0.028915 -0.000163  0.528900 0.054500 1 37 1.000000
0  -5.938991 -18.169853 -14.772745  0.999588 0.028702 -0.000147  0.526100 0.060000 1 37 1.000000
0  -5.939428 -18.153131 -14.293738  0.999585 0.028802 -0.000093  0.501200 0.056700 1 37 1.000000
v_nailgun.tga
0  -5.936658 -18.251266 -14.804123  0.999582 0.028915 -0.000163  0.528900 0.054500 1 37 1.000000
0  -5.939428 -18.153131 -14.293738  0.999585 0.028802 -0.000093  0.501200 0.056700 1 37 1.000000
0  -5.936231 -18.263760 -14.205121  0.999584 0.028848 -0.000097  0.497600 0.049100 1 37 1.000000
v_nailgun.tga
0  -6.749356 -18.139713 -14.752326  -0.025250 0.973964 0.225293  0.879800 0.933200 1 37 1.000000
0  -6.749756 -18.124447 -14.314992  -0.025284 0.956605 -0.290287  0.866200 0.933200 1 37 1.000000
0  -5.940933 -18.103292 -14.315792  -0.025170 0.956645 -0.290167  0.866200 0.908100 1 37 1.000000
v_nailgun.tga
0  -6.749356 -18.139713 -14.752326  -0.025250 0.973964 0.225293  0.879800 0.933200 1 37 1.000000
0  -5.940933 -18.103292 -14.315792  -0.025170 0.956645 -0.290167  0.866200 0.908100 1 37 1.000000
0  -5.940533 -18.118561 -14.753124  -0.025372 0.973865 0.225705  0.879800 0.908100 1 37 1.000000
v_nailgun.tga
0  -5.940533 -18.118561 -14.753124  -0.025372 0.973865 0.225705  0.522900 0.065600 1 37 1.000000
0  -5.912542 -18.117828 -14.753124  -0.025476 0.973907 0.225514  0.523700 0.064400 1 37 1.000000
0  -5.918138 -17.927076 -15.110804  -0.017793 0.679479 0.733479  0.539800 0.083600 1 37 1.000000
v_nailgun.tga
0  -5.940533 -18.118561 -14.753124  -0.025372 0.973865 0.225705  0.522900 0.065600 1 37 1.000000
0  -5.918138 -17.927076 -15.110804  -0.017793 0.679479 0.733479  0.539800 0.083600 1 37 1.000000
0  -5.946029 -17.927807 -15.110804  -0.018205 0.679267 0.733666  0.538600 0.084400 1 37 1.000000
v_nailgun.tga
0  -6.749756 -18.124447 -14.314992  -0.025284 0.956605 -0.290287  0.866200 0.933200 1 37 1.000000
0  -6.754697 -17.909018 -13.966801  -0.017318 0.635825 -0.771639  0.852600 0.933200 1 37 1.000000
0  -5.947074 -17.887894 -13.967501  -0.018323 0.635367 -0.771993  0.852600 0.908100 1 37 1.000000
v_nailgun.tga
0  -6.749756 -18.124447 -14.314992  -0.025284 0.956605 -0.290287  0.866200 0.933200 1 37 1.000000
0  -5.947074 -17.887894 -13.967501  -0.018323 0.635367 -0.771993  0.852600 0.908100 1 37 1.000000
0  -5.940933 -18.103292 -14.315792  -0.025170 0.956645 -0.290167  0.866200 0.908100 1 37 1.000000
v_nailgun.tga
0  -5.940933 -18.103292 -14.315792  -0.025170 0.956645 -0.290167  0.502300 0.062400 1 37 1.000000
0  -5.912943 -18.102560 -14.315792  -0.025076 0.956660 -0.290124  0.502100 0.061100 1 37 1.000000
0  -5.912542 -18.117828 -14.753124  -0.025476 0.973907 0.225514  0.523700 0.064400 1 37 1.000000
v_nailgun.tga
0  -5.940933 -18.103292 -14.315792  -0.025170 0.956645 -0.290167  0.502300 0.062400 1 37 1.000000
0  -5.912542 -18.117828 -14.753124  -0.025476 0.973907 0.225514  0.523700 0.064400 1 37 1.000000
0  -5.940533 -18.118561 -14.753124  -0.025372 0.973865 0.225705  0.522900 0.065600 1 37 1.000000
v_nailgun.tga
0  -5.947074 -17.887894 -13.967501  -0.018323 0.635367 -0.771993  0.484500 0.071000 1 37 1.000000
0  -5.919183 -17.887165 -13.967601  -0.019391 0.636179 -0.771298  0.484500 0.071000 1 37 1.000000
0  -5.912943 -18.102560 -14.315792  -0.025076 0.956660 -0.290124  0.502100 0.061100 1 37 1.000000
v_nailgun.tga
0  -5.947074 -17.887894 -13.967501  -0.018323 0.635367 -0.771993  0.484500 0.071000 1 37 1.000000
0  -5.912943 -18.102560 -14.315792  -0.025076 0.956660 -0.290124  0.502100 0.061100 1 37 1.000000
0  -5.940933 -18.103292 -14.315792  -0.025170 0.956645 -0.290167  0.502300 0.062400 1 37 1.000000
v_nailgun.tga
0  -5.923192 -18.708239 -13.634855  0.999569 0.029359 0.000173  0.472800 0.019900 1 37 1.000000
0  -5.946207 -17.917177 -13.912444  0.999581 0.028962 -0.000222  0.481200 0.068100 1 37 1.000000
0  -5.956718 -17.553917 -13.775244  0.999571 0.029300 -0.000296  0.472400 0.088800 1 37 1.000000
v_nailgun.tga
0  -5.923192 -18.708239 -13.634855  0.999569 0.029359 0.000173  0.472800 0.019900 1 37 1.000000
0  -5.956718 -17.553917 -13.775244  0.999571 0.029300 -0.000296  0.472400 0.088800 1 37 1.000000
0  -5.956816 -17.550207 -13.669009  0.999583 0.028874 -0.000101  0.467500 0.088100 1 37 1.000000
v_nailgun.tga
0  -5.928867 -17.555527 -13.842203  0.999572 0.029260 -0.000188  0.476200 0.089200 1 37 1.000000
0  -5.928928 -17.553190 -13.775244  0.999581 0.028950 -0.000077  0.473600 0.089000 1 37 1.000000
0  -5.918316 -17.916447 -13.912444  0.999574 0.029201 -0.000204  0.481200 0.068100 1 37 1.000000
v_nailgun.tga
0  -5.928867 -17.555527 -13.842203  0.999572 0.029260 -0.000188  0.476200 0.089200 1 37 1.000000
0  -5.918316 -17.916447 -13.912444  0.999574 0.029201 -0.000204  0.481200 0.068100 1 37 1.000000
0  -5.919183 -17.887165 -13.967601  0.999575 0.029158 -0.000197  0.484500 0.071000 1 37 1.000000
v_nailgun.tga
0  -5.938054 -17.235291 -13.986272  0.999581 0.028959 0.000157  0.476200 0.109000 1 37 1.000000
0  -5.939007 -17.202730 -13.933177  0.999607 0.028043 0.000122  0.473200 0.109600 1 37 1.000000
0  -5.928928 -17.553190 -13.775244  0.999581 0.028950 -0.000077  0.473600 0.089000 1 37 1.000000
v_nailgun.tga
0  -5.938054 -17.235291 -13.986272  0.999581 0.028959 0.000157  0.476200 0.109000 1 37 1.000000
0  -5.928928 -17.553190 -13.775244  0.999581 0.028950 -0.000077  0.473600 0.089000 1 37 1.000000
0  -5.928867 -17.555527 -13.842203  0.999572 0.029260 -0.000188  0.476200 0.089200 1 37 1.000000
v_nailgun.tga
0  -5.943465 -17.047720 -14.343439  0.999588 0.028718 0.000010  0.484600 0.127300 1 37 1.000000
0  -5.944880 -16.997541 -14.324279  0.999601 0.028232 -0.000136  0.481900 0.131100 1 37 1.000000
0  -5.939007 -17.202730 -13.933177  0.999607 0.028043 0.000122  0.473200 0.109600 1 37 1.000000
v_nailgun.tga
0  -5.943465 -17.047720 -14.343439  0.999588 0.028718 0.000010  0.484600 0.127300 1 37 1.000000
0  -5.939007 -17.202730 -13.933177  0.999607 0.028043 0.000122  0.473200 0.109600 1 37 1.000000
0  -5.938054 -17.235291 -13.986272  0.999581 0.028959 0.000157  0.476200 0.109000 1 37 1.000000
v_nailgun.tga
0  -5.943069 -17.062880 -14.777675  0.999601 0.028258 0.000028  0.502700 0.138700 1 37 1.000000
0  -5.944446 -17.014132 -14.799489  0.999600 0.028295 0.000021  0.501900 0.142000 1 37 1.000000
0  -5.944880 -16.997541 -14.324279  0.999601 0.028232 -0.000136  0.481900 0.131100 1 37 1.000000
v_nailgun.tga
0  -5.943069 -17.062880 -14.777675  0.999601 0.028258 0.000028  0.502700 0.138700 1 37 1.000000
0  -5.944880 -16.997541 -14.324279  0.999601 0.028232 -0.000136  0.481900 0.131100 1 37 1.000000
0  -5.943465 -17.047720 -14.343439  0.999588 0.028718 0.000010  0.484600 0.127300 1 37 1.000000
v_nailgun.tga
0  -5.937013 -17.275026 -15.124478  0.999602 0.028199 -0.000185  0.525700 0.135400 1 37 1.000000
0  -5.937867 -17.246227 -15.179118  0.999584 0.028833 -0.000394  0.527800 0.138800 1 37 1.000000
0  -5.944446 -17.014132 -14.799489  0.999600 0.028295 0.000021  0.501900 0.142000 1 37 1.000000
v_nailgun.tga
0  -5.937013 -17.275026 -15.124478  0.999602 0.028199 -0.000185  0.525700 0.135400 1 37 1.000000
0  -5.944446 -17.014132 -14.799489  0.999600 0.028295 0.000021  0.501900 0.142000 1 37 1.000000
0  -5.943069 -17.062880 -14.777675  0.999601 0.028258 0.000028  0.502700 0.138700 1 37 1.000000
v_nailgun.tga
0  -5.927578 -17.604750 -15.252144  0.999593 0.028508 -0.000251  0.541500 0.112500 1 37 1.000000
0  -5.927517 -17.607082 -15.319003  0.999580 0.028972 -0.000093  0.545700 0.113600 1 37 1.000000
0  -5.937867 -17.246227 -15.179118  0.999584 0.028833 -0.000394  0.527800 0.138800 1 37 1.000000
v_nailgun.tga
0  -5.927578 -17.604750 -15.252144  0.999593 0.028508 -0.000251  0.541500 0.112500 1 37 1.000000
0  -5.937867 -17.246227 -15.179118  0.999584 0.028833 -0.000394  0.527800 0.138800 1 37 1.000000
0  -5.937013 -17.275026 -15.124478  0.999602 0.028199 -0.000185  0.525700 0.135400 1 37 1.000000
v_nailgun.tga
0  -5.918138 -17.927076 -15.110804  0.999571 0.029275 -0.000035  0.539800 0.083600 1 37 1.000000
0  -5.917171 -17.960155 -15.164481  0.999573 0.029226 -0.000051  0.543700 0.081900 1 37 1.000000
0  -5.927517 -17.607082 -15.319003  0.999580 0.028972 -0.000093  0.545700 0.113600 1 37 1.000000
v_nailgun.tga
0  -5.918138 -17.927076 -15.110804  0.999571 0.029275 -0.000035  0.539800 0.083600 1 37 1.000000
0  -5.927517 -17.607082 -15.319003  0.999580 0.028972 -0.000093  0.545700 0.113600 1 37 1.000000
0  -5.927578 -17.604750 -15.252144  0.999593 0.028508 -0.000251  0.541500 0.112500 1 37 1.000000
v_nailgun.tga
0  -5.912542 -18.117828 -14.753124  0.999601 0.028247 -0.000210  0.523700 0.064400 1 37 1.000000
0  -5.911098 -18.169128 -14.772845  0.999601 0.028226 -0.000254  0.525400 0.061200 1 37 1.000000
0  -5.917171 -17.960155 -15.164481  0.999573 0.029226 -0.000051  0.543700 0.081900 1 37 1.000000
v_nailgun.tga
0  -5.912542 -18.117828 -14.753124  0.999601 0.028247 -0.000210  0.523700 0.064400 1 37 1.000000
0  -5.917171 -17.960155 -15.164481  0.999573 0.029226 -0.000051  0.543700 0.081900 1 37 1.000000
0  -5.918138 -17.927076 -15.110804  0.999571 0.029275 -0.000035  0.539800 0.083600 1 37 1.000000
v_nailgun.tga
0  -5.912943 -18.102560 -14.315792  0.999601 0.028240 0.000139  0.502100 0.061100 1 37 1.000000
0  -5.911537 -18.152407 -14.293837  0.999600 0.028294 0.000143  0.501400 0.058000 1 37 1.000000
0  -5.911098 -18.169128 -14.772845  0.999601 0.028226 -0.000254  0.525400 0.061200 1 37 1.000000
v_nailgun.tga
0  -5.912943 -18.102560 -14.315792  0.999601 0.028240 0.000139  0.502100 0.061100 1 37 1.000000
0  -5.911098 -18.169128 -14.772845  0.999601 0.028226 -0.000254  0.525400 0.061200 1 37 1.000000
0  -5.912542 -18.117828 -14.753124  0.999601 0.028247 -0.000210  0.523700 0.064400 1 37 1.000000
v_nailgun.tga
0  -5.919183 -17.887165 -13.967601  0.999575 0.029158 -0.000197  0.484500 0.071000 1 37 1.000000
0  -5.918316 -17.916447 -13.912444  0.999574 0.029201 -0.000204  0.481200 0.068100 1 37 1.000000
0  -5.911537 -18.152407 -14.293837  0.999600 0.028294 0.000143  0.501400 0.058000 1 37 1.000000
v_nailgun.tga
0  -5.919183 -17.887165 -13.967601  0.999575 0.029158 -0.000197  0.484500 0.071000 1 37 1.000000
0  -5.911537 -18.152407 -14.293837  0.999600 0.028294 0.000143  0.501400 0.058000 1 37 1.000000
0  -5.912943 -18.102560 -14.315792  0.999601 0.028240 0.000139  0.502100 0.061100 1 37 1.000000
v_nailgun.tga
0  -5.939007 -17.202730 -13.933177  -0.015817 0.685853 0.727568  0.473200 0.109600 1 37 1.000000
0  -5.966797 -17.203455 -13.933077  -0.015239 0.685205 0.728191  0.472200 0.110800 1 37 1.000000
0  -5.956718 -17.553917 -13.775244  -0.000710 0.030910 0.999522  0.472400 0.088800 1 37 1.000000
v_nailgun.tga
0  -5.939007 -17.202730 -13.933177  -0.015817 0.685853 0.727568  0.473200 0.109600 1 37 1.000000
0  -5.956718 -17.553917 -13.775244  -0.000710 0.030910 0.999522  0.472400 0.088800 1 37 1.000000
0  -5.928928 -17.553190 -13.775244  -0.000784 0.030416 0.999537  0.473600 0.089000 1 37 1.000000
v_nailgun.tga
0  -5.928928 -17.553190 -13.775244  -0.000784 0.030416 0.999537  0.473600 0.089000 1 37 1.000000
0  -5.956718 -17.553917 -13.775244  -0.000710 0.030910 0.999522  0.472400 0.088800 1 37 1.000000
0  -5.946207 -17.917177 -13.912444  0.016620 -0.635009 0.772326  0.481200 0.068100 1 37 1.000000
v_nailgun.tga
0  -5.928928 -17.553190 -13.775244  -0.000784 0.030416 0.999537  0.473600 0.089000 1 37 1.000000
0  -5.946207 -17.917177 -13.912444  0.016620 -0.635009 0.772326  0.481200 0.068100 1 37 1.000000
0  -5.918316 -17.916447 -13.912444  0.016671 -0.635687 0.771767  0.481200 0.068100 1 37 1.000000
v_nailgun.tga
0  -5.944880 -16.997541 -14.324279  -0.024634 0.974763 0.221880  0.481900 0.131100 1 37 1.000000
0  -5.972670 -16.998266 -14.324180  -0.024627 0.974556 0.222787  0.481900 0.131100 1 37 1.000000
0  -5.966797 -17.203455 -13.933077  -0.015239 0.685205 0.728191  0.472200 0.110800 1 37 1.000000
v_nailgun.tga
0  -5.944880 -16.997541 -14.324279  -0.024634 0.974763 0.221880  0.481900 0.131100 1 37 1.000000
0  -5.966797 -17.203455 -13.933077  -0.015239 0.685205 0.728191  0.472200 0.110800 1 37 1.000000
0  -5.939007 -17.202730 -13.933177  -0.015817 0.685853 0.727568  0.473200 0.109600 1 37 1.000000
v_nailgun.tga
0  -5.944446 -17.014132 -14.799489  -0.025093 0.957342 -0.287866  0.501900 0.142000 1 37 1.000000
0  -5.972236 -17.014860 -14.799489  -0.025095 0.957394 -0.287693  0.502500 0.143700 1 37 1.000000
0  -5.972670 -16.998266 -14.324180  -0.024627 0.974556 0.222787  0.481900 0.131100 1 37 1.000000
v_nailgun.tga
0  -5.944446 -17.014132 -14.799489  -0.025093 0.957342 -0.287866  0.501900 0.142000 1 37 1.000000
0  -5.972670 -16.998266 -14.324180  -0.024627 0.974556 0.222787  0.481900 0.131100 1 37 1.000000
0  -5.944880 -16.997541 -14.324279  -0.024634 0.974763 0.221880  0.481900 0.131100 1 37 1.000000
v_nailgun.tga
0  -5.937867 -17.246227 -15.179118  -0.016764 0.640483 -0.767789  0.527800 0.138800 1 37 1.000000
0  -5.965657 -17.246956 -15.179118  -0.016780 0.641041 -0.767323  0.529200 0.139800 1 37 1.000000
0  -5.972236 -17.014860 -14.799489  -0.025095 0.957394 -0.287693  0.502500 0.143700 1 37 1.000000
v_nailgun.tga
0  -5.937867 -17.246227 -15.179118  -0.016764 0.640483 -0.767789  0.527800 0.138800 1 37 1.000000
0  -5.972236 -17.014860 -14.799489  -0.025095 0.957394 -0.287693  0.502500 0.143700 1 37 1.000000
0  -5.944446 -17.014132 -14.799489  -0.025093 0.957342 -0.287866  0.501900 0.142000 1 37 1.000000
v_nailgun.tga
0  -5.927517 -17.607082 -15.319003  -0.009478 0.361191 -0.932443  0.545700 0.113600 1 37 1.000000
0  -5.955307 -17.607809 -15.319003  -0.009481 0.361191 -0.932444  0.547400 0.113800 1 37 1.000000
0  -5.965657 -17.246956 -15.179118  -0.016780 0.641041 -0.767323  0.529200 0.139800 1 37 1.000000
v_nailgun.tga
0  -5.927517 -17.607082 -15.319003  -0.009478 0.361191 -0.932443  0.545700 0.113600 1 37 1.000000
0  -5.965657 -17.246956 -15.179118  -0.016780 0.641041 -0.767323  0.529200 0.139800 1 37 1.000000
0  -5.937867 -17.246227 -15.179118  -0.016764 0.640483 -0.767789  0.527800 0.138800 1 37 1.000000
v_nailgun.tga
0  -5.918316 -17.916447 -13.912444  0.016671 -0.635687 0.771767  0.481200 0.068100 1 37 1.000000
0  -5.946207 -17.917177 -13.912444  0.016620 -0.635009 0.772326  0.481200 0.068100 1 37 1.000000
0  -5.939428 -18.153131 -14.293738  0.023830 -0.849979 0.526277  0.501200 0.056700 1 37 1.000000
v_nailgun.tga
0  -5.918316 -17.916447 -13.912444  0.016671 -0.635687 0.771767  0.481200 0.068100 1 37 1.000000
0  -5.939428 -18.153131 -14.293738  0.023830 -0.849979 0.526277  0.501200 0.056700 1 37 1.000000
0  -5.911537 -18.152407 -14.293837  0.023895 -0.849980 0.526272  0.501400 0.058000 1 37 1.000000
v_nailgun.tga
0  -5.836015 -14.309196 -14.624057  -0.025594 0.905809 0.422912  0.664800 0.704800 1 37 1.000000
0  -5.617690 -14.303487 -14.624257  0.280119 0.865825 0.414586  0.673300 0.704000 1 37 1.000000
0  -5.619201 -14.249605 -14.860082  0.249896 0.968252 0.006276  0.676000 0.712400 1 37 1.000000
v_nailgun.tga
0  -5.836015 -14.309196 -14.624057  -0.025594 0.905809 0.422912  0.664800 0.704800 1 37 1.000000
0  -5.619201 -14.249605 -14.860082  0.249896 0.968252 0.006276  0.676000 0.712400 1 37 1.000000
0  -5.837426 -14.255312 -14.859882  -0.026132 0.999608 0.010055  0.669300 0.716500 1 37 1.000000
v_nailgun.tga
0  -5.836015 -14.309196 -14.624057  -0.025594 0.905809 0.422912  0.664800 0.704800 1 37 1.000000
0  -5.828770 -14.589706 -14.249636  -0.014865 0.694462 0.719376  0.666900 0.681300 1 37 1.000000
0  -5.609513 -14.592825 -14.242522  0.322829 0.651340 0.686686  0.675700 0.683000 1 37 1.000000
v_nailgun.tga
0  -5.836015 -14.309196 -14.624057  -0.025594 0.905809 0.422912  0.664800 0.704800 1 37 1.000000
0  -5.609513 -14.592825 -14.242522  0.322829 0.651340 0.686686  0.675700 0.683000 1 37 1.000000
0  -5.617690 -14.303487 -14.624257  0.280119 0.865825 0.414586  0.673300 0.704000 1 37 1.000000
v_nailgun.tga
0  -5.784177 -16.143682 -14.085278  0.020554 -0.763281 0.645739  0.736200 0.625000 1 37 1.000000
0  -5.564452 -16.137936 -14.085478  0.361731 -0.704442 0.610665  0.735300 0.633500 1 37 1.000000
0  -5.574138 -15.813864 -13.864358  0.367719 -0.270848 0.889620  0.718100 0.635600 1 37 1.000000
v_nailgun.tga
0  -5.784177 -16.143682 -14.085278  0.020554 -0.763281 0.645739  0.736200 0.625000 1 37 1.000000
0  -5.574138 -15.813864 -13.864358  0.367719 -0.270848 0.889620  0.718100 0.635600 1 37 1.000000
0  -5.793562 -15.819603 -13.864159  0.008690 -0.298918 0.954239  0.715300 0.627600 1 37 1.000000
v_nailgun.tga
0  -5.837426 -14.255312 -14.859882  -0.026132 0.999608 0.010055  0.669300 0.716500 1 37 1.000000
0  -5.619201 -14.249605 -14.860082  0.249896 0.968252 0.006276  0.676000 0.712400 1 37 1.000000
0  -5.615314 -14.390393 -15.537879  0.316797 0.948322 0.018033  0.694200 0.731200 1 37 1.000000
v_nailgun.tga
0  -5.837426 -14.255312 -14.859882  -0.026132 0.999608 0.010055  0.669300 0.716500 1 37 1.000000
0  -5.615314 -14.390393 -15.537879  0.316797 0.948322 0.018033  0.694200 0.731200 1 37 1.000000
0  -5.833638 -14.396104 -15.537680  -0.026130 0.999569 0.013404  0.687100 0.735600 1 37 1.000000
v_nailgun.tga
0  -5.779572 -16.304205 -14.434586  0.025202 -0.953357 0.300790  0.753800 0.631200 1 37 1.000000
0  -5.559648 -16.298454 -14.434785  0.343479 -0.894069 0.287510  0.749300 0.638900 1 37 1.000000
0  -5.564452 -16.137936 -14.085478  0.361731 -0.704442 0.610665  0.735300 0.633500 1 37 1.000000
v_nailgun.tga
0  -5.779572 -16.304205 -14.434586  0.025202 -0.953357 0.300790  0.753800 0.631200 1 37 1.000000
0  -5.564452 -16.137936 -14.085478  0.361731 -0.704442 0.610665  0.735300 0.633500 1 37 1.000000
0  -5.784177 -16.143682 -14.085278  0.020554 -0.763281 0.645739  0.736200 0.625000 1 37 1.000000
v_nailgun.tga
0  -5.833638 -14.396104 -15.537680  -0.026130 0.999569 0.013404  0.687100 0.735600 1 37 1.000000
0  -5.615314 -14.390393 -15.537879  0.316797 0.948322 0.018033  0.694200 0.731200 1 37 1.000000
0  -5.619000 -14.257247 -16.101871  0.310492 0.920498 0.237228  0.702200 0.752900 1 37 1.000000
v_nailgun.tga
0  -5.833638 -14.396104 -15.537680  -0.026130 0.999569 0.013404  0.687100 0.735600 1 37 1.000000
0  -5.619000 -14.257247 -16.101871  0.310492 0.920498 0.237228  0.702200 0.752900 1 37 1.000000
0  -5.837325 -14.262957 -16.101669  -0.025078 0.967861 0.250233  0.694300 0.755300 1 37 1.000000
v_nailgun.tga
0  -5.777248 -16.385292 -14.880726  0.025880 -0.983529 0.178889  0.769300 0.644800 1 37 1.000000
0  -5.557324 -16.379541 -14.880925  0.462032 -0.881395 0.098331  0.762500 0.650400 1 37 1.000000
0  -5.559648 -16.298454 -14.434785  0.343479 -0.894069 0.287510  0.749300 0.638900 1 37 1.000000
v_nailgun.tga
0  -5.777248 -16.385292 -14.880726  0.025880 -0.983529 0.178889  0.769300 0.644800 1 37 1.000000
0  -5.559648 -16.298454 -14.434785  0.343479 -0.894069 0.287510  0.749300 0.638900 1 37 1.000000
0  -5.779572 -16.304205 -14.434586  0.025202 -0.953357 0.300790  0.753800 0.631200 1 37 1.000000
v_nailgun.tga
0  -5.837325 -14.262957 -16.101669  -0.025078 0.967861 0.250233  0.694300 0.755300 1 37 1.000000
0  -5.619000 -14.257247 -16.101871  0.310492 0.920498 0.237228  0.702200 0.752900 1 37 1.000000
0  -5.633023 -13.748449 -17.913239  0.289675 0.953051 0.088217  0.722700 0.824500 1 37 1.000000
v_nailgun.tga
0  -5.837325 -14.262957 -16.101669  -0.025078 0.967861 0.250233  0.694300 0.755300 1 37 1.000000
0  -5.633023 -13.748449 -17.913239  0.289675 0.953051 0.088217  0.722700 0.824500 1 37 1.000000
0  -5.851149 -13.754154 -17.913040  -0.025963 0.995717 0.088729  0.715100 0.827800 1 37 1.000000
v_nailgun.tga
0  -5.851149 -13.754154 -17.913040  -0.025963 0.995717 0.088729  0.715100 0.827800 1 37 1.000000
0  -5.633023 -13.748449 -17.913239  0.289675 0.953051 0.088217  0.722700 0.824500 1 37 1.000000
0  -5.631850 -13.793221 -18.376259  0.293623 0.930824 -0.217607  0.735200 0.837500 1 37 1.000000
v_nailgun.tga
0  -5.851149 -13.754154 -17.913040  -0.025963 0.995717 0.088729  0.715100 0.827800 1 37 1.000000
0  -5.631850 -13.793221 -18.376259  0.293623 0.930824 -0.217607  0.735200 0.837500 1 37 1.000000
0  -5.849976 -13.798926 -18.376060  -0.025646 0.972564 -0.231219  0.730100 0.844800 1 37 1.000000
v_nailgun.tga
0  -5.849976 -13.798926 -18.376060  -0.025646 0.972564 -0.231219  0.730100 0.844800 1 37 1.000000
0  -5.631850 -13.793221 -18.376259  0.293623 0.930824 -0.217607  0.735200 0.837500 1 37 1.000000
0  -5.627872 -13.941379 -18.757917  0.326623 0.733598 -0.595946  0.749900 0.843600 1 37 1.000000
v_nailgun.tga
0  -5.849976 -13.798926 -18.376060  -0.025646 0.972564 -0.231219  0.730100 0.844800 1 37 1.000000
0  -5.627872 -13.941379 -18.757917  0.326623 0.733598 -0.595946  0.749900 0.843600 1 37 1.000000
0  -5.845996 -13.947083 -18.757717  -0.020991 0.780751 -0.624490  0.750000 0.851400 1 37 1.000000
v_nailgun.tga
0  -5.845996 -13.947083 -18.757717  -0.020991 0.780751 -0.624490  0.750000 0.851400 1 37 1.000000
0  -5.627872 -13.941379 -18.757917  0.326623 0.733598 -0.595946  0.749900 0.843600 1 37 1.000000
0  -5.602147 -14.866391 -19.379801  0.273180 0.543278 -0.793865  0.797300 0.835400 1 37 1.000000
v_nailgun.tga
0  -5.845996 -13.947083 -18.757717  -0.020991 0.780751 -0.624490  0.750000 0.851400 1 37 1.000000
0  -5.602147 -14.866391 -19.379801  0.273180 0.543278 -0.793865  0.797300 0.835400 1 37 1.000000
0  -5.820674 -14.872107 -19.379601  -0.015343 0.557571 -0.829987  0.800000 0.842000 1 37 1.000000
v_nailgun.tga
0  -5.617690 -14.303487 -14.624257  0.280119 0.865825 0.414586  0.673300 0.704000 1 37 1.000000
0  -5.449067 -14.405252 -14.689592  0.580760 0.726524 0.367261  0.681000 0.702300 1 37 1.000000
0  -5.450706 -14.350311 -14.877826  0.522589 0.852412 -0.017167  0.682700 0.709400 1 37 1.000000
v_nailgun.tga
0  -5.617690 -14.303487 -14.624257  0.280119 0.865825 0.414586  0.673300 0.704000 1 37 1.000000
0  -5.450706 -14.350311 -14.877826  0.522589 0.852412 -0.017167  0.682700 0.709400 1 37 1.000000
0  -5.619201 -14.249605 -14.860082  0.249896 0.968252 0.006276  0.676000 0.712400 1 37 1.000000
v_nailgun.tga
0  -5.617690 -14.303487 -14.624257  0.280119 0.865825 0.414586  0.673300 0.704000 1 37 1.000000
0  -5.609513 -14.592825 -14.242522  0.322829 0.651340 0.686686  0.675700 0.683000 1 37 1.000000
0  -5.440972 -14.687682 -14.342119  0.626283 0.520588 0.580308  0.684500 0.683700 1 37 1.000000
v_nailgun.tga
0  -5.617690 -14.303487 -14.624257  0.280119 0.865825 0.414586  0.673300 0.704000 1 37 1.000000
0  -5.440972 -14.687682 -14.342119  0.626283 0.520588 0.580308  0.684500 0.683700 1 37 1.000000
0  -5.449067 -14.405252 -14.689592  0.580760 0.726524 0.367261  0.681000 0.702300 1 37 1.000000
v_nailgun.tga
0  -5.401520 -16.014746 -14.185487  0.903064 -0.303161 0.304250  0.732700 0.641800 1 37 1.000000
0  -5.431737 -15.005999 -14.157492  0.909162 0.208274 0.360620  0.693000 0.668800 1 37 1.000000
0  -5.419648 -15.414152 -14.016555  0.903298 0.089115 0.419655  0.706300 0.653100 1 37 1.000000
v_nailgun.tga
0  -5.401520 -16.014746 -14.185487  0.903064 -0.303161 0.304250  0.732700 0.641800 1 37 1.000000
0  -5.419648 -15.414152 -14.016555  0.903298 0.089115 0.419655  0.706300 0.653100 1 37 1.000000
0  -5.410588 -15.718102 -14.016442  0.905052 -0.065085 0.420290  0.718100 0.644800 1 37 1.000000
v_nailgun.tga
0  -5.401520 -16.014746 -14.185487  0.903064 -0.303161 0.304250  0.732700 0.641800 1 37 1.000000
0  -5.410588 -15.718102 -14.016442  0.905052 -0.065085 0.420290  0.718100 0.644800 1 37 1.000000
0  -5.574138 -15.813864 -13.864358  0.367719 -0.270848 0.889620  0.718100 0.635600 1 37 1.000000
v_nailgun.tga
0  -5.401520 -16.014746 -14.185487  0.903064 -0.303161 0.304250  0.732700 0.641800 1 37 1.000000
0  -5.574138 -15.813864 -13.864358  0.367719 -0.270848 0.889620  0.718100 0.635600 1 37 1.000000
0  -5.564452 -16.137936 -14.085478  0.361731 -0.704442 0.610665  0.735300 0.633500 1 37 1.000000
v_nailgun.tga
0  -5.431737 -15.005999 -14.157492  0.909162 0.208274 0.360620  0.693000 0.668800 1 37 1.000000
0  -5.440972 -14.687682 -14.342119  0.626283 0.520588 0.580308  0.684500 0.683700 1 37 1.000000
0  -5.609513 -14.592825 -14.242522  0.322829 0.651340 0.686686  0.675700 0.683000 1 37 1.000000
v_nailgun.tga
0  -5.431737 -15.005999 -14.157492  0.909162 0.208274 0.360620  0.693000 0.668800 1 37 1.000000
0  -5.609513 -14.592825 -14.242522  0.322829 0.651340 0.686686  0.675700 0.683000 1 37 1.000000
0  -5.598877 -14.968422 -13.988052  0.363484 0.410900 0.836087  0.685200 0.663000 1 37 1.000000
v_nailgun.tga
0  -5.574138 -15.813864 -13.864358  0.367719 -0.270848 0.889620  0.718100 0.635600 1 37 1.000000
0  -5.586869 -15.381193 -13.861764  0.355758 0.148807 0.922655  0.700000 0.647000 1 37 1.000000
0  -5.806479 -15.383671 -13.859777  0.004578 0.146263 0.989235  0.694300 0.640100 1 37 1.000000
v_nailgun.tga
0  -5.574138 -15.813864 -13.864358  0.367719 -0.270848 0.889620  0.718100 0.635600 1 37 1.000000
0  -5.806479 -15.383671 -13.859777  0.004578 0.146263 0.989235  0.694300 0.640100 1 37 1.000000
0  -5.793562 -15.819603 -13.864159  0.008690 -0.298918 0.954239  0.715300 0.627600 1 37 1.000000
v_nailgun.tga
0  -5.619201 -14.249605 -14.860082  0.249896 0.968252 0.006276  0.676000 0.712400 1 37 1.000000
0  -5.450706 -14.350311 -14.877826  0.522589 0.852412 -0.017167  0.682700 0.709400 1 37 1.000000
0  -5.446082 -14.515430 -15.507644  0.584709 0.811086 -0.015944  0.701800 0.724800 1 37 1.000000
v_nailgun.tga
0  -5.619201 -14.249605 -14.860082  0.249896 0.968252 0.006276  0.676000 0.712400 1 37 1.000000
0  -5.446082 -14.515430 -15.507644  0.584709 0.811086 -0.015944  0.701800 0.724800 1 37 1.000000
0  -5.615314 -14.390393 -15.537879  0.316797 0.948322 0.018033  0.694200 0.731200 1 37 1.000000
v_nailgun.tga
0  -5.615314 -14.390393 -15.537879  0.316797 0.948322 0.018033  0.694200 0.731200 1 37 1.000000
0  -5.446082 -14.515430 -15.507644  0.584709 0.811086 -0.015944  0.701800 0.724800 1 37 1.000000
0  -5.449908 -14.380777 -16.143032  0.604685 0.772467 0.194036  0.710700 0.749200 1 37 1.000000
v_nailgun.tga
0  -5.615314 -14.390393 -15.537879  0.316797 0.948322 0.018033  0.694200 0.731200 1 37 1.000000
0  -5.449908 -14.380777 -16.143032  0.604685 0.772467 0.194036  0.710700 0.749200 1 37 1.000000
0  -5.619000 -14.257247 -16.101871  0.310492 0.920498 0.237228  0.702200 0.752900 1 37 1.000000
v_nailgun.tga
0  -5.557324 -16.379541 -14.880925  0.462032 -0.881395 0.098331  0.762500 0.650400 1 37 1.000000
0  -5.394802 -16.236908 -14.850935  0.652601 -0.754944 0.064583  0.754700 0.655000 1 37 1.000000
0  -5.396633 -16.174629 -14.490891  0.648197 -0.724621 0.234021  0.744900 0.646200 1 37 1.000000
v_nailgun.tga
0  -5.557324 -16.379541 -14.880925  0.462032 -0.881395 0.098331  0.762500 0.650400 1 37 1.000000
0  -5.396633 -16.174629 -14.490891  0.648197 -0.724621 0.234021  0.744900 0.646200 1 37 1.000000
0  -5.559648 -16.298454 -14.434785  0.343479 -0.894069 0.287510  0.749300 0.638900 1 37 1.000000
v_nailgun.tga
0  -5.619000 -14.257247 -16.101871  0.310492 0.920498 0.237228  0.702200 0.752900 1 37 1.000000
0  -5.449908 -14.380777 -16.143032  0.604685 0.772467 0.194036  0.710700 0.749200 1 37 1.000000
0  -5.464246 -13.867633 -17.961557  0.584011 0.810958 0.035748  0.730700 0.821000 1 37 1.000000
v_nailgun.tga
0  -5.619000 -14.257247 -16.101871  0.310492 0.920498 0.237228  0.702200 0.752900 1 37 1.000000
0  -5.464246 -13.867633 -17.961557  0.584011 0.810958 0.035748  0.730700 0.821000 1 37 1.000000
0  -5.633023 -13.748449 -17.913239  0.289675 0.953051 0.088217  0.722700 0.824500 1 37 1.000000
v_nailgun.tga
0  -5.557780 -16.365911 -15.372901  0.685620 -0.711259 -0.155035  0.771900 0.666300 1 37 1.000000
0  -5.395326 -16.220718 -15.318386  0.690917 -0.709095 -0.140775  0.763900 0.669100 1 37 1.000000
0  -5.394802 -16.236908 -14.850935  0.652601 -0.754944 0.064583  0.754700 0.655000 1 37 1.000000
v_nailgun.tga
0  -5.557780 -16.365911 -15.372901  0.685620 -0.711259 -0.155035  0.771900 0.666300 1 37 1.000000
0  -5.394802 -16.236908 -14.850935  0.652601 -0.754944 0.064583  0.754700 0.655000 1 37 1.000000
0  -5.557324 -16.379541 -14.880925  0.462032 -0.881395 0.098331  0.762500 0.650400 1 37 1.000000
v_nailgun.tga
0  -5.561992 -16.228064 -15.736035  0.737635 -0.502829 -0.450619  0.773700 0.680200 1 37 1.000000
0  -5.399249 -16.097633 -15.611463  0.912601 -0.303638 -0.273793  0.765400 0.680700 1 37 1.000000
0  -5.395326 -16.220718 -15.318386  0.690917 -0.709095 -0.140775  0.763900 0.669100 1 37 1.000000
v_nailgun.tga
0  -5.561992 -16.228064 -15.736035  0.737635 -0.502829 -0.450619  0.773700 0.680200 1 37 1.000000
0  -5.395326 -16.220718 -15.318386  0.690917 -0.709095 -0.140775  0.763900 0.669100 1 37 1.000000
0  -5.557780 -16.365911 -15.372901  0.685620 -0.711259 -0.155035  0.771900 0.666300 1 37 1.000000
v_nailgun.tga
0  -5.577007 -15.727182 -16.105751  0.688939 -0.629337 -0.359580  0.766600 0.706600 1 37 1.000000
0  -5.413804 -15.618198 -15.982228  0.700257 -0.586414 -0.407135  0.756900 0.706400 1 37 1.000000
0  -5.405779 -15.882647 -15.750354  0.934622 -0.193649 -0.298300  0.761200 0.691200 1 37 1.000000
v_nailgun.tga
0  -5.577007 -15.727182 -16.105751  0.688939 -0.629337 -0.359580  0.766600 0.706600 1 37 1.000000
0  -5.405779 -15.882647 -15.750354  0.934622 -0.193649 -0.298300  0.761200 0.691200 1 37 1.000000
0  -5.570638 -15.939838 -15.914309  0.711151 -0.418938 -0.564584  0.769200 0.694100 1 37 1.000000
v_nailgun.tga
0  -5.570638 -15.939838 -15.914309  0.711151 -0.418938 -0.564584  0.769200 0.694100 1 37 1.000000
0  -5.405779 -15.882647 -15.750354  0.934622 -0.193649 -0.298300  0.761200 0.691200 1 37 1.000000
0  -5.399249 -16.097633 -15.611463  0.912601 -0.303638 -0.273793  0.765400 0.680700 1 37 1.000000
v_nailgun.tga
0  -5.570638 -15.939838 -15.914309  0.711151 -0.418938 -0.564584  0.769200 0.694100 1 37 1.000000
0  -5.399249 -16.097633 -15.611463  0.912601 -0.303638 -0.273793  0.765400 0.680700 1 37 1.000000
0  -5.561992 -16.228064 -15.736035  0.737635 -0.502829 -0.450619  0.773700 0.680200 1 37 1.000000
v_nailgun.tga
0  -5.633023 -13.748449 -17.913239  0.289675 0.953051 0.088217  0.722700 0.824500 1 37 1.000000
0  -5.464246 -13.867633 -17.961557  0.584011 0.810958 0.035748  0.730700 0.821000 1 37 1.000000
0  -5.462934 -13.917756 -18.357246  0.597726 0.778138 -0.192938  0.741100 0.830900 1 37 1.000000
v_nailgun.tga
0  -5.633023 -13.748449 -17.913239  0.289675 0.953051 0.088217  0.722700 0.824500 1 37 1.000000
0  -5.462934 -13.917756 -18.357246  0.597726 0.778138 -0.192938  0.741100 0.830900 1 37 1.000000
0  -5.631850 -13.793221 -18.376259  0.293623 0.930824 -0.217607  0.735200 0.837500 1 37 1.000000
v_nailgun.tga
0  -5.598210 -15.005293 -18.797398  0.650272 -0.753753 -0.094887  0.796200 0.813100 1 37 1.000000
0  -5.436177 -14.870747 -18.755016  0.651744 -0.750471 -0.109647  0.787300 0.815800 1 37 1.000000
0  -5.413804 -15.618198 -15.982228  0.700257 -0.586414 -0.407135  0.756900 0.706400 1 37 1.000000
v_nailgun.tga
0  -5.598210 -15.005293 -18.797398  0.650272 -0.753753 -0.094887  0.796200 0.813100 1 37 1.000000
0  -5.413804 -15.618198 -15.982228  0.700257 -0.586414 -0.407135  0.756900 0.706400 1 37 1.000000
0  -5.577007 -15.727182 -16.105751  0.688939 -0.629337 -0.359580  0.766600 0.706600 1 37 1.000000
v_nailgun.tga
0  -5.598229 -15.004560 -19.200468  0.686494 -0.680009 -0.257514  0.800200 0.828100 1 37 1.000000
0  -5.436192 -14.870203 -19.123360  0.681956 -0.698596 -0.216564  0.792700 0.826900 1 37 1.000000
0  -5.436177 -14.870747 -18.755016  0.651744 -0.750471 -0.109647  0.787300 0.815800 1 37 1.000000
v_nailgun.tga
0  -5.598229 -15.004560 -19.200468  0.686494 -0.680009 -0.257514  0.800200 0.828100 1 37 1.000000
0  -5.436177 -14.870747 -18.755016  0.651744 -0.750471 -0.109647  0.787300 0.815800 1 37 1.000000
0  -5.598210 -15.005293 -18.797398  0.650272 -0.753753 -0.094887  0.796200 0.813100 1 37 1.000000
v_nailgun.tga
0  -5.459649 -14.035521 -18.630503  0.668854 0.594541 -0.446269  0.751300 0.835100 1 37 1.000000
0  -5.437296 -14.831839 -19.173330  0.668277 0.431728 -0.605819  0.792000 0.829000 1 37 1.000000
0  -5.602147 -14.866391 -19.379801  0.273180 0.543278 -0.793865  0.797300 0.835400 1 37 1.000000
v_nailgun.tga
0  -5.459649 -14.035521 -18.630503  0.668854 0.594541 -0.446269  0.751300 0.835100 1 37 1.000000
0  -5.602147 -14.866391 -19.379801  0.273180 0.543278 -0.793865  0.797300 0.835400 1 37 1.000000
0  -5.627872 -13.941379 -18.757917  0.326623 0.733598 -0.595946  0.749900 0.843600 1 37 1.000000
v_nailgun.tga
0  -5.602147 -14.866391 -19.379801  0.686720 -0.568619 -0.452867  0.797300 0.835400 1 37 1.000000
0  -5.437296 -14.831839 -19.173330  0.686121 -0.569651 -0.452478  0.792000 0.829000 1 37 1.000000
0  -5.436192 -14.870203 -19.123360  0.681956 -0.698596 -0.216564  0.792700 0.826900 1 37 1.000000
v_nailgun.tga
0  -5.602147 -14.866391 -19.379801  0.686720 -0.568619 -0.452867  0.797300 0.835400 1 37 1.000000
0  -5.436192 -14.870203 -19.123360  0.681956 -0.698596 -0.216564  0.792700 0.826900 1 37 1.000000
0  -5.598229 -15.004560 -19.200468  0.686494 -0.680009 -0.257514  0.800200 0.828100 1 37 1.000000
v_nailgun.tga
0  -5.449067 -14.405252 -14.689592  0.999562 0.029590 0.000218  0.681000 0.702300 1 37 1.000000
0  -5.394802 -16.236908 -14.850935  0.999559 0.029686 -0.000022  0.754700 0.655000 1 37 1.000000
0  -5.395326 -16.220718 -15.318386  0.999554 0.029840 -0.000792  0.763900 0.669100 1 37 1.000000
v_nailgun.tga
0  -5.449067 -14.405252 -14.689592  0.999562 0.029590 0.000218  0.681000 0.702300 1 37 1.000000
0  -5.395326 -16.220718 -15.318386  0.999554 0.029840 -0.000792  0.763900 0.669100 1 37 1.000000
0  -5.450706 -14.350311 -14.877826  0.999566 0.029475 0.000205  0.682700 0.709400 1 37 1.000000
v_nailgun.tga
0  -5.564452 -16.137936 -14.085478  0.361731 -0.704442 0.610665  0.735300 0.633500 1 37 1.000000
0  -5.559648 -16.298454 -14.434785  0.343479 -0.894069 0.287510  0.749300 0.638900 1 37 1.000000
0  -5.396633 -16.174629 -14.490891  0.648197 -0.724621 0.234021  0.744900 0.646200 1 37 1.000000
v_nailgun.tga
0  -5.564452 -16.137936 -14.085478  0.361731 -0.704442 0.610665  0.735300 0.633500 1 37 1.000000
0  -5.396633 -16.174629 -14.490891  0.648197 -0.724621 0.234021  0.744900 0.646200 1 37 1.000000
0  -5.401520 -16.014746 -14.185487  0.903064 -0.303161 0.304250  0.732700 0.641800 1 37 1.000000
v_nailgun.tga
0  -5.598877 -14.968422 -13.988052  0.363484 0.410900 0.836087  0.685200 0.663000 1 37 1.000000
0  -5.609513 -14.592825 -14.242522  0.322829 0.651340 0.686686  0.675700 0.683000 1 37 1.000000
0  -5.828770 -14.589706 -14.249636  -0.014865 0.694462 0.719376  0.666900 0.681300 1 37 1.000000
v_nailgun.tga
0  -5.598877 -14.968422 -13.988052  0.363484 0.410900 0.836087  0.685200 0.663000 1 37 1.000000
0  -5.828770 -14.589706 -14.249636  -0.014865 0.694462 0.719376  0.666900 0.681300 1 37 1.000000
0  -5.818602 -14.974169 -13.987854  -0.013675 0.434655 0.900493  0.677500 0.657700 1 37 1.000000
v_nailgun.tga
0  -5.598877 -14.968422 -13.988052  0.363484 0.410900 0.836087  0.685200 0.663000 1 37 1.000000
0  -5.586869 -15.381193 -13.861764  0.355758 0.148807 0.922655  0.700000 0.647000 1 37 1.000000
0  -5.419648 -15.414152 -14.016555  0.903298 0.089115 0.419655  0.706300 0.653100 1 37 1.000000
v_nailgun.tga
0  -5.598877 -14.968422 -13.988052  0.363484 0.410900 0.836087  0.685200 0.663000 1 37 1.000000
0  -5.419648 -15.414152 -14.016555  0.903298 0.089115 0.419655  0.706300 0.653100 1 37 1.000000
0  -5.431737 -15.005999 -14.157492  0.909162 0.208274 0.360620  0.693000 0.668800 1 37 1.000000
v_nailgun.tga
0  -5.410588 -15.718102 -14.016442  0.905052 -0.065085 0.420290  0.718100 0.644800 1 37 1.000000
0  -5.419648 -15.414152 -14.016555  0.903298 0.089115 0.419655  0.706300 0.653100 1 37 1.000000
0  -5.586869 -15.381193 -13.861764  0.355758 0.148807 0.922655  0.700000 0.647000 1 37 1.000000
v_nailgun.tga
0  -5.410588 -15.718102 -14.016442  0.905052 -0.065085 0.420290  0.718100 0.644800 1 37 1.000000
0  -5.586869 -15.381193 -13.861764  0.355758 0.148807 0.922655  0.700000 0.647000 1 37 1.000000
0  -5.574138 -15.813864 -13.864358  0.367719 -0.270848 0.889620  0.718100 0.635600 1 37 1.000000
v_nailgun.tga
0  -5.450706 -14.350311 -14.877826  0.999566 0.029475 0.000205  0.682700 0.709400 1 37 1.000000
0  -5.395326 -16.220718 -15.318386  0.999554 0.029840 -0.000792  0.763900 0.669100 1 37 1.000000
0  -5.399249 -16.097633 -15.611463  0.912601 -0.303638 -0.273793  0.765400 0.680700 1 37 1.000000
v_nailgun.tga
0  -5.450706 -14.350311 -14.877826  0.999566 0.029475 0.000205  0.682700 0.709400 1 37 1.000000
0  -5.399249 -16.097633 -15.611463  0.912601 -0.303638 -0.273793  0.765400 0.680700 1 37 1.000000
0  -5.405779 -15.882647 -15.750354  0.934622 -0.193649 -0.298300  0.761200 0.691200 1 37 1.000000
v_nailgun.tga
0  -5.450706 -14.350311 -14.877826  0.999566 0.029475 0.000205  0.682700 0.709400 1 37 1.000000
0  -5.405779 -15.882647 -15.750354  0.934622 -0.193649 -0.298300  0.761200 0.691200 1 37 1.000000
0  -5.446082 -14.515430 -15.507644  0.999567 0.029408 -0.000214  0.701800 0.724800 1 37 1.000000
v_nailgun.tga
0  -5.396633 -16.174629 -14.490891  0.999555 0.029839 0.000119  0.744900 0.646200 1 37 1.000000
0  -5.440972 -14.687682 -14.342119  0.999561 0.029601 0.000770  0.684500 0.683700 1 37 1.000000
0  -5.431737 -15.005999 -14.157492  0.909162 0.208274 0.360620  0.693000 0.668800 1 37 1.000000
v_nailgun.tga
0  -5.396633 -16.174629 -14.490891  0.999555 0.029839 0.000119  0.744900 0.646200 1 37 1.000000
0  -5.431737 -15.005999 -14.157492  0.909162 0.208274 0.360620  0.693000 0.668800 1 37 1.000000
0  -5.401520 -16.014746 -14.185487  0.903064 -0.303161 0.304250  0.732700 0.641800 1 37 1.000000
v_nailgun.tga
0  -5.446082 -14.515430 -15.507644  0.999567 0.029408 -0.000214  0.701800 0.724800 1 37 1.000000
0  -5.405779 -15.882647 -15.750354  0.934622 -0.193649 -0.298300  0.761200 0.691200 1 37 1.000000
0  -5.413804 -15.618198 -15.982228  0.999570 0.029313 -0.000405  0.756900 0.706400 1 37 1.000000
v_nailgun.tga
0  -5.446082 -14.515430 -15.507644  0.999567 0.029408 -0.000214  0.701800 0.724800 1 37 1.000000
0  -5.413804 -15.618198 -15.982228  0.999570 0.029313 -0.000405  0.756900 0.706400 1 37 1.000000
0  -5.449908 -14.380777 -16.143032  0.999574 0.029202 0.000287  0.710700 0.749200 1 37 1.000000
v_nailgun.tga
0  -5.413804 -15.618198 -15.982228  0.999570 0.029313 -0.000405  0.756900 0.706400 1 37 1.000000
0  -5.436177 -14.870747 -18.755016  0.999603 0.028159 -0.000169  0.787300 0.815800 1 37 1.000000
0  -5.464246 -13.867633 -17.961557  0.999609 0.027912 0.001547  0.730700 0.821000 1 37 1.000000
v_nailgun.tga
0  -5.413804 -15.618198 -15.982228  0.999570 0.029313 -0.000405  0.756900 0.706400 1 37 1.000000
0  -5.464246 -13.867633 -17.961557  0.999609 0.027912 0.001547  0.730700 0.821000 1 37 1.000000
0  -5.449908 -14.380777 -16.143032  0.999574 0.029202 0.000287  0.710700 0.749200 1 37 1.000000
v_nailgun.tga
0  -5.464246 -13.867633 -17.961557  0.999609 0.027912 0.001547  0.730700 0.821000 1 37 1.000000
0  -5.436177 -14.870747 -18.755016  0.999603 0.028159 -0.000169  0.787300 0.815800 1 37 1.000000
0  -5.462934 -13.917756 -18.357246  0.999603 0.028159 -0.000207  0.741100 0.830900 1 37 1.000000
v_nailgun.tga
0  -5.462934 -13.917756 -18.357246  0.597726 0.778138 -0.192938  0.741100 0.830900 1 37 1.000000
0  -5.459649 -14.035521 -18.630503  0.668854 0.594541 -0.446269  0.751300 0.835100 1 37 1.000000
0  -5.627872 -13.941379 -18.757917  0.326623 0.733598 -0.595946  0.749900 0.843600 1 37 1.000000
v_nailgun.tga
0  -5.462934 -13.917756 -18.357246  0.597726 0.778138 -0.192938  0.741100 0.830900 1 37 1.000000
0  -5.627872 -13.941379 -18.757917  0.326623 0.733598 -0.595946  0.749900 0.843600 1 37 1.000000
0  -5.631850 -13.793221 -18.376259  0.293623 0.930824 -0.217607  0.735200 0.837500 1 37 1.000000
v_nailgun.tga
0  -5.462934 -13.917756 -18.357246  0.999603 0.028159 -0.000207  0.741100 0.830900 1 37 1.000000
0  -5.436177 -14.870747 -18.755016  0.999603 0.028159 -0.000169  0.787300 0.815800 1 37 1.000000
0  -5.436192 -14.870203 -19.123360  0.999602 0.028207 -0.000214  0.792700 0.826900 1 37 1.000000
v_nailgun.tga
0  -5.462934 -13.917756 -18.357246  0.999603 0.028159 -0.000207  0.741100 0.830900 1 37 1.000000
0  -5.436192 -14.870203 -19.123360  0.999602 0.028207 -0.000214  0.792700 0.826900 1 37 1.000000
0  -5.459649 -14.035521 -18.630503  0.999603 0.028167 -0.000126  0.751300 0.835100 1 37 1.000000
v_nailgun.tga
0  -5.436192 -14.870203 -19.123360  0.999602 0.028207 -0.000214  0.792700 0.826900 1 37 1.000000
0  -5.437296 -14.831839 -19.173330  0.999599 0.028299 -0.000355  0.792000 0.829000 1 37 1.000000
0  -5.459649 -14.035521 -18.630503  0.999603 0.028167 -0.000126  0.751300 0.835100 1 37 1.000000
v_nailgun.tga
0  -5.818602 -14.974169 -13.987854  -0.013675 0.434655 0.900493  0.677500 0.657700 1 37 1.000000
0  -5.806479 -15.383671 -13.859777  0.004578 0.146263 0.989235  0.694300 0.640100 1 37 1.000000
0  -5.586869 -15.381193 -13.861764  0.355758 0.148807 0.922655  0.700000 0.647000 1 37 1.000000
v_nailgun.tga
0  -5.818602 -14.974169 -13.987854  -0.013675 0.434655 0.900493  0.677500 0.657700 1 37 1.000000
0  -5.586869 -15.381193 -13.861764  0.355758 0.148807 0.922655  0.700000 0.647000 1 37 1.000000
0  -5.598877 -14.968422 -13.988052  0.363484 0.410900 0.836087  0.685200 0.663000 1 37 1.000000
v_nailgun.tga
0  -5.440972 -14.687682 -14.342119  0.999561 0.029601 0.000770  0.684500 0.683700 1 37 1.000000
0  -5.396633 -16.174629 -14.490891  0.999555 0.029839 0.000119  0.744900 0.646200 1 37 1.000000
0  -5.394802 -16.236908 -14.850935  0.999559 0.029686 -0.000022  0.754700 0.655000 1 37 1.000000
v_nailgun.tga
0  -5.440972 -14.687682 -14.342119  0.999561 0.029601 0.000770  0.684500 0.683700 1 37 1.000000
0  -5.394802 -16.236908 -14.850935  0.999559 0.029686 -0.000022  0.754700 0.655000 1 37 1.000000
0  -5.449067 -14.405252 -14.689592  0.999562 0.029590 0.000218  0.681000 0.702300 1 37 1.000000
v_nailgun.tga
0  -5.755992 -13.839169 -14.879438  0.999613 0.027760 0.001865  0.964100 0.586100 1 37 1.000000
0  -5.758116 -13.761848 -14.701731  0.999623 0.027467 -0.000004  0.965900 0.591900 1 37 1.000000
0  -5.758156 -13.760330 -14.288631  0.999630 0.027193 -0.000074  0.964600 0.603300 1 37 1.000000
v_nailgun.tga
0  -5.755992 -13.839169 -14.879438  0.999613 0.027760 0.001865  0.964100 0.586100 1 37 1.000000
0  -5.758156 -13.760330 -14.288631  0.999630 0.027193 -0.000074  0.964600 0.603300 1 37 1.000000
0  -5.749146 -14.092999 -15.070493  0.999617 0.027673 -0.000055  0.955500 0.574700 1 37 1.000000
v_nailgun.tga
0  -5.755992 -13.839169 -14.879438  0.037041 0.791921 -0.609499  0.964100 0.586100 1 37 1.000000
0  -6.439130 -13.858113 -14.946943  -0.021556 0.804087 -0.594121  0.989200 0.584700 1 37 1.000000
0  -6.441218 -13.778347 -14.759414  -0.023219 0.972904 -0.230039  0.988800 0.593600 1 37 1.000000
v_nailgun.tga
0  -5.755992 -13.839169 -14.879438  0.037041 0.791921 -0.609499  0.964100 0.586100 1 37 1.000000
0  -6.441218 -13.778347 -14.759414  -0.023219 0.972904 -0.230039  0.988800 0.593600 1 37 1.000000
0  -5.758116 -13.761848 -14.701731  -0.007199 0.980727 -0.195249  0.965900 0.591900 1 37 1.000000
v_nailgun.tga
0  -5.758156 -13.760330 -14.288631  0.024004 0.993664 0.109798  0.964600 0.603300 1 37 1.000000
0  -5.758116 -13.761848 -14.701731  -0.007199 0.980727 -0.195249  0.965900 0.591900 1 37 1.000000
0  -6.441218 -13.778347 -14.759414  -0.023219 0.972904 -0.230039  0.988800 0.593600 1 37 1.000000
v_nailgun.tga
0  -5.758156 -13.760330 -14.288631  0.024004 0.993664 0.109798  0.964600 0.603300 1 37 1.000000
0  -6.441218 -13.778347 -14.759414  -0.023219 0.972904 -0.230039  0.988800 0.593600 1 37 1.000000
0  -6.442114 -13.744139 -14.194964  -0.025963 0.994093 0.105380  0.983300 0.615600 1 37 1.000000
v_nailgun.tga
0  -5.758156 -13.760330 -14.288631  0.999630 0.027193 -0.000074  0.964600 0.603300 1 37 1.000000
0  -5.756536 -13.818417 -14.081578  0.999639 0.026859 -0.000286  0.962200 0.608800 1 37 1.000000
0  -5.749100 -14.090929 -13.681819  0.999623 0.027438 -0.000478  0.952100 0.619700 1 37 1.000000
v_nailgun.tga
0  -5.758156 -13.760330 -14.288631  0.999630 0.027193 -0.000074  0.964600 0.603300 1 37 1.000000
0  -5.749100 -14.090929 -13.681819  0.999623 0.027438 -0.000478  0.952100 0.619700 1 37 1.000000
0  -5.749146 -14.092999 -15.070493  0.999617 0.027673 -0.000055  0.955500 0.574700 1 37 1.000000
v_nailgun.tga
0  -5.745167 -14.237267 -15.644505  0.126628 0.991891 0.010815  0.949600 0.553600 1 37 1.000000
0  -6.431500 -14.149430 -15.658607  -0.027377 0.999493 0.016286  0.976100 0.553600 1 37 1.000000
0  -6.435271 -14.005464 -15.084782  -0.022789 0.855632 -0.517082  0.984100 0.573600 1 37 1.000000
v_nailgun.tga
0  -5.745167 -14.237267 -15.644505  0.126628 0.991891 0.010815  0.949600 0.553600 1 37 1.000000
0  -6.435271 -14.005464 -15.084782  -0.022789 0.855632 -0.517082  0.984100 0.573600 1 37 1.000000
0  -5.749146 -14.092999 -15.070493  0.105562 0.841773 -0.529410  0.955500 0.574700 1 37 1.000000
v_nailgun.tga
0  -5.745167 -14.237267 -15.644505  0.999609 0.027956 -0.000238  0.949600 0.553600 1 37 1.000000
0  -5.688061 -16.242331 -16.004118  0.999587 0.028746 -0.000619  0.855600 0.548400 1 37 1.000000
0  -5.699102 -15.866489 -16.165339  0.999590 0.028605 -0.001069  0.870800 0.540100 1 37 1.000000
v_nailgun.tga
0  -5.745167 -14.237267 -15.644505  0.999609 0.027956 -0.000238  0.949600 0.553600 1 37 1.000000
0  -5.699102 -15.866489 -16.165339  0.999590 0.028605 -0.001069  0.870800 0.540100 1 37 1.000000
0  -5.704583 -15.680124 -16.617121  0.999600 0.028293 -0.000222  0.878000 0.521600 1 37 1.000000
v_nailgun.tga
0  -5.749146 -14.092999 -15.070493  0.999617 0.027673 -0.000055  0.955500 0.574700 1 37 1.000000
0  -5.749100 -14.090929 -13.681819  0.999623 0.027438 -0.000478  0.952100 0.619700 1 37 1.000000
0  -5.745167 -14.237267 -15.644505  0.999609 0.027956 -0.000238  0.949600 0.553600 1 37 1.000000
v_nailgun.tga
0  -5.749146 -14.092999 -15.070493  0.105562 0.841773 -0.529410  0.955500 0.574700 1 37 1.000000
0  -6.435271 -14.005464 -15.084782  -0.022789 0.855632 -0.517082  0.984100 0.573600 1 37 1.000000
0  -6.439130 -13.858113 -14.946943  -0.021556 0.804087 -0.594121  0.989200 0.584700 1 37 1.000000
v_nailgun.tga
0  -5.749146 -14.092999 -15.070493  0.105562 0.841773 -0.529410  0.955500 0.574700 1 37 1.000000
0  -6.439130 -13.858113 -14.946943  -0.021556 0.804087 -0.594121  0.989200 0.584700 1 37 1.000000
0  -5.755992 -13.839169 -14.879438  0.037041 0.791921 -0.609499  0.964100 0.586100 1 37 1.000000
v_nailgun.tga
0  -5.704583 -15.680124 -16.617121  0.999600 0.028293 -0.000222  0.878000 0.521600 1 37 1.000000
0  -5.703020 -15.735977 -17.045233  0.999595 0.028453 -0.000063  0.877300 0.506300 1 37 1.000000
0  -5.707891 -15.565239 -17.205591  0.999609 0.027975 -0.000092  0.883100 0.499000 1 37 1.000000
v_nailgun.tga
0  -5.704583 -15.680124 -16.617121  0.999600 0.028293 -0.000222  0.878000 0.521600 1 37 1.000000
0  -5.707891 -15.565239 -17.205591  0.999609 0.027975 -0.000092  0.883100 0.499000 1 37 1.000000
0  -5.745167 -14.237267 -15.644505  0.999609 0.027956 -0.000238  0.949600 0.553600 1 37 1.000000
v_nailgun.tga
0  -5.707891 -15.565239 -17.205591  0.999609 0.027975 -0.000092  0.883100 0.499000 1 37 1.000000
0  -5.710909 -15.461407 -17.546225  0.999617 0.027676 -0.000228  0.888200 0.486500 1 37 1.000000
0  -5.761819 -13.624228 -17.816631  0.999615 0.027740 0.000025  0.968500 0.474500 1 37 1.000000
v_nailgun.tga
0  -5.707891 -15.565239 -17.205591  0.999609 0.027975 -0.000092  0.883100 0.499000 1 37 1.000000
0  -5.761819 -13.624228 -17.816631  0.999615 0.027740 0.000025  0.968500 0.474500 1 37 1.000000
0  -5.745167 -14.237267 -15.644505  0.999609 0.027956 -0.000238  0.949600 0.553600 1 37 1.000000
v_nailgun.tga
0  -5.761819 -13.624228 -17.816631  0.100811 0.986863 0.126250  0.968500 0.474500 1 37 1.000000
0  -6.447084 -13.554304 -17.828505  -0.026948 0.992162 0.122022  0.991500 0.474300 1 37 1.000000
0  -6.431500 -14.149430 -15.658607  -0.027377 0.999493 0.016286  0.976100 0.553600 1 37 1.000000
v_nailgun.tga
0  -5.761819 -13.624228 -17.816631  0.100811 0.986863 0.126250  0.968500 0.474500 1 37 1.000000
0  -6.431500 -14.149430 -15.658607  -0.027377 0.999493 0.016286  0.976100 0.553600 1 37 1.000000
0  -5.745167 -14.237267 -15.644505  0.126628 0.991891 0.010815  0.949600 0.553600 1 37 1.000000
v_nailgun.tga
0  -5.710909 -15.461407 -17.546225  0.999617 0.027676 -0.000228  0.888200 0.486500 1 37 1.000000
0  -5.761504 -13.636229 -18.415379  0.999618 0.027647 -0.000260  0.966700 0.457400 1 37 1.000000
0  -5.761819 -13.624228 -17.816631  0.999615 0.027740 0.000025  0.968500 0.474500 1 37 1.000000
v_nailgun.tga
0  -5.757376 -13.793889 -18.888662  0.091884 0.796191 -0.598028  0.959900 0.444900 1 37 1.000000
0  -6.442652 -13.723560 -18.900448  -0.018751 0.817400 -0.575765  0.975300 0.431500 1 37 1.000000
0  -6.446773 -13.566203 -18.427256  -0.025869 0.985210 -0.169388  0.987300 0.449700 1 37 1.000000
v_nailgun.tga
0  -5.757376 -13.793889 -18.888662  0.091884 0.796191 -0.598028  0.959900 0.444900 1 37 1.000000
0  -6.446773 -13.566203 -18.427256  -0.025869 0.985210 -0.169388  0.987300 0.449700 1 37 1.000000
0  -5.761504 -13.636229 -18.415379  0.103053 0.980211 -0.169015  0.966700 0.457400 1 37 1.000000
v_nailgun.tga
0  -5.709474 -15.512405 -17.929777  0.999623 0.027451 -0.001026  0.888200 0.473700 1 37 1.000000
0  -5.757376 -13.793889 -18.888662  0.999619 0.027595 -0.000449  0.959900 0.444900 1 37 1.000000
0  -5.761504 -13.636229 -18.415379  0.999618 0.027647 -0.000260  0.966700 0.457400 1 37 1.000000
v_nailgun.tga
0  -5.709474 -15.512405 -17.929777  0.999623 0.027451 -0.001026  0.888200 0.473700 1 37 1.000000
0  -5.761504 -13.636229 -18.415379  0.999618 0.027647 -0.000260  0.966700 0.457400 1 37 1.000000
0  -5.710909 -15.461407 -17.546225  0.999617 0.027676 -0.000228  0.888200 0.486500 1 37 1.000000
v_nailgun.tga
0  -5.709474 -15.512405 -17.929777  0.999623 0.027451 -0.001026  0.888200 0.473700 1 37 1.000000
0  -5.718920 -15.186060 -18.818514  0.999616 0.027707 -0.000324  0.905300 0.445900 1 37 1.000000
0  -5.757376 -13.793889 -18.888662  0.999619 0.027595 -0.000449  0.959900 0.444900 1 37 1.000000
v_nailgun.tga
0  -5.718920 -15.186060 -18.818514  0.999616 0.027707 -0.000324  0.905300 0.445900 1 37 1.000000
0  -5.717996 -15.217539 -19.190239  0.999611 0.027895 -0.000362  0.908100 0.436100 1 37 1.000000
0  -5.736044 -14.574159 -19.452663  0.999616 0.027721 -0.000321  0.930100 0.430200 1 37 1.000000
v_nailgun.tga
0  -5.718920 -15.186060 -18.818514  0.999616 0.027707 -0.000324  0.905300 0.445900 1 37 1.000000
0  -5.736044 -14.574159 -19.452663  0.999616 0.027721 -0.000321  0.930100 0.430200 1 37 1.000000
0  -5.757376 -13.793889 -18.888662  0.999619 0.027595 -0.000449  0.959900 0.444900 1 37 1.000000
v_nailgun.tga
0  -5.717996 -15.217539 -19.190239  0.999611 0.027895 -0.000362  0.908100 0.436100 1 37 1.000000
0  -5.723692 -15.019136 -19.532274  0.999612 0.027838 -0.000499  0.916100 0.429100 1 37 1.000000
0  -5.736044 -14.574159 -19.452663  0.999616 0.027721 -0.000321  0.930100 0.430200 1 37 1.000000
v_nailgun.tga
0  -5.761504 -13.636229 -18.415379  0.103053 0.980211 -0.169015  0.966700 0.457400 1 37 1.000000
0  -6.446773 -13.566203 -18.427256  -0.025869 0.985210 -0.169388  0.987300 0.449700 1 37 1.000000
0  -6.447084 -13.554304 -17.828505  -0.026948 0.992162 0.122022  0.991500 0.474300 1 37 1.000000
v_nailgun.tga
0  -5.761504 -13.636229 -18.415379  0.103053 0.980211 -0.169015  0.966700 0.457400 1 37 1.000000
0  -6.447084 -13.554304 -17.828505  -0.026948 0.992162 0.122022  0.991500 0.474300 1 37 1.000000
0  -5.761819 -13.624228 -17.816631  0.100811 0.986863 0.126250  0.968500 0.474500 1 37 1.000000
v_nailgun.tga
0  -5.736044 -14.574159 -19.452663  0.129369 0.408116 -0.903717  0.930100 0.430200 1 37 1.000000
0  -6.419619 -14.603134 -19.569147  -0.008083 0.387922 -0.921657  0.934200 0.410600 1 37 1.000000
0  -6.442652 -13.723560 -18.900448  -0.018751 0.817400 -0.575765  0.975300 0.431500 1 37 1.000000
v_nailgun.tga
0  -5.736044 -14.574159 -19.452663  0.129369 0.408116 -0.903717  0.930100 0.430200 1 37 1.000000
0  -6.442652 -13.723560 -18.900448  -0.018751 0.817400 -0.575765  0.975300 0.431500 1 37 1.000000
0  -5.757376 -13.793889 -18.888662  0.091884 0.796191 -0.598028  0.959900 0.444900 1 37 1.000000
v_nailgun.tga
0  -5.723692 -15.019136 -19.532274  0.158034 0.178291 -0.971204  0.916100 0.429100 1 37 1.000000
0  -6.407966 -15.048141 -19.649061  -0.005408 0.176596 -0.984269  0.912000 0.411100 1 37 1.000000
0  -6.419619 -14.603134 -19.569147  -0.008083 0.387922 -0.921657  0.934200 0.410600 1 37 1.000000
v_nailgun.tga
0  -5.723692 -15.019136 -19.532274  0.158034 0.178291 -0.971204  0.916100 0.429100 1 37 1.000000
0  -6.419619 -14.603134 -19.569147  -0.008083 0.387922 -0.921657  0.934200 0.410600 1 37 1.000000
0  -5.736044 -14.574159 -19.452663  0.129369 0.408116 -0.903717  0.930100 0.430200 1 37 1.000000
v_nailgun.tga
0  -5.749100 -14.090929 -13.681819  0.999623 0.027438 -0.000478  0.952100 0.619700 1 37 1.000000
0  -5.682139 -16.441727 -15.670552  0.999586 0.028780 -0.000364  0.849000 0.560200 1 37 1.000000
0  -5.688061 -16.242331 -16.004118  0.999587 0.028746 -0.000619  0.855600 0.548400 1 37 1.000000
v_nailgun.tga
0  -5.749100 -14.090929 -13.681819  0.999623 0.027438 -0.000478  0.952100 0.619700 1 37 1.000000
0  -5.688061 -16.242331 -16.004118  0.999587 0.028746 -0.000619  0.855600 0.548400 1 37 1.000000
0  -5.745167 -14.237267 -15.644505  0.999609 0.027956 -0.000238  0.949600 0.553600 1 37 1.000000
v_nailgun.tga
0  -5.749100 -14.090929 -13.681819  0.999623 0.027438 -0.000478  0.952100 0.619700 1 37 1.000000
0  -5.717905 -15.205778 -13.521497  0.999599 0.028306 0.000669  0.903800 0.626500 1 37 1.000000
0  -5.680999 -16.477663 -14.852098  0.999572 0.029241 0.000505  0.849500 0.586600 1 37 1.000000
v_nailgun.tga
0  -5.749100 -14.090929 -13.681819  0.999623 0.027438 -0.000478  0.952100 0.619700 1 37 1.000000
0  -5.680999 -16.477663 -14.852098  0.999572 0.029241 0.000505  0.849500 0.586600 1 37 1.000000
0  -5.682139 -16.441727 -15.670552  0.999586 0.028780 -0.000364  0.849000 0.560200 1 37 1.000000
v_nailgun.tga
0  -5.749100 -14.090929 -13.681819  0.105408 0.823962 0.556755  0.952100 0.619700 1 37 1.000000
0  -5.756536 -13.818417 -14.081578  0.082623 0.909365 0.407712  0.962200 0.608800 1 37 1.000000
0  -6.440783 -13.795013 -13.987561  -0.021960 0.909026 0.416160  0.978500 0.624000 1 37 1.000000
v_nailgun.tga
0  -5.749100 -14.090929 -13.681819  0.105408 0.823962 0.556755  0.952100 0.619700 1 37 1.000000
0  -6.440783 -13.795013 -13.987561  -0.021960 0.909026 0.416160  0.978500 0.624000 1 37 1.000000
0  -6.433655 -14.067212 -13.584313  -0.019518 0.828088 0.560258  0.960900 0.639800 1 37 1.000000
v_nailgun.tga
0  -6.442114 -13.744139 -14.194964  -0.025963 0.994093 0.105380  0.983300 0.615600 1 37 1.000000
0  -6.440783 -13.795013 -13.987561  -0.021960 0.909026 0.416160  0.978500 0.624000 1 37 1.000000
0  -5.756536 -13.818417 -14.081578  0.082623 0.909365 0.407712  0.962200 0.608800 1 37 1.000000
v_nailgun.tga
0  -6.442114 -13.744139 -14.194964  -0.025963 0.994093 0.105380  0.983300 0.615600 1 37 1.000000
0  -5.756536 -13.818417 -14.081578  0.082623 0.909365 0.407712  0.962200 0.608800 1 37 1.000000
0  -5.758156 -13.760330 -14.288631  0.024004 0.993664 0.109798  0.964600 0.603300 1 37 1.000000
v_nailgun.tga
0  -6.442114 -13.744139 -14.194964  -0.025963 0.994093 0.105380  0.983300 0.615600 1 37 1.000000
0  -7.124386 -13.796165 -14.287429  -0.075846 0.991030 0.110032  0.964600 0.603300 1 37 1.000000
0  -7.122966 -13.854256 -14.080374  -0.131463 0.903759 0.407353  0.962200 0.608800 1 37 1.000000
v_nailgun.tga
0  -6.442114 -13.744139 -14.194964  -0.025963 0.994093 0.105380  0.983300 0.615600 1 37 1.000000
0  -7.122966 -13.854256 -14.080374  -0.131463 0.903759 0.407353  0.962200 0.608800 1 37 1.000000
0  -6.440783 -13.795013 -13.987561  -0.021960 0.909026 0.416160  0.978500 0.624000 1 37 1.000000
v_nailgun.tga
0  -6.441218 -13.778347 -14.759414  -0.023219 0.972904 -0.230039  0.988800 0.593600 1 37 1.000000
0  -7.124349 -13.797583 -14.700532  -0.044391 0.979816 -0.194910  0.965900 0.591900 1 37 1.000000
0  -7.124386 -13.796165 -14.287429  -0.075846 0.991030 0.110032  0.964600 0.603300 1 37 1.000000
v_nailgun.tga
0  -6.441218 -13.778347 -14.759414  -0.023219 0.972904 -0.230039  0.988800 0.593600 1 37 1.000000
0  -7.124386 -13.796165 -14.287429  -0.075846 0.991030 0.110032  0.964600 0.603300 1 37 1.000000
0  -6.442114 -13.744139 -14.194964  -0.025963 0.994093 0.105380  0.983300 0.615600 1 37 1.000000
v_nailgun.tga
0  -6.441218 -13.778347 -14.759414  -0.023219 0.972904 -0.230039  0.988800 0.593600 1 37 1.000000
0  -6.439130 -13.858113 -14.946943  -0.021556 0.804087 -0.594121  0.989200 0.584700 1 37 1.000000
0  -7.122425 -13.874907 -14.878240  -0.079865 0.792462 -0.604669  0.964100 0.586100 1 37 1.000000
v_nailgun.tga
0  -6.441218 -13.778347 -14.759414  -0.023219 0.972904 -0.230039  0.988800 0.593600 1 37 1.000000
0  -7.122425 -13.874907 -14.878240  -0.079865 0.792462 -0.604669  0.964100 0.586100 1 37 1.000000
0  -7.124349 -13.797583 -14.700532  -0.044391 0.979816 -0.194910  0.965900 0.591900 1 37 1.000000
v_nailgun.tga
0  -6.433655 -14.067212 -13.584313  -0.004901 0.139321 0.990235  0.960900 0.639800 1 37 1.000000
0  -6.403460 -15.220312 -13.423656  -0.004023 0.139393 0.990229  0.904400 0.650300 1 37 1.000000
0  -5.717905 -15.205778 -13.521497  0.139519 0.141776 0.980017  0.903800 0.626500 1 37 1.000000
v_nailgun.tga
0  -6.433655 -14.067212 -13.584313  -0.004901 0.139321 0.990235  0.960900 0.639800 1 37 1.000000
0  -5.717905 -15.205778 -13.521497  0.139519 0.141776 0.980017  0.903800 0.626500 1 37 1.000000
0  -5.749100 -14.090929 -13.681819  0.143903 0.144434 0.978995  0.952100 0.619700 1 37 1.000000
v_nailgun.tga
0  -6.433655 -14.067212 -13.584313  -0.019518 0.828088 0.560258  0.960900 0.639800 1 37 1.000000
0  -6.440783 -13.795013 -13.987561  -0.021960 0.909026 0.416160  0.978500 0.624000 1 37 1.000000
0  -7.122966 -13.854256 -14.080374  -0.131463 0.903759 0.407353  0.962200 0.608800 1 37 1.000000
v_nailgun.tga
0  -6.433655 -14.067212 -13.584313  -0.019518 0.828088 0.560258  0.960900 0.639800 1 37 1.000000
0  -7.122966 -13.854256 -14.080374  -0.131463 0.903759 0.407353  0.962200 0.608800 1 37 1.000000
0  -7.116132 -14.126684 -13.680620  -0.149908 0.815819 0.558541  0.952100 0.619700 1 37 1.000000
v_nailgun.tga
0  -6.431500 -14.149430 -15.658607  -0.027377 0.999493 0.016286  0.976100 0.553600 1 37 1.000000
0  -7.112297 -14.273120 -15.643203  -0.176285 0.984311 0.007503  0.949600 0.553600 1 37 1.000000
0  -7.115976 -14.128750 -15.069294  -0.150429 0.834807 -0.529593  0.955500 0.574700 1 37 1.000000
v_nailgun.tga
0  -6.431500 -14.149430 -15.658607  -0.027377 0.999493 0.016286  0.976100 0.553600 1 37 1.000000
0  -7.115976 -14.128750 -15.069294  -0.150429 0.834807 -0.529593  0.955500 0.574700 1 37 1.000000
0  -6.435271 -14.005464 -15.084782  -0.022789 0.855632 -0.517082  0.984100 0.573600 1 37 1.000000
v_nailgun.tga
0  -6.447084 -13.554304 -17.828505  -0.026948 0.992162 0.122022  0.991500 0.474300 1 37 1.000000
0  -7.127748 -13.660051 -17.815332  -0.149774 0.980189 0.129605  0.968500 0.474500 1 37 1.000000
0  -7.112297 -14.273120 -15.643203  -0.176285 0.984311 0.007503  0.949600 0.553600 1 37 1.000000
v_nailgun.tga
0  -6.447084 -13.554304 -17.828505  -0.026948 0.992162 0.122022  0.991500 0.474300 1 37 1.000000
0  -7.112297 -14.273120 -15.643203  -0.176285 0.984311 0.007503  0.949600 0.553600 1 37 1.000000
0  -6.431500 -14.149430 -15.658607  -0.027377 0.999493 0.016286  0.976100 0.553600 1 37 1.000000
v_nailgun.tga
0  -6.442652 -13.723560 -18.900448  -0.018751 0.817400 -0.575765  0.975300 0.431500 1 37 1.000000
0  -7.123409 -13.829618 -18.887463  -0.142449 0.794296 -0.590595  0.959900 0.444900 1 37 1.000000
0  -7.127437 -13.671952 -18.414078  -0.154602 0.973472 -0.168674  0.966700 0.457400 1 37 1.000000
v_nailgun.tga
0  -6.442652 -13.723560 -18.900448  -0.018751 0.817400 -0.575765  0.975300 0.431500 1 37 1.000000
0  -7.127437 -13.671952 -18.414078  -0.154602 0.973472 -0.168674  0.966700 0.457400 1 37 1.000000
0  -6.446773 -13.566203 -18.427256  -0.025869 0.985210 -0.169388  0.987300 0.449700 1 37 1.000000
v_nailgun.tga
0  -6.446773 -13.566203 -18.427256  -0.025869 0.985210 -0.169388  0.987300 0.449700 1 37 1.000000
0  -7.127437 -13.671952 -18.414078  -0.154602 0.973472 -0.168674  0.966700 0.457400 1 37 1.000000
0  -7.127748 -13.660051 -17.815332  -0.149774 0.980189 0.129605  0.968500 0.474500 1 37 1.000000
v_nailgun.tga
0  -6.446773 -13.566203 -18.427256  -0.025869 0.985210 -0.169388  0.987300 0.449700 1 37 1.000000
0  -7.127748 -13.660051 -17.815332  -0.149774 0.980189 0.129605  0.968500 0.474500 1 37 1.000000
0  -6.447084 -13.554304 -17.828505  -0.026948 0.992162 0.122022  0.991500 0.474300 1 37 1.000000
v_nailgun.tga
0  -6.407966 -15.048141 -19.649061  -0.005408 0.176596 -0.984269  0.910600 0.410500 1 37 1.000000
0  -7.092924 -15.054949 -19.531076  -0.168928 0.169833 -0.970886  0.914600 0.428900 1 37 1.000000
0  -7.103773 -14.610028 -19.451361  -0.159882 0.393024 -0.905522  0.930100 0.430200 1 37 1.000000
v_nailgun.tga
0  -6.407966 -15.048141 -19.649061  -0.005408 0.176596 -0.984269  0.910600 0.410500 1 37 1.000000
0  -7.103773 -14.610028 -19.451361  -0.159882 0.393024 -0.905522  0.930100 0.430200 1 37 1.000000
0  -6.419619 -14.603134 -19.569147  -0.008083 0.387922 -0.921657  0.934200 0.410600 1 37 1.000000
v_nailgun.tga
0  -6.419619 -14.603134 -19.569147  -0.008083 0.387922 -0.921657  0.934200 0.410600 1 37 1.000000
0  -7.103773 -14.610028 -19.451361  -0.159882 0.393024 -0.905522  0.930100 0.430200 1 37 1.000000
0  -7.123409 -13.829618 -18.887463  -0.142449 0.794296 -0.590595  0.959900 0.444900 1 37 1.000000
v_nailgun.tga
0  -6.419619 -14.603134 -19.569147  -0.008083 0.387922 -0.921657  0.934200 0.410600 1 37 1.000000
0  -7.123409 -13.829618 -18.887463  -0.142449 0.794296 -0.590595  0.959900 0.444900 1 37 1.000000
0  -6.442652 -13.723560 -18.900448  -0.018751 0.817400 -0.575765  0.975300 0.431500 1 37 1.000000
v_nailgun.tga
0  -7.115976 -14.128750 -15.069294  -0.150429 0.834807 -0.529593  0.955500 0.574700 1 37 1.000000
0  -7.122425 -13.874907 -14.878240  -0.079865 0.792462 -0.604669  0.964100 0.586100 1 37 1.000000
0  -6.439130 -13.858113 -14.946943  -0.021556 0.804087 -0.594121  0.989200 0.584700 1 37 1.000000
v_nailgun.tga
0  -7.115976 -14.128750 -15.069294  -0.150429 0.834807 -0.529593  0.955500 0.574700 1 37 1.000000
0  -6.439130 -13.858113 -14.946943  -0.021556 0.804087 -0.594121  0.989200 0.584700 1 37 1.000000
0  -6.435271 -14.005464 -15.084782  -0.022789 0.855632 -0.517082  0.984100 0.573600 1 37 1.000000
v_nailgun.tga
0  -7.116132 -14.126684 -13.680620  -0.147299 0.134263 0.979937  0.952100 0.619700 1 37 1.000000
0  -7.088853 -15.241037 -13.520318  -0.142399 0.137520 0.980210  0.903800 0.626500 1 37 1.000000
0  -6.403460 -15.220312 -13.423656  -0.004023 0.139393 0.990229  0.904400 0.650300 1 37 1.000000
v_nailgun.tga
0  -7.116132 -14.126684 -13.680620  -0.147299 0.134263 0.979937  0.952100 0.619700 1 37 1.000000
0  -6.403460 -15.220312 -13.423656  -0.004023 0.139393 0.990229  0.904400 0.650300 1 37 1.000000
0  -6.433655 -14.067212 -13.584313  -0.004901 0.139321 0.990235  0.960900 0.639800 1 37 1.000000
v_nailgun.tga
0  -5.680999 -16.477663 -14.852098  0.999572 0.029241 0.000505  0.849500 0.586600 1 37 1.000000
0  -5.717905 -15.205778 -13.521497  0.999599 0.028306 0.000669  0.903800 0.626500 1 37 1.000000
0  -5.691679 -16.111780 -13.585201  0.999577 0.029073 0.000030  0.867100 0.623500 1 37 1.000000
v_nailgun.tga
0  -5.680999 -16.477663 -14.852098  0.999572 0.029241 0.000505  0.849500 0.586600 1 37 1.000000
0  -5.691679 -16.111780 -13.585201  0.999577 0.029073 0.000030  0.867100 0.623500 1 37 1.000000
0  -5.683767 -16.379576 -13.896040  0.999559 0.029712 -0.000154  0.856800 0.615400 1 37 1.000000
v_nailgun.tga
0  -7.569515 -14.129517 -11.135386  -0.913472 -0.007472 0.406833  0.619100 0.602300 1 37 1.000000
0  -7.593525 -13.166696 -11.171721  -0.875203 0.305831 0.374817  0.623600 0.624700 1 37 1.000000
0  -7.697342 -13.186529 -11.661623  -0.914193 0.400276 0.063488  0.613300 0.626800 1 37 1.000000
v_nailgun.tga
0  -7.569515 -14.129517 -11.135386  -0.913472 -0.007472 0.406833  0.619100 0.602300 1 37 1.000000
0  -7.697342 -13.186529 -11.661623  -0.914193 0.400276 0.063488  0.613300 0.626800 1 37 1.000000
0  -7.673330 -14.149371 -11.625886  -0.978054 -0.016683 0.207681  0.608500 0.604600 1 37 1.000000
v_nailgun.tga
0  -7.275085 -14.107646 -10.730032  -0.669136 0.011403 0.743052  0.639200 0.604400 1 37 1.000000
0  -7.299397 -13.144843 -10.766668  -0.643362 0.323368 0.693915  0.634300 0.626900 1 37 1.000000
0  -7.593525 -13.166696 -11.171721  -0.875203 0.305831 0.374817  0.623600 0.624700 1 37 1.000000
v_nailgun.tga
0  -7.275085 -14.107646 -10.730032  -0.669136 0.011403 0.743052  0.639200 0.604400 1 37 1.000000
0  -7.593525 -13.166696 -11.171721  -0.875203 0.305831 0.374817  0.623600 0.624700 1 37 1.000000
0  -7.569515 -14.129517 -11.135386  -0.913472 -0.007472 0.406833  0.628600 0.602200 1 37 1.000000
v_nailgun.tga
0  -6.840863 -14.087529 -10.479685  -0.309030 0.028502 0.950625  0.656300 0.614100 1 37 1.000000
0  -6.865678 -13.124650 -10.516624  -0.301478 0.339539 0.890968  0.643000 0.633000 1 37 1.000000
0  -7.299397 -13.144843 -10.766668  -0.643362 0.323368 0.693915  0.634300 0.626900 1 37 1.000000
v_nailgun.tga
0  -6.840863 -14.087529 -10.479685  -0.309030 0.028502 0.950625  0.656300 0.614100 1 37 1.000000
0  -7.299397 -13.144843 -10.766668  -0.643362 0.323368 0.693915  0.634300 0.626900 1 37 1.000000
0  -7.275085 -14.107646 -10.730032  -0.669136 0.011403 0.743052  0.647500 0.608000 1 37 1.000000
v_nailgun.tga
0  -6.342085 -14.072553 -10.427720  0.104293 0.040950 0.993703  0.668900 0.630600 1 37 1.000000
0  -6.367395 -13.109790 -10.464756  0.090842 0.351259 0.931861  0.649100 0.642300 1 37 1.000000
0  -6.865678 -13.124650 -10.516624  -0.301478 0.339539 0.890968  0.643000 0.633000 1 37 1.000000
v_nailgun.tga
0  -6.342085 -14.072553 -10.427720  0.104293 0.040950 0.993703  0.668900 0.630600 1 37 1.000000
0  -6.865678 -13.124650 -10.516624  -0.301478 0.339539 0.890968  0.643000 0.633000 1 37 1.000000
0  -6.840863 -14.087529 -10.479685  -0.309030 0.028502 0.950625  0.662800 0.621300 1 37 1.000000
v_nailgun.tga
0  -5.864805 -14.065484 -10.583125  0.499392 0.046543 0.865125  0.672900 0.651200 1 37 1.000000
0  -5.890717 -13.102730 -10.619962  0.465835 0.356610 0.809832  0.650700 0.653600 1 37 1.000000
0  -6.367395 -13.109790 -10.464756  0.090842 0.351259 0.931861  0.649100 0.642300 1 37 1.000000
v_nailgun.tga
0  -5.864805 -14.065484 -10.583125  0.499392 0.046543 0.865125  0.672900 0.651200 1 37 1.000000
0  -6.367395 -13.109790 -10.464756  0.090842 0.351259 0.931861  0.649100 0.642300 1 37 1.000000
0  -6.342085 -14.072553 -10.427720  0.104293 0.040950 0.993703  0.671400 0.639900 1 37 1.000000
v_nailgun.tga
0  -5.491726 -14.067450 -10.919020  0.808194 0.044357 0.587244  0.667900 0.671300 1 37 1.000000
0  -5.518038 -13.104695 -10.955555  0.758958 0.354644 0.546086  0.646700 0.665000 1 37 1.000000
0  -5.890717 -13.102730 -10.619962  0.465835 0.356610 0.809832  0.650700 0.653600 1 37 1.000000
v_nailgun.tga
0  -5.491726 -14.067450 -10.919020  0.808194 0.044357 0.587244  0.667900 0.671300 1 37 1.000000
0  -5.890717 -13.102730 -10.619962  0.465835 0.356610 0.809832  0.650700 0.653600 1 37 1.000000
0  -5.864805 -14.065484 -10.583125  0.499392 0.046543 0.865125  0.672000 0.659600 1 37 1.000000
v_nailgun.tga
0  -5.287278 -14.078106 -11.377340  0.977528 0.034707 0.207930  0.656200 0.686500 1 37 1.000000
0  -5.313788 -13.115340 -11.413376  0.919676 0.345830 0.186004  0.638800 0.672900 1 37 1.000000
0  -5.518038 -13.104695 -10.955555  0.758958 0.354644 0.546086  0.646700 0.665000 1 37 1.000000
v_nailgun.tga
0  -5.287278 -14.078106 -11.377340  0.977528 0.034707 0.207930  0.656200 0.686500 1 37 1.000000
0  -5.518038 -13.104695 -10.955555  0.758958 0.354644 0.546086  0.646700 0.665000 1 37 1.000000
0  -5.491726 -14.067450 -10.919020  0.808194 0.044357 0.587244  0.664100 0.678500 1 37 1.000000
v_nailgun.tga
0  -5.286819 -14.095611 -11.878734  0.978029 0.019269 -0.207578  0.639700 0.697200 1 37 1.000000
0  -5.313331 -13.132827 -11.914270  0.920070 0.331689 -0.208455  0.628400 0.676800 1 37 1.000000
0  -5.313788 -13.115340 -11.413376  0.919676 0.345830 0.186004  0.638800 0.672900 1 37 1.000000
v_nailgun.tga
0  -5.286819 -14.095611 -11.878734  0.978029 0.019269 -0.207578  0.639700 0.697200 1 37 1.000000
0  -5.313788 -13.115340 -11.413376  0.919676 0.345830 0.186004  0.638800 0.672900 1 37 1.000000
0  -5.287278 -14.078106 -11.377340  0.977528 0.034707 0.207930  0.650100 0.693300 1 37 1.000000
v_nailgun.tga
0  -5.490430 -14.116943 -12.336756  0.809230 0.000729 -0.587492  0.619300 0.700000 1 37 1.000000
0  -5.516743 -13.154137 -12.371793  0.759769 0.314578 -0.569027  0.617800 0.676400 1 37 1.000000
0  -5.313331 -13.132827 -11.914270  0.920070 0.331689 -0.208455  0.628400 0.676800 1 37 1.000000
v_nailgun.tga
0  -5.490430 -14.116943 -12.336756  0.809230 0.000729 -0.587492  0.619300 0.700000 1 37 1.000000
0  -5.313331 -13.132827 -11.914270  0.920070 0.331689 -0.208455  0.628400 0.676800 1 37 1.000000
0  -5.286819 -14.095611 -11.878734  0.978029 0.019269 -0.207578  0.630200 0.700100 1 37 1.000000
v_nailgun.tga
0  -5.862895 -14.138406 -12.671951  0.500127 -0.017696 -0.865771  0.597800 0.695100 1 37 1.000000
0  -5.888808 -13.175575 -12.706589  0.466466 0.297400 -0.833044  0.608000 0.671800 1 37 1.000000
0  -5.516743 -13.154137 -12.371793  0.759769 0.314578 -0.569027  0.617800 0.676400 1 37 1.000000
v_nailgun.tga
0  -5.862895 -14.138406 -12.671951  0.500127 -0.017696 -0.865771  0.597800 0.695100 1 37 1.000000
0  -5.516743 -13.154137 -12.371793  0.759769 0.314578 -0.569027  0.617800 0.676400 1 37 1.000000
0  -5.490430 -14.116943 -12.336756  0.809230 0.000729 -0.587492  0.607600 0.699600 1 37 1.000000
v_nailgun.tga
0  -6.339891 -14.156294 -12.826458  0.308979 -0.025914 -0.950716  0.582900 0.678700 1 37 1.000000
0  -6.365204 -13.193444 -12.860994  0.161281 0.393842 -0.904918  0.601000 0.663700 1 37 1.000000
0  -5.888808 -13.175575 -12.706589  0.466466 0.297400 -0.833044  0.608000 0.671800 1 37 1.000000
v_nailgun.tga
0  -6.339891 -14.156294 -12.826458  0.308979 -0.025914 -0.950716  0.582900 0.678700 1 37 1.000000
0  -5.888808 -13.175575 -12.706589  0.466466 0.297400 -0.833044  0.608000 0.671800 1 37 1.000000
0  -5.862895 -14.138406 -12.671951  0.500127 -0.017696 -0.865771  0.590000 0.686800 1 37 1.000000
v_nailgun.tga
0  -7.697342 -13.186529 -11.661623  -0.914193 0.400276 0.063488  0.613300 0.626800 1 37 1.000000
0  -7.549683 -12.988221 -11.668612  -0.802249 0.596597 -0.021647  0.615600 0.632700 1 37 1.000000
0  -7.458223 -13.000775 -12.096549  -0.734138 0.587070 -0.341162  0.608900 0.637500 1 37 1.000000
v_nailgun.tga
0  -7.697342 -13.186529 -11.661623  -0.914193 0.400276 0.063488  0.613300 0.626800 1 37 1.000000
0  -7.458223 -13.000775 -12.096549  -0.734138 0.587070 -0.341162  0.608900 0.637500 1 37 1.000000
0  -7.592628 -13.200908 -12.151723  -0.734184 0.587054 -0.341087  0.604300 0.633200 1 37 1.000000
v_nailgun.tga
0  -7.593525 -13.166696 -11.171721  -0.875203 0.305831 0.374817  0.623600 0.624700 1 37 1.000000
0  -7.459005 -12.970900 -11.240771  -0.734424 0.609700 0.298138  0.623700 0.631000 1 37 1.000000
0  -7.549683 -12.988221 -11.668612  -0.802249 0.596597 -0.021647  0.615600 0.632700 1 37 1.000000
v_nailgun.tga
0  -7.593525 -13.166696 -11.171721  -0.875203 0.305831 0.374817  0.623600 0.624700 1 37 1.000000
0  -7.549683 -12.988221 -11.668612  -0.802249 0.596597 -0.021647  0.615600 0.632700 1 37 1.000000
0  -7.697342 -13.186529 -11.661623  -0.914193 0.400276 0.063488  0.613300 0.626800 1 37 1.000000
v_nailgun.tga
0  -7.299397 -13.144843 -10.766668  -0.643362 0.323368 0.693915  0.634300 0.626900 1 37 1.000000
0  -7.202217 -12.951820 -10.887087  -0.542380 0.624034 0.562500  0.631800 0.632600 1 37 1.000000
0  -7.459005 -12.970900 -11.240771  -0.734424 0.609700 0.298138  0.623700 0.631000 1 37 1.000000
v_nailgun.tga
0  -7.299397 -13.144843 -10.766668  -0.643362 0.323368 0.693915  0.634300 0.626900 1 37 1.000000
0  -7.459005 -12.970900 -11.240771  -0.734424 0.609700 0.298138  0.623700 0.631000 1 37 1.000000
0  -7.593525 -13.166696 -11.171721  -0.875203 0.305831 0.374817  0.623600 0.624700 1 37 1.000000
v_nailgun.tga
0  -6.865678 -13.124650 -10.516624  -0.301478 0.339539 0.890968  0.643000 0.633000 1 37 1.000000
0  -6.823445 -12.934273 -10.668720  -0.258989 0.637311 0.725782  0.638600 0.637400 1 37 1.000000
0  -7.202217 -12.951820 -10.887087  -0.542380 0.624034 0.562500  0.631800 0.632600 1 37 1.000000
v_nailgun.tga
0  -6.865678 -13.124650 -10.516624  -0.301478 0.339539 0.890968  0.643000 0.633000 1 37 1.000000
0  -7.202217 -12.951820 -10.887087  -0.542380 0.624034 0.562500  0.631800 0.632600 1 37 1.000000
0  -7.299397 -13.144843 -10.766668  -0.643362 0.323368 0.693915  0.634300 0.626900 1 37 1.000000
v_nailgun.tga
0  -6.367395 -13.109790 -10.464756  0.090842 0.351259 0.931861  0.649100 0.642300 1 37 1.000000
0  -6.388337 -12.921297 -10.623447  0.066014 0.646911 0.759703  0.643000 0.644600 1 37 1.000000
0  -6.823445 -12.934273 -10.668720  -0.258989 0.637311 0.725782  0.638600 0.637400 1 37 1.000000
v_nailgun.tga
0  -6.367395 -13.109790 -10.464756  0.090842 0.351259 0.931861  0.649100 0.642300 1 37 1.000000
0  -6.823445 -12.934273 -10.668720  -0.258989 0.637311 0.725782  0.638600 0.637400 1 37 1.000000
0  -6.865678 -13.124650 -10.516624  -0.301478 0.339539 0.890968  0.643000 0.633000 1 37 1.000000
v_nailgun.tga
0  -5.890717 -13.102730 -10.619962  0.465835 0.356610 0.809832  0.650700 0.653600 1 37 1.000000
0  -5.972055 -12.915132 -10.758965  0.376698 0.651319 0.658697  0.644000 0.653100 1 37 1.000000
0  -6.388337 -12.921297 -10.623447  0.066014 0.646911 0.759703  0.643000 0.644600 1 37 1.000000
v_nailgun.tga
0  -5.890717 -13.102730 -10.619962  0.465835 0.356610 0.809832  0.650700 0.653600 1 37 1.000000
0  -6.388337 -12.921297 -10.623447  0.066014 0.646911 0.759703  0.643000 0.644600 1 37 1.000000
0  -6.367395 -13.109790 -10.464756  0.090842 0.351259 0.931861  0.649100 0.642300 1 37 1.000000
v_nailgun.tga
0  -5.518038 -13.104695 -10.955555  0.758958 0.354644 0.546086  0.646700 0.665000 1 37 1.000000
0  -5.646602 -12.916745 -11.051991  0.619611 0.649745 0.440356  0.641200 0.661300 1 37 1.000000
0  -5.972055 -12.915132 -10.758965  0.376698 0.651319 0.658697  0.644000 0.653100 1 37 1.000000
v_nailgun.tga
0  -5.518038 -13.104695 -10.955555  0.758958 0.354644 0.546086  0.646700 0.665000 1 37 1.000000
0  -5.972055 -12.915132 -10.758965  0.376698 0.651319 0.658697  0.644000 0.653100 1 37 1.000000
0  -5.890717 -13.102730 -10.619962  0.465835 0.356610 0.809832  0.650700 0.653600 1 37 1.000000
v_nailgun.tga
0  -5.313788 -13.115340 -11.413376  0.919676 0.345830 0.186004  0.638800 0.672900 1 37 1.000000
0  -5.468197 -12.926040 -11.451746  0.752769 0.642796 0.141959  0.635300 0.667500 1 37 1.000000
0  -5.646602 -12.916745 -11.051991  0.619611 0.649745 0.440356  0.641200 0.661300 1 37 1.000000
v_nailgun.tga
0  -5.313788 -13.115340 -11.413376  0.919676 0.345830 0.186004  0.638800 0.672900 1 37 1.000000
0  -5.646602 -12.916745 -11.051991  0.619611 0.649745 0.440356  0.641200 0.661300 1 37 1.000000
0  -5.518038 -13.104695 -10.955555  0.758958 0.354644 0.546086  0.646700 0.665000 1 37 1.000000
v_nailgun.tga
0  -5.313331 -13.132827 -11.914270  0.920070 0.331689 -0.208455  0.628400 0.676800 1 37 1.000000
0  -5.467796 -12.941311 -11.889179  0.752958 0.631541 -0.184962  0.627500 0.670600 1 37 1.000000
0  -5.468197 -12.926040 -11.451746  0.752769 0.642796 0.141959  0.635300 0.667500 1 37 1.000000
v_nailgun.tga
0  -5.313331 -13.132827 -11.914270  0.920070 0.331689 -0.208455  0.628400 0.676800 1 37 1.000000
0  -5.468197 -12.926040 -11.451746  0.752769 0.642796 0.141959  0.635300 0.667500 1 37 1.000000
0  -5.313788 -13.115340 -11.413376  0.919676 0.345830 0.186004  0.638800 0.672900 1 37 1.000000
v_nailgun.tga
0  -5.516743 -13.154137 -12.371793  0.759769 0.314578 -0.569027  0.617800 0.676400 1 37 1.000000
0  -5.645471 -12.959921 -12.288736  0.619975 0.617802 -0.483685  0.619200 0.670400 1 37 1.000000
0  -5.467796 -12.941311 -11.889179  0.752958 0.631541 -0.184962  0.627500 0.670600 1 37 1.000000
v_nailgun.tga
0  -5.516743 -13.154137 -12.371793  0.759769 0.314578 -0.569027  0.617800 0.676400 1 37 1.000000
0  -5.467796 -12.941311 -11.889179  0.752958 0.631541 -0.184962  0.627500 0.670600 1 37 1.000000
0  -5.313331 -13.132827 -11.914270  0.920070 0.331689 -0.208455  0.628400 0.676800 1 37 1.000000
v_nailgun.tga
0  -5.888808 -13.175575 -12.706589  0.466466 0.297400 -0.833044  0.608000 0.671800 1 37 1.000000
0  -5.970389 -12.978745 -12.581154  0.376877 0.603877 -0.702350  0.611800 0.666900 1 37 1.000000
0  -5.645471 -12.959921 -12.288736  0.619975 0.617802 -0.483685  0.619200 0.670400 1 37 1.000000
v_nailgun.tga
0  -5.888808 -13.175575 -12.706589  0.466466 0.297400 -0.833044  0.608000 0.671800 1 37 1.000000
0  -5.645471 -12.959921 -12.288736  0.619975 0.617802 -0.483685  0.619200 0.670400 1 37 1.000000
0  -5.516743 -13.154137 -12.371793  0.759769 0.314578 -0.569027  0.617800 0.676400 1 37 1.000000
v_nailgun.tga
0  -6.365204 -13.193444 -12.860994  0.161281 0.393842 -0.904918  0.601000 0.663700 1 37 1.000000
0  -6.386424 -12.994345 -12.715872  0.065849 0.592289 -0.803031  0.606400 0.660700 1 37 1.000000
0  -5.970389 -12.978745 -12.581154  0.376877 0.603877 -0.702350  0.611800 0.666900 1 37 1.000000
v_nailgun.tga
0  -6.365204 -13.193444 -12.860994  0.161281 0.393842 -0.904918  0.601000 0.663700 1 37 1.000000
0  -5.970389 -12.978745 -12.581154  0.376877 0.603877 -0.702350  0.611800 0.666900 1 37 1.000000
0  -5.888808 -13.175575 -12.706589  0.466466 0.297400 -0.833044  0.608000 0.671800 1 37 1.000000
v_nailgun.tga
0  -6.863583 -13.204648 -12.808127  -0.259008 0.584652 -0.768828  0.597600 0.653500 1 37 1.000000
0  -6.821615 -13.004132 -12.669801  -0.259042 0.584582 -0.768870  0.603800 0.652800 1 37 1.000000
0  -6.386424 -12.994345 -12.715872  0.065849 0.592289 -0.803031  0.606400 0.660700 1 37 1.000000
v_nailgun.tga
0  -6.863583 -13.204648 -12.808127  -0.259008 0.584652 -0.768828  0.597600 0.653500 1 37 1.000000
0  -6.386424 -12.994345 -12.715872  0.065849 0.592289 -0.803031  0.606400 0.660700 1 37 1.000000
0  -6.365204 -13.193444 -12.860994  0.161281 0.393842 -0.904918  0.601000 0.663700 1 37 1.000000
v_nailgun.tga
0  -7.297760 -13.207355 -12.557276  -0.542112 0.582684 -0.605470  0.598700 0.642700 1 37 1.000000
0  -7.200787 -13.006409 -12.450734  -0.542101 0.582682 -0.605481  0.604700 0.644600 1 37 1.000000
0  -6.821615 -13.004132 -12.669801  -0.259042 0.584582 -0.768870  0.603800 0.652800 1 37 1.000000
v_nailgun.tga
0  -7.297760 -13.207355 -12.557276  -0.542112 0.582684 -0.605470  0.598700 0.642700 1 37 1.000000
0  -6.821615 -13.004132 -12.669801  -0.259042 0.584582 -0.768870  0.603800 0.652800 1 37 1.000000
0  -6.863583 -13.204648 -12.808127  -0.259008 0.584652 -0.768828  0.597600 0.653500 1 37 1.000000
v_nailgun.tga
0  -7.592628 -13.200908 -12.151723  -0.734184 0.587054 -0.341087  0.604300 0.633200 1 37 1.000000
0  -7.458223 -13.000775 -12.096549  -0.734138 0.587070 -0.341162  0.608900 0.637500 1 37 1.000000
0  -7.200787 -13.006409 -12.450734  -0.542101 0.582682 -0.605481  0.604700 0.644600 1 37 1.000000
v_nailgun.tga
0  -7.592628 -13.200908 -12.151723  -0.734184 0.587054 -0.341087  0.604300 0.633200 1 37 1.000000
0  -7.200787 -13.006409 -12.450734  -0.542101 0.582682 -0.605481  0.604700 0.644600 1 37 1.000000
0  -7.297760 -13.207355 -12.557276  -0.542112 0.582684 -0.605470  0.598700 0.642700 1 37 1.000000
v_nailgun.tga
0  -6.497342 -12.960696 -11.669510  -0.026206 0.999047 -0.034892  0.623700 0.650900 1 37 1.000000
0  -7.458223 -13.000775 -12.096549  -0.026160 0.999048 -0.034901  0.608900 0.637500 1 37 1.000000
0  -7.549683 -12.988221 -11.668612  -0.026161 0.999048 -0.034904  0.615600 0.632700 1 37 1.000000
v_nailgun.tga
0  -6.497342 -12.960696 -11.669510  -0.026206 0.999047 -0.034892  0.623700 0.650900 1 37 1.000000
0  -7.549683 -12.988221 -11.668612  -0.026161 0.999048 -0.034904  0.615600 0.632700 1 37 1.000000
0  -7.459005 -12.970900 -11.240771  -0.026161 0.999048 -0.034904  0.623700 0.631000 1 37 1.000000
v_nailgun.tga
0  -7.459005 -12.970900 -11.240771  -0.026161 0.999048 -0.034904  0.623700 0.631000 1 37 1.000000
0  -7.202217 -12.951820 -10.887087  -0.026166 0.999048 -0.034910  0.631800 0.632600 1 37 1.000000
0  -6.823445 -12.934273 -10.668720  -0.026161 0.999048 -0.034901  0.638600 0.637400 1 37 1.000000
v_nailgun.tga
0  -7.459005 -12.970900 -11.240771  -0.026161 0.999048 -0.034904  0.623700 0.631000 1 37 1.000000
0  -6.823445 -12.934273 -10.668720  -0.026161 0.999048 -0.034901  0.638600 0.637400 1 37 1.000000
0  -6.497342 -12.960696 -11.669510  -0.026206 0.999047 -0.034892  0.623700 0.650900 1 37 1.000000
v_nailgun.tga
0  -6.823445 -12.934273 -10.668720  -0.026161 0.999048 -0.034901  0.638600 0.637400 1 37 1.000000
0  -6.388337 -12.921297 -10.623447  -0.026161 0.999048 -0.034897  0.643000 0.644600 1 37 1.000000
0  -5.972055 -12.915132 -10.758965  -0.026247 0.999046 -0.034893  0.644000 0.653100 1 37 1.000000
v_nailgun.tga
0  -6.823445 -12.934273 -10.668720  -0.026161 0.999048 -0.034901  0.638600 0.637400 1 37 1.000000
0  -5.972055 -12.915132 -10.758965  -0.026247 0.999046 -0.034893  0.644000 0.653100 1 37 1.000000
0  -6.497342 -12.960696 -11.669510  -0.026206 0.999047 -0.034892  0.623700 0.650900 1 37 1.000000
v_nailgun.tga
0  -5.972055 -12.915132 -10.758965  -0.026247 0.999046 -0.034893  0.644000 0.653100 1 37 1.000000
0  -5.646602 -12.916745 -11.051991  -0.026682 0.999027 -0.035129  0.641200 0.661300 1 37 1.000000
0  -5.468197 -12.926040 -11.451746  -0.026290 0.999046 -0.034883  0.635300 0.667500 1 37 1.000000
v_nailgun.tga
0  -5.972055 -12.915132 -10.758965  -0.026247 0.999046 -0.034893  0.644000 0.653100 1 37 1.000000
0  -5.468197 -12.926040 -11.451746  -0.026290 0.999046 -0.034883  0.635300 0.667500 1 37 1.000000
0  -6.497342 -12.960696 -11.669510  -0.026206 0.999047 -0.034892  0.623700 0.650900 1 37 1.000000
v_nailgun.tga
0  -5.468197 -12.926040 -11.451746  -0.026290 0.999046 -0.034883  0.635300 0.667500 1 37 1.000000
0  -5.467796 -12.941311 -11.889179  -0.026155 0.999048 -0.034908  0.627500 0.670600 1 37 1.000000
0  -5.645471 -12.959921 -12.288736  -0.026243 0.999045 -0.034940  0.619200 0.670400 1 37 1.000000
v_nailgun.tga
0  -5.468197 -12.926040 -11.451746  -0.026290 0.999046 -0.034883  0.635300 0.667500 1 37 1.000000
0  -5.645471 -12.959921 -12.288736  -0.026243 0.999045 -0.034940  0.619200 0.670400 1 37 1.000000
0  -6.497342 -12.960696 -11.669510  -0.026206 0.999047 -0.034892  0.623700 0.650900 1 37 1.000000
v_nailgun.tga
0  -5.645471 -12.959921 -12.288736  -0.026243 0.999045 -0.034940  0.619200 0.670400 1 37 1.000000
0  -5.970389 -12.978745 -12.581154  -0.025982 0.999034 -0.035451  0.611800 0.666900 1 37 1.000000
0  -6.386424 -12.994345 -12.715872  -0.026202 0.999046 -0.034949  0.606400 0.660700 1 37 1.000000
v_nailgun.tga
0  -5.645471 -12.959921 -12.288736  -0.026243 0.999045 -0.034940  0.619200 0.670400 1 37 1.000000
0  -6.386424 -12.994345 -12.715872  -0.026202 0.999046 -0.034949  0.606400 0.660700 1 37 1.000000
0  -6.497342 -12.960696 -11.669510  -0.026206 0.999047 -0.034892  0.623700 0.650900 1 37 1.000000
v_nailgun.tga
0  -6.386424 -12.994345 -12.715872  -0.026202 0.999046 -0.034949  0.606400 0.660700 1 37 1.000000
0  -6.821615 -13.004132 -12.669801  -0.026164 0.999048 -0.034909  0.603800 0.652800 1 37 1.000000
0  -7.200787 -13.006409 -12.450734  -0.026161 0.999048 -0.034901  0.604700 0.644600 1 37 1.000000
v_nailgun.tga
0  -6.386424 -12.994345 -12.715872  -0.026202 0.999046 -0.034949  0.606400 0.660700 1 37 1.000000
0  -7.200787 -13.006409 -12.450734  -0.026161 0.999048 -0.034901  0.604700 0.644600 1 37 1.000000
0  -6.497342 -12.960696 -11.669510  -0.026206 0.999047 -0.034892  0.623700 0.650900 1 37 1.000000
v_nailgun.tga
0  -7.200787 -13.006409 -12.450734  -0.026161 0.999048 -0.034901  0.604700 0.644600 1 37 1.000000
0  -7.458223 -13.000775 -12.096549  -0.026160 0.999048 -0.034901  0.608900 0.637500 1 37 1.000000
0  -6.497342 -12.960696 -11.669510  -0.026206 0.999047 -0.034892  0.623700 0.650900 1 37 1.000000
v_nailgun.tga
0  -4.835848 -24.784960 -12.814947  0.999032 0.043954 -0.001561  0.656500 0.355300 1 37 1.000000
0  -4.870370 -23.997671 -12.833758  0.999041 0.043778 -0.001176  0.622200 0.355300 1 37 1.000000
0  -4.872459 -23.948408 -12.774444  0.999042 0.043761 -0.000801  0.620400 0.353400 1 37 1.000000
v_nailgun.tga
0  -4.835848 -24.784960 -12.814947  0.999032 0.043954 -0.001561  0.656500 0.355300 1 37 1.000000
0  -4.872459 -23.948408 -12.774444  0.999042 0.043761 -0.000801  0.620400 0.353400 1 37 1.000000
0  -4.872589 -23.943438 -12.632030  0.999042 0.043767 -0.000423  0.620400 0.348700 1 37 1.000000
v_nailgun.tga
0  -4.872459 -23.948408 -12.774444  0.564250 0.774374 -0.286297  0.620400 0.353400 1 37 1.000000
0  -4.957867 -23.895784 -12.805676  0.271570 0.886992 -0.373491  0.616900 0.354900 1 37 1.000000
0  -4.958047 -23.888905 -12.608596  0.266486 0.911910 0.312097  0.617300 0.347200 1 37 1.000000
v_nailgun.tga
0  -4.872459 -23.948408 -12.774444  0.564250 0.774374 -0.286297  0.620400 0.353400 1 37 1.000000
0  -4.958047 -23.888905 -12.608596  0.266486 0.911910 0.312097  0.617300 0.347200 1 37 1.000000
0  -4.872589 -23.943438 -12.632030  0.555873 0.794482 0.244546  0.620400 0.348700 1 37 1.000000
v_nailgun.tga
0  -4.872459 -23.948408 -12.774444  0.564250 0.774374 -0.286297  0.620400 0.353400 1 37 1.000000
0  -4.870370 -23.997671 -12.833758  0.612812 0.387884 -0.688482  0.622200 0.355300 1 37 1.000000
0  -4.954055 -23.987858 -12.902719  0.305745 0.368844 -0.877767  0.621200 0.358900 1 37 1.000000
v_nailgun.tga
0  -4.872459 -23.948408 -12.774444  0.564250 0.774374 -0.286297  0.620400 0.353400 1 37 1.000000
0  -4.954055 -23.987858 -12.902719  0.305745 0.368844 -0.877767  0.621200 0.358900 1 37 1.000000
0  -4.957867 -23.895784 -12.805676  0.271570 0.886992 -0.373491  0.616900 0.354900 1 37 1.000000
v_nailgun.tga
0  -4.872589 -23.943438 -12.632030  0.999042 0.043767 -0.000423  0.620400 0.348700 1 37 1.000000
0  -4.870610 -23.988470 -12.570219  0.999041 0.043779 -0.000113  0.622400 0.346800 1 37 1.000000
0  -4.833530 -24.835272 -12.752552  0.999035 0.043916 -0.001038  0.658700 0.353400 1 37 1.000000
v_nailgun.tga
0  -4.872589 -23.943438 -12.632030  0.999042 0.043767 -0.000423  0.620400 0.348700 1 37 1.000000
0  -4.833530 -24.835272 -12.752552  0.999035 0.043916 -0.001038  0.658700 0.353400 1 37 1.000000
0  -4.835848 -24.784960 -12.814947  0.999032 0.043954 -0.001561  0.656500 0.355300 1 37 1.000000
v_nailgun.tga
0  -4.872589 -23.943438 -12.632030  0.555873 0.794482 0.244546  0.620400 0.348700 1 37 1.000000
0  -4.958047 -23.888905 -12.608596  0.266486 0.911910 0.312097  0.617300 0.347200 1 37 1.000000
0  -4.954417 -23.974035 -12.506761  0.293257 0.421022 0.858336  0.621400 0.343400 1 37 1.000000
v_nailgun.tga
0  -4.872589 -23.943438 -12.632030  0.555873 0.794482 0.244546  0.620400 0.348700 1 37 1.000000
0  -4.954417 -23.974035 -12.506761  0.293257 0.421022 0.858336  0.621400 0.343400 1 37 1.000000
0  -4.870610 -23.988470 -12.570219  0.591157 0.428656 0.683218  0.622400 0.346800 1 37 1.000000
v_nailgun.tga
0  -4.870610 -23.988470 -12.570219  0.999041 0.043779 -0.000113  0.622400 0.346800 1 37 1.000000
0  -4.836092 -24.775658 -12.548511  0.999039 0.043824 0.000598  0.656700 0.346800 1 37 1.000000
0  -4.833662 -24.830236 -12.608340  0.999038 0.043860 -0.000226  0.658600 0.348800 1 37 1.000000
v_nailgun.tga
0  -4.870610 -23.988470 -12.570219  0.999041 0.043779 -0.000113  0.622400 0.346800 1 37 1.000000
0  -4.833662 -24.830236 -12.608340  0.999038 0.043860 -0.000226  0.658600 0.348800 1 37 1.000000
0  -4.833530 -24.835272 -12.752552  0.999035 0.043916 -0.001038  0.658700 0.353400 1 37 1.000000
v_nailgun.tga
0  -4.833662 -24.830236 -12.608340  0.610113 -0.731748 0.303821  0.658600 0.348800 1 37 1.000000
0  -4.915383 -24.887794 -12.581591  0.317780 -0.872234 0.371785  0.662100 0.347300 1 37 1.000000
0  -4.915203 -24.894669 -12.781372  0.325321 -0.890902 -0.316954  0.661700 0.355000 1 37 1.000000
v_nailgun.tga
0  -4.833662 -24.830236 -12.608340  0.610113 -0.731748 0.303821  0.658600 0.348800 1 37 1.000000
0  -4.915203 -24.894669 -12.781372  0.325321 -0.890902 -0.316954  0.661700 0.355000 1 37 1.000000
0  -4.833530 -24.835272 -12.752552  0.622268 -0.744888 -0.240675  0.658700 0.353400 1 37 1.000000
v_nailgun.tga
0  -4.833662 -24.830236 -12.608340  0.610113 -0.731748 0.303821  0.658600 0.348800 1 37 1.000000
0  -4.836092 -24.775658 -12.548511  0.629826 -0.306004 0.713919  0.656700 0.346800 1 37 1.000000
0  -4.919310 -24.795183 -12.483465  0.318097 -0.347441 0.882099  0.657900 0.343400 1 37 1.000000
v_nailgun.tga
0  -4.833662 -24.830236 -12.608340  0.610113 -0.731748 0.303821  0.658600 0.348800 1 37 1.000000
0  -4.919310 -24.795183 -12.483465  0.318097 -0.347441 0.882099  0.657900 0.343400 1 37 1.000000
0  -4.915383 -24.887794 -12.581591  0.317780 -0.872234 0.371785  0.662100 0.347300 1 37 1.000000
v_nailgun.tga
0  -4.833530 -24.835272 -12.752552  0.622268 -0.744888 -0.240675  0.658700 0.353400 1 37 1.000000
0  -4.915203 -24.894669 -12.781372  0.325321 -0.890902 -0.316954  0.661700 0.355000 1 37 1.000000
0  -4.918943 -24.809160 -12.883821  0.332410 -0.393320 -0.857206  0.657700 0.358900 1 37 1.000000
v_nailgun.tga
0  -4.833530 -24.835272 -12.752552  0.622268 -0.744888 -0.240675  0.658700 0.353400 1 37 1.000000
0  -4.918943 -24.809160 -12.883821  0.332410 -0.393320 -0.857206  0.657700 0.358900 1 37 1.000000
0  -4.835848 -24.784960 -12.814947  0.657076 -0.336830 -0.674386  0.656500 0.355300 1 37 1.000000
v_nailgun.tga
0  -5.051022 -23.990393 -12.902619  -0.000429 -0.023022 -0.999735  0.620600 0.362300 1 37 1.000000
0  -4.954055 -23.987858 -12.902719  0.305745 0.368844 -0.877767  0.621200 0.358900 1 37 1.000000
0  -4.918943 -24.809160 -12.883821  0.332410 -0.393320 -0.857206  0.657700 0.358900 1 37 1.000000
v_nailgun.tga
0  -5.051022 -23.990393 -12.902619  -0.000429 -0.023022 -0.999735  0.620600 0.362300 1 37 1.000000
0  -4.918943 -24.809160 -12.883821  0.332410 -0.393320 -0.857206  0.657700 0.358900 1 37 1.000000
0  -5.017010 -24.811724 -12.883721  -0.000416 -0.023020 -0.999735  0.658200 0.362200 1 37 1.000000
v_nailgun.tga
0  -5.051022 -23.990393 -12.902619  -0.019662 0.724910 -0.688563  0.620600 0.362300 1 37 1.000000
0  -5.054733 -23.898317 -12.805576  -0.024521 0.922357 -0.385561  0.612900 0.356400 1 37 1.000000
0  -4.957867 -23.895784 -12.805676  0.271570 0.886992 -0.373491  0.616900 0.354900 1 37 1.000000
v_nailgun.tga
0  -5.051022 -23.990393 -12.902619  -0.019662 0.724910 -0.688563  0.620600 0.362300 1 37 1.000000
0  -4.957867 -23.895784 -12.805676  0.271570 0.886992 -0.373491  0.616900 0.354900 1 37 1.000000
0  -4.954055 -23.987858 -12.902719  0.305745 0.368844 -0.877767  0.621200 0.358900 1 37 1.000000
v_nailgun.tga
0  -4.918943 -24.809160 -12.883821  0.332410 -0.393320 -0.857206  0.657700 0.358900 1 37 1.000000
0  -4.954055 -23.987858 -12.902719  0.305745 0.368844 -0.877767  0.621200 0.358900 1 37 1.000000
0  -4.870370 -23.997671 -12.833758  0.612812 0.387884 -0.688482  0.622200 0.355300 1 37 1.000000
v_nailgun.tga
0  -4.918943 -24.809160 -12.883821  0.332410 -0.393320 -0.857206  0.657700 0.358900 1 37 1.000000
0  -4.870370 -23.997671 -12.833758  0.612812 0.387884 -0.688482  0.622200 0.355300 1 37 1.000000
0  -4.835848 -24.784960 -12.814947  0.657076 -0.336830 -0.674386  0.656500 0.355300 1 37 1.000000
v_nailgun.tga
0  -4.918943 -24.809160 -12.883821  0.332410 -0.393320 -0.857206  0.657700 0.358900 1 37 1.000000
0  -4.915203 -24.894669 -12.781372  0.325321 -0.890902 -0.316954  0.661700 0.355000 1 37 1.000000
0  -5.013367 -24.897337 -12.781269  0.025025 -0.945131 -0.325730  0.665200 0.356700 1 37 1.000000
v_nailgun.tga
0  -4.918943 -24.809160 -12.883821  0.332410 -0.393320 -0.857206  0.657700 0.358900 1 37 1.000000
0  -5.013367 -24.897337 -12.781269  0.025025 -0.945131 -0.325730  0.665200 0.356700 1 37 1.000000
0  -5.017010 -24.811724 -12.883721  0.019416 -0.766861 -0.641520  0.658200 0.362200 1 37 1.000000
v_nailgun.tga
0  -5.054914 -23.891438 -12.608497  -0.024395 0.945756 0.323962  0.613900 0.345500 1 37 1.000000
0  -4.958047 -23.888905 -12.608596  0.266486 0.911910 0.312097  0.617300 0.347200 1 37 1.000000
0  -4.957867 -23.895784 -12.805676  0.271570 0.886992 -0.373491  0.616900 0.354900 1 37 1.000000
v_nailgun.tga
0  -5.054914 -23.891438 -12.608497  -0.024395 0.945756 0.323962  0.613900 0.345500 1 37 1.000000
0  -4.957867 -23.895784 -12.805676  0.271570 0.886992 -0.373491  0.616900 0.354900 1 37 1.000000
0  -5.054733 -23.898317 -12.805576  -0.024521 0.922357 -0.385561  0.612900 0.356400 1 37 1.000000
v_nailgun.tga
0  -5.054914 -23.891438 -12.608497  -0.024395 0.945756 0.323962  0.613900 0.345500 1 37 1.000000
0  -5.051384 -23.976570 -12.506660  -0.019387 0.766731 0.641676  0.620900 0.340000 1 37 1.000000
0  -4.954417 -23.974035 -12.506761  0.293257 0.421022 0.858336  0.621400 0.343400 1 37 1.000000
v_nailgun.tga
0  -5.054914 -23.891438 -12.608497  -0.024395 0.945756 0.323962  0.613900 0.345500 1 37 1.000000
0  -4.954417 -23.974035 -12.506761  0.293257 0.421022 0.858336  0.621400 0.343400 1 37 1.000000
0  -4.958047 -23.888905 -12.608596  0.266486 0.911910 0.312097  0.617300 0.347200 1 37 1.000000
v_nailgun.tga
0  -5.017376 -24.797749 -12.483366  0.000262 0.028369 0.999597  0.658500 0.340000 1 37 1.000000
0  -4.919310 -24.795183 -12.483465  0.318097 -0.347441 0.882099  0.657900 0.343400 1 37 1.000000
0  -4.954417 -23.974035 -12.506761  0.293257 0.421022 0.858336  0.621400 0.343400 1 37 1.000000
v_nailgun.tga
0  -5.017376 -24.797749 -12.483366  0.000262 0.028369 0.999597  0.658500 0.340000 1 37 1.000000
0  -4.954417 -23.974035 -12.506761  0.293257 0.421022 0.858336  0.621400 0.343400 1 37 1.000000
0  -5.051384 -23.976570 -12.506660  0.000291 0.028368 0.999598  0.620900 0.340000 1 37 1.000000
v_nailgun.tga
0  -5.017376 -24.797749 -12.483366  0.019708 -0.726708 0.686664  0.658500 0.340000 1 37 1.000000
0  -5.013550 -24.890364 -12.581491  0.024520 -0.921764 0.386975  0.666000 0.345700 1 37 1.000000
0  -4.915383 -24.887794 -12.581591  0.317780 -0.872234 0.371785  0.662100 0.347300 1 37 1.000000
v_nailgun.tga
0  -5.017376 -24.797749 -12.483366  0.019708 -0.726708 0.686664  0.658500 0.340000 1 37 1.000000
0  -4.915383 -24.887794 -12.581591  0.317780 -0.872234 0.371785  0.662100 0.347300 1 37 1.000000
0  -4.919310 -24.795183 -12.483465  0.318097 -0.347441 0.882099  0.657900 0.343400 1 37 1.000000
v_nailgun.tga
0  -4.954417 -23.974035 -12.506761  0.293257 0.421022 0.858336  0.621400 0.343400 1 37 1.000000
0  -4.919310 -24.795183 -12.483465  0.318097 -0.347441 0.882099  0.657900 0.343400 1 37 1.000000
0  -4.836092 -24.775658 -12.548511  0.629826 -0.306004 0.713919  0.656700 0.346800 1 37 1.000000
v_nailgun.tga
0  -4.954417 -23.974035 -12.506761  0.293257 0.421022 0.858336  0.621400 0.343400 1 37 1.000000
0  -4.836092 -24.775658 -12.548511  0.629826 -0.306004 0.713919  0.656700 0.346800 1 37 1.000000
0  -4.870610 -23.988470 -12.570219  0.591157 0.428656 0.683218  0.622400 0.346800 1 37 1.000000
v_nailgun.tga
0  -5.013367 -24.897337 -12.781269  0.025025 -0.945131 -0.325730  0.665200 0.356700 1 37 1.000000
0  -4.915203 -24.894669 -12.781372  0.325321 -0.890902 -0.316954  0.661700 0.355000 1 37 1.000000
0  -4.915383 -24.887794 -12.581591  0.317780 -0.872234 0.371785  0.662100 0.347300 1 37 1.000000
v_nailgun.tga
0  -5.013367 -24.897337 -12.781269  0.025025 -0.945131 -0.325730  0.665200 0.356700 1 37 1.000000
0  -4.915383 -24.887794 -12.581591  0.317780 -0.872234 0.371785  0.662100 0.347300 1 37 1.000000
0  -5.013550 -24.890364 -12.581491  0.024520 -0.921764 0.386975  0.666000 0.345700 1 37 1.000000
v_nailgun.tga
0  -4.487874 -24.336273 -11.744632  0.622646 -0.733588 -0.272324  0.928900 0.294900 1 37 1.000000
0  -4.404322 -24.276119 -11.715636  0.616893 -0.751064 -0.235255  0.925000 0.293100 1 37 1.000000
0  -4.404457 -24.270939 -11.567227  0.610910 -0.733939 0.296856  0.925000 0.288000 1 37 1.000000
v_nailgun.tga
0  -4.487874 -24.336273 -11.744632  0.622646 -0.733588 -0.272324  0.928900 0.294900 1 37 1.000000
0  -4.404457 -24.270939 -11.567227  0.610910 -0.733939 0.296856  0.925000 0.288000 1 37 1.000000
0  -4.488062 -24.329094 -11.538958  0.608904 -0.725737 0.320223  0.929100 0.286300 1 37 1.000000
v_nailgun.tga
0  -4.914862 -15.028862 -12.182319  0.627098 0.302629 -0.717749  0.466000 0.299000 1 37 1.000000
0  -4.836310 -15.037447 -12.117308  0.625752 0.368878 -0.687288  0.466700 0.295200 1 37 1.000000
0  -4.407151 -24.225309 -11.780452  0.655055 -0.347569 -0.670894  0.922700 0.295200 1 37 1.000000
v_nailgun.tga
0  -4.914862 -15.028862 -12.182319  0.627098 0.302629 -0.717749  0.466000 0.299000 1 37 1.000000
0  -4.407151 -24.225309 -11.780452  0.655055 -0.347569 -0.670894  0.922700 0.295200 1 37 1.000000
0  -4.492538 -24.249830 -11.851117  0.660159 -0.293477 -0.691420  0.923600 0.299000 1 37 1.000000
v_nailgun.tga
0  -4.492916 -24.235441 -11.438969  0.633441 -0.251343 0.731833  0.923600 0.282300 1 37 1.000000
0  -4.407402 -24.215734 -11.506218  0.633336 -0.294962 0.715460  0.922700 0.285900 1 37 1.000000
0  -4.836537 -15.028793 -11.869458  0.584835 0.451784 0.673691  0.466700 0.286000 1 37 1.000000
v_nailgun.tga
0  -4.492916 -24.235441 -11.438969  0.633441 -0.251343 0.731833  0.923600 0.282300 1 37 1.000000
0  -4.836537 -15.028793 -11.869458  0.584835 0.451784 0.673691  0.466700 0.286000 1 37 1.000000
0  -4.915202 -15.015863 -11.809946  0.607250 0.369677 0.703268  0.466000 0.282300 1 37 1.000000
v_nailgun.tga
0  -4.917578 -14.940422 -11.906439  0.551965 0.792341 0.259865  0.460900 0.286600 1 37 1.000000
0  -4.837883 -14.988838 -11.928090  0.538282 0.810476 0.231046  0.464600 0.288100 1 37 1.000000
0  -4.837760 -14.993517 -12.062108  0.558654 0.787551 -0.260133  0.464800 0.293100 1 37 1.000000
v_nailgun.tga
0  -4.917578 -14.940422 -11.906439  0.551965 0.792341 0.259865  0.460900 0.286600 1 37 1.000000
0  -4.837760 -14.993517 -12.062108  0.558654 0.787551 -0.260133  0.464800 0.293100 1 37 1.000000
0  -4.917408 -14.946899 -12.092026  0.553432 0.772133 -0.312286  0.461200 0.294700 1 37 1.000000
v_nailgun.tga
0  -4.492538 -24.249830 -11.851117  0.660159 -0.293477 -0.691420  0.923600 0.299000 1 37 1.000000
0  -4.407151 -24.225309 -11.780452  0.655055 -0.347569 -0.670894  0.922700 0.295200 1 37 1.000000
0  -4.404322 -24.276119 -11.715636  0.616893 -0.751064 -0.235255  0.925000 0.293100 1 37 1.000000
v_nailgun.tga
0  -4.492538 -24.249830 -11.851117  0.660159 -0.293477 -0.691420  0.923600 0.299000 1 37 1.000000
0  -4.404322 -24.276119 -11.715636  0.616893 -0.751064 -0.235255  0.925000 0.293100 1 37 1.000000
0  -4.487874 -24.336273 -11.744632  0.622646 -0.733588 -0.272324  0.928900 0.294900 1 37 1.000000
v_nailgun.tga
0  -4.917408 -14.946899 -12.092026  0.553432 0.772133 -0.312286  0.461200 0.294700 1 37 1.000000
0  -4.837760 -14.993517 -12.062108  0.558654 0.787551 -0.260133  0.464800 0.293100 1 37 1.000000
0  -4.836310 -15.037447 -12.117308  0.625752 0.368878 -0.687288  0.466700 0.295200 1 37 1.000000
v_nailgun.tga
0  -4.917408 -14.946899 -12.092026  0.553432 0.772133 -0.312286  0.461200 0.294700 1 37 1.000000
0  -4.836310 -15.037447 -12.117308  0.625752 0.368878 -0.687288  0.466700 0.295200 1 37 1.000000
0  -4.914862 -15.028862 -12.182319  0.627098 0.302629 -0.717749  0.466000 0.299000 1 37 1.000000
v_nailgun.tga
0  -4.488062 -24.329094 -11.538958  0.608904 -0.725737 0.320223  0.929100 0.286300 1 37 1.000000
0  -4.404457 -24.270939 -11.567227  0.610910 -0.733939 0.296856  0.925000 0.288000 1 37 1.000000
0  -4.407402 -24.215734 -11.506218  0.633336 -0.294962 0.715460  0.922700 0.285900 1 37 1.000000
v_nailgun.tga
0  -4.488062 -24.329094 -11.538958  0.608904 -0.725737 0.320223  0.929100 0.286300 1 37 1.000000
0  -4.407402 -24.215734 -11.506218  0.633336 -0.294962 0.715460  0.922700 0.285900 1 37 1.000000
0  -4.492916 -24.235441 -11.438969  0.633441 -0.251343 0.731833  0.923600 0.282300 1 37 1.000000
v_nailgun.tga
0  -4.915202 -15.015863 -11.809946  0.607250 0.369677 0.703268  0.466000 0.282300 1 37 1.000000
0  -4.836537 -15.028793 -11.869458  0.584835 0.451784 0.673691  0.466700 0.286000 1 37 1.000000
0  -4.837883 -14.988838 -11.928090  0.538282 0.810476 0.231046  0.464600 0.288100 1 37 1.000000
v_nailgun.tga
0  -4.915202 -15.015863 -11.809946  0.607250 0.369677 0.703268  0.466000 0.282300 1 37 1.000000
0  -4.837883 -14.988838 -11.928090  0.538282 0.810476 0.231046  0.464600 0.288100 1 37 1.000000
0  -4.917578 -14.940422 -11.906439  0.551965 0.792341 0.259865  0.460900 0.286600 1 37 1.000000
v_nailgun.tga
0  -4.404322 -24.276119 -11.715636  0.998758 0.049712 -0.003350  0.925000 0.293100 1 37 1.000000
0  -4.836537 -15.028793 -11.869458  0.998937 0.045240 0.008838  0.466700 0.286000 1 37 1.000000
0  -4.407402 -24.215734 -11.506218  0.998829 0.048377 -0.000988  0.922700 0.285900 1 37 1.000000
v_nailgun.tga
0  -4.404322 -24.276119 -11.715636  0.998758 0.049712 -0.003350  0.925000 0.293100 1 37 1.000000
0  -4.407402 -24.215734 -11.506218  0.998829 0.048377 -0.000988  0.922700 0.285900 1 37 1.000000
0  -4.404457 -24.270939 -11.567227  0.998521 0.054364 -0.000990  0.925000 0.288000 1 37 1.000000
v_nailgun.tga
0  -4.836310 -15.037447 -12.117308  0.999048 0.043614 0.000136  0.466700 0.295200 1 37 1.000000
0  -4.837760 -14.993517 -12.062108  0.999445 0.033315 -0.000246  0.464800 0.293100 1 37 1.000000
0  -4.837883 -14.988838 -11.928090  0.999028 0.043920 0.003697  0.464600 0.288100 1 37 1.000000
v_nailgun.tga
0  -4.836310 -15.037447 -12.117308  0.999048 0.043614 0.000136  0.466700 0.295200 1 37 1.000000
0  -4.837883 -14.988838 -11.928090  0.999028 0.043920 0.003697  0.464600 0.288100 1 37 1.000000
0  -4.407151 -24.225309 -11.780452  0.998890 0.046570 -0.007020  0.922700 0.295200 1 37 1.000000
v_nailgun.tga
0  -4.407151 -24.225309 -11.780452  0.998890 0.046570 -0.007020  0.922700 0.295200 1 37 1.000000
0  -4.837883 -14.988838 -11.928090  0.999028 0.043920 0.003697  0.464600 0.288100 1 37 1.000000
0  -4.836537 -15.028793 -11.869458  0.998937 0.045240 0.008838  0.466700 0.286000 1 37 1.000000
v_nailgun.tga
0  -4.407151 -24.225309 -11.780452  0.998890 0.046570 -0.007020  0.922700 0.295200 1 37 1.000000
0  -4.836537 -15.028793 -11.869458  0.998937 0.045240 0.008838  0.466700 0.286000 1 37 1.000000
0  -4.404322 -24.276119 -11.715636  0.998758 0.049712 -0.003350  0.925000 0.293100 1 37 1.000000
v_nailgun.tga
0  -4.408663 -24.186722 -11.118896  0.997537 0.069665 0.008188  0.816400 0.360100 1 37 1.000000
0  -4.573578 -21.762499 -11.206880  0.997650 0.066657 -0.015872  0.673500 0.360100 1 37 1.000000
0  -4.575859 -21.713594 -11.149054  0.997703 0.067363 -0.007159  0.671500 0.358000 1 37 1.000000
v_nailgun.tga
0  -4.408663 -24.186722 -11.118896  0.997537 0.069665 0.008188  0.816400 0.360100 1 37 1.000000
0  -4.575859 -21.713594 -11.149054  0.997703 0.067363 -0.007159  0.671500 0.358000 1 37 1.000000
0  -4.575988 -21.708662 -11.007740  0.997841 0.065293 0.007058  0.671500 0.353000 1 37 1.000000
v_nailgun.tga
0  -4.575859 -21.713594 -11.149054  0.566354 0.772541 -0.287095  0.671500 0.358000 1 37 1.000000
0  -4.660857 -21.661291 -11.181275  0.581488 0.748283 -0.319287  0.667600 0.359600 1 37 1.000000
0  -4.661036 -21.654465 -10.985695  0.565921 0.782753 0.258902  0.667700 0.351400 1 37 1.000000
v_nailgun.tga
0  -4.575859 -21.713594 -11.149054  0.566354 0.772541 -0.287095  0.671500 0.358000 1 37 1.000000
0  -4.661036 -21.654465 -10.985695  0.565921 0.782753 0.258902  0.667700 0.351400 1 37 1.000000
0  -4.575988 -21.708662 -11.007740  0.553364 0.797714 0.239668  0.671500 0.353000 1 37 1.000000
v_nailgun.tga
0  -4.575859 -21.713594 -11.149054  0.566354 0.772541 -0.287095  0.671500 0.358000 1 37 1.000000
0  -4.573578 -21.762499 -11.206880  0.613373 0.383543 -0.690411  0.673500 0.360100 1 37 1.000000
0  -4.656764 -21.752665 -11.275640  0.635535 0.311155 -0.706596  0.672800 0.363900 1 37 1.000000
v_nailgun.tga
0  -4.575859 -21.713594 -11.149054  0.566354 0.772541 -0.287095  0.671500 0.358000 1 37 1.000000
0  -4.656764 -21.752665 -11.275640  0.635535 0.311155 -0.706596  0.672800 0.363900 1 37 1.000000
0  -4.660857 -21.661291 -11.181275  0.581488 0.748283 -0.319287  0.667600 0.359600 1 37 1.000000
v_nailgun.tga
0  -4.575988 -21.708662 -11.007740  0.997841 0.065293 0.007058  0.671500 0.353000 1 37 1.000000
0  -4.573817 -21.753365 -10.945239  0.997833 0.064573 0.012603  0.673600 0.350900 1 37 1.000000
0  -4.405832 -24.237514 -11.053482  0.997694 0.067841 0.001929  0.818600 0.358000 1 37 1.000000
v_nailgun.tga
0  -4.575988 -21.708662 -11.007740  0.997841 0.065293 0.007058  0.671500 0.353000 1 37 1.000000
0  -4.405832 -24.237514 -11.053482  0.997694 0.067841 0.001929  0.818600 0.358000 1 37 1.000000
0  -4.408663 -24.186722 -11.118896  0.997537 0.069665 0.008188  0.816400 0.360100 1 37 1.000000
v_nailgun.tga
0  -4.575988 -21.708662 -11.007740  0.553364 0.797714 0.239668  0.671500 0.353000 1 37 1.000000
0  -4.661036 -21.654465 -10.985695  0.565921 0.782753 0.258902  0.667700 0.351400 1 37 1.000000
0  -4.657124 -21.738945 -10.882681  0.606133 0.376467 0.700625  0.672900 0.347200 1 37 1.000000
v_nailgun.tga
0  -4.575988 -21.708662 -11.007740  0.553364 0.797714 0.239668  0.671500 0.353000 1 37 1.000000
0  -4.657124 -21.738945 -10.882681  0.606133 0.376467 0.700625  0.672900 0.347200 1 37 1.000000
0  -4.573817 -21.753365 -10.945239  0.586542 0.445281 0.676531  0.673600 0.350900 1 37 1.000000
v_nailgun.tga
0  -4.573817 -21.753365 -10.945239  0.997833 0.064573 0.012603  0.673600 0.350900 1 37 1.000000
0  -4.408914 -24.177153 -10.844764  0.997647 0.067342 -0.012879  0.816400 0.350900 1 37 1.000000
0  -4.405969 -24.232336 -10.905172  0.997700 0.067402 -0.007227  0.818600 0.352900 1 37 1.000000
v_nailgun.tga
0  -4.573817 -21.753365 -10.945239  0.997833 0.064573 0.012603  0.673600 0.350900 1 37 1.000000
0  -4.405969 -24.232336 -10.905172  0.997700 0.067402 -0.007227  0.818600 0.352900 1 37 1.000000
0  -4.405832 -24.237514 -11.053482  0.997694 0.067841 0.001929  0.818600 0.358000 1 37 1.000000
v_nailgun.tga
0  -4.405969 -24.232336 -10.905172  0.610150 -0.731506 0.304328  0.818600 0.352900 1 37 1.000000
0  -4.489475 -24.290468 -10.876303  0.613405 -0.720449 0.323555  0.822300 0.351300 1 37 1.000000
0  -4.489286 -24.297649 -11.081977  0.621900 -0.734940 -0.270375  0.822400 0.359700 1 37 1.000000
v_nailgun.tga
0  -4.405969 -24.232336 -10.905172  0.610150 -0.731506 0.304328  0.818600 0.352900 1 37 1.000000
0  -4.489286 -24.297649 -11.081977  0.621900 -0.734940 -0.270375  0.822400 0.359700 1 37 1.000000
0  -4.405832 -24.237514 -11.053482  0.617200 -0.750580 -0.235997  0.818600 0.358000 1 37 1.000000
v_nailgun.tga
0  -4.405969 -24.232336 -10.905172  0.610150 -0.731506 0.304328  0.818600 0.352900 1 37 1.000000
0  -4.408914 -24.177153 -10.844764  0.633172 -0.294175 0.715929  0.816400 0.350900 1 37 1.000000
0  -4.494327 -24.196850 -10.777313  0.637351 -0.241068 0.731895  0.817300 0.347200 1 37 1.000000
v_nailgun.tga
0  -4.405969 -24.232336 -10.905172  0.610150 -0.731506 0.304328  0.818600 0.352900 1 37 1.000000
0  -4.494327 -24.196850 -10.777313  0.637351 -0.241068 0.731895  0.817300 0.347200 1 37 1.000000
0  -4.489475 -24.290468 -10.876303  0.613405 -0.720449 0.323555  0.822300 0.351300 1 37 1.000000
v_nailgun.tga
0  -4.405832 -24.237514 -11.053482  0.617200 -0.750580 -0.235997  0.818600 0.358000 1 37 1.000000
0  -4.489286 -24.297649 -11.081977  0.621900 -0.734940 -0.270375  0.822400 0.359700 1 37 1.000000
0  -4.493950 -24.211233 -11.189363  0.658541 -0.286656 -0.695810  0.817300 0.363900 1 37 1.000000
v_nailgun.tga
0  -4.405832 -24.237514 -11.053482  0.617200 -0.750580 -0.235997  0.818600 0.358000 1 37 1.000000
0  -4.493950 -24.211233 -11.189363  0.658541 -0.286656 -0.695810  0.817300 0.363900 1 37 1.000000
0  -4.408663 -24.186722 -11.118896  0.655499 -0.347866 -0.670306  0.816400 0.360100 1 37 1.000000
v_nailgun.tga
0  -4.493950 -24.211233 -11.189363  0.658541 -0.286656 -0.695810  0.817300 0.363900 1 37 1.000000
0  -4.656764 -21.752665 -11.275640  0.635535 0.311155 -0.706596  0.672800 0.363900 1 37 1.000000
0  -4.573578 -21.762499 -11.206880  0.613373 0.383543 -0.690411  0.673500 0.360100 1 37 1.000000
v_nailgun.tga
0  -4.493950 -24.211233 -11.189363  0.658541 -0.286656 -0.695810  0.817300 0.363900 1 37 1.000000
0  -4.573578 -21.762499 -11.206880  0.613373 0.383543 -0.690411  0.673500 0.360100 1 37 1.000000
0  -4.408663 -24.186722 -11.118896  0.655499 -0.347866 -0.670306  0.816400 0.360100 1 37 1.000000
v_nailgun.tga
0  -4.657124 -21.738945 -10.882681  0.606133 0.376467 0.700625  0.672900 0.347200 1 37 1.000000
0  -4.494327 -24.196850 -10.777313  0.637351 -0.241068 0.731895  0.817300 0.347200 1 37 1.000000
0  -4.408914 -24.177153 -10.844764  0.633172 -0.294175 0.715929  0.816400 0.350900 1 37 1.000000
v_nailgun.tga
0  -4.657124 -21.738945 -10.882681  0.606133 0.376467 0.700625  0.672900 0.347200 1 37 1.000000
0  -4.408914 -24.177153 -10.844764  0.633172 -0.294175 0.715929  0.816400 0.350900 1 37 1.000000
0  -4.573817 -21.753365 -10.945239  0.586542 0.445281 0.676531  0.673600 0.350900 1 37 1.000000
v_nailgun.tga
0  -4.783182 -16.630836 -11.448660  0.999445 0.033289 -0.001157  0.689900 0.336700 1 37 1.000000
0  -4.836858 -15.016548 -11.518672  0.999448 0.033224 -0.000203  0.619300 0.335600 1 37 1.000000
0  -4.838307 -14.972618 -11.463473  0.999448 0.033223 -0.000228  0.617300 0.333600 1 37 1.000000
v_nailgun.tga
0  -4.783182 -16.630836 -11.448660  0.999445 0.033289 -0.001157  0.689900 0.336700 1 37 1.000000
0  -4.838307 -14.972618 -11.463473  0.999448 0.033223 -0.000228  0.617300 0.333600 1 37 1.000000
0  -4.838430 -14.967939 -11.329454  0.999447 0.033238 -0.000266  0.617300 0.328600 1 37 1.000000
v_nailgun.tga
0  -4.838307 -14.972618 -11.463473  0.549084 0.787985 -0.278543  0.617300 0.333600 1 37 1.000000
0  -4.917955 -14.926008 -11.493591  0.565560 0.760863 -0.318164  0.613500 0.334900 1 37 1.000000
0  -4.918125 -14.919530 -11.308003  0.551430 0.792887 0.259337  0.613900 0.327100 1 37 1.000000
v_nailgun.tga
0  -4.838307 -14.972618 -11.463473  0.549084 0.787985 -0.278543  0.617300 0.333600 1 37 1.000000
0  -4.918125 -14.919530 -11.308003  0.551430 0.792887 0.259337  0.613900 0.327100 1 37 1.000000
0  -4.838430 -14.967939 -11.329454  0.537404 0.810181 0.234103  0.617300 0.328600 1 37 1.000000
v_nailgun.tga
0  -4.838307 -14.972618 -11.463473  0.549084 0.787985 -0.278543  0.617300 0.333600 1 37 1.000000
0  -4.836858 -15.016548 -11.518672  0.612081 0.389727 -0.688092  0.619300 0.335600 1 37 1.000000
0  -4.915409 -15.007963 -11.583683  0.635821 0.299138 -0.711511  0.619000 0.339000 1 37 1.000000
v_nailgun.tga
0  -4.838307 -14.972618 -11.463473  0.549084 0.787985 -0.278543  0.617300 0.333600 1 37 1.000000
0  -4.915409 -15.007963 -11.583683  0.635821 0.299138 -0.711511  0.619000 0.339000 1 37 1.000000
0  -4.917955 -14.926008 -11.493591  0.565560 0.760863 -0.318164  0.613500 0.334900 1 37 1.000000
v_nailgun.tga
0  -4.838430 -14.967939 -11.329454  0.999447 0.033238 -0.000266  0.617300 0.328600 1 37 1.000000
0  -4.837085 -15.007893 -11.270723  0.999447 0.033261 -0.000249  0.619300 0.326500 1 37 1.000000
0  -4.781574 -16.676966 -11.389213  0.999446 0.033272 -0.000620  0.691200 0.333800 1 37 1.000000
v_nailgun.tga
0  -4.838430 -14.967939 -11.329454  0.999447 0.033238 -0.000266  0.617300 0.328600 1 37 1.000000
0  -4.781574 -16.676966 -11.389213  0.999446 0.033272 -0.000620  0.691200 0.333800 1 37 1.000000
0  -4.783182 -16.630836 -11.448660  0.999445 0.033289 -0.001157  0.689900 0.336700 1 37 1.000000
v_nailgun.tga
0  -4.838430 -14.967939 -11.329454  0.537404 0.810181 0.234103  0.617300 0.328600 1 37 1.000000
0  -4.918125 -14.919530 -11.308003  0.551430 0.792887 0.259337  0.613900 0.327100 1 37 1.000000
0  -4.915750 -14.994965 -11.211310  0.607111 0.366450 0.705075  0.619000 0.323100 1 37 1.000000
v_nailgun.tga
0  -4.838430 -14.967939 -11.329454  0.537404 0.810181 0.234103  0.617300 0.328600 1 37 1.000000
0  -4.915750 -14.994965 -11.211310  0.607111 0.366450 0.705075  0.619000 0.323100 1 37 1.000000
0  -4.837085 -15.007893 -11.270723  0.583998 0.450666 0.675164  0.619300 0.326500 1 37 1.000000
v_nailgun.tga
0  -4.837085 -15.007893 -11.270723  0.999447 0.033261 -0.000249  0.619300 0.326500 1 37 1.000000
0  -4.783410 -16.622122 -11.199012  0.999446 0.033267 0.000811  0.688900 0.326800 1 37 1.000000
0  -4.781697 -16.672249 -11.254094  0.999447 0.033262 0.000116  0.690600 0.329300 1 37 1.000000
v_nailgun.tga
0  -4.837085 -15.007893 -11.270723  0.999447 0.033261 -0.000249  0.619300 0.326500 1 37 1.000000
0  -4.781697 -16.672249 -11.254094  0.999447 0.033262 0.000116  0.690600 0.329300 1 37 1.000000
0  -4.781574 -16.676966 -11.389213  0.999446 0.033272 -0.000620  0.691200 0.333800 1 37 1.000000
v_nailgun.tga
0  -4.781697 -16.672249 -11.254094  0.603017 -0.738695 0.301164  0.690600 0.329300 1 37 1.000000
0  -4.858743 -16.725002 -11.228009  0.606621 -0.727693 0.320115  0.695400 0.327100 1 37 1.000000
0  -4.858572 -16.731533 -11.415094  0.615335 -0.741762 -0.266743  0.695200 0.335000 1 37 1.000000
v_nailgun.tga
0  -4.781697 -16.672249 -11.254094  0.603017 -0.738695 0.301164  0.690600 0.329300 1 37 1.000000
0  -4.858572 -16.731533 -11.415094  0.615335 -0.741762 -0.266743  0.695200 0.335000 1 37 1.000000
0  -4.781574 -16.676966 -11.389213  0.610617 -0.756096 -0.235514  0.691200 0.333800 1 37 1.000000
v_nailgun.tga
0  -4.781697 -16.672249 -11.254094  0.603017 -0.738695 0.301164  0.690600 0.329300 1 37 1.000000
0  -4.783410 -16.622122 -11.199012  0.629558 -0.304584 0.714762  0.688900 0.326800 1 37 1.000000
0  -4.861667 -16.640045 -11.137721  0.633874 -0.260725 0.728167  0.690100 0.323000 1 37 1.000000
v_nailgun.tga
0  -4.781697 -16.672249 -11.254094  0.603017 -0.738695 0.301164  0.690600 0.329300 1 37 1.000000
0  -4.861667 -16.640045 -11.137721  0.633874 -0.260725 0.728167  0.690100 0.323000 1 37 1.000000
0  -4.858743 -16.725002 -11.228009  0.606621 -0.727693 0.320115  0.695400 0.327100 1 37 1.000000
v_nailgun.tga
0  -4.781574 -16.676966 -11.389213  0.610617 -0.756096 -0.235514  0.691200 0.333800 1 37 1.000000
0  -4.858572 -16.731533 -11.415094  0.615335 -0.741762 -0.266743  0.695200 0.335000 1 37 1.000000
0  -4.861324 -16.653143 -11.512892  0.657042 -0.308531 -0.687826  0.690100 0.339000 1 37 1.000000
v_nailgun.tga
0  -4.781574 -16.676966 -11.389213  0.610617 -0.756096 -0.235514  0.691200 0.333800 1 37 1.000000
0  -4.861324 -16.653143 -11.512892  0.657042 -0.308531 -0.687826  0.690100 0.339000 1 37 1.000000
0  -4.783182 -16.630836 -11.448660  0.651660 -0.359409 -0.667956  0.689900 0.336700 1 37 1.000000
v_nailgun.tga
0  -4.861324 -16.653143 -11.512892  0.657042 -0.308531 -0.687826  0.690100 0.339000 1 37 1.000000
0  -4.915409 -15.007963 -11.583683  0.635821 0.299138 -0.711511  0.619000 0.339000 1 37 1.000000
0  -4.836858 -15.016548 -11.518672  0.612081 0.389727 -0.688092  0.619300 0.335600 1 37 1.000000
v_nailgun.tga
0  -4.861324 -16.653143 -11.512892  0.657042 -0.308531 -0.687826  0.690100 0.339000 1 37 1.000000
0  -4.836858 -15.016548 -11.518672  0.612081 0.389727 -0.688092  0.619300 0.335600 1 37 1.000000
0  -4.783182 -16.630836 -11.448660  0.651660 -0.359409 -0.667956  0.689900 0.336700 1 37 1.000000
v_nailgun.tga
0  -4.915750 -14.994965 -11.211310  0.607111 0.366450 0.705075  0.619000 0.323100 1 37 1.000000
0  -4.861667 -16.640045 -11.137721  0.633874 -0.260725 0.728167  0.690100 0.323000 1 37 1.000000
0  -4.783410 -16.622122 -11.199012  0.629558 -0.304584 0.714762  0.688900 0.326800 1 37 1.000000
v_nailgun.tga
0  -4.915750 -14.994965 -11.211310  0.607111 0.366450 0.705075  0.619000 0.323100 1 37 1.000000
0  -4.783410 -16.622122 -11.199012  0.629558 -0.304584 0.714762  0.688900 0.326800 1 37 1.000000
0  -4.837085 -15.007893 -11.270723  0.583998 0.450666 0.675164  0.619300 0.326500 1 37 1.000000
v_nailgun.tga
0  -7.024448 -13.574747 -12.898016  -0.023985 0.930431 0.365682  0.384000 0.977000 1 37 1.000000
0  -5.872242 -13.544614 -12.899116  -0.025617 0.929843 0.367064  0.383800 0.993300 1 37 1.000000
0  -5.872959 -13.517239 -12.968813  -0.025610 0.985387 0.168394  0.382700 0.993300 1 37 1.000000
v_nailgun.tga
0  -7.024448 -13.574747 -12.898016  -0.023985 0.930431 0.365682  0.384000 0.977000 1 37 1.000000
0  -5.872959 -13.517239 -12.968813  -0.025610 0.985387 0.168394  0.382700 0.993300 1 37 1.000000
0  -7.025166 -13.547372 -12.967714  -0.025609 0.985347 0.168629  0.382800 0.977000 1 37 1.000000
v_nailgun.tga
0  -7.003646 -14.395896 -14.388256  -0.025179 0.948057 -0.317103  0.354600 0.976300 1 37 1.000000
0  -5.850043 -14.365626 -14.389358  -0.025138 0.948139 -0.316861  0.354800 0.994100 1 37 1.000000
0  -5.847206 -14.470122 -14.932941  -0.026245 0.999385 -0.023271  0.346100 0.994400 1 37 1.000000
v_nailgun.tga
0  -7.003646 -14.395896 -14.388256  -0.025179 0.948057 -0.317103  0.354600 0.976300 1 37 1.000000
0  -5.847206 -14.470122 -14.932941  -0.026245 0.999385 -0.023271  0.346100 0.994400 1 37 1.000000
0  -7.001009 -14.500397 -14.931838  -0.026224 0.999381 -0.023447  0.345800 0.976200 1 37 1.000000
v_nailgun.tga
0  -7.024089 -13.588473 -13.279770  -0.021642 0.804979 -0.592908  0.378100 0.976800 1 37 1.000000
0  -5.871885 -13.558238 -13.280772  -0.021619 0.805076 -0.592778  0.378100 0.993400 1 37 1.000000
0  -5.865491 -13.794803 -13.490141  -0.020113 0.729447 -0.683742  0.372500 0.993600 1 37 1.000000
v_nailgun.tga
0  -7.024089 -13.588473 -13.279770  -0.021642 0.804979 -0.592908  0.378100 0.976800 1 37 1.000000
0  -5.865491 -13.794803 -13.490141  -0.020113 0.729447 -0.683742  0.372500 0.993600 1 37 1.000000
0  -7.018097 -13.824946 -13.489040  -0.019716 0.729645 -0.683541  0.372500 0.976600 1 37 1.000000
v_nailgun.tga
0  -7.025166 -13.547372 -12.967714  -0.025609 0.985347 0.168629  0.382800 0.977000 1 37 1.000000
0  -5.872959 -13.517239 -12.968813  -0.025610 0.985387 0.168394  0.382700 0.993300 1 37 1.000000
0  -5.872734 -13.525808 -13.208560  -0.025677 0.973532 -0.227102  0.379300 0.993400 1 37 1.000000
v_nailgun.tga
0  -7.025166 -13.547372 -12.967714  -0.025609 0.985347 0.168629  0.382800 0.977000 1 37 1.000000
0  -5.872734 -13.525808 -13.208560  -0.025677 0.973532 -0.227102  0.379300 0.993400 1 37 1.000000
0  -7.024941 -13.555941 -13.207461  -0.025699 0.973509 -0.227200  0.379400 0.976800 1 37 1.000000
v_nailgun.tga
0  -7.024941 -13.555941 -13.207461  -0.025699 0.973509 -0.227200  0.379400 0.976800 1 37 1.000000
0  -5.872734 -13.525808 -13.208560  -0.025677 0.973532 -0.227102  0.379300 0.993400 1 37 1.000000
0  -5.871885 -13.558238 -13.280772  -0.021619 0.805076 -0.592778  0.378100 0.993400 1 37 1.000000
v_nailgun.tga
0  -7.024941 -13.555941 -13.207461  -0.025699 0.973509 -0.227200  0.379400 0.976800 1 37 1.000000
0  -5.871885 -13.558238 -13.280772  -0.021619 0.805076 -0.592778  0.378100 0.993400 1 37 1.000000
0  -7.024089 -13.588473 -13.279770  -0.021642 0.804979 -0.592908  0.378100 0.976800 1 37 1.000000
v_nailgun.tga
0  -7.018097 -13.824946 -13.489040  -0.019716 0.729645 -0.683541  0.372500 0.976600 1 37 1.000000
0  -5.865491 -13.794803 -13.490141  -0.020113 0.729447 -0.683742  0.372500 0.993600 1 37 1.000000
0  -5.855865 -14.150953 -13.950386  -0.022970 0.848325 -0.528977  0.362700 0.993800 1 37 1.000000
v_nailgun.tga
0  -7.018097 -13.824946 -13.489040  -0.019716 0.729645 -0.683541  0.372500 0.976600 1 37 1.000000
0  -5.855865 -14.150953 -13.950386  -0.022970 0.848325 -0.528977  0.362700 0.993800 1 37 1.000000
0  -7.009070 -14.181116 -13.949387  -0.022696 0.848574 -0.528590  0.362600 0.976400 1 37 1.000000
v_nailgun.tga
0  -7.009070 -14.181116 -13.949387  -0.022696 0.848574 -0.528590  0.362600 0.976400 1 37 1.000000
0  -5.855865 -14.150953 -13.950386  -0.022970 0.848325 -0.528977  0.362700 0.993800 1 37 1.000000
0  -5.850043 -14.365626 -14.389358  -0.025138 0.948139 -0.316861  0.354800 0.994100 1 37 1.000000
v_nailgun.tga
0  -7.009070 -14.181116 -13.949387  -0.022696 0.848574 -0.528590  0.362600 0.976400 1 37 1.000000
0  -5.850043 -14.365626 -14.389358  -0.025138 0.948139 -0.316861  0.354800 0.994100 1 37 1.000000
0  -7.003646 -14.395896 -14.388256  -0.025179 0.948057 -0.317103  0.354600 0.976300 1 37 1.000000
v_nailgun.tga
0  -7.001009 -14.500397 -14.931838  -0.026224 0.999381 -0.023447  0.345800 0.976200 1 37 1.000000
0  -5.847206 -14.470122 -14.932941  -0.026245 0.999385 -0.023271  0.346100 0.994400 1 37 1.000000
0  -5.850758 -14.342170 -15.820450  -0.025795 0.989417 0.142787  0.331600 0.994900 1 37 1.000000
v_nailgun.tga
0  -7.001009 -14.500397 -14.931838  -0.026224 0.999381 -0.023447  0.345800 0.976200 1 37 1.000000
0  -5.850758 -14.342170 -15.820450  -0.025795 0.989417 0.142787  0.331600 0.994900 1 37 1.000000
0  -7.004161 -14.372337 -15.819449  -0.025754 0.989411 0.142839  0.331200 0.976300 1 37 1.000000
v_nailgun.tga
0  -6.778326 -19.363716 -13.637168  -0.022334 0.834347 -0.550787  0.957000 0.969500 1 37 1.000000
0  -5.815355 -19.338530 -13.638068  -0.022338 0.834341 -0.550795  0.948500 0.969400 1 37 1.000000
0  -5.811069 -19.479301 -13.851481  -0.025188 0.952205 -0.304420  0.948500 0.967000 1 37 1.000000
v_nailgun.tga
0  -6.778326 -19.363716 -13.637168  -0.022334 0.834347 -0.550787  0.957000 0.969500 1 37 1.000000
0  -5.811069 -19.479301 -13.851481  -0.025188 0.952205 -0.304420  0.948500 0.967000 1 37 1.000000
0  -6.775239 -19.504517 -13.850583  -0.025184 0.952111 -0.304712  0.957000 0.967000 1 37 1.000000
v_nailgun.tga
0  -6.775239 -19.504517 -13.850583  -0.025184 0.952111 -0.304712  0.957000 0.967000 1 37 1.000000
0  -5.811069 -19.479301 -13.851481  -0.025188 0.952205 -0.304420  0.948500 0.967000 1 37 1.000000
0  -5.809786 -19.528278 -15.208599  -0.025170 0.970870 0.238279  0.948500 0.955000 1 37 1.000000
v_nailgun.tga
0  -6.775239 -19.504517 -13.850583  -0.025184 0.952111 -0.304712  0.957000 0.967000 1 37 1.000000
0  -5.809786 -19.528278 -15.208599  -0.025170 0.970870 0.238279  0.948500 0.955000 1 37 1.000000
0  -6.773955 -19.553495 -15.207699  -0.025172 0.970946 0.237973  0.957000 0.955000 1 37 1.000000
v_nailgun.tga
0  -5.850758 -14.342170 -15.820450  0.999593 0.028513 0.000841  0.464000 0.691500 1 37 1.000000
0  -5.781108 -16.791872 -15.616893  0.976418 -0.063235 0.206418  0.469300 0.811700 1 37 1.000000
0  -5.699479 -19.465979 -15.576595  0.975562 0.129746 0.177328  0.469400 0.935900 1 37 1.000000
v_nailgun.tga
0  -5.850758 -14.342170 -15.820450  0.999593 0.028513 0.000841  0.464000 0.691500 1 37 1.000000
0  -5.699479 -19.465979 -15.576595  0.975562 0.129746 0.177328  0.469400 0.935900 1 37 1.000000
0  -5.701653 -19.398281 -15.720147  0.999513 0.031206 -0.000414  0.464200 0.932600 1 37 1.000000
v_nailgun.tga
0  -5.872242 -13.544614 -12.899116  0.999559 0.029624 -0.002125  0.574200 0.655900 1 37 1.000000
0  -5.865491 -13.794803 -13.490141  0.999598 0.028337 -0.000078  0.551800 0.667700 1 37 1.000000
0  -5.871885 -13.558238 -13.280772  0.999638 0.026920 -0.000025  0.559900 0.655900 1 37 1.000000
v_nailgun.tga
0  -5.872242 -13.544614 -12.899116  0.999559 0.029624 -0.002125  0.574200 0.655900 1 37 1.000000
0  -5.871885 -13.558238 -13.280772  0.999638 0.026920 -0.000025  0.559900 0.655900 1 37 1.000000
0  -5.872959 -13.517239 -12.968813  0.999658 0.026160 0.000000  0.571600 0.654400 1 37 1.000000
v_nailgun.tga
0  -5.872242 -13.544614 -12.899116  0.999559 0.029624 -0.002125  0.574200 0.655900 1 37 1.000000
0  -5.782929 -16.722334 -13.567673  0.980029 -0.072297 -0.185247  0.545100 0.811800 1 37 1.000000
0  -5.788196 -16.544113 -13.868779  0.963199 -0.257144 -0.078254  0.534100 0.802800 1 37 1.000000
v_nailgun.tga
0  -5.850043 -14.365626 -14.389358  0.999586 0.028749 -0.000686  0.517400 0.695100 1 37 1.000000
0  -5.781108 -16.791872 -15.616893  0.976418 -0.063235 0.206418  0.469300 0.811700 1 37 1.000000
0  -5.847206 -14.470122 -14.932941  0.999594 0.028492 -0.000118  0.497000 0.699500 1 37 1.000000
v_nailgun.tga
0  -5.872734 -13.525808 -13.208560  0.999658 0.026145 0.000003  0.562600 0.654400 1 37 1.000000
0  -5.872959 -13.517239 -12.968813  0.999658 0.026160 0.000000  0.571600 0.654400 1 37 1.000000
0  -5.871885 -13.558238 -13.280772  0.999638 0.026920 -0.000025  0.559900 0.655900 1 37 1.000000
v_nailgun.tga
0  -5.865491 -13.794803 -13.490141  0.999598 0.028337 -0.000078  0.551800 0.667700 1 37 1.000000
0  -5.872242 -13.544614 -12.899116  0.999559 0.029624 -0.002125  0.574200 0.655900 1 37 1.000000
0  -5.786886 -16.594076 -15.325722  0.962292 -0.253833 0.097791  0.480200 0.802700 1 37 1.000000
v_nailgun.tga
0  -5.865491 -13.794803 -13.490141  0.999598 0.028337 -0.000078  0.551800 0.667700 1 37 1.000000
0  -5.786886 -16.594076 -15.325722  0.962292 -0.253833 0.097791  0.480200 0.802700 1 37 1.000000
0  -5.781108 -16.791872 -15.616893  0.976418 -0.063235 0.206418  0.469300 0.811700 1 37 1.000000
v_nailgun.tga
0  -5.865491 -13.794803 -13.490141  0.999598 0.028337 -0.000078  0.551800 0.667700 1 37 1.000000
0  -5.781108 -16.791872 -15.616893  0.976418 -0.063235 0.206418  0.469300 0.811700 1 37 1.000000
0  -5.855865 -14.150953 -13.950386  0.999565 0.029482 -0.001281  0.534100 0.685100 1 37 1.000000
v_nailgun.tga
0  -5.855865 -14.150953 -13.950386  0.999565 0.029482 -0.001281  0.534100 0.685100 1 37 1.000000
0  -5.781108 -16.791872 -15.616893  0.976418 -0.063235 0.206418  0.469300 0.811700 1 37 1.000000
0  -5.850043 -14.365626 -14.389358  0.999586 0.028749 -0.000686  0.517400 0.695100 1 37 1.000000
v_nailgun.tga
0  -5.847206 -14.470122 -14.932941  0.999594 0.028492 -0.000118  0.497000 0.699500 1 37 1.000000
0  -5.781108 -16.791872 -15.616893  0.976418 -0.063235 0.206418  0.469300 0.811700 1 37 1.000000
0  -5.850758 -14.342170 -15.820450  0.999593 0.028513 0.000841  0.464000 0.691500 1 37 1.000000
v_nailgun.tga
0  -5.662583 -20.596121 -12.643544  0.999532 0.030247 -0.004523  0.574200 0.991700 1 37 1.000000
0  -5.701485 -19.389404 -13.486396  0.974647 0.121616 -0.187811  0.545100 0.935900 1 37 1.000000
0  -5.782929 -16.722334 -13.567673  0.980029 -0.072297 -0.185247  0.545100 0.811800 1 37 1.000000
v_nailgun.tga
0  -5.662583 -20.596121 -12.643544  0.999532 0.030247 -0.004523  0.574200 0.991700 1 37 1.000000
0  -5.782929 -16.722334 -13.567673  0.980029 -0.072297 -0.185247  0.545100 0.811800 1 37 1.000000
0  -5.872242 -13.544614 -12.899116  0.999559 0.029624 -0.002125  0.574200 0.655900 1 37 1.000000
v_nailgun.tga
0  -5.891135 -16.784601 -13.713188  0.822332 -0.300391 -0.483255  0.538400 0.814500 1 37 1.000000
0  -5.782929 -16.722334 -13.567673  0.980029 -0.072297 -0.185247  0.545100 0.811800 1 37 1.000000
0  -5.701485 -19.389404 -13.486396  0.974647 0.121616 -0.187811  0.545100 0.935900 1 37 1.000000
v_nailgun.tga
0  -5.891135 -16.784601 -13.713188  0.822332 -0.300391 -0.483255  0.538400 0.814500 1 37 1.000000
0  -5.701485 -19.389404 -13.486396  0.974647 0.121616 -0.187811  0.545100 0.935900 1 37 1.000000
0  -5.815355 -19.338530 -13.638068  0.806218 0.319012 -0.498241  0.538400 0.933100 1 37 1.000000
v_nailgun.tga
0  -5.891135 -16.784601 -13.713188  0.822332 -0.300391 -0.483255  0.538400 0.814500 1 37 1.000000
0  -5.894716 -16.663124 -13.917853  0.766522 -0.624795 -0.148580  0.532000 0.809300 1 37 1.000000
0  -5.788196 -16.544113 -13.868779  0.963199 -0.257144 -0.078254  0.534100 0.802800 1 37 1.000000
v_nailgun.tga
0  -5.891135 -16.784601 -13.713188  0.822332 -0.300391 -0.483255  0.538400 0.814500 1 37 1.000000
0  -5.788196 -16.544113 -13.868779  0.963199 -0.257144 -0.078254  0.534100 0.802800 1 37 1.000000
0  -5.782929 -16.722334 -13.567673  0.980029 -0.072297 -0.185247  0.545100 0.811800 1 37 1.000000
v_nailgun.tga
0  -5.815355 -19.338530 -13.638068  0.806218 0.319012 -0.498241  0.538400 0.933100 1 37 1.000000
0  -5.701485 -19.389404 -13.486396  0.974647 0.121616 -0.187811  0.545100 0.935900 1 37 1.000000
0  -5.695107 -19.594788 -13.797414  0.946752 0.308164 -0.093246  0.533500 0.944900 1 37 1.000000
v_nailgun.tga
0  -5.815355 -19.338530 -13.638068  0.806218 0.319012 -0.498241  0.538400 0.933100 1 37 1.000000
0  -5.695107 -19.594788 -13.797414  0.946752 0.308164 -0.093246  0.533500 0.944900 1 37 1.000000
0  -5.811069 -19.479301 -13.851481  0.735692 0.650691 -0.188041  0.531500 0.938400 1 37 1.000000
v_nailgun.tga
0  -5.889577 -16.844074 -15.468281  0.000524 0.016224 0.999868  0.948600 0.923500 1 37 1.000000
0  -6.834455 -16.868786 -15.467381  0.000529 0.016223 0.999868  0.957100 0.923500 1 37 1.000000
0  -6.776607 -19.429361 -15.425866  0.000513 0.016228 0.999868  0.957000 0.952500 1 37 1.000000
v_nailgun.tga
0  -5.889577 -16.844074 -15.468281  0.000524 0.016224 0.999868  0.948600 0.923500 1 37 1.000000
0  -6.776607 -19.429361 -15.425866  0.000513 0.016228 0.999868  0.957000 0.952500 1 37 1.000000
0  -5.813635 -19.404175 -15.426765  0.000508 0.016229 0.999868  0.948500 0.952500 1 37 1.000000
v_nailgun.tga
0  -5.813635 -19.404175 -15.426765  0.810167 0.341705 0.476305  0.476200 0.933100 1 37 1.000000
0  -5.699479 -19.465979 -15.576595  0.975562 0.129746 0.177328  0.469400 0.935900 1 37 1.000000
0  -5.781108 -16.791872 -15.616893  0.976418 -0.063235 0.206418  0.469300 0.811700 1 37 1.000000
v_nailgun.tga
0  -5.813635 -19.404175 -15.426765  0.810167 0.341705 0.476305  0.476200 0.933100 1 37 1.000000
0  -5.781108 -16.791872 -15.616893  0.976418 -0.063235 0.206418  0.469300 0.811700 1 37 1.000000
0  -5.889577 -16.844074 -15.468281  0.819876 -0.276832 0.501167  0.476000 0.814400 1 37 1.000000
v_nailgun.tga
0  -5.689933 -19.765572 -15.237328  0.999498 0.031666 -0.000175  0.481700 0.950400 1 37 1.000000
0  -5.693726 -19.647484 -15.258063  0.947453 0.311272 0.073766  0.481100 0.945000 1 37 1.000000
0  -5.695107 -19.594788 -13.797414  0.946752 0.308164 -0.093246  0.533500 0.944900 1 37 1.000000
v_nailgun.tga
0  -5.689933 -19.765572 -15.237328  0.999498 0.031666 -0.000175  0.481700 0.950400 1 37 1.000000
0  -5.695107 -19.594788 -13.797414  0.946752 0.308164 -0.093246  0.533500 0.944900 1 37 1.000000
0  -5.690982 -19.725519 -14.047001  0.999489 0.031951 -0.000214  0.524400 0.950400 1 37 1.000000
v_nailgun.tga
0  -5.788196 -16.544113 -13.868779  0.963199 -0.257144 -0.078254  0.534100 0.802800 1 37 1.000000
0  -5.786886 -16.594076 -15.325722  0.962292 -0.253833 0.097791  0.480200 0.802700 1 37 1.000000
0  -5.872242 -13.544614 -12.899116  0.999559 0.029624 -0.002125  0.574200 0.655900 1 37 1.000000
v_nailgun.tga
0  -5.788196 -16.544113 -13.868779  0.963199 -0.257144 -0.078254  0.534100 0.802800 1 37 1.000000
0  -5.894716 -16.663124 -13.917853  0.766522 -0.624795 -0.148580  0.532000 0.809300 1 37 1.000000
0  -5.893503 -16.709446 -15.270460  0.764965 -0.614896 0.191653  0.482300 0.809300 1 37 1.000000
v_nailgun.tga
0  -5.788196 -16.544113 -13.868779  0.963199 -0.257144 -0.078254  0.534100 0.802800 1 37 1.000000
0  -5.893503 -16.709446 -15.270460  0.764965 -0.614896 0.191653  0.482300 0.809300 1 37 1.000000
0  -5.786886 -16.594076 -15.325722  0.962292 -0.253833 0.097791  0.480200 0.802700 1 37 1.000000
v_nailgun.tga
0  -5.811069 -19.479301 -13.851481  0.735692 0.650691 -0.188041  0.531500 0.938400 1 37 1.000000
0  -5.695107 -19.594788 -13.797414  0.946752 0.308164 -0.093246  0.533500 0.944900 1 37 1.000000
0  -5.693726 -19.647484 -15.258063  0.947453 0.311272 0.073766  0.481100 0.945000 1 37 1.000000
v_nailgun.tga
0  -5.811069 -19.479301 -13.851481  0.735692 0.650691 -0.188041  0.531500 0.938400 1 37 1.000000
0  -5.693726 -19.647484 -15.258063  0.947453 0.311272 0.073766  0.481100 0.945000 1 37 1.000000
0  -5.809786 -19.528278 -15.208599  0.737864 0.660140 0.140610  0.483100 0.938500 1 37 1.000000
v_nailgun.tga
0  -5.809786 -19.528278 -15.208599  -0.025170 0.970870 0.238279  0.948500 0.955000 1 37 1.000000
0  -5.813635 -19.404175 -15.426765  -0.022262 0.868815 0.494636  0.948500 0.952500 1 37 1.000000
0  -6.776607 -19.429361 -15.425866  -0.022261 0.868827 0.494615  0.957000 0.952500 1 37 1.000000
v_nailgun.tga
0  -5.809786 -19.528278 -15.208599  -0.025170 0.970870 0.238279  0.948500 0.955000 1 37 1.000000
0  -6.776607 -19.429361 -15.425866  -0.022261 0.868827 0.494615  0.957000 0.952500 1 37 1.000000
0  -6.773955 -19.553495 -15.207699  -0.025172 0.970946 0.237973  0.957000 0.955000 1 37 1.000000
v_nailgun.tga
0  -5.809786 -19.528278 -15.208599  0.737864 0.660140 0.140610  0.483100 0.938500 1 37 1.000000
0  -5.693726 -19.647484 -15.258063  0.947453 0.311272 0.073766  0.481100 0.945000 1 37 1.000000
0  -5.699479 -19.465979 -15.576595  0.975562 0.129746 0.177328  0.469400 0.935900 1 37 1.000000
v_nailgun.tga
0  -5.809786 -19.528278 -15.208599  0.737864 0.660140 0.140610  0.483100 0.938500 1 37 1.000000
0  -5.699479 -19.465979 -15.576595  0.975562 0.129746 0.177328  0.469400 0.935900 1 37 1.000000
0  -5.813635 -19.404175 -15.426765  0.810167 0.341705 0.476305  0.476200 0.933100 1 37 1.000000
v_nailgun.tga
0  -5.676164 -20.188242 -14.037539  0.999487 0.032038 -0.000335  0.524500 0.971300 1 37 1.000000
0  -5.690982 -19.725519 -14.047001  0.999489 0.031951 -0.000214  0.524400 0.950400 1 37 1.000000
0  -5.695107 -19.594788 -13.797414  0.946752 0.308164 -0.093246  0.533500 0.944900 1 37 1.000000
v_nailgun.tga
0  -5.676164 -20.188242 -14.037539  0.999487 0.032038 -0.000335  0.524500 0.971300 1 37 1.000000
0  -5.695107 -19.594788 -13.797414  0.946752 0.308164 -0.093246  0.533500 0.944900 1 37 1.000000
0  -5.662583 -20.596121 -12.643544  0.999532 0.030247 -0.004523  0.574200 0.991700 1 37 1.000000
v_nailgun.tga
0  -5.691961 -19.703377 -15.446827  0.999505 0.031468 -0.000329  0.474100 0.947200 1 37 1.000000
0  -5.696465 -19.561947 -15.632679  0.999501 0.031574 -0.000191  0.467400 0.940300 1 37 1.000000
0  -5.701653 -19.398281 -15.720147  0.999513 0.031206 -0.000414  0.464200 0.932600 1 37 1.000000
v_nailgun.tga
0  -5.691961 -19.703377 -15.446827  0.999505 0.031468 -0.000329  0.474100 0.947200 1 37 1.000000
0  -5.701653 -19.398281 -15.720147  0.999513 0.031206 -0.000414  0.464200 0.932600 1 37 1.000000
0  -5.689933 -19.765572 -15.237328  0.999498 0.031666 -0.000175  0.481700 0.950400 1 37 1.000000
v_nailgun.tga
0  -5.701653 -19.398281 -15.720147  0.999513 0.031206 -0.000414  0.464200 0.932600 1 37 1.000000
0  -5.699479 -19.465979 -15.576595  0.975562 0.129746 0.177328  0.469400 0.935900 1 37 1.000000
0  -5.689933 -19.765572 -15.237328  0.999498 0.031666 -0.000175  0.481700 0.950400 1 37 1.000000
v_nailgun.tga
0  -6.834455 -16.868786 -15.467381  0.022226 -0.826463 0.562553  0.957100 0.923500 1 37 1.000000
0  -5.889577 -16.844074 -15.468281  0.022147 -0.826305 0.562787  0.948600 0.923500 1 37 1.000000
0  -5.893503 -16.709446 -15.270460  0.022162 -0.826335 0.562743  0.948600 0.921100 1 37 1.000000
v_nailgun.tga
0  -6.834455 -16.868786 -15.467381  0.022226 -0.826463 0.562553  0.957100 0.923500 1 37 1.000000
0  -5.893503 -16.709446 -15.270460  0.022162 -0.826335 0.562743  0.948600 0.921100 1 37 1.000000
0  -6.837577 -16.734236 -15.269558  0.022241 -0.826492 0.562509  0.957100 0.921100 1 37 1.000000
v_nailgun.tga
0  -5.781108 -16.791872 -15.616893  0.976418 -0.063235 0.206418  0.469300 0.811700 1 37 1.000000
0  -5.786886 -16.594076 -15.325722  0.962292 -0.253833 0.097791  0.480200 0.802700 1 37 1.000000
0  -5.893503 -16.709446 -15.270460  0.764965 -0.614896 0.191653  0.482300 0.809300 1 37 1.000000
v_nailgun.tga
0  -5.781108 -16.791872 -15.616893  0.976418 -0.063235 0.206418  0.469300 0.811700 1 37 1.000000
0  -5.893503 -16.709446 -15.270460  0.764965 -0.614896 0.191653  0.482300 0.809300 1 37 1.000000
0  -5.889577 -16.844074 -15.468281  0.819876 -0.276832 0.501167  0.476000 0.814400 1 37 1.000000
v_nailgun.tga
0  -5.699479 -19.465979 -15.576595  0.975562 0.129746 0.177328  0.469400 0.935900 1 37 1.000000
0  -5.693726 -19.647484 -15.258063  0.947453 0.311272 0.073766  0.481100 0.945000 1 37 1.000000
0  -5.689933 -19.765572 -15.237328  0.999498 0.031666 -0.000175  0.481700 0.950400 1 37 1.000000
v_nailgun.tga
0  -5.695107 -19.594788 -13.797414  0.946752 0.308164 -0.093246  0.533500 0.944900 1 37 1.000000
0  -5.701485 -19.389404 -13.486396  0.974647 0.121616 -0.187811  0.545100 0.935900 1 37 1.000000
0  -5.662583 -20.596121 -12.643544  0.999532 0.030247 -0.004523  0.574200 0.991700 1 37 1.000000
v_nailgun.tga
0  -6.325636 -19.349808 -8.527026  -0.026155 0.999049 -0.034891  0.705800 0.625200 1 37 1.000000
0  -6.199665 -19.350891 -8.652451  -0.026165 0.999048 -0.034899  0.701300 0.620600 1 37 1.000000
0  -6.304190 -19.355148 -8.695924  -0.026168 0.999048 -0.034911  0.705100 0.619000 1 37 1.000000
v_nailgun.tga
0  -6.325636 -19.349808 -8.527026  -0.026155 0.999049 -0.034891  0.705800 0.625200 1 37 1.000000
0  -6.304190 -19.355148 -8.695924  -0.026168 0.999048 -0.034911  0.705100 0.619000 1 37 1.000000
0  -6.368627 -19.354591 -8.631763  -0.026144 0.999049 -0.034889  0.707400 0.621400 1 37 1.000000
v_nailgun.tga
0  -6.325636 -19.349808 -8.527026  0.382522 0.078019 0.920646  0.560700 0.030600 1 37 1.000000
0  -6.503175 -19.354467 -8.527327  -0.389323 0.059146 0.919200  0.561300 0.038600 1 37 1.000000
0  -6.500500 -19.468109 -8.518853  -0.383056 0.059542 0.921804  0.555100 0.038500 1 37 1.000000
v_nailgun.tga
0  -6.325636 -19.349808 -8.527026  0.382522 0.078019 0.920646  0.560700 0.030600 1 37 1.000000
0  -6.500500 -19.468109 -8.518853  -0.383056 0.059542 0.921804  0.555100 0.038500 1 37 1.000000
0  -6.322660 -19.463446 -8.518654  0.376008 0.077876 0.923338  0.554600 0.031400 1 37 1.000000
v_nailgun.tga
0  -6.322660 -19.463446 -8.518654  0.376008 0.077876 0.923338  0.554600 0.031400 1 37 1.000000
0  -6.196589 -19.464529 -8.644176  0.918708 0.053366 0.391316  0.553100 0.024200 1 37 1.000000
0  -6.199665 -19.350891 -8.652451  0.925195 0.052408 0.375857  0.559200 0.022700 1 37 1.000000
v_nailgun.tga
0  -6.322660 -19.463446 -8.518654  0.376008 0.077876 0.923338  0.554600 0.031400 1 37 1.000000
0  -6.199665 -19.350891 -8.652451  0.925195 0.052408 0.375857  0.559200 0.022700 1 37 1.000000
0  -6.325636 -19.349808 -8.527026  0.382522 0.078019 0.920646  0.560700 0.030600 1 37 1.000000
v_nailgun.tga
0  -6.368627 -19.354591 -8.631763  -0.026144 0.999049 -0.034889  0.707400 0.621400 1 37 1.000000
0  -6.459495 -19.356976 -8.631863  -0.026167 0.999049 -0.034879  0.710700 0.621400 1 37 1.000000
0  -6.503175 -19.354467 -8.527327  -0.025684 0.999061 -0.034903  0.712300 0.625200 1 37 1.000000
v_nailgun.tga
0  -6.368627 -19.354591 -8.631763  -0.026144 0.999049 -0.034889  0.707400 0.621400 1 37 1.000000
0  -6.503175 -19.354467 -8.527327  -0.025684 0.999061 -0.034903  0.712300 0.625200 1 37 1.000000
0  -6.325636 -19.349808 -8.527026  -0.026155 0.999049 -0.034891  0.705800 0.625200 1 37 1.000000
v_nailgun.tga
0  -6.199665 -19.350891 -8.652451  -0.026165 0.999048 -0.034899  0.701300 0.620600 1 37 1.000000
0  -6.199102 -19.357079 -8.829942  -0.026265 0.999050 -0.034782  0.701300 0.614200 1 37 1.000000
0  -6.303906 -19.358313 -8.786768  -0.026154 0.999048 -0.034902  0.705100 0.615700 1 37 1.000000
v_nailgun.tga
0  -6.199665 -19.350891 -8.652451  -0.026165 0.999048 -0.034899  0.701300 0.620600 1 37 1.000000
0  -6.303906 -19.358313 -8.786768  -0.026154 0.999048 -0.034902  0.705100 0.615700 1 37 1.000000
0  -6.304190 -19.355148 -8.695924  -0.026168 0.999048 -0.034911  0.705100 0.619000 1 37 1.000000
v_nailgun.tga
0  -6.196589 -19.464529 -8.644176  0.918708 0.053366 0.391316  0.553100 0.024200 1 37 1.000000
0  -6.196026 -19.470722 -8.821869  0.999627 0.027231 0.002220  0.550700 0.016400 1 37 1.000000
0  -6.199102 -19.357079 -8.829942  0.999627 0.027225 0.002221  0.557100 0.014700 1 37 1.000000
v_nailgun.tga
0  -6.196589 -19.464529 -8.644176  0.918708 0.053366 0.391316  0.553100 0.024200 1 37 1.000000
0  -6.199102 -19.357079 -8.829942  0.999627 0.027225 0.002221  0.557100 0.014700 1 37 1.000000
0  -6.199665 -19.350891 -8.652451  0.925195 0.052408 0.375857  0.559200 0.022700 1 37 1.000000
v_nailgun.tga
0  -6.199102 -19.357079 -8.829942  -0.026265 0.999050 -0.034782  0.701300 0.614200 1 37 1.000000
0  -6.367927 -19.362238 -8.851130  -0.026160 0.999059 -0.034608  0.707400 0.613400 1 37 1.000000
0  -6.303906 -19.358313 -8.786768  -0.026154 0.999048 -0.034902  0.705100 0.615700 1 37 1.000000
v_nailgun.tga
0  -6.199102 -19.357079 -8.829942  -0.026265 0.999050 -0.034782  0.581100 0.088900 1 37 1.000000
0  -5.982580 -19.351315 -8.830144  -0.026628 0.999036 -0.034904  0.564100 0.089000 1 37 1.000000
0  -5.984179 -19.362858 -9.159344  -0.026381 0.999047 -0.034774  0.564100 0.062800 1 37 1.000000
v_nailgun.tga
0  -6.196026 -19.470722 -8.821869  -0.000948 0.070822 0.997488  0.581100 0.100200 1 37 1.000000
0  -5.979300 -19.465054 -8.822068  -0.000925 0.070797 0.997490  0.563900 0.100000 1 37 1.000000
0  -5.982580 -19.351315 -8.830144  -0.000936 0.070808 0.997490  0.564100 0.089000 1 37 1.000000
v_nailgun.tga
0  -6.196026 -19.470722 -8.821869  -0.000948 0.070822 0.997488  0.581100 0.100200 1 37 1.000000
0  -5.982580 -19.351315 -8.830144  -0.000936 0.070808 0.997490  0.564100 0.089000 1 37 1.000000
0  -6.199102 -19.357079 -8.829942  -0.000958 0.070833 0.997488  0.581100 0.088900 1 37 1.000000
v_nailgun.tga
0  -6.303906 -19.358313 -8.786768  -0.709360 0.031797 0.704129  0.536100 0.024500 1 37 1.000000
0  -6.367927 -19.362238 -8.851130  -0.382725 0.055814 0.922175  0.532500 0.019500 1 37 1.000000
0  -6.365049 -19.475887 -8.843056  -0.388417 0.055318 0.919822  0.541200 0.014400 1 37 1.000000
v_nailgun.tga
0  -6.303906 -19.358313 -8.786768  -0.709360 0.031797 0.704129  0.536100 0.024500 1 37 1.000000
0  -6.365049 -19.475887 -8.843056  -0.388417 0.055318 0.919822  0.541200 0.014400 1 37 1.000000
0  -6.300931 -19.471960 -8.778694  -0.709060 0.031480 0.704445  0.544900 0.019800 1 37 1.000000
v_nailgun.tga
0  -5.984179 -19.362858 -9.159344  -0.026381 0.999047 -0.034774  0.564100 0.062800 1 37 1.000000
0  -6.367927 -19.362238 -8.851130  -0.026160 0.999059 -0.034608  0.594500 0.087300 1 37 1.000000
0  -6.199102 -19.357079 -8.829942  -0.026265 0.999050 -0.034782  0.581100 0.088900 1 37 1.000000
v_nailgun.tga
0  -5.984179 -19.362858 -9.159344  -0.026381 0.999047 -0.034774  0.564100 0.062800 1 37 1.000000
0  -6.819790 -19.384823 -9.158941  -0.026213 0.999049 -0.034836  0.629700 0.063000 1 37 1.000000
0  -6.458795 -19.364620 -8.851228  -0.026221 0.999051 -0.034784  0.601800 0.087300 1 37 1.000000
v_nailgun.tga
0  -5.984179 -19.362858 -9.159344  -0.026381 0.999047 -0.034774  0.564100 0.062800 1 37 1.000000
0  -6.458795 -19.364620 -8.851228  -0.026221 0.999051 -0.034784  0.601800 0.087300 1 37 1.000000
0  -6.367927 -19.362238 -8.851130  -0.026160 0.999059 -0.034608  0.594500 0.087300 1 37 1.000000
v_nailgun.tga
0  -5.984179 -19.362858 -9.159344  -0.014223 0.552639 0.833299  0.564100 0.062800 1 37 1.000000
0  -5.985758 -19.306353 -9.196840  -0.014227 0.552584 0.833335  0.564100 0.056400 1 37 1.000000
0  -6.820969 -19.328314 -9.196536  -0.014171 0.553189 0.832936  0.630600 0.056400 1 37 1.000000
v_nailgun.tga
0  -5.984179 -19.362858 -9.159344  -0.014223 0.552639 0.833299  0.564100 0.062800 1 37 1.000000
0  -6.820969 -19.328314 -9.196536  -0.014171 0.553189 0.832936  0.630600 0.056400 1 37 1.000000
0  -6.819790 -19.384823 -9.158941  -0.014149 0.553642 0.832635  0.629700 0.063000 1 37 1.000000
v_nailgun.tga
0  -6.367927 -19.362238 -8.851130  -0.382725 0.055814 0.922175  0.532500 0.019500 1 37 1.000000
0  -6.458795 -19.364620 -8.851228  0.375684 0.074781 0.923726  0.528700 0.013800 1 37 1.000000
0  -6.456018 -19.478273 -8.843156  0.382535 0.074757 0.920912  0.537500 0.007800 1 37 1.000000
v_nailgun.tga
0  -6.367927 -19.362238 -8.851130  -0.382725 0.055814 0.922175  0.532500 0.019500 1 37 1.000000
0  -6.456018 -19.478273 -8.843156  0.382535 0.074757 0.920912  0.537500 0.007800 1 37 1.000000
0  -6.365049 -19.475887 -8.843056  -0.388417 0.055318 0.919822  0.541200 0.014400 1 37 1.000000
v_nailgun.tga
0  -6.819790 -19.384823 -9.158941  -0.026213 0.999049 -0.034836  0.629700 0.063000 1 37 1.000000
0  -6.627755 -19.368324 -8.830542  -0.026169 0.999048 -0.034898  0.615200 0.088900 1 37 1.000000
0  -6.458795 -19.364620 -8.851228  -0.026221 0.999051 -0.034784  0.601800 0.087300 1 37 1.000000
v_nailgun.tga
0  -6.819790 -19.384823 -9.158941  -0.026213 0.999049 -0.034836  0.629700 0.063000 1 37 1.000000
0  -6.821989 -19.373405 -8.830441  -0.026153 0.999049 -0.034897  0.630800 0.089200 1 37 1.000000
0  -6.627755 -19.368324 -8.830542  -0.026169 0.999048 -0.034898  0.615200 0.088900 1 37 1.000000
v_nailgun.tga
0  -6.458795 -19.364620 -8.851228  -0.026221 0.999051 -0.034784  0.710700 0.613400 1 37 1.000000
0  -6.627755 -19.368324 -8.830542  -0.026169 0.999048 -0.034898  0.716800 0.614200 1 37 1.000000
0  -6.523331 -19.364069 -8.787067  -0.026179 0.999047 -0.034921  0.713000 0.615700 1 37 1.000000
v_nailgun.tga
0  -6.458795 -19.364620 -8.851228  0.375684 0.074781 0.923726  0.538800 0.049800 1 37 1.000000
0  -6.523331 -19.364069 -8.787067  0.918754 0.050250 0.391621  0.540400 0.046600 1 37 1.000000
0  -6.520555 -19.477722 -8.778996  0.925120 0.049337 0.376455  0.546800 0.049400 1 37 1.000000
v_nailgun.tga
0  -6.458795 -19.364620 -8.851228  0.375684 0.074781 0.923726  0.538800 0.049800 1 37 1.000000
0  -6.520555 -19.477722 -8.778996  0.925120 0.049337 0.376455  0.546800 0.049400 1 37 1.000000
0  -6.456018 -19.478273 -8.843156  0.382535 0.074757 0.920912  0.543800 0.052500 1 37 1.000000
v_nailgun.tga
0  -6.627755 -19.368324 -8.830542  -0.026169 0.999048 -0.034898  0.716800 0.614200 1 37 1.000000
0  -6.628418 -19.362139 -8.653049  -0.026162 0.999048 -0.034903  0.716800 0.620600 1 37 1.000000
0  -6.523614 -19.360903 -8.696223  -0.026165 0.999049 -0.034880  0.713000 0.619000 1 37 1.000000
v_nailgun.tga
0  -6.627755 -19.368324 -8.830542  -0.026169 0.999048 -0.034898  0.716800 0.614200 1 37 1.000000
0  -6.523614 -19.360903 -8.696223  -0.026165 0.999049 -0.034880  0.713000 0.619000 1 37 1.000000
0  -6.523331 -19.364069 -8.787067  -0.026179 0.999047 -0.034921  0.713000 0.615700 1 37 1.000000
v_nailgun.tga
0  -6.627755 -19.368324 -8.830542  -0.001006 0.071125 0.997467  0.615200 0.088900 1 37 1.000000
0  -6.821989 -19.373405 -8.830441  -0.001367 0.071704 0.997425  0.630800 0.089200 1 37 1.000000
0  -6.819512 -19.487062 -8.822268  -0.001183 0.071409 0.997446  0.630500 0.101000 1 37 1.000000
v_nailgun.tga
0  -6.627755 -19.368324 -8.830542  -0.001006 0.071125 0.997467  0.615200 0.088900 1 37 1.000000
0  -6.819512 -19.487062 -8.822268  -0.001183 0.071409 0.997446  0.630500 0.101000 1 37 1.000000
0  -6.625178 -19.481981 -8.822469  -0.000822 0.070830 0.997488  0.615000 0.100600 1 37 1.000000
v_nailgun.tga
0  -6.625178 -19.481981 -8.822469  -0.999727 -0.023187 -0.002721  0.551200 0.053400 1 37 1.000000
0  -6.625741 -19.475788 -8.644777  -0.921924 0.006139 0.387321  0.554300 0.045700 1 37 1.000000
0  -6.628418 -19.362139 -8.653049  -0.928116 0.005411 0.372252  0.560800 0.047200 1 37 1.000000
v_nailgun.tga
0  -6.625178 -19.481981 -8.822469  -0.999727 -0.023187 -0.002721  0.551200 0.053400 1 37 1.000000
0  -6.628418 -19.362139 -8.653049  -0.928116 0.005411 0.372252  0.560800 0.047200 1 37 1.000000
0  -6.627755 -19.368324 -8.830542  -0.999734 -0.022889 -0.002936  0.558400 0.056500 1 37 1.000000
v_nailgun.tga
0  -6.523331 -19.364069 -8.787067  0.918754 0.050250 0.391621  0.540400 0.046600 1 37 1.000000
0  -6.523614 -19.360903 -8.696223  0.928075 -0.004445 -0.372366  0.541400 0.042800 1 37 1.000000
0  -6.520839 -19.474548 -8.687950  0.921754 -0.005715 -0.387733  0.548800 0.044200 1 37 1.000000
v_nailgun.tga
0  -6.523331 -19.364069 -8.787067  0.918754 0.050250 0.391621  0.540400 0.046600 1 37 1.000000
0  -6.520839 -19.474548 -8.687950  0.921754 -0.005715 -0.387733  0.548800 0.044200 1 37 1.000000
0  -6.520555 -19.477722 -8.778996  0.925120 0.049337 0.376455  0.546800 0.049400 1 37 1.000000
v_nailgun.tga
0  -6.628418 -19.362139 -8.653049  -0.026162 0.999048 -0.034903  0.716800 0.620600 1 37 1.000000
0  -6.503175 -19.354467 -8.527327  -0.025684 0.999061 -0.034903  0.712300 0.625200 1 37 1.000000
0  -6.459495 -19.356976 -8.631863  -0.026167 0.999049 -0.034879  0.710700 0.621400 1 37 1.000000
v_nailgun.tga
0  -6.628418 -19.362139 -8.653049  -0.026162 0.999048 -0.034903  0.716800 0.620600 1 37 1.000000
0  -6.459495 -19.356976 -8.631863  -0.026167 0.999049 -0.034879  0.710700 0.621400 1 37 1.000000
0  -6.523614 -19.360903 -8.696223  -0.026165 0.999049 -0.034880  0.713000 0.619000 1 37 1.000000
v_nailgun.tga
0  -6.625741 -19.475788 -8.644777  -0.921924 0.006139 0.387321  0.554300 0.045700 1 37 1.000000
0  -6.500500 -19.468109 -8.518853  -0.383056 0.059542 0.921804  0.555100 0.038500 1 37 1.000000
0  -6.503175 -19.354467 -8.527327  -0.389323 0.059146 0.919200  0.561300 0.038600 1 37 1.000000
v_nailgun.tga
0  -6.625741 -19.475788 -8.644777  -0.921924 0.006139 0.387321  0.554300 0.045700 1 37 1.000000
0  -6.503175 -19.354467 -8.527327  -0.389323 0.059146 0.919200  0.561300 0.038600 1 37 1.000000
0  -6.628418 -19.362139 -8.653049  -0.928116 0.005411 0.372252  0.560800 0.047200 1 37 1.000000
v_nailgun.tga
0  -6.523614 -19.360903 -8.696223  0.928075 -0.004445 -0.372366  0.541400 0.042800 1 37 1.000000
0  -6.459495 -19.356976 -8.631863  0.709066 -0.033953 -0.704324  0.541500 0.038500 1 37 1.000000
0  -6.456719 -19.470621 -8.623590  0.709064 -0.033956 -0.704326  0.549500 0.038300 1 37 1.000000
v_nailgun.tga
0  -6.523614 -19.360903 -8.696223  0.928075 -0.004445 -0.372366  0.541400 0.042800 1 37 1.000000
0  -6.456719 -19.470621 -8.623590  0.709064 -0.033956 -0.704326  0.549500 0.038300 1 37 1.000000
0  -6.520839 -19.474548 -8.687950  0.921754 -0.005715 -0.387733  0.548800 0.044200 1 37 1.000000
v_nailgun.tga
0  -5.985758 -19.306353 -9.196840  -0.026214 0.999049 -0.034838  0.564100 0.056400 1 37 1.000000
0  -5.985136 -19.330091 -9.876825  -0.026163 0.999048 -0.034901  0.564100 0.002200 1 37 1.000000
0  -6.820350 -19.351950 -9.876426  -0.026230 0.999049 -0.034820  0.630600 0.002200 1 37 1.000000
v_nailgun.tga
0  -5.985758 -19.306353 -9.196840  -0.026214 0.999049 -0.034838  0.564100 0.056400 1 37 1.000000
0  -6.820350 -19.351950 -9.876426  -0.026230 0.999049 -0.034820  0.630600 0.002200 1 37 1.000000
0  -6.820969 -19.328314 -9.196536  -0.025708 0.999066 -0.034726  0.630600 0.056400 1 37 1.000000
v_nailgun.tga
0  -7.037134 -19.603725 -9.359725  -0.026206 0.998934 -0.038009  0.793400 0.072500 1 37 1.000000
0  -5.821152 -19.571821 -9.360826  -0.026193 0.998923 -0.038289  0.793400 0.001800 1 37 1.000000
0  -5.819330 -19.633703 -9.526167  -0.024873 0.936194 -0.350602  0.804100 0.001800 1 37 1.000000
v_nailgun.tga
0  -7.037134 -19.603725 -9.359725  -0.026206 0.998934 -0.038009  0.793400 0.072500 1 37 1.000000
0  -5.819330 -19.633703 -9.526167  -0.024873 0.936194 -0.350602  0.804100 0.001800 1 37 1.000000
0  -7.035915 -19.665522 -9.525068  -0.024806 0.936363 -0.350157  0.804100 0.072500 1 37 1.000000
v_nailgun.tga
0  -7.036224 -19.653711 -9.186774  -0.020130 0.790850 0.611679  0.782800 0.072500 1 37 1.000000
0  -5.819640 -19.621897 -9.187973  -0.020151 0.791398 0.610969  0.782800 0.001800 1 37 1.000000
0  -5.821152 -19.571821 -9.360826  -0.026193 0.998923 -0.038289  0.793400 0.001800 1 37 1.000000
v_nailgun.tga
0  -7.036224 -19.653711 -9.186774  -0.020130 0.790850 0.611679  0.782800 0.072500 1 37 1.000000
0  -5.821152 -19.571821 -9.360826  -0.026193 0.998923 -0.038289  0.793400 0.001800 1 37 1.000000
0  -7.037134 -19.603725 -9.359725  -0.026206 0.998934 -0.038009  0.793400 0.072500 1 37 1.000000
v_nailgun.tga
0  -7.033745 -19.786606 -9.107388  -0.012571 0.512692 0.858480  0.772200 0.072500 1 37 1.000000
0  -5.815563 -19.754642 -9.108490  -0.012695 0.513375 0.858071  0.772200 0.001800 1 37 1.000000
0  -5.819640 -19.621897 -9.187973  -0.020151 0.791398 0.610969  0.782800 0.001800 1 37 1.000000
v_nailgun.tga
0  -7.033745 -19.786606 -9.107388  -0.012571 0.512692 0.858480  0.772200 0.072500 1 37 1.000000
0  -5.819640 -19.621897 -9.187973  -0.020151 0.791398 0.610969  0.782800 0.001800 1 37 1.000000
0  -7.036224 -19.653711 -9.186774  -0.020130 0.790850 0.611679  0.782800 0.072500 1 37 1.000000
v_nailgun.tga
0  -7.031134 -19.924492 -9.168211  0.011409 -0.403366 0.914968  0.761500 0.072500 1 37 1.000000
0  -5.811352 -19.892588 -9.169311  0.011370 -0.403122 0.915076  0.761500 0.001800 1 37 1.000000
0  -5.815563 -19.754642 -9.108490  0.011373 -0.403143 0.915067  0.772200 0.001800 1 37 1.000000
v_nailgun.tga
0  -7.031134 -19.924492 -9.168211  0.011409 -0.403366 0.914968  0.761500 0.072500 1 37 1.000000
0  -5.815563 -19.754642 -9.108490  0.011373 -0.403143 0.915067  0.772200 0.001800 1 37 1.000000
0  -7.033745 -19.786606 -9.107388  0.011412 -0.403387 0.914958  0.772200 0.072500 1 37 1.000000
v_nailgun.tga
0  -7.029908 -19.986601 -9.333944  0.024802 -0.936063 0.350957  0.750900 0.072500 1 37 1.000000
0  -5.809426 -19.954683 -9.335143  0.024826 -0.936116 0.350815  0.750900 0.001800 1 37 1.000000
0  -5.811352 -19.892588 -9.169311  0.024824 -0.936110 0.350829  0.761500 0.001800 1 37 1.000000
v_nailgun.tga
0  -7.029908 -19.986601 -9.333944  0.024802 -0.936063 0.350957  0.750900 0.072500 1 37 1.000000
0  -5.811352 -19.892588 -9.169311  0.024824 -0.936110 0.350829  0.761500 0.001800 1 37 1.000000
0  -7.031134 -19.924492 -9.168211  0.024799 -0.936058 0.350971  0.761500 0.072500 1 37 1.000000
v_nailgun.tga
0  -7.035915 -19.665522 -9.525068  -0.011487 0.406391 -0.913627  0.804100 0.072500 1 37 1.000000
0  -5.819330 -19.633703 -9.526167  -0.011460 0.406641 -0.913516  0.804100 0.001800 1 37 1.000000
0  -5.815125 -19.771364 -9.587498  -0.011462 0.406620 -0.913526  0.814700 0.001800 1 37 1.000000
v_nailgun.tga
0  -7.035915 -19.665522 -9.525068  -0.011487 0.406391 -0.913627  0.804100 0.072500 1 37 1.000000
0  -5.815125 -19.771364 -9.587498  -0.011462 0.406620 -0.913526  0.814700 0.001800 1 37 1.000000
0  -7.033306 -19.803328 -9.586395  -0.011489 0.406370 -0.913636  0.814700 0.072500 1 37 1.000000
v_nailgun.tga
0  -5.627610 -19.758093 -9.348144  0.999478 0.032310 -0.000214  0.577500 0.501600 1 37 1.000000
0  -5.630961 -19.656855 -9.487663  0.999470 0.032544 0.000326  0.568400 0.501500 1 37 1.000000
0  -5.632529 -19.608431 -9.358176  0.999461 0.032832 -0.000227  0.570900 0.495000 1 37 1.000000
v_nailgun.tga
0  -5.627610 -19.758093 -9.348144  0.999478 0.032310 -0.000214  0.577500 0.501600 1 37 1.000000
0  -5.632529 -19.608431 -9.358176  0.999461 0.032832 -0.000227  0.570900 0.495000 1 37 1.000000
0  -5.631204 -19.647610 -9.222824  0.999471 0.032521 -0.000278  0.577500 0.492400 1 37 1.000000
v_nailgun.tga
0  -7.030920 -19.569805 -9.361903  -0.026104 0.998935 -0.038037  0.598900 0.499300 1 37 1.000000
0  -7.105593 -19.571760 -9.361903  -0.293485 0.955210 -0.037949  0.594800 0.501400 1 37 1.000000
0  -7.104552 -19.630592 -9.158526  -0.303753 0.747023 0.591347  0.589500 0.489400 1 37 1.000000
v_nailgun.tga
0  -7.030920 -19.569805 -9.361903  -0.026104 0.998935 -0.038037  0.598900 0.499300 1 37 1.000000
0  -7.104552 -19.630592 -9.158526  -0.303753 0.747023 0.591347  0.589500 0.489400 1 37 1.000000
0  -7.029778 -19.628639 -9.158627  -0.019881 0.792533 0.609504  0.593800 0.487800 1 37 1.000000
v_nailgun.tga
0  -7.029778 -19.628639 -9.158627  -0.019881 0.792533 0.609504  0.591000 0.485000 1 37 1.000000
0  -7.104552 -19.630592 -9.158526  -0.303753 0.747023 0.591347  0.589500 0.489400 1 37 1.000000
0  -7.101761 -19.786905 -9.065013  -0.307525 0.051209 0.950161  0.577500 0.484300 1 37 1.000000
v_nailgun.tga
0  -7.029778 -19.628639 -9.158627  -0.019881 0.792533 0.609504  0.591000 0.485000 1 37 1.000000
0  -7.101761 -19.786905 -9.065013  -0.307525 0.051209 0.950161  0.577500 0.484300 1 37 1.000000
0  -7.026886 -19.784948 -9.065113  -0.012283 0.513194 0.858185  0.579400 0.480200 1 37 1.000000
v_nailgun.tga
0  -7.026886 -19.784948 -9.065113  0.011765 -0.402914 0.915162  0.575500 0.480000 1 37 1.000000
0  -7.101761 -19.786905 -9.065013  -0.307525 0.051209 0.950161  0.577500 0.484300 1 37 1.000000
0  -7.098812 -19.949177 -9.136493  -0.274315 -0.695194 0.664422  0.565000 0.489200 1 37 1.000000
v_nailgun.tga
0  -7.026886 -19.784948 -9.065113  0.011765 -0.402914 0.915162  0.575500 0.480000 1 37 1.000000
0  -7.098812 -19.949177 -9.136493  -0.274315 -0.695194 0.664422  0.565000 0.489200 1 37 1.000000
0  -7.023837 -19.947218 -9.136593  0.011735 -0.402910 0.915164  0.563500 0.484700 1 37 1.000000
v_nailgun.tga
0  -7.023837 -19.947218 -9.136593  0.024827 -0.936034 0.351034  0.560400 0.487800 1 37 1.000000
0  -7.098812 -19.949177 -9.136493  -0.274315 -0.695194 0.664422  0.565000 0.489200 1 37 1.000000
0  -7.097498 -20.022324 -9.331657  -0.237930 -0.910005 0.339530  0.560300 0.501600 1 37 1.000000
v_nailgun.tga
0  -7.023837 -19.947218 -9.136593  0.024827 -0.936034 0.351034  0.560400 0.487800 1 37 1.000000
0  -7.097498 -20.022324 -9.331657  -0.237930 -0.910005 0.339530  0.560300 0.501600 1 37 1.000000
0  -7.022423 -20.020359 -9.331657  0.024492 -0.936006 0.351130  0.555900 0.499900 1 37 1.000000
v_nailgun.tga
0  -7.026371 -19.804623 -9.628670  -0.012004 0.406762 -0.913455  0.579600 0.523200 1 37 1.000000
0  -7.101246 -19.806580 -9.628570  -0.291134 0.385015 -0.875788  0.577900 0.518900 1 37 1.000000
0  -7.104186 -19.644581 -9.556380  -0.308809 0.683619 -0.661288  0.590200 0.513900 1 37 1.000000
v_nailgun.tga
0  -7.026371 -19.804623 -9.628670  -0.012004 0.406762 -0.913455  0.579600 0.523200 1 37 1.000000
0  -7.104186 -19.644581 -9.556380  -0.308809 0.683619 -0.661288  0.590200 0.513900 1 37 1.000000
0  -7.029415 -19.642529 -9.556483  -0.012420 0.406593 -0.913525  0.591600 0.518500 1 37 1.000000
v_nailgun.tga
0  -7.029415 -19.642529 -9.556483  -0.025813 0.936172 -0.350593  0.594700 0.515300 1 37 1.000000
0  -7.104186 -19.644581 -9.556380  -0.308809 0.683619 -0.661288  0.590200 0.513900 1 37 1.000000
0  -7.105593 -19.571760 -9.361903  -0.293485 0.955210 -0.037949  0.594800 0.501400 1 37 1.000000
v_nailgun.tga
0  -7.029415 -19.642529 -9.556483  -0.025813 0.936172 -0.350593  0.594700 0.515300 1 37 1.000000
0  -7.105593 -19.571760 -9.361903  -0.293485 0.955210 -0.037949  0.594800 0.501400 1 37 1.000000
0  -7.030920 -19.569805 -9.361903  -0.026104 0.998935 -0.038037  0.599100 0.503200 1 37 1.000000
v_nailgun.tga
0  -5.825631 -19.538282 -9.363004  -0.026150 0.998947 -0.037698  0.560400 0.487800 1 37 1.000000
0  -5.750957 -19.536331 -9.363102  0.243178 0.969245 -0.037799  0.565000 0.489200 1 37 1.000000
0  -5.748653 -19.609032 -9.557683  0.271662 0.698843 -0.661679  0.560300 0.501600 1 37 1.000000
v_nailgun.tga
0  -5.825631 -19.538282 -9.363004  -0.026150 0.998947 -0.037698  0.560400 0.487800 1 37 1.000000
0  -5.748653 -19.609032 -9.557683  0.271662 0.698843 -0.661679  0.560300 0.501600 1 37 1.000000
0  -5.823427 -19.610987 -9.557583  -0.024960 0.936366 -0.350138  0.555900 0.499900 1 37 1.000000
v_nailgun.tga
0  -5.823791 -19.597097 -9.159725  -0.019890 0.792066 0.610111  0.575500 0.480000 1 37 1.000000
0  -5.749017 -19.595142 -9.159825  0.265677 0.761513 0.591197  0.577500 0.484300 1 37 1.000000
0  -5.750957 -19.536331 -9.363102  0.243178 0.969245 -0.037799  0.565000 0.489200 1 37 1.000000
v_nailgun.tga
0  -5.823791 -19.597097 -9.159725  -0.019890 0.792066 0.610111  0.575500 0.480000 1 37 1.000000
0  -5.750957 -19.536331 -9.363102  0.243178 0.969245 -0.037799  0.565000 0.489200 1 37 1.000000
0  -5.825631 -19.538282 -9.363004  -0.026150 0.998947 -0.037698  0.563500 0.484700 1 37 1.000000
v_nailgun.tga
0  -5.819001 -19.753256 -9.066216  -0.012287 0.513434 0.858041  0.591000 0.485000 1 37 1.000000
0  -5.744127 -19.751299 -9.066315  0.306041 0.066936 0.949662  0.589500 0.489400 1 37 1.000000
0  -5.749017 -19.595142 -9.159825  0.265677 0.761513 0.591197  0.577500 0.484300 1 37 1.000000
v_nailgun.tga
0  -5.819001 -19.753256 -9.066216  -0.012287 0.513434 0.858041  0.591000 0.485000 1 37 1.000000
0  -5.749017 -19.595142 -9.159825  0.265677 0.761513 0.591197  0.577500 0.484300 1 37 1.000000
0  -5.823791 -19.597097 -9.159725  -0.019890 0.792066 0.610111  0.579400 0.480200 1 37 1.000000
v_nailgun.tga
0  -5.814050 -19.915575 -9.137691  0.011737 -0.402670 0.915270  0.598900 0.499300 1 37 1.000000
0  -5.738976 -19.913614 -9.137791  0.311192 -0.680177 0.663716  0.594800 0.501400 1 37 1.000000
0  -5.744127 -19.751299 -9.066315  0.306041 0.066936 0.949662  0.589500 0.489400 1 37 1.000000
v_nailgun.tga
0  -5.814050 -19.915575 -9.137691  0.011737 -0.402670 0.915270  0.598900 0.499300 1 37 1.000000
0  -5.744127 -19.751299 -9.066315  0.306041 0.066936 0.949662  0.589500 0.489400 1 37 1.000000
0  -5.819001 -19.753256 -9.066216  0.011737 -0.402658 0.915275  0.593800 0.487800 1 37 1.000000
v_nailgun.tga
0  -5.811839 -19.988596 -9.332761  0.024919 -0.936149 0.350720  0.594700 0.515300 1 37 1.000000
0  -5.736765 -19.986635 -9.332861  0.285593 -0.896450 0.338843  0.590200 0.513900 1 37 1.000000
0  -5.738976 -19.913614 -9.137791  0.311192 -0.680177 0.663716  0.594800 0.501400 1 37 1.000000
v_nailgun.tga
0  -5.811839 -19.988596 -9.332761  0.024919 -0.936149 0.350720  0.594700 0.515300 1 37 1.000000
0  -5.738976 -19.913614 -9.137791  0.311192 -0.680177 0.663716  0.594800 0.501400 1 37 1.000000
0  -5.814050 -19.915575 -9.137691  0.024918 -0.936151 0.350713  0.599100 0.503200 1 37 1.000000
v_nailgun.tga
0  -5.823427 -19.610987 -9.557583  -0.011844 0.406812 -0.913435  0.556300 0.503800 1 37 1.000000
0  -5.748653 -19.609032 -9.557683  0.271662 0.698843 -0.661679  0.560300 0.501600 1 37 1.000000
0  -5.743612 -19.770973 -9.629871  0.268877 0.399125 -0.876587  0.565400 0.513500 1 37 1.000000
v_nailgun.tga
0  -5.823427 -19.610987 -9.557583  -0.011844 0.406812 -0.913435  0.556300 0.503800 1 37 1.000000
0  -5.743612 -19.770973 -9.629871  0.268877 0.399125 -0.876587  0.565400 0.513500 1 37 1.000000
0  -5.818486 -19.772930 -9.629772  -0.011847 0.406811 -0.913435  0.561300 0.515300 1 37 1.000000
v_nailgun.tga
0  -7.105593 -19.571760 -9.361903  -0.293485 0.955210 -0.037949  0.594800 0.501400 1 37 1.000000
0  -7.220282 -19.650057 -9.356774  -0.564358 0.825024 -0.028895  0.586700 0.501600 1 37 1.000000
0  -7.219656 -19.689257 -9.221422  -0.591809 0.649812 0.476976  0.584000 0.495000 1 37 1.000000
v_nailgun.tga
0  -7.105593 -19.571760 -9.361903  -0.293485 0.955210 -0.037949  0.594800 0.501400 1 37 1.000000
0  -7.219656 -19.689257 -9.221422  -0.591809 0.649812 0.476976  0.584000 0.495000 1 37 1.000000
0  -7.104552 -19.630592 -9.158526  -0.303753 0.747023 0.591347  0.589500 0.489400 1 37 1.000000
v_nailgun.tga
0  -7.104552 -19.630592 -9.158526  -0.303753 0.747023 0.591347  0.589500 0.489400 1 37 1.000000
0  -7.219656 -19.689257 -9.221422  -0.591809 0.649812 0.476976  0.584000 0.495000 1 37 1.000000
0  -7.217934 -19.793240 -9.159256  -0.630904 0.039924 0.774833  0.577500 0.492400 1 37 1.000000
v_nailgun.tga
0  -7.104552 -19.630592 -9.158526  -0.303753 0.747023 0.591347  0.589500 0.489400 1 37 1.000000
0  -7.217934 -19.793240 -9.159256  -0.630904 0.039924 0.774833  0.577500 0.492400 1 37 1.000000
0  -7.101761 -19.786905 -9.065013  -0.307525 0.051209 0.950161  0.577500 0.484300 1 37 1.000000
v_nailgun.tga
0  -7.101761 -19.786905 -9.065013  -0.307525 0.051209 0.950161  0.577500 0.484300 1 37 1.000000
0  -7.217934 -19.793240 -9.159256  -0.630904 0.039924 0.774833  0.577500 0.492400 1 37 1.000000
0  -7.216110 -19.901157 -9.206919  -0.574688 -0.619331 0.534942  0.570900 0.495000 1 37 1.000000
v_nailgun.tga
0  -7.101761 -19.786905 -9.065013  -0.307525 0.051209 0.950161  0.577500 0.484300 1 37 1.000000
0  -7.216110 -19.901157 -9.206919  -0.574688 -0.619331 0.534942  0.570900 0.495000 1 37 1.000000
0  -7.098812 -19.949177 -9.136493  -0.274315 -0.695194 0.664422  0.565000 0.489200 1 37 1.000000
v_nailgun.tga
0  -7.098812 -19.949177 -9.136493  -0.274315 -0.695194 0.664422  0.565000 0.489200 1 37 1.000000
0  -7.216110 -19.901157 -9.206919  -0.574688 -0.619331 0.534942  0.570900 0.495000 1 37 1.000000
0  -7.215235 -19.949806 -9.336599  -0.509620 -0.806760 0.299041  0.568400 0.501500 1 37 1.000000
v_nailgun.tga
0  -7.098812 -19.949177 -9.136493  -0.274315 -0.695194 0.664422  0.565000 0.489200 1 37 1.000000
0  -7.215235 -19.949806 -9.336599  -0.509620 -0.806760 0.299041  0.568400 0.501500 1 37 1.000000
0  -7.097498 -20.022324 -9.331657  -0.237930 -0.910005 0.339530  0.560300 0.501600 1 37 1.000000
v_nailgun.tga
0  -7.101246 -19.806580 -9.628570  -0.291134 0.385015 -0.875788  0.577900 0.518900 1 37 1.000000
0  -7.217590 -19.806330 -9.534226  -0.596799 0.317676 -0.736826  0.577700 0.510500 1 37 1.000000
0  -7.219414 -19.698503 -9.486261  -0.602295 0.594709 -0.532505  0.584200 0.508200 1 37 1.000000
v_nailgun.tga
0  -7.101246 -19.806580 -9.628570  -0.291134 0.385015 -0.875788  0.577900 0.518900 1 37 1.000000
0  -7.219414 -19.698503 -9.486261  -0.602295 0.594709 -0.532505  0.584200 0.508200 1 37 1.000000
0  -7.104186 -19.644581 -9.556380  -0.308809 0.683619 -0.661288  0.590200 0.513900 1 37 1.000000
v_nailgun.tga
0  -7.104186 -19.644581 -9.556380  -0.308809 0.683619 -0.661288  0.590200 0.513900 1 37 1.000000
0  -7.219414 -19.698503 -9.486261  -0.602295 0.594709 -0.532505  0.584200 0.508200 1 37 1.000000
0  -7.220282 -19.650057 -9.356774  -0.564358 0.825024 -0.028895  0.586700 0.501600 1 37 1.000000
v_nailgun.tga
0  -7.104186 -19.644581 -9.556380  -0.308809 0.683619 -0.661288  0.590200 0.513900 1 37 1.000000
0  -7.220282 -19.650057 -9.356774  -0.564358 0.825024 -0.028895  0.586700 0.501600 1 37 1.000000
0  -7.105593 -19.571760 -9.361903  -0.293485 0.955210 -0.037949  0.594800 0.501400 1 37 1.000000
v_nailgun.tga
0  -5.750957 -19.536331 -9.363102  0.243178 0.969245 -0.037799  0.565000 0.489200 1 37 1.000000
0  -5.632529 -19.608431 -9.358176  0.520674 0.853263 -0.028980  0.570900 0.495000 1 37 1.000000
0  -5.630961 -19.656855 -9.487663  0.570738 0.624604 -0.533037  0.568400 0.501500 1 37 1.000000
v_nailgun.tga
0  -5.750957 -19.536331 -9.363102  0.243178 0.969245 -0.037799  0.565000 0.489200 1 37 1.000000
0  -5.630961 -19.656855 -9.487663  0.570738 0.624604 -0.533037  0.568400 0.501500 1 37 1.000000
0  -5.748653 -19.609032 -9.557683  0.271662 0.698843 -0.661679  0.560300 0.501600 1 37 1.000000
v_nailgun.tga
0  -5.749017 -19.595142 -9.159825  0.265677 0.761513 0.591197  0.577500 0.484300 1 37 1.000000
0  -5.631204 -19.647610 -9.222824  0.557706 0.679174 0.477165  0.577500 0.492400 1 37 1.000000
0  -5.632529 -19.608431 -9.358176  0.520674 0.853263 -0.028980  0.570900 0.495000 1 37 1.000000
v_nailgun.tga
0  -5.749017 -19.595142 -9.159825  0.265677 0.761513 0.591197  0.577500 0.484300 1 37 1.000000
0  -5.632529 -19.608431 -9.358176  0.520674 0.853263 -0.028980  0.570900 0.495000 1 37 1.000000
0  -5.750957 -19.536331 -9.363102  0.243178 0.969245 -0.037799  0.565000 0.489200 1 37 1.000000
v_nailgun.tga
0  -5.744127 -19.751299 -9.066315  0.306041 0.066936 0.949662  0.589500 0.489400 1 37 1.000000
0  -5.627781 -19.751553 -9.160758  0.628717 0.071967 0.774297  0.584000 0.495000 1 37 1.000000
0  -5.631204 -19.647610 -9.222824  0.557706 0.679174 0.477165  0.577500 0.492400 1 37 1.000000
v_nailgun.tga
0  -5.744127 -19.751299 -9.066315  0.306041 0.066936 0.949662  0.589500 0.489400 1 37 1.000000
0  -5.631204 -19.647610 -9.222824  0.557706 0.679174 0.477165  0.577500 0.492400 1 37 1.000000
0  -5.749017 -19.595142 -9.159825  0.265677 0.761513 0.591197  0.577500 0.484300 1 37 1.000000
v_nailgun.tga
0  -5.738976 -19.913614 -9.137791  0.311192 -0.680177 0.663716  0.594800 0.501400 1 37 1.000000
0  -5.624353 -19.859526 -9.208317  0.606504 -0.588987 0.534085  0.586700 0.501600 1 37 1.000000
0  -5.627781 -19.751553 -9.160758  0.628717 0.071967 0.774297  0.584000 0.495000 1 37 1.000000
v_nailgun.tga
0  -5.738976 -19.913614 -9.137791  0.311192 -0.680177 0.663716  0.594800 0.501400 1 37 1.000000
0  -5.627781 -19.751553 -9.160758  0.628717 0.071967 0.774297  0.584000 0.495000 1 37 1.000000
0  -5.744127 -19.751299 -9.066315  0.306041 0.066936 0.949662  0.589500 0.489400 1 37 1.000000
v_nailgun.tga
0  -5.736765 -19.986635 -9.332861  0.285593 -0.896450 0.338843  0.590200 0.513900 1 37 1.000000
0  -5.622782 -19.908060 -9.338100  0.551009 -0.779422 0.298146  0.584200 0.508200 1 37 1.000000
0  -5.624353 -19.859526 -9.208317  0.606504 -0.588987 0.534085  0.586700 0.501600 1 37 1.000000
v_nailgun.tga
0  -5.736765 -19.986635 -9.332861  0.285593 -0.896450 0.338843  0.590200 0.513900 1 37 1.000000
0  -5.624353 -19.859526 -9.208317  0.606504 -0.588987 0.534085  0.586700 0.501600 1 37 1.000000
0  -5.738976 -19.913614 -9.137791  0.311192 -0.680177 0.663716  0.594800 0.501400 1 37 1.000000
v_nailgun.tga
0  -5.748653 -19.609032 -9.557683  0.271662 0.698843 -0.661679  0.560300 0.501600 1 37 1.000000
0  -5.630961 -19.656855 -9.487663  0.570738 0.624604 -0.533037  0.568400 0.501500 1 37 1.000000
0  -5.627439 -19.764639 -9.535628  0.579514 0.346910 -0.737439  0.571100 0.507900 1 37 1.000000
v_nailgun.tga
0  -5.748653 -19.609032 -9.557683  0.271662 0.698843 -0.661679  0.560300 0.501600 1 37 1.000000
0  -5.627439 -19.764639 -9.535628  0.579514 0.346910 -0.737439  0.571100 0.507900 1 37 1.000000
0  -5.743612 -19.770973 -9.629871  0.268877 0.399125 -0.876587  0.565400 0.513500 1 37 1.000000
v_nailgun.tga
0  -5.631204 -19.647610 -9.222824  0.999471 0.032521 -0.000278  0.577500 0.492400 1 37 1.000000
0  -5.627781 -19.751553 -9.160758  0.999480 0.032236 -0.001141  0.584000 0.495000 1 37 1.000000
0  -5.624353 -19.859526 -9.208317  0.999480 0.032257 -0.000263  0.586700 0.501600 1 37 1.000000
v_nailgun.tga
0  -5.631204 -19.647610 -9.222824  0.999471 0.032521 -0.000278  0.577500 0.492400 1 37 1.000000
0  -5.624353 -19.859526 -9.208317  0.999480 0.032257 -0.000263  0.586700 0.501600 1 37 1.000000
0  -5.627610 -19.758093 -9.348144  0.999478 0.032310 -0.000214  0.577500 0.501600 1 37 1.000000
v_nailgun.tga
0  -5.624353 -19.859526 -9.208317  0.999480 0.032257 -0.000263  0.586700 0.501600 1 37 1.000000
0  -5.622782 -19.908060 -9.338100  0.999455 0.033019 -0.000241  0.584200 0.508200 1 37 1.000000
0  -5.624111 -19.868792 -9.473754  0.999480 0.032250 -0.000179  0.577700 0.510500 1 37 1.000000
v_nailgun.tga
0  -5.624353 -19.859526 -9.208317  0.999480 0.032257 -0.000263  0.586700 0.501600 1 37 1.000000
0  -5.624111 -19.868792 -9.473754  0.999480 0.032250 -0.000179  0.577700 0.510500 1 37 1.000000
0  -5.627610 -19.758093 -9.348144  0.999478 0.032310 -0.000214  0.577500 0.501600 1 37 1.000000
v_nailgun.tga
0  -5.624111 -19.868792 -9.473754  0.999480 0.032250 -0.000179  0.577700 0.510500 1 37 1.000000
0  -5.627439 -19.764639 -9.535628  0.999476 0.032350 0.000697  0.571100 0.507900 1 37 1.000000
0  -5.630961 -19.656855 -9.487663  0.999470 0.032544 0.000326  0.568400 0.501500 1 37 1.000000
v_nailgun.tga
0  -5.624111 -19.868792 -9.473754  0.999480 0.032250 -0.000179  0.577700 0.510500 1 37 1.000000
0  -5.630961 -19.656855 -9.487663  0.999470 0.032544 0.000326  0.568400 0.501500 1 37 1.000000
0  -5.627610 -19.758093 -9.348144  0.999478 0.032310 -0.000214  0.577500 0.501600 1 37 1.000000
v_nailgun.tga
0  -6.894900 -19.179089 -10.737550  0.999794 0.020286 0.000204  0.548400 0.183300 1 37 1.000000
0  -6.894145 -19.230856 -9.271648  0.999794 0.020301 0.000205  0.486200 0.188800 1 37 1.000000
0  -6.874916 -20.179108 -9.253138  0.999794 0.020294 0.000110  0.488100 0.239000 1 37 1.000000
v_nailgun.tga
0  -6.894900 -19.179089 -10.737550  0.999794 0.020286 0.000204  0.548400 0.183300 1 37 1.000000
0  -6.874916 -20.179108 -9.253138  0.999794 0.020294 0.000110  0.488100 0.239000 1 37 1.000000
0  -6.873610 -20.228970 -10.681366  0.999794 0.020286 0.000206  0.548400 0.239000 1 37 1.000000
v_nailgun.tga
0  -6.894900 -19.179089 -10.737550  -0.026147 0.999049 -0.034900  0.548900 0.179600 1 37 1.000000
0  -6.988767 -19.181545 -10.737550  -0.026147 0.999049 -0.034900  0.548400 0.183300 1 37 1.000000
0  -6.990101 -19.130608 -9.278439  -0.026147 0.999049 -0.034899  0.486300 0.183600 1 37 1.000000
v_nailgun.tga
0  -6.894900 -19.179089 -10.737550  -0.026147 0.999049 -0.034900  0.548900 0.179600 1 37 1.000000
0  -6.990101 -19.130608 -9.278439  -0.026147 0.999049 -0.034899  0.486300 0.183600 1 37 1.000000
0  -6.896235 -19.128151 -9.278439  -0.026147 0.999049 -0.034899  0.486300 0.179600 1 37 1.000000
v_nailgun.tga
0  -6.896235 -19.128151 -9.278439  0.999793 0.020351 0.000204  0.486300 0.183600 1 37 1.000000
0  -6.894145 -19.230856 -9.271648  0.999794 0.020301 0.000205  0.486200 0.188800 1 37 1.000000
0  -6.894900 -19.179089 -10.737550  0.999794 0.020286 0.000204  0.548400 0.183300 1 37 1.000000
v_nailgun.tga
0  -6.896235 -19.128151 -9.278439  -0.001237 0.066453 0.997789  0.484900 0.183400 1 37 1.000000
0  -6.990101 -19.130608 -9.278439  -0.001751 0.066895 0.997758  0.486300 0.183600 1 37 1.000000
0  -6.988013 -19.233311 -9.271549  -0.001173 0.066398 0.997792  0.486200 0.188800 1 37 1.000000
v_nailgun.tga
0  -6.896235 -19.128151 -9.278439  -0.001237 0.066453 0.997789  0.484900 0.183400 1 37 1.000000
0  -6.988013 -19.233311 -9.271549  -0.001173 0.066398 0.997792  0.486200 0.188800 1 37 1.000000
0  -6.894145 -19.230856 -9.271648  -0.000659 0.065956 0.997822  0.486200 0.188800 1 37 1.000000
v_nailgun.tga
0  -6.874916 -20.179108 -9.253138  0.999794 0.020294 0.000110  0.488100 0.239000 1 37 1.000000
0  -6.896398 -19.121944 -9.054819  0.999793 0.020323 0.000010  0.476700 0.183400 1 37 1.000000
0  -6.892004 -19.335550 -8.826123  0.999793 0.020344 -0.000178  0.467600 0.195200 1 37 1.000000
v_nailgun.tga
0  -6.874916 -20.179108 -9.253138  0.999794 0.020294 0.000110  0.488100 0.239000 1 37 1.000000
0  -6.892004 -19.335550 -8.826123  0.999793 0.020344 -0.000178  0.467600 0.195200 1 37 1.000000
0  -6.883347 -19.761606 -8.793931  0.999794 0.020307 -0.000106  0.467500 0.217900 1 37 1.000000
v_nailgun.tga
0  -6.894145 -19.230856 -9.271648  0.999794 0.020301 0.000205  0.486200 0.188800 1 37 1.000000
0  -6.894278 -19.225790 -9.126537  0.999794 0.020283 0.000189  0.480000 0.188800 1 37 1.000000
0  -6.874916 -20.179108 -9.253138  0.999794 0.020294 0.000110  0.488100 0.239000 1 37 1.000000
v_nailgun.tga
0  -6.894145 -19.230856 -9.271648  -0.026164 0.999048 -0.034899  0.486200 0.188800 1 37 1.000000
0  -6.988013 -19.233311 -9.271549  -0.026164 0.999048 -0.034896  0.486200 0.188800 1 37 1.000000
0  -6.988146 -19.228245 -9.126438  -0.026163 0.999048 -0.034901  0.480000 0.188800 1 37 1.000000
v_nailgun.tga
0  -6.894145 -19.230856 -9.271648  -0.026164 0.999048 -0.034899  0.486200 0.188800 1 37 1.000000
0  -6.988146 -19.228245 -9.126438  -0.026163 0.999048 -0.034901  0.480000 0.188800 1 37 1.000000
0  -6.894278 -19.225790 -9.126537  -0.026163 0.999048 -0.034903  0.480000 0.188800 1 37 1.000000
v_nailgun.tga
0  -6.883347 -19.761606 -8.793931  0.020129 -0.739502 0.672854  0.464600 0.221200 1 37 1.000000
0  -6.977715 -19.764074 -8.793832  0.020050 -0.739496 0.672862  0.467500 0.217900 1 37 1.000000
0  -6.969682 -20.181686 -9.253034  0.020784 -0.739547 0.672784  0.488100 0.239000 1 37 1.000000
v_nailgun.tga
0  -6.883347 -19.761606 -8.793931  0.020129 -0.739502 0.672854  0.464600 0.221200 1 37 1.000000
0  -6.969682 -20.181686 -9.253034  0.020784 -0.739547 0.672784  0.488100 0.239000 1 37 1.000000
0  -6.874916 -20.179108 -9.253138  0.020862 -0.739552 0.672776  0.485400 0.242500 1 37 1.000000
v_nailgun.tga
0  -6.894278 -19.225790 -9.126537  0.999794 0.020283 0.000189  0.480000 0.188800 1 37 1.000000
0  -6.896345 -19.123957 -9.132497  0.999794 0.020310 0.000154  0.480000 0.183300 1 37 1.000000
0  -6.896398 -19.121944 -9.054819  0.999793 0.020323 0.000010  0.476700 0.183400 1 37 1.000000
v_nailgun.tga
0  -6.894278 -19.225790 -9.126537  0.999794 0.020283 0.000189  0.480000 0.188800 1 37 1.000000
0  -6.896398 -19.121944 -9.054819  0.999793 0.020323 0.000010  0.476700 0.183400 1 37 1.000000
0  -6.874916 -20.179108 -9.253138  0.999794 0.020294 0.000110  0.488100 0.239000 1 37 1.000000
v_nailgun.tga
0  -6.892004 -19.335550 -8.826123  -0.010387 0.433680 0.901007  0.463500 0.195600 1 37 1.000000
0  -6.986072 -19.338013 -8.826023  -0.010315 0.431160 0.902217  0.467600 0.195200 1 37 1.000000
0  -6.977715 -19.764074 -8.793832  -0.000916 0.075325 0.997159  0.467500 0.217900 1 37 1.000000
v_nailgun.tga
0  -6.892004 -19.335550 -8.826123  -0.010387 0.433680 0.901007  0.463500 0.195600 1 37 1.000000
0  -6.977715 -19.764074 -8.793832  -0.000916 0.075325 0.997159  0.467500 0.217900 1 37 1.000000
0  -6.883347 -19.761606 -8.793931  -0.000919 0.075325 0.997159  0.463500 0.218400 1 37 1.000000
v_nailgun.tga
0  -6.896345 -19.123957 -9.132497  -0.026142 0.999323 -0.025904  0.480000 0.179600 1 37 1.000000
0  -6.990211 -19.126410 -9.132397  -0.026141 0.999322 -0.025935  0.480000 0.183300 1 37 1.000000
0  -6.990264 -19.124397 -9.054719  -0.024031 0.934329 0.355601  0.476700 0.183400 1 37 1.000000
v_nailgun.tga
0  -6.896345 -19.123957 -9.132497  -0.026142 0.999323 -0.025904  0.480000 0.179600 1 37 1.000000
0  -6.990264 -19.124397 -9.054719  -0.024031 0.934329 0.355601  0.476700 0.183400 1 37 1.000000
0  -6.896398 -19.121944 -9.054819  -0.024051 0.934876 0.354160  0.476700 0.179700 1 37 1.000000
v_nailgun.tga
0  -6.896398 -19.121944 -9.054819  -0.024051 0.934876 0.354160  0.473500 0.181300 1 37 1.000000
0  -6.990264 -19.124397 -9.054719  -0.024031 0.934329 0.355601  0.476700 0.183400 1 37 1.000000
0  -6.986072 -19.338013 -8.826023  -0.010315 0.431160 0.902217  0.467600 0.195200 1 37 1.000000
v_nailgun.tga
0  -6.896398 -19.121944 -9.054819  -0.024051 0.934876 0.354160  0.473500 0.181300 1 37 1.000000
0  -6.986072 -19.338013 -8.826023  -0.010315 0.431160 0.902217  0.467600 0.195200 1 37 1.000000
0  -6.892004 -19.335550 -8.826123  -0.010387 0.433680 0.901007  0.464400 0.193100 1 37 1.000000
v_nailgun.tga
0  -5.982650 -19.104158 -9.279342  -0.026163 0.999048 -0.034899  0.486300 0.183600 1 37 1.000000
0  -5.888781 -19.101704 -9.279442  -0.026163 0.999048 -0.034899  0.486300 0.179600 1 37 1.000000
0  -5.887446 -19.152643 -10.738552  -0.026164 0.999048 -0.034901  0.548900 0.179600 1 37 1.000000
v_nailgun.tga
0  -5.982650 -19.104158 -9.279342  -0.026163 0.999048 -0.034899  0.486300 0.183600 1 37 1.000000
0  -5.887446 -19.152643 -10.738552  -0.026164 0.999048 -0.034901  0.548900 0.179600 1 37 1.000000
0  -5.981316 -19.155098 -10.738452  -0.026164 0.999048 -0.034901  0.548400 0.183300 1 37 1.000000
v_nailgun.tga
0  -5.979658 -19.206942 -9.272549  -0.001241 0.066425 0.997791  0.486200 0.188800 1 37 1.000000
0  -5.885690 -19.204481 -9.272549  -0.001747 0.066868 0.997760  0.485100 0.185400 1 37 1.000000
0  -5.888781 -19.101704 -9.279442  -0.001178 0.066370 0.997794  0.484900 0.183400 1 37 1.000000
v_nailgun.tga
0  -5.979658 -19.206942 -9.272549  -0.001241 0.066425 0.997791  0.486200 0.188800 1 37 1.000000
0  -5.888781 -19.101704 -9.279442  -0.001178 0.066370 0.997794  0.484900 0.183400 1 37 1.000000
0  -5.982650 -19.104158 -9.279342  -0.000671 0.065927 0.997824  0.486300 0.183600 1 37 1.000000
v_nailgun.tga
0  -5.951832 -20.154964 -9.253935  0.020052 -0.739574 0.672776  0.488100 0.239000 1 37 1.000000
0  -5.857064 -20.152487 -9.254035  0.020049 -0.739575 0.672775  0.485400 0.242500 1 37 1.000000
0  -5.869695 -19.735094 -8.794830  0.020075 -0.739566 0.672785  0.464600 0.221200 1 37 1.000000
v_nailgun.tga
0  -5.951832 -20.154964 -9.253935  0.020052 -0.739574 0.672776  0.488100 0.239000 1 37 1.000000
0  -5.869695 -19.735094 -8.794830  0.020075 -0.739566 0.672785  0.464600 0.221200 1 37 1.000000
0  -5.964062 -19.737564 -8.794730  0.020078 -0.739565 0.672786  0.467500 0.217900 1 37 1.000000
v_nailgun.tga
0  -5.964062 -19.737564 -8.794730  -0.000918 0.075328 0.997158  0.467500 0.217900 1 37 1.000000
0  -5.869695 -19.735094 -8.794830  -0.000922 0.075328 0.997158  0.463500 0.218400 1 37 1.000000
0  -5.882551 -19.309048 -8.827026  -0.010332 0.431961 0.901833  0.463500 0.195600 1 37 1.000000
v_nailgun.tga
0  -5.964062 -19.737564 -8.794730  -0.000918 0.075328 0.997158  0.467500 0.217900 1 37 1.000000
0  -5.882551 -19.309048 -8.827026  -0.010332 0.431961 0.901833  0.463500 0.195600 1 37 1.000000
0  -5.976521 -19.311504 -8.826926  -0.010359 0.433094 0.901289  0.467600 0.195200 1 37 1.000000
v_nailgun.tga
0  -5.979791 -19.201872 -9.127337  -0.026157 0.999049 -0.034899  0.480000 0.188800 1 37 1.000000
0  -5.885822 -19.199415 -9.127437  -0.026155 0.999048 -0.034901  0.481500 0.184500 1 37 1.000000
0  -5.885690 -19.204481 -9.272549  -0.026158 0.999049 -0.034897  0.485100 0.185400 1 37 1.000000
v_nailgun.tga
0  -5.979791 -19.201872 -9.127337  -0.026157 0.999049 -0.034899  0.480000 0.188800 1 37 1.000000
0  -5.885690 -19.204481 -9.272549  -0.026158 0.999049 -0.034897  0.485100 0.185400 1 37 1.000000
0  -5.979658 -19.206942 -9.272549  -0.026159 0.999049 -0.034894  0.486200 0.188800 1 37 1.000000
v_nailgun.tga
0  -5.982810 -19.098047 -9.055618  -0.024066 0.934688 0.354654  0.476700 0.183400 1 37 1.000000
0  -5.888941 -19.095592 -9.055718  -0.024064 0.934631 0.354803  0.476700 0.179700 1 37 1.000000
0  -5.888888 -19.097607 -9.133395  -0.026161 0.999321 -0.025928  0.480000 0.179600 1 37 1.000000
v_nailgun.tga
0  -5.982810 -19.098047 -9.055618  -0.024066 0.934688 0.354654  0.476700 0.183400 1 37 1.000000
0  -5.888888 -19.097607 -9.133395  -0.026161 0.999321 -0.025928  0.480000 0.179600 1 37 1.000000
0  -5.982758 -19.100061 -9.133296  -0.026160 0.999321 -0.025944  0.480000 0.183300 1 37 1.000000
v_nailgun.tga
0  -5.976521 -19.311504 -8.826926  -0.010359 0.433094 0.901289  0.467600 0.195200 1 37 1.000000
0  -5.882551 -19.309048 -8.827026  -0.010332 0.431961 0.901833  0.464400 0.193100 1 37 1.000000
0  -5.888941 -19.095592 -9.055718  -0.024064 0.934631 0.354803  0.473500 0.181300 1 37 1.000000
v_nailgun.tga
0  -5.976521 -19.311504 -8.826926  -0.010359 0.433094 0.901289  0.467600 0.195200 1 37 1.000000
0  -5.888941 -19.095592 -9.055718  -0.024064 0.934631 0.354803  0.473500 0.181300 1 37 1.000000
0  -5.982810 -19.098047 -9.055618  -0.024066 0.934688 0.354654  0.476700 0.183400 1 37 1.000000
v_nailgun.tga
0  -5.888781 -19.101704 -9.279442  0.999549 0.030047 -0.000135  0.486300 0.183600 1 37 1.000000
0  -5.885690 -19.204481 -9.272549  0.999546 0.030136 -0.000139  0.486200 0.188800 1 37 1.000000
0  -5.887446 -19.152643 -10.738552  0.999545 0.030161 -0.000131  0.548400 0.183300 1 37 1.000000
v_nailgun.tga
0  -5.885690 -19.204481 -9.272549  0.999546 0.030136 -0.000139  0.486200 0.188800 1 37 1.000000
0  -5.857064 -20.152487 -9.254035  0.999545 0.030171 -0.000073  0.488100 0.239000 1 37 1.000000
0  -5.855758 -20.202351 -10.682364  0.999545 0.030172 -0.000134  0.548400 0.239000 1 37 1.000000
v_nailgun.tga
0  -5.885690 -19.204481 -9.272549  0.999546 0.030136 -0.000139  0.486200 0.188800 1 37 1.000000
0  -5.855758 -20.202351 -10.682364  0.999545 0.030172 -0.000134  0.548400 0.239000 1 37 1.000000
0  -5.887446 -19.152643 -10.738552  0.999545 0.030161 -0.000131  0.548400 0.183300 1 37 1.000000
v_nailgun.tga
0  -5.885690 -19.204481 -9.272549  0.999546 0.030136 -0.000139  0.486200 0.188800 1 37 1.000000
0  -5.885822 -19.199415 -9.127437  0.999545 0.030177 -0.000193  0.480000 0.188800 1 37 1.000000
0  -5.857064 -20.152487 -9.254035  0.999545 0.030171 -0.000073  0.488100 0.239000 1 37 1.000000
v_nailgun.tga
0  -5.857064 -20.152487 -9.254035  0.999545 0.030171 -0.000073  0.488100 0.239000 1 37 1.000000
0  -5.888941 -19.095592 -9.055718  0.999546 0.030119 -0.000005  0.476700 0.183400 1 37 1.000000
0  -5.882551 -19.309048 -8.827026  0.999546 0.030126 0.000156  0.467600 0.195200 1 37 1.000000
v_nailgun.tga
0  -5.857064 -20.152487 -9.254035  0.999545 0.030171 -0.000073  0.488100 0.239000 1 37 1.000000
0  -5.882551 -19.309048 -8.827026  0.999546 0.030126 0.000156  0.467600 0.195200 1 37 1.000000
0  -5.869695 -19.735094 -8.794830  0.999545 0.030165 0.000074  0.467500 0.217900 1 37 1.000000
v_nailgun.tga
0  -5.885822 -19.199415 -9.127437  0.999545 0.030177 -0.000193  0.480000 0.188800 1 37 1.000000
0  -5.888888 -19.097607 -9.133395  0.999547 0.030089 -0.000099  0.480000 0.183300 1 37 1.000000
0  -5.888941 -19.095592 -9.055718  0.999546 0.030119 -0.000005  0.476700 0.183400 1 37 1.000000
v_nailgun.tga
0  -5.885822 -19.199415 -9.127437  0.999545 0.030177 -0.000193  0.480000 0.188800 1 37 1.000000
0  -5.888941 -19.095592 -9.055718  0.999546 0.030119 -0.000005  0.476700 0.183400 1 37 1.000000
0  -5.857064 -20.152487 -9.254035  0.999545 0.030171 -0.000073  0.488100 0.239000 1 37 1.000000
v_nailgun.tga
0  -3.782257 -32.728210 -10.919595  0.926223 -0.371244 -0.065492  0.707400 0.962500 1 37 1.000000
0  -3.922829 -33.082600 -10.898847  0.938095 -0.328792 -0.108963  0.715500 0.945700 1 37 1.000000
0  -4.031231 -33.103024 -11.402239  0.905798 -0.332785 -0.262268  0.726900 0.950900 1 37 1.000000
v_nailgun.tga
0  -3.782257 -32.728210 -10.919595  0.926223 -0.371244 -0.065492  0.707400 0.962500 1 37 1.000000
0  -4.031231 -33.103024 -11.402239  0.905798 -0.332785 -0.262268  0.726900 0.950900 1 37 1.000000
0  -3.898519 -32.750305 -11.459259  0.878943 -0.377758 -0.291132  0.720400 0.968000 1 37 1.000000
v_nailgun.tga
0  -3.803957 -32.709393 -10.367635  0.915937 -0.366032 0.164561  0.694200 0.956100 1 37 1.000000
0  -3.943192 -33.065147 -10.384060  0.924991 -0.320993 0.203358  0.702700 0.939000 1 37 1.000000
0  -3.922829 -33.082600 -10.898847  0.938095 -0.328792 -0.108963  0.715500 0.945700 1 37 1.000000
v_nailgun.tga
0  -3.803957 -32.709393 -10.367635  0.915937 -0.366032 0.164561  0.694200 0.956100 1 37 1.000000
0  -3.922829 -33.082600 -10.898847  0.938095 -0.328792 -0.108963  0.715500 0.945700 1 37 1.000000
0  -3.782257 -32.728210 -10.919595  0.926223 -0.371244 -0.065492  0.707400 0.962500 1 37 1.000000
v_nailgun.tga
0  -3.962290 -32.694950 -9.838261  0.849163 -0.362096 0.384460  0.681200 0.949300 1 37 1.000000
0  -4.090799 -33.051559 -9.890269  0.879726 -0.318627 0.352928  0.691700 0.932300 1 37 1.000000
0  -3.943192 -33.065147 -10.384060  0.924991 -0.320993 0.203358  0.702700 0.939000 1 37 1.000000
v_nailgun.tga
0  -3.962290 -32.694950 -9.838261  0.849163 -0.362096 0.384460  0.681200 0.949300 1 37 1.000000
0  -3.943192 -33.065147 -10.384060  0.924991 -0.320993 0.203358  0.702700 0.939000 1 37 1.000000
0  -3.803957 -32.709393 -10.367635  0.915937 -0.366032 0.164561  0.694200 0.956100 1 37 1.000000
v_nailgun.tga
0  -4.247229 -32.685760 -9.364654  0.730244 -0.359803 0.580763  0.667400 0.941400 1 37 1.000000
0  -4.356515 -33.042984 -9.448541  0.718481 -0.315236 0.620009  0.679500 0.923700 1 37 1.000000
0  -4.090799 -33.051559 -9.890269  0.879726 -0.318627 0.352928  0.691700 0.932300 1 37 1.000000
v_nailgun.tga
0  -4.247229 -32.685760 -9.364654  0.730244 -0.359803 0.580763  0.667400 0.941400 1 37 1.000000
0  -4.090799 -33.051559 -9.890269  0.879726 -0.318627 0.352928  0.691700 0.932300 1 37 1.000000
0  -3.962290 -32.694950 -9.838261  0.849163 -0.362096 0.384460  0.681200 0.949300 1 37 1.000000
v_nailgun.tga
0  -4.640852 -32.682407 -8.976494  0.566466 -0.359611 0.741482  0.654900 0.930100 1 37 1.000000
0  -4.723728 -33.039658 -9.086472  0.607063 -0.315299 0.729425  0.669300 0.915000 1 37 1.000000
0  -4.356515 -33.042984 -9.448541  0.718481 -0.315236 0.620009  0.679500 0.923700 1 37 1.000000
v_nailgun.tga
0  -4.640852 -32.682407 -8.976494  0.566466 -0.359611 0.741482  0.654900 0.930100 1 37 1.000000
0  -4.356515 -33.042984 -9.448541  0.718481 -0.315236 0.620009  0.679500 0.923700 1 37 1.000000
0  -4.247229 -32.685760 -9.364654  0.730244 -0.359803 0.580763  0.667400 0.941400 1 37 1.000000
v_nailgun.tga
0  -5.118544 -32.685101 -8.698267  0.368255 -0.361008 0.856774  0.643800 0.918000 1 37 1.000000
0  -5.169318 -33.042053 -8.826838  0.337654 -0.317154 0.886230  0.658600 0.904300 1 37 1.000000
0  -4.723728 -33.039658 -9.086472  0.607063 -0.315299 0.729425  0.669300 0.915000 1 37 1.000000
v_nailgun.tga
0  -5.118544 -32.685101 -8.698267  0.368255 -0.361008 0.856774  0.643800 0.918000 1 37 1.000000
0  -4.723728 -33.039658 -9.086472  0.607063 -0.315299 0.729425  0.669300 0.915000 1 37 1.000000
0  -4.640852 -32.682407 -8.976494  0.566466 -0.359611 0.741482  0.654900 0.930100 1 37 1.000000
v_nailgun.tga
0  -5.650300 -32.693756 -8.547459  0.147721 -0.364108 0.919567  0.634300 0.906000 1 37 1.000000
0  -5.665284 -33.049824 -8.686034  0.187525 -0.319289 0.928918  0.650000 0.894300 1 37 1.000000
0  -5.169318 -33.042053 -8.826838  0.337654 -0.317154 0.886230  0.658600 0.904300 1 37 1.000000
v_nailgun.tga
0  -5.650300 -32.693756 -8.547459  0.147721 -0.364108 0.919567  0.634300 0.906000 1 37 1.000000
0  -5.169318 -33.042053 -8.826838  0.337654 -0.317154 0.886230  0.658600 0.904300 1 37 1.000000
0  -5.118544 -32.685101 -8.698267  0.368255 -0.361008 0.856774  0.643800 0.918000 1 37 1.000000
v_nailgun.tga
0  -6.202524 -32.707722 -8.533368  -0.081756 -0.368913 0.925861  0.625600 0.893500 1 37 1.000000
0  -6.180425 -33.062653 -8.672850  -0.124355 -0.326098 0.937121  0.641200 0.882500 1 37 1.000000
0  -5.665284 -33.049824 -8.686034  0.187525 -0.319289 0.928918  0.650000 0.894300 1 37 1.000000
v_nailgun.tga
0  -6.202524 -32.707722 -8.533368  -0.081756 -0.368913 0.925861  0.625600 0.893500 1 37 1.000000
0  -5.665284 -33.049824 -8.686034  0.187525 -0.319289 0.928918  0.650000 0.894300 1 37 1.000000
0  -5.650300 -32.693756 -8.547459  0.147721 -0.364108 0.919567  0.634300 0.906000 1 37 1.000000
v_nailgun.tga
0  -6.740623 -32.726238 -8.657189  -0.305812 -0.374814 0.875211  0.618000 0.881100 1 37 1.000000
0  -6.682556 -33.079525 -8.788190  -0.276796 -0.329919 0.902517  0.634200 0.871800 1 37 1.000000
0  -6.180425 -33.062653 -8.672850  -0.124355 -0.326098 0.937121  0.641200 0.882500 1 37 1.000000
v_nailgun.tga
0  -6.740623 -32.726238 -8.657189  -0.305812 -0.374814 0.875211  0.618000 0.881100 1 37 1.000000
0  -6.180425 -33.062653 -8.672850  -0.124355 -0.326098 0.937121  0.641200 0.882500 1 37 1.000000
0  -6.202524 -32.707722 -8.533368  -0.081756 -0.368913 0.925861  0.625600 0.893500 1 37 1.000000
v_nailgun.tga
0  -7.230921 -32.748035 -8.910831  -0.510691 -0.381729 0.770375  0.611100 0.868200 1 37 1.000000
0  -7.139989 -33.099571 -9.024753  -0.554678 -0.339889 0.759479  0.627200 0.859500 1 37 1.000000
0  -6.682556 -33.079525 -8.788190  -0.276796 -0.329919 0.902517  0.634200 0.871800 1 37 1.000000
v_nailgun.tga
0  -7.230921 -32.748035 -8.910831  -0.510691 -0.381729 0.770375  0.611100 0.868200 1 37 1.000000
0  -6.682556 -33.079525 -8.788190  -0.276796 -0.329919 0.902517  0.634200 0.871800 1 37 1.000000
0  -6.740623 -32.726238 -8.657189  -0.305812 -0.374814 0.875211  0.618000 0.881100 1 37 1.000000
v_nailgun.tga
0  -7.642340 -32.771763 -9.278605  -0.683405 -0.388985 0.617777  0.605200 0.855600 1 37 1.000000
0  -7.523945 -33.121510 -9.367847  -0.671964 -0.344397 0.655633  0.621600 0.848600 1 37 1.000000
0  -7.139989 -33.099571 -9.024753  -0.554678 -0.339889 0.759479  0.627200 0.859500 1 37 1.000000
v_nailgun.tga
0  -7.642340 -32.771763 -9.278605  -0.683405 -0.388985 0.617777  0.605200 0.855600 1 37 1.000000
0  -7.139989 -33.099571 -9.024753  -0.554678 -0.339889 0.759479  0.627200 0.859500 1 37 1.000000
0  -7.230921 -32.748035 -8.910831  -0.510691 -0.381729 0.770375  0.611100 0.868200 1 37 1.000000
v_nailgun.tga
0  -7.949213 -32.795918 -9.737220  -0.812959 -0.396001 0.426944  0.600000 0.842600 1 37 1.000000
0  -7.810457 -33.143864 -9.795690  -0.846875 -0.354849 0.396088  0.616200 0.836000 1 37 1.000000
0  -7.523945 -33.121510 -9.367847  -0.671964 -0.344397 0.655633  0.621600 0.848600 1 37 1.000000
v_nailgun.tga
0  -7.949213 -32.795918 -9.737220  -0.812959 -0.396001 0.426944  0.600000 0.842600 1 37 1.000000
0  -7.523945 -33.121510 -9.367847  -0.671964 -0.344397 0.655633  0.621600 0.848600 1 37 1.000000
0  -7.642340 -32.771763 -9.278605  -0.683405 -0.388985 0.617777  0.605200 0.855600 1 37 1.000000
v_nailgun.tga
0  -8.132273 -32.819004 -10.257999  -0.891003 -0.402882 0.209285  0.595700 0.830000 1 37 1.000000
0  -7.981256 -33.165203 -10.281597  -0.899677 -0.359127 0.248213  0.612100 0.825000 1 37 1.000000
0  -7.810457 -33.143864 -9.795690  -0.846875 -0.354849 0.396088  0.616200 0.836000 1 37 1.000000
v_nailgun.tga
0  -8.132273 -32.819004 -10.257999  -0.891003 -0.402882 0.209285  0.595700 0.830000 1 37 1.000000
0  -7.810457 -33.143864 -9.795690  -0.846875 -0.354849 0.396088  0.616200 0.836000 1 37 1.000000
0  -7.949213 -32.795918 -9.737220  -0.812959 -0.396001 0.426944  0.600000 0.842600 1 37 1.000000
v_nailgun.tga
0  -8.179846 -32.839668 -10.808057  -0.910199 -0.403383 0.093910  0.592000 0.817200 1 37 1.000000
0  -8.025772 -33.184307 -10.794984  -0.910211 -0.403351 0.093934  0.608200 0.812500 1 37 1.000000
0  -7.981256 -33.165203 -10.281597  -0.899677 -0.359127 0.248213  0.612100 0.825000 1 37 1.000000
v_nailgun.tga
0  -8.179846 -32.839668 -10.808057  -0.910199 -0.403383 0.093910  0.592000 0.817200 1 37 1.000000
0  -7.981256 -33.165203 -10.281597  -0.899677 -0.359127 0.248213  0.612100 0.825000 1 37 1.000000
0  -8.132273 -32.819004 -10.257999  -0.891003 -0.402882 0.209285  0.595700 0.830000 1 37 1.000000
v_nailgun.tga
0  -5.480073 -32.841499 -12.872684  0.325663 -0.299599 -0.896763  0.772800 0.982700 1 37 1.000000
0  -5.622660 -35.930553 -11.892442  0.222897 -0.304178 -0.926171  0.790400 0.881900 1 37 1.000000
0  -5.939819 -35.940079 -11.924419  0.104603 -0.305186 -0.946530  0.797600 0.882900 1 37 1.000000
v_nailgun.tga
0  -4.961826 -32.821182 -12.682504  0.449842 -0.297177 -0.842216  0.759700 0.980100 1 37 1.000000
0  -5.323563 -35.918888 -11.782709  0.448578 -0.297221 -0.842874  0.783300 0.880400 1 37 1.000000
0  -5.622660 -35.930553 -11.892442  0.222897 -0.304178 -0.926171  0.790400 0.881900 1 37 1.000000
v_nailgun.tga
0  -4.961826 -32.821182 -12.682504  0.449842 -0.297177 -0.842216  0.759700 0.980100 1 37 1.000000
0  -5.622660 -35.930553 -11.892442  0.222897 -0.304178 -0.926171  0.790400 0.881900 1 37 1.000000
0  -5.480073 -32.841499 -12.872684  0.325663 -0.299599 -0.896763  0.772800 0.982700 1 37 1.000000
v_nailgun.tga
0  -4.507372 -32.798241 -12.369298  0.660270 -0.303275 -0.687072  0.746800 0.976600 1 37 1.000000
0  -5.061317 -35.905704 -11.601918  0.626480 -0.311761 -0.714372  0.776300 0.878600 1 37 1.000000
0  -5.323563 -35.918888 -11.782709  0.448578 -0.297221 -0.842874  0.783300 0.880400 1 37 1.000000
v_nailgun.tga
0  -4.507372 -32.798241 -12.369298  0.660270 -0.303275 -0.687072  0.746800 0.976600 1 37 1.000000
0  -5.323563 -35.918888 -11.782709  0.448578 -0.297221 -0.842874  0.783300 0.880400 1 37 1.000000
0  -4.961826 -32.821182 -12.682504  0.449842 -0.297177 -0.842216  0.759700 0.980100 1 37 1.000000
v_nailgun.tga
0  -4.507372 -32.798241 -12.369298  0.660270 -0.303275 -0.687072  0.746800 0.976600 1 37 1.000000
0  -4.261434 -33.125038 -11.862762  0.796284 -0.324178 -0.510725  0.740000 0.956200 1 37 1.000000
0  -4.709670 -35.417782 -11.471241  0.742451 -0.318553 -0.589313  0.762700 0.894400 1 37 1.000000
v_nailgun.tga
0  -4.507372 -32.798241 -12.369298  0.660270 -0.303275 -0.687072  0.746800 0.976600 1 37 1.000000
0  -4.709670 -35.417782 -11.471241  0.742451 -0.318553 -0.589313  0.762700 0.894400 1 37 1.000000
0  -5.061317 -35.905704 -11.601918  0.626480 -0.311761 -0.714372  0.776300 0.878600 1 37 1.000000
v_nailgun.tga
0  -4.145379 -32.774117 -11.952854  0.776855 -0.384864 -0.498373  0.733900 0.972900 1 37 1.000000
0  -4.261434 -33.125038 -11.862762  0.796284 -0.324178 -0.510725  0.740000 0.956200 1 37 1.000000
0  -4.507372 -32.798241 -12.369298  0.660270 -0.303275 -0.687072  0.746800 0.976600 1 37 1.000000
v_nailgun.tga
0  -3.898519 -32.750305 -11.459259  0.878943 -0.377758 -0.291132  0.720400 0.968000 1 37 1.000000
0  -4.031231 -33.103024 -11.402239  0.905798 -0.332785 -0.262268  0.726900 0.950900 1 37 1.000000
0  -4.261434 -33.125038 -11.862762  0.796284 -0.324178 -0.510725  0.740000 0.956200 1 37 1.000000
v_nailgun.tga
0  -3.898519 -32.750305 -11.459259  0.878943 -0.377758 -0.291132  0.720400 0.968000 1 37 1.000000
0  -4.261434 -33.125038 -11.862762  0.796284 -0.324178 -0.510725  0.740000 0.956200 1 37 1.000000
0  -4.145379 -32.774117 -11.952854  0.776855 -0.384864 -0.498373  0.733900 0.972900 1 37 1.000000
v_nailgun.tga
0  -4.642726 -35.865517 -10.765228  0.937018 -0.342238 -0.069797  0.755700 0.868200 1 37 1.000000
0  -4.470072 -35.387871 -10.788950  0.945402 -0.306035 -0.112057  0.745500 0.886900 1 37 1.000000
0  -4.484397 -35.375618 -10.424568  0.931300 -0.299449 0.207388  0.736500 0.881700 1 37 1.000000
v_nailgun.tga
0  -4.642726 -35.865517 -10.765228  0.937018 -0.342238 -0.069797  0.755700 0.868200 1 37 1.000000
0  -4.484397 -35.375618 -10.424568  0.931300 -0.299449 0.207388  0.736500 0.881700 1 37 1.000000
0  -4.655314 -35.854717 -10.446722  0.926790 -0.338173 0.163402  0.748700 0.863800 1 37 1.000000
v_nailgun.tga
0  -4.655314 -35.854717 -10.446722  0.926790 -0.338173 0.163402  0.748700 0.863800 1 37 1.000000
0  -4.484397 -35.375618 -10.424568  0.931300 -0.299449 0.207388  0.736500 0.881700 1 37 1.000000
0  -4.588880 -35.366142 -10.075081  0.886907 -0.297445 0.353445  0.729300 0.876900 1 37 1.000000
v_nailgun.tga
0  -4.655314 -35.854717 -10.446722  0.926790 -0.338173 0.163402  0.748700 0.863800 1 37 1.000000
0  -4.588880 -35.366142 -10.075081  0.886907 -0.297445 0.353445  0.729300 0.876900 1 37 1.000000
0  -4.746662 -35.846432 -10.141109  0.859249 -0.335338 0.386315  0.742000 0.859000 1 37 1.000000
v_nailgun.tga
0  -4.746662 -35.846432 -10.141109  0.859249 -0.335338 0.386315  0.742000 0.859000 1 37 1.000000
0  -4.588880 -35.366142 -10.075081  0.886907 -0.297445 0.353445  0.729300 0.876900 1 37 1.000000
0  -4.777005 -35.360046 -9.762376  0.721607 -0.295051 0.626282  0.720800 0.870500 1 37 1.000000
v_nailgun.tga
0  -4.746662 -35.846432 -10.141109  0.859249 -0.335338 0.386315  0.742000 0.859000 1 37 1.000000
0  -4.777005 -35.360046 -9.762376  0.721607 -0.295051 0.626282  0.720800 0.870500 1 37 1.000000
0  -4.911056 -35.841187 -9.867775  0.738699 -0.334120 0.585396  0.735400 0.853700 1 37 1.000000
v_nailgun.tga
0  -4.911056 -35.841187 -9.867775  0.738699 -0.334120 0.585396  0.735400 0.853700 1 37 1.000000
0  -4.777005 -35.360046 -9.762376  0.721607 -0.295051 0.626282  0.720800 0.870500 1 37 1.000000
0  -5.036852 -35.357796 -9.506035  0.612933 -0.295323 0.732869  0.714100 0.864700 1 37 1.000000
v_nailgun.tga
0  -4.911056 -35.841187 -9.867775  0.738699 -0.334120 0.585396  0.735400 0.853700 1 37 1.000000
0  -5.036852 -35.357796 -9.506035  0.612933 -0.295323 0.732869  0.714100 0.864700 1 37 1.000000
0  -5.138283 -35.839317 -9.643812  0.572629 -0.334736 0.748364  0.729200 0.848000 1 37 1.000000
v_nailgun.tga
0  -5.138283 -35.839317 -9.643812  0.572629 -0.334736 0.748364  0.729200 0.848000 1 37 1.000000
0  -5.036852 -35.357796 -9.506035  0.612933 -0.295323 0.732869  0.714100 0.864700 1 37 1.000000
0  -5.352318 -35.359440 -9.322255  0.337236 -0.297928 0.893035  0.706400 0.857200 1 37 1.000000
v_nailgun.tga
0  -5.138283 -35.839317 -9.643812  0.572629 -0.334736 0.748364  0.729200 0.848000 1 37 1.000000
0  -5.352318 -35.359440 -9.322255  0.337236 -0.297928 0.893035  0.706400 0.857200 1 37 1.000000
0  -5.414035 -35.840923 -9.483210  0.371713 -0.336857 0.865076  0.723100 0.841900 1 37 1.000000
v_nailgun.tga
0  -5.414035 -35.840923 -9.483210  0.371713 -0.336857 0.865076  0.723100 0.841900 1 37 1.000000
0  -5.352318 -35.359440 -9.322255  0.337236 -0.297928 0.893035  0.706400 0.857200 1 37 1.000000
0  -5.703291 -35.365047 -9.222619  0.191003 -0.300335 0.934514  0.700400 0.850600 1 37 1.000000
v_nailgun.tga
0  -5.414035 -35.840923 -9.483210  0.371713 -0.336857 0.865076  0.723100 0.841900 1 37 1.000000
0  -5.703291 -35.365047 -9.222619  0.191003 -0.300335 0.934514  0.700400 0.850600 1 37 1.000000
0  -5.720909 -35.845917 -9.396164  0.148134 -0.340500 0.928502  0.717400 0.835500 1 37 1.000000
v_nailgun.tga
0  -5.720909 -35.845917 -9.396164  0.148134 -0.340500 0.928502  0.717400 0.835500 1 37 1.000000
0  -5.703291 -35.365047 -9.222619  0.191003 -0.300335 0.934514  0.700400 0.850600 1 37 1.000000
0  -6.067984 -35.373970 -9.213235  -0.127847 -0.307130 0.943041  0.693600 0.842300 1 37 1.000000
v_nailgun.tga
0  -5.720909 -35.845917 -9.396164  0.148134 -0.340500 0.928502  0.717400 0.835500 1 37 1.000000
0  -6.067984 -35.373970 -9.213235  -0.127847 -0.307130 0.943041  0.693600 0.842300 1 37 1.000000
0  -6.039605 -35.854084 -9.388065  -0.084229 -0.345295 0.934707  0.711900 0.828600 1 37 1.000000
v_nailgun.tga
0  -6.039605 -35.854084 -9.388065  -0.084229 -0.345295 0.934707  0.711900 0.828600 1 37 1.000000
0  -6.067984 -35.373970 -9.213235  -0.127847 -0.307130 0.943041  0.693600 0.842300 1 37 1.000000
0  -6.423393 -35.385929 -9.294892  -0.276362 -0.311013 0.909337  0.688300 0.835100 1 37 1.000000
v_nailgun.tga
0  -6.039605 -35.854084 -9.388065  -0.084229 -0.345295 0.934707  0.711900 0.828600 1 37 1.000000
0  -6.423393 -35.385929 -9.294892  -0.276362 -0.311013 0.909337  0.688300 0.835100 1 37 1.000000
0  -6.350233 -35.864712 -9.459421  -0.311318 -0.351102 0.883068  0.706800 0.821500 1 37 1.000000
v_nailgun.tga
0  -6.350233 -35.864712 -9.459421  -0.311318 -0.351102 0.883068  0.706800 0.821500 1 37 1.000000
0  -6.423393 -35.385929 -9.294892  -0.276362 -0.311013 0.909337  0.688300 0.835100 1 37 1.000000
0  -6.747231 -35.400063 -9.462398  -0.560680 -0.320408 0.763529  0.682300 0.826100 1 37 1.000000
v_nailgun.tga
0  -6.350233 -35.864712 -9.459421  -0.311318 -0.351102 0.883068  0.706800 0.821500 1 37 1.000000
0  -6.747231 -35.400063 -9.462398  -0.560680 -0.320408 0.763529  0.682300 0.826100 1 37 1.000000
0  -6.633103 -35.877235 -9.605932  -0.518669 -0.357616 0.776591  0.701900 0.814000 1 37 1.000000
v_nailgun.tga
0  -6.633103 -35.877235 -9.605932  -0.518669 -0.357616 0.776591  0.701900 0.814000 1 37 1.000000
0  -6.747231 -35.400063 -9.462398  -0.560680 -0.320408 0.763529  0.682300 0.826100 1 37 1.000000
0  -7.019022 -35.415459 -9.705156  -0.675086 -0.324953 0.662317  0.677800 0.818600 1 37 1.000000
v_nailgun.tga
0  -6.633103 -35.877235 -9.605932  -0.518669 -0.357616 0.776591  0.701900 0.814000 1 37 1.000000
0  -7.019022 -35.415459 -9.705156  -0.675086 -0.324953 0.662317  0.677800 0.818600 1 37 1.000000
0  -6.870626 -35.890869 -9.818103  -0.693209 -0.364159 0.621972  0.697300 0.806300 1 37 1.000000
v_nailgun.tga
0  -6.870626 -35.890869 -9.818103  -0.693209 -0.364159 0.621972  0.697300 0.806300 1 37 1.000000
0  -7.019022 -35.415459 -9.705156  -0.675086 -0.324953 0.662317  0.677800 0.818600 1 37 1.000000
0  -7.221781 -35.431152 -10.008080  -0.854627 -0.334493 0.397148  0.672700 0.809300 1 37 1.000000
v_nailgun.tga
0  -6.870626 -35.890869 -9.818103  -0.693209 -0.364159 0.621972  0.697300 0.806300 1 37 1.000000
0  -7.221781 -35.431152 -10.008080  -0.854627 -0.334493 0.397148  0.672700 0.809300 1 37 1.000000
0  -7.047724 -35.904758 -10.082842  -0.824140 -0.370529 0.428371  0.692800 0.798300 1 37 1.000000
v_nailgun.tga
0  -7.047724 -35.904758 -10.082842  -0.824140 -0.370529 0.428371  0.692800 0.798300 1 37 1.000000
0  -7.221781 -35.431152 -10.008080  -0.854627 -0.334493 0.397148  0.672700 0.809300 1 37 1.000000
0  -7.342728 -35.446236 -10.352073  -0.906353 -0.338540 0.252815  0.668900 0.801600 1 37 1.000000
v_nailgun.tga
0  -7.047724 -35.904758 -10.082842  -0.824140 -0.370529 0.428371  0.692800 0.798300 1 37 1.000000
0  -7.342728 -35.446236 -10.352073  -0.906353 -0.338540 0.252815  0.668900 0.801600 1 37 1.000000
0  -7.153313 -35.918018 -10.383358  -0.902793 -0.376295 0.208249  0.688400 0.790400 1 37 1.000000
v_nailgun.tga
0  -7.153313 -35.918018 -10.383358  -0.902793 -0.376295 0.208249  0.688400 0.790400 1 37 1.000000
0  -7.342728 -35.446236 -10.352073  -0.906353 -0.338540 0.252815  0.668900 0.801600 1 37 1.000000
0  -7.374287 -35.459656 -10.715455  -0.921720 -0.376318 0.093905  0.664700 0.792400 1 37 1.000000
v_nailgun.tga
0  -7.153313 -35.918018 -10.383358  -0.902793 -0.376295 0.208249  0.688400 0.790400 1 37 1.000000
0  -7.374287 -35.459656 -10.715455  -0.921720 -0.376318 0.093905  0.664700 0.792400 1 37 1.000000
0  -7.180813 -35.929832 -10.700865  -0.921708 -0.376360 0.093842  0.684000 0.782200 1 37 1.000000
v_nailgun.tga
0  -5.061317 -35.905704 -11.601918  0.626480 -0.311761 -0.714372  0.776300 0.878600 1 37 1.000000
0  -4.709670 -35.417782 -11.471241  0.742451 -0.318553 -0.589313  0.762700 0.894400 1 37 1.000000
0  -4.852310 -35.891834 -11.361566  0.785053 -0.353847 -0.508413  0.769600 0.875600 1 37 1.000000
v_nailgun.tga
0  -4.852310 -35.891834 -11.361566  0.785053 -0.353847 -0.508413  0.769600 0.875600 1 37 1.000000
0  -4.709670 -35.417782 -11.471241  0.742451 -0.318553 -0.589313  0.762700 0.894400 1 37 1.000000
0  -4.546721 -35.402229 -11.145335  0.913962 -0.309860 -0.262030  0.753200 0.890600 1 37 1.000000
v_nailgun.tga
0  -4.852310 -35.891834 -11.361566  0.785053 -0.353847 -0.508413  0.769600 0.875600 1 37 1.000000
0  -4.546721 -35.402229 -11.145335  0.913962 -0.309860 -0.262030  0.753200 0.890600 1 37 1.000000
0  -4.709819 -35.878147 -11.076639  0.888862 -0.347638 -0.298450  0.762600 0.872100 1 37 1.000000
v_nailgun.tga
0  -4.709819 -35.878147 -11.076639  0.888862 -0.347638 -0.298450  0.762600 0.872100 1 37 1.000000
0  -4.546721 -35.402229 -11.145335  0.913962 -0.309860 -0.262030  0.753200 0.890600 1 37 1.000000
0  -4.470072 -35.387871 -10.788950  0.945402 -0.306035 -0.112057  0.745500 0.886900 1 37 1.000000
v_nailgun.tga
0  -4.709819 -35.878147 -11.076639  0.888862 -0.347638 -0.298450  0.762600 0.872100 1 37 1.000000
0  -4.470072 -35.387871 -10.788950  0.945402 -0.306035 -0.112057  0.745500 0.886900 1 37 1.000000
0  -4.642726 -35.865517 -10.765228  0.937018 -0.342238 -0.069797  0.755700 0.868200 1 37 1.000000
v_nailgun.tga
0  -4.470072 -35.387871 -10.788950  0.622245 0.782820 -0.002059  0.745500 0.886900 1 37 1.000000
0  -4.593897 -35.289169 -10.664331  0.621802 0.783170 -0.002463  0.740400 0.887800 1 37 1.000000
0  -4.597891 -35.285675 -10.561294  0.622296 0.782779 -0.002012  0.738500 0.886700 1 37 1.000000
v_nailgun.tga
0  -4.470072 -35.387871 -10.788950  0.622245 0.782820 -0.002059  0.745500 0.886900 1 37 1.000000
0  -4.597891 -35.285675 -10.561294  0.622296 0.782779 -0.002012  0.738500 0.886700 1 37 1.000000
0  -4.484397 -35.375618 -10.424568  0.622462 0.782648 -0.001861  0.736500 0.881700 1 37 1.000000
v_nailgun.tga
0  -4.484397 -35.375618 -10.424568  0.931300 -0.299449 0.207388  0.736500 0.881700 1 37 1.000000
0  -3.943192 -33.065147 -10.384060  0.924991 -0.320993 0.203358  0.702700 0.939000 1 37 1.000000
0  -4.090799 -33.051559 -9.890269  0.879726 -0.318627 0.352928  0.691700 0.932300 1 37 1.000000
v_nailgun.tga
0  -4.484397 -35.375618 -10.424568  0.931300 -0.299449 0.207388  0.736500 0.881700 1 37 1.000000
0  -4.090799 -33.051559 -9.890269  0.879726 -0.318627 0.352928  0.691700 0.932300 1 37 1.000000
0  -4.588880 -35.366142 -10.075081  0.886907 -0.297445 0.353445  0.729300 0.876900 1 37 1.000000
v_nailgun.tga
0  -4.484397 -35.375618 -10.424568  0.707702 -0.149140 -0.690590  0.736500 0.881700 1 37 1.000000
0  -4.597891 -35.285675 -10.561294  0.710261 -0.149454 -0.687890  0.738500 0.886700 1 37 1.000000
0  -4.104696 -33.120556 -10.522460  0.673635 -0.144885 -0.724724  0.708200 0.938100 1 37 1.000000
v_nailgun.tga
0  -4.484397 -35.375618 -10.424568  0.707702 -0.149140 -0.690590  0.736500 0.881700 1 37 1.000000
0  -4.104696 -33.120556 -10.522460  0.673635 -0.144885 -0.724724  0.708200 0.938100 1 37 1.000000
0  -3.943192 -33.065147 -10.384060  0.672011 -0.144679 -0.726271  0.702700 0.939000 1 37 1.000000
v_nailgun.tga
0  -4.588880 -35.366142 -10.075081  0.532975 0.789103 0.305376  0.729300 0.876900 1 37 1.000000
0  -4.758426 -35.271130 -10.024621  0.533074 0.788940 0.305624  0.723900 0.877100 1 37 1.000000
0  -4.811588 -35.269436 -9.936275  0.532963 0.789122 0.305346  0.722200 0.875800 1 37 1.000000
v_nailgun.tga
0  -4.588880 -35.366142 -10.075081  0.532975 0.789103 0.305376  0.729300 0.876900 1 37 1.000000
0  -4.811588 -35.269436 -9.936275  0.532963 0.789122 0.305346  0.722200 0.875800 1 37 1.000000
0  -4.777005 -35.360046 -9.762376  0.532926 0.789183 0.305253  0.720800 0.870500 1 37 1.000000
v_nailgun.tga
0  -4.777005 -35.360046 -9.762376  0.721607 -0.295051 0.626282  0.720800 0.870500 1 37 1.000000
0  -4.356515 -33.042984 -9.448541  0.718481 -0.315236 0.620009  0.679500 0.923700 1 37 1.000000
0  -4.723728 -33.039658 -9.086472  0.607063 -0.315299 0.729425  0.669300 0.915000 1 37 1.000000
v_nailgun.tga
0  -4.777005 -35.360046 -9.762376  0.721607 -0.295051 0.626282  0.720800 0.870500 1 37 1.000000
0  -4.723728 -33.039658 -9.086472  0.607063 -0.315299 0.729425  0.669300 0.915000 1 37 1.000000
0  -5.036852 -35.357796 -9.506035  0.612933 -0.295323 0.732869  0.714100 0.864700 1 37 1.000000
v_nailgun.tga
0  -4.777005 -35.360046 -9.762376  0.955466 -0.132973 -0.263444  0.720800 0.870500 1 37 1.000000
0  -4.811588 -35.269436 -9.936275  0.956451 -0.133315 -0.259670  0.722200 0.875800 1 37 1.000000
0  -4.430693 -33.098240 -9.648004  0.941346 -0.128352 -0.312079  0.685200 0.923600 1 37 1.000000
v_nailgun.tga
0  -4.777005 -35.360046 -9.762376  0.955466 -0.132973 -0.263444  0.720800 0.870500 1 37 1.000000
0  -4.430693 -33.098240 -9.648004  0.941346 -0.128352 -0.312079  0.685200 0.923600 1 37 1.000000
0  -4.356515 -33.042984 -9.448541  0.940631 -0.128129 -0.314319  0.679500 0.923700 1 37 1.000000
v_nailgun.tga
0  -5.036852 -35.357796 -9.506035  0.305328 0.790240 0.531315  0.714100 0.864700 1 37 1.000000
0  -5.210717 -35.265938 -9.542722  0.305307 0.790163 0.531442  0.708800 0.864200 1 37 1.000000
0  -5.299834 -35.266460 -9.490753  0.305331 0.790249 0.531300  0.707100 0.862700 1 37 1.000000
v_nailgun.tga
0  -5.036852 -35.357796 -9.506035  0.305328 0.790240 0.531315  0.714100 0.864700 1 37 1.000000
0  -5.299834 -35.266460 -9.490753  0.305331 0.790249 0.531300  0.707100 0.862700 1 37 1.000000
0  -5.352318 -35.359440 -9.322255  0.305338 0.790278 0.531252  0.706400 0.857200 1 37 1.000000
v_nailgun.tga
0  -5.352318 -35.359440 -9.322255  0.337236 -0.297928 0.893035  0.706400 0.857200 1 37 1.000000
0  -5.169318 -33.042053 -8.826838  0.337654 -0.317154 0.886230  0.658600 0.904300 1 37 1.000000
0  -5.665284 -33.049824 -8.686034  0.187525 -0.319289 0.928918  0.650000 0.894300 1 37 1.000000
v_nailgun.tga
0  -5.352318 -35.359440 -9.322255  0.337236 -0.297928 0.893035  0.706400 0.857200 1 37 1.000000
0  -5.665284 -33.049824 -8.686034  0.187525 -0.319289 0.928918  0.650000 0.894300 1 37 1.000000
0  -5.703291 -35.365047 -9.222619  0.191003 -0.300335 0.934514  0.700400 0.850600 1 37 1.000000
v_nailgun.tga
0  -5.352318 -35.359440 -9.322255  0.965737 -0.120476 0.229865  0.706400 0.857200 1 37 1.000000
0  -5.299834 -35.266460 -9.490753  0.964743 -0.120876 0.233796  0.707100 0.862700 1 37 1.000000
0  -5.137520 -33.095039 -9.037889  0.977176 -0.115115 0.178539  0.664200 0.905100 1 37 1.000000
v_nailgun.tga
0  -5.352318 -35.359440 -9.322255  0.965737 -0.120476 0.229865  0.706400 0.857200 1 37 1.000000
0  -5.137520 -33.095039 -9.037889  0.977176 -0.115115 0.178539  0.664200 0.905100 1 37 1.000000
0  -5.169318 -33.042053 -8.826838  0.977641 -0.114857 0.176139  0.658600 0.904300 1 37 1.000000
v_nailgun.tga
0  -5.703291 -35.365047 -9.222619  -0.003608 0.785094 0.619366  0.700400 0.850600 1 37 1.000000
0  -5.838900 -35.274822 -9.337661  -0.004251 0.784372 0.620276  0.695100 0.849500 1 37 1.000000
0  -5.941967 -35.277435 -9.335063  -0.003530 0.785181 0.619256  0.693700 0.847700 1 37 1.000000
v_nailgun.tga
0  -5.703291 -35.365047 -9.222619  -0.003608 0.785094 0.619366  0.700400 0.850600 1 37 1.000000
0  -5.941967 -35.277435 -9.335063  -0.003530 0.785181 0.619256  0.693700 0.847700 1 37 1.000000
0  -6.067984 -35.373970 -9.213235  -0.003289 0.785451 0.618915  0.693600 0.842300 1 37 1.000000
v_nailgun.tga
0  -6.067984 -35.373970 -9.213235  -0.127847 -0.307130 0.943041  0.693600 0.842300 1 37 1.000000
0  -6.180425 -33.062653 -8.672850  -0.124355 -0.326098 0.937121  0.641200 0.882500 1 37 1.000000
0  -6.682556 -33.079525 -8.788190  -0.276796 -0.329919 0.902517  0.634200 0.871800 1 37 1.000000
v_nailgun.tga
0  -6.067984 -35.373970 -9.213235  -0.127847 -0.307130 0.943041  0.693600 0.842300 1 37 1.000000
0  -6.682556 -33.079525 -8.788190  -0.276796 -0.329919 0.902517  0.634200 0.871800 1 37 1.000000
0  -6.423393 -35.385929 -9.294892  -0.276362 -0.311013 0.909337  0.688300 0.835100 1 37 1.000000
v_nailgun.tga
0  -6.067984 -35.373970 -9.213235  0.737452 -0.114682 0.665592  0.693600 0.842300 1 37 1.000000
0  -5.941967 -35.277435 -9.335063  0.734623 -0.115157 0.668631  0.693700 0.847700 1 37 1.000000
0  -6.050298 -33.111633 -8.843025  0.772871 -0.108357 0.625243  0.646500 0.884000 1 37 1.000000
v_nailgun.tga
0  -6.067984 -35.373970 -9.213235  0.737452 -0.114682 0.665592  0.693600 0.842300 1 37 1.000000
0  -6.050298 -33.111633 -8.843025  0.772871 -0.108357 0.625243  0.646500 0.884000 1 37 1.000000
0  -6.180425 -33.062653 -8.672850  0.774471 -0.108054 0.623313  0.641200 0.882500 1 37 1.000000
v_nailgun.tga
0  -6.423393 -35.385929 -9.294892  -0.316088 0.775896 0.545961  0.688300 0.835100 1 37 1.000000
0  -6.487675 -35.295700 -9.460401  -0.315686 0.776169 0.545806  0.683200 0.833300 1 37 1.000000
0  -6.579303 -35.299656 -9.507775  -0.316137 0.775864 0.545979  0.681900 0.831400 1 37 1.000000
v_nailgun.tga
0  -6.423393 -35.385929 -9.294892  -0.316088 0.775896 0.545961  0.688300 0.835100 1 37 1.000000
0  -6.579303 -35.299656 -9.507775  -0.316137 0.775864 0.545979  0.681900 0.831400 1 37 1.000000
0  -6.747231 -35.400063 -9.462398  -0.316288 0.775761 0.546037  0.682300 0.826100 1 37 1.000000
v_nailgun.tga
0  -6.747231 -35.400063 -9.462398  -0.560680 -0.320408 0.763529  0.682300 0.826100 1 37 1.000000
0  -7.139989 -33.099571 -9.024753  -0.554678 -0.339889 0.759479  0.627200 0.859500 1 37 1.000000
0  -7.523945 -33.121510 -9.367847  -0.671964 -0.344397 0.655633  0.621600 0.848600 1 37 1.000000
v_nailgun.tga
0  -6.747231 -35.400063 -9.462398  -0.560680 -0.320408 0.763529  0.682300 0.826100 1 37 1.000000
0  -7.523945 -33.121510 -9.367847  -0.671964 -0.344397 0.655633  0.621600 0.848600 1 37 1.000000
0  -7.019022 -35.415459 -9.705156  -0.675086 -0.324953 0.662317  0.677800 0.818600 1 37 1.000000
v_nailgun.tga
0  -6.747231 -35.400063 -9.462398  0.328030 -0.117182 0.937371  0.682300 0.826100 1 37 1.000000
0  -6.579303 -35.299656 -9.507775  0.324035 -0.117734 0.938690  0.681900 0.831400 1 37 1.000000
0  -6.943460 -33.143902 -9.111679  0.378943 -0.109880 0.918874  0.632100 0.861500 1 37 1.000000
v_nailgun.tga
0  -6.747231 -35.400063 -9.462398  0.328030 -0.117182 0.937371  0.682300 0.826100 1 37 1.000000
0  -6.943460 -33.143902 -9.111679  0.378943 -0.109880 0.918874  0.632100 0.861500 1 37 1.000000
0  -7.139989 -33.099571 -9.024753  0.381308 -0.109529 0.917937  0.627200 0.859500 1 37 1.000000
v_nailgun.tga
0  -7.019022 -35.415459 -9.705156  -0.553435 0.764233 0.331147  0.677800 0.818600 1 37 1.000000
0  -6.996628 -35.323307 -9.880558  -0.552679 0.764734 0.331252  0.672900 0.816300 1 37 1.000000
0  -7.054031 -35.327698 -9.966209  -0.553803 0.764002 0.331065  0.671800 0.814400 1 37 1.000000
v_nailgun.tga
0  -7.019022 -35.415459 -9.705156  -0.553435 0.764233 0.331147  0.677800 0.818600 1 37 1.000000
0  -7.054031 -35.327698 -9.966209  -0.553803 0.764002 0.331065  0.671800 0.814400 1 37 1.000000
0  -7.221781 -35.431152 -10.008080  -0.553809 0.763984 0.331094  0.672700 0.809300 1 37 1.000000
v_nailgun.tga
0  -7.221781 -35.431152 -10.008080  -0.854627 -0.334493 0.397148  0.672700 0.809300 1 37 1.000000
0  -7.810457 -33.143864 -9.795690  -0.846875 -0.354849 0.396088  0.616200 0.836000 1 37 1.000000
0  -7.981256 -33.165203 -10.281597  -0.899677 -0.359127 0.248213  0.612100 0.825000 1 37 1.000000
v_nailgun.tga
0  -7.221781 -35.431152 -10.008080  -0.854627 -0.334493 0.397148  0.672700 0.809300 1 37 1.000000
0  -7.981256 -33.165203 -10.281597  -0.899677 -0.359127 0.248213  0.612100 0.825000 1 37 1.000000
0  -7.342728 -35.446236 -10.352073  -0.906353 -0.338540 0.252815  0.668900 0.801600 1 37 1.000000
v_nailgun.tga
0  -7.221781 -35.431152 -10.008080  -0.161124 -0.127170 0.978707  0.672700 0.809300 1 37 1.000000
0  -7.054031 -35.327698 -9.966209  -0.165276 -0.127782 0.977934  0.671800 0.814400 1 37 1.000000
0  -7.595934 -33.183960 -9.777684  -0.107606 -0.119112 0.987033  0.620700 0.838400 1 37 1.000000
v_nailgun.tga
0  -7.221781 -35.431152 -10.008080  -0.161124 -0.127170 0.978707  0.672700 0.809300 1 37 1.000000
0  -7.595934 -33.183960 -9.777684  -0.107606 -0.119112 0.987033  0.620700 0.838400 1 37 1.000000
0  -7.810457 -33.143864 -9.795690  -0.105067 -0.118722 0.987353  0.616200 0.836000 1 37 1.000000
v_nailgun.tga
0  -7.342728 -35.446236 -10.352073  -0.657118 0.753226 0.029113  0.668900 0.801600 1 37 1.000000
0  -7.239691 -35.350811 -10.494295  -0.657451 0.752944 0.028853  0.664400 0.799100 1 37 1.000000
0  -7.248590 -35.354637 -10.597132  -0.657079 0.753258 0.029143  0.663500 0.797100 1 37 1.000000
v_nailgun.tga
0  -7.342728 -35.446236 -10.352073  -0.657118 0.753226 0.029113  0.668900 0.801600 1 37 1.000000
0  -7.248590 -35.354637 -10.597132  -0.657079 0.753258 0.029143  0.663500 0.797100 1 37 1.000000
0  -7.374287 -35.459656 -10.715455  -0.656952 0.753365 0.029241  0.664700 0.792400 1 37 1.000000
v_nailgun.tga
0  -7.374287 -35.459656 -10.715455  -0.609357 -0.142185 0.780043  0.664700 0.792400 1 37 1.000000
0  -7.248590 -35.354637 -10.597132  -0.612514 -0.142806 0.777453  0.663500 0.797100 1 37 1.000000
0  -7.846128 -33.221798 -10.676140  -0.568051 -0.134035 0.812005  0.612200 0.815200 1 37 1.000000
v_nailgun.tga
0  -7.374287 -35.459656 -10.715455  -0.609357 -0.142185 0.780043  0.664700 0.792400 1 37 1.000000
0  -7.846128 -33.221798 -10.676140  -0.568051 -0.134035 0.812005  0.612200 0.815200 1 37 1.000000
0  -8.025772 -33.184307 -10.794984  -0.566048 -0.133638 0.813468  0.608200 0.812500 1 37 1.000000
v_nailgun.tga
0  -4.709670 -35.417782 -11.471241  0.551982 0.772883 -0.312999  0.762700 0.894400 1 37 1.000000
0  -4.757761 -35.315598 -11.303648  0.551568 0.773134 -0.313109  0.757700 0.896000 1 37 1.000000
0  -4.711662 -35.311169 -11.211504  0.552029 0.772854 -0.312986  0.755700 0.895200 1 37 1.000000
v_nailgun.tga
0  -4.709670 -35.417782 -11.471241  0.551982 0.772883 -0.312999  0.762700 0.894400 1 37 1.000000
0  -4.711662 -35.311169 -11.211504  0.552029 0.772854 -0.312986  0.755700 0.895200 1 37 1.000000
0  -4.546721 -35.402229 -11.145335  0.552185 0.772760 -0.312945  0.753200 0.890600 1 37 1.000000
v_nailgun.tga
0  -4.546721 -35.402229 -11.145335  0.913962 -0.309860 -0.262030  0.753200 0.890600 1 37 1.000000
0  -4.031231 -33.103024 -11.402239  0.905798 -0.332785 -0.262268  0.726900 0.950900 1 37 1.000000
0  -3.922829 -33.082600 -10.898847  0.938095 -0.328792 -0.108963  0.715500 0.945700 1 37 1.000000
v_nailgun.tga
0  -4.546721 -35.402229 -11.145335  0.913962 -0.309860 -0.262030  0.753200 0.890600 1 37 1.000000
0  -3.922829 -33.082600 -10.898847  0.938095 -0.328792 -0.108963  0.715500 0.945700 1 37 1.000000
0  -4.470072 -35.387871 -10.788950  0.945402 -0.306035 -0.112057  0.745500 0.886900 1 37 1.000000
v_nailgun.tga
0  -4.546721 -35.402229 -11.145335  0.283920 -0.164845 -0.944572  0.753200 0.890600 1 37 1.000000
0  -4.711662 -35.311169 -11.211504  0.287317 -0.165164 -0.943488  0.755700 0.895200 1 37 1.000000
0  -4.240006 -33.156334 -11.445097  0.239689 -0.160531 -0.957486  0.732100 0.949400 1 37 1.000000
v_nailgun.tga
0  -4.546721 -35.402229 -11.145335  0.283920 -0.164845 -0.944572  0.753200 0.890600 1 37 1.000000
0  -4.240006 -33.156334 -11.445097  0.239689 -0.160531 -0.957486  0.732100 0.949400 1 37 1.000000
0  -4.031231 -33.103024 -11.402239  0.237606 -0.160321 -0.958040  0.726900 0.950900 1 37 1.000000
v_nailgun.tga
0  -3.943192 -33.065147 -10.384060  0.290337 -0.955917 0.043897  0.702700 0.939000 1 37 1.000000
0  -4.104696 -33.120556 -10.522460  0.290347 -0.955914 0.043901  0.708200 0.938100 1 37 1.000000
0  -4.094873 -33.128986 -10.771108  0.290330 -0.955919 0.043895  0.713200 0.940700 1 37 1.000000
v_nailgun.tga
0  -3.943192 -33.065147 -10.384060  0.290337 -0.955917 0.043897  0.702700 0.939000 1 37 1.000000
0  -4.094873 -33.128986 -10.771108  0.290330 -0.955919 0.043895  0.713200 0.940700 1 37 1.000000
0  -3.922829 -33.082600 -10.898847  0.290326 -0.955921 0.043893  0.715500 0.945700 1 37 1.000000
v_nailgun.tga
0  -4.090799 -33.051559 -9.890269  0.163715 -0.108596 0.980512  0.691700 0.932300 1 37 1.000000
0  -4.302340 -33.102440 -9.861468  0.159424 -0.107357 0.981356  0.690000 0.927000 1 37 1.000000
0  -4.758426 -35.271130 -10.024621  0.215748 -0.123523 0.968605  0.723900 0.877100 1 37 1.000000
v_nailgun.tga
0  -4.090799 -33.051559 -9.890269  0.163715 -0.108596 0.980512  0.691700 0.932300 1 37 1.000000
0  -4.758426 -35.271130 -10.024621  0.215748 -0.123523 0.968605  0.723900 0.877100 1 37 1.000000
0  -4.588880 -35.366142 -10.075081  0.218428 -0.124287 0.967906  0.729300 0.876900 1 37 1.000000
v_nailgun.tga
0  -4.356515 -33.042984 -9.448541  0.252095 -0.952610 0.170240  0.679500 0.923700 1 37 1.000000
0  -4.430693 -33.098240 -9.648004  0.251925 -0.952657 0.170233  0.685200 0.923600 1 37 1.000000
0  -4.302340 -33.102440 -9.861468  0.252220 -0.952577 0.170244  0.690000 0.927000 1 37 1.000000
v_nailgun.tga
0  -4.356515 -33.042984 -9.448541  0.252095 -0.952610 0.170240  0.679500 0.923700 1 37 1.000000
0  -4.302340 -33.102440 -9.861468  0.252220 -0.952577 0.170244  0.690000 0.927000 1 37 1.000000
0  -4.090799 -33.051559 -9.890269  0.252290 -0.952558 0.170247  0.691700 0.932300 1 37 1.000000
v_nailgun.tga
0  -4.723728 -33.039658 -9.086472  -0.325600 -0.120956 0.937739  0.669300 0.915000 1 37 1.000000
0  -4.922276 -33.093887 -9.163308  -0.329687 -0.119800 0.936458  0.668300 0.909300 1 37 1.000000
0  -5.210717 -35.265938 -9.542722  -0.275241 -0.134866 0.951869  0.708800 0.864200 1 37 1.000000
v_nailgun.tga
0  -4.723728 -33.039658 -9.086472  -0.325600 -0.120956 0.937739  0.669300 0.915000 1 37 1.000000
0  -5.210717 -35.265938 -9.542722  -0.275241 -0.134866 0.951869  0.708800 0.864200 1 37 1.000000
0  -5.036852 -35.357796 -9.506035  -0.272609 -0.135576 0.952525  0.714100 0.864700 1 37 1.000000
v_nailgun.tga
0  -5.169318 -33.042053 -8.826838  0.158235 -0.951786 0.262804  0.658600 0.904300 1 37 1.000000
0  -5.137520 -33.095039 -9.037889  0.158221 -0.951792 0.262788  0.664200 0.905100 1 37 1.000000
0  -4.922276 -33.093887 -9.163308  0.158246 -0.951781 0.262816  0.668300 0.909300 1 37 1.000000
v_nailgun.tga
0  -5.169318 -33.042053 -8.826838  0.158235 -0.951786 0.262804  0.658600 0.904300 1 37 1.000000
0  -4.922276 -33.093887 -9.163308  0.158246 -0.951781 0.262816  0.668300 0.909300 1 37 1.000000
0  -4.723728 -33.039658 -9.086472  0.158252 -0.951778 0.262822  0.669300 0.915000 1 37 1.000000
v_nailgun.tga
0  -5.665284 -33.049824 -8.686034  -0.734781 -0.137210 0.664282  0.650000 0.894300 1 37 1.000000
0  -5.801476 -33.105442 -8.849417  -0.737702 -0.136098 0.661266  0.649900 0.888600 1 37 1.000000
0  -5.838900 -35.274822 -9.337661  -0.698014 -0.150564 0.700077  0.695100 0.849500 1 37 1.000000
v_nailgun.tga
0  -5.665284 -33.049824 -8.686034  -0.734781 -0.137210 0.664282  0.650000 0.894300 1 37 1.000000
0  -5.838900 -35.274822 -9.337661  -0.698014 -0.150564 0.700077  0.695100 0.849500 1 37 1.000000
0  -5.703291 -35.365047 -9.222619  -0.696055 -0.151244 0.701878  0.700400 0.850600 1 37 1.000000
v_nailgun.tga
0  -6.180425 -33.062653 -8.672850  0.031400 -0.953872 0.298568  0.641200 0.882500 1 37 1.000000
0  -6.050298 -33.111633 -8.843025  0.031404 -0.953863 0.298595  0.646500 0.884000 1 37 1.000000
0  -5.801476 -33.105442 -8.849417  0.031397 -0.953878 0.298548  0.649900 0.888600 1 37 1.000000
v_nailgun.tga
0  -6.180425 -33.062653 -8.672850  0.031400 -0.953872 0.298568  0.641200 0.882500 1 37 1.000000
0  -5.801476 -33.105442 -8.849417  0.031397 -0.953878 0.298548  0.649900 0.888600 1 37 1.000000
0  -5.665284 -33.049824 -8.686034  0.031395 -0.953881 0.298537  0.650000 0.894300 1 37 1.000000
v_nailgun.tga
0  -6.682556 -33.079525 -8.788190  -0.961652 -0.153506 0.227291  0.634200 0.871800 1 37 1.000000
0  -6.722437 -33.134224 -8.997345  -0.962728 -0.152429 0.223430  0.634800 0.866300 1 37 1.000000
0  -6.487675 -35.295700 -9.460401  -0.947199 -0.166425 0.274076  0.683200 0.833300 1 37 1.000000
v_nailgun.tga
0  -6.682556 -33.079525 -8.788190  -0.961652 -0.153506 0.227291  0.634200 0.871800 1 37 1.000000
0  -6.487675 -35.295700 -9.460401  -0.947199 -0.166425 0.274076  0.683200 0.833300 1 37 1.000000
0  -6.423393 -35.385929 -9.294892  -0.946383 -0.167083 0.276483  0.688300 0.835100 1 37 1.000000
v_nailgun.tga
0  -7.139989 -33.099571 -9.024753  -0.097183 -0.958218 0.269025  0.627200 0.859500 1 37 1.000000
0  -6.943460 -33.143902 -9.111679  -0.097180 -0.958247 0.268922  0.632100 0.861500 1 37 1.000000
0  -6.722437 -33.134224 -8.997345  -0.097185 -0.958196 0.269100  0.634800 0.866300 1 37 1.000000
v_nailgun.tga
0  -7.139989 -33.099571 -9.024753  -0.097183 -0.958218 0.269025  0.627200 0.859500 1 37 1.000000
0  -6.722437 -33.134224 -8.997345  -0.097185 -0.958196 0.269100  0.634800 0.866300 1 37 1.000000
0  -6.682556 -33.079525 -8.788190  -0.097186 -0.958184 0.269143  0.634200 0.871800 1 37 1.000000
v_nailgun.tga
0  -7.523945 -33.121510 -9.367847  -0.949970 -0.165884 -0.264651  0.621600 0.848600 1 37 1.000000
0  -7.457569 -33.173107 -9.570910  -0.949115 -0.164817 -0.268357  0.622800 0.843300 1 37 1.000000
0  -6.996628 -35.323307 -9.880558  -0.959193 -0.178694 -0.219129  0.672900 0.816300 1 37 1.000000
v_nailgun.tga
0  -7.523945 -33.121510 -9.367847  -0.949970 -0.165884 -0.264651  0.621600 0.848600 1 37 1.000000
0  -6.996628 -35.323307 -9.880558  -0.959193 -0.178694 -0.219129  0.672900 0.816300 1 37 1.000000
0  -7.019022 -35.415459 -9.705156  -0.959611 -0.179349 -0.216749  0.677800 0.818600 1 37 1.000000
v_nailgun.tga
0  -7.810457 -33.143864 -9.795690  -0.195305 -0.963855 0.181219  0.616200 0.836000 1 37 1.000000
0  -7.595934 -33.183960 -9.777684  -0.195366 -0.963822 0.181326  0.620700 0.838400 1 37 1.000000
0  -7.457569 -33.173107 -9.570910  -0.195260 -0.963879 0.181140  0.622800 0.843300 1 37 1.000000
v_nailgun.tga
0  -7.810457 -33.143864 -9.795690  -0.195305 -0.963855 0.181219  0.616200 0.836000 1 37 1.000000
0  -7.457569 -33.173107 -9.570910  -0.195260 -0.963879 0.181140  0.622800 0.843300 1 37 1.000000
0  -7.523945 -33.121510 -9.367847  -0.195234 -0.963892 0.181096  0.621600 0.848600 1 37 1.000000
v_nailgun.tga
0  -7.981256 -33.165203 -10.281597  -0.702580 -0.171165 -0.690713  0.612100 0.825000 1 37 1.000000
0  -7.824663 -33.212570 -10.428091  -0.700156 -0.170078 -0.693438  0.613800 0.820100 1 37 1.000000
0  -7.239691 -35.350811 -10.494295  -0.731294 -0.184214 -0.656714  0.664400 0.799100 1 37 1.000000
v_nailgun.tga
0  -7.981256 -33.165203 -10.281597  -0.702580 -0.171165 -0.690713  0.612100 0.825000 1 37 1.000000
0  -7.239691 -35.350811 -10.494295  -0.731294 -0.184214 -0.656714  0.664400 0.799100 1 37 1.000000
0  -7.342728 -35.446236 -10.352073  -0.732746 -0.184883 -0.654906  0.668900 0.801600 1 37 1.000000
v_nailgun.tga
0  -8.025772 -33.184307 -10.794984  -0.239886 -0.969136 0.056831  0.608200 0.812500 1 37 1.000000
0  -7.846128 -33.221798 -10.676140  -0.239838 -0.969150 0.056799  0.612200 0.815200 1 37 1.000000
0  -7.824663 -33.212570 -10.428091  -0.239922 -0.969126 0.056855  0.613800 0.820100 1 37 1.000000
v_nailgun.tga
0  -8.025772 -33.184307 -10.794984  -0.239886 -0.969136 0.056831  0.608200 0.812500 1 37 1.000000
0  -7.824663 -33.212570 -10.428091  -0.239922 -0.969126 0.056855  0.613800 0.820100 1 37 1.000000
0  -7.981256 -33.165203 -10.281597  -0.239942 -0.969120 0.056869  0.612100 0.825000 1 37 1.000000
v_nailgun.tga
0  -4.261434 -33.125038 -11.862762  0.913503 -0.106778 0.392570  0.740000 0.956200 1 37 1.000000
0  -4.351168 -33.166912 -11.667465  0.911992 -0.105453 0.396422  0.737300 0.951500 1 37 1.000000
0  -4.757761 -35.315598 -11.303648  0.930511 -0.122751 0.345081  0.757700 0.896000 1 37 1.000000
v_nailgun.tga
0  -4.261434 -33.125038 -11.862762  0.913503 -0.106778 0.392570  0.740000 0.956200 1 37 1.000000
0  -4.757761 -35.315598 -11.303648  0.930511 -0.122751 0.345081  0.757700 0.896000 1 37 1.000000
0  -4.709670 -35.417782 -11.471241  0.931324 -0.123572 0.342585  0.762700 0.894400 1 37 1.000000
v_nailgun.tga
0  -4.031231 -33.103024 -11.402239  0.262850 -0.961034 -0.085575  0.726900 0.950900 1 37 1.000000
0  -4.240006 -33.156334 -11.445097  0.262988 -0.960981 -0.085749  0.732100 0.949400 1 37 1.000000
0  -4.351168 -33.166912 -11.667465  0.262750 -0.961073 -0.085448  0.737300 0.951500 1 37 1.000000
v_nailgun.tga
0  -4.031231 -33.103024 -11.402239  0.262850 -0.961034 -0.085575  0.726900 0.950900 1 37 1.000000
0  -4.351168 -33.166912 -11.667465  0.262750 -0.961073 -0.085448  0.737300 0.951500 1 37 1.000000
0  -4.261434 -33.125038 -11.862762  0.262694 -0.961095 -0.085376  0.740000 0.956200 1 37 1.000000
v_nailgun.tga
0  -3.922829 -33.082600 -10.898847  0.613927 -0.103540 0.782543  0.715500 0.945700 1 37 1.000000
0  -4.094873 -33.128986 -10.771108  0.610628 -0.102245 0.785289  0.713200 0.940700 1 37 1.000000
0  -4.593897 -35.289169 -10.664331  0.653123 -0.119153 0.747819  0.740400 0.887800 1 37 1.000000
v_nailgun.tga
0  -3.922829 -33.082600 -10.898847  0.613927 -0.103540 0.782543  0.715500 0.945700 1 37 1.000000
0  -4.593897 -35.289169 -10.664331  0.653123 -0.119153 0.747819  0.740400 0.887800 1 37 1.000000
0  -4.470072 -35.387871 -10.788950  0.655106 -0.119954 0.745954  0.745500 0.886900 1 37 1.000000
v_nailgun.tga
0  -4.593897 -35.289169 -10.664331  0.973843 -0.222652 0.045355  0.740400 0.887800 1 37 1.000000
0  -4.094873 -33.128986 -10.771108  0.973805 -0.222681 0.046014  0.713200 0.940700 1 37 1.000000
0  -4.104696 -33.120556 -10.522460  0.973806 -0.222680 0.045992  0.708200 0.938100 1 37 1.000000
v_nailgun.tga
0  -4.593897 -35.289169 -10.664331  0.973843 -0.222652 0.045355  0.740400 0.887800 1 37 1.000000
0  -4.104696 -33.120556 -10.522460  0.973806 -0.222680 0.045992  0.708200 0.938100 1 37 1.000000
0  -4.597891 -35.285675 -10.561294  0.973845 -0.222649 0.045306  0.738500 0.886700 1 37 1.000000
v_nailgun.tga
0  -4.758426 -35.271130 -10.024621  0.835216 -0.213791 0.506662  0.723900 0.877100 1 37 1.000000
0  -4.302340 -33.102440 -9.861468  0.835333 -0.213778 0.506476  0.690000 0.927000 1 37 1.000000
0  -4.430693 -33.098240 -9.648004  0.835329 -0.213778 0.506482  0.685200 0.923600 1 37 1.000000
v_nailgun.tga
0  -4.758426 -35.271130 -10.024621  0.835216 -0.213791 0.506662  0.723900 0.877100 1 37 1.000000
0  -4.430693 -33.098240 -9.648004  0.835329 -0.213778 0.506482  0.685200 0.923600 1 37 1.000000
0  -4.811588 -35.269436 -9.936275  0.835208 -0.213792 0.506676  0.722200 0.875800 1 37 1.000000
v_nailgun.tga
0  -5.210717 -35.265938 -9.542722  0.493124 -0.212786 0.843535  0.708800 0.864200 1 37 1.000000
0  -4.922276 -33.093887 -9.163308  0.492770 -0.212822 0.843732  0.668300 0.909300 1 37 1.000000
0  -5.137520 -33.095039 -9.037889  0.492782 -0.212820 0.843726  0.664200 0.905100 1 37 1.000000
v_nailgun.tga
0  -5.210717 -35.265938 -9.542722  0.493124 -0.212786 0.843535  0.708800 0.864200 1 37 1.000000
0  -5.137520 -33.095039 -9.037889  0.492782 -0.212820 0.843726  0.664200 0.905100 1 37 1.000000
0  -5.299834 -35.266460 -9.490753  0.493150 -0.212784 0.843520  0.707100 0.862700 1 37 1.000000
v_nailgun.tga
0  -5.838900 -35.274822 -9.337661  0.030195 -0.220001 0.975032  0.695100 0.849500 1 37 1.000000
0  -5.801476 -33.105442 -8.849417  0.030512 -0.219968 0.975030  0.649900 0.888600 1 37 1.000000
0  -6.050298 -33.111633 -8.843025  0.030501 -0.219969 0.975030  0.646500 0.884000 1 37 1.000000
v_nailgun.tga
0  -5.838900 -35.274822 -9.337661  0.030195 -0.220001 0.975032  0.695100 0.849500 1 37 1.000000
0  -6.050298 -33.111633 -8.843025  0.030501 -0.219969 0.975030  0.646500 0.884000 1 37 1.000000
0  -5.941967 -35.277435 -9.335063  0.030171 -0.220004 0.975032  0.693700 0.847700 1 37 1.000000
v_nailgun.tga
0  -6.487675 -35.295700 -9.460401  -0.438604 -0.233541 0.867805  0.683200 0.833300 1 37 1.000000
0  -6.722437 -33.134224 -8.997345  -0.438668 -0.233547 0.867771  0.634800 0.866300 1 37 1.000000
0  -6.943460 -33.143902 -9.111679  -0.438666 -0.233547 0.867772  0.632100 0.861500 1 37 1.000000
v_nailgun.tga
0  -6.487675 -35.295700 -9.460401  -0.438604 -0.233541 0.867805  0.683200 0.833300 1 37 1.000000
0  -6.943460 -33.143902 -9.111679  -0.438666 -0.233547 0.867772  0.632100 0.861500 1 37 1.000000
0  -6.579303 -35.299656 -9.507775  -0.438600 -0.233540 0.867807  0.681900 0.831400 1 37 1.000000
v_nailgun.tga
0  -6.996628 -35.323307 -9.880558  -0.798355 -0.249992 0.547844  0.672900 0.816300 1 37 1.000000
0  -7.457569 -33.173107 -9.570910  -0.798578 -0.250039 0.547498  0.622800 0.843300 1 37 1.000000
0  -7.595934 -33.183960 -9.777684  -0.798571 -0.250038 0.547509  0.620700 0.838400 1 37 1.000000
v_nailgun.tga
0  -6.996628 -35.323307 -9.880558  -0.798355 -0.249992 0.547844  0.672900 0.816300 1 37 1.000000
0  -7.595934 -33.183960 -9.777684  -0.798571 -0.250038 0.547509  0.620700 0.838400 1 37 1.000000
0  -7.054031 -35.327698 -9.966209  -0.798071 -0.249968 0.548268  0.671800 0.814400 1 37 1.000000
v_nailgun.tga
0  -7.239691 -35.350811 -10.494295  -0.959646 -0.265414 0.092921  0.664400 0.799100 1 37 1.000000
0  -7.824663 -33.212570 -10.428091  -0.959647 -0.265413 0.092912  0.613800 0.820100 1 37 1.000000
0  -7.846128 -33.221798 -10.676140  -0.959647 -0.265413 0.092913  0.612200 0.815200 1 37 1.000000
v_nailgun.tga
0  -7.239691 -35.350811 -10.494295  -0.959646 -0.265414 0.092921  0.664400 0.799100 1 37 1.000000
0  -7.846128 -33.221798 -10.676140  -0.959647 -0.265413 0.092913  0.612200 0.815200 1 37 1.000000
0  -7.248590 -35.354637 -10.597132  -0.959646 -0.265414 0.092921  0.663500 0.797100 1 37 1.000000
v_nailgun.tga
0  -4.757761 -35.315598 -11.303648  0.873307 -0.237279 -0.425480  0.757700 0.896000 1 37 1.000000
0  -4.351168 -33.166912 -11.667465  0.873385 -0.237285 -0.425317  0.737300 0.951500 1 37 1.000000
0  -4.240006 -33.156334 -11.445097  0.873383 -0.237284 -0.425322  0.732100 0.949400 1 37 1.000000
v_nailgun.tga
0  -4.757761 -35.315598 -11.303648  0.873307 -0.237279 -0.425480  0.757700 0.896000 1 37 1.000000
0  -4.240006 -33.156334 -11.445097  0.873383 -0.237284 -0.425322  0.732100 0.949400 1 37 1.000000
0  -4.711662 -35.311169 -11.211504  0.873301 -0.237278 -0.425493  0.755700 0.895200 1 37 1.000000
v_nailgun.tga
0  -6.154325 -36.947422 -6.422417  -0.378198 0.126560 0.917033  0.853300 0.940100 1 37 1.000000
0  -5.610111 -36.933182 -6.422617  0.368798 0.141632 0.918656  0.881800 0.939300 1 37 1.000000
0  -5.619225 -36.604240 -6.469630  0.256802 0.142885 0.955843  0.879900 0.959900 1 37 1.000000
v_nailgun.tga
0  -6.154325 -36.947422 -6.422417  -0.378198 0.126560 0.917033  0.853300 0.940100 1 37 1.000000
0  -5.619225 -36.604240 -6.469630  0.256802 0.142885 0.955843  0.879900 0.959900 1 37 1.000000
0  -6.157639 -36.618427 -6.469127  -0.261565 0.132586 0.956036  0.850100 0.957700 1 37 1.000000
v_nailgun.tga
0  -6.157639 -36.618427 -6.469127  -0.261565 0.132586 0.956036  0.850100 0.957700 1 37 1.000000
0  -6.538163 -36.641586 -6.849798  -0.707031 0.091964 0.701178  0.827000 0.961600 1 37 1.000000
0  -6.538641 -36.970924 -6.807083  -0.707096 0.092115 0.701092  0.827300 0.940500 1 37 1.000000
v_nailgun.tga
0  -6.157639 -36.618427 -6.469127  -0.261565 0.132586 0.956036  0.850100 0.957700 1 37 1.000000
0  -6.538641 -36.970924 -6.807083  -0.707096 0.092115 0.701092  0.827300 0.940500 1 37 1.000000
0  -6.154325 -36.947422 -6.422417  -0.378198 0.126560 0.917033  0.853300 0.940100 1 37 1.000000
v_nailgun.tga
0  -6.157639 -36.618427 -6.469127  -0.922228 -0.063193 -0.381447  0.850100 0.957700 1 37 1.000000
0  -6.161107 -36.279655 -6.516779  -0.922355 -0.063054 -0.381164  0.854500 0.969100 1 37 1.000000
0  -6.120431 -36.282013 -6.614819  -0.922323 -0.063089 -0.381234  0.846200 0.969200 1 37 1.000000
v_nailgun.tga
0  -6.157639 -36.618427 -6.469127  -0.922228 -0.063193 -0.381447  0.850100 0.957700 1 37 1.000000
0  -6.120431 -36.282013 -6.614819  -0.922323 -0.063089 -0.381234  0.846200 0.969200 1 37 1.000000
0  -6.116462 -36.620811 -6.568266  -0.922197 -0.063227 -0.381517  0.845400 0.968300 1 37 1.000000
v_nailgun.tga
0  -6.116462 -36.620811 -6.568266  -0.025984 0.999055 -0.034843  0.845400 0.968300 1 37 1.000000
0  -6.438958 -36.640423 -6.890874  -0.026121 0.999054 -0.034781  0.822400 0.961800 1 37 1.000000
0  -6.538163 -36.641586 -6.849798  -0.026113 0.999053 -0.034798  0.827000 0.961600 1 37 1.000000
v_nailgun.tga
0  -6.116462 -36.620811 -6.568266  -0.025984 0.999055 -0.034843  0.845400 0.968300 1 37 1.000000
0  -6.538163 -36.641586 -6.849798  -0.026113 0.999053 -0.034798  0.827000 0.961600 1 37 1.000000
0  -6.157639 -36.618427 -6.469127  -0.025974 0.999054 -0.034864  0.850100 0.957700 1 37 1.000000
v_nailgun.tga
0  -6.116462 -36.620811 -6.568266  0.261312 -0.129521 -0.956525  0.827400 0.204400 1 37 1.000000
0  -5.660220 -36.608776 -6.568670  -0.256807 -0.140112 -0.956252  0.815600 0.204400 1 37 1.000000
0  -5.651405 -36.937759 -6.522756  -0.369085 -0.137966 -0.919098  0.816700 0.195200 1 37 1.000000
v_nailgun.tga
0  -6.116462 -36.620811 -6.568266  0.261312 -0.129521 -0.956525  0.827400 0.204400 1 37 1.000000
0  -5.651405 -36.937759 -6.522756  -0.369085 -0.137966 -0.919098  0.816700 0.195200 1 37 1.000000
0  -6.112747 -36.949837 -6.522656  0.378449 -0.122761 -0.917445  0.830500 0.195200 1 37 1.000000
v_nailgun.tga
0  -6.116462 -36.620811 -6.568266  0.261312 -0.129521 -0.956525  0.827400 0.204400 1 37 1.000000
0  -6.120431 -36.282013 -6.614819  0.246573 -0.128477 -0.960570  0.829300 0.213800 1 37 1.000000
0  -5.669188 -36.270130 -6.615622  -0.241826 -0.138590 -0.960371  0.816700 0.213800 1 37 1.000000
v_nailgun.tga
0  -6.116462 -36.620811 -6.568266  0.261312 -0.129521 -0.956525  0.827400 0.204400 1 37 1.000000
0  -5.669188 -36.270130 -6.615622  -0.241826 -0.138590 -0.960371  0.816700 0.213800 1 37 1.000000
0  -5.660220 -36.608776 -6.568670  -0.256807 -0.140112 -0.956252  0.815600 0.204400 1 37 1.000000
v_nailgun.tga
0  -6.112747 -36.949837 -6.522656  0.378449 -0.122761 -0.917445  0.830500 0.195200 1 37 1.000000
0  -6.438336 -36.969753 -6.848657  0.707471 -0.088545 -0.701174  0.839800 0.195200 1 37 1.000000
0  -6.438958 -36.640423 -6.890874  0.707330 -0.088827 -0.701281  0.839800 0.204400 1 37 1.000000
v_nailgun.tga
0  -6.112747 -36.949837 -6.522656  0.378449 -0.122761 -0.917445  0.830500 0.195200 1 37 1.000000
0  -6.438958 -36.640423 -6.890874  0.707330 -0.088827 -0.701281  0.839800 0.204400 1 37 1.000000
0  -6.116462 -36.620811 -6.568266  0.261312 -0.129521 -0.956525  0.827400 0.204400 1 37 1.000000
v_nailgun.tga
0  -6.538163 -36.641586 -6.849798  -0.999998 0.001238 -0.001695  0.827000 0.961600 1 37 1.000000
0  -6.537271 -36.660370 -7.388070  -0.999998 0.001246 -0.001701  0.810100 0.956300 1 37 1.000000
0  -6.537744 -36.989910 -7.351251  -0.999998 0.001242 -0.001698  0.809800 0.941000 1 37 1.000000
v_nailgun.tga
0  -6.538163 -36.641586 -6.849798  -0.999998 0.001238 -0.001695  0.827000 0.961600 1 37 1.000000
0  -6.537744 -36.989910 -7.351251  -0.999998 0.001242 -0.001698  0.809800 0.941000 1 37 1.000000
0  -6.538641 -36.970924 -6.807083  -0.999998 0.001234 -0.001691  0.827300 0.940500 1 37 1.000000
v_nailgun.tga
0  -6.438958 -36.640423 -6.890874  -0.026121 0.999054 -0.034781  0.822400 0.961800 1 37 1.000000
0  -6.438242 -36.656342 -7.346995  -0.026115 0.999046 -0.034989  0.810300 0.951900 1 37 1.000000
0  -6.537271 -36.660370 -7.388070  -0.026124 0.999046 -0.034997  0.810100 0.956300 1 37 1.000000
v_nailgun.tga
0  -6.438958 -36.640423 -6.890874  -0.026121 0.999054 -0.034781  0.822400 0.961800 1 37 1.000000
0  -6.537271 -36.660370 -7.388070  -0.026124 0.999046 -0.034997  0.810100 0.956300 1 37 1.000000
0  -6.538163 -36.641586 -6.849798  -0.026113 0.999053 -0.034798  0.827000 0.961600 1 37 1.000000
v_nailgun.tga
0  -6.438336 -36.969753 -6.848657  0.999997 0.002078 0.001496  0.786000 0.195200 1 37 1.000000
0  -6.437614 -36.985844 -7.309777  0.999997 0.002072 0.001493  0.791200 0.195200 1 37 1.000000
0  -6.438242 -36.656342 -7.346995  0.999997 0.002076 0.001495  0.792200 0.204400 1 37 1.000000
v_nailgun.tga
0  -6.438336 -36.969753 -6.848657  0.999997 0.002078 0.001496  0.786000 0.195200 1 37 1.000000
0  -6.438242 -36.656342 -7.346995  0.999997 0.002076 0.001495  0.792200 0.204400 1 37 1.000000
0  -6.438958 -36.640423 -6.890874  0.999997 0.002083 0.001498  0.786000 0.204400 1 37 1.000000
v_nailgun.tga
0  -6.537271 -36.660370 -7.388070  -0.704854 -0.077915 -0.705060  0.810100 0.956300 1 37 1.000000
0  -6.156450 -36.663788 -7.768535  -0.704965 -0.078189 -0.704920  0.798300 0.951100 1 37 1.000000
0  -6.152324 -36.993263 -7.736116  -0.704906 -0.078043 -0.704994  0.797300 0.941200 1 37 1.000000
v_nailgun.tga
0  -6.537271 -36.660370 -7.388070  -0.704854 -0.077915 -0.705060  0.810100 0.956300 1 37 1.000000
0  -6.152324 -36.993263 -7.736116  -0.704906 -0.078043 -0.704994  0.797300 0.941200 1 37 1.000000
0  -6.537744 -36.989910 -7.351251  -0.704796 -0.077771 -0.705134  0.809800 0.941000 1 37 1.000000
v_nailgun.tga
0  -6.438242 -36.656342 -7.346995  -0.026115 0.999046 -0.034989  0.810300 0.951900 1 37 1.000000
0  -6.115455 -36.659256 -7.669495  -0.025930 0.999052 -0.034962  0.801800 0.958100 1 37 1.000000
0  -6.156450 -36.663788 -7.768535  -0.025956 0.999051 -0.034984  0.798300 0.951100 1 37 1.000000
v_nailgun.tga
0  -6.438242 -36.656342 -7.346995  -0.026115 0.999046 -0.034989  0.810300 0.951900 1 37 1.000000
0  -6.156450 -36.663788 -7.768535  -0.025956 0.999051 -0.034984  0.798300 0.951100 1 37 1.000000
0  -6.537271 -36.660370 -7.388070  -0.026124 0.999046 -0.034997  0.810100 0.956300 1 37 1.000000
v_nailgun.tga
0  -6.437614 -36.985844 -7.309777  0.704739 0.081130 0.704813  0.791200 0.195200 1 37 1.000000
0  -6.110929 -36.988682 -7.635977  0.388248 0.098749 0.916249  0.792900 0.195200 1 37 1.000000
0  -6.115455 -36.659256 -7.669495  0.244251 0.101468 0.964389  0.794000 0.204400 1 37 1.000000
v_nailgun.tga
0  -6.437614 -36.985844 -7.309777  0.704739 0.081130 0.704813  0.791200 0.195200 1 37 1.000000
0  -6.115455 -36.659256 -7.669495  0.244251 0.101468 0.964389  0.794000 0.204400 1 37 1.000000
0  -6.438242 -36.656342 -7.346995  0.704843 0.080946 0.704730  0.792200 0.204400 1 37 1.000000
v_nailgun.tga
0  -6.115455 -36.659256 -7.669495  -0.924023 0.025631 0.381477  0.801800 0.958100 1 37 1.000000
0  -6.120235 -36.320065 -7.704055  -0.923755 0.025914 0.382107  0.804000 0.978100 1 37 1.000000
0  -6.160832 -36.324543 -7.801895  -0.923993 0.025657 0.381547  0.800800 0.971700 1 37 1.000000
v_nailgun.tga
0  -6.115455 -36.659256 -7.669495  -0.924023 0.025631 0.381477  0.801800 0.958100 1 37 1.000000
0  -6.160832 -36.324543 -7.801895  -0.923993 0.025657 0.381547  0.800800 0.971700 1 37 1.000000
0  -6.156450 -36.663788 -7.768535  -0.924088 0.025562 0.381323  0.798300 0.951100 1 37 1.000000
v_nailgun.tga
0  -6.110929 -36.988682 -7.635977  0.388248 0.098749 0.916249  0.792900 0.195200 1 37 1.000000
0  -5.649688 -36.976608 -7.636077  -0.390651 0.082932 0.916796  0.793300 0.195200 1 37 1.000000
0  -5.659213 -36.647221 -7.669899  -0.248728 0.091602 0.964232  0.796400 0.204400 1 37 1.000000
v_nailgun.tga
0  -6.110929 -36.988682 -7.635977  0.388248 0.098749 0.916249  0.792900 0.195200 1 37 1.000000
0  -5.659213 -36.647221 -7.669899  -0.248728 0.091602 0.964232  0.796400 0.204400 1 37 1.000000
0  -6.115455 -36.659256 -7.669495  0.244251 0.101468 0.964389  0.794000 0.204400 1 37 1.000000
v_nailgun.tga
0  -5.618036 -36.649605 -7.769039  0.708073 -0.048864 -0.704447  0.929500 0.957500 1 37 1.000000
0  -5.237517 -36.626244 -7.388373  0.707898 -0.049292 -0.704593  0.919200 0.951700 1 37 1.000000
0  -5.223793 -36.955517 -7.351550  0.707993 -0.049059 -0.704513  0.919400 0.939900 1 37 1.000000
v_nailgun.tga
0  -5.618036 -36.649605 -7.769039  0.708073 -0.048864 -0.704447  0.929500 0.957500 1 37 1.000000
0  -5.223793 -36.955517 -7.351550  0.707993 -0.049059 -0.704513  0.919400 0.939900 1 37 1.000000
0  -5.608011 -36.979012 -7.736216  0.708167 -0.048633 -0.704368  0.933700 0.940300 1 37 1.000000
v_nailgun.tga
0  -5.618036 -36.649605 -7.769039  0.922094 0.065825 0.381327  0.929500 0.957500 1 37 1.000000
0  -5.628317 -36.310532 -7.802798  0.922210 0.065901 0.381032  0.928000 0.971200 1 37 1.000000
0  -5.668992 -36.308170 -7.704758  0.922183 0.065883 0.381101  0.925200 0.968100 1 37 1.000000
v_nailgun.tga
0  -5.618036 -36.649605 -7.769039  0.922094 0.065825 0.381327  0.929500 0.957500 1 37 1.000000
0  -5.668992 -36.308170 -7.704758  0.922183 0.065883 0.381101  0.925200 0.968100 1 37 1.000000
0  -5.659213 -36.647221 -7.669899  0.922067 0.065808 0.381395  0.927900 0.950700 1 37 1.000000
v_nailgun.tga
0  -5.659213 -36.647221 -7.669899  -0.026339 0.999041 -0.034990  0.927900 0.950700 1 37 1.000000
0  -5.336721 -36.627403 -7.347299  -0.026183 0.999043 -0.035035  0.923000 0.956600 1 37 1.000000
0  -5.237517 -36.626244 -7.388373  -0.026191 0.999043 -0.035020  0.919200 0.951700 1 37 1.000000
v_nailgun.tga
0  -5.659213 -36.647221 -7.669899  -0.026339 0.999041 -0.034990  0.927900 0.950700 1 37 1.000000
0  -5.237517 -36.626244 -7.388373  -0.026191 0.999043 -0.035020  0.919200 0.951700 1 37 1.000000
0  -5.618036 -36.649605 -7.769039  -0.026351 0.999041 -0.034970  0.929500 0.957500 1 37 1.000000
v_nailgun.tga
0  -5.659213 -36.647221 -7.669899  -0.248728 0.091602 0.964232  0.796400 0.204400 1 37 1.000000
0  -5.668992 -36.308170 -7.704758  -0.258723 0.091124 0.961644  0.794400 0.213800 1 37 1.000000
0  -6.120235 -36.320065 -7.704055  0.257412 0.101376 0.960969  0.792000 0.213800 1 37 1.000000
v_nailgun.tga
0  -5.659213 -36.647221 -7.669899  -0.248728 0.091602 0.964232  0.796400 0.204400 1 37 1.000000
0  -6.120235 -36.320065 -7.704055  0.257412 0.101376 0.960969  0.792000 0.213800 1 37 1.000000
0  -6.115455 -36.659256 -7.669495  0.244251 0.101468 0.964389  0.794000 0.204400 1 37 1.000000
v_nailgun.tga
0  -5.649688 -36.976608 -7.636077  -0.390651 0.082932 0.916796  0.793300 0.195200 1 37 1.000000
0  -5.323997 -36.956688 -7.310076  -0.708073 0.052244 0.704204  0.796300 0.195200 1 37 1.000000
0  -5.336721 -36.627403 -7.347299  -0.707993 0.052094 0.704296  0.797200 0.204400 1 37 1.000000
v_nailgun.tga
0  -5.649688 -36.976608 -7.636077  -0.390651 0.082932 0.916796  0.793300 0.195200 1 37 1.000000
0  -5.336721 -36.627403 -7.347299  -0.707993 0.052094 0.704296  0.797200 0.204400 1 37 1.000000
0  -5.659213 -36.647221 -7.669899  -0.248728 0.091602 0.964232  0.796400 0.204400 1 37 1.000000
v_nailgun.tga
0  -5.237517 -36.626244 -7.388373  0.999132 0.041669 0.000198  0.919200 0.951700 1 37 1.000000
0  -5.238410 -36.607460 -6.850101  0.928199 0.085594 0.362107  0.905300 0.956400 1 37 1.000000
0  -5.224691 -36.936527 -6.807382  0.912828 0.089768 0.398354  0.905200 0.939200 1 37 1.000000
v_nailgun.tga
0  -5.237517 -36.626244 -7.388373  0.999132 0.041669 0.000198  0.919200 0.951700 1 37 1.000000
0  -5.224691 -36.936527 -6.807382  0.912828 0.089768 0.398354  0.905200 0.939200 1 37 1.000000
0  -5.223793 -36.955517 -7.351550  0.999132 0.041662 0.000195  0.919400 0.939900 1 37 1.000000
v_nailgun.tga
0  -5.336721 -36.627403 -7.347299  -0.026183 0.999043 -0.035035  0.923000 0.956600 1 37 1.000000
0  -5.337439 -36.611488 -6.891177  -0.026210 0.999050 -0.034821  0.905300 0.966500 1 37 1.000000
0  -5.238410 -36.607460 -6.850101  -0.026199 0.999050 -0.034818  0.905300 0.956400 1 37 1.000000
v_nailgun.tga
0  -5.336721 -36.627403 -7.347299  -0.026183 0.999043 -0.035035  0.923000 0.956600 1 37 1.000000
0  -5.238410 -36.607460 -6.850101  -0.026199 0.999050 -0.034818  0.905300 0.956400 1 37 1.000000
0  -5.237517 -36.626244 -7.388373  -0.026191 0.999043 -0.035020  0.919200 0.951700 1 37 1.000000
v_nailgun.tga
0  -5.323997 -36.956688 -7.310076  -0.999253 -0.038642 -0.000220  0.796300 0.195200 1 37 1.000000
0  -5.324718 -36.940594 -6.848857  -0.913117 -0.086390 -0.398439  0.804300 0.195200 1 37 1.000000
0  -5.337439 -36.611488 -6.891177  -0.928483 -0.082449 -0.362107  0.803400 0.204400 1 37 1.000000
v_nailgun.tga
0  -5.323997 -36.956688 -7.310076  -0.999253 -0.038642 -0.000220  0.796300 0.195200 1 37 1.000000
0  -5.337439 -36.611488 -6.891177  -0.928483 -0.082449 -0.362107  0.803400 0.204400 1 37 1.000000
0  -5.336721 -36.627403 -7.347299  -0.999253 -0.038637 -0.000225  0.797200 0.204400 1 37 1.000000
v_nailgun.tga
0  -5.238410 -36.607460 -6.850101  0.928199 0.085594 0.362107  0.905300 0.956400 1 37 1.000000
0  -5.619225 -36.604240 -6.469630  0.256802 0.142885 0.955843  0.879900 0.959900 1 37 1.000000
0  -5.610111 -36.933182 -6.422617  0.368798 0.141632 0.918656  0.881800 0.939300 1 37 1.000000
v_nailgun.tga
0  -5.238410 -36.607460 -6.850101  0.928199 0.085594 0.362107  0.905300 0.956400 1 37 1.000000
0  -5.610111 -36.933182 -6.422617  0.368798 0.141632 0.918656  0.881800 0.939300 1 37 1.000000
0  -5.224691 -36.936527 -6.807382  0.912828 0.089768 0.398354  0.905200 0.939200 1 37 1.000000
v_nailgun.tga
0  -5.337439 -36.611488 -6.891177  -0.026210 0.999050 -0.034821  0.905300 0.966500 1 37 1.000000
0  -5.660220 -36.608776 -6.568670  -0.026400 0.999045 -0.034804  0.886400 0.959600 1 37 1.000000
0  -5.619225 -36.604240 -6.469630  -0.026304 0.999037 -0.035121  0.879900 0.959900 1 37 1.000000
v_nailgun.tga
0  -5.337439 -36.611488 -6.891177  -0.026210 0.999050 -0.034821  0.905300 0.966500 1 37 1.000000
0  -5.619225 -36.604240 -6.469630  -0.026304 0.999037 -0.035121  0.879900 0.959900 1 37 1.000000
0  -5.238410 -36.607460 -6.850101  -0.026199 0.999050 -0.034818  0.905300 0.956400 1 37 1.000000
v_nailgun.tga
0  -5.324718 -36.940594 -6.848857  -0.913117 -0.086390 -0.398439  0.804300 0.195200 1 37 1.000000
0  -5.651405 -36.937759 -6.522756  -0.369085 -0.137966 -0.919098  0.816700 0.195200 1 37 1.000000
0  -5.660220 -36.608776 -6.568670  -0.256807 -0.140112 -0.956252  0.815600 0.204400 1 37 1.000000
v_nailgun.tga
0  -5.324718 -36.940594 -6.848857  -0.913117 -0.086390 -0.398439  0.804300 0.195200 1 37 1.000000
0  -5.660220 -36.608776 -6.568670  -0.256807 -0.140112 -0.956252  0.815600 0.204400 1 37 1.000000
0  -5.337439 -36.611488 -6.891177  -0.928483 -0.082449 -0.362107  0.803400 0.204400 1 37 1.000000
v_nailgun.tga
0  -5.619225 -36.604240 -6.469630  0.256802 0.142885 0.955843  0.879900 0.959900 1 37 1.000000
0  -5.628692 -36.265644 -6.517681  0.241640 0.142071 0.959909  0.879400 0.970400 1 37 1.000000
0  -6.161107 -36.279655 -6.516779  -0.246739 0.131873 0.960067  0.854500 0.969100 1 37 1.000000
v_nailgun.tga
0  -5.619225 -36.604240 -6.469630  0.256802 0.142885 0.955843  0.879900 0.959900 1 37 1.000000
0  -6.161107 -36.279655 -6.516779  -0.246739 0.131873 0.960067  0.854500 0.969100 1 37 1.000000
0  -6.157639 -36.618427 -6.469127  -0.261565 0.132586 0.956036  0.850100 0.957700 1 37 1.000000
v_nailgun.tga
0  -5.660220 -36.608776 -6.568670  0.924091 -0.028274 -0.381124  0.886400 0.959600 1 37 1.000000
0  -5.669188 -36.270130 -6.615622  0.924208 -0.028324 -0.380838  0.884500 0.961300 1 37 1.000000
0  -5.628692 -36.265644 -6.517681  0.924181 -0.028313 -0.380903  0.879400 0.970400 1 37 1.000000
v_nailgun.tga
0  -5.660220 -36.608776 -6.568670  0.924091 -0.028274 -0.381124  0.886400 0.959600 1 37 1.000000
0  -5.628692 -36.265644 -6.517681  0.924181 -0.028313 -0.380903  0.879400 0.970400 1 37 1.000000
0  -5.619225 -36.604240 -6.469630  0.924065 -0.028263 -0.381189  0.879900 0.959900 1 37 1.000000
v_nailgun.tga
0  -5.638515 -35.924843 -6.565410  0.387352 0.138797 0.911424  0.881000 0.992300 1 37 1.000000
0  -5.628692 -36.265644 -6.517681  0.241640 0.142071 0.959909  0.879400 0.970400 1 37 1.000000
0  -5.252077 -36.268951 -6.894651  0.913605 0.088186 0.396924  0.903200 0.970400 1 37 1.000000
v_nailgun.tga
0  -5.638515 -35.924843 -6.565410  0.387352 0.138797 0.911424  0.881000 0.992300 1 37 1.000000
0  -5.252077 -36.268951 -6.894651  0.913605 0.088186 0.396924  0.903200 0.970400 1 37 1.000000
0  -5.266006 -35.928017 -6.938286  0.928670 0.084172 0.361231  0.906000 0.989900 1 37 1.000000
v_nailgun.tga
0  -5.638515 -35.924843 -6.565410  0.387352 0.138797 0.911424  0.881000 0.992300 1 37 1.000000
0  -6.165136 -35.938602 -6.564511  -0.388950 0.123179 0.912987  0.852800 0.997200 1 37 1.000000
0  -6.161107 -36.279655 -6.516779  -0.246739 0.131873 0.960067  0.854500 0.969100 1 37 1.000000
v_nailgun.tga
0  -5.638515 -35.924843 -6.565410  0.387352 0.138797 0.911424  0.881000 0.992300 1 37 1.000000
0  -6.161107 -36.279655 -6.516779  -0.246739 0.131873 0.960067  0.854500 0.969100 1 37 1.000000
0  -5.628692 -36.265644 -6.517681  0.241640 0.142071 0.959909  0.879400 0.970400 1 37 1.000000
v_nailgun.tga
0  -5.252077 -36.268951 -6.894651  0.913605 0.088186 0.396924  0.903200 0.970400 1 37 1.000000
0  -5.251888 -36.287540 -7.426927  0.999159 0.040993 -0.001076  0.916900 0.969100 1 37 1.000000
0  -5.265924 -35.946404 -7.464765  0.999164 0.040870 -0.001145  0.919600 0.980800 1 37 1.000000
v_nailgun.tga
0  -5.252077 -36.268951 -6.894651  0.913605 0.088186 0.396924  0.903200 0.970400 1 37 1.000000
0  -5.265924 -35.946404 -7.464765  0.999164 0.040870 -0.001145  0.919600 0.980800 1 37 1.000000
0  -5.266006 -35.928017 -6.938286  0.928670 0.084172 0.361231  0.906000 0.989900 1 37 1.000000
v_nailgun.tga
0  -5.266006 -35.928017 -6.938286  -0.026931 0.999003 -0.035592  0.906000 0.989900 1 37 1.000000
0  -5.362933 -35.932049 -6.978258  -0.027065 0.999015 -0.035163  0.907100 0.999900 1 37 1.000000
0  -5.678613 -35.929276 -6.662251  -0.026855 0.999030 -0.034897  0.879300 1.007400 1 37 1.000000
v_nailgun.tga
0  -5.266006 -35.928017 -6.938286  -0.026931 0.999003 -0.035592  0.906000 0.989900 1 37 1.000000
0  -5.678613 -35.929276 -6.662251  -0.026855 0.999030 -0.034897  0.879300 1.007400 1 37 1.000000
0  -5.638515 -35.924843 -6.565410  -0.026253 0.999047 -0.034856  0.881000 0.992300 1 37 1.000000
v_nailgun.tga
0  -5.266006 -35.928017 -6.938286  -0.026931 0.999003 -0.035592  0.906000 0.989900 1 37 1.000000
0  -5.265924 -35.946404 -7.464765  -0.026236 0.999043 -0.035001  0.919600 0.980800 1 37 1.000000
0  -5.362827 -35.947536 -7.424490  -0.026283 0.999042 -0.035001  0.924200 0.987500 1 37 1.000000
v_nailgun.tga
0  -5.266006 -35.928017 -6.938286  -0.026931 0.999003 -0.035592  0.906000 0.989900 1 37 1.000000
0  -5.362827 -35.947536 -7.424490  -0.026283 0.999042 -0.035001  0.924200 0.987500 1 37 1.000000
0  -5.362933 -35.932049 -6.978258  -0.027065 0.999015 -0.035163  0.907100 0.999900 1 37 1.000000
v_nailgun.tga
0  -5.669188 -36.270130 -6.615622  -0.241826 -0.138590 -0.960371  0.816700 0.213800 1 37 1.000000
0  -5.678613 -35.929276 -6.662251  -0.387029 -0.135435 -0.912067  0.815600 0.223200 1 37 1.000000
0  -5.362933 -35.932049 -6.978258  -0.703250 -0.115424 -0.701510  0.803800 0.223200 1 37 1.000000
v_nailgun.tga
0  -5.669188 -36.270130 -6.615622  -0.241826 -0.138590 -0.960371  0.816700 0.213800 1 37 1.000000
0  -5.362933 -35.932049 -6.978258  -0.703250 -0.115424 -0.701510  0.803800 0.223200 1 37 1.000000
0  -5.350005 -36.272934 -6.935127  -0.703245 -0.115434 -0.701514  0.803800 0.213800 1 37 1.000000
v_nailgun.tga
0  -5.669188 -36.270130 -6.615622  -0.241826 -0.138590 -0.960371  0.816700 0.213800 1 37 1.000000
0  -6.120431 -36.282013 -6.614819  0.246573 -0.128477 -0.960570  0.829300 0.213800 1 37 1.000000
0  -6.124961 -35.940941 -6.661551  0.388947 -0.119934 -0.913420  0.828200 0.223200 1 37 1.000000
v_nailgun.tga
0  -5.669188 -36.270130 -6.615622  -0.241826 -0.138590 -0.960371  0.816700 0.213800 1 37 1.000000
0  -6.124961 -35.940941 -6.661551  0.388947 -0.119934 -0.913420  0.828200 0.223200 1 37 1.000000
0  -5.678613 -35.929276 -6.662251  -0.387029 -0.135435 -0.912067  0.815600 0.223200 1 37 1.000000
v_nailgun.tga
0  -5.362933 -35.932049 -6.978258  -0.999291 -0.037623 0.001197  0.803800 0.223200 1 37 1.000000
0  -5.362827 -35.947536 -7.424490  -0.999297 -0.037469 0.001062  0.797200 0.223200 1 37 1.000000
0  -5.349993 -36.288692 -7.386252  -0.999293 -0.037578 0.001157  0.796300 0.213800 1 37 1.000000
v_nailgun.tga
0  -5.362933 -35.932049 -6.978258  -0.999291 -0.037623 0.001197  0.803800 0.223200 1 37 1.000000
0  -5.349993 -36.288692 -7.386252  -0.999293 -0.037578 0.001157  0.796300 0.213800 1 37 1.000000
0  -5.350005 -36.272934 -6.935127  -0.999287 -0.037731 0.001291  0.803800 0.213800 1 37 1.000000
v_nailgun.tga
0  -5.678613 -35.929276 -6.662251  -0.026855 0.999030 -0.034897  0.879300 1.007400 1 37 1.000000
0  -6.124961 -35.940941 -6.661551  -0.026163 0.999049 -0.034883  0.846200 1.005000 1 37 1.000000
0  -6.165136 -35.938602 -6.564511  -0.026163 0.999049 -0.034878  0.852800 0.997200 1 37 1.000000
v_nailgun.tga
0  -5.678613 -35.929276 -6.662251  -0.026855 0.999030 -0.034897  0.879300 1.007400 1 37 1.000000
0  -6.165136 -35.938602 -6.564511  -0.026163 0.999049 -0.034878  0.852800 0.997200 1 37 1.000000
0  -5.638515 -35.924843 -6.565410  -0.026253 0.999047 -0.034856  0.881000 0.992300 1 37 1.000000
v_nailgun.tga
0  -5.251888 -36.287540 -7.426927  0.707175 -0.049062 -0.705335  0.916900 0.969100 1 37 1.000000
0  -5.628317 -36.310532 -7.802798  0.707236 -0.048923 -0.705283  0.928000 0.971200 1 37 1.000000
0  -5.638254 -35.969242 -7.836436  0.707200 -0.049004 -0.705313  0.932800 0.981600 1 37 1.000000
v_nailgun.tga
0  -5.251888 -36.287540 -7.426927  0.707175 -0.049062 -0.705335  0.916900 0.969100 1 37 1.000000
0  -5.638254 -35.969242 -7.836436  0.707200 -0.049004 -0.705313  0.932800 0.981600 1 37 1.000000
0  -5.265924 -35.946404 -7.464765  0.707138 -0.049144 -0.705365  0.919600 0.980800 1 37 1.000000
v_nailgun.tga
0  -5.265924 -35.946404 -7.464765  -0.026236 0.999043 -0.035001  0.919600 0.980800 1 37 1.000000
0  -5.638254 -35.969242 -7.836436  -0.026258 0.999045 -0.034910  0.932800 0.981600 1 37 1.000000
0  -5.678429 -35.966908 -7.739495  -0.026253 0.999046 -0.034911  0.932000 0.976300 1 37 1.000000
v_nailgun.tga
0  -5.265924 -35.946404 -7.464765  -0.026236 0.999043 -0.035001  0.919600 0.980800 1 37 1.000000
0  -5.678429 -35.966908 -7.739495  -0.026253 0.999046 -0.034911  0.932000 0.976300 1 37 1.000000
0  -5.362827 -35.947536 -7.424490  -0.026283 0.999042 -0.035001  0.924200 0.987500 1 37 1.000000
v_nailgun.tga
0  -5.362827 -35.947536 -7.424490  -0.707140 0.052345 0.705133  0.797200 0.223200 1 37 1.000000
0  -5.678429 -35.966908 -7.739495  -0.377131 0.083450 0.922393  0.795500 0.223200 1 37 1.000000
0  -5.668992 -36.308170 -7.704758  -0.258723 0.091124 0.961644  0.794400 0.213800 1 37 1.000000
v_nailgun.tga
0  -5.362827 -35.947536 -7.424490  -0.707140 0.052345 0.705133  0.797200 0.223200 1 37 1.000000
0  -5.668992 -36.308170 -7.704758  -0.258723 0.091124 0.961644  0.794400 0.213800 1 37 1.000000
0  -5.349993 -36.288692 -7.386252  -0.707187 0.052427 0.705080  0.796300 0.213800 1 37 1.000000
v_nailgun.tga
0  -5.638254 -35.969242 -7.836436  -0.026258 0.999045 -0.034910  0.795500 0.969900 1 37 1.000000
0  -6.164873 -35.983002 -7.835636  -0.026156 0.999048 -0.034904  0.799800 0.977800 1 37 1.000000
0  -6.124776 -35.978569 -7.738795  -0.026157 0.999048 -0.034906  0.808000 0.974200 1 37 1.000000
v_nailgun.tga
0  -5.638254 -35.969242 -7.836436  -0.026258 0.999045 -0.034910  0.795500 0.969900 1 37 1.000000
0  -6.124776 -35.978569 -7.738795  -0.026157 0.999048 -0.034906  0.808000 0.974200 1 37 1.000000
0  -5.678429 -35.966908 -7.739495  -0.026253 0.999046 -0.034911  0.796800 0.972600 1 37 1.000000
v_nailgun.tga
0  -5.678429 -35.966908 -7.739495  -0.377131 0.083450 0.922393  0.795500 0.223200 1 37 1.000000
0  -6.124776 -35.978569 -7.738795  0.372654 0.098862 0.922689  0.795100 0.223200 1 37 1.000000
0  -6.120235 -36.320065 -7.704055  0.257412 0.101376 0.960969  0.792000 0.213800 1 37 1.000000
v_nailgun.tga
0  -5.678429 -35.966908 -7.739495  -0.377131 0.083450 0.922393  0.795500 0.223200 1 37 1.000000
0  -6.120235 -36.320065 -7.704055  0.257412 0.101376 0.960969  0.792000 0.213800 1 37 1.000000
0  -5.668992 -36.308170 -7.704758  -0.258723 0.091124 0.961644  0.794400 0.213800 1 37 1.000000
v_nailgun.tga
0  -6.160832 -36.324543 -7.801895  -0.705666 -0.077990 -0.704240  0.800800 0.971700 1 37 1.000000
0  -6.537348 -36.321232 -7.424925  -0.705717 -0.078106 -0.704175  0.811200 0.971900 1 37 1.000000
0  -6.537387 -35.979729 -7.462763  -0.705688 -0.078040 -0.704212  0.810900 0.987300 1 37 1.000000
v_nailgun.tga
0  -6.160832 -36.324543 -7.801895  -0.705666 -0.077990 -0.704240  0.800800 0.971700 1 37 1.000000
0  -6.537387 -35.979729 -7.462763  -0.705688 -0.078040 -0.704212  0.810900 0.987300 1 37 1.000000
0  -6.164873 -35.983002 -7.835636  -0.705636 -0.077924 -0.704276  0.799800 0.977800 1 37 1.000000
v_nailgun.tga
0  -6.164873 -35.983002 -7.835636  -0.026156 0.999048 -0.034904  0.799800 0.977800 1 37 1.000000
0  -6.537387 -35.979729 -7.462763  -0.026146 0.999049 -0.034890  0.810900 0.987300 1 37 1.000000
0  -6.440457 -35.975796 -7.422787  -0.026146 0.999049 -0.034892  0.810500 0.980600 1 37 1.000000
v_nailgun.tga
0  -6.164873 -35.983002 -7.835636  -0.026156 0.999048 -0.034904  0.799800 0.977800 1 37 1.000000
0  -6.440457 -35.975796 -7.422787  -0.026146 0.999049 -0.034892  0.810500 0.980600 1 37 1.000000
0  -6.124776 -35.978569 -7.738795  -0.026157 0.999048 -0.034906  0.808000 0.974200 1 37 1.000000
v_nailgun.tga
0  -6.124776 -35.978569 -7.738795  0.372654 0.098862 0.922689  0.795100 0.223200 1 37 1.000000
0  -6.440457 -35.975796 -7.422787  0.705489 0.081193 0.704055  0.792100 0.223200 1 37 1.000000
0  -6.439418 -36.317257 -7.384450  0.705536 0.081111 0.704017  0.791200 0.213800 1 37 1.000000
v_nailgun.tga
0  -6.124776 -35.978569 -7.738795  0.372654 0.098862 0.922689  0.795100 0.223200 1 37 1.000000
0  -6.439418 -36.317257 -7.384450  0.705536 0.081111 0.704017  0.791200 0.213800 1 37 1.000000
0  -6.120235 -36.320065 -7.704055  0.257412 0.101376 0.960969  0.792000 0.213800 1 37 1.000000
v_nailgun.tga
0  -6.537348 -36.321232 -7.424925  -1.000000 -0.000027 -0.000226  0.811200 0.971900 1 37 1.000000
0  -6.537536 -36.302643 -6.892650  -1.000000 0.000155 -0.000359  0.828300 0.971700 1 37 1.000000
0  -6.537468 -35.961342 -6.936284  -1.000000 0.000052 -0.000284  0.827500 0.994000 1 37 1.000000
v_nailgun.tga
0  -6.537348 -36.321232 -7.424925  -1.000000 -0.000027 -0.000226  0.811200 0.971900 1 37 1.000000
0  -6.537468 -35.961342 -6.936284  -1.000000 0.000052 -0.000284  0.827500 0.994000 1 37 1.000000
0  -6.537387 -35.979729 -7.462763  -1.000000 -0.000132 -0.000149  0.810900 0.987300 1 37 1.000000
v_nailgun.tga
0  -6.537387 -35.979729 -7.462763  -0.026146 0.999049 -0.034890  0.810900 0.987300 1 37 1.000000
0  -6.537468 -35.961342 -6.936284  -0.026150 0.999049 -0.034897  0.827500 0.994000 1 37 1.000000
0  -6.440566 -35.960213 -6.976560  -0.026149 0.999049 -0.034901  0.822400 0.993500 1 37 1.000000
v_nailgun.tga
0  -6.537387 -35.979729 -7.462763  -0.026146 0.999049 -0.034890  0.810900 0.987300 1 37 1.000000
0  -6.440566 -35.960213 -6.976560  -0.026149 0.999049 -0.034901  0.822400 0.993500 1 37 1.000000
0  -6.440457 -35.975796 -7.422787  -0.026146 0.999049 -0.034892  0.810500 0.980600 1 37 1.000000
v_nailgun.tga
0  -6.440457 -35.975796 -7.422787  0.999995 0.003056 0.000141  0.792100 0.223200 1 37 1.000000
0  -6.440566 -35.960213 -6.976560  0.999995 0.003053 0.000138  0.786000 0.223200 1 37 1.000000
0  -6.439531 -36.301498 -6.933325  0.999995 0.003055 0.000140  0.786000 0.213800 1 37 1.000000
v_nailgun.tga
0  -6.440457 -35.975796 -7.422787  0.999995 0.003056 0.000141  0.792100 0.223200 1 37 1.000000
0  -6.439531 -36.301498 -6.933325  0.999995 0.003055 0.000140  0.786000 0.213800 1 37 1.000000
0  -6.439418 -36.317257 -7.384450  0.999995 0.003059 0.000144  0.791200 0.213800 1 37 1.000000
v_nailgun.tga
0  -6.537536 -36.302643 -6.892650  -0.706463 0.089896 0.702017  0.828300 0.971700 1 37 1.000000
0  -6.161107 -36.279655 -6.516779  -0.246739 0.131873 0.960067  0.854500 0.969100 1 37 1.000000
0  -6.165136 -35.938602 -6.564511  -0.388950 0.123179 0.912987  0.852800 0.997200 1 37 1.000000
v_nailgun.tga
0  -6.537536 -36.302643 -6.892650  -0.706463 0.089896 0.702017  0.828300 0.971700 1 37 1.000000
0  -6.165136 -35.938602 -6.564511  -0.388950 0.123179 0.912987  0.852800 0.997200 1 37 1.000000
0  -6.537468 -35.961342 -6.936284  -0.706465 0.089892 0.702016  0.827500 0.994000 1 37 1.000000
v_nailgun.tga
0  -6.537468 -35.961342 -6.936284  -0.026150 0.999049 -0.034897  0.827500 0.994000 1 37 1.000000
0  -6.165136 -35.938602 -6.564511  -0.026163 0.999049 -0.034878  0.852800 0.997200 1 37 1.000000
0  -6.124961 -35.940941 -6.661551  -0.026163 0.999049 -0.034883  0.846200 1.005000 1 37 1.000000
v_nailgun.tga
0  -6.537468 -35.961342 -6.936284  -0.026150 0.999049 -0.034897  0.827500 0.994000 1 37 1.000000
0  -6.124961 -35.940941 -6.661551  -0.026163 0.999049 -0.034883  0.846200 1.005000 1 37 1.000000
0  -6.440566 -35.960213 -6.976560  -0.026149 0.999049 -0.034901  0.822400 0.993500 1 37 1.000000
v_nailgun.tga
0  -6.440566 -35.960213 -6.976560  0.706424 -0.086851 -0.702440  0.839800 0.223200 1 37 1.000000
0  -6.124961 -35.940941 -6.661551  0.388947 -0.119934 -0.913420  0.828200 0.223200 1 37 1.000000
0  -6.120431 -36.282013 -6.614819  0.246573 -0.128477 -0.960570  0.829300 0.213800 1 37 1.000000
v_nailgun.tga
0  -6.440566 -35.960213 -6.976560  0.706424 -0.086851 -0.702440  0.839800 0.223200 1 37 1.000000
0  -6.120431 -36.282013 -6.614819  0.246573 -0.128477 -0.960570  0.829300 0.213800 1 37 1.000000
0  -6.439531 -36.301498 -6.933325  0.706428 -0.086842 -0.702437  0.839800 0.213800 1 37 1.000000
v_nailgun.tga
0  -6.961883 -40.894306 -9.496824  -0.805369 0.075305 0.587970  0.864800 0.656500 1 37 1.000000
0  -6.912579 -38.101284 -9.787003  -0.812264 0.074449 0.578519  0.864600 0.769600 1 37 1.000000
0  -7.162888 -38.134815 -10.559232  -0.950767 0.048583 0.306073  0.847700 0.769500 1 37 1.000000
v_nailgun.tga
0  -6.961883 -40.894306 -9.496824  -0.805369 0.075305 0.587970  0.864800 0.656500 1 37 1.000000
0  -7.162888 -38.134815 -10.559232  -0.950767 0.048583 0.306073  0.847700 0.769500 1 37 1.000000
0  -7.236015 -40.931026 -10.342508  -0.950764 0.048588 0.306084  0.848200 0.656600 1 37 1.000000
v_nailgun.tga
0  -6.242607 -40.857227 -8.974643  -0.309115 0.112128 0.944391  0.881400 0.656200 1 37 1.000000
0  -6.255740 -38.067425 -9.310194  -0.311299 0.112032 0.943685  0.881500 0.769600 1 37 1.000000
0  -6.912579 -38.101284 -9.787003  -0.812264 0.074449 0.578519  0.864600 0.769600 1 37 1.000000
v_nailgun.tga
0  -6.242607 -40.857227 -8.974643  -0.309115 0.112128 0.944391  0.881400 0.656200 1 37 1.000000
0  -6.912579 -38.101284 -9.787003  -0.812264 0.074449 0.578519  0.864600 0.769600 1 37 1.000000
0  -6.961883 -40.894306 -9.496824  -0.805369 0.075305 0.587970  0.864800 0.656500 1 37 1.000000
v_nailgun.tga
0  -5.352911 -40.833961 -8.975442  0.301843 0.123541 0.945319  0.898000 0.655700 1 37 1.000000
0  -5.443320 -38.046074 -9.310896  0.309412 0.123483 0.942876  0.898500 0.769600 1 37 1.000000
0  -6.255740 -38.067425 -9.310194  -0.311299 0.112032 0.943685  0.881500 0.769600 1 37 1.000000
v_nailgun.tga
0  -5.352911 -40.833961 -8.975442  0.301843 0.123541 0.945319  0.898000 0.655700 1 37 1.000000
0  -6.255740 -38.067425 -9.310194  -0.311299 0.112032 0.943685  0.881500 0.769600 1 37 1.000000
0  -6.242607 -40.857227 -8.974643  -0.309115 0.112128 0.944391  0.881400 0.656200 1 37 1.000000
v_nailgun.tga
0  -4.632682 -40.833282 -9.498925  0.800670 0.105274 0.589784  0.914700 0.656400 1 37 1.000000
0  -4.785609 -38.045555 -9.788905  0.809679 0.104507 0.577492  0.915400 0.769500 1 37 1.000000
0  -5.443320 -38.046074 -9.310896  0.309412 0.123483 0.942876  0.898500 0.769600 1 37 1.000000
v_nailgun.tga
0  -4.632682 -40.833282 -9.498925  0.800670 0.105274 0.589784  0.914700 0.656400 1 37 1.000000
0  -5.443320 -38.046074 -9.310896  0.309412 0.123483 0.942876  0.898500 0.769600 1 37 1.000000
0  -5.352911 -40.833961 -8.975442  0.301843 0.123541 0.945319  0.898000 0.655700 1 37 1.000000
v_nailgun.tga
0  -4.356903 -40.855621 -10.345110  0.997938 0.063825 0.006833  0.931100 0.656800 1 37 1.000000
0  -4.533889 -38.065956 -10.561634  0.997994 0.062543 -0.009820  0.932300 0.769500 1 37 1.000000
0  -4.785609 -38.045555 -9.788905  0.809679 0.104507 0.577492  0.915400 0.769500 1 37 1.000000
v_nailgun.tga
0  -4.356903 -40.855621 -10.345110  0.997938 0.063825 0.006833  0.931100 0.656800 1 37 1.000000
0  -4.785609 -38.045555 -9.788905  0.809679 0.104507 0.577492  0.915400 0.769500 1 37 1.000000
0  -4.632682 -40.833282 -9.498925  0.800670 0.105274 0.589784  0.914700 0.656400 1 37 1.000000
v_nailgun.tga
0  -4.631134 -40.892349 -11.190794  0.812019 0.014646 -0.583447  0.947500 0.657100 1 37 1.000000
0  -4.784197 -38.099487 -11.333762  0.805179 0.013772 -0.592871  0.949000 0.769400 1 37 1.000000
0  -4.533889 -38.065956 -10.561634  0.997994 0.062543 -0.009820  0.932300 0.769500 1 37 1.000000
v_nailgun.tga
0  -4.631134 -40.892349 -11.190794  0.812019 0.014646 -0.583447  0.947500 0.657100 1 37 1.000000
0  -4.533889 -38.065956 -10.561634  0.997994 0.062543 -0.009820  0.932300 0.769500 1 37 1.000000
0  -4.356903 -40.855621 -10.345110  0.997938 0.063825 0.006833  0.931100 0.656800 1 37 1.000000
v_nailgun.tga
0  -5.350408 -40.929527 -11.712873  0.587708 -0.009208 -0.809021  0.964100 0.657000 1 37 1.000000
0  -5.441034 -38.133343 -11.810572  0.587741 -0.009217 -0.808997  0.965800 0.769300 1 37 1.000000
0  -4.784197 -38.099487 -11.333762  0.805179 0.013772 -0.592871  0.949000 0.769400 1 37 1.000000
v_nailgun.tga
0  -5.350408 -40.929527 -11.712873  0.587708 -0.009208 -0.809021  0.964100 0.657000 1 37 1.000000
0  -4.784197 -38.099487 -11.333762  0.805179 0.013772 -0.592871  0.949000 0.769400 1 37 1.000000
0  -4.631134 -40.892349 -11.190794  0.812019 0.014646 -0.583447  0.947500 0.657100 1 37 1.000000
v_nailgun.tga
0  -7.147861 -36.007851 -10.629470  -0.135317 0.990802 0.000832  0.845600 0.861500 1 37 1.000000
0  -7.249331 -36.021709 -10.629179  -0.135323 0.990801 0.000832  0.845600 0.859400 1 37 1.000000
0  -6.995634 -35.987728 -9.846656  -0.114522 0.992980 0.029601  0.863100 0.859300 1 37 1.000000
v_nailgun.tga
0  -7.147861 -36.007851 -10.629470  -0.135317 0.990802 0.000832  0.845600 0.861500 1 37 1.000000
0  -6.995634 -35.987728 -9.846656  -0.114522 0.992980 0.029601  0.863100 0.859300 1 37 1.000000
0  -6.913502 -35.976467 -9.906711  -0.114475 0.992983 0.029664  0.863100 0.861500 1 37 1.000000
v_nailgun.tga
0  -6.913502 -35.976467 -9.906711  -0.114475 0.992983 0.029664  0.863100 0.861500 1 37 1.000000
0  -6.995634 -35.987728 -9.846656  -0.114522 0.992980 0.029601  0.863100 0.859300 1 37 1.000000
0  -6.330104 -35.953426 -9.363550  -0.047501 0.995053 0.087255  0.880400 0.859300 1 37 1.000000
v_nailgun.tga
0  -6.913502 -35.976467 -9.906711  -0.114475 0.992983 0.029664  0.863100 0.861500 1 37 1.000000
0  -6.330104 -35.953426 -9.363550  -0.047501 0.995053 0.087255  0.880400 0.859300 1 37 1.000000
0  -6.298819 -35.944778 -9.460482  -0.059892 0.995783 0.069488  0.880600 0.861400 1 37 1.000000
v_nailgun.tga
0  -6.298819 -35.944778 -9.460482  -0.059892 0.995783 0.069488  0.880600 0.861400 1 37 1.000000
0  -6.330104 -35.953426 -9.363550  -0.047501 0.995053 0.087255  0.880400 0.859300 1 37 1.000000
0  -5.506888 -35.931793 -9.364252  -0.004790 0.996225 0.086680  0.898100 0.859200 1 37 1.000000
v_nailgun.tga
0  -6.298819 -35.944778 -9.460482  -0.059892 0.995783 0.069488  0.880600 0.861400 1 37 1.000000
0  -5.506888 -35.931793 -9.364252  -0.004790 0.996225 0.086680  0.898100 0.859200 1 37 1.000000
0  -5.538480 -35.924892 -9.461180  0.007561 0.997622 0.068507  0.898100 0.861400 1 37 1.000000
v_nailgun.tga
0  -5.538480 -35.924892 -9.461180  0.007561 0.997622 0.068507  0.898100 0.861400 1 37 1.000000
0  -5.506888 -35.931793 -9.364252  -0.004790 0.996225 0.086680  0.898100 0.859200 1 37 1.000000
0  -4.840374 -35.931259 -9.848658  0.061846 0.997661 0.029103  0.915600 0.859300 1 37 1.000000
v_nailgun.tga
0  -5.538480 -35.924892 -9.461180  0.007561 0.997622 0.068507  0.898100 0.861400 1 37 1.000000
0  -4.840374 -35.931259 -9.848658  0.061846 0.997661 0.029103  0.915600 0.859300 1 37 1.000000
0  -4.922881 -35.924400 -9.908508  0.061824 0.997660 0.029200  0.915600 0.861400 1 37 1.000000
v_nailgun.tga
0  -4.922881 -35.924400 -9.908508  0.061824 0.997660 0.029200  0.915600 0.861400 1 37 1.000000
0  -4.840374 -35.931259 -9.848658  0.061846 0.997661 0.029103  0.915600 0.859300 1 37 1.000000
0  -4.585345 -35.951935 -10.631579  0.083373 0.995913 -0.034720  0.933100 0.859400 1 37 1.000000
v_nailgun.tga
0  -4.922881 -35.924400 -9.908508  0.061824 0.997660 0.029200  0.915600 0.861400 1 37 1.000000
0  -4.585345 -35.951935 -10.631579  0.083373 0.995913 -0.034720  0.933100 0.859400 1 37 1.000000
0  -4.687304 -35.943398 -10.631671  0.083419 0.995915 -0.034562  0.933100 0.861500 1 37 1.000000
v_nailgun.tga
0  -4.687304 -35.943398 -10.631671  0.083419 0.995915 -0.034562  0.933100 0.861500 1 37 1.000000
0  -4.585345 -35.951935 -10.631579  0.083373 0.995913 -0.034720  0.933100 0.859400 1 37 1.000000
0  -4.838943 -35.985909 -11.414103  0.062331 0.993142 -0.098912  0.950600 0.859400 1 37 1.000000
v_nailgun.tga
0  -4.687304 -35.943398 -10.631671  0.083419 0.995915 -0.034562  0.933100 0.861500 1 37 1.000000
0  -4.838943 -35.985909 -11.414103  0.062331 0.993142 -0.098912  0.950600 0.859400 1 37 1.000000
0  -4.921561 -35.974781 -11.354430  0.062365 0.993151 -0.098806  0.950600 0.861600 1 37 1.000000
v_nailgun.tga
0  -4.921561 -35.974781 -11.354430  0.062365 0.993151 -0.098806  0.950600 0.861600 1 37 1.000000
0  -4.838943 -35.985909 -11.414103  0.062331 0.993142 -0.098912  0.950600 0.859400 1 37 1.000000
0  -5.504572 -36.020222 -11.897208  0.040835 0.991086 -0.126809  0.968100 0.859300 1 37 1.000000
v_nailgun.tga
0  -4.921561 -35.974781 -11.354430  0.062365 0.993151 -0.098806  0.950600 0.861600 1 37 1.000000
0  -5.504572 -36.020222 -11.897208  0.040835 0.991086 -0.126809  0.968100 0.859300 1 37 1.000000
0  -5.536341 -36.006565 -11.800655  0.040772 0.991098 -0.126738  0.968100 0.861500 1 37 1.000000
v_nailgun.tga
0  -7.249331 -36.021709 -10.629179  -0.951335 0.017744 0.307646  0.845600 0.859400 1 37 1.000000
0  -7.267387 -37.253723 -10.614001  -0.951341 0.017733 0.307630  0.846000 0.814100 1 37 1.000000
0  -7.005614 -37.218658 -9.806494  -0.812008 0.025602 0.583085  0.863100 0.814600 1 37 1.000000
v_nailgun.tga
0  -7.249331 -36.021709 -10.629179  -0.951335 0.017744 0.307646  0.845600 0.859400 1 37 1.000000
0  -7.005614 -37.218658 -9.806494  -0.812008 0.025602 0.583085  0.863100 0.814600 1 37 1.000000
0  -6.995634 -35.987728 -9.846656  -0.806912 0.025806 0.590108  0.863100 0.859300 1 37 1.000000
v_nailgun.tga
0  -6.995634 -35.987728 -9.846656  -0.806912 0.025806 0.590108  0.863100 0.859300 1 37 1.000000
0  -7.005614 -37.218658 -9.806494  -0.812008 0.025602 0.583085  0.863100 0.814600 1 37 1.000000
0  -6.318807 -37.183254 -9.307898  -0.588230 0.031146 0.808093  0.880300 0.814900 1 37 1.000000
v_nailgun.tga
0  -6.995634 -35.987728 -9.846656  -0.806912 0.025806 0.590108  0.863100 0.859300 1 37 1.000000
0  -6.318807 -37.183254 -9.307898  -0.588230 0.031146 0.808093  0.880300 0.814900 1 37 1.000000
0  -6.330104 -35.953426 -9.363550  -0.588207 0.031166 0.808109  0.880400 0.859300 1 37 1.000000
v_nailgun.tga
0  -6.330104 -35.953426 -9.363550  -0.047501 0.995053 0.087255  0.632100 0.985700 1 37 1.000000
0  -6.147377 -36.135441 -7.788372  -0.025862 0.992710 0.117719  0.645100 0.959900 1 37 1.000000
0  -5.674339 -36.123070 -7.788773  -0.025899 0.992708 0.117730  0.652500 0.963200 1 37 1.000000
v_nailgun.tga
0  -6.330104 -35.953426 -9.363550  -0.047501 0.995053 0.087255  0.632100 0.985700 1 37 1.000000
0  -5.674339 -36.123070 -7.788773  -0.025899 0.992708 0.117730  0.652500 0.963200 1 37 1.000000
0  -5.506888 -35.931793 -9.364252  -0.004790 0.996225 0.086680  0.642400 0.990100 1 37 1.000000
v_nailgun.tga
0  -5.506888 -35.931793 -9.364252  0.587041 0.054060 0.807750  0.898100 0.859200 1 37 1.000000
0  -5.469197 -37.161034 -9.308597  0.587061 0.054570 0.807701  0.898300 0.815000 1 37 1.000000
0  -4.781478 -37.160389 -9.808496  0.809554 0.057895 0.584183  0.915500 0.814600 1 37 1.000000
v_nailgun.tga
0  -5.506888 -35.931793 -9.364252  0.587041 0.054060 0.807750  0.898100 0.859200 1 37 1.000000
0  -4.781478 -37.160389 -9.808496  0.809554 0.057895 0.584183  0.915500 0.814600 1 37 1.000000
0  -4.840374 -35.931259 -9.848658  0.806197 0.057881 0.588810  0.915600 0.859300 1 37 1.000000
v_nailgun.tga
0  -5.506888 -35.931793 -9.364252  0.993345 0.036154 0.109357  0.642400 0.990100 1 37 1.000000
0  -5.674339 -36.123070 -7.788773  0.993162 0.038453 0.110228  0.652500 0.963200 1 37 1.000000
0  -5.655064 -36.820992 -7.718962  0.993439 0.035567 0.108687  0.673200 0.967800 1 37 1.000000
v_nailgun.tga
0  -5.506888 -35.931793 -9.364252  0.993345 0.036154 0.109357  0.642400 0.990100 1 37 1.000000
0  -5.655064 -36.820992 -7.718962  0.993439 0.035567 0.108687  0.673200 0.967800 1 37 1.000000
0  -5.469197 -37.161034 -9.308597  0.993457 0.035378 0.108592  0.670900 0.996500 1 37 1.000000
v_nailgun.tga
0  -4.840374 -35.931259 -9.848658  0.806197 0.057881 0.588810  0.915600 0.859300 1 37 1.000000
0  -4.781478 -37.160389 -9.808496  0.809554 0.057895 0.584183  0.915500 0.814600 1 37 1.000000
0  -4.518229 -37.181721 -10.616502  0.998503 0.054414 -0.005503  0.932600 0.814300 1 37 1.000000
v_nailgun.tga
0  -4.840374 -35.931259 -9.848658  0.806197 0.057881 0.588810  0.915600 0.859300 1 37 1.000000
0  -4.518229 -37.181721 -10.616502  0.998503 0.054414 -0.005503  0.932600 0.814300 1 37 1.000000
0  -4.585345 -35.951935 -10.631579  0.998507 0.054516 0.003404  0.933100 0.859400 1 37 1.000000
v_nailgun.tga
0  -4.585345 -35.951935 -10.631579  0.998507 0.054516 0.003404  0.933100 0.859400 1 37 1.000000
0  -4.518229 -37.181721 -10.616502  0.998503 0.054414 -0.005503  0.932600 0.814300 1 37 1.000000
0  -4.780001 -37.216785 -11.424010  0.804689 0.043318 -0.592114  0.949500 0.813600 1 37 1.000000
v_nailgun.tga
0  -4.585345 -35.951935 -10.631579  0.998507 0.054516 0.003404  0.933100 0.859400 1 37 1.000000
0  -4.780001 -37.216785 -11.424010  0.804689 0.043318 -0.592114  0.949500 0.813600 1 37 1.000000
0  -4.838943 -35.985909 -11.414103  0.809790 0.043496 -0.585106  0.950600 0.859400 1 37 1.000000
v_nailgun.tga
0  -4.838943 -35.985909 -11.414103  0.809790 0.043496 -0.585106  0.950600 0.859400 1 37 1.000000
0  -4.780001 -37.216785 -11.424010  0.804689 0.043318 -0.592114  0.949500 0.813600 1 37 1.000000
0  -5.466907 -37.252293 -11.922603  0.585886 0.034583 -0.809656  0.966600 0.812900 1 37 1.000000
v_nailgun.tga
0  -4.838943 -35.985909 -11.414103  0.809790 0.043496 -0.585106  0.950600 0.859400 1 37 1.000000
0  -5.466907 -37.252293 -11.922603  0.585886 0.034583 -0.809656  0.966600 0.812900 1 37 1.000000
0  -5.504572 -36.020222 -11.897208  0.585864 0.034598 -0.809671  0.968100 0.859300 1 37 1.000000
v_nailgun.tga
0  -6.835595 -36.208721 -10.579346  -0.951323 0.011926 0.307965  0.843600 0.867100 1 37 1.000000
0  -6.851151 -37.937317 -10.560439  -0.951320 0.011930 0.307973  0.847600 0.780300 1 37 1.000000
0  -6.660851 -37.911835 -9.973597  -0.812063 0.019100 0.583257  0.864300 0.780500 1 37 1.000000
v_nailgun.tga
0  -6.835595 -36.208721 -10.579346  -0.951323 0.011926 0.307965  0.843600 0.867100 1 37 1.000000
0  -6.660851 -37.911835 -9.973597  -0.812063 0.019100 0.583257  0.864300 0.780500 1 37 1.000000
0  -6.654766 -36.184502 -10.021685  -0.806740 0.019270 0.590592  0.861500 0.868000 1 37 1.000000
v_nailgun.tga
0  -6.654766 -36.184502 -10.021685  -0.806740 0.019270 0.590592  0.861500 0.868000 1 37 1.000000
0  -6.660851 -37.911835 -9.973597  -0.812063 0.019100 0.583257  0.864300 0.780500 1 37 1.000000
0  -6.161654 -37.886101 -9.611217  -0.311831 0.032971 0.949565  0.881300 0.780600 1 37 1.000000
v_nailgun.tga
0  -6.654766 -36.184502 -10.021685  -0.806740 0.019270 0.590592  0.861500 0.868000 1 37 1.000000
0  -6.161654 -37.886101 -9.611217  -0.311831 0.032971 0.949565  0.881300 0.780600 1 37 1.000000
0  -6.180444 -36.160049 -9.677296  -0.306813 0.033081 0.951195  0.879200 0.869100 1 37 1.000000
v_nailgun.tga
0  -6.180444 -36.160049 -9.677296  -0.306813 0.033081 0.951195  0.879200 0.869100 1 37 1.000000
0  -6.161654 -37.886101 -9.611217  -0.311831 0.032971 0.949565  0.881300 0.780600 1 37 1.000000
0  -5.544166 -37.869953 -9.611716  0.308852 0.045256 0.950033  0.898300 0.780600 1 37 1.000000
v_nailgun.tga
0  -6.180444 -36.160049 -9.677296  -0.306813 0.033081 0.951195  0.879200 0.869100 1 37 1.000000
0  -5.544166 -37.869953 -9.611716  0.308852 0.045256 0.950033  0.898300 0.780600 1 37 1.000000
0  -5.593744 -36.144707 -9.677794  0.308388 0.045263 0.950183  0.898100 0.868800 1 37 1.000000
v_nailgun.tga
0  -5.593744 -36.144707 -9.677794  0.308388 0.045263 0.950183  0.898100 0.868800 1 37 1.000000
0  -5.544166 -37.869953 -9.611716  0.308852 0.045256 0.950033  0.898300 0.780600 1 37 1.000000
0  -5.044308 -37.869453 -9.974998  0.809909 0.051200 0.584316  0.915400 0.780500 1 37 1.000000
v_nailgun.tga
0  -5.593744 -36.144707 -9.677794  0.308388 0.045263 0.950183  0.898100 0.868800 1 37 1.000000
0  -5.044308 -37.869453 -9.974998  0.809909 0.051200 0.584316  0.915400 0.780500 1 37 1.000000
0  -5.118694 -36.144230 -10.023088  0.806339 0.051203 0.589233  0.916100 0.867800 1 37 1.000000
v_nailgun.tga
0  -5.118694 -36.144230 -10.023088  0.806339 0.051203 0.589233  0.916100 0.867800 1 37 1.000000
0  -5.044308 -37.869453 -9.974998  0.809909 0.051200 0.584316  0.915400 0.780500 1 37 1.000000
0  -4.852937 -37.884960 -10.562340  0.998805 0.048542 -0.005629  0.932200 0.780400 1 37 1.000000
v_nailgun.tga
0  -5.118694 -36.144230 -10.023088  0.806339 0.051203 0.589233  0.916100 0.867800 1 37 1.000000
0  -4.852937 -37.884960 -10.562340  0.998805 0.048542 -0.005629  0.932200 0.780400 1 37 1.000000
0  -4.936946 -36.158962 -10.581047  0.998809 0.048624 0.003912  0.933300 0.867200 1 37 1.000000
v_nailgun.tga
0  -4.936946 -36.158962 -10.581047  0.998809 0.048624 0.003912  0.933300 0.867200 1 37 1.000000
0  -4.852937 -37.884960 -10.562340  0.998805 0.048542 -0.005629  0.932200 0.780400 1 37 1.000000
0  -5.043234 -37.910442 -11.149182  0.804828 0.038274 -0.592273  0.948800 0.780200 1 37 1.000000
v_nailgun.tga
0  -4.936946 -36.158962 -10.581047  0.998809 0.048624 0.003912  0.933300 0.867200 1 37 1.000000
0  -5.043234 -37.910442 -11.149182  0.804828 0.038274 -0.592273  0.948800 0.780200 1 37 1.000000
0  -5.117674 -36.183182 -11.138807  0.810238 0.038452 -0.584839  0.950900 0.865600 1 37 1.000000
v_nailgun.tga
0  -5.117674 -36.183182 -11.138807  0.810238 0.038452 -0.584839  0.950900 0.865600 1 37 1.000000
0  -5.043234 -37.910442 -11.149182  0.804828 0.038274 -0.592273  0.948800 0.780200 1 37 1.000000
0  -5.542429 -37.936279 -11.511559  0.586141 0.030135 -0.809648  0.965300 0.780000 1 37 1.000000
v_nailgun.tga
0  -5.117674 -36.183182 -11.138807  0.810238 0.038452 -0.584839  0.950900 0.865600 1 37 1.000000
0  -5.542429 -37.936279 -11.511559  0.586141 0.030135 -0.809648  0.965300 0.780000 1 37 1.000000
0  -5.592093 -36.207729 -11.483093  0.586051 0.030172 -0.809712  0.968500 0.863200 1 37 1.000000
v_nailgun.tga
0  -6.851151 -37.937317 -10.560439  -0.535028 0.844372 -0.027948  0.847600 0.780300 1 37 1.000000
0  -7.162888 -38.134815 -10.559232  -0.535000 0.844279 -0.031123  0.847700 0.769500 1 37 1.000000
0  -6.912579 -38.101284 -9.787003  -0.441174 0.854928 0.272878  0.864600 0.769600 1 37 1.000000
v_nailgun.tga
0  -6.851151 -37.937317 -10.560439  -0.535028 0.844372 -0.027948  0.847600 0.780300 1 37 1.000000
0  -6.912579 -38.101284 -9.787003  -0.441174 0.854928 0.272878  0.864600 0.769600 1 37 1.000000
0  -6.660851 -37.911835 -9.973597  -0.439357 0.855050 0.275418  0.864300 0.780500 1 37 1.000000
v_nailgun.tga
0  -6.660851 -37.911835 -9.973597  -0.439357 0.855050 0.275418  0.864300 0.780500 1 37 1.000000
0  -6.912579 -38.101284 -9.787003  -0.441174 0.854928 0.272878  0.864600 0.769600 1 37 1.000000
0  -6.255740 -38.067425 -9.310194  -0.183833 0.866342 0.464388  0.881500 0.769600 1 37 1.000000
v_nailgun.tga
0  -6.660851 -37.911835 -9.973597  -0.439357 0.855050 0.275418  0.864300 0.780500 1 37 1.000000
0  -6.255740 -38.067425 -9.310194  -0.183833 0.866342 0.464388  0.881500 0.769600 1 37 1.000000
0  -6.161654 -37.886101 -9.611217  -0.182022 0.866413 0.464969  0.881300 0.780600 1 37 1.000000
v_nailgun.tga
0  -6.161654 -37.886101 -9.611217  -0.182022 0.866413 0.464969  0.881300 0.780600 1 37 1.000000
0  -6.255740 -38.067425 -9.310194  -0.183833 0.866342 0.464388  0.881500 0.769600 1 37 1.000000
0  -5.443320 -38.046074 -9.310896  0.138583 0.874196 0.465377  0.898500 0.769600 1 37 1.000000
v_nailgun.tga
0  -6.161654 -37.886101 -9.611217  -0.182022 0.866413 0.464969  0.881300 0.780600 1 37 1.000000
0  -5.443320 -38.046074 -9.310896  0.138583 0.874196 0.465377  0.898500 0.769600 1 37 1.000000
0  -5.544166 -37.869953 -9.611716  0.138440 0.874186 0.465438  0.898300 0.780600 1 37 1.000000
v_nailgun.tga
0  -5.544166 -37.869953 -9.611716  0.138440 0.874186 0.465438  0.898300 0.780600 1 37 1.000000
0  -5.443320 -38.046074 -9.310896  0.138583 0.874196 0.465377  0.898500 0.769600 1 37 1.000000
0  -4.785609 -38.045555 -9.788905  0.398207 0.875235 0.274580  0.915400 0.769500 1 37 1.000000
v_nailgun.tga
0  -5.544166 -37.869953 -9.611716  0.138440 0.874186 0.465438  0.898300 0.780600 1 37 1.000000
0  -4.785609 -38.045555 -9.788905  0.398207 0.875235 0.274580  0.915400 0.769500 1 37 1.000000
0  -5.044308 -37.869453 -9.974998  0.396871 0.875226 0.276536  0.915400 0.780500 1 37 1.000000
v_nailgun.tga
0  -5.044308 -37.869453 -9.974998  0.396871 0.875226 0.276536  0.915400 0.780500 1 37 1.000000
0  -4.785609 -38.045555 -9.788905  0.398207 0.875235 0.274580  0.915400 0.769500 1 37 1.000000
0  -4.533889 -38.065956 -10.561634  0.493232 0.869336 -0.031252  0.932300 0.769500 1 37 1.000000
v_nailgun.tga
0  -5.044308 -37.869453 -9.974998  0.396871 0.875226 0.276536  0.915400 0.780500 1 37 1.000000
0  -4.533889 -38.065956 -10.561634  0.493232 0.869336 -0.031252  0.932300 0.769500 1 37 1.000000
0  -4.852937 -37.884960 -10.562340  0.493276 0.869429 -0.027779  0.932200 0.780400 1 37 1.000000
v_nailgun.tga
0  -4.852937 -37.884960 -10.562340  0.493276 0.869429 -0.027779  0.932200 0.780400 1 37 1.000000
0  -4.533889 -38.065956 -10.561634  0.493232 0.869336 -0.031252  0.932300 0.769500 1 37 1.000000
0  -4.784197 -38.099487 -11.333762  0.390577 0.858816 -0.331489  0.949000 0.769400 1 37 1.000000
v_nailgun.tga
0  -4.852937 -37.884960 -10.562340  0.493276 0.869429 -0.027779  0.932200 0.780400 1 37 1.000000
0  -4.784197 -38.099487 -11.333762  0.390577 0.858816 -0.331489  0.949000 0.769400 1 37 1.000000
0  -5.043234 -37.910442 -11.149182  0.392390 0.858955 -0.328978  0.948800 0.780200 1 37 1.000000
v_nailgun.tga
0  -5.043234 -37.910442 -11.149182  0.392390 0.858955 -0.328978  0.948800 0.780200 1 37 1.000000
0  -4.784197 -38.099487 -11.333762  0.390577 0.858816 -0.331489  0.949000 0.769400 1 37 1.000000
0  -5.441034 -38.133343 -11.810572  0.288223 0.841498 -0.456956  0.965800 0.769300 1 37 1.000000
v_nailgun.tga
0  -5.043234 -37.910442 -11.149182  0.392390 0.858955 -0.328978  0.948800 0.780200 1 37 1.000000
0  -5.441034 -38.133343 -11.810572  0.288223 0.841498 -0.456956  0.965800 0.769300 1 37 1.000000
0  -5.542429 -37.936279 -11.511559  0.288127 0.841552 -0.456917  0.965300 0.780000 1 37 1.000000
v_nailgun.tga
0  -6.659778 -37.952824 -11.147780  -0.525622 0.828505 -0.193133  0.831000 0.780100 1 37 1.000000
0  -6.911166 -38.155216 -11.331861  -0.525619 0.828508 -0.193132  0.830800 0.769400 1 37 1.000000
0  -7.162888 -38.134815 -10.559232  -0.535000 0.844279 -0.031123  0.847700 0.769500 1 37 1.000000
v_nailgun.tga
0  -6.659778 -37.952824 -11.147780  -0.525622 0.828505 -0.193133  0.831000 0.780100 1 37 1.000000
0  -7.162888 -38.134815 -10.559232  -0.535000 0.844279 -0.031123  0.847700 0.769500 1 37 1.000000
0  -6.851151 -37.937317 -10.560439  -0.535028 0.844372 -0.027948  0.847600 0.780300 1 37 1.000000
v_nailgun.tga
0  -7.857168 -32.849915 -9.612577  -0.871414 0.054944 0.487462  0.668900 0.630600 1 37 1.000000
0  -7.821903 -31.786064 -9.669497  -0.870266 0.055019 0.489500  0.649100 0.642300 1 37 1.000000
0  -8.089548 -31.826061 -10.519263  -0.953813 0.047476 0.296627  0.643000 0.633000 1 37 1.000000
v_nailgun.tga
0  -7.857168 -32.849915 -9.612577  -0.871414 0.054944 0.487462  0.668900 0.630600 1 37 1.000000
0  -8.089548 -31.826061 -10.519263  -0.953813 0.047476 0.296627  0.643000 0.633000 1 37 1.000000
0  -8.132685 -32.891098 -10.487625  -0.953401 0.047465 0.297950  0.662800 0.621300 1 37 1.000000
v_nailgun.tga
0  -7.249294 -32.806503 -8.925918  -0.597085 0.067629 0.799322  0.672900 0.651200 1 37 1.000000
0  -7.231506 -31.743900 -9.002521  -0.595321 0.067676 0.800633  0.650700 0.653600 1 37 1.000000
0  -7.821903 -31.786064 -9.669497  -0.870266 0.055019 0.489500  0.649100 0.642300 1 37 1.000000
v_nailgun.tga
0  -7.249294 -32.806503 -8.925918  -0.597085 0.067629 0.799322  0.672900 0.651200 1 37 1.000000
0  -7.821903 -31.786064 -9.669497  -0.870266 0.055019 0.489500  0.649100 0.642300 1 37 1.000000
0  -7.857168 -32.849915 -9.612577  -0.871414 0.054944 0.487462  0.671400 0.639900 1 37 1.000000
v_nailgun.tga
0  -6.414010 -32.768360 -8.546252  -0.218988 0.078936 0.972529  0.667900 0.671300 1 37 1.000000
0  -6.420397 -31.706879 -8.633847  -0.217918 0.078957 0.972768  0.646900 0.663600 1 37 1.000000
0  -7.231506 -31.743900 -9.002521  -0.595321 0.067676 0.800633  0.650700 0.653600 1 37 1.000000
v_nailgun.tga
0  -6.414010 -32.768360 -8.546252  -0.218988 0.078936 0.972529  0.667900 0.671300 1 37 1.000000
0  -7.231506 -31.743900 -9.002521  -0.595321 0.067676 0.800633  0.650700 0.653600 1 37 1.000000
0  -7.249294 -32.806503 -8.925918  -0.597085 0.067629 0.799322  0.672000 0.659600 1 37 1.000000
v_nailgun.tga
0  -5.495982 -32.742081 -8.539327  0.197053 0.086912 0.976533  0.656200 0.686500 1 37 1.000000
0  -5.528762 -31.681290 -8.627121  0.196697 0.086911 0.976605  0.639700 0.671800 1 37 1.000000
0  -6.420397 -31.706879 -8.633847  -0.217918 0.078957 0.972768  0.646900 0.663600 1 37 1.000000
v_nailgun.tga
0  -5.495982 -32.742081 -8.539327  0.197053 0.086912 0.976533  0.656200 0.686500 1 37 1.000000
0  -6.420397 -31.706879 -8.633847  -0.217918 0.078957 0.972768  0.646900 0.663600 1 37 1.000000
0  -6.414010 -32.768360 -8.546252  -0.218988 0.078936 0.972529  0.664100 0.678500 1 37 1.000000
v_nailgun.tga
0  -4.653756 -32.732044 -8.906331  0.578652 0.090156 0.810576  0.639700 0.697200 1 37 1.000000
0  -4.710835 -31.671623 -8.983527  0.576900 0.090183 0.811821  0.628400 0.676800 1 37 1.000000
0  -5.528762 -31.681290 -8.627121  0.196697 0.086911 0.976605  0.639700 0.671800 1 37 1.000000
v_nailgun.tga
0  -4.653756 -32.732044 -8.906331  0.578652 0.090156 0.810576  0.639700 0.697200 1 37 1.000000
0  -5.528762 -31.681290 -8.627121  0.196697 0.086911 0.976605  0.639700 0.671800 1 37 1.000000
0  -5.495982 -32.742081 -8.539327  0.197053 0.086912 0.976533  0.650100 0.693300 1 37 1.000000
v_nailgun.tga
0  -4.033029 -32.740257 -9.583790  0.859457 0.088152 0.503550  0.619300 0.700000 1 37 1.000000
0  -4.108018 -31.679623 -9.641499  0.857477 0.088208 0.506905  0.617800 0.676400 1 37 1.000000
0  -4.710835 -31.671623 -8.983527  0.576900 0.090183 0.811821  0.628400 0.676800 1 37 1.000000
v_nailgun.tga
0  -4.033029 -32.740257 -9.583790  0.859457 0.088152 0.503550  0.619300 0.700000 1 37 1.000000
0  -4.710835 -31.671623 -8.983527  0.576900 0.090183 0.811821  0.628400 0.676800 1 37 1.000000
0  -4.653756 -32.732044 -8.906331  0.578652 0.090156 0.810576  0.630200 0.700100 1 37 1.000000
v_nailgun.tga
0  -3.741177 -32.765133 -10.454586  0.990725 0.081136 0.108996  0.597800 0.695100 1 37 1.000000
0  -3.824489 -31.703743 -10.487114  0.990085 0.081287 0.114558  0.608000 0.671800 1 37 1.000000
0  -4.108018 -31.679623 -9.641499  0.857477 0.088208 0.506905  0.617800 0.676400 1 37 1.000000
v_nailgun.tga
0  -3.741177 -32.765133 -10.454586  0.990725 0.081136 0.108996  0.597800 0.695100 1 37 1.000000
0  -4.108018 -31.679623 -9.641499  0.857477 0.088208 0.506905  0.617800 0.676400 1 37 1.000000
0  -4.033029 -32.740257 -9.583790  0.859457 0.088152 0.503550  0.607600 0.699600 1 37 1.000000
v_nailgun.tga
0  -3.828529 -32.802444 -11.368120  0.949859 0.070470 -0.304633  0.582900 0.678700 1 37 1.000000
0  -3.909369 -31.739964 -11.374367  0.951757 0.070713 -0.298593  0.601000 0.663700 1 37 1.000000
0  -3.824489 -31.703743 -10.487114  0.990085 0.081287 0.114558  0.608000 0.671800 1 37 1.000000
v_nailgun.tga
0  -3.828529 -32.802444 -11.368120  0.949859 0.070470 -0.304633  0.582900 0.678700 1 37 1.000000
0  -3.824489 -31.703743 -10.487114  0.990085 0.081287 0.114558  0.608000 0.671800 1 37 1.000000
0  -3.741177 -32.765133 -10.454586  0.990725 0.081136 0.108996  0.590000 0.686800 1 37 1.000000
v_nailgun.tga
0  -4.280153 -32.845661 -12.166512  0.744208 0.057946 -0.665429  0.575900 0.659500 1 37 1.000000
0  -4.347920 -31.781933 -12.149677  0.748426 0.058203 -0.660660  0.597600 0.653500 1 37 1.000000
0  -3.909369 -31.739964 -11.374367  0.951757 0.070713 -0.298593  0.601000 0.663700 1 37 1.000000
v_nailgun.tga
0  -4.280153 -32.845661 -12.166512  0.744208 0.057946 -0.665429  0.575900 0.659500 1 37 1.000000
0  -3.909369 -31.739964 -11.374367  0.951757 0.070713 -0.298593  0.601000 0.663700 1 37 1.000000
0  -3.828529 -32.802444 -11.368120  0.949859 0.070470 -0.304633  0.579200 0.669700 1 37 1.000000
v_nailgun.tga
0  -5.017814 -32.887329 -12.711565  0.591653 0.050441 -0.804613  0.576400 0.638900 1 37 1.000000
0  -5.064408 -31.822392 -12.679042  0.592940 0.050532 -0.803659  0.598700 0.642700 1 37 1.000000
0  -4.347920 -31.781933 -12.149677  0.748426 0.058203 -0.660660  0.597600 0.653500 1 37 1.000000
v_nailgun.tga
0  -5.017814 -32.887329 -12.711565  0.591653 0.050441 -0.804613  0.576400 0.638900 1 37 1.000000
0  -4.347920 -31.781933 -12.149677  0.748426 0.058203 -0.660660  0.597600 0.653500 1 37 1.000000
0  -4.280153 -32.845661 -12.166512  0.744208 0.057946 -0.665429  0.575300 0.649800 1 37 1.000000
v_nailgun.tga
0  -5.017814 -32.887329 -12.711565  0.999026 0.043450 0.007720  0.763500 0.630700 1 37 1.000000
0  -5.008194 -32.926228 -13.740726  0.936865 0.061209 -0.344293  0.777500 0.619500 1 37 1.000000
0  -5.055016 -31.860172 -13.678524  0.948957 0.059762 -0.309691  0.797200 0.641500 1 37 1.000000
v_nailgun.tga
0  -5.017814 -32.887329 -12.711565  0.999026 0.043450 0.007720  0.763500 0.630700 1 37 1.000000
0  -5.055016 -31.860172 -13.678524  0.948957 0.059762 -0.309691  0.797200 0.641500 1 37 1.000000
0  -5.064408 -31.822392 -12.679042  0.999092 0.041893 0.007696  0.785200 0.653100 1 37 1.000000
v_nailgun.tga
0  -8.089548 -31.826061 -10.519263  -0.047948 0.998225 -0.035319  0.643000 0.633000 1 37 1.000000
0  -7.681374 -31.808285 -10.557034  -0.046579 0.998390 -0.032375  0.638600 0.637400 1 37 1.000000
0  -7.599495 -31.833107 -11.271729  -0.047218 0.998079 -0.040098  0.631800 0.632600 1 37 1.000000
v_nailgun.tga
0  -8.089548 -31.826061 -10.519263  -0.047948 0.998225 -0.035319  0.643000 0.633000 1 37 1.000000
0  -7.599495 -31.833107 -11.271729  -0.047218 0.998079 -0.040098  0.631800 0.632600 1 37 1.000000
0  -7.988007 -31.856853 -11.405135  -0.047233 0.998078 -0.040110  0.634300 0.626900 1 37 1.000000
v_nailgun.tga
0  -7.821903 -31.786064 -9.669497  -0.043313 0.998686 -0.027403  0.649100 0.642300 1 37 1.000000
0  -7.465445 -31.775967 -9.871346  -0.042529 0.998773 -0.025378  0.643000 0.644600 1 37 1.000000
0  -7.681374 -31.808285 -10.557034  -0.046579 0.998390 -0.032375  0.638600 0.637400 1 37 1.000000
v_nailgun.tga
0  -7.821903 -31.786064 -9.669497  -0.043313 0.998686 -0.027403  0.649100 0.642300 1 37 1.000000
0  -7.681374 -31.808285 -10.557034  -0.046579 0.998390 -0.032375  0.638600 0.637400 1 37 1.000000
0  -8.089548 -31.826061 -10.519263  -0.047948 0.998225 -0.035319  0.643000 0.633000 1 37 1.000000
v_nailgun.tga
0  -7.231506 -31.743900 -9.002521  -0.037651 0.999042 -0.022300  0.650700 0.653600 1 37 1.000000
0  -6.989072 -31.741997 -9.333167  -0.036296 0.999127 -0.020690  0.644000 0.653100 1 37 1.000000
0  -7.465445 -31.775967 -9.871346  -0.042529 0.998773 -0.025378  0.643000 0.644600 1 37 1.000000
v_nailgun.tga
0  -7.231506 -31.743900 -9.002521  -0.037651 0.999042 -0.022300  0.650700 0.653600 1 37 1.000000
0  -7.465445 -31.775967 -9.871346  -0.042529 0.998773 -0.025378  0.643000 0.644600 1 37 1.000000
0  -7.821903 -31.786064 -9.669497  -0.043313 0.998686 -0.027403  0.649100 0.642300 1 37 1.000000
v_nailgun.tga
0  -6.420397 -31.706879 -8.633847  -0.030319 0.999344 -0.019816  0.646900 0.663600 1 37 1.000000
0  -6.334633 -31.712063 -9.035732  -0.028496 0.999413 -0.019001  0.641200 0.661300 1 37 1.000000
0  -6.989072 -31.741997 -9.333167  -0.036296 0.999127 -0.020690  0.644000 0.653100 1 37 1.000000
v_nailgun.tga
0  -6.420397 -31.706879 -8.633847  -0.030319 0.999344 -0.019816  0.646900 0.663600 1 37 1.000000
0  -6.989072 -31.741997 -9.333167  -0.036296 0.999127 -0.020690  0.644000 0.653100 1 37 1.000000
0  -7.231506 -31.743900 -9.002521  -0.037651 0.999042 -0.022300  0.650700 0.653600 1 37 1.000000
v_nailgun.tga
0  -5.528762 -31.681290 -8.627121  -0.022929 0.999525 -0.020601  0.639700 0.671800 1 37 1.000000
0  -5.615225 -31.691433 -9.030292  -0.020916 0.999565 -0.020812  0.635300 0.667500 1 37 1.000000
0  -6.334633 -31.712063 -9.035732  -0.028496 0.999413 -0.019001  0.641200 0.661300 1 37 1.000000
v_nailgun.tga
0  -5.528762 -31.681290 -8.627121  -0.022929 0.999525 -0.020601  0.639700 0.671800 1 37 1.000000
0  -6.334633 -31.712063 -9.035732  -0.028496 0.999413 -0.019001  0.641200 0.661300 1 37 1.000000
0  -6.420397 -31.706879 -8.633847  -0.030319 0.999344 -0.019816  0.646900 0.663600 1 37 1.000000
v_nailgun.tga
0  -4.710835 -31.671623 -8.983527  -0.016388 0.999565 -0.024539  0.628400 0.676800 1 37 1.000000
0  -4.955201 -31.683697 -9.317833  -0.014585 0.999573 -0.025324  0.627500 0.670600 1 37 1.000000
0  -5.615225 -31.691433 -9.030292  -0.020916 0.999565 -0.020812  0.635300 0.667500 1 37 1.000000
v_nailgun.tga
0  -4.710835 -31.671623 -8.983527  -0.016388 0.999565 -0.024539  0.628400 0.676800 1 37 1.000000
0  -5.615225 -31.691433 -9.030292  -0.020916 0.999565 -0.020812  0.635300 0.667500 1 37 1.000000
0  -5.528762 -31.681290 -8.627121  -0.022929 0.999525 -0.020601  0.639700 0.671800 1 37 1.000000
v_nailgun.tga
0  -4.108018 -31.679623 -9.641499  -0.011983 0.999465 -0.030439  0.617800 0.676400 1 37 1.000000
0  -4.468867 -31.690105 -9.848689  -0.010576 0.999429 -0.032085  0.619200 0.670400 1 37 1.000000
0  -4.955201 -31.683697 -9.317833  -0.014585 0.999573 -0.025324  0.627500 0.670600 1 37 1.000000
v_nailgun.tga
0  -4.108018 -31.679623 -9.641499  -0.011983 0.999465 -0.030439  0.617800 0.676400 1 37 1.000000
0  -4.955201 -31.683697 -9.317833  -0.014585 0.999573 -0.025324  0.627500 0.670600 1 37 1.000000
0  -4.710835 -31.671623 -8.983527  -0.016388 0.999565 -0.024539  0.628400 0.676800 1 37 1.000000
v_nailgun.tga
0  -3.824489 -31.703743 -10.487114  -0.010373 0.999224 -0.037983  0.608000 0.671800 1 37 1.000000
0  -4.240179 -31.709560 -10.531116  -0.009724 0.999159 -0.039839  0.611800 0.666900 1 37 1.000000
0  -4.468867 -31.690105 -9.848689  -0.010576 0.999429 -0.032085  0.619200 0.670400 1 37 1.000000
v_nailgun.tga
0  -3.824489 -31.703743 -10.487114  -0.010373 0.999224 -0.037983  0.608000 0.671800 1 37 1.000000
0  -4.468867 -31.690105 -9.848689  -0.010576 0.999429 -0.032085  0.619200 0.670400 1 37 1.000000
0  -4.108018 -31.679623 -9.641499  -0.011983 0.999465 -0.030439  0.617800 0.676400 1 37 1.000000
v_nailgun.tga
0  -3.909369 -31.739964 -11.374367  -0.011827 0.998909 -0.045178  0.601000 0.663700 1 37 1.000000
0  -4.308639 -31.738762 -11.246897  -0.012144 0.998818 -0.047058  0.606400 0.660700 1 37 1.000000
0  -4.240179 -31.709560 -10.531116  -0.009724 0.999159 -0.039839  0.611800 0.666900 1 37 1.000000
v_nailgun.tga
0  -3.909369 -31.739964 -11.374367  -0.011827 0.998909 -0.045178  0.601000 0.663700 1 37 1.000000
0  -4.240179 -31.709560 -10.531116  -0.009724 0.999159 -0.039839  0.611800 0.666900 1 37 1.000000
0  -3.824489 -31.703743 -10.487114  -0.010373 0.999224 -0.037983  0.608000 0.671800 1 37 1.000000
v_nailgun.tga
0  -4.347920 -31.781933 -12.149677  -0.016200 0.998559 -0.051157  0.597600 0.653500 1 37 1.000000
0  -4.662472 -31.772686 -11.872518  -0.017292 0.998450 -0.052906  0.603800 0.652800 1 37 1.000000
0  -4.308639 -31.738762 -11.246897  -0.012144 0.998818 -0.047058  0.606400 0.660700 1 37 1.000000
v_nailgun.tga
0  -4.347920 -31.781933 -12.149677  -0.016200 0.998559 -0.051157  0.597600 0.653500 1 37 1.000000
0  -4.308639 -31.738762 -11.246897  -0.012144 0.998818 -0.047058  0.606400 0.660700 1 37 1.000000
0  -3.909369 -31.739964 -11.374367  -0.011827 0.998909 -0.045178  0.601000 0.663700 1 37 1.000000
v_nailgun.tga
0  -5.064408 -31.822392 -12.679042  -0.023301 0.998449 -0.050565  0.598700 0.642700 1 37 1.000000
0  -5.240515 -31.805340 -12.299666  -0.024344 0.998124 -0.056184  0.604700 0.644600 1 37 1.000000
0  -4.662472 -31.772686 -11.872518  -0.017292 0.998450 -0.052906  0.603800 0.652800 1 37 1.000000
v_nailgun.tga
0  -5.064408 -31.822392 -12.679042  -0.023301 0.998449 -0.050565  0.598700 0.642700 1 37 1.000000
0  -4.662472 -31.772686 -11.872518  -0.017292 0.998450 -0.052906  0.603800 0.652800 1 37 1.000000
0  -4.347920 -31.781933 -12.149677  -0.016200 0.998559 -0.051157  0.597600 0.653500 1 37 1.000000
v_nailgun.tga
0  -5.064408 -31.822392 -12.679042  -0.023301 0.998449 -0.050565  0.807000 0.654400 1 37 1.000000
0  -5.055016 -31.860172 -13.678524  -0.028501 0.998870 -0.038026  0.797200 0.641500 1 37 1.000000
0  -5.372589 -31.884426 -14.077611  -0.028384 0.998872 -0.038061  0.800400 0.635500 1 37 1.000000
v_nailgun.tga
0  -5.064408 -31.822392 -12.679042  -0.023301 0.998449 -0.050565  0.807000 0.654400 1 37 1.000000
0  -5.372589 -31.884426 -14.077611  -0.028384 0.998872 -0.038061  0.800400 0.635500 1 37 1.000000
0  -5.934769 -31.854397 -12.871037  -0.026585 0.998590 -0.045946  0.816500 0.643500 1 37 1.000000
v_nailgun.tga
0  -5.934769 -31.854397 -12.871037  -0.026585 0.998590 -0.045946  0.604300 0.633200 1 37 1.000000
0  -5.942880 -31.831150 -12.454502  -0.024294 0.998125 -0.056177  0.608900 0.637500 1 37 1.000000
0  -5.240515 -31.805340 -12.299666  -0.024344 0.998124 -0.056184  0.604700 0.644600 1 37 1.000000
v_nailgun.tga
0  -5.934769 -31.854397 -12.871037  -0.026585 0.998590 -0.045946  0.604300 0.633200 1 37 1.000000
0  -5.240515 -31.805340 -12.299666  -0.024344 0.998124 -0.056184  0.604700 0.644600 1 37 1.000000
0  -5.064408 -31.822392 -12.679042  -0.023301 0.998449 -0.050565  0.598700 0.642700 1 37 1.000000
v_nailgun.tga
0  -5.934769 -31.854397 -12.871037  -0.026585 0.998590 -0.045946  0.816500 0.643500 1 37 1.000000
0  -5.372589 -31.884426 -14.077611  -0.028384 0.998872 -0.038061  0.800400 0.635500 1 37 1.000000
0  -5.922347 -31.904663 -14.198882  -0.028369 0.998872 -0.038073  0.805200 0.630700 1 37 1.000000
v_nailgun.tga
0  -5.008194 -32.926228 -13.740726  0.936865 0.061209 -0.344293  0.777500 0.619500 1 37 1.000000
0  -5.335253 -32.951153 -14.151606  0.515807 0.077237 -0.853216  0.784000 0.617400 1 37 1.000000
0  -5.372589 -31.884426 -14.077611  0.534273 0.077119 -0.841787  0.800400 0.635500 1 37 1.000000
v_nailgun.tga
0  -5.008194 -32.926228 -13.740726  0.936865 0.061209 -0.344293  0.777500 0.619500 1 37 1.000000
0  -5.372589 -31.884426 -14.077611  0.534273 0.077119 -0.841787  0.800400 0.635500 1 37 1.000000
0  -5.055016 -31.860172 -13.678524  0.948957 0.059762 -0.309691  0.797200 0.641500 1 37 1.000000
v_nailgun.tga
0  -5.922347 -31.904663 -14.198882  0.212168 0.075012 -0.974350  0.805200 0.630700 1 37 1.000000
0  -5.372589 -31.884426 -14.077611  0.534273 0.077119 -0.841787  0.800400 0.635500 1 37 1.000000
0  -5.335253 -32.951153 -14.151606  0.515807 0.077237 -0.853216  0.784000 0.617400 1 37 1.000000
v_nailgun.tga
0  -5.922347 -31.904663 -14.198882  0.212168 0.075012 -0.974350  0.805200 0.630700 1 37 1.000000
0  -5.335253 -32.951153 -14.151606  0.515807 0.077237 -0.853216  0.784000 0.617400 1 37 1.000000
0  -5.901299 -32.972034 -14.276470  0.212168 0.075011 -0.974350  0.789700 0.613400 1 37 1.000000
v_nailgun.tga
0  -5.494375 -27.898312 -13.060176  0.999210 0.037892 0.011967  0.927900 0.020100 1 37 1.000000
0  -5.262657 -33.977631 -13.157420  0.999182 0.038292 -0.012988  0.977300 0.020200 1 37 1.000000
0  -5.464440 -34.000057 -13.645319  0.698405 0.042866 -0.714418  0.977300 0.028700 1 37 1.000000
v_nailgun.tga
0  -5.494375 -27.898312 -13.060176  0.999210 0.037892 0.011967  0.927900 0.020100 1 37 1.000000
0  -5.464440 -34.000057 -13.645319  0.698405 0.042866 -0.714418  0.977300 0.028700 1 37 1.000000
0  -5.667531 -27.917572 -13.478918  0.801602 0.048865 -0.595858  0.927900 0.028500 1 37 1.000000
v_nailgun.tga
0  -5.668303 -27.888124 -12.641134  0.701320 0.020140 0.712562  0.927900 0.011600 1 37 1.000000
0  -5.465341 -33.965675 -12.669125  0.712701 0.020567 0.701167  0.977300 0.011800 1 37 1.000000
0  -5.262657 -33.977631 -13.157420  0.999182 0.038292 -0.012988  0.977300 0.020200 1 37 1.000000
v_nailgun.tga
0  -5.668303 -27.888124 -12.641134  0.701320 0.020140 0.712562  0.927900 0.011600 1 37 1.000000
0  -5.262657 -33.977631 -13.157420  0.999182 0.038292 -0.012988  0.977300 0.020200 1 37 1.000000
0  -5.494375 -27.898312 -13.060176  0.999210 0.037892 0.011967  0.927900 0.020100 1 37 1.000000
v_nailgun.tga
0  -6.087521 -27.892925 -12.467145  0.383227 0.008544 0.923615  0.927900 0.003200 1 37 1.000000
0  -5.953857 -33.971390 -12.466449  0.383106 0.008530 0.923665  0.977300 0.003400 1 37 1.000000
0  -5.465341 -33.965675 -12.669125  0.712701 0.020567 0.701167  0.977300 0.011800 1 37 1.000000
v_nailgun.tga
0  -6.087521 -27.892925 -12.467145  0.383227 0.008544 0.923615  0.927900 0.003200 1 37 1.000000
0  -5.465341 -33.965675 -12.669125  0.712701 0.020567 0.701167  0.977300 0.011800 1 37 1.000000
0  -5.668303 -27.888124 -12.641134  0.701320 0.020140 0.712562  0.927900 0.011600 1 37 1.000000
v_nailgun.tga
0  -5.667531 -27.917572 -13.478918  0.801602 0.048865 -0.595858  0.927900 0.028500 1 37 1.000000
0  -5.464440 -34.000057 -13.645319  0.698405 0.042866 -0.714418  0.977300 0.028700 1 37 1.000000
0  -5.952587 -34.019890 -13.847096  0.368414 0.038832 -0.928851  0.977100 0.037000 1 37 1.000000
v_nailgun.tga
0  -5.667531 -27.917572 -13.478918  0.801602 0.048865 -0.595858  0.927900 0.028500 1 37 1.000000
0  -5.952587 -34.019890 -13.847096  0.368414 0.038832 -0.928851  0.977100 0.037000 1 37 1.000000
0  -6.086358 -28.640224 -13.565040  0.109592 0.054760 -0.992467  0.927900 0.036900 1 37 1.000000
v_nailgun.tga
0  -7.824461 -21.912672 -11.094644  -0.028532 0.999034 -0.033407  0.923100 0.301900 1 37 1.000000
0  -7.579212 -22.014460 -14.152030  0.350015 0.936739 -0.003112  0.928800 0.379800 1 37 1.000000
0  -7.581820 -22.014112 -14.449627  -0.081924 0.996079 -0.033380  0.927900 0.387900 1 37 1.000000
v_nailgun.tga
0  -7.824461 -21.912672 -11.094644  -0.028532 0.999034 -0.033407  0.923100 0.301900 1 37 1.000000
0  -7.581820 -22.014112 -14.449627  -0.081924 0.996079 -0.033380  0.927900 0.387900 1 37 1.000000
0  -7.823915 -22.036633 -14.442859  -0.093369 0.995167 -0.030414  0.923400 0.386100 1 37 1.000000
v_nailgun.tga
0  -7.688734 -22.037945 -14.908373  -0.085401 0.994987 -0.052032  0.924500 0.399200 1 37 1.000000
0  -7.471254 -22.015211 -14.830420  -0.083198 0.994840 -0.058066  0.929600 0.398000 1 37 1.000000
0  -7.167183 -22.017750 -15.142443  -0.061476 0.993569 -0.095082  0.938200 0.404700 1 37 1.000000
v_nailgun.tga
0  -7.688734 -22.037945 -14.908373  -0.085401 0.994987 -0.052032  0.924500 0.399200 1 37 1.000000
0  -7.167183 -22.017750 -15.142443  -0.061476 0.993569 -0.095082  0.938200 0.404700 1 37 1.000000
0  -7.317022 -22.041136 -15.289854  -0.065038 0.993681 -0.091473  0.934600 0.408600 1 37 1.000000
v_nailgun.tga
0  -7.317022 -22.041136 -15.289854  -0.065038 0.993681 -0.091473  0.934600 0.408600 1 37 1.000000
0  -7.167183 -22.017750 -15.142443  -0.061476 0.993569 -0.095082  0.938200 0.404700 1 37 1.000000
0  -6.801397 -22.012512 -15.269568  -0.037148 0.993155 -0.110739  0.947200 0.408100 1 37 1.000000
v_nailgun.tga
0  -7.317022 -22.041136 -15.289854  -0.065038 0.993681 -0.091473  0.934600 0.408600 1 37 1.000000
0  -6.801397 -22.012512 -15.269568  -0.037148 0.993155 -0.110739  0.947200 0.408100 1 37 1.000000
0  -6.869739 -22.034653 -15.445265  -0.040396 0.993168 -0.109477  0.945800 0.412000 1 37 1.000000
v_nailgun.tga
0  -6.869739 -22.034653 -15.445265  -0.040396 0.993168 -0.109477  0.945800 0.412000 1 37 1.000000
0  -6.801397 -22.012512 -15.269568  -0.037148 0.993155 -0.110739  0.947200 0.408100 1 37 1.000000
0  -6.117733 -21.994532 -15.270172  -0.015758 0.993732 -0.110675  0.963300 0.408000 1 37 1.000000
v_nailgun.tga
0  -6.869739 -22.034653 -15.445265  -0.040396 0.993168 -0.109477  0.945800 0.412000 1 37 1.000000
0  -6.117733 -21.994532 -15.270172  -0.015758 0.993732 -0.110675  0.963300 0.408000 1 37 1.000000
0  -6.033825 -22.012787 -15.445965  -0.011493 0.994020 -0.108593  0.965200 0.411700 1 37 1.000000
v_nailgun.tga
0  -7.823915 -22.036633 -14.442859  -0.093369 0.995167 -0.030414  0.923400 0.386100 1 37 1.000000
0  -7.581820 -22.014112 -14.449627  -0.081924 0.996079 -0.033380  0.927900 0.387900 1 37 1.000000
0  -7.471254 -22.015211 -14.830420  -0.083198 0.994840 -0.058066  0.929600 0.398000 1 37 1.000000
v_nailgun.tga
0  -7.823915 -22.036633 -14.442859  -0.093369 0.995167 -0.030414  0.923400 0.386100 1 37 1.000000
0  -7.471254 -22.015211 -14.830420  -0.083198 0.994840 -0.058066  0.929600 0.398000 1 37 1.000000
0  -7.688734 -22.037945 -14.908373  -0.085401 0.994987 -0.052032  0.924500 0.399200 1 37 1.000000
v_nailgun.tga
0  -4.937524 -26.066992 -10.916756  0.999396 0.034760 -0.000410  0.854800 0.468100 1 37 1.000000
0  -4.946601 -25.831102 -13.114332  0.999380 0.035218 -0.000348  0.805700 0.460100 1 37 1.000000
0  -5.071476 -22.235109 -13.210668  0.999422 0.034002 -0.000319  0.804900 0.376200 1 37 1.000000
v_nailgun.tga
0  -4.937524 -26.066992 -10.916756  0.999396 0.034760 -0.000410  0.854800 0.468100 1 37 1.000000
0  -5.071476 -22.235109 -13.210668  0.999422 0.034002 -0.000319  0.804900 0.376200 1 37 1.000000
0  -5.084199 -21.841003 -11.097141  0.999402 0.034567 -0.000429  0.856100 0.366600 1 37 1.000000
v_nailgun.tga
0  -4.937524 -26.066992 -10.916756  0.999396 0.034760 -0.000410  0.854800 0.468100 1 37 1.000000
0  -4.934470 -26.183580 -14.370989  0.989233 0.033055 -0.142565  0.779700 0.468100 1 37 1.000000
0  -4.945484 -25.873732 -14.375512  0.989678 0.033145 -0.139424  0.778000 0.461000 1 37 1.000000
v_nailgun.tga
0  -4.937524 -26.066992 -10.916756  0.999396 0.034760 -0.000410  0.854800 0.468100 1 37 1.000000
0  -4.945484 -25.873732 -14.375512  0.989678 0.033145 -0.139424  0.778000 0.461000 1 37 1.000000
0  -4.946601 -25.831102 -13.114332  0.999380 0.035218 -0.000348  0.805700 0.460100 1 37 1.000000
v_nailgun.tga
0  -5.084199 -21.841003 -11.097141  -0.024954 0.999224 -0.030480  0.990400 0.301900 1 37 1.000000
0  -5.339497 -21.913120 -13.462999  -0.002899 0.999413 -0.034138  0.982400 0.360100 1 37 1.000000
0  -7.579884 -21.984999 -13.460037  -0.085264 0.995628 -0.038149  0.929300 0.360900 1 37 1.000000
v_nailgun.tga
0  -5.084199 -21.841003 -11.097141  -0.024954 0.999224 -0.030480  0.990400 0.301900 1 37 1.000000
0  -7.579884 -21.984999 -13.460037  -0.085264 0.995628 -0.038149  0.929300 0.360900 1 37 1.000000
0  -7.824461 -21.912672 -11.094644  -0.028532 0.999034 -0.033407  0.923100 0.301900 1 37 1.000000
v_nailgun.tga
0  -5.071476 -22.235109 -13.210668  0.999422 0.034002 -0.000319  0.804900 0.376200 1 37 1.000000
0  -5.070390 -22.276590 -14.438967  0.989400 0.030360 -0.142009  0.775700 0.371900 1 37 1.000000
0  -5.081240 -21.953997 -14.445537  0.989706 0.030438 -0.139842  0.776600 0.366600 1 37 1.000000
v_nailgun.tga
0  -5.071476 -22.235109 -13.210668  0.999422 0.034002 -0.000319  0.804900 0.376200 1 37 1.000000
0  -5.081240 -21.953997 -14.445537  0.989706 0.030438 -0.139842  0.776600 0.366600 1 37 1.000000
0  -5.084199 -21.841003 -11.097141  0.999402 0.034567 -0.000429  0.856100 0.366600 1 37 1.000000
v_nailgun.tga
0  -5.070390 -22.276590 -14.438967  0.989400 0.030360 -0.142009  0.775700 0.371900 1 37 1.000000
0  -5.205233 -22.295803 -14.905005  0.818895 0.017468 -0.573677  0.758200 0.377200 1 37 1.000000
0  -5.215782 -21.973167 -14.910674  0.864570 0.019470 -0.502136  0.760000 0.366600 1 37 1.000000
v_nailgun.tga
0  -5.070390 -22.276590 -14.438967  0.989400 0.030360 -0.142009  0.775700 0.371900 1 37 1.000000
0  -5.215782 -21.973167 -14.910674  0.864570 0.019470 -0.502136  0.760000 0.366600 1 37 1.000000
0  -5.081240 -21.953997 -14.445537  0.989706 0.030438 -0.139842  0.776600 0.366600 1 37 1.000000
v_nailgun.tga
0  -5.081240 -21.953997 -14.445537  0.024003 0.999115 -0.034537  0.987000 0.386600 1 37 1.000000
0  -5.338926 -21.934877 -13.716594  -0.145715 0.986297 -0.077362  0.981700 0.370000 1 37 1.000000
0  -5.339497 -21.913120 -13.462999  -0.002899 0.999413 -0.034138  0.982400 0.360100 1 37 1.000000
v_nailgun.tga
0  -5.081240 -21.953997 -14.445537  0.024003 0.999115 -0.034537  0.987000 0.386600 1 37 1.000000
0  -5.339497 -21.913120 -13.462999  -0.002899 0.999413 -0.034138  0.982400 0.360100 1 37 1.000000
0  -5.084199 -21.841003 -11.097141  -0.024954 0.999224 -0.030480  0.990400 0.301900 1 37 1.000000
v_nailgun.tga
0  -4.934470 -26.183580 -14.370989  0.989233 0.033055 -0.142565  0.779700 0.468100 1 37 1.000000
0  -5.073298 -26.203379 -14.850818  0.862311 0.024117 -0.505804  0.756100 0.468100 1 37 1.000000
0  -5.083915 -25.893476 -14.854141  0.820047 0.020706 -0.571921  0.755800 0.457400 1 37 1.000000
v_nailgun.tga
0  -4.934470 -26.183580 -14.370989  0.989233 0.033055 -0.142565  0.779700 0.468100 1 37 1.000000
0  -5.083915 -25.893476 -14.854141  0.820047 0.020706 -0.571921  0.755800 0.457400 1 37 1.000000
0  -4.945484 -25.873732 -14.375512  0.989678 0.033145 -0.139424  0.778000 0.461000 1 37 1.000000
v_nailgun.tga
0  -4.945484 -25.873732 -14.375512  -0.026186 0.999088 -0.033724  0.778000 0.461000 1 37 1.000000
0  -5.724687 -25.902946 -14.636364  -0.026174 0.999089 -0.033716  0.769500 0.448600 1 37 1.000000
0  -5.587373 -25.840574 -12.896555  -0.026219 0.999085 -0.033777  0.798200 0.449400 1 37 1.000000
v_nailgun.tga
0  -4.945484 -25.873732 -14.375512  -0.026186 0.999088 -0.033724  0.778000 0.461000 1 37 1.000000
0  -5.587373 -25.840574 -12.896555  -0.026219 0.999085 -0.033777  0.798200 0.449400 1 37 1.000000
0  -4.946601 -25.831102 -13.114332  -0.026254 0.999084 -0.033791  0.805700 0.460100 1 37 1.000000
v_nailgun.tga
0  -5.205233 -22.295803 -14.905005  0.818895 0.017468 -0.573677  0.758200 0.377200 1 37 1.000000
0  -5.586818 -21.995785 -15.291455  0.537176 0.006526 -0.843445  0.740000 0.366600 1 37 1.000000
0  -5.215782 -21.973167 -14.910674  0.864570 0.019470 -0.502136  0.760000 0.366600 1 37 1.000000
v_nailgun.tga
0  -5.205233 -22.295803 -14.905005  0.320939 0.024211 0.946790  0.758200 0.377200 1 37 1.000000
0  -5.829206 -22.305033 -14.692923  0.321396 0.024217 0.946635  0.770000 0.385800 1 37 1.000000
0  -5.724687 -25.902946 -14.636364  0.321378 0.024220 0.946641  0.769500 0.448600 1 37 1.000000
v_nailgun.tga
0  -5.205233 -22.295803 -14.905005  0.320939 0.024211 0.946790  0.758200 0.377200 1 37 1.000000
0  -5.724687 -25.902946 -14.636364  0.321378 0.024220 0.946641  0.769500 0.448600 1 37 1.000000
0  -5.083915 -25.893476 -14.854141  0.321375 0.024221 0.946642  0.755800 0.457400 1 37 1.000000
v_nailgun.tga
0  -5.215782 -21.973167 -14.910674  0.025980 0.997724 -0.062225  0.985000 0.397900 1 37 1.000000
0  -5.448648 -21.962215 -14.832321  0.024678 0.997513 -0.066024  0.979700 0.397000 1 37 1.000000
0  -5.338621 -21.946545 -14.451936  0.029786 0.998961 -0.034490  0.981900 0.388100 1 37 1.000000
v_nailgun.tga
0  -5.215782 -21.973167 -14.910674  0.025980 0.997724 -0.062225  0.985000 0.397900 1 37 1.000000
0  -5.338621 -21.946545 -14.451936  0.029786 0.998961 -0.034490  0.981900 0.388100 1 37 1.000000
0  -5.081240 -21.953997 -14.445537  0.024003 0.999115 -0.034537  0.987000 0.386600 1 37 1.000000
v_nailgun.tga
0  -5.073298 -26.203379 -14.850818  0.862311 0.024117 -0.505804  0.756100 0.468100 1 37 1.000000
0  -5.456019 -26.226721 -15.243592  0.535080 0.007459 -0.844769  0.734800 0.468100 1 37 1.000000
0  -5.083915 -25.893476 -14.854141  0.820047 0.020706 -0.571921  0.755800 0.457400 1 37 1.000000
v_nailgun.tga
0  -5.083915 -25.893476 -14.854141  0.820047 0.020706 -0.571921  0.755800 0.457400 1 37 1.000000
0  -5.456019 -26.226721 -15.243592  0.535080 0.007459 -0.844769  0.734800 0.468100 1 37 1.000000
0  -5.586818 -21.995785 -15.291455  0.537176 0.006526 -0.843445  0.740000 0.366600 1 37 1.000000
v_nailgun.tga
0  -5.083915 -25.893476 -14.854141  0.820047 0.020706 -0.571921  0.755800 0.457400 1 37 1.000000
0  -5.586818 -21.995785 -15.291455  0.537176 0.006526 -0.843445  0.740000 0.366600 1 37 1.000000
0  -5.205233 -22.295803 -14.905005  0.818895 0.017468 -0.573677  0.758200 0.377200 1 37 1.000000
v_nailgun.tga
0  -5.083915 -25.893476 -14.854141  -0.026198 0.999090 -0.033650  0.755800 0.457400 1 37 1.000000
0  -5.724687 -25.902946 -14.636364  -0.026174 0.999089 -0.033716  0.769500 0.448600 1 37 1.000000
0  -4.945484 -25.873732 -14.375512  -0.026186 0.999088 -0.033724  0.778000 0.461000 1 37 1.000000
v_nailgun.tga
0  -5.586818 -21.995785 -15.291455  0.011347 0.995988 -0.088767  0.976300 0.407700 1 37 1.000000
0  -5.752167 -21.980742 -15.143741  0.007454 0.995621 -0.093186  0.972400 0.404900 1 37 1.000000
0  -5.448648 -21.962215 -14.832321  0.024678 0.997513 -0.066024  0.979700 0.397000 1 37 1.000000
v_nailgun.tga
0  -5.586818 -21.995785 -15.291455  0.011347 0.995988 -0.088767  0.976300 0.407700 1 37 1.000000
0  -5.448648 -21.962215 -14.832321  0.024678 0.997513 -0.066024  0.979700 0.397000 1 37 1.000000
0  -5.215782 -21.973167 -14.910674  0.025980 0.997724 -0.062225  0.985000 0.397900 1 37 1.000000
v_nailgun.tga
0  -5.456019 -26.226721 -15.243592  0.535080 0.007459 -0.844769  0.734800 0.468100 1 37 1.000000
0  -5.917121 -26.244164 -15.403002  0.326762 -0.000584 -0.945107  0.715800 0.468100 1 37 1.000000
0  -6.033825 -22.012787 -15.445965  0.326710 -0.000591 -0.945125  0.721700 0.366600 1 37 1.000000
v_nailgun.tga
0  -5.456019 -26.226721 -15.243592  0.535080 0.007459 -0.844769  0.734800 0.468100 1 37 1.000000
0  -6.033825 -22.012787 -15.445965  0.326710 -0.000591 -0.945125  0.721700 0.366600 1 37 1.000000
0  -5.586818 -21.995785 -15.291455  0.537176 0.006526 -0.843445  0.740000 0.366600 1 37 1.000000
v_nailgun.tga
0  -6.033825 -22.012787 -15.445965  -0.011493 0.994020 -0.108593  0.965200 0.411700 1 37 1.000000
0  -6.117733 -21.994532 -15.270172  -0.015758 0.993732 -0.110675  0.963300 0.408000 1 37 1.000000
0  -5.752167 -21.980742 -15.143741  0.007454 0.995621 -0.093186  0.972400 0.404900 1 37 1.000000
v_nailgun.tga
0  -6.033825 -22.012787 -15.445965  -0.011493 0.994020 -0.108593  0.965200 0.411700 1 37 1.000000
0  -5.752167 -21.980742 -15.143741  0.007454 0.995621 -0.093186  0.972400 0.404900 1 37 1.000000
0  -5.586818 -21.995785 -15.291455  0.011347 0.995988 -0.088767  0.976300 0.407700 1 37 1.000000
v_nailgun.tga
0  -5.587373 -25.840574 -12.896555  0.996439 0.027692 -0.079642  0.798200 0.449400 1 37 1.000000
0  -5.724687 -25.902946 -14.636364  0.996439 0.027695 -0.079637  0.769500 0.448600 1 37 1.000000
0  -5.829206 -22.305033 -14.692923  0.996438 0.027688 -0.079650  0.770000 0.385800 1 37 1.000000
v_nailgun.tga
0  -5.587373 -25.840574 -12.896555  0.996439 0.027692 -0.079642  0.798200 0.449400 1 37 1.000000
0  -5.829206 -22.305033 -14.692923  0.996438 0.027688 -0.079650  0.770000 0.385800 1 37 1.000000
0  -5.695451 -22.244240 -12.998590  0.996438 0.027685 -0.079655  0.797900 0.386600 1 37 1.000000
v_nailgun.tga
0  -7.579884 -21.984999 -13.460037  -0.085264 0.995628 -0.038149  0.929300 0.360900 1 37 1.000000
0  -7.579212 -22.014460 -14.152030  0.350015 0.936739 -0.003112  0.928800 0.379800 1 37 1.000000
0  -7.824461 -21.912672 -11.094644  -0.028532 0.999034 -0.033407  0.923100 0.301900 1 37 1.000000
v_nailgun.tga
0  -7.579884 -21.984999 -13.460037  0.999963 0.007927 -0.003212  0.929300 0.360900 1 37 1.000000
0  -7.579477 -22.160978 -13.454994  0.999997 0.002343 0.000964  0.929800 0.362600 1 37 1.000000
0  -7.579208 -22.171249 -13.709090  0.999900 0.012902 -0.005720  0.930300 0.367400 1 37 1.000000
v_nailgun.tga
0  -7.579884 -21.984999 -13.460037  0.999963 0.007927 -0.003212  0.929300 0.360900 1 37 1.000000
0  -7.579208 -22.171249 -13.709090  0.999900 0.012902 -0.005720  0.930300 0.367400 1 37 1.000000
0  -7.582212 -21.995323 -13.713734  0.999804 0.017147 -0.009883  0.928100 0.369900 1 37 1.000000
v_nailgun.tga
0  -7.471254 -22.015211 -14.830420  0.863828 0.024618 0.503185  0.929600 0.398000 1 37 1.000000
0  -7.467945 -22.191292 -14.827471  0.863908 0.024599 0.503048  0.932200 0.396500 1 37 1.000000
0  -7.163574 -22.193834 -15.139894  0.535679 0.023245 0.844102  0.939500 0.402900 1 37 1.000000
v_nailgun.tga
0  -7.471254 -22.015211 -14.830420  0.863828 0.024618 0.503185  0.929600 0.398000 1 37 1.000000
0  -7.163574 -22.193834 -15.139894  0.535679 0.023245 0.844102  0.939500 0.402900 1 37 1.000000
0  -7.167183 -22.017750 -15.142443  0.537043 0.023241 0.843235  0.938200 0.404700 1 37 1.000000
v_nailgun.tga
0  -7.167183 -22.017750 -15.142443  0.537043 0.023241 0.843235  0.938200 0.404700 1 37 1.000000
0  -7.163574 -22.193834 -15.139894  0.535679 0.023245 0.844102  0.939500 0.402900 1 37 1.000000
0  -6.797386 -22.188490 -15.267124  0.166541 0.017462 0.985880  0.947600 0.405600 1 37 1.000000
v_nailgun.tga
0  -7.167183 -22.017750 -15.142443  0.537043 0.023241 0.843235  0.938200 0.404700 1 37 1.000000
0  -6.797386 -22.188490 -15.267124  0.166541 0.017462 0.985880  0.947600 0.405600 1 37 1.000000
0  -6.801397 -22.012512 -15.269568  0.166547 0.017492 0.985878  0.947200 0.408100 1 37 1.000000
v_nailgun.tga
0  -6.801397 -22.012512 -15.269568  0.166547 0.017492 0.985878  0.947200 0.408100 1 37 1.000000
0  -6.797386 -22.188490 -15.267124  0.166541 0.017462 0.985880  0.947600 0.405600 1 37 1.000000
0  -6.112822 -22.170586 -15.267723  -0.165317 0.009106 0.986198  0.962800 0.405500 1 37 1.000000
v_nailgun.tga
0  -6.801397 -22.012512 -15.269568  0.166547 0.017492 0.985878  0.947200 0.408100 1 37 1.000000
0  -6.112822 -22.170586 -15.267723  -0.165317 0.009106 0.986198  0.962800 0.405500 1 37 1.000000
0  -6.117733 -21.994532 -15.270172  -0.165662 0.009067 0.986141  0.963300 0.408000 1 37 1.000000
v_nailgun.tga
0  -7.581820 -22.014112 -14.449627  0.990113 0.020156 0.138819  0.927900 0.387900 1 37 1.000000
0  -7.578712 -22.190184 -14.446279  0.990559 0.017513 0.135961  0.930000 0.388500 1 37 1.000000
0  -7.467945 -22.191292 -14.827471  0.863908 0.024599 0.503048  0.932200 0.396500 1 37 1.000000
v_nailgun.tga
0  -7.581820 -22.014112 -14.449627  0.990113 0.020156 0.138819  0.927900 0.387900 1 37 1.000000
0  -7.467945 -22.191292 -14.827471  0.863908 0.024599 0.503048  0.932200 0.396500 1 37 1.000000
0  -7.471254 -22.015211 -14.830420  0.863828 0.024618 0.503185  0.929600 0.398000 1 37 1.000000
v_nailgun.tga
0  -5.338621 -21.946545 -14.451936  0.029786 0.998961 -0.034490  0.981900 0.388100 1 37 1.000000
0  -5.338926 -21.934877 -13.716594  -0.145715 0.986297 -0.077362  0.981700 0.370000 1 37 1.000000
0  -5.081240 -21.953997 -14.445537  0.024003 0.999115 -0.034537  0.987000 0.386600 1 37 1.000000
v_nailgun.tga
0  -5.752167 -21.980742 -15.143741  -0.536677 -0.003934 0.843779  0.972400 0.404900 1 37 1.000000
0  -5.746861 -22.156683 -15.141196  -0.534957 -0.003884 0.844871  0.970900 0.402700 1 37 1.000000
0  -5.443040 -22.138231 -14.829372  -0.715780 -0.011199 0.698236  0.977500 0.395900 1 37 1.000000
v_nailgun.tga
0  -5.752167 -21.980742 -15.143741  -0.536677 -0.003934 0.843779  0.972400 0.404900 1 37 1.000000
0  -5.443040 -22.138231 -14.829372  -0.715780 -0.011199 0.698236  0.977500 0.395900 1 37 1.000000
0  -5.448648 -21.962215 -14.832321  -0.715759 -0.011104 0.698259  0.979700 0.397000 1 37 1.000000
v_nailgun.tga
0  -6.117733 -21.994532 -15.270172  -0.165662 0.009067 0.986141  0.963300 0.408000 1 37 1.000000
0  -6.112822 -22.170586 -15.267723  -0.165317 0.009106 0.986198  0.962800 0.405500 1 37 1.000000
0  -5.746861 -22.156683 -15.141196  -0.534957 -0.003884 0.844871  0.970900 0.402700 1 37 1.000000
v_nailgun.tga
0  -6.117733 -21.994532 -15.270172  -0.165662 0.009067 0.986141  0.963300 0.408000 1 37 1.000000
0  -5.746861 -22.156683 -15.141196  -0.534957 -0.003884 0.844871  0.970900 0.402700 1 37 1.000000
0  -5.752167 -21.980742 -15.143741  -0.536677 -0.003934 0.843779  0.972400 0.404900 1 37 1.000000
v_nailgun.tga
0  -7.579212 -22.014460 -14.152030  0.999972 0.007015 -0.002492  0.928800 0.379800 1 37 1.000000
0  -7.578947 -22.177311 -14.149246  0.999998 0.001635 0.000720  0.930500 0.382300 1 37 1.000000
0  -7.578712 -22.190184 -14.446279  0.990559 0.017513 0.135961  0.930000 0.388500 1 37 1.000000
v_nailgun.tga
0  -7.579212 -22.014460 -14.152030  0.999972 0.007015 -0.002492  0.928800 0.379800 1 37 1.000000
0  -7.578712 -22.190184 -14.446279  0.990559 0.017513 0.135961  0.930000 0.388500 1 37 1.000000
0  -7.581820 -22.014112 -14.449627  0.990113 0.020156 0.138819  0.927900 0.387900 1 37 1.000000
v_nailgun.tga
0  -7.467945 -22.191292 -14.827471  -0.026212 0.999504 -0.017481  0.932200 0.396500 1 37 1.000000
0  -5.443040 -22.138231 -14.829372  -0.028711 0.999092 -0.031491  0.977500 0.395900 1 37 1.000000
0  -5.746861 -22.156683 -15.141196  -0.026215 0.999090 -0.033639  0.970900 0.402700 1 37 1.000000
v_nailgun.tga
0  -7.467945 -22.191292 -14.827471  -0.026212 0.999504 -0.017481  0.932200 0.396500 1 37 1.000000
0  -5.746861 -22.156683 -15.141196  -0.026215 0.999090 -0.033639  0.970900 0.402700 1 37 1.000000
0  -7.163574 -22.193834 -15.139894  -0.026225 0.999089 -0.033665  0.939500 0.402900 1 37 1.000000
v_nailgun.tga
0  -7.163574 -22.193834 -15.139894  -0.026225 0.999089 -0.033665  0.939500 0.402900 1 37 1.000000
0  -5.746861 -22.156683 -15.141196  -0.026215 0.999090 -0.033639  0.970900 0.402700 1 37 1.000000
0  -6.112822 -22.170586 -15.267723  -0.026228 0.999082 -0.033874  0.962800 0.405500 1 37 1.000000
v_nailgun.tga
0  -7.163574 -22.193834 -15.139894  -0.026225 0.999089 -0.033665  0.939500 0.402900 1 37 1.000000
0  -6.112822 -22.170586 -15.267723  -0.026228 0.999082 -0.033874  0.962800 0.405500 1 37 1.000000
0  -6.797386 -22.188490 -15.267124  -0.026160 0.999101 -0.033362  0.947600 0.405600 1 37 1.000000
v_nailgun.tga
0  -7.578712 -22.190184 -14.446279  -0.027980 0.999256 -0.026546  0.930000 0.388500 1 37 1.000000
0  -5.332815 -22.122440 -14.448491  -0.030166 0.998995 -0.033166  0.979700 0.387800 1 37 1.000000
0  -5.443040 -22.138231 -14.829372  -0.028711 0.999092 -0.031491  0.977500 0.395900 1 37 1.000000
v_nailgun.tga
0  -7.578712 -22.190184 -14.446279  -0.027980 0.999256 -0.026546  0.930000 0.388500 1 37 1.000000
0  -5.443040 -22.138231 -14.829372  -0.028711 0.999092 -0.031491  0.977500 0.395900 1 37 1.000000
0  -7.467945 -22.191292 -14.827471  -0.026212 0.999504 -0.017481  0.932200 0.396500 1 37 1.000000
v_nailgun.tga
0  -7.578712 -22.190184 -14.446279  -0.027980 0.999256 -0.026546  0.930000 0.388500 1 37 1.000000
0  -7.578947 -22.177311 -14.149246  -0.028874 0.998645 -0.043286  0.930500 0.382300 1 37 1.000000
0  -5.333076 -22.112476 -14.151558  -0.029228 0.998747 -0.040633  0.980500 0.381500 1 37 1.000000
v_nailgun.tga
0  -7.578712 -22.190184 -14.446279  -0.027980 0.999256 -0.026546  0.930000 0.388500 1 37 1.000000
0  -5.333076 -22.112476 -14.151558  -0.029228 0.998747 -0.040633  0.980500 0.381500 1 37 1.000000
0  -5.332815 -22.122440 -14.448491  -0.030166 0.998995 -0.033166  0.979700 0.387800 1 37 1.000000
v_nailgun.tga
0  -5.333445 -22.102234 -13.456992  -0.026373 0.998910 -0.038527  0.980900 0.362400 1 37 1.000000
0  -5.333220 -22.110828 -13.711847  -0.026918 0.999069 -0.033717  0.980200 0.367600 1 37 1.000000
0  -7.579208 -22.171249 -13.709090  -0.026217 0.998929 -0.038137  0.930300 0.367400 1 37 1.000000
v_nailgun.tga
0  -5.333445 -22.102234 -13.456992  -0.026373 0.998910 -0.038527  0.980900 0.362400 1 37 1.000000
0  -7.579208 -22.171249 -13.709090  -0.026217 0.998929 -0.038137  0.930300 0.367400 1 37 1.000000
0  -7.579477 -22.160978 -13.454994  -0.026160 0.998842 -0.040388  0.929800 0.362600 1 37 1.000000
v_nailgun.tga
0  -5.338926 -21.934877 -13.716594  -0.028137 0.998834 -0.039222  0.981700 0.370000 1 37 1.000000
0  -5.338539 -21.949659 -14.154346  -0.028926 0.999011 -0.033763  0.982300 0.378900 1 37 1.000000
0  -7.579212 -22.014460 -14.152030  -0.028434 0.998937 -0.036268  0.928800 0.379800 1 37 1.000000
v_nailgun.tga
0  -5.338926 -21.934877 -13.716594  -0.028137 0.998834 -0.039222  0.981700 0.370000 1 37 1.000000
0  -7.579212 -22.014460 -14.152030  -0.028434 0.998937 -0.036268  0.928800 0.379800 1 37 1.000000
0  -7.582212 -21.995323 -13.713734  -0.026965 0.998677 -0.043792  0.928100 0.369900 1 37 1.000000
v_nailgun.tga
0  -7.582212 -21.995323 -13.713734  -0.000057 0.026433 0.999650  0.928100 0.369900 1 37 1.000000
0  -7.579208 -22.171249 -13.709090  0.002289 0.026442 0.999648  0.930300 0.367400 1 37 1.000000
0  -5.333220 -22.110828 -13.711847  0.000545 0.026954 0.999637  0.980200 0.367600 1 37 1.000000
v_nailgun.tga
0  -7.582212 -21.995323 -13.713734  -0.000057 0.026433 0.999650  0.928100 0.369900 1 37 1.000000
0  -5.333220 -22.110828 -13.711847  0.000545 0.026954 0.999637  0.980200 0.367600 1 37 1.000000
0  -5.338926 -21.934877 -13.716594  -0.003698 0.027413 0.999617  0.981700 0.370000 1 37 1.000000
v_nailgun.tga
0  -4.539507 -24.843800 -11.303102  -0.026169 0.999047 -0.034934  0.560100 0.477800 1 37 1.000000
0  -4.535557 -24.914440 -11.053183  -0.020179 0.793665 0.608021  0.573400 0.472600 1 37 1.000000
0  -4.326828 -24.908981 -11.053382  0.190552 0.775878 0.601418  0.577500 0.482900 1 37 1.000000
v_nailgun.tga
0  -4.539507 -24.843800 -11.303102  -0.026169 0.999047 -0.034934  0.560100 0.477800 1 37 1.000000
0  -4.326828 -24.908981 -11.053382  0.190552 0.775878 0.601418  0.577500 0.482900 1 37 1.000000
0  -4.331079 -24.838346 -11.303303  0.165768 0.985561 -0.034493  0.564200 0.488200 1 37 1.000000
v_nailgun.tga
0  -4.326828 -24.908981 -11.053382  0.190552 0.775878 0.601418  0.577500 0.482900 1 37 1.000000
0  -4.198119 -24.945833 -11.101608  0.410680 0.742567 0.529090  0.577500 0.489600 1 37 1.000000
0  -4.201696 -24.889444 -11.301401  0.367428 0.929481 -0.032577  0.569000 0.493100 1 37 1.000000
v_nailgun.tga
0  -4.326828 -24.908981 -11.053382  0.190552 0.775878 0.601418  0.577500 0.482900 1 37 1.000000
0  -4.201696 -24.889444 -11.301401  0.367428 0.929481 -0.032577  0.569000 0.493100 1 37 1.000000
0  -4.331079 -24.838346 -11.303303  0.165768 0.985561 -0.034493  0.564200 0.488200 1 37 1.000000
v_nailgun.tga
0  -4.331079 -24.838346 -11.303303  0.165768 0.985561 -0.034493  0.564200 0.488200 1 37 1.000000
0  -4.326376 -24.926224 -11.547280  0.190918 0.730808 -0.655340  0.558100 0.501600 1 37 1.000000
0  -4.535106 -24.931683 -11.547081  -0.020208 0.748312 -0.663039  0.548800 0.497200 1 37 1.000000
v_nailgun.tga
0  -4.331079 -24.838346 -11.303303  0.165768 0.985561 -0.034493  0.564200 0.488200 1 37 1.000000
0  -4.535106 -24.931683 -11.547081  -0.020208 0.748312 -0.663039  0.548800 0.497200 1 37 1.000000
0  -4.539507 -24.843800 -11.303102  -0.026169 0.999047 -0.034934  0.553800 0.483400 1 37 1.000000
v_nailgun.tga
0  -4.331079 -24.838346 -11.303303  0.165768 0.985561 -0.034493  0.564200 0.488200 1 37 1.000000
0  -4.201696 -24.889444 -11.301401  0.367428 0.929481 -0.032577  0.569000 0.493100 1 37 1.000000
0  -4.197759 -24.959618 -11.496468  0.411946 0.702302 -0.580580  0.565200 0.501600 1 37 1.000000
v_nailgun.tga
0  -4.331079 -24.838346 -11.303303  0.165768 0.985561 -0.034493  0.564200 0.488200 1 37 1.000000
0  -4.197759 -24.959618 -11.496468  0.411946 0.702302 -0.580580  0.565200 0.501600 1 37 1.000000
0  -4.326376 -24.926224 -11.547280  0.190918 0.730808 -0.655340  0.558100 0.501600 1 37 1.000000
v_nailgun.tga
0  -4.535557 -24.914440 -11.053183  -0.020179 0.793665 0.608021  0.582200 0.470700 1 37 1.000000
0  -4.525438 -25.102196 -10.942655  -0.005189 0.233951 0.972234  0.596400 0.477400 1 37 1.000000
0  -4.316010 -25.096718 -10.942855  0.232842 0.227314 0.945575  0.590800 0.488200 1 37 1.000000
v_nailgun.tga
0  -4.535557 -24.914440 -11.053183  -0.020179 0.793665 0.608021  0.582200 0.470700 1 37 1.000000
0  -4.316010 -25.096718 -10.942855  0.232842 0.227314 0.945575  0.590800 0.488200 1 37 1.000000
0  -4.326828 -24.908981 -11.053382  0.190552 0.775878 0.601418  0.577500 0.482900 1 37 1.000000
v_nailgun.tga
0  -4.316010 -25.096718 -10.942855  0.232842 0.227314 0.945575  0.590800 0.488200 1 37 1.000000
0  -4.189188 -25.095860 -11.013312  0.466228 0.239903 0.851515  0.586100 0.493100 1 37 1.000000
0  -4.198119 -24.945833 -11.101608  0.410680 0.742567 0.529090  0.577500 0.489600 1 37 1.000000
v_nailgun.tga
0  -4.316010 -25.096718 -10.942855  0.232842 0.227314 0.945575  0.590800 0.488200 1 37 1.000000
0  -4.198119 -24.945833 -11.101608  0.410680 0.742567 0.529090  0.577500 0.489600 1 37 1.000000
0  -4.326828 -24.908981 -11.053382  0.190552 0.775878 0.601418  0.577500 0.482900 1 37 1.000000
v_nailgun.tga
0  -4.525438 -25.102196 -10.942655  -0.005189 0.233951 0.972234  0.601500 0.484600 1 37 1.000000
0  -4.493795 -26.108107 -11.007970  0.002641 -0.064712 0.997900  0.606500 0.497900 1 37 1.000000
0  -4.283668 -26.102612 -11.008170  0.191893 -0.050643 0.980108  0.597000 0.501600 1 37 1.000000
v_nailgun.tga
0  -4.525438 -25.102196 -10.942655  -0.005189 0.233951 0.972234  0.601500 0.484600 1 37 1.000000
0  -4.283668 -26.102612 -11.008170  0.191893 -0.050643 0.980108  0.597000 0.501600 1 37 1.000000
0  -4.316010 -25.096718 -10.942855  0.232842 0.227314 0.945575  0.590800 0.488200 1 37 1.000000
v_nailgun.tga
0  -4.283668 -26.102612 -11.008170  0.191893 -0.050643 0.980108  0.597000 0.501600 1 37 1.000000
0  -4.158484 -26.069798 -11.059532  0.386479 -0.031560 0.921758  0.589800 0.501600 1 37 1.000000
0  -4.189188 -25.095860 -11.013312  0.466228 0.239903 0.851515  0.586100 0.493100 1 37 1.000000
v_nailgun.tga
0  -4.283668 -26.102612 -11.008170  0.191893 -0.050643 0.980108  0.597000 0.501600 1 37 1.000000
0  -4.189188 -25.095860 -11.013312  0.466228 0.239903 0.851515  0.586100 0.493100 1 37 1.000000
0  -4.316010 -25.096718 -10.942855  0.232842 0.227314 0.945575  0.590800 0.488200 1 37 1.000000
v_nailgun.tga
0  -4.493795 -26.108107 -11.007970  0.025328 -0.958153 0.285133  0.606300 0.506000 1 37 1.000000
0  -4.489679 -26.181259 -11.254164  0.025326 -0.958150 0.285143  0.601200 0.519700 1 37 1.000000
0  -4.279251 -26.175756 -11.254364  0.185323 -0.941046 0.282999  0.590800 0.514900 1 37 1.000000
v_nailgun.tga
0  -4.493795 -26.108107 -11.007970  0.025328 -0.958153 0.285133  0.606300 0.506000 1 37 1.000000
0  -4.279251 -26.175756 -11.254364  0.185323 -0.941046 0.282999  0.590800 0.514900 1 37 1.000000
0  -4.283668 -26.102612 -11.008170  0.170557 -0.943705 0.283426  0.597000 0.501600 1 37 1.000000
v_nailgun.tga
0  -4.279251 -26.175756 -11.254364  0.185323 -0.941046 0.282999  0.590800 0.514900 1 37 1.000000
0  -4.154854 -26.128218 -11.256110  0.346748 -0.897322 0.273091  0.586100 0.510100 1 37 1.000000
0  -4.158484 -26.069798 -11.059532  0.347012 -0.897286 0.272874  0.589800 0.501600 1 37 1.000000
v_nailgun.tga
0  -4.279251 -26.175756 -11.254364  0.185323 -0.941046 0.282999  0.590800 0.514900 1 37 1.000000
0  -4.158484 -26.069798 -11.059532  0.347012 -0.897286 0.272874  0.589800 0.501600 1 37 1.000000
0  -4.283668 -26.102612 -11.008170  0.170557 -0.943705 0.283426  0.597000 0.501600 1 37 1.000000
v_nailgun.tga
0  -4.524797 -25.126661 -11.643428  -0.012432 0.442442 -0.896711  0.553500 0.518600 1 37 1.000000
0  -4.535106 -24.931683 -11.547081  -0.020208 0.748312 -0.663039  0.548600 0.505300 1 37 1.000000
0  -4.326376 -24.926224 -11.547280  0.190918 0.730808 -0.655340  0.558100 0.501600 1 37 1.000000
v_nailgun.tga
0  -4.524797 -25.126661 -11.643428  -0.012432 0.442442 -0.896711  0.553500 0.518600 1 37 1.000000
0  -4.326376 -24.926224 -11.547280  0.190918 0.730808 -0.655340  0.558100 0.501600 1 37 1.000000
0  -4.315370 -25.121183 -11.643628  0.198177 0.443232 -0.874226  0.564200 0.514900 1 37 1.000000
v_nailgun.tga
0  -4.326376 -24.926224 -11.547280  0.190918 0.730808 -0.655340  0.558100 0.501600 1 37 1.000000
0  -4.197759 -24.959618 -11.496468  0.411946 0.702302 -0.580580  0.565200 0.501600 1 37 1.000000
0  -4.188676 -25.115408 -11.573271  0.425807 0.420030 -0.801413  0.569000 0.510100 1 37 1.000000
v_nailgun.tga
0  -4.326376 -24.926224 -11.547280  0.190918 0.730808 -0.655340  0.558100 0.501600 1 37 1.000000
0  -4.188676 -25.115408 -11.573271  0.425807 0.420030 -0.801413  0.569000 0.510100 1 37 1.000000
0  -4.315370 -25.121183 -11.643628  0.198177 0.443232 -0.874226  0.564200 0.514900 1 37 1.000000
v_nailgun.tga
0  -4.188932 -25.105635 -11.293342  0.999123 0.041869 -0.000546  0.577500 0.501600 1 37 1.000000
0  -4.197759 -24.959618 -11.496468  0.998987 0.044979 0.001490  0.565200 0.501600 1 37 1.000000
0  -4.201696 -24.889444 -11.301401  0.998263 0.058896 -0.001146  0.569000 0.493100 1 37 1.000000
v_nailgun.tga
0  -4.188932 -25.105635 -11.293342  0.999123 0.041869 -0.000546  0.577500 0.501600 1 37 1.000000
0  -4.201696 -24.889444 -11.301401  0.998263 0.058896 -0.001146  0.569000 0.493100 1 37 1.000000
0  -4.198119 -24.945833 -11.101608  0.998991 0.044821 -0.002760  0.577500 0.489600 1 37 1.000000
v_nailgun.tga
0  -4.198119 -24.945833 -11.101608  0.998991 0.044821 -0.002760  0.577500 0.489600 1 37 1.000000
0  -4.189188 -25.095860 -11.013312  0.998469 0.033564 -0.043968  0.586100 0.493100 1 37 1.000000
0  -4.158484 -26.069798 -11.059532  0.999323 0.036778 -0.000393  0.589800 0.501600 1 37 1.000000
v_nailgun.tga
0  -4.198119 -24.945833 -11.101608  0.998991 0.044821 -0.002760  0.577500 0.489600 1 37 1.000000
0  -4.158484 -26.069798 -11.059532  0.999323 0.036778 -0.000393  0.589800 0.501600 1 37 1.000000
0  -4.188932 -25.105635 -11.293342  0.999123 0.041869 -0.000546  0.577500 0.501600 1 37 1.000000
v_nailgun.tga
0  -4.158484 -26.069798 -11.059532  0.999323 0.036778 -0.000393  0.589800 0.501600 1 37 1.000000
0  -4.154854 -26.128218 -11.256110  0.997767 0.066770 -0.001419  0.586100 0.510100 1 37 1.000000
0  -4.158121 -26.083654 -11.456490  0.999324 0.036769 -0.000349  0.577500 0.513500 1 37 1.000000
v_nailgun.tga
0  -4.158484 -26.069798 -11.059532  0.999323 0.036778 -0.000393  0.589800 0.501600 1 37 1.000000
0  -4.158121 -26.083654 -11.456490  0.999324 0.036769 -0.000349  0.577500 0.513500 1 37 1.000000
0  -4.188932 -25.105635 -11.293342  0.999123 0.041869 -0.000546  0.577500 0.501600 1 37 1.000000
v_nailgun.tga
0  -4.158121 -26.083654 -11.456490  0.999324 0.036769 -0.000349  0.577500 0.513500 1 37 1.000000
0  -4.188676 -25.115408 -11.573271  0.998376 0.036755 0.043520  0.569000 0.510100 1 37 1.000000
0  -4.197759 -24.959618 -11.496468  0.998987 0.044979 0.001490  0.565200 0.501600 1 37 1.000000
v_nailgun.tga
0  -4.158121 -26.083654 -11.456490  0.999324 0.036769 -0.000349  0.577500 0.513500 1 37 1.000000
0  -4.197759 -24.959618 -11.496468  0.998987 0.044979 0.001490  0.565200 0.501600 1 37 1.000000
0  -4.188932 -25.105635 -11.293342  0.999123 0.041869 -0.000546  0.577500 0.501600 1 37 1.000000
v_nailgun.tga
0  -5.911596 -26.390228 -13.694460  0.124556 0.285897 -0.950131  0.617300 0.276100 1 37 1.000000
0  -5.971646 -24.948898 -12.748126  0.106708 0.548813 -0.829107  0.578100 0.261600 1 37 1.000000
0  -5.542408 -24.933277 -12.622702  0.456042 0.502821 -0.734301  0.580500 0.251800 1 37 1.000000
v_nailgun.tga
0  -5.911596 -26.390228 -13.694460  0.124556 0.285897 -0.950131  0.617300 0.276100 1 37 1.000000
0  -5.542408 -24.933277 -12.622702  0.456042 0.502821 -0.734301  0.580500 0.251800 1 37 1.000000
0  -5.472763 -26.374254 -13.566138  0.464364 0.270720 -0.843254  0.617800 0.266900 1 37 1.000000
v_nailgun.tga
0  -5.911596 -26.390228 -13.694460  0.124556 0.285897 -0.950131  0.617300 0.276100 1 37 1.000000
0  -6.131121 -26.395969 -13.694260  -0.008490 0.291275 -0.956602  0.617000 0.280600 1 37 1.000000
0  -6.186273 -24.954514 -12.747926  -0.015121 0.548341 -0.836118  0.576500 0.266200 1 37 1.000000
v_nailgun.tga
0  -5.911596 -26.390228 -13.694460  0.124556 0.285897 -0.950131  0.617300 0.276100 1 37 1.000000
0  -6.186273 -24.954514 -12.747926  -0.015121 0.548341 -0.836118  0.576500 0.266200 1 37 1.000000
0  -5.971646 -24.948898 -12.748126  0.106708 0.548813 -0.829107  0.578100 0.261600 1 37 1.000000
v_nailgun.tga
0  -5.472763 -26.374254 -13.566138  0.464364 0.270720 -0.843254  0.617800 0.266900 1 37 1.000000
0  -5.281909 -31.565407 -13.609273  0.514022 0.026227 -0.857376  0.763400 0.267100 1 37 1.000000
0  -5.775249 -31.524471 -13.749639  0.142856 0.014660 -0.989635  0.761900 0.276400 1 37 1.000000
v_nailgun.tga
0  -5.472763 -26.374254 -13.566138  0.464364 0.270720 -0.843254  0.617800 0.266900 1 37 1.000000
0  -5.775249 -31.524471 -13.749639  0.142856 0.014660 -0.989635  0.761900 0.276400 1 37 1.000000
0  -5.911596 -26.390228 -13.694460  0.124556 0.285897 -0.950131  0.617300 0.276100 1 37 1.000000
v_nailgun.tga
0  -5.472763 -26.374254 -13.566138  0.464364 0.270720 -0.843254  0.617800 0.266900 1 37 1.000000
0  -5.542408 -24.933277 -12.622702  0.456042 0.502821 -0.734301  0.580500 0.251800 1 37 1.000000
0  -5.113441 -24.907314 -12.201059  0.610257 0.454392 -0.648933  0.581500 0.238400 1 37 1.000000
v_nailgun.tga
0  -5.472763 -26.374254 -13.566138  0.464364 0.270720 -0.843254  0.617800 0.266900 1 37 1.000000
0  -5.113441 -24.907314 -12.201059  0.610257 0.454392 -0.648933  0.581500 0.238400 1 37 1.000000
0  -5.034113 -26.347509 -13.135107  0.666005 0.271373 -0.694834  0.617900 0.254600 1 37 1.000000
v_nailgun.tga
0  -5.034113 -26.347509 -13.135107  0.666005 0.271373 -0.694834  0.617900 0.254600 1 37 1.000000
0  -4.786967 -31.598728 -13.129066  0.697096 0.031984 -0.716264  0.766000 0.254600 1 37 1.000000
0  -5.281909 -31.565407 -13.609273  0.514022 0.026227 -0.857376  0.763400 0.267100 1 37 1.000000
v_nailgun.tga
0  -5.034113 -26.347509 -13.135107  0.666005 0.271373 -0.694834  0.617900 0.254600 1 37 1.000000
0  -5.281909 -31.565407 -13.609273  0.514022 0.026227 -0.857376  0.763400 0.267100 1 37 1.000000
0  -5.472763 -26.374254 -13.566138  0.464364 0.270720 -0.843254  0.617800 0.266900 1 37 1.000000
v_nailgun.tga
0  -5.034113 -26.347509 -13.135107  0.998637 0.052187 0.000407  0.617900 0.254600 1 37 1.000000
0  -5.113441 -24.907314 -12.201059  0.998449 0.055664 -0.001030  0.581500 0.238400 1 37 1.000000
0  -5.115545 -24.826988 -9.900162  0.998448 0.055676 -0.001036  0.580300 0.188800 1 37 1.000000
v_nailgun.tga
0  -5.034113 -26.347509 -13.135107  0.998637 0.052187 0.000407  0.617900 0.254600 1 37 1.000000
0  -5.115545 -24.826988 -9.900162  0.998448 0.055676 -0.001036  0.580300 0.188800 1 37 1.000000
0  -5.037117 -26.232851 -9.873724  0.998817 0.048626 0.000179  0.616900 0.188000 1 37 1.000000
v_nailgun.tga
0  -5.037117 -26.232851 -9.873724  0.998817 0.048626 0.000179  0.616900 0.188000 1 37 1.000000
0  -4.782585 -31.598026 -9.461852  0.998880 0.047296 -0.001203  0.770100 0.187600 1 37 1.000000
0  -4.786967 -31.598728 -13.129066  0.998885 0.047197 -0.001039  0.766000 0.254600 1 37 1.000000
v_nailgun.tga
0  -5.037117 -26.232851 -9.873724  0.998817 0.048626 0.000179  0.616900 0.188000 1 37 1.000000
0  -4.786967 -31.598728 -13.129066  0.998885 0.047197 -0.001039  0.766000 0.254600 1 37 1.000000
0  -5.034113 -26.347509 -13.135107  0.998637 0.052187 0.000407  0.617900 0.254600 1 37 1.000000
v_nailgun.tga
0  -5.775249 -31.524471 -13.749639  0.142856 0.014660 -0.989635  0.761900 0.276400 1 37 1.000000
0  -6.020565 -31.530888 -13.749439  -0.001291 0.010711 -0.999942  0.761900 0.281000 1 37 1.000000
0  -6.131121 -26.395969 -13.694260  -0.008490 0.291275 -0.956602  0.617000 0.280600 1 37 1.000000
v_nailgun.tga
0  -5.775249 -31.524471 -13.749639  0.142856 0.014660 -0.989635  0.761900 0.276400 1 37 1.000000
0  -6.131121 -26.395969 -13.694260  -0.008490 0.291275 -0.956602  0.617000 0.280600 1 37 1.000000
0  -5.911596 -26.390228 -13.694460  0.124556 0.285897 -0.950131  0.617300 0.276100 1 37 1.000000
v_nailgun.tga
0  -6.020565 -31.530888 -13.749439  -0.001291 0.010711 -0.999942  0.761900 0.281000 1 37 1.000000
0  -6.265982 -31.537304 -13.749139  -0.001500 0.010699 -0.999942  0.761900 0.276400 1 37 1.000000
0  -6.350546 -26.401709 -13.694061  -0.008486 0.291117 -0.956650  0.617300 0.276100 1 37 1.000000
v_nailgun.tga
0  -6.020565 -31.530888 -13.749439  -0.001291 0.010711 -0.999942  0.761900 0.281000 1 37 1.000000
0  -6.350546 -26.401709 -13.694061  -0.008486 0.291117 -0.956650  0.617300 0.276100 1 37 1.000000
0  -6.131121 -26.395969 -13.694260  -0.008490 0.291275 -0.956602  0.617000 0.280600 1 37 1.000000
v_nailgun.tga
0  -6.131121 -26.395969 -13.694260  -0.008490 0.291275 -0.956602  0.617000 0.280600 1 37 1.000000
0  -6.350546 -26.401709 -13.694061  -0.008486 0.291117 -0.956650  0.617300 0.276100 1 37 1.000000
0  -6.400999 -24.960129 -12.747725  -0.015115 0.548342 -0.836117  0.578100 0.261600 1 37 1.000000
v_nailgun.tga
0  -6.131121 -26.395969 -13.694260  -0.008490 0.291275 -0.956602  0.617000 0.280600 1 37 1.000000
0  -6.400999 -24.960129 -12.747725  -0.015115 0.548342 -0.836117  0.578100 0.261600 1 37 1.000000
0  -6.186273 -24.954514 -12.747926  -0.015121 0.548341 -0.836118  0.576500 0.266200 1 37 1.000000
v_nailgun.tga
0  -6.370178 -27.279379 -8.909742  -0.126781 0.105182 0.986338  0.503300 0.567600 1 37 1.000000
0  -6.379821 -26.777464 -8.964496  -0.127317 0.105145 0.986273  0.477200 0.567500 1 37 1.000000
0  -6.863971 -26.793373 -9.088559  -0.365326 0.095453 0.925973  0.477200 0.551800 1 37 1.000000
v_nailgun.tga
0  -6.370178 -27.279379 -8.909742  -0.126781 0.105182 0.986338  0.503300 0.567600 1 37 1.000000
0  -6.863971 -26.793373 -9.088559  -0.365326 0.095453 0.925973  0.477200 0.551800 1 37 1.000000
0  -6.859925 -27.295485 -9.035204  -0.363561 0.095539 0.926658  0.503300 0.551900 1 37 1.000000
v_nailgun.tga
0  -6.370178 -27.279379 -8.909742  -0.126781 0.105182 0.986338  0.503300 0.567600 1 37 1.000000
0  -5.869352 -27.266178 -8.910145  0.122284 0.111331 0.986231  0.503300 0.583200 1 37 1.000000
0  -5.884694 -26.764410 -8.964899  0.123221 0.111372 0.986110  0.477200 0.583200 1 37 1.000000
v_nailgun.tga
0  -6.370178 -27.279379 -8.909742  -0.126781 0.105182 0.986338  0.503300 0.567600 1 37 1.000000
0  -5.884694 -26.764410 -8.964899  0.123221 0.111372 0.986110  0.477200 0.583200 1 37 1.000000
0  -6.379821 -26.777464 -8.964496  -0.127317 0.105145 0.986273  0.477200 0.567500 1 37 1.000000
v_nailgun.tga
0  -6.863971 -26.793373 -9.088559  -0.365326 0.095453 0.925973  0.477200 0.551800 1 37 1.000000
0  -7.317148 -26.811535 -9.331687  -0.571218 0.083577 0.816532  0.477200 0.536100 1 37 1.000000
0  -7.318401 -27.313877 -9.281131  -0.569002 0.083732 0.818062  0.503300 0.536200 1 37 1.000000
v_nailgun.tga
0  -6.863971 -26.793373 -9.088559  -0.365326 0.095453 0.925973  0.477200 0.551800 1 37 1.000000
0  -7.318401 -27.313877 -9.281131  -0.569002 0.083732 0.818062  0.503300 0.536200 1 37 1.000000
0  -6.859925 -27.295485 -9.035204  -0.363561 0.095539 0.926658  0.503300 0.551900 1 37 1.000000
v_nailgun.tga
0  -6.863971 -26.793373 -9.088559  -0.026232 0.999317 -0.026017  0.477200 0.551800 1 37 1.000000
0  -6.709052 -26.795897 -9.342784  -0.026300 0.999317 -0.025968  0.469700 0.552500 1 37 1.000000
0  -7.073176 -26.811113 -9.556916  -0.026015 0.999319 -0.026175  0.469500 0.537100 1 37 1.000000
v_nailgun.tga
0  -6.863971 -26.793373 -9.088559  -0.026232 0.999317 -0.026017  0.477200 0.551800 1 37 1.000000
0  -7.073176 -26.811113 -9.556916  -0.026015 0.999319 -0.026175  0.469500 0.537100 1 37 1.000000
0  -7.317148 -26.811535 -9.331687  -0.026046 0.999318 -0.026184  0.477200 0.536100 1 37 1.000000
v_nailgun.tga
0  -6.379821 -26.777464 -8.964496  -0.026249 0.999318 -0.025974  0.477200 0.567500 1 37 1.000000
0  -6.320058 -26.782892 -9.233416  -0.026209 0.999317 -0.026051  0.469700 0.567700 1 37 1.000000
0  -6.709052 -26.795897 -9.342784  -0.026300 0.999317 -0.025968  0.469700 0.552500 1 37 1.000000
v_nailgun.tga
0  -6.379821 -26.777464 -8.964496  -0.026249 0.999318 -0.025974  0.477200 0.567500 1 37 1.000000
0  -6.709052 -26.795897 -9.342784  -0.026300 0.999317 -0.025968  0.469700 0.552500 1 37 1.000000
0  -6.863971 -26.793373 -9.088559  -0.026232 0.999317 -0.026017  0.477200 0.551800 1 37 1.000000
v_nailgun.tga
0  -7.317148 -26.811535 -9.331687  -0.571218 0.083577 0.816532  0.477200 0.536100 1 37 1.000000
0  -7.718369 -26.831320 -9.683278  -0.735289 0.070878 0.674038  0.477200 0.520300 1 37 1.000000
0  -7.724218 -27.333828 -9.636823  -0.733230 0.071077 0.676256  0.503300 0.520500 1 37 1.000000
v_nailgun.tga
0  -7.317148 -26.811535 -9.331687  -0.571218 0.083577 0.816532  0.477200 0.536100 1 37 1.000000
0  -7.724218 -27.333828 -9.636823  -0.733230 0.071077 0.676256  0.503300 0.520500 1 37 1.000000
0  -7.318401 -27.313877 -9.281131  -0.569002 0.083732 0.818062  0.503300 0.536200 1 37 1.000000
v_nailgun.tga
0  -7.317148 -26.811535 -9.331687  -0.026046 0.999318 -0.026184  0.477200 0.536100 1 37 1.000000
0  -7.073176 -26.811113 -9.556916  -0.026015 0.999319 -0.026175  0.469500 0.537100 1 37 1.000000
0  -7.395456 -26.827568 -9.866625  -0.026309 0.999313 -0.026090  0.469200 0.521800 1 37 1.000000
v_nailgun.tga
0  -7.317148 -26.811535 -9.331687  -0.026046 0.999318 -0.026184  0.477200 0.536100 1 37 1.000000
0  -7.395456 -26.827568 -9.866625  -0.026309 0.999313 -0.026090  0.469200 0.521800 1 37 1.000000
0  -7.718369 -26.831320 -9.683278  -0.026381 0.999312 -0.026069  0.477200 0.520300 1 37 1.000000
v_nailgun.tga
0  -7.718369 -26.831320 -9.683278  -0.735289 0.070878 0.674038  0.477200 0.520300 1 37 1.000000
0  -8.050152 -26.851637 -10.127943  -0.856880 0.058615 0.512173  0.477200 0.504300 1 37 1.000000
0  -8.059895 -27.354332 -10.086688  -0.855316 0.058815 0.514758  0.503300 0.504700 1 37 1.000000
v_nailgun.tga
0  -7.718369 -26.831320 -9.683278  -0.735289 0.070878 0.674038  0.477200 0.520300 1 37 1.000000
0  -8.059895 -27.354332 -10.086688  -0.855316 0.058815 0.514758  0.503300 0.504700 1 37 1.000000
0  -7.724218 -27.333828 -9.636823  -0.733230 0.071077 0.676256  0.503300 0.520500 1 37 1.000000
v_nailgun.tga
0  -7.718369 -26.831320 -9.683278  -0.026381 0.999312 -0.026069  0.477200 0.520300 1 37 1.000000
0  -7.395456 -26.827568 -9.866625  -0.026309 0.999313 -0.026090  0.469200 0.521800 1 37 1.000000
0  -7.661995 -26.844828 -10.258306  -0.026319 0.999313 -0.026088  0.468800 0.506100 1 37 1.000000
v_nailgun.tga
0  -7.718369 -26.831320 -9.683278  -0.026381 0.999312 -0.026069  0.477200 0.520300 1 37 1.000000
0  -7.661995 -26.844828 -10.258306  -0.026319 0.999313 -0.026088  0.468800 0.506100 1 37 1.000000
0  -8.050152 -26.851637 -10.127943  -0.026259 0.999315 -0.026086  0.477200 0.504300 1 37 1.000000
v_nailgun.tga
0  -8.050152 -26.851637 -10.127943  -0.856880 0.058615 0.512173  0.477200 0.504300 1 37 1.000000
0  -8.298012 -26.871737 -10.649286  -0.976049 0.039323 0.213966  0.477200 0.487700 1 37 1.000000
0  -8.310547 -27.374712 -10.614028  -0.974100 0.039903 0.222569  0.503300 0.488300 1 37 1.000000
v_nailgun.tga
0  -8.050152 -26.851637 -10.127943  -0.856880 0.058615 0.512173  0.477200 0.504300 1 37 1.000000
0  -8.310547 -27.374712 -10.614028  -0.974100 0.039903 0.222569  0.503300 0.488300 1 37 1.000000
0  -8.059895 -27.354332 -10.086688  -0.855316 0.058815 0.514758  0.503300 0.504700 1 37 1.000000
v_nailgun.tga
0  -8.050152 -26.851637 -10.127943  -0.026259 0.999315 -0.026086  0.477200 0.504300 1 37 1.000000
0  -7.661995 -26.844828 -10.258306  -0.026319 0.999313 -0.026088  0.468800 0.506100 1 37 1.000000
0  -7.861113 -26.862078 -10.717465  -0.026191 0.999317 -0.026080  0.468300 0.490700 1 37 1.000000
v_nailgun.tga
0  -8.050152 -26.851637 -10.127943  -0.026259 0.999315 -0.026086  0.477200 0.504300 1 37 1.000000
0  -7.861113 -26.862078 -10.717465  -0.026191 0.999317 -0.026080  0.468300 0.490700 1 37 1.000000
0  -8.298012 -26.871737 -10.649286  -0.026136 0.999319 -0.026055  0.477200 0.487700 1 37 1.000000
v_nailgun.tga
0  -8.298012 -26.871737 -10.649286  -0.976049 0.039323 0.213966  0.477200 0.487700 1 37 1.000000
0  -8.297592 -26.887741 -11.265303  -0.999691 0.024818 -0.001326  0.477600 0.471300 1 37 1.000000
0  -8.310122 -27.390963 -11.237140  -0.999691 0.024819 -0.001327  0.503700 0.471900 1 37 1.000000
v_nailgun.tga
0  -8.298012 -26.871737 -10.649286  -0.976049 0.039323 0.213966  0.477200 0.487700 1 37 1.000000
0  -8.310122 -27.390963 -11.237140  -0.999691 0.024819 -0.001327  0.503700 0.471900 1 37 1.000000
0  -8.310547 -27.374712 -10.614028  -0.974100 0.039903 0.222569  0.503300 0.488300 1 37 1.000000
v_nailgun.tga
0  -8.298012 -26.871737 -10.649286  -0.026136 0.999319 -0.026055  0.477200 0.487700 1 37 1.000000
0  -7.861113 -26.862078 -10.717465  -0.026191 0.999317 -0.026080  0.468300 0.490700 1 37 1.000000
0  -7.860743 -26.876213 -11.259902  -0.026093 0.999321 -0.026012  0.460100 0.476600 1 37 1.000000
v_nailgun.tga
0  -8.298012 -26.871737 -10.649286  -0.026136 0.999319 -0.026055  0.477200 0.487700 1 37 1.000000
0  -7.860743 -26.876213 -11.259902  -0.026093 0.999321 -0.026012  0.460100 0.476600 1 37 1.000000
0  -8.297592 -26.887741 -11.265303  -0.026050 0.999323 -0.025987  0.468100 0.471900 1 37 1.000000
v_nailgun.tga
0  -5.884694 -26.764410 -8.964899  -0.026233 0.999310 -0.026301  0.477200 0.583200 1 37 1.000000
0  -5.922295 -26.772490 -9.233815  -0.026201 0.999310 -0.026336  0.469700 0.583000 1 37 1.000000
0  -6.320058 -26.782892 -9.233416  -0.026209 0.999317 -0.026051  0.469700 0.567700 1 37 1.000000
v_nailgun.tga
0  -5.884694 -26.764410 -8.964899  -0.026233 0.999310 -0.026301  0.477200 0.583200 1 37 1.000000
0  -6.320058 -26.782892 -9.233416  -0.026209 0.999317 -0.026051  0.469700 0.567700 1 37 1.000000
0  -6.379821 -26.777464 -8.964496  -0.026249 0.999318 -0.025974  0.477200 0.567500 1 37 1.000000
v_nailgun.tga
0  -5.869352 -27.266178 -8.910145  0.122284 0.111331 0.986231  0.503300 0.583200 1 37 1.000000
0  -5.378234 -27.256634 -9.036607  0.359258 0.113397 0.926323  0.503300 0.599000 1 37 1.000000
0  -5.399174 -26.754965 -9.089861  0.361365 0.113359 0.925508  0.477200 0.598900 1 37 1.000000
v_nailgun.tga
0  -5.869352 -27.266178 -8.910145  0.122284 0.111331 0.986231  0.503300 0.583200 1 37 1.000000
0  -5.399174 -26.754965 -9.089861  0.361365 0.113359 0.925508  0.477200 0.598900 1 37 1.000000
0  -5.884694 -26.764410 -8.964899  0.123221 0.111372 0.986110  0.477200 0.583200 1 37 1.000000
v_nailgun.tga
0  -5.399174 -26.754965 -9.089861  -0.026193 0.999312 -0.026246  0.477200 0.598900 1 37 1.000000
0  -5.532253 -26.765116 -9.343784  -0.026210 0.999314 -0.026172  0.469800 0.598300 1 37 1.000000
0  -5.922295 -26.772490 -9.233815  -0.026201 0.999310 -0.026336  0.469700 0.583000 1 37 1.000000
v_nailgun.tga
0  -5.399174 -26.754965 -9.089861  -0.026193 0.999312 -0.026246  0.477200 0.598900 1 37 1.000000
0  -5.922295 -26.772490 -9.233815  -0.026201 0.999310 -0.026336  0.469700 0.583000 1 37 1.000000
0  -5.884694 -26.764410 -8.964899  -0.026233 0.999310 -0.026301  0.477200 0.583200 1 37 1.000000
v_nailgun.tga
0  -5.378234 -27.256634 -9.036607  0.359258 0.113397 0.926323  0.503300 0.599000 1 37 1.000000
0  -4.919423 -27.251036 -9.283333  0.564739 0.111940 0.817643  0.503300 0.614700 1 37 1.000000
0  -4.945662 -26.749512 -9.333886  0.567247 0.111853 0.815917  0.477200 0.614600 1 37 1.000000
v_nailgun.tga
0  -5.378234 -27.256634 -9.036607  0.359258 0.113397 0.926323  0.503300 0.599000 1 37 1.000000
0  -4.945662 -26.749512 -9.333886  0.567247 0.111853 0.815917  0.477200 0.614600 1 37 1.000000
0  -5.399174 -26.754965 -9.089861  0.361365 0.113359 0.925508  0.477200 0.598900 1 37 1.000000
v_nailgun.tga
0  -4.543958 -26.748194 -9.686179  0.731370 0.107375 0.673475  0.477200 0.630300 1 37 1.000000
0  -4.945662 -26.749512 -9.333886  0.567247 0.111853 0.815917  0.477200 0.614600 1 37 1.000000
0  -4.919423 -27.251036 -9.283333  0.564739 0.111940 0.817643  0.503300 0.614700 1 37 1.000000
v_nailgun.tga
0  -4.543958 -26.748194 -9.686179  0.731370 0.107375 0.673475  0.477200 0.630300 1 37 1.000000
0  -4.919423 -27.251036 -9.283333  0.564739 0.111940 0.817643  0.503300 0.614700 1 37 1.000000
0  -4.513119 -27.249743 -9.639723  0.729149 0.107443 0.675868  0.503300 0.630500 1 37 1.000000
v_nailgun.tga
0  -4.543958 -26.748194 -9.686179  -0.026213 0.999317 -0.026052  0.477200 0.630300 1 37 1.000000
0  -4.845030 -26.760862 -9.868924  -0.026210 0.999315 -0.026120  0.469300 0.629000 1 37 1.000000
0  -5.167831 -26.761177 -9.558619  -0.026139 0.999319 -0.026061  0.469500 0.613500 1 37 1.000000
v_nailgun.tga
0  -4.543958 -26.748194 -9.686179  -0.026213 0.999317 -0.026052  0.477200 0.630300 1 37 1.000000
0  -5.167831 -26.761177 -9.558619  -0.026139 0.999319 -0.026061  0.469500 0.613500 1 37 1.000000
0  -4.945662 -26.749512 -9.333886  -0.026131 0.999318 -0.026075  0.477200 0.614600 1 37 1.000000
v_nailgun.tga
0  -4.513119 -27.249743 -9.639723  0.729149 0.107443 0.675868  0.503300 0.630500 1 37 1.000000
0  -4.176826 -27.252670 -10.090188  0.851477 0.101231 0.514528  0.503300 0.646500 1 37 1.000000
0  -4.211570 -26.751041 -10.131447  0.853107 0.101178 0.511832  0.477200 0.646100 1 37 1.000000
v_nailgun.tga
0  -4.513119 -27.249743 -9.639723  0.729149 0.107443 0.675868  0.503300 0.630500 1 37 1.000000
0  -4.211570 -26.751041 -10.131447  0.853107 0.101178 0.511832  0.477200 0.646100 1 37 1.000000
0  -4.543958 -26.748194 -9.686179  0.731370 0.107375 0.673475  0.477200 0.630300 1 37 1.000000
v_nailgun.tga
0  -4.945662 -26.749512 -9.333886  -0.026131 0.999318 -0.026075  0.477200 0.614600 1 37 1.000000
0  -5.167831 -26.761177 -9.558619  -0.026139 0.999319 -0.026061  0.469500 0.613500 1 37 1.000000
0  -5.532253 -26.765116 -9.343784  -0.026210 0.999314 -0.026172  0.469800 0.598300 1 37 1.000000
v_nailgun.tga
0  -4.945662 -26.749512 -9.333886  -0.026131 0.999318 -0.026075  0.477200 0.614600 1 37 1.000000
0  -5.532253 -26.765116 -9.343784  -0.026210 0.999314 -0.026172  0.469800 0.598300 1 37 1.000000
0  -5.399174 -26.754965 -9.089861  -0.026193 0.999312 -0.026246  0.477200 0.598900 1 37 1.000000
v_nailgun.tga
0  -4.211570 -26.751041 -10.131447  -0.026279 0.999314 -0.026102  0.477200 0.646100 1 37 1.000000
0  -4.577954 -26.764067 -10.261106  -0.026269 0.999315 -0.026081  0.469100 0.644300 1 37 1.000000
0  -4.845030 -26.760862 -9.868924  -0.026210 0.999315 -0.026120  0.469300 0.629000 1 37 1.000000
v_nailgun.tga
0  -4.211570 -26.751041 -10.131447  -0.026279 0.999314 -0.026102  0.477200 0.646100 1 37 1.000000
0  -4.845030 -26.760862 -9.868924  -0.026210 0.999315 -0.026120  0.469300 0.629000 1 37 1.000000
0  -4.543958 -26.748194 -9.686179  -0.026213 0.999317 -0.026052  0.477200 0.630300 1 37 1.000000
v_nailgun.tga
0  -4.176826 -27.252670 -10.090188  0.851477 0.101231 0.514528  0.503300 0.646500 1 37 1.000000
0  -3.925550 -27.259928 -10.618027  0.970958 0.088138 0.222423  0.503300 0.663100 1 37 1.000000
0  -3.962997 -26.758160 -10.653289  0.972959 0.087694 0.213682  0.477200 0.662500 1 37 1.000000
v_nailgun.tga
0  -4.176826 -27.252670 -10.090188  0.851477 0.101231 0.514528  0.503300 0.646500 1 37 1.000000
0  -3.962997 -26.758160 -10.653289  0.972959 0.087694 0.213682  0.477200 0.662500 1 37 1.000000
0  -4.211570 -26.751041 -10.131447  0.853107 0.101178 0.511832  0.477200 0.646100 1 37 1.000000
v_nailgun.tga
0  -3.962997 -26.758160 -10.653289  -0.026179 0.999317 -0.026098  0.477200 0.662500 1 37 1.000000
0  -4.378310 -26.770788 -10.720670  -0.026184 0.999317 -0.026076  0.468600 0.659500 1 37 1.000000
0  -4.577954 -26.764067 -10.261106  -0.026269 0.999315 -0.026081  0.469100 0.644300 1 37 1.000000
v_nailgun.tga
0  -3.962997 -26.758160 -10.653289  -0.026179 0.999317 -0.026098  0.477200 0.662500 1 37 1.000000
0  -4.577954 -26.764067 -10.261106  -0.026269 0.999315 -0.026081  0.469100 0.644300 1 37 1.000000
0  -4.211570 -26.751041 -10.131447  -0.026279 0.999314 -0.026102  0.477200 0.646100 1 37 1.000000
v_nailgun.tga
0  -3.925550 -27.259928 -10.618027  0.970958 0.088138 0.222423  0.503300 0.663100 1 37 1.000000
0  -3.925124 -27.276180 -11.241139  0.997217 0.074537 -0.001262  0.502900 0.679500 1 37 1.000000
0  -3.962675 -26.774263 -11.269302  0.997224 0.074445 -0.001332  0.476800 0.678900 1 37 1.000000
v_nailgun.tga
0  -3.925550 -27.259928 -10.618027  0.970958 0.088138 0.222423  0.503300 0.663100 1 37 1.000000
0  -3.962675 -26.774263 -11.269302  0.997224 0.074445 -0.001332  0.476800 0.678900 1 37 1.000000
0  -3.962997 -26.758160 -10.653289  0.972959 0.087694 0.213682  0.477200 0.662500 1 37 1.000000
v_nailgun.tga
0  -3.962675 -26.774263 -11.269302  -0.026226 0.999313 -0.026201  0.467900 0.677000 1 37 1.000000
0  -4.377937 -26.785023 -11.263103  -0.026284 0.999310 -0.026245  0.460700 0.672200 1 37 1.000000
0  -4.378310 -26.770788 -10.720670  -0.026184 0.999317 -0.026076  0.468600 0.659500 1 37 1.000000
v_nailgun.tga
0  -3.962675 -26.774263 -11.269302  -0.026226 0.999313 -0.026201  0.467900 0.677000 1 37 1.000000
0  -4.378310 -26.770788 -10.720670  -0.026184 0.999317 -0.026076  0.468600 0.659500 1 37 1.000000
0  -3.962997 -26.758160 -10.653289  -0.026179 0.999317 -0.026098  0.477200 0.662500 1 37 1.000000
v_nailgun.tga
0  -3.925124 -27.276180 -11.241139  -0.013330 -0.056930 -0.998289  0.000000 1.000000 1 37 1.000000
0  -4.345181 -27.287163 -11.234937  -0.013256 -0.056860 -0.998294  0.000000 1.000000 1 37 1.000000
0  -4.377937 -26.785023 -11.263103  -0.013349 -0.056949 -0.998288  0.000000 1.000000 1 37 1.000000
v_nailgun.tga
0  -3.925124 -27.276180 -11.241139  -0.013330 -0.056930 -0.998289  0.000000 1.000000 1 37 1.000000
0  -4.377937 -26.785023 -11.263103  -0.013349 -0.056949 -0.998288  0.000000 1.000000 1 37 1.000000
0  -3.962675 -26.774263 -11.269302  -0.013423 -0.057019 -0.998283  0.000000 1.000000 1 37 1.000000
v_nailgun.tga
0  -6.288515 -31.501995 -8.621267  -0.126811 0.107294 0.986107  0.503300 0.567600 1 37 1.000000
0  -6.297666 -30.999802 -8.677131  -0.127235 0.107368 0.986044  0.477200 0.567500 1 37 1.000000
0  -6.797706 -31.016270 -8.805190  -0.365202 0.097782 0.925778  0.477200 0.551800 1 37 1.000000
v_nailgun.tga
0  -6.288515 -31.501995 -8.621267  -0.126811 0.107294 0.986107  0.503300 0.567600 1 37 1.000000
0  -6.797706 -31.016270 -8.805190  -0.365202 0.097782 0.925778  0.477200 0.551800 1 37 1.000000
0  -6.794852 -31.518684 -8.751027  -0.363740 0.097799 0.926352  0.503300 0.551900 1 37 1.000000
v_nailgun.tga
0  -6.288515 -31.501995 -8.621267  -0.126811 0.107294 0.986107  0.503300 0.567600 1 37 1.000000
0  -5.770693 -31.488449 -8.621767  0.122272 0.113346 0.986003  0.503300 0.583200 1 37 1.000000
0  -5.786339 -30.986427 -8.677530  0.123137 0.113394 0.985890  0.477200 0.583200 1 37 1.000000
v_nailgun.tga
0  -6.288515 -31.501995 -8.621267  -0.126811 0.107294 0.986107  0.503300 0.567600 1 37 1.000000
0  -5.786339 -30.986427 -8.677530  0.123137 0.113394 0.985890  0.477200 0.583200 1 37 1.000000
0  -6.297666 -30.999802 -8.677131  -0.127235 0.107368 0.986044  0.477200 0.567500 1 37 1.000000
v_nailgun.tga
0  -6.797706 -31.016270 -8.805190  -0.365202 0.097782 0.925778  0.477200 0.551800 1 37 1.000000
0  -7.265772 -31.035095 -9.056315  -0.571006 0.086374 0.816390  0.477200 0.536100 1 37 1.000000
0  -7.268917 -31.537682 -9.005352  -0.569081 0.086470 0.817723  0.503300 0.536200 1 37 1.000000
v_nailgun.tga
0  -6.797706 -31.016270 -8.805190  -0.365202 0.097782 0.925778  0.477200 0.551800 1 37 1.000000
0  -7.268917 -31.537682 -9.005352  -0.569081 0.086470 0.817723  0.503300 0.536200 1 37 1.000000
0  -6.794852 -31.518684 -8.751027  -0.363740 0.097799 0.926352  0.503300 0.551900 1 37 1.000000
v_nailgun.tga
0  -6.797706 -31.016270 -8.805190  -0.026196 0.999313 -0.026201  0.477200 0.551800 1 37 1.000000
0  -6.637680 -31.018951 -9.067811  -0.026207 0.999313 -0.026198  0.469700 0.552500 1 37 1.000000
0  -7.013699 -31.034622 -9.288942  -0.026124 0.999314 -0.026232  0.469500 0.537100 1 37 1.000000
v_nailgun.tga
0  -6.797706 -31.016270 -8.805190  -0.026196 0.999313 -0.026201  0.477200 0.551800 1 37 1.000000
0  -7.013699 -31.034622 -9.288942  -0.026124 0.999314 -0.026232  0.469500 0.537100 1 37 1.000000
0  -7.265772 -31.035095 -9.056315  -0.026153 0.999314 -0.026234  0.477200 0.536100 1 37 1.000000
v_nailgun.tga
0  -6.297666 -30.999802 -8.677131  -0.026153 0.999313 -0.026246  0.477200 0.567500 1 37 1.000000
0  -6.235894 -31.005486 -8.954845  -0.026135 0.999313 -0.026260  0.469700 0.567700 1 37 1.000000
0  -6.637680 -31.018951 -9.067811  -0.026207 0.999313 -0.026198  0.469700 0.552500 1 37 1.000000
v_nailgun.tga
0  -6.297666 -30.999802 -8.677131  -0.026153 0.999313 -0.026246  0.477200 0.567500 1 37 1.000000
0  -6.637680 -31.018951 -9.067811  -0.026207 0.999313 -0.026198  0.469700 0.552500 1 37 1.000000
0  -6.797706 -31.016270 -8.805190  -0.026196 0.999313 -0.026201  0.477200 0.551800 1 37 1.000000
v_nailgun.tga
0  -7.265772 -31.035095 -9.056315  -0.571006 0.086374 0.816390  0.477200 0.536100 1 37 1.000000
0  -7.680180 -31.055534 -9.419502  -0.735078 0.074440 0.673884  0.477200 0.520300 1 37 1.000000
0  -7.688620 -31.558315 -9.373139  -0.733348 0.074608 0.675747  0.503300 0.520500 1 37 1.000000
v_nailgun.tga
0  -7.265772 -31.035095 -9.056315  -0.571006 0.086374 0.816390  0.477200 0.536100 1 37 1.000000
0  -7.688620 -31.558315 -9.373139  -0.733348 0.074608 0.675747  0.503300 0.520500 1 37 1.000000
0  -7.268917 -31.537682 -9.005352  -0.569081 0.086470 0.817723  0.503300 0.536200 1 37 1.000000
v_nailgun.tga
0  -7.265772 -31.035095 -9.056315  -0.026153 0.999314 -0.026234  0.477200 0.536100 1 37 1.000000
0  -7.013699 -31.034622 -9.288942  -0.026124 0.999314 -0.026232  0.469500 0.537100 1 37 1.000000
0  -7.346664 -31.051716 -9.608847  -0.026220 0.999315 -0.026110  0.469200 0.521800 1 37 1.000000
v_nailgun.tga
0  -7.265772 -31.035095 -9.056315  -0.026153 0.999314 -0.026234  0.477200 0.536100 1 37 1.000000
0  -7.346664 -31.051716 -9.608847  -0.026220 0.999315 -0.026110  0.469200 0.521800 1 37 1.000000
0  -7.680180 -31.055534 -9.419502  -0.026239 0.999316 -0.026076  0.477200 0.520300 1 37 1.000000
v_nailgun.tga
0  -7.680180 -31.055534 -9.419502  -0.735078 0.074440 0.673884  0.477200 0.520300 1 37 1.000000
0  -8.022850 -31.076447 -9.878765  -0.856598 0.062940 0.512130  0.477200 0.504300 1 37 1.000000
0  -8.035583 -31.579548 -9.838300  -0.855304 0.063053 0.514275  0.503300 0.504700 1 37 1.000000
v_nailgun.tga
0  -7.680180 -31.055534 -9.419502  -0.735078 0.074440 0.673884  0.477200 0.520300 1 37 1.000000
0  -8.035583 -31.579548 -9.838300  -0.855304 0.063053 0.514275  0.503300 0.504700 1 37 1.000000
0  -7.688620 -31.558315 -9.373139  -0.733348 0.074608 0.675747  0.503300 0.520500 1 37 1.000000
v_nailgun.tga
0  -7.680180 -31.055534 -9.419502  -0.026239 0.999316 -0.026076  0.477200 0.520300 1 37 1.000000
0  -7.346664 -31.051716 -9.608847  -0.026220 0.999315 -0.026110  0.469200 0.521800 1 37 1.000000
0  -7.621897 -31.069450 -10.013325  -0.026175 0.999319 -0.026011  0.468800 0.506100 1 37 1.000000
v_nailgun.tga
0  -7.680180 -31.055534 -9.419502  -0.026239 0.999316 -0.026076  0.477200 0.520300 1 37 1.000000
0  -7.621897 -31.069450 -10.013325  -0.026175 0.999319 -0.026011  0.468800 0.506100 1 37 1.000000
0  -8.022850 -31.076447 -9.878765  -0.026211 0.999317 -0.026035  0.477200 0.504300 1 37 1.000000
v_nailgun.tga
0  -8.022850 -31.076447 -9.878765  -0.856598 0.062940 0.512130  0.477200 0.504300 1 37 1.000000
0  -8.278692 -31.097252 -10.417201  -0.975711 0.045598 0.214266  0.477200 0.487700 1 37 1.000000
0  -8.294823 -31.600578 -10.383535  -0.974042 0.045970 0.221648  0.503300 0.488300 1 37 1.000000
v_nailgun.tga
0  -8.022850 -31.076447 -9.878765  -0.856598 0.062940 0.512130  0.477200 0.504300 1 37 1.000000
0  -8.294823 -31.600578 -10.383535  -0.974042 0.045970 0.221648  0.503300 0.488300 1 37 1.000000
0  -8.035583 -31.579548 -9.838300  -0.855304 0.063053 0.514275  0.503300 0.504700 1 37 1.000000
v_nailgun.tga
0  -8.022850 -31.076447 -9.878765  -0.026211 0.999317 -0.026035  0.477200 0.504300 1 37 1.000000
0  -7.621897 -31.069450 -10.013325  -0.026175 0.999319 -0.026011  0.468800 0.506100 1 37 1.000000
0  -7.827501 -31.087196 -10.487582  -0.026314 0.999312 -0.026120  0.468300 0.490700 1 37 1.000000
v_nailgun.tga
0  -8.022850 -31.076447 -9.878765  -0.026211 0.999317 -0.026035  0.477200 0.504300 1 37 1.000000
0  -7.827501 -31.087196 -10.487582  -0.026314 0.999312 -0.026120  0.468300 0.490700 1 37 1.000000
0  -8.278692 -31.097252 -10.417201  -0.026331 0.999312 -0.026123  0.477200 0.487700 1 37 1.000000
v_nailgun.tga
0  -8.278692 -31.097252 -10.417201  -0.975711 0.045598 0.214266  0.477200 0.487700 1 37 1.000000
0  -8.278257 -31.113865 -11.053410  -0.999489 0.031923 -0.001517  0.477600 0.471300 1 37 1.000000
0  -8.294380 -31.617470 -11.027838  -0.999489 0.031925 -0.001520  0.503700 0.471900 1 37 1.000000
v_nailgun.tga
0  -8.278692 -31.097252 -10.417201  -0.975711 0.045598 0.214266  0.477200 0.487700 1 37 1.000000
0  -8.294380 -31.617470 -11.027838  -0.999489 0.031925 -0.001520  0.503700 0.471900 1 37 1.000000
0  -8.294823 -31.600578 -10.383535  -0.974042 0.045970 0.221648  0.503300 0.488300 1 37 1.000000
v_nailgun.tga
0  -8.278692 -31.097252 -10.417201  -0.026331 0.999312 -0.026123  0.477200 0.487700 1 37 1.000000
0  -7.827501 -31.087196 -10.487582  -0.026314 0.999312 -0.026120  0.468300 0.490700 1 37 1.000000
0  -7.827118 -31.101856 -11.047913  -0.026310 0.999312 -0.026131  0.460100 0.476600 1 37 1.000000
v_nailgun.tga
0  -8.278692 -31.097252 -10.417201  -0.026331 0.999312 -0.026123  0.477200 0.487700 1 37 1.000000
0  -7.827118 -31.101856 -11.047913  -0.026310 0.999312 -0.026131  0.460100 0.476600 1 37 1.000000
0  -8.278257 -31.113865 -11.053410  -0.026282 0.999313 -0.026111  0.468100 0.471900 1 37 1.000000
v_nailgun.tga
0  -5.786339 -30.986427 -8.677530  -0.026148 0.999313 -0.026270  0.477200 0.583200 1 37 1.000000
0  -5.825135 -30.994743 -8.955244  -0.026154 0.999313 -0.026246  0.469700 0.583000 1 37 1.000000
0  -6.235894 -31.005486 -8.954845  -0.026135 0.999313 -0.026260  0.469700 0.567700 1 37 1.000000
v_nailgun.tga
0  -5.786339 -30.986427 -8.677530  -0.026148 0.999313 -0.026270  0.477200 0.583200 1 37 1.000000
0  -6.235894 -31.005486 -8.954845  -0.026135 0.999313 -0.026260  0.469700 0.567700 1 37 1.000000
0  -6.297666 -30.999802 -8.677131  -0.026153 0.999313 -0.026246  0.477200 0.567500 1 37 1.000000
v_nailgun.tga
0  -5.770693 -31.488449 -8.621767  0.122272 0.113346 0.986003  0.503300 0.583200 1 37 1.000000
0  -5.262878 -31.478516 -8.752429  0.359161 0.115669 0.926080  0.503300 0.599000 1 37 1.000000
0  -5.284822 -30.976704 -8.806589  0.361082 0.115648 0.925335  0.477200 0.598900 1 37 1.000000
v_nailgun.tga
0  -5.770693 -31.488449 -8.621767  0.122272 0.113346 0.986003  0.503300 0.583200 1 37 1.000000
0  -5.284822 -30.976704 -8.806589  0.361082 0.115648 0.925335  0.477200 0.598900 1 37 1.000000
0  -5.786339 -30.986427 -8.677530  0.123137 0.113394 0.985890  0.477200 0.583200 1 37 1.000000
v_nailgun.tga
0  -5.284822 -30.976704 -8.806589  -0.026157 0.999315 -0.026171  0.477200 0.598900 1 37 1.000000
0  -5.422194 -30.987164 -9.068911  -0.026165 0.999317 -0.026095  0.469800 0.598300 1 37 1.000000
0  -5.825135 -30.994743 -8.955244  -0.026154 0.999313 -0.026246  0.469700 0.583000 1 37 1.000000
v_nailgun.tga
0  -5.284822 -30.976704 -8.806589  -0.026157 0.999315 -0.026171  0.477200 0.598900 1 37 1.000000
0  -5.825135 -30.994743 -8.955244  -0.026154 0.999313 -0.026246  0.469700 0.583000 1 37 1.000000
0  -5.786339 -30.986427 -8.677530  -0.026148 0.999313 -0.026270  0.477200 0.583200 1 37 1.000000
v_nailgun.tga
0  -5.262878 -31.478516 -8.752429  0.359161 0.115669 0.926080  0.503300 0.599000 1 37 1.000000
0  -4.788465 -31.472805 -9.007650  0.564747 0.114477 0.817285  0.503300 0.614700 1 37 1.000000
0  -4.816409 -30.971039 -9.058613  0.566973 0.114417 0.815751  0.477200 0.614600 1 37 1.000000
v_nailgun.tga
0  -5.262878 -31.478516 -8.752429  0.359161 0.115669 0.926080  0.503300 0.599000 1 37 1.000000
0  -4.816409 -30.971039 -9.058613  0.566973 0.114417 0.815751  0.477200 0.614600 1 37 1.000000
0  -5.284822 -30.976704 -8.806589  0.361082 0.115648 0.925335  0.477200 0.598900 1 37 1.000000
v_nailgun.tga
0  -4.401505 -30.969582 -9.422506  0.730935 0.110637 0.673420  0.477200 0.630300 1 37 1.000000
0  -4.816409 -30.971039 -9.058613  0.566973 0.114417 0.815751  0.477200 0.614600 1 37 1.000000
0  -4.788465 -31.472805 -9.007650  0.564747 0.114477 0.817285  0.503300 0.614700 1 37 1.000000
v_nailgun.tga
0  -4.401505 -30.969582 -9.422506  0.730935 0.110637 0.673420  0.477200 0.630300 1 37 1.000000
0  -4.788465 -31.472805 -9.007650  0.564747 0.114477 0.817285  0.503300 0.614700 1 37 1.000000
0  -4.368259 -31.471375 -9.376140  0.729015 0.110683 0.675490  0.503300 0.630500 1 37 1.000000
v_nailgun.tga
0  -4.401505 -30.969582 -9.422506  -0.026247 0.999312 -0.026192  0.477200 0.630300 1 37 1.000000
0  -4.712468 -30.982716 -9.611246  -0.026244 0.999312 -0.026216  0.469300 0.629000 1 37 1.000000
0  -5.045874 -30.983055 -9.290745  -0.026184 0.999321 -0.025926  0.469500 0.613500 1 37 1.000000
v_nailgun.tga
0  -4.401505 -30.969582 -9.422506  -0.026247 0.999312 -0.026192  0.477200 0.630300 1 37 1.000000
0  -5.045874 -30.983055 -9.290745  -0.026184 0.999321 -0.025926  0.469500 0.613500 1 37 1.000000
0  -4.816409 -30.971039 -9.058613  -0.026171 0.999322 -0.025913  0.477200 0.614600 1 37 1.000000
v_nailgun.tga
0  -4.368259 -31.471375 -9.376140  0.729015 0.110683 0.675490  0.503300 0.630500 1 37 1.000000
0  -4.020658 -31.474438 -9.841900  0.851320 0.105201 0.513991  0.503300 0.646500 1 37 1.000000
0  -4.058208 -30.972652 -9.882365  0.852709 0.105109 0.511702  0.477200 0.646100 1 37 1.000000
v_nailgun.tga
0  -4.368259 -31.471375 -9.376140  0.729015 0.110683 0.675490  0.503300 0.630500 1 37 1.000000
0  -4.058208 -30.972652 -9.882365  0.852709 0.105109 0.511702  0.477200 0.646100 1 37 1.000000
0  -4.401505 -30.969582 -9.422506  0.730935 0.110637 0.673420  0.477200 0.630300 1 37 1.000000
v_nailgun.tga
0  -4.816409 -30.971039 -9.058613  -0.026171 0.999322 -0.025913  0.477200 0.614600 1 37 1.000000
0  -5.045874 -30.983055 -9.290745  -0.026184 0.999321 -0.025926  0.469500 0.613500 1 37 1.000000
0  -5.422194 -30.987164 -9.068911  -0.026165 0.999317 -0.026095  0.469800 0.598300 1 37 1.000000
v_nailgun.tga
0  -4.816409 -30.971039 -9.058613  -0.026171 0.999322 -0.025913  0.477200 0.614600 1 37 1.000000
0  -5.422194 -30.987164 -9.068911  -0.026165 0.999317 -0.026095  0.469800 0.598300 1 37 1.000000
0  -5.284822 -30.976704 -8.806589  -0.026157 0.999315 -0.026171  0.477200 0.598900 1 37 1.000000
v_nailgun.tga
0  -4.058208 -30.972652 -9.882365  -0.026175 0.999318 -0.026047  0.477200 0.646100 1 37 1.000000
0  -4.436686 -30.986042 -10.016226  -0.026163 0.999319 -0.026026  0.469100 0.644300 1 37 1.000000
0  -4.712468 -30.982716 -9.611246  -0.026244 0.999312 -0.026216  0.469300 0.629000 1 37 1.000000
v_nailgun.tga
0  -4.058208 -30.972652 -9.882365  -0.026175 0.999318 -0.026047  0.477200 0.646100 1 37 1.000000
0  -4.712468 -30.982716 -9.611246  -0.026244 0.999312 -0.026216  0.469300 0.629000 1 37 1.000000
0  -4.401505 -30.969582 -9.422506  -0.026247 0.999312 -0.026192  0.477200 0.630300 1 37 1.000000
v_nailgun.tga
0  -4.020658 -31.474438 -9.841900  0.851320 0.105201 0.513991  0.503300 0.646500 1 37 1.000000
0  -3.760674 -31.481895 -10.387734  0.970574 0.094019 0.221691  0.503300 0.663100 1 37 1.000000
0  -3.801628 -30.979958 -10.421305  0.972293 0.093612 0.214203  0.477200 0.662500 1 37 1.000000
v_nailgun.tga
0  -4.020658 -31.474438 -9.841900  0.851320 0.105201 0.513991  0.503300 0.646500 1 37 1.000000
0  -3.801628 -30.979958 -10.421305  0.972293 0.093612 0.214203  0.477200 0.662500 1 37 1.000000
0  -4.058208 -30.972652 -9.882365  0.852709 0.105109 0.511702  0.477200 0.646100 1 37 1.000000
v_nailgun.tga
0  -3.801628 -30.979958 -10.421305  -0.026195 0.999317 -0.026079  0.477200 0.662500 1 37 1.000000
0  -4.230433 -30.993019 -10.490883  -0.026219 0.999315 -0.026110  0.468600 0.659500 1 37 1.000000
0  -4.436686 -30.986042 -10.016226  -0.026163 0.999319 -0.026026  0.469100 0.644300 1 37 1.000000
v_nailgun.tga
0  -3.801628 -30.979958 -10.421305  -0.026195 0.999317 -0.026079  0.477200 0.662500 1 37 1.000000
0  -4.436686 -30.986042 -10.016226  -0.026163 0.999319 -0.026026  0.469100 0.644300 1 37 1.000000
0  -4.058208 -30.972652 -9.882365  -0.026175 0.999318 -0.026047  0.477200 0.646100 1 37 1.000000
v_nailgun.tga
0  -3.760674 -31.481895 -10.387734  0.970574 0.094019 0.221691  0.503300 0.663100 1 37 1.000000
0  -3.760235 -31.498680 -11.031940  0.996694 0.081229 -0.001437  0.502900 0.679500 1 37 1.000000
0  -3.801193 -30.996571 -11.057512  0.996695 0.081228 -0.001438  0.476800 0.678900 1 37 1.000000
v_nailgun.tga
0  -3.760674 -31.481895 -10.387734  0.970574 0.094019 0.221691  0.503300 0.663100 1 37 1.000000
0  -3.801193 -30.996571 -11.057512  0.996695 0.081228 -0.001438  0.476800 0.678900 1 37 1.000000
0  -3.801628 -30.979958 -10.421305  0.972293 0.093612 0.214203  0.477200 0.662500 1 37 1.000000
v_nailgun.tga
0  -3.801193 -30.996571 -11.057512  -0.026245 0.999314 -0.026146  0.467900 0.677000 1 37 1.000000
0  -4.230049 -31.007679 -11.051112  -0.026275 0.999312 -0.026169  0.460700 0.672200 1 37 1.000000
0  -4.230433 -30.993019 -10.490883  -0.026219 0.999315 -0.026110  0.468600 0.659500 1 37 1.000000
v_nailgun.tga
0  -3.801193 -30.996571 -11.057512  -0.026245 0.999314 -0.026146  0.467900 0.677000 1 37 1.000000
0  -4.230433 -30.993019 -10.490883  -0.026219 0.999315 -0.026110  0.468600 0.659500 1 37 1.000000
0  -3.801628 -30.979958 -10.421305  -0.026195 0.999317 -0.026079  0.477200 0.662500 1 37 1.000000
v_nailgun.tga
0  -3.760235 -31.498680 -11.031940  -0.013450 -0.051859 -0.998564  0.000000 1.000000 1 37 1.000000
0  -4.194585 -31.510132 -11.025535  -0.013363 -0.051776 -0.998569  0.000000 1.000000 1 37 1.000000
0  -4.230049 -31.007679 -11.051112  -0.013468 -0.051877 -0.998563  0.000000 1.000000 1 37 1.000000
v_nailgun.tga
0  -3.760235 -31.498680 -11.031940  -0.013450 -0.051859 -0.998564  0.000000 1.000000 1 37 1.000000
0  -4.230049 -31.007679 -11.051112  -0.013468 -0.051877 -0.998563  0.000000 1.000000 1 37 1.000000
0  -3.801193 -30.996571 -11.057512  -0.013556 -0.051961 -0.998557  0.000000 1.000000 1 37 1.000000
v_nailgun.tga
0  -8.300552 -26.549181 -12.622944  -0.749658 0.628777 -0.206527  0.754900 0.537000 1 37 1.000000
0  -8.385906 -26.662874 -12.658878  -0.741186 0.629840 -0.232261  0.749800 0.537000 1 37 1.000000
0  -8.387302 -26.609581 -11.140913  -0.784882 0.619299 -0.020703  0.749600 0.500700 1 37 1.000000
v_nailgun.tga
0  -8.300552 -26.549181 -12.622944  -0.749658 0.628777 -0.206527  0.754900 0.537000 1 37 1.000000
0  -8.387302 -26.609581 -11.140913  -0.784882 0.619299 -0.020703  0.749600 0.500700 1 37 1.000000
0  -8.298216 -26.497128 -11.146158  -0.784140 0.620241 -0.020621  0.754800 0.499800 1 37 1.000000
v_nailgun.tga
0  -8.300552 -26.549181 -12.622944  -0.027091 0.999006 -0.035409  0.754900 0.537000 1 37 1.000000
0  -8.128189 -26.541780 -12.546099  -0.026786 0.999018 -0.035298  0.760000 0.536300 1 37 1.000000
0  -7.813618 -26.551777 -13.065079  -0.026562 0.999020 -0.035417  0.757100 0.552000 1 37 1.000000
v_nailgun.tga
0  -8.300552 -26.549181 -12.622944  -0.027091 0.999006 -0.035409  0.754900 0.537000 1 37 1.000000
0  -7.813618 -26.551777 -13.065079  -0.026562 0.999020 -0.035417  0.757100 0.552000 1 37 1.000000
0  -7.957237 -26.560596 -13.204287  -0.026816 0.999006 -0.035619  0.753000 0.552500 1 37 1.000000
v_nailgun.tga
0  -8.298216 -26.497128 -11.146158  -0.027366 0.999006 -0.035191  0.754800 0.499800 1 37 1.000000
0  -8.132977 -26.492641 -11.147366  -0.026444 0.994366 0.102645  0.759300 0.499100 1 37 1.000000
0  -8.128189 -26.541780 -12.546099  -0.026786 0.999018 -0.035298  0.760000 0.536300 1 37 1.000000
v_nailgun.tga
0  -8.298216 -26.497128 -11.146158  -0.027366 0.999006 -0.035191  0.754800 0.499800 1 37 1.000000
0  -8.128189 -26.541780 -12.546099  -0.026786 0.999018 -0.035298  0.760000 0.536300 1 37 1.000000
0  -8.300552 -26.549181 -12.622944  -0.027091 0.999006 -0.035409  0.754900 0.537000 1 37 1.000000
v_nailgun.tga
0  -7.957237 -26.560596 -13.204287  -0.596722 0.635006 -0.490602  0.753000 0.552500 1 37 1.000000
0  -8.025568 -26.674959 -13.269199  -0.591239 0.635605 -0.496430  0.749100 0.552800 1 37 1.000000
0  -8.385906 -26.662874 -12.658878  -0.741186 0.629840 -0.232261  0.749800 0.537000 1 37 1.000000
v_nailgun.tga
0  -7.957237 -26.560596 -13.204287  -0.596722 0.635006 -0.490602  0.753000 0.552500 1 37 1.000000
0  -8.385906 -26.662874 -12.658878  -0.741186 0.629840 -0.232261  0.749800 0.537000 1 37 1.000000
0  -8.300552 -26.549181 -12.622944  -0.749658 0.628777 -0.206527  0.754900 0.537000 1 37 1.000000
v_nailgun.tga
0  -7.957237 -26.560596 -13.204287  -0.026816 0.999006 -0.035619  0.753000 0.552500 1 37 1.000000
0  -7.813618 -26.551777 -13.065079  -0.026562 0.999020 -0.035417  0.757100 0.552000 1 37 1.000000
0  -7.281155 -26.554855 -13.549479  -0.026405 0.999022 -0.035482  0.757000 0.569700 1 37 1.000000
v_nailgun.tga
0  -7.957237 -26.560596 -13.204287  -0.026816 0.999006 -0.035619  0.753000 0.552500 1 37 1.000000
0  -7.281155 -26.554855 -13.549479  -0.026405 0.999022 -0.035482  0.757000 0.569700 1 37 1.000000
0  -7.377754 -26.563789 -13.727165  -0.026597 0.999006 -0.035770  0.753100 0.570500 1 37 1.000000
v_nailgun.tga
0  -7.377754 -26.563789 -13.727165  -0.438528 0.647984 -0.622744  0.753100 0.570500 1 37 1.000000
0  -7.424171 -26.678335 -13.813764  -0.430900 0.648823 -0.627180  0.749200 0.571000 1 37 1.000000
0  -8.025568 -26.674959 -13.269199  -0.591239 0.635605 -0.496430  0.749100 0.552800 1 37 1.000000
v_nailgun.tga
0  -7.377754 -26.563789 -13.727165  -0.438528 0.647984 -0.622744  0.753100 0.570500 1 37 1.000000
0  -8.025568 -26.674959 -13.269199  -0.591239 0.635605 -0.496430  0.749100 0.552800 1 37 1.000000
0  -7.957237 -26.560596 -13.204287  -0.596722 0.635006 -0.490602  0.753000 0.552500 1 37 1.000000
v_nailgun.tga
0  -7.377754 -26.563789 -13.727165  -0.026597 0.999006 -0.035770  0.753100 0.570500 1 37 1.000000
0  -7.281155 -26.554855 -13.549479  -0.026405 0.999022 -0.035482  0.757000 0.569700 1 37 1.000000
0  -6.594962 -26.549414 -13.905259  -0.026337 0.999018 -0.035614  0.759800 0.588600 1 37 1.000000
v_nailgun.tga
0  -7.377754 -26.563789 -13.727165  -0.026597 0.999006 -0.035770  0.753100 0.570500 1 37 1.000000
0  -6.594962 -26.549414 -13.905259  -0.026337 0.999018 -0.035614  0.759800 0.588600 1 37 1.000000
0  -6.631856 -26.557800 -14.111927  -0.026320 0.999011 -0.035840  0.755100 0.590100 1 37 1.000000
v_nailgun.tga
0  -6.631856 -26.557800 -14.111927  -0.191848 0.669554 -0.717560  0.755100 0.590100 1 37 1.000000
0  -6.648169 -26.672106 -14.214215  -0.182997 0.669967 -0.719483  0.750800 0.591100 1 37 1.000000
0  -7.424171 -26.678335 -13.813764  -0.430900 0.648823 -0.627180  0.749200 0.571000 1 37 1.000000
v_nailgun.tga
0  -6.631856 -26.557800 -14.111927  -0.191848 0.669554 -0.717560  0.755100 0.590100 1 37 1.000000
0  -7.424171 -26.678335 -13.813764  -0.430900 0.648823 -0.627180  0.749200 0.571000 1 37 1.000000
0  -7.377754 -26.563789 -13.727165  -0.438528 0.647984 -0.622744  0.753100 0.570500 1 37 1.000000
v_nailgun.tga
0  -6.631856 -26.557800 -14.111927  -0.191848 0.669554 -0.717560  0.755100 0.590100 1 37 1.000000
0  -6.095039 -26.543756 -14.112326  -0.011017 0.669020 -0.743163  0.759800 0.603000 1 37 1.000000
0  -6.091461 -26.657444 -14.214719  -0.018101 0.668317 -0.743657  0.752200 0.604700 1 37 1.000000
v_nailgun.tga
0  -6.631856 -26.557800 -14.111927  -0.191848 0.669554 -0.717560  0.755100 0.590100 1 37 1.000000
0  -6.091461 -26.657444 -14.214719  -0.018101 0.668317 -0.743657  0.752200 0.604700 1 37 1.000000
0  -6.648169 -26.672106 -14.214215  -0.182997 0.669967 -0.719483  0.750800 0.591100 1 37 1.000000
v_nailgun.tga
0  -8.132977 -26.492641 -11.147366  -0.026444 0.994366 0.102645  0.788200 0.512300 1 37 1.000000
0  -6.117566 -26.439934 -11.149263  -0.027873 0.938997 0.342793  0.822700 0.553100 1 37 1.000000
0  -6.096636 -26.536280 -13.905663  -0.026234 0.999016 -0.035755  0.766800 0.599300 1 37 1.000000
v_nailgun.tga
0  -8.132977 -26.492641 -11.147366  -0.026444 0.994366 0.102645  0.788200 0.512300 1 37 1.000000
0  -6.096636 -26.536280 -13.905663  -0.026234 0.999016 -0.035755  0.766800 0.599300 1 37 1.000000
0  -6.594962 -26.549414 -13.905259  -0.026337 0.999018 -0.035614  0.759800 0.588600 1 37 1.000000
v_nailgun.tga
0  -8.132977 -26.492641 -11.147366  -0.026444 0.994366 0.102645  0.788200 0.512300 1 37 1.000000
0  -6.594962 -26.549414 -13.905259  -0.026337 0.999018 -0.035614  0.759800 0.588600 1 37 1.000000
0  -7.281155 -26.554855 -13.549479  -0.026405 0.999022 -0.035482  0.757000 0.569700 1 37 1.000000
v_nailgun.tga
0  -8.132977 -26.492641 -11.147366  -0.026444 0.994366 0.102645  0.788200 0.512300 1 37 1.000000
0  -7.281155 -26.554855 -13.549479  -0.026405 0.999022 -0.035482  0.757000 0.569700 1 37 1.000000
0  -7.813618 -26.551777 -13.065079  -0.026562 0.999020 -0.035417  0.757100 0.552000 1 37 1.000000
v_nailgun.tga
0  -8.132977 -26.492641 -11.147366  -0.026444 0.994366 0.102645  0.788200 0.512300 1 37 1.000000
0  -7.813618 -26.551777 -13.065079  -0.026562 0.999020 -0.035417  0.757100 0.552000 1 37 1.000000
0  -8.128189 -26.541780 -12.546099  -0.026786 0.999018 -0.035298  0.760000 0.536300 1 37 1.000000
v_nailgun.tga
0  -6.594962 -26.549414 -13.905259  -0.026337 0.999018 -0.035614  0.759800 0.588600 1 37 1.000000
0  -6.096636 -26.536280 -13.905663  -0.026234 0.999016 -0.035755  0.766800 0.599300 1 37 1.000000
0  -6.095039 -26.543756 -14.112326  -0.028479 0.998936 -0.036282  0.759800 0.603000 1 37 1.000000
v_nailgun.tga
0  -6.594962 -26.549414 -13.905259  -0.026337 0.999018 -0.035614  0.759800 0.588600 1 37 1.000000
0  -6.095039 -26.543756 -14.112326  -0.028479 0.998936 -0.036282  0.759800 0.603000 1 37 1.000000
0  -6.631856 -26.557800 -14.111927  -0.026320 0.999011 -0.035840  0.755100 0.590100 1 37 1.000000
v_nailgun.tga
0  -7.969461 -31.930931 -10.780254  -0.000380 0.049350 0.998782  0.000000 1.000000 1 37 1.000000
0  -5.996437 -31.879326 -10.782052  -0.008368 0.052938 0.998563  0.000000 1.000000 1 37 1.000000
0  -6.115911 -26.533684 -11.046228  -0.018505 0.422342 0.906248  0.000000 1.000000 1 37 1.000000
v_nailgun.tga
0  -7.969461 -31.930931 -10.780254  -0.000380 0.049350 0.998782  0.000000 1.000000 1 37 1.000000
0  -6.115911 -26.533684 -11.046228  -0.018505 0.422342 0.906248  0.000000 1.000000 1 37 1.000000
0  -7.974373 -26.582388 -11.044526  -0.012288 0.500523 0.865636  0.000000 1.000000 1 37 1.000000
v_nailgun.tga
0  -7.974373 -26.582388 -11.044526  -0.012288 0.500523 0.865636  0.794700 0.512400 1 37 1.000000
0  -6.115911 -26.533684 -11.046228  -0.018505 0.422342 0.906248  0.826400 0.549900 1 37 1.000000
0  -6.117566 -26.439934 -11.149263  -0.027873 0.938997 0.342793  0.822700 0.553100 1 37 1.000000
v_nailgun.tga
0  -7.974373 -26.582388 -11.044526  -0.012288 0.500523 0.865636  0.794700 0.512400 1 37 1.000000
0  -6.117566 -26.439934 -11.149263  -0.027873 0.938997 0.342793  0.822700 0.553100 1 37 1.000000
0  -8.132977 -26.492641 -11.147366  -0.026444 0.994366 0.102645  0.788200 0.512300 1 37 1.000000
v_nailgun.tga
0  -6.096636 -26.536280 -13.905663  -0.026234 0.999016 -0.035755  0.766800 0.599300 1 37 1.000000
0  -5.598413 -26.523018 -13.899466  -0.025992 0.999021 -0.035793  0.759800 0.588600 1 37 1.000000
0  -5.558229 -26.529465 -14.105630  -0.025910 0.999007 -0.036257  0.755100 0.590100 1 37 1.000000
v_nailgun.tga
0  -6.096636 -26.536280 -13.905663  -0.026234 0.999016 -0.035755  0.766800 0.599300 1 37 1.000000
0  -5.558229 -26.529465 -14.105630  -0.025910 0.999007 -0.036257  0.755100 0.590100 1 37 1.000000
0  -6.095039 -26.543756 -14.112326  -0.028479 0.998936 -0.036282  0.759800 0.603000 1 37 1.000000
v_nailgun.tga
0  -6.095039 -26.543756 -14.112326  -0.011017 0.669020 -0.743163  0.759800 0.603000 1 37 1.000000
0  -5.558229 -26.529465 -14.105630  0.164400 0.679668 -0.714860  0.755100 0.590100 1 37 1.000000
0  -5.534760 -26.642624 -14.207822  0.289794 0.466190 -0.835875  0.750800 0.591100 1 37 1.000000
v_nailgun.tga
0  -6.095039 -26.543756 -14.112326  -0.011017 0.669020 -0.743163  0.759800 0.603000 1 37 1.000000
0  -5.534760 -26.642624 -14.207822  0.289794 0.466190 -0.835875  0.750800 0.591100 1 37 1.000000
0  -6.091461 -26.657444 -14.214719  -0.018101 0.668317 -0.743657  0.752200 0.604700 1 37 1.000000
v_nailgun.tga
0  -6.117566 -26.439934 -11.149263  -0.027873 0.938997 0.342793  0.822700 0.553100 1 37 1.000000
0  -4.102482 -26.386187 -11.124083  -0.023503 0.994327 -0.103735  0.788200 0.512300 1 37 1.000000
0  -4.086000 -26.434914 -12.522718  -0.025647 0.999048 -0.035297  0.760000 0.536300 1 37 1.000000
v_nailgun.tga
0  -6.117566 -26.439934 -11.149263  -0.027873 0.938997 0.342793  0.822700 0.553100 1 37 1.000000
0  -4.086000 -26.434914 -12.522718  -0.025647 0.999048 -0.035297  0.760000 0.536300 1 37 1.000000
0  -4.392612 -26.461401 -13.045293  -0.025845 0.999037 -0.035450  0.757100 0.552000 1 37 1.000000
v_nailgun.tga
0  -6.117566 -26.439934 -11.149263  -0.027873 0.938997 0.342793  0.822700 0.553100 1 37 1.000000
0  -4.392612 -26.461401 -13.045293  -0.025845 0.999037 -0.035450  0.757100 0.552000 1 37 1.000000
0  -4.917581 -26.492384 -13.535791  -0.025933 0.999034 -0.035484  0.757000 0.569700 1 37 1.000000
v_nailgun.tga
0  -6.117566 -26.439934 -11.149263  -0.027873 0.938997 0.342793  0.822700 0.553100 1 37 1.000000
0  -4.917581 -26.492384 -13.535791  -0.025933 0.999034 -0.035484  0.757000 0.569700 1 37 1.000000
0  -5.598413 -26.523018 -13.899466  -0.025992 0.999021 -0.035793  0.759800 0.588600 1 37 1.000000
v_nailgun.tga
0  -6.117566 -26.439934 -11.149263  -0.027873 0.938997 0.342793  0.822700 0.553100 1 37 1.000000
0  -5.598413 -26.523018 -13.899466  -0.025992 0.999021 -0.035793  0.759800 0.588600 1 37 1.000000
0  -6.096636 -26.536280 -13.905663  -0.026234 0.999016 -0.035755  0.766800 0.599300 1 37 1.000000
v_nailgun.tga
0  -6.115911 -26.533684 -11.046228  -0.018505 0.422342 0.906248  0.826400 0.549900 1 37 1.000000
0  -4.257569 -26.484211 -11.023042  -0.024132 0.501114 0.865045  0.794700 0.512400 1 37 1.000000
0  -4.102482 -26.386187 -11.124083  -0.023503 0.994327 -0.103735  0.788200 0.512300 1 37 1.000000
v_nailgun.tga
0  -6.115911 -26.533684 -11.046228  -0.018505 0.422342 0.906248  0.826400 0.549900 1 37 1.000000
0  -4.102482 -26.386187 -11.124083  -0.023503 0.994327 -0.103735  0.788200 0.512300 1 37 1.000000
0  -6.117566 -26.439934 -11.149263  -0.027873 0.938997 0.342793  0.822700 0.553100 1 37 1.000000
v_nailgun.tga
0  -5.996437 -31.879326 -10.782052  -0.008368 0.052938 0.998563  0.000000 1.000000 1 37 1.000000
0  -4.023639 -31.826706 -10.757469  -0.013753 0.049043 0.998702  0.000000 1.000000 1 37 1.000000
0  -4.257569 -26.484211 -11.023042  -0.024132 0.501114 0.865045  0.000000 1.000000 1 37 1.000000
v_nailgun.tga
0  -5.996437 -31.879326 -10.782052  -0.008368 0.052938 0.998563  0.000000 1.000000 1 37 1.000000
0  -4.257569 -26.484211 -11.023042  -0.024132 0.501114 0.865045  0.000000 1.000000 1 37 1.000000
0  -6.115911 -26.533684 -11.046228  -0.018505 0.422342 0.906248  0.000000 1.000000 1 37 1.000000
v_nailgun.tga
0  -5.993189 -31.980484 -10.883780  0.014893 -0.705586 0.708468  0.585800 0.555700 1 37 1.000000
0  -5.996437 -31.879326 -10.782052  0.015972 -0.711429 0.702576  0.582000 0.552600 1 37 1.000000
0  -7.969461 -31.930931 -10.780254  0.019212 -0.708237 0.705714  0.612200 0.514500 1 37 1.000000
v_nailgun.tga
0  -5.993189 -31.980484 -10.883780  0.014893 -0.705586 0.708468  0.585800 0.555700 1 37 1.000000
0  -7.969461 -31.930931 -10.780254  0.019212 -0.708237 0.705714  0.612200 0.514500 1 37 1.000000
0  -8.142752 -32.036804 -10.881780  0.019213 -0.708224 0.705726  0.618600 0.514200 1 37 1.000000
v_nailgun.tga
0  -5.993189 -31.980484 -10.883780  0.014893 -0.705586 0.708468  0.585800 0.555700 1 37 1.000000
0  -3.843851 -31.923164 -10.857001  0.010119 -0.708881 0.705255  0.618600 0.514200 1 37 1.000000
0  -4.023639 -31.826706 -10.757469  0.009639 -0.708894 0.705249  0.612200 0.514500 1 37 1.000000
v_nailgun.tga
0  -5.993189 -31.980484 -10.883780  0.014893 -0.705586 0.708468  0.585800 0.555700 1 37 1.000000
0  -4.023639 -31.826706 -10.757469  0.009639 -0.708894 0.705249  0.612200 0.514500 1 37 1.000000
0  -5.996437 -31.879326 -10.782052  0.015972 -0.711429 0.702576  0.582000 0.552600 1 37 1.000000
v_nailgun.tga
0  -3.667713 -31.918537 -10.853699  0.031694 -0.918936 -0.393131  0.651200 0.500200 1 37 1.000000
0  -3.618719 -31.963493 -10.744619  0.029146 -0.988094 -0.151065  0.651400 0.496800 1 37 1.000000
0  -3.888525 -31.970634 -10.749720  -0.383535 -0.906907 -0.174415  0.647100 0.495800 1 37 1.000000
v_nailgun.tga
0  -3.667713 -31.918537 -10.853699  0.031694 -0.918936 -0.393131  0.651200 0.500200 1 37 1.000000
0  -3.888525 -31.970634 -10.749720  -0.383535 -0.906907 -0.174415  0.647100 0.495800 1 37 1.000000
0  -3.843851 -31.923164 -10.857001  -0.207529 -0.859658 -0.466818  0.646600 0.499900 1 37 1.000000
v_nailgun.tga
0  -3.912386 -26.433187 -12.597666  0.719439 0.666351 -0.195919  0.754900 0.537000 1 37 1.000000
0  -3.820799 -26.542313 -12.632496  0.898855 0.358184 -0.252513  0.749800 0.537000 1 37 1.000000
0  -4.171911 -26.573170 -13.246915  0.721657 0.354388 -0.594660  0.749100 0.552800 1 37 1.000000
v_nailgun.tga
0  -3.912386 -26.433187 -12.597666  0.719439 0.666351 -0.195919  0.754900 0.537000 1 37 1.000000
0  -4.171911 -26.573170 -13.246915  0.721657 0.354388 -0.594660  0.749100 0.552800 1 37 1.000000
0  -4.246831 -26.462591 -13.182902  0.570020 0.665836 -0.481393  0.753000 0.552500 1 37 1.000000
v_nailgun.tga
0  -3.912386 -26.433187 -12.597666  -0.025227 0.999053 -0.035439  0.754900 0.537000 1 37 1.000000
0  -4.086000 -26.434914 -12.522718  -0.025647 0.999048 -0.035297  0.760000 0.536300 1 37 1.000000
0  -4.102482 -26.386187 -11.124083  -0.023503 0.994327 -0.103735  0.759300 0.499100 1 37 1.000000
v_nailgun.tga
0  -3.912386 -26.433187 -12.597666  -0.025227 0.999053 -0.035439  0.754900 0.537000 1 37 1.000000
0  -4.102482 -26.386187 -11.124083  -0.023503 0.994327 -0.103735  0.759300 0.499100 1 37 1.000000
0  -3.937337 -26.381954 -11.120976  0.368636 0.872164 -0.321616  0.754800 0.499800 1 37 1.000000
v_nailgun.tga
0  -3.641173 -31.973164 -12.428628  0.776998 -0.608552 -0.161055  0.652400 0.537700 1 37 1.000000
0  -3.562151 -31.862202 -12.466150  0.929076 -0.287746 -0.232421  0.657500 0.537500 1 37 1.000000
0  -3.585224 -31.806244 -10.855743  0.903765 -0.295054 -0.310085  0.656400 0.500900 1 37 1.000000
v_nailgun.tga
0  -3.641173 -31.973164 -12.428628  0.776998 -0.608552 -0.161055  0.652400 0.537700 1 37 1.000000
0  -3.585224 -31.806244 -10.855743  0.903765 -0.295054 -0.310085  0.656400 0.500900 1 37 1.000000
0  -3.667713 -31.918537 -10.853699  0.776236 -0.574921 -0.258697  0.651200 0.500200 1 37 1.000000
v_nailgun.tga
0  -3.937337 -26.381954 -11.120976  0.368636 0.872164 -0.321616  0.754800 0.499800 1 37 1.000000
0  -3.842590 -26.489456 -11.114635  0.876791 0.352248 -0.327352  0.749600 0.500700 1 37 1.000000
0  -3.820799 -26.542313 -12.632496  0.898855 0.358184 -0.252513  0.749800 0.537000 1 37 1.000000
v_nailgun.tga
0  -3.937337 -26.381954 -11.120976  0.368636 0.872164 -0.321616  0.754800 0.499800 1 37 1.000000
0  -3.820799 -26.542313 -12.632496  0.898855 0.358184 -0.252513  0.749800 0.537000 1 37 1.000000
0  -3.912386 -26.433187 -12.597666  0.719439 0.666351 -0.195919  0.754900 0.537000 1 37 1.000000
v_nailgun.tga
0  -3.937337 -26.381954 -11.120976  0.368636 0.872164 -0.321616  0.754800 0.499800 1 37 1.000000
0  -3.899049 -26.327473 -11.022782  0.403525 0.869468 -0.284944  0.754100 0.496500 1 37 1.000000
0  -3.772037 -26.471478 -11.013937  0.895183 0.340206 -0.287935  0.749900 0.498000 1 37 1.000000
v_nailgun.tga
0  -3.937337 -26.381954 -11.120976  0.368636 0.872164 -0.321616  0.754800 0.499800 1 37 1.000000
0  -3.772037 -26.471478 -11.013937  0.895183 0.340206 -0.287935  0.749900 0.498000 1 37 1.000000
0  -3.842590 -26.489456 -11.114635  0.876791 0.352248 -0.327352  0.749600 0.500700 1 37 1.000000
v_nailgun.tga
0  -4.246831 -26.462591 -13.182902  0.570020 0.665836 -0.481393  0.753000 0.552500 1 37 1.000000
0  -4.171911 -26.573170 -13.246915  0.721657 0.354388 -0.594660  0.749100 0.552800 1 37 1.000000
0  -4.764899 -26.608067 -13.798475  0.530106 0.353428 -0.770763  0.749200 0.571000 1 37 1.000000
v_nailgun.tga
0  -4.246831 -26.462591 -13.182902  0.570020 0.665836 -0.481393  0.753000 0.552500 1 37 1.000000
0  -4.764899 -26.608067 -13.798475  0.530106 0.353428 -0.770763  0.749200 0.571000 1 37 1.000000
0  -4.818348 -26.496151 -13.712376  0.410388 0.671086 -0.617435  0.753100 0.570500 1 37 1.000000
v_nailgun.tga
0  -4.246831 -26.462591 -13.182902  -0.026649 0.998969 -0.036741  0.753000 0.552500 1 37 1.000000
0  -4.392612 -26.461401 -13.045293  -0.025845 0.999037 -0.035450  0.757100 0.552000 1 37 1.000000
0  -4.086000 -26.434914 -12.522718  -0.025647 0.999048 -0.035297  0.760000 0.536300 1 37 1.000000
v_nailgun.tga
0  -4.246831 -26.462591 -13.182902  -0.026649 0.998969 -0.036741  0.753000 0.552500 1 37 1.000000
0  -4.086000 -26.434914 -12.522718  -0.025647 0.999048 -0.035297  0.760000 0.536300 1 37 1.000000
0  -3.912386 -26.433187 -12.597666  -0.025227 0.999053 -0.035439  0.754900 0.537000 1 37 1.000000
v_nailgun.tga
0  -3.997874 -32.004513 -13.052841  0.625587 -0.632677 -0.456466  0.654700 0.553100 1 37 1.000000
0  -3.934622 -31.894928 -13.118046  0.750490 -0.317330 -0.579713  0.658700 0.553200 1 37 1.000000
0  -3.562151 -31.862202 -12.466150  0.929076 -0.287746 -0.232421  0.657500 0.537500 1 37 1.000000
v_nailgun.tga
0  -3.997874 -32.004513 -13.052841  0.625587 -0.632677 -0.456466  0.654700 0.553100 1 37 1.000000
0  -3.562151 -31.862202 -12.466150  0.929076 -0.287746 -0.232421  0.657500 0.537500 1 37 1.000000
0  -3.641173 -31.973164 -12.428628  0.776998 -0.608552 -0.161055  0.652400 0.537700 1 37 1.000000
v_nailgun.tga
0  -4.818348 -26.496151 -13.712376  0.410388 0.671086 -0.617435  0.753100 0.570500 1 37 1.000000
0  -4.764899 -26.608067 -13.798475  0.530106 0.353428 -0.770763  0.749200 0.571000 1 37 1.000000
0  -5.534760 -26.642624 -14.207822  0.289794 0.466190 -0.835875  0.750800 0.591100 1 37 1.000000
v_nailgun.tga
0  -4.818348 -26.496151 -13.712376  0.410388 0.671086 -0.617435  0.753100 0.570500 1 37 1.000000
0  -5.534760 -26.642624 -14.207822  0.289794 0.466190 -0.835875  0.750800 0.591100 1 37 1.000000
0  -5.558229 -26.529465 -14.105630  0.164400 0.679668 -0.714860  0.755100 0.590100 1 37 1.000000
v_nailgun.tga
0  -4.818348 -26.496151 -13.712376  -0.025767 0.999027 -0.035781  0.753100 0.570500 1 37 1.000000
0  -4.917581 -26.492384 -13.535791  -0.025933 0.999034 -0.035484  0.757000 0.569700 1 37 1.000000
0  -4.392612 -26.461401 -13.045293  -0.025845 0.999037 -0.035450  0.757100 0.552000 1 37 1.000000
v_nailgun.tga
0  -4.818348 -26.496151 -13.712376  -0.025767 0.999027 -0.035781  0.753100 0.570500 1 37 1.000000
0  -4.392612 -26.461401 -13.045293  -0.025845 0.999037 -0.035450  0.757100 0.552000 1 37 1.000000
0  -4.246831 -26.462591 -13.182902  -0.026649 0.998969 -0.036741  0.753000 0.552500 1 37 1.000000
v_nailgun.tga
0  -4.607447 -32.040302 -13.617594  0.463169 -0.656461 -0.595427  0.655200 0.570900 1 37 1.000000
0  -4.563768 -31.931946 -13.703187  0.555626 -0.338872 -0.759240  0.659000 0.571300 1 37 1.000000
0  -3.934622 -31.894928 -13.118046  0.750490 -0.317330 -0.579713  0.658700 0.553200 1 37 1.000000
v_nailgun.tga
0  -4.607447 -32.040302 -13.617594  0.463169 -0.656461 -0.595427  0.655200 0.570900 1 37 1.000000
0  -3.934622 -31.894928 -13.118046  0.750490 -0.317330 -0.579713  0.658700 0.553200 1 37 1.000000
0  -3.997874 -32.004513 -13.052841  0.625587 -0.632677 -0.456466  0.654700 0.553100 1 37 1.000000
v_nailgun.tga
0  -5.558229 -26.529465 -14.105630  -0.025910 0.999007 -0.036257  0.755100 0.590100 1 37 1.000000
0  -5.598413 -26.523018 -13.899466  -0.025992 0.999021 -0.035793  0.759800 0.588600 1 37 1.000000
0  -4.917581 -26.492384 -13.535791  -0.025933 0.999034 -0.035484  0.757000 0.569700 1 37 1.000000
v_nailgun.tga
0  -5.558229 -26.529465 -14.105630  -0.025910 0.999007 -0.036257  0.755100 0.590100 1 37 1.000000
0  -4.917581 -26.492384 -13.535791  -0.025933 0.999034 -0.035484  0.757000 0.569700 1 37 1.000000
0  -4.818348 -26.496151 -13.712376  -0.025767 0.999027 -0.035781  0.753100 0.570500 1 37 1.000000
v_nailgun.tga
0  -5.396586 -32.075821 -14.037031  0.374362 -0.663219 -0.648069  0.653700 0.590200 1 37 1.000000
0  -5.380586 -31.968704 -14.137415  0.454514 -0.330992 -0.826959  0.658000 0.591100 1 37 1.000000
0  -4.563768 -31.931946 -13.703187  0.555626 -0.338872 -0.759240  0.659000 0.571300 1 37 1.000000
v_nailgun.tga
0  -5.396586 -32.075821 -14.037031  0.374362 -0.663219 -0.648069  0.653700 0.590200 1 37 1.000000
0  -4.563768 -31.931946 -13.703187  0.555626 -0.338872 -0.759240  0.659000 0.571300 1 37 1.000000
0  -4.607447 -32.040302 -13.617594  0.463169 -0.656461 -0.595427  0.655200 0.570900 1 37 1.000000
v_nailgun.tga
0  -4.102482 -26.386187 -11.124083  -0.023503 0.994327 -0.103735  0.759300 0.499100 1 37 1.000000
0  -4.151464 -26.334051 -11.027586  -0.020767 0.972356 -0.232578  0.758300 0.494800 1 37 1.000000
0  -3.899049 -26.327473 -11.022782  0.403525 0.869468 -0.284944  0.754100 0.496500 1 37 1.000000
v_nailgun.tga
0  -4.102482 -26.386187 -11.124083  -0.023503 0.994327 -0.103735  0.759300 0.499100 1 37 1.000000
0  -3.899049 -26.327473 -11.022782  0.403525 0.869468 -0.284944  0.754100 0.496500 1 37 1.000000
0  -3.937337 -26.381954 -11.120976  0.368636 0.872164 -0.321616  0.754800 0.499800 1 37 1.000000
v_nailgun.tga
0  -4.102482 -26.386187 -11.124083  -0.669896 0.455609 -0.586225  0.759300 0.499100 1 37 1.000000
0  -4.257569 -26.484211 -11.023042  -0.954365 0.295447 0.043581  0.766200 0.492200 1 37 1.000000
0  -4.151464 -26.334051 -11.027586  -0.779254 0.541055 -0.316264  0.758300 0.494800 1 37 1.000000
v_nailgun.tga
0  -3.585224 -31.806244 -10.855743  0.903765 -0.295054 -0.310085  0.656400 0.500900 1 37 1.000000
0  -3.508222 -31.812973 -10.747871  0.921479 -0.281422 -0.267727  0.656100 0.498100 1 37 1.000000
0  -3.618719 -31.963493 -10.744619  0.779111 -0.576862 -0.245389  0.651400 0.496800 1 37 1.000000
v_nailgun.tga
0  -3.585224 -31.806244 -10.855743  0.903765 -0.295054 -0.310085  0.656400 0.500900 1 37 1.000000
0  -3.618719 -31.963493 -10.744619  0.779111 -0.576862 -0.245389  0.651400 0.496800 1 37 1.000000
0  -3.667713 -31.918537 -10.853699  0.776236 -0.574921 -0.258697  0.651200 0.500200 1 37 1.000000
v_nailgun.tga
0  -3.562151 -31.862202 -12.466150  0.929076 -0.287746 -0.232421  0.657500 0.537500 1 37 1.000000
0  -3.820799 -26.542313 -12.632496  0.898855 0.358184 -0.252513  0.749800 0.537000 1 37 1.000000
0  -3.842590 -26.489456 -11.114635  0.876791 0.352248 -0.327352  0.749600 0.500700 1 37 1.000000
v_nailgun.tga
0  -3.562151 -31.862202 -12.466150  0.929076 -0.287746 -0.232421  0.657500 0.537500 1 37 1.000000
0  -3.842590 -26.489456 -11.114635  0.876791 0.352248 -0.327352  0.749600 0.500700 1 37 1.000000
0  -3.585224 -31.806244 -10.855743  0.903765 -0.295054 -0.310085  0.656400 0.500900 1 37 1.000000
v_nailgun.tga
0  -3.562151 -31.862202 -12.466150  0.929076 -0.287746 -0.232421  0.657500 0.537500 1 37 1.000000
0  -3.934622 -31.894928 -13.118046  0.750490 -0.317330 -0.579713  0.658700 0.553200 1 37 1.000000
0  -4.171911 -26.573170 -13.246915  0.721657 0.354388 -0.594660  0.749100 0.552800 1 37 1.000000
v_nailgun.tga
0  -3.562151 -31.862202 -12.466150  0.929076 -0.287746 -0.232421  0.657500 0.537500 1 37 1.000000
0  -4.171911 -26.573170 -13.246915  0.721657 0.354388 -0.594660  0.749100 0.552800 1 37 1.000000
0  -3.820799 -26.542313 -12.632496  0.898855 0.358184 -0.252513  0.749800 0.537000 1 37 1.000000
v_nailgun.tga
0  -3.842590 -26.489456 -11.114635  0.876791 0.352248 -0.327352  0.749600 0.500700 1 37 1.000000
0  -3.772037 -26.471478 -11.013937  0.895183 0.340206 -0.287935  0.749900 0.498000 1 37 1.000000
0  -3.508222 -31.812973 -10.747871  0.921479 -0.281422 -0.267727  0.656100 0.498100 1 37 1.000000
v_nailgun.tga
0  -3.842590 -26.489456 -11.114635  0.876791 0.352248 -0.327352  0.749600 0.500700 1 37 1.000000
0  -3.508222 -31.812973 -10.747871  0.921479 -0.281422 -0.267727  0.656100 0.498100 1 37 1.000000
0  -3.585224 -31.806244 -10.855743  0.903765 -0.295054 -0.310085  0.656400 0.500900 1 37 1.000000
v_nailgun.tga
0  -3.934622 -31.894928 -13.118046  0.750490 -0.317330 -0.579713  0.658700 0.553200 1 37 1.000000
0  -4.563768 -31.931946 -13.703187  0.555626 -0.338872 -0.759240  0.659000 0.571300 1 37 1.000000
0  -4.764899 -26.608067 -13.798475  0.530106 0.353428 -0.770763  0.749200 0.571000 1 37 1.000000
v_nailgun.tga
0  -3.934622 -31.894928 -13.118046  0.750490 -0.317330 -0.579713  0.658700 0.553200 1 37 1.000000
0  -4.764899 -26.608067 -13.798475  0.530106 0.353428 -0.770763  0.749200 0.571000 1 37 1.000000
0  -4.171911 -26.573170 -13.246915  0.721657 0.354388 -0.594660  0.749100 0.552800 1 37 1.000000
v_nailgun.tga
0  -4.563768 -31.931946 -13.703187  0.555626 -0.338872 -0.759240  0.659000 0.571300 1 37 1.000000
0  -5.380586 -31.968704 -14.137415  0.454514 -0.330992 -0.826959  0.658000 0.591100 1 37 1.000000
0  -5.534760 -26.642624 -14.207822  0.289794 0.466190 -0.835875  0.750800 0.591100 1 37 1.000000
v_nailgun.tga
0  -4.563768 -31.931946 -13.703187  0.555626 -0.338872 -0.759240  0.659000 0.571300 1 37 1.000000
0  -5.534760 -26.642624 -14.207822  0.289794 0.466190 -0.835875  0.750800 0.591100 1 37 1.000000
0  -4.764899 -26.608067 -13.798475  0.530106 0.353428 -0.770763  0.749200 0.571000 1 37 1.000000
v_nailgun.tga
0  -3.618719 -31.963493 -10.744619  0.029146 -0.988094 -0.151065  0.651400 0.496800 1 37 1.000000
0  -3.621979 -31.957478 -10.572727  0.022921 -0.982868 0.182879  0.651800 0.493200 1 37 1.000000
0  -3.891782 -31.964718 -10.577825  0.022746 -0.982526 0.184732  0.648200 0.491600 1 37 1.000000
v_nailgun.tga
0  -3.618719 -31.963493 -10.744619  0.029146 -0.988094 -0.151065  0.651400 0.496800 1 37 1.000000
0  -3.891782 -31.964718 -10.577825  0.022746 -0.982526 0.184732  0.648200 0.491600 1 37 1.000000
0  -3.888525 -31.970634 -10.749720  -0.383535 -0.906907 -0.174415  0.647100 0.495800 1 37 1.000000
v_nailgun.tga
0  -3.899049 -26.327473 -11.022782  0.403525 0.869468 -0.284944  0.754100 0.496500 1 37 1.000000
0  -3.902096 -26.321938 -10.862081  0.727969 0.655040 0.202447  0.753300 0.493200 1 37 1.000000
0  -3.775183 -26.465925 -10.852635  0.898112 0.371311 0.235635  0.749800 0.494600 1 37 1.000000
v_nailgun.tga
0  -3.899049 -26.327473 -11.022782  0.403525 0.869468 -0.284944  0.754100 0.496500 1 37 1.000000
0  -3.775183 -26.465925 -10.852635  0.898112 0.371311 0.235635  0.749800 0.494600 1 37 1.000000
0  -3.772037 -26.471478 -11.013937  0.895183 0.340206 -0.287935  0.749900 0.498000 1 37 1.000000
v_nailgun.tga
0  -4.023639 -31.826706 -10.757469  -0.901353 -0.421823 0.098124  0.655500 0.476100 1 37 1.000000
0  -3.959538 -31.802948 -10.454956  -0.898741 -0.379254 0.220070  0.656100 0.483300 1 37 1.000000
0  -4.195556 -26.483906 -10.737021  -0.935692 0.288836 0.202616  0.749700 0.483800 1 37 1.000000
v_nailgun.tga
0  -4.023639 -31.826706 -10.757469  -0.901353 -0.421823 0.098124  0.655500 0.476100 1 37 1.000000
0  -4.195556 -26.483906 -10.737021  -0.935692 0.288836 0.202616  0.749700 0.483800 1 37 1.000000
0  -4.257569 -26.484211 -11.023042  -0.954365 0.295447 0.043581  0.750200 0.476900 1 37 1.000000
v_nailgun.tga
0  -4.151464 -26.334051 -11.027586  -0.020767 0.972356 -0.232578  0.758300 0.494800 1 37 1.000000
0  -4.154512 -26.328411 -10.866788  -0.027844 0.992205 0.121468  0.756600 0.490500 1 37 1.000000
0  -3.902096 -26.321938 -10.862081  -0.027887 0.991946 0.123551  0.753300 0.493200 1 37 1.000000
v_nailgun.tga
0  -4.151464 -26.334051 -11.027586  -0.020767 0.972356 -0.232578  0.758300 0.494800 1 37 1.000000
0  -3.902096 -26.321938 -10.862081  -0.027887 0.991946 0.123551  0.753300 0.493200 1 37 1.000000
0  -3.899049 -26.327473 -11.022782  0.403525 0.869468 -0.284944  0.754100 0.496500 1 37 1.000000
v_nailgun.tga
0  -3.508222 -31.812973 -10.747871  0.921479 -0.281422 -0.267727  0.656100 0.498100 1 37 1.000000
0  -3.511477 -31.807079 -10.576576  0.927904 -0.262562 0.264678  0.656100 0.494600 1 37 1.000000
0  -3.621979 -31.957478 -10.572727  0.782223 -0.568079 0.255761  0.651800 0.493200 1 37 1.000000
v_nailgun.tga
0  -3.508222 -31.812973 -10.747871  0.921479 -0.281422 -0.267727  0.656100 0.498100 1 37 1.000000
0  -3.621979 -31.957478 -10.572727  0.782223 -0.568079 0.255761  0.651800 0.493200 1 37 1.000000
0  -3.618719 -31.963493 -10.744619  0.779111 -0.576862 -0.245389  0.651400 0.496800 1 37 1.000000
v_nailgun.tga
0  -3.772037 -26.471478 -11.013937  0.895183 0.340206 -0.287935  0.749900 0.498000 1 37 1.000000
0  -3.775183 -26.465925 -10.852635  0.898112 0.371311 0.235635  0.749800 0.494600 1 37 1.000000
0  -3.511477 -31.807079 -10.576576  0.927904 -0.262562 0.264678  0.656100 0.494600 1 37 1.000000
v_nailgun.tga
0  -3.772037 -26.471478 -11.013937  0.895183 0.340206 -0.287935  0.749900 0.498000 1 37 1.000000
0  -3.511477 -31.807079 -10.576576  0.927904 -0.262562 0.264678  0.656100 0.494600 1 37 1.000000
0  -3.508222 -31.812973 -10.747871  0.921479 -0.281422 -0.267727  0.656100 0.498100 1 37 1.000000
v_nailgun.tga
0  -3.888525 -31.970634 -10.749720  -0.383535 -0.906907 -0.174415  0.647100 0.495800 1 37 1.000000
0  -4.023639 -31.826706 -10.757469  -0.901353 -0.421823 0.098124  0.639500 0.494300 1 37 1.000000
0  -3.843851 -31.923164 -10.857001  -0.207529 -0.859658 -0.466818  0.646600 0.499900 1 37 1.000000
v_nailgun.tga
0  -3.888525 -31.970634 -10.749720  -0.768228 0.639132 -0.036548  0.647100 0.495800 1 37 1.000000
0  -3.891782 -31.964718 -10.577825  -0.768228 0.639132 -0.036548  0.648200 0.491600 1 37 1.000000
0  -3.855504 -31.913692 -10.448092  -0.768228 0.639132 -0.036548  0.650000 0.487200 1 37 1.000000
v_nailgun.tga
0  -3.888525 -31.970634 -10.749720  -0.383535 -0.906907 -0.174415  0.647100 0.495800 1 37 1.000000
0  -3.855504 -31.913692 -10.448092  -0.719786 -0.663527 0.204059  0.650000 0.487200 1 37 1.000000
0  -3.959538 -31.802948 -10.454956  -0.898741 -0.379254 0.220070  0.643100 0.484800 1 37 1.000000
v_nailgun.tga
0  -3.888525 -31.970634 -10.749720  -0.383535 -0.906907 -0.174415  0.647100 0.495800 1 37 1.000000
0  -3.959538 -31.802948 -10.454956  -0.898741 -0.379254 0.220070  0.643100 0.484800 1 37 1.000000
0  -4.023639 -31.826706 -10.757469  -0.901353 -0.421823 0.098124  0.639500 0.494300 1 37 1.000000
v_nailgun.tga
0  -4.257569 -26.484211 -11.023042  -0.954365 0.295447 0.043581  0.766200 0.492200 1 37 1.000000
0  -4.195556 -26.483906 -10.737021  -0.935692 0.288836 0.202616  0.761100 0.482500 1 37 1.000000
0  -4.114049 -26.368505 -10.741176  -0.857365 0.448570 0.252408  0.754000 0.486000 1 37 1.000000
v_nailgun.tga
0  -4.257569 -26.484211 -11.023042  -0.954365 0.295447 0.043581  0.766200 0.492200 1 37 1.000000
0  -4.114049 -26.368505 -10.741176  -0.857365 0.448570 0.252408  0.754000 0.486000 1 37 1.000000
0  -4.154512 -26.328411 -10.866788  -0.904434 0.340522 0.256989  0.756600 0.490500 1 37 1.000000
v_nailgun.tga
0  -4.257569 -26.484211 -11.023042  -0.954365 0.295447 0.043581  0.766200 0.492200 1 37 1.000000
0  -4.154512 -26.328411 -10.866788  -0.904434 0.340522 0.256989  0.756600 0.490500 1 37 1.000000
0  -4.151464 -26.334051 -11.027586  -0.779254 0.541055 -0.316264  0.758300 0.494800 1 37 1.000000
v_nailgun.tga
0  -3.621979 -31.957478 -10.572727  0.022921 -0.982868 0.182879  0.651800 0.493200 1 37 1.000000
0  -3.670870 -31.908733 -10.444594  0.018186 -0.932163 0.361581  0.652200 0.489600 1 37 1.000000
0  -3.855504 -31.913692 -10.448092  0.018186 -0.932177 0.361547  0.650000 0.487200 1 37 1.000000
v_nailgun.tga
0  -3.621979 -31.957478 -10.572727  0.022921 -0.982868 0.182879  0.651800 0.493200 1 37 1.000000
0  -3.855504 -31.913692 -10.448092  0.018186 -0.932177 0.361547  0.650000 0.487200 1 37 1.000000
0  -3.891782 -31.964718 -10.577825  0.022746 -0.982526 0.184732  0.648200 0.491600 1 37 1.000000
v_nailgun.tga
0  -3.902096 -26.321938 -10.862081  0.727969 0.655040 0.202447  0.753300 0.493200 1 37 1.000000
0  -3.940908 -26.363962 -10.737973  0.667675 0.616350 0.417520  0.752400 0.490300 1 37 1.000000
0  -3.843273 -26.474850 -10.730412  0.799968 0.369477 0.472798  0.749400 0.491600 1 37 1.000000
v_nailgun.tga
0  -3.902096 -26.321938 -10.862081  0.727969 0.655040 0.202447  0.753300 0.493200 1 37 1.000000
0  -3.843273 -26.474850 -10.730412  0.799968 0.369477 0.472798  0.749400 0.491600 1 37 1.000000
0  -3.775183 -26.465925 -10.852635  0.898112 0.371311 0.235635  0.749800 0.494600 1 37 1.000000
v_nailgun.tga
0  -4.154512 -26.328411 -10.866788  -0.027844 0.992205 0.121468  0.756600 0.490500 1 37 1.000000
0  -4.114049 -26.368505 -10.741176  -0.030696 0.949291 0.312896  0.754000 0.486000 1 37 1.000000
0  -3.940908 -26.363962 -10.737973  -0.030328 0.949482 0.312352  0.752400 0.490300 1 37 1.000000
v_nailgun.tga
0  -4.154512 -26.328411 -10.866788  -0.027844 0.992205 0.121468  0.756600 0.490500 1 37 1.000000
0  -3.940908 -26.363962 -10.737973  -0.030328 0.949482 0.312352  0.752400 0.490300 1 37 1.000000
0  -3.902096 -26.321938 -10.862081  -0.027887 0.991946 0.123551  0.753300 0.493200 1 37 1.000000
v_nailgun.tga
0  -3.511477 -31.807079 -10.576576  0.927904 -0.262562 0.264678  0.656100 0.494600 1 37 1.000000
0  -3.585771 -31.793018 -10.447956  0.825456 -0.251790 0.505197  0.656500 0.491500 1 37 1.000000
0  -3.670870 -31.908733 -10.444594  0.717250 -0.514482 0.469959  0.652200 0.489600 1 37 1.000000
v_nailgun.tga
0  -3.511477 -31.807079 -10.576576  0.927904 -0.262562 0.264678  0.656100 0.494600 1 37 1.000000
0  -3.670870 -31.908733 -10.444594  0.717250 -0.514482 0.469959  0.652200 0.489600 1 37 1.000000
0  -3.621979 -31.957478 -10.572727  0.782223 -0.568079 0.255761  0.651800 0.493200 1 37 1.000000
v_nailgun.tga
0  -3.775183 -26.465925 -10.852635  0.898112 0.371311 0.235635  0.749800 0.494600 1 37 1.000000
0  -3.843273 -26.474850 -10.730412  0.799968 0.369477 0.472798  0.749400 0.491600 1 37 1.000000
0  -3.585771 -31.793018 -10.447956  0.825456 -0.251790 0.505197  0.656500 0.491500 1 37 1.000000
v_nailgun.tga
0  -3.775183 -26.465925 -10.852635  0.898112 0.371311 0.235635  0.749800 0.494600 1 37 1.000000
0  -3.585771 -31.793018 -10.447956  0.825456 -0.251790 0.505197  0.656500 0.491500 1 37 1.000000
0  -3.511477 -31.807079 -10.576576  0.927904 -0.262562 0.264678  0.656100 0.494600 1 37 1.000000
v_nailgun.tga
0  -3.670870 -31.908733 -10.444594  -0.019895 0.043494 0.998856  0.652200 0.489600 1 37 1.000000
0  -3.692832 -31.795891 -10.449955  -0.019963 0.047822 0.998656  0.656400 0.489300 1 37 1.000000
0  -3.959538 -31.802948 -10.454956  -0.018390 0.047233 0.998715  0.656100 0.483300 1 37 1.000000
v_nailgun.tga
0  -3.670870 -31.908733 -10.444594  -0.019895 0.043494 0.998856  0.652200 0.489600 1 37 1.000000
0  -3.959538 -31.802948 -10.454956  -0.018390 0.047233 0.998715  0.656100 0.483300 1 37 1.000000
0  -3.855504 -31.913692 -10.448092  -0.020085 0.043042 0.998871  0.650000 0.487200 1 37 1.000000
v_nailgun.tga
0  -4.114049 -26.368505 -10.741176  -0.020000 0.050246 0.998537  0.754000 0.486000 1 37 1.000000
0  -4.094589 -26.481295 -10.735120  -0.020076 0.051103 0.998492  0.749700 0.486200 1 37 1.000000
0  -3.843273 -26.474850 -10.730412  -0.020209 0.051734 0.998456  0.749400 0.491600 1 37 1.000000
v_nailgun.tga
0  -4.114049 -26.368505 -10.741176  -0.020000 0.050246 0.998537  0.754000 0.486000 1 37 1.000000
0  -3.843273 -26.474850 -10.730412  -0.020209 0.051734 0.998456  0.749400 0.491600 1 37 1.000000
0  -3.940908 -26.363962 -10.737973  -0.019817 0.050662 0.998519  0.752400 0.490300 1 37 1.000000
v_nailgun.tga
0  -4.094589 -26.481295 -10.735120  -0.020076 0.051103 0.998492  0.749700 0.486200 1 37 1.000000
0  -4.114049 -26.368505 -10.741176  -0.020000 0.050246 0.998537  0.754000 0.486000 1 37 1.000000
0  -4.195556 -26.483906 -10.737021  -0.020106 0.050425 0.998525  0.749700 0.483800 1 37 1.000000
v_nailgun.tga
0  -3.585771 -31.793018 -10.447956  -0.020175 0.052035 0.998441  0.656500 0.491500 1 37 1.000000
0  -3.692832 -31.795891 -10.449955  -0.019963 0.047822 0.998656  0.656400 0.489300 1 37 1.000000
0  -3.670870 -31.908733 -10.444594  -0.019895 0.043494 0.998856  0.652200 0.489600 1 37 1.000000
v_nailgun.tga
0  -4.195556 -26.483906 -10.737021  -0.020106 0.050425 0.998525  0.749700 0.483800 1 37 1.000000
0  -3.585771 -31.793018 -10.447956  -0.020175 0.052035 0.998441  0.656500 0.491500 1 37 1.000000
0  -4.094589 -26.481295 -10.735120  -0.020076 0.051103 0.998492  0.749700 0.486200 1 37 1.000000
v_nailgun.tga
0  -4.094589 -26.481295 -10.735120  -0.020076 0.051103 0.998492  0.749700 0.486200 1 37 1.000000
0  -3.585771 -31.793018 -10.447956  -0.020175 0.052035 0.998441  0.656500 0.491500 1 37 1.000000
0  -3.843273 -26.474850 -10.730412  -0.020209 0.051734 0.998456  0.749400 0.491600 1 37 1.000000
v_nailgun.tga
0  -3.585771 -31.793018 -10.447956  -0.020175 0.052035 0.998441  0.656500 0.491500 1 37 1.000000
0  -4.195556 -26.483906 -10.737021  -0.020106 0.050425 0.998525  0.749700 0.483800 1 37 1.000000
0  -3.692832 -31.795891 -10.449955  -0.019963 0.047822 0.998656  0.656400 0.489300 1 37 1.000000
v_nailgun.tga
0  -3.692832 -31.795891 -10.449955  -0.019963 0.047822 0.998656  0.656400 0.489300 1 37 1.000000
0  -4.195556 -26.483906 -10.737021  -0.020106 0.050425 0.998525  0.749700 0.483800 1 37 1.000000
0  -3.959538 -31.802948 -10.454956  -0.018390 0.047233 0.998715  0.656100 0.483300 1 37 1.000000
v_nailgun.tga
0  0.536068 -22.867638 -13.461826  0.056524 0.149898 0.987084  0.851300 0.184100 1 40 1.000000
0  0.539581 -22.619028 -13.532658  0.060025 0.415441 0.907638  0.845000 0.184100 1 40 1.000000
0  -2.403140 -22.533516 -13.377187  0.060037 0.415500 0.907610  0.845000 0.073900 1 40 1.000000
v_nailgun.tga
0  0.536068 -22.867638 -13.461826  0.056524 0.149898 0.987084  0.851300 0.184100 1 40 1.000000
0  -2.403140 -22.533516 -13.377187  0.060037 0.415500 0.907610  0.845000 0.073900 1 40 1.000000
0  -2.406661 -22.782225 -13.306252  0.056529 0.149999 0.987069  0.851300 0.073900 1 40 1.000000
v_nailgun.tga
0  0.433172 -26.038279 -13.670321  0.006655 -0.817851 0.575392  0.930400 0.184100 1 40 1.000000
0  0.444285 -25.930813 -13.517704  0.019177 -0.677589 0.735190  0.924100 0.184100 1 40 1.000000
0  -2.498443 -25.845301 -13.362132  0.019184 -0.677507 0.735266  0.924100 0.073900 1 40 1.000000
v_nailgun.tga
0  0.433172 -26.038279 -13.670321  0.006655 -0.817851 0.575392  0.930400 0.184100 1 40 1.000000
0  -2.498443 -25.845301 -13.362132  0.019184 -0.677507 0.735266  0.924100 0.073900 1 40 1.000000
0  -2.509554 -25.952770 -13.514749  0.006656 -0.817835 0.575415  0.930400 0.073900 1 40 1.000000
v_nailgun.tga
0  0.371497 -26.067287 -14.842735  0.998233 -0.028980 -0.051869  0.924900 0.238900 1 40 1.000000
0  0.472022 -22.434813 -14.937637  0.998228 -0.028978 -0.051973  0.840400 0.238900 1 40 1.000000
0  0.533698 -22.405806 -13.765224  0.998235 -0.028973 -0.051849  0.840400 0.195000 1 40 1.000000
v_nailgun.tga
0  0.371497 -26.067287 -14.842735  0.998233 -0.028980 -0.051869  0.924900 0.238900 1 40 1.000000
0  0.533698 -22.405806 -13.765224  0.998235 -0.028973 -0.051849  0.840400 0.195000 1 40 1.000000
0  0.433172 -26.038279 -13.670321  0.998229 -0.028957 -0.051965  0.924900 0.195000 1 40 1.000000
v_nailgun.tga
0  0.472022 -22.434813 -14.937637  0.010962 0.949224 -0.314411  0.791000 0.184100 1 40 1.000000
0  -2.470705 -22.349298 -14.782067  0.010979 0.949312 -0.314143  0.791000 0.073900 1 40 1.000000
0  -2.409028 -22.320292 -13.609653  0.041977 0.963432 0.264644  0.835000 0.073900 1 40 1.000000
v_nailgun.tga
0  0.472022 -22.434813 -14.937637  0.010962 0.949224 -0.314411  0.791000 0.184100 1 40 1.000000
0  -2.409028 -22.320292 -13.609653  0.041977 0.963432 0.264644  0.835000 0.073900 1 40 1.000000
0  0.533698 -22.405806 -13.765224  0.041967 0.963560 0.264181  0.835000 0.184100 1 40 1.000000
v_nailgun.tga
0  0.472022 -22.434813 -14.937637  0.010962 0.949224 -0.314411  0.791000 0.184100 1 40 1.000000
0  0.460911 -22.542278 -15.090255  -0.019182 0.677518 -0.735256  0.784700 0.184100 1 40 1.000000
0  -2.481817 -22.456766 -14.934684  -0.019146 0.677817 -0.734981  0.784700 0.073900 1 40 1.000000
v_nailgun.tga
0  0.472022 -22.434813 -14.937637  0.010962 0.949224 -0.314411  0.791000 0.184100 1 40 1.000000
0  -2.481817 -22.456766 -14.934684  -0.019146 0.677817 -0.734981  0.784700 0.073900 1 40 1.000000
0  -2.470705 -22.349298 -14.782067  0.010979 0.949312 -0.314143  0.791000 0.073900 1 40 1.000000
v_nailgun.tga
0  -2.409028 -22.320292 -13.609653  -0.998234 0.028995 0.051854  0.840400 0.063000 1 40 1.000000
0  -2.509554 -25.952770 -13.514749  -0.998228 0.028983 0.051975  0.924900 0.062900 1 40 1.000000
0  -2.498443 -25.845301 -13.362132  -0.998213 0.028990 0.052253  0.922500 0.068800 1 40 1.000000
v_nailgun.tga
0  -2.409028 -22.320292 -13.609653  -0.998234 0.028995 0.051854  0.840400 0.063000 1 40 1.000000
0  -2.498443 -25.845301 -13.362132  -0.998213 0.028990 0.052253  0.922500 0.068800 1 40 1.000000
0  -2.491466 -25.728407 -13.293671  -0.998216 0.028985 0.052196  0.919800 0.071500 1 40 1.000000
v_nailgun.tga
0  -2.409028 -22.320292 -13.609653  -0.998234 0.028995 0.051854  0.840400 0.063000 1 40 1.000000
0  -2.491466 -25.728407 -13.293671  -0.998216 0.028985 0.052196  0.919800 0.071500 1 40 1.000000
0  -2.481155 -25.476580 -13.235893  -0.998231 0.028960 0.051922  0.914000 0.073900 1 40 1.000000
v_nailgun.tga
0  -2.409028 -22.320292 -13.609653  -0.998234 0.028995 0.051854  0.840400 0.063000 1 40 1.000000
0  -2.481155 -25.476580 -13.235893  -0.998231 0.028960 0.051922  0.914000 0.073900 1 40 1.000000
0  -2.406661 -22.782225 -13.306252  -0.998235 0.028949 0.051862  0.851300 0.073900 1 40 1.000000
v_nailgun.tga
0  -2.409028 -22.320292 -13.609653  -0.998234 0.028995 0.051854  0.840400 0.063000 1 40 1.000000
0  -2.406661 -22.782225 -13.306252  -0.998235 0.028949 0.051862  0.851300 0.073900 1 40 1.000000
0  -2.403140 -22.533516 -13.377187  -0.998236 0.028948 0.051833  0.845500 0.071400 1 40 1.000000
v_nailgun.tga
0  -2.409028 -22.320292 -13.609653  -0.998234 0.028995 0.051854  0.840400 0.063000 1 40 1.000000
0  -2.403140 -22.533516 -13.377187  -0.998236 0.028948 0.051833  0.845500 0.071400 1 40 1.000000
0  -2.403702 -22.420177 -13.451677  -0.998203 0.029380 0.052230  0.842800 0.068800 1 40 1.000000
v_nailgun.tga
0  -2.409028 -22.320292 -13.609653  0.041977 0.963432 0.264644  0.835000 0.073900 1 40 1.000000
0  -2.403702 -22.420177 -13.451677  0.057644 0.712708 0.699088  0.841300 0.073900 1 40 1.000000
0  0.539021 -22.505688 -13.607148  0.057649 0.712930 0.698861  0.841300 0.184100 1 40 1.000000
v_nailgun.tga
0  -2.409028 -22.320292 -13.609653  0.041977 0.963432 0.264644  0.835000 0.073900 1 40 1.000000
0  0.539021 -22.505688 -13.607148  0.057649 0.712930 0.698861  0.841300 0.184100 1 40 1.000000
0  0.533698 -22.405806 -13.765224  0.041967 0.963560 0.264181  0.835000 0.184100 1 40 1.000000
v_nailgun.tga
0  -2.499099 -22.825491 -15.061023  -0.044879 0.225134 -0.973294  0.774700 0.073900 1 40 1.000000
0  -2.488789 -22.573662 -15.003247  -0.038270 0.370418 -0.928077  0.781000 0.073900 1 40 1.000000
0  0.453935 -22.659170 -15.158718  -0.038300 0.370088 -0.928207  0.780900 0.184100 1 40 1.000000
v_nailgun.tga
0  -2.499099 -22.825491 -15.061023  -0.044879 0.225134 -0.973294  0.774700 0.073900 1 40 1.000000
0  0.453935 -22.659170 -15.158718  -0.038300 0.370088 -0.928207  0.780900 0.184100 1 40 1.000000
0  0.443624 -22.911001 -15.216494  -0.044879 0.225131 -0.973294  0.774600 0.184100 1 40 1.000000
v_nailgun.tga
0  -2.573595 -25.519945 -14.990662  -0.998233 0.028975 0.051872  0.914000 0.008100 1 40 1.000000
0  -2.577114 -25.768551 -14.919729  -0.998269 0.028763 0.051301  0.919800 0.010500 1 40 1.000000
0  -2.576555 -25.881992 -14.845236  -0.998284 0.028672 0.051061  0.922500 0.013200 1 40 1.000000
v_nailgun.tga
0  -2.573595 -25.519945 -14.990662  -0.998233 0.028975 0.051872  0.914000 0.008100 1 40 1.000000
0  -2.576555 -25.881992 -14.845236  -0.998284 0.028672 0.051061  0.922500 0.013200 1 40 1.000000
0  -2.571230 -25.981773 -14.687164  -0.998235 0.028988 0.051840  0.924900 0.019000 1 40 1.000000
v_nailgun.tga
0  -2.573595 -25.519945 -14.990662  -0.998233 0.028975 0.051872  0.914000 0.008100 1 40 1.000000
0  -2.571230 -25.981773 -14.687164  -0.998235 0.028988 0.051840  0.924900 0.019000 1 40 1.000000
0  -2.470705 -22.349298 -14.782067  -0.998228 0.028969 0.051972  0.840400 0.019000 1 40 1.000000
v_nailgun.tga
0  -2.573595 -25.519945 -14.990662  -0.998233 0.028975 0.051872  0.914000 0.008100 1 40 1.000000
0  -2.470705 -22.349298 -14.782067  -0.998228 0.028969 0.051972  0.840400 0.019000 1 40 1.000000
0  -2.481817 -22.456766 -14.934684  -0.998214 0.028953 0.052263  0.842900 0.013200 1 40 1.000000
v_nailgun.tga
0  -2.573595 -25.519945 -14.990662  -0.998233 0.028975 0.051872  0.914000 0.008100 1 40 1.000000
0  -2.481817 -22.456766 -14.934684  -0.998214 0.028953 0.052263  0.842900 0.013200 1 40 1.000000
0  -2.488789 -22.573662 -15.003247  -0.998221 0.028956 0.052125  0.845500 0.010500 1 40 1.000000
v_nailgun.tga
0  -2.573595 -25.519945 -14.990662  -0.998233 0.028975 0.051872  0.914000 0.008100 1 40 1.000000
0  -2.488789 -22.573662 -15.003247  -0.998221 0.028956 0.052125  0.845500 0.010500 1 40 1.000000
0  -2.499099 -22.825491 -15.061023  -0.998231 0.028953 0.051922  0.851300 0.008100 1 40 1.000000
v_nailgun.tga
0  -2.481155 -25.476580 -13.235893  0.049575 -0.101079 0.993642  0.914000 0.073900 1 40 1.000000
0  -2.491466 -25.728407 -13.293671  0.038317 -0.370074 0.928212  0.920300 0.073900 1 40 1.000000
0  0.451262 -25.813921 -13.449242  0.038290 -0.370281 0.928130  0.920300 0.184100 1 40 1.000000
v_nailgun.tga
0  -2.481155 -25.476580 -13.235893  0.049575 -0.101079 0.993642  0.914000 0.073900 1 40 1.000000
0  0.451262 -25.813921 -13.449242  0.038290 -0.370281 0.928130  0.920300 0.184100 1 40 1.000000
0  0.461567 -25.562090 -13.391366  0.049563 -0.101256 0.993625  0.914000 0.184100 1 40 1.000000
v_nailgun.tga
0  -2.406661 -22.782225 -13.306252  0.056529 0.149999 0.987069  0.851300 0.073900 1 40 1.000000
0  -2.481155 -25.476580 -13.235893  0.049575 -0.101079 0.993642  0.914000 0.073900 1 40 1.000000
0  0.461567 -25.562090 -13.391366  0.049563 -0.101256 0.993625  0.914000 0.184100 1 40 1.000000
v_nailgun.tga
0  -2.406661 -22.782225 -13.306252  0.056529 0.149999 0.987069  0.851300 0.073900 1 40 1.000000
0  0.461567 -25.562090 -13.391366  0.049563 -0.101256 0.993625  0.914000 0.184100 1 40 1.000000
0  0.536068 -22.867638 -13.461826  0.056524 0.149898 0.987084  0.851300 0.184100 1 40 1.000000
v_nailgun.tga
0  -2.470705 -22.349298 -14.782067  -0.998228 0.028969 0.051972  0.840400 0.019000 1 40 1.000000
0  -2.571230 -25.981773 -14.687164  -0.998235 0.028988 0.051840  0.924900 0.019000 1 40 1.000000
0  -2.509554 -25.952770 -13.514749  -0.998228 0.028983 0.051975  0.924900 0.062900 1 40 1.000000
v_nailgun.tga
0  -2.470705 -22.349298 -14.782067  -0.998228 0.028969 0.051972  0.840400 0.019000 1 40 1.000000
0  -2.509554 -25.952770 -13.514749  -0.998228 0.028983 0.051975  0.924900 0.062900 1 40 1.000000
0  -2.409028 -22.320292 -13.609653  -0.998234 0.028995 0.051854  0.840400 0.063000 1 40 1.000000
v_nailgun.tga
0  0.461567 -25.562090 -13.391366  0.998219 -0.028967 -0.052155  0.914000 0.184100 1 40 1.000000
0  0.451262 -25.813921 -13.449242  0.998200 -0.028749 -0.052638  0.919800 0.186500 1 40 1.000000
0  0.444285 -25.930813 -13.517704  0.998210 -0.028832 -0.052399  0.922500 0.189200 1 40 1.000000
v_nailgun.tga
0  0.461567 -25.562090 -13.391366  0.998219 -0.028967 -0.052155  0.914000 0.184100 1 40 1.000000
0  0.444285 -25.930813 -13.517704  0.998210 -0.028832 -0.052399  0.922500 0.189200 1 40 1.000000
0  0.433172 -26.038279 -13.670321  0.998229 -0.028957 -0.051965  0.924900 0.195000 1 40 1.000000
v_nailgun.tga
0  0.461567 -25.562090 -13.391366  0.998219 -0.028967 -0.052155  0.914000 0.184100 1 40 1.000000
0  0.433172 -26.038279 -13.670321  0.998229 -0.028957 -0.051965  0.924900 0.195000 1 40 1.000000
0  0.533698 -22.405806 -13.765224  0.998235 -0.028973 -0.051849  0.840400 0.195000 1 40 1.000000
v_nailgun.tga
0  0.461567 -25.562090 -13.391366  0.998219 -0.028967 -0.052155  0.914000 0.184100 1 40 1.000000
0  0.533698 -22.405806 -13.765224  0.998235 -0.028973 -0.051849  0.840400 0.195000 1 40 1.000000
0  0.539021 -22.505688 -13.607148  0.998235 -0.028957 -0.051842  0.842800 0.189200 1 40 1.000000
v_nailgun.tga
0  0.461567 -25.562090 -13.391366  0.998219 -0.028967 -0.052155  0.914000 0.184100 1 40 1.000000
0  0.539021 -22.505688 -13.607148  0.998235 -0.028957 -0.051842  0.842800 0.189200 1 40 1.000000
0  0.539581 -22.619028 -13.532658  0.998249 -0.028938 -0.051580  0.845500 0.186500 1 40 1.000000
v_nailgun.tga
0  0.461567 -25.562090 -13.391366  0.998219 -0.028967 -0.052155  0.914000 0.184100 1 40 1.000000
0  0.539581 -22.619028 -13.532658  0.998249 -0.028938 -0.051580  0.845500 0.186500 1 40 1.000000
0  0.536068 -22.867638 -13.461826  0.998219 -0.028964 -0.052153  0.851300 0.184100 1 40 1.000000
v_nailgun.tga
0  0.451262 -25.813921 -13.449242  0.038290 -0.370281 0.928130  0.920300 0.184100 1 40 1.000000
0  -2.491466 -25.728407 -13.293671  0.038317 -0.370074 0.928212  0.920300 0.073900 1 40 1.000000
0  -2.498443 -25.845301 -13.362132  0.019184 -0.677507 0.735266  0.924100 0.073900 1 40 1.000000
v_nailgun.tga
0  0.451262 -25.813921 -13.449242  0.038290 -0.370281 0.928130  0.920300 0.184100 1 40 1.000000
0  -2.498443 -25.845301 -13.362132  0.019184 -0.677507 0.735266  0.924100 0.073900 1 40 1.000000
0  0.444285 -25.930813 -13.517704  0.019177 -0.677589 0.735190  0.924100 0.184100 1 40 1.000000
v_nailgun.tga
0  0.453935 -22.659170 -15.158718  -0.038300 0.370088 -0.928207  0.780900 0.184100 1 40 1.000000
0  -2.488789 -22.573662 -15.003247  -0.038270 0.370418 -0.928077  0.781000 0.073900 1 40 1.000000
0  -2.481817 -22.456766 -14.934684  -0.019146 0.677817 -0.734981  0.784700 0.073900 1 40 1.000000
v_nailgun.tga
0  0.453935 -22.659170 -15.158718  -0.038300 0.370088 -0.928207  0.780900 0.184100 1 40 1.000000
0  -2.481817 -22.456766 -14.934684  -0.019146 0.677817 -0.734981  0.784700 0.073900 1 40 1.000000
0  0.460911 -22.542278 -15.090255  -0.019182 0.677518 -0.735256  0.784700 0.184100 1 40 1.000000
v_nailgun.tga
0  0.539021 -22.505688 -13.607148  0.057649 0.712930 0.698861  0.841300 0.184100 1 40 1.000000
0  -2.403702 -22.420177 -13.451677  0.057644 0.712708 0.699088  0.841300 0.073900 1 40 1.000000
0  -2.403140 -22.533516 -13.377187  0.060037 0.415500 0.907610  0.845000 0.073900 1 40 1.000000
v_nailgun.tga
0  0.539021 -22.505688 -13.607148  0.057649 0.712930 0.698861  0.841300 0.184100 1 40 1.000000
0  -2.403140 -22.533516 -13.377187  0.060037 0.415500 0.907610  0.845000 0.073900 1 40 1.000000
0  0.539581 -22.619028 -13.532658  0.060025 0.415441 0.907638  0.845000 0.184100 1 40 1.000000
v_nailgun.tga
0  0.366167 -25.967503 -15.000708  0.998233 -0.028952 -0.051890  0.922500 0.244800 1 40 1.000000
0  0.365613 -25.854067 -15.075300  0.998292 -0.028618 -0.050934  0.919800 0.247400 1 40 1.000000
0  0.369126 -25.605455 -15.146132  0.998281 -0.028690 -0.051114  0.914000 0.249800 1 40 1.000000
v_nailgun.tga
0  0.366167 -25.967503 -15.000708  0.998233 -0.028952 -0.051890  0.922500 0.244800 1 40 1.000000
0  0.369126 -25.605455 -15.146132  0.998281 -0.028690 -0.051114  0.914000 0.249800 1 40 1.000000
0  0.443624 -22.911001 -15.216494  0.998232 -0.028962 -0.051910  0.851300 0.249800 1 40 1.000000
v_nailgun.tga
0  0.366167 -25.967503 -15.000708  0.998233 -0.028952 -0.051890  0.922500 0.244800 1 40 1.000000
0  0.443624 -22.911001 -15.216494  0.998232 -0.028962 -0.051910  0.851300 0.249800 1 40 1.000000
0  0.453935 -22.659170 -15.158718  0.998233 -0.028686 -0.052037  0.845500 0.247400 1 40 1.000000
v_nailgun.tga
0  0.366167 -25.967503 -15.000708  0.998233 -0.028952 -0.051890  0.922500 0.244800 1 40 1.000000
0  0.453935 -22.659170 -15.158718  0.998233 -0.028686 -0.052037  0.845500 0.247400 1 40 1.000000
0  0.460911 -22.542278 -15.090255  0.998213 -0.028978 -0.052262  0.842800 0.244800 1 40 1.000000
v_nailgun.tga
0  0.366167 -25.967503 -15.000708  0.998233 -0.028952 -0.051890  0.922500 0.244800 1 40 1.000000
0  0.460911 -22.542278 -15.090255  0.998213 -0.028978 -0.052262  0.842800 0.244800 1 40 1.000000
0  0.472022 -22.434813 -14.937637  0.998228 -0.028978 -0.051973  0.840400 0.238900 1 40 1.000000
v_nailgun.tga
0  0.366167 -25.967503 -15.000708  0.998233 -0.028952 -0.051890  0.922500 0.244800 1 40 1.000000
0  0.472022 -22.434813 -14.937637  0.998228 -0.028978 -0.051973  0.840400 0.238900 1 40 1.000000
0  0.371497 -26.067287 -14.842735  0.998233 -0.028980 -0.051869  0.924900 0.238900 1 40 1.000000
v_nailgun.tga
0  4.316055 -22.578005 -13.963611  0.998232 -0.028981 -0.051897  0.840400 0.195000 1 40 1.000000
0  4.215530 -26.210482 -13.868707  0.998238 -0.028983 -0.051785  0.924900 0.195000 1 40 1.000000
0  4.153757 -26.239386 -15.041129  0.998230 -0.028985 -0.051920  0.924900 0.238900 1 40 1.000000
v_nailgun.tga
0  4.316055 -22.578005 -13.963611  0.998232 -0.028981 -0.051897  0.840400 0.195000 1 40 1.000000
0  4.153757 -26.239386 -15.041129  0.998230 -0.028985 -0.051920  0.924900 0.238900 1 40 1.000000
0  4.254281 -22.606911 -15.136032  0.998235 -0.029025 -0.051811  0.840400 0.238900 1 40 1.000000
v_nailgun.tga
0  4.316055 -22.578005 -13.963611  0.041949 0.963602 0.264030  0.835000 0.184100 1 40 1.000000
0  1.373328 -22.492496 -13.808040  0.041978 0.963485 0.264451  0.835000 0.073900 1 40 1.000000
0  1.378657 -22.592278 -13.650066  0.057647 0.712954 0.698837  0.841300 0.073900 1 40 1.000000
v_nailgun.tga
0  4.316055 -22.578005 -13.963611  0.041949 0.963602 0.264030  0.835000 0.184100 1 40 1.000000
0  1.378657 -22.592278 -13.650066  0.057647 0.712954 0.698837  0.841300 0.073900 1 40 1.000000
0  4.321380 -22.677788 -13.805537  0.057642 0.713422 0.698360  0.841300 0.184100 1 40 1.000000
v_nailgun.tga
0  4.225980 -23.083200 -15.414880  -0.044909 0.225155 -0.973287  0.774600 0.184100 1 40 1.000000
0  1.283257 -22.997690 -15.259409  -0.044865 0.225504 -0.973209  0.774700 0.073900 1 40 1.000000
0  1.293563 -22.745861 -15.201533  -0.038300 0.370102 -0.928201  0.781000 0.073900 1 40 1.000000
v_nailgun.tga
0  4.225980 -23.083200 -15.414880  -0.044909 0.225155 -0.973287  0.774600 0.184100 1 40 1.000000
0  1.293563 -22.745861 -15.201533  -0.038300 0.370102 -0.928201  0.781000 0.073900 1 40 1.000000
0  4.236290 -22.831373 -15.357103  -0.038327 0.369907 -0.928278  0.780900 0.184100 1 40 1.000000
v_nailgun.tga
0  4.243826 -25.734188 -13.589760  0.049578 -0.101099 0.993640  0.914000 0.184100 1 40 1.000000
0  1.301097 -25.648775 -13.434186  0.049582 -0.101292 0.993621  0.914000 0.073900 1 40 1.000000
0  1.290793 -25.900505 -13.492065  0.038319 -0.370107 0.928198  0.920300 0.073900 1 40 1.000000
v_nailgun.tga
0  4.243826 -25.734188 -13.589760  0.049578 -0.101099 0.993640  0.914000 0.184100 1 40 1.000000
0  1.290793 -25.900505 -13.492065  0.038319 -0.370107 0.928198  0.920300 0.073900 1 40 1.000000
0  4.233516 -25.986015 -13.647536  0.038279 -0.370225 0.928153  0.920300 0.184100 1 40 1.000000
v_nailgun.tga
0  1.375698 -22.954329 -13.504642  0.056521 0.149884 0.987087  0.851300 0.073900 1 40 1.000000
0  4.318420 -23.039835 -13.660113  0.056519 0.150061 0.987060  0.851300 0.184100 1 40 1.000000
0  4.321939 -22.791227 -13.731045  0.060041 0.415428 0.907642  0.845000 0.184100 1 40 1.000000
v_nailgun.tga
0  1.375698 -22.954329 -13.504642  0.056521 0.149884 0.987087  0.851300 0.073900 1 40 1.000000
0  4.321939 -22.791227 -13.731045  0.060041 0.415428 0.907642  0.845000 0.184100 1 40 1.000000
0  1.379211 -22.705713 -13.575474  0.060041 0.415470 0.907623  0.845000 0.073900 1 40 1.000000
v_nailgun.tga
0  1.300542 -22.628868 -15.133073  -0.019187 0.677461 -0.735309  0.784700 0.073900 1 40 1.000000
0  1.311555 -22.521399 -14.980461  0.010982 0.949336 -0.314071  0.791000 0.073900 1 40 1.000000
0  4.254281 -22.606911 -15.136032  0.010960 0.949218 -0.314428  0.791000 0.184100 1 40 1.000000
v_nailgun.tga
0  1.300542 -22.628868 -15.133073  -0.019187 0.677461 -0.735309  0.784700 0.073900 1 40 1.000000
0  4.254281 -22.606911 -15.136032  0.010960 0.949218 -0.314428  0.791000 0.184100 1 40 1.000000
0  4.243270 -22.714380 -15.288644  -0.019197 0.677341 -0.735419  0.784700 0.184100 1 40 1.000000
v_nailgun.tga
0  1.283813 -26.017498 -13.560524  0.019197 -0.677338 0.735422  0.924100 0.073900 1 40 1.000000
0  1.272802 -26.124969 -13.713137  0.006656 -0.817833 0.575417  0.930400 0.073900 1 40 1.000000
0  4.215530 -26.210482 -13.868707  0.006656 -0.817819 0.575436  0.930400 0.184100 1 40 1.000000
v_nailgun.tga
0  1.283813 -26.017498 -13.560524  0.019197 -0.677338 0.735422  0.924100 0.073900 1 40 1.000000
0  4.215530 -26.210482 -13.868707  0.006656 -0.817819 0.575436  0.930400 0.184100 1 40 1.000000
0  4.226542 -26.103012 -13.716095  0.019084 -0.677416 0.735353  0.924100 0.184100 1 40 1.000000
v_nailgun.tga
0  4.243270 -22.714380 -15.288644  -0.019197 0.677341 -0.735419  0.784700 0.184100 1 40 1.000000
0  4.236290 -22.831373 -15.357103  -0.038327 0.369907 -0.928278  0.780900 0.184100 1 40 1.000000
0  1.293563 -22.745861 -15.201533  -0.038300 0.370102 -0.928201  0.781000 0.073900 1 40 1.000000
v_nailgun.tga
0  4.243270 -22.714380 -15.288644  -0.019197 0.677341 -0.735419  0.784700 0.184100 1 40 1.000000
0  1.293563 -22.745861 -15.201533  -0.038300 0.370102 -0.928201  0.781000 0.073900 1 40 1.000000
0  1.300542 -22.628868 -15.133073  -0.019187 0.677461 -0.735309  0.784700 0.073900 1 40 1.000000
v_nailgun.tga
0  4.226542 -26.103012 -13.716095  0.019084 -0.677416 0.735353  0.924100 0.184100 1 40 1.000000
0  4.233516 -25.986015 -13.647536  0.038279 -0.370225 0.928153  0.920300 0.184100 1 40 1.000000
0  1.290793 -25.900505 -13.492065  0.038319 -0.370107 0.928198  0.920300 0.073900 1 40 1.000000
v_nailgun.tga
0  4.226542 -26.103012 -13.716095  0.019084 -0.677416 0.735353  0.924100 0.184100 1 40 1.000000
0  1.290793 -25.900505 -13.492065  0.038319 -0.370107 0.928198  0.920300 0.073900 1 40 1.000000
0  1.283813 -26.017498 -13.560524  0.019197 -0.677338 0.735422  0.924100 0.073900 1 40 1.000000
v_nailgun.tga
0  1.293563 -22.745861 -15.201533  -0.998238 0.029033 0.051751  0.845500 0.010500 1 40 1.000000
0  1.283257 -22.997690 -15.259409  -0.998246 0.028988 0.051625  0.851300 0.008100 1 40 1.000000
0  1.208659 -25.692041 -15.188955  -0.998214 0.028990 0.052238  0.914000 0.008100 1 40 1.000000
v_nailgun.tga
0  1.293563 -22.745861 -15.201533  -0.998238 0.029033 0.051751  0.845500 0.010500 1 40 1.000000
0  1.208659 -25.692041 -15.188955  -0.998214 0.028990 0.052238  0.914000 0.008100 1 40 1.000000
0  1.205146 -25.940653 -15.118123  -0.998244 0.028976 0.051667  0.919800 0.010500 1 40 1.000000
v_nailgun.tga
0  1.293563 -22.745861 -15.201533  -0.998238 0.029033 0.051751  0.845500 0.010500 1 40 1.000000
0  1.205146 -25.940653 -15.118123  -0.998244 0.028976 0.051667  0.919800 0.010500 1 40 1.000000
0  1.205705 -26.054090 -15.043630  -0.998233 0.028986 0.051866  0.922500 0.013200 1 40 1.000000
v_nailgun.tga
0  1.293563 -22.745861 -15.201533  -0.998238 0.029033 0.051751  0.845500 0.010500 1 40 1.000000
0  1.205705 -26.054090 -15.043630  -0.998233 0.028986 0.051866  0.922500 0.013200 1 40 1.000000
0  1.211030 -26.153872 -14.885559  -0.998232 0.028984 0.051896  0.924900 0.019000 1 40 1.000000
v_nailgun.tga
0  1.293563 -22.745861 -15.201533  -0.998238 0.029033 0.051751  0.845500 0.010500 1 40 1.000000
0  1.211030 -26.153872 -14.885559  -0.998232 0.028984 0.051896  0.924900 0.019000 1 40 1.000000
0  1.311555 -22.521399 -14.980461  -0.998235 0.029023 0.051813  0.840400 0.019000 1 40 1.000000
v_nailgun.tga
0  1.293563 -22.745861 -15.201533  -0.998238 0.029033 0.051751  0.845500 0.010500 1 40 1.000000
0  1.311555 -22.521399 -14.980461  -0.998235 0.029023 0.051813  0.840400 0.019000 1 40 1.000000
0  1.300542 -22.628868 -15.133073  -0.998250 0.029589 0.051194  0.842900 0.013200 1 40 1.000000
v_nailgun.tga
0  4.321380 -22.677788 -13.805537  0.998235 -0.029247 -0.051680  0.842800 0.189200 1 40 1.000000
0  4.321939 -22.791227 -13.731045  0.998269 -0.028766 -0.051296  0.845500 0.186500 1 40 1.000000
0  4.318420 -23.039835 -13.660113  0.998235 -0.028982 -0.051835  0.851300 0.184100 1 40 1.000000
v_nailgun.tga
0  4.321380 -22.677788 -13.805537  0.998235 -0.029247 -0.051680  0.842800 0.189200 1 40 1.000000
0  4.318420 -23.039835 -13.660113  0.998235 -0.028982 -0.051835  0.851300 0.184100 1 40 1.000000
0  4.243826 -25.734188 -13.589760  0.998237 -0.028987 -0.051789  0.914000 0.184100 1 40 1.000000
v_nailgun.tga
0  4.321380 -22.677788 -13.805537  0.998235 -0.029247 -0.051680  0.842800 0.189200 1 40 1.000000
0  4.243826 -25.734188 -13.589760  0.998237 -0.028987 -0.051789  0.914000 0.184100 1 40 1.000000
0  4.233516 -25.986015 -13.647536  0.998224 -0.028997 -0.052033  0.919800 0.186500 1 40 1.000000
v_nailgun.tga
0  4.321380 -22.677788 -13.805537  0.998235 -0.029247 -0.051680  0.842800 0.189200 1 40 1.000000
0  4.233516 -25.986015 -13.647536  0.998224 -0.028997 -0.052033  0.919800 0.186500 1 40 1.000000
0  4.226542 -26.103012 -13.716095  0.998241 -0.028990 -0.051709  0.922500 0.189200 1 40 1.000000
v_nailgun.tga
0  4.321380 -22.677788 -13.805537  0.998235 -0.029247 -0.051680  0.842800 0.189200 1 40 1.000000
0  4.226542 -26.103012 -13.716095  0.998241 -0.028990 -0.051709  0.922500 0.189200 1 40 1.000000
0  4.215530 -26.210482 -13.868707  0.998238 -0.028983 -0.051785  0.924900 0.195000 1 40 1.000000
v_nailgun.tga
0  4.321380 -22.677788 -13.805537  0.998235 -0.029247 -0.051680  0.842800 0.189200 1 40 1.000000
0  4.215530 -26.210482 -13.868707  0.998238 -0.028983 -0.051785  0.924900 0.195000 1 40 1.000000
0  4.316055 -22.578005 -13.963611  0.998232 -0.028981 -0.051897  0.840400 0.195000 1 40 1.000000
v_nailgun.tga
0  4.321380 -22.677788 -13.805537  0.057642 0.713422 0.698360  0.841300 0.184100 1 40 1.000000
0  1.378657 -22.592278 -13.650066  0.057647 0.712954 0.698837  0.841300 0.073900 1 40 1.000000
0  1.379211 -22.705713 -13.575474  0.060041 0.415470 0.907623  0.845000 0.073900 1 40 1.000000
v_nailgun.tga
0  4.321380 -22.677788 -13.805537  0.057642 0.713422 0.698360  0.841300 0.184100 1 40 1.000000
0  1.379211 -22.705713 -13.575474  0.060041 0.415470 0.907623  0.845000 0.073900 1 40 1.000000
0  4.321939 -22.791227 -13.731045  0.060041 0.415428 0.907642  0.845000 0.184100 1 40 1.000000
v_nailgun.tga
0  4.236290 -22.831373 -15.357103  0.998237 -0.029036 -0.051760  0.845500 0.247400 1 40 1.000000
0  4.243270 -22.714380 -15.288644  0.998250 -0.029623 -0.051177  0.842800 0.244800 1 40 1.000000
0  4.254281 -22.606911 -15.136032  0.998235 -0.029025 -0.051811  0.840400 0.238900 1 40 1.000000
v_nailgun.tga
0  4.236290 -22.831373 -15.357103  0.998237 -0.029036 -0.051760  0.845500 0.247400 1 40 1.000000
0  4.254281 -22.606911 -15.136032  0.998235 -0.029025 -0.051811  0.840400 0.238900 1 40 1.000000
0  4.153757 -26.239386 -15.041129  0.998230 -0.028985 -0.051920  0.924900 0.238900 1 40 1.000000
v_nailgun.tga
0  4.236290 -22.831373 -15.357103  0.998237 -0.029036 -0.051760  0.845500 0.247400 1 40 1.000000
0  4.153757 -26.239386 -15.041129  0.998230 -0.028985 -0.051920  0.924900 0.238900 1 40 1.000000
0  4.148427 -26.139601 -15.199101  0.998276 -0.028955 -0.051059  0.922500 0.244800 1 40 1.000000
v_nailgun.tga
0  4.236290 -22.831373 -15.357103  0.998237 -0.029036 -0.051760  0.845500 0.247400 1 40 1.000000
0  4.148427 -26.139601 -15.199101  0.998276 -0.028955 -0.051059  0.922500 0.244800 1 40 1.000000
0  4.147868 -26.026161 -15.273596  0.998244 -0.028979 -0.051661  0.919800 0.247400 1 40 1.000000
v_nailgun.tga
0  4.236290 -22.831373 -15.357103  0.998237 -0.029036 -0.051760  0.845500 0.247400 1 40 1.000000
0  4.147868 -26.026161 -15.273596  0.998244 -0.028979 -0.051661  0.919800 0.247400 1 40 1.000000
0  4.151386 -25.777555 -15.344527  0.998221 -0.028990 -0.052098  0.914000 0.249800 1 40 1.000000
v_nailgun.tga
0  4.236290 -22.831373 -15.357103  0.998237 -0.029036 -0.051760  0.845500 0.247400 1 40 1.000000
0  4.151386 -25.777555 -15.344527  0.998221 -0.028990 -0.052098  0.914000 0.249800 1 40 1.000000
0  4.225980 -23.083200 -15.414880  0.998237 -0.028989 -0.051783  0.851300 0.249800 1 40 1.000000
v_nailgun.tga
0  1.379211 -22.705713 -13.575474  -0.998230 0.029030 0.051901  0.845500 0.071400 1 40 1.000000
0  1.378657 -22.592278 -13.650066  -0.998193 0.029535 0.052327  0.842800 0.068800 1 40 1.000000
0  1.373328 -22.492496 -13.808040  -0.998231 0.029019 0.051893  0.840400 0.063000 1 40 1.000000
v_nailgun.tga
0  1.379211 -22.705713 -13.575474  -0.998230 0.029030 0.051901  0.845500 0.071400 1 40 1.000000
0  1.373328 -22.492496 -13.808040  -0.998231 0.029019 0.051893  0.840400 0.063000 1 40 1.000000
0  1.272802 -26.124969 -13.713137  -0.998238 0.028983 0.051782  0.924900 0.062900 1 40 1.000000
v_nailgun.tga
0  1.379211 -22.705713 -13.575474  -0.998230 0.029030 0.051901  0.845500 0.071400 1 40 1.000000
0  1.272802 -26.124969 -13.713137  -0.998238 0.028983 0.051782  0.924900 0.062900 1 40 1.000000
0  1.283813 -26.017498 -13.560524  -0.998240 0.028989 0.051733  0.922500 0.068800 1 40 1.000000
v_nailgun.tga
0  1.379211 -22.705713 -13.575474  -0.998230 0.029030 0.051901  0.845500 0.071400 1 40 1.000000
0  1.283813 -26.017498 -13.560524  -0.998240 0.028989 0.051733  0.922500 0.068800 1 40 1.000000
0  1.290793 -25.900505 -13.492065  -0.998203 0.029315 0.052258  0.919800 0.071500 1 40 1.000000
v_nailgun.tga
0  1.379211 -22.705713 -13.575474  -0.998230 0.029030 0.051901  0.845500 0.071400 1 40 1.000000
0  1.290793 -25.900505 -13.492065  -0.998203 0.029315 0.052258  0.919800 0.071500 1 40 1.000000
0  1.301097 -25.648775 -13.434186  -0.998242 0.028976 0.051694  0.914000 0.073900 1 40 1.000000
v_nailgun.tga
0  1.379211 -22.705713 -13.575474  -0.998230 0.029030 0.051901  0.845500 0.071400 1 40 1.000000
0  1.301097 -25.648775 -13.434186  -0.998242 0.028976 0.051694  0.914000 0.073900 1 40 1.000000
0  1.375698 -22.954329 -13.504642  -0.998210 0.029005 0.052298  0.851300 0.073900 1 40 1.000000
v_nailgun.tga
0  1.311555 -22.521399 -14.980461  -0.998235 0.029023 0.051813  0.840400 0.019000 1 40 1.000000
0  1.211030 -26.153872 -14.885559  -0.998232 0.028984 0.051896  0.924900 0.019000 1 40 1.000000
0  1.272802 -26.124969 -13.713137  -0.998238 0.028983 0.051782  0.924900 0.062900 1 40 1.000000
v_nailgun.tga
0  1.311555 -22.521399 -14.980461  -0.998235 0.029023 0.051813  0.840400 0.019000 1 40 1.000000
0  1.272802 -26.124969 -13.713137  -0.998238 0.028983 0.051782  0.924900 0.062900 1 40 1.000000
0  1.373328 -22.492496 -13.808040  -0.998231 0.029019 0.051893  0.840400 0.063000 1 40 1.000000
v_nailgun.tga
0  4.318420 -23.039835 -13.660113  0.056519 0.150061 0.987060  0.851300 0.184100 1 40 1.000000
0  1.375698 -22.954329 -13.504642  0.056521 0.149884 0.987087  0.851300 0.073900 1 40 1.000000
0  1.301097 -25.648775 -13.434186  0.049582 -0.101292 0.993621  0.914000 0.073900 1 40 1.000000
v_nailgun.tga
0  4.318420 -23.039835 -13.660113  0.056519 0.150061 0.987060  0.851300 0.184100 1 40 1.000000
0  1.301097 -25.648775 -13.434186  0.049582 -0.101292 0.993621  0.914000 0.073900 1 40 1.000000
0  4.243826 -25.734188 -13.589760  0.049578 -0.101099 0.993640  0.914000 0.184100 1 40 1.000000
v_nailgun.tga
0  4.254281 -22.606911 -15.136032  0.010960 0.949218 -0.314428  0.791000 0.184100 1 40 1.000000
0  1.311555 -22.521399 -14.980461  0.010982 0.949336 -0.314071  0.791000 0.073900 1 40 1.000000
0  1.373328 -22.492496 -13.808040  0.041978 0.963485 0.264451  0.835000 0.073900 1 40 1.000000
v_nailgun.tga
0  4.254281 -22.606911 -15.136032  0.010960 0.949218 -0.314428  0.791000 0.184100 1 40 1.000000
0  1.373328 -22.492496 -13.808040  0.041978 0.963485 0.264451  0.835000 0.073900 1 40 1.000000
0  4.316055 -22.578005 -13.963611  0.041949 0.963602 0.264030  0.835000 0.184100 1 40 1.000000
v_nailgun.tga
0  9.208188 -22.823404 -15.495958  -0.998343 0.028926 0.049735  0.704300 0.100900 1 40 1.000000
0  9.203679 -22.825701 -15.585130  -0.998343 0.028926 0.049736  0.708600 0.100900 1 40 1.000000
0  9.113643 -26.079451 -15.500153  -0.998349 0.028924 0.049626  0.708600 0.002400 1 40 1.000000
v_nailgun.tga
0  9.208188 -22.823404 -15.495958  -0.998343 0.028926 0.049735  0.704300 0.100900 1 40 1.000000
0  9.113643 -26.079451 -15.500153  -0.998349 0.028924 0.049626  0.708600 0.002400 1 40 1.000000
0  9.118144 -26.077250 -15.410877  -0.998349 0.028924 0.049624  0.704300 0.002400 1 40 1.000000
v_nailgun.tga
0  9.208188 -22.823404 -15.495958  0.028014 0.999260 -0.026349  0.704300 0.100900 1 40 1.000000
0  9.325752 -22.829195 -15.591337  0.027696 0.999264 -0.026531  0.703300 0.096100 1 40 1.000000
0  9.203679 -22.825701 -15.585130  0.027225 0.999261 -0.027113  0.708600 0.100900 1 40 1.000000
v_nailgun.tga
0  9.208188 -22.823404 -15.495958  0.028014 0.999260 -0.026349  0.704300 0.100900 1 40 1.000000
0  9.277502 -22.789438 -14.124043  0.028270 0.999259 -0.026128  0.637400 0.100900 1 40 1.000000
0  9.403977 -22.790834 -14.041080  0.028146 0.999264 -0.026079  0.638000 0.095800 1 40 1.000000
v_nailgun.tga
0  9.208188 -22.823404 -15.495958  0.028014 0.999260 -0.026349  0.704300 0.100900 1 40 1.000000
0  9.403977 -22.790834 -14.041080  0.028146 0.999264 -0.026079  0.638000 0.095800 1 40 1.000000
0  9.325752 -22.829195 -15.591337  0.027696 0.999264 -0.026531  0.703300 0.096100 1 40 1.000000
v_nailgun.tga
0  -6.017281 -22.369287 -14.724623  0.028478 0.999252 -0.026176  0.214500 0.007200 1 40 1.000000
0  -5.948062 -22.335321 -13.352813  0.028478 0.999252 -0.026175  0.301800 0.007600 1 40 1.000000
0  9.277502 -22.789438 -14.124043  0.028270 0.999259 -0.026128  0.308600 0.974800 1 40 1.000000
v_nailgun.tga
0  -6.017281 -22.369287 -14.724623  0.028478 0.999252 -0.026176  0.214500 0.007200 1 40 1.000000
0  9.277502 -22.789438 -14.124043  0.028270 0.999259 -0.026128  0.308600 0.974800 1 40 1.000000
0  9.208188 -22.823404 -15.495958  0.028014 0.999260 -0.026349  0.221200 0.975100 1 40 1.000000
v_nailgun.tga
0  9.203679 -22.825701 -15.585130  -0.051469 -0.024649 -0.998370  0.708600 0.100900 1 40 1.000000
0  9.325752 -22.829195 -15.591337  -0.051468 -0.024649 -0.998370  0.703300 0.096100 1 40 1.000000
0  9.235716 -26.082945 -15.506360  -0.051487 -0.024650 -0.998369  0.703700 0.007400 1 40 1.000000
v_nailgun.tga
0  9.203679 -22.825701 -15.585130  -0.051469 -0.024649 -0.998370  0.708600 0.100900 1 40 1.000000
0  9.235716 -26.082945 -15.506360  -0.051487 -0.024650 -0.998369  0.703700 0.007400 1 40 1.000000
0  9.113643 -26.079451 -15.500153  -0.051488 -0.024650 -0.998369  0.708600 0.002400 1 40 1.000000
v_nailgun.tga
0  9.325752 -22.829195 -15.591337  0.998347 -0.028923 -0.049660  0.703300 0.096100 1 40 1.000000
0  9.403977 -22.790834 -14.041080  0.998347 -0.028923 -0.049660  0.638000 0.095800 1 40 1.000000
0  9.313941 -26.044582 -13.956100  0.998347 -0.028923 -0.049660  0.638400 0.007200 1 40 1.000000
v_nailgun.tga
0  9.325752 -22.829195 -15.591337  0.998347 -0.028923 -0.049660  0.703300 0.096100 1 40 1.000000
0  9.313941 -26.044582 -13.956100  0.998347 -0.028923 -0.049660  0.638400 0.007200 1 40 1.000000
0  9.235716 -26.082945 -15.506360  0.998347 -0.028923 -0.049660  0.703700 0.007400 1 40 1.000000
v_nailgun.tga
0  9.187463 -26.043289 -14.039063  0.051618 0.024506 0.998366  0.452100 0.974300 1 40 1.000000
0  7.074123 -23.830631 -13.985091  0.051286 0.024639 0.998380  0.355100 0.836500 1 40 1.000000
0  6.996083 -24.209223 -13.971767  0.051297 0.024702 0.998378  0.374600 0.830900 1 40 1.000000
v_nailgun.tga
0  9.187463 -26.043289 -14.039063  0.051618 0.024506 0.998366  0.452100 0.974300 1 40 1.000000
0  6.996083 -24.209223 -13.971767  0.051297 0.024702 0.998378  0.374600 0.830900 1 40 1.000000
0  6.986026 -24.575859 -13.962140  0.052966 0.027190 0.998226  0.388800 0.831000 1 40 1.000000
v_nailgun.tga
0  9.187463 -26.043289 -14.039063  -0.998344 0.028925 0.049721  0.637400 0.002400 1 40 1.000000
0  9.191968 -26.041090 -13.949887  -0.998344 0.028925 0.049721  0.633000 0.002400 1 40 1.000000
0  9.282007 -22.787243 -14.034868  -0.998344 0.028925 0.049727  0.633000 0.100900 1 40 1.000000
v_nailgun.tga
0  9.187463 -26.043289 -14.039063  -0.998344 0.028925 0.049721  0.637400 0.002400 1 40 1.000000
0  9.282007 -22.787243 -14.034868  -0.998344 0.028925 0.049727  0.633000 0.100900 1 40 1.000000
0  9.277502 -22.789438 -14.124043  -0.998344 0.028925 0.049727  0.637400 0.100900 1 40 1.000000
v_nailgun.tga
0  9.277502 -22.789438 -14.124043  0.051309 0.024657 0.998378  0.308600 0.974800 1 40 1.000000
0  7.017020 -23.453070 -13.991487  0.051307 0.024656 0.998379  0.336100 0.831500 1 40 1.000000
0  7.074123 -23.830631 -13.985091  0.051286 0.024639 0.998380  0.355100 0.836500 1 40 1.000000
v_nailgun.tga
0  9.277502 -22.789438 -14.124043  0.051309 0.024657 0.998378  0.308600 0.974800 1 40 1.000000
0  7.074123 -23.830631 -13.985091  0.051286 0.024639 0.998380  0.355100 0.836500 1 40 1.000000
0  9.187463 -26.043289 -14.039063  0.051618 0.024506 0.998366  0.452100 0.974300 1 40 1.000000
v_nailgun.tga
0  9.277502 -22.789438 -14.124043  0.051309 0.024657 0.998378  0.308600 0.974800 1 40 1.000000
0  -5.948062 -22.335321 -13.352813  0.051290 0.024696 0.998378  0.301800 0.007600 1 40 1.000000
0  -5.644307 -23.085867 -13.349845  0.051174 0.024658 0.998385  0.331600 0.028300 1 40 1.000000
v_nailgun.tga
0  9.277502 -22.789438 -14.124043  0.051309 0.024657 0.998378  0.308600 0.974800 1 40 1.000000
0  -5.644307 -23.085867 -13.349845  0.051174 0.024658 0.998385  0.331600 0.028300 1 40 1.000000
0  7.017020 -23.453070 -13.991487  0.051307 0.024656 0.998379  0.336100 0.831500 1 40 1.000000
v_nailgun.tga
0  7.017020 -23.453070 -13.991487  -0.987518 -0.148236 0.053240  0.336100 0.831500 1 40 1.000000
0  7.012169 -23.455452 -14.088382  -0.987532 -0.148202 0.053081  0.341700 0.831200 1 40 1.000000
0  7.069173 -23.833010 -14.081991  -0.998353 0.027704 0.050240  0.355000 0.835100 1 40 1.000000
v_nailgun.tga
0  7.017020 -23.453070 -13.991487  -0.987518 -0.148236 0.053240  0.336100 0.831500 1 40 1.000000
0  7.069173 -23.833010 -14.081991  -0.998353 0.027704 0.050240  0.355000 0.835100 1 40 1.000000
0  7.074123 -23.830631 -13.985091  -0.998352 0.027737 0.050247  0.355100 0.836500 1 40 1.000000
v_nailgun.tga
0  6.996083 -24.209223 -13.971767  0.051297 0.024702 0.998378  0.374600 0.830900 1 40 1.000000
0  -5.665244 -23.842024 -13.330128  0.051645 0.024769 0.998358  0.371700 0.028900 1 40 1.000000
0  -5.675401 -24.208656 -13.320503  0.051273 0.024735 0.998378  0.386500 0.028900 1 40 1.000000
v_nailgun.tga
0  6.996083 -24.209223 -13.971767  0.051297 0.024702 0.998378  0.374600 0.830900 1 40 1.000000
0  -5.675401 -24.208656 -13.320503  0.051273 0.024735 0.998378  0.386500 0.028900 1 40 1.000000
0  6.986026 -24.575859 -13.962140  0.052966 0.027190 0.998226  0.388800 0.831000 1 40 1.000000
v_nailgun.tga
0  6.996083 -24.209223 -13.971767  0.027665 0.999281 -0.025911  0.374600 0.830900 1 40 1.000000
0  6.991228 -24.211601 -14.068564  0.027665 0.999281 -0.025912  0.369000 0.830800 1 40 1.000000
0  -5.670098 -23.844398 -13.426924  0.027669 0.999283 -0.025853  0.365900 0.029000 1 40 1.000000
v_nailgun.tga
0  6.996083 -24.209223 -13.971767  0.027665 0.999281 -0.025911  0.374600 0.830900 1 40 1.000000
0  -5.670098 -23.844398 -13.426924  0.027669 0.999283 -0.025853  0.365900 0.029000 1 40 1.000000
0  -5.665244 -23.842024 -13.330128  0.027669 0.999283 -0.025853  0.371700 0.028900 1 40 1.000000
v_nailgun.tga
0  6.986026 -24.575859 -13.962140  -0.990670 -0.133822 0.025782  0.388800 0.831000 1 40 1.000000
0  6.981075 -24.578238 -14.059040  -0.988694 -0.139908 0.053954  0.394400 0.830800 1 40 1.000000
0  7.037641 -24.975281 -14.052059  -0.991149 0.049518 -0.123174  0.408500 0.835000 1 40 1.000000
v_nailgun.tga
0  6.986026 -24.575859 -13.962140  -0.990670 -0.133822 0.025782  0.388800 0.831000 1 40 1.000000
0  7.037641 -24.975281 -14.052059  -0.991149 0.049518 -0.123174  0.408500 0.835000 1 40 1.000000
0  7.023990 -24.966360 -13.949877  -0.991864 0.039172 -0.121124  0.408300 0.836400 1 40 1.000000
v_nailgun.tga
0  6.964482 -25.354200 -13.941869  0.049996 0.020440 0.998540  0.427700 0.831500 1 40 1.000000
0  -5.696944 -24.986994 -13.300233  0.051403 0.024720 0.998372  0.427500 0.028500 1 40 1.000000
0  -6.038451 -25.601761 -13.267420  0.051373 0.024748 0.998373  0.451900 0.007100 1 40 1.000000
v_nailgun.tga
0  6.964482 -25.354200 -13.941869  0.049996 0.020440 0.998540  0.427700 0.831500 1 40 1.000000
0  -6.038451 -25.601761 -13.267420  0.051373 0.024748 0.998373  0.451900 0.007100 1 40 1.000000
0  9.187463 -26.043289 -14.039063  0.051618 0.024506 0.998366  0.452100 0.974300 1 40 1.000000
v_nailgun.tga
0  6.964482 -25.354200 -13.941869  0.027666 0.999280 -0.025958  0.427700 0.831500 1 40 1.000000
0  6.959527 -25.356577 -14.038671  0.027666 0.999280 -0.025959  0.422100 0.831200 1 40 1.000000
0  -5.701799 -24.989370 -13.397029  0.027667 0.999283 -0.025859  0.421400 0.028800 1 40 1.000000
v_nailgun.tga
0  6.964482 -25.354200 -13.941869  0.027666 0.999280 -0.025958  0.427700 0.831500 1 40 1.000000
0  -5.701799 -24.989370 -13.397029  0.027667 0.999283 -0.025859  0.421400 0.028800 1 40 1.000000
0  -5.696944 -24.986994 -13.300233  0.027667 0.999283 -0.025858  0.427500 0.028500 1 40 1.000000
v_nailgun.tga
0  -5.696944 -24.986994 -13.300233  0.051403 0.024720 0.998372  0.427500 0.028500 1 40 1.000000
0  -5.675401 -24.208656 -13.320503  0.051273 0.024735 0.998378  0.386500 0.028900 1 40 1.000000
0  -5.948062 -22.335321 -13.352813  0.051290 0.024696 0.998378  0.301800 0.007600 1 40 1.000000
v_nailgun.tga
0  -5.696944 -24.986994 -13.300233  0.051403 0.024720 0.998372  0.427500 0.028500 1 40 1.000000
0  -5.948062 -22.335321 -13.352813  0.051290 0.024696 0.998378  0.301800 0.007600 1 40 1.000000
0  -6.038451 -25.601761 -13.267420  0.051373 0.024748 0.998373  0.451900 0.007100 1 40 1.000000
v_nailgun.tga
0  -5.948062 -22.335321 -13.352813  0.051290 0.024696 0.998378  0.301800 0.007600 1 40 1.000000
0  -5.665244 -23.842024 -13.330128  0.051645 0.024769 0.998358  0.371700 0.028900 1 40 1.000000
0  -5.644307 -23.085867 -13.349845  0.051174 0.024658 0.998385  0.331600 0.028300 1 40 1.000000
v_nailgun.tga
0  -5.948062 -22.335321 -13.352813  0.051290 0.024696 0.998378  0.301800 0.007600 1 40 1.000000
0  -5.675401 -24.208656 -13.320503  0.051273 0.024735 0.998378  0.386500 0.028900 1 40 1.000000
0  -5.665244 -23.842024 -13.330128  0.051645 0.024769 0.998358  0.371700 0.028900 1 40 1.000000
v_nailgun.tga
0  7.074123 -23.830631 -13.985091  -0.998352 0.027737 0.050247  0.355100 0.836500 1 40 1.000000
0  7.069173 -23.833010 -14.081991  -0.998353 0.027704 0.050240  0.355000 0.835100 1 40 1.000000
0  6.991228 -24.211601 -14.068564  -0.978148 0.203154 0.044212  0.369000 0.830800 1 40 1.000000
v_nailgun.tga
0  7.074123 -23.830631 -13.985091  -0.998352 0.027737 0.050247  0.355100 0.836500 1 40 1.000000
0  6.991228 -24.211601 -14.068564  -0.978148 0.203154 0.044212  0.369000 0.830800 1 40 1.000000
0  6.996083 -24.209223 -13.971767  -0.978148 0.203186 0.044068  0.374600 0.830900 1 40 1.000000
v_nailgun.tga
0  7.023990 -24.966360 -13.949877  -0.991864 0.039172 -0.121124  0.408300 0.836400 1 40 1.000000
0  7.037641 -24.975281 -14.052059  -0.991149 0.049518 -0.123174  0.408500 0.835000 1 40 1.000000
0  6.959527 -25.356577 -14.038671  -0.987064 0.159606 0.015182  0.422100 0.831200 1 40 1.000000
v_nailgun.tga
0  7.023990 -24.966360 -13.949877  -0.991864 0.039172 -0.121124  0.408300 0.836400 1 40 1.000000
0  6.959527 -25.356577 -14.038671  -0.987064 0.159606 0.015182  0.422100 0.831200 1 40 1.000000
0  6.964482 -25.354200 -13.941869  -0.987205 0.152436 0.046790  0.427700 0.831500 1 40 1.000000
v_nailgun.tga
0  7.069173 -23.833010 -14.081991  0.051316 0.024743 0.998376  0.355000 0.835100 1 40 1.000000
0  -5.670098 -23.844398 -13.426924  0.051317 0.024619 0.998379  0.365900 0.029000 1 40 1.000000
0  6.991228 -24.211601 -14.068564  0.051316 0.024843 0.998373  0.369000 0.830800 1 40 1.000000
v_nailgun.tga
0  7.037641 -24.975281 -14.052059  0.051307 0.024708 0.998377  0.408500 0.835000 1 40 1.000000
0  -5.701799 -24.989370 -13.397029  0.051312 0.024709 0.998377  0.421400 0.028800 1 40 1.000000
0  6.959527 -25.356577 -14.038671  0.051307 0.024546 0.998381  0.422100 0.831200 1 40 1.000000
v_nailgun.tga
0  7.037641 -24.975281 -14.052059  0.051307 0.024708 0.998377  0.408500 0.835000 1 40 1.000000
0  6.981075 -24.578238 -14.059040  0.051307 0.024858 0.998374  0.394400 0.830800 1 40 1.000000
0  -5.701799 -24.989370 -13.397029  0.051312 0.024709 0.998377  0.421400 0.028800 1 40 1.000000
v_nailgun.tga
0  -5.701799 -24.989370 -13.397029  0.051312 0.024709 0.998377  0.421400 0.028800 1 40 1.000000
0  6.981075 -24.578238 -14.059040  0.051307 0.024858 0.998374  0.394400 0.830800 1 40 1.000000
0  -5.680252 -24.211039 -13.417399  0.051312 0.024709 0.998377  0.391800 0.028800 1 40 1.000000
v_nailgun.tga
0  -5.649162 -23.088247 -13.446642  0.051317 0.024614 0.998379  0.337400 0.028900 1 40 1.000000
0  -5.670098 -23.844398 -13.426924  0.051317 0.024619 0.998379  0.365900 0.029000 1 40 1.000000
0  7.012169 -23.455452 -14.088382  0.051315 0.024645 0.998378  0.341700 0.831200 1 40 1.000000
v_nailgun.tga
0  7.012169 -23.455452 -14.088382  0.051315 0.024645 0.998378  0.341700 0.831200 1 40 1.000000
0  -5.670098 -23.844398 -13.426924  0.051317 0.024619 0.998379  0.365900 0.029000 1 40 1.000000
0  7.069173 -23.833010 -14.081991  0.051316 0.024743 0.998376  0.355000 0.835100 1 40 1.000000
v_nailgun.tga
0  9.191968 -26.041090 -13.949887  0.051568 0.024648 0.998365  0.633000 0.002400 1 40 1.000000
0  9.313941 -26.044582 -13.956100  0.051568 0.024648 0.998365  0.638400 0.007200 1 40 1.000000
0  9.403977 -22.790834 -14.041080  0.051562 0.024647 0.998366  0.638000 0.095800 1 40 1.000000
v_nailgun.tga
0  9.191968 -26.041090 -13.949887  0.051568 0.024648 0.998365  0.633000 0.002400 1 40 1.000000
0  9.403977 -22.790834 -14.041080  0.051562 0.024647 0.998366  0.638000 0.095800 1 40 1.000000
0  9.282007 -22.787243 -14.034868  0.051562 0.024647 0.998366  0.633000 0.100900 1 40 1.000000
v_nailgun.tga
0  9.282007 -22.787243 -14.034868  0.028099 0.999268 -0.025955  0.633000 0.100900 1 40 1.000000
0  9.403977 -22.790834 -14.041080  0.028146 0.999264 -0.026079  0.638000 0.095800 1 40 1.000000
0  9.277502 -22.789438 -14.124043  0.028270 0.999259 -0.026128  0.637400 0.100900 1 40 1.000000
v_nailgun.tga
0  6.964482 -25.354200 -13.941869  0.049996 0.020440 0.998540  0.427700 0.831500 1 40 1.000000
0  9.187463 -26.043289 -14.039063  0.051618 0.024506 0.998366  0.452100 0.974300 1 40 1.000000
0  7.023990 -24.966360 -13.949877  0.055206 0.028249 0.998075  0.407900 0.833100 1 40 1.000000
v_nailgun.tga
0  9.187463 -26.043289 -14.039063  0.051618 0.024506 0.998366  0.452100 0.974300 1 40 1.000000
0  6.986026 -24.575859 -13.962140  0.052966 0.027190 0.998226  0.388800 0.831000 1 40 1.000000
0  7.023990 -24.966360 -13.949877  0.055206 0.028249 0.998075  0.407900 0.833100 1 40 1.000000
end
