version 1
nodes
0 "blender_implicit" -1
1 "root" -1
2 "upperarm_l" 1
3 "lowerarm_l" 2
4 "hand_l" 3
5 "pinky_0_l" 4
6 "pinky_1_l" 5
7 "pinky_2_l" 6
8 "ring_0_l" 4
9 "ring_1_l" 8
10 "ring_2_l" 9
11 "middle_0_l" 4
12 "middle_1_l" 11
13 "middle_2_l" 12
14 "index_0_l" 4
15 "index_1_l" 14
16 "index_2_l" 15
17 "thumb_0_l" 4
18 "thumb_1_l" 17
19 "thumb_2_l" 18
20 "rig_index_l" 4
21 "rig_middle_l" 4
22 "rig_ring_l" 4
23 "rig_pinky_l" 4
24 "rig_thumb_l" 4
25 "rig_hand_l" 1
26 "rig_l" 1
27 "rig_upperarm_l" 1
28 "upperarm_r" 1
29 "lowerarm_r" 28
30 "hand_r" 29
31 "pinky_0_r" 30
32 "pinky_1_r" 31
33 "pinky_2_r" 32
34 "ring_0_r" 30
35 "ring_1_r" 34
36 "ring_2_r" 35
37 "middle_0_r" 30
38 "middle_1_r" 37
39 "middle_2_r" 38
40 "index_0_r" 30
41 "index_1_r" 40
42 "index_2_r" 41
43 "thumb_0_r" 30
44 "thumb_1_r" 43
45 "thumb_2_r" 44
46 "rig_index_r" 30
47 "rig_middle_r" 30
48 "rig_ring_r" 30
49 "rig_pinky_r" 30
50 "rig_thumb_r" 30
51 "rig_hand_r" 1
52 "rig_r" 1
53 "rig_upperarm_r" 1
54 "v_sniper" -1
55 "bone_muzzle" 54
56 "v_eject" 54
end
skeleton
time 0
0  0 0 0  0 0 0
1  0.000000 0.000000 0.000000  1.570796 -0.000000 0.000000
2  10.842501 -18.916500 11.243284  0.643141 0.256729 1.394985
3  0.000001 13.479275 -0.000000  0.494510 -0.000000 -0.000000
4  -0.000000 13.477239 0.000001  -0.435273 -0.035516 0.157049
5  -0.267270 3.664724 -1.953292  -0.075062 -0.056357 -1.111618
6  -0.000000 1.180356 0.000002  -0.014482 -0.034450 -1.150017
7  -0.000001 0.817135 0.000001  0.011917 -0.003038 -0.965239
8  -0.249423 3.688541 -0.940887  -0.049468 -0.026125 -0.893204
9  -0.000001 1.800633 0.000003  0.002140 0.004913 -0.970563
10  -0.000001 1.243403 0.000002  0.004747 0.004475 -0.826683
11  -0.244726 3.701095 0.087734  0.011525 -0.027234 -0.769428
12  -0.000002 1.766587 -0.000004  0.004104 -0.001403 -0.889729
13  0.000001 1.189004 0.000003  -0.013063 -0.011941 -0.782432
14  -0.277240 3.632246 1.274103  0.056972 -0.020409 -0.608363
15  0.000000 1.798492 -0.000001  0.027755 0.025735 -0.747760
16  0.000002 1.235451 0.000002  -0.007650 0.003805 -0.530197
17  0.315441 0.857299 0.755946  2.142416 0.507104 1.567006
18  -0.000001 2.265940 0.000002  -0.059540 -0.029733 -0.186621
19  -0.000000 1.457814 0.000000  -0.027135 0.047975 0.086665
20  -1.259682 3.818375 1.286949  0.056972 -0.020409 -0.608363
21  -1.226392 3.891692 0.090422  0.011525 -0.027234 -0.769428
22  -1.231624 3.875534 -0.958677  -0.049468 -0.026125 -0.893204
23  -1.209920 3.994780 -2.003045  -0.075062 -0.056357 -1.111618
24  0.328906 0.095429 1.403536  2.142416 0.507104 1.567006
25  -4.444736 -10.961387 30.893585  0.711131 0.099161 1.428533
26  -12.098812 -12.453417 20.198181  -1.570796 -0.000000 -1.570796
27  10.842501 -18.916500 11.243284  -0.051945 -0.000000 -1.570796
28  -10.024240 -4.998537 -14.772615  1.000939 -0.053697 -2.972650
29  -0.000001 13.479278 0.000000  0.569860 0.000000 0.000000
30  -0.000000 13.477239 0.000000  -0.271288 0.021630 -0.070272
31  0.267270 3.664727 -1.953292  -0.239589 -0.358871 0.965176
32  -0.000001 1.180354 -0.000000  -0.020031 0.031549 0.982232
33  -0.000001 0.817136 0.000001  0.011243 0.004984 0.797530
34  0.249423 3.688541 -0.940888  -0.234493 -0.351167 1.042859
35  0.000000 1.800634 0.000002  0.001438 -0.005162 1.109575
36  0.000000 1.243406 -0.000000  0.004081 -0.005090 0.965694
37  0.244727 3.701097 0.087734  -0.168214 -0.329396 1.064645
38  0.000000 1.766585 -0.000001  0.004335 0.000146 1.185316
39  -0.000000 1.189004 0.000001  -0.009018 0.015228 1.078031
40  0.277240 3.632248 1.274104  0.277570 -0.211300 0.246707
41  0.000000 1.798496 0.000001  0.034904 -0.014638 0.397227
42  -0.000001 1.235451 0.000001  -0.008435 -0.001363 0.831510
43  -0.315440 0.857300 0.755944  0.065678 2.943949 1.113689
44  0.000001 2.265939 0.000001  -0.053381 0.039749 0.363485
45  -0.000001 1.457811 -0.000001  -0.052740 0.016002 1.263438
46  1.259681 3.818375 1.286947  0.277570 -0.211300 0.246707
47  1.226392 3.891693 0.090419  -0.168214 -0.329396 1.064645
48  1.231623 3.875535 -0.958680  -0.234493 -0.351167 1.042859
49  1.209919 3.994781 -2.003046  -0.239589 -0.358871 0.965176
50  -0.328906 0.095429 1.403533  0.065678 2.943949 1.113689
51  -7.488020 -11.943120 10.017855  1.299869 0.016571 -2.951018
52  -6.162657 -23.540619 -1.954662  -1.570796 -0.000000 1.570796
53  -10.024240 -4.998537 -14.772615  -0.051945 0.000000 1.570796
54  -5.369620 -13.349490 -11.338174  0.000000 -0.000000 -1.538392
55  50.467979 -0.653247 4.371607  0.000000 -0.000000 -0.000023
56  7.834942 -1.604773 4.114126  1.570796 -0.000000 1.538360
time 1
0  0 0 0  0 0 0
1  0.000000 0.000000 0.000000  1.570796 -0.000000 0.000000
2  10.842501 -18.916500 11.243284  0.643099 0.256697 1.394972
3  -0.000002 13.479278 0.000001  0.494602 -0.000000 -0.000000
4  0.000000 13.477239 -0.000000  -0.435247 -0.036073 0.156755
5  -0.267269 3.664725 -1.953293  -0.075062 -0.056357 -1.111618
6  0.000000 1.180355 0.000001  -0.014482 -0.034450 -1.150017
7  0.000000 0.817135 -0.000000  0.011917 -0.003038 -0.965239
8  -0.249423 3.688540 -0.940891  -0.049468 -0.026125 -0.893204
9  0.000001 1.800634 0.000006  0.002140 0.004913 -0.970562
10  -0.000003 1.243406 0.000001  0.004747 0.004475 -0.826683
11  -0.244725 3.701094 0.087730  0.011525 -0.027234 -0.769428
12  0.000000 1.766584 0.000000  0.004104 -0.001403 -0.889730
13  0.000003 1.189004 0.000001  -0.013063 -0.011941 -0.782432
14  -0.277239 3.632244 1.274099  0.056972 -0.020409 -0.608363
15  -0.000001 1.798497 -0.000001  0.027755 0.025735 -0.747759
16  0.000004 1.235450 -0.000001  -0.007650 0.003805 -0.530197
17  0.315441 0.857297 0.755942  2.142416 0.507104 1.567006
18  0.000000 2.265937 0.000000  -0.059540 -0.029733 -0.186621
19  -0.000000 1.457814 0.000001  -0.027135 0.047975 0.086665
20  -1.259681 3.818373 1.286943  0.056972 -0.020409 -0.608363
21  -1.226390 3.891691 0.090416  0.011525 -0.027234 -0.769428
22  -1.231623 3.875533 -0.958683  -0.049468 -0.026125 -0.893204
23  -1.209919 3.994778 -2.003051  -0.075062 -0.056357 -1.111618
24  0.328907 0.095427 1.403532  2.142416 0.507104 1.567006
25  -4.444490 -10.961903 30.893583  0.711130 0.099166 1.427880
26  -12.098812 -12.453417 20.198181  -1.570796 -0.000000 -1.570796
27  10.842501 -18.916500 11.243284  -0.051945 -0.000000 -1.570796
28  -10.024240 -4.998537 -14.772615  1.000938 -0.053689 -2.972645
29  -0.000002 13.479280 0.000002  0.569966 -0.000000 0.000000
30  -0.000000 13.477241 0.000000  -0.271377 0.020964 -0.070265
31  0.267269 3.664727 -1.953293  -0.239589 -0.358871 0.965176
32  -0.000001 1.180354 0.000002  -0.020031 0.031549 0.982231
33  -0.000001 0.817136 -0.000001  0.011243 0.004984 0.797530
34  0.249422 3.688542 -0.940888  -0.234493 -0.351167 1.042859
35  -0.000001 1.800633 0.000000  0.001438 -0.005162 1.109575
36  -0.000001 1.243405 -0.000002  0.004081 -0.005090 0.965694
37  0.244725 3.701096 0.087732  -0.168214 -0.329396 1.064645
38  -0.000001 1.766585 -0.000000  0.004335 0.000147 1.185317
39  0.000001 1.189004 0.000002  -0.009018 0.015228 1.078031
40  0.277239 3.632248 1.274103  0.277570 -0.211300 0.246707
41  -0.000000 1.798495 -0.000000  0.034904 -0.014638 0.397227
42  -0.000001 1.235451 -0.000001  -0.008435 -0.001363 0.831510
43  -0.315441 0.857301 0.755944  0.065678 2.943949 1.113689
44  0.000000 2.265939 -0.000001  -0.053381 0.039749 0.363485
45  -0.000002 1.457812 0.000001  -0.052740 0.016002 1.263438
46  1.259681 3.818375 1.286946  0.277570 -0.211300 0.246707
47  1.226390 3.891694 0.090419  -0.168214 -0.329396 1.064645
48  1.231623 3.875534 -0.958680  -0.234493 -0.351167 1.042859
49  1.209919 3.994783 -2.003048  -0.239589 -0.358871 0.965176
50  -0.328907 0.095429 1.403533  0.065678 2.943949 1.113689
51  -7.488415 -11.941752 10.017859  1.299874 0.016570 -2.951671
52  -6.162657 -23.540619 -1.954662  -1.570796 -0.000000 1.570796
53  -10.024240 -4.998537 -14.772615  -0.051945 0.000000 1.570796
54  -5.369620 -13.349490 -11.338174  -0.000653 0.000016 -1.538392
55  50.467979 -0.653247 4.371608  0.000000 -0.000000 -0.000023
56  7.834940 -1.604773 4.114127  1.570796 0.000000 1.538360
time 2
0  0 0 0  0 0 0
1  0.000000 0.000000 0.000000  1.570796 -0.000000 0.000000
2  10.842501 -18.916500 11.243284  0.643029 0.256627 1.394944
3  0.000001 13.479275 -0.000002  0.494741 0.000000 -0.000000
4  0.000000 13.477242 -0.000000  -0.435238 -0.036606 0.156463
5  -0.267270 3.664729 -1.953294  -0.075062 -0.056357 -1.111618
6  0.000001 1.180354 -0.000001  -0.014482 -0.034450 -1.150017
7  -0.000001 0.817133 -0.000001  0.011917 -0.003038 -0.965239
8  -0.249422 3.688540 -0.940894  -0.049468 -0.026125 -0.893204
9  0.000002 1.800633 -0.000000  0.002140 0.004913 -0.970562
10  0.000001 1.243405 0.000000  0.004747 0.004475 -0.826683
11  -0.244727 3.701097 0.087732  0.011525 -0.027234 -0.769428
12  0.000002 1.766585 0.000002  0.004104 -0.001403 -0.889730
13  -0.000001 1.189004 0.000002  -0.013063 -0.011941 -0.782432
14  -0.277239 3.632251 1.274100  0.056972 -0.020409 -0.608363
15  -0.000000 1.798494 -0.000003  0.027755 0.025735 -0.747759
16  -0.000003 1.235451 0.000000  -0.007650 0.003805 -0.530197
17  0.315441 0.857301 0.755942  2.142416 0.507104 1.567006
18  -0.000000 2.265937 0.000003  -0.059540 -0.029733 -0.186621
19  0.000000 1.457809 0.000000  -0.027135 0.047975 0.086665
20  -1.259681 3.818377 1.286945  0.056972 -0.020409 -0.608363
21  -1.226390 3.891694 0.090416  0.011525 -0.027234 -0.769428
22  -1.231623 3.875535 -0.958684  -0.049468 -0.026125 -0.893204
23  -1.209919 3.994782 -2.003049  -0.075062 -0.056357 -1.111618
24  0.328906 0.095430 1.403530  2.142416 0.507104 1.567006
25  -4.444246 -10.962966 30.893593  0.711134 0.099140 1.427231
26  -12.098812 -12.453417 20.198181  -1.570796 -0.000000 -1.570796
27  10.842501 -18.916500 11.243284  -0.051945 -0.000000 -1.570796
28  -10.024240 -4.998537 -14.772615  1.000934 -0.053682 -2.972640
29  -0.000001 13.479278 0.000001  0.570083 -0.000000 0.000000
30  -0.000000 13.477240 -0.000000  -0.271506 0.020302 -0.070265
31  0.267270 3.664726 -1.953293  -0.239589 -0.358871 0.965176
32  -0.000002 1.180355 0.000001  -0.020031 0.031549 0.982232
33  0.000001 0.817135 -0.000001  0.011243 0.004984 0.797530
34  0.249423 3.688541 -0.940889  -0.234493 -0.351167 1.042859
35  0.000001 1.800633 -0.000000  0.001438 -0.005162 1.109575
36  0.000000 1.243407 -0.000000  0.004081 -0.005090 0.965693
37  0.244726 3.701097 0.087733  -0.168214 -0.329396 1.064645
38  0.000001 1.766585 0.000001  0.004335 0.000147 1.185317
39  -0.000001 1.189004 0.000001  -0.009018 0.015228 1.078031
40  0.277240 3.632249 1.274102  0.277570 -0.211300 0.246707
41  -0.000000 1.798494 0.000001  0.034904 -0.014638 0.397227
42  -0.000001 1.235452 0.000000  -0.008435 -0.001363 0.831510
43  -0.315441 0.857300 0.755944  0.065678 2.943949 1.113689
44  0.000001 2.265939 -0.000000  -0.053381 0.039749 0.363484
45  -0.000001 1.457812 0.000000  -0.052740 0.016002 1.263438
46  1.259681 3.818374 1.286946  0.277570 -0.211300 0.246707
47  1.226391 3.891692 0.090418  -0.168214 -0.329396 1.064645
48  1.231624 3.875534 -0.958681  -0.234493 -0.351167 1.042859
49  1.209919 3.994781 -2.003048  -0.239589 -0.358871 0.965176
50  -0.328906 0.095428 1.403532  0.065678 2.943949 1.113689
51  -7.488806 -11.940290 10.017842  1.299848 0.016575 -2.952320
52  -6.162657 -23.540619 -1.954662  -1.570796 -0.000000 1.570796
53  -10.024240 -4.998537 -14.772615  -0.051945 0.000000 1.570796
54  -5.369620 -13.349490 -11.338174  -0.001301 0.000064 -1.538392
55  50.467979 -0.653247 4.371606  -0.000000 -0.000000 -0.000023
56  7.834942 -1.604773 4.114125  1.570796 0.000000 1.538360
time 3
0  0 0 0  0 0 0
1  0.000000 0.000000 0.000000  1.570796 -0.000000 0.000000
2  10.842501 -18.916500 11.243284  0.642933 0.256521 1.394901
3  0.000001 13.479277 -0.000000  0.494924 0.000000 -0.000000
4  -0.000001 13.477240 -0.000001  -0.435242 -0.037114 0.156175
5  -0.267269 3.664726 -1.953291  -0.075062 -0.056357 -1.111618
6  -0.000001 1.180353 0.000001  -0.014482 -0.034450 -1.150017
7  0.000000 0.817134 0.000001  0.011917 -0.003038 -0.965239
8  -0.249422 3.688540 -0.940889  -0.049468 -0.026125 -0.893204
9  -0.000005 1.800634 0.000000  0.002140 0.004913 -0.970563
10  -0.000001 1.243404 0.000002  0.004747 0.004475 -0.826683
11  -0.244726 3.701095 0.087732  0.011525 -0.027234 -0.769428
12  -0.000001 1.766587 0.000000  0.004104 -0.001403 -0.889729
13  -0.000000 1.189003 -0.000002  -0.013063 -0.011941 -0.782432
14  -0.277240 3.632246 1.274103  0.056972 -0.020409 -0.608363
15  -0.000001 1.798494 0.000001  0.027755 0.025735 -0.747759
16  -0.000002 1.235452 0.000001  -0.007650 0.003805 -0.530197
17  0.315441 0.857299 0.755944  2.142416 0.507104 1.567006
18  0.000001 2.265941 -0.000002  -0.059540 -0.029733 -0.186621
19  -0.000000 1.457812 -0.000001  -0.027135 0.047975 0.086665
20  -1.259680 3.818374 1.286946  0.056972 -0.020409 -0.608363
21  -1.226390 3.891694 0.090420  0.011525 -0.027234 -0.769428
22  -1.231623 3.875534 -0.958680  -0.049468 -0.026125 -0.893204
23  -1.209919 3.994783 -2.003048  -0.075062 -0.056357 -1.111618
24  0.328906 0.095428 1.403534  2.142416 0.507104 1.567006
25  -4.444005 -10.964546 30.893614  0.711142 0.099084 1.426590
26  -12.098812 -12.453417 20.198181  -1.570796 -0.000000 -1.570796
27  10.842501 -18.916500 11.243284  -0.051945 -0.000000 -1.570796
28  -10.024240 -4.998537 -14.772615  1.000929 -0.053676 -2.972636
29  -0.000001 13.479278 0.000001  0.570211 -0.000000 0.000000
30  0.000000 13.477239 0.000001  -0.271672 0.019647 -0.070271
31  0.267270 3.664727 -1.953293  -0.239589 -0.358871 0.965176
32  0.000001 1.180355 0.000001  -0.020031 0.031549 0.982232
33  -0.000001 0.817136 -0.000002  0.011243 0.004984 0.797530
34  0.249423 3.688542 -0.940891  -0.234493 -0.351167 1.042859
35  0.000001 1.800633 0.000001  0.001438 -0.005162 1.109575
36  -0.000000 1.243406 -0.000001  0.004081 -0.005090 0.965694
37  0.244727 3.701095 0.087732  -0.168214 -0.329396 1.064645
38  0.000002 1.766585 -0.000000  0.004335 0.000146 1.185317
39  0.000001 1.189002 0.000001  -0.009018 0.015228 1.078031
40  0.277239 3.632249 1.274102  0.277570 -0.211300 0.246707
41  -0.000001 1.798495 0.000002  0.034904 -0.014638 0.397227
42  -0.000002 1.235452 -0.000001  -0.008435 -0.001363 0.831510
43  -0.315441 0.857300 0.755944  0.065678 2.943949 1.113689
44  0.000001 2.265940 0.000000  -0.053381 0.039749 0.363484
45  -0.000001 1.457811 -0.000001  -0.052740 0.016002 1.263438
46  1.259681 3.818375 1.286944  0.277570 -0.211300 0.246707
47  1.226390 3.891694 0.090418  -0.168214 -0.329396 1.064645
48  1.231622 3.875535 -0.958680  -0.234493 -0.351167 1.042859
49  1.209919 3.994782 -2.003048  -0.239589 -0.358871 0.965176
50  -0.328906 0.095428 1.403532  0.065678 2.943949 1.113689
51  -7.489192 -11.938744 10.017809  1.299793 0.016585 -2.952963
52  -6.162657 -23.540619 -1.954662  -1.570796 -0.000000 1.570796
53  -10.024240 -4.998537 -14.772615  -0.051945 0.000000 1.570796
54  -5.369620 -13.349490 -11.338174  -0.001940 0.000140 -1.538392
55  50.467983 -0.653247 4.371607  0.000000 -0.000000 -0.000023
56  7.834943 -1.604772 4.114126  1.570796 0.000000 1.538360
time 4
0  0 0 0  0 0 0
1  0.000000 0.000000 0.000000  1.570796 -0.000000 0.000000
2  10.842501 -18.916500 11.243284  0.642812 0.256382 1.394845
3  0.000002 13.479277 0.000001  0.495150 -0.000000 -0.000000
4  0.000001 13.477238 0.000000  -0.435262 -0.037595 0.155893
5  -0.267271 3.664729 -1.953293  -0.075062 -0.056357 -1.111618
6  0.000000 1.180355 0.000002  -0.014482 -0.034450 -1.150017
7  0.000003 0.817138 -0.000001  0.011917 -0.003038 -0.965239
8  -0.249423 3.688543 -0.940890  -0.049468 -0.026125 -0.893204
9  0.000003 1.800632 -0.000003  0.002140 0.004913 -0.970563
10  -0.000005 1.243405 0.000002  0.004747 0.004475 -0.826683
11  -0.244728 3.701097 0.087733  0.011525 -0.027234 -0.769428
12  0.000000 1.766584 0.000001  0.004104 -0.001403 -0.889730
13  -0.000002 1.189005 -0.000001  -0.013063 -0.011941 -0.782432
14  -0.277240 3.632249 1.274101  0.056972 -0.020409 -0.608363
15  -0.000002 1.798494 0.000002  0.027755 0.025735 -0.747759
16  -0.000000 1.235452 0.000002  -0.007650 0.003805 -0.530197
17  0.315440 0.857300 0.755943  2.142416 0.507104 1.567006
18  0.000001 2.265938 -0.000001  -0.059540 -0.029733 -0.186621
19  -0.000001 1.457813 -0.000002  -0.027135 0.047975 0.086665
20  -1.259681 3.818376 1.286947  0.056972 -0.020409 -0.608363
21  -1.226391 3.891695 0.090418  0.011525 -0.027234 -0.769428
22  -1.231624 3.875537 -0.958679  -0.049468 -0.026125 -0.893204
23  -1.209921 3.994781 -2.003049  -0.075062 -0.056357 -1.111618
24  0.328904 0.095429 1.403531  2.142416 0.507104 1.567006
25  -4.443767 -10.966614 30.893644  0.711154 0.099001 1.425960
26  -12.098812 -12.453417 20.198181  -1.570796 -0.000000 -1.570796
27  10.842501 -18.916500 11.243284  -0.051945 -0.000000 -1.570796
28  -10.024240 -4.998537 -14.772615  1.000921 -0.053671 -2.972633
29  -0.000000 13.479278 0.000000  0.570348 -0.000000 0.000000
30  -0.000001 13.477239 0.000001  -0.271874 0.019002 -0.070284
31  0.267269 3.664726 -1.953293  -0.239589 -0.358871 0.965176
32  0.000001 1.180356 0.000001  -0.020031 0.031549 0.982232
33  0.000002 0.817135 -0.000001  0.011243 0.004984 0.797530
34  0.249422 3.688541 -0.940889  -0.234493 -0.351167 1.042859
35  0.000001 1.800633 0.000000  0.001438 -0.005162 1.109575
36  0.000000 1.243407 -0.000001  0.004081 -0.005090 0.965694
37  0.244726 3.701096 0.087733  -0.168214 -0.329396 1.064645
38  -0.000000 1.766584 0.000000  0.004335 0.000146 1.185317
39  -0.000001 1.189005 -0.000001  -0.009018 0.015228 1.078031
40  0.277239 3.632248 1.274101  0.277570 -0.211300 0.246707
41  -0.000000 1.798495 0.000001  0.034904 -0.014638 0.397227
42  -0.000002 1.235451 0.000000  -0.008435 -0.001363 0.831510
43  -0.315442 0.857300 0.755943  0.065678 2.943949 1.113689
44  0.000000 2.265939 0.000001  -0.053381 0.039749 0.363484
45  0.000000 1.457812 0.000001  -0.052740 0.016002 1.263438
46  1.259681 3.818375 1.286944  0.277570 -0.211300 0.246707
47  1.226390 3.891694 0.090419  -0.168214 -0.329396 1.064645
48  1.231623 3.875535 -0.958681  -0.234493 -0.351167 1.042859
49  1.209919 3.994783 -2.003048  -0.239589 -0.358871 0.965176
50  -0.328907 0.095429 1.403532  0.065678 2.943949 1.113689
51  -7.489572 -11.937124 10.017758  1.299710 0.016601 -2.953595
52  -6.162657 -23.540619 -1.954662  -1.570796 -0.000000 1.570796
53  -10.024240 -4.998537 -14.772615  -0.051945 0.000000 1.570796
54  -5.369620 -13.349490 -11.338174  -0.002568 0.000245 -1.538392
55  50.467983 -0.653248 4.371606  -0.000000 -0.000000 -0.000023
56  7.834943 -1.604773 4.114125  1.570796 0.000000 1.538360
time 5
0  0 0 0  0 0 0
1  0.000000 0.000000 0.000000  1.570796 -0.000000 0.000000
2  10.842501 -18.916500 11.243284  0.642669 0.256211 1.394776
3  0.000001 13.479277 0.000001  0.495413 -0.000000 -0.000000
4  0.000000 13.477240 0.000001  -0.435295 -0.038047 0.155618
5  -0.267269 3.664727 -1.953293  -0.075062 -0.056357 -1.111618
6  0.000003 1.180355 -0.000002  -0.014482 -0.034450 -1.150017
7  -0.000000 0.817138 0.000003  0.011917 -0.003038 -0.965239
8  -0.249422 3.688540 -0.940888  -0.049468 -0.026125 -0.893204
9  -0.000002 1.800633 0.000001  0.002140 0.004913 -0.970562
10  0.000002 1.243407 0.000002  0.004747 0.004475 -0.826682
11  -0.244726 3.701096 0.087733  0.011525 -0.027234 -0.769428
12  0.000001 1.766585 0.000002  0.004104 -0.001403 -0.889729
13  0.000000 1.189003 -0.000002  -0.013063 -0.011941 -0.782432
14  -0.277239 3.632249 1.274104  0.056972 -0.020409 -0.608363
15  -0.000004 1.798493 0.000002  0.027755 0.025735 -0.747759
16  0.000003 1.235451 -0.000001  -0.007650 0.003805 -0.530197
17  0.315442 0.857299 0.755944  2.142416 0.507104 1.567006
18  -0.000001 2.265942 -0.000001  -0.059540 -0.029733 -0.186621
19  0.000000 1.457813 0.000004  -0.027135 0.047975 0.086665
20  -1.259681 3.818375 1.286946  0.056972 -0.020409 -0.608363
21  -1.226390 3.891692 0.090418  0.011525 -0.027234 -0.769428
22  -1.231623 3.875534 -0.958682  -0.049468 -0.026125 -0.893204
23  -1.209918 3.994781 -2.003047  -0.075062 -0.056357 -1.111618
24  0.328907 0.095427 1.403532  2.142416 0.507104 1.567006
25  -4.443535 -10.969136 30.893686  0.711171 0.098891 1.425344
26  -12.098812 -12.453417 20.198181  -1.570796 -0.000000 -1.570796
27  10.842501 -18.916500 11.243284  -0.051945 -0.000000 -1.570796
28  -10.024240 -4.998537 -14.772615  1.000911 -0.053667 -2.972630
29  0.000000 13.479277 0.000002  0.570493 0.000000 0.000000
30  -0.000000 13.477238 0.000000  -0.272109 0.018370 -0.070303
31  0.267269 3.664727 -1.953292  -0.239589 -0.358871 0.965176
32  -0.000000 1.180354 0.000000  -0.020031 0.031549 0.982232
33  0.000001 0.817136 -0.000001  0.011243 0.004984 0.797530
34  0.249423 3.688542 -0.940889  -0.234493 -0.351167 1.042859
35  0.000001 1.800633 0.000000  0.001438 -0.005162 1.109575
36  0.000000 1.243407 -0.000000  0.004081 -0.005090 0.965694
37  0.244726 3.701095 0.087733  -0.168214 -0.329396 1.064645
38  -0.000002 1.766583 -0.000000  0.004335 0.000146 1.185316
39  0.000001 1.189003 0.000001  -0.009018 0.015228 1.078031
40  0.277239 3.632248 1.274101  0.277570 -0.211300 0.246707
41  -0.000000 1.798495 0.000001  0.034904 -0.014638 0.397227
42  -0.000001 1.235450 -0.000000  -0.008435 -0.001363 0.831510
43  -0.315441 0.857301 0.755944  0.065678 2.943949 1.113689
44  -0.000000 2.265940 -0.000001  -0.053381 0.039749 0.363484
45  -0.000002 1.457812 -0.000000  -0.052740 0.016002 1.263438
46  1.259681 3.818374 1.286945  0.277570 -0.211300 0.246707
47  1.226391 3.891694 0.090419  -0.168214 -0.329396 1.064645
48  1.231623 3.875534 -0.958681  -0.234493 -0.351167 1.042859
49  1.209918 3.994782 -2.003047  -0.239589 -0.358871 0.965176
50  -0.328906 0.095430 1.403533  0.065678 2.943949 1.113689
51  -7.489942 -11.935444 10.017693  1.299601 0.016621 -2.954215
52  -6.162657 -23.540619 -1.954662  -1.570796 -0.000000 1.570796
53  -10.024240 -4.998537 -14.772615  -0.051945 0.000000 1.570796
54  -5.369620 -13.349490 -11.338174  -0.003182 0.000377 -1.538392
55  50.467983 -0.653247 4.371607  -0.000000 -0.000000 -0.000023
56  7.834941 -1.604773 4.114127  1.570796 -0.000000 1.538360
time 6
0  0 0 0  0 0 0
1  0.000000 0.000000 0.000000  1.570796 -0.000000 0.000000
2  10.842501 -18.916500 11.243284  0.642505 0.256011 1.394695
3  0.000001 13.479278 -0.000000  0.495713 -0.000000 -0.000000
4  -0.000001 13.477239 -0.000000  -0.435340 -0.038469 0.155352
5  -0.267270 3.664726 -1.953296  -0.075062 -0.056357 -1.111618
6  0.000002 1.180355 -0.000002  -0.014482 -0.034450 -1.150017
7  0.000001 0.817135 0.000002  0.011917 -0.003038 -0.965239
8  -0.249422 3.688542 -0.940891  -0.049468 -0.026125 -0.893204
9  0.000000 1.800633 -0.000002  0.002140 0.004913 -0.970563
10  0.000000 1.243407 0.000001  0.004747 0.004475 -0.826683
11  -0.244727 3.701095 0.087731  0.011525 -0.027234 -0.769428
12  -0.000001 1.766584 -0.000001  0.004104 -0.001403 -0.889729
13  -0.000002 1.189004 0.000004  -0.013063 -0.011941 -0.782432
14  -0.277239 3.632247 1.274101  0.056972 -0.020409 -0.608363
15  0.000000 1.798495 0.000000  0.027755 0.025735 -0.747759
16  -0.000000 1.235453 0.000005  -0.007650 0.003805 -0.530197
17  0.315441 0.857299 0.755941  2.142416 0.507104 1.567006
18  -0.000001 2.265940 0.000002  -0.059540 -0.029733 -0.186621
19  0.000000 1.457812 0.000000  -0.027135 0.047975 0.086665
20  -1.259681 3.818372 1.286942  0.056972 -0.020409 -0.608363
21  -1.226390 3.891692 0.090416  0.011525 -0.027234 -0.769428
22  -1.231624 3.875534 -0.958681  -0.049468 -0.026125 -0.893204
23  -1.209919 3.994780 -2.003051  -0.075062 -0.056357 -1.111618
24  0.328906 0.095428 1.403530  2.142416 0.507104 1.567006
25  -4.443309 -10.972085 30.893736  0.711191 0.098756 1.424745
26  -12.098812 -12.453417 20.198181  -1.570796 -0.000000 -1.570796
27  10.842501 -18.916500 11.243284  -0.051945 -0.000000 -1.570796
28  -10.024240 -4.998537 -14.772615  1.000900 -0.053664 -2.972628
29  -0.000001 13.479279 0.000002  0.570645 -0.000000 0.000000
30  0.000001 13.477240 0.000000  -0.272374 0.017755 -0.070327
31  0.267269 3.664726 -1.953292  -0.239589 -0.358871 0.965176
32  0.000002 1.180354 -0.000000  -0.020031 0.031549 0.982232
33  -0.000001 0.817135 0.000001  0.011243 0.004984 0.797530
34  0.249422 3.688540 -0.940889  -0.234493 -0.351167 1.042859
35  0.000001 1.800632 0.000001  0.001438 -0.005162 1.109575
36  -0.000000 1.243406 0.000000  0.004081 -0.005090 0.965693
37  0.244725 3.701095 0.087732  -0.168214 -0.329396 1.064645
38  -0.000000 1.766584 0.000000  0.004335 0.000146 1.185317
39  0.000001 1.189003 -0.000002  -0.009018 0.015228 1.078031
40  0.277238 3.632247 1.274103  0.277570 -0.211300 0.246707
41  0.000000 1.798494 0.000000  0.034904 -0.014638 0.397227
42  -0.000001 1.235450 0.000000  -0.008435 -0.001363 0.831510
43  -0.315442 0.857299 0.755944  0.065678 2.943949 1.113689
44  -0.000001 2.265940 0.000001  -0.053381 0.039749 0.363484
45  -0.000002 1.457811 0.000000  -0.052740 0.016002 1.263438
46  1.259681 3.818373 1.286946  0.277570 -0.211300 0.246707
47  1.226390 3.891691 0.090420  -0.168214 -0.329396 1.064645
48  1.231622 3.875534 -0.958680  -0.234493 -0.351167 1.042859
49  1.209919 3.994781 -2.003047  -0.239589 -0.358871 0.965176
50  -0.328907 0.095428 1.403534  0.065678 2.943949 1.113689
51  -7.490301 -11.933713 10.017612  1.299467 0.016646 -2.954818
52  -6.162657 -23.540619 -1.954662  -1.570796 -0.000000 1.570796
53  -10.024240 -4.998537 -14.772615  -0.051945 0.000000 1.570796
54  -5.369620 -13.349490 -11.338174  -0.003778 0.000532 -1.538392
55  50.467979 -0.653247 4.371607  -0.000000 -0.000000 -0.000023
56  7.834939 -1.604773 4.114125  1.570796 0.000000 1.538360
time 7
0  0 0 0  0 0 0
1  0.000000 0.000000 0.000000  1.570796 -0.000000 0.000000
2  10.842501 -18.916500 11.243284  0.642320 0.255783 1.394603
3  -0.000000 13.479277 -0.000000  0.496046 0.000000 -0.000000
4  0.000001 13.477238 0.000001  -0.435399 -0.038858 0.155094
5  -0.267269 3.664724 -1.953296  -0.075062 -0.056357 -1.111618
6  0.000001 1.180355 -0.000000  -0.014482 -0.034450 -1.150017
7  0.000001 0.817134 -0.000001  0.011917 -0.003038 -0.965239
8  -0.249423 3.688540 -0.940891  -0.049468 -0.026125 -0.893204
9  0.000003 1.800632 0.000001  0.002140 0.004913 -0.970563
10  -0.000003 1.243406 0.000002  0.004747 0.004475 -0.826683
11  -0.244726 3.701095 0.087731  0.011525 -0.027234 -0.769428
12  -0.000004 1.766585 0.000003  0.004104 -0.001403 -0.889729
13  0.000001 1.189005 -0.000004  -0.013063 -0.011941 -0.782432
14  -0.277240 3.632246 1.274101  0.056972 -0.020409 -0.608363
15  0.000001 1.798493 -0.000001  0.027755 0.025735 -0.747759
16  -0.000002 1.235451 0.000000  -0.007650 0.003805 -0.530197
17  0.315442 0.857298 0.755941  2.142416 0.507104 1.567006
18  -0.000001 2.265939 -0.000003  -0.059540 -0.029733 -0.186621
19  0.000000 1.457809 0.000001  -0.027135 0.047975 0.086665
20  -1.259681 3.818373 1.286944  0.056972 -0.020409 -0.608363
21  -1.226391 3.891693 0.090419  0.011525 -0.027234 -0.769428
22  -1.231622 3.875532 -0.958684  -0.049468 -0.026125 -0.893204
23  -1.209918 3.994779 -2.003051  -0.075062 -0.056357 -1.111618
24  0.328905 0.095427 1.403530  2.142416 0.507104 1.567006
25  -4.443090 -10.975433 30.893793  0.711215 0.098597 1.424166
26  -12.098812 -12.453417 20.198181  -1.570796 -0.000000 -1.570796
27  10.842501 -18.916500 11.243284  -0.051945 -0.000000 -1.570796
28  -10.024240 -4.998537 -14.772615  1.000887 -0.053662 -2.972627
29  -0.000001 13.479277 0.000002  0.570802 -0.000000 0.000000
30  -0.000000 13.477239 0.000001  -0.272665 0.017160 -0.070356
31  0.267270 3.664726 -1.953293  -0.239589 -0.358871 0.965176
32  -0.000000 1.180355 0.000000  -0.020031 0.031549 0.982232
33  0.000001 0.817136 -0.000000  0.011243 0.004984 0.797530
34  0.249423 3.688541 -0.940889  -0.234493 -0.351167 1.042859
35  0.000000 1.800632 -0.000001  0.001438 -0.005162 1.109575
36  0.000000 1.243406 0.000000  0.004081 -0.005090 0.965694
37  0.244727 3.701096 0.087733  -0.168214 -0.329396 1.064645
38  -0.000001 1.766584 -0.000001  0.004335 0.000146 1.185317
39  0.000000 1.189004 -0.000001  -0.009018 0.015228 1.078031
40  0.277240 3.632248 1.274101  0.277570 -0.211300 0.246707
41  -0.000001 1.798492 0.000000  0.034904 -0.014638 0.397227
42  0.000000 1.235452 0.000000  -0.008435 -0.001363 0.831510
43  -0.315441 0.857301 0.755943  0.065678 2.943949 1.113689
44  -0.000002 2.265940 0.000002  -0.053381 0.039749 0.363484
45  0.000000 1.457811 0.000001  -0.052740 0.016002 1.263438
46  1.259681 3.818375 1.286945  0.277570 -0.211300 0.246707
47  1.226391 3.891694 0.090418  -0.168214 -0.329396 1.064645
48  1.231624 3.875534 -0.958680  -0.234493 -0.351167 1.042859
49  1.209920 3.994782 -2.003048  -0.239589 -0.358871 0.965176
50  -0.328906 0.095429 1.403533  0.065678 2.943949 1.113689
51  -7.490648 -11.931948 10.017517  1.299309 0.016676 -2.955402
52  -6.162657 -23.540619 -1.954662  -1.570796 -0.000000 1.570796
53  -10.024240 -4.998537 -14.772615  -0.051945 0.000000 1.570796
54  -5.369620 -13.349490 -11.338174  -0.004354 0.000711 -1.538392
55  50.467983 -0.653246 4.371606  0.000000 -0.000000 -0.000023
56  7.834941 -1.604772 4.114125  1.570796 -0.000000 1.538360
time 8
0  0 0 0  0 0 0
1  0.000000 0.000000 0.000000  1.570796 -0.000000 0.000000
2  10.842501 -18.916500 11.243284  0.642118 0.255530 1.394501
3  -0.000000 13.479277 -0.000001  0.496409 0.000000 -0.000000
4  -0.000001 13.477238 -0.000001  -0.435468 -0.039214 0.154849
5  -0.267268 3.664728 -1.953295  -0.075062 -0.056357 -1.111618
6  0.000003 1.180355 -0.000004  -0.014482 -0.034450 -1.150017
7  0.000000 0.817136 0.000002  0.011917 -0.003038 -0.965239
8  -0.249421 3.688541 -0.940891  -0.049468 -0.026125 -0.893204
9  -0.000002 1.800633 0.000003  0.002140 0.004913 -0.970562
10  -0.000001 1.243406 -0.000001  0.004747 0.004475 -0.826683
11  -0.244725 3.701096 0.087732  0.011525 -0.027234 -0.769428
12  -0.000002 1.766583 0.000000  0.004104 -0.001403 -0.889729
13  0.000000 1.189003 0.000001  -0.013063 -0.011941 -0.782432
14  -0.277238 3.632248 1.274101  0.056972 -0.020409 -0.608363
15  0.000003 1.798495 -0.000004  0.027755 0.025735 -0.747759
16  -0.000002 1.235451 0.000003  -0.007650 0.003805 -0.530197
17  0.315443 0.857298 0.755941  2.142416 0.507104 1.567006
18  -0.000001 2.265939 -0.000002  -0.059540 -0.029733 -0.186621
19  -0.000000 1.457811 0.000001  -0.027135 0.047975 0.086665
20  -1.259679 3.818375 1.286944  0.056972 -0.020409 -0.608363
21  -1.226389 3.891691 0.090415  0.011525 -0.027234 -0.769428
22  -1.231622 3.875534 -0.958680  -0.049468 -0.026125 -0.893204
23  -1.209918 3.994782 -2.003050  -0.075062 -0.056357 -1.111618
24  0.328907 0.095428 1.403531  2.142416 0.507104 1.567006
25  -4.442880 -10.979147 30.893858  0.711242 0.098417 1.423610
26  -12.098812 -12.453417 20.198181  -1.570796 -0.000000 -1.570796
27  10.842501 -18.916500 11.243284  -0.051945 -0.000000 -1.570796
28  -10.024240 -4.998537 -14.772615  1.000872 -0.053661 -2.972626
29  -0.000001 13.479278 0.000002  0.570965 -0.000000 0.000000
30  0.000000 13.477239 0.000001  -0.272983 0.016587 -0.070390
31  0.267268 3.664726 -1.953294  -0.239589 -0.358871 0.965176
32  -0.000000 1.180355 0.000000  -0.020031 0.031549 0.982232
33  0.000001 0.817135 0.000001  0.011243 0.004984 0.797530
34  0.249421 3.688542 -0.940888  -0.234493 -0.351167 1.042859
35  -0.000000 1.800633 0.000001  0.001438 -0.005162 1.109575
36  -0.000000 1.243406 -0.000000  0.004081 -0.005090 0.965694
37  0.244724 3.701096 0.087734  -0.168214 -0.329396 1.064645
38  -0.000000 1.766584 -0.000001  0.004335 0.000146 1.185316
39  0.000001 1.189003 0.000000  -0.009018 0.015228 1.078031
40  0.277237 3.632248 1.274103  0.277570 -0.211300 0.246707
41  -0.000001 1.798494 -0.000000  0.034904 -0.014638 0.397227
42  -0.000001 1.235451 0.000001  -0.008435 -0.001363 0.831510
43  -0.315443 0.857301 0.755944  0.065678 2.943949 1.113689
44  0.000001 2.265940 -0.000001  -0.053381 0.039749 0.363484
45  -0.000000 1.457812 -0.000000  -0.052740 0.016002 1.263438
46  1.259680 3.818376 1.286946  0.277570 -0.211300 0.246707
47  1.226389 3.891693 0.090419  -0.168214 -0.329396 1.064645
48  1.231622 3.875534 -0.958681  -0.234493 -0.351167 1.042859
49  1.209917 3.994781 -2.003048  -0.239589 -0.358871 0.965176
50  -0.328908 0.095428 1.403532  0.065678 2.943949 1.113689
51  -7.490980 -11.930155 10.017410  1.299130 0.016709 -2.955964
52  -6.162657 -23.540619 -1.954662  -1.570796 -0.000000 1.570796
53  -10.024240 -4.998537 -14.772615  -0.051945 0.000000 1.570796
54  -5.369620 -13.349490 -11.338174  -0.004907 0.000911 -1.538392
55  50.467983 -0.653247 4.371606  -0.000000 -0.000000 -0.000023
56  7.834941 -1.604772 4.114126  1.570796 -0.000000 1.538360
time 9
0  0 0 0  0 0 0
1  0.000000 0.000000 0.000000  1.570796 -0.000000 0.000000
2  10.842501 -18.916500 11.243284  0.641899 0.255253 1.394389
3  0.000003 13.479277 0.000000  0.496799 0.000000 -0.000000
4  0.000002 13.477239 0.000000  -0.435549 -0.039535 0.154615
5  -0.267271 3.664726 -1.953291  -0.075062 -0.056357 -1.111618
6  -0.000000 1.180355 0.000002  -0.014482 -0.034450 -1.150017
7  -0.000003 0.817134 0.000006  0.011917 -0.003038 -0.965239
8  -0.249424 3.688539 -0.940889  -0.049468 -0.026125 -0.893204
9  0.000003 1.800632 -0.000003  0.002140 0.004913 -0.970563
10  -0.000001 1.243404 -0.000001  0.004747 0.004475 -0.826683
11  -0.244727 3.701096 0.087736  0.011525 -0.027234 -0.769428
12  0.000002 1.766584 0.000001  0.004104 -0.001403 -0.889730
13  -0.000001 1.189004 0.000004  -0.013063 -0.011941 -0.782432
14  -0.277240 3.632247 1.274104  0.056972 -0.020409 -0.608363
15  0.000001 1.798496 0.000003  0.027755 0.025735 -0.747759
16  -0.000005 1.235451 -0.000003  -0.007650 0.003805 -0.530197
17  0.315439 0.857299 0.755944  2.142416 0.507104 1.567006
18  0.000000 2.265938 -0.000000  -0.059540 -0.029733 -0.186621
19  0.000000 1.457811 0.000002  -0.027135 0.047975 0.086665
20  -1.259682 3.818374 1.286945  0.056972 -0.020409 -0.608363
21  -1.226392 3.891693 0.090421  0.011525 -0.027234 -0.769428
22  -1.231625 3.875533 -0.958678  -0.049468 -0.026125 -0.893204
23  -1.209921 3.994780 -2.003048  -0.075062 -0.056357 -1.111618
24  0.328905 0.095427 1.403532  2.142416 0.507104 1.567006
25  -4.442679 -10.983199 30.893930  0.711272 0.098217 1.423081
26  -12.098812 -12.453417 20.198181  -1.570796 -0.000000 -1.570796
27  10.842501 -18.916500 11.243284  -0.051945 -0.000000 -1.570796
28  -10.024240 -4.998537 -14.772615  1.000856 -0.053661 -2.972626
29  -0.000000 13.479276 0.000001  0.571130 -0.000000 0.000000
30  -0.000001 13.477240 0.000001  -0.273323 0.016041 -0.070428
31  0.267269 3.664726 -1.953292  -0.239589 -0.358871 0.965176
32  -0.000001 1.180356 0.000000  -0.020031 0.031549 0.982232
33  0.000001 0.817135 -0.000001  0.011243 0.004984 0.797531
34  0.249423 3.688542 -0.940887  -0.234493 -0.351167 1.042859
35  -0.000002 1.800633 -0.000002  0.001438 -0.005162 1.109575
36  -0.000000 1.243406 -0.000001  0.004081 -0.005090 0.965694
37  0.244727 3.701096 0.087735  -0.168214 -0.329396 1.064645
38  -0.000000 1.766584 0.000000  0.004335 0.000146 1.185317
39  0.000000 1.189004 0.000000  -0.009018 0.015228 1.078031
40  0.277239 3.632249 1.274104  0.277570 -0.211300 0.246707
41  -0.000002 1.798494 0.000001  0.034904 -0.014638 0.397227
42  -0.000001 1.235450 0.000001  -0.008435 -0.001363 0.831510
43  -0.315441 0.857299 0.755945  0.065678 2.943949 1.113689
44  0.000001 2.265940 0.000000  -0.053381 0.039749 0.363484
45  0.000000 1.457811 0.000000  -0.052740 0.016002 1.263438
46  1.259681 3.818374 1.286947  0.277570 -0.211300 0.246707
47  1.226390 3.891693 0.090421  -0.168214 -0.329396 1.064645
48  1.231623 3.875533 -0.958679  -0.234493 -0.351167 1.042859
49  1.209919 3.994782 -2.003046  -0.239589 -0.358871 0.965176
50  -0.328906 0.095428 1.403534  0.065678 2.943949 1.113689
51  -7.491297 -11.928350 10.017291  1.298931 0.016746 -2.956500
52  -6.162657 -23.540619 -1.954662  -1.570796 -0.000000 1.570796
53  -10.024240 -4.998537 -14.772615  -0.051945 0.000000 1.570796
54  -5.369620 -13.349490 -11.338174  -0.005432 0.001131 -1.538392
55  50.467983 -0.653247 4.371607  -0.000000 -0.000000 -0.000023
56  7.834941 -1.604773 4.114126  1.570796 -0.000000 1.538360
time 10
0  0 0 0  0 0 0
1  0.000000 0.000000 0.000000  1.570796 -0.000000 0.000000
2  10.842501 -18.916500 11.243284  0.641666 0.254955 1.394269
3  0.000002 13.479279 0.000001  0.497213 -0.000000 -0.000000
4  -0.000001 13.477234 -0.000000  -0.435640 -0.039819 0.154395
5  -0.267269 3.664728 -1.953295  -0.075062 -0.056357 -1.111618
6  -0.000000 1.180356 -0.000002  -0.014482 -0.034450 -1.150017
7  -0.000001 0.817135 0.000001  0.011917 -0.003038 -0.965239
8  -0.249422 3.688545 -0.940889  -0.049468 -0.026125 -0.893204
9  -0.000004 1.800633 0.000001  0.002140 0.004913 -0.970563
10  0.000001 1.243407 -0.000002  0.004747 0.004475 -0.826683
11  -0.244726 3.701097 0.087728  0.011525 -0.027234 -0.769428
12  -0.000001 1.766583 -0.000002  0.004104 -0.001403 -0.889730
13  -0.000000 1.189004 0.000003  -0.013063 -0.011941 -0.782432
14  -0.277240 3.632250 1.274100  0.056972 -0.020409 -0.608363
15  -0.000001 1.798494 -0.000002  0.027755 0.025735 -0.747759
16  0.000001 1.235452 -0.000002  -0.007650 0.003805 -0.530197
17  0.315442 0.857301 0.755941  2.142416 0.507104 1.567006
18  -0.000000 2.265939 0.000000  -0.059540 -0.029733 -0.186621
19  0.000000 1.457811 0.000002  -0.027135 0.047975 0.086665
20  -1.259681 3.818376 1.286945  0.056972 -0.020409 -0.608363
21  -1.226390 3.891695 0.090418  0.011525 -0.027234 -0.769428
22  -1.231622 3.875536 -0.958681  -0.049468 -0.026125 -0.893204
23  -1.209918 3.994783 -2.003051  -0.075062 -0.056357 -1.111618
24  0.328906 0.095430 1.403531  2.142416 0.507104 1.567006
25  -4.442491 -10.987556 30.894007  0.711306 0.097997 1.422580
26  -12.098812 -12.453417 20.198181  -1.570796 -0.000000 -1.570796
27  10.842501 -18.916500 11.243284  -0.051945 -0.000000 -1.570796
28  -10.024240 -4.998537 -14.772615  1.000839 -0.053662 -2.972626
29  -0.000001 13.479279 0.000002  0.571298 -0.000000 0.000000
30  -0.000001 13.477241 0.000002  -0.273684 0.015523 -0.070471
31  0.267268 3.664725 -1.953294  -0.239589 -0.358871 0.965176
32  0.000000 1.180355 0.000001  -0.020031 0.031549 0.982232
33  0.000001 0.817134 0.000000  0.011243 0.004984 0.797530
34  0.249421 3.688540 -0.940890  -0.234493 -0.351167 1.042859
35  -0.000001 1.800634 0.000000  0.001438 -0.005162 1.109575
36  -0.000000 1.243406 0.000002  0.004081 -0.005090 0.965694
37  0.244726 3.701094 0.087731  -0.168214 -0.329396 1.064645
38  -0.000001 1.766585 -0.000001  0.004335 0.000146 1.185317
39  0.000000 1.189005 -0.000000  -0.009018 0.015228 1.078031
40  0.277238 3.632247 1.274100  0.277570 -0.211300 0.246707
41  -0.000001 1.798493 0.000001  0.034904 -0.014638 0.397226
42  0.000000 1.235452 0.000000  -0.008435 -0.001363 0.831510
43  -0.315442 0.857299 0.755942  0.065678 2.943949 1.113689
44  0.000000 2.265939 -0.000003  -0.053381 0.039749 0.363485
45  0.000000 1.457811 0.000001  -0.052740 0.016002 1.263438
46  1.259679 3.818374 1.286944  0.277570 -0.211300 0.246707
47  1.226390 3.891693 0.090418  -0.168214 -0.329396 1.064645
48  1.231622 3.875533 -0.958681  -0.234493 -0.351167 1.042859
49  1.209918 3.994781 -2.003050  -0.239589 -0.358871 0.965176
50  -0.328907 0.095428 1.403530  0.065678 2.943949 1.113689
51  -7.491596 -11.926542 10.017161  1.298712 0.016786 -2.957007
52  -6.162657 -23.540619 -1.954662  -1.570796 -0.000000 1.570796
53  -10.024240 -4.998537 -14.772615  -0.051945 0.000000 1.570796
54  -5.369620 -13.349490 -11.338174  -0.005929 0.001369 -1.538392
55  50.467979 -0.653247 4.371606  -0.000000 -0.000000 -0.000023
56  7.834941 -1.604773 4.114125  1.570796 -0.000000 1.538360
time 11
0  0 0 0  0 0 0
1  0.000000 0.000000 0.000000  1.570796 -0.000000 0.000000
2  10.842501 -18.916500 11.243284  0.641420 0.254638 1.394141
3  0.000001 13.479277 -0.000001  0.497649 -0.000000 -0.000000
4  0.000003 13.477237 -0.000000  -0.435740 -0.040064 0.154190
5  -0.267268 3.664722 -1.953291  -0.075062 -0.056357 -1.111618
6  0.000000 1.180354 -0.000005  -0.014482 -0.034450 -1.150017
7  0.000000 0.817134 0.000001  0.011917 -0.003038 -0.965239
8  -0.249423 3.688540 -0.940885  -0.049468 -0.026125 -0.893204
9  -0.000002 1.800634 0.000002  0.002140 0.004913 -0.970562
10  0.000001 1.243406 0.000001  0.004747 0.004475 -0.826683
11  -0.244725 3.701093 0.087735  0.011525 -0.027234 -0.769428
12  -0.000001 1.766583 -0.000001  0.004104 -0.001403 -0.889730
13  0.000002 1.189004 0.000000  -0.013063 -0.011941 -0.782432
14  -0.277238 3.632245 1.274106  0.056972 -0.020409 -0.608363
15  -0.000000 1.798496 0.000003  0.027755 0.025735 -0.747760
16  0.000002 1.235451 -0.000002  -0.007650 0.003805 -0.530197
17  0.315442 0.857297 0.755947  2.142416 0.507104 1.567006
18  0.000001 2.265942 -0.000004  -0.059540 -0.029733 -0.186621
19  -0.000000 1.457809 0.000002  -0.027135 0.047975 0.086665
20  -1.259681 3.818372 1.286948  0.056972 -0.020409 -0.608363
21  -1.226390 3.891690 0.090422  0.011525 -0.027234 -0.769428
22  -1.231622 3.875532 -0.958678  -0.049468 -0.026125 -0.893204
23  -1.209918 3.994779 -2.003046  -0.075062 -0.056357 -1.111618
24  0.328906 0.095425 1.403535  2.142416 0.507104 1.567006
25  -4.442314 -10.992192 30.894091  0.711342 0.097761 1.422112
26  -12.098812 -12.453417 20.198181  -1.570796 -0.000000 -1.570796
27  10.842501 -18.916500 11.243284  -0.051945 -0.000000 -1.570796
28  -10.024240 -4.998537 -14.772615  1.000821 -0.053664 -2.972628
29  0.000000 13.479278 0.000001  0.571466 -0.000000 0.000000
30  -0.000001 13.477239 -0.000001  -0.274061 0.015038 -0.070517
31  0.267269 3.664726 -1.953294  -0.239589 -0.358871 0.965176
32  0.000001 1.180355 0.000000  -0.020031 0.031549 0.982232
33  0.000000 0.817136 0.000000  0.011243 0.004984 0.797530
34  0.249422 3.688543 -0.940889  -0.234493 -0.351167 1.042859
35  -0.000000 1.800633 -0.000001  0.001438 -0.005162 1.109575
36  -0.000001 1.243407 0.000001  0.004081 -0.005090 0.965693
37  0.244726 3.701096 0.087733  -0.168214 -0.329396 1.064645
38  0.000000 1.766584 -0.000000  0.004335 0.000146 1.185317
39  -0.000002 1.189004 -0.000002  -0.009018 0.015228 1.078031
40  0.277238 3.632248 1.274102  0.277570 -0.211300 0.246707
41  0.000001 1.798495 0.000001  0.034904 -0.014638 0.397227
42  0.000002 1.235452 -0.000001  -0.008435 -0.001363 0.831510
43  -0.315442 0.857301 0.755943  0.065678 2.943949 1.113689
44  0.000000 2.265939 0.000001  -0.053381 0.039749 0.363484
45  0.000000 1.457811 -0.000000  -0.052740 0.016002 1.263438
46  1.259680 3.818374 1.286945  0.277570 -0.211300 0.246707
47  1.226390 3.891693 0.090418  -0.168214 -0.329396 1.064645
48  1.231622 3.875535 -0.958681  -0.234493 -0.351167 1.042859
49  1.209918 3.994782 -2.003048  -0.239589 -0.358871 0.965176
50  -0.328907 0.095428 1.403532  0.065678 2.943949 1.113689
51  -7.491875 -11.924746 10.017022  1.298477 0.016829 -2.957482
52  -6.162657 -23.540619 -1.954662  -1.570796 -0.000000 1.570796
53  -10.024240 -4.998537 -14.772615  -0.051945 0.000000 1.570796
54  -5.369620 -13.349490 -11.338174  -0.006392 0.001624 -1.538392
55  50.467983 -0.653247 4.371607  -0.000000 -0.000000 -0.000023
56  7.834943 -1.604773 4.114126  1.570796 -0.000000 1.538360
time 12
0  0 0 0  0 0 0
1  0.000000 0.000000 0.000000  1.570796 -0.000000 0.000000
2  10.842501 -18.916500 11.243284  0.641162 0.254303 1.394007
3  0.000000 13.479278 -0.000000  0.498103 -0.000000 -0.000000
4  -0.000000 13.477240 0.000001  -0.435850 -0.040270 0.154002
5  -0.267268 3.664727 -1.953294  -0.075062 -0.056357 -1.111618
6  0.000000 1.180354 -0.000002  -0.014482 -0.034450 -1.150017
7  -0.000000 0.817135 -0.000000  0.011917 -0.003038 -0.965239
8  -0.249422 3.688542 -0.940890  -0.049468 -0.026125 -0.893204
9  -0.000001 1.800633 -0.000002  0.002140 0.004913 -0.970562
10  -0.000002 1.243406 0.000002  0.004747 0.004475 -0.826683
11  -0.244726 3.701097 0.087734  0.011525 -0.027234 -0.769428
12  0.000003 1.766584 0.000003  0.004104 -0.001403 -0.889730
13  -0.000001 1.189003 -0.000002  -0.013063 -0.011941 -0.782432
14  -0.277239 3.632248 1.274101  0.056972 -0.020409 -0.608363
15  0.000001 1.798495 0.000002  0.027755 0.025735 -0.747760
16  0.000002 1.235451 -0.000002  -0.007650 0.003805 -0.530197
17  0.315442 0.857302 0.755942  2.142416 0.507104 1.567006
18  -0.000000 2.265942 0.000003  -0.059540 -0.029733 -0.186621
19  -0.000001 1.457810 -0.000004  -0.027135 0.047975 0.086665
20  -1.259681 3.818375 1.286944  0.056972 -0.020409 -0.608363
21  -1.226390 3.891694 0.090419  0.011525 -0.027234 -0.769428
22  -1.231623 3.875535 -0.958681  -0.049468 -0.026125 -0.893204
23  -1.209918 3.994782 -2.003047  -0.075062 -0.056357 -1.111618
24  0.328907 0.095430 1.403532  2.142416 0.507104 1.567006
25  -4.442150 -10.997074 30.894178  0.711381 0.097509 1.421680
26  -12.098812 -12.453417 20.198181  -1.570796 -0.000000 -1.570796
27  10.842501 -18.916500 11.243284  -0.051945 -0.000000 -1.570796
28  -10.024240 -4.998537 -14.772615  1.000801 -0.053666 -2.972630
29  -0.000001 13.479277 0.000001  0.571636 -0.000000 0.000000
30  -0.000000 13.477240 -0.000000  -0.274455 0.014589 -0.070567
31  0.267269 3.664727 -1.953293  -0.239589 -0.358871 0.965176
32  0.000000 1.180355 0.000001  -0.020031 0.031549 0.982232
33  -0.000002 0.817136 0.000000  0.011243 0.004984 0.797530
34  0.249423 3.688541 -0.940889  -0.234493 -0.351167 1.042859
35  -0.000001 1.800632 -0.000000  0.001438 -0.005162 1.109575
36  -0.000000 1.243407 0.000000  0.004081 -0.005090 0.965694
37  0.244726 3.701095 0.087733  -0.168214 -0.329396 1.064645
38  -0.000001 1.766585 -0.000000  0.004335 0.000146 1.185317
39  0.000000 1.189004 -0.000000  -0.009018 0.015228 1.078031
40  0.277239 3.632248 1.274102  0.277570 -0.211300 0.246707
41  -0.000001 1.798494 0.000002  0.034904 -0.014638 0.397227
42  0.000000 1.235451 -0.000002  -0.008435 -0.001363 0.831510
43  -0.315441 0.857300 0.755944  0.065678 2.943949 1.113689
44  0.000000 2.265939 0.000001  -0.053381 0.039749 0.363484
45  0.000000 1.457812 0.000000  -0.052740 0.016002 1.263438
46  1.259681 3.818375 1.286946  0.277570 -0.211300 0.246707
47  1.226391 3.891692 0.090419  -0.168214 -0.329396 1.064645
48  1.231623 3.875535 -0.958679  -0.234493 -0.351167 1.042859
49  1.209919 3.994781 -2.003048  -0.239589 -0.358871 0.965176
50  -0.328906 0.095430 1.403532  0.065678 2.943949 1.113689
51  -7.492133 -11.922969 10.016875  1.298226 0.016875 -2.957922
52  -6.162657 -23.540619 -1.954662  -1.570796 -0.000000 1.570796
53  -10.024240 -4.998537 -14.772615  -0.051945 0.000000 1.570796
54  -5.369620 -13.349490 -11.338174  -0.006819 0.001893 -1.538392
55  50.467983 -0.653248 4.371606  -0.000000 -0.000000 -0.000023
56  7.834940 -1.604773 4.114125  1.570796 -0.000000 1.538360
time 13
0  0 0 0  0 0 0
1  0.000000 0.000000 0.000000  1.570796 -0.000000 0.000000
2  10.842501 -18.916500 11.243284  0.640894 0.253954 1.393866
3  0.000001 13.479276 -0.000000  0.498574 -0.000000 -0.000000
4  -0.000001 13.477240 0.000000  -0.435968 -0.040433 0.153831
5  -0.267268 3.664726 -1.953295  -0.075062 -0.056357 -1.111618
6  -0.000002 1.180356 0.000002  -0.014482 -0.034450 -1.150017
7  0.000000 0.817138 0.000000  0.011917 -0.003038 -0.965239
8  -0.249422 3.688540 -0.940891  -0.049468 -0.026125 -0.893204
9  -0.000005 1.800634 0.000001  0.002140 0.004913 -0.970562
10  -0.000000 1.243406 -0.000003  0.004747 0.004475 -0.826683
11  -0.244726 3.701094 0.087730  0.011525 -0.027234 -0.769428
12  0.000001 1.766584 0.000002  0.004104 -0.001403 -0.889730
13  0.000001 1.189004 -0.000001  -0.013063 -0.011941 -0.782432
14  -0.277239 3.632250 1.274102  0.056972 -0.020409 -0.608363
15  -0.000002 1.798493 0.000001  0.027755 0.025735 -0.747759
16  0.000001 1.235451 -0.000001  -0.007650 0.003805 -0.530197
17  0.315442 0.857299 0.755942  2.142416 0.507104 1.567006
18  0.000000 2.265939 -0.000001  -0.059540 -0.029733 -0.186621
19  -0.000000 1.457814 -0.000001  -0.027135 0.047975 0.086665
20  -1.259680 3.818375 1.286943  0.056972 -0.020409 -0.608363
21  -1.226390 3.891693 0.090417  0.011525 -0.027234 -0.769428
22  -1.231622 3.875536 -0.958681  -0.049468 -0.026125 -0.893204
23  -1.209919 3.994783 -2.003049  -0.075062 -0.056357 -1.111618
24  0.328906 0.095429 1.403532  2.142416 0.507104 1.567006
25  -4.442001 -11.002173 30.894266  0.711422 0.097242 1.421286
26  -12.098812 -12.453417 20.198181  -1.570796 -0.000000 -1.570796
27  10.842501 -18.916500 11.243284  -0.051945 -0.000000 -1.570796
28  -10.024240 -4.998537 -14.772615  1.000781 -0.053670 -2.972632
29  -0.000001 13.479276 0.000003  0.571804 -0.000000 0.000000
30  0.000001 13.477239 0.000000  -0.274862 0.014179 -0.070620
31  0.267270 3.664729 -1.953293  -0.239589 -0.358871 0.965176
32  -0.000001 1.180356 0.000001  -0.020031 0.031549 0.982232
33  0.000000 0.817135 0.000001  0.011243 0.004984 0.797530
34  0.249423 3.688542 -0.940888  -0.234493 -0.351167 1.042859
35  0.000000 1.800634 0.000000  0.001438 -0.005162 1.109575
36  0.000001 1.243405 0.000000  0.004081 -0.005090 0.965694
37  0.244726 3.701097 0.087734  -0.168214 -0.329396 1.064645
38  0.000000 1.766585 0.000001  0.004335 0.000146 1.185316
39  0.000001 1.189003 -0.000001  -0.009018 0.015228 1.078031
40  0.277239 3.632250 1.274102  0.277570 -0.211300 0.246707
41  0.000000 1.798495 0.000000  0.034904 -0.014638 0.397227
42  -0.000000 1.235451 0.000001  -0.008435 -0.001363 0.831510
43  -0.315441 0.857301 0.755943  0.065678 2.943949 1.113689
44  0.000000 2.265940 -0.000001  -0.053381 0.039749 0.363484
45  0.000000 1.457811 0.000001  -0.052740 0.016002 1.263438
46  1.259681 3.818375 1.286945  0.277570 -0.211300 0.246707
47  1.226391 3.891695 0.090420  -0.168214 -0.329396 1.064645
48  1.231623 3.875535 -0.958680  -0.234493 -0.351167 1.042859
49  1.209919 3.994783 -2.003047  -0.239589 -0.358871 0.965176
50  -0.328906 0.095430 1.403533  0.065678 2.943949 1.113689
51  -7.492369 -11.921227 10.016719  1.297961 0.016923 -2.958324
52  -6.162657 -23.540619 -1.954662  -1.570796 -0.000000 1.570796
53  -10.024240 -4.998537 -14.772615  -0.051945 0.000000 1.570796
54  -5.369620 -13.349490 -11.338174  -0.007208 0.002175 -1.538392
55  50.467987 -0.653247 4.371607  0.000000 -0.000000 -0.000023
56  7.834942 -1.604772 4.114126  1.570796 -0.000000 1.538360
time 14
0  0 0 0  0 0 0
1  0.000000 0.000000 0.000000  1.570796 -0.000000 0.000000
2  10.842501 -18.916500 11.243284  0.640618 0.253591 1.393720
3  -0.000000 13.479278 0.000000  0.499058 -0.000000 -0.000000
4  0.000001 13.477237 -0.000001  -0.436094 -0.040553 0.153679
5  -0.267270 3.664728 -1.953288  -0.075062 -0.056357 -1.111618
6  -0.000001 1.180356 -0.000002  -0.014482 -0.034450 -1.150017
7  0.000002 0.817136 -0.000004  0.011917 -0.003038 -0.965239
8  -0.249424 3.688542 -0.940883  -0.049468 -0.026125 -0.893204
9  0.000002 1.800633 0.000001  0.002140 0.004913 -0.970563
10  0.000002 1.243407 -0.000001  0.004747 0.004475 -0.826683
11  -0.244727 3.701097 0.087737  0.011525 -0.027234 -0.769428
12  -0.000004 1.766586 0.000003  0.004104 -0.001403 -0.889730
13  -0.000002 1.189003 -0.000001  -0.013063 -0.011941 -0.782432
14  -0.277239 3.632250 1.274107  0.056972 -0.020409 -0.608363
15  -0.000002 1.798492 -0.000001  0.027755 0.025735 -0.747759
16  0.000002 1.235451 -0.000003  -0.007650 0.003805 -0.530197
17  0.315441 0.857300 0.755948  2.142416 0.507104 1.567006
18  -0.000000 2.265941 -0.000001  -0.059540 -0.029733 -0.186621
19  0.000001 1.457812 0.000001  -0.027135 0.047975 0.086665
20  -1.259681 3.818375 1.286949  0.056972 -0.020409 -0.608363
21  -1.226392 3.891695 0.090426  0.011525 -0.027234 -0.769428
22  -1.231624 3.875535 -0.958674  -0.049468 -0.026125 -0.893204
23  -1.209919 3.994781 -2.003044  -0.075062 -0.056357 -1.111618
24  0.328905 0.095430 1.403537  2.142416 0.507104 1.567006
25  -4.441867 -11.007461 30.894360  0.711465 0.096963 1.420935
26  -12.098812 -12.453417 20.198181  -1.570796 -0.000000 -1.570796
27  10.842501 -18.916500 11.243284  -0.051945 -0.000000 -1.570796
28  -10.024240 -4.998537 -14.772615  1.000760 -0.053674 -2.972635
29  -0.000000 13.479277 0.000001  0.571969 -0.000000 0.000000
30  -0.000002 13.477240 -0.000001  -0.275279 0.013811 -0.070676
31  0.267271 3.664724 -1.953293  -0.239589 -0.358871 0.965176
32  -0.000001 1.180354 0.000000  -0.020031 0.031549 0.982232
33  -0.000001 0.817136 -0.000001  0.011243 0.004984 0.797530
34  0.249423 3.688540 -0.940889  -0.234493 -0.351167 1.042859
35  -0.000001 1.800633 -0.000001  0.001438 -0.005162 1.109575
36  -0.000002 1.243407 -0.000000  0.004081 -0.005090 0.965694
37  0.244727 3.701093 0.087734  -0.168214 -0.329396 1.064645
38  0.000000 1.766585 -0.000001  0.004335 0.000146 1.185317
39  0.000001 1.189004 0.000001  -0.009018 0.015228 1.078031
40  0.277240 3.632246 1.274102  0.277570 -0.211300 0.246707
41  0.000000 1.798493 0.000000  0.034904 -0.014638 0.397227
42  -0.000001 1.235451 -0.000000  -0.008435 -0.001363 0.831510
43  -0.315440 0.857298 0.755944  0.065678 2.943949 1.113689
44  0.000001 2.265939 -0.000002  -0.053381 0.039749 0.363485
45  -0.000000 1.457811 -0.000000  -0.052740 0.016002 1.263438
46  1.259682 3.818373 1.286946  0.277570 -0.211300 0.246707
47  1.226392 3.891692 0.090419  -0.168214 -0.329396 1.064645
48  1.231623 3.875532 -0.958680  -0.234493 -0.351167 1.042859
49  1.209921 3.994780 -2.003047  -0.239589 -0.358871 0.965176
50  -0.328905 0.095427 1.403533  0.065678 2.943949 1.113689
51  -7.492579 -11.919529 10.016557  1.297683 0.016974 -2.958685
52  -6.162657 -23.540619 -1.954662  -1.570796 -0.000000 1.570796
53  -10.024240 -4.998537 -14.772615  -0.051945 0.000000 1.570796
54  -5.369620 -13.349490 -11.338174  -0.007555 0.002469 -1.538392
55  50.467979 -0.653248 4.371608  0.000000 -0.000000 -0.000023
56  7.834939 -1.604773 4.114126  1.570796 0.000000 1.538360
time 15
0  0 0 0  0 0 0
1  0.000000 0.000000 0.000000  1.570796 -0.000000 0.000000
2  10.842501 -18.916500 11.243284  0.640336 0.253217 1.393569
3  0.000002 13.479278 0.000000  0.499550 0.000000 -0.000000
4  0.000000 13.477240 -0.000001  -0.436226 -0.040628 0.153548
5  -0.267270 3.664726 -1.953296  -0.075062 -0.056357 -1.111618
6  0.000001 1.180355 0.000002  -0.014482 -0.034450 -1.150017
7  -0.000002 0.817134 -0.000001  0.011917 -0.003038 -0.965239
8  -0.249423 3.688542 -0.940890  -0.049468 -0.026125 -0.893204
9  -0.000002 1.800633 -0.000003  0.002140 0.004913 -0.970562
10  0.000000 1.243406 -0.000001  0.004747 0.004475 -0.826683
11  -0.244725 3.701096 0.087731  0.011525 -0.027234 -0.769428
12  0.000000 1.766585 0.000002  0.004104 -0.001403 -0.889730
13  0.000000 1.189004 -0.000000  -0.013063 -0.011941 -0.782432
14  -0.277239 3.632249 1.274101  0.056972 -0.020409 -0.608363
15  -0.000003 1.798496 -0.000001  0.027755 0.025735 -0.747759
16  0.000002 1.235453 0.000006  -0.007650 0.003805 -0.530197
17  0.315442 0.857300 0.755943  2.142416 0.507104 1.567006
18  -0.000000 2.265939 -0.000003  -0.059540 -0.029733 -0.186621
19  -0.000000 1.457814 0.000003  -0.027135 0.047975 0.086665
20  -1.259681 3.818377 1.286945  0.056972 -0.020409 -0.608363
21  -1.226390 3.891694 0.090420  0.011525 -0.027234 -0.769428
22  -1.231622 3.875533 -0.958683  -0.049468 -0.026125 -0.893204
23  -1.209918 3.994783 -2.003049  -0.075062 -0.056357 -1.111618
24  0.328907 0.095428 1.403532  2.142416 0.507104 1.567006
25  -4.441751 -11.012902 30.894457  0.711510 0.096673 1.420627
26  -12.098812 -12.453417 20.198181  -1.570796 -0.000000 -1.570796
27  10.842501 -18.916500 11.243284  -0.051945 -0.000000 -1.570796
28  -10.024240 -4.998537 -14.772615  1.000739 -0.053679 -2.972638
29  -0.000001 13.479279 0.000002  0.572132 -0.000000 0.000000
30  -0.000000 13.477239 0.000000  -0.275704 0.013488 -0.070735
31  0.267269 3.664727 -1.953293  -0.239589 -0.358871 0.965176
32  -0.000001 1.180356 -0.000000  -0.020031 0.031549 0.982232
33  -0.000001 0.817135 -0.000000  0.011243 0.004984 0.797530
34  0.249423 3.688542 -0.940889  -0.234493 -0.351167 1.042859
35  0.000001 1.800633 -0.000001  0.001438 -0.005162 1.109575
36  0.000000 1.243406 0.000001  0.004081 -0.005090 0.965693
37  0.244726 3.701097 0.087733  -0.168214 -0.329396 1.064645
38  -0.000000 1.766585 -0.000000  0.004335 0.000146 1.185317
39  -0.000000 1.189004 -0.000000  -0.009018 0.015228 1.078031
40  0.277239 3.632249 1.274102  0.277570 -0.211300 0.246707
41  0.000000 1.798494 0.000002  0.034904 -0.014638 0.397227
42  -0.000001 1.235452 0.000002  -0.008435 -0.001363 0.831510
43  -0.315441 0.857301 0.755943  0.065678 2.943949 1.113689
44  -0.000001 2.265939 -0.000000  -0.053381 0.039749 0.363484
45  -0.000001 1.457811 0.000001  -0.052740 0.016002 1.263438
46  1.259681 3.818375 1.286944  0.277570 -0.211300 0.246707
47  1.226391 3.891694 0.090419  -0.168214 -0.329396 1.064645
48  1.231623 3.875535 -0.958680  -0.234493 -0.351167 1.042859
49  1.209919 3.994781 -2.003048  -0.239589 -0.358871 0.965176
50  -0.328906 0.095428 1.403532  0.065678 2.943949 1.113689
51  -7.492763 -11.917888 10.016388  1.297394 0.017027 -2.959002
52  -6.162657 -23.540619 -1.954662  -1.570796 -0.000000 1.570796
53  -10.024240 -4.998537 -14.772615  -0.051945 0.000000 1.570796
54  -5.369620 -13.349490 -11.338174  -0.007857 0.002773 -1.538392
55  50.467983 -0.653247 4.371607  -0.000000 -0.000000 -0.000023
56  7.834939 -1.604772 4.114126  1.570796 0.000000 1.538360
time 16
0  0 0 0  0 0 0
1  0.000000 0.000000 0.000000  1.570796 -0.000000 0.000000
2  10.842501 -18.916500 11.243284  0.640049 0.252835 1.393415
3  0.000001 13.479278 0.000001  0.500051 0.000000 -0.000000
4  0.000000 13.477242 0.000001  -0.436365 -0.040656 0.153439
5  -0.267269 3.664725 -1.953290  -0.075062 -0.056357 -1.111618
6  0.000000 1.180355 -0.000002  -0.014482 -0.034450 -1.150017
7  0.000000 0.817134 -0.000001  0.011917 -0.003038 -0.965239
8  -0.249422 3.688540 -0.940887  -0.049468 -0.026125 -0.893204
9  -0.000001 1.800634 0.000001  0.002140 0.004913 -0.970562
10  0.000002 1.243406 -0.000000  0.004747 0.004475 -0.826682
11  -0.244725 3.701094 0.087735  0.011525 -0.027234 -0.769428
12  -0.000002 1.766584 -0.000000  0.004104 -0.001403 -0.889729
13  0.000001 1.189005 -0.000000  -0.013063 -0.011940 -0.782432
14  -0.277238 3.632247 1.274104  0.056972 -0.020409 -0.608363
15  0.000003 1.798493 -0.000000  0.027755 0.025735 -0.747760
16  0.000004 1.235452 0.000002  -0.007650 0.003805 -0.530197
17  0.315442 0.857300 0.755945  2.142416 0.507104 1.567006
18  0.000000 2.265940 -0.000001  -0.059540 -0.029733 -0.186621
19  -0.000001 1.457808 0.000001  -0.027135 0.047975 0.086665
20  -1.259680 3.818373 1.286947  0.056972 -0.020409 -0.608363
21  -1.226390 3.891693 0.090422  0.011525 -0.027234 -0.769428
22  -1.231622 3.875533 -0.958680  -0.049468 -0.026125 -0.893204
23  -1.209918 3.994779 -2.003045  -0.075062 -0.056357 -1.111618
24  0.328906 0.095427 1.403534  2.142416 0.507104 1.567006
25  -4.441651 -11.018474 30.894554  0.711557 0.096373 1.420368
26  -12.098812 -12.453417 20.198181  -1.570796 -0.000000 -1.570796
27  10.842501 -18.916500 11.243284  -0.051945 -0.000000 -1.570796
28  -10.024240 -4.998537 -14.772615  1.000716 -0.053685 -2.972642
29  -0.000001 13.479278 0.000000  0.572290 -0.000000 0.000000
30  0.000001 13.477239 -0.000000  -0.276134 0.013214 -0.070797
31  0.267268 3.664725 -1.953292  -0.239589 -0.358871 0.965176
32  0.000000 1.180355 -0.000002  -0.020031 0.031549 0.982232
33  0.000001 0.817136 -0.000001  0.011243 0.004984 0.797530
34  0.249422 3.688541 -0.940887  -0.234493 -0.351167 1.042859
35  0.000001 1.800632 -0.000002  0.001438 -0.005162 1.109575
36  0.000000 1.243407 -0.000001  0.004081 -0.005089 0.965694
37  0.244725 3.701094 0.087733  -0.168214 -0.329396 1.064645
38  0.000000 1.766584 0.000001  0.004335 0.000146 1.185317
39  -0.000001 1.189003 0.000000  -0.009018 0.015228 1.078031
40  0.277238 3.632247 1.274104  0.277570 -0.211300 0.246707
41  -0.000000 1.798494 0.000001  0.034904 -0.014638 0.397227
42  -0.000001 1.235450 -0.000001  -0.008435 -0.001363 0.831510
43  -0.315442 0.857298 0.755945  0.065678 2.943949 1.113689
44  0.000001 2.265940 0.000001  -0.053381 0.039749 0.363484
45  -0.000001 1.457811 0.000002  -0.052740 0.016002 1.263438
46  1.259680 3.818375 1.286947  0.277570 -0.211300 0.246707
47  1.226390 3.891692 0.090420  -0.168214 -0.329396 1.064645
48  1.231622 3.875533 -0.958679  -0.234493 -0.351167 1.042859
49  1.209918 3.994780 -2.003047  -0.239589 -0.358871 0.965176
50  -0.328907 0.095428 1.403534  0.065678 2.943949 1.113689
51  -7.492917 -11.916316 10.016214  1.297095 0.017081 -2.959271
52  -6.162657 -23.540619 -1.954662  -1.570796 -0.000000 1.570796
53  -10.024240 -4.998537 -14.772615  -0.051945 0.000000 1.570796
54  -5.369620 -13.349490 -11.338174  -0.008111 0.003085 -1.538392
55  50.467976 -0.653247 4.371606  -0.000000 -0.000000 -0.000023
56  7.834941 -1.604773 4.114125  1.570796 -0.000000 1.538360
time 17
0  0 0 0  0 0 0
1  0.000000 0.000000 0.000000  1.570796 -0.000000 0.000000
2  10.842501 -18.916500 11.243284  0.639758 0.252445 1.393258
3  0.000001 13.479276 0.000000  0.500556 0.000000 -0.000000
4  -0.000000 13.477239 -0.000001  -0.436510 -0.040635 0.153352
5  -0.267268 3.664725 -1.953291  -0.075062 -0.056357 -1.111618
6  -0.000002 1.180356 -0.000000  -0.014482 -0.034450 -1.150017
7  0.000000 0.817137 -0.000001  0.011917 -0.003038 -0.965239
8  -0.249422 3.688541 -0.940887  -0.049468 -0.026125 -0.893204
9  -0.000001 1.800633 -0.000000  0.002140 0.004913 -0.970563
10  0.000001 1.243406 0.000001  0.004747 0.004475 -0.826683
11  -0.244726 3.701094 0.087733  0.011525 -0.027234 -0.769428
12  0.000003 1.766585 0.000002  0.004104 -0.001403 -0.889730
13  -0.000001 1.189003 -0.000002  -0.013063 -0.011941 -0.782432
14  -0.277239 3.632246 1.274101  0.056972 -0.020409 -0.608363
15  -0.000000 1.798496 0.000000  0.027755 0.025735 -0.747759
16  -0.000001 1.235452 0.000003  -0.007650 0.003805 -0.530197
17  0.315442 0.857296 0.755943  2.142416 0.507104 1.567006
18  0.000001 2.265941 0.000001  -0.059540 -0.029733 -0.186621
19  0.000000 1.457813 -0.000001  -0.027135 0.047975 0.086665
20  -1.259680 3.818373 1.286943  0.056972 -0.020409 -0.608363
21  -1.226391 3.891694 0.090422  0.011525 -0.027234 -0.769428
22  -1.231623 3.875534 -0.958678  -0.049468 -0.026125 -0.893204
23  -1.209918 3.994779 -2.003048  -0.075062 -0.056357 -1.111618
24  0.328906 0.095428 1.403533  2.142416 0.507104 1.567006
25  -4.441571 -11.024141 30.894653  0.711604 0.096064 1.420160
26  -12.098812 -12.453417 20.198181  -1.570796 -0.000000 -1.570796
27  10.842501 -18.916500 11.243284  -0.051945 -0.000000 -1.570796
28  -10.024240 -4.998537 -14.772615  1.000694 -0.053692 -2.972647
29  -0.000001 13.479279 0.000003  0.572443 -0.000000 0.000000
30  -0.000002 13.477239 -0.000000  -0.276568 0.012991 -0.070861
31  0.267269 3.664727 -1.953293  -0.239589 -0.358871 0.965176
32  0.000001 1.180356 -0.000001  -0.020031 0.031549 0.982232
33  0.000001 0.817136 0.000002  0.011243 0.004984 0.797530
34  0.249422 3.688541 -0.940889  -0.234493 -0.351167 1.042859
35  -0.000001 1.800633 -0.000001  0.001438 -0.005162 1.109575
36  0.000000 1.243405 -0.000001  0.004081 -0.005090 0.965694
37  0.244725 3.701096 0.087733  -0.168214 -0.329396 1.064645
38  -0.000000 1.766585 0.000000  0.004335 0.000146 1.185317
39  -0.000000 1.189004 -0.000000  -0.009018 0.015228 1.078031
40  0.277238 3.632248 1.274102  0.277570 -0.211300 0.246707
41  -0.000000 1.798494 0.000000  0.034904 -0.014638 0.397227
42  0.000001 1.235451 0.000001  -0.008435 -0.001363 0.831510
43  -0.315442 0.857300 0.755943  0.065678 2.943949 1.113689
44  -0.000001 2.265939 -0.000000  -0.053381 0.039749 0.363484
45  -0.000001 1.457810 -0.000001  -0.052740 0.016002 1.263438
46  1.259680 3.818375 1.286945  0.277570 -0.211300 0.246707
47  1.226389 3.891693 0.090419  -0.168214 -0.329396 1.064645
48  1.231622 3.875535 -0.958681  -0.234493 -0.351167 1.042859
49  1.209919 3.994782 -2.003049  -0.239589 -0.358871 0.965176
50  -0.328907 0.095429 1.403532  0.065678 2.943949 1.113689
51  -7.493043 -11.914825 10.016035  1.296788 0.017137 -2.959489
52  -6.162657 -23.540619 -1.954662  -1.570796 -0.000000 1.570796
53  -10.024240 -4.998537 -14.772615  -0.051945 0.000000 1.570796
54  -5.369620 -13.349490 -11.338174  -0.008313 0.003403 -1.538391
55  50.467983 -0.653248 4.371607  0.000000 -0.000000 -0.000023
56  7.834941 -1.604772 4.114126  1.570796 0.000000 1.538360
time 18
0  0 0 0  0 0 0
1  0.000000 0.000000 0.000000  1.570796 -0.000000 0.000000
2  10.842501 -18.916500 11.243284  0.639465 0.252050 1.393099
3  -0.000001 13.479279 -0.000000  0.501063 -0.000000 -0.000000
4  0.000001 13.477241 -0.000000  -0.436660 -0.040565 0.153290
5  -0.267268 3.664728 -1.953291  -0.075062 -0.056357 -1.111618
6  -0.000001 1.180355 0.000000  -0.014482 -0.034450 -1.150017
7  0.000003 0.817138 0.000002  0.011917 -0.003038 -0.965239
8  -0.249421 3.688542 -0.940888  -0.049468 -0.026125 -0.893204
9  -0.000002 1.800633 -0.000001  0.002140 0.004913 -0.970562
10  0.000000 1.243406 -0.000001  0.004747 0.004475 -0.826682
11  -0.244725 3.701094 0.087733  0.011525 -0.027234 -0.769428
12  0.000000 1.766585 0.000001  0.004104 -0.001403 -0.889729
13  -0.000002 1.189004 -0.000000  -0.013063 -0.011940 -0.782432
14  -0.277238 3.632247 1.274102  0.056972 -0.020409 -0.608363
15  0.000000 1.798495 0.000001  0.027755 0.025735 -0.747759
16  0.000001 1.235451 0.000004  -0.007650 0.003805 -0.530197
17  0.315443 0.857298 0.755944  2.142416 0.507104 1.567006
18  -0.000000 2.265939 0.000002  -0.059540 -0.029733 -0.186621
19  0.000000 1.457814 0.000002  -0.027135 0.047975 0.086665
20  -1.259679 3.818373 1.286945  0.056972 -0.020409 -0.608363
21  -1.226389 3.891694 0.090420  0.011525 -0.027234 -0.769428
22  -1.231620 3.875533 -0.958682  -0.049468 -0.026125 -0.893204
23  -1.209918 3.994780 -2.003049  -0.075062 -0.056357 -1.111618
24  0.328908 0.095429 1.403534  2.142416 0.507104 1.567006
25  -4.441513 -11.029878 30.894749  0.711653 0.095750 1.420005
26  -12.098812 -12.453417 20.198181  -1.570796 -0.000000 -1.570796
27  10.842501 -18.916500 11.243284  -0.051945 -0.000000 -1.570796
28  -10.024240 -4.998537 -14.772615  1.000670 -0.053700 -2.972652
29  -0.000001 13.479277 0.000002  0.572590 -0.000000 0.000000
30  0.000001 13.477239 -0.000001  -0.277003 0.012823 -0.070927
31  0.267268 3.664726 -1.953292  -0.239589 -0.358871 0.965176
32  -0.000000 1.180354 -0.000001  -0.020031 0.031549 0.982232
33  0.000001 0.817135 0.000000  0.011243 0.004984 0.797530
34  0.249422 3.688540 -0.940888  -0.234493 -0.351167 1.042859
35  -0.000001 1.800633 0.000000  0.001438 -0.005162 1.109575
36  0.000001 1.243406 0.000000  0.004081 -0.005090 0.965694
37  0.244725 3.701095 0.087734  -0.168214 -0.329396 1.064645
38  0.000001 1.766585 0.000001  0.004335 0.000146 1.185317
39  -0.000002 1.189003 -0.000000  -0.009018 0.015228 1.078031
40  0.277238 3.632248 1.274102  0.277570 -0.211300 0.246707
41  0.000001 1.798493 -0.000001  0.034904 -0.014638 0.397227
42  0.000001 1.235451 -0.000000  -0.008435 -0.001363 0.831510
43  -0.315442 0.857300 0.755945  0.065678 2.943949 1.113689
44  0.000001 2.265939 -0.000000  -0.053381 0.039749 0.363484
45  -0.000002 1.457811 0.000000  -0.052740 0.016002 1.263438
46  1.259680 3.818375 1.286947  0.277570 -0.211300 0.246707
47  1.226390 3.891692 0.090420  -0.168214 -0.329396 1.064645
48  1.231622 3.875534 -0.958680  -0.234493 -0.351167 1.042859
49  1.209918 3.994781 -2.003047  -0.239589 -0.358871 0.965176
50  -0.328907 0.095428 1.403533  0.065678 2.943949 1.113689
51  -7.493137 -11.913426 10.015853  1.296475 0.017194 -2.959653
52  -6.162657 -23.540619 -1.954662  -1.570796 -0.000000 1.570796
53  -10.024240 -4.998537 -14.772615  -0.051945 0.000000 1.570796
54  -5.369620 -13.349490 -11.338174  -0.008462 0.003727 -1.538391
55  50.467979 -0.653247 4.371606  0.000000 -0.000000 -0.000023
56  7.834941 -1.604772 4.114125  1.570796 -0.000000 1.538360
time 19
0  0 0 0  0 0 0
1  0.000000 0.000000 0.000000  1.570796 -0.000000 0.000000
2  10.842501 -18.916500 11.243284  0.639173 0.251653 1.392939
3  0.000001 13.479277 0.000001  0.501567 0.000000 -0.000000
4  -0.000001 13.477240 -0.000001  -0.436815 -0.040443 0.153254
5  -0.267269 3.664725 -1.953290  -0.075062 -0.056357 -1.111618
6  -0.000002 1.180355 -0.000000  -0.014482 -0.034450 -1.150017
7  -0.000002 0.817133 -0.000003  0.011917 -0.003038 -0.965239
8  -0.249423 3.688541 -0.940887  -0.049468 -0.026125 -0.893204
9  0.000001 1.800634 0.000000  0.002140 0.004913 -0.970563
10  -0.000000 1.243406 -0.000001  0.004747 0.004475 -0.826683
11  -0.244726 3.701092 0.087735  0.011525 -0.027234 -0.769428
12  0.000001 1.766582 -0.000004  0.004104 -0.001403 -0.889729
13  -0.000003 1.189003 -0.000003  -0.013063 -0.011941 -0.782432
14  -0.277239 3.632247 1.274105  0.056972 -0.020409 -0.608363
15  0.000000 1.798494 -0.000002  0.027755 0.025735 -0.747759
16  0.000000 1.235451 0.000005  -0.007650 0.003805 -0.530197
17  0.315442 0.857298 0.755946  2.142416 0.507104 1.567006
18  -0.000001 2.265939 0.000004  -0.059540 -0.029733 -0.186621
19  -0.000000 1.457814 -0.000001  -0.027135 0.047975 0.086665
20  -1.259681 3.818374 1.286948  0.056972 -0.020409 -0.608363
21  -1.226390 3.891693 0.090421  0.011525 -0.027234 -0.769428
22  -1.231623 3.875535 -0.958677  -0.049468 -0.026125 -0.893204
23  -1.209919 3.994780 -2.003047  -0.075062 -0.056357 -1.111618
24  0.328906 0.095428 1.403533  2.142416 0.507104 1.567006
25  -4.441474 -11.035649 30.894850  0.711702 0.095430 1.419908
26  -12.098812 -12.453417 20.198181  -1.570796 -0.000000 -1.570796
27  10.842501 -18.916500 11.243284  -0.051945 -0.000000 -1.570796
28  -10.024240 -4.998537 -14.772615  1.000647 -0.053708 -2.972658
29  -0.000001 13.479278 0.000002  0.572728 -0.000000 0.000000
30  0.000000 13.477238 -0.000001  -0.277435 0.012713 -0.070995
31  0.267270 3.664728 -1.953295  -0.239589 -0.358871 0.965176
32  -0.000001 1.180356 0.000000  -0.020031 0.031549 0.982232
33  0.000001 0.817135 -0.000000  0.011243 0.004984 0.797530
34  0.249422 3.688542 -0.940891  -0.234493 -0.351167 1.042859
35  0.000001 1.800633 0.000001  0.001438 -0.005162 1.109575
36  0.000002 1.243406 0.000001  0.004081 -0.005090 0.965694
37  0.244727 3.701096 0.087731  -0.168214 -0.329396 1.064645
38  0.000001 1.766584 0.000000  0.004335 0.000146 1.185317
39  0.000001 1.189003 0.000002  -0.009018 0.015228 1.078031
40  0.277239 3.632249 1.274101  0.277570 -0.211300 0.246707
41  -0.000001 1.798494 0.000002  0.034904 -0.014638 0.397227
42  0.000001 1.235450 0.000000  -0.008435 -0.001363 0.831510
43  -0.315441 0.857301 0.755942  0.065678 2.943949 1.113689
44  -0.000001 2.265940 0.000001  -0.053381 0.039749 0.363484
45  -0.000002 1.457811 0.000001  -0.052740 0.016002 1.263438
46  1.259681 3.818376 1.286944  0.277570 -0.211300 0.246707
47  1.226390 3.891694 0.090417  -0.168214 -0.329396 1.064645
48  1.231622 3.875536 -0.958682  -0.234493 -0.351167 1.042859
49  1.209918 3.994783 -2.003048  -0.239589 -0.358871 0.965176
50  -0.328906 0.095430 1.403531  0.065678 2.943949 1.113689
51  -7.493196 -11.912130 10.015668  1.296156 0.017252 -2.959761
52  -6.162657 -23.540619 -1.954662  -1.570796 -0.000000 1.570796
53  -10.024240 -4.998537 -14.772615  -0.051945 0.000000 1.570796
54  -5.369620 -13.349490 -11.338174  -0.008553 0.004054 -1.538391
55  50.467983 -0.653248 4.371607  0.000000 -0.000000 -0.000023
56  7.834942 -1.604773 4.114126  1.570796 -0.000000 1.538360
time 20
0  0 0 0  0 0 0
1  0.000000 0.000000 0.000000  1.570796 -0.000000 0.000000
2  10.842501 -18.916500 11.243284  0.638882 0.251254 1.392779
3  0.000002 13.479276 -0.000001  0.502068 0.000000 -0.000000
4  0.000002 13.477235 -0.000000  -0.436973 -0.040267 0.153245
5  -0.267271 3.664728 -1.953297  -0.075062 -0.056357 -1.111618
6  0.000002 1.180355 -0.000001  -0.014482 -0.034450 -1.150017
7  -0.000001 0.817135 0.000004  0.011917 -0.003038 -0.965239
8  -0.249425 3.688544 -0.940892  -0.049468 -0.026125 -0.893204
9  -0.000003 1.800633 0.000002  0.002140 0.004913 -0.970563
10  0.000001 1.243406 0.000000  0.004747 0.004475 -0.826683
11  -0.244727 3.701098 0.087730  0.011525 -0.027234 -0.769428
12  0.000003 1.766582 -0.000002  0.004104 -0.001403 -0.889730
13  0.000002 1.189004 -0.000002  -0.013063 -0.011941 -0.782432
14  -0.277241 3.632250 1.274099  0.056972 -0.020409 -0.608363
15  0.000000 1.798493 -0.000000  0.027755 0.025735 -0.747759
16  0.000000 1.235451 -0.000000  -0.007650 0.003805 -0.530197
17  0.315440 0.857301 0.755940  2.142416 0.507104 1.567006
18  -0.000001 2.265937 0.000000  -0.059540 -0.029733 -0.186621
19  0.000000 1.457812 -0.000004  -0.027135 0.047975 0.086665
20  -1.259682 3.818377 1.286942  0.056972 -0.020409 -0.608363
21  -1.226392 3.891694 0.090416  0.011525 -0.027234 -0.769428
22  -1.231624 3.875537 -0.958682  -0.049468 -0.026125 -0.893204
23  -1.209919 3.994784 -2.003053  -0.075062 -0.056357 -1.111618
24  0.328904 0.095429 1.403529  2.142416 0.507104 1.567006
25  -4.441459 -11.041429 30.894949  0.711752 0.095106 1.419871
26  -12.098812 -12.453417 20.198181  -1.570796 -0.000000 -1.570796
27  10.842501 -18.916500 11.243284  -0.051945 -0.000000 -1.570796
28  -10.024240 -4.998537 -14.772615  1.000624 -0.053717 -2.972664
29  -0.000000 13.479279 0.000002  0.572858 -0.000000 0.000000
30  0.000000 13.477239 -0.000000  -0.277864 0.012664 -0.071064
31  0.267270 3.664728 -1.953293  -0.239589 -0.358871 0.965176
32  0.000000 1.180355 0.000000  -0.020031 0.031549 0.982232
33  0.000003 0.817135 0.000000  0.011243 0.004984 0.797530
34  0.249423 3.688543 -0.940889  -0.234493 -0.351167 1.042859
35  -0.000001 1.800633 0.000000  0.001438 -0.005162 1.109575
36  -0.000000 1.243405 0.000000  0.004081 -0.005090 0.965694
37  0.244727 3.701097 0.087733  -0.168214 -0.329396 1.064645
38  -0.000001 1.766585 -0.000002  0.004335 0.000146 1.185317
39  0.000000 1.189005 0.000001  -0.009018 0.015228 1.078031
40  0.277240 3.632249 1.274101  0.277570 -0.211300 0.246707
41  -0.000001 1.798494 0.000001  0.034904 -0.014638 0.397227
42  -0.000001 1.235451 0.000001  -0.008435 -0.001363 0.831510
43  -0.315441 0.857301 0.755943  0.065678 2.943949 1.113689
44  0.000000 2.265939 -0.000000  -0.053381 0.039749 0.363485
45  -0.000001 1.457810 -0.000000  -0.052740 0.016002 1.263438
46  1.259682 3.818375 1.286946  0.277570 -0.211300 0.246707
47  1.226391 3.891694 0.090418  -0.168214 -0.329396 1.064645
48  1.231624 3.875536 -0.958681  -0.234493 -0.351167 1.042859
49  1.209919 3.994784 -2.003048  -0.239589 -0.358871 0.965176
50  -0.328905 0.095430 1.403532  0.065678 2.943949 1.113689
51  -7.493221 -11.910951 10.015482  1.295835 0.017311 -2.959808
52  -6.162657 -23.540619 -1.954662  -1.570796 -0.000000 1.570796
53  -10.024240 -4.998537 -14.772615  -0.051945 0.000000 1.570796
54  -5.369620 -13.349490 -11.338174  -0.008585 0.004382 -1.538391
55  50.467979 -0.653247 4.371607  -0.000000 -0.000000 -0.000023
56  7.834940 -1.604773 4.114126  1.570796 0.000000 1.538360
time 21
0  0 0 0  0 0 0
1  0.000000 0.000000 0.000000  1.570796 -0.000000 0.000000
2  10.842501 -18.916500 11.243284  0.638593 0.250857 1.392619
3  0.000003 13.479279 0.000001  0.502563 0.000000 -0.000000
4  0.000000 13.477241 -0.000000  -0.437135 -0.040036 0.153265
5  -0.267269 3.664728 -1.953292  -0.075062 -0.056357 -1.111618
6  0.000000 1.180355 -0.000002  -0.014482 -0.034450 -1.150017
7  -0.000000 0.817135 0.000003  0.011917 -0.003038 -0.965239
8  -0.249422 3.688541 -0.940888  -0.049468 -0.026125 -0.893204
9  0.000002 1.800632 0.000002  0.002140 0.004913 -0.970563
10  0.000000 1.243406 0.000001  0.004747 0.004475 -0.826683
11  -0.244726 3.701096 0.087732  0.011525 -0.027234 -0.769428
12  0.000001 1.766584 0.000001  0.004104 -0.001403 -0.889730
13  -0.000002 1.189003 -0.000002  -0.013063 -0.011941 -0.782432
14  -0.277238 3.632249 1.274103  0.056972 -0.020409 -0.608363
15  0.000001 1.798497 -0.000003  0.027755 0.025735 -0.747759
16  0.000004 1.235451 -0.000003  -0.007650 0.003805 -0.530197
17  0.315441 0.857300 0.755945  2.142416 0.507104 1.567006
18  -0.000001 2.265938 0.000001  -0.059540 -0.029733 -0.186621
19  0.000000 1.457809 -0.000000  -0.027135 0.047975 0.086665
20  -1.259681 3.818376 1.286946  0.056972 -0.020409 -0.608363
21  -1.226390 3.891695 0.090421  0.011525 -0.027234 -0.769428
22  -1.231622 3.875534 -0.958678  -0.049468 -0.026125 -0.893204
23  -1.209918 3.994782 -2.003048  -0.075062 -0.056357 -1.111618
24  0.328906 0.095428 1.403533  2.142416 0.507104 1.567006
25  -4.441467 -11.047185 30.895044  0.711801 0.094781 1.419898
26  -12.098812 -12.453417 20.198181  -1.570796 -0.000000 -1.570796
27  10.842501 -18.916500 11.243284  -0.051945 -0.000000 -1.570796
28  -10.024240 -4.998537 -14.772615  1.000600 -0.053727 -2.972671
29  -0.000000 13.479279 0.000000  0.572980 -0.000000 0.000000
30  -0.000001 13.477239 -0.000000  -0.278286 0.012680 -0.071135
31  0.267269 3.664726 -1.953292  -0.239589 -0.358871 0.965176
32  -0.000001 1.180355 -0.000001  -0.020031 0.031549 0.982232
33  0.000002 0.817134 -0.000001  0.011243 0.004984 0.797531
34  0.249422 3.688540 -0.940888  -0.234493 -0.351167 1.042859
35  -0.000001 1.800633 0.000001  0.001438 -0.005162 1.109575
36  0.000000 1.243405 0.000001  0.004081 -0.005090 0.965694
37  0.244726 3.701094 0.087733  -0.168214 -0.329396 1.064645
38  -0.000000 1.766585 0.000000  0.004335 0.000146 1.185317
39  -0.000002 1.189003 0.000000  -0.009018 0.015228 1.078031
40  0.277239 3.632246 1.274102  0.277570 -0.211300 0.246707
41  0.000000 1.798494 -0.000001  0.034904 -0.014638 0.397227
42  0.000001 1.235452 -0.000001  -0.008435 -0.001363 0.831510
43  -0.315442 0.857299 0.755944  0.065678 2.943949 1.113689
44  0.000000 2.265939 0.000001  -0.053381 0.039749 0.363484
45  0.000000 1.457812 -0.000001  -0.052740 0.016002 1.263438
46  1.259680 3.818374 1.286947  0.277570 -0.211300 0.246707
47  1.226389 3.891691 0.090420  -0.168214 -0.329396 1.064645
48  1.231623 3.875534 -0.958680  -0.234493 -0.351167 1.042859
49  1.209918 3.994781 -2.003047  -0.239589 -0.358871 0.965176
50  -0.328907 0.095427 1.403533  0.065678 2.943949 1.113689
51  -7.493208 -11.909901 10.015292  1.295511 0.017370 -2.959791
52  -6.162657 -23.540619 -1.954662  -1.570796 -0.000000 1.570796
53  -10.024240 -4.998537 -14.772615  -0.051945 0.000000 1.570796
54  -5.369620 -13.349490 -11.338174  -0.008551 0.004710 -1.538391
55  50.467983 -0.653247 4.371606  0.000000 -0.000000 -0.000023
56  7.834940 -1.604773 4.114125  1.570796 -0.000000 1.538360
time 22
0  0 0 0  0 0 0
1  0.000000 0.000000 0.000000  1.570796 -0.000000 0.000000
2  10.842501 -18.916500 11.243284  0.638309 0.250463 1.392461
3  0.000001 13.479279 0.000000  0.503048 0.000000 -0.000000
4  -0.000000 13.477238 0.000000  -0.437298 -0.039750 0.153313
5  -0.267268 3.664727 -1.953293  -0.075062 -0.056357 -1.111618
6  0.000001 1.180355 -0.000002  -0.014482 -0.034450 -1.150017
7  -0.000000 0.817135 -0.000000  0.011917 -0.003038 -0.965239
8  -0.249422 3.688542 -0.940889  -0.049468 -0.026125 -0.893204
9  0.000000 1.800634 0.000004  0.002140 0.004913 -0.970563
10  -0.000001 1.243405 -0.000000  0.004747 0.004475 -0.826683
11  -0.244726 3.701098 0.087735  0.011525 -0.027234 -0.769428
12  -0.000001 1.766586 -0.000000  0.004104 -0.001403 -0.889730
13  -0.000004 1.189004 0.000000  -0.013063 -0.011940 -0.782432
14  -0.277239 3.632249 1.274104  0.056972 -0.020409 -0.608363
15  0.000001 1.798495 -0.000000  0.027755 0.025735 -0.747759
16  0.000000 1.235453 0.000000  -0.007650 0.003805 -0.530197
17  0.315441 0.857302 0.755944  2.142416 0.507104 1.567006
18  0.000000 2.265942 0.000000  -0.059540 -0.029733 -0.186621
19  0.000000 1.457809 -0.000001  -0.027135 0.047975 0.086665
20  -1.259680 3.818377 1.286947  0.056972 -0.020409 -0.608363
21  -1.226390 3.891694 0.090420  0.011525 -0.027234 -0.769428
22  -1.231623 3.875536 -0.958681  -0.049468 -0.026125 -0.893204
23  -1.209919 3.994783 -2.003046  -0.075062 -0.056357 -1.111618
24  0.328907 0.095429 1.403532  2.142416 0.507104 1.567006
25  -4.441499 -11.052890 30.895140  0.711851 0.094455 1.419990
26  -12.098812 -12.453417 20.198181  -1.570796 -0.000000 -1.570796
27  10.842501 -18.916500 11.243284  -0.051945 -0.000000 -1.570796
28  -10.024240 -4.998537 -14.772615  1.000577 -0.053738 -2.972678
29  -0.000002 13.479275 -0.000001  0.573090 -0.000000 0.000000
30  0.000000 13.477240 -0.000000  -0.278699 0.012762 -0.071207
31  0.267270 3.664726 -1.953293  -0.239589 -0.358871 0.965176
32  -0.000002 1.180357 0.000000  -0.020031 0.031549 0.982232
33  -0.000000 0.817136 0.000001  0.011243 0.004984 0.797530
34  0.249422 3.688542 -0.940889  -0.234493 -0.351167 1.042859
35  0.000001 1.800634 0.000001  0.001438 -0.005162 1.109575
36  0.000001 1.243405 -0.000000  0.004081 -0.005090 0.965694
37  0.244727 3.701096 0.087733  -0.168214 -0.329396 1.064645
38  0.000001 1.766584 -0.000000  0.004335 0.000146 1.185317
39  0.000000 1.189002 0.000001  -0.009018 0.015228 1.078031
40  0.277240 3.632249 1.274101  0.277570 -0.211300 0.246707
41  -0.000001 1.798493 0.000001  0.034904 -0.014638 0.397227
42  -0.000002 1.235451 0.000000  -0.008435 -0.001363 0.831510
43  -0.315441 0.857301 0.755943  0.065678 2.943949 1.113689
44  0.000001 2.265940 -0.000000  -0.053381 0.039749 0.363484
45  -0.000000 1.457812 0.000001  -0.052740 0.016002 1.263438
46  1.259681 3.818374 1.286946  0.277570 -0.211300 0.246707
47  1.226391 3.891695 0.090419  -0.168214 -0.329396 1.064645
48  1.231624 3.875535 -0.958681  -0.234493 -0.351167 1.042859
49  1.209920 3.994782 -2.003049  -0.239589 -0.358871 0.965176
50  -0.328906 0.095430 1.403532  0.065678 2.943949 1.113689
51  -7.493156 -11.908985 10.015102  1.295186 0.017430 -2.959710
52  -6.162657 -23.540619 -1.954662  -1.570796 -0.000000 1.570796
53  -10.024240 -4.998537 -14.772615  -0.051945 0.000000 1.570796
54  -5.369620 -13.349490 -11.338174  -0.008454 0.005037 -1.538391
55  50.467979 -0.653247 4.371606  -0.000000 -0.000000 -0.000023
56  7.834941 -1.604773 4.114125  1.570796 0.000000 1.538360
time 23
0  0 0 0  0 0 0
1  0.000000 0.000000 0.000000  1.570796 -0.000000 0.000000
2  10.842501 -18.916500 11.243284  0.638031 0.250074 1.392304
3  0.000002 13.479278 0.000000  0.503522 0.000000 -0.000000
4  -0.000003 13.477240 -0.000000  -0.437464 -0.039413 0.153388
5  -0.267271 3.664727 -1.953293  -0.075062 -0.056357 -1.111618
6  0.000001 1.180356 -0.000001  -0.014482 -0.034450 -1.150017
7  0.000000 0.817137 0.000000  0.011917 -0.003038 -0.965239
8  -0.249424 3.688540 -0.940890  -0.049468 -0.026125 -0.893204
9  0.000001 1.800632 0.000001  0.002140 0.004913 -0.970562
10  0.000003 1.243406 -0.000004  0.004747 0.004475 -0.826683
11  -0.244728 3.701096 0.087733  0.011525 -0.027234 -0.769428
12  0.000000 1.766583 -0.000005  0.004104 -0.001403 -0.889730
13  0.000000 1.189002 0.000001  -0.013063 -0.011940 -0.782432
14  -0.277241 3.632250 1.274104  0.056972 -0.020409 -0.608363
15  -0.000001 1.798493 0.000002  0.027755 0.025735 -0.747759
16  -0.000003 1.235451 0.000002  -0.007650 0.003805 -0.530197
17  0.315440 0.857301 0.755945  2.142416 0.507104 1.567006
18  -0.000000 2.265941 0.000003  -0.059540 -0.029733 -0.186621
19  0.000000 1.457812 0.000001  -0.027135 0.047975 0.086665
20  -1.259683 3.818377 1.286948  0.056972 -0.020409 -0.608363
21  -1.226392 3.891693 0.090419  0.011525 -0.027234 -0.769428
22  -1.231624 3.875535 -0.958679  -0.049468 -0.026125 -0.893204
23  -1.209920 3.994783 -2.003045  -0.075062 -0.056357 -1.111618
24  0.328905 0.095429 1.403532  2.142416 0.507104 1.567006
25  -4.441555 -11.058516 30.895235  0.711900 0.094130 1.420141
26  -12.098812 -12.453417 20.198181  -1.570796 -0.000000 -1.570796
27  10.842501 -18.916500 11.243284  -0.051945 -0.000000 -1.570796
28  -10.024240 -4.998537 -14.772615  1.000553 -0.053750 -2.972686
29  -0.000001 13.479278 0.000003  0.573190 -0.000000 0.000000
30  0.000000 13.477240 0.000000  -0.279102 0.012906 -0.071280
31  0.267270 3.664728 -1.953292  -0.239589 -0.358871 0.965176
32  -0.000000 1.180355 0.000000  -0.020031 0.031549 0.982232
33  -0.000001 0.817136 0.000002  0.011243 0.004984 0.797530
34  0.249423 3.688543 -0.940889  -0.234493 -0.351167 1.042859
35  0.000000 1.800633 0.000000  0.001438 -0.005162 1.109575
36  0.000000 1.243406 0.000002  0.004081 -0.005090 0.965694
37  0.244727 3.701098 0.087732  -0.168214 -0.329396 1.064645
38  0.000001 1.766585 -0.000001  0.004335 0.000146 1.185317
39  -0.000002 1.189004 -0.000001  -0.009018 0.015228 1.078031
40  0.277240 3.632250 1.274101  0.277570 -0.211300 0.246707
41  0.000001 1.798495 0.000002  0.034904 -0.014638 0.397227
42  0.000001 1.235451 0.000001  -0.008435 -0.001363 0.831510
43  -0.315441 0.857302 0.755943  0.065678 2.943949 1.113689
44  -0.000000 2.265939 -0.000001  -0.053381 0.039749 0.363484
45  -0.000001 1.457812 -0.000000  -0.052740 0.016002 1.263438
46  1.259681 3.818377 1.286946  0.277570 -0.211300 0.246707
47  1.226391 3.891695 0.090418  -0.168214 -0.329396 1.064645
48  1.231624 3.875535 -0.958681  -0.234493 -0.351167 1.042859
49  1.209920 3.994783 -2.003049  -0.239589 -0.358871 0.965176
50  -0.328906 0.095430 1.403532  0.065678 2.943949 1.113689
51  -7.493070 -11.908203 10.014915  1.294864 0.017491 -2.959569
52  -6.162657 -23.540619 -1.954662  -1.570796 -0.000000 1.570796
53  -10.024240 -4.998537 -14.772615  -0.051945 0.000000 1.570796
54  -5.369620 -13.349490 -11.338174  -0.008296 0.005361 -1.538391
55  50.467983 -0.653247 4.371606  0.000000 -0.000000 -0.000023
56  7.834941 -1.604773 4.114125  1.570796 -0.000000 1.538360
time 24
0  0 0 0  0 0 0
1  0.000000 0.000000 0.000000  1.570796 -0.000000 0.000000
2  10.842501 -18.916500 11.243284  0.637759 0.249693 1.392151
3  0.000000 13.479278 -0.000000  0.503982 -0.000000 -0.000000
4  -0.000002 13.477242 -0.000000  -0.437630 -0.039029 0.153489
5  -0.267269 3.664726 -1.953292  -0.075062 -0.056357 -1.111618
6  0.000000 1.180356 0.000001  -0.014482 -0.034450 -1.150017
7  -0.000001 0.817133 0.000004  0.011917 -0.003038 -0.965239
8  -0.249422 3.688544 -0.940887  -0.049468 -0.026125 -0.893204
9  0.000001 1.800632 0.000002  0.002140 0.004913 -0.970563
10  -0.000002 1.243404 0.000004  0.004747 0.004475 -0.826683
11  -0.244726 3.701098 0.087735  0.011525 -0.027234 -0.769428
12  0.000000 1.766585 -0.000002  0.004104 -0.001403 -0.889730
13  0.000000 1.189003 0.000004  -0.013063 -0.011941 -0.782432
14  -0.277238 3.632250 1.274103  0.056972 -0.020409 -0.608363
15  0.000001 1.798495 -0.000003  0.027755 0.025735 -0.747759
16  0.000001 1.235452 -0.000000  -0.007650 0.003805 -0.530197
17  0.315441 0.857300 0.755945  2.142416 0.507104 1.567006
18  0.000000 2.265938 -0.000002  -0.059540 -0.029733 -0.186621
19  0.000001 1.457809 0.000002  -0.027135 0.047975 0.086665
20  -1.259681 3.818376 1.286948  0.056972 -0.020409 -0.608363
21  -1.226390 3.891695 0.090421  0.011525 -0.027234 -0.769428
22  -1.231623 3.875536 -0.958679  -0.049468 -0.026125 -0.893204
23  -1.209918 3.994782 -2.003050  -0.075062 -0.056357 -1.111618
24  0.328907 0.095429 1.403534  2.142416 0.507104 1.567006
25  -4.441631 -11.064033 30.895323  0.711948 0.093808 1.420351
26  -12.098812 -12.453417 20.198181  -1.570796 -0.000000 -1.570796
27  10.842501 -18.916500 11.243284  -0.051945 -0.000000 -1.570796
28  -10.024240 -4.998537 -14.772615  1.000530 -0.053762 -2.972694
29  -0.000001 13.479279 0.000000  0.573280 -0.000000 0.000000
30  -0.000000 13.477239 0.000001  -0.279492 0.013108 -0.071354
31  0.267269 3.664727 -1.953292  -0.239589 -0.358871 0.965176
32  0.000001 1.180356 -0.000000  -0.020031 0.031549 0.982232
33  -0.000001 0.817135 -0.000002  0.011243 0.004984 0.797530
34  0.249423 3.688543 -0.940889  -0.234493 -0.351167 1.042859
35  0.000002 1.800633 -0.000000  0.001438 -0.005162 1.109575
36  -0.000000 1.243408 -0.000001  0.004081 -0.005090 0.965693
37  0.244726 3.701097 0.087733  -0.168214 -0.329396 1.064645
38  -0.000001 1.766584 -0.000001  0.004335 0.000146 1.185317
39  -0.000001 1.189004 0.000000  -0.009018 0.015228 1.078031
40  0.277239 3.632248 1.274103  0.277570 -0.211300 0.246707
41  -0.000000 1.798493 0.000000  0.034904 -0.014638 0.397227
42  0.000001 1.235452 -0.000000  -0.008435 -0.001363 0.831510
43  -0.315441 0.857300 0.755944  0.065678 2.943949 1.113689
44  -0.000001 2.265939 -0.000001  -0.053381 0.039749 0.363484
45  -0.000001 1.457810 0.000001  -0.052740 0.016002 1.263438
46  1.259681 3.818376 1.286946  0.277570 -0.211300 0.246707
47  1.226391 3.891693 0.090420  -0.168214 -0.329396 1.064645
48  1.231623 3.875534 -0.958681  -0.234493 -0.351167 1.042859
49  1.209918 3.994782 -2.003047  -0.239589 -0.358871 0.965176
50  -0.328906 0.095430 1.403533  0.065678 2.943949 1.113689
51  -7.492949 -11.907553 10.014726  1.294544 0.017551 -2.959369
52  -6.162657 -23.540619 -1.954662  -1.570796 -0.000000 1.570796
53  -10.024240 -4.998537 -14.772615  -0.051945 0.000000 1.570796
54  -5.369620 -13.349490 -11.338174  -0.008081 0.005679 -1.538391
55  50.467983 -0.653247 4.371606  0.000000 -0.000000 -0.000023
56  7.834940 -1.604772 4.114125  1.570796 0.000000 1.538360
time 25
0  0 0 0  0 0 0
1  0.000000 0.000000 0.000000  1.570796 -0.000000 0.000000
2  10.842501 -18.916500 11.243284  0.637496 0.249320 1.392001
3  0.000001 13.479279 0.000000  0.504426 -0.000000 -0.000000
4  0.000001 13.477238 -0.000001  -0.437795 -0.038603 0.153614
5  -0.267269 3.664725 -1.953293  -0.075062 -0.056357 -1.111618
6  0.000001 1.180355 -0.000004  -0.014482 -0.034450 -1.150017
7  -0.000000 0.817135 0.000001  0.011917 -0.003038 -0.965239
8  -0.249422 3.688540 -0.940889  -0.049468 -0.026125 -0.893204
9  0.000000 1.800634 0.000001  0.002140 0.004913 -0.970563
10  -0.000000 1.243406 -0.000001  0.004747 0.004475 -0.826683
11  -0.244726 3.701094 0.087731  0.011525 -0.027234 -0.769428
12  -0.000001 1.766586 0.000000  0.004104 -0.001403 -0.889730
13  -0.000001 1.189004 0.000002  -0.013063 -0.011941 -0.782432
14  -0.277239 3.632247 1.274102  0.056972 -0.020409 -0.608363
15  0.000001 1.798495 0.000000  0.027755 0.025735 -0.747759
16  -0.000003 1.235451 0.000003  -0.007650 0.003805 -0.530197
17  0.315442 0.857298 0.755943  2.142416 0.507104 1.567006
18  -0.000001 2.265936 0.000000  -0.059540 -0.029733 -0.186621
19  0.000000 1.457815 -0.000000  -0.027135 0.047975 0.086665
20  -1.259680 3.818375 1.286948  0.056972 -0.020409 -0.608363
21  -1.226391 3.891692 0.090420  0.011525 -0.027234 -0.769428
22  -1.231623 3.875533 -0.958679  -0.049468 -0.026125 -0.893204
23  -1.209919 3.994780 -2.003049  -0.075062 -0.056357 -1.111618
24  0.328905 0.095427 1.403532  2.142416 0.507104 1.567006
25  -4.441728 -11.069415 30.895414  0.711994 0.093491 1.420613
26  -12.098812 -12.453417 20.198181  -1.570796 -0.000000 -1.570796
27  10.842501 -18.916500 11.243284  -0.051945 -0.000000 -1.570796
28  -10.024240 -4.998537 -14.772615  1.000507 -0.053774 -2.972703
29  -0.000000 13.479277 0.000000  0.573359 -0.000000 0.000000
30  -0.000000 13.477239 -0.000001  -0.279869 0.013365 -0.071427
31  0.267270 3.664728 -1.953292  -0.239589 -0.358871 0.965176
32  -0.000000 1.180355 0.000001  -0.020031 0.031549 0.982232
33  -0.000000 0.817135 0.000000  0.011243 0.004984 0.797530
34  0.249423 3.688542 -0.940888  -0.234493 -0.351167 1.042859
35  0.000001 1.800633 -0.000001  0.001438 -0.005162 1.109575
36  0.000001 1.243406 -0.000001  0.004081 -0.005090 0.965694
37  0.244727 3.701097 0.087734  -0.168214 -0.329396 1.064645
38  0.000000 1.766584 0.000000  0.004335 0.000146 1.185317
39  0.000000 1.189003 0.000000  -0.009018 0.015228 1.078031
40  0.277239 3.632248 1.274102  0.277570 -0.211300 0.246707
41  0.000000 1.798494 0.000001  0.034904 -0.014638 0.397227
42  -0.000000 1.235452 -0.000001  -0.008435 -0.001363 0.831510
43  -0.315441 0.857301 0.755944  0.065678 2.943949 1.113689
44  0.000000 2.265939 -0.000001  -0.053381 0.039749 0.363484
45  -0.000002 1.457812 -0.000001  -0.052740 0.016002 1.263438
46  1.259682 3.818374 1.286947  0.277570 -0.211300 0.246707
47  1.226391 3.891694 0.090420  -0.168214 -0.329396 1.064645
48  1.231624 3.875535 -0.958680  -0.234493 -0.351167 1.042859
49  1.209919 3.994781 -2.003047  -0.239589 -0.358871 0.965176
50  -0.328906 0.095429 1.403534  0.065678 2.943949 1.113689
51  -7.492797 -11.907032 10.014541  1.294229 0.017610 -2.959116
52  -6.162657 -23.540619 -1.954662  -1.570796 -0.000000 1.570796
53  -10.024240 -4.998537 -14.772615  -0.051945 0.000000 1.570796
54  -5.369620 -13.349490 -11.338174  -0.007812 0.005991 -1.538391
55  50.467979 -0.653247 4.371607  0.000000 -0.000000 -0.000023
56  7.834939 -1.604772 4.114126  1.570796 0.000000 1.538360
time 26
0  0 0 0  0 0 0
1  0.000000 0.000000 0.000000  1.570796 -0.000000 0.000000
2  10.842501 -18.916500 11.243284  0.637242 0.248958 1.391856
3  0.000002 13.479277 -0.000000  0.504853 0.000000 -0.000000
4  0.000000 13.477239 -0.000000  -0.437959 -0.038138 0.153761
5  -0.267270 3.664727 -1.953294  -0.075062 -0.056357 -1.111618
6  -0.000002 1.180355 0.000002  -0.014482 -0.034450 -1.150017
7  -0.000000 0.817134 0.000001  0.011917 -0.003038 -0.965239
8  -0.249423 3.688542 -0.940889  -0.049468 -0.026125 -0.893204
9  0.000000 1.800633 -0.000002  0.002140 0.004913 -0.970562
10  0.000001 1.243405 0.000003  0.004747 0.004475 -0.826682
11  -0.244726 3.701094 0.087730  0.011525 -0.027234 -0.769428
12  -0.000001 1.766587 0.000001  0.004104 -0.001403 -0.889730
13  0.000001 1.189003 0.000001  -0.013063 -0.011941 -0.782432
14  -0.277239 3.632249 1.274103  0.056972 -0.020409 -0.608363
15  0.000000 1.798492 -0.000002  0.027755 0.025735 -0.747759
16  -0.000001 1.235451 0.000003  -0.007650 0.003805 -0.530197
17  0.315442 0.857299 0.755942  2.142416 0.507104 1.567006
18  -0.000000 2.265937 0.000000  -0.059540 -0.029733 -0.186621
19  -0.000000 1.457814 -0.000004  -0.027135 0.047975 0.086665
20  -1.259681 3.818375 1.286945  0.056972 -0.020409 -0.608363
21  -1.226390 3.891692 0.090418  0.011525 -0.027234 -0.769428
22  -1.231623 3.875532 -0.958683  -0.049468 -0.026125 -0.893204
23  -1.209918 3.994781 -2.003049  -0.075062 -0.056357 -1.111618
24  0.328906 0.095429 1.403532  2.142416 0.507104 1.567006
25  -4.441843 -11.074637 30.895498  0.712039 0.093180 1.420926
26  -12.098812 -12.453417 20.198181  -1.570796 -0.000000 -1.570796
27  10.842501 -18.916500 11.243284  -0.051945 -0.000000 -1.570796
28  -10.024240 -4.998537 -14.772615  1.000485 -0.053787 -2.972711
29  0.000000 13.479277 0.000002  0.573427 -0.000000 0.000000
30  0.000001 13.477240 -0.000000  -0.280229 0.013674 -0.071501
31  0.267269 3.664727 -1.953293  -0.239589 -0.358871 0.965176
32  -0.000001 1.180356 0.000001  -0.020031 0.031549 0.982232
33  -0.000000 0.817135 0.000001  0.011243 0.004984 0.797530
34  0.249423 3.688543 -0.940888  -0.234493 -0.351167 1.042859
35  -0.000001 1.800633 0.000001  0.001438 -0.005162 1.109575
36  0.000000 1.243406 -0.000001  0.004081 -0.005090 0.965694
37  0.244726 3.701097 0.087733  -0.168214 -0.329396 1.064645
38  0.000000 1.766585 0.000000  0.004335 0.000146 1.185317
39  0.000001 1.189004 0.000001  -0.009018 0.015228 1.078031
40  0.277239 3.632250 1.274103  0.277570 -0.211300 0.246707
41  0.000001 1.798495 -0.000002  0.034904 -0.014638 0.397227
42  -0.000000 1.235451 0.000000  -0.008435 -0.001363 0.831510
43  -0.315441 0.857300 0.755944  0.065678 2.943949 1.113689
44  -0.000000 2.265940 0.000000  -0.053381 0.039749 0.363484
45  0.000001 1.457811 -0.000000  -0.052740 0.016002 1.263438
46  1.259681 3.818377 1.286945  0.277570 -0.211300 0.246707
47  1.226390 3.891694 0.090420  -0.168214 -0.329396 1.064645
48  1.231622 3.875535 -0.958680  -0.234493 -0.351167 1.042859
49  1.209919 3.994782 -2.003048  -0.239589 -0.358871 0.965176
50  -0.328906 0.095429 1.403533  0.065678 2.943949 1.113689
51  -7.492615 -11.906642 10.014359  1.293920 0.017669 -2.958813
52  -6.162657 -23.540619 -1.954662  -1.570796 -0.000000 1.570796
53  -10.024240 -4.998537 -14.772615  -0.051945 0.000000 1.570796
54  -5.369620 -13.349490 -11.338174  -0.007494 0.006295 -1.538391
55  50.467979 -0.653248 4.371606  -0.000000 -0.000000 -0.000023
56  7.834942 -1.604773 4.114125  1.570796 -0.000000 1.538360
time 27
0  0 0 0  0 0 0
1  0.000000 0.000000 0.000000  1.570796 -0.000000 0.000000
2  10.842501 -18.916500 11.243284  0.636999 0.248609 1.391716
3  0.000000 13.479276 0.000000  0.505260 0.000000 -0.000000
4  -0.000001 13.477239 -0.000001  -0.438120 -0.037639 0.153929
5  -0.267268 3.664727 -1.953290  -0.075062 -0.056357 -1.111618
6  0.000000 1.180354 0.000000  -0.014482 -0.034450 -1.150017
7  0.000001 0.817135 -0.000002  0.011917 -0.003038 -0.965239
8  -0.249421 3.688542 -0.940886  -0.049468 -0.026125 -0.893204
9  0.000002 1.800632 0.000002  0.002140 0.004913 -0.970562
10  -0.000001 1.243405 0.000001  0.004747 0.004475 -0.826682
11  -0.244724 3.701096 0.087737  0.011525 -0.027234 -0.769428
12  -0.000001 1.766583 -0.000001  0.004104 -0.001403 -0.889730
13  -0.000001 1.189004 -0.000000  -0.013063 -0.011941 -0.782432
14  -0.277237 3.632248 1.274106  0.056972 -0.020409 -0.608363
15  0.000000 1.798493 -0.000000  0.027755 0.025735 -0.747759
16  -0.000002 1.235452 -0.000001  -0.007650 0.003805 -0.530197
17  0.315443 0.857299 0.755947  2.142416 0.507104 1.567006
18  0.000000 2.265939 -0.000001  -0.059540 -0.029733 -0.186621
19  -0.000000 1.457815 0.000002  -0.027135 0.047975 0.086665
20  -1.259679 3.818374 1.286947  0.056972 -0.020409 -0.608363
21  -1.226390 3.891694 0.090425  0.011525 -0.027234 -0.769428
22  -1.231622 3.875535 -0.958676  -0.049468 -0.026125 -0.893204
23  -1.209918 3.994782 -2.003044  -0.075062 -0.056357 -1.111618
24  0.328907 0.095429 1.403537  2.142416 0.507104 1.567006
25  -4.441978 -11.079668 30.895580  0.712083 0.092878 1.421286
26  -12.098812 -12.453417 20.198181  -1.570796 -0.000000 -1.570796
27  10.842501 -18.916500 11.243284  -0.051945 -0.000000 -1.570796
28  -10.024240 -4.998537 -14.772615  1.000463 -0.053800 -2.972720
29  -0.000001 13.479277 0.000001  0.573485 -0.000000 0.000000
30  -0.000001 13.477238 -0.000000  -0.280573 0.014030 -0.071573
31  0.267270 3.664726 -1.953293  -0.239589 -0.358871 0.965176
32  0.000001 1.180355 0.000001  -0.020031 0.031549 0.982232
33  0.000000 0.817137 -0.000002  0.011243 0.004984 0.797530
34  0.249422 3.688540 -0.940889  -0.234493 -0.351167 1.042859
35  0.000002 1.800632 0.000000  0.001438 -0.005162 1.109575
36  -0.000002 1.243408 0.000001  0.004081 -0.005090 0.965694
37  0.244726 3.701095 0.087733  -0.168214 -0.329396 1.064645
38  0.000001 1.766584 0.000001  0.004335 0.000146 1.185317
39  0.000000 1.189003 0.000001  -0.009018 0.015228 1.078031
40  0.277239 3.632248 1.274102  0.277570 -0.211300 0.246707
41  0.000001 1.798495 0.000000  0.034904 -0.014638 0.397227
42  -0.000001 1.235450 0.000002  -0.008435 -0.001363 0.831510
43  -0.315441 0.857299 0.755943  0.065678 2.943949 1.113689
44  -0.000000 2.265940 -0.000002  -0.053381 0.039749 0.363484
45  0.000000 1.457811 0.000001  -0.052740 0.016002 1.263438
46  1.259681 3.818372 1.286946  0.277570 -0.211300 0.246707
47  1.226390 3.891692 0.090419  -0.168214 -0.329396 1.064645
48  1.231623 3.875532 -0.958681  -0.234493 -0.351167 1.042859
49  1.209918 3.994781 -2.003048  -0.239589 -0.358871 0.965176
50  -0.328907 0.095428 1.403533  0.065678 2.943949 1.113689
51  -7.492406 -11.906377 10.014180  1.293620 0.017727 -2.958463
52  -6.162657 -23.540619 -1.954662  -1.570796 -0.000000 1.570796
53  -10.024240 -4.998537 -14.772615  -0.051945 0.000000 1.570796
54  -5.369620 -13.349490 -11.338174  -0.007128 0.006589 -1.538391
55  50.467979 -0.653247 4.371606  0.000000 -0.000000 -0.000023
56  7.834942 -1.604772 4.114125  1.570796 -0.000000 1.538360
time 28
0  0 0 0  0 0 0
1  0.000000 0.000000 0.000000  1.570796 -0.000000 0.000000
2  10.842501 -18.916500 11.243284  0.636769 0.248275 1.391581
3  0.000001 13.479278 0.000001  0.505645 0.000000 -0.000000
4  -0.000001 13.477240 0.000000  -0.438277 -0.037109 0.154116
5  -0.267270 3.664724 -1.953291  -0.075062 -0.056357 -1.111618
6  -0.000002 1.180355 0.000001  -0.014482 -0.034450 -1.150017
7  0.000001 0.817135 0.000000  0.011917 -0.003038 -0.965239
8  -0.249423 3.688540 -0.940885  -0.049468 -0.026125 -0.893204
9  0.000002 1.800631 0.000003  0.002140 0.004913 -0.970563
10  0.000003 1.243407 -0.000003  0.004747 0.004475 -0.826683
11  -0.244725 3.701095 0.087735  0.011525 -0.027234 -0.769428
12  0.000001 1.766585 0.000002  0.004104 -0.001403 -0.889730
13  -0.000002 1.189005 -0.000001  -0.013063 -0.011941 -0.782432
14  -0.277240 3.632248 1.274105  0.056972 -0.020409 -0.608363
15  -0.000001 1.798493 -0.000002  0.027755 0.025735 -0.747759
16  0.000003 1.235451 -0.000002  -0.007650 0.003805 -0.530197
17  0.315441 0.857299 0.755945  2.142416 0.507104 1.567006
18  -0.000000 2.265937 -0.000001  -0.059540 -0.029733 -0.186621
19  -0.000000 1.457812 -0.000001  -0.027135 0.047975 0.086665
20  -1.259680 3.818373 1.286947  0.056972 -0.020409 -0.608363
21  -1.226390 3.891691 0.090420  0.011525 -0.027234 -0.769428
22  -1.231624 3.875533 -0.958678  -0.049468 -0.026125 -0.893204
23  -1.209919 3.994780 -2.003045  -0.075062 -0.056357 -1.111618
24  0.328906 0.095427 1.403533  2.142416 0.507104 1.567006
25  -4.442128 -11.084481 30.895658  0.712124 0.092585 1.421689
26  -12.098812 -12.453417 20.198181  -1.570796 -0.000000 -1.570796
27  10.842501 -18.916500 11.243284  -0.051945 -0.000000 -1.570796
28  -10.024240 -4.998537 -14.772615  1.000441 -0.053813 -2.972729
29  -0.000001 13.479278 0.000001  0.573533 -0.000000 0.000000
30  -0.000001 13.477240 0.000002  -0.280897 0.014431 -0.071645
31  0.267269 3.664726 -1.953293  -0.239589 -0.358871 0.965176
32  -0.000001 1.180355 0.000000  -0.020031 0.031549 0.982232
33  0.000000 0.817135 -0.000002  0.011243 0.004984 0.797530
34  0.249422 3.688540 -0.940889  -0.234493 -0.351167 1.042859
35  0.000001 1.800633 0.000000  0.001438 -0.005162 1.109575
36  -0.000001 1.243406 0.000000  0.004081 -0.005090 0.965694
37  0.244725 3.701095 0.087734  -0.168214 -0.329396 1.064645
38  0.000000 1.766585 -0.000000  0.004335 0.000146 1.185316
39  0.000001 1.189005 0.000000  -0.009018 0.015228 1.078031
40  0.277238 3.632247 1.274103  0.277570 -0.211300 0.246707
41  -0.000001 1.798495 0.000000  0.034904 -0.014638 0.397227
42  0.000000 1.235449 -0.000000  -0.008435 -0.001363 0.831510
43  -0.315442 0.857299 0.755944  0.065678 2.943949 1.113689
44  -0.000001 2.265939 -0.000001  -0.053381 0.039749 0.363485
45  -0.000000 1.457812 -0.000000  -0.052740 0.016002 1.263438
46  1.259681 3.818373 1.286946  0.277570 -0.211300 0.246707
47  1.226390 3.891692 0.090420  -0.168214 -0.329396 1.064645
48  1.231622 3.875533 -0.958679  -0.234493 -0.351167 1.042859
49  1.209919 3.994780 -2.003048  -0.239589 -0.358871 0.965176
50  -0.328907 0.095428 1.403533  0.065678 2.943949 1.113689
51  -7.492170 -11.906240 10.014006  1.293330 0.017784 -2.958069
52  -6.162657 -23.540619 -1.954662  -1.570796 -0.000000 1.570796
53  -10.024240 -4.998537 -14.772615  -0.051945 0.000000 1.570796
54  -5.369620 -13.349490 -11.338174  -0.006719 0.006871 -1.538391
55  50.467983 -0.653247 4.371608  0.000000 -0.000000 -0.000023
56  7.834940 -1.604773 4.114127  1.570796 0.000000 1.538360
time 29
0  0 0 0  0 0 0
1  0.000000 0.000000 0.000000  1.570796 -0.000000 0.000000
2  10.842501 -18.916500 11.243284  0.636551 0.247958 1.391454
3  0.000001 13.479276 -0.000000  0.506006 0.000000 -0.000000
4  0.000000 13.477240 0.000000  -0.438431 -0.036552 0.154320
5  -0.267270 3.664725 -1.953294  -0.075062 -0.056357 -1.111618
6  -0.000002 1.180356 -0.000001  -0.014482 -0.034450 -1.150017
7  0.000000 0.817134 -0.000002  0.011917 -0.003038 -0.965239
8  -0.249422 3.688540 -0.940890  -0.049468 -0.026125 -0.893204
9  0.000000 1.800633 -0.000002  0.002140 0.004913 -0.970562
10  0.000000 1.243405 -0.000000  0.004747 0.004475 -0.826683
11  -0.244725 3.701094 0.087731  0.011525 -0.027234 -0.769428
12  0.000000 1.766584 0.000002  0.004104 -0.001403 -0.889730
13  0.000002 1.189003 0.000002  -0.013063 -0.011941 -0.782432
14  -0.277239 3.632246 1.274100  0.056972 -0.020409 -0.608363
15  0.000001 1.798498 -0.000001  0.027755 0.025735 -0.747759
16  0.000005 1.235451 -0.000002  -0.007650 0.003805 -0.530197
17  0.315441 0.857298 0.755943  2.142416 0.507104 1.567006
18  -0.000000 2.265939 -0.000003  -0.059540 -0.029733 -0.186621
19  0.000000 1.457811 0.000001  -0.027135 0.047975 0.086665
20  -1.259682 3.818374 1.286946  0.056972 -0.020409 -0.608363
21  -1.226391 3.891692 0.090418  0.011525 -0.027234 -0.769428
22  -1.231624 3.875534 -0.958681  -0.049468 -0.026125 -0.893204
23  -1.209919 3.994779 -2.003049  -0.075062 -0.056357 -1.111618
24  0.328906 0.095427 1.403533  2.142416 0.507104 1.567006
25  -4.442292 -11.089051 30.895731  0.712163 0.092304 1.422132
26  -12.098812 -12.453417 20.198181  -1.570796 -0.000000 -1.570796
27  10.842501 -18.916500 11.243284  -0.051945 -0.000000 -1.570796
28  -10.024240 -4.998537 -14.772615  1.000421 -0.053827 -2.972739
29  -0.000000 13.479278 0.000000  0.573569 -0.000000 0.000000
30  0.000000 13.477238 -0.000000  -0.281200 0.014873 -0.071715
31  0.267270 3.664728 -1.953292  -0.239589 -0.358871 0.965176
32  -0.000001 1.180356 -0.000002  -0.020031 0.031549 0.982232
33  0.000001 0.817135 0.000001  0.011243 0.004984 0.797530
34  0.249424 3.688542 -0.940888  -0.234493 -0.351167 1.042859
35  0.000001 1.800633 0.000001  0.001438 -0.005162 1.109575
36  -0.000001 1.243407 -0.000000  0.004081 -0.005090 0.965694
37  0.244727 3.701097 0.087734  -0.168214 -0.329396 1.064645
38  0.000002 1.766585 0.000000  0.004335 0.000146 1.185317
39  -0.000000 1.189004 -0.000000  -0.009018 0.015228 1.078031
40  0.277240 3.632250 1.274103  0.277570 -0.211300 0.246706
41  0.000001 1.798493 0.000001  0.034904 -0.014638 0.397226
42  -0.000001 1.235451 0.000000  -0.008435 -0.001363 0.831510
43  -0.315441 0.857302 0.755945  0.065678 2.943949 1.113689
44  -0.000001 2.265939 -0.000001  -0.053381 0.039749 0.363484
45  -0.000001 1.457812 0.000000  -0.052740 0.016002 1.263438
46  1.259682 3.818376 1.286945  0.277570 -0.211300 0.246707
47  1.226391 3.891695 0.090420  -0.168214 -0.329396 1.064645
48  1.231624 3.875535 -0.958679  -0.234493 -0.351167 1.042859
49  1.209921 3.994783 -2.003047  -0.239589 -0.358871 0.965176
50  -0.328905 0.095430 1.403533  0.065678 2.943949 1.113689
51  -7.491910 -11.906226 10.013839  1.293052 0.017838 -2.957634
52  -6.162657 -23.540619 -1.954662  -1.570796 -0.000000 1.570796
53  -10.024240 -4.998537 -14.772615  -0.051945 0.000000 1.570796
54  -5.369620 -13.349490 -11.338174  -0.006271 0.007140 -1.538391
55  50.467987 -0.653247 4.371607  0.000000 -0.000000 -0.000023
56  7.834942 -1.604773 4.114125  1.570796 -0.000000 1.538360
time 30
0  0 0 0  0 0 0
1  0.000000 0.000000 0.000000  1.570796 -0.000000 0.000000
2  10.842501 -18.916500 11.243284  0.636348 0.247659 1.391334
3  0.000001 13.479278 0.000000  0.506341 0.000000 -0.000000
4  0.000001 13.477242 0.000001  -0.438578 -0.035974 0.154540
5  -0.267270 3.664731 -1.953293  -0.075062 -0.056357 -1.111618
6  0.000000 1.180354 -0.000002  -0.014482 -0.034450 -1.150017
7  0.000000 0.817133 0.000000  0.011917 -0.003038 -0.965239
8  -0.249423 3.688544 -0.940888  -0.049468 -0.026125 -0.893204
9  0.000000 1.800632 -0.000001  0.002140 0.004913 -0.970563
10  0.000001 1.243407 -0.000002  0.004747 0.004475 -0.826682
11  -0.244726 3.701100 0.087734  0.011525 -0.027234 -0.769428
12  0.000000 1.766584 -0.000003  0.004104 -0.001403 -0.889730
13  -0.000001 1.189003 0.000001  -0.013063 -0.011940 -0.782432
14  -0.277241 3.632251 1.274104  0.056972 -0.020409 -0.608363
15  0.000001 1.798493 -0.000004  0.027755 0.025735 -0.747759
16  -0.000000 1.235453 -0.000002  -0.007650 0.003805 -0.530197
17  0.315441 0.857301 0.755944  2.142416 0.507104 1.567006
18  0.000001 2.265940 0.000003  -0.059540 -0.029733 -0.186621
19  -0.000001 1.457810 0.000000  -0.027135 0.047975 0.086665
20  -1.259682 3.818378 1.286947  0.056972 -0.020409 -0.608363
21  -1.226391 3.891697 0.090421  0.011525 -0.027234 -0.769428
22  -1.231624 3.875538 -0.958680  -0.049468 -0.026125 -0.893204
23  -1.209920 3.994784 -2.003047  -0.075062 -0.056357 -1.111618
24  0.328905 0.095433 1.403535  2.142416 0.507104 1.567006
25  -4.442471 -11.093347 30.895802  0.712200 0.092037 1.422612
26  -12.098812 -12.453417 20.198181  -1.570796 -0.000000 -1.570796
27  10.842501 -18.916500 11.243284  -0.051945 -0.000000 -1.570796
28  -10.024240 -4.998537 -14.772615  1.000401 -0.053840 -2.972748
29  -0.000002 13.479277 0.000002  0.573594 -0.000000 0.000000
30  0.000002 13.477239 0.000000  -0.281480 0.015353 -0.071783
31  0.267269 3.664728 -1.953293  -0.239589 -0.358871 0.965176
32  -0.000001 1.180357 -0.000000  -0.020031 0.031549 0.982232
33  0.000001 0.817136 0.000002  0.011243 0.004984 0.797530
34  0.249422 3.688543 -0.940889  -0.234493 -0.351167 1.042859
35  -0.000000 1.800634 -0.000001  0.001438 -0.005162 1.109575
36  -0.000002 1.243407 0.000001  0.004081 -0.005090 0.965694
37  0.244726 3.701096 0.087733  -0.168214 -0.329396 1.064645
38  0.000002 1.766584 0.000001  0.004335 0.000146 1.185316
39  -0.000001 1.189005 0.000000  -0.009018 0.015228 1.078031
40  0.277239 3.632250 1.274102  0.277570 -0.211300 0.246707
41  -0.000000 1.798495 -0.000001  0.034904 -0.014638 0.397227
42  0.000000 1.235450 -0.000000  -0.008435 -0.001363 0.831510
43  -0.315442 0.857301 0.755945  0.065678 2.943949 1.113689
44  0.000001 2.265939 -0.000000  -0.053381 0.039749 0.363484
45  -0.000000 1.457810 0.000002  -0.052740 0.016002 1.263438
46  1.259681 3.818376 1.286947  0.277570 -0.211300 0.246707
47  1.226390 3.891694 0.090419  -0.168214 -0.329396 1.064645
48  1.231622 3.875536 -0.958680  -0.234493 -0.351167 1.042859
49  1.209919 3.994784 -2.003047  -0.239589 -0.358871 0.965176
50  -0.328907 0.095429 1.403534  0.065678 2.943949 1.113689
51  -7.491628 -11.906337 10.013678  1.292787 0.017891 -2.957163
52  -6.162657 -23.540619 -1.954662  -1.570796 -0.000000 1.570796
53  -10.024240 -4.998537 -14.772615  -0.051945 0.000000 1.570796
54  -5.369620 -13.349490 -11.338174  -0.005786 0.007395 -1.538391
55  50.467983 -0.653247 4.371607  -0.000000 -0.000000 -0.000023
56  7.834941 -1.604773 4.114126  1.570796 -0.000000 1.538360
time 31
0  0 0 0  0 0 0
1  0.000000 0.000000 0.000000  1.570796 -0.000000 0.000000
2  10.842501 -18.916500 11.243284  0.636161 0.247381 1.391222
3  0.000001 13.479277 0.000001  0.506648 0.000000 -0.000000
4  0.000000 13.477240 0.000000  -0.438720 -0.035377 0.154775
5  -0.267271 3.664731 -1.953296  -0.075062 -0.056357 -1.111618
6  0.000002 1.180356 -0.000001  -0.014482 -0.034450 -1.150017
7  0.000000 0.817133 -0.000001  0.011917 -0.003038 -0.965239
8  -0.249423 3.688543 -0.940893  -0.049468 -0.026125 -0.893204
9  -0.000002 1.800634 0.000005  0.002140 0.004913 -0.970563
10  0.000001 1.243407 -0.000002  0.004747 0.004475 -0.826683
11  -0.244727 3.701100 0.087730  0.011525 -0.027234 -0.769428
12  0.000000 1.766584 -0.000000  0.004104 -0.001403 -0.889729
13  -0.000001 1.189003 0.000001  -0.013063 -0.011941 -0.782432
14  -0.277241 3.632252 1.274100  0.056972 -0.020409 -0.608363
15  0.000000 1.798495 -0.000003  0.027755 0.025735 -0.747759
16  -0.000002 1.235451 0.000001  -0.007650 0.003805 -0.530197
17  0.315441 0.857303 0.755941  2.142416 0.507104 1.567006
18  -0.000001 2.265939 0.000002  -0.059540 -0.029733 -0.186621
19  -0.000000 1.457809 -0.000002  -0.027135 0.047975 0.086665
20  -1.259682 3.818377 1.286943  0.056972 -0.020409 -0.608363
21  -1.226392 3.891698 0.090419  0.011525 -0.027234 -0.769428
22  -1.231625 3.875538 -0.958683  -0.049468 -0.026125 -0.893204
23  -1.209919 3.994784 -2.003053  -0.075062 -0.056357 -1.111618
24  0.328905 0.095430 1.403529  2.142416 0.507104 1.567006
25  -4.442662 -11.097342 30.895866  0.712234 0.091784 1.423124
26  -12.098812 -12.453417 20.198181  -1.570796 -0.000000 -1.570796
27  10.842501 -18.916500 11.243284  -0.051945 -0.000000 -1.570796
28  -10.024240 -4.998537 -14.772615  1.000383 -0.053853 -2.972757
29  0.000000 13.479277 0.000001  0.573609 -0.000000 0.000000
30  0.000000 13.477239 0.000000  -0.281735 0.015867 -0.071849
31  0.267269 3.664725 -1.953294  -0.239589 -0.358871 0.965176
32  0.000000 1.180354 -0.000000  -0.020031 0.031549 0.982232
33  -0.000000 0.817135 0.000001  0.011243 0.004984 0.797530
34  0.249422 3.688541 -0.940889  -0.234493 -0.351167 1.042859
35  0.000001 1.800633 0.000000  0.001438 -0.005162 1.109575
36  0.000001 1.243406 -0.000002  0.004081 -0.005089 0.965694
37  0.244726 3.701095 0.087732  -0.168214 -0.329396 1.064645
38  0.000000 1.766585 0.000001  0.004335 0.000146 1.185317
39  0.000002 1.189003 -0.000000  -0.009018 0.015228 1.078031
40  0.277239 3.632247 1.274101  0.277570 -0.211300 0.246707
41  0.000001 1.798496 -0.000000  0.034904 -0.014638 0.397227
42  0.000000 1.235451 0.000000  -0.008435 -0.001363 0.831510
43  -0.315441 0.857299 0.755943  0.065678 2.943949 1.113689
44  -0.000000 2.265939 -0.000002  -0.053381 0.039749 0.363485
45  0.000002 1.457812 0.000000  -0.052740 0.016002 1.263438
46  1.259681 3.818374 1.286945  0.277570 -0.211300 0.246707
47  1.226390 3.891693 0.090418  -0.168214 -0.329396 1.064645
48  1.231623 3.875534 -0.958679  -0.234493 -0.351167 1.042859
49  1.209919 3.994780 -2.003048  -0.239589 -0.358871 0.965176
50  -0.328907 0.095428 1.403532  0.065678 2.943949 1.113689
51  -7.491325 -11.906568 10.013526  1.292538 0.017942 -2.956658
52  -6.162657 -23.540619 -1.954662  -1.570796 -0.000000 1.570796
53  -10.024240 -4.998537 -14.772615  -0.051945 0.000000 1.570796
54  -5.369620 -13.349490 -11.338174  -0.005269 0.007633 -1.538391
55  50.467983 -0.653248 4.371606  -0.000000 -0.000000 -0.000023
56  7.834939 -1.604773 4.114126  1.570796 0.000000 1.538360
time 32
0  0 0 0  0 0 0
1  0.000000 0.000000 0.000000  1.570796 -0.000000 0.000000
2  10.842501 -18.916500 11.243284  0.635992 0.247125 1.391119
3  -0.000001 13.479274 -0.000001  0.506924 0.000000 -0.000000
4  -0.000001 13.477238 0.000000  -0.438853 -0.034765 0.155022
5  -0.267270 3.664725 -1.953291  -0.075062 -0.056357 -1.111618
6  0.000000 1.180355 0.000002  -0.014482 -0.034450 -1.150017
7  -0.000002 0.817133 0.000002  0.011917 -0.003038 -0.965239
8  -0.249423 3.688542 -0.940888  -0.049468 -0.026125 -0.893204
9  -0.000002 1.800633 0.000000  0.002140 0.004913 -0.970562
10  -0.000000 1.243406 0.000001  0.004747 0.004475 -0.826683
11  -0.244726 3.701096 0.087733  0.011525 -0.027234 -0.769427
12  0.000002 1.766583 -0.000001  0.004104 -0.001403 -0.889730
13  0.000000 1.189004 0.000004  -0.013063 -0.011941 -0.782432
14  -0.277239 3.632248 1.274103  0.056972 -0.020409 -0.608363
15  -0.000000 1.798494 0.000000  0.027755 0.025735 -0.747759
16  -0.000001 1.235451 0.000001  -0.007650 0.003805 -0.530197
17  0.315441 0.857300 0.755945  2.142416 0.507104 1.567006
18  0.000000 2.265937 -0.000001  -0.059540 -0.029733 -0.186621
19  -0.000000 1.457806 -0.000002  -0.027135 0.047975 0.086665
20  -1.259681 3.818376 1.286946  0.056972 -0.020409 -0.608363
21  -1.226390 3.891693 0.090419  0.011525 -0.027234 -0.769428
22  -1.231623 3.875535 -0.958679  -0.049468 -0.026125 -0.893204
23  -1.209919 3.994782 -2.003046  -0.075062 -0.056357 -1.111618
24  0.328906 0.095430 1.403534  2.142416 0.507104 1.567006
25  -4.442865 -11.101010 30.895927  0.712265 0.091549 1.423666
26  -12.098812 -12.453417 20.198181  -1.570796 -0.000000 -1.570796
27  10.842501 -18.916500 11.243284  -0.051945 -0.000000 -1.570796
28  -10.024240 -4.998537 -14.772615  1.000365 -0.053867 -2.972766
29  -0.000000 13.479280 0.000001  0.573612 -0.000000 0.000000
30  0.000000 13.477239 -0.000001  -0.281964 0.016412 -0.071911
31  0.267270 3.664726 -1.953292  -0.239589 -0.358871 0.965176
32  -0.000001 1.180355 0.000000  -0.020031 0.031549 0.982232
33  -0.000000 0.817135 -0.000000  0.011243 0.004984 0.797531
34  0.249423 3.688541 -0.940888  -0.234493 -0.351167 1.042859
35  0.000001 1.800633 -0.000001  0.001438 -0.005162 1.109575
36  -0.000000 1.243407 -0.000001  0.004081 -0.005090 0.965694
37  0.244727 3.701096 0.087733  -0.168214 -0.329396 1.064645
38  -0.000000 1.766584 0.000001  0.004335 0.000146 1.185317
39  -0.000000 1.189003 0.000000  -0.009018 0.015228 1.078031
40  0.277240 3.632249 1.274103  0.277570 -0.211300 0.246707
41  0.000000 1.798495 -0.000001  0.034904 -0.014638 0.397227
42  0.000000 1.235452 0.000000  -0.008435 -0.001363 0.831510
43  -0.315441 0.857300 0.755945  0.065678 2.943949 1.113689
44  -0.000001 2.265939 -0.000001  -0.053381 0.039749 0.363484
45  0.000000 1.457811 -0.000001  -0.052740 0.016002 1.263438
46  1.259681 3.818374 1.286947  0.277570 -0.211300 0.246707
47  1.226391 3.891693 0.090420  -0.168214 -0.329396 1.064645
48  1.231623 3.875535 -0.958680  -0.234493 -0.351167 1.042859
49  1.209919 3.994782 -2.003047  -0.239589 -0.358871 0.965176
50  -0.328906 0.095429 1.403533  0.065678 2.943949 1.113689
51  -7.491005 -11.906919 10.013381  1.292305 0.017990 -2.956123
52  -6.162657 -23.540619 -1.954662  -1.570796 -0.000000 1.570796
53  -10.024240 -4.998537 -14.772615  -0.051945 0.000000 1.570796
54  -5.369620 -13.349490 -11.338174  -0.004723 0.007852 -1.538391
55  50.467987 -0.653247 4.371608  -0.000000 -0.000000 -0.000023
56  7.834942 -1.604773 4.114127  1.570796 -0.000000 1.538360
time 33
0  0 0 0  0 0 0
1  0.000000 0.000000 0.000000  1.570796 -0.000000 0.000000
2  10.842501 -18.916500 11.243284  0.635840 0.246893 1.391026
3  0.000001 13.479275 -0.000002  0.507168 -0.000000 -0.000000
4  0.000001 13.477241 -0.000002  -0.438979 -0.034143 0.155281
5  -0.267270 3.664723 -1.953296  -0.075062 -0.056357 -1.111618
6  0.000000 1.180355 -0.000003  -0.014482 -0.034450 -1.150017
7  -0.000001 0.817135 0.000000  0.011917 -0.003038 -0.965239
8  -0.249424 3.688541 -0.940890  -0.049468 -0.026125 -0.893204
9  -0.000001 1.800632 -0.000005  0.002140 0.004913 -0.970562
10  -0.000001 1.243406 -0.000002  0.004747 0.004475 -0.826683
11  -0.244726 3.701094 0.087730  0.011525 -0.027234 -0.769428
12  0.000000 1.766584 -0.000001  0.004104 -0.001403 -0.889730
13  0.000001 1.189004 -0.000001  -0.013063 -0.011941 -0.782432
14  -0.277240 3.632247 1.274100  0.056972 -0.020409 -0.608363
15  0.000000 1.798496 0.000002  0.027755 0.025735 -0.747759
16  0.000002 1.235451 -0.000001  -0.007650 0.003805 -0.530197
17  0.315440 0.857298 0.755941  2.142416 0.507104 1.567006
18  -0.000000 2.265938 0.000002  -0.059540 -0.029733 -0.186621
19  0.000000 1.457811 -0.000001  -0.027135 0.047975 0.086665
20  -1.259681 3.818373 1.286943  0.056972 -0.020409 -0.608363
21  -1.226391 3.891690 0.090415  0.011525 -0.027234 -0.769428
22  -1.231623 3.875531 -0.958685  -0.049468 -0.026125 -0.893204
23  -1.209920 3.994780 -2.003051  -0.075062 -0.056357 -1.111618
24  0.328904 0.095427 1.403530  2.142416 0.507104 1.567006
25  -4.443077 -11.104323 30.895983  0.712292 0.091332 1.424234
26  -12.098812 -12.453417 20.198181  -1.570796 -0.000000 -1.570796
27  10.842501 -18.916500 11.243284  -0.051945 -0.000000 -1.570796
28  -10.024240 -4.998537 -14.772615  1.000349 -0.053880 -2.972775
29  -0.000001 13.479278 -0.000001  0.573604 -0.000000 0.000000
30  -0.000001 13.477239 -0.000001  -0.282165 0.016984 -0.071971
31  0.267269 3.664725 -1.953292  -0.239589 -0.358871 0.965176
32  0.000000 1.180355 0.000001  -0.020031 0.031549 0.982232
33  0.000000 0.817134 -0.000001  0.011243 0.004984 0.797530
34  0.249422 3.688541 -0.940889  -0.234493 -0.351167 1.042859
35  0.000001 1.800633 0.000001  0.001438 -0.005162 1.109575
36  0.000000 1.243407 0.000001  0.004081 -0.005090 0.965694
37  0.244726 3.701094 0.087733  -0.168214 -0.329396 1.064645
38  0.000000 1.766585 0.000001  0.004335 0.000146 1.185316
39  -0.000001 1.189003 -0.000001  -0.009018 0.015228 1.078031
40  0.277239 3.632246 1.274101  0.277570 -0.211300 0.246707
41  0.000000 1.798493 -0.000002  0.034904 -0.014638 0.397227
42  -0.000000 1.235453 -0.000000  -0.008435 -0.001363 0.831510
43  -0.315442 0.857300 0.755944  0.065678 2.943949 1.113689
44  0.000000 2.265939 -0.000001  -0.053381 0.039749 0.363484
45  0.000000 1.457812 -0.000000  -0.052740 0.016002 1.263438
46  1.259681 3.818374 1.286945  0.277570 -0.211300 0.246707
47  1.226390 3.891691 0.090419  -0.168214 -0.329396 1.064645
48  1.231622 3.875534 -0.958680  -0.234493 -0.351167 1.042859
49  1.209918 3.994781 -2.003047  -0.239589 -0.358871 0.965176
50  -0.328907 0.095428 1.403533  0.065678 2.943949 1.113689
51  -7.490667 -11.907389 10.013247  1.292091 0.018035 -2.955561
52  -6.162657 -23.540619 -1.954662  -1.570796 -0.000000 1.570796
53  -10.024240 -4.998537 -14.772615  -0.051945 0.000000 1.570796
54  -5.369620 -13.349490 -11.338174  -0.004150 0.008053 -1.538391
55  50.467983 -0.653247 4.371607  0.000000 -0.000000 -0.000023
56  7.834942 -1.604772 4.114125  1.570796 -0.000000 1.538360
time 34
0  0 0 0  0 0 0
1  0.000000 0.000000 0.000000  1.570796 -0.000000 0.000000
2  10.842501 -18.916500 11.243284  0.635708 0.246688 1.390944
3  -0.000001 13.479277 -0.000000  0.507377 0.000000 -0.000000
4  -0.000001 13.477237 0.000001  -0.439095 -0.033515 0.155549
5  -0.267269 3.664727 -1.953289  -0.075062 -0.056357 -1.111618
6  0.000001 1.180356 -0.000001  -0.014482 -0.034450 -1.150017
7  -0.000001 0.817136 -0.000000  0.011917 -0.003038 -0.965239
8  -0.249424 3.688544 -0.940884  -0.049468 -0.026125 -0.893204
9  0.000002 1.800632 -0.000000  0.002140 0.004913 -0.970563
10  -0.000001 1.243408 0.000001  0.004747 0.004475 -0.826683
11  -0.244726 3.701096 0.087738  0.011525 -0.027234 -0.769428
12  -0.000002 1.766583 -0.000000  0.004104 -0.001403 -0.889730
13  0.000001 1.189005 0.000002  -0.013063 -0.011941 -0.782433
14  -0.277241 3.632249 1.274107  0.056972 -0.020409 -0.608363
15  0.000000 1.798494 0.000002  0.027755 0.025735 -0.747759
16  0.000003 1.235451 0.000000  -0.007650 0.003805 -0.530197
17  0.315441 0.857300 0.755947  2.142416 0.507104 1.567006
18  0.000000 2.265939 -0.000001  -0.059540 -0.029733 -0.186621
19  -0.000000 1.457812 -0.000000  -0.027135 0.047975 0.086665
20  -1.259682 3.818377 1.286950  0.056972 -0.020409 -0.608363
21  -1.226390 3.891693 0.090423  0.011525 -0.027234 -0.769428
22  -1.231624 3.875535 -0.958676  -0.049468 -0.026125 -0.893204
23  -1.209920 3.994783 -2.003043  -0.075062 -0.056357 -1.111618
24  0.328906 0.095430 1.403537  2.142416 0.507104 1.567006
25  -4.443298 -11.107252 30.896034  0.712317 0.091135 1.424825
26  -12.098812 -12.453417 20.198181  -1.570796 -0.000000 -1.570796
27  10.842501 -18.916500 11.243284  -0.051945 -0.000000 -1.570796
28  -10.024240 -4.998537 -14.772615  1.000334 -0.053892 -2.972783
29  -0.000000 13.479278 0.000001  0.573585 -0.000000 0.000000
30  -0.000000 13.477237 0.000001  -0.282337 0.017579 -0.072026
31  0.267269 3.664726 -1.953293  -0.239589 -0.358871 0.965176
32  -0.000000 1.180355 -0.000001  -0.020031 0.031549 0.982232
33  -0.000001 0.817135 -0.000001  0.011243 0.004984 0.797530
34  0.249423 3.688542 -0.940889  -0.234493 -0.351167 1.042859
35  -0.000001 1.800632 0.000001  0.001438 -0.005162 1.109575
36  -0.000001 1.243405 -0.000001  0.004081 -0.005090 0.965694
37  0.244727 3.701096 0.087732  -0.168214 -0.329396 1.064645
38  0.000002 1.766584 -0.000001  0.004335 0.000147 1.185316
39  -0.000000 1.189004 -0.000001  -0.009018 0.015228 1.078031
40  0.277240 3.632248 1.274102  0.277570 -0.211300 0.246707
41  -0.000001 1.798493 0.000000  0.034904 -0.014638 0.397227
42  0.000001 1.235452 0.000000  -0.008435 -0.001363 0.831510
43  -0.315441 0.857299 0.755944  0.065678 2.943949 1.113689
44  -0.000000 2.265939 0.000000  -0.053381 0.039749 0.363484
45  -0.000000 1.457811 0.000000  -0.052740 0.016002 1.263438
46  1.259681 3.818374 1.286946  0.277570 -0.211300 0.246707
47  1.226391 3.891693 0.090419  -0.168214 -0.329396 1.064645
48  1.231623 3.875535 -0.958681  -0.234493 -0.351167 1.042859
49  1.209920 3.994782 -2.003048  -0.239589 -0.358871 0.965176
50  -0.328906 0.095427 1.403532  0.065678 2.943949 1.113689
51  -7.490317 -11.907977 10.013123  1.291897 0.018076 -2.954976
52  -6.162657 -23.540619 -1.954662  -1.570796 -0.000000 1.570796
53  -10.024240 -4.998537 -14.772615  -0.051945 0.000000 1.570796
54  -5.369620 -13.349490 -11.338174  -0.003556 0.008232 -1.538391
55  50.467983 -0.653247 4.371608  0.000000 -0.000000 -0.000023
56  7.834940 -1.604772 4.114126  1.570796 -0.000000 1.538360
time 35
0  0 0 0  0 0 0
1  0.000000 0.000000 0.000000  1.570796 -0.000000 0.000000
2  10.842501 -18.916500 11.243284  0.635598 0.246511 1.390873
3  0.000003 13.479278 -0.000002  0.507550 0.000000 -0.000000
4  -0.000001 13.477238 -0.000001  -0.439200 -0.032885 0.155825
5  -0.267269 3.664724 -1.953292  -0.075062 -0.056357 -1.111618
6  0.000001 1.180355 -0.000003  -0.014482 -0.034450 -1.150017
7  0.000000 0.817136 -0.000002  0.011917 -0.003038 -0.965239
8  -0.249421 3.688540 -0.940887  -0.049468 -0.026125 -0.893204
9  0.000002 1.800632 0.000000  0.002140 0.004913 -0.970562
10  0.000001 1.243406 -0.000004  0.004747 0.004475 -0.826683
11  -0.244726 3.701094 0.087735  0.011525 -0.027234 -0.769428
12  -0.000002 1.766586 -0.000001  0.004104 -0.001403 -0.889729
13  0.000000 1.189004 -0.000003  -0.013063 -0.011941 -0.782432
14  -0.277238 3.632247 1.274105  0.056972 -0.020409 -0.608363
15  0.000002 1.798493 0.000001  0.027755 0.025735 -0.747759
16  -0.000001 1.235452 0.000001  -0.007650 0.003805 -0.530197
17  0.315443 0.857297 0.755947  2.142416 0.507104 1.567006
18  -0.000001 2.265939 0.000002  -0.059540 -0.029733 -0.186621
19  0.000000 1.457810 -0.000000  -0.027135 0.047975 0.086665
20  -1.259680 3.818372 1.286947  0.056972 -0.020409 -0.608363
21  -1.226389 3.891691 0.090421  0.011525 -0.027234 -0.769428
22  -1.231622 3.875531 -0.958680  -0.049468 -0.026125 -0.893204
23  -1.209917 3.994780 -2.003045  -0.075062 -0.056357 -1.111618
24  0.328908 0.095426 1.403534  2.142416 0.507104 1.567006
25  -4.443527 -11.109770 30.896080  0.712337 0.090961 1.425435
26  -12.098812 -12.453417 20.198181  -1.570796 -0.000000 -1.570796
27  10.842501 -18.916500 11.243284  -0.051945 -0.000000 -1.570796
28  -10.024240 -4.998537 -14.772615  1.000321 -0.053905 -2.972792
29  -0.000002 13.479276 0.000001  0.573554 -0.000000 0.000000
30  -0.000000 13.477240 -0.000000  -0.282476 0.018195 -0.072078
31  0.267272 3.664725 -1.953292  -0.239589 -0.358871 0.965176
32  0.000001 1.180355 0.000002  -0.020031 0.031549 0.982232
33  -0.000000 0.817136 -0.000000  0.011243 0.004984 0.797530
34  0.249425 3.688540 -0.940888  -0.234493 -0.351167 1.042859
35  0.000000 1.800633 0.000001  0.001438 -0.005162 1.109575
36  -0.000000 1.243406 0.000002  0.004081 -0.005090 0.965694
37  0.244728 3.701094 0.087734  -0.168214 -0.329396 1.064645
38  0.000001 1.766586 -0.000001  0.004335 0.000146 1.185316
39  -0.000000 1.189004 -0.000000  -0.009018 0.015228 1.078031
40  0.277241 3.632246 1.274102  0.277570 -0.211300 0.246707
41  0.000001 1.798494 -0.000000  0.034904 -0.014638 0.397227
42  -0.000001 1.235452 0.000001  -0.008435 -0.001363 0.831510
43  -0.315439 0.857299 0.755945  0.065678 2.943949 1.113689
44  0.000002 2.265940 0.000001  -0.053381 0.039749 0.363484
45  -0.000000 1.457811 0.000000  -0.052740 0.016002 1.263438
46  1.259683 3.818372 1.286947  0.277570 -0.211300 0.246707
47  1.226393 3.891692 0.090421  -0.168214 -0.329396 1.064645
48  1.231625 3.875532 -0.958679  -0.234493 -0.351167 1.042859
49  1.209921 3.994779 -2.003047  -0.239589 -0.358871 0.965176
50  -0.328904 0.095427 1.403533  0.065678 2.943949 1.113689
51  -7.489954 -11.908680 10.013012  1.291725 0.018114 -2.954371
52  -6.162657 -23.540619 -1.954662  -1.570796 -0.000000 1.570796
53  -10.024240 -4.998537 -14.772615  -0.051945 0.000000 1.570796
54  -5.369620 -13.349490 -11.338174  -0.002942 0.008387 -1.538391
55  50.467987 -0.653247 4.371608  -0.000000 -0.000000 -0.000023
56  7.834940 -1.604773 4.114126  1.570796 0.000000 1.538360
time 36
0  0 0 0  0 0 0
1  0.000000 0.000000 0.000000  1.570796 -0.000000 0.000000
2  10.842501 -18.916500 11.243284  0.635509 0.246365 1.390814
3  0.000001 13.479277 -0.000000  0.507684 0.000000 -0.000000
4  0.000001 13.477242 0.000000  -0.439295 -0.032256 0.156108
5  -0.267269 3.664726 -1.953293  -0.075062 -0.056357 -1.111618
6  0.000001 1.180353 0.000001  -0.014482 -0.034450 -1.150017
7  0.000000 0.817137 0.000001  0.011917 -0.003038 -0.965239
8  -0.249423 3.688541 -0.940889  -0.049468 -0.026125 -0.893204
9  -0.000002 1.800633 -0.000004  0.002140 0.004913 -0.970562
10  -0.000003 1.243403 0.000002  0.004747 0.004475 -0.826682
11  -0.244727 3.701097 0.087734  0.011525 -0.027234 -0.769428
12  -0.000003 1.766584 0.000001  0.004104 -0.001403 -0.889730
13  -0.000003 1.189002 -0.000002  -0.013063 -0.011941 -0.782432
14  -0.277239 3.632247 1.274102  0.056972 -0.020409 -0.608363
15  -0.000001 1.798496 -0.000001  0.027755 0.025735 -0.747759
16  0.000002 1.235451 -0.000000  -0.007650 0.003805 -0.530197
17  0.315441 0.857298 0.755943  2.142416 0.507104 1.567006
18  0.000000 2.265941 0.000001  -0.059540 -0.029733 -0.186621
19  -0.000000 1.457814 0.000000  -0.027135 0.047975 0.086665
20  -1.259681 3.818374 1.286946  0.056972 -0.020409 -0.608363
21  -1.226391 3.891693 0.090420  0.011525 -0.027234 -0.769428
22  -1.231623 3.875534 -0.958680  -0.049468 -0.026125 -0.893204
23  -1.209920 3.994781 -2.003048  -0.075062 -0.056357 -1.111618
24  0.328907 0.095427 1.403532  2.142416 0.507104 1.567006
25  -4.443762 -11.111850 30.896118  0.712354 0.090810 1.426060
26  -12.098812 -12.453417 20.198181  -1.570796 -0.000000 -1.570796
27  10.842501 -18.916500 11.243284  -0.051945 -0.000000 -1.570796
28  -10.024240 -4.998537 -14.772615  1.000309 -0.053917 -2.972800
29  -0.000001 13.479278 0.000001  0.573512 -0.000000 0.000000
30  0.000000 13.477239 0.000001  -0.282582 0.018829 -0.072124
31  0.267270 3.664726 -1.953293  -0.239589 -0.358871 0.965176
32  -0.000001 1.180356 -0.000002  -0.020031 0.031549 0.982232
33  -0.000001 0.817135 -0.000002  0.011243 0.004984 0.797530
34  0.249423 3.688540 -0.940888  -0.234493 -0.351167 1.042859
35  -0.000000 1.800633 0.000000  0.001438 -0.005162 1.109575
36  0.000000 1.243407 0.000001  0.004081 -0.005090 0.965694
37  0.244726 3.701096 0.087733  -0.168214 -0.329396 1.064645
38  -0.000001 1.766584 0.000000  0.004335 0.000146 1.185316
39  -0.000002 1.189005 0.000001  -0.009018 0.015228 1.078031
40  0.277240 3.632247 1.274102  0.277570 -0.211300 0.246707
41  0.000001 1.798494 -0.000001  0.034904 -0.014638 0.397227
42  0.000001 1.235452 0.000000  -0.008435 -0.001363 0.831510
43  -0.315441 0.857300 0.755944  0.065678 2.943949 1.113689
44  -0.000001 2.265940 0.000000  -0.053381 0.039749 0.363484
45  0.000001 1.457811 0.000000  -0.052740 0.016002 1.263438
46  1.259681 3.818375 1.286945  0.277570 -0.211300 0.246707
47  1.226390 3.891692 0.090420  -0.168214 -0.329396 1.064645
48  1.231623 3.875533 -0.958680  -0.234493 -0.351167 1.042859
49  1.209920 3.994781 -2.003047  -0.239589 -0.358871 0.965176
50  -0.328905 0.095429 1.403534  0.065678 2.943949 1.113689
51  -7.489580 -11.909497 10.012916  1.291578 0.018147 -2.953750
52  -6.162657 -23.540619 -1.954662  -1.570796 -0.000000 1.570796
53  -10.024240 -4.998537 -14.772615  -0.051945 0.000000 1.570796
54  -5.369620 -13.349490 -11.338174  -0.002314 0.008519 -1.538391
55  50.467983 -0.653247 4.371607  -0.000000 -0.000000 -0.000023
56  7.834940 -1.604773 4.114126  1.570796 -0.000000 1.538360
time 37
0  0 0 0  0 0 0
1  0.000000 0.000000 0.000000  1.570796 -0.000000 0.000000
2  10.842501 -18.916500 11.243284  0.635443 0.246250 1.390768
3  -0.000001 13.479277 -0.000000  0.507778 0.000000 -0.000000
4  0.000002 13.477236 0.000001  -0.439377 -0.031634 0.156396
5  -0.267269 3.664727 -1.953294  -0.075062 -0.056357 -1.111618
6  0.000001 1.180354 -0.000002  -0.014482 -0.034450 -1.150017
7  -0.000000 0.817136 -0.000002  0.011917 -0.003038 -0.965239
8  -0.249422 3.688541 -0.940890  -0.049468 -0.026125 -0.893204
9  -0.000003 1.800632 -0.000004  0.002140 0.004913 -0.970562
10  -0.000001 1.243406 -0.000000  0.004747 0.004475 -0.826683
11  -0.244726 3.701096 0.087732  0.011525 -0.027234 -0.769428
12  0.000000 1.766586 -0.000000  0.004104 -0.001403 -0.889730
13  -0.000000 1.189004 0.000002  -0.013063 -0.011941 -0.782432
14  -0.277239 3.632249 1.274101  0.056972 -0.020409 -0.608363
15  0.000000 1.798494 0.000002  0.027755 0.025735 -0.747759
16  -0.000004 1.235452 -0.000001  -0.007650 0.003805 -0.530197
17  0.315443 0.857302 0.755945  2.142416 0.507104 1.567006
18  -0.000000 2.265939 0.000000  -0.059540 -0.029733 -0.186621
19  -0.000001 1.457809 0.000001  -0.027135 0.047975 0.086665
20  -1.259681 3.818377 1.286946  0.056972 -0.020409 -0.608363
21  -1.226390 3.891694 0.090419  0.011525 -0.027234 -0.769428
22  -1.231622 3.875535 -0.958681  -0.049468 -0.026125 -0.893204
23  -1.209918 3.994782 -2.003047  -0.075062 -0.056357 -1.111618
24  0.328907 0.095428 1.403532  2.142416 0.507104 1.567006
25  -4.444002 -11.113464 30.896151  0.712367 0.090685 1.426698
26  -12.098812 -12.453417 20.198181  -1.570796 -0.000000 -1.570796
27  10.842501 -18.916500 11.243284  -0.051945 -0.000000 -1.570796
28  -10.024240 -4.998537 -14.772615  1.000300 -0.053928 -2.972807
29  -0.000001 13.479278 0.000000  0.573458 -0.000000 0.000000
30  -0.000001 13.477239 -0.000000  -0.282654 0.019475 -0.072165
31  0.267271 3.664726 -1.953292  -0.239589 -0.358871 0.965176
32  0.000000 1.180356 -0.000001  -0.020031 0.031549 0.982232
33  -0.000001 0.817135 -0.000001  0.011243 0.004984 0.797530
34  0.249424 3.688541 -0.940888  -0.234493 -0.351167 1.042859
35  -0.000001 1.800632 -0.000001  0.001438 -0.005162 1.109575
36  -0.000000 1.243407 -0.000001  0.004081 -0.005090 0.965694
37  0.244728 3.701096 0.087733  -0.168214 -0.329396 1.064645
38  -0.000001 1.766586 -0.000000  0.004335 0.000146 1.185317
39  0.000000 1.189004 0.000000  -0.009018 0.015228 1.078031
40  0.277241 3.632247 1.274103  0.277570 -0.211300 0.246707
41  0.000000 1.798493 0.000002  0.034904 -0.014638 0.397227
42  -0.000001 1.235451 0.000001  -0.008435 -0.001363 0.831510
43  -0.315440 0.857298 0.755945  0.065678 2.943949 1.113689
44  0.000001 2.265939 -0.000001  -0.053381 0.039749 0.363484
45  -0.000001 1.457811 0.000000  -0.052740 0.016002 1.263438
46  1.259682 3.818374 1.286946  0.277570 -0.211300 0.246707
47  1.226392 3.891693 0.090420  -0.168214 -0.329396 1.064645
48  1.231625 3.875534 -0.958679  -0.234493 -0.351167 1.042859
49  1.209921 3.994782 -2.003046  -0.239589 -0.358871 0.965176
50  -0.328904 0.095429 1.403533  0.065678 2.943949 1.113689
51  -7.489197 -11.910427 10.012831  1.291455 0.018176 -2.953116
52  -6.162657 -23.540619 -1.954662  -1.570796 -0.000000 1.570796
53  -10.024240 -4.998537 -14.772615  -0.051945 0.000000 1.570796
54  -5.369620 -13.349490 -11.338174  -0.001673 0.008623 -1.538391
55  50.467983 -0.653247 4.371606  -0.000000 -0.000000 -0.000023
56  7.834942 -1.604773 4.114125  1.570796 -0.000000 1.538360
time 38
0  0 0 0  0 0 0
1  0.000000 0.000000 0.000000  1.570796 -0.000000 0.000000
2  10.842501 -18.916500 11.243284  0.635403 0.246169 1.390736
3  0.000002 13.479276 -0.000001  0.507829 0.000000 -0.000000
4  0.000000 13.477238 -0.000001  -0.439447 -0.031021 0.156688
5  -0.267270 3.664727 -1.953291  -0.075062 -0.056357 -1.111618
6  0.000001 1.180356 -0.000002  -0.014482 -0.034450 -1.150017
7  0.000002 0.817137 0.000002  0.011917 -0.003038 -0.965239
8  -0.249424 3.688541 -0.940887  -0.049468 -0.026125 -0.893204
9  -0.000001 1.800634 0.000001  0.002140 0.004913 -0.970562
10  -0.000001 1.243405 0.000004  0.004747 0.004475 -0.826683
11  -0.244728 3.701097 0.087736  0.011525 -0.027234 -0.769428
12  -0.000001 1.766583 -0.000003  0.004104 -0.001403 -0.889729
13  0.000001 1.189004 -0.000002  -0.013063 -0.011941 -0.782432
14  -0.277240 3.632249 1.274103  0.056972 -0.020409 -0.608363
15  0.000001 1.798493 -0.000001  0.027755 0.025735 -0.747759
16  -0.000002 1.235451 -0.000000  -0.007650 0.003805 -0.530197
17  0.315440 0.857300 0.755944  2.142416 0.507104 1.567006
18  0.000001 2.265938 -0.000001  -0.059540 -0.029733 -0.186621
19  -0.000000 1.457814 -0.000003  -0.027135 0.047975 0.086665
20  -1.259682 3.818373 1.286947  0.056972 -0.020409 -0.608363
21  -1.226392 3.891694 0.090419  0.011525 -0.027234 -0.769428
22  -1.231624 3.875536 -0.958677  -0.049468 -0.026125 -0.893204
23  -1.209919 3.994781 -2.003046  -0.075062 -0.056357 -1.111618
24  0.328906 0.095430 1.403535  2.142416 0.507104 1.567006
25  -4.444244 -11.114586 30.896179  0.712375 0.090587 1.427345
26  -12.098812 -12.453417 20.198181  -1.570796 -0.000000 -1.570796
27  10.842501 -18.916500 11.243284  -0.051945 -0.000000 -1.570796
28  -10.024240 -4.998537 -14.772615  1.000292 -0.053939 -2.972815
29  -0.000001 13.479277 0.000001  0.573392 0.000000 0.000000
30  0.000000 13.477240 -0.000001  -0.282687 0.020132 -0.072201
31  0.267270 3.664727 -1.953292  -0.239589 -0.358871 0.965176
32  0.000000 1.180355 -0.000002  -0.020031 0.031549 0.982232
33  0.000002 0.817135 0.000000  0.011243 0.004984 0.797530
34  0.249423 3.688542 -0.940890  -0.234493 -0.351167 1.042859
35  0.000001 1.800633 0.000000  0.001438 -0.005162 1.109575
36  0.000001 1.243407 -0.000001  0.004081 -0.005090 0.965694
37  0.244727 3.701096 0.087733  -0.168214 -0.329396 1.064645
38  0.000000 1.766585 0.000001  0.004335 0.000146 1.185317
39  -0.000000 1.189004 0.000001  -0.009018 0.015228 1.078031
40  0.277240 3.632249 1.274102  0.277570 -0.211300 0.246707
41  -0.000000 1.798494 0.000002  0.034904 -0.014638 0.397227
42  0.000001 1.235451 -0.000001  -0.008435 -0.001363 0.831510
43  -0.315441 0.857300 0.755943  0.065678 2.943949 1.113689
44  0.000001 2.265939 0.000000  -0.053381 0.039749 0.363484
45  -0.000000 1.457811 -0.000001  -0.052740 0.016002 1.263438
46  1.259681 3.818374 1.286945  0.277570 -0.211300 0.246707
47  1.226391 3.891694 0.090419  -0.168214 -0.329396 1.064645
48  1.231623 3.875535 -0.958680  -0.234493 -0.351167 1.042859
49  1.209919 3.994781 -2.003048  -0.239589 -0.358871 0.965176
50  -0.328906 0.095428 1.403532  0.065678 2.943949 1.113689
51  -7.488808 -11.911469 10.012764  1.291360 0.018200 -2.952471
52  -6.162657 -23.540619 -1.954662  -1.570796 -0.000000 1.570796
53  -10.024240 -4.998537 -14.772615  -0.051945 0.000000 1.570796
54  -5.369620 -13.349490 -11.338174  -0.001025 0.008700 -1.538391
55  50.467983 -0.653247 4.371607  -0.000000 -0.000000 -0.000023
56  7.834940 -1.604772 4.114126  1.570796 -0.000000 1.538360
time 39
0  0 0 0  0 0 0
1  0.000000 0.000000 0.000000  1.570796 -0.000000 0.000000
2  10.842501 -18.916500 11.243284  0.635388 0.246125 1.390718
3  0.000001 13.479276 0.000001  0.507835 0.000000 -0.000000
4  0.000001 13.477236 -0.000001  -0.439502 -0.030422 0.156981
5  -0.267269 3.664727 -1.953292  -0.075062 -0.056357 -1.111618
6  -0.000001 1.180356 0.000001  -0.014482 -0.034450 -1.150017
7  -0.000000 0.817136 -0.000001  0.011917 -0.003038 -0.965239
8  -0.249423 3.688544 -0.940889  -0.049468 -0.026125 -0.893204
9  0.000000 1.800633 -0.000001  0.002140 0.004913 -0.970563
10  0.000002 1.243405 -0.000001  0.004747 0.004475 -0.826683
11  -0.244727 3.701097 0.087734  0.011525 -0.027234 -0.769428
12  -0.000002 1.766586 0.000002  0.004104 -0.001403 -0.889730
13  0.000001 1.189003 0.000000  -0.013063 -0.011941 -0.782432
14  -0.277240 3.632249 1.274103  0.056972 -0.020409 -0.608363
15  0.000001 1.798495 -0.000002  0.027755 0.025735 -0.747759
16  0.000002 1.235452 0.000001  -0.007650 0.003805 -0.530197
17  0.315441 0.857301 0.755945  2.142416 0.507104 1.567006
18  -0.000000 2.265939 0.000001  -0.059540 -0.029733 -0.186621
19  -0.000000 1.457809 -0.000001  -0.027135 0.047975 0.086665
20  -1.259682 3.818375 1.286946  0.056972 -0.020409 -0.608363
21  -1.226390 3.891694 0.090420  0.011525 -0.027234 -0.769428
22  -1.231624 3.875536 -0.958680  -0.049468 -0.026125 -0.893204
23  -1.209920 3.994783 -2.003047  -0.075062 -0.056357 -1.111618
24  0.328906 0.095430 1.403533  2.142416 0.507104 1.567006
25  -4.444490 -11.115185 30.896198  0.712379 0.090519 1.427997
26  -12.098812 -12.453417 20.198181  -1.570796 -0.000000 -1.570796
27  10.842501 -18.916500 11.243284  -0.051945 -0.000000 -1.570796
28  -10.024240 -4.998537 -14.772615  1.000286 -0.053948 -2.972821
29  -0.000001 13.479278 0.000002  0.573314 -0.000000 0.000000
30  -0.000000 13.477240 0.000000  -0.282682 0.020795 -0.072229
31  0.267268 3.664726 -1.953294  -0.239589 -0.358871 0.965176
32  0.000000 1.180356 -0.000000  -0.020031 0.031549 0.982232
33  -0.000001 0.817135 -0.000000  0.011243 0.004984 0.797530
34  0.249422 3.688540 -0.940889  -0.234493 -0.351167 1.042859
35  0.000000 1.800633 0.000001  0.001438 -0.005162 1.109575
36  -0.000001 1.243406 -0.000000  0.004081 -0.005090 0.965694
37  0.244726 3.701096 0.087731  -0.168214 -0.329396 1.064645
38  0.000001 1.766585 -0.000001  0.004335 0.000147 1.185316
39  0.000000 1.189004 0.000001  -0.009018 0.015228 1.078031
40  0.277238 3.632248 1.274101  0.277570 -0.211300 0.246707
41  0.000000 1.798495 0.000002  0.034904 -0.014638 0.397227
42  -0.000001 1.235452 0.000001  -0.008435 -0.001363 0.831510
43  -0.315442 0.857301 0.755943  0.065678 2.943949 1.113689
44  0.000000 2.265939 -0.000000  -0.053381 0.039749 0.363484
45  -0.000001 1.457812 0.000001  -0.052740 0.016002 1.263438
46  1.259680 3.818374 1.286945  0.277570 -0.211300 0.246707
47  1.226389 3.891693 0.090418  -0.168214 -0.329396 1.064645
48  1.231623 3.875534 -0.958681  -0.234493 -0.351167 1.042859
49  1.209918 3.994781 -2.003049  -0.239589 -0.358871 0.965176
50  -0.328907 0.095429 1.403532  0.065678 2.943949 1.113689
51  -7.488415 -11.912623 10.012712  1.291294 0.018218 -2.951821
52  -6.162657 -23.540619 -1.954662  -1.570796 -0.000000 1.570796
53  -10.024240 -4.998537 -14.772615  -0.051945 0.000000 1.570796
54  -5.369620 -13.349490 -11.338174  -0.000371 0.008748 -1.538391
55  50.467979 -0.653247 4.371606  0.000000 -0.000000 -0.000023
56  7.834940 -1.604772 4.114125  1.570796 -0.000000 1.538360
time 40
0  0 0 0  0 0 0
1  0.000000 0.000000 0.000000  1.570796 -0.000000 0.000000
2  10.842501 -18.916500 11.243284  0.635401 0.246118 1.390715
3  0.000001 13.479279 -0.000000  0.507794 0.000000 -0.000000
4  -0.000000 13.477241 0.000000  -0.439542 -0.029842 0.157275
5  -0.267270 3.664728 -1.953292  -0.075062 -0.056357 -1.111618
6  0.000001 1.180354 -0.000004  -0.014482 -0.034450 -1.150017
7  -0.000000 0.817133 -0.000001  0.011917 -0.003038 -0.965239
8  -0.249424 3.688542 -0.940889  -0.049468 -0.026125 -0.893204
9  0.000002 1.800633 -0.000001  0.002140 0.004913 -0.970562
10  -0.000000 1.243404 -0.000003  0.004747 0.004475 -0.826683
11  -0.244726 3.701097 0.087735  0.011525 -0.027234 -0.769428
12  0.000000 1.766585 -0.000002  0.004104 -0.001403 -0.889729
13  0.000000 1.189004 -0.000000  -0.013063 -0.011941 -0.782432
14  -0.277240 3.632249 1.274103  0.056972 -0.020409 -0.608363
15  -0.000002 1.798494 0.000001  0.027755 0.025735 -0.747759
16  -0.000000 1.235452 0.000001  -0.007650 0.003805 -0.530197
17  0.315440 0.857301 0.755945  2.142416 0.507104 1.567006
18  0.000000 2.265940 0.000003  -0.059540 -0.029733 -0.186621
19  -0.000001 1.457808 0.000002  -0.027135 0.047975 0.086665
20  -1.259682 3.818376 1.286947  0.056972 -0.020409 -0.608363
21  -1.226391 3.891694 0.090417  0.011525 -0.027234 -0.769428
22  -1.231623 3.875534 -0.958682  -0.049468 -0.026125 -0.893204
23  -1.209920 3.994784 -2.003047  -0.075062 -0.056357 -1.111618
24  0.328906 0.095431 1.403534  2.142416 0.507104 1.567006
25  -4.444736 -11.115235 30.896212  0.712379 0.090481 1.428651
26  -12.098812 -12.453417 20.198181  -1.570796 -0.000000 -1.570796
27  10.842501 -18.916500 11.243284  -0.051945 -0.000000 -1.570796
28  -10.024240 -4.998537 -14.772615  1.000283 -0.053957 -2.972827
29  -0.000000 13.479277 0.000002  0.573224 0.000000 0.000000
30  -0.000000 13.477239 -0.000001  -0.282637 0.021461 -0.072251
31  0.267269 3.664725 -1.953294  -0.239589 -0.358871 0.965176
32  0.000001 1.180354 0.000001  -0.020031 0.031549 0.982232
33  -0.000000 0.817135 0.000001  0.011243 0.004984 0.797530
34  0.249422 3.688540 -0.940890  -0.234493 -0.351167 1.042859
35  0.000000 1.800633 0.000001  0.001438 -0.005162 1.109575
36  0.000001 1.243406 0.000002  0.004081 -0.005090 0.965694
37  0.244726 3.701095 0.087733  -0.168214 -0.329396 1.064645
38  -0.000000 1.766584 0.000001  0.004335 0.000146 1.185317
39  0.000000 1.189003 0.000001  -0.009018 0.015228 1.078031
40  0.277239 3.632247 1.274102  0.277570 -0.211300 0.246707
41  0.000000 1.798494 0.000000  0.034904 -0.014638 0.397227
42  -0.000001 1.235452 0.000000  -0.008435 -0.001363 0.831510
43  -0.315442 0.857298 0.755944  0.065678 2.943949 1.113689
44  0.000000 2.265939 -0.000001  -0.053381 0.039749 0.363484
45  -0.000001 1.457811 -0.000001  -0.052740 0.016002 1.263438
46  1.259680 3.818373 1.286945  0.277570 -0.211300 0.246707
47  1.226390 3.891692 0.090418  -0.168214 -0.329396 1.064645
48  1.231622 3.875533 -0.958680  -0.234493 -0.351167 1.042859
49  1.209918 3.994780 -2.003048  -0.239589 -0.358871 0.965176
50  -0.328907 0.095427 1.403533  0.065678 2.943949 1.113689
51  -7.488020 -11.913884 10.012678  1.291258 0.018231 -2.951168
52  -6.162657 -23.540619 -1.954662  -1.570796 -0.000000 1.570796
53  -10.024240 -4.998537 -14.772615  -0.051945 0.000000 1.570796
54  -5.369620 -13.349490 -11.338174  0.000284 0.008764 -1.538391
55  50.467979 -0.653247 4.371605  -0.000000 -0.000000 -0.000023
56  7.834939 -1.604773 4.114124  1.570796 -0.000000 1.538360
time 41
0  0 0 0  0 0 0
1  0.000000 0.000000 0.000000  1.570796 -0.000000 0.000000
2  10.842501 -18.916500 11.243284  0.635442 0.246150 1.390728
3  0.000001 13.479278 0.000001  0.507704 -0.000000 -0.000000
4  0.000002 13.477241 0.000000  -0.439567 -0.029283 0.157567
5  -0.267270 3.664727 -1.953295  -0.075062 -0.056357 -1.111618
6  0.000000 1.180353 -0.000004  -0.014482 -0.034450 -1.150017
7  0.000000 0.817135 -0.000001  0.011917 -0.003038 -0.965239
8  -0.249422 3.688540 -0.940893  -0.049468 -0.026125 -0.893204
9  -0.000000 1.800632 0.000000  0.002140 0.004913 -0.970562
10  -0.000002 1.243403 -0.000000  0.004747 0.004475 -0.826683
11  -0.244726 3.701096 0.087731  0.011525 -0.027234 -0.769428
12  0.000001 1.766586 0.000001  0.004104 -0.001403 -0.889729
13  0.000000 1.189003 0.000002  -0.013063 -0.011941 -0.782432
14  -0.277240 3.632247 1.274098  0.056972 -0.020409 -0.608363
15  -0.000001 1.798496 0.000001  0.027755 0.025735 -0.747759
16  0.000001 1.235452 0.000000  -0.007650 0.003805 -0.530197
17  0.315442 0.857299 0.755940  2.142416 0.507104 1.567006
18  -0.000001 2.265941 0.000001  -0.059540 -0.029733 -0.186621
19  0.000000 1.457811 0.000002  -0.027135 0.047975 0.086665
20  -1.259682 3.818375 1.286944  0.056972 -0.020409 -0.608363
21  -1.226390 3.891692 0.090416  0.011525 -0.027234 -0.769428
22  -1.231623 3.875534 -0.958684  -0.049468 -0.026125 -0.893204
23  -1.209919 3.994780 -2.003051  -0.075062 -0.056357 -1.111618
24  0.328907 0.095429 1.403531  2.142416 0.507104 1.567006
25  -4.444982 -11.114719 30.896221  0.712374 0.090475 1.429304
26  -12.098812 -12.453417 20.198181  -1.570796 -0.000000 -1.570796
27  10.842501 -18.916500 11.243284  -0.051945 -0.000000 -1.570796
28  -10.024240 -4.998537 -14.772615  1.000282 -0.053966 -2.972833
29  -0.000001 13.479279 0.000001  0.573121 -0.000000 0.000000
30  0.000001 13.477239 -0.000000  -0.282550 0.022127 -0.072265
31  0.267268 3.664725 -1.953293  -0.239589 -0.358871 0.965176
32  -0.000001 1.180355 -0.000001  -0.020031 0.031549 0.982232
33  -0.000000 0.817134 -0.000001  0.011243 0.004984 0.797530
34  0.249422 3.688541 -0.940889  -0.234493 -0.351167 1.042859
35  -0.000001 1.800633 -0.000000  0.001438 -0.005162 1.109575
36  -0.000000 1.243404 -0.000001  0.004081 -0.005090 0.965694
37  0.244726 3.701095 0.087731  -0.168214 -0.329396 1.064645
38  -0.000000 1.766584 0.000002  0.004335 0.000146 1.185316
39  0.000001 1.189002 -0.000000  -0.009018 0.015228 1.078031
40  0.277239 3.632248 1.274101  0.277570 -0.211300 0.246706
41  0.000000 1.798496 -0.000000  0.034904 -0.014638 0.397227
42  -0.000001 1.235451 -0.000001  -0.008435 -0.001363 0.831510
43  -0.315442 0.857299 0.755943  0.065678 2.943949 1.113689
44  -0.000001 2.265939 0.000000  -0.053381 0.039749 0.363484
45  0.000002 1.457812 0.000002  -0.052740 0.016002 1.263438
46  1.259681 3.818374 1.286945  0.277570 -0.211300 0.246707
47  1.226389 3.891693 0.090419  -0.168214 -0.329396 1.064645
48  1.231622 3.875533 -0.958681  -0.234493 -0.351167 1.042859
49  1.209918 3.994781 -2.003049  -0.239589 -0.358871 0.965176
50  -0.328907 0.095427 1.403532  0.065678 2.943949 1.113689
51  -7.487624 -11.915251 10.012665  1.291254 0.018238 -2.950515
52  -6.162657 -23.540619 -1.954662  -1.570796 -0.000000 1.570796
53  -10.024240 -4.998537 -14.772615  -0.051945 0.000000 1.570796
54  -5.369620 -13.349490 -11.338174  0.000937 0.008748 -1.538391
55  50.467979 -0.653248 4.371606  0.000000 -0.000000 -0.000023
56  7.834940 -1.604773 4.114125  1.570796 -0.000000 1.538360
time 42
0  0 0 0  0 0 0
1  0.000000 0.000000 0.000000  1.570796 -0.000000 0.000000
2  10.842501 -18.916500 11.243284  0.635510 0.246220 1.390756
3  0.000001 13.479277 -0.000002  0.507568 -0.000000 -0.000000
4  0.000001 13.477236 -0.000000  -0.439576 -0.028748 0.157857
5  -0.267271 3.664726 -1.953292  -0.075062 -0.056357 -1.111618
6  0.000000 1.180353 -0.000002  -0.014482 -0.034450 -1.150017
7  0.000000 0.817137 0.000002  0.011917 -0.003038 -0.965239
8  -0.249423 3.688541 -0.940888  -0.049468 -0.026125 -0.893204
9  -0.000000 1.800632 -0.000002  0.002140 0.004913 -0.970562
10  0.000001 1.243406 -0.000002  0.004747 0.004475 -0.826682
11  -0.244727 3.701094 0.087731  0.011525 -0.027234 -0.769428
12  0.000002 1.766584 0.000002  0.004104 -0.001403 -0.889730
13  0.000000 1.189003 0.000001  -0.013063 -0.011941 -0.782432
14  -0.277240 3.632246 1.274100  0.056972 -0.020409 -0.608363
15  0.000000 1.798494 -0.000001  0.027755 0.025735 -0.747760
16  -0.000000 1.235451 -0.000001  -0.007650 0.003805 -0.530197
17  0.315441 0.857299 0.755943  2.142416 0.507104 1.567006
18  -0.000002 2.265939 0.000001  -0.059540 -0.029733 -0.186621
19  0.000000 1.457812 0.000001  -0.027135 0.047975 0.086665
20  -1.259681 3.818374 1.286945  0.056972 -0.020409 -0.608363
21  -1.226391 3.891694 0.090421  0.011525 -0.027234 -0.769428
22  -1.231623 3.875533 -0.958679  -0.049468 -0.026125 -0.893204
23  -1.209919 3.994780 -2.003048  -0.075062 -0.056357 -1.111618
24  0.328905 0.095429 1.403532  2.142416 0.507104 1.567006
25  -4.445227 -11.113657 30.896219  0.712365 0.090501 1.429952
26  -12.098812 -12.453417 20.198181  -1.570796 -0.000000 -1.570796
27  10.842501 -18.916500 11.243284  -0.051945 -0.000000 -1.570796
28  -10.024240 -4.998537 -14.772615  1.000283 -0.053973 -2.972838
29  -0.000001 13.479278 0.000001  0.573008 -0.000000 0.000000
30  -0.000001 13.477238 -0.000001  -0.282423 0.022789 -0.072273
31  0.267268 3.664725 -1.953293  -0.239589 -0.358871 0.965176
32  -0.000001 1.180354 -0.000002  -0.020031 0.031549 0.982232
33  -0.000001 0.817136 -0.000003  0.011243 0.004984 0.797530
34  0.249421 3.688541 -0.940889  -0.234493 -0.351167 1.042859
35  0.000000 1.800632 0.000000  0.001438 -0.005162 1.109575
36  0.000001 1.243406 -0.000000  0.004081 -0.005090 0.965694
37  0.244725 3.701095 0.087734  -0.168214 -0.329396 1.064645
38  -0.000001 1.766584 -0.000000  0.004335 0.000146 1.185317
39  -0.000000 1.189004 0.000001  -0.009018 0.015228 1.078031
40  0.277238 3.632246 1.274102  0.277570 -0.211300 0.246707
41  -0.000001 1.798494 -0.000001  0.034904 -0.014638 0.397227
42  0.000003 1.235452 0.000000  -0.008435 -0.001363 0.831510
43  -0.315443 0.857300 0.755945  0.065678 2.943949 1.113689
44  -0.000001 2.265940 -0.000000  -0.053381 0.039749 0.363484
45  -0.000001 1.457810 -0.000000  -0.052740 0.016002 1.263438
46  1.259679 3.818373 1.286945  0.277570 -0.211300 0.246707
47  1.226389 3.891693 0.090419  -0.168214 -0.329396 1.064645
48  1.231622 3.875533 -0.958680  -0.234493 -0.351167 1.042859
49  1.209917 3.994781 -2.003047  -0.239589 -0.358871 0.965176
50  -0.328907 0.095428 1.403532  0.065678 2.943949 1.113689
51  -7.487231 -11.916712 10.012667  1.291281 0.018238 -2.949865
52  -6.162657 -23.540619 -1.954662  -1.570796 -0.000000 1.570796
53  -10.024240 -4.998537 -14.772615  -0.051945 0.000000 1.570796
54  -5.369620 -13.349490 -11.338174  0.001585 0.008700 -1.538391
55  50.467983 -0.653247 4.371605  0.000000 -0.000000 -0.000023
56  7.834942 -1.604772 4.114125  1.570796 -0.000000 1.538360
time 43
0  0 0 0  0 0 0
1  0.000000 0.000000 0.000000  1.570796 -0.000000 0.000000
2  10.842501 -18.916500 11.243284  0.635603 0.246326 1.390799
3  0.000001 13.479278 -0.000002  0.507388 0.000000 -0.000000
4  -0.000000 13.477238 -0.000001  -0.439571 -0.028239 0.158143
5  -0.267270 3.664727 -1.953292  -0.075062 -0.056357 -1.111618
6  0.000002 1.180356 0.000003  -0.014482 -0.034450 -1.150017
7  0.000002 0.817133 -0.000001  0.011917 -0.003038 -0.965239
8  -0.249424 3.688542 -0.940887  -0.049468 -0.026125 -0.893204
9  0.000000 1.800633 -0.000003  0.002140 0.004912 -0.970562
10  -0.000001 1.243406 0.000004  0.004747 0.004475 -0.826683
11  -0.244727 3.701097 0.087734  0.011525 -0.027234 -0.769428
12  0.000002 1.766584 0.000001  0.004104 -0.001403 -0.889730
13  0.000003 1.189003 -0.000002  -0.013063 -0.011941 -0.782432
14  -0.277240 3.632248 1.274104  0.056972 -0.020409 -0.608363
15  0.000001 1.798493 0.000001  0.027755 0.025735 -0.747759
16  0.000004 1.235451 -0.000001  -0.007650 0.003805 -0.530197
17  0.315441 0.857299 0.755944  2.142416 0.507104 1.567006
18  -0.000001 2.265939 0.000000  -0.059540 -0.029733 -0.186621
19  0.000001 1.457810 0.000001  -0.027135 0.047975 0.086665
20  -1.259682 3.818374 1.286947  0.056972 -0.020409 -0.608363
21  -1.226391 3.891692 0.090419  0.011525 -0.027234 -0.769428
22  -1.231623 3.875535 -0.958680  -0.049468 -0.026125 -0.893204
23  -1.209920 3.994780 -2.003049  -0.075062 -0.056357 -1.111618
24  0.328906 0.095426 1.403532  2.142416 0.507104 1.567006
25  -4.445469 -11.112077 30.896212  0.712351 0.090555 1.430592
26  -12.098812 -12.453417 20.198181  -1.570796 -0.000000 -1.570796
27  10.842501 -18.916500 11.243284  -0.051945 -0.000000 -1.570796
28  -10.024240 -4.998537 -14.772615  1.000286 -0.053979 -2.972842
29  -0.000001 13.479279 0.000001  0.572884 -0.000000 0.000000
30  -0.000001 13.477240 -0.000000  -0.282258 0.023444 -0.072273
31  0.267270 3.664728 -1.953293  -0.239589 -0.358871 0.965176
32  -0.000001 1.180354 -0.000000  -0.020031 0.031549 0.982232
33  -0.000001 0.817135 0.000001  0.011243 0.004984 0.797530
34  0.249423 3.688543 -0.940889  -0.234493 -0.351167 1.042859
35  -0.000001 1.800633 0.000000  0.001438 -0.005162 1.109575
36  -0.000000 1.243406 -0.000000  0.004081 -0.005090 0.965694
37  0.244726 3.701096 0.087733  -0.168214 -0.329396 1.064645
38  0.000001 1.766583 -0.000000  0.004335 0.000146 1.185317
39  0.000001 1.189005 -0.000001  -0.009018 0.015228 1.078031
40  0.277239 3.632250 1.274102  0.277570 -0.211300 0.246707
41  0.000000 1.798494 0.000001  0.034904 -0.014638 0.397227
42  -0.000000 1.235449 0.000001  -0.008435 -0.001363 0.831510
43  -0.315441 0.857301 0.755943  0.065678 2.943949 1.113689
44  0.000000 2.265939 -0.000000  -0.053381 0.039749 0.363485
45  0.000001 1.457812 -0.000000  -0.052740 0.016002 1.263438
46  1.259682 3.818375 1.286946  0.277570 -0.211300 0.246707
47  1.226391 3.891694 0.090419  -0.168214 -0.329396 1.064645
48  1.231623 3.875536 -0.958681  -0.234493 -0.351167 1.042859
49  1.209919 3.994782 -2.003047  -0.239589 -0.358871 0.965176
50  -0.328906 0.095429 1.403533  0.065678 2.943949 1.113689
51  -7.486840 -11.918259 10.012688  1.291337 0.018233 -2.949223
52  -6.162657 -23.540619 -1.954662  -1.570796 -0.000000 1.570796
53  -10.024240 -4.998537 -14.772615  -0.051945 0.000000 1.570796
54  -5.369620 -13.349490 -11.338174  0.002224 0.008623 -1.538391
55  50.467979 -0.653247 4.371607  0.000000 -0.000000 -0.000023
56  7.834941 -1.604772 4.114126  1.570796 0.000000 1.538360
time 44
0  0 0 0  0 0 0
1  0.000000 0.000000 0.000000  1.570796 -0.000000 0.000000
2  10.842501 -18.916500 11.243284  0.635721 0.246465 1.390854
3  0.000001 13.479275 -0.000000  0.507168 0.000000 -0.000000
4  -0.000002 13.477239 -0.000001  -0.439551 -0.027756 0.158424
5  -0.267268 3.664725 -1.953291  -0.075062 -0.056357 -1.111618
6  0.000003 1.180355 -0.000003  -0.014482 -0.034450 -1.150017
7  0.000001 0.817135 0.000000  0.011917 -0.003038 -0.965239
8  -0.249422 3.688543 -0.940887  -0.049468 -0.026125 -0.893204
9  0.000002 1.800633 -0.000001  0.002140 0.004913 -0.970563
10  0.000001 1.243406 -0.000004  0.004747 0.004475 -0.826683
11  -0.244726 3.701097 0.087735  0.011525 -0.027234 -0.769428
12  -0.000001 1.766583 -0.000000  0.004104 -0.001403 -0.889729
13  -0.000001 1.189004 0.000001  -0.013063 -0.011941 -0.782432
14  -0.277239 3.632249 1.274105  0.056972 -0.020409 -0.608363
15  0.000000 1.798496 0.000004  0.027755 0.025735 -0.747759
16  0.000001 1.235450 -0.000004  -0.007650 0.003805 -0.530197
17  0.315443 0.857299 0.755944  2.142416 0.507104 1.567006
18  0.000000 2.265941 0.000003  -0.059540 -0.029733 -0.186621
19  -0.000000 1.457809 0.000002  -0.027135 0.047975 0.086665
20  -1.259680 3.818374 1.286947  0.056972 -0.020409 -0.608363
21  -1.226390 3.891693 0.090422  0.011525 -0.027234 -0.769428
22  -1.231622 3.875534 -0.958680  -0.049468 -0.026125 -0.893204
23  -1.209918 3.994781 -2.003047  -0.075062 -0.056357 -1.111618
24  0.328907 0.095429 1.403533  2.142416 0.507104 1.567006
25  -4.445707 -11.110012 30.896196  0.712334 0.090638 1.431222
26  -12.098812 -12.453417 20.198181  -1.570796 -0.000000 -1.570796
27  10.842501 -18.916500 11.243284  -0.051945 -0.000000 -1.570796
28  -10.024240 -4.998537 -14.772615  1.000291 -0.053984 -2.972846
29  -0.000001 13.479277 0.000002  0.572752 -0.000000 0.000000
30  -0.000000 13.477241 -0.000000  -0.282059 0.024090 -0.072266
31  0.267270 3.664725 -1.953292  -0.239589 -0.358871 0.965176
32  0.000001 1.180356 -0.000000  -0.020031 0.031549 0.982232
33  0.000000 0.817135 -0.000001  0.011243 0.004984 0.797530
34  0.249424 3.688541 -0.940889  -0.234493 -0.351167 1.042859
35  -0.000001 1.800633 0.000001  0.001438 -0.005162 1.109575
36  0.000001 1.243406 0.000001  0.004081 -0.005090 0.965694
37  0.244727 3.701096 0.087732  -0.168214 -0.329396 1.064645
38  -0.000002 1.766585 0.000000  0.004335 0.000146 1.185317
39  0.000000 1.189005 -0.000000  -0.009018 0.015228 1.078031
40  0.277240 3.632246 1.274101  0.277570 -0.211300 0.246707
41  0.000000 1.798495 -0.000000  0.034904 -0.014638 0.397227
42  -0.000002 1.235451 0.000000  -0.008435 -0.001363 0.831510
43  -0.315441 0.857299 0.755943  0.065678 2.943949 1.113689
44  0.000001 2.265939 -0.000000  -0.053381 0.039749 0.363484
45  0.000000 1.457811 0.000001  -0.052740 0.016002 1.263438
46  1.259682 3.818375 1.286945  0.277570 -0.211300 0.246707
47  1.226392 3.891693 0.090419  -0.168214 -0.329396 1.064645
48  1.231624 3.875534 -0.958680  -0.234493 -0.351167 1.042859
49  1.209919 3.994781 -2.003048  -0.239589 -0.358871 0.965176
50  -0.328905 0.095428 1.403532  0.065678 2.943949 1.113689
51  -7.486456 -11.919877 10.012724  1.291422 0.018222 -2.948590
52  -6.162657 -23.540619 -1.954662  -1.570796 -0.000000 1.570796
53  -10.024240 -4.998537 -14.772615  -0.051945 0.000000 1.570796
54  -5.369620 -13.349490 -11.338174  0.002852 0.008519 -1.538391
55  50.467979 -0.653247 4.371606  -0.000000 -0.000000 -0.000023
56  7.834941 -1.604773 4.114125  1.570796 0.000000 1.538360
time 45
0  0 0 0  0 0 0
1  0.000000 0.000000 0.000000  1.570796 -0.000000 0.000000
2  10.842501 -18.916500 11.243284  0.635860 0.246636 1.390923
3  0.000002 13.479276 -0.000001  0.506909 0.000000 -0.000000
4  -0.000000 13.477240 0.000001  -0.439519 -0.027303 0.158699
5  -0.267269 3.664725 -1.953295  -0.075062 -0.056357 -1.111618
6  0.000001 1.180355 0.000003  -0.014482 -0.034450 -1.150017
7  -0.000000 0.817137 0.000001  0.011917 -0.003038 -0.965239
8  -0.249422 3.688538 -0.940891  -0.049468 -0.026125 -0.893204
9  0.000001 1.800634 -0.000003  0.002140 0.004913 -0.970562
10  -0.000003 1.243405 0.000003  0.004747 0.004475 -0.826683
11  -0.244726 3.701095 0.087731  0.011525 -0.027234 -0.769428
12  0.000000 1.766586 0.000002  0.004104 -0.001403 -0.889730
13  0.000001 1.189004 -0.000001  -0.013063 -0.011941 -0.782432
14  -0.277239 3.632247 1.274100  0.056972 -0.020409 -0.608363
15  0.000001 1.798493 -0.000001  0.027755 0.025735 -0.747759
16  0.000000 1.235451 -0.000001  -0.007650 0.003805 -0.530197
17  0.315441 0.857299 0.755943  2.142416 0.507104 1.567006
18  0.000000 2.265938 -0.000000  -0.059540 -0.029733 -0.186621
19  0.000000 1.457812 -0.000003  -0.027135 0.047975 0.086665
20  -1.259681 3.818374 1.286945  0.056972 -0.020409 -0.608363
21  -1.226390 3.891692 0.090418  0.011525 -0.027234 -0.769428
22  -1.231622 3.875534 -0.958681  -0.049468 -0.026125 -0.893204
23  -1.209919 3.994780 -2.003049  -0.075062 -0.056357 -1.111618
24  0.328907 0.095425 1.403531  2.142416 0.507104 1.567006
25  -4.445940 -11.107491 30.896175  0.712313 0.090748 1.431838
26  -12.098812 -12.453417 20.198181  -1.570796 -0.000000 -1.570796
27  10.842501 -18.916500 11.243284  -0.051945 -0.000000 -1.570796
28  -10.024240 -4.998537 -14.772615  1.000299 -0.053989 -2.972848
29  -0.000000 13.479278 0.000001  0.572610 -0.000000 0.000000
30  -0.000000 13.477238 -0.000000  -0.281826 0.024722 -0.072252
31  0.267269 3.664726 -1.953292  -0.239589 -0.358871 0.965176
32  -0.000001 1.180356 0.000000  -0.020031 0.031549 0.982232
33  0.000000 0.817135 -0.000001  0.011243 0.004984 0.797530
34  0.249422 3.688542 -0.940888  -0.234493 -0.351167 1.042859
35  0.000000 1.800633 0.000001  0.001438 -0.005162 1.109575
36  -0.000000 1.243407 -0.000000  0.004081 -0.005090 0.965694
37  0.244727 3.701096 0.087733  -0.168214 -0.329396 1.064645
38  0.000001 1.766584 0.000001  0.004335 0.000146 1.185317
39  -0.000000 1.189004 0.000003  -0.009018 0.015228 1.078031
40  0.277240 3.632248 1.274103  0.277570 -0.211300 0.246707
41  0.000000 1.798494 0.000001  0.034904 -0.014638 0.397227
42  -0.000001 1.235451 0.000000  -0.008435 -0.001363 0.831510
43  -0.315441 0.857301 0.755945  0.065678 2.943949 1.113689
44  0.000000 2.265939 0.000000  -0.053381 0.039749 0.363484
45  0.000000 1.457810 0.000001  -0.052740 0.016002 1.263438
46  1.259682 3.818376 1.286946  0.277570 -0.211300 0.246707
47  1.226391 3.891692 0.090421  -0.168214 -0.329396 1.064645
48  1.231623 3.875534 -0.958679  -0.234493 -0.351167 1.042859
49  1.209919 3.994782 -2.003046  -0.239589 -0.358871 0.965176
50  -0.328905 0.095429 1.403534  0.065678 2.943949 1.113689
51  -7.486078 -11.921556 10.012779  1.291532 0.018206 -2.947970
52  -6.162657 -23.540619 -1.954662  -1.570796 -0.000000 1.570796
53  -10.024240 -4.998537 -14.772615  -0.051945 0.000000 1.570796
54  -5.369620 -13.349490 -11.338174  0.003466 0.008387 -1.538391
55  50.467979 -0.653247 4.371607  -0.000000 -0.000000 -0.000023
56  7.834943 -1.604773 4.114126  1.570796 0.000000 1.538360
time 46
0  0 0 0  0 0 0
1  0.000000 0.000000 0.000000  1.570796 -0.000000 0.000000
2  10.842501 -18.916500 11.243284  0.636021 0.246837 1.391004
3  0.000001 13.479277 0.000001  0.506615 0.000000 -0.000000
4  0.000001 13.477240 -0.000001  -0.439473 -0.026880 0.158965
5  -0.267270 3.664726 -1.953295  -0.075062 -0.056357 -1.111618
6  -0.000002 1.180355 -0.000000  -0.014482 -0.034450 -1.150017
7  0.000000 0.817135 0.000000  0.011917 -0.003038 -0.965239
8  -0.249423 3.688542 -0.940891  -0.049468 -0.026125 -0.893204
9  -0.000004 1.800634 -0.000002  0.002140 0.004913 -0.970562
10  -0.000000 1.243406 -0.000001  0.004747 0.004475 -0.826683
11  -0.244727 3.701094 0.087730  0.011525 -0.027234 -0.769428
12  -0.000003 1.766584 -0.000001  0.004104 -0.001403 -0.889729
13  0.000001 1.189004 -0.000001  -0.013063 -0.011941 -0.782432
14  -0.277240 3.632246 1.274098  0.056972 -0.020409 -0.608363
15  0.000001 1.798493 -0.000003  0.027755 0.025735 -0.747759
16  0.000000 1.235452 -0.000000  -0.007650 0.003805 -0.530197
17  0.315441 0.857298 0.755942  2.142416 0.507104 1.567006
18  0.000001 2.265942 0.000002  -0.059540 -0.029733 -0.186621
19  0.000001 1.457812 -0.000001  -0.027135 0.047975 0.086665
20  -1.259681 3.818373 1.286944  0.056972 -0.020409 -0.608363
21  -1.226392 3.891693 0.090417  0.011525 -0.027234 -0.769428
22  -1.231623 3.875533 -0.958682  -0.049468 -0.026125 -0.893204
23  -1.209919 3.994780 -2.003049  -0.075062 -0.056357 -1.111618
24  0.328905 0.095428 1.403529  2.142416 0.507104 1.567006
25  -4.446167 -11.104541 30.896151  0.712289 0.090882 1.432436
26  -12.098812 -12.453417 20.198181  -1.570796 -0.000000 -1.570796
27  10.842501 -18.916500 11.243284  -0.051945 -0.000000 -1.570796
28  -10.024240 -4.998537 -14.772615  1.000309 -0.053992 -2.972851
29  -0.000001 13.479277 0.000001  0.572462 -0.000000 0.000000
30  0.000001 13.477240 0.000001  -0.281563 0.025338 -0.072232
31  0.267270 3.664727 -1.953294  -0.239589 -0.358871 0.965176
32  0.000001 1.180356 -0.000001  -0.020031 0.031549 0.982232
33  -0.000001 0.817136 0.000000  0.011243 0.004984 0.797530
34  0.249423 3.688542 -0.940889  -0.234493 -0.351167 1.042859
35  0.000001 1.800632 0.000002  0.001438 -0.005162 1.109575
36  0.000001 1.243405 0.000001  0.004081 -0.005090 0.965694
37  0.244726 3.701096 0.087732  -0.168214 -0.329396 1.064645
38  0.000000 1.766586 -0.000001  0.004335 0.000146 1.185317
39  -0.000001 1.189004 0.000001  -0.009018 0.015228 1.078031
40  0.277240 3.632249 1.274101  0.277570 -0.211300 0.246707
41  0.000001 1.798494 -0.000001  0.034904 -0.014638 0.397227
42  -0.000001 1.235450 0.000001  -0.008435 -0.001363 0.831510
43  -0.315440 0.857300 0.755943  0.065678 2.943949 1.113689
44  0.000001 2.265939 0.000000  -0.053381 0.039749 0.363485
45  0.000000 1.457810 -0.000001  -0.052740 0.016002 1.263438
46  1.259681 3.818376 1.286946  0.277570 -0.211300 0.246707
47  1.226391 3.891694 0.090418  -0.168214 -0.329396 1.064645
48  1.231623 3.875535 -0.958680  -0.234493 -0.351167 1.042859
49  1.209919 3.994781 -2.003048  -0.239589 -0.358871 0.965176
50  -0.328906 0.095430 1.403532  0.065678 2.943949 1.113689
51  -7.485711 -11.923283 10.012848  1.291667 0.018184 -2.947366
52  -6.162657 -23.540619 -1.954662  -1.570796 -0.000000 1.570796
53  -10.024240 -4.998537 -14.772615  -0.051945 0.000000 1.570796
54  -5.369620 -13.349490 -11.338174  0.004063 0.008232 -1.538391
55  50.467983 -0.653247 4.371608  0.000000 -0.000000 -0.000023
56  7.834942 -1.604773 4.114126  1.570796 0.000000 1.538360
time 47
0  0 0 0  0 0 0
1  0.000000 0.000000 0.000000  1.570796 -0.000000 0.000000
2  10.842501 -18.916500 11.243284  0.636201 0.247065 1.391095
3  0.000000 13.479277 0.000000  0.506288 0.000000 -0.000000
4  -0.000000 13.477238 -0.000001  -0.439415 -0.026489 0.159222
5  -0.267270 3.664726 -1.953291  -0.075062 -0.056357 -1.111618
6  -0.000001 1.180354 -0.000002  -0.014482 -0.034450 -1.150017
7  -0.000001 0.817134 -0.000001  0.011917 -0.003038 -0.965239
8  -0.249423 3.688540 -0.940889  -0.049468 -0.026125 -0.893204
9  0.000001 1.800632 0.000001  0.002140 0.004913 -0.970563
10  0.000004 1.243407 -0.000001  0.004747 0.004475 -0.826683
11  -0.244727 3.701098 0.087737  0.011525 -0.027234 -0.769428
12  -0.000002 1.766582 0.000001  0.004104 -0.001403 -0.889730
13  -0.000002 1.189003 0.000002  -0.013063 -0.011941 -0.782432
14  -0.277240 3.632248 1.274105  0.056972 -0.020409 -0.608363
15  0.000000 1.798496 -0.000001  0.027755 0.025735 -0.747760
16  0.000004 1.235452 -0.000002  -0.007650 0.003805 -0.530197
17  0.315440 0.857301 0.755946  2.142416 0.507104 1.567006
18  -0.000001 2.265939 -0.000000  -0.059540 -0.029733 -0.186621
19  -0.000000 1.457811 -0.000001  -0.027135 0.047975 0.086665
20  -1.259681 3.818376 1.286949  0.056972 -0.020409 -0.608363
21  -1.226391 3.891693 0.090422  0.011525 -0.027234 -0.769428
22  -1.231624 3.875537 -0.958675  -0.049468 -0.026125 -0.893204
23  -1.209921 3.994784 -2.003043  -0.075062 -0.056357 -1.111618
24  0.328906 0.095427 1.403533  2.142416 0.507104 1.567006
25  -4.446387 -11.101194 30.896116  0.712263 0.091040 1.433015
26  -12.098812 -12.453417 20.198181  -1.570796 -0.000000 -1.570796
27  10.842501 -18.916500 11.243284  -0.051945 -0.000000 -1.570796
28  -10.024240 -4.998537 -14.772615  1.000320 -0.053995 -2.972852
29  -0.000001 13.479276 0.000002  0.572308 0.000000 0.000000
30  -0.000001 13.477239 -0.000001  -0.281273 0.025934 -0.072206
31  0.267270 3.664726 -1.953292  -0.239589 -0.358871 0.965176
32  -0.000001 1.180354 -0.000000  -0.020031 0.031549 0.982232
33  -0.000000 0.817135 -0.000000  0.011243 0.004984 0.797530
34  0.249423 3.688540 -0.940887  -0.234493 -0.351167 1.042859
35  0.000001 1.800634 0.000001  0.001438 -0.005162 1.109575
36  -0.000001 1.243407 -0.000001  0.004081 -0.005090 0.965694
37  0.244727 3.701096 0.087733  -0.168214 -0.329396 1.064645
38  0.000001 1.766586 -0.000001  0.004335 0.000146 1.185317
39  0.000001 1.189004 0.000001  -0.009018 0.015228 1.078031
40  0.277239 3.632247 1.274103  0.277570 -0.211300 0.246707
41  0.000001 1.798495 0.000001  0.034904 -0.014638 0.397227
42  -0.000000 1.235452 -0.000001  -0.008435 -0.001363 0.831510
43  -0.315441 0.857299 0.755944  0.065678 2.943949 1.113689
44  -0.000001 2.265939 -0.000001  -0.053381 0.039749 0.363485
45  0.000001 1.457811 -0.000001  -0.052740 0.016002 1.263438
46  1.259681 3.818374 1.286947  0.277570 -0.211300 0.246707
47  1.226391 3.891693 0.090420  -0.168214 -0.329396 1.064645
48  1.231623 3.875534 -0.958680  -0.234493 -0.351167 1.042859
49  1.209919 3.994781 -2.003047  -0.239589 -0.358871 0.965176
50  -0.328906 0.095428 1.403533  0.065678 2.943949 1.113689
51  -7.485354 -11.925047 10.012932  1.291825 0.018158 -2.946782
52  -6.162657 -23.540619 -1.954662  -1.570796 -0.000000 1.570796
53  -10.024240 -4.998537 -14.772615  -0.051945 0.000000 1.570796
54  -5.369620 -13.349490 -11.338174  0.004638 0.008053 -1.538391
55  50.467979 -0.653247 4.371608  -0.000000 -0.000000 -0.000023
56  7.834940 -1.604773 4.114126  1.570796 0.000000 1.538360
time 48
0  0 0 0  0 0 0
1  0.000000 0.000000 0.000000  1.570796 -0.000000 0.000000
2  10.842501 -18.916500 11.243284  0.636399 0.247318 1.391197
3  0.000002 13.479279 -0.000000  0.505930 0.000000 -0.000000
4  0.000002 13.477238 -0.000000  -0.439346 -0.026132 0.159469
5  -0.267269 3.664726 -1.953294  -0.075062 -0.056357 -1.111618
6  0.000000 1.180356 0.000001  -0.014482 -0.034450 -1.150017
7  -0.000001 0.817136 0.000000  0.011917 -0.003038 -0.965239
8  -0.249423 3.688540 -0.940889  -0.049468 -0.026125 -0.893204
9  -0.000002 1.800634 -0.000001  0.002140 0.004913 -0.970562
10  -0.000004 1.243404 -0.000000  0.004747 0.004475 -0.826683
11  -0.244727 3.701095 0.087731  0.011525 -0.027234 -0.769428
12  0.000000 1.766583 0.000002  0.004104 -0.001403 -0.889729
13  0.000001 1.189004 -0.000000  -0.013063 -0.011941 -0.782432
14  -0.277240 3.632244 1.274099  0.056972 -0.020409 -0.608363
15  0.000001 1.798494 -0.000004  0.027755 0.025735 -0.747760
16  -0.000000 1.235451 0.000004  -0.007650 0.003805 -0.530197
17  0.315441 0.857297 0.755941  2.142416 0.507104 1.567006
18  -0.000001 2.265939 -0.000000  -0.059540 -0.029733 -0.186621
19  0.000000 1.457811 0.000001  -0.027135 0.047975 0.086665
20  -1.259681 3.818374 1.286943  0.056972 -0.020409 -0.608363
21  -1.226390 3.891692 0.090416  0.011525 -0.027234 -0.769428
22  -1.231624 3.875535 -0.958682  -0.049468 -0.026125 -0.893204
23  -1.209918 3.994781 -2.003050  -0.075062 -0.056357 -1.111618
24  0.328906 0.095427 1.403531  2.142416 0.507104 1.567006
25  -4.446598 -11.097483 30.896078  0.712233 0.091220 1.433571
26  -12.098812 -12.453417 20.198181  -1.570796 -0.000000 -1.570796
27  10.842501 -18.916500 11.243284  -0.051945 -0.000000 -1.570796
28  -10.024240 -4.998537 -14.772615  1.000333 -0.053996 -2.972854
29  -0.000000 13.479276 0.000002  0.572148 -0.000000 0.000000
30  0.000000 13.477238 -0.000000  -0.280956 0.026507 -0.072174
31  0.267269 3.664725 -1.953291  -0.239589 -0.358871 0.965176
32  -0.000000 1.180355 -0.000001  -0.020031 0.031549 0.982232
33  -0.000000 0.817135 -0.000001  0.011243 0.004984 0.797530
34  0.249422 3.688541 -0.940888  -0.234493 -0.351167 1.042859
35  0.000001 1.800633 0.000001  0.001438 -0.005162 1.109575
36  -0.000002 1.243406 0.000000  0.004081 -0.005090 0.965694
37  0.244725 3.701095 0.087735  -0.168214 -0.329396 1.064645
38  -0.000002 1.766585 -0.000000  0.004335 0.000146 1.185316
39  0.000002 1.189001 -0.000000  -0.009018 0.015228 1.078031
40  0.277239 3.632247 1.274104  0.277570 -0.211300 0.246707
41  0.000001 1.798494 -0.000000  0.034904 -0.014638 0.397227
42  0.000001 1.235452 0.000000  -0.008435 -0.001363 0.831510
43  -0.315442 0.857299 0.755945  0.065678 2.943949 1.113689
44  -0.000001 2.265940 0.000001  -0.053381 0.039749 0.363484
45  -0.000001 1.457813 -0.000000  -0.052740 0.016002 1.263438
46  1.259680 3.818374 1.286946  0.277570 -0.211300 0.246707
47  1.226390 3.891693 0.090421  -0.168214 -0.329396 1.064645
48  1.231622 3.875534 -0.958679  -0.234493 -0.351167 1.042859
49  1.209918 3.994781 -2.003047  -0.239589 -0.358871 0.965176
50  -0.328907 0.095428 1.403534  0.065678 2.943949 1.113689
51  -7.485012 -11.926836 10.013031  1.292004 0.018127 -2.946220
52  -6.162657 -23.540619 -1.954662  -1.570796 -0.000000 1.570796
53  -10.024240 -4.998537 -14.772615  -0.051945 0.000000 1.570796
54  -5.369620 -13.349490 -11.338174  0.005191 0.007852 -1.538391
55  50.467983 -0.653247 4.371607  0.000000 -0.000000 -0.000023
56  7.834940 -1.604773 4.114126  1.570796 -0.000000 1.538360
time 49
0  0 0 0  0 0 0
1  0.000000 0.000000 0.000000  1.570796 -0.000000 0.000000
2  10.842501 -18.916500 11.243284  0.636613 0.247595 1.391308
3  0.000004 13.479278 -0.000002  0.505546 0.000000 -0.000000
4  0.000000 13.477236 0.000000  -0.439266 -0.025810 0.159704
5  -0.267269 3.664726 -1.953295  -0.075062 -0.056357 -1.111618
6  0.000000 1.180356 0.000002  -0.014482 -0.034450 -1.150017
7  0.000001 0.817134 0.000000  0.011917 -0.003038 -0.965239
8  -0.249423 3.688542 -0.940889  -0.049468 -0.026125 -0.893204
9  0.000000 1.800634 -0.000006  0.002140 0.004913 -0.970562
10  0.000002 1.243408 -0.000002  0.004747 0.004475 -0.826683
11  -0.244726 3.701095 0.087732  0.011525 -0.027234 -0.769428
12  0.000001 1.766584 -0.000001  0.004104 -0.001403 -0.889730
13  0.000000 1.189004 -0.000000  -0.013063 -0.011941 -0.782432
14  -0.277238 3.632246 1.274100  0.056972 -0.020409 -0.608363
15  0.000000 1.798495 0.000001  0.027755 0.025735 -0.747759
16  0.000001 1.235452 0.000000  -0.007650 0.003805 -0.530197
17  0.315443 0.857300 0.755941  2.142416 0.507104 1.567006
18  -0.000000 2.265935 0.000000  -0.059540 -0.029733 -0.186621
19  -0.000000 1.457814 -0.000000  -0.027135 0.047975 0.086665
20  -1.259681 3.818375 1.286945  0.056972 -0.020409 -0.608363
21  -1.226391 3.891692 0.090417  0.011525 -0.027234 -0.769428
22  -1.231622 3.875533 -0.958683  -0.049468 -0.026125 -0.893204
23  -1.209919 3.994781 -2.003050  -0.075062 -0.056357 -1.111618
24  0.328907 0.095429 1.403533  2.142416 0.507104 1.567006
25  -4.446799 -11.093432 30.896030  0.712201 0.091420 1.434101
26  -12.098812 -12.453417 20.198181  -1.570796 -0.000000 -1.570796
27  10.842501 -18.916500 11.243284  -0.051945 -0.000000 -1.570796
28  -10.024240 -4.998537 -14.772615  1.000348 -0.053997 -2.972854
29  -0.000000 13.479279 0.000002  0.571985 -0.000000 0.000000
30  -0.000001 13.477239 0.000000  -0.280618 0.027055 -0.072137
31  0.267269 3.664725 -1.953293  -0.239589 -0.358871 0.965176
32  -0.000002 1.180354 0.000000  -0.020031 0.031549 0.982232
33  -0.000001 0.817136 -0.000001  0.011243 0.004984 0.797530
34  0.249422 3.688542 -0.940888  -0.234493 -0.351167 1.042859
35  -0.000001 1.800633 -0.000000  0.001438 -0.005162 1.109575
36  -0.000001 1.243406 -0.000001  0.004081 -0.005090 0.965694
37  0.244726 3.701096 0.087734  -0.168214 -0.329396 1.064645
38  0.000000 1.766585 0.000000  0.004335 0.000146 1.185317
39  0.000000 1.189005 0.000002  -0.009018 0.015228 1.078031
40  0.277238 3.632249 1.274102  0.277570 -0.211300 0.246707
41  0.000000 1.798495 0.000000  0.034904 -0.014638 0.397227
42  -0.000000 1.235453 0.000000  -0.008435 -0.001363 0.831510
43  -0.315442 0.857299 0.755944  0.065678 2.943949 1.113689
44  -0.000001 2.265940 0.000002  -0.053381 0.039749 0.363484
45  -0.000001 1.457812 -0.000001  -0.052740 0.016002 1.263438
46  1.259680 3.818375 1.286946  0.277570 -0.211300 0.246707
47  1.226390 3.891693 0.090419  -0.168214 -0.329396 1.064645
48  1.231622 3.875535 -0.958681  -0.234493 -0.351167 1.042859
49  1.209918 3.994781 -2.003047  -0.239589 -0.358871 0.965176
50  -0.328907 0.095428 1.403533  0.065678 2.943949 1.113689
51  -7.484684 -11.928639 10.013141  1.292204 0.018092 -2.945684
52  -6.162657 -23.540619 -1.954662  -1.570796 -0.000000 1.570796
53  -10.024240 -4.998537 -14.772615  -0.051945 0.000000 1.570796
54  -5.369620 -13.349490 -11.338174  0.005717 0.007633 -1.538391
55  50.467987 -0.653247 4.371607  0.000000 -0.000000 -0.000023
56  7.834942 -1.604773 4.114126  1.570796 -0.000000 1.538360
time 50
0  0 0 0  0 0 0
1  0.000000 0.000000 0.000000  1.570796 -0.000000 0.000000
2  10.842501 -18.916500 11.243284  0.636842 0.247893 1.391428
3  0.000003 13.479277 0.000001  0.505137 0.000000 -0.000000
4  -0.000000 13.477241 0.000000  -0.439176 -0.025526 0.159925
5  -0.267269 3.664726 -1.953293  -0.075062 -0.056357 -1.111618
6  0.000001 1.180354 -0.000001  -0.014482 -0.034450 -1.150017
7  0.000003 0.817135 0.000001  0.011917 -0.003038 -0.965239
8  -0.249422 3.688540 -0.940891  -0.049468 -0.026125 -0.893204
9  -0.000000 1.800633 -0.000003  0.002140 0.004913 -0.970563
10  -0.000002 1.243404 -0.000001  0.004747 0.004475 -0.826683
11  -0.244727 3.701094 0.087731  0.011525 -0.027234 -0.769428
12  0.000000 1.766584 0.000002  0.004104 -0.001403 -0.889730
13  -0.000001 1.189003 -0.000001  -0.013063 -0.011940 -0.782432
14  -0.277240 3.632247 1.274101  0.056972 -0.020409 -0.608363
15  0.000001 1.798493 -0.000002  0.027755 0.025735 -0.747759
16  -0.000001 1.235452 -0.000003  -0.007650 0.003805 -0.530197
17  0.315441 0.857300 0.755943  2.142416 0.507104 1.567006
18  -0.000000 2.265938 -0.000003  -0.059540 -0.029733 -0.186621
19  -0.000000 1.457814 -0.000001  -0.027135 0.047975 0.086665
20  -1.259681 3.818375 1.286945  0.056972 -0.020409 -0.608363
21  -1.226391 3.891695 0.090419  0.011525 -0.027234 -0.769428
22  -1.231623 3.875534 -0.958683  -0.049468 -0.026125 -0.893204
23  -1.209919 3.994781 -2.003050  -0.075062 -0.056357 -1.111618
24  0.328905 0.095428 1.403534  2.142416 0.507104 1.567006
25  -4.446990 -11.089075 30.895981  0.712167 0.091640 1.434601
26  -12.098812 -12.453417 20.198181  -1.570796 -0.000000 -1.570796
27  10.842501 -18.916500 11.243284  -0.051945 -0.000000 -1.570796
28  -10.024240 -4.998537 -14.772615  1.000365 -0.053997 -2.972854
29  -0.000002 13.479277 0.000002  0.571819 -0.000000 0.000000
30  -0.000001 13.477238 -0.000001  -0.280258 0.027573 -0.072094
31  0.267269 3.664726 -1.953292  -0.239589 -0.358871 0.965176
32  -0.000001 1.180356 -0.000000  -0.020031 0.031549 0.982232
33  -0.000001 0.817135 -0.000001  0.011243 0.004984 0.797530
34  0.249423 3.688540 -0.940887  -0.234493 -0.351167 1.042859
35  0.000000 1.800633 -0.000000  0.001438 -0.005162 1.109575
36  -0.000000 1.243406 0.000000  0.004081 -0.005090 0.965694
37  0.244726 3.701094 0.087733  -0.168214 -0.329396 1.064645
38  0.000000 1.766584 0.000000  0.004335 0.000146 1.185317
39  -0.000001 1.189005 -0.000001  -0.009018 0.015228 1.078031
40  0.277239 3.632248 1.274104  0.277570 -0.211300 0.246707
41  -0.000001 1.798494 0.000001  0.034904 -0.014638 0.397227
42  0.000001 1.235451 0.000002  -0.008435 -0.001363 0.831510
43  -0.315441 0.857300 0.755945  0.065678 2.943949 1.113689
44  -0.000002 2.265939 -0.000001  -0.053381 0.039749 0.363484
45  -0.000002 1.457812 -0.000001  -0.052740 0.016002 1.263438
46  1.259681 3.818374 1.286947  0.277570 -0.211300 0.246707
47  1.226391 3.891691 0.090421  -0.168214 -0.329396 1.064645
48  1.231623 3.875533 -0.958679  -0.234493 -0.351167 1.042859
49  1.209919 3.994781 -2.003046  -0.239589 -0.358871 0.965176
50  -0.328906 0.095428 1.403535  0.065678 2.943949 1.113689
51  -7.484373 -11.930444 10.013264  1.292422 0.018052 -2.945177
52  -6.162657 -23.540619 -1.954662  -1.570796 -0.000000 1.570796
53  -10.024240 -4.998537 -14.772615  -0.051945 0.000000 1.570796
54  -5.369620 -13.349490 -11.338174  0.006213 0.007395 -1.538391
55  50.467983 -0.653246 4.371607  -0.000000 -0.000000 -0.000023
56  7.834939 -1.604773 4.114126  1.570796 0.000000 1.538360
time 51
0  0 0 0  0 0 0
1  0.000000 0.000000 0.000000  1.570796 -0.000000 0.000000
2  10.842501 -18.916500 11.243284  0.637085 0.248210 1.391555
3  0.000002 13.479278 -0.000001  0.504707 0.000000 -0.000000
4  0.000001 13.477239 0.000000  -0.439076 -0.025280 0.160131
5  -0.267269 3.664729 -1.953293  -0.075062 -0.056357 -1.111618
6  -0.000001 1.180356 0.000002  -0.014482 -0.034450 -1.150017
7  0.000000 0.817135 -0.000002  0.011917 -0.003038 -0.965239
8  -0.249423 3.688542 -0.940889  -0.049468 -0.026125 -0.893204
9  0.000001 1.800633 -0.000003  0.002140 0.004913 -0.970562
10  0.000000 1.243407 -0.000000  0.004747 0.004475 -0.826683
11  -0.244727 3.701097 0.087733  0.011525 -0.027234 -0.769428
12  0.000001 1.766583 0.000001  0.004104 -0.001403 -0.889730
13  -0.000001 1.189005 0.000000  -0.013063 -0.011940 -0.782432
14  -0.277240 3.632250 1.274102  0.056972 -0.020409 -0.608363
15  -0.000000 1.798497 -0.000003  0.027755 0.025735 -0.747759
16  0.000002 1.235451 0.000000  -0.007650 0.003805 -0.530197
17  0.315441 0.857301 0.755945  2.142416 0.507104 1.567006
18  -0.000000 2.265936 0.000001  -0.059540 -0.029733 -0.186621
19  -0.000000 1.457814 0.000001  -0.027135 0.047975 0.086665
20  -1.259681 3.818377 1.286947  0.056972 -0.020409 -0.608363
21  -1.226390 3.891692 0.090417  0.011525 -0.027234 -0.769428
22  -1.231624 3.875537 -0.958678  -0.049468 -0.026125 -0.893204
23  -1.209919 3.994783 -2.003048  -0.075062 -0.056357 -1.111618
24  0.328905 0.095430 1.403531  2.142416 0.507104 1.567006
25  -4.447168 -11.084443 30.895924  0.712131 0.091876 1.435069
26  -12.098812 -12.453417 20.198181  -1.570796 -0.000000 -1.570796
27  10.842501 -18.916500 11.243284  -0.051945 -0.000000 -1.570796
28  -10.024240 -4.998537 -14.772615  1.000383 -0.053996 -2.972853
29  -0.000001 13.479277 0.000000  0.571651 -0.000000 0.000000
30  -0.000001 13.477239 0.000001  -0.279880 0.028058 -0.072046
31  0.267269 3.664727 -1.953294  -0.239589 -0.358871 0.965176
32  -0.000001 1.180355 0.000001  -0.020031 0.031549 0.982232
33  0.000000 0.817136 0.000000  0.011243 0.004984 0.797530
34  0.249422 3.688542 -0.940890  -0.234493 -0.351167 1.042859
35  0.000000 1.800634 0.000000  0.001438 -0.005162 1.109575
36  -0.000000 1.243406 0.000000  0.004081 -0.005090 0.965694
37  0.244726 3.701097 0.087732  -0.168214 -0.329396 1.064645
38  -0.000000 1.766584 0.000000  0.004335 0.000146 1.185317
39  0.000002 1.189004 -0.000001  -0.009018 0.015228 1.078031
40  0.277239 3.632248 1.274101  0.277570 -0.211300 0.246707
41  -0.000000 1.798494 0.000000  0.034904 -0.014638 0.397227
42  -0.000001 1.235451 0.000000  -0.008435 -0.001363 0.831510
43  -0.315442 0.857301 0.755942  0.065678 2.943949 1.113689
44  0.000000 2.265939 -0.000001  -0.053381 0.039749 0.363484
45  -0.000000 1.457812 -0.000001  -0.052740 0.016002 1.263438
46  1.259681 3.818376 1.286945  0.277570 -0.211300 0.246707
47  1.226389 3.891693 0.090418  -0.168214 -0.329396 1.064645
48  1.231622 3.875535 -0.958681  -0.234493 -0.351167 1.042859
49  1.209919 3.994782 -2.003050  -0.239589 -0.358871 0.965176
50  -0.328906 0.095429 1.403531  0.065678 2.943949 1.113689
51  -7.484083 -11.932239 10.013399  1.292658 0.018009 -2.944701
52  -6.162657 -23.540619 -1.954662  -1.570796 -0.000000 1.570796
53  -10.024240 -4.998537 -14.772615  -0.051945 0.000000 1.570796
54  -5.369620 -13.349490 -11.338174  0.006676 0.007140 -1.538391
55  50.467987 -0.653247 4.371607  -0.000000 -0.000000 -0.000023
56  7.834940 -1.604773 4.114126  1.570796 0.000000 1.538360
time 52
0  0 0 0  0 0 0
1  0.000000 0.000000 0.000000  1.570796 -0.000000 0.000000
2  10.842501 -18.916500 11.243284  0.637339 0.248545 1.391690
3  0.000002 13.479277 0.000000  0.504256 0.000000 -0.000000
4  0.000002 13.477240 -0.000001  -0.438967 -0.025075 0.160322
5  -0.267269 3.664728 -1.953293  -0.075062 -0.056357 -1.111618
6  -0.000002 1.180356 -0.000001  -0.014482 -0.034450 -1.150017
7  0.000001 0.817135 -0.000002  0.011917 -0.003038 -0.965239
8  -0.249423 3.688544 -0.940888  -0.049468 -0.026125 -0.893204
9  -0.000002 1.800635 -0.000001  0.002140 0.004913 -0.970562
10  -0.000001 1.243405 0.000001  0.004747 0.004475 -0.826683
11  -0.244726 3.701098 0.087734  0.011525 -0.027234 -0.769428
12  0.000000 1.766584 0.000003  0.004104 -0.001403 -0.889730
13  -0.000000 1.189003 0.000001  -0.013063 -0.011941 -0.782432
14  -0.277238 3.632250 1.274101  0.056972 -0.020409 -0.608363
15  0.000000 1.798497 0.000000  0.027755 0.025735 -0.747759
16  -0.000001 1.235452 -0.000001  -0.007650 0.003805 -0.530197
17  0.315442 0.857302 0.755944  2.142416 0.507104 1.567006
18  -0.000000 2.265938 0.000004  -0.059540 -0.029733 -0.186621
19  0.000000 1.457812 -0.000003  -0.027135 0.047975 0.086665
20  -1.259680 3.818378 1.286946  0.056972 -0.020409 -0.608363
21  -1.226391 3.891695 0.090418  0.011525 -0.027234 -0.769428
22  -1.231622 3.875537 -0.958679  -0.049468 -0.026125 -0.893204
23  -1.209918 3.994783 -2.003050  -0.075062 -0.056357 -1.111618
24  0.328906 0.095431 1.403532  2.142416 0.507104 1.567006
25  -4.447332 -11.079562 30.895863  0.712094 0.092129 1.435502
26  -12.098812 -12.453417 20.198181  -1.570796 -0.000000 -1.570796
27  10.842501 -18.916500 11.243284  -0.051945 -0.000000 -1.570796
28  -10.024240 -4.998537 -14.772615  1.000402 -0.053994 -2.972852
29  0.000000 13.479277 0.000001  0.571482 -0.000000 0.000000
30  0.000000 13.477239 0.000001  -0.279487 0.028509 -0.071994
31  0.267269 3.664727 -1.953293  -0.239589 -0.358871 0.965176
32  -0.000000 1.180354 0.000001  -0.020031 0.031549 0.982232
33  0.000001 0.817136 0.000001  0.011243 0.004984 0.797530
34  0.249422 3.688542 -0.940888  -0.234493 -0.351167 1.042859
35  -0.000001 1.800634 -0.000001  0.001438 -0.005162 1.109575
36  0.000001 1.243406 0.000000  0.004081 -0.005090 0.965694
37  0.244726 3.701095 0.087733  -0.168214 -0.329396 1.064645
38  -0.000001 1.766585 -0.000001  0.004335 0.000146 1.185317
39  -0.000001 1.189003 -0.000002  -0.009018 0.015228 1.078031
40  0.277239 3.632248 1.274101  0.277570 -0.211300 0.246707
41  -0.000001 1.798495 -0.000001  0.034904 -0.014638 0.397227
42  0.000001 1.235451 0.000001  -0.008435 -0.001363 0.831510
43  -0.315441 0.857300 0.755943  0.065678 2.943949 1.113688
44  0.000000 2.265939 -0.000001  -0.053381 0.039749 0.363484
45  0.000001 1.457810 -0.000000  -0.052740 0.016002 1.263438
46  1.259681 3.818375 1.286945  0.277570 -0.211300 0.246707
47  1.226390 3.891693 0.090419  -0.168214 -0.329396 1.064645
48  1.231622 3.875534 -0.958681  -0.234493 -0.351167 1.042859
49  1.209918 3.994782 -2.003048  -0.239589 -0.358871 0.965176
50  -0.328906 0.095428 1.403532  0.065678 2.943949 1.113689
51  -7.483812 -11.934012 10.013543  1.292909 0.017962 -2.944261
52  -6.162657 -23.540619 -1.954662  -1.570796 -0.000000 1.570796
53  -10.024240 -4.998537 -14.772615  -0.051945 0.000000 1.570796
54  -5.369620 -13.349490 -11.338174  0.007104 0.006871 -1.538391
55  50.467983 -0.653246 4.371606  -0.000000 -0.000000 -0.000023
56  7.834940 -1.604773 4.114125  1.570796 0.000000 1.538360
time 53
0  0 0 0  0 0 0
1  0.000000 0.000000 0.000000  1.570796 -0.000000 0.000000
2  10.842501 -18.916500 11.243284  0.637603 0.248895 1.391830
3  0.000000 13.479275 -0.000001  0.503790 -0.000000 -0.000000
4  0.000002 13.477238 0.000000  -0.438850 -0.024911 0.160494
5  -0.267271 3.664726 -1.953292  -0.075062 -0.056357 -1.111618
6  0.000003 1.180355 0.000001  -0.014482 -0.034450 -1.150017
7  0.000000 0.817137 -0.000000  0.011917 -0.003038 -0.965239
8  -0.249424 3.688540 -0.940889  -0.049468 -0.026125 -0.893204
9  -0.000001 1.800633 -0.000002  0.002140 0.004913 -0.970562
10  0.000002 1.243406 0.000002  0.004747 0.004475 -0.826682
11  -0.244727 3.701096 0.087735  0.011525 -0.027234 -0.769428
12  0.000001 1.766583 -0.000002  0.004104 -0.001403 -0.889730
13  -0.000000 1.189004 -0.000002  -0.013063 -0.011941 -0.782432
14  -0.277239 3.632249 1.274102  0.056972 -0.020409 -0.608363
15  0.000000 1.798492 -0.000000  0.027755 0.025735 -0.747760
16  0.000000 1.235452 -0.000002  -0.007650 0.003805 -0.530197
17  0.315440 0.857300 0.755944  2.142416 0.507104 1.567006
18  0.000001 2.265943 0.000001  -0.059540 -0.029733 -0.186621
19  -0.000000 1.457811 -0.000001  -0.027135 0.047975 0.086665
20  -1.259683 3.818375 1.286946  0.056972 -0.020409 -0.608363
21  -1.226392 3.891692 0.090418  0.011525 -0.027234 -0.769428
22  -1.231625 3.875534 -0.958678  -0.049468 -0.026125 -0.893204
23  -1.209920 3.994780 -2.003048  -0.075062 -0.056357 -1.111618
24  0.328905 0.095430 1.403534  2.142416 0.507104 1.567006
25  -4.447483 -11.074465 30.895794  0.712055 0.092395 1.435896
26  -12.098812 -12.453417 20.198181  -1.570796 -0.000000 -1.570796
27  10.842501 -18.916500 11.243284  -0.051945 -0.000000 -1.570796
28  -10.024240 -4.998537 -14.772615  1.000422 -0.053991 -2.972850
29  -0.000001 13.479278 0.000002  0.571314 -0.000000 0.000000
30  -0.000000 13.477240 0.000001  -0.279080 0.028920 -0.071937
31  0.267270 3.664727 -1.953294  -0.239589 -0.358871 0.965176
32  -0.000000 1.180355 -0.000000  -0.020031 0.031549 0.982232
33  0.000002 0.817135 0.000003  0.011243 0.004984 0.797530
34  0.249423 3.688541 -0.940890  -0.234493 -0.351167 1.042859
35  -0.000000 1.800635 0.000001  0.001438 -0.005162 1.109575
36  0.000001 1.243407 -0.000000  0.004081 -0.005090 0.965694
37  0.244727 3.701096 0.087731  -0.168214 -0.329396 1.064645
38  -0.000001 1.766585 0.000000  0.004335 0.000146 1.185317
39  -0.000000 1.189003 -0.000001  -0.009018 0.015228 1.078031
40  0.277239 3.632248 1.274101  0.277570 -0.211300 0.246707
41  0.000000 1.798493 -0.000001  0.034904 -0.014638 0.397227
42  -0.000000 1.235452 0.000003  -0.008435 -0.001363 0.831510
43  -0.315441 0.857301 0.755943  0.065678 2.943949 1.113689
44  0.000000 2.265940 -0.000001  -0.053381 0.039749 0.363484
45  -0.000000 1.457812 0.000000  -0.052740 0.016002 1.263438
46  1.259682 3.818375 1.286944  0.277570 -0.211300 0.246707
47  1.226391 3.891693 0.090419  -0.168214 -0.329396 1.064645
48  1.231623 3.875535 -0.958681  -0.234493 -0.351167 1.042859
49  1.209919 3.994781 -2.003049  -0.239589 -0.358871 0.965176
50  -0.328906 0.095430 1.403531  0.065678 2.943949 1.113689
51  -7.483567 -11.935753 10.013700  1.293173 0.017911 -2.943858
52  -6.162657 -23.540619 -1.954662  -1.570796 -0.000000 1.570796
53  -10.024240 -4.998537 -14.772615  -0.051945 0.000000 1.570796
54  -5.369620 -13.349490 -11.338174  0.007492 0.006589 -1.538391
55  50.467983 -0.653247 4.371607  -0.000000 -0.000000 -0.000023
56  7.834940 -1.604773 4.114127  1.570796 0.000000 1.538360
time 54
0  0 0 0  0 0 0
1  0.000000 0.000000 0.000000  1.570796 -0.000000 0.000000
2  10.842501 -18.916500 11.243284  0.637876 0.249258 1.391976
3  0.000000 13.479277 0.000000  0.503311 -0.000000 -0.000000
4  0.000002 13.477242 -0.000001  -0.438725 -0.024792 0.160648
5  -0.267269 3.664726 -1.953293  -0.075062 -0.056357 -1.111618
6  0.000000 1.180355 0.000000  -0.014482 -0.034450 -1.150017
7  0.000001 0.817135 -0.000001  0.011917 -0.003038 -0.965239
8  -0.249422 3.688541 -0.940888  -0.049468 -0.026125 -0.893204
9  -0.000003 1.800633 0.000004  0.002140 0.004913 -0.970563
10  -0.000001 1.243407 0.000001  0.004747 0.004475 -0.826683
11  -0.244726 3.701095 0.087735  0.011525 -0.027234 -0.769428
12  -0.000001 1.766583 -0.000001  0.004104 -0.001403 -0.889729
13  -0.000001 1.189003 -0.000001  -0.013063 -0.011941 -0.782432
14  -0.277238 3.632246 1.274102  0.056972 -0.020409 -0.608363
15  -0.000002 1.798495 0.000001  0.027755 0.025735 -0.747759
16  0.000000 1.235451 -0.000003  -0.007650 0.003805 -0.530197
17  0.315442 0.857298 0.755944  2.142416 0.507104 1.567006
18  0.000000 2.265943 0.000002  -0.059540 -0.029733 -0.186621
19  -0.000000 1.457808 0.000002  -0.027135 0.047975 0.086665
20  -1.259680 3.818373 1.286945  0.056972 -0.020409 -0.608363
21  -1.226390 3.891691 0.090417  0.011525 -0.027234 -0.769428
22  -1.231622 3.875532 -0.958681  -0.049468 -0.026125 -0.893204
23  -1.209919 3.994779 -2.003049  -0.075062 -0.056357 -1.111618
24  0.328907 0.095427 1.403533  2.142416 0.507104 1.567006
25  -4.447618 -11.069180 30.895720  0.712014 0.092675 1.436248
26  -12.098812 -12.453417 20.198181  -1.570796 -0.000000 -1.570796
27  10.842501 -18.916500 11.243284  -0.051945 -0.000000 -1.570796
28  -10.024240 -4.998537 -14.772615  1.000444 -0.053987 -2.972847
29  -0.000002 13.479279 0.000000  0.571147 -0.000000 0.000000
30  -0.000000 13.477239 0.000000  -0.278663 0.029289 -0.071876
31  0.267270 3.664726 -1.953293  -0.239589 -0.358871 0.965176
32  0.000000 1.180356 -0.000001  -0.020031 0.031549 0.982232
33  0.000001 0.817135 0.000002  0.011243 0.004984 0.797530
34  0.249423 3.688541 -0.940889  -0.234493 -0.351167 1.042859
35  0.000001 1.800634 -0.000000  0.001438 -0.005162 1.109575
36  0.000000 1.243407 0.000001  0.004081 -0.005090 0.965694
37  0.244727 3.701095 0.087732  -0.168214 -0.329396 1.064645
38  -0.000000 1.766584 -0.000001  0.004335 0.000146 1.185317
39  0.000000 1.189004 -0.000001  -0.009018 0.015228 1.078031
40  0.277239 3.632248 1.274101  0.277570 -0.211300 0.246707
41  0.000001 1.798496 0.000001  0.034904 -0.014638 0.397227
42  -0.000000 1.235451 -0.000001  -0.008435 -0.001363 0.831510
43  -0.315441 0.857300 0.755944  0.065678 2.943949 1.113689
44  0.000002 2.265939 0.000000  -0.053381 0.039749 0.363484
45  -0.000000 1.457811 0.000000  -0.052740 0.016002 1.263438
46  1.259682 3.818374 1.286945  0.277570 -0.211300 0.246707
47  1.226391 3.891694 0.090420  -0.168214 -0.329396 1.064645
48  1.231624 3.875535 -0.958680  -0.234493 -0.351167 1.042859
49  1.209920 3.994782 -2.003048  -0.239589 -0.358871 0.965176
50  -0.328905 0.095428 1.403532  0.065678 2.943949 1.113689
51  -7.483346 -11.937448 10.013864  1.293451 0.017858 -2.943497
52  -6.162657 -23.540619 -1.954662  -1.570796 -0.000000 1.570796
53  -10.024240 -4.998537 -14.772615  -0.051945 0.000000 1.570796
54  -5.369620 -13.349490 -11.338174  0.007839 0.006295 -1.538391
55  50.467991 -0.653247 4.371608  0.000000 -0.000000 -0.000023
56  7.834943 -1.604772 4.114127  1.570796 -0.000000 1.538360
time 55
0  0 0 0  0 0 0
1  0.000000 0.000000 0.000000  1.570796 -0.000000 0.000000
2  10.842501 -18.916500 11.243284  0.638156 0.249632 1.392126
3  0.000001 13.479277 0.000002  0.502821 0.000000 -0.000000
4  0.000001 13.477239 -0.000001  -0.438594 -0.024717 0.160782
5  -0.267270 3.664727 -1.953291  -0.075062 -0.056357 -1.111618
6  0.000000 1.180356 0.000000  -0.014482 -0.034450 -1.150017
7  0.000000 0.817134 0.000003  0.011917 -0.003038 -0.965239
8  -0.249424 3.688542 -0.940889  -0.049468 -0.026125 -0.893204
9  -0.000004 1.800634 0.000001  0.002140 0.004913 -0.970563
10  0.000001 1.243405 -0.000001  0.004747 0.004475 -0.826683
11  -0.244728 3.701095 0.087734  0.011525 -0.027234 -0.769428
12  0.000001 1.766585 0.000003  0.004104 -0.001403 -0.889730
13  -0.000001 1.189005 0.000001  -0.013063 -0.011941 -0.782432
14  -0.277240 3.632248 1.274104  0.056972 -0.020409 -0.608363
15  0.000000 1.798494 0.000002  0.027755 0.025735 -0.747759
16  0.000001 1.235452 0.000002  -0.007650 0.003805 -0.530197
17  0.315439 0.857300 0.755944  2.142416 0.507104 1.567006
18  -0.000000 2.265937 -0.000000  -0.059540 -0.029733 -0.186621
19  -0.000000 1.457809 0.000000  -0.027135 0.047975 0.086665
20  -1.259683 3.818376 1.286947  0.056972 -0.020409 -0.608363
21  -1.226392 3.891695 0.090420  0.011525 -0.027234 -0.769428
22  -1.231624 3.875535 -0.958680  -0.049468 -0.026125 -0.893204
23  -1.209920 3.994783 -2.003048  -0.075062 -0.056357 -1.111618
24  0.328905 0.095431 1.403535  2.142416 0.507104 1.567006
25  -4.447736 -11.063738 30.895639  0.711973 0.092966 1.436556
26  -12.098812 -12.453417 20.198181  -1.570796 -0.000000 -1.570796
27  10.842501 -18.916500 11.243284  -0.051945 -0.000000 -1.570796
28  -10.024240 -4.998537 -14.772615  1.000466 -0.053982 -2.972844
29  0.000001 13.479278 -0.000000  0.570983 0.000000 0.000000
30  -0.000001 13.477239 0.000000  -0.278237 0.029612 -0.071811
31  0.267270 3.664727 -1.953294  -0.239589 -0.358871 0.965176
32  -0.000001 1.180355 -0.000001  -0.020031 0.031549 0.982232
33  0.000001 0.817135 0.000001  0.011243 0.004984 0.797530
34  0.249423 3.688542 -0.940888  -0.234493 -0.351167 1.042859
35  -0.000000 1.800633 -0.000001  0.001438 -0.005162 1.109575
36  0.000000 1.243405 -0.000001  0.004081 -0.005090 0.965694
37  0.244727 3.701096 0.087733  -0.168214 -0.329396 1.064645
38  0.000000 1.766585 -0.000001  0.004335 0.000146 1.185316
39  0.000002 1.189003 -0.000000  -0.009018 0.015228 1.078031
40  0.277240 3.632249 1.274102  0.277570 -0.211300 0.246707
41  -0.000000 1.798494 0.000002  0.034904 -0.014638 0.397227
42  0.000000 1.235450 0.000000  -0.008435 -0.001363 0.831510
43  -0.315441 0.857300 0.755944  0.065678 2.943949 1.113689
44  0.000001 2.265939 -0.000000  -0.053381 0.039749 0.363485
45  -0.000000 1.457810 0.000001  -0.052740 0.016002 1.263438
46  1.259682 3.818375 1.286946  0.277570 -0.211300 0.246707
47  1.226391 3.891694 0.090418  -0.168214 -0.329396 1.064645
48  1.231623 3.875535 -0.958681  -0.234493 -0.351167 1.042859
49  1.209920 3.994781 -2.003047  -0.239589 -0.358871 0.965176
50  -0.328906 0.095428 1.403531  0.065678 2.943949 1.113689
51  -7.483152 -11.939085 10.014036  1.293739 0.017802 -2.943181
52  -6.162657 -23.540619 -1.954662  -1.570796 -0.000000 1.570796
53  -10.024240 -4.998537 -14.772615  -0.051945 0.000000 1.570796
54  -5.369620 -13.349490 -11.338174  0.008141 0.005991 -1.538391
55  50.467983 -0.653247 4.371608  0.000000 -0.000000 -0.000023
56  7.834941 -1.604772 4.114127  1.570796 0.000000 1.538360
time 56
0  0 0 0  0 0 0
1  0.000000 0.000000 0.000000  1.570796 -0.000000 0.000000
2  10.842501 -18.916500 11.243284  0.638441 0.250015 1.392280
3  0.000001 13.479277 0.000000  0.502322 0.000000 -0.000000
4  0.000000 13.477239 -0.000000  -0.438455 -0.024690 0.160894
5  -0.267270 3.664729 -1.953291  -0.075062 -0.056357 -1.111618
6  0.000004 1.180354 -0.000000  -0.014482 -0.034450 -1.150017
7  -0.000000 0.817135 0.000001  0.011917 -0.003038 -0.965239
8  -0.249422 3.688545 -0.940887  -0.049468 -0.026125 -0.893204
9  -0.000001 1.800632 -0.000001  0.002140 0.004913 -0.970563
10  -0.000001 1.243406 0.000002  0.004747 0.004475 -0.826683
11  -0.244726 3.701098 0.087733  0.011525 -0.027234 -0.769428
12  0.000002 1.766586 0.000002  0.004104 -0.001403 -0.889730
13  -0.000001 1.189003 -0.000000  -0.013063 -0.011941 -0.782432
14  -0.277239 3.632253 1.274105  0.056972 -0.020409 -0.608363
15  0.000000 1.798492 -0.000004  0.027755 0.025735 -0.747759
16  -0.000001 1.235451 -0.000004  -0.007650 0.003805 -0.530197
17  0.315441 0.857303 0.755945  2.142416 0.507104 1.567006
18  0.000000 2.265943 0.000003  -0.059540 -0.029733 -0.186621
19  -0.000000 1.457812 0.000000  -0.027135 0.047975 0.086665
20  -1.259680 3.818377 1.286945  0.056972 -0.020409 -0.608363
21  -1.226390 3.891695 0.090419  0.011525 -0.027234 -0.769428
22  -1.231623 3.875536 -0.958680  -0.049468 -0.026125 -0.893204
23  -1.209919 3.994783 -2.003047  -0.075062 -0.056357 -1.111618
24  0.328906 0.095432 1.403533  2.142416 0.507104 1.567006
25  -4.447836 -11.058168 30.895557  0.711930 0.093267 1.436816
26  -12.098812 -12.453417 20.198181  -1.570796 -0.000000 -1.570796
27  10.842501 -18.916500 11.243284  -0.051945 -0.000000 -1.570796
28  -10.024240 -4.998537 -14.772615  1.000490 -0.053977 -2.972840
29  -0.000001 13.479279 0.000002  0.570823 -0.000000 0.000000
30  0.000000 13.477240 0.000002  -0.277805 0.029887 -0.071744
31  0.267269 3.664726 -1.953292  -0.239589 -0.358871 0.965176
32  -0.000002 1.180354 0.000000  -0.020031 0.031549 0.982232
33  0.000001 0.817135 0.000002  0.011243 0.004984 0.797530
34  0.249422 3.688541 -0.940887  -0.234493 -0.351167 1.042859
35  0.000000 1.800632 0.000001  0.001438 -0.005162 1.109575
36  -0.000000 1.243407 0.000001  0.004081 -0.005090 0.965694
37  0.244726 3.701095 0.087734  -0.168214 -0.329396 1.064645
38  -0.000002 1.766584 0.000000  0.004335 0.000147 1.185317
39  0.000000 1.189005 -0.000001  -0.009018 0.015228 1.078031
40  0.277239 3.632248 1.274103  0.277570 -0.211300 0.246707
41  -0.000001 1.798495 0.000003  0.034904 -0.014638 0.397227
42  -0.000001 1.235451 -0.000001  -0.008435 -0.001363 0.831510
43  -0.315442 0.857299 0.755944  0.065678 2.943949 1.113689
44  0.000000 2.265939 0.000000  -0.053381 0.039749 0.363484
45  0.000002 1.457811 0.000001  -0.052740 0.016002 1.263438
46  1.259681 3.818374 1.286946  0.277570 -0.211300 0.246707
47  1.226390 3.891692 0.090419  -0.168214 -0.329396 1.064645
48  1.231622 3.875533 -0.958681  -0.234493 -0.351167 1.042859
49  1.209919 3.994781 -2.003047  -0.239589 -0.358871 0.965176
50  -0.328907 0.095428 1.403533  0.065678 2.943949 1.113689
51  -7.482989 -11.940657 10.014215  1.294037 0.017744 -2.942911
52  -6.162657 -23.540619 -1.954662  -1.570796 -0.000000 1.570796
53  -10.024240 -4.998537 -14.772615  -0.051945 0.000000 1.570796
54  -5.369620 -13.349490 -11.338174  0.008395 0.005679 -1.538391
55  50.467983 -0.653247 4.371606  0.000000 -0.000000 -0.000023
56  7.834940 -1.604773 4.114126  1.570796 -0.000000 1.538360
time 57
0  0 0 0  0 0 0
1  0.000000 0.000000 0.000000  1.570796 -0.000000 0.000000
2  10.842501 -18.916500 11.243284  0.638731 0.250404 1.392437
3  0.000002 13.479279 0.000002  0.501819 0.000000 -0.000000
4  -0.000001 13.477239 0.000000  -0.438311 -0.024711 0.160983
5  -0.267268 3.664726 -1.953294  -0.075062 -0.056357 -1.111618
6  0.000000 1.180355 -0.000002  -0.014482 -0.034450 -1.150017
7  0.000000 0.817135 -0.000001  0.011917 -0.003038 -0.965239
8  -0.249421 3.688540 -0.940892  -0.049468 -0.026125 -0.893204
9  0.000002 1.800635 -0.000002  0.002140 0.004913 -0.970563
10  -0.000000 1.243407 -0.000004  0.004747 0.004475 -0.826683
11  -0.244724 3.701098 0.087732  0.011525 -0.027234 -0.769428
12  -0.000002 1.766585 0.000001  0.004104 -0.001403 -0.889730
13  -0.000001 1.189003 0.000002  -0.013063 -0.011941 -0.782432
14  -0.277237 3.632251 1.274102  0.056972 -0.020409 -0.608363
15  0.000001 1.798494 -0.000002  0.027755 0.025735 -0.747759
16  0.000002 1.235451 -0.000001  -0.007650 0.003805 -0.530197
17  0.315443 0.857301 0.755942  2.142416 0.507104 1.567006
18  0.000001 2.265943 -0.000002  -0.059540 -0.029733 -0.186621
19  0.000000 1.457809 0.000002  -0.027135 0.047975 0.086665
20  -1.259679 3.818377 1.286946  0.056972 -0.020409 -0.608363
21  -1.226388 3.891695 0.090420  0.011525 -0.027234 -0.769428
22  -1.231621 3.875536 -0.958679  -0.049468 -0.026125 -0.893204
23  -1.209917 3.994782 -2.003049  -0.075062 -0.056357 -1.111618
24  0.328908 0.095430 1.403531  2.142416 0.507104 1.567006
25  -4.447916 -11.052502 30.895472  0.711888 0.093575 1.437025
26  -12.098812 -12.453417 20.198181  -1.570796 -0.000000 -1.570796
27  10.842501 -18.916500 11.243284  -0.051945 -0.000000 -1.570796
28  -10.024240 -4.998537 -14.772615  1.000514 -0.053970 -2.972836
29  -0.000001 13.479278 0.000003  0.570667 -0.000000 0.000000
30  0.000000 13.477239 0.000002  -0.277370 0.030111 -0.071673
31  0.267269 3.664727 -1.953293  -0.239589 -0.358871 0.965176
32  0.000001 1.180355 0.000002  -0.020031 0.031549 0.982232
33  0.000000 0.817136 0.000000  0.011243 0.004984 0.797530
34  0.249423 3.688542 -0.940889  -0.234493 -0.351167 1.042859
35  0.000000 1.800633 0.000001  0.001438 -0.005162 1.109575
36  0.000000 1.243406 0.000002  0.004081 -0.005090 0.965694
37  0.244726 3.701097 0.087733  -0.168214 -0.329396 1.064645
38  0.000001 1.766584 -0.000001  0.004335 0.000146 1.185317
39  0.000000 1.189003 0.000000  -0.009018 0.015228 1.078031
40  0.277240 3.632248 1.274101  0.277570 -0.211300 0.246707
41  0.000000 1.798495 0.000001  0.034904 -0.014638 0.397227
42  -0.000000 1.235451 0.000000  -0.008435 -0.001363 0.831510
43  -0.315442 0.857300 0.755942  0.065678 2.943949 1.113689
44  -0.000000 2.265939 -0.000001  -0.053381 0.039749 0.363484
45  0.000000 1.457810 -0.000001  -0.052740 0.016002 1.263438
46  1.259681 3.818375 1.286945  0.277570 -0.211300 0.246707
47  1.226390 3.891693 0.090419  -0.168214 -0.329396 1.064645
48  1.231623 3.875534 -0.958681  -0.234493 -0.351167 1.042859
49  1.209919 3.994782 -2.003048  -0.239589 -0.358871 0.965176
50  -0.328906 0.095429 1.403532  0.065678 2.943949 1.113689
51  -7.482856 -11.942145 10.014400  1.294343 0.017683 -2.942693
52  -6.162657 -23.540619 -1.954662  -1.570796 -0.000000 1.570796
53  -10.024240 -4.998537 -14.772615  -0.051945 0.000000 1.570796
54  -5.369620 -13.349490 -11.338174  0.008598 0.005361 -1.538391
55  50.467976 -0.653246 4.371608  -0.000000 -0.000000 -0.000023
56  7.834940 -1.604772 4.114127  1.570796 0.000000 1.538360
time 58
0  0 0 0  0 0 0
1  0.000000 0.000000 0.000000  1.570796 -0.000000 0.000000
2  10.842501 -18.916500 11.243284  0.639023 0.250799 1.392596
3  0.000003 13.479278 0.000001  0.501313 0.000000 -0.000000
4  0.000001 13.477240 -0.000001  -0.438162 -0.024783 0.161048
5  -0.267270 3.664724 -1.953294  -0.075062 -0.056357 -1.111618
6  0.000002 1.180354 -0.000002  -0.014482 -0.034450 -1.150017
7  -0.000001 0.817136 -0.000000  0.011917 -0.003038 -0.965239
8  -0.249423 3.688542 -0.940889  -0.049468 -0.026125 -0.893204
9  -0.000003 1.800634 -0.000001  0.002140 0.004913 -0.970562
10  0.000002 1.243408 -0.000004  0.004747 0.004475 -0.826682
11  -0.244726 3.701096 0.087731  0.011525 -0.027234 -0.769428
12  0.000001 1.766586 0.000003  0.004104 -0.001403 -0.889729
13  0.000001 1.189003 0.000002  -0.013063 -0.011941 -0.782432
14  -0.277240 3.632247 1.274101  0.056972 -0.020409 -0.608363
15  -0.000000 1.798492 -0.000001  0.027755 0.025735 -0.747759
16  -0.000001 1.235451 0.000002  -0.007650 0.003805 -0.530197
17  0.315440 0.857299 0.755943  2.142416 0.507104 1.567006
18  -0.000000 2.265939 -0.000001  -0.059540 -0.029733 -0.186621
19  -0.000001 1.457809 0.000001  -0.027135 0.047975 0.086665
20  -1.259682 3.818376 1.286945  0.056972 -0.020409 -0.608363
21  -1.226390 3.891692 0.090418  0.011525 -0.027234 -0.769428
22  -1.231624 3.875534 -0.958681  -0.049468 -0.026125 -0.893204
23  -1.209920 3.994782 -2.003048  -0.075062 -0.056357 -1.111618
24  0.328906 0.095428 1.403532  2.142416 0.507104 1.567006
25  -4.447977 -11.046767 30.895378  0.711844 0.093891 1.437180
26  -12.098812 -12.453417 20.198181  -1.570796 -0.000000 -1.570796
27  10.842501 -18.916500 11.243284  -0.051945 -0.000000 -1.570796
28  -10.024240 -4.998537 -14.772615  1.000539 -0.053963 -2.972831
29  -0.000001 13.479278 0.000002  0.570518 -0.000000 0.000000
30  0.000000 13.477240 0.000001  -0.276934 0.030279 -0.071600
31  0.267270 3.664726 -1.953293  -0.239589 -0.358871 0.965176
32  -0.000002 1.180355 0.000003  -0.020031 0.031549 0.982232
33  -0.000000 0.817136 0.000000  0.011243 0.004984 0.797530
34  0.249423 3.688542 -0.940890  -0.234493 -0.351167 1.042859
35  -0.000001 1.800633 -0.000000  0.001438 -0.005162 1.109575
36  -0.000000 1.243406 0.000000  0.004081 -0.005090 0.965694
37  0.244727 3.701097 0.087732  -0.168214 -0.329396 1.064645
38  0.000000 1.766584 -0.000002  0.004335 0.000146 1.185317
39  -0.000000 1.189004 0.000001  -0.009018 0.015228 1.078031
40  0.277239 3.632249 1.274102  0.277570 -0.211300 0.246707
41  0.000001 1.798494 -0.000001  0.034904 -0.014638 0.397227
42  -0.000001 1.235450 -0.000000  -0.008435 -0.001363 0.831510
43  -0.315441 0.857301 0.755943  0.065678 2.943949 1.113689
44  0.000000 2.265939 0.000001  -0.053381 0.039749 0.363484
45  0.000001 1.457811 -0.000001  -0.052740 0.016002 1.263438
46  1.259682 3.818375 1.286945  0.277570 -0.211300 0.246707
47  1.226391 3.891693 0.090418  -0.168214 -0.329396 1.064645
48  1.231623 3.875535 -0.958680  -0.234493 -0.351167 1.042859
49  1.209920 3.994782 -2.003049  -0.239589 -0.358871 0.965176
50  -0.328906 0.095429 1.403531  0.065678 2.943949 1.113689
51  -7.482758 -11.943544 10.014591  1.294656 0.017621 -2.942528
52  -6.162657 -23.540619 -1.954662  -1.570796 -0.000000 1.570796
53  -10.024240 -4.998537 -14.772615  -0.051945 0.000000 1.570796
54  -5.369620 -13.349490 -11.338174  0.008746 0.005037 -1.538391
55  50.467983 -0.653247 4.371606  -0.000000 -0.000000 -0.000023
56  7.834941 -1.604773 4.114126  1.570796 0.000000 1.538360
time 59
0  0 0 0  0 0 0
1  0.000000 0.000000 0.000000  1.570796 -0.000000 0.000000
2  10.842501 -18.916500 11.243284  0.639316 0.251197 1.392756
3  0.000002 13.479278 -0.000002  0.500807 -0.000000 -0.000000
4  0.000002 13.477237 0.000001  -0.438008 -0.024906 0.161086
5  -0.267270 3.664725 -1.953295  -0.075062 -0.056357 -1.111618
6  -0.000001 1.180356 0.000004  -0.014482 -0.034450 -1.150017
7  0.000001 0.817136 -0.000001  0.011917 -0.003038 -0.965239
8  -0.249423 3.688540 -0.940893  -0.049468 -0.026125 -0.893204
9  -0.000002 1.800634 -0.000001  0.002140 0.004913 -0.970562
10  -0.000001 1.243407 -0.000000  0.004747 0.004475 -0.826683
11  -0.244727 3.701095 0.087728  0.011525 -0.027234 -0.769428
12  -0.000001 1.766586 0.000001  0.004104 -0.001403 -0.889729
13  -0.000001 1.189003 -0.000004  -0.013063 -0.011941 -0.782432
14  -0.277239 3.632247 1.274098  0.056972 -0.020409 -0.608363
15  -0.000001 1.798497 -0.000002  0.027755 0.025735 -0.747759
16  0.000000 1.235452 0.000005  -0.007650 0.003805 -0.530197
17  0.315440 0.857298 0.755940  2.142416 0.507104 1.567006
18  0.000000 2.265941 0.000003  -0.059540 -0.029733 -0.186621
19  -0.000000 1.457810 0.000002  -0.027135 0.047975 0.086665
20  -1.259682 3.818376 1.286945  0.056972 -0.020409 -0.608363
21  -1.226391 3.891691 0.090415  0.011525 -0.027234 -0.769428
22  -1.231623 3.875534 -0.958684  -0.049468 -0.026125 -0.893204
23  -1.209920 3.994782 -2.003051  -0.075062 -0.056357 -1.111618
24  0.328905 0.095427 1.403530  2.142416 0.507104 1.567006
25  -4.448015 -11.040996 30.895287  0.711800 0.094212 1.437278
26  -12.098812 -12.453417 20.198181  -1.570796 -0.000000 -1.570796
27  10.842501 -18.916500 11.243284  -0.051945 -0.000000 -1.570796
28  -10.024240 -4.998537 -14.772615  1.000564 -0.053954 -2.972825
29  0.000000 13.479277 0.000001  0.570375 0.000000 0.000000
30  0.000000 13.477240 0.000001  -0.276500 0.030390 -0.071524
31  0.267270 3.664726 -1.953292  -0.239589 -0.358871 0.965176
32  -0.000001 1.180354 0.000000  -0.020031 0.031549 0.982232
33  0.000000 0.817135 -0.000000  0.011243 0.004984 0.797530
34  0.249423 3.688541 -0.940888  -0.234493 -0.351167 1.042859
35  0.000000 1.800634 0.000001  0.001438 -0.005162 1.109575
36  -0.000000 1.243405 0.000002  0.004081 -0.005090 0.965694
37  0.244726 3.701095 0.087733  -0.168214 -0.329396 1.064645
38  0.000000 1.766584 -0.000003  0.004335 0.000146 1.185317
39  0.000001 1.189004 0.000001  -0.009018 0.015228 1.078031
40  0.277240 3.632248 1.274104  0.277570 -0.211300 0.246707
41  -0.000000 1.798495 -0.000001  0.034904 -0.014638 0.397227
42  0.000001 1.235450 -0.000000  -0.008435 -0.001363 0.831510
43  -0.315441 0.857300 0.755944  0.065678 2.943949 1.113689
44  0.000001 2.265939 0.000001  -0.053381 0.039749 0.363484
45  0.000000 1.457812 0.000002  -0.052740 0.016002 1.263438
46  1.259681 3.818374 1.286947  0.277570 -0.211300 0.246707
47  1.226391 3.891694 0.090419  -0.168214 -0.329396 1.064645
48  1.231623 3.875534 -0.958681  -0.234493 -0.351167 1.042859
49  1.209919 3.994781 -2.003046  -0.239589 -0.358871 0.965176
50  -0.328905 0.095428 1.403533  0.065678 2.943949 1.113689
51  -7.482694 -11.944839 10.014787  1.294973 0.017558 -2.942421
52  -6.162657 -23.540619 -1.954662  -1.570796 -0.000000 1.570796
53  -10.024240 -4.998537 -14.772615  -0.051945 0.000000 1.570796
54  -5.369620 -13.349490 -11.338174  0.008838 0.004710 -1.538391
55  50.467983 -0.653247 4.371606  0.000000 -0.000000 -0.000023
56  7.834943 -1.604773 4.114125  1.570796 -0.000000 1.538360
time 60
0  0 0 0  0 0 0
1  0.000000 0.000000 0.000000  1.570796 -0.000000 0.000000
2  10.842501 -18.916500 11.243284  0.639607 0.251595 1.392916
3  0.000001 13.479275 0.000000  0.500305 0.000000 -0.000000
4  0.000000 13.477240 -0.000001  -0.437851 -0.025083 0.161098
5  -0.267269 3.664725 -1.953289  -0.075062 -0.056357 -1.111618
6  -0.000002 1.180354 -0.000001  -0.014482 -0.034450 -1.150017
7  0.000000 0.817136 0.000000  0.011917 -0.003038 -0.965239
8  -0.249422 3.688540 -0.940884  -0.049468 -0.026125 -0.893204
9  0.000002 1.800633 -0.000001  0.002140 0.004913 -0.970562
10  -0.000002 1.243407 0.000001  0.004747 0.004475 -0.826682
11  -0.244726 3.701091 0.087734  0.011525 -0.027234 -0.769428
12  -0.000001 1.766584 -0.000003  0.004104 -0.001403 -0.889730
13  -0.000003 1.189004 0.000004  -0.013063 -0.011940 -0.782432
14  -0.277239 3.632246 1.274104  0.056972 -0.020409 -0.608363
15  0.000000 1.798494 0.000002  0.027755 0.025735 -0.747759
16  0.000001 1.235452 -0.000001  -0.007650 0.003805 -0.530197
17  0.315442 0.857298 0.755945  2.142416 0.507104 1.567006
18  -0.000001 2.265934 0.000001  -0.059540 -0.029733 -0.186621
19  -0.000000 1.457809 0.000003  -0.027135 0.047975 0.086665
20  -1.259681 3.818370 1.286947  0.056972 -0.020409 -0.608363
21  -1.226390 3.891690 0.090423  0.011525 -0.027234 -0.769428
22  -1.231622 3.875532 -0.958678  -0.049468 -0.026125 -0.893204
23  -1.209918 3.994779 -2.003045  -0.075062 -0.056357 -1.111618
24  0.328907 0.095426 1.403534  2.142416 0.507104 1.567006
25  -4.448031 -11.035217 30.895187  0.711756 0.094536 1.437315
26  -12.098812 -12.453417 20.198181  -1.570796 -0.000000 -1.570796
27  10.842501 -18.916500 11.243284  -0.051945 -0.000000 -1.570796
28  -10.024240 -4.998537 -14.772615  1.000589 -0.053945 -2.972819
29  0.000001 13.479278 0.000002  0.570241 -0.000000 0.000000
30  -0.000000 13.477238 -0.000000  -0.276069 0.030438 -0.071447
31  0.267270 3.664727 -1.953293  -0.239589 -0.358871 0.965176
32  0.000001 1.180355 -0.000001  -0.020031 0.031549 0.982232
33  0.000000 0.817135 0.000000  0.011243 0.004984 0.797530
34  0.249423 3.688542 -0.940889  -0.234493 -0.351167 1.042859
35  0.000000 1.800633 -0.000000  0.001438 -0.005162 1.109575
36  0.000000 1.243406 -0.000000  0.004081 -0.005090 0.965694
37  0.244727 3.701096 0.087733  -0.168214 -0.329396 1.064645
38  -0.000002 1.766585 0.000000  0.004335 0.000146 1.185317
39  -0.000000 1.189004 0.000001  -0.009018 0.015228 1.078031
40  0.277240 3.632249 1.274102  0.277570 -0.211300 0.246707
41  0.000001 1.798495 0.000001  0.034904 -0.014638 0.397227
42  0.000000 1.235452 -0.000002  -0.008435 -0.001363 0.831510
43  -0.315440 0.857300 0.755943  0.065678 2.943949 1.113689
44  0.000001 2.265940 -0.000000  -0.053381 0.039749 0.363484
45  -0.000002 1.457810 0.000000  -0.052740 0.016002 1.263438
46  1.259683 3.818375 1.286945  0.277570 -0.211300 0.246707
47  1.226392 3.891694 0.090419  -0.168214 -0.329396 1.064645
48  1.231624 3.875535 -0.958680  -0.234493 -0.351167 1.042859
49  1.209920 3.994782 -2.003048  -0.239589 -0.358871 0.965176
50  -0.328906 0.095428 1.403533  0.065678 2.943949 1.113689
51  -7.482668 -11.946018 10.014985  1.295294 0.017493 -2.942374
52  -6.162657 -23.540619 -1.954662  -1.570796 -0.000000 1.570796
53  -10.024240 -4.998537 -14.772615  -0.051945 0.000000 1.570796
54  -5.369620 -13.349490 -11.338174  0.008869 0.004382 -1.538391
55  50.467983 -0.653247 4.371606  0.000000 -0.000000 -0.000023
56  7.834943 -1.604773 4.114126  1.570796 -0.000000 1.538360
time 61
0  0 0 0  0 0 0
1  0.000000 0.000000 0.000000  1.570796 -0.000000 0.000000
2  10.842501 -18.916500 11.243284  0.639897 0.251992 1.393076
3  -0.000003 13.479275 -0.000000  0.499808 -0.000000 -0.000000
4  0.000001 13.477240 0.000000  -0.437690 -0.025316 0.161080
5  -0.267270 3.664728 -1.953294  -0.075062 -0.056357 -1.111618
6  0.000000 1.180354 -0.000002  -0.014482 -0.034450 -1.150017
7  -0.000001 0.817135 -0.000001  0.011917 -0.003038 -0.965239
8  -0.249423 3.688543 -0.940890  -0.049468 -0.026125 -0.893204
9  0.000000 1.800635 -0.000004  0.002140 0.004913 -0.970563
10  0.000001 1.243408 -0.000006  0.004747 0.004475 -0.826683
11  -0.244726 3.701097 0.087731  0.011525 -0.027234 -0.769428
12  0.000002 1.766583 0.000001  0.004104 -0.001403 -0.889730
13  0.000001 1.189004 -0.000002  -0.013063 -0.011941 -0.782432
14  -0.277239 3.632249 1.274100  0.056972 -0.020409 -0.608363
15  -0.000001 1.798496 0.000002  0.027755 0.025735 -0.747759
16  -0.000001 1.235450 -0.000004  -0.007650 0.003805 -0.530197
17  0.315440 0.857301 0.755943  2.142416 0.507104 1.567006
18  0.000000 2.265940 -0.000001  -0.059540 -0.029733 -0.186621
19  0.000000 1.457812 -0.000000  -0.027135 0.047975 0.086665
20  -1.259682 3.818377 1.286948  0.056972 -0.020409 -0.608363
21  -1.226392 3.891694 0.090418  0.011525 -0.027234 -0.769428
22  -1.231624 3.875537 -0.958681  -0.049468 -0.026125 -0.893204
23  -1.209920 3.994784 -2.003048  -0.075062 -0.056357 -1.111618
24  0.328906 0.095429 1.403533  2.142416 0.507104 1.567006
25  -4.448022 -11.029460 30.895086  0.711712 0.094862 1.437289
26  -12.098812 -12.453417 20.198181  -1.570796 -0.000000 -1.570796
27  10.842501 -18.916500 11.243284  -0.051945 -0.000000 -1.570796
28  -10.024240 -4.998537 -14.772615  1.000615 -0.053935 -2.972812
29  -0.000001 13.479276 0.000001  0.570116 -0.000000 0.000000
30  0.000000 13.477239 0.000000  -0.275645 0.030422 -0.071369
31  0.267268 3.664725 -1.953294  -0.239589 -0.358871 0.965176
32  -0.000001 1.180356 0.000000  -0.020031 0.031549 0.982232
33  -0.000001 0.817135 0.000001  0.011243 0.004984 0.797530
34  0.249421 3.688541 -0.940890  -0.234493 -0.351167 1.042859
35  0.000000 1.800634 0.000000  0.001438 -0.005162 1.109575
36  -0.000000 1.243406 -0.000000  0.004081 -0.005090 0.965694
37  0.244725 3.701095 0.087732  -0.168214 -0.329396 1.064645
38  0.000001 1.766584 0.000001  0.004335 0.000146 1.185316
39  0.000001 1.189005 0.000002  -0.009018 0.015228 1.078031
40  0.277238 3.632248 1.274101  0.277570 -0.211300 0.246707
41  -0.000000 1.798495 -0.000001  0.034904 -0.014638 0.397227
42  0.000000 1.235451 0.000000  -0.008435 -0.001363 0.831510
43  -0.315442 0.857300 0.755942  0.065678 2.943949 1.113689
44  0.000003 2.265940 0.000000  -0.053381 0.039749 0.363484
45  0.000001 1.457812 -0.000001  -0.052740 0.016002 1.263438
46  1.259680 3.818375 1.286944  0.277570 -0.211300 0.246707
47  1.226389 3.891692 0.090417  -0.168214 -0.329396 1.064645
48  1.231622 3.875534 -0.958681  -0.234493 -0.351167 1.042859
49  1.209917 3.994781 -2.003049  -0.239589 -0.358871 0.965176
50  -0.328907 0.095428 1.403532  0.065678 2.943949 1.113689
51  -7.482682 -11.947068 10.015186  1.295617 0.017428 -2.942390
52  -6.162657 -23.540619 -1.954662  -1.570796 -0.000000 1.570796
53  -10.024240 -4.998537 -14.772615  -0.051945 0.000000 1.570796
54  -5.369620 -13.349490 -11.338174  0.008835 0.004054 -1.538391
55  50.467983 -0.653247 4.371608  0.000000 -0.000000 -0.000023
56  7.834939 -1.604772 4.114127  1.570796 -0.000000 1.538360
time 62
0  0 0 0  0 0 0
1  0.000000 0.000000 0.000000  1.570796 -0.000000 0.000000
2  10.842501 -18.916500 11.243284  0.640183 0.252386 1.393234
3  -0.000002 13.479278 0.000000  0.499320 0.000000 -0.000000
4  0.000001 13.477236 0.000000  -0.437527 -0.025604 0.161034
5  -0.267270 3.664724 -1.953292  -0.075062 -0.056357 -1.111618
6  0.000002 1.180355 -0.000001  -0.014482 -0.034450 -1.150017
7  -0.000000 0.817133 0.000003  0.011917 -0.003038 -0.965239
8  -0.249423 3.688541 -0.940886  -0.049468 -0.026125 -0.893204
9  0.000000 1.800633 -0.000002  0.002140 0.004913 -0.970562
10  0.000000 1.243407 0.000003  0.004747 0.004475 -0.826682
11  -0.244727 3.701095 0.087734  0.011525 -0.027234 -0.769428
12  0.000005 1.766585 0.000000  0.004104 -0.001403 -0.889730
13  -0.000002 1.189004 0.000003  -0.013063 -0.011941 -0.782432
14  -0.277239 3.632246 1.274102  0.056972 -0.020409 -0.608363
15  0.000002 1.798495 -0.000002  0.027755 0.025735 -0.747760
16  -0.000000 1.235451 0.000001  -0.007650 0.003805 -0.530197
17  0.315441 0.857299 0.755945  2.142416 0.507104 1.567006
18  -0.000001 2.265939 -0.000001  -0.059540 -0.029733 -0.186621
19  -0.000000 1.457809 -0.000001  -0.027135 0.047975 0.086665
20  -1.259682 3.818374 1.286947  0.056972 -0.020409 -0.608363
21  -1.226391 3.891693 0.090423  0.011525 -0.027234 -0.769428
22  -1.231623 3.875533 -0.958679  -0.049468 -0.026125 -0.893204
23  -1.209919 3.994779 -2.003047  -0.075062 -0.056357 -1.111618
24  0.328905 0.095428 1.403533  2.142416 0.507104 1.567006
25  -4.447990 -11.023754 30.894985  0.711669 0.095189 1.437198
26  -12.098812 -12.453417 20.198181  -1.570796 -0.000000 -1.570796
27  10.842501 -18.916500 11.243284  -0.051945 -0.000000 -1.570796
28  -10.024240 -4.998537 -14.772615  1.000641 -0.053924 -2.972805
29  -0.000001 13.479278 0.000002  0.570002 -0.000000 0.000000
30  -0.000001 13.477238 0.000000  -0.275230 0.030340 -0.071290
31  0.267269 3.664727 -1.953291  -0.239589 -0.358871 0.965176
32  -0.000002 1.180355 -0.000001  -0.020031 0.031549 0.982232
33  -0.000000 0.817136 0.000001  0.011243 0.004984 0.797530
34  0.249423 3.688541 -0.940887  -0.234493 -0.351167 1.042859
35  0.000000 1.800633 0.000001  0.001438 -0.005162 1.109575
36  0.000001 1.243405 0.000000  0.004081 -0.005090 0.965694
37  0.244726 3.701095 0.087733  -0.168214 -0.329396 1.064645
38  0.000002 1.766585 0.000000  0.004335 0.000146 1.185317
39  0.000000 1.189004 0.000001  -0.009018 0.015228 1.078031
40  0.277239 3.632248 1.274103  0.277570 -0.211300 0.246707
41  0.000001 1.798493 0.000000  0.034904 -0.014638 0.397227
42  -0.000001 1.235451 0.000000  -0.008435 -0.001363 0.831510
43  -0.315441 0.857300 0.755944  0.065678 2.943949 1.113689
44  -0.000000 2.265940 0.000000  -0.053381 0.039749 0.363485
45  0.000000 1.457811 -0.000000  -0.052740 0.016002 1.263438
46  1.259681 3.818375 1.286946  0.277570 -0.211300 0.246707
47  1.226391 3.891694 0.090420  -0.168214 -0.329396 1.064645
48  1.231623 3.875535 -0.958680  -0.234493 -0.351167 1.042859
49  1.209919 3.994782 -2.003046  -0.239589 -0.358871 0.965176
50  -0.328906 0.095428 1.403534  0.065678 2.943949 1.113689
51  -7.482737 -11.947985 10.015387  1.295940 0.017362 -2.942472
52  -6.162657 -23.540619 -1.954662  -1.570796 -0.000000 1.570796
53  -10.024240 -4.998537 -14.772615  -0.051945 0.000000 1.570796
54  -5.369620 -13.349490 -11.338174  0.008738 0.003727 -1.538391
55  50.467983 -0.653246 4.371607  0.000000 -0.000000 -0.000023
56  7.834941 -1.604772 4.114126  1.570796 0.000000 1.538360
time 63
0  0 0 0  0 0 0
1  0.000000 0.000000 0.000000  1.570796 -0.000000 0.000000
2  10.842501 -18.916500 11.243284  0.640464 0.252775 1.393391
3  -0.000001 13.479277 0.000001  0.498844 -0.000000 -0.000000
4  0.000001 13.477240 -0.000001  -0.437363 -0.025942 0.160960
5  -0.267269 3.664727 -1.953291  -0.075062 -0.056357 -1.111618
6  0.000001 1.180355 0.000003  -0.014482 -0.034450 -1.150017
7  -0.000001 0.817134 0.000002  0.011917 -0.003038 -0.965239
8  -0.249422 3.688540 -0.940889  -0.049468 -0.026125 -0.893204
9  -0.000001 1.800633 -0.000002  0.002140 0.004913 -0.970563
10  0.000000 1.243406 -0.000002  0.004747 0.004475 -0.826683
11  -0.244726 3.701096 0.087735  0.011525 -0.027234 -0.769428
12  -0.000000 1.766582 -0.000003  0.004104 -0.001403 -0.889730
13  -0.000001 1.189005 0.000001  -0.013063 -0.011941 -0.782432
14  -0.277239 3.632248 1.274103  0.056972 -0.020409 -0.608363
15  -0.000001 1.798495 0.000002  0.027755 0.025735 -0.747759
16  0.000002 1.235452 -0.000004  -0.007650 0.003805 -0.530197
17  0.315443 0.857299 0.755944  2.142416 0.507104 1.567006
18  -0.000000 2.265941 -0.000001  -0.059540 -0.029733 -0.186621
19  0.000000 1.457815 -0.000002  -0.027135 0.047975 0.086665
20  -1.259680 3.818375 1.286948  0.056972 -0.020409 -0.608363
21  -1.226390 3.891695 0.090421  0.011525 -0.027234 -0.769428
22  -1.231622 3.875536 -0.958679  -0.049468 -0.026125 -0.893204
23  -1.209919 3.994782 -2.003048  -0.075062 -0.056357 -1.111618
24  0.328907 0.095428 1.403534  2.142416 0.507104 1.567006
25  -4.447933 -11.018128 30.894878  0.711625 0.095514 1.437046
26  -12.098812 -12.453417 20.198181  -1.570796 -0.000000 -1.570796
27  10.842501 -18.916500 11.243284  -0.051945 -0.000000 -1.570796
28  -10.024240 -4.998537 -14.772615  1.000666 -0.053912 -2.972797
29  -0.000000 13.479278 0.000001  0.569898 -0.000000 0.000000
30  -0.000000 13.477238 0.000001  -0.274825 0.030196 -0.071210
31  0.267270 3.664726 -1.953293  -0.239589 -0.358871 0.965176
32  0.000001 1.180355 -0.000000  -0.020031 0.031549 0.982232
33  0.000000 0.817135 -0.000001  0.011243 0.004984 0.797530
34  0.249423 3.688541 -0.940889  -0.234493 -0.351167 1.042859
35  0.000000 1.800633 0.000000  0.001438 -0.005162 1.109575
36  0.000000 1.243405 0.000001  0.004081 -0.005090 0.965694
37  0.244727 3.701095 0.087733  -0.168214 -0.329396 1.064645
38  0.000001 1.766585 -0.000000  0.004335 0.000146 1.185317
39  0.000000 1.189003 -0.000001  -0.009018 0.015228 1.078031
40  0.277240 3.632247 1.274102  0.277570 -0.211300 0.246707
41  0.000001 1.798496 -0.000000  0.034904 -0.014638 0.397227
42  0.000001 1.235451 0.000001  -0.008435 -0.001363 0.831510
43  -0.315441 0.857300 0.755943  0.065678 2.943949 1.113689
44  0.000001 2.265940 -0.000001  -0.053381 0.039749 0.363484
45  0.000000 1.457812 -0.000000  -0.052740 0.016002 1.263438
46  1.259682 3.818374 1.286945  0.277570 -0.211300 0.246707
47  1.226391 3.891693 0.090419  -0.168214 -0.329396 1.064645
48  1.231624 3.875534 -0.958680  -0.234493 -0.351167 1.042859
49  1.209920 3.994781 -2.003047  -0.239589 -0.358871 0.965176
50  -0.328905 0.095428 1.403532  0.065678 2.943949 1.113689
51  -7.482827 -11.948768 10.015589  1.296262 0.017297 -2.942613
52  -6.162657 -23.540619 -1.954662  -1.570796 -0.000000 1.570796
53  -10.024240 -4.998537 -14.772615  -0.051945 0.000000 1.570796
54  -5.369620 -13.349490 -11.338174  0.008580 0.003403 -1.538391
55  50.467987 -0.653247 4.371607  0.000000 -0.000000 -0.000023
56  7.834942 -1.604773 4.114126  1.570796 0.000000 1.538360
time 64
0  0 0 0  0 0 0
1  0.000000 0.000000 0.000000  1.570796 -0.000000 0.000000
2  10.842501 -18.916500 11.243284  0.640738 0.253157 1.393545
3  0.000000 13.479277 -0.000001  0.498379 -0.000000 -0.000000
4  0.000002 13.477242 -0.000000  -0.437198 -0.026327 0.160860
5  -0.267268 3.664724 -1.953295  -0.075062 -0.056357 -1.111618
6  -0.000000 1.180355 0.000002  -0.014482 -0.034450 -1.150017
7  0.000000 0.817135 0.000006  0.011917 -0.003038 -0.965239
8  -0.249422 3.688540 -0.940890  -0.049468 -0.026125 -0.893204
9  0.000000 1.800631 0.000003  0.002140 0.004913 -0.970563
10  -0.000000 1.243406 0.000001  0.004747 0.004475 -0.826683
11  -0.244725 3.701093 0.087730  0.011525 -0.027234 -0.769428
12  0.000003 1.766582 -0.000004  0.004104 -0.001403 -0.889730
13  -0.000003 1.189003 0.000002  -0.013063 -0.011941 -0.782432
14  -0.277238 3.632246 1.274098  0.056972 -0.020409 -0.608363
15  -0.000002 1.798496 -0.000003  0.027755 0.025735 -0.747759
16  -0.000001 1.235451 0.000000  -0.007650 0.003805 -0.530197
17  0.315441 0.857297 0.755941  2.142416 0.507104 1.567006
18  0.000000 2.265938 0.000001  -0.059540 -0.029733 -0.186621
19  0.000000 1.457811 -0.000003  -0.027135 0.047975 0.086665
20  -1.259680 3.818373 1.286943  0.056972 -0.020409 -0.608363
21  -1.226390 3.891691 0.090416  0.011525 -0.027234 -0.769428
22  -1.231623 3.875534 -0.958679  -0.049468 -0.026125 -0.893204
23  -1.209919 3.994780 -2.003050  -0.075062 -0.056357 -1.111618
24  0.328906 0.095428 1.403532  2.142416 0.507104 1.567006
25  -4.447856 -11.012610 30.894773  0.711582 0.095837 1.436838
26  -12.098812 -12.453417 20.198181  -1.570796 -0.000000 -1.570796
27  10.842501 -18.916500 11.243284  -0.051945 -0.000000 -1.570796
28  -10.024240 -4.998537 -14.772615  1.000691 -0.053900 -2.972788
29  -0.000001 13.479277 0.000002  0.569805 -0.000000 0.000000
30  -0.000000 13.477239 0.000000  -0.274433 0.029993 -0.071131
31  0.267270 3.664725 -1.953293  -0.239589 -0.358871 0.965176
32  0.000001 1.180355 0.000000  -0.020031 0.031549 0.982232
33  -0.000002 0.817136 -0.000001  0.011243 0.004984 0.797530
34  0.249423 3.688540 -0.940888  -0.234493 -0.351167 1.042859
35  0.000001 1.800633 -0.000000  0.001438 -0.005162 1.109575
36  0.000000 1.243407 -0.000000  0.004081 -0.005090 0.965694
37  0.244726 3.701094 0.087732  -0.168214 -0.329396 1.064645
38  0.000001 1.766585 0.000000  0.004335 0.000146 1.185317
39  0.000000 1.189005 0.000001  -0.009018 0.015228 1.078031
40  0.277240 3.632246 1.274102  0.277570 -0.211300 0.246707
41  -0.000000 1.798494 0.000003  0.034904 -0.014638 0.397227
42  -0.000002 1.235452 0.000001  -0.008435 -0.001363 0.831510
43  -0.315442 0.857298 0.755944  0.065678 2.943949 1.113689
44  -0.000000 2.265939 -0.000000  -0.053381 0.039749 0.363484
45  0.000000 1.457811 0.000001  -0.052740 0.016002 1.263438
46  1.259680 3.818373 1.286946  0.277570 -0.211300 0.246707
47  1.226391 3.891692 0.090418  -0.168214 -0.329396 1.064645
48  1.231623 3.875533 -0.958681  -0.234493 -0.351167 1.042859
49  1.209919 3.994780 -2.003047  -0.239589 -0.358871 0.965176
50  -0.328906 0.095428 1.403533  0.065678 2.943949 1.113689
51  -7.482955 -11.949421 10.015788  1.296580 0.017232 -2.942812
52  -6.162657 -23.540619 -1.954662  -1.570796 -0.000000 1.570796
53  -10.024240 -4.998537 -14.772615  -0.051945 0.000000 1.570796
54  -5.369620 -13.349490 -11.338174  0.008365 0.003085 -1.538392
55  50.467983 -0.653246 4.371607  -0.000000 -0.000000 -0.000023
56  7.834941 -1.604773 4.114126  1.570796 0.000000 1.538360
time 65
0  0 0 0  0 0 0
1  0.000000 0.000000 0.000000  1.570796 -0.000000 0.000000
2  10.842501 -18.916500 11.243284  0.641004 0.253530 1.393695
3  0.000003 13.479275 -0.000001  0.497931 -0.000000 -0.000000
4  0.000001 13.477238 0.000000  -0.437033 -0.026755 0.160737
5  -0.267268 3.664725 -1.953294  -0.075062 -0.056357 -1.111618
6  -0.000003 1.180355 0.000003  -0.014482 -0.034450 -1.150017
7  0.000000 0.817134 0.000004  0.011917 -0.003038 -0.965239
8  -0.249421 3.688541 -0.940890  -0.049468 -0.026125 -0.893204
9  -0.000002 1.800632 -0.000002  0.002140 0.004913 -0.970563
10  0.000000 1.243406 0.000002  0.004747 0.004475 -0.826683
11  -0.244725 3.701095 0.087733  0.011525 -0.027234 -0.769428
12  -0.000002 1.766584 -0.000000  0.004104 -0.001403 -0.889730
13  0.000003 1.189003 -0.000001  -0.013063 -0.011940 -0.782432
14  -0.277238 3.632246 1.274100  0.056972 -0.020409 -0.608363
15  -0.000001 1.798494 -0.000001  0.027755 0.025735 -0.747759
16  -0.000002 1.235452 0.000004  -0.007650 0.003805 -0.530197
17  0.315442 0.857298 0.755942  2.142416 0.507104 1.567006
18  -0.000001 2.265939 0.000002  -0.059540 -0.029733 -0.186621
19  0.000000 1.457811 0.000000  -0.027135 0.047975 0.086665
20  -1.259679 3.818374 1.286946  0.056972 -0.020409 -0.608363
21  -1.226389 3.891690 0.090416  0.011525 -0.027234 -0.769428
22  -1.231622 3.875532 -0.958683  -0.049468 -0.026125 -0.893204
23  -1.209917 3.994781 -2.003050  -0.075062 -0.056357 -1.111618
24  0.328907 0.095428 1.403531  2.142416 0.507104 1.567006
25  -4.447758 -11.007224 30.894667  0.711540 0.096155 1.436575
26  -12.098812 -12.453417 20.198181  -1.570796 -0.000000 -1.570796
27  10.842501 -18.916500 11.243284  -0.051945 -0.000000 -1.570796
28  -10.024240 -4.998537 -14.772615  1.000717 -0.053887 -2.972780
29  -0.000002 13.479278 0.000002  0.569722 -0.000000 0.000000
30  0.000001 13.477239 -0.000001  -0.274055 0.029735 -0.071052
31  0.267270 3.664728 -1.953292  -0.239589 -0.358871 0.965176
32  -0.000001 1.180355 0.000001  -0.020031 0.031549 0.982232
33  0.000000 0.817135 0.000001  0.011243 0.004984 0.797530
34  0.249423 3.688543 -0.940888  -0.234493 -0.351167 1.042859
35  0.000001 1.800634 0.000002  0.001438 -0.005162 1.109575
36  -0.000000 1.243407 -0.000001  0.004081 -0.005090 0.965694
37  0.244727 3.701096 0.087733  -0.168214 -0.329396 1.064645
38  -0.000001 1.766584 -0.000001  0.004335 0.000146 1.185317
39  0.000001 1.189003 0.000000  -0.009018 0.015228 1.078031
40  0.277240 3.632249 1.274102  0.277570 -0.211300 0.246707
41  -0.000002 1.798493 0.000002  0.034904 -0.014638 0.397227
42  -0.000001 1.235453 -0.000000  -0.008435 -0.001363 0.831510
43  -0.315440 0.857300 0.755944  0.065678 2.943949 1.113689
44  0.000000 2.265939 0.000001  -0.053381 0.039749 0.363484
45  -0.000001 1.457812 -0.000000  -0.052740 0.016002 1.263438
46  1.259682 3.818376 1.286946  0.277570 -0.211300 0.246707
47  1.226392 3.891694 0.090419  -0.168214 -0.329396 1.064645
48  1.231624 3.875534 -0.958680  -0.234493 -0.351167 1.042859
49  1.209920 3.994782 -2.003047  -0.239589 -0.358871 0.965176
50  -0.328906 0.095428 1.403533  0.065678 2.943949 1.113689
51  -7.483115 -11.949943 10.015987  1.296895 0.017168 -2.943065
52  -6.162657 -23.540619 -1.954662  -1.570796 -0.000000 1.570796
53  -10.024240 -4.998537 -14.772615  -0.051945 0.000000 1.570796
54  -5.369620 -13.349490 -11.338174  0.008097 0.002773 -1.538392
55  50.467983 -0.653247 4.371607  -0.000000 -0.000000 -0.000023
56  7.834940 -1.604773 4.114125  1.570796 0.000000 1.538360
time 66
0  0 0 0  0 0 0
1  0.000000 0.000000 0.000000  1.570796 -0.000000 0.000000
2  10.842501 -18.916500 11.243284  0.641261 0.253891 1.393841
3  0.000001 13.479276 0.000000  0.497499 -0.000000 -0.000000
4  0.000001 13.477240 -0.000000  -0.436870 -0.027221 0.160590
5  -0.267269 3.664728 -1.953295  -0.075062 -0.056357 -1.111618
6  0.000003 1.180355 0.000002  -0.014482 -0.034450 -1.150017
7  0.000000 0.817134 0.000002  0.011917 -0.003038 -0.965239
8  -0.249424 3.688542 -0.940891  -0.049468 -0.026125 -0.893204
9  -0.000001 1.800633 -0.000003  0.002140 0.004913 -0.970563
10  0.000001 1.243407 -0.000004  0.004747 0.004475 -0.826683
11  -0.244726 3.701096 0.087730  0.011525 -0.027234 -0.769428
12  -0.000000 1.766582 0.000000  0.004104 -0.001403 -0.889729
13  0.000002 1.189004 0.000000  -0.013063 -0.011940 -0.782432
14  -0.277240 3.632248 1.274099  0.056972 -0.020409 -0.608363
15  0.000002 1.798495 0.000000  0.027755 0.025735 -0.747759
16  0.000002 1.235452 -0.000002  -0.007650 0.003805 -0.530197
17  0.315441 0.857301 0.755943  2.142416 0.507104 1.567006
18  -0.000001 2.265940 -0.000001  -0.059540 -0.029733 -0.186621
19  0.000000 1.457812 -0.000000  -0.027135 0.047975 0.086665
20  -1.259681 3.818376 1.286943  0.056972 -0.020409 -0.608363
21  -1.226391 3.891693 0.090418  0.011525 -0.027234 -0.769428
22  -1.231623 3.875536 -0.958681  -0.049468 -0.026125 -0.893204
23  -1.209919 3.994784 -2.003048  -0.075062 -0.056357 -1.111618
24  0.328906 0.095431 1.403532  2.142416 0.507104 1.567006
25  -4.447641 -11.002002 30.894562  0.711498 0.096466 1.436262
26  -12.098812 -12.453417 20.198181  -1.570796 -0.000000 -1.570796
27  10.842501 -18.916500 11.243284  -0.051945 -0.000000 -1.570796
28  -10.024240 -4.998537 -14.772615  1.000741 -0.053874 -2.972770
29  -0.000000 13.479279 0.000002  0.569650 0.000000 0.000000
30  -0.000001 13.477239 0.000000  -0.273692 0.029426 -0.070975
31  0.267269 3.664727 -1.953293  -0.239589 -0.358871 0.965176
32  0.000001 1.180355 -0.000001  -0.020031 0.031549 0.982232
33  0.000000 0.817135 -0.000001  0.011243 0.004984 0.797530
34  0.249422 3.688542 -0.940889  -0.234493 -0.351167 1.042859
35  0.000001 1.800633 0.000001  0.001438 -0.005162 1.109575
36  0.000000 1.243405 0.000000  0.004081 -0.005090 0.965694
37  0.244725 3.701095 0.087733  -0.168214 -0.329396 1.064645
38  0.000001 1.766585 -0.000001  0.004335 0.000146 1.185317
39  0.000001 1.189005 -0.000001  -0.009018 0.015228 1.078031
40  0.277238 3.632248 1.274102  0.277570 -0.211300 0.246707
41  0.000001 1.798494 -0.000001  0.034904 -0.014638 0.397227
42  0.000000 1.235451 0.000001  -0.008435 -0.001363 0.831510
43  -0.315442 0.857300 0.755944  0.065678 2.943949 1.113689
44  0.000000 2.265940 -0.000000  -0.053381 0.039749 0.363484
45  -0.000000 1.457812 0.000000  -0.052740 0.016002 1.263438
46  1.259680 3.818375 1.286945  0.277570 -0.211300 0.246707
47  1.226389 3.891694 0.090420  -0.168214 -0.329396 1.064645
48  1.231621 3.875534 -0.958680  -0.234493 -0.351167 1.042859
49  1.209918 3.994781 -2.003047  -0.239589 -0.358871 0.965176
50  -0.328906 0.095428 1.403533  0.065678 2.943949 1.113689
51  -7.483307 -11.950336 10.016180  1.297202 0.017105 -2.943369
52  -6.162657 -23.540619 -1.954662  -1.570796 -0.000000 1.570796
53  -10.024240 -4.998537 -14.772615  -0.051945 0.000000 1.570796
54  -5.369620 -13.349490 -11.338174  0.007778 0.002469 -1.538392
55  50.467983 -0.653247 4.371607  0.000000 -0.000000 -0.000023
56  7.834940 -1.604773 4.114126  1.570796 0.000000 1.538360
time 67
0  0 0 0  0 0 0
1  0.000000 0.000000 0.000000  1.570796 -0.000000 0.000000
2  10.842501 -18.916500 11.243284  0.641508 0.254240 1.393981
3  0.000002 13.479277 0.000000  0.497087 -0.000000 -0.000000
4  -0.000001 13.477239 -0.000000  -0.436709 -0.027722 0.160422
5  -0.267269 3.664729 -1.953292  -0.075062 -0.056357 -1.111618
6  0.000004 1.180356 0.000001  -0.014482 -0.034450 -1.150017
7  0.000000 0.817136 -0.000002  0.011917 -0.003038 -0.965239
8  -0.249423 3.688543 -0.940890  -0.049468 -0.026125 -0.893204
9  -0.000003 1.800634 -0.000000  0.002140 0.004913 -0.970562
10  0.000000 1.243405 0.000001  0.004747 0.004475 -0.826683
11  -0.244727 3.701097 0.087732  0.011525 -0.027234 -0.769428
12  -0.000003 1.766583 -0.000003  0.004104 -0.001403 -0.889730
13  0.000001 1.189004 -0.000001  -0.013063 -0.011941 -0.782432
14  -0.277239 3.632250 1.274101  0.056972 -0.020409 -0.608363
15  -0.000001 1.798493 -0.000000  0.027755 0.025735 -0.747759
16  -0.000002 1.235452 0.000003  -0.007650 0.003805 -0.530197
17  0.315442 0.857301 0.755943  2.142416 0.507104 1.567006
18  0.000001 2.265939 0.000001  -0.059540 -0.029733 -0.186621
19  0.000000 1.457809 -0.000002  -0.027135 0.047975 0.086665
20  -1.259681 3.818375 1.286945  0.056972 -0.020409 -0.608363
21  -1.226391 3.891694 0.090419  0.011525 -0.027234 -0.769428
22  -1.231624 3.875535 -0.958679  -0.049468 -0.026125 -0.893204
23  -1.209919 3.994782 -2.003050  -0.075062 -0.056357 -1.111618
24  0.328906 0.095428 1.403532  2.142416 0.507104 1.567006
25  -4.447507 -10.996970 30.894459  0.711458 0.096769 1.435903
26  -12.098812 -12.453417 20.198181  -1.570796 -0.000000 -1.570796
27  10.842501 -18.916500 11.243284  -0.051945 -0.000000 -1.570796
28  -10.024240 -4.998537 -14.772615  1.000764 -0.053860 -2.972761
29  -0.000002 13.479280 0.000002  0.569589 -0.000000 0.000000
30  -0.000001 13.477239 -0.000000  -0.273348 0.029069 -0.070899
31  0.267270 3.664727 -1.953293  -0.239589 -0.358871 0.965176
32  -0.000000 1.180354 0.000001  -0.020031 0.031549 0.982232
33  -0.000001 0.817135 -0.000002  0.011243 0.004984 0.797530
34  0.249423 3.688543 -0.940889  -0.234493 -0.351167 1.042859
35  -0.000000 1.800634 -0.000001  0.001438 -0.005162 1.109575
36  -0.000001 1.243406 0.000001  0.004081 -0.005090 0.965694
37  0.244727 3.701096 0.087732  -0.168214 -0.329396 1.064645
38  0.000001 1.766585 0.000000  0.004335 0.000146 1.185317
39  0.000000 1.189004 0.000001  -0.009018 0.015228 1.078031
40  0.277240 3.632249 1.274102  0.277570 -0.211300 0.246707
41  0.000001 1.798494 -0.000001  0.034904 -0.014638 0.397227
42  -0.000000 1.235451 -0.000000  -0.008435 -0.001363 0.831510
43  -0.315441 0.857301 0.755943  0.065678 2.943949 1.113689
44  0.000001 2.265940 -0.000001  -0.053381 0.039749 0.363485
45  0.000000 1.457811 -0.000000  -0.052740 0.016002 1.263438
46  1.259681 3.818376 1.286946  0.277570 -0.211300 0.246707
47  1.226391 3.891694 0.090420  -0.168214 -0.329396 1.064645
48  1.231624 3.875535 -0.958680  -0.234493 -0.351167 1.042859
49  1.209920 3.994783 -2.003047  -0.239589 -0.358871 0.965176
50  -0.328906 0.095430 1.403533  0.065678 2.943949 1.113689
51  -7.483528 -11.950603 10.016370  1.297502 0.017044 -2.943720
52  -6.162657 -23.540619 -1.954662  -1.570796 -0.000000 1.570796
53  -10.024240 -4.998537 -14.772615  -0.051945 0.000000 1.570796
54  -5.369620 -13.349490 -11.338174  0.007412 0.002175 -1.538392
55  50.467983 -0.653247 4.371606  0.000000 -0.000000 -0.000023
56  7.834941 -1.604773 4.114125  1.570796 -0.000000 1.538360
time 68
0  0 0 0  0 0 0
1  0.000000 0.000000 0.000000  1.570796 -0.000000 0.000000
2  10.842501 -18.916500 11.243284  0.641742 0.254574 1.394116
3  0.000001 13.479276 0.000000  0.496697 -0.000000 -0.000000
4  -0.000001 13.477237 0.000000  -0.436552 -0.028253 0.160235
5  -0.267269 3.664726 -1.953293  -0.075062 -0.056357 -1.111618
6  -0.000002 1.180355 -0.000003  -0.014482 -0.034450 -1.150017
7  -0.000001 0.817134 0.000003  0.011917 -0.003038 -0.965239
8  -0.249423 3.688542 -0.940888  -0.049468 -0.026125 -0.893204
9  0.000004 1.800632 -0.000003  0.002140 0.004913 -0.970563
10  0.000002 1.243407 0.000000  0.004747 0.004475 -0.826683
11  -0.244726 3.701096 0.087734  0.011525 -0.027234 -0.769428
12  0.000000 1.766583 -0.000003  0.004104 -0.001403 -0.889730
13  -0.000002 1.189003 0.000001  -0.013063 -0.011940 -0.782432
14  -0.277240 3.632247 1.274101  0.056972 -0.020409 -0.608363
15  0.000002 1.798492 -0.000001  0.027755 0.025735 -0.747760
16  -0.000001 1.235452 0.000001  -0.007650 0.003805 -0.530197
17  0.315441 0.857299 0.755945  2.142416 0.507104 1.567006
18  -0.000001 2.265935 0.000001  -0.059540 -0.029733 -0.186621
19  -0.000000 1.457812 0.000000  -0.027135 0.047975 0.086665
20  -1.259681 3.818375 1.286946  0.056972 -0.020409 -0.608363
21  -1.226391 3.891694 0.090420  0.011525 -0.027234 -0.769428
22  -1.231623 3.875533 -0.958679  -0.049468 -0.026125 -0.893204
23  -1.209919 3.994780 -2.003049  -0.075062 -0.056357 -1.111618
24  0.328906 0.095427 1.403532  2.142416 0.507104 1.567006
25  -4.447356 -10.992154 30.894354  0.711419 0.097062 1.435500
26  -12.098812 -12.453417 20.198181  -1.570796 -0.000000 -1.570796
27  10.842501 -18.916500 11.243284  -0.051945 -0.000000 -1.570796
28  -10.024240 -4.998537 -14.772615  1.000787 -0.053846 -2.972752
29  -0.000000 13.479277 0.000001  0.569540 -0.000000 0.000000
30  0.000000 13.477239 0.000000  -0.273022 0.028667 -0.070825
31  0.267271 3.664726 -1.953294  -0.239589 -0.358871 0.965176
32  0.000002 1.180357 -0.000002  -0.020031 0.031549 0.982232
33  0.000000 0.817135 -0.000001  0.011243 0.004984 0.797530
34  0.249423 3.688541 -0.940889  -0.234493 -0.351167 1.042859
35  0.000001 1.800633 -0.000000  0.001438 -0.005162 1.109575
36  -0.000001 1.243407 0.000000  0.004081 -0.005090 0.965694
37  0.244727 3.701096 0.087733  -0.168214 -0.329396 1.064645
38  0.000000 1.766586 0.000000  0.004335 0.000146 1.185317
39  0.000001 1.189003 -0.000001  -0.009018 0.015228 1.078031
40  0.277241 3.632248 1.274102  0.277570 -0.211300 0.246707
41  0.000000 1.798494 -0.000001  0.034904 -0.014638 0.397227
42  0.000001 1.235451 -0.000001  -0.008435 -0.001363 0.831510
43  -0.315440 0.857299 0.755944  0.065678 2.943949 1.113689
44  -0.000000 2.265939 -0.000001  -0.053381 0.039749 0.363484
45  0.000001 1.457812 -0.000000  -0.052740 0.016002 1.263438
46  1.259682 3.818374 1.286945  0.277570 -0.211300 0.246707
47  1.226392 3.891694 0.090418  -0.168214 -0.329396 1.064645
48  1.231624 3.875534 -0.958681  -0.234493 -0.351167 1.042859
49  1.209920 3.994781 -2.003048  -0.239589 -0.358871 0.965176
50  -0.328905 0.095429 1.403532  0.065678 2.943949 1.113689
51  -7.483775 -11.950743 10.016551  1.297791 0.016985 -2.944114
52  -6.162657 -23.540619 -1.954662  -1.570796 -0.000000 1.570796
53  -10.024240 -4.998537 -14.772615  -0.051945 0.000000 1.570796
54  -5.369620 -13.349490 -11.338174  0.007004 0.001893 -1.538392
55  50.467983 -0.653248 4.371606  0.000000 -0.000000 -0.000023
56  7.834941 -1.604773 4.114125  1.570796 0.000000 1.538360
time 69
0  0 0 0  0 0 0
1  0.000000 0.000000 0.000000  1.570796 -0.000000 0.000000
2  10.842501 -18.916500 11.243284  0.641964 0.254891 1.394244
3  0.000002 13.479279 0.000000  0.496330 -0.000000 -0.000000
4  0.000001 13.477240 -0.000000  -0.436398 -0.028810 0.160030
5  -0.267270 3.664724 -1.953295  -0.075062 -0.056357 -1.111618
6  0.000003 1.180355 0.000003  -0.014482 -0.034450 -1.150017
7  0.000002 0.817136 -0.000000  0.011917 -0.003038 -0.965238
8  -0.249423 3.688540 -0.940891  -0.049468 -0.026125 -0.893204
9  -0.000001 1.800634 0.000003  0.002140 0.004913 -0.970562
10  -0.000000 1.243404 -0.000000  0.004747 0.004475 -0.826683
11  -0.244727 3.701094 0.087730  0.011525 -0.027234 -0.769428
12  0.000001 1.766584 0.000003  0.004104 -0.001403 -0.889730
13  0.000000 1.189003 0.000002  -0.013063 -0.011941 -0.782432
14  -0.277240 3.632247 1.274100  0.056972 -0.020409 -0.608363
15  0.000002 1.798494 -0.000002  0.027755 0.025735 -0.747759
16  -0.000001 1.235451 -0.000004  -0.007650 0.003805 -0.530197
17  0.315441 0.857299 0.755942  2.142416 0.507104 1.567006
18  -0.000000 2.265940 -0.000001  -0.059540 -0.029733 -0.186621
19  -0.000000 1.457810 0.000000  -0.027135 0.047975 0.086665
20  -1.259682 3.818374 1.286944  0.056972 -0.020409 -0.608363
21  -1.226390 3.891692 0.090414  0.011525 -0.027234 -0.769428
22  -1.231624 3.875532 -0.958684  -0.049468 -0.026125 -0.893204
23  -1.209920 3.994781 -2.003049  -0.075062 -0.056357 -1.111618
24  0.328906 0.095428 1.403530  2.142416 0.507104 1.567006
25  -4.447189 -10.987584 30.894257  0.711381 0.097343 1.435056
26  -12.098812 -12.453417 20.198181  -1.570796 -0.000000 -1.570796
27  10.842501 -18.916500 11.243284  -0.051945 -0.000000 -1.570796
28  -10.024240 -4.998537 -14.772615  1.000808 -0.053832 -2.972742
29  -0.000000 13.479277 0.000001  0.569501 -0.000000 0.000000
30  -0.000001 13.477239 0.000002  -0.272719 0.028224 -0.070754
31  0.267269 3.664726 -1.953292  -0.239589 -0.358871 0.965176
32  -0.000000 1.180355 0.000000  -0.020031 0.031549 0.982232
33  -0.000001 0.817136 0.000001  0.011243 0.004984 0.797530
34  0.249422 3.688542 -0.940889  -0.234493 -0.351167 1.042859
35  -0.000000 1.800633 0.000001  0.001438 -0.005162 1.109575
36  -0.000001 1.243406 -0.000001  0.004081 -0.005090 0.965694
37  0.244726 3.701096 0.087734  -0.168214 -0.329396 1.064645
38  0.000000 1.766584 -0.000000  0.004335 0.000146 1.185317
39  -0.000000 1.189005 -0.000000  -0.009018 0.015228 1.078031
40  0.277239 3.632248 1.274103  0.277570 -0.211300 0.246707
41  0.000000 1.798494 -0.000001  0.034904 -0.014638 0.397227
42  0.000001 1.235451 -0.000000  -0.008435 -0.001363 0.831510
43  -0.315442 0.857300 0.755943  0.065678 2.943949 1.113689
44  -0.000001 2.265940 0.000001  -0.053381 0.039749 0.363484
45  0.000001 1.457812 -0.000000  -0.052740 0.016002 1.263438
46  1.259681 3.818375 1.286946  0.277570 -0.211300 0.246707
47  1.226390 3.891693 0.090419  -0.168214 -0.329396 1.064645
48  1.231622 3.875534 -0.958680  -0.234493 -0.351167 1.042859
49  1.209918 3.994783 -2.003047  -0.239589 -0.358871 0.965176
50  -0.328907 0.095429 1.403533  0.065678 2.943949 1.113689
51  -7.484047 -11.950759 10.016726  1.298069 0.016929 -2.944549
52  -6.162657 -23.540619 -1.954662  -1.570796 -0.000000 1.570796
53  -10.024240 -4.998537 -14.772615  -0.051945 0.000000 1.570796
54  -5.369620 -13.349490 -11.338174  0.006555 0.001624 -1.538392
55  50.467983 -0.653247 4.371607  0.000000 -0.000000 -0.000023
56  7.834941 -1.604773 4.114125  1.570796 0.000000 1.538360
time 70
0  0 0 0  0 0 0
1  0.000000 0.000000 0.000000  1.570796 -0.000000 0.000000
2  10.842501 -18.916500 11.243284  0.642171 0.255190 1.394364
3  0.000002 13.479277 -0.000001  0.495990 -0.000000 -0.000000
4  -0.000001 13.477240 0.000000  -0.436250 -0.029389 0.159808
5  -0.267270 3.664726 -1.953291  -0.075062 -0.056357 -1.111618
6  -0.000000 1.180354 -0.000002  -0.014482 -0.034450 -1.150017
7  0.000001 0.817134 -0.000001  0.011917 -0.003038 -0.965239
8  -0.249424 3.688541 -0.940886  -0.049468 -0.026125 -0.893204
9  0.000000 1.800634 -0.000001  0.002140 0.004913 -0.970562
10  -0.000000 1.243406 -0.000005  0.004747 0.004475 -0.826683
11  -0.244726 3.701094 0.087734  0.011525 -0.027234 -0.769428
12  -0.000002 1.766586 0.000002  0.004104 -0.001403 -0.889730
13  -0.000000 1.189003 -0.000001  -0.013063 -0.011941 -0.782432
14  -0.277239 3.632246 1.274104  0.056972 -0.020409 -0.608363
15  0.000000 1.798495 0.000003  0.027755 0.025735 -0.747760
16  0.000000 1.235451 0.000002  -0.007650 0.003805 -0.530198
17  0.315441 0.857299 0.755944  2.142416 0.507104 1.567006
18  0.000000 2.265938 0.000000  -0.059540 -0.029733 -0.186621
19  0.000000 1.457811 0.000002  -0.027135 0.047975 0.086665
20  -1.259682 3.818375 1.286948  0.056972 -0.020409 -0.608363
21  -1.226391 3.891692 0.090421  0.011525 -0.027234 -0.769427
22  -1.231623 3.875532 -0.958678  -0.049468 -0.026125 -0.893204
23  -1.209919 3.994781 -2.003045  -0.075062 -0.056357 -1.111618
24  0.328905 0.095429 1.403535  2.142416 0.507104 1.567006
25  -4.447009 -10.983285 30.894161  0.711345 0.097610 1.434577
26  -12.098812 -12.453417 20.198181  -1.570796 -0.000000 -1.570796
27  10.842501 -18.916500 11.243284  -0.051945 -0.000000 -1.570796
28  -10.024240 -4.998537 -14.772615  1.000829 -0.053818 -2.972733
29  -0.000000 13.479278 0.000002  0.569474 -0.000000 0.000000
30  -0.000000 13.477239 0.000000  -0.272437 0.027743 -0.070687
31  0.267269 3.664726 -1.953292  -0.239589 -0.358871 0.965176
32  -0.000001 1.180355 0.000001  -0.020031 0.031549 0.982232
33  0.000001 0.817135 -0.000000  0.011243 0.004984 0.797531
34  0.249423 3.688542 -0.940888  -0.234493 -0.351167 1.042859
35  -0.000000 1.800633 -0.000000  0.001438 -0.005162 1.109575
36  -0.000002 1.243407 -0.000001  0.004081 -0.005090 0.965694
37  0.244727 3.701096 0.087733  -0.168214 -0.329396 1.064645
38  -0.000000 1.766584 0.000001  0.004335 0.000146 1.185317
39  -0.000001 1.189004 -0.000000  -0.009018 0.015228 1.078031
40  0.277239 3.632248 1.274103  0.277570 -0.211300 0.246707
41  0.000000 1.798494 0.000000  0.034904 -0.014638 0.397227
42  -0.000002 1.235451 -0.000001  -0.008435 -0.001363 0.831510
43  -0.315441 0.857299 0.755945  0.065678 2.943949 1.113689
44  0.000001 2.265939 0.000003  -0.053381 0.039749 0.363484
45  0.000000 1.457812 -0.000001  -0.052740 0.016002 1.263438
46  1.259682 3.818374 1.286946  0.277570 -0.211300 0.246707
47  1.226391 3.891692 0.090420  -0.168214 -0.329396 1.064645
48  1.231623 3.875533 -0.958680  -0.234493 -0.351167 1.042859
49  1.209919 3.994781 -2.003047  -0.239589 -0.358871 0.965176
50  -0.328906 0.095429 1.403533  0.065678 2.943949 1.113689
51  -7.484340 -11.950651 10.016893  1.298334 0.016876 -2.945020
52  -6.162657 -23.540619 -1.954662  -1.570796 -0.000000 1.570796
53  -10.024240 -4.998537 -14.772615  -0.051945 0.000000 1.570796
54  -5.369620 -13.349490 -11.338174  0.006071 0.001369 -1.538392
55  50.467983 -0.653247 4.371606  0.000000 -0.000000 -0.000023
56  7.834940 -1.604773 4.114126  1.570796 0.000000 1.538360
time 71
0  0 0 0  0 0 0
1  0.000000 0.000000 0.000000  1.570796 -0.000000 0.000000
2  10.842501 -18.916500 11.243284  0.642362 0.255468 1.394476
3  0.000002 13.479278 -0.000002  0.495678 -0.000000 -0.000000
4  -0.000000 13.477240 0.000001  -0.436107 -0.029987 0.159572
5  -0.267270 3.664726 -1.953291  -0.075062 -0.056357 -1.111618
6  -0.000000 1.180355 0.000003  -0.014482 -0.034450 -1.150017
7  -0.000000 0.817135 0.000001  0.011917 -0.003038 -0.965239
8  -0.249424 3.688541 -0.940887  -0.049468 -0.026125 -0.893204
9  -0.000000 1.800633 0.000002  0.002140 0.004913 -0.970563
10  0.000001 1.243404 -0.000001  0.004747 0.004475 -0.826683
11  -0.244727 3.701097 0.087735  0.011525 -0.027234 -0.769428
12  0.000002 1.766585 0.000002  0.004104 -0.001403 -0.889730
13  -0.000000 1.189003 -0.000001  -0.013063 -0.011941 -0.782432
14  -0.277240 3.632248 1.274104  0.056972 -0.020409 -0.608363
15  0.000000 1.798494 0.000001  0.027755 0.025735 -0.747759
16  -0.000000 1.235451 0.000001  -0.007650 0.003805 -0.530197
17  0.315440 0.857301 0.755946  2.142416 0.507104 1.567006
18  -0.000000 2.265940 0.000002  -0.059540 -0.029733 -0.186621
19  0.000000 1.457810 0.000002  -0.027135 0.047975 0.086665
20  -1.259681 3.818376 1.286947  0.056972 -0.020409 -0.608363
21  -1.226391 3.891693 0.090420  0.011525 -0.027234 -0.769428
22  -1.231624 3.875534 -0.958678  -0.049468 -0.026125 -0.893204
23  -1.209919 3.994782 -2.003045  -0.075062 -0.056357 -1.111618
24  0.328905 0.095428 1.403533  2.142416 0.507104 1.567006
25  -4.446817 -10.979288 30.894070  0.711311 0.097863 1.434064
26  -12.098812 -12.453417 20.198181  -1.570796 -0.000000 -1.570796
27  10.842501 -18.916500 11.243284  -0.051945 -0.000000 -1.570796
28  -10.024240 -4.998537 -14.772615  1.000847 -0.053804 -2.972723
29  -0.000001 13.479279 0.000001  0.569459 -0.000000 0.000000
30  -0.000001 13.477239 0.000000  -0.272182 0.027229 -0.070622
31  0.267270 3.664726 -1.953293  -0.239589 -0.358871 0.965176
32  -0.000000 1.180355 -0.000000  -0.020031 0.031549 0.982232
33  -0.000000 0.817136 0.000002  0.011243 0.004984 0.797530
34  0.249424 3.688542 -0.940888  -0.234493 -0.351167 1.042859
35  -0.000001 1.800633 0.000000  0.001438 -0.005162 1.109575
36  0.000000 1.243405 0.000000  0.004081 -0.005090 0.965694
37  0.244726 3.701096 0.087734  -0.168214 -0.329396 1.064645
38  0.000002 1.766585 0.000003  0.004335 0.000146 1.185317
39  0.000000 1.189003 -0.000001  -0.009018 0.015228 1.078031
40  0.277240 3.632248 1.274102  0.277570 -0.211300 0.246707
41  0.000002 1.798495 -0.000001  0.034904 -0.014638 0.397227
42  0.000000 1.235452 -0.000001  -0.008435 -0.001363 0.831510
43  -0.315441 0.857299 0.755945  0.065678 2.943949 1.113689
44  -0.000002 2.265940 -0.000000  -0.053381 0.039749 0.363484
45  -0.000001 1.457810 0.000000  -0.052740 0.016002 1.263438
46  1.259682 3.818374 1.286945  0.277570 -0.211300 0.246707
47  1.226391 3.891693 0.090419  -0.168214 -0.329396 1.064645
48  1.231624 3.875534 -0.958679  -0.234493 -0.351167 1.042859
49  1.209920 3.994782 -2.003047  -0.239589 -0.358871 0.965176
50  -0.328905 0.095428 1.403532  0.065678 2.943949 1.113689
51  -7.484654 -11.950423 10.017051  1.298584 0.016825 -2.945525
52  -6.162657 -23.540619 -1.954662  -1.570796 -0.000000 1.570796
53  -10.024240 -4.998537 -14.772615  -0.051945 0.000000 1.570796
54  -5.369620 -13.349490 -11.338174  0.005553 0.001131 -1.538392
55  50.467983 -0.653247 4.371607  0.000000 -0.000000 -0.000023
56  7.834939 -1.604773 4.114126  1.570796 0.000000 1.538360
time 72
0  0 0 0  0 0 0
1  0.000000 0.000000 0.000000  1.570796 -0.000000 0.000000
2  10.842501 -18.916500 11.243284  0.642536 0.255724 1.394579
3  0.000001 13.479277 -0.000001  0.495397 0.000000 -0.000000
4  -0.000000 13.477239 -0.000000  -0.435973 -0.030599 0.159323
5  -0.267269 3.664728 -1.953293  -0.075062 -0.056357 -1.111618
6  -0.000000 1.180356 0.000002  -0.014482 -0.034450 -1.150017
7  0.000000 0.817136 -0.000000  0.011917 -0.003038 -0.965239
8  -0.249421 3.688545 -0.940888  -0.049468 -0.026125 -0.893204
9  0.000000 1.800633 0.000002  0.002140 0.004913 -0.970563
10  0.000001 1.243405 0.000003  0.004747 0.004475 -0.826683
11  -0.244726 3.701099 0.087733  0.011525 -0.027234 -0.769428
12  -0.000000 1.766584 -0.000000  0.004104 -0.001403 -0.889730
13  -0.000003 1.189004 0.000001  -0.013063 -0.011941 -0.782432
14  -0.277239 3.632251 1.274102  0.056972 -0.020409 -0.608363
15  0.000001 1.798494 0.000001  0.027755 0.025735 -0.747759
16  0.000003 1.235451 -0.000003  -0.007650 0.003805 -0.530197
17  0.315441 0.857302 0.755943  2.142416 0.507104 1.567006
18  0.000001 2.265942 0.000002  -0.059540 -0.029733 -0.186621
19  0.000000 1.457809 0.000003  -0.027135 0.047975 0.086665
20  -1.259681 3.818378 1.286947  0.056972 -0.020409 -0.608363
21  -1.226390 3.891695 0.090417  0.011525 -0.027234 -0.769428
22  -1.231622 3.875538 -0.958680  -0.049468 -0.026125 -0.893204
23  -1.209919 3.994784 -2.003050  -0.075062 -0.056357 -1.111618
24  0.328906 0.095430 1.403533  2.142416 0.507104 1.567006
25  -4.446613 -10.975619 30.893984  0.711279 0.098098 1.433522
26  -12.098812 -12.453417 20.198181  -1.570796 -0.000000 -1.570796
27  10.842501 -18.916500 11.243284  -0.051945 -0.000000 -1.570796
28  -10.024240 -4.998537 -14.772615  1.000865 -0.053790 -2.972714
29  -0.000001 13.479277 0.000000  0.569454 -0.000000 0.000000
30  0.000000 13.477240 0.000000  -0.271952 0.026683 -0.070562
31  0.267269 3.664726 -1.953293  -0.239589 -0.358871 0.965176
32  -0.000000 1.180355 0.000000  -0.020031 0.031549 0.982232
33  -0.000000 0.817135 0.000000  0.011243 0.004984 0.797530
34  0.249423 3.688541 -0.940889  -0.234493 -0.351167 1.042859
35  -0.000002 1.800632 0.000001  0.001438 -0.005162 1.109575
36  0.000001 1.243405 -0.000001  0.004081 -0.005090 0.965694
37  0.244726 3.701096 0.087733  -0.168214 -0.329396 1.064645
38  0.000000 1.766585 -0.000001  0.004335 0.000146 1.185316
39  -0.000001 1.189003 0.000001  -0.009018 0.015228 1.078031
40  0.277239 3.632247 1.274102  0.277570 -0.211300 0.246707
41  -0.000001 1.798495 -0.000001  0.034904 -0.014638 0.397227
42  0.000001 1.235452 -0.000001  -0.008435 -0.001363 0.831510
43  -0.315441 0.857299 0.755943  0.065678 2.943949 1.113689
44  -0.000001 2.265939 0.000001  -0.053381 0.039749 0.363484
45  -0.000001 1.457811 0.000000  -0.052740 0.016002 1.263438
46  1.259681 3.818373 1.286946  0.277570 -0.211300 0.246707
47  1.226391 3.891693 0.090419  -0.168214 -0.329396 1.064645
48  1.231623 3.875535 -0.958681  -0.234493 -0.351167 1.042859
49  1.209919 3.994781 -2.003048  -0.239589 -0.358871 0.965176
50  -0.328906 0.095428 1.403533  0.065678 2.943949 1.113689
51  -7.484986 -11.950075 10.017198  1.298816 0.016779 -2.946061
52  -6.162657 -23.540619 -1.954662  -1.570796 -0.000000 1.570796
53  -10.024240 -4.998537 -14.772615  -0.051945 0.000000 1.570796
54  -5.369620 -13.349490 -11.338174  0.005007 0.000911 -1.538392
55  50.467983 -0.653247 4.371607  0.000000 -0.000000 -0.000023
56  7.834943 -1.604773 4.114126  1.570796 0.000000 1.538360
time 73
0  0 0 0  0 0 0
1  0.000000 0.000000 0.000000  1.570796 -0.000000 0.000000
2  10.842501 -18.916500 11.243284  0.642691 0.255955 1.394673
3  0.000001 13.479276 -0.000001  0.495148 -0.000000 -0.000000
4  -0.000000 13.477238 -0.000000  -0.435846 -0.031221 0.159062
5  -0.267270 3.664727 -1.953292  -0.075062 -0.056357 -1.111618
6  0.000000 1.180354 0.000002  -0.014482 -0.034450 -1.150017
7  -0.000000 0.817135 0.000000  0.011917 -0.003038 -0.965239
8  -0.249423 3.688542 -0.940888  -0.049468 -0.026125 -0.893204
9  -0.000003 1.800634 -0.000003  0.002140 0.004913 -0.970563
10  0.000000 1.243405 -0.000001  0.004747 0.004475 -0.826683
11  -0.244727 3.701095 0.087733  0.011525 -0.027234 -0.769428
12  0.000000 1.766586 0.000003  0.004104 -0.001403 -0.889730
13  0.000003 1.189003 -0.000003  -0.013063 -0.011941 -0.782432
14  -0.277239 3.632247 1.274103  0.056972 -0.020409 -0.608363
15  -0.000002 1.798495 0.000003  0.027755 0.025735 -0.747759
16  -0.000001 1.235452 0.000000  -0.007650 0.003805 -0.530197
17  0.315442 0.857301 0.755945  2.142416 0.507104 1.567006
18  0.000000 2.265939 0.000002  -0.059540 -0.029733 -0.186621
19  -0.000000 1.457809 0.000003  -0.027135 0.047975 0.086665
20  -1.259681 3.818377 1.286948  0.056972 -0.020409 -0.608363
21  -1.226390 3.891696 0.090423  0.011525 -0.027234 -0.769428
22  -1.231623 3.875533 -0.958680  -0.049468 -0.026125 -0.893204
23  -1.209919 3.994781 -2.003048  -0.075062 -0.056357 -1.111618
24  0.328907 0.095430 1.403535  2.142416 0.507104 1.567006
25  -4.446399 -10.972304 30.893904  0.711249 0.098315 1.432954
26  -12.098812 -12.453417 20.198181  -1.570796 -0.000000 -1.570796
27  10.842501 -18.916500 11.243284  -0.051945 -0.000000 -1.570796
28  -10.024240 -4.998537 -14.772615  1.000881 -0.053777 -2.972704
29  -0.000000 13.479279 0.000001  0.569463 -0.000000 0.000000
30  -0.000001 13.477239 -0.000002  -0.271751 0.026110 -0.070506
31  0.267269 3.664726 -1.953291  -0.239589 -0.358871 0.965176
32  -0.000000 1.180353 -0.000000  -0.020031 0.031549 0.982232
33  0.000000 0.817136 -0.000001  0.011243 0.004984 0.797530
34  0.249422 3.688541 -0.940889  -0.234493 -0.351167 1.042859
35  -0.000000 1.800633 -0.000000  0.001438 -0.005162 1.109575
36  -0.000000 1.243405 0.000001  0.004081 -0.005090 0.965694
37  0.244726 3.701096 0.087733  -0.168214 -0.329396 1.064645
38  0.000000 1.766584 0.000001  0.004335 0.000146 1.185317
39  -0.000000 1.189003 -0.000000  -0.009018 0.015228 1.078031
40  0.277239 3.632247 1.274103  0.277570 -0.211300 0.246707
41  -0.000000 1.798494 0.000000  0.034904 -0.014638 0.397227
42  -0.000001 1.235452 0.000000  -0.008435 -0.001363 0.831510
43  -0.315442 0.857298 0.755945  0.065678 2.943949 1.113689
44  -0.000000 2.265940 -0.000000  -0.053381 0.039749 0.363484
45  -0.000000 1.457812 0.000000  -0.052740 0.016002 1.263438
46  1.259681 3.818374 1.286946  0.277570 -0.211300 0.246707
47  1.226390 3.891693 0.090420  -0.168214 -0.329396 1.064645
48  1.231623 3.875533 -0.958680  -0.234493 -0.351167 1.042859
49  1.209918 3.994780 -2.003047  -0.239589 -0.358871 0.965176
50  -0.328906 0.095429 1.403533  0.065678 2.943949 1.113689
51  -7.485333 -11.949607 10.017333  1.299031 0.016736 -2.946623
52  -6.162657 -23.540619 -1.954662  -1.570796 -0.000000 1.570796
53  -10.024240 -4.998537 -14.772615  -0.051945 0.000000 1.570796
54  -5.369620 -13.349490 -11.338174  0.004434 0.000711 -1.538392
55  50.467983 -0.653246 4.371606  0.000000 -0.000000 -0.000023
56  7.834940 -1.604772 4.114126  1.570796 -0.000000 1.538360
time 74
0  0 0 0  0 0 0
1  0.000000 0.000000 0.000000  1.570796 -0.000000 0.000000
2  10.842501 -18.916500 11.243284  0.642826 0.256160 1.394755
3  0.000000 13.479277 0.000001  0.494935 -0.000000 -0.000000
4  -0.000001 13.477238 -0.000000  -0.435729 -0.031848 0.158791
5  -0.267270 3.664725 -1.953295  -0.075062 -0.056357 -1.111618
6  -0.000002 1.180355 0.000002  -0.014482 -0.034450 -1.150017
7  -0.000000 0.817134 -0.000001  0.011917 -0.003038 -0.965239
8  -0.249423 3.688539 -0.940891  -0.049468 -0.026125 -0.893204
9  0.000000 1.800632 0.000002  0.002140 0.004913 -0.970562
10  -0.000000 1.243406 0.000001  0.004747 0.004475 -0.826682
11  -0.244727 3.701096 0.087732  0.011525 -0.027234 -0.769428
12  -0.000001 1.766584 -0.000001  0.004104 -0.001403 -0.889729
13  0.000004 1.189004 0.000000  -0.013063 -0.011941 -0.782432
14  -0.277239 3.632247 1.274099  0.056972 -0.020409 -0.608363
15  -0.000002 1.798495 0.000000  0.027755 0.025735 -0.747760
16  0.000004 1.235451 0.000003  -0.007650 0.003805 -0.530197
17  0.315440 0.857299 0.755942  2.142416 0.507104 1.567006
18  0.000000 2.265940 0.000000  -0.059540 -0.029733 -0.186621
19  0.000000 1.457811 0.000002  -0.027135 0.047975 0.086665
20  -1.259681 3.818375 1.286943  0.056972 -0.020409 -0.608363
21  -1.226392 3.891694 0.090419  0.011525 -0.027234 -0.769428
22  -1.231624 3.875534 -0.958681  -0.049468 -0.026125 -0.893204
23  -1.209920 3.994781 -2.003050  -0.075062 -0.056357 -1.111618
24  0.328905 0.095428 1.403531  2.142416 0.507104 1.567006
25  -4.446177 -10.969374 30.893829  0.711222 0.098511 1.432362
26  -12.098812 -12.453417 20.198181  -1.570796 -0.000000 -1.570796
27  10.842501 -18.916500 11.243284  -0.051945 -0.000000 -1.570796
28  -10.024240 -4.998537 -14.772615  1.000896 -0.053763 -2.972696
29  -0.000001 13.479277 0.000001  0.569483 -0.000000 0.000000
30  -0.000000 13.477239 0.000002  -0.271580 0.025514 -0.070455
31  0.267269 3.664728 -1.953292  -0.239589 -0.358871 0.965176
32  -0.000001 1.180355 0.000001  -0.020031 0.031549 0.982232
33  0.000001 0.817135 0.000001  0.011243 0.004984 0.797530
34  0.249422 3.688542 -0.940889  -0.234493 -0.351167 1.042859
35  0.000001 1.800633 -0.000000  0.001438 -0.005162 1.109575
36  0.000000 1.243406 0.000000  0.004081 -0.005090 0.965694
37  0.244726 3.701097 0.087732  -0.168214 -0.329396 1.064645
38  0.000001 1.766584 -0.000000  0.004335 0.000146 1.185317
39  0.000000 1.189006 -0.000000  -0.009018 0.015228 1.078031
40  0.277239 3.632249 1.274103  0.277570 -0.211300 0.246707
41  0.000000 1.798494 0.000000  0.034904 -0.014638 0.397227
42  -0.000002 1.235451 -0.000001  -0.008435 -0.001363 0.831510
43  -0.315441 0.857300 0.755943  0.065678 2.943949 1.113689
44  0.000001 2.265939 -0.000001  -0.053381 0.039749 0.363485
45  -0.000001 1.457811 0.000000  -0.052740 0.016002 1.263438
46  1.259681 3.818375 1.286944  0.277570 -0.211300 0.246707
47  1.226391 3.891694 0.090419  -0.168214 -0.329396 1.064645
48  1.231623 3.875535 -0.958681  -0.234493 -0.351167 1.042859
49  1.209919 3.994783 -2.003047  -0.239589 -0.358871 0.965176
50  -0.328906 0.095430 1.403532  0.065678 2.943949 1.113689
51  -7.485693 -11.949021 10.017453  1.299225 0.016697 -2.947208
52  -6.162657 -23.540619 -1.954662  -1.570796 -0.000000 1.570796
53  -10.024240 -4.998537 -14.772615  -0.051945 0.000000 1.570796
54  -5.369620 -13.349490 -11.338174  0.003840 0.000532 -1.538392
55  50.467979 -0.653248 4.371606  -0.000000 -0.000000 -0.000023
56  7.834942 -1.604774 4.114125  1.570796 0.000000 1.538360
time 75
0  0 0 0  0 0 0
1  0.000000 0.000000 0.000000  1.570796 -0.000000 0.000000
2  10.842501 -18.916500 11.243284  0.642940 0.256336 1.394827
3  0.000000 13.479277 -0.000002  0.494758 -0.000000 -0.000000
4  0.000000 13.477236 -0.000000  -0.435622 -0.032478 0.158512
5  -0.267269 3.664729 -1.953294  -0.075062 -0.056357 -1.111618
6  -0.000001 1.180356 0.000002  -0.014482 -0.034450 -1.150017
7  0.000001 0.817135 0.000001  0.011917 -0.003038 -0.965239
8  -0.249424 3.688544 -0.940891  -0.049468 -0.026125 -0.893204
9  -0.000002 1.800634 -0.000002  0.002140 0.004913 -0.970562
10  -0.000004 1.243403 0.000000  0.004747 0.004475 -0.826682
11  -0.244727 3.701098 0.087731  0.011525 -0.027234 -0.769428
12  0.000002 1.766583 -0.000001  0.004104 -0.001403 -0.889730
13  -0.000002 1.189004 -0.000003  -0.013063 -0.011941 -0.782432
14  -0.277240 3.632250 1.274099  0.056972 -0.020409 -0.608363
15  -0.000001 1.798496 -0.000002  0.027755 0.025735 -0.747759
16  -0.000001 1.235451 -0.000001  -0.007650 0.003805 -0.530197
17  0.315441 0.857301 0.755942  2.142416 0.507104 1.567006
18  0.000000 2.265943 0.000000  -0.059540 -0.029733 -0.186621
19  -0.000000 1.457811 0.000000  -0.027135 0.047975 0.086665
20  -1.259682 3.818378 1.286946  0.056972 -0.020409 -0.608363
21  -1.226391 3.891695 0.090418  0.011525 -0.027234 -0.769428
22  -1.231623 3.875536 -0.958682  -0.049468 -0.026125 -0.893204
23  -1.209919 3.994786 -2.003048  -0.075062 -0.056357 -1.111618
24  0.328905 0.095430 1.403530  2.142416 0.507104 1.567006
25  -4.445948 -10.966855 30.893764  0.711198 0.098685 1.431752
26  -12.098812 -12.453417 20.198181  -1.570796 -0.000000 -1.570796
27  10.842501 -18.916500 11.243284  -0.051945 -0.000000 -1.570796
28  -10.024240 -4.998537 -14.772615  1.000908 -0.053751 -2.972687
29  -0.000001 13.479278 0.000000  0.569515 -0.000000 0.000000
30  0.000000 13.477239 -0.000000  -0.271441 0.024897 -0.070410
31  0.267270 3.664726 -1.953294  -0.239589 -0.358871 0.965176
32  -0.000001 1.180355 -0.000000  -0.020031 0.031549 0.982232
33  -0.000001 0.817136 0.000001  0.011243 0.004984 0.797530
34  0.249423 3.688541 -0.940889  -0.234493 -0.351167 1.042859
35  -0.000001 1.800633 0.000001  0.001438 -0.005162 1.109575
36  -0.000002 1.243407 -0.000000  0.004081 -0.005090 0.965694
37  0.244727 3.701094 0.087731  -0.168214 -0.329396 1.064645
38  -0.000000 1.766585 -0.000000  0.004335 0.000146 1.185317
39  0.000002 1.189003 0.000000  -0.009018 0.015228 1.078031
40  0.277240 3.632248 1.274101  0.277570 -0.211300 0.246707
41  -0.000001 1.798495 -0.000001  0.034904 -0.014638 0.397227
42  0.000001 1.235452 0.000000  -0.008435 -0.001363 0.831510
43  -0.315441 0.857300 0.755944  0.065678 2.943949 1.113689
44  -0.000001 2.265940 0.000001  -0.053381 0.039749 0.363484
45  0.000000 1.457812 -0.000000  -0.052740 0.016002 1.263438
46  1.259682 3.818374 1.286945  0.277570 -0.211300 0.246707
47  1.226391 3.891692 0.090419  -0.168214 -0.329396 1.064645
48  1.231624 3.875534 -0.958680  -0.234493 -0.351167 1.042859
49  1.209920 3.994781 -2.003048  -0.239589 -0.358871 0.965176
50  -0.328905 0.095428 1.403532  0.065678 2.943949 1.113689
51  -7.486066 -11.948320 10.017562  1.299397 0.016663 -2.947813
52  -6.162657 -23.540619 -1.954662  -1.570796 -0.000000 1.570796
53  -10.024240 -4.998537 -14.772615  -0.051945 0.000000 1.570796
54  -5.369620 -13.349490 -11.338174  0.003227 0.000377 -1.538392
55  50.467987 -0.653247 4.371605  0.000000 -0.000000 -0.000023
56  7.834942 -1.604773 4.114125  1.570796 -0.000000 1.538360
time 76
0  0 0 0  0 0 0
1  0.000000 0.000000 0.000000  1.570796 -0.000000 0.000000
2  10.842501 -18.916500 11.243284  0.643031 0.256483 1.394886
3  0.000001 13.479279 0.000001  0.494621 -0.000000 -0.000000
4  -0.000001 13.477240 -0.000001  -0.435525 -0.033106 0.158226
5  -0.267270 3.664727 -1.953295  -0.075062 -0.056357 -1.111618
6  -0.000003 1.180355 -0.000004  -0.014482 -0.034450 -1.150017
7  -0.000000 0.817136 0.000002  0.011917 -0.003038 -0.965239
8  -0.249421 3.688541 -0.940891  -0.049468 -0.026125 -0.893204
9  -0.000002 1.800633 0.000000  0.002140 0.004913 -0.970563
10  0.000000 1.243407 -0.000004  0.004747 0.004475 -0.826683
11  -0.244727 3.701094 0.087729  0.011525 -0.027234 -0.769428
12  0.000002 1.766586 0.000004  0.004104 -0.001403 -0.889729
13  -0.000000 1.189003 -0.000001  -0.013063 -0.011940 -0.782432
14  -0.277239 3.632248 1.274100  0.056972 -0.020409 -0.608363
15  0.000000 1.798494 0.000003  0.027755 0.025735 -0.747759
16  -0.000001 1.235451 0.000003  -0.007650 0.003805 -0.530197
17  0.315442 0.857299 0.755941  2.142416 0.507104 1.567006
18  0.000000 2.265940 -0.000002  -0.059540 -0.029733 -0.186621
19  0.000000 1.457814 0.000002  -0.027135 0.047975 0.086665
20  -1.259680 3.818374 1.286941  0.056972 -0.020409 -0.608363
21  -1.226390 3.891693 0.090416  0.011525 -0.027234 -0.769428
22  -1.231622 3.875534 -0.958682  -0.049468 -0.026125 -0.893204
23  -1.209918 3.994781 -2.003051  -0.075062 -0.056357 -1.111618
24  0.328907 0.095428 1.403530  2.142416 0.507104 1.567006
25  -4.445713 -10.964773 30.893707  0.711177 0.098835 1.431126
26  -12.098812 -12.453417 20.198181  -1.570796 -0.000000 -1.570796
27  10.842501 -18.916500 11.243284  -0.051945 -0.000000 -1.570796
28  -10.024240 -4.998537 -14.772615  1.000919 -0.053738 -2.972678
29  -0.000001 13.479280 0.000002  0.569559 -0.000000 0.000000
30  -0.000001 13.477238 0.000001  -0.271336 0.024263 -0.070369
31  0.267270 3.664726 -1.953293  -0.239589 -0.358871 0.965176
32  -0.000002 1.180354 -0.000001  -0.020031 0.031549 0.982232
33  0.000001 0.817136 0.000002  0.011243 0.004984 0.797530
34  0.249424 3.688540 -0.940889  -0.234493 -0.351167 1.042859
35  0.000001 1.800633 0.000001  0.001438 -0.005162 1.109575
36  -0.000000 1.243405 -0.000002  0.004081 -0.005090 0.965694
37  0.244727 3.701095 0.087733  -0.168214 -0.329396 1.064645
38  0.000000 1.766585 -0.000001  0.004335 0.000146 1.185316
39  0.000000 1.189004 0.000000  -0.009018 0.015228 1.078031
40  0.277240 3.632247 1.274102  0.277570 -0.211300 0.246707
41  -0.000001 1.798494 -0.000001  0.034904 -0.014638 0.397227
42  0.000003 1.235452 0.000001  -0.008435 -0.001363 0.831510
43  -0.315440 0.857299 0.755944  0.065678 2.943949 1.113689
44  0.000001 2.265939 -0.000000  -0.053381 0.039749 0.363484
45  -0.000000 1.457812 0.000001  -0.052740 0.016002 1.263438
46  1.259682 3.818375 1.286946  0.277570 -0.211300 0.246707
47  1.226391 3.891693 0.090419  -0.168214 -0.329396 1.064645
48  1.231624 3.875533 -0.958681  -0.234493 -0.351167 1.042859
49  1.209921 3.994781 -2.003047  -0.239589 -0.358871 0.965176
50  -0.328905 0.095427 1.403532  0.065678 2.943949 1.113689
51  -7.486448 -11.947503 10.017654  1.299546 0.016634 -2.948435
52  -6.162657 -23.540619 -1.954662  -1.570796 -0.000000 1.570796
53  -10.024240 -4.998537 -14.772615  -0.051945 0.000000 1.570796
54  -5.369620 -13.349490 -11.338174  0.002598 0.000245 -1.538392
55  50.467983 -0.653248 4.371608  -0.000000 -0.000000 -0.000023
56  7.834942 -1.604773 4.114127  1.570796 0.000000 1.538360
time 77
0  0 0 0  0 0 0
1  0.000000 0.000000 0.000000  1.570796 -0.000000 0.000000
2  10.842501 -18.916500 11.243284  0.643098 0.256597 1.394932
3  0.000000 13.479279 -0.000000  0.494526 -0.000000 -0.000000
4  -0.000001 13.477240 -0.000000  -0.435442 -0.033728 0.157935
5  -0.267268 3.664725 -1.953296  -0.075062 -0.056357 -1.111618
6  0.000000 1.180354 -0.000002  -0.014482 -0.034450 -1.150017
7  -0.000000 0.817134 0.000001  0.011917 -0.003038 -0.965239
8  -0.249422 3.688539 -0.940894  -0.049468 -0.026125 -0.893204
9  -0.000002 1.800633 0.000002  0.002140 0.004913 -0.970562
10  -0.000001 1.243406 -0.000000  0.004747 0.004475 -0.826683
11  -0.244725 3.701095 0.087730  0.011525 -0.027234 -0.769428
12  -0.000000 1.766586 -0.000000  0.004104 -0.001403 -0.889730
13  0.000000 1.189004 0.000001  -0.013063 -0.011941 -0.782432
14  -0.277239 3.632247 1.274099  0.056972 -0.020409 -0.608363
15  0.000001 1.798492 0.000000  0.027755 0.025735 -0.747759
16  -0.000000 1.235451 0.000000  -0.007650 0.003805 -0.530197
17  0.315442 0.857298 0.755940  2.142416 0.507104 1.567006
18  0.000001 2.265942 -0.000001  -0.059540 -0.029733 -0.186621
19  -0.000000 1.457811 0.000001  -0.027135 0.047975 0.086665
20  -1.259680 3.818374 1.286943  0.056972 -0.020409 -0.608363
21  -1.226390 3.891693 0.090416  0.011525 -0.027234 -0.769428
22  -1.231622 3.875532 -0.958684  -0.049468 -0.026125 -0.893204
23  -1.209918 3.994782 -2.003051  -0.075062 -0.056357 -1.111618
24  0.328906 0.095427 1.403530  2.142416 0.507104 1.567006
25  -4.445472 -10.963159 30.893660  0.711159 0.098959 1.430488
26  -12.098812 -12.453417 20.198181  -1.570796 -0.000000 -1.570796
27  10.842501 -18.916500 11.243284  -0.051945 -0.000000 -1.570796
28  -10.024240 -4.998537 -14.772615  1.000927 -0.053727 -2.972671
29  0.000001 13.479278 0.000001  0.569616 -0.000000 0.000000
30  0.000000 13.477239 0.000001  -0.271266 0.023616 -0.070335
31  0.267269 3.664727 -1.953293  -0.239589 -0.358871 0.965176
32  -0.000001 1.180355 -0.000000  -0.020031 0.031549 0.982232
33  -0.000001 0.817135 0.000001  0.011243 0.004984 0.797530
34  0.249422 3.688543 -0.940888  -0.234493 -0.351167 1.042859
35  -0.000000 1.800633 -0.000001  0.001438 -0.005162 1.109575
36  -0.000002 1.243406 -0.000001  0.004081 -0.005090 0.965693
37  0.244726 3.701097 0.087734  -0.168214 -0.329396 1.064645
38  -0.000001 1.766586 0.000000  0.004335 0.000146 1.185316
39  0.000000 1.189003 0.000001  -0.009018 0.015228 1.078031
40  0.277239 3.632250 1.274102  0.277570 -0.211300 0.246707
41  -0.000001 1.798494 0.000001  0.034904 -0.014638 0.397227
42  0.000000 1.235452 0.000001  -0.008435 -0.001363 0.831510
43  -0.315442 0.857300 0.755944  0.065678 2.943949 1.113689
44  -0.000001 2.265939 -0.000001  -0.053381 0.039749 0.363484
45  -0.000002 1.457813 0.000000  -0.052740 0.016002 1.263438
46  1.259681 3.818377 1.286946  0.277570 -0.211300 0.246707
47  1.226391 3.891694 0.090420  -0.168214 -0.329396 1.064645
48  1.231623 3.875536 -0.958679  -0.234493 -0.351167 1.042859
49  1.209918 3.994782 -2.003048  -0.239589 -0.358871 0.965176
50  -0.328906 0.095430 1.403533  0.065678 2.943949 1.113689
51  -7.486835 -11.946574 10.017730  1.299669 0.016610 -2.949069
52  -6.162657 -23.540619 -1.954662  -1.570796 -0.000000 1.570796
53  -10.024240 -4.998537 -14.772615  -0.051945 0.000000 1.570796
54  -5.369620 -13.349490 -11.338174  0.001957 0.000140 -1.538392
55  50.467979 -0.653246 4.371607  -0.000000 -0.000000 -0.000023
56  7.834943 -1.604771 4.114126  1.570796 -0.000000 1.538360
time 78
0  0 0 0  0 0 0
1  0.000000 0.000000 0.000000  1.570796 -0.000000 0.000000
2  10.842501 -18.916500 11.243284  0.643140 0.256678 1.394964
3  0.000003 13.479278 -0.000001  0.494474 -0.000000 -0.000000
4  -0.000000 13.477238 -0.000001  -0.435371 -0.034339 0.157641
5  -0.267269 3.664728 -1.953295  -0.075062 -0.056357 -1.111618
6  -0.000002 1.180356 0.000000  -0.014482 -0.034450 -1.150017
7  -0.000001 0.817135 0.000000  0.011917 -0.003038 -0.965239
8  -0.249422 3.688543 -0.940890  -0.049468 -0.026125 -0.893204
9  -0.000002 1.800633 0.000002  0.002140 0.004913 -0.970563
10  -0.000001 1.243406 0.000001  0.004747 0.004475 -0.826683
11  -0.244727 3.701096 0.087728  0.011525 -0.027234 -0.769428
12  0.000003 1.766584 0.000002  0.004104 -0.001403 -0.889730
13  0.000002 1.189004 0.000002  -0.013063 -0.011941 -0.782432
14  -0.277239 3.632248 1.274100  0.056972 -0.020409 -0.608363
15  -0.000001 1.798495 -0.000000  0.027755 0.025735 -0.747759
16  -0.000000 1.235452 -0.000001  -0.007650 0.003805 -0.530197
17  0.315441 0.857301 0.755940  2.142416 0.507104 1.567006
18  -0.000001 2.265939 0.000001  -0.059540 -0.029733 -0.186621
19  0.000000 1.457813 -0.000004  -0.027135 0.047975 0.086665
20  -1.259681 3.818375 1.286941  0.056972 -0.020409 -0.608363
21  -1.226391 3.891693 0.090415  0.011525 -0.027234 -0.769428
22  -1.231624 3.875536 -0.958681  -0.049468 -0.026125 -0.893204
23  -1.209919 3.994781 -2.003052  -0.075062 -0.056357 -1.111618
24  0.328906 0.095429 1.403529  2.142416 0.507104 1.567006
25  -4.445229 -10.962037 30.893625  0.711146 0.099056 1.429840
26  -12.098812 -12.453417 20.198181  -1.570796 -0.000000 -1.570796
27  10.842501 -18.916500 11.243284  -0.051945 -0.000000 -1.570796
28  -10.024240 -4.998537 -14.772615  1.000933 -0.053716 -2.972663
29  -0.000001 13.479278 -0.000000  0.569685 -0.000000 0.000000
30  -0.000001 13.477239 0.000001  -0.271234 0.022959 -0.070307
31  0.267269 3.664726 -1.953293  -0.239589 -0.358871 0.965176
32  0.000001 1.180356 -0.000000  -0.020031 0.031549 0.982232
33  0.000001 0.817137 -0.000001  0.011243 0.004984 0.797530
34  0.249422 3.688541 -0.940889  -0.234493 -0.351167 1.042859
35  0.000001 1.800633 -0.000001  0.001438 -0.005162 1.109575
36  -0.000001 1.243406 0.000000  0.004081 -0.005090 0.965693
37  0.244726 3.701095 0.087733  -0.168214 -0.329396 1.064645
38  0.000000 1.766584 0.000001  0.004335 0.000146 1.185316
39  0.000000 1.189005 0.000001  -0.009018 0.015228 1.078031
40  0.277239 3.632248 1.274102  0.277570 -0.211300 0.246707
41  0.000000 1.798494 0.000000  0.034904 -0.014638 0.397227
42  0.000001 1.235452 0.000000  -0.008435 -0.001363 0.831510
43  -0.315442 0.857299 0.755943  0.065678 2.943949 1.113689
44  0.000000 2.265940 0.000001  -0.053381 0.039749 0.363484
45  0.000001 1.457810 0.000000  -0.052740 0.016002 1.263438
46  1.259681 3.818374 1.286945  0.277570 -0.211300 0.246707
47  1.226390 3.891693 0.090419  -0.168214 -0.329396 1.064645
48  1.231622 3.875533 -0.958681  -0.234493 -0.351167 1.042859
49  1.209918 3.994782 -2.003048  -0.239589 -0.358871 0.965176
50  -0.328906 0.095428 1.403533  0.065678 2.943949 1.113689
51  -7.487229 -11.945534 10.017791  1.299765 0.016591 -2.949713
52  -6.162657 -23.540619 -1.954662  -1.570796 -0.000000 1.570796
53  -10.024240 -4.998537 -14.772615  -0.051945 0.000000 1.570796
54  -5.369620 -13.349490 -11.338174  0.001309 0.000064 -1.538392
55  50.467983 -0.653246 4.371606  0.000000 -0.000000 -0.000023
56  7.834941 -1.604772 4.114125  1.570796 0.000000 1.538360
time 79
0  0 0 0  0 0 0
1  0.000000 0.000000 0.000000  1.570796 -0.000000 0.000000
2  10.842501 -18.916500 11.243284  0.643154 0.256722 1.394982
3  -0.000001 13.479277 0.000000  0.494468 0.000000 -0.000000
4  0.000001 13.477237 -0.000003  -0.435314 -0.034937 0.157345
5  -0.267269 3.664728 -1.953291  -0.075062 -0.056357 -1.111618
6  -0.000000 1.180355 -0.000000  -0.014482 -0.034450 -1.150017
7  0.000000 0.817133 0.000001  0.011917 -0.003038 -0.965239
8  -0.249423 3.688544 -0.940886  -0.049468 -0.026125 -0.893204
9  -0.000003 1.800634 -0.000000  0.002140 0.004913 -0.970562
10  0.000001 1.243405 -0.000000  0.004747 0.004475 -0.826683
11  -0.244727 3.701096 0.087732  0.011525 -0.027234 -0.769428
12  0.000002 1.766584 -0.000002  0.004104 -0.001403 -0.889729
13  0.000001 1.189003 0.000002  -0.013063 -0.011941 -0.782432
14  -0.277240 3.632250 1.274104  0.056972 -0.020409 -0.608363
15  -0.000001 1.798494 -0.000002  0.027755 0.025735 -0.747759
16  -0.000002 1.235451 -0.000001  -0.007650 0.003805 -0.530197
17  0.315440 0.857302 0.755945  2.142416 0.507104 1.567006
18  0.000000 2.265940 0.000003  -0.059540 -0.029733 -0.186621
19  0.000000 1.457816 -0.000000  -0.027135 0.047975 0.086665
20  -1.259681 3.818375 1.286946  0.056972 -0.020409 -0.608363
21  -1.226391 3.891695 0.090420  0.011525 -0.027234 -0.769428
22  -1.231623 3.875536 -0.958679  -0.049468 -0.026125 -0.893204
23  -1.209919 3.994783 -2.003047  -0.075062 -0.056357 -1.111618
24  0.328906 0.095430 1.403533  2.142416 0.507104 1.567006
25  -4.444983 -10.961437 30.893599  0.711136 0.099124 1.429187
26  -12.098812 -12.453417 20.198181  -1.570796 -0.000000 -1.570796
27  10.842501 -18.916500 11.243284  -0.051945 -0.000000 -1.570796
28  -10.024240 -4.998537 -14.772615  1.000937 -0.053706 -2.972656
29  -0.000001 13.479277 0.000002  0.569766 -0.000000 0.000000
30  0.000000 13.477239 -0.000000  -0.271240 0.022296 -0.070286
31  0.267270 3.664726 -1.953293  -0.239589 -0.358871 0.965176
32  -0.000000 1.180356 -0.000001  -0.020031 0.031549 0.982232
33  -0.000001 0.817135 -0.000000  0.011243 0.004984 0.797531
34  0.249423 3.688542 -0.940888  -0.234493 -0.351167 1.042859
35  -0.000001 1.800634 0.000000  0.001438 -0.005162 1.109575
36  -0.000001 1.243405 -0.000001  0.004081 -0.005090 0.965694
37  0.244727 3.701095 0.087733  -0.168214 -0.329396 1.064645
38  -0.000000 1.766584 0.000001  0.004335 0.000146 1.185317
39  -0.000000 1.189003 0.000000  -0.009018 0.015228 1.078031
40  0.277239 3.632248 1.274102  0.277570 -0.211300 0.246707
41  -0.000001 1.798496 -0.000002  0.034904 -0.014638 0.397227
42  -0.000001 1.235452 -0.000001  -0.008435 -0.001363 0.831510
43  -0.315441 0.857301 0.755944  0.065678 2.943949 1.113689
44  0.000001 2.265940 -0.000001  -0.053381 0.039749 0.363484
45  0.000002 1.457811 -0.000001  -0.052740 0.016002 1.263438
46  1.259682 3.818374 1.286945  0.277570 -0.211300 0.246707
47  1.226391 3.891694 0.090420  -0.168214 -0.329396 1.064645
48  1.231623 3.875534 -0.958679  -0.234493 -0.351167 1.042859
49  1.209919 3.994782 -2.003048  -0.239589 -0.358871 0.965176
50  -0.328906 0.095428 1.403534  0.065678 2.943949 1.113689
51  -7.487624 -11.944382 10.017832  1.299833 0.016578 -2.950364
52  -6.162657 -23.540619 -1.954662  -1.570796 -0.000000 1.570796
53  -10.024240 -4.998537 -14.772615  -0.051945 0.000000 1.570796
54  -5.369620 -13.349490 -11.338174  0.000655 0.000016 -1.538392
55  50.467976 -0.653248 4.371608  0.000000 -0.000000 -0.000023
56  7.834940 -1.604773 4.114126  1.570796 -0.000000 1.538360
time 80
0  0 0 0  0 0 0
1  0.000000 0.000000 0.000000  1.570796 -0.000000 0.000000
2  10.842501 -18.916500 11.243284  0.643141 0.256729 1.394985
3  0.000001 13.479275 -0.000000  0.494510 -0.000000 -0.000000
4  -0.000000 13.477239 0.000001  -0.435273 -0.035516 0.157049
5  -0.267270 3.664724 -1.953292  -0.075062 -0.056357 -1.111618
6  -0.000000 1.180356 0.000002  -0.014482 -0.034450 -1.150017
7  -0.000001 0.817135 0.000001  0.011917 -0.003038 -0.965239
8  -0.249423 3.688541 -0.940887  -0.049468 -0.026125 -0.893204
9  -0.000001 1.800633 0.000003  0.002140 0.004913 -0.970563
10  -0.000001 1.243403 0.000002  0.004747 0.004475 -0.826683
11  -0.244726 3.701095 0.087734  0.011525 -0.027234 -0.769428
12  -0.000002 1.766587 -0.000004  0.004104 -0.001403 -0.889729
13  0.000001 1.189004 0.000003  -0.013063 -0.011941 -0.782432
14  -0.277240 3.632246 1.274103  0.056972 -0.020409 -0.608363
15  0.000000 1.798492 -0.000001  0.027755 0.025735 -0.747760
16  0.000002 1.235451 0.000002  -0.007650 0.003805 -0.530197
17  0.315441 0.857299 0.755946  2.142416 0.507104 1.567006
18  -0.000001 2.265940 0.000002  -0.059540 -0.029733 -0.186621
19  -0.000000 1.457814 0.000000  -0.027135 0.047975 0.086665
20  -1.259682 3.818375 1.286949  0.056972 -0.020409 -0.608363
21  -1.226392 3.891692 0.090422  0.011525 -0.027234 -0.769428
22  -1.231624 3.875534 -0.958677  -0.049468 -0.026125 -0.893204
23  -1.209920 3.994780 -2.003045  -0.075062 -0.056357 -1.111618
24  0.328906 0.095429 1.403536  2.142416 0.507104 1.567006
25  -4.444736 -10.961387 30.893585  0.711131 0.099161 1.428533
26  -12.098812 -12.453417 20.198181  -1.570796 -0.000000 -1.570796
27  10.842501 -18.916500 11.243284  -0.051945 -0.000000 -1.570796
28  -10.024240 -4.998537 -14.772615  1.000939 -0.053697 -2.972650
29  -0.000001 13.479278 0.000000  0.569860 0.000000 0.000000
30  -0.000000 13.477239 0.000000  -0.271288 0.021630 -0.070272
31  0.267270 3.664727 -1.953292  -0.239589 -0.358871 0.965176
32  -0.000001 1.180354 -0.000000  -0.020031 0.031549 0.982232
33  -0.000001 0.817136 0.000001  0.011243 0.004984 0.797530
34  0.249423 3.688541 -0.940888  -0.234493 -0.351167 1.042859
35  0.000000 1.800634 0.000002  0.001438 -0.005162 1.109575
36  0.000000 1.243406 -0.000000  0.004081 -0.005090 0.965694
37  0.244727 3.701097 0.087734  -0.168214 -0.329396 1.064645
38  0.000000 1.766585 -0.000001  0.004335 0.000146 1.185316
39  -0.000000 1.189004 0.000001  -0.009018 0.015228 1.078031
40  0.277240 3.632248 1.274104  0.277570 -0.211300 0.246707
41  0.000000 1.798496 0.000001  0.034904 -0.014638 0.397227
42  -0.000001 1.235451 0.000001  -0.008435 -0.001363 0.831510
43  -0.315440 0.857300 0.755944  0.065678 2.943949 1.113689
44  0.000001 2.265939 0.000001  -0.053381 0.039749 0.363485
45  -0.000001 1.457811 -0.000001  -0.052740 0.016002 1.263438
46  1.259681 3.818375 1.286947  0.277570 -0.211300 0.246707
47  1.226392 3.891693 0.090419  -0.168214 -0.329396 1.064645
48  1.231623 3.875535 -0.958680  -0.234493 -0.351167 1.042859
49  1.209919 3.994781 -2.003046  -0.239589 -0.358871 0.965176
50  -0.328906 0.095429 1.403533  0.065678 2.943949 1.113689
51  -7.488020 -11.943120 10.017855  1.299869 0.016571 -2.951018
52  -6.162657 -23.540619 -1.954662  -1.570796 -0.000000 1.570796
53  -10.024240 -4.998537 -14.772615  -0.051945 0.000000 1.570796
54  -5.369620 -13.349490 -11.338174  0.000000 -0.000000 -1.538392
55  50.467979 -0.653247 4.371607  0.000000 -0.000000 -0.000023
56  7.834942 -1.604773 4.114126  1.570796 -0.000000 1.538360
end
