version 1
nodes
0 "blender_implicit" -1
1 "upperarm_l" -1
2 "lowerarm_l" 1
3 "hand_l" 2
4 "pinky_0_l" 3
5 "pinky_1_l" 4
6 "pinky_2_l" 5
7 "ring_0_l" 3
8 "ring_1_l" 7
9 "ring_2_l" 8
10 "middle_0_l" 3
11 "middle_1_l" 10
12 "middle_2_l" 11
13 "index_0_l" 3
14 "index_1_l" 13
15 "index_2_l" 14
16 "thumb_0_l" 3
17 "thumb_1_l" 16
18 "thumb_2_l" 17
19 "upperarm_r" -1
20 "lowerarm_r" 19
21 "hand_r" 20
22 "pinky_0_r" 21
23 "pinky_1_r" 22
24 "pinky_2_r" 23
25 "ring_0_r" 21
26 "ring_1_r" 25
27 "ring_2_r" 26
28 "middle_0_r" 21
29 "middle_1_r" 28
30 "middle_2_r" 29
31 "index_0_r" 21
32 "index_1_r" 31
33 "index_2_r" 32
34 "thumb_0_r" 21
35 "thumb_1_r" 34
36 "thumb_2_r" 35
end
skeleton
time 0
0  0 0 0  0 0 0
1  6.688313 -0.000000 0.001464  1.518852 1.570796 0.000000
2  -0.000000 13.479278 -0.000000  0.103896 -0.000000 -0.000000
3  -0.000000 13.477240 -0.000000  -0.051952 0.000000 0.000000
4  -0.267270 3.664726 -1.953293  -0.106568 -0.025893 -0.137951
5  0.000000 1.180356 -0.000000  -0.036623 -0.007435 -0.177465
6  0.000001 0.817134 -0.000001  0.004200 -0.011559 0.007420
7  -0.249423 3.688541 -0.940889  -0.060580 -0.013550 -0.130737
8  -0.000000 1.800634 -0.000000  0.004940 0.002077 -0.208495
9  0.000002 1.243405 -0.000000  0.006524 -0.000040 -0.064626
10  -0.244726 3.701096 0.087733  0.005036 0.002373 -0.139324
11  -0.000000 1.766590 0.000000  0.002490 -0.003552 -0.259702
12  -0.000000 1.189004 -0.000000  -0.017590 -0.001952 -0.152464
13  -0.277239 3.632248 1.274102  0.054558 0.010184 -0.144732
14  0.000000 1.798489 -0.000000  0.036314 0.010668 -0.285913
15  -0.000003 1.235457 -0.000000  -0.005152 0.006816 -0.068190
16  0.315441 0.857300 0.755944  1.684115 0.560091 1.563926
17  -0.000002 2.265939 -0.000000  -0.057905 -0.032805 -0.238898
18  -0.000002 1.457811 -0.000000  -0.029609 0.046490 0.034285
19  -6.688313 -0.000000 0.001464  1.518852 -1.570796 0.000000
20  -0.000000 13.479278 -0.000000  0.103896 0.000000 0.000000
21  0.000000 13.477240 -0.000000  -0.051952 -0.000000 -0.000000
22  0.267270 3.664726 -1.953293  -0.106568 0.025893 0.137951
23  -0.000000 1.180356 -0.000000  -0.036623 0.007435 0.177465
24  -0.000001 0.817134 -0.000001  0.004200 0.011559 -0.007420
25  0.249423 3.688541 -0.940889  -0.060580 0.013550 0.130737
26  0.000000 1.800634 -0.000000  0.004940 -0.002077 0.208495
27  -0.000002 1.243405 -0.000000  0.006524 0.000040 0.064626
28  0.244726 3.701096 0.087733  0.005036 -0.002373 0.139324
29  0.000000 1.766590 0.000000  0.002490 0.003552 0.259702
30  0.000000 1.189004 -0.000000  -0.017590 0.001952 0.152464
31  0.277239 3.632248 1.274102  0.054558 -0.010184 0.144732
32  -0.000000 1.798489 -0.000000  0.036314 -0.010668 0.285913
33  0.000003 1.235457 -0.000000  -0.005152 -0.006816 0.068190
34  -0.315441 0.857300 0.755944  1.684115 -0.560091 -1.563926
35  0.000002 2.265939 -0.000000  -0.057905 0.032805 0.238898
36  0.000002 1.457811 -0.000000  -0.029609 -0.046490 -0.034285
end
triangles
v_heavyArms.tga.002
0  40.138424 0.378079 -0.253784  0.115500 0.951528 0.285051  0.662032 0.886582 2 11 0.882425 12 0.117575
0  39.138844 0.271803 0.544058  0.262206 0.605042 0.751779  0.672495 0.810330 2 10 0.211616 11 0.788384
0  40.205654 0.236092 0.183051  0.283030 0.583609 0.761114  0.677352 0.884543 2 12 0.086443 11 0.913557
v_heavyArms.tga.002
0  38.414371 0.538144 0.089678  0.386926 -0.907776 0.161958  0.644200 0.791000 2 7 0.946098 8 0.053902
0  39.073532 0.710420 0.593262  0.289166 -0.560854 0.775775  0.626888 0.816685 2 8 0.143262 7 0.856738
0  38.375214 0.633987 0.794773  0.324255 -0.402785 0.855934  0.634700 0.773400 1 7 1.000000
v_heavyArms.tga.002
0  40.074875 2.536644 -0.749223  0.050901 0.855478 -0.515331  0.509100 0.903000 1 6 1.000000
0  40.077576 2.553644 -0.720223  0.204042 0.978858 0.014253  0.510800 0.902400 1 6 1.000000
0  40.229774 2.490544 -0.746123  0.375196 0.925591 -0.050086  0.516600 0.914100 1 6 1.000000
v_heavyArms.tga.002
0  40.156090 1.555044 -0.472020  0.038711 0.989137 0.141805  0.573445 0.891236 2 9 0.120186 8 0.879814
0  39.152554 1.447362 0.459653  0.226302 0.697940 0.679461  0.598229 0.820850 2 7 0.182912 8 0.817088
0  40.248775 1.479876 0.023215  0.269391 0.680442 0.681488  0.587439 0.887231 2 9 0.073445 8 0.926555
v_heavyArms.tga.002
0  38.298515 2.456216 -0.186367  -0.050091 0.985157 0.164187  0.506170 0.789526 2 5 0.360091 4 0.639909
0  37.962074 2.455544 -0.259022  -0.082567 0.994403 -0.065927  0.499800 0.772200 2 4 0.834517 5 0.165483
0  37.944275 2.420544 -0.116021  -0.043158 0.977701 0.205519  0.508000 0.769600 2 4 0.881401 5 0.118599
v_heavyArms.tga.002
0  40.138134 0.379825 -0.315492  0.031741 0.999194 0.024557  0.355346 0.911001 2 11 0.859611 12 0.140389
0  39.120480 0.410567 -0.331973  -0.000390 0.988334 -0.152299  0.348206 0.845504 3 12 0.012616 10 0.163460 11 0.823924
0  39.118519 0.403909 -0.026545  0.020152 0.999557 0.021894  0.358062 0.845876 2 11 0.819763 10 0.180237
v_heavyArms.tga.002
0  41.487774 0.354744 -0.752123  0.137873 0.920340 -0.366013  0.664450 0.965851 1 12 1.000000
0  40.237942 0.375167 -0.283964  0.165979 0.891092 0.422381  0.662400 0.892682 2 11 0.164296 12 0.835704
0  41.477772 0.331945 -0.690522  0.303889 0.876350 0.373715  0.666274 0.963418 1 12 1.000000
v_heavyArms.tga.002
0  33.989975 1.588644 0.104779  -0.153709 0.744293 -0.649924  0.558100 0.534100 2 2 0.178542 3 0.821458
0  36.574074 2.361044 0.098179  -0.123580 0.945230 0.302106  0.527300 0.675300 1 3 1.000000
0  36.552574 2.351044 0.067078  -0.219439 0.962559 -0.159141  0.525800 0.673800 1 3 1.000000
v_heavyArms.tga.002
0  37.975220 1.288278 -0.695523  0.519177 0.605241 -0.603438  0.407700 0.788300 3 7 0.898188 5 0.017662 8 0.084150
0  38.019371 1.465245 -0.403762  0.909968 0.081098 -0.406672  0.423200 0.776200 4 4 0.274795 7 0.597896 8 0.014271 5 0.113038
0  38.056473 1.400944 -0.435577  0.353691 0.864753 -0.356519  0.412800 0.791800 4 7 0.739335 4 0.141098 5 0.055823 8 0.063745
v_heavyArms.tga.002
0  39.260979 1.799364 -0.333089  0.148580 -0.947972 -0.281555  0.570672 0.854595 2 5 0.156382 6 0.843618
0  40.146072 2.029545 -0.643923  0.522724 -0.818672 0.237772  0.545700 0.918000 1 6 1.000000
0  39.265415 1.783818 -0.277986  0.386491 -0.812619 0.436205  0.568267 0.851972 2 5 0.163743 6 0.836257
v_heavyArms.tga.002
0  38.089672 -1.919457 -0.331522  0.022747 -0.999693 -0.009847  0.821400 0.753700 2 13 0.928241 14 0.071759
0  38.881447 -1.897718 -0.373739  -0.041557 -0.556339 -0.829916  0.820778 0.803053 2 14 0.319260 13 0.680740
0  38.889061 -1.951066 -0.338591  -0.034644 -0.996636 -0.074277  0.817285 0.803389 2 13 0.687656 14 0.312344
v_heavyArms.tga.002
0  40.229774 2.490544 -0.746123  0.375196 0.925591 -0.050086  0.516600 0.914100 1 6 1.000000
0  40.077576 2.553644 -0.720223  0.204042 0.978858 0.014253  0.510800 0.902400 1 6 1.000000
0  40.082874 2.536045 -0.703023  0.353787 0.719388 0.597760  0.512300 0.902600 1 6 1.000000
v_heavyArms.tga.002
0  41.508041 0.977162 -0.628995  0.766955 -0.456854 0.450626  0.605921 0.962924 1 9 1.000000
0  41.489563 1.411248 -1.019407  0.843239 0.464027 -0.271343  0.582757 0.970619 1 9 1.000000
0  41.458702 1.460272 -0.627691  0.676660 0.597561 0.430176  0.583060 0.959034 1 9 1.000000
v_heavyArms.tga.002
0  38.375214 0.633987 0.794773  0.324255 -0.402785 0.855934  0.634700 0.773400 1 7 1.000000
0  39.043953 1.442522 0.488977  0.106846 0.717109 0.688722  0.599484 0.814548 2 8 0.140440 7 0.859560
0  38.246414 1.395586 0.606373  0.102498 0.696857 0.709848  0.610000 0.770200 3 7 0.902426 4 0.074901 10 0.022673
v_heavyArms.tga.002
0  38.417088 2.467673 -0.213006  -0.181003 0.906115 -0.382354  0.512326 0.783472 3 5 0.766255 6 0.047457 4 0.186289
0  39.097172 2.545896 -0.353661  -0.066870 0.996042 0.058560  0.511106 0.828383 3 5 0.741901 4 0.009794 6 0.248305
0  39.105637 2.531375 -0.385827  -0.189949 0.874703 -0.445885  0.508960 0.829474 3 4 0.007580 6 0.268245 5 0.724174
v_heavyArms.tga.002
0  39.097172 2.545896 -0.353661  -0.066870 0.996042 0.058560  0.511106 0.828383 3 5 0.741901 4 0.009794 6 0.248305
0  38.412331 2.458791 -0.153630  0.066325 0.798602 0.598193  0.516399 0.782747 3 4 0.190105 5 0.788812 6 0.021083
0  39.104279 2.526951 -0.324867  0.071526 0.841267 0.535868  0.513046 0.829021 3 4 0.007391 5 0.762310 6 0.230299
v_heavyArms.tga.002
0  33.601765 1.544796 0.108329  0.029088 0.924619 -0.379780  0.563665 0.513855 3 4 0.003124 3 0.355266 2 0.641610
0  33.987175 1.616745 0.137479  -0.230498 0.973001 -0.011841  0.560300 0.534800 3 2 0.177373 3 0.822097 7 0.000529
0  33.989975 1.588644 0.104779  -0.153709 0.744293 -0.649924  0.558100 0.534100 2 2 0.178542 3 0.821458
v_heavyArms.tga.002
0  33.585484 1.550305 0.069031  -0.011661 0.994298 0.105995  0.458622 0.521318 2 3 0.306533 2 0.693467
0  33.989975 1.588644 0.104779  -0.184321 0.966674 -0.177674  0.460400 0.540400 2 2 0.178542 3 0.821458
0  33.985573 1.539944 -0.139521  -0.129711 0.935369 -0.329030  0.446800 0.543100 2 3 0.823524 2 0.176476
v_heavyArms.tga.002
0  33.576176 -1.162656 -0.477921  0.423301 -0.722423 -0.546737  0.277541 0.022127 3 16 0.214564 3 0.130801 2 0.654635
0  32.721474 -1.471455 0.166580  0.090479 -0.984151 0.152511  0.333000 0.084500 3 2 0.901134 3 0.028130 16 0.070736
0  32.723671 -1.162656 -0.628720  0.124065 -0.701911 -0.701376  0.269300 0.085900 3 2 0.885530 3 0.041637 16 0.072833
v_heavyArms.tga.002
0  33.600273 -1.190154 0.196579  0.998783 -0.047191 0.014304  0.338000 0.007100 3 16 0.282394 3 0.126136 2 0.591470
0  33.591797 -1.366511 0.180816  0.808771 -0.552605 0.201289  0.333332 0.019034 3 16 0.305649 3 0.120738 2 0.573613
0  33.603672 -1.099854 -0.141121  0.998855 -0.047762 -0.002734  0.299600 0.006200 3 2 0.447394 3 0.132738 16 0.419868
v_heavyArms.tga.002
0  40.237255 0.381079 -0.516077  -0.002529 0.988504 -0.151173  0.348181 0.916244 2 11 0.116148 12 0.883852
0  41.479973 0.332344 -0.757623  0.181622 0.983288 0.012554  0.342300 0.979100 1 12 1.000000
0  41.483273 0.332944 -0.858223  0.188982 0.962229 -0.195965  0.338700 0.975900 1 12 1.000000
v_heavyArms.tga.002
0  40.135361 -0.657008 -0.327382  -0.060737 -0.953811 -0.294203  0.728029 0.880983 3 10 0.006007 12 0.156621 11 0.837372
0  39.086288 -0.663227 0.051083  0.195024 -0.783091 0.590538  0.720883 0.813771 2 11 0.760500 10 0.239500
0  39.105190 -0.694429 0.003594  -0.031215 -0.979445 -0.199281  0.722510 0.815140 2 11 0.771081 10 0.228919
v_heavyArms.tga.002
0  40.285583 0.836869 0.063604  0.390179 -0.549000 0.739161  0.619370 0.894137 2 8 0.938496 9 0.061504
0  39.152554 1.447362 0.459653  0.226302 0.697940 0.679461  0.598376 0.820949 2 7 0.182912 8 0.817088
0  39.179893 0.721780 0.554427  0.367010 -0.547957 0.751696  0.625972 0.823383 2 7 0.206095 8 0.793905
v_heavyArms.tga.002
0  33.571686 1.046746 0.968879  0.353830 0.462694 0.812846  0.543627 0.019562 2 3 0.152657 2 0.847343
0  32.727673 0.136545 1.149079  0.000000 -0.032810 0.999462  0.478200 0.081200 2 2 0.967311 3 0.032689
0  33.579800 0.136545 1.149079  0.383751 -0.053443 0.921889  0.477219 0.018610 2 2 0.890124 3 0.109876
v_heavyArms.tga.002
0  39.013348 0.402003 0.053227  0.063556 0.872039 0.485292  0.657119 0.813666 3 7 0.053947 10 0.737392 11 0.208661
0  38.431873 0.416245 0.091678  0.330351 0.880663 -0.339561  0.651700 0.785500 3 10 0.702709 11 0.068609 7 0.228682
0  38.410873 0.384545 0.144278  0.242401 0.785108 0.569953  0.653200 0.783200 3 10 0.726456 11 0.058866 7 0.214678
v_heavyArms.tga.002
0  36.225487 -3.911655 -0.964216  -0.532224 -0.666207 -0.522404  0.086942 0.622751 2 17 0.861685 18 0.138315
0  35.325672 -3.187655 -0.600821  -0.629838 -0.775090 0.050391  0.135500 0.563800 2 16 0.103181 17 0.896819
0  35.370872 -3.179755 -0.973621  -0.513274 -0.692042 -0.507570  0.145600 0.584200 2 16 0.099885 17 0.900115
v_heavyArms.tga.002
0  30.615173 -1.823223 -1.072166  0.121837 -0.689930 -0.713550  0.268200 0.211400 1 2 1.000000
0  22.208416 -0.924976 -1.826494  0.005685 -0.262161 -0.965007  0.220000 0.476300 2 2 0.970610 1 0.029390
0  30.618874 -0.775357 -1.534026  0.100561 -0.253653 -0.962054  0.215500 0.211000 1 2 1.000000
v_heavyArms.tga.002
0  31.875172 1.867830 -1.071701  0.279129 0.645439 -0.710982  0.078800 0.151000 1 2 1.000000
0  30.593573 2.551085 -0.175058  0.122616 0.991375 -0.046279  0.020000 0.215600 1 2 1.000000
0  31.876274 2.279451 -0.152298  0.301891 0.952487 -0.040383  0.026100 0.145400 1 2 1.000000
v_heavyArms.tga.002
0  33.584774 1.499144 0.342779  0.999943 0.010207 0.003077  0.596900 0.009600 2 2 0.706712 3 0.293288
0  33.588280 1.033091 0.958285  0.886630 0.197588 0.418146  0.543069 0.017339 2 3 0.194090 2 0.805910
0  33.588772 0.969546 0.908979  0.999967 0.008128 -0.000485  0.540600 0.012400 2 3 0.211006 2 0.788994
v_heavyArms.tga.002
0  33.599884 1.545579 0.115868  -0.176820 0.981223 0.077046  0.564117 0.513861 3 4 0.006219 3 0.372334 2 0.621447
0  33.584774 1.499144 0.342779  -0.266784 0.857707 0.439506  0.576500 0.515200 2 2 0.706712 3 0.293288
0  34.167072 1.648545 0.404679  -0.220496 0.883115 0.414114  0.572600 0.547500 3 2 0.183854 3 0.809432 7 0.006714
v_heavyArms.tga.002
0  33.593872 -0.483256 -0.791921  0.999979 0.005287 -0.003838  0.216200 0.015000 3 2 0.645243 3 0.121273 16 0.233485
0  33.596249 0.528259 -0.961129  0.896159 0.069542 -0.438251  0.144011 0.028159 3 3 0.189708 2 0.774017 16 0.036275
0  33.596073 0.505644 -0.843621  0.999982 0.005461 0.002509  0.144100 0.020000 3 2 0.719242 3 0.229913 16 0.050845
v_heavyArms.tga.002
0  31.873573 2.041690 0.544887  0.286306 0.851279 0.439718  0.609900 0.138500 1 2 1.000000
0  30.601871 1.518017 1.675384  0.108358 0.547697 0.829630  0.552000 0.207400 1 2 1.000000
0  31.881073 1.368375 1.475558  0.299635 0.489432 0.818948  0.548300 0.142900 1 2 1.000000
v_heavyArms.tga.002
0  30.625973 0.048893 1.984763  0.156474 -0.027343 0.987303  0.481300 0.208200 1 2 1.000000
0  22.210449 -2.029852 1.851521  0.025144 -0.676590 0.735931  0.400400 0.472700 2 2 0.927651 1 0.072349
0  30.620872 -1.739413 1.556710  0.186407 -0.649592 0.737077  0.397100 0.211200 1 2 1.000000
v_heavyArms.tga.002
0  33.606472 -1.025355 -0.420021  0.995949 -0.068990 -0.057678  0.274200 0.009600 3 16 0.338174 3 0.196940 2 0.464886
0  33.593872 -0.552972 -0.888317  0.894579 -0.129389 -0.427770  0.219699 0.022873 3 16 0.184112 3 0.131839 2 0.684049
0  33.593872 -0.483256 -0.791921  0.999979 0.005287 -0.003838  0.216200 0.015000 3 2 0.645243 3 0.121273 16 0.233485
v_heavyArms.tga.002
0  33.595840 0.150560 1.132874  0.898278 0.028936 0.438473  0.478195 0.016504 2 2 0.851924 3 0.148076
0  33.596073 0.110944 1.062779  0.999996 0.001291 0.002400  0.474700 0.011300 3 2 0.823042 3 0.172999 16 0.003959
0  33.588772 0.969546 0.908979  0.999967 0.008128 -0.000485  0.540600 0.012400 2 3 0.211006 2 0.788994
v_heavyArms.tga.002
0  33.596073 0.505644 -0.843621  0.999982 0.005461 0.002509  0.144100 0.020000 3 2 0.719242 3 0.229913 16 0.050845
0  33.584789 1.289755 -0.667545  0.898352 0.242747 -0.366111  0.090513 0.031246 2 3 0.237811 2 0.762189
0  33.585571 1.215145 -0.590421  0.999954 0.009583 -0.000849  0.091900 0.024400 2 2 0.724501 3 0.275499
v_heavyArms.tga.002
0  38.203773 1.560745 -0.026121  0.547055 -0.687190 0.478018  0.585700 0.777300 3 4 0.438724 5 0.193634 7 0.367642
0  38.447941 1.627707 -0.078808  0.263990 -0.229994 0.936703  0.580173 0.791068 2 5 0.446585 4 0.553415
0  38.194374 1.577244 -0.019622  0.362524 -0.143604 0.920845  0.585200 0.776600 3 4 0.436850 5 0.176635 7 0.386516
v_heavyArms.tga.002
0  39.195187 1.907076 0.129354  0.393098 -0.471255 0.789552  0.556358 0.836173 3 4 0.000048 5 0.916908 6 0.083044
0  38.561745 1.650997 -0.104934  0.271053 -0.940301 0.205827  0.578207 0.798631 3 5 0.830836 4 0.153927 6 0.015237
0  39.162338 1.777269 -0.240534  0.276587 -0.914181 0.296266  0.569346 0.844124 3 6 0.149999 4 0.005892 5 0.844110
v_heavyArms.tga.002
0  32.725773 -0.914355 0.866979  0.021450 -0.565330 0.824586  0.400800 0.082900 3 2 0.942504 3 0.036307 16 0.021189
0  33.574291 -1.384035 0.166579  0.387025 -0.917762 0.089018  0.331430 0.021510 3 16 0.214419 3 0.096155 2 0.689425
0  33.578018 -0.914355 0.866979  0.345598 -0.503127 0.792102  0.396778 0.019524 3 16 0.083639 3 0.115635 2 0.800727
v_heavyArms.tga.002
0  40.198673 0.672326 -0.439576  0.163330 -0.967780 0.191638  0.634069 0.902601 2 9 0.108877 8 0.891123
0  39.147030 0.590120 -0.129620  -0.137835 -0.719494 -0.680683  0.644328 0.834039 2 7 0.153819 8 0.846181
0  40.194473 0.694894 -0.479890  -0.071048 -0.873497 -0.481617  0.636082 0.903287 2 9 0.122836 8 0.877164
v_heavyArms.tga.002
0  40.127819 -0.628659 -0.279173  0.087463 -0.980434 0.176353  0.725548 0.881558 3 10 0.011131 12 0.138761 11 0.850108
0  39.112907 -0.568840 0.555222  0.250919 -0.634582 0.730990  0.705627 0.806156 2 11 0.755020 10 0.244980
0  39.086288 -0.663227 0.051083  0.080563 -0.980450 0.179520  0.720883 0.813771 2 11 0.760500 10 0.239500
v_heavyArms.tga.002
0  41.810371 -0.476556 -0.895723  0.337678 -0.935939 -0.099955  0.717100 0.982100 1 12 1.000000
0  41.471874 -0.613756 -0.754523  0.098331 -0.947994 -0.302719  0.731715 0.961977 1 12 1.000000
0  41.464172 -0.585556 -0.765023  -0.241109 -0.395759 -0.886138  0.733115 0.962877 1 12 1.000000
v_heavyArms.tga.002
0  41.630383 -1.272757 -0.923622  0.708171 0.689142 0.153549  0.782200 0.963900 1 15 1.000000
0  41.512882 -1.158856 -0.892923  0.492589 0.833750 0.249435  0.772300 0.960900 1 15 1.000000
0  41.510284 -1.190057 -0.881023  0.467433 0.281408 0.838043  0.773700 0.960100 1 15 1.000000
v_heavyArms.tga.002
0  41.510384 -1.177657 -0.937623  0.391473 0.835559 -0.385474  0.771425 0.963292 1 15 1.000000
0  41.512882 -1.158856 -0.892923  0.492589 0.833750 0.249435  0.772300 0.960900 1 15 1.000000
0  41.630383 -1.272757 -0.923622  0.708171 0.689142 0.153549  0.782200 0.963900 1 15 1.000000
v_heavyArms.tga.002
0  32.723671 -1.162656 -0.628720  0.902599 -0.333710 -0.271943  0.269300 0.085900 3 2 0.885530 3 0.041637 16 0.072833
0  32.622871 -1.670617 0.111685  0.667955 -0.744124 0.010751  0.327600 0.099600 3 2 0.963104 3 0.000783 16 0.036113
0  32.625671 -1.270417 -0.817875  0.650702 -0.543580 -0.530195  0.263700 0.101500 3 2 0.963586 3 0.003310 16 0.033104
v_heavyArms.tga.002
0  40.191475 -0.382204 -0.852939  -0.168659 -0.470890 -0.865920  0.305843 0.905973 2 12 0.913668 11 0.086332
0  41.449474 -0.583855 -0.869522  0.023246 -0.934788 -0.354446  0.291500 0.971000 1 12 1.000000
0  40.225746 -0.590255 -0.550232  -0.079318 -0.924528 -0.372768  0.292337 0.907384 2 12 0.884285 11 0.115715
v_heavyArms.tga.002
0  38.246414 1.395586 0.606373  0.102498 0.696857 0.709848  0.610000 0.770200 3 7 0.902426 4 0.074901 10 0.022673
0  39.010586 1.518743 -0.074610  -0.062242 0.990252 0.124607  0.583137 0.820037 2 7 0.742812 8 0.257188
0  38.195171 1.426745 0.016278  0.412853 0.904812 0.104248  0.593200 0.778800 4 7 0.806268 4 0.123624 5 0.031867 8 0.038242
v_heavyArms.tga.002
0  36.325909 -3.874341 -0.176779  -0.484498 -0.614280 0.622834  0.937679 0.627491 2 17 0.817228 18 0.182772
0  36.275383 -3.987229 -0.620304  -0.668484 -0.737755 0.094058  0.958963 0.617606 2 17 0.206787 18 0.793213
0  36.416813 -3.961982 -0.191565  -0.519139 -0.602037 0.606668  0.942975 0.630084 2 17 0.151151 18 0.848849
v_heavyArms.tga.002
0  38.990761 -1.952561 -0.348071  -0.008836 -0.997267 -0.073351  0.817038 0.809139 3 15 0.026871 14 0.764642 13 0.208487
0  40.094902 -1.916830 -0.522685  0.147476 -0.689924 0.708700  0.815676 0.864974 3 13 0.002369 15 0.224087 14 0.773544
0  38.992355 -1.928394 -0.325037  0.111392 -0.689470 0.715698  0.815116 0.809021 3 15 0.020235 14 0.770734 13 0.209032
v_heavyArms.tga.002
0  38.369473 -0.783056 -0.210534  0.424521 0.901369 -0.085536  0.276500 0.791200 4 13 0.581919 14 0.092884 10 0.311850 11 0.013347
0  38.269772 -0.721555 0.109278  0.886584 -0.450366 0.105544  0.289900 0.797100 4 10 0.457264 13 0.482286 14 0.032992 11 0.027458
0  38.337471 -0.817557 0.056378  0.628376 0.758345 0.173365  0.284900 0.796800 3 13 0.681512 14 0.077882 10 0.240606
v_heavyArms.tga.002
0  40.028412 -1.695576 -1.038666  -0.173907 -0.391646 -0.903532  0.226238 0.868065 3 15 0.314552 14 0.665485 13 0.019962
0  39.057644 -1.018866 -0.771846  -0.050444 0.671023 -0.739719  0.257275 0.830763 3 15 0.061455 14 0.758577 13 0.179968
0  40.080826 -1.108918 -0.962811  -0.082380 0.681875 -0.726815  0.252008 0.871420 3 14 0.683476 13 0.009506 15 0.307018
v_heavyArms.tga.002
0  38.388527 2.320291 -0.714991  -0.091993 0.479089 -0.872932  0.480132 0.798593 3 5 0.703104 4 0.210366 6 0.086530
0  39.106098 1.785514 -0.681139  0.080970 -0.721994 -0.687145  0.453995 0.850391 3 6 0.307718 4 0.032423 5 0.659859
0  38.449799 1.664685 -0.629119  0.057108 -0.682066 -0.729057  0.447231 0.805979 3 5 0.717404 4 0.200555 6 0.082041
v_heavyArms.tga.002
0  40.267834 -0.536907 0.159918  0.294821 -0.630986 0.717591  0.708948 0.883694 2 11 0.196558 12 0.803442
0  41.474972 -0.586755 -0.707523  0.268905 -0.946402 0.178924  0.729515 0.961077 1 12 1.000000
0  41.521935 -0.502712 -0.341044  0.505167 -0.574804 0.643744  0.715321 0.956443 1 12 1.000000
v_heavyArms.tga.002
0  40.146488 0.403426 -0.309617  -0.083728 0.925929 -0.368299  0.659705 0.886228 2 12 0.133780 11 0.866220
0  39.117027 0.402298 0.030990  0.138445 0.863342 0.485257  0.657678 0.819677 2 10 0.193347 11 0.806653
0  40.138424 0.378079 -0.253784  0.143435 0.893183 0.426206  0.662032 0.886582 2 11 0.882425 12 0.117575
v_heavyArms.tga.002
0  32.625671 -1.270417 -0.817875  0.650702 -0.543580 -0.530195  0.263700 0.101500 3 2 0.963586 3 0.003310 16 0.033104
0  31.890774 -0.653944 -1.347795  0.195168 -0.250144 -0.948334  0.215500 0.146100 1 2 1.000000
0  32.627472 -0.802021 -1.161138  0.618943 -0.305337 -0.723657  0.229200 0.104900 2 2 0.998384 16 0.001616
v_heavyArms.tga.002
0  38.318172 -0.727855 0.116278  0.865242 0.454403 -0.211834  0.722200 0.771600 4 10 0.506920 13 0.437380 14 0.031508 11 0.024192
0  38.262772 -0.728856 0.165278  0.575701 -0.508221 0.640531  0.722000 0.767900 4 10 0.491913 13 0.481307 11 0.011964 14 0.014815
0  38.331272 -0.826956 0.113378  0.587146 0.299155 0.752174  0.726600 0.773000 3 13 0.700193 14 0.055963 10 0.243844
v_heavyArms.tga.002
0  38.331272 -0.826956 0.113378  0.587146 0.299155 0.752174  0.726600 0.773000 3 13 0.700193 14 0.055963 10 0.243844
0  38.369873 -0.786855 0.065278  0.265595 0.927378 -0.263496  0.724900 0.775300 3 13 0.692432 14 0.079336 10 0.228232
0  38.318172 -0.727855 0.116278  0.865242 0.454403 -0.211834  0.722200 0.771600 4 10 0.506920 13 0.437380 14 0.031508 11 0.024192
v_heavyArms.tga.002
0  39.265415 1.783818 -0.277986  0.386491 -0.812619 0.436205  0.568267 0.851972 2 5 0.163743 6 0.836257
0  40.143372 2.046644 -0.638522  0.424702 -0.210839 0.880440  0.544900 0.917300 1 6 1.000000
0  39.262669 1.801691 -0.272494  0.401190 -0.212195 0.891078  0.567340 0.851665 2 6 0.833974 5 0.166026
v_heavyArms.tga.002
0  41.510483 -1.192857 -1.067923  0.387325 0.880472 -0.273402  0.247200 0.940900 1 15 1.000000
0  41.100842 -1.215352 -1.263475  -0.052881 0.655699 -0.753168  0.245800 0.923000 1 15 1.000000
0  41.121834 -1.164714 -0.998962  0.048532 0.974839 -0.217564  0.253164 0.924004 1 15 1.000000
v_heavyArms.tga.002
0  33.568157 1.301642 -0.679018  0.358367 0.526105 -0.771224  0.090292 0.033394 2 3 0.186369 2 0.813631
0  32.715672 1.784745 -0.190421  0.038492 0.970851 -0.236575  0.047400 0.090800 2 2 0.916855 3 0.083145
0  33.568878 1.740008 -0.204253  0.403290 0.883253 -0.239211  0.048087 0.033802 2 3 0.222329 2 0.777671
v_heavyArms.tga.002
0  41.474972 -0.586755 -0.707523  0.315664 -0.831605 0.456935  0.729515 0.961077 1 12 1.000000
0  41.471874 -0.613756 -0.754523  0.098331 -0.947994 -0.302719  0.731715 0.961977 1 12 1.000000
0  41.810371 -0.476556 -0.895723  0.337678 -0.935939 -0.099955  0.717100 0.982100 1 12 1.000000
v_heavyArms.tga.002
0  38.269772 -0.721555 0.109278  0.161355 0.535547 -0.828947  0.721700 0.773800 4 10 0.457264 13 0.482286 14 0.032992 11 0.027458
0  38.370872 -0.656056 0.154978  0.213841 -0.078634 -0.973698  0.718700 0.773200 2 10 0.911899 11 0.088101
0  38.409672 -0.687556 0.165579  0.055038 -0.989377 -0.134554  0.717100 0.771900 2 10 0.922179 11 0.077821
v_heavyArms.tga.002
0  38.409672 -0.687556 0.165579  0.055038 -0.989377 -0.134554  0.717100 0.771900 2 10 0.922179 11 0.077821
0  38.318172 -0.727855 0.116278  0.865242 0.454403 -0.211834  0.722200 0.771600 4 10 0.506920 13 0.437380 14 0.031508 11 0.024192
0  38.269772 -0.721555 0.109278  0.161355 0.535547 -0.828947  0.721700 0.773800 4 10 0.457264 13 0.482286 14 0.032992 11 0.027458
v_heavyArms.tga.002
0  34.015175 -0.417455 -0.862626  -0.104674 0.014770 -0.994397  0.319800 0.536500 3 2 0.031616 3 0.525782 16 0.442602
0  35.499374 -1.551955 -1.154221  0.081653 0.023182 -0.996391  0.241000 0.619000 3 3 0.074378 16 0.921960 13 0.003661
0  34.363174 -1.405755 -0.865221  -0.260100 -0.089061 -0.961466  0.259300 0.552200 1 16 1.000000
v_heavyArms.tga.002
0  41.555882 -1.670256 -1.192423  0.829041 -0.387744 -0.402920  0.226300 0.939900 1 15 1.000000
0  41.469482 -1.784556 -1.000123  0.385501 -0.905865 -0.175490  0.216600 0.940200 1 15 1.000000
0  41.470081 -1.762557 -1.152522  0.414627 -0.863017 -0.288592  0.222300 0.937000 1 15 1.000000
v_heavyArms.tga.002
0  33.594475 -0.858655 0.755179  -0.124848 -0.547276 0.827588  0.718700 0.513800 3 2 0.720299 3 0.163843 16 0.115859
0  34.204273 -1.332854 0.381479  -0.373966 -0.615778 0.693518  0.755400 0.542600 3 2 0.079550 3 0.538456 16 0.381994
0  34.478672 -0.754856 0.863479  -0.098593 -0.381399 0.919138  0.714600 0.561400 3 2 0.085001 3 0.766242 16 0.148758
v_heavyArms.tga.002
0  41.510284 -1.190057 -0.881023  0.467433 0.281408 0.838043  0.773700 0.960100 1 15 1.000000
0  41.123882 -1.064057 -0.720323  0.250544 0.941800 0.224142  0.757700 0.942800 1 15 1.000000
0  41.122986 -1.093556 -0.708823  0.411728 0.320052 0.853256  0.758900 0.942000 1 15 1.000000
v_heavyArms.tga.002
0  41.479973 0.332344 -0.757623  -0.287182 0.321626 -0.902266  0.663546 0.966411 1 12 1.000000
0  41.487774 0.354744 -0.752123  0.137873 0.920340 -0.366013  0.664450 0.965851 1 12 1.000000
0  41.793774 0.193445 -0.906923  0.462699 0.886469 -0.009066  0.683000 0.984600 1 12 1.000000
v_heavyArms.tga.002
0  39.165058 1.759329 -0.245987  0.302949 -0.829127 0.469862  0.570276 0.844388 3 6 0.164887 4 0.006857 5 0.828256
0  38.561745 1.650997 -0.104934  0.262001 -0.234169 0.936227  0.578207 0.798631 3 5 0.830836 4 0.153927 6 0.015237
0  38.567432 1.633573 -0.110882  0.282048 -0.828074 0.484502  0.579024 0.798897 3 5 0.821114 4 0.152105 6 0.026781
v_heavyArms.tga.002
0  32.630875 0.616158 -1.183993  0.675650 0.104366 -0.729797  0.143100 0.103200 2 2 0.991131 3 0.008869
0  31.875172 1.867830 -1.071701  0.279129 0.645439 -0.710982  0.078800 0.151000 1 2 1.000000
0  32.614273 1.614210 -0.921196  0.680800 0.465899 -0.565199  0.084600 0.111000 2 2 0.963151 3 0.036849
v_heavyArms.tga.002
0  38.331272 -0.826956 0.113378  0.466278 0.862682 0.195870  0.726600 0.773000 3 13 0.700193 14 0.055963 10 0.243844
0  38.159473 -0.701755 0.576278  0.868589 -0.226527 0.440724  0.718600 0.754800 2 10 0.488027 13 0.511973
0  38.327896 -0.950441 0.741011  0.428616 0.322493 0.843971  0.743800 0.761000 2 13 0.829052 10 0.170948
v_heavyArms.tga.002
0  37.699875 2.410843 -0.072222  -0.087599 0.927452 -0.363536  0.517400 0.738400 2 4 0.965370 5 0.034630
0  37.929073 2.427244 -0.082022  -0.015183 0.972696 0.231584  0.516900 0.752600 2 4 0.895776 5 0.104224
0  37.944275 2.420544 -0.116021  -0.147163 0.953958 -0.261357  0.514900 0.753700 2 4 0.881401 5 0.118599
v_heavyArms.tga.002
0  39.105637 2.531375 -0.385827  -0.055474 0.996546 0.061795  0.503602 0.843077 3 4 0.007580 6 0.268245 5 0.724174
0  38.412853 2.487557 -0.361494  -0.102019 0.982729 -0.154391  0.497405 0.798248 3 4 0.191189 5 0.741920 6 0.066891
0  38.417088 2.467673 -0.213006  -0.056595 0.988833 0.137865  0.505684 0.796839 3 5 0.766255 6 0.047457 4 0.186289
v_heavyArms.tga.002
0  33.585281 1.702816 -0.121679  0.943840 0.324082 0.064317  0.634834 0.014946 2 3 0.272126 2 0.727874
0  33.584774 1.499144 0.342779  0.999943 0.010207 0.003077  0.596900 0.009600 2 2 0.706712 3 0.293288
0  33.587791 1.537856 0.139395  0.583426 0.797100 0.155709  0.614078 0.007405 2 3 0.298615 2 0.701385
v_heavyArms.tga.002
0  35.499374 -1.551955 -1.154221  0.335184 0.402939 -0.851641  0.241000 0.619000 3 3 0.074378 16 0.921960 13 0.003661
0  36.206673 -2.076756 -0.770121  0.705425 -0.583435 -0.402465  0.216400 0.663000 3 3 0.057812 17 0.154391 16 0.787798
0  35.468872 -1.582354 -1.181421  0.008135 -0.018582 -0.999794  0.238800 0.616600 2 3 0.042751 16 0.957249
v_heavyArms.tga.002
0  41.325359 1.513689 -0.981080  0.269901 0.962694 -0.019354  0.572976 0.961282 1 9 1.000000
0  40.235828 1.542402 -0.564599  -0.176617 0.841165 -0.511124  0.569242 0.897167 2 9 0.857498 8 0.142502
0  40.243298 1.568879 -0.523578  0.067368 0.995333 0.069097  0.571596 0.896803 2 8 0.147630 9 0.852370
v_heavyArms.tga.002
0  41.353176 0.879463 -0.955882  -0.153489 -0.362038 -0.919440  0.612560 0.967411 1 9 1.000000
0  41.372784 0.858427 -0.951227  0.288589 -0.912937 -0.288551  0.611567 0.966622 1 9 1.000000
0  40.589622 0.714306 -0.572501  0.433603 -0.739138 0.515426  0.635100 0.936430 2 9 0.886884 8 0.113116
v_heavyArms.tga.002
0  41.793774 0.193445 -0.906923  0.462699 0.886469 -0.009066  0.683000 0.984600 1 12 1.000000
0  41.487774 0.354744 -0.752123  0.137873 0.920340 -0.366013  0.664450 0.965851 1 12 1.000000
0  41.477772 0.331945 -0.690522  0.303889 0.876350 0.373715  0.666274 0.963418 1 12 1.000000
v_heavyArms.tga.002
0  40.249374 1.553950 -0.508522  0.085682 0.988153 0.127328  0.573116 0.896879 2 8 0.151141 9 0.848859
0  41.458702 1.460272 -0.627691  0.676660 0.597561 0.430176  0.581815 0.956566 1 9 1.000000
0  41.330429 1.498024 -0.967222  0.276608 0.960927 0.010408  0.574505 0.959785 1 9 1.000000
v_heavyArms.tga.002
0  38.431873 0.416245 0.091678  0.330351 0.880663 -0.339561  0.651700 0.785500 3 10 0.702709 11 0.068609 7 0.228682
0  39.014801 0.403601 -0.004149  -0.161614 0.292378 -0.942548  0.654646 0.815188 3 11 0.267117 10 0.675457 7 0.057426
0  38.415474 0.386144 0.085478  0.210703 0.151394 -0.965756  0.650700 0.786700 3 10 0.684619 11 0.071358 7 0.244022
v_heavyArms.tga.002
0  37.568375 -1.857957 0.606879  0.094408 -0.769682 0.631408  0.777800 0.723800 2 13 0.999050 3 0.000950
0  37.327496 -1.866036 0.624461  0.070151 -0.778296 0.623966  0.777712 0.709436 2 13 0.731220 3 0.268780
0  37.326370 -1.880255 0.438759  0.043224 -0.996150 0.076262  0.785022 0.708777 2 13 0.796715 3 0.203285
v_heavyArms.tga.002
0  37.215073 -4.825455 -0.225421  -0.209244 -0.661887 0.719807  0.984500 0.650800 1 18 1.000000
0  37.507973 -4.802254 -0.495621  0.819525 -0.544103 0.179806  0.998600 0.655400 1 18 1.000000
0  37.481274 -4.770157 -0.235421  0.573848 -0.497272 0.650707  0.986100 0.658200 1 18 1.000000
v_heavyArms.tga.002
0  38.377071 0.473244 0.067378  0.933448 -0.284856 0.218019  0.647200 0.788100 3 7 0.914905 8 0.027599 11 0.057497
0  38.437973 0.513745 0.045775  0.292570 -0.938617 -0.182760  0.645300 0.792800 2 7 0.934917 8 0.065083
0  38.414371 0.538144 0.089678  0.403790 -0.660523 0.632979  0.644200 0.791000 2 7 0.946098 8 0.053902
v_heavyArms.tga.002
0  38.414371 0.538144 0.089678  0.403790 -0.660523 0.632979  0.644200 0.791000 2 7 0.946098 8 0.053902
0  38.341473 0.476545 0.088178  0.513479 0.219405 0.829579  0.648100 0.785900 4 7 0.721129 10 0.240172 8 0.009059 11 0.029639
0  38.377071 0.473244 0.067378  0.933448 -0.284856 0.218019  0.647200 0.788100 3 7 0.914905 8 0.027599 11 0.057497
v_heavyArms.tga.002
0  35.822372 -2.867055 -1.308521  0.041576 -0.041781 -0.998261  0.159900 0.620800 2 16 0.122825 17 0.877175
0  34.688473 -2.652255 -1.076521  -0.623920 -0.508805 -0.593162  0.188300 0.562500 2 16 0.891289 17 0.108711
0  35.194275 -2.368254 -1.377821  -0.087232 -0.009891 -0.996139  0.196200 0.595000 2 16 0.877276 17 0.122724
v_heavyArms.tga.002
0  38.283974 2.466617 -0.152721  -0.073892 0.985013 0.155847  0.515000 0.774781 2 5 0.333971 4 0.666029
0  37.937172 2.406643 -0.059422  0.080716 0.755449 0.650217  0.518700 0.752900 2 4 0.905398 5 0.094602
0  38.294872 2.446465 -0.127870  0.038152 0.784266 0.619251  0.516968 0.775165 2 5 0.318460 4 0.681540
v_heavyArms.tga.002
0  38.422771 0.396244 -0.403986  0.481080 0.872320 -0.087297  0.348600 0.801700 4 10 0.666608 7 0.204874 8 0.007351 11 0.121166
0  39.009941 0.270533 -0.731938  0.046533 0.603417 -0.796067  0.338410 0.837736 3 11 0.409070 7 0.036816 10 0.554114
0  38.454235 0.283647 -0.799034  0.234794 0.446668 -0.863342  0.343400 0.800500 2 10 0.866411 11 0.133589
v_heavyArms.tga.002
0  41.372124 0.882477 -0.935957  0.341314 -0.551862 0.760890  0.612015 0.967494 1 9 1.000000
0  41.372784 0.858427 -0.951227  0.288589 -0.912937 -0.288551  0.613103 0.968088 1 9 1.000000
0  41.516483 0.969970 -0.953789  0.577560 -0.751414 -0.319062  0.604371 0.972220 1 9 1.000000
v_heavyArms.tga.002
0  41.516483 0.969970 -0.953789  0.577560 -0.751414 -0.319062  0.603203 0.969325 1 9 1.000000
0  41.372784 0.858427 -0.951227  0.288589 -0.912937 -0.288551  0.611626 0.964915 1 9 1.000000
0  41.353176 0.879463 -0.955882  -0.153489 -0.362038 -0.919440  0.612711 0.965659 1 9 1.000000
v_heavyArms.tga.002
0  37.981949 1.604481 -0.638926  0.576702 -0.425551 -0.697367  0.445100 0.778900 3 4 0.498256 5 0.176871 7 0.324873
0  38.381840 1.599738 -0.372308  0.181485 -0.978898 -0.093926  0.438889 0.802096 2 5 0.487833 4 0.512167
0  38.070972 1.541344 -0.375574  0.588969 -0.761731 -0.269964  0.438500 0.783900 3 4 0.390737 5 0.169915 7 0.439348
v_heavyArms.tga.002
0  38.344872 0.464844 0.033684  0.653630 -0.339932 -0.676176  0.647800 0.789900 4 7 0.655154 10 0.263820 8 0.029029 11 0.051997
0  38.417572 0.535445 0.030866  0.130112 -0.477152 -0.869136  0.646200 0.792600 2 7 0.916967 8 0.083033
0  38.437973 0.513745 0.045775  0.292570 -0.938617 -0.182760  0.645300 0.792800 2 7 0.934917 8 0.065083
v_heavyArms.tga.002
0  38.437973 0.513745 0.045775  0.292570 -0.938617 -0.182760  0.645300 0.792800 2 7 0.934917 8 0.065083
0  38.377071 0.473244 0.067378  0.933448 -0.284856 0.218019  0.647200 0.788100 3 7 0.914905 8 0.027599 11 0.057497
0  38.344872 0.464844 0.033684  0.653630 -0.339932 -0.676176  0.647800 0.789900 4 7 0.655154 10 0.263820 8 0.029029 11 0.051997
v_heavyArms.tga.002
0  41.142681 -1.914956 -0.849123  0.108671 -0.993183 -0.042162  0.819500 0.933000 1 15 1.000000
0  41.473782 -1.814957 -0.935522  0.460212 -0.483956 0.744306  0.812300 0.951200 1 15 1.000000
0  41.148281 -1.890757 -0.826823  0.298715 -0.683210 0.666328  0.818000 0.932900 1 15 1.000000
v_heavyArms.tga.002
0  38.990761 -1.952561 -0.348071  -0.008836 -0.997267 -0.073351  0.817038 0.809139 3 15 0.026871 14 0.764642 13 0.208487
0  40.079014 -1.893090 -0.579136  -0.148016 -0.595576 -0.789545  0.820614 0.864816 3 15 0.243309 14 0.747722 13 0.008969
0  40.091034 -1.940867 -0.545280  0.001100 -0.998528 -0.054238  0.817401 0.865043 3 15 0.236518 14 0.758220 13 0.005262
v_heavyArms.tga.002
0  38.369473 -0.783056 -0.210534  0.424521 0.901369 -0.085536  0.276500 0.791200 4 13 0.581919 14 0.092884 10 0.311850 11 0.013347
0  38.956806 -1.008226 -0.764302  0.051883 0.648893 -0.759108  0.257725 0.825760 3 10 0.072447 14 0.379926 13 0.547627
0  38.223911 -0.918310 -0.740885  0.207948 0.496775 -0.842598  0.260500 0.782300 3 14 0.115091 13 0.634516 10 0.250393
v_heavyArms.tga.002
0  41.489563 1.411248 -1.019407  0.439150 0.831356 -0.340580  0.581344 0.969411 1 9 1.000000
0  41.325359 1.513689 -0.981080  0.269901 0.962694 -0.019354  0.574569 0.961509 1 9 1.000000
0  41.330429 1.498024 -0.967222  0.446684 0.666326 0.597062  0.575446 0.961370 1 9 1.000000
v_heavyArms.tga.002
0  41.464172 -0.585556 -0.765023  0.110183 -0.993631 -0.023607  0.288200 0.974700 1 12 1.000000
0  40.225746 -0.590255 -0.550232  -0.079318 -0.924528 -0.372768  0.291351 0.904287 2 12 0.884285 11 0.115715
0  41.449474 -0.583855 -0.869522  0.023246 -0.934788 -0.354446  0.291500 0.971000 1 12 1.000000
v_heavyArms.tga.002
0  41.311588 1.486420 -1.019138  0.062898 0.797011 -0.600681  0.571676 0.962842 1 9 1.000000
0  41.325359 1.513689 -0.981080  0.269901 0.962694 -0.019354  0.573401 0.961520 1 9 1.000000
0  41.489563 1.411248 -1.019407  0.439150 0.831356 -0.340580  0.580684 0.969349 1 9 1.000000
v_heavyArms.tga.002
0  37.911373 1.469546 0.583278  0.247013 0.278623 0.928092  0.591700 0.751000 3 4 0.480715 7 0.497484 10 0.021801
0  38.375214 0.633987 0.794773  0.324255 -0.402785 0.855934  0.634700 0.773400 1 7 1.000000
0  38.246414 1.395586 0.606373  0.102498 0.696857 0.709848  0.610000 0.770200 3 7 0.902426 4 0.074901 10 0.022673
v_heavyArms.tga.002
0  39.120480 0.410567 -0.331973  -0.000390 0.988334 -0.152299  0.348123 0.845157 3 12 0.012616 10 0.163460 11 0.823924
0  40.106380 0.260429 -0.850343  -0.092349 0.579146 -0.809976  0.334872 0.902889 2 12 0.275230 11 0.724770
0  39.113354 0.268869 -0.736547  -0.071071 0.591109 -0.803455  0.337792 0.844256 3 11 0.777013 12 0.051377 10 0.171610
v_heavyArms.tga.002
0  39.000057 1.532955 -0.092362  -0.086777 0.989974 0.111452  0.581668 0.819473 2 8 0.265920 7 0.734080
0  38.195171 1.426745 0.016278  0.200435 0.492389 0.846982  0.593200 0.778800 4 7 0.806268 4 0.123624 5 0.031867 8 0.038242
0  39.010586 1.518743 -0.074610  0.016684 0.785348 0.618830  0.583137 0.820037 2 7 0.742812 8 0.257188
v_heavyArms.tga.002
0  38.437973 0.513745 0.045775  0.292570 -0.938617 -0.182760  0.645300 0.792800 2 7 0.934917 8 0.065083
0  39.040997 0.578950 -0.042473  0.184509 -0.782728 0.594385  0.642004 0.826671 2 8 0.216585 7 0.783415
0  38.414371 0.538144 0.089678  0.403790 -0.660523 0.632979  0.644200 0.791000 2 7 0.946098 8 0.053902
v_heavyArms.tga.002
0  34.460575 0.122844 1.081078  -0.024958 -0.063593 0.997664  0.666000 0.562000 3 2 0.103733 3 0.874701 16 0.021566
0  36.739273 1.224745 0.918778  0.067968 0.299413 0.951700  0.608400 0.683900 1 3 1.000000
0  34.455574 1.002844 0.970879  -0.067700 0.366585 0.927918  0.618500 0.562700 2 2 0.131596 3 0.868404
v_heavyArms.tga.002
0  40.149700 1.569916 -0.487214  0.015816 0.996173 0.085961  0.571926 0.891068 2 8 0.865639 9 0.134361
0  39.071526 1.517088 -0.148777  -0.175355 0.873412 -0.454316  0.578799 0.824378 2 7 0.137316 8 0.862684
0  39.108936 1.540556 -0.118006  -0.018388 0.997097 0.073890  0.580495 0.825577 2 7 0.128815 8 0.871185
v_heavyArms.tga.002
0  36.647873 2.287445 0.482778  -0.133367 0.790907 0.597227  0.547900 0.681400 1 3 1.000000
0  33.991074 1.599745 0.160379  -0.161695 0.984152 -0.072791  0.561800 0.535100 3 2 0.175553 3 0.822448 7 0.002000
0  34.167072 1.648545 0.404679  -0.220496 0.883115 0.414114  0.572600 0.547500 3 2 0.183854 3 0.809432 7 0.006714
v_heavyArms.tga.002
0  41.379044 -0.356026 -1.107099  -0.090432 -0.378447 -0.921195  0.304000 0.966700 1 12 1.000000
0  40.206505 0.258743 -0.866625  -0.148047 0.575038 -0.804620  0.334613 0.908399 2 12 0.907727 11 0.092273
0  41.377644 0.229174 -1.113798  -0.014948 0.553029 -0.833028  0.332000 0.968100 1 12 1.000000
v_heavyArms.tga.002
0  37.561172 -4.349957 -0.797421  0.910101 0.119853 -0.396676  0.044600 0.701100 1 18 1.000000
0  37.507973 -4.802254 -0.495621  0.819525 -0.544103 0.179806  0.013600 0.695900 1 18 1.000000
0  37.527473 -4.825657 -0.684521  0.751767 -0.620481 -0.223271  0.019500 0.689800 1 18 1.000000
v_heavyArms.tga.002
0  38.169075 1.513645 -0.011522  0.932883 -0.208912 0.293402  0.590800 0.773900 4 4 0.306821 7 0.566599 5 0.123226 8 0.003354
0  38.203773 1.560745 -0.026121  0.547055 -0.687190 0.478018  0.585700 0.777300 3 4 0.438724 5 0.193634 7 0.367642
0  38.194374 1.577244 -0.019622  0.362524 -0.143604 0.920845  0.585200 0.776600 3 4 0.436850 5 0.176635 7 0.386516
v_heavyArms.tga.002
0  38.194374 1.577244 -0.019622  0.362524 -0.143604 0.920845  0.585200 0.776600 3 4 0.436850 5 0.176635 7 0.386516
0  38.143673 1.510245 -0.001422  0.344937 0.215695 0.913507  0.591100 0.773000 3 4 0.308495 7 0.575055 5 0.116451
0  38.169075 1.513645 -0.011522  0.932883 -0.208912 0.293402  0.590800 0.773900 4 4 0.306821 7 0.566599 5 0.123226 8 0.003354
v_heavyArms.tga.002
0  30.625973 0.738531 -1.678611  0.100038 0.118360 -0.987919  0.143000 0.211500 1 2 1.000000
0  22.180700 2.352285 -1.453089  0.088658 0.681647 -0.726290  0.086900 0.482200 2 1 0.024844 2 0.975156
0  30.591572 2.084538 -1.220409  0.116165 0.673609 -0.729902  0.075300 0.214800 1 2 1.000000
v_heavyArms.tga.002
0  40.143372 2.046644 -0.638522  0.595900 -0.154754 0.788007  0.544900 0.917300 1 6 1.000000
0  40.146072 2.029545 -0.643923  0.522724 -0.818672 0.237772  0.545700 0.918000 1 6 1.000000
0  40.263771 2.133946 -0.712423  0.510007 -0.793245 -0.332648  0.537300 0.923400 1 6 1.000000
v_heavyArms.tga.002
0  40.263771 2.133946 -0.712423  0.510007 -0.793245 -0.332648  0.537300 0.923400 1 6 1.000000
0  40.146072 2.029545 -0.643923  0.522724 -0.818672 0.237772  0.545700 0.918000 1 6 1.000000
0  40.120575 2.053044 -0.689623  0.196857 -0.820793 -0.536234  0.547900 0.921100 1 6 1.000000
v_heavyArms.tga.002
0  41.483273 0.332944 -0.858223  0.188982 0.962229 -0.195965  0.338700 0.975900 1 12 1.000000
0  41.793774 0.193445 -0.906923  0.836716 0.547637 0.000521  0.327300 0.990800 1 12 1.000000
0  41.786171 0.181444 -1.021222  0.725728 0.550434 -0.412725  0.326400 0.986000 1 12 1.000000
v_heavyArms.tga.002
0  38.363773 -0.539199 0.765983  0.325570 -0.521420 0.788749  0.699400 0.763800 2 10 0.991828 11 0.008172
0  37.924973 0.446144 0.878578  0.268922 0.112333 0.956589  0.652100 0.749200 2 7 0.517027 10 0.482973
0  37.838272 -0.755056 0.886178  0.262208 -0.139204 0.954919  0.718200 0.741700 3 3 0.002249 10 0.496929 13 0.500822
v_heavyArms.tga.002
0  35.468872 -1.582354 -1.181421  0.008135 -0.018582 -0.999794  0.238800 0.616600 2 3 0.042751 16 0.957249
0  35.461472 -1.599255 -1.160421  -0.178365 -0.731181 -0.658453  0.237400 0.615900 3 3 0.025422 16 0.944716 17 0.029862
0  34.349972 -1.508654 -0.877921  -0.330806 -0.032216 -0.943149  0.252600 0.552500 1 16 1.000000
v_heavyArms.tga.002
0  34.349972 -1.508654 -0.877921  -0.330806 -0.032216 -0.943149  0.252600 0.552500 1 16 1.000000
0  34.356575 -1.462155 -0.881621  -0.341666 0.165556 -0.925124  0.255200 0.553300 1 16 1.000000
0  35.468872 -1.582354 -1.181421  0.008135 -0.018582 -0.999794  0.238800 0.616600 2 3 0.042751 16 0.957249
v_heavyArms.tga.002
0  31.888672 -1.578090 -0.941454  0.296734 -0.668627 -0.681826  0.267900 0.147700 1 2 1.000000
0  30.618874 -0.775357 -1.534026  0.100561 -0.253653 -0.962054  0.215500 0.211000 1 2 1.000000
0  31.890774 -0.653944 -1.347795  0.195168 -0.250144 -0.948334  0.215500 0.146100 1 2 1.000000
v_heavyArms.tga.002
0  38.962181 1.509591 -0.124219  -0.098588 0.993105 -0.063422  0.428891 0.835305 2 8 0.255488 7 0.744512
0  38.056473 1.400944 -0.435577  0.353691 0.864753 -0.356519  0.412800 0.791800 4 7 0.739335 4 0.141098 5 0.055823 8 0.063745
0  38.111572 1.415644 -0.038766  0.619194 0.776093 -0.119495  0.424700 0.789600 4 7 0.764452 4 0.142937 5 0.055813 8 0.036798
v_heavyArms.tga.002
0  40.146488 0.403426 -0.309617  -0.083728 0.925929 -0.368299  0.659705 0.886228 2 12 0.133780 11 0.866220
0  39.118519 0.403909 -0.026545  -0.234601 0.315469 -0.919479  0.655178 0.820994 2 11 0.819763 10 0.180237
0  39.128181 0.429317 -0.020293  -0.069973 0.939837 -0.334382  0.656029 0.820816 2 11 0.817580 10 0.182420
v_heavyArms.tga.002
0  35.499374 -1.551955 -1.154221  0.335184 0.402939 -0.851641  0.241000 0.619000 3 3 0.074378 16 0.921960 13 0.003661
0  34.356575 -1.462155 -0.881621  -0.341666 0.165556 -0.925124  0.255200 0.553300 1 16 1.000000
0  34.363174 -1.405755 -0.865221  -0.318818 0.298415 -0.899613  0.259300 0.552200 1 16 1.000000
v_heavyArms.tga.002
0  41.596081 -1.713357 -0.975823  0.664891 -0.628171 -0.404129  0.806600 0.959300 1 15 1.000000
0  41.485683 -1.840756 -0.959422  0.466958 -0.879187 -0.094763  0.813600 0.952400 1 15 1.000000
0  41.469482 -1.784556 -1.000123  0.175606 -0.543727 -0.820685  0.816400 0.954800 1 15 1.000000
v_heavyArms.tga.002
0  38.092072 -1.812554 -0.607122  0.027994 -0.873573 -0.485887  0.219500 0.779600 3 13 0.876221 14 0.084342 10 0.039437
0  37.426022 -1.606999 -0.862830  0.076874 -0.273326 -0.958845  0.236832 0.737431 5 13 0.693948 14 0.002205 16 0.036006 10 0.095900 3 0.171941
0  38.120110 -1.630611 -0.819216  0.007369 -0.375458 -0.926810  0.230700 0.777400 3 13 0.813121 14 0.087401 10 0.099479
v_heavyArms.tga.002
0  34.356575 -1.462155 -0.881621  -0.341666 0.165556 -0.925124  0.255200 0.553300 1 16 1.000000
0  34.349972 -1.508654 -0.877921  -0.330806 -0.032216 -0.943149  0.252600 0.552500 1 16 1.000000
0  34.017273 -1.721455 -0.739121  -0.301268 -0.746134 -0.593735  0.244100 0.530300 2 2 0.035870 16 0.964130
v_heavyArms.tga.002
0  34.017273 -1.721455 -0.739121  -0.301268 -0.746134 -0.593735  0.244100 0.530300 2 2 0.035870 16 0.964130
0  33.985672 -1.702355 -0.748020  -0.691217 -0.374289 -0.618164  0.245900 0.529600 3 2 0.067491 3 0.015295 16 0.917215
0  34.356575 -1.462155 -0.881621  -0.341666 0.165556 -0.925124  0.255200 0.553300 1 16 1.000000
v_heavyArms.tga.002
0  33.985573 1.539944 -0.139521  -0.129711 0.935369 -0.329030  0.446800 0.543100 2 3 0.823524 2 0.176476
0  36.552574 2.351044 0.067078  -0.157274 0.987398 -0.017608  0.504700 0.683300 1 3 1.000000
0  36.477573 2.336846 -0.137922  -0.171798 0.966982 -0.188233  0.492300 0.682200 1 3 1.000000
v_heavyArms.tga.002
0  35.240471 -2.012854 0.324379  0.008713 -0.601549 0.798788  0.805500 0.601300 3 3 0.039602 17 0.038657 16 0.921741
0  35.263172 -2.035355 0.293679  0.188986 -0.720139 0.667596  0.807300 0.601700 3 3 0.017925 17 0.045404 16 0.936671
0  36.010372 -2.007355 -0.060021  0.228585 -0.933101 0.277619  0.821300 0.639500 3 3 0.050378 16 0.795314 17 0.154308
v_heavyArms.tga.002
0  36.010372 -2.007355 -0.060021  0.228585 -0.933101 0.277619  0.821300 0.639500 3 3 0.050378 16 0.795314 17 0.154308
0  36.018875 -1.995755 -0.029421  0.487319 -0.644755 0.588907  0.818800 0.639900 3 3 0.066862 16 0.787262 17 0.145876
0  35.240471 -2.012854 0.324379  0.008713 -0.601549 0.798788  0.805500 0.601300 3 3 0.039602 17 0.038657 16 0.921741
v_heavyArms.tga.002
0  36.183372 -2.052056 -0.405721  0.126021 -0.986969 0.100059  0.837700 0.655400 3 3 0.072738 17 0.191781 16 0.735481
0  36.018875 -1.995755 -0.029421  0.487319 -0.644755 0.588907  0.818800 0.639900 3 3 0.066862 16 0.787262 17 0.145876
0  36.010372 -2.007355 -0.060021  0.228585 -0.933101 0.277619  0.821300 0.639500 3 3 0.050378 16 0.795314 17 0.154308
v_heavyArms.tga.002
0  36.010372 -2.007355 -0.060021  0.228585 -0.933101 0.277619  0.821300 0.639500 3 3 0.050378 16 0.795314 17 0.154308
0  36.141373 -2.033955 -0.433321  -0.373692 -0.927553 0.000372  0.840900 0.655400 3 3 0.046946 17 0.210694 16 0.742359
0  36.183372 -2.052056 -0.405721  0.126021 -0.986969 0.100059  0.837700 0.655400 3 3 0.072738 17 0.191781 16 0.735481
v_heavyArms.tga.002
0  38.469830 2.410036 0.247505  0.160050 0.728734 0.665830  0.535171 0.782047 2 4 0.187415 5 0.812585
0  39.195187 1.907076 0.129354  0.393098 -0.471255 0.789552  0.556358 0.836173 3 4 0.000048 5 0.916908 6 0.083044
0  39.145451 2.443216 0.043201  0.182123 0.696448 0.694112  0.529812 0.827786 2 5 0.914942 6 0.085058
v_heavyArms.tga.002
0  38.412853 2.487557 -0.361494  -0.102019 0.982729 -0.154391  0.497405 0.798248 3 4 0.191189 5 0.741920 6 0.066891
0  39.054375 2.372712 -0.774250  -0.152007 0.406439 -0.900945  0.484527 0.842635 3 4 0.033037 5 0.634887 6 0.332076
0  38.388527 2.320291 -0.714991  -0.091993 0.479089 -0.872932  0.480132 0.798593 3 5 0.703104 4 0.210366 6 0.086530
v_heavyArms.tga.002
0  41.257645 1.363522 -1.223526  0.114972 0.383497 -0.916358  0.399065 0.953968 1 9 1.000000
0  41.482414 1.050748 -1.081780  0.779521 -0.263781 -0.568125  0.383273 0.961449 1 9 1.000000
0  41.281185 0.992381 -1.211103  0.215406 -0.543926 -0.811015  0.381033 0.953468 1 9 1.000000
v_heavyArms.tga.002
0  40.015190 2.431395 -1.009910  0.124261 0.340585 -0.931966  0.486900 0.904100 1 6 1.000000
0  40.235874 2.146744 -0.818623  0.781674 -0.400159 -0.478392  0.475800 0.913400 1 6 1.000000
0  40.052990 2.094694 -0.935711  0.248185 -0.580273 -0.775685  0.473400 0.906500 1 6 1.000000
v_heavyArms.tga.002
0  37.423237 -1.937855 -0.324183  0.030133 -0.757970 0.651593  0.824788 0.718078 4 13 0.742407 10 0.002710 16 0.027022 3 0.227861
0  38.089672 -1.919457 -0.331522  0.022747 -0.999693 -0.009847  0.820500 0.753700 2 13 0.928241 14 0.071759
0  38.089973 -1.894856 -0.308122  0.002720 -0.689217 0.724550  0.819100 0.753600 2 13 0.942094 14 0.057906
v_heavyArms.tga.002
0  41.473782 -1.814957 -0.935522  0.460212 -0.483956 0.744306  0.812300 0.951200 1 15 1.000000
0  41.485683 -1.840756 -0.959422  0.466958 -0.879187 -0.094763  0.813600 0.952400 1 15 1.000000
0  41.596081 -1.713357 -0.975823  0.664891 -0.628171 -0.404129  0.806600 0.959300 1 15 1.000000
v_heavyArms.tga.002
0  37.132889 -3.450122 -0.915068  0.759359 0.383269 -0.525812  0.103088 0.692834 2 18 0.873894 17 0.126106
0  37.378773 -4.635457 -1.068721  0.379183 -0.391758 -0.838299  0.038200 0.681100 1 18 1.000000
0  36.724724 -3.712371 -1.261699  0.118677 -0.101562 -0.987725  0.094258 0.658915 2 17 0.136603 18 0.863397
v_heavyArms.tga.002
0  33.982574 -1.670254 -0.735421  -0.849384 0.117798 -0.514460  0.249100 0.526000 3 2 0.101178 3 0.046636 16 0.852186
0  33.990574 -1.780555 -0.286421  -0.811069 -0.569352 0.134189  0.235800 0.506000 3 2 0.078532 16 0.901391 3 0.020077
0  33.985874 -1.761855 -0.283721  -0.941155 -0.266454 0.207919  0.236500 0.502100 3 2 0.100586 16 0.864990 3 0.034424
v_heavyArms.tga.002
0  36.183372 -2.052056 -0.405721  0.126021 -0.986969 0.100059  0.837700 0.655400 3 3 0.072738 17 0.191781 16 0.735481
0  36.164173 -2.015057 -0.353021  0.912140 -0.094620 0.398807  0.835000 0.654300 3 3 0.076677 17 0.181590 16 0.741733
0  36.025772 -1.981154 -0.028421  0.817689 -0.397665 0.416231  0.817700 0.640800 3 3 0.094290 16 0.761870 17 0.143840
v_heavyArms.tga.002
0  36.025772 -1.981154 -0.028421  0.817689 -0.397665 0.416231  0.817700 0.640800 3 3 0.094290 16 0.761870 17 0.143840
0  36.018875 -1.995755 -0.029421  0.487319 -0.644755 0.588907  0.818800 0.639900 3 3 0.066862 16 0.787262 17 0.145876
0  36.183372 -2.052056 -0.405721  0.126021 -0.986969 0.100059  0.837700 0.655400 3 3 0.072738 17 0.191781 16 0.735481
v_heavyArms.tga.002
0  36.179073 -2.228955 -0.894921  0.676529 0.493137 -0.546923  0.194800 0.657800 2 17 0.289995 16 0.710005
0  36.315872 -2.477456 -0.650921  0.812342 0.572149 0.112898  0.184300 0.677300 2 16 0.132857 17 0.867143
0  36.294971 -2.479256 -0.945921  0.652830 0.508773 -0.561215  0.177800 0.660300 2 16 0.129255 17 0.870745
v_heavyArms.tga.002
0  36.206673 -2.076756 -0.770121  0.705425 -0.583435 -0.402465  0.216400 0.663000 3 3 0.057812 17 0.154391 16 0.787798
0  36.184074 -2.094655 -0.778721  0.620980 -0.490109 -0.611700  0.204700 0.661800 3 3 0.038433 17 0.168303 16 0.793264
0  35.461472 -1.599255 -1.160421  -0.178365 -0.731181 -0.658453  0.237400 0.615900 3 3 0.025422 16 0.944716 17 0.029862
v_heavyArms.tga.002
0  35.461472 -1.599255 -1.160421  -0.178365 -0.731181 -0.658453  0.237400 0.615900 3 3 0.025422 16 0.944716 17 0.029862
0  35.468872 -1.582354 -1.181421  0.008135 -0.018582 -0.999794  0.238800 0.616600 2 3 0.042751 16 0.957249
0  36.206673 -2.076756 -0.770121  0.705425 -0.583435 -0.402465  0.216400 0.663000 3 3 0.057812 17 0.154391 16 0.787798
v_heavyArms.tga.002
0  35.209873 -1.536654 0.578479  -0.116398 -0.504578 0.855484  0.760300 0.599900 3 2 0.001729 3 0.592746 16 0.405525
0  34.263172 -1.842955 0.150779  -0.573130 -0.399620 0.715420  0.789100 0.550200 3 2 0.049884 3 0.037046 16 0.913069
0  35.243271 -2.000155 0.328879  0.116764 -0.464352 0.877920  0.798100 0.600300 3 3 0.054702 17 0.017085 16 0.928214
v_heavyArms.tga.002
0  37.144794 2.332156 0.500220  -0.045122 0.774651 0.630778  0.544738 0.708109 3 4 0.450119 7 0.023646 3 0.526235
0  36.739273 1.224745 0.918778  0.067968 0.299413 0.951700  0.608400 0.683900 1 3 1.000000
0  37.189022 1.342404 0.791482  0.198504 0.276697 0.940231  0.600373 0.716151 4 4 0.065969 3 0.516796 7 0.378143 10 0.039092
v_heavyArms.tga.002
0  34.247475 -1.889254 0.108879  -0.681309 -0.369187 0.632074  0.792600 0.548800 3 2 0.028501 16 0.958624 3 0.012874
0  34.263275 -1.854254 0.144579  -0.539387 -0.449183 0.712247  0.790400 0.549700 3 2 0.037376 3 0.025877 16 0.936747
0  33.990574 -1.780555 -0.286421  -0.811069 -0.569352 0.134189  0.798200 0.526700 3 2 0.078532 16 0.901391 3 0.020077
v_heavyArms.tga.002
0  33.990574 -1.780555 -0.286421  -0.811069 -0.569352 0.134189  0.798200 0.526700 3 2 0.078532 16 0.901391 3 0.020077
0  34.023972 -1.800755 -0.299721  -0.526089 -0.849893 -0.030188  0.800100 0.527500 3 2 0.052885 16 0.945486 3 0.001630
0  34.247475 -1.889254 0.108879  -0.681309 -0.369187 0.632074  0.792600 0.548800 3 2 0.028501 16 0.958624 3 0.012874
v_heavyArms.tga.002
0  36.141373 -2.033955 -0.433321  -0.373692 -0.927553 0.000372  0.212200 0.679000 3 3 0.046946 17 0.210694 16 0.742359
0  36.184074 -2.094655 -0.778721  0.620980 -0.490109 -0.611700  0.204700 0.661800 3 3 0.038433 17 0.168303 16 0.793264
0  36.206673 -2.076756 -0.770121  0.705425 -0.583435 -0.402465  0.216400 0.663000 3 3 0.057812 17 0.154391 16 0.787798
v_heavyArms.tga.002
0  36.206673 -2.076756 -0.770121  0.705425 -0.583435 -0.402465  0.216400 0.663000 3 3 0.057812 17 0.154391 16 0.787798
0  36.183372 -2.052056 -0.405721  0.126021 -0.986969 0.100059  0.214700 0.678900 3 3 0.072738 17 0.191781 16 0.735481
0  36.141373 -2.033955 -0.433321  -0.373692 -0.927553 0.000372  0.212200 0.679000 3 3 0.046946 17 0.210694 16 0.742359
v_heavyArms.tga.002
0  36.183372 -2.052056 -0.405721  0.126021 -0.986969 0.100059  0.214700 0.678900 3 3 0.072738 17 0.191781 16 0.735481
0  36.206673 -2.076756 -0.770121  0.705425 -0.583435 -0.402465  0.216400 0.663000 3 3 0.057812 17 0.154391 16 0.787798
0  36.224274 -2.043957 -0.771721  0.742259 -0.395991 -0.540594  0.222800 0.680600 3 3 0.084925 17 0.147681 16 0.767394
v_heavyArms.tga.002
0  36.224274 -2.043957 -0.771721  0.742259 -0.395991 -0.540594  0.222800 0.680600 3 3 0.084925 17 0.147681 16 0.767394
0  36.176575 -2.021054 -0.431421  0.947021 0.300827 0.112490  0.216400 0.679000 3 3 0.076098 17 0.180504 16 0.743398
0  36.183372 -2.052056 -0.405721  0.126021 -0.986969 0.100059  0.214700 0.678900 3 3 0.072738 17 0.191781 16 0.735481
v_heavyArms.tga.002
0  39.014801 0.403601 -0.004149  -0.019126 0.999590 0.021290  0.358392 0.839623 3 11 0.267117 10 0.675457 7 0.057426
0  38.422771 0.396244 -0.403986  0.481080 0.872320 -0.087297  0.348600 0.801700 4 10 0.666608 7 0.204874 8 0.007351 11 0.121166
0  38.415474 0.386144 0.085478  0.339994 0.940109 0.024469  0.360600 0.805600 3 10 0.684619 11 0.071358 7 0.244022
v_heavyArms.tga.002
0  37.378773 -4.635457 -1.068721  0.379183 -0.391758 -0.838299  0.038200 0.681100 1 18 1.000000
0  37.220074 -4.881455 -0.674521  -0.236574 -0.940712 -0.243093  0.016500 0.672800 1 18 1.000000
0  37.034172 -4.779355 -0.858221  -0.436964 -0.789123 -0.431680  0.029600 0.661300 1 18 1.000000
v_heavyArms.tga.002
0  38.454235 0.283647 -0.799034  0.234794 0.446668 -0.863342  0.343400 0.800500 2 10 0.866411 11 0.133589
0  38.972549 -0.425081 -0.748190  0.044632 -0.527158 -0.848594  0.313875 0.835091 2 10 0.618312 11 0.381688
0  38.202335 -0.427352 -0.795994  -0.089674 -0.311422 -0.946031  0.320500 0.783600 2 10 0.881587 11 0.118413
v_heavyArms.tga.002
0  33.579800 0.136545 1.149079  0.383751 -0.053443 0.921889  0.477219 0.018610 2 2 0.890124 3 0.109876
0  32.725773 -0.914355 0.866979  0.021450 -0.565330 0.824586  0.400800 0.082900 3 2 0.942504 3 0.036307 16 0.021189
0  33.578018 -0.914355 0.866979  0.345598 -0.503127 0.792102  0.396778 0.019524 3 16 0.083639 3 0.115635 2 0.800727
v_heavyArms.tga.002
0  40.199776 0.697490 -0.421631  0.196834 -0.952677 0.231652  0.632256 0.901709 2 8 0.904079 9 0.095921
0  39.179893 0.721780 0.554427  0.367010 -0.547957 0.751696  0.625972 0.823383 2 7 0.206095 8 0.793905
0  39.148743 0.588037 -0.071672  0.159449 -0.967234 0.197572  0.641353 0.833240 2 7 0.171020 8 0.828980
v_heavyArms.tga.002
0  37.911373 1.469546 0.583278  0.247013 0.278623 0.928092  0.591700 0.751000 3 4 0.480715 7 0.497484 10 0.021801
0  37.387562 0.400842 1.015959  0.234922 0.122401 0.964277  0.654447 0.726321 3 10 0.384513 3 0.175007 7 0.440479
0  37.924973 0.446144 0.878578  0.268922 0.112333 0.956589  0.652100 0.749200 2 7 0.517027 10 0.482973
v_heavyArms.tga.002
0  37.962074 2.455544 -0.259022  -0.082567 0.994403 -0.065927  0.499800 0.772200 2 4 0.834517 5 0.165483
0  38.267361 2.307876 -0.715348  -0.014086 0.500413 -0.865672  0.479002 0.791238 3 4 0.556842 5 0.421970 6 0.021188
0  37.941750 2.266984 -0.745373  -0.023656 0.525150 -0.850681  0.475100 0.773200 2 4 0.831169 5 0.168831
v_heavyArms.tga.002
0  32.725075 -0.562956 -0.902121  0.945114 -0.066179 -0.319968  0.218900 0.087000 3 2 0.945584 3 0.020671 16 0.033745
0  32.627472 -0.802021 -1.161138  0.618943 -0.305337 -0.723657  0.229200 0.104900 2 2 0.998384 16 0.001616
0  32.630875 0.616158 -1.183993  0.675650 0.104366 -0.729797  0.143100 0.103200 2 2 0.991131 3 0.008869
v_heavyArms.tga.002
0  32.630875 0.616158 -1.183993  0.675650 0.104366 -0.729797  0.143100 0.103200 2 2 0.991131 3 0.008869
0  32.727673 0.531144 -0.976121  0.916813 0.033166 -0.397938  0.145800 0.088600 2 2 0.951995 3 0.048005
0  32.725075 -0.562956 -0.902121  0.945114 -0.066179 -0.319968  0.218900 0.087000 3 2 0.945584 3 0.020671 16 0.033745
v_heavyArms.tga.002
0  38.090374 -1.878354 -0.367822  0.042401 -0.969593 -0.241021  0.205700 0.784400 3 13 0.923737 14 0.074943 10 0.001320
0  37.420921 -1.895693 -0.666259  0.136064 -0.844819 -0.517462  0.220686 0.744031 5 10 0.046960 13 0.739780 16 0.037469 14 0.000189 3 0.175602
0  38.092072 -1.812554 -0.607122  0.027994 -0.873573 -0.485887  0.219500 0.779600 3 13 0.876221 14 0.084342 10 0.039437
v_heavyArms.tga.002
0  35.448471 -3.197055 -0.156221  -0.488671 -0.635791 0.597470  0.884500 0.595400 2 16 0.097680 17 0.902320
0  36.640755 -3.623678 0.038175  0.236993 -0.104038 0.965925  0.929415 0.643419 2 17 0.832742 18 0.167258
0  36.010773 -2.977256 0.041179  0.141606 0.054024 0.988448  0.881000 0.624800 2 16 0.095407 17 0.904593
v_heavyArms.tga.002
0  38.120110 -1.630611 -0.819216  0.007369 -0.375458 -0.926810  0.230700 0.777400 3 13 0.813121 14 0.087401 10 0.099479
0  38.868576 -1.845278 -0.623639  -0.052411 -0.909766 -0.411799  0.218090 0.821569 2 14 0.349757 13 0.650243
0  38.092072 -1.812554 -0.607122  0.027994 -0.873573 -0.485887  0.219500 0.779600 3 13 0.876221 14 0.084342 10 0.039437
v_heavyArms.tga.002
0  32.714973 1.322243 -0.658221  0.961314 0.184281 -0.204735  0.089900 0.089900 2 2 0.927759 3 0.072241
0  32.614273 1.614210 -0.921196  0.680800 0.465899 -0.565199  0.084600 0.111000 2 2 0.963151 3 0.036849
0  32.615273 1.947676 -0.144224  0.644917 0.763217 -0.039773  0.039200 0.100100 2 2 0.946043 3 0.053957
v_heavyArms.tga.002
0  32.615273 1.947676 -0.144224  0.644917 0.763217 -0.039773  0.039200 0.100100 2 2 0.946043 3 0.053957
0  32.715672 1.784745 -0.190421  0.773937 0.567044 -0.281927  0.047400 0.090800 2 2 0.916855 3 0.083145
0  32.714973 1.322243 -0.658221  0.961314 0.184281 -0.204735  0.089900 0.089900 2 2 0.927759 3 0.072241
v_heavyArms.tga.002
0  37.671772 2.379345 0.447978  0.082597 0.761259 0.643166  0.541400 0.736300 3 4 0.981199 7 0.018610 3 0.000191
0  37.351448 2.381866 0.028483  -0.057742 0.996479 0.060789  0.523757 0.718125 2 4 0.801120 3 0.198880
0  37.347336 2.350326 0.490544  0.002572 0.763587 0.645699  0.543453 0.718964 3 4 0.661646 7 0.025160 3 0.313194
v_heavyArms.tga.002
0  39.182007 2.541698 -0.558268  -0.091376 0.960290 -0.263615  0.495648 0.849263 2 6 0.899790 5 0.100210
0  40.015190 2.431395 -1.009910  0.124261 0.340585 -0.931966  0.486900 0.904100 1 6 1.000000
0  39.158226 2.379935 -0.791925  -0.224345 0.382005 -0.896517  0.484990 0.849388 2 5 0.104529 6 0.895471
v_heavyArms.tga.002
0  39.047653 1.489942 -0.472606  -0.085781 0.957560 -0.275172  0.416927 0.844938 3 7 0.142665 8 0.854979 9 0.002356
0  40.092304 1.367385 -0.957064  -0.209943 0.449266 -0.868380  0.404660 0.899091 2 8 0.744109 9 0.255891
0  39.046398 1.366953 -0.706811  -0.163979 0.528936 -0.832669  0.409754 0.846091 3 7 0.150252 9 0.029275 8 0.820473
v_heavyArms.tga.002
0  39.207939 2.536179 -0.418139  0.000614 0.999222 0.039433  0.502963 0.849960 2 6 0.904534 5 0.095466
0  40.042572 2.537644 -0.834923  0.064933 0.954892 -0.289766  0.491800 0.905200 1 6 1.000000
0  39.182007 2.541698 -0.558268  -0.091376 0.960290 -0.263615  0.495648 0.849263 2 6 0.899790 5 0.100210
v_heavyArms.tga.002
0  32.721474 -1.471455 0.166580  0.901860 -0.428143 0.057806  0.333000 0.084500 3 2 0.901134 3 0.028130 16 0.070736
0  32.725773 -0.914355 0.866979  0.968607 -0.125042 0.214861  0.400800 0.082900 3 2 0.942504 3 0.036307 16 0.021189
0  32.628372 -1.205236 1.136791  0.673861 -0.465235 0.573992  0.397300 0.106300 3 2 0.996752 3 0.001691 16 0.001557
v_heavyArms.tga.002
0  32.628372 -1.205236 1.136791  0.673861 -0.465235 0.573992  0.397300 0.106300 3 2 0.996752 3 0.001691 16 0.001557
0  32.622871 -1.670617 0.111685  0.667955 -0.744124 0.010751  0.327600 0.099600 3 2 0.963104 3 0.000783 16 0.036113
0  32.721474 -1.471455 0.166580  0.901860 -0.428143 0.057806  0.333000 0.084500 3 2 0.901134 3 0.028130 16 0.070736
v_heavyArms.tga.002
0  31.894772 0.072894 1.587962  0.248969 -0.028395 0.968095  0.478200 0.142000 1 2 1.000000
0  30.620872 -1.739413 1.556710  0.186407 -0.649592 0.737077  0.397100 0.211200 1 2 1.000000
0  31.891872 -1.310088 1.371126  0.281304 -0.545058 0.789798  0.402900 0.148000 1 2 1.000000
v_heavyArms.tga.002
0  40.134232 -1.041769 -0.659221  0.049718 0.974102 -0.220575  0.260980 0.874119 2 15 0.249455 14 0.750545
0  39.122845 -0.893221 -0.139823  0.069586 0.989615 -0.125777  0.279843 0.838119 2 13 0.134583 14 0.865417
0  40.145382 -0.983571 -0.401496  0.030063 0.974717 -0.221410  0.272456 0.877418 2 15 0.171007 14 0.828993
v_heavyArms.tga.002
0  36.294971 -2.479256 -0.945921  0.652830 0.508773 -0.561215  0.177800 0.660300 2 16 0.129255 17 0.870745
0  37.085377 -3.300066 -0.646216  0.775846 0.628857 0.051001  0.117451 0.707272 2 17 0.846187 18 0.153813
0  37.043922 -3.314170 -0.929045  0.686220 0.502878 -0.525562  0.113356 0.689697 2 17 0.849428 18 0.150572
v_heavyArms.tga.002
0  34.455574 1.002844 0.970879  -0.067700 0.366585 0.927918  0.618500 0.562700 2 2 0.131596 3 0.868404
0  33.596073 0.110944 1.062779  -0.033494 -0.080131 0.996221  0.665000 0.515900 3 2 0.823042 3 0.172999 16 0.003959
0  34.460575 0.122844 1.081078  -0.024958 -0.063593 0.997664  0.666000 0.562000 3 2 0.103733 3 0.874701 16 0.021566
v_heavyArms.tga.002
0  41.281185 0.992381 -1.211103  0.215406 -0.543926 -0.811015  0.381475 0.953757 1 9 1.000000
0  40.188030 1.367238 -0.979438  -0.202440 0.445452 -0.872118  0.404223 0.903809 2 8 0.116652 9 0.883348
0  41.257645 1.363522 -1.223526  0.114972 0.383497 -0.916358  0.399672 0.955038 1 9 1.000000
v_heavyArms.tga.002
0  40.106380 0.260429 -0.850343  -0.092349 0.579146 -0.809976  0.334872 0.902889 2 12 0.275230 11 0.724770
0  39.076260 -0.423002 -0.749378  -0.043111 -0.521069 -0.852425  0.313081 0.841570 3 11 0.771254 12 0.047714 10 0.181032
0  39.113354 0.268869 -0.736547  -0.071071 0.591109 -0.803455  0.337792 0.844256 3 11 0.777013 12 0.051377 10 0.171610
v_heavyArms.tga.002
0  40.237537 0.825029 -0.947722  -0.089410 -0.625053 -0.775445  0.378996 0.902333 2 9 0.884606 8 0.115394
0  41.326759 0.961121 -1.063067  0.222691 -0.863164 -0.453162  0.383418 0.954571 1 9 1.000000
0  40.278290 0.752540 -0.720291  0.095631 -0.959308 -0.265675  0.371829 0.902546 2 8 0.129292 9 0.870708
v_heavyArms.tga.002
0  36.293472 1.197045 -0.783252  -0.009500 0.138113 -0.990371  0.406800 0.676800 3 3 0.979661 2 0.000974 7 0.019365
0  33.956871 0.437544 -0.758824  0.076136 0.137172 -0.987617  0.372200 0.537400 3 2 0.092329 3 0.811648 16 0.096023
0  33.994572 1.153944 -0.726579  -0.179947 0.388670 -0.903634  0.415500 0.543000 3 2 0.151424 3 0.831721 16 0.016855
v_heavyArms.tga.002
0  30.591572 2.084538 -1.220409  0.116165 0.673609 -0.729902  0.075300 0.214800 1 2 1.000000
0  22.182842 2.886943 -0.209212  0.080805 0.995832 -0.042306  0.035000 0.484700 2 1 0.027324 2 0.972676
0  30.593573 2.551085 -0.175058  0.122616 0.991375 -0.046279  0.020000 0.215600 1 2 1.000000
v_heavyArms.tga.002
0  33.588772 0.969546 0.908979  0.999967 0.008128 -0.000485  0.540600 0.012400 2 3 0.211006 2 0.788994
0  33.588280 1.033091 0.958285  0.886630 0.197588 0.418146  0.543069 0.017339 2 3 0.194090 2 0.805910
0  33.595840 0.150560 1.132874  0.898278 0.028936 0.438473  0.478693 0.016359 2 2 0.851924 3 0.148076
v_heavyArms.tga.002
0  30.609272 -2.363057 0.014006  0.152978 -0.987937 -0.024042  0.322700 0.211900 1 2 1.000000
0  22.204670 -2.125754 -1.276475  0.001750 -0.703098 -0.711091  0.271500 0.474800 2 2 0.934281 1 0.065719
0  30.615173 -1.823223 -1.072166  0.121837 -0.689930 -0.713550  0.268200 0.211400 1 2 1.000000
v_heavyArms.tga.002
0  33.596073 0.110944 1.062779  0.999996 0.001291 0.002400  0.474700 0.011300 3 2 0.823042 3 0.172999 16 0.003959
0  33.594669 -0.923644 0.844399  0.796502 -0.445885 0.408376  0.395026 0.016895 3 2 0.728297 3 0.156938 16 0.114764
0  33.594475 -0.858655 0.755179  0.999989 0.004481 0.001078  0.395100 0.009300 3 2 0.720299 3 0.163843 16 0.115859
v_heavyArms.tga.002
0  30.601871 1.518017 1.675384  0.108358 0.547697 0.829630  0.552000 0.207400 1 2 1.000000
0  22.215584 0.019593 2.361136  0.074477 0.060962 0.995358  0.483300 0.472700 2 2 0.974243 1 0.025757
0  30.625973 0.048893 1.984763  0.156474 -0.027343 0.987303  0.481300 0.208200 1 2 1.000000
v_heavyArms.tga.002
0  30.620872 -1.739413 1.556710  0.186407 -0.649592 0.737077  0.397100 0.211200 1 2 1.000000
0  22.198679 -2.744214 0.015807  -0.000487 -0.999311 -0.037115  0.325900 0.473800 2 2 0.919967 1 0.080033
0  30.609272 -2.363057 0.014006  0.152978 -0.987937 -0.024042  0.322700 0.211900 1 2 1.000000
v_heavyArms.tga.002
0  30.618874 -0.775357 -1.534026  0.100561 -0.253653 -0.962054  0.215500 0.211000 1 2 1.000000
0  22.215584 0.809997 -1.998419  0.062026 0.102325 -0.992815  0.151300 0.478300 2 2 0.985507 1 0.014493
0  30.625973 0.738531 -1.678611  0.100038 0.118360 -0.987919  0.143000 0.211500 1 2 1.000000
v_heavyArms.tga.002
0  30.593573 2.551085 -0.175058  0.122616 0.991375 -0.046279  0.655700 0.208300 1 2 1.000000
0  22.177919 2.578195 0.733484  0.069584 0.857684 0.509446  0.605000 0.476500 2 1 0.022308 2 0.977692
0  30.588772 2.281638 0.617329  0.107415 0.882625 0.457642  0.614700 0.207700 1 2 1.000000
v_heavyArms.tga.002
0  39.121170 -0.896985 -0.071023  0.134216 0.970055 0.202432  0.732576 0.827777 2 13 0.130257 14 0.869743
0  40.209122 -1.090953 0.131324  0.288540 0.536359 0.793136  0.758764 0.867073 2 15 0.078174 14 0.921826
0  40.144638 -0.981855 -0.336980  0.142712 0.968105 0.205925  0.743521 0.879068 2 15 0.138923 14 0.861077
v_heavyArms.tga.002
0  34.349972 -1.508654 -0.877921  -0.377263 0.159937 -0.912191  0.252600 0.552500 1 16 1.000000
0  35.461472 -1.599255 -1.160421  0.165383 0.214663 -0.962584  0.237400 0.615900 3 3 0.025422 16 0.944716 17 0.029862
0  35.194275 -2.368254 -1.377821  -0.087232 -0.009891 -0.996139  0.196200 0.595000 2 16 0.877276 17 0.122724
v_heavyArms.tga.002
0  34.688473 -2.652255 -1.076521  -0.623920 -0.508805 -0.593162  0.188300 0.562500 2 16 0.891289 17 0.108711
0  34.023972 -1.800755 -0.299721  -0.799392 -0.593666 0.092369  0.233900 0.507400 3 2 0.052885 16 0.945486 3 0.001630
0  34.017273 -1.721455 -0.739121  -0.775070 -0.333357 -0.536787  0.244100 0.530300 2 2 0.035870 16 0.964130
v_heavyArms.tga.002
0  38.441574 0.515344 -0.452268  0.404980 -0.903558 -0.139904  0.375400 0.802300 3 7 0.836329 8 0.145198 11 0.018474
0  38.237175 0.464844 -0.826509  0.300052 0.032768 -0.953360  0.362800 0.781500 3 10 0.946698 8 0.014119 11 0.039183
0  38.411221 0.614178 -0.770814  0.355640 -0.369050 -0.858675  0.381700 0.799600 2 7 0.839731 8 0.160269
v_heavyArms.tga.002
0  35.822372 -2.867055 -1.308521  0.041576 -0.041781 -0.998261  0.159900 0.620800 2 16 0.122825 17 0.877175
0  35.194275 -2.368254 -1.377821  -0.087232 -0.009891 -0.996139  0.196200 0.595000 2 16 0.877276 17 0.122724
0  36.179073 -2.228955 -0.894921  0.676529 0.493137 -0.546923  0.194800 0.657800 2 17 0.289995 16 0.710005
v_heavyArms.tga.002
0  36.179073 -2.228955 -0.894921  0.676529 0.493137 -0.546923  0.194800 0.657800 2 17 0.289995 16 0.710005
0  36.294971 -2.479256 -0.945921  0.652830 0.508773 -0.561215  0.177800 0.660300 2 16 0.129255 17 0.870745
0  35.822372 -2.867055 -1.308521  0.041576 -0.041781 -0.998261  0.159900 0.620800 2 16 0.122825 17 0.877175
v_heavyArms.tga.002
0  34.015175 -0.417455 -0.862626  -0.104674 0.014770 -0.994397  0.319800 0.536500 3 2 0.031616 3 0.525782 16 0.442602
0  33.982574 -1.670254 -0.735421  -0.727534 -0.342846 -0.594265  0.249100 0.526000 3 2 0.101178 3 0.046636 16 0.852186
0  33.593872 -0.483256 -0.791921  -0.301233 -0.122930 -0.945594  0.318000 0.510800 3 2 0.645243 3 0.121273 16 0.233485
v_heavyArms.tga.002
0  34.820274 -2.599154 -0.014721  -0.450035 -0.582924 0.676511  0.830400 0.571800 2 16 0.905995 17 0.094005
0  35.523071 -2.364455 0.115179  0.206762 -0.198551 0.958033  0.829800 0.609500 2 16 0.839049 17 0.160951
0  35.263172 -2.035355 0.293679  0.047979 -0.353231 0.934305  0.807300 0.601700 3 3 0.017925 17 0.045404 16 0.936671
v_heavyArms.tga.002
0  35.263172 -2.035355 0.293679  0.047979 -0.353231 0.934305  0.807300 0.601700 3 3 0.017925 17 0.045404 16 0.936671
0  34.247475 -1.889254 0.108879  -0.629103 -0.594752 0.500498  0.792600 0.548800 3 2 0.028501 16 0.958624 3 0.012874
0  34.820274 -2.599154 -0.014721  -0.450035 -0.582924 0.676511  0.830400 0.571800 2 16 0.905995 17 0.094005
v_heavyArms.tga.002
0  38.203674 1.445343 0.003478  0.228713 0.925507 0.301873  0.592200 0.780100 4 7 0.781111 4 0.123216 5 0.039502 8 0.056171
0  38.143673 1.510245 -0.001422  0.344937 0.215695 0.913507  0.591100 0.773000 3 4 0.308495 7 0.575055 5 0.116451
0  38.195171 1.426745 0.016278  0.200435 0.492389 0.846982  0.593200 0.778800 4 7 0.806268 4 0.123624 5 0.031867 8 0.038242
v_heavyArms.tga.002
0  36.010372 -2.007355 -0.060021  0.669346 -0.026860 0.742465  0.821300 0.639500 3 3 0.050378 16 0.795314 17 0.154308
0  35.263172 -2.035355 0.293679  0.047979 -0.353231 0.934305  0.807300 0.601700 3 3 0.017925 17 0.045404 16 0.936671
0  35.523071 -2.364455 0.115179  0.206762 -0.198551 0.958033  0.829800 0.609500 2 16 0.839049 17 0.160951
v_heavyArms.tga.002
0  35.523071 -2.364455 0.115179  0.206762 -0.198551 0.958033  0.829800 0.609500 2 16 0.839049 17 0.160951
0  36.081272 -2.224656 -0.132521  0.765025 -0.007313 0.643959  0.838800 0.640500 2 17 0.281611 16 0.718389
0  36.010372 -2.007355 -0.060021  0.669346 -0.026860 0.742465  0.821300 0.639500 3 3 0.050378 16 0.795314 17 0.154308
v_heavyArms.tga.002
0  41.510384 -1.177657 -0.937623  0.391473 0.835559 -0.385474  0.771425 0.963292 1 15 1.000000
0  41.123882 -1.064057 -0.720323  0.250544 0.941800 0.224142  0.757700 0.942800 1 15 1.000000
0  41.512882 -1.158856 -0.892923  0.492589 0.833750 0.249435  0.772300 0.960900 1 15 1.000000
v_heavyArms.tga.002
0  38.410873 0.384545 0.144278  0.411286 0.896167 0.166523  0.653200 0.783200 3 10 0.726456 11 0.058866 7 0.214678
0  38.228973 0.467844 0.563779  0.919351 -0.038060 0.391594  0.648500 0.766600 2 7 0.367372 10 0.632628
0  38.358273 0.306201 0.755783  0.365487 0.519855 0.772120  0.666300 0.768800 3 10 0.994226 11 0.003668 13 0.002106
v_heavyArms.tga.002
0  34.167072 1.648545 0.404679  -0.220496 0.883115 0.414114  0.572600 0.547500 3 2 0.183854 3 0.809432 7 0.006714
0  33.588772 0.969546 0.908979  -0.116621 0.439201 0.890787  0.618200 0.516500 2 3 0.211006 2 0.788994
0  34.455574 1.002844 0.970879  -0.067700 0.366585 0.927918  0.618500 0.562700 2 2 0.131596 3 0.868404
v_heavyArms.tga.002
0  40.208557 2.155649 -0.417432  0.742992 -0.345026 0.573516  0.538900 0.909200 1 6 1.000000
0  39.245998 2.447290 0.003196  0.289916 0.685286 0.668080  0.529028 0.834839 2 5 0.133140 6 0.866860
0  39.293362 1.931932 0.085774  0.494135 -0.439119 0.750337  0.554794 0.843182 2 5 0.180705 6 0.819295
v_heavyArms.tga.002
0  32.615273 1.947676 -0.144224  0.644917 0.763217 -0.039773  0.642600 0.089300 2 2 0.946043 3 0.053957
0  31.873573 2.041690 0.544887  0.286306 0.851279 0.439718  0.609900 0.138500 1 2 1.000000
0  32.612972 1.747780 0.437596  0.618537 0.692788 0.370752  0.603800 0.090300 2 2 0.949500 3 0.050500
v_heavyArms.tga.002
0  37.692371 2.402443 -0.014522  0.078136 0.741096 0.666837  0.521300 0.738000 2 4 0.986993 5 0.013007
0  37.350361 2.403650 0.005933  -0.029882 0.977362 0.209453  0.522042 0.717838 2 4 0.793994 3 0.206006
0  37.351448 2.381866 0.028483  0.044062 0.719207 0.693398  0.523757 0.718125 2 4 0.801120 3 0.198880
v_heavyArms.tga.002
0  41.291885 1.474127 -1.073797  0.120328 0.888036 -0.443748  0.400319 0.951862 1 9 1.000000
0  41.489563 1.411248 -1.019407  0.843239 0.464027 -0.271343  0.396048 0.961997 1 9 1.000000
0  41.434647 1.391558 -1.112316  0.620263 0.425446 -0.658992  0.394420 0.957185 1 9 1.000000
v_heavyArms.tga.002
0  33.576176 -1.162656 -0.477921  0.423301 -0.722423 -0.546737  0.277541 0.022127 3 16 0.214564 3 0.130801 2 0.654635
0  32.725075 -0.562956 -0.902121  0.045234 -0.284837 -0.957508  0.218900 0.087000 3 2 0.945584 3 0.020671 16 0.033745
0  33.577324 -0.562956 -0.902121  0.360507 -0.323005 -0.875045  0.220175 0.025200 3 16 0.131536 3 0.098012 2 0.770453
v_heavyArms.tga.002
0  37.569473 -4.331955 -0.353521  0.830322 0.156413 0.534883  0.979700 0.668100 2 18 0.997473 17 0.002527
0  37.183186 -3.436824 -0.650339  0.863356 0.504274 0.017978  0.944668 0.682226 2 18 0.869993 17 0.130007
0  37.116753 -3.481108 -0.313206  0.720411 0.384913 0.576931  0.938945 0.668899 2 17 0.159592 18 0.840408
v_heavyArms.tga.002
0  33.591797 -1.366511 0.180816  0.808771 -0.552605 0.201289  0.331518 0.018799 3 16 0.305649 3 0.120738 2 0.573613
0  33.594429 -1.144322 -0.467677  0.895231 -0.352622 -0.272433  0.277233 0.019391 3 16 0.301148 3 0.186205 2 0.512648
0  33.606472 -1.025355 -0.420021  0.995949 -0.068990 -0.057678  0.274200 0.009600 3 16 0.338174 3 0.196940 2 0.464886
v_heavyArms.tga.002
0  32.612972 1.747780 0.437596  0.618537 0.692788 0.370752  0.603800 0.090300 2 2 0.949500 3 0.050500
0  31.881073 1.368375 1.475558  0.299635 0.489432 0.818948  0.548300 0.142900 1 2 1.000000
0  32.619274 1.201782 1.219461  0.672647 0.389637 0.629070  0.545800 0.098800 2 2 0.976440 3 0.023560
v_heavyArms.tga.002
0  41.482414 1.050748 -1.081780  0.779521 -0.263781 -0.568125  0.387350 0.959273 1 9 1.000000
0  41.353176 0.879463 -0.955882  0.087517 -0.783274 -0.615486  0.376953 0.956764 1 9 1.000000
0  41.326759 0.961121 -1.063067  0.222691 -0.863164 -0.453162  0.381892 0.952985 1 9 1.000000
v_heavyArms.tga.002
0  36.634232 -3.804315 -0.034182  0.019106 -0.289659 0.956939  0.937852 0.640508 2 17 0.196041 18 0.803959
0  36.640755 -3.623678 0.038175  0.236993 -0.104038 0.965925  0.929415 0.643419 2 17 0.832742 18 0.167258
0  36.325909 -3.874341 -0.176779  -0.484498 -0.614280 0.622834  0.937679 0.627491 2 17 0.817228 18 0.182772
v_heavyArms.tga.002
0  36.325909 -3.874341 -0.176779  -0.484498 -0.614280 0.622834  0.937679 0.627491 2 17 0.817228 18 0.182772
0  36.416813 -3.961982 -0.191565  -0.519139 -0.602037 0.606668  0.942975 0.630084 2 17 0.151151 18 0.848849
0  36.634232 -3.804315 -0.034182  0.019106 -0.289659 0.956939  0.937852 0.640508 2 17 0.196041 18 0.803959
v_heavyArms.tga.002
0  34.820274 -2.599154 -0.014721  -0.450035 -0.582924 0.676511  0.830400 0.571800 2 16 0.905995 17 0.094005
0  34.023972 -1.800755 -0.299721  -0.799392 -0.593666 0.092369  0.800100 0.527500 3 2 0.052885 16 0.945486 3 0.001630
0  34.560173 -2.627455 -0.567621  -0.737033 -0.671881 0.073207  0.842700 0.546800 2 16 0.904625 17 0.095375
v_heavyArms.tga.002
0  37.937172 2.406643 -0.059422  0.080716 0.755449 0.650217  0.518700 0.752900 2 4 0.905398 5 0.094602
0  37.684074 2.423443 -0.036922  -0.010897 0.983064 0.182940  0.519600 0.737600 2 4 0.976485 5 0.023515
0  37.692371 2.402443 -0.014522  0.078136 0.741096 0.666837  0.521300 0.738000 2 4 0.986993 5 0.013007
v_heavyArms.tga.002
0  34.455574 1.002844 0.970879  -0.067700 0.366585 0.927918  0.618500 0.562700 2 2 0.131596 3 0.868404
0  36.647873 2.287445 0.482778  -0.133367 0.790907 0.597227  0.547900 0.681400 1 3 1.000000
0  34.167072 1.648545 0.404679  -0.220496 0.883115 0.414114  0.572600 0.547500 3 2 0.183854 3 0.809432 7 0.006714
v_heavyArms.tga.002
0  36.643120 -3.609453 -1.280343  0.092665 -0.038797 -0.994941  0.103075 0.655077 2 17 0.861719 18 0.138281
0  36.332409 -3.998452 -0.955210  -0.554393 -0.641406 -0.530327  0.079304 0.628203 2 17 0.160948 18 0.839052
0  36.225487 -3.911655 -0.964216  -0.532224 -0.666207 -0.522404  0.086942 0.622751 2 17 0.861685 18 0.138315
v_heavyArms.tga.002
0  40.091164 -0.385183 -0.837868  -0.085792 -0.489105 -0.867996  0.306259 0.900495 2 11 0.731809 12 0.268191
0  39.097130 -0.648355 -0.307989  0.009349 -0.965461 -0.260381  0.297720 0.840617 3 11 0.794846 12 0.018305 10 0.186849
0  39.076260 -0.423002 -0.749378  -0.043111 -0.521069 -0.852425  0.313081 0.841570 3 11 0.771254 12 0.047714 10 0.181032
v_heavyArms.tga.002
0  37.569473 -4.331955 -0.353521  0.830322 0.156413 0.534883  0.979700 0.668100 2 18 0.997473 17 0.002527
0  37.116753 -3.481108 -0.313206  0.720411 0.384913 0.576931  0.938945 0.668899 2 17 0.159592 18 0.840408
0  36.634232 -3.804315 -0.034182  0.019106 -0.289659 0.956939  0.937852 0.640508 2 17 0.196041 18 0.803959
v_heavyArms.tga.002
0  36.634232 -3.804315 -0.034182  0.019106 -0.289659 0.956939  0.937852 0.640508 2 17 0.196041 18 0.803959
0  37.481274 -4.770157 -0.235421  0.573848 -0.497272 0.650707  0.986100 0.658200 1 18 1.000000
0  37.569473 -4.331955 -0.353521  0.830322 0.156413 0.534883  0.979700 0.668100 2 18 0.997473 17 0.002527
v_heavyArms.tga.002
0  37.481274 -4.770157 -0.235421  0.573848 -0.497272 0.650707  0.986100 0.658200 1 18 1.000000
0  36.634232 -3.804315 -0.034182  0.019106 -0.289659 0.956939  0.937852 0.640508 2 17 0.196041 18 0.803959
0  36.416813 -3.961982 -0.191565  -0.519139 -0.602037 0.606668  0.942975 0.630084 2 17 0.151151 18 0.848849
v_heavyArms.tga.002
0  36.416813 -3.961982 -0.191565  -0.519139 -0.602037 0.606668  0.942975 0.630084 2 17 0.151151 18 0.848849
0  37.215073 -4.825455 -0.225421  -0.209244 -0.661887 0.719807  0.984500 0.650800 1 18 1.000000
0  37.481274 -4.770157 -0.235421  0.573848 -0.497272 0.650707  0.986100 0.658200 1 18 1.000000
v_heavyArms.tga.002
0  36.941273 -4.672257 -0.577721  -0.672867 -0.726398 0.139988  0.984900 0.639500 2 18 0.982475 17 0.017525
0  37.215073 -4.825455 -0.225421  -0.209244 -0.661887 0.719807  0.984500 0.650800 1 18 1.000000
0  36.416813 -3.961982 -0.191565  -0.519139 -0.602037 0.606668  0.942975 0.630084 2 17 0.151151 18 0.848849
v_heavyArms.tga.002
0  36.416813 -3.961982 -0.191565  -0.519139 -0.602037 0.606668  0.942975 0.630084 2 17 0.151151 18 0.848849
0  36.275383 -3.987229 -0.620304  -0.668484 -0.737755 0.094058  0.958963 0.617606 2 17 0.206787 18 0.793213
0  36.941273 -4.672257 -0.577721  -0.672867 -0.726398 0.139988  0.984900 0.639500 2 18 0.982475 17 0.017525
v_heavyArms.tga.002
0  38.554665 1.644273 -0.162622  0.215002 -0.975920 0.036807  0.431360 0.813671 3 5 0.809365 4 0.154046 6 0.036589
0  39.141369 1.766489 -0.440113  0.221426 -0.974314 -0.041016  0.446546 0.853896 3 6 0.250205 4 0.019963 5 0.729832
0  39.160679 1.773914 -0.301016  0.224777 -0.974210 0.019759  0.440250 0.857013 3 5 0.804271 4 0.008240 6 0.187489
v_heavyArms.tga.002
0  39.046398 1.366953 -0.706811  -0.163979 0.528936 -0.832669  0.409754 0.846091 3 7 0.150252 9 0.029275 8 0.820473
0  40.142212 0.813425 -0.927087  -0.100102 -0.611281 -0.785057  0.378838 0.897424 2 8 0.755539 9 0.244461
0  39.090736 0.725319 -0.736528  -0.080605 -0.545086 -0.834496  0.382922 0.840394 3 7 0.155420 8 0.816492 9 0.028088
v_heavyArms.tga.002
0  37.561172 -4.349957 -0.797421  0.910101 0.119853 -0.396676  0.044600 0.701100 1 18 1.000000
0  37.527473 -4.825657 -0.684521  0.751767 -0.620481 -0.223271  0.019500 0.689800 1 18 1.000000
0  37.378773 -4.635457 -1.068721  0.379183 -0.391758 -0.838299  0.038200 0.681100 1 18 1.000000
v_heavyArms.tga.002
0  40.589622 0.714306 -0.572501  0.433603 -0.739138 0.515426  0.630684 0.928261 2 9 0.886884 8 0.113116
0  40.288620 0.707204 -0.515102  -0.069931 -0.870740 -0.486745  0.634887 0.909071 2 8 0.174264 9 0.825736
0  41.353176 0.879463 -0.955882  -0.153489 -0.362038 -0.919440  0.616197 0.969448 1 9 1.000000
v_heavyArms.tga.002
0  40.237835 0.376863 -0.346123  -0.281088 0.324008 -0.903332  0.659251 0.893002 2 12 0.850336 11 0.149664
0  41.487774 0.354744 -0.752123  0.137873 0.920340 -0.366013  0.664450 0.965851 1 12 1.000000
0  41.479973 0.332344 -0.757623  -0.287182 0.321626 -0.902266  0.663546 0.966411 1 12 1.000000
v_heavyArms.tga.002
0  37.285473 -4.952057 -0.486721  -0.118390 -0.983560 0.136359  0.004800 0.677500 1 18 1.000000
0  37.220074 -4.881455 -0.674521  -0.236574 -0.940712 -0.243093  0.016500 0.672800 1 18 1.000000
0  37.527473 -4.825657 -0.684521  0.751767 -0.620481 -0.223271  0.019500 0.689800 1 18 1.000000
v_heavyArms.tga.002
0  37.527473 -4.825657 -0.684521  0.751767 -0.620481 -0.223271  0.019500 0.689800 1 18 1.000000
0  37.507973 -4.802254 -0.495621  0.819525 -0.544103 0.179806  0.013600 0.695900 1 18 1.000000
0  37.285473 -4.952057 -0.486721  -0.118390 -0.983560 0.136359  0.004800 0.677500 1 18 1.000000
v_heavyArms.tga.002
0  40.156090 1.555044 -0.472020  0.219795 0.742437 0.632832  0.573445 0.891236 2 9 0.120186 8 0.879814
0  39.108936 1.540556 -0.118006  -0.018388 0.997097 0.073890  0.580495 0.825577 2 7 0.128815 8 0.871185
0  39.119293 1.526463 -0.099920  0.147826 0.819315 0.553958  0.582012 0.826184 2 7 0.128848 8 0.871152
v_heavyArms.tga.002
0  35.240471 -2.012854 0.324379  0.008713 -0.601549 0.798788  0.805500 0.601300 3 3 0.039602 17 0.038657 16 0.921741
0  34.247475 -1.889254 0.108879  -0.681309 -0.369187 0.632074  0.792600 0.548800 3 2 0.028501 16 0.958624 3 0.012874
0  35.263172 -2.035355 0.293679  0.188986 -0.720139 0.667596  0.807300 0.601700 3 3 0.017925 17 0.045404 16 0.936671
v_heavyArms.tga.002
0  36.941273 -4.672257 -0.577721  -0.672867 -0.726398 0.139988  0.021200 0.649400 2 18 0.982475 17 0.017525
0  37.034172 -4.779355 -0.858221  -0.436964 -0.789123 -0.431680  0.029600 0.661300 1 18 1.000000
0  37.220074 -4.881455 -0.674521  -0.236574 -0.940712 -0.243093  0.016500 0.672800 1 18 1.000000
v_heavyArms.tga.002
0  36.294971 -2.479256 -0.945921  0.652830 0.508773 -0.561215  0.177800 0.660300 2 16 0.129255 17 0.870745
0  36.643120 -3.609453 -1.280343  0.092665 -0.038797 -0.994941  0.103075 0.655077 2 17 0.861719 18 0.138281
0  35.822372 -2.867055 -1.308521  0.041576 -0.041781 -0.998261  0.159900 0.620800 2 16 0.122825 17 0.877175
v_heavyArms.tga.002
0  36.146374 -2.203355 -0.483121  0.969579 0.179884 0.166010  0.204100 0.679400 2 16 0.699636 17 0.300364
0  36.179073 -2.228955 -0.894921  0.676529 0.493137 -0.546923  0.194800 0.657800 2 17 0.289995 16 0.710005
0  36.184074 -2.094655 -0.778721  0.932222 0.136350 -0.335218  0.204700 0.661800 3 3 0.038433 17 0.168303 16 0.793264
v_heavyArms.tga.002
0  36.184074 -2.094655 -0.778721  0.932222 0.136350 -0.335218  0.204700 0.661800 3 3 0.038433 17 0.168303 16 0.793264
0  36.141373 -2.033955 -0.433321  0.981682 0.028497 0.188381  0.212200 0.679000 3 3 0.046946 17 0.210694 16 0.742359
0  36.146374 -2.203355 -0.483121  0.969579 0.179884 0.166010  0.204100 0.679400 2 16 0.699636 17 0.300364
v_heavyArms.tga.002
0  37.977272 -0.674455 -0.720713  0.323146 -0.014411 -0.946240  0.312300 0.770500 4 14 0.020701 13 0.258251 10 0.690138 11 0.030910
0  38.223911 -0.918310 -0.740885  0.207948 0.496775 -0.842598  0.260500 0.782300 3 14 0.115091 13 0.634516 10 0.250393
0  38.120110 -1.630611 -0.819216  0.007369 -0.375458 -0.926810  0.230700 0.777400 3 13 0.813121 14 0.087401 10 0.099479
v_heavyArms.tga.002
0  38.369473 -0.783056 -0.210534  0.424521 0.901369 -0.085536  0.276500 0.791200 4 13 0.581919 14 0.092884 10 0.311850 11 0.013347
0  38.223911 -0.918310 -0.740885  0.207948 0.496775 -0.842598  0.260500 0.782300 3 14 0.115091 13 0.634516 10 0.250393
0  37.977272 -0.674455 -0.720713  0.323146 -0.014411 -0.946240  0.312300 0.770500 4 14 0.020701 13 0.258251 10 0.690138 11 0.030910
v_heavyArms.tga.002
0  37.977272 -0.674455 -0.720713  0.323146 -0.014411 -0.946240  0.312300 0.770500 4 14 0.020701 13 0.258251 10 0.690138 11 0.030910
0  38.298073 -0.721056 -0.276691  0.832617 -0.281955 -0.476709  0.291700 0.784100 4 10 0.511006 13 0.376267 14 0.056960 11 0.055767
0  38.369473 -0.783056 -0.210534  0.424521 0.901369 -0.085536  0.276500 0.791200 4 13 0.581919 14 0.092884 10 0.311850 11 0.013347
v_heavyArms.tga.002
0  38.454235 0.283647 -0.799034  0.234794 0.446668 -0.863342  0.343400 0.800500 2 10 0.866411 11 0.133589
0  38.202335 -0.427352 -0.795994  -0.089674 -0.311422 -0.946031  0.320500 0.783600 2 10 0.881587 11 0.118413
0  37.977272 -0.674455 -0.720713  0.323146 -0.014411 -0.946240  0.312300 0.770500 4 14 0.020701 13 0.258251 10 0.690138 11 0.030910
v_heavyArms.tga.002
0  37.977272 -0.674455 -0.720713  0.323146 -0.014411 -0.946240  0.312300 0.770500 4 14 0.020701 13 0.258251 10 0.690138 11 0.030910
0  38.237175 0.464844 -0.826509  0.300052 0.032768 -0.953360  0.362800 0.781500 3 10 0.946698 8 0.014119 11 0.039183
0  38.454235 0.283647 -0.799034  0.234794 0.446668 -0.863342  0.343400 0.800500 2 10 0.866411 11 0.133589
v_heavyArms.tga.002
0  37.822571 1.431444 -0.768903  0.346993 0.108951 -0.931518  0.421900 0.769700 3 7 0.733595 4 0.196194 5 0.070211
0  37.981949 1.604481 -0.638926  0.576702 -0.425551 -0.697367  0.445100 0.778900 3 4 0.498256 5 0.176871 7 0.324873
0  38.070972 1.541344 -0.375574  0.588969 -0.761731 -0.269964  0.438500 0.783900 3 4 0.390737 5 0.169915 7 0.439348
v_heavyArms.tga.002
0  38.070972 1.541344 -0.375574  0.588969 -0.761731 -0.269964  0.438500 0.783900 3 4 0.390737 5 0.169915 7 0.439348
0  38.019371 1.465245 -0.403762  0.909968 0.081098 -0.406672  0.423200 0.776200 4 4 0.274795 7 0.597896 8 0.014271 5 0.113038
0  37.822571 1.431444 -0.768903  0.346993 0.108951 -0.931518  0.421900 0.769700 3 7 0.733595 4 0.196194 5 0.070211
v_heavyArms.tga.002
0  40.176399 -1.835718 -0.004852  0.193223 -0.717045 0.669710  0.794142 0.861871 2 15 0.069007 14 0.930993
0  38.992355 -1.928394 -0.325037  0.028059 -0.991780 0.124838  0.815116 0.809021 3 15 0.020235 14 0.770734 13 0.209032
0  40.094902 -1.916830 -0.522685  0.041609 -0.988080 0.148211  0.815676 0.864974 3 13 0.002369 15 0.224087 14 0.773544
v_heavyArms.tga.002
0  37.981949 1.604481 -0.638926  0.576702 -0.425551 -0.697367  0.445100 0.778900 3 4 0.498256 5 0.176871 7 0.324873
0  37.822571 1.431444 -0.768903  0.346993 0.108951 -0.931518  0.421900 0.769700 3 7 0.733595 4 0.196194 5 0.070211
0  37.941750 2.266984 -0.745373  -0.023656 0.525150 -0.850681  0.475100 0.773200 2 4 0.831169 5 0.168831
v_heavyArms.tga.002
0  40.224827 1.513550 -0.755401  -0.072263 0.935399 -0.346131  0.412743 0.904547 2 8 0.122773 9 0.877227
0  41.257645 1.363522 -1.223526  0.114972 0.383497 -0.916358  0.395020 0.953487 1 9 1.000000
0  40.188030 1.367238 -0.979438  -0.202440 0.445452 -0.872118  0.404023 0.903742 2 8 0.116652 9 0.883348
v_heavyArms.tga.002
0  36.640755 -3.623678 0.038175  0.236993 -0.104038 0.965925  0.929415 0.643419 2 17 0.832742 18 0.167258
0  37.116753 -3.481108 -0.313206  0.720411 0.384913 0.576931  0.938945 0.668899 2 17 0.159592 18 0.840408
0  37.007847 -3.343081 -0.291269  0.644524 0.512484 0.567405  0.930648 0.666488 2 17 0.846738 18 0.153262
v_heavyArms.tga.002
0  39.245998 2.447290 0.003196  0.289916 0.685286 0.668080  0.529028 0.834839 2 5 0.133140 6 0.866860
0  40.082874 2.536045 -0.703023  0.197466 0.964608 0.174750  0.512300 0.902600 1 6 1.000000
0  39.205929 2.532230 -0.357398  0.067455 0.972789 0.221657  0.512770 0.836260 2 5 0.100516 6 0.899484
v_heavyArms.tga.002
0  38.437973 0.513745 0.045775  0.292570 -0.938617 -0.182760  0.645300 0.792800 2 7 0.934917 8 0.065083
0  39.039043 0.580802 -0.100252  -0.105826 -0.699064 -0.707185  0.644864 0.827450 2 8 0.278030 7 0.721970
0  39.047131 0.555005 -0.075892  0.058217 -0.996030 -0.067342  0.643387 0.827233 2 8 0.259298 7 0.740702
v_heavyArms.tga.002
0  37.043922 -3.314170 -0.929045  0.686220 0.502878 -0.525562  0.113356 0.689697 2 17 0.849428 18 0.150572
0  37.183186 -3.436824 -0.650339  0.863356 0.504274 0.017978  0.105653 0.709580 2 18 0.869993 17 0.130007
0  37.132889 -3.450122 -0.915068  0.759359 0.383269 -0.525812  0.103088 0.692834 2 18 0.873894 17 0.126106
v_heavyArms.tga.002
0  39.112907 -0.568840 0.555222  0.250919 -0.634582 0.730990  0.705634 0.806352 2 11 0.755020 10 0.244980
0  40.205654 0.236092 0.183051  0.283030 0.583609 0.761114  0.677352 0.884543 2 12 0.086443 11 0.913557
0  39.138844 0.271803 0.544058  0.262206 0.605042 0.751779  0.672495 0.810330 2 10 0.211616 11 0.788384
v_heavyArms.tga.002
0  40.340694 1.480447 -0.019953  0.348290 0.675662 0.649750  0.590038 0.894823 2 8 0.173651 9 0.826349
0  41.508041 0.977162 -0.628995  0.766955 -0.456854 0.450626  0.605688 0.962258 1 9 1.000000
0  41.458702 1.460272 -0.627691  0.676660 0.597561 0.430176  0.583809 0.957208 1 9 1.000000
v_heavyArms.tga.002
0  38.018948 2.389486 0.368345  0.126731 0.753046 0.645647  0.538900 0.754100 2 4 0.988594 5 0.011406
0  37.692371 2.402443 -0.014522  -0.031038 0.998459 0.045994  0.521300 0.738000 2 4 0.986993 5 0.013007
0  37.671772 2.379345 0.447978  0.082597 0.761259 0.643166  0.541400 0.736300 3 4 0.981199 7 0.018610 3 0.000191
v_heavyArms.tga.002
0  37.217022 -1.920953 -0.684227  0.123541 -0.836840 -0.533326  0.221046 0.733224 4 13 0.586730 10 0.035637 16 0.081113 3 0.296520
0  36.164173 -1.565154 -0.940121  0.200604 -0.175415 -0.963840  0.247700 0.666600 3 3 0.646300 16 0.330715 17 0.022985
0  37.221371 -1.600132 -0.875514  0.059896 -0.248587 -0.966756  0.238616 0.725808 4 10 0.061512 3 0.438448 16 0.061591 13 0.438448
v_heavyArms.tga.002
0  36.477573 2.336846 -0.137922  -0.171798 0.966982 -0.188233  0.492300 0.682200 1 3 1.000000
0  37.148697 2.380943 -0.002570  -0.059561 0.998024 0.020028  0.507250 0.718699 2 4 0.699261 3 0.300739
0  37.152328 2.386245 -0.185693  -0.092618 0.977781 -0.188060  0.496370 0.720407 2 3 0.346481 4 0.653519
v_heavyArms.tga.002
0  40.224827 1.513550 -0.755401  -0.072263 0.935399 -0.346131  0.412639 0.904480 2 8 0.122773 9 0.877227
0  41.311588 1.486420 -1.019138  0.191046 0.940591 -0.280697  0.399825 0.955756 1 9 1.000000
0  41.291885 1.474127 -1.073797  0.120328 0.888036 -0.443748  0.397683 0.953868 1 9 1.000000
v_heavyArms.tga.002
0  37.116753 -3.481108 -0.313206  0.720411 0.384913 0.576931  0.938945 0.668899 2 17 0.159592 18 0.840408
0  37.085377 -3.300066 -0.646216  0.775846 0.628857 0.051001  0.935981 0.681551 2 17 0.846187 18 0.153813
0  37.007847 -3.343081 -0.291269  0.644524 0.512484 0.567405  0.930648 0.666488 2 17 0.846738 18 0.153262
v_heavyArms.tga.002
0  32.619274 1.201782 1.219461  0.672647 0.389637 0.629070  0.545800 0.098800 2 2 0.976440 3 0.023560
0  31.894772 0.072894 1.587962  0.248969 -0.028395 0.968095  0.478200 0.142000 1 2 1.000000
0  32.630875 0.104638 1.448681  0.636859 0.008972 0.770928  0.477400 0.100200 1 2 1.000000
v_heavyArms.tga.002
0  40.142212 0.813425 -0.927087  -0.100102 -0.611281 -0.785057  0.378838 0.897424 2 8 0.755539 9 0.244461
0  39.145744 0.602883 -0.432531  0.076961 -0.975412 -0.206517  0.373425 0.842118 3 7 0.149142 8 0.846514 9 0.004344
0  39.090736 0.725319 -0.736528  -0.080605 -0.545086 -0.834496  0.382922 0.840394 3 7 0.155420 8 0.816492 9 0.028088
v_heavyArms.tga.002
0  32.628372 -1.205236 1.136791  0.673861 -0.465235 0.573992  0.397300 0.106300 3 2 0.996752 3 0.001691 16 0.001557
0  31.885273 -2.053972 0.014120  0.332755 -0.943013 -0.000658  0.322500 0.148700 1 2 1.000000
0  32.622871 -1.670617 0.111685  0.667955 -0.744124 0.010751  0.327600 0.099600 3 2 0.963104 3 0.000783 16 0.036113
v_heavyArms.tga.002
0  38.089973 -1.894856 -0.308122  0.022919 -0.995467 0.092300  0.819100 0.753600 2 13 0.942094 14 0.057906
0  38.138298 -1.817440 0.541511  0.141579 -0.745353 0.651463  0.782600 0.751500 1 13 1.000000
0  37.568375 -1.857957 0.606879  0.094408 -0.769682 0.631408  0.777800 0.723800 2 13 0.999050 3 0.000950
v_heavyArms.tga.002
0  40.080826 -1.108918 -0.962811  -0.082380 0.681875 -0.726815  0.252008 0.871420 3 14 0.683476 13 0.009506 15 0.307018
0  39.124229 -0.927926 -0.419045  0.073386 0.979045 -0.189962  0.267851 0.834466 3 15 0.036144 14 0.812040 13 0.151816
0  40.134232 -1.041769 -0.659221  0.049718 0.974102 -0.220575  0.260980 0.874119 2 15 0.249455 14 0.750545
v_heavyArms.tga.002
0  37.975220 1.288278 -0.695523  0.519177 0.605241 -0.603438  0.407700 0.788300 3 7 0.898188 5 0.017662 8 0.084150
0  38.982220 0.711496 -0.725735  0.069882 -0.534737 -0.842124  0.383007 0.834164 2 7 0.610503 8 0.389497
0  38.411221 0.614178 -0.770814  0.355640 -0.369050 -0.858675  0.381700 0.799600 2 7 0.839731 8 0.160269
v_heavyArms.tga.002
0  41.510384 -1.177657 -0.937623  0.325067 0.936001 -0.135029  0.251100 0.943800 1 15 1.000000
0  41.121834 -1.164714 -0.998962  0.048532 0.974839 -0.217564  0.253164 0.924004 1 15 1.000000
0  41.122986 -1.101357 -0.769423  0.037862 0.963273 -0.265842  0.263673 0.926736 1 15 1.000000
v_heavyArms.tga.002
0  38.269772 -0.721555 0.109278  0.161355 0.535547 -0.828947  0.721700 0.773800 4 10 0.457264 13 0.482286 14 0.032992 11 0.027458
0  38.369873 -0.786855 0.065278  0.265595 0.927378 -0.263496  0.724900 0.775300 3 13 0.692432 14 0.079336 10 0.228232
0  38.337471 -0.817557 0.056378  -0.152410 0.422788 -0.893320  0.723400 0.775700 3 13 0.681512 14 0.077882 10 0.240606
v_heavyArms.tga.002
0  31.894772 0.681112 -1.475026  0.256868 0.125566 -0.958255  0.143000 0.147100 1 2 1.000000
0  30.591572 2.084538 -1.220409  0.116165 0.673609 -0.729902  0.075300 0.214800 1 2 1.000000
0  31.875172 1.867830 -1.071701  0.279129 0.645439 -0.710982  0.078800 0.151000 1 2 1.000000
v_heavyArms.tga.002
0  38.972549 -0.425081 -0.748190  0.044632 -0.527158 -0.848594  0.313875 0.835091 2 10 0.618312 11 0.381688
0  38.400173 -0.686256 -0.254371  0.185160 -0.965057 -0.185422  0.301500 0.796200 3 10 0.862357 11 0.130621 14 0.007022
0  38.202335 -0.427352 -0.795994  -0.089674 -0.311422 -0.946031  0.320500 0.783600 2 10 0.881587 11 0.118413
v_heavyArms.tga.002
0  34.017273 -1.721455 -0.739121  -0.301268 -0.746134 -0.593735  0.244100 0.530300 2 2 0.035870 16 0.964130
0  33.990574 -1.780555 -0.286421  -0.811069 -0.569352 0.134189  0.235800 0.506000 3 2 0.078532 16 0.901391 3 0.020077
0  33.985672 -1.702355 -0.748020  -0.691217 -0.374289 -0.618164  0.245900 0.529600 3 2 0.067491 3 0.015295 16 0.917215
v_heavyArms.tga.002
0  34.478672 -0.754856 0.863479  -0.098593 -0.381399 0.919138  0.714600 0.561400 3 2 0.085001 3 0.766242 16 0.148758
0  36.769772 0.316844 1.170679  0.090179 0.070983 0.993393  0.658800 0.683900 1 3 1.000000
0  34.460575 0.122844 1.081078  -0.024958 -0.063593 0.997664  0.666000 0.562000 3 2 0.103733 3 0.874701 16 0.021566
v_heavyArms.tga.002
0  41.127186 -1.874156 -0.882623  -0.150250 -0.657950 -0.737920  0.822400 0.933100 1 15 1.000000
0  41.485683 -1.840756 -0.959422  0.466958 -0.879187 -0.094763  0.813600 0.952400 1 15 1.000000
0  41.142681 -1.914956 -0.849123  0.108671 -0.993183 -0.042162  0.819500 0.933000 1 15 1.000000
v_heavyArms.tga.002
0  41.372124 0.882477 -0.935957  0.364532 -0.921835 0.131671  0.613604 0.968193 1 9 1.000000
0  40.375992 0.846773 0.017802  0.451987 -0.547795 0.704009  0.618646 0.899635 2 9 0.835187 8 0.164813
0  40.292118 0.709639 -0.457369  0.242055 -0.942754 0.229398  0.631115 0.907327 2 8 0.181530 9 0.818470
v_heavyArms.tga.002
0  41.470081 -1.762557 -1.152522  0.414627 -0.863017 -0.288592  0.222300 0.937000 1 15 1.000000
0  41.127186 -1.874156 -0.882623  0.056015 -0.981093 -0.185254  0.208500 0.921900 1 15 1.000000
0  41.065685 -1.825856 -1.145823  0.008513 -0.915600 -0.402001  0.219700 0.919800 1 15 1.000000
v_heavyArms.tga.002
0  41.377644 0.229174 -1.113798  -0.014948 0.553029 -0.833028  0.332000 0.968100 1 12 1.000000
0  41.708172 -0.273355 -1.097822  0.347548 -0.106016 -0.931650  0.309000 0.979000 1 12 1.000000
0  41.379044 -0.356026 -1.107099  -0.090432 -0.378447 -0.921195  0.304000 0.966700 1 12 1.000000
v_heavyArms.tga.002
0  40.184174 0.737122 -0.693126  0.060721 -0.966182 -0.250610  0.371405 0.897691 2 8 0.806815 9 0.193185
0  39.147030 0.590120 -0.129620  0.089799 -0.994651 -0.051042  0.361486 0.841553 2 7 0.153819 8 0.846181
0  39.145744 0.602883 -0.432531  0.076961 -0.975412 -0.206517  0.373425 0.842118 3 7 0.149142 8 0.846514 9 0.004344
v_heavyArms.tga.002
0  33.606472 -1.025355 -0.420021  0.995949 -0.068990 -0.057678  0.274200 0.009600 3 16 0.338174 3 0.196940 2 0.464886
0  33.603672 -1.099854 -0.141121  0.998855 -0.047762 -0.002734  0.299600 0.006200 3 2 0.447394 3 0.132738 16 0.419868
0  33.591797 -1.366511 0.180816  0.808771 -0.552605 0.201289  0.332326 0.018374 3 16 0.305649 3 0.120738 2 0.573613
v_heavyArms.tga.002
0  36.285072 2.091545 -0.585022  -0.093407 0.613433 -0.784204  0.462100 0.675700 2 3 0.995446 2 0.004554
0  37.171005 1.332718 -0.776005  -0.053283 0.075473 -0.995723  0.415540 0.730572 3 3 0.572486 4 0.098429 7 0.329085
0  36.293472 1.197045 -0.783252  -0.009500 0.138113 -0.990371  0.406800 0.676800 3 3 0.979661 2 0.000974 7 0.019365
v_heavyArms.tga.002
0  31.890774 -0.653944 -1.347795  0.195168 -0.250144 -0.948334  0.215500 0.146100 1 2 1.000000
0  30.625973 0.738531 -1.678611  0.100038 0.118360 -0.987919  0.143000 0.211500 1 2 1.000000
0  31.894772 0.681112 -1.475026  0.256868 0.125566 -0.958255  0.143000 0.147100 1 2 1.000000
v_heavyArms.tga.002
0  33.956871 0.437544 -0.758824  0.076136 0.137172 -0.987617  0.372200 0.537400 3 2 0.092329 3 0.811648 16 0.096023
0  36.245472 -0.480156 -0.949328  0.063827 0.081178 -0.994654  0.304500 0.670000 3 3 0.817021 13 0.020007 16 0.162973
0  34.015175 -0.417455 -0.862626  -0.104674 0.014770 -0.994397  0.319800 0.536500 3 2 0.031616 3 0.525782 16 0.442602
v_heavyArms.tga.002
0  32.612972 1.747780 0.437596  0.618537 0.692788 0.370752  0.603800 0.090300 2 2 0.949500 3 0.050500
0  32.715672 1.784745 -0.190421  0.773937 0.567044 -0.281927  0.642700 0.077500 2 2 0.916855 3 0.083145
0  32.615273 1.947676 -0.144224  0.644917 0.763217 -0.039773  0.642600 0.089300 2 2 0.946043 3 0.053957
v_heavyArms.tga.002
0  33.585571 1.215145 -0.590421  0.999954 0.009583 -0.000849  0.091900 0.024400 2 2 0.724501 3 0.275499
0  33.585484 1.719707 -0.201083  0.906941 0.401801 -0.126545  0.048809 0.031554 2 3 0.260771 2 0.739229
0  33.586174 1.596646 -0.179321  0.999985 0.005430 -0.001141  0.053300 0.024300 2 3 0.299102 2 0.700898
v_heavyArms.tga.002
0  40.206505 0.258743 -0.866625  -0.148047 0.575038 -0.804620  0.334613 0.908399 2 12 0.907727 11 0.092273
0  41.483273 0.332944 -0.858223  0.188982 0.962229 -0.195965  0.338700 0.975900 1 12 1.000000
0  41.377644 0.229174 -1.113798  -0.014948 0.553029 -0.833028  0.332000 0.968100 1 12 1.000000
v_heavyArms.tga.002
0  36.212372 -2.535558 -0.283221  0.711085 0.390235 0.584871  0.864800 0.646600 2 16 0.122412 17 0.877588
0  36.146374 -2.203355 -0.483121  0.969579 0.179884 0.166010  0.852000 0.656700 2 16 0.699636 17 0.300364
0  36.081272 -2.224656 -0.132521  0.765025 -0.007313 0.643959  0.838800 0.640500 2 17 0.281611 16 0.718389
v_heavyArms.tga.002
0  37.481274 -4.770157 -0.235421  0.573848 -0.497272 0.650707  0.986100 0.658200 1 18 1.000000
0  37.602371 -4.315255 -0.555620  0.989636 0.143446 -0.006634  0.985900 0.673000 1 18 1.000000
0  37.569473 -4.331955 -0.353521  0.830322 0.156413 0.534883  0.979700 0.668100 2 18 0.997473 17 0.002527
v_heavyArms.tga.002
0  32.630875 0.104638 1.448681  0.636859 0.008972 0.770928  0.477400 0.100200 1 2 1.000000
0  31.891872 -1.310088 1.371126  0.281304 -0.545058 0.789798  0.402900 0.148000 1 2 1.000000
0  32.628372 -1.205236 1.136791  0.673861 -0.465235 0.573992  0.397300 0.106300 3 2 0.996752 3 0.001691 16 0.001557
v_heavyArms.tga.002
0  38.375214 0.633987 0.794773  0.324255 -0.402785 0.855934  0.634700 0.773400 1 7 1.000000
0  38.341473 0.476545 0.088178  0.947541 -0.231055 0.220860  0.648100 0.785900 4 7 0.721129 10 0.240172 8 0.009059 11 0.029639
0  38.414371 0.538144 0.089678  0.386926 -0.907776 0.161958  0.644200 0.791000 2 7 0.946098 8 0.053902
v_heavyArms.tga.002
0  40.235874 2.146744 -0.818623  0.781674 -0.400159 -0.478392  0.475800 0.913400 1 6 1.000000
0  40.120575 2.053044 -0.689623  0.470886 -0.858577 -0.202759  0.468700 0.912800 1 6 1.000000
0  40.108173 2.061844 -0.760823  0.482584 -0.855049 -0.189748  0.470600 0.910000 1 6 1.000000
v_heavyArms.tga.002
0  40.303890 0.233329 0.146880  0.306086 0.580010 0.754917  0.677610 0.890634 2 11 0.171837 12 0.828163
0  41.521935 -0.502712 -0.341044  0.505167 -0.574804 0.643744  0.715321 0.956443 1 12 1.000000
0  41.573135 0.204488 -0.358644  0.556913 0.513296 0.652974  0.678456 0.959667 1 12 1.000000
v_heavyArms.tga.002
0  37.924973 0.446144 0.878578  0.268922 0.112333 0.956589  0.652100 0.749200 2 7 0.517027 10 0.482973
0  37.372871 -0.750677 0.984941  0.192588 -0.168450 0.966713  0.716558 0.719327 3 13 0.362148 3 0.171540 10 0.466312
0  37.838272 -0.755056 0.886178  0.262208 -0.139204 0.954919  0.718200 0.741700 3 3 0.002249 10 0.496929 13 0.500822
v_heavyArms.tga.002
0  34.460575 0.122844 1.081078  -0.024958 -0.063593 0.997664  0.666000 0.562000 3 2 0.103733 3 0.874701 16 0.021566
0  33.594475 -0.858655 0.755179  -0.124848 -0.547276 0.827588  0.718700 0.513800 3 2 0.720299 3 0.163843 16 0.115859
0  34.478672 -0.754856 0.863479  -0.098593 -0.381399 0.919138  0.714600 0.561400 3 2 0.085001 3 0.766242 16 0.148758
v_heavyArms.tga.002
0  40.187973 2.482144 -0.869123  0.659851 0.529019 -0.533607  0.488100 0.910200 1 6 1.000000
0  40.263771 2.133946 -0.712423  0.917955 -0.393113 -0.053115  0.475400 0.918100 1 6 1.000000
0  40.235874 2.146744 -0.818623  0.781674 -0.400159 -0.478392  0.475800 0.913400 1 6 1.000000
v_heavyArms.tga.002
0  32.622871 -1.670617 0.111685  0.667955 -0.744124 0.010751  0.327600 0.099600 3 2 0.963104 3 0.000783 16 0.036113
0  31.888672 -1.578090 -0.941454  0.296734 -0.668627 -0.681826  0.267900 0.147700 1 2 1.000000
0  32.625671 -1.270417 -0.817875  0.650702 -0.543580 -0.530195  0.263700 0.101500 3 2 0.963586 3 0.003310 16 0.033104
v_heavyArms.tga.002
0  39.208397 1.811859 -0.698902  0.051132 -0.729211 -0.682376  0.455587 0.856870 2 6 0.877751 5 0.122249
0  40.108173 2.061844 -0.760823  0.243934 -0.949148 -0.199034  0.470600 0.910000 1 6 1.000000
0  39.242878 1.793414 -0.462366  0.264959 -0.962786 -0.053285  0.448383 0.860327 2 5 0.138019 6 0.861981
v_heavyArms.tga.002
0  35.523071 -2.364455 0.115179  0.206762 -0.198551 0.958033  0.829800 0.609500 2 16 0.839049 17 0.160951
0  36.212372 -2.535558 -0.283221  0.711085 0.390235 0.584871  0.864800 0.646600 2 16 0.122412 17 0.877588
0  36.081272 -2.224656 -0.132521  0.765025 -0.007313 0.643959  0.838800 0.640500 2 17 0.281611 16 0.718389
v_heavyArms.tga.002
0  33.585281 1.702816 -0.121679  0.943840 0.324082 0.064317  0.634834 0.014946 2 3 0.272126 2 0.727874
0  33.583923 1.610588 0.365017  0.913039 0.352567 0.205077  0.600550 0.016560 2 3 0.265783 2 0.734217
0  33.584774 1.499144 0.342779  0.999943 0.010207 0.003077  0.596900 0.009600 2 2 0.706712 3 0.293288
v_heavyArms.tga.002
0  40.041164 -1.842630 -0.833869  -0.074393 -0.917770 -0.390081  0.218402 0.868221 3 15 0.282759 14 0.698916 13 0.018324
0  38.971920 -1.681963 -0.859431  -0.143060 -0.385514 -0.911544  0.227619 0.825750 3 15 0.064840 14 0.726625 13 0.208535
0  40.028412 -1.695576 -1.038666  -0.173907 -0.391646 -0.903532  0.226238 0.868065 3 15 0.314552 14 0.665485 13 0.019962
v_heavyArms.tga.002
0  32.718773 1.046746 0.968879  0.942650 0.189274 0.274931  0.545000 0.079700 2 2 0.939762 3 0.060238
0  32.612972 1.747780 0.437596  0.618537 0.692788 0.370752  0.603800 0.090300 2 2 0.949500 3 0.050500
0  32.619274 1.201782 1.219461  0.672647 0.389637 0.629070  0.545800 0.098800 2 2 0.976440 3 0.023560
v_heavyArms.tga.002
0  39.024227 -0.884090 -0.114904  0.120673 0.990176 -0.070643  0.280514 0.833588 3 14 0.317029 13 0.628641 10 0.054330
0  38.369473 -0.783056 -0.210534  0.424521 0.901369 -0.085536  0.276500 0.791200 4 13 0.581919 14 0.092884 10 0.311850 11 0.013347
0  38.337471 -0.817557 0.056378  0.628376 0.758345 0.173365  0.284900 0.796800 3 13 0.681512 14 0.077882 10 0.240606
v_heavyArms.tga.002
0  41.477772 0.331945 -0.690522  0.336683 0.908208 0.248602  0.666274 0.963418 1 12 1.000000
0  40.303890 0.233329 0.146880  0.306086 0.580010 0.754917  0.677610 0.890634 2 11 0.171837 12 0.828163
0  41.573135 0.204488 -0.358644  0.556913 0.513296 0.652974  0.678456 0.959667 1 12 1.000000
v_heavyArms.tga.002
0  38.982220 0.711496 -0.725735  0.069882 -0.534737 -0.842124  0.383007 0.834164 2 7 0.610503 8 0.389497
0  38.441574 0.515344 -0.452268  0.404980 -0.903558 -0.139904  0.375400 0.802300 3 7 0.836329 8 0.145198 11 0.018474
0  38.411221 0.614178 -0.770814  0.355640 -0.369050 -0.858675  0.381700 0.799600 2 7 0.839731 8 0.160269
v_heavyArms.tga.002
0  37.220074 -4.881455 -0.674521  -0.236574 -0.940712 -0.243093  0.016780 0.672793 1 18 1.000000
0  37.215073 -4.825455 -0.225421  -0.209244 -0.661887 0.719807  0.004863 0.677479 1 18 1.000000
0  36.941273 -4.672257 -0.577721  -0.672867 -0.726398 0.139988  0.021477 0.649406 2 18 0.982475 17 0.017525
v_heavyArms.tga.002
0  36.643120 -3.609453 -1.280343  0.092665 -0.038797 -0.994941  0.103075 0.655077 2 17 0.861719 18 0.138281
0  35.370872 -3.179755 -0.973621  -0.513274 -0.692042 -0.507570  0.145600 0.584200 2 16 0.099885 17 0.900115
0  35.822372 -2.867055 -1.308521  0.041576 -0.041781 -0.998261  0.159900 0.620800 2 16 0.122825 17 0.877175
v_heavyArms.tga.002
0  40.141872 1.543657 -0.528121  -0.055225 0.989284 -0.135161  0.422465 0.899072 2 8 0.853350 9 0.146650
0  39.047653 1.489942 -0.472606  -0.085781 0.957560 -0.275172  0.416927 0.844938 3 7 0.142665 8 0.854979 9 0.002356
0  39.071526 1.517088 -0.148777  -0.062717 0.995020 -0.077466  0.428847 0.841199 2 7 0.137316 8 0.862684
v_heavyArms.tga.002
0  36.010773 -2.977256 0.041179  0.141606 0.054024 0.988448  0.881000 0.624800 2 16 0.095407 17 0.904593
0  37.007847 -3.343081 -0.291269  0.644524 0.512484 0.567405  0.930648 0.666488 2 17 0.846738 18 0.153262
0  36.212372 -2.535558 -0.283221  0.711085 0.390235 0.584871  0.864800 0.646600 2 16 0.122412 17 0.877588
v_heavyArms.tga.002
0  34.820274 -2.599154 -0.014721  -0.450035 -0.582924 0.676511  0.830400 0.571800 2 16 0.905995 17 0.094005
0  36.010773 -2.977256 0.041179  0.141606 0.054024 0.988448  0.881000 0.624800 2 16 0.095407 17 0.904593
0  35.523071 -2.364455 0.115179  0.206762 -0.198551 0.958033  0.829800 0.609500 2 16 0.839049 17 0.160951
v_heavyArms.tga.002
0  37.720474 2.433945 -0.231822  -0.089291 0.990289 -0.106561  0.500300 0.757300 2 4 0.928236 5 0.071764
0  37.962074 2.455544 -0.259022  -0.082567 0.994403 -0.065927  0.499800 0.772200 2 4 0.834517 5 0.165483
0  37.941750 2.266984 -0.745373  -0.023656 0.525150 -0.850681  0.475100 0.773200 2 4 0.831169 5 0.168831
v_heavyArms.tga.002
0  39.106098 1.785514 -0.681139  0.080970 -0.721994 -0.687145  0.453995 0.850391 3 6 0.307718 4 0.032423 5 0.659859
0  38.500877 1.624117 -0.376608  0.199621 -0.977304 -0.070915  0.439600 0.809679 3 5 0.758550 4 0.178739 6 0.062711
0  38.449799 1.664685 -0.629119  0.057108 -0.682066 -0.729057  0.447231 0.805979 3 5 0.717404 4 0.200555 6 0.082041
v_heavyArms.tga.002
0  35.592373 2.059845 -0.483222  -0.252984 0.836982 -0.485242  0.451400 0.638800 2 2 0.087392 3 0.912608
0  33.985573 1.539944 -0.139521  -0.129711 0.935369 -0.329030  0.446800 0.543100 2 3 0.823524 2 0.176476
0  36.477573 2.336846 -0.137922  -0.171798 0.966982 -0.188233  0.492300 0.682200 1 3 1.000000
v_heavyArms.tga.002
0  36.477573 2.336846 -0.137922  -0.171798 0.966982 -0.188233  0.492300 0.682200 1 3 1.000000
0  36.285072 2.091545 -0.585022  -0.093407 0.613433 -0.784204  0.462100 0.675700 2 3 0.995446 2 0.004554
0  35.592373 2.059845 -0.483222  -0.252984 0.836982 -0.485242  0.451400 0.638800 2 2 0.087392 3 0.912608
v_heavyArms.tga.002
0  41.485043 -1.314551 -1.284575  0.423684 0.416078 -0.804594  0.240400 0.938200 1 15 1.000000
0  41.555882 -1.670256 -1.192423  0.829041 -0.387744 -0.402920  0.226300 0.939900 1 15 1.000000
0  41.454441 -1.670953 -1.331174  0.372705 -0.394945 -0.839708  0.226400 0.936200 1 15 1.000000
v_heavyArms.tga.002
0  35.448471 -3.197055 -0.156221  -0.488671 -0.635791 0.597470  0.884500 0.595400 2 16 0.097680 17 0.902320
0  36.167355 -3.903002 -0.623739  -0.624547 -0.777039 0.078427  0.953775 0.613763 2 17 0.870064 18 0.129936
0  36.325909 -3.874341 -0.176779  -0.484498 -0.614280 0.622834  0.937679 0.627491 2 17 0.817228 18 0.182772
v_heavyArms.tga.002
0  33.568878 1.740008 -0.204253  0.403290 0.883253 -0.239211  0.641621 0.017068 2 3 0.222329 2 0.777671
0  32.713875 1.630446 0.368979  0.017580 0.874885 0.484012  0.603400 0.078400 2 2 0.918387 3 0.081613
0  33.567268 1.630446 0.368979  0.392506 0.820818 0.414967  0.601242 0.018950 2 3 0.208760 2 0.791240
v_heavyArms.tga.002
0  33.579746 0.531144 -0.976121  0.348501 0.145294 -0.925979  0.144034 0.030330 3 3 0.138669 2 0.840609 16 0.020722
0  32.714973 1.322243 -0.658221  -0.003414 0.555081 -0.831790  0.089900 0.089900 2 2 0.927759 3 0.072241
0  33.568157 1.301642 -0.679018  0.358367 0.526105 -0.771224  0.090292 0.033394 2 3 0.186369 2 0.813631
v_heavyArms.tga.002
0  40.209122 -1.090953 0.131324  0.288540 0.536359 0.793136  0.758764 0.867073 2 15 0.078174 14 0.921826
0  39.059429 -1.851139 0.289899  0.180403 -0.736185 0.652293  0.788323 0.807093 2 13 0.186181 14 0.813819
0  40.176399 -1.835718 -0.004852  0.193223 -0.717045 0.669710  0.794142 0.861871 2 15 0.069007 14 0.930993
v_heavyArms.tga.002
0  36.332409 -3.998452 -0.955210  -0.554393 -0.641406 -0.530327  0.079304 0.628203 2 17 0.160948 18 0.839052
0  36.167355 -3.903002 -0.623739  -0.624547 -0.777039 0.078427  0.076297 0.603233 2 17 0.870064 18 0.129936
0  36.225487 -3.911655 -0.964216  -0.532224 -0.666207 -0.522404  0.086942 0.622751 2 17 0.861685 18 0.138315
v_heavyArms.tga.002
0  33.990574 -1.780555 -0.286421  -0.811069 -0.569352 0.134189  0.798200 0.526700 3 2 0.078532 16 0.901391 3 0.020077
0  34.263172 -1.842955 0.150779  -0.548326 -0.406244 0.730961  0.789100 0.550200 3 2 0.049884 3 0.037046 16 0.913069
0  33.985874 -1.761855 -0.283721  -0.941155 -0.266454 0.207919  0.797100 0.525200 3 2 0.100586 16 0.864990 3 0.034424
v_heavyArms.tga.002
0  41.273422 -1.807784 -0.395590  0.376601 -0.684602 0.624093  0.801400 0.929200 1 15 1.000000
0  41.473782 -1.814957 -0.935522  0.476330 -0.876630 0.068037  0.812300 0.951200 1 15 1.000000
0  41.523918 -1.759284 -0.572690  0.717974 -0.582528 0.381018  0.801700 0.944000 1 15 1.000000
v_heavyArms.tga.002
0  38.412331 2.458791 -0.153630  -0.044108 0.988711 0.143193  0.516399 0.782747 3 4 0.190105 5 0.788812 6 0.021083
0  39.145451 2.443216 0.043201  0.182123 0.696448 0.694112  0.529812 0.827786 2 5 0.914942 6 0.085058
0  39.104279 2.526951 -0.324867  -0.018126 0.973840 0.226511  0.513046 0.829021 3 4 0.007391 5 0.762310 6 0.230299
v_heavyArms.tga.002
0  34.820274 -2.599154 -0.014721  -0.450035 -0.582924 0.676511  0.830400 0.571800 2 16 0.905995 17 0.094005
0  35.325672 -3.187655 -0.600821  -0.629838 -0.775090 0.050391  0.899100 0.579000 2 16 0.103181 17 0.896819
0  35.448471 -3.197055 -0.156221  -0.488671 -0.635791 0.597470  0.884500 0.595400 2 16 0.097680 17 0.902320
v_heavyArms.tga.002
0  37.911373 1.469546 0.583278  0.247013 0.278623 0.928092  0.591700 0.751000 3 4 0.480715 7 0.497484 10 0.021801
0  38.018948 2.389486 0.368345  0.126731 0.753046 0.645647  0.538900 0.754100 2 4 0.988594 5 0.011406
0  37.671772 2.379345 0.447978  0.082597 0.761259 0.643166  0.541400 0.736300 3 4 0.981199 7 0.018610 3 0.000191
v_heavyArms.tga.002
0  31.891872 -1.310088 1.371126  0.281304 -0.545058 0.789798  0.402900 0.148000 1 2 1.000000
0  30.609272 -2.363057 0.014006  0.152978 -0.987937 -0.024042  0.322700 0.211900 1 2 1.000000
0  31.885273 -2.053972 0.014120  0.332755 -0.943013 -0.000658  0.322500 0.148700 1 2 1.000000
v_heavyArms.tga.002
0  41.786171 0.181444 -1.021222  0.725728 0.550434 -0.412725  0.326400 0.986000 1 12 1.000000
0  41.810371 -0.476556 -0.895723  0.843260 -0.525750 0.111798  0.299700 0.989900 1 12 1.000000
0  41.808773 -0.489556 -1.009623  0.669384 -0.578616 -0.465970  0.301700 0.984700 1 12 1.000000
v_heavyArms.tga.002
0  37.007847 -3.343081 -0.291269  0.644524 0.512484 0.567405  0.930648 0.666488 2 17 0.846738 18 0.153262
0  36.315872 -2.477456 -0.650921  0.812342 0.572149 0.112898  0.870700 0.665700 2 16 0.132857 17 0.867143
0  36.212372 -2.535558 -0.283221  0.711085 0.390235 0.584871  0.864800 0.646600 2 16 0.122412 17 0.877588
v_heavyArms.tga.002
0  41.781273 -0.406656 -0.665757  0.876949 -0.305020 0.371380  0.712500 0.976600 1 12 1.000000
0  41.793774 0.193445 -0.906923  0.836716 0.547637 0.000521  0.683000 0.984600 1 12 1.000000
0  41.774773 0.152845 -0.656358  0.850810 0.422061 0.313029  0.685400 0.978100 1 12 1.000000
v_heavyArms.tga.002
0  38.441761 1.621018 -0.136254  0.140125 -0.962419 -0.232626  0.583034 0.792767 2 5 0.484035 4 0.515965
0  38.203773 1.560745 -0.026121  0.547055 -0.687190 0.478018  0.585700 0.777300 3 4 0.438724 5 0.193634 7 0.367642
0  38.183674 1.569945 -0.074427  0.395103 -0.858644 -0.326534  0.587400 0.778500 3 4 0.430936 5 0.191191 7 0.377873
v_heavyArms.tga.002
0  35.370872 -3.179755 -0.973621  -0.513274 -0.692042 -0.507570  0.145600 0.584200 2 16 0.099885 17 0.900115
0  34.560173 -2.627455 -0.567621  -0.737033 -0.671881 0.073207  0.183500 0.534500 2 16 0.904625 17 0.095375
0  34.688473 -2.652255 -1.076521  -0.623920 -0.508805 -0.593162  0.188300 0.562500 2 16 0.891289 17 0.108711
v_heavyArms.tga.002
0  32.718773 1.046746 0.968879  0.942650 0.189274 0.274931  0.545000 0.079700 2 2 0.939762 3 0.060238
0  32.630875 0.104638 1.448681  0.636859 0.008972 0.770928  0.477400 0.100200 1 2 1.000000
0  32.727673 0.136545 1.149079  0.952263 0.001808 0.305273  0.478200 0.081200 2 2 0.967311 3 0.032689
v_heavyArms.tga.002
0  35.243271 -2.000155 0.328879  0.108931 -0.353336 0.929133  0.798100 0.600300 3 3 0.054702 17 0.017085 16 0.928214
0  34.263275 -1.854254 0.144579  -0.539387 -0.449183 0.712247  0.790400 0.549700 3 2 0.037376 3 0.025877 16 0.936747
0  35.240471 -2.012854 0.324379  0.008713 -0.601549 0.798788  0.805500 0.601300 3 3 0.039602 17 0.038657 16 0.921741
v_heavyArms.tga.002
0  37.132889 -3.450122 -0.915068  0.759359 0.383269 -0.525812  0.103088 0.692834 2 18 0.873894 17 0.126106
0  37.602371 -4.315255 -0.555620  0.989636 0.143446 -0.006634  0.041000 0.713800 1 18 1.000000
0  37.561172 -4.349957 -0.797421  0.910101 0.119853 -0.396676  0.044600 0.701100 1 18 1.000000
v_heavyArms.tga.002
0  38.327896 -0.950441 0.741011  0.428616 0.322493 0.843971  0.743800 0.761000 2 13 0.829052 10 0.170948
0  38.159473 -0.701755 0.576278  0.868589 -0.226527 0.440724  0.718600 0.754800 2 10 0.488027 13 0.511973
0  37.838272 -0.755056 0.886178  0.262208 -0.139204 0.954919  0.718200 0.741700 3 3 0.002249 10 0.496929 13 0.500822
v_heavyArms.tga.002
0  38.089672 -1.919457 -0.331522  0.022747 -0.999693 -0.009847  0.820500 0.753700 2 13 0.928241 14 0.071759
0  37.421780 -1.929521 -0.390626  0.075629 -0.653447 -0.753185  0.830751 0.719534 4 10 0.023810 13 0.704398 16 0.037200 3 0.234592
0  38.090374 -1.878354 -0.367822  0.026865 -0.661878 -0.749130  0.823400 0.754100 3 13 0.923737 14 0.074943 10 0.001320
v_heavyArms.tga.002
0  33.594669 -0.923644 0.844399  0.796502 -0.445885 0.408376  0.394723 0.017923 3 2 0.728297 3 0.156938 16 0.114764
0  33.591797 -1.366511 0.180816  0.808771 -0.552605 0.201289  0.332866 0.019773 3 16 0.305649 3 0.120738 2 0.573613
0  33.600273 -1.190154 0.196579  0.998783 -0.047191 0.014304  0.338000 0.007100 3 16 0.282394 3 0.126136 2 0.591470
v_heavyArms.tga.002
0  37.720474 2.433945 -0.231822  -0.089291 0.990289 -0.106561  0.500300 0.757300 2 4 0.928236 5 0.071764
0  37.944275 2.420544 -0.116021  -0.043158 0.977701 0.205519  0.508000 0.769600 2 4 0.881401 5 0.118599
0  37.962074 2.455544 -0.259022  -0.082567 0.994403 -0.065927  0.499800 0.772200 2 4 0.834517 5 0.165483
v_heavyArms.tga.002
0  41.454441 -1.670953 -1.331174  0.372705 -0.394945 -0.839708  0.226400 0.936200 1 15 1.000000
0  41.555882 -1.670256 -1.192423  0.829041 -0.387744 -0.402920  0.226300 0.939900 1 15 1.000000
0  41.470081 -1.762557 -1.152522  0.414627 -0.863017 -0.288592  0.222300 0.937000 1 15 1.000000
v_heavyArms.tga.002
0  38.120110 -1.630611 -0.819216  0.007369 -0.375458 -0.926810  0.230700 0.777400 3 13 0.813121 14 0.087401 10 0.099479
0  37.401440 -0.606169 -0.804202  0.108217 0.031564 -0.993626  0.309559 0.735179 4 3 0.157532 13 0.504643 10 0.335375 16 0.002450
0  37.977272 -0.674455 -0.720713  0.323146 -0.014411 -0.946240  0.312300 0.770500 4 14 0.020701 13 0.258251 10 0.690138 11 0.030910
v_heavyArms.tga.002
0  32.614273 1.614210 -0.921196  0.680800 0.465899 -0.565199  0.084600 0.111000 2 2 0.963151 3 0.036849
0  31.876274 2.279451 -0.152298  0.301891 0.952487 -0.040383  0.026100 0.145400 1 2 1.000000
0  32.615273 1.947676 -0.144224  0.644917 0.763217 -0.039773  0.039200 0.100100 2 2 0.946043 3 0.053957
v_heavyArms.tga.002
0  41.523918 -1.759284 -0.572690  0.717974 -0.582528 0.381018  0.801700 0.944000 1 15 1.000000
0  41.473782 -1.814957 -0.935522  0.476330 -0.876630 0.068037  0.812300 0.951200 1 15 1.000000
0  41.596081 -1.713357 -0.975823  0.890063 -0.451596 -0.062046  0.806600 0.959300 1 15 1.000000
v_heavyArms.tga.002
0  40.042572 2.537644 -0.834923  0.064933 0.954892 -0.289766  0.491800 0.905200 1 6 1.000000
0  40.229774 2.490544 -0.746123  0.824827 0.560634 -0.073145  0.490400 0.915400 1 6 1.000000
0  40.187973 2.482144 -0.869123  0.659851 0.529019 -0.533607  0.488100 0.910200 1 6 1.000000
v_heavyArms.tga.002
0  41.246323 -1.200786 -0.285590  0.440506 0.541382 0.716143  0.772900 0.932000 1 15 1.000000
0  41.510284 -1.190057 -0.881023  0.471970 0.871595 0.132539  0.773700 0.960100 1 15 1.000000
0  41.122986 -1.093556 -0.708823  0.245053 0.954288 0.171123  0.758900 0.942000 1 15 1.000000
v_heavyArms.tga.002
0  41.510483 -1.192857 -1.067923  0.387325 0.880472 -0.273402  0.247200 0.940900 1 15 1.000000
0  41.607685 -1.313056 -1.128923  0.873296 0.309423 -0.376314  0.240900 0.942600 1 15 1.000000
0  41.485043 -1.314551 -1.284575  0.423684 0.416078 -0.804594  0.240400 0.938200 1 15 1.000000
v_heavyArms.tga.002
0  41.808773 -0.489556 -1.009623  0.669384 -0.578616 -0.465970  0.301700 0.984700 1 12 1.000000
0  41.464172 -0.585556 -0.765023  0.110183 -0.993631 -0.023607  0.288200 0.974700 1 12 1.000000
0  41.449474 -0.583855 -0.869522  0.023246 -0.934788 -0.354446  0.291500 0.971000 1 12 1.000000
v_heavyArms.tga.002
0  41.567123 -1.285085 -0.482890  0.776030 0.384595 0.499864  0.780000 0.948000 1 15 1.000000
0  41.630383 -1.272757 -0.923622  0.931491 0.363747 0.003449  0.782200 0.963900 1 15 1.000000
0  41.510284 -1.190057 -0.881023  0.471970 0.871595 0.132539  0.773700 0.960100 1 15 1.000000
v_heavyArms.tga.002
0  32.625671 -1.270417 -0.817875  0.650702 -0.543580 -0.530195  0.263700 0.101500 3 2 0.963586 3 0.003310 16 0.033104
0  32.725075 -0.562956 -0.902121  0.945114 -0.066179 -0.319968  0.218900 0.087000 3 2 0.945584 3 0.020671 16 0.033745
0  32.723671 -1.162656 -0.628720  0.902599 -0.333710 -0.271943  0.269300 0.085900 3 2 0.885530 3 0.041637 16 0.072833
v_heavyArms.tga.002
0  30.588772 2.281638 0.617329  0.107415 0.882625 0.457642  0.614700 0.207700 1 2 1.000000
0  22.191187 1.635959 1.739446  0.061789 0.561634 0.825075  0.551400 0.474200 2 1 0.016402 2 0.983598
0  30.601871 1.518017 1.675384  0.108358 0.547697 0.829630  0.552000 0.207400 1 2 1.000000
v_heavyArms.tga.002
0  39.242878 1.793414 -0.462366  0.264959 -0.962786 -0.053285  0.448383 0.860327 2 5 0.138019 6 0.861981
0  40.120575 2.053044 -0.689623  0.245030 -0.958111 -0.148268  0.468700 0.912800 1 6 1.000000
0  39.260979 1.799364 -0.333089  0.272823 -0.962045 0.006079  0.442499 0.863490 2 5 0.156382 6 0.843618
v_heavyArms.tga.002
0  35.194275 -2.368254 -1.377821  -0.087232 -0.009891 -0.996139  0.196200 0.595000 2 16 0.877276 17 0.122724
0  34.017273 -1.721455 -0.739121  -0.775070 -0.333357 -0.536787  0.244100 0.530300 2 2 0.035870 16 0.964130
0  34.349972 -1.508654 -0.877921  -0.377263 0.159937 -0.912191  0.252600 0.552500 1 16 1.000000
v_heavyArms.tga.002
0  38.415474 0.386144 0.085478  0.210703 0.151394 -0.965756  0.650700 0.786700 3 10 0.684619 11 0.071358 7 0.244022
0  38.377071 0.473244 0.067378  0.933448 -0.284856 0.218019  0.647200 0.788100 3 7 0.914905 8 0.027599 11 0.057497
0  38.431873 0.416245 0.091678  0.330351 0.880663 -0.339561  0.651700 0.785500 3 10 0.702709 11 0.068609 7 0.228682
v_heavyArms.tga.002
0  35.499374 -1.551955 -1.154221  0.081653 0.023182 -0.996391  0.241000 0.619000 3 3 0.074378 16 0.921960 13 0.003661
0  36.245472 -0.480156 -0.949328  0.063827 0.081178 -0.994654  0.304500 0.670000 3 3 0.817021 13 0.020007 16 0.162973
0  36.164173 -1.565154 -0.940121  0.200604 -0.175415 -0.963840  0.247700 0.666600 3 3 0.646300 16 0.330715 17 0.022985
v_heavyArms.tga.002
0  38.370872 -0.656056 0.154978  0.260971 -0.964191 0.047223  0.291900 0.801300 2 10 0.911899 11 0.088101
0  38.298073 -0.721056 -0.276691  0.832617 -0.281955 -0.476709  0.291700 0.784100 4 10 0.511006 13 0.376267 14 0.056960 11 0.055767
0  38.400173 -0.686256 -0.254371  0.185160 -0.965057 -0.185422  0.301500 0.796200 3 10 0.862357 11 0.130621 14 0.007022
v_heavyArms.tga.002
0  38.431873 0.416245 0.091678  0.330351 0.880663 -0.339561  0.651700 0.785500 3 10 0.702709 11 0.068609 7 0.228682
0  38.341473 0.476545 0.088178  0.513479 0.219405 0.829579  0.648100 0.785900 4 7 0.721129 10 0.240172 8 0.009059 11 0.029639
0  38.410873 0.384545 0.144278  0.242401 0.785108 0.569953  0.653200 0.783200 3 10 0.726456 11 0.058866 7 0.214678
v_heavyArms.tga.002
0  41.523918 -1.759284 -0.572690  0.717974 -0.582528 0.381018  0.801700 0.944000 1 15 1.000000
0  41.630383 -1.272757 -0.923622  0.931491 0.363747 0.003449  0.782200 0.963900 1 15 1.000000
0  41.567123 -1.285085 -0.482890  0.776030 0.384595 0.499864  0.780000 0.948000 1 15 1.000000
v_heavyArms.tga.002
0  36.285072 2.091545 -0.585022  -0.093407 0.613433 -0.784204  0.462100 0.675700 2 3 0.995446 2 0.004554
0  36.293472 1.197045 -0.783252  -0.009500 0.138113 -0.990371  0.406800 0.676800 3 3 0.979661 2 0.000974 7 0.019365
0  33.994572 1.153944 -0.726579  -0.179947 0.388670 -0.903634  0.415500 0.543000 3 2 0.151424 3 0.831721 16 0.016855
v_heavyArms.tga.002
0  33.994572 1.153944 -0.726579  -0.179947 0.388670 -0.903634  0.415500 0.543000 3 2 0.151424 3 0.831721 16 0.016855
0  35.592373 2.059845 -0.483222  -0.252984 0.836982 -0.485242  0.451400 0.638800 2 2 0.087392 3 0.912608
0  36.285072 2.091545 -0.585022  -0.093407 0.613433 -0.784204  0.462100 0.675700 2 3 0.995446 2 0.004554
v_heavyArms.tga.002
0  33.994572 1.153944 -0.726579  -0.179947 0.388670 -0.903634  0.415500 0.543000 3 2 0.151424 3 0.831721 16 0.016855
0  33.985573 1.539944 -0.139521  -0.129711 0.935369 -0.329030  0.446800 0.543100 2 3 0.823524 2 0.176476
0  35.592373 2.059845 -0.483222  -0.252984 0.836982 -0.485242  0.451400 0.638800 2 2 0.087392 3 0.912608
v_heavyArms.tga.002
0  37.034172 -4.779355 -0.858221  -0.436964 -0.789123 -0.431680  0.029600 0.661300 1 18 1.000000
0  36.275383 -3.987229 -0.620304  -0.668484 -0.737755 0.094058  0.068566 0.609129 2 17 0.206787 18 0.793213
0  36.332409 -3.998452 -0.955210  -0.554393 -0.641406 -0.530327  0.079304 0.628203 2 17 0.160948 18 0.839052
v_heavyArms.tga.002
0  38.422771 0.396244 -0.403986  0.481080 0.872320 -0.087297  0.348600 0.801700 4 10 0.666608 7 0.204874 8 0.007351 11 0.121166
0  38.344872 0.464844 0.033684  0.993775 0.099065 0.050961  0.362900 0.803300 4 7 0.655154 10 0.263820 8 0.029029 11 0.051997
0  38.415474 0.386144 0.085478  0.339994 0.940109 0.024469  0.360600 0.805600 3 10 0.684619 11 0.071358 7 0.244022
v_heavyArms.tga.002
0  36.580574 2.337944 0.120278  -0.064213 0.680804 0.729646  0.529000 0.675700 1 3 1.000000
0  33.987175 1.616745 0.137479  -0.230498 0.973001 -0.011841  0.560300 0.534800 3 2 0.177373 3 0.822097 7 0.000529
0  33.991074 1.599745 0.160379  -0.198098 0.770567 0.605792  0.561800 0.535100 3 2 0.175553 3 0.822448 7 0.002000
v_heavyArms.tga.002
0  39.121170 -0.896985 -0.071023  0.225175 0.710048 0.667179  0.732576 0.827777 2 13 0.130257 14 0.869743
0  40.149891 -0.954294 -0.357195  0.140938 0.971959 0.188232  0.741156 0.880787 2 15 0.154708 14 0.845292
0  39.132919 -0.871751 -0.101970  0.113286 0.987020 0.113835  0.728947 0.830754 2 14 0.868621 13 0.131379
v_heavyArms.tga.002
0  41.793774 0.193445 -0.906923  0.836716 0.547637 0.000521  0.683000 0.984600 1 12 1.000000
0  41.477772 0.331945 -0.690522  0.336683 0.908208 0.248602  0.666274 0.963418 1 12 1.000000
0  41.573135 0.204488 -0.358644  0.556913 0.513296 0.652974  0.678456 0.959667 1 12 1.000000
v_heavyArms.tga.002
0  41.573135 0.204488 -0.358644  0.556913 0.513296 0.652974  0.678456 0.959667 1 12 1.000000
0  41.774773 0.152845 -0.656358  0.850810 0.422061 0.313029  0.685400 0.978100 1 12 1.000000
0  41.793774 0.193445 -0.906923  0.836716 0.547637 0.000521  0.683000 0.984600 1 12 1.000000
v_heavyArms.tga.002
0  38.056473 1.400944 -0.435577  0.353691 0.864753 -0.356519  0.412800 0.791800 4 7 0.739335 4 0.141098 5 0.055823 8 0.063745
0  38.113472 1.498144 -0.055814  0.914332 -0.376569 -0.148970  0.424600 0.786800 4 4 0.292439 7 0.577250 5 0.123208 8 0.007102
0  38.111572 1.415644 -0.038766  0.619194 0.776093 -0.119495  0.424700 0.789600 4 7 0.764452 4 0.142937 5 0.055813 8 0.036798
v_heavyArms.tga.002
0  41.379044 -0.356026 -1.107099  -0.090432 -0.378447 -0.921195  0.304000 0.966700 1 12 1.000000
0  41.808773 -0.489556 -1.009623  0.669384 -0.578616 -0.465970  0.301700 0.984700 1 12 1.000000
0  41.449474 -0.583855 -0.869522  0.023246 -0.934788 -0.354446  0.291500 0.971000 1 12 1.000000
v_heavyArms.tga.002
0  41.810371 -0.476556 -0.895723  0.843260 -0.525750 0.111798  0.717100 0.982100 1 12 1.000000
0  41.781273 -0.406656 -0.665757  0.876949 -0.305020 0.371380  0.712500 0.976600 1 12 1.000000
0  41.521935 -0.502712 -0.341044  0.505167 -0.574804 0.643744  0.715321 0.956443 1 12 1.000000
v_heavyArms.tga.002
0  41.521935 -0.502712 -0.341044  0.505167 -0.574804 0.643744  0.715321 0.956443 1 12 1.000000
0  41.474972 -0.586755 -0.707523  0.268905 -0.946402 0.178924  0.729515 0.961077 1 12 1.000000
0  41.810371 -0.476556 -0.895723  0.843260 -0.525750 0.111798  0.717100 0.982100 1 12 1.000000
v_heavyArms.tga.002
0  36.164173 -1.565154 -0.940121  0.200604 -0.175415 -0.963840  0.247700 0.666600 3 3 0.646300 16 0.330715 17 0.022985
0  36.224274 -2.043957 -0.771721  0.171808 -0.724818 -0.667174  0.222800 0.680600 3 3 0.084925 17 0.147681 16 0.767394
0  35.499374 -1.551955 -1.154221  0.081653 0.023182 -0.996391  0.241000 0.619000 3 3 0.074378 16 0.921960 13 0.003661
v_heavyArms.tga.002
0  37.822571 1.431444 -0.768903  0.346993 0.108951 -0.931518  0.421900 0.769700 3 7 0.733595 4 0.196194 5 0.070211
0  37.975220 1.288278 -0.695523  0.519177 0.605241 -0.603438  0.407700 0.788300 3 7 0.898188 5 0.017662 8 0.084150
0  38.411221 0.614178 -0.770814  0.355640 -0.369050 -0.858675  0.381700 0.799600 2 7 0.839731 8 0.160269
v_heavyArms.tga.002
0  38.411221 0.614178 -0.770814  0.355640 -0.369050 -0.858675  0.381700 0.799600 2 7 0.839731 8 0.160269
0  38.237175 0.464844 -0.826509  0.300052 0.032768 -0.953360  0.362800 0.781500 3 10 0.946698 8 0.014119 11 0.039183
0  37.822571 1.431444 -0.768903  0.346993 0.108951 -0.931518  0.421900 0.769700 3 7 0.733595 4 0.196194 5 0.070211
v_heavyArms.tga.002
0  41.708172 -0.273355 -1.097822  0.347548 -0.106016 -0.931650  0.309000 0.979000 1 12 1.000000
0  41.733273 0.125744 -1.111623  0.469692 0.301226 -0.829851  0.324000 0.981500 1 12 1.000000
0  41.786171 0.181444 -1.021222  0.725728 0.550434 -0.412725  0.326400 0.986000 1 12 1.000000
v_heavyArms.tga.002
0  41.786171 0.181444 -1.021222  0.725728 0.550434 -0.412725  0.326400 0.986000 1 12 1.000000
0  41.808773 -0.489556 -1.009623  0.669384 -0.578616 -0.465970  0.301700 0.984700 1 12 1.000000
0  41.708172 -0.273355 -1.097822  0.347548 -0.106016 -0.931650  0.309000 0.979000 1 12 1.000000
v_heavyArms.tga.002
0  41.483273 0.332944 -0.858223  0.188982 0.962229 -0.195965  0.338700 0.975900 1 12 1.000000
0  41.733273 0.125744 -1.111623  0.469692 0.301226 -0.829851  0.324000 0.981500 1 12 1.000000
0  41.377644 0.229174 -1.113798  -0.014948 0.553029 -0.833028  0.332000 0.968100 1 12 1.000000
v_heavyArms.tga.002
0  38.366772 -0.651855 0.213878  0.140604 -0.788579 0.598643  0.715200 0.770500 2 10 0.930000 11 0.070000
0  38.318172 -0.727855 0.116278  0.865242 0.454403 -0.211834  0.722200 0.771600 4 10 0.506920 13 0.437380 14 0.031508 11 0.024192
0  38.409672 -0.687556 0.165579  0.055038 -0.989377 -0.134554  0.717100 0.771900 2 10 0.922179 11 0.077821
v_heavyArms.tga.002
0  32.614273 1.614210 -0.921196  0.680800 0.465899 -0.565199  0.084600 0.111000 2 2 0.963151 3 0.036849
0  32.727673 0.531144 -0.976121  0.916813 0.033166 -0.397938  0.145800 0.088600 2 2 0.951995 3 0.048005
0  32.630875 0.616158 -1.183993  0.675650 0.104366 -0.729797  0.143100 0.103200 2 2 0.991131 3 0.008869
v_heavyArms.tga.002
0  41.273422 -1.807784 -0.395590  0.376601 -0.684602 0.624093  0.801400 0.929200 1 15 1.000000
0  41.567123 -1.285085 -0.482890  0.776030 0.384595 0.499864  0.780000 0.948000 1 15 1.000000
0  41.246323 -1.200786 -0.285590  0.440506 0.541382 0.716143  0.772900 0.932000 1 15 1.000000
v_heavyArms.tga.002
0  38.374973 0.461344 -0.433071  0.988327 -0.119925 -0.093954  0.360000 0.797000 4 7 0.431091 11 0.073238 10 0.430418 8 0.065253
0  38.422771 0.396244 -0.403986  0.481080 0.872320 -0.087297  0.348600 0.801700 4 10 0.666608 7 0.204874 8 0.007351 11 0.121166
0  38.454235 0.283647 -0.799034  0.234794 0.446668 -0.863342  0.343400 0.800500 2 10 0.866411 11 0.133589
v_heavyArms.tga.002
0  38.454235 0.283647 -0.799034  0.234794 0.446668 -0.863342  0.343400 0.800500 2 10 0.866411 11 0.133589
0  38.237175 0.464844 -0.826509  0.300052 0.032768 -0.953360  0.362800 0.781500 3 10 0.946698 8 0.014119 11 0.039183
0  38.374973 0.461344 -0.433071  0.988327 -0.119925 -0.093954  0.360000 0.797000 4 7 0.431091 11 0.073238 10 0.430418 8 0.065253
v_heavyArms.tga.002
0  39.165058 1.759329 -0.245987  0.302949 -0.829127 0.469862  0.570276 0.844388 3 6 0.164887 4 0.006857 5 0.828256
0  38.554665 1.644273 -0.162622  0.145902 -0.960878 -0.235429  0.581281 0.800241 3 5 0.809365 4 0.154046 6 0.036589
0  39.160679 1.773914 -0.301016  0.148026 -0.952993 -0.264373  0.572699 0.846857 3 5 0.804271 4 0.008240 6 0.187489
v_heavyArms.tga.002
0  38.156849 1.632387 0.496246  0.507968 -0.320276 0.799620  0.574000 0.764200 3 4 0.631477 5 0.064872 7 0.303651
0  38.447941 1.627707 -0.078808  0.244433 -0.956901 0.156822  0.580173 0.791068 2 5 0.446585 4 0.553415
0  38.455059 1.712947 0.383856  0.407516 -0.508118 0.758780  0.567514 0.784087 2 5 0.255580 4 0.744420
v_heavyArms.tga.002
0  37.838272 -0.755056 0.886178  0.262208 -0.139204 0.954919  0.718200 0.741700 3 3 0.002249 10 0.496929 13 0.500822
0  37.327496 -1.866036 0.624461  0.070151 -0.778296 0.623966  0.777712 0.709436 2 13 0.731220 3 0.268780
0  37.568375 -1.857957 0.606879  0.094408 -0.769682 0.631408  0.777800 0.723800 2 13 0.999050 3 0.000950
v_heavyArms.tga.002
0  31.876274 2.279451 -0.152298  0.301891 0.952487 -0.040383  0.651000 0.136800 1 2 1.000000
0  30.588772 2.281638 0.617329  0.107415 0.882625 0.457642  0.614700 0.207700 1 2 1.000000
0  31.873573 2.041690 0.544887  0.286306 0.851279 0.439718  0.609900 0.138500 1 2 1.000000
v_heavyArms.tga.002
0  41.510483 -1.192857 -1.067923  0.387325 0.880472 -0.273402  0.247200 0.940900 1 15 1.000000
0  41.630383 -1.272757 -0.923622  0.931491 0.363747 0.003449  0.243200 0.950700 1 15 1.000000
0  41.607685 -1.313056 -1.128923  0.873296 0.309423 -0.376314  0.240900 0.942600 1 15 1.000000
v_heavyArms.tga.002
0  36.025772 -1.981154 -0.028421  -0.028802 -0.964429 0.262768  0.817700 0.640800 3 3 0.094290 16 0.761870 17 0.143840
0  37.214901 -1.950933 -0.329068  0.055097 -0.994307 0.091201  0.826518 0.707275 5 13 0.541846 10 0.006851 16 0.145030 17 0.000113 3 0.306160
0  37.128529 -1.896909 0.337630  0.046081 -0.995288 0.085316  0.790415 0.697558 3 13 0.579432 16 0.101994 3 0.318574
v_heavyArms.tga.002
0  34.015175 -0.417455 -0.862626  -0.104674 0.014770 -0.994397  0.319800 0.536500 3 2 0.031616 3 0.525782 16 0.442602
0  33.596073 0.505644 -0.843621  0.210286 0.218131 -0.952995  0.376100 0.511800 3 2 0.719242 3 0.229913 16 0.050845
0  33.956871 0.437544 -0.758824  0.076136 0.137172 -0.987617  0.372200 0.537400 3 2 0.092329 3 0.811648 16 0.096023
v_heavyArms.tga.002
0  41.046143 -1.704652 -1.319775  -0.113398 -0.410356 -0.904848  0.225200 0.919900 1 15 1.000000
0  40.178017 -1.118297 -0.986413  -0.130950 0.687004 -0.714757  0.251461 0.875830 2 15 0.846257 14 0.153743
0  41.100842 -1.215352 -1.263475  -0.052881 0.655699 -0.753168  0.245800 0.923000 1 15 1.000000
v_heavyArms.tga.002
0  33.606472 -1.025355 -0.420021  -0.879042 -0.385796 -0.280084  0.282200 0.494300 3 16 0.338174 3 0.196940 2 0.464886
0  33.985874 -1.761855 -0.283721  -0.847528 -0.471963 0.242790  0.236500 0.502100 3 2 0.100586 16 0.864990 3 0.034424
0  33.603672 -1.099854 -0.141121  -0.729348 -0.682334 0.049715  0.273900 0.479100 3 2 0.447394 3 0.132738 16 0.419868
v_heavyArms.tga.002
0  38.983074 -1.898714 -0.383131  -0.030615 -0.979586 -0.198679  0.205309 0.828760 3 15 0.031512 14 0.758234 13 0.210254
0  40.041164 -1.842630 -0.833869  -0.074393 -0.917770 -0.390081  0.218402 0.868221 3 15 0.282759 14 0.698916 13 0.018324
0  40.079014 -1.893090 -0.579136  -0.030274 -0.981382 -0.189666  0.206485 0.870390 3 15 0.243309 14 0.747722 13 0.008969
v_heavyArms.tga.002
0  38.246414 1.395586 0.606373  0.102498 0.696857 0.709848  0.610000 0.770200 3 7 0.902426 4 0.074901 10 0.022673
0  38.084373 1.495844 0.383078  0.930114 0.236947 0.280613  0.591300 0.759300 3 4 0.279490 7 0.690409 5 0.030101
0  37.911373 1.469546 0.583278  0.247013 0.278623 0.928092  0.591700 0.751000 3 4 0.480715 7 0.497484 10 0.021801
v_heavyArms.tga.002
0  37.838272 -0.755056 0.886178  0.262208 -0.139204 0.954919  0.718200 0.741700 3 3 0.002249 10 0.496929 13 0.500822
0  38.138298 -1.817440 0.541511  0.141579 -0.745353 0.651463  0.782600 0.751500 1 13 1.000000
0  38.327896 -0.950441 0.741011  0.428616 0.322493 0.843971  0.743800 0.761000 2 13 0.829052 10 0.170948
v_heavyArms.tga.002
0  38.111572 1.415644 -0.038766  0.419166 0.269697 -0.866927  0.590000 0.780000 4 7 0.764452 4 0.142937 5 0.055813 8 0.036798
0  38.169075 1.513645 -0.011522  0.932883 -0.208912 0.293402  0.590800 0.773900 4 4 0.306821 7 0.566599 5 0.123226 8 0.003354
0  38.203674 1.445343 0.003478  0.228713 0.925507 0.301873  0.592200 0.780100 4 7 0.781111 4 0.123216 5 0.039502 8 0.056171
v_heavyArms.tga.002
0  41.281185 0.992381 -1.211103  0.215406 -0.543926 -0.811015  0.385625 0.952474 1 9 1.000000
0  41.482414 1.050748 -1.081780  0.779521 -0.263781 -0.568125  0.388032 0.960303 1 9 1.000000
0  41.326759 0.961121 -1.063067  0.222691 -0.863164 -0.453162  0.382572 0.954146 1 9 1.000000
v_heavyArms.tga.002
0  41.291885 1.474127 -1.073797  0.120328 0.888036 -0.443748  0.400376 0.955364 1 9 1.000000
0  41.434647 1.391558 -1.112316  0.620263 0.425446 -0.658992  0.394693 0.960521 1 9 1.000000
0  41.257645 1.363522 -1.223526  0.114972 0.383497 -0.916358  0.395318 0.953261 1 9 1.000000
v_heavyArms.tga.002
0  37.395008 2.205787 -0.689505  -0.126219 0.587984 -0.798964  0.470565 0.739190 3 4 0.732569 5 0.036942 3 0.230489
0  37.822571 1.431444 -0.768903  0.346993 0.108951 -0.931518  0.421900 0.769700 3 7 0.733595 4 0.196194 5 0.070211
0  37.373775 1.363697 -0.766803  0.060750 0.050778 -0.996861  0.417536 0.742850 4 4 0.152289 7 0.596284 3 0.250473 5 0.000954
v_heavyArms.tga.002
0  41.458702 1.460272 -0.627691  0.676660 0.597561 0.430176  0.582746 0.957442 1 9 1.000000
0  41.489563 1.411248 -1.019407  0.843239 0.464027 -0.271343  0.581960 0.969163 1 9 1.000000
0  41.330429 1.498024 -0.967222  0.276608 0.960927 0.010408  0.575845 0.961165 1 9 1.000000
v_heavyArms.tga.002
0  41.516483 0.969970 -0.953789  0.847161 -0.479587 -0.228722  0.379989 0.961815 1 9 1.000000
0  41.482414 1.050748 -1.081780  0.779521 -0.263781 -0.568125  0.384420 0.956172 1 9 1.000000
0  41.434647 1.391558 -1.112316  0.620263 0.425446 -0.658992  0.399986 0.955098 1 9 1.000000
v_heavyArms.tga.002
0  41.434647 1.391558 -1.112316  0.620263 0.425446 -0.658992  0.398636 0.955362 1 9 1.000000
0  41.489563 1.411248 -1.019407  0.843239 0.464027 -0.271343  0.399819 0.960532 1 9 1.000000
0  41.516483 0.969970 -0.953789  0.847161 -0.479587 -0.228722  0.379218 0.962366 1 9 1.000000
v_heavyArms.tga.002
0  33.567268 1.630446 0.368979  0.392506 0.820818 0.414967  0.601242 0.018950 2 3 0.208760 2 0.791240
0  32.718773 1.046746 0.968879  0.000000 0.478379 0.878154  0.545000 0.079700 2 2 0.939762 3 0.060238
0  33.571686 1.046746 0.968879  0.353830 0.462694 0.812846  0.543627 0.019562 2 3 0.152657 2 0.847343
v_heavyArms.tga.002
0  38.203773 1.560745 -0.026121  0.547055 -0.687190 0.478018  0.585700 0.777300 3 4 0.438724 5 0.193634 7 0.367642
0  38.113472 1.498144 -0.055814  0.652218 -0.359119 -0.667567  0.590000 0.776100 4 4 0.292439 7 0.577250 5 0.123208 8 0.007102
0  38.183674 1.569945 -0.074427  0.395103 -0.858644 -0.326534  0.587400 0.778500 3 4 0.430936 5 0.191191 7 0.377873
v_heavyArms.tga.002
0  40.208557 2.155649 -0.417432  0.742992 -0.345026 0.573516  0.538900 0.909200 1 6 1.000000
0  40.229774 2.490544 -0.746123  0.824827 0.560634 -0.073145  0.516600 0.914100 1 6 1.000000
0  40.175659 2.476749 -0.457932  0.633590 0.599058 0.489584  0.521900 0.902400 1 6 1.000000
v_heavyArms.tga.002
0  33.994572 1.153944 -0.726579  -0.179947 0.388670 -0.903634  0.415500 0.543000 3 2 0.151424 3 0.831721 16 0.016855
0  33.586174 1.596646 -0.179321  0.105558 0.966141 -0.235436  0.446800 0.520800 2 3 0.299102 2 0.700898
0  33.985573 1.539944 -0.139521  -0.129711 0.935369 -0.329030  0.446800 0.543100 2 3 0.823524 2 0.176476
v_heavyArms.tga.002
0  33.956871 0.437544 -0.758824  0.076136 0.137172 -0.987617  0.372200 0.537400 3 2 0.092329 3 0.811648 16 0.096023
0  33.585571 1.215145 -0.590421  -0.127350 0.526767 -0.840416  0.417500 0.518300 2 2 0.724501 3 0.275499
0  33.994572 1.153944 -0.726579  -0.179947 0.388670 -0.903634  0.415500 0.543000 3 2 0.151424 3 0.831721 16 0.016855
v_heavyArms.tga.002
0  41.471874 -0.613756 -0.754523  0.098331 -0.947994 -0.302719  0.731715 0.961977 1 12 1.000000
0  40.229721 -0.623846 -0.369818  -0.272703 -0.363762 -0.890679  0.730458 0.886614 2 11 0.158834 12 0.841166
0  41.464172 -0.585556 -0.765023  -0.241109 -0.395759 -0.886138  0.733115 0.962877 1 12 1.000000
v_heavyArms.tga.002
0  40.042572 2.537644 -0.834923  0.064933 0.954892 -0.289766  0.491800 0.905200 1 6 1.000000
0  40.187973 2.482144 -0.869123  0.659851 0.529019 -0.533607  0.488100 0.910200 1 6 1.000000
0  40.015190 2.431395 -1.009910  0.124261 0.340585 -0.931966  0.486900 0.904100 1 6 1.000000
v_heavyArms.tga.002
0  40.052990 2.094694 -0.935711  0.248185 -0.580273 -0.775685  0.473400 0.906500 1 6 1.000000
0  40.235874 2.146744 -0.818623  0.781674 -0.400159 -0.478392  0.475800 0.913400 1 6 1.000000
0  40.108173 2.061844 -0.760823  0.432140 -0.851725 -0.296345  0.470600 0.910000 1 6 1.000000
v_heavyArms.tga.002
0  38.183674 1.569945 -0.074427  0.453571 -0.889888 -0.048712  0.428000 0.789600 3 4 0.430936 5 0.191191 7 0.377873
0  38.019371 1.465245 -0.403762  0.909968 0.081098 -0.406672  0.423200 0.776200 4 4 0.274795 7 0.597896 8 0.014271 5 0.113038
0  38.070972 1.541344 -0.375574  0.588969 -0.761731 -0.269964  0.438500 0.783900 3 4 0.390737 5 0.169915 7 0.439348
v_heavyArms.tga.002
0  37.043922 -3.314170 -0.929045  0.686220 0.502878 -0.525562  0.113356 0.689697 2 17 0.849428 18 0.150572
0  36.724724 -3.712371 -1.261699  0.118677 -0.101562 -0.987725  0.094258 0.658915 2 17 0.136603 18 0.863397
0  36.643120 -3.609453 -1.280343  0.092665 -0.038797 -0.994941  0.103075 0.655077 2 17 0.861719 18 0.138281
v_heavyArms.tga.002
0  40.175659 2.476749 -0.457932  0.633590 0.599058 0.489584  0.521900 0.902400 1 6 1.000000
0  40.229774 2.490544 -0.746123  0.824827 0.560634 -0.073145  0.516600 0.914100 1 6 1.000000
0  40.082874 2.536045 -0.703023  0.197466 0.964608 0.174750  0.512300 0.902600 1 6 1.000000
v_heavyArms.tga.002
0  36.724724 -3.712371 -1.261699  0.118677 -0.101562 -0.987725  0.094258 0.658915 2 17 0.136603 18 0.863397
0  37.034172 -4.779355 -0.858221  -0.436964 -0.789123 -0.431680  0.029600 0.661300 1 18 1.000000
0  36.332409 -3.998452 -0.955210  -0.554393 -0.641406 -0.530327  0.079304 0.628203 2 17 0.160948 18 0.839052
v_heavyArms.tga.002
0  41.046143 -1.704652 -1.319775  -0.113398 -0.410356 -0.904848  0.225200 0.919900 1 15 1.000000
0  41.470081 -1.762557 -1.152522  0.414627 -0.863017 -0.288592  0.222300 0.937000 1 15 1.000000
0  41.065685 -1.825856 -1.145823  0.008513 -0.915600 -0.402001  0.219700 0.919800 1 15 1.000000
v_heavyArms.tga.002
0  39.262669 1.801691 -0.272494  0.358121 -0.886623 0.292657  0.567340 0.851665 2 6 0.833974 5 0.166026
0  40.208557 2.155649 -0.417432  0.742992 -0.345026 0.573516  0.538900 0.909200 1 6 1.000000
0  39.293362 1.931932 0.085774  0.494135 -0.439119 0.750337  0.554794 0.843182 2 5 0.180705 6 0.819295
v_heavyArms.tga.002
0  31.885273 -2.053972 0.014120  0.332755 -0.943013 -0.000658  0.322500 0.148700 1 2 1.000000
0  30.615173 -1.823223 -1.072166  0.121837 -0.689930 -0.713550  0.268200 0.211400 1 2 1.000000
0  31.888672 -1.578090 -0.941454  0.296734 -0.668627 -0.681826  0.267900 0.147700 1 2 1.000000
v_heavyArms.tga.002
0  34.478672 -0.754856 0.863479  -0.098593 -0.381399 0.919138  0.714600 0.561400 3 2 0.085001 3 0.766242 16 0.148758
0  34.204273 -1.332854 0.381479  -0.373966 -0.615778 0.693518  0.755400 0.542600 3 2 0.079550 3 0.538456 16 0.381994
0  35.209873 -1.536654 0.578479  -0.116398 -0.504578 0.855484  0.760300 0.599900 3 2 0.001729 3 0.592746 16 0.405525
v_heavyArms.tga.002
0  38.298073 -0.721056 -0.276691  0.832617 -0.281955 -0.476709  0.291700 0.784100 4 10 0.511006 13 0.376267 14 0.056960 11 0.055767
0  37.977272 -0.674455 -0.720713  0.323146 -0.014411 -0.946240  0.312300 0.770500 4 14 0.020701 13 0.258251 10 0.690138 11 0.030910
0  38.202335 -0.427352 -0.795994  -0.089674 -0.311422 -0.946031  0.320500 0.783600 2 10 0.881587 11 0.118413
v_heavyArms.tga.002
0  38.202335 -0.427352 -0.795994  -0.089674 -0.311422 -0.946031  0.320500 0.783600 2 10 0.881587 11 0.118413
0  38.400173 -0.686256 -0.254371  0.185160 -0.965057 -0.185422  0.301500 0.796200 3 10 0.862357 11 0.130621 14 0.007022
0  38.298073 -0.721056 -0.276691  0.832617 -0.281955 -0.476709  0.291700 0.784100 4 10 0.511006 13 0.376267 14 0.056960 11 0.055767
v_heavyArms.tga.002
0  38.366772 -0.651855 0.213878  0.140604 -0.788579 0.598643  0.715200 0.770500 2 10 0.930000 11 0.070000
0  39.001225 -0.695595 0.032003  -0.055036 -0.976551 -0.208131  0.721816 0.808594 2 11 0.243643 10 0.756357
0  38.982609 -0.663918 0.078860  0.124243 -0.799150 0.588152  0.720226 0.807300 2 11 0.222088 10 0.777912
v_heavyArms.tga.002
0  33.585484 1.719707 -0.201083  0.906941 0.401801 -0.126545  0.641054 0.014577 2 3 0.260771 2 0.739229
0  33.585484 1.550305 0.069031  0.997527 0.067262 -0.020371  0.619565 0.006890 2 3 0.306533 2 0.693467
0  33.586174 1.596646 -0.179321  0.999985 0.005430 -0.001141  0.637600 0.006200 2 3 0.299102 2 0.700898
v_heavyArms.tga.002
0  33.991074 1.599745 0.160379  -0.198098 0.770567 0.605792  0.561800 0.535100 3 2 0.175553 3 0.822448 7 0.002000
0  33.601559 1.545917 0.109647  -0.694563 0.716752 -0.062043  0.563755 0.513878 3 4 0.005631 3 0.365342 2 0.629027
0  33.601582 1.545213 0.110553  -0.440725 0.896835 0.038062  0.563816 0.513883 3 4 0.004026 3 0.361236 2 0.634738
v_heavyArms.tga.002
0  33.593872 -0.483256 -0.791921  -0.301233 -0.122930 -0.945594  0.318000 0.510800 3 2 0.645243 3 0.121273 16 0.233485
0  33.982574 -1.670254 -0.735421  -0.727534 -0.342846 -0.594265  0.249100 0.526000 3 2 0.101178 3 0.046636 16 0.852186
0  33.606472 -1.025355 -0.420021  -0.879042 -0.385796 -0.280084  0.282200 0.494300 3 16 0.338174 3 0.196940 2 0.464886
v_heavyArms.tga.002
0  35.243271 -2.000155 0.328879  0.108931 -0.353336 0.929133  0.798100 0.600300 3 3 0.054702 17 0.017085 16 0.928214
0  36.018875 -1.995755 -0.029421  0.487319 -0.644755 0.588907  0.818800 0.639900 3 3 0.066862 16 0.787262 17 0.145876
0  36.025772 -1.981154 -0.028421  0.406982 -0.252397 0.877873  0.817700 0.640800 3 3 0.094290 16 0.761870 17 0.143840
v_heavyArms.tga.002
0  33.985874 -1.761855 -0.283721  -0.847528 -0.471963 0.242790  0.797100 0.525200 3 2 0.100586 16 0.864990 3 0.034424
0  34.204273 -1.332854 0.381479  -0.373966 -0.615778 0.693518  0.755400 0.542600 3 2 0.079550 3 0.538456 16 0.381994
0  33.603672 -1.099854 -0.141121  -0.729348 -0.682334 0.049715  0.765900 0.499000 3 2 0.447394 3 0.132738 16 0.419868
v_heavyArms.tga.002
0  38.417572 0.535445 0.030866  0.447279 -0.893530 0.039303  0.362600 0.806400 2 7 0.916967 8 0.083033
0  38.374973 0.461344 -0.433071  0.988327 -0.119925 -0.093954  0.360000 0.797000 4 7 0.431091 11 0.073238 10 0.430418 8 0.065253
0  38.441574 0.515344 -0.452268  0.404980 -0.903558 -0.139904  0.375400 0.802300 3 7 0.836329 8 0.145198 11 0.018474
v_heavyArms.tga.002
0  37.924973 0.446144 0.878578  0.268922 0.112333 0.956589  0.652100 0.749200 2 7 0.517027 10 0.482973
0  38.228973 0.467844 0.563779  0.919351 -0.038060 0.391594  0.648500 0.766600 2 7 0.367372 10 0.632628
0  38.375214 0.633987 0.794773  0.324255 -0.402785 0.855934  0.634700 0.773400 1 7 1.000000
v_heavyArms.tga.002
0  33.577324 -0.562956 -0.902121  0.360507 -0.323005 -0.875045  0.220175 0.025200 3 16 0.131536 3 0.098012 2 0.770453
0  32.727673 0.531144 -0.976121  0.000000 0.157526 -0.987515  0.145800 0.088600 2 2 0.951995 3 0.048005
0  33.579746 0.531144 -0.976121  0.348501 0.145294 -0.925979  0.144034 0.030330 3 3 0.138669 2 0.840609 16 0.020722
v_heavyArms.tga.002
0  39.037750 0.589216 -0.418632  0.109661 -0.974692 -0.194808  0.373686 0.836159 2 7 0.623162 8 0.376838
0  38.417572 0.535445 0.030866  0.447279 -0.893530 0.039303  0.362600 0.806400 2 7 0.916967 8 0.083033
0  38.441574 0.515344 -0.452268  0.404980 -0.903558 -0.139904  0.375400 0.802300 3 7 0.836329 8 0.145198 11 0.018474
v_heavyArms.tga.002
0  37.911373 1.469546 0.583278  0.247013 0.278623 0.928092  0.591700 0.751000 3 4 0.480715 7 0.497484 10 0.021801
0  38.084373 1.495844 0.383078  0.930114 0.236947 0.280613  0.591300 0.759300 3 4 0.279490 7 0.690409 5 0.030101
0  38.156849 1.632387 0.496246  0.507968 -0.320276 0.799620  0.574000 0.764200 3 4 0.631477 5 0.064872 7 0.303651
v_heavyArms.tga.002
0  35.194275 -2.368254 -1.377821  -0.087232 -0.009891 -0.996139  0.196200 0.595000 2 16 0.877276 17 0.122724
0  36.184074 -2.094655 -0.778721  0.932222 0.136350 -0.335218  0.204700 0.661800 3 3 0.038433 17 0.168303 16 0.793264
0  36.179073 -2.228955 -0.894921  0.676529 0.493137 -0.546923  0.194800 0.657800 2 17 0.289995 16 0.710005
v_heavyArms.tga.002
0  37.838272 -0.755056 0.886178  0.262208 -0.139204 0.954919  0.718200 0.741700 3 3 0.002249 10 0.496929 13 0.500822
0  38.159473 -0.701755 0.576278  0.868589 -0.226527 0.440724  0.718600 0.754800 2 10 0.488027 13 0.511973
0  38.363773 -0.539199 0.765983  0.325570 -0.521420 0.788749  0.699400 0.763800 2 10 0.991828 11 0.008172
v_heavyArms.tga.002
0  38.156849 1.632387 0.496246  0.507968 -0.320276 0.799620  0.574000 0.764200 3 4 0.631477 5 0.064872 7 0.303651
0  38.143673 1.510245 -0.001422  0.981484 -0.109379 0.157240  0.591100 0.773000 3 4 0.308495 7 0.575055 5 0.116451
0  38.194374 1.577244 -0.019622  0.511464 -0.849163 0.131629  0.585200 0.776600 3 4 0.436850 5 0.176635 7 0.386516
v_heavyArms.tga.002
0  38.056473 1.400944 -0.435577  0.353691 0.864753 -0.356519  0.412800 0.791800 4 7 0.739335 4 0.141098 5 0.055823 8 0.063745
0  38.937222 1.362649 -0.694265  -0.070042 0.548196 -0.833412  0.409890 0.840368 2 8 0.355180 7 0.644820
0  37.975220 1.288278 -0.695523  0.519177 0.605241 -0.603438  0.407700 0.788300 3 7 0.898188 5 0.017662 8 0.084150
v_heavyArms.tga.002
0  41.607685 -1.313056 -1.128923  0.873296 0.309423 -0.376314  0.240900 0.942600 1 15 1.000000
0  41.596081 -1.713357 -0.975823  0.890063 -0.451596 -0.062046  0.222700 0.947600 1 15 1.000000
0  41.555882 -1.670256 -1.192423  0.829041 -0.387744 -0.402920  0.226300 0.939900 1 15 1.000000
v_heavyArms.tga.002
0  41.325359 1.513689 -0.981080  0.269901 0.962694 -0.019354  0.573301 0.959550 1 9 1.000000
0  40.249374 1.553950 -0.508522  0.283153 0.735823 0.615134  0.573103 0.896863 2 8 0.151141 9 0.848859
0  41.330429 1.498024 -0.967222  0.446684 0.666326 0.597062  0.574190 0.959395 1 9 1.000000
v_heavyArms.tga.002
0  32.727673 0.136545 1.149079  0.952263 0.001808 0.305273  0.478200 0.081200 2 2 0.967311 3 0.032689
0  32.628372 -1.205236 1.136791  0.673861 -0.465235 0.573992  0.397300 0.106300 3 2 0.996752 3 0.001691 16 0.001557
0  32.725773 -0.914355 0.866979  0.968607 -0.125042 0.214861  0.400800 0.082900 3 2 0.942504 3 0.036307 16 0.021189
v_heavyArms.tga.002
0  31.881073 1.368375 1.475558  0.299635 0.489432 0.818948  0.548300 0.142900 1 2 1.000000
0  30.625973 0.048893 1.984763  0.156474 -0.027343 0.987303  0.481300 0.208200 1 2 1.000000
0  31.894772 0.072894 1.587962  0.248969 -0.028395 0.968095  0.478200 0.142000 1 2 1.000000
v_heavyArms.tga.002
0  36.639973 -0.742256 1.074878  0.012443 -0.235567 0.971778  0.713400 0.676300 2 3 0.909620 16 0.090380
0  34.478672 -0.754856 0.863479  -0.098593 -0.381399 0.919138  0.714600 0.561400 3 2 0.085001 3 0.766242 16 0.148758
0  35.209873 -1.536654 0.578479  -0.116398 -0.504578 0.855484  0.760300 0.599900 3 2 0.001729 3 0.592746 16 0.405525
v_heavyArms.tga.002
0  35.209873 -1.536654 0.578479  -0.116398 -0.504578 0.855484  0.760300 0.599900 3 2 0.001729 3 0.592746 16 0.405525
0  36.304871 -1.894854 0.587179  -0.097484 -0.786464 0.609895  0.777400 0.658200 3 3 0.809266 17 0.005703 16 0.185031
0  36.639973 -0.742256 1.074878  0.012443 -0.235567 0.971778  0.713400 0.676300 2 3 0.909620 16 0.090380
v_heavyArms.tga.002
0  36.025772 -1.981154 -0.028421  -0.028802 -0.964429 0.262768  0.817700 0.640800 3 3 0.094290 16 0.761870 17 0.143840
0  36.304871 -1.894854 0.587179  -0.097484 -0.786464 0.609895  0.777400 0.658200 3 3 0.809266 17 0.005703 16 0.185031
0  35.209873 -1.536654 0.578479  -0.116398 -0.504578 0.855484  0.760300 0.599900 3 2 0.001729 3 0.592746 16 0.405525
v_heavyArms.tga.002
0  35.209873 -1.536654 0.578479  -0.116398 -0.504578 0.855484  0.760300 0.599900 3 2 0.001729 3 0.592746 16 0.405525
0  35.243271 -2.000155 0.328879  0.116764 -0.464352 0.877920  0.798100 0.600300 3 3 0.054702 17 0.017085 16 0.928214
0  36.025772 -1.981154 -0.028421  -0.028802 -0.964429 0.262768  0.817700 0.640800 3 3 0.094290 16 0.761870 17 0.143840
v_heavyArms.tga.002
0  39.000057 1.532955 -0.092362  -0.086777 0.989974 0.111452  0.581668 0.819473 2 8 0.265920 7 0.734080
0  38.111572 1.415644 -0.038766  0.419166 0.269697 -0.866927  0.590000 0.780000 4 7 0.764452 4 0.142937 5 0.055813 8 0.036798
0  38.203674 1.445343 0.003478  0.228713 0.925507 0.301873  0.592200 0.780100 4 7 0.781111 4 0.123216 5 0.039502 8 0.056171
v_heavyArms.tga.002
0  36.081272 -2.224656 -0.132521  0.765025 -0.007313 0.643959  0.838800 0.640500 2 17 0.281611 16 0.718389
0  36.141373 -2.033955 -0.433321  0.981682 0.028497 0.188381  0.840900 0.655400 3 3 0.046946 17 0.210694 16 0.742359
0  36.010372 -2.007355 -0.060021  0.669346 -0.026860 0.742465  0.821300 0.639500 3 3 0.050378 16 0.795314 17 0.154308
v_heavyArms.tga.002
0  37.401440 -0.606169 -0.804202  0.108217 0.031564 -0.993626  0.309559 0.735179 4 3 0.157532 13 0.504643 10 0.335375 16 0.002450
0  38.237175 0.464844 -0.826509  0.300052 0.032768 -0.953360  0.362800 0.781500 3 10 0.946698 8 0.014119 11 0.039183
0  37.977272 -0.674455 -0.720713  0.323146 -0.014411 -0.946240  0.312300 0.770500 4 14 0.020701 13 0.258251 10 0.690138 11 0.030910
v_heavyArms.tga.002
0  32.627472 -0.802021 -1.161138  0.618943 -0.305337 -0.723657  0.229200 0.104900 2 2 0.998384 16 0.001616
0  31.894772 0.681112 -1.475026  0.256868 0.125566 -0.958255  0.143000 0.147100 1 2 1.000000
0  32.630875 0.616158 -1.183993  0.675650 0.104366 -0.729797  0.143100 0.103200 2 2 0.991131 3 0.008869
v_heavyArms.tga.002
0  38.363773 -0.539199 0.765983  0.325570 -0.521420 0.788749  0.699400 0.763800 2 10 0.991828 11 0.008172
0  38.262772 -0.728856 0.165278  0.970405 -0.027148 0.239953  0.722000 0.767900 4 10 0.491913 13 0.481307 11 0.011964 14 0.014815
0  38.366772 -0.651855 0.213878  0.302303 -0.934290 0.188984  0.715200 0.770500 2 10 0.930000 11 0.070000
v_heavyArms.tga.002
0  38.358273 0.306201 0.755783  0.365487 0.519855 0.772120  0.666300 0.768800 3 10 0.994226 11 0.003668 13 0.002106
0  38.228973 0.467844 0.563779  0.919351 -0.038060 0.391594  0.648500 0.766600 2 7 0.367372 10 0.632628
0  37.924973 0.446144 0.878578  0.268922 0.112333 0.956589  0.652100 0.749200 2 7 0.517027 10 0.482973
v_heavyArms.tga.002
0  41.100842 -1.215352 -1.263475  -0.052881 0.655699 -0.753168  0.245800 0.923000 1 15 1.000000
0  41.454441 -1.670953 -1.331174  0.372705 -0.394945 -0.839708  0.226400 0.936200 1 15 1.000000
0  41.046143 -1.704652 -1.319775  -0.113398 -0.410356 -0.904848  0.225200 0.919900 1 15 1.000000
v_heavyArms.tga.002
0  41.521935 -0.502712 -0.341044  0.505167 -0.574804 0.643744  0.715321 0.956443 1 12 1.000000
0  41.774773 0.152845 -0.656358  0.850810 0.422061 0.313029  0.685400 0.978100 1 12 1.000000
0  41.573135 0.204488 -0.358644  0.556913 0.513296 0.652974  0.678456 0.959667 1 12 1.000000
v_heavyArms.tga.002
0  34.363174 -1.405755 -0.865221  -0.318818 0.298415 -0.899613  0.259300 0.552200 1 16 1.000000
0  33.985672 -1.702355 -0.748020  -0.691217 -0.374289 -0.618164  0.245900 0.529600 3 2 0.067491 3 0.015295 16 0.917215
0  33.982574 -1.670254 -0.735421  -0.849384 0.117798 -0.514460  0.249100 0.526000 3 2 0.101178 3 0.046636 16 0.852186
v_heavyArms.tga.002
0  41.372124 0.882477 -0.935957  0.364532 -0.921835 0.131671  0.612716 0.968578 1 9 1.000000
0  41.516483 0.969970 -0.953789  0.847161 -0.479587 -0.228722  0.605221 0.973523 1 9 1.000000
0  41.508041 0.977162 -0.628995  0.766955 -0.456854 0.450626  0.606366 0.965156 1 9 1.000000
v_heavyArms.tga.002
0  38.084373 1.495844 0.383078  0.930114 0.236947 0.280613  0.591300 0.759300 3 4 0.279490 7 0.690409 5 0.030101
0  38.246414 1.395586 0.606373  0.102498 0.696857 0.709848  0.610000 0.770200 3 7 0.902426 4 0.074901 10 0.022673
0  38.195171 1.426745 0.016278  0.412853 0.904812 0.104248  0.593200 0.778800 4 7 0.806268 4 0.123624 5 0.031867 8 0.038242
v_heavyArms.tga.002
0  38.195171 1.426745 0.016278  0.412853 0.904812 0.104248  0.593200 0.778800 4 7 0.806268 4 0.123624 5 0.031867 8 0.038242
0  38.143673 1.510245 -0.001422  0.981484 -0.109379 0.157240  0.591100 0.773000 3 4 0.308495 7 0.575055 5 0.116451
0  38.084373 1.495844 0.383078  0.930114 0.236947 0.280613  0.591300 0.759300 3 4 0.279490 7 0.690409 5 0.030101
v_heavyArms.tga.002
0  40.143372 2.046644 -0.638522  0.528446 -0.811862 0.248242  0.544900 0.917300 1 6 1.000000
0  40.263771 2.133946 -0.712423  0.917955 -0.393113 -0.053115  0.537300 0.923400 1 6 1.000000
0  40.208557 2.155649 -0.417432  0.742992 -0.345026 0.573516  0.538900 0.909200 1 6 1.000000
v_heavyArms.tga.002
0  34.204273 -1.332854 0.381479  -0.373966 -0.615778 0.693518  0.755400 0.542600 3 2 0.079550 3 0.538456 16 0.381994
0  33.600273 -1.190154 0.196579  -0.248383 -0.966445 0.065496  0.750800 0.507900 3 16 0.282394 3 0.126136 2 0.591470
0  33.603672 -1.099854 -0.141121  -0.729348 -0.682334 0.049715  0.765900 0.499000 3 2 0.447394 3 0.132738 16 0.419868
v_heavyArms.tga.002
0  33.600273 -1.190154 0.196579  0.998783 -0.047191 0.014304  0.338000 0.007100 3 16 0.282394 3 0.126136 2 0.591470
0  33.594475 -0.858655 0.755179  0.999989 0.004481 0.001078  0.395100 0.009300 3 2 0.720299 3 0.163843 16 0.115859
0  33.594669 -0.923644 0.844399  0.796502 -0.445885 0.408376  0.394723 0.017923 3 2 0.728297 3 0.156938 16 0.114764
v_heavyArms.tga.002
0  22.191187 1.635959 1.739446  0.061789 0.561634 0.825075  0.579333 0.259736 2 1 0.016402 2 0.983598
0  20.177172 2.783024 0.789939  0.048423 0.862541 0.503665  0.635951 0.326994 2 1 0.498455 2 0.501545
0  20.191307 1.743562 1.909928  0.050127 0.561363 0.826050  0.579333 0.326359 2 1 0.478868 2 0.521132
v_heavyArms.tga.002
0  22.215584 0.019593 2.361136  0.074477 0.060962 0.995358  0.507034 0.258568 2 2 0.974243 1 0.025757
0  20.191307 1.743562 1.909928  0.050127 0.561363 0.826050  0.579333 0.326359 2 1 0.478868 2 0.521132
0  20.217302 -0.039427 2.602408  0.036637 0.003248 0.999323  0.507035 0.325191 2 1 0.319669 2 0.680331
v_heavyArms.tga.002
0  22.208416 -0.924976 -1.826494  0.005685 -0.262161 -0.965007  0.225169 0.258910 2 2 0.970610 1 0.029390
0  20.204273 -2.049462 -1.247377  0.055655 -0.698254 -0.713683  0.280220 0.325713 2 1 0.658299 2 0.341701
0  20.207773 -0.887258 -1.784646  0.069759 -0.323499 -0.943654  0.225169 0.325534 2 1 0.353414 2 0.646586
v_heavyArms.tga.002
0  22.180700 2.352285 -1.453089  0.088658 0.681647 -0.726290  0.083685 0.260238 2 1 0.024844 2 0.975156
0  20.217302 0.832505 -2.252391  0.069694 0.058096 -0.995875  0.152033 0.325191 2 1 0.481791 2 0.518209
0  20.180136 2.533726 -1.644761  0.052335 0.683985 -0.727616  0.083686 0.326861 2 1 0.499738 2 0.500262
v_heavyArms.tga.002
0  22.177919 2.578195 0.733484  0.069584 0.857684 0.509446  0.635951 0.260371 2 1 0.022308 2 0.977692
0  20.182419 3.123946 -0.259924  0.052070 0.997508 -0.047602  0.676103 0.326758 2 1 0.501604 2 0.498396
0  20.177172 2.783024 0.789939  0.048423 0.862541 0.503665  0.635951 0.326994 2 1 0.498455 2 0.501545
v_heavyArms.tga.002
0  22.204670 -2.125754 -1.276475  0.001750 -0.703098 -0.711091  0.280220 0.259090 2 2 0.934281 1 0.065719
0  20.198673 -2.648030 0.015297  0.061042 -0.997361 -0.039315  0.338416 0.326000 2 1 0.740837 2 0.259163
0  20.204273 -2.049462 -1.247377  0.055655 -0.698254 -0.713683  0.280220 0.325713 2 1 0.658299 2 0.341701
v_heavyArms.tga.002
0  22.215584 0.809997 -1.998419  0.062026 0.102325 -0.992815  0.152033 0.258567 2 2 0.985507 1 0.014493
0  20.207773 -0.887258 -1.784646  0.069759 -0.323499 -0.943654  0.225169 0.325534 2 1 0.353414 2 0.646586
0  20.217302 0.832505 -2.252391  0.069694 0.058096 -0.995875  0.152033 0.325191 2 1 0.481791 2 0.518209
v_heavyArms.tga.002
0  22.198679 -2.744214 0.015807  -0.000487 -0.999311 -0.037115  0.338818 0.259377 2 2 0.919967 1 0.080033
0  20.209675 -1.956692 1.808823  0.042150 -0.699097 0.713783  0.418618 0.325437 2 1 0.694201 2 0.305799
0  20.198673 -2.648030 0.015297  0.061042 -0.997361 -0.039315  0.338818 0.326001 2 1 0.740837 2 0.259163
v_heavyArms.tga.002
0  22.182842 2.886943 -0.209212  0.080805 0.995832 -0.042306  0.028772 0.260135 2 1 0.027324 2 0.972676
0  20.180136 2.533726 -1.644761  0.052335 0.683985 -0.727616  0.083686 0.326861 2 1 0.499738 2 0.500262
0  20.182419 3.123946 -0.259924  0.052070 0.997508 -0.047602  0.028772 0.326758 2 1 0.501604 2 0.498396
v_heavyArms.tga.002
0  22.210449 -2.029852 1.851521  0.025144 -0.676590 0.735931  0.418618 0.258813 2 2 0.927651 1 0.072349
0  20.217302 -0.039427 2.602408  0.036637 0.003248 0.999323  0.507035 0.325191 2 1 0.319669 2 0.680331
0  20.209675 -1.956692 1.808823  0.042150 -0.699097 0.713783  0.418618 0.325437 2 1 0.694201 2 0.305799
v_heavyArms.tga.002
0  20.177172 2.783024 0.789939  0.048423 0.862541 0.503665  0.635951 0.326994 2 1 0.498455 2 0.501545
0  18.182695 3.096077 -0.229257  0.022978 0.998860 -0.041847  0.676103 0.460472 2 1 0.952188 2 0.047812
0  18.177725 2.762540 0.806274  0.025388 0.862707 0.505067  0.635951 0.460708 2 1 0.954998 2 0.045002
v_heavyArms.tga.002
0  20.217302 0.832505 -2.252391  0.069694 0.058096 -0.995875  0.152033 0.325191 2 1 0.481791 2 0.518209
0  18.208508 -1.017485 -2.005266  0.068162 -0.283354 -0.956590  0.225169 0.459248 2 1 0.941417 2 0.058583
0  18.215744 0.854610 -2.194439  0.011557 0.122530 -0.992398  0.152034 0.458905 2 1 0.956867 2 0.043133
v_heavyArms.tga.002
0  20.198673 -2.648030 0.015297  0.061042 -0.997361 -0.039315  0.338818 0.326001 2 1 0.740837 2 0.259163
0  18.210560 -2.209511 2.033319  0.115918 -0.661351 0.741065  0.418618 0.459151 2 1 0.950604 2 0.049396
0  18.198679 -2.980749 0.017995  0.114660 -0.992718 -0.036942  0.338818 0.459714 2 1 0.957746 2 0.042254
v_heavyArms.tga.002
0  20.191307 1.743562 1.909928  0.050127 0.561363 0.826050  0.579333 0.326359 2 1 0.478868 2 0.521132
0  18.177725 2.762540 0.806274  0.025388 0.862707 0.505067  0.635951 0.460708 2 1 0.954998 2 0.045002
0  18.191116 1.745625 1.910613  0.027616 0.564569 0.824924  0.579333 0.460073 2 1 0.953666 2 0.046334
v_heavyArms.tga.002
0  20.180136 2.533726 -1.644761  0.052335 0.683985 -0.727616  0.083686 0.326861 2 1 0.499738 2 0.500262
0  18.215744 0.854610 -2.194439  0.011557 0.122530 -0.992398  0.152034 0.458905 2 1 0.956867 2 0.043133
0  18.180532 2.518578 -1.594910  0.018334 0.687831 -0.725639  0.083686 0.460575 2 1 0.954137 2 0.045863
v_heavyArms.tga.002
0  20.217302 -0.039427 2.602408  0.036637 0.003248 0.999323  0.507035 0.325191 2 1 0.319669 2 0.680331
0  18.191116 1.745625 1.910613  0.027616 0.564569 0.824924  0.579333 0.460073 2 1 0.953666 2 0.046334
0  18.215744 0.001748 2.593523  0.046827 0.048230 0.997738  0.507035 0.458905 2 1 0.937181 2 0.062819
v_heavyArms.tga.002
0  20.209675 -1.956692 1.808823  0.042150 -0.699097 0.713783  0.418618 0.325437 2 1 0.694201 2 0.305799
0  18.215744 0.001748 2.593523  0.046827 0.048230 0.997738  0.507035 0.458905 2 1 0.937181 2 0.062819
0  18.210560 -2.209511 2.033319  0.115918 -0.661351 0.741065  0.418618 0.459151 2 1 0.950604 2 0.049396
v_heavyArms.tga.002
0  20.182419 3.123946 -0.259924  0.052070 0.997508 -0.047602  0.028772 0.326758 2 1 0.501604 2 0.498396
0  18.180532 2.518578 -1.594910  0.018334 0.687831 -0.725639  0.083686 0.460575 2 1 0.954137 2 0.045863
0  18.182695 3.096077 -0.229257  0.022978 0.998860 -0.041847  0.028772 0.460472 2 1 0.952188 2 0.047812
v_heavyArms.tga.002
0  20.207773 -0.887258 -1.784646  0.069759 -0.323499 -0.943654  0.225169 0.325534 2 1 0.353414 2 0.646586
0  18.204727 -2.313446 -1.401533  0.102501 -0.703952 -0.702812  0.280220 0.459427 2 1 0.949862 2 0.050138
0  18.208508 -1.017485 -2.005266  0.068162 -0.283354 -0.956590  0.225169 0.459248 2 1 0.941417 2 0.058583
v_heavyArms.tga.002
0  20.204273 -2.049462 -1.247377  0.055655 -0.698254 -0.713683  0.280220 0.325713 2 1 0.658299 2 0.341701
0  18.198679 -2.980749 0.017995  0.114660 -0.992718 -0.036942  0.338416 0.459714 2 1 0.957746 2 0.042254
0  18.204727 -2.313446 -1.401533  0.102501 -0.703952 -0.702812  0.280220 0.459427 2 1 0.949862 2 0.050138
v_heavyArms.tga.002
0  18.177725 2.762540 0.806274  0.025388 0.862707 0.505067  0.598292 0.204066 2 1 0.954998 2 0.045002
0  10.681357 3.539271 -0.268067  0.059471 0.997280 -0.043552  0.635018 0.436485 1 1 1.000000
0  10.675968 3.153872 0.947732  0.055241 0.866256 0.496537  0.598292 0.436701 1 1 1.000000
v_heavyArms.tga.002
0  18.204727 -2.313446 -1.401533  0.102501 -0.703952 -0.702812  0.273184 0.202894 2 1 0.949862 2 0.050138
0  10.698685 -3.482418 0.022238  0.067267 -0.997072 -0.036382  0.326414 0.435792 1 1 1.000000
0  10.705242 -2.711311 -1.644343  0.060930 -0.711323 -0.700220  0.273184 0.435529 1 1 1.000000
v_heavyArms.tga.002
0  18.208508 -1.017485 -2.005266  0.068162 -0.283354 -0.956590  0.222829 0.202730 2 1 0.941417 2 0.058583
0  10.705242 -2.711311 -1.644343  0.060930 -0.711323 -0.700220  0.273184 0.435529 1 1 1.000000
0  10.709340 -1.213850 -2.352807  0.051791 -0.270040 -0.961455  0.222830 0.435365 1 1 1.000000
v_heavyArms.tga.002
0  18.182695 3.096077 -0.229257  0.022978 0.998860 -0.041847  0.043190 0.203850 2 1 0.952188 2 0.047812
0  10.679012 2.871973 -1.871374  0.058596 0.693669 -0.717907  0.093418 0.436579 1 1 1.000000
0  10.681357 3.539271 -0.268067  0.059471 0.997280 -0.043552  0.043190 0.436485 1 1 1.000000
v_heavyArms.tga.002
0  18.210560 -2.209511 2.033319  0.115918 -0.661351 0.741065  0.399502 0.202641 2 1 0.950604 2 0.049396
0  10.717185 -0.036188 3.045423  0.059249 0.063212 0.996240  0.480375 0.435051 1 1 1.000000
0  10.711567 -2.591217 2.388268  0.068379 -0.668211 0.740823  0.399502 0.435276 1 1 1.000000
v_heavyArms.tga.002
0  18.215744 0.001748 2.593523  0.046827 0.048230 0.997738  0.480375 0.202416 2 1 0.937181 2 0.062819
0  10.690487 1.978794 2.244014  0.054723 0.570526 0.819454  0.546504 0.436120 1 1 1.000000
0  10.717185 -0.036188 3.045423  0.059249 0.063212 0.996240  0.480375 0.435051 1 1 1.000000
v_heavyArms.tga.002
0  18.180532 2.518578 -1.594910  0.018334 0.687831 -0.725639  0.093418 0.203944 2 1 0.954137 2 0.045863
0  10.717185 0.949232 -2.574757  0.051335 0.125737 -0.990735  0.155934 0.435051 1 1 1.000000
0  10.679012 2.871973 -1.871374  0.058596 0.693669 -0.717907  0.093418 0.436579 1 1 1.000000
v_heavyArms.tga.002
0  18.191116 1.745625 1.910613  0.027616 0.564569 0.824924  0.546504 0.203485 2 1 0.953666 2 0.046334
0  10.675968 3.153872 0.947732  0.055241 0.866256 0.496537  0.598292 0.436701 1 1 1.000000
0  10.690487 1.978794 2.244014  0.054723 0.570526 0.819454  0.546504 0.436120 1 1 1.000000
v_heavyArms.tga.002
0  18.198679 -2.980749 0.017995  0.114660 -0.992718 -0.036942  0.326511 0.203157 2 1 0.957746 2 0.042254
0  10.711567 -2.591217 2.388268  0.068379 -0.668211 0.740823  0.399502 0.435276 1 1 1.000000
0  10.698685 -3.482418 0.022238  0.067267 -0.997072 -0.036382  0.326511 0.435792 1 1 1.000000
v_heavyArms.tga.002
0  18.215744 0.854610 -2.194439  0.011557 0.122530 -0.992398  0.155934 0.202416 2 1 0.956867 2 0.043133
0  10.709340 -1.213850 -2.352807  0.051791 -0.270040 -0.961455  0.222830 0.435365 1 1 1.000000
0  10.717185 0.949232 -2.574757  0.051335 0.125737 -0.990735  0.155934 0.435051 1 1 1.000000
v_heavyArms.tga.002
0  39.035992 0.275832 0.575146  0.236648 0.612784 0.753985  0.671840 0.804081 2 11 0.150812 10 0.849188
0  38.363773 -0.539199 0.765983  0.325570 -0.521420 0.788749  0.699400 0.763800 2 10 0.991828 11 0.008172
0  39.009933 -0.567958 0.586966  0.193946 -0.636163 0.746781  0.705034 0.799811 2 11 0.166488 10 0.833512
v_heavyArms.tga.002
0  38.366772 -0.651855 0.213878  0.302303 -0.934290 0.188984  0.715200 0.770500 2 10 0.930000 11 0.070000
0  39.009933 -0.567958 0.586966  0.193946 -0.636163 0.746781  0.705034 0.799811 2 11 0.166488 10 0.833512
0  38.363773 -0.539199 0.765983  0.325570 -0.521420 0.788749  0.699400 0.763800 2 10 0.991828 11 0.008172
v_heavyArms.tga.002
0  40.135361 -0.657008 -0.327382  -0.060737 -0.953811 -0.294203  0.728029 0.880983 3 10 0.006007 12 0.156621 11 0.837372
0  39.087708 -0.664475 -0.007271  -0.246840 -0.454795 -0.855705  0.724504 0.814917 2 11 0.771444 10 0.228556
0  40.130638 -0.627155 -0.338236  -0.270463 -0.366418 -0.890274  0.730086 0.880441 3 10 0.006284 11 0.829868 12 0.163848
v_heavyArms.tga.002
0  38.358273 0.306201 0.755783  0.365487 0.519855 0.772120  0.666300 0.768800 3 10 0.994226 11 0.003668 13 0.002106
0  39.013348 0.402003 0.053227  0.043673 0.975911 0.213753  0.657119 0.813666 3 7 0.053947 10 0.737392 11 0.208661
0  38.410873 0.384545 0.144278  0.411286 0.896167 0.166523  0.653200 0.783200 3 10 0.726456 11 0.058866 7 0.214678
v_heavyArms.tga.002
0  41.142681 -1.914956 -0.849123  0.108671 -0.993183 -0.042162  0.819500 0.933000 1 15 1.000000
0  40.176838 -1.891931 -0.602256  -0.200600 -0.604816 -0.770686  0.820704 0.870529 2 15 0.863574 14 0.136426
0  41.127186 -1.874156 -0.882623  -0.150250 -0.657950 -0.737920  0.822400 0.933100 1 15 1.000000
v_heavyArms.tga.002
0  40.304771 -1.099753 0.097509  0.351045 0.535637 0.768024  0.759863 0.872477 2 14 0.212251 15 0.787749
0  41.273422 -1.807784 -0.395590  0.376601 -0.684602 0.624093  0.801400 0.929200 1 15 1.000000
0  41.246323 -1.200786 -0.285590  0.440506 0.541382 0.716143  0.772900 0.932000 1 15 1.000000
v_heavyArms.tga.002
0  38.120110 -1.630611 -0.819216  0.007369 -0.375458 -0.926810  0.230700 0.777400 3 13 0.813121 14 0.087401 10 0.099479
0  38.956806 -1.008226 -0.764302  0.051883 0.648893 -0.759108  0.257725 0.825760 3 10 0.072447 14 0.379926 13 0.547627
0  38.870354 -1.678076 -0.848860  -0.074243 -0.391074 -0.917360  0.227878 0.820773 3 13 0.608452 10 0.016294 14 0.375254
v_heavyArms.tga.002
0  41.123882 -1.064057 -0.720323  0.250544 0.941800 0.224142  0.757700 0.942800 1 15 1.000000
0  40.240814 -0.991393 -0.367983  0.340434 0.495962 0.798828  0.744801 0.884599 2 15 0.787502 14 0.212498
0  41.122986 -1.093556 -0.708823  0.411728 0.320052 0.853256  0.758900 0.942000 1 15 1.000000
v_heavyArms.tga.002
0  40.241863 -0.993710 -0.432236  -0.105743 0.829894 -0.547808  0.685232 0.890239 2 14 0.187269 15 0.812731
0  41.123882 -1.064057 -0.720323  0.250544 0.941800 0.224142  0.757700 0.942800 1 15 1.000000
0  41.122986 -1.101357 -0.769423  -0.115131 0.791987 -0.599585  0.755900 0.945200 1 15 1.000000
v_heavyArms.tga.002
0  40.192627 -1.915081 -0.545758  0.068883 -0.986474 0.148745  0.815812 0.870630 2 14 0.131177 15 0.868823
0  41.273422 -1.807784 -0.395590  0.376601 -0.684602 0.624093  0.801400 0.929200 1 15 1.000000
0  40.272987 -1.833800 -0.034964  0.244862 -0.712240 0.657842  0.794715 0.867226 2 15 0.832833 14 0.167167
v_heavyArms.tga.002
0  38.331272 -0.826956 0.113378  0.587146 0.299155 0.752174  0.726600 0.773000 3 13 0.700193 14 0.055963 10 0.243844
0  39.033913 -0.862130 -0.078796  0.127175 0.987056 0.097713  0.728112 0.824647 3 14 0.313462 13 0.635612 10 0.050927
0  38.369873 -0.786855 0.065278  0.265595 0.927378 -0.263496  0.724900 0.775300 3 13 0.692432 14 0.079336 10 0.228232
v_heavyArms.tga.002
0  38.331272 -0.826956 0.113378  0.466278 0.862682 0.195870  0.726600 0.773000 3 13 0.700193 14 0.055963 10 0.243844
0  39.034595 -1.000762 0.487986  0.311267 0.532508 0.787114  0.748141 0.807646 2 14 0.160102 13 0.839898
0  39.021843 -0.888445 -0.046610  0.133114 0.970494 0.201051  0.731679 0.821781 3 10 0.049090 14 0.294020 13 0.656890
v_heavyArms.tga.002
0  38.868576 -1.845278 -0.623639  -0.052411 -0.909766 -0.411799  0.218090 0.821569 2 14 0.349757 13 0.650243
0  38.090374 -1.878354 -0.367822  0.042401 -0.969593 -0.241021  0.205700 0.784400 3 13 0.923737 14 0.074943 10 0.001320
0  38.092072 -1.812554 -0.607122  0.027994 -0.873573 -0.485887  0.219500 0.779600 3 13 0.876221 14 0.084342 10 0.039437
v_heavyArms.tga.002
0  40.230656 -1.053229 -0.687484  0.043720 0.973715 -0.223533  0.260268 0.878469 2 14 0.157124 15 0.842876
0  41.100842 -1.215352 -1.263475  -0.052881 0.655699 -0.753168  0.245800 0.923000 1 15 1.000000
0  40.178017 -1.118297 -0.986413  -0.130950 0.687004 -0.714757  0.251461 0.875830 2 15 0.846257 14 0.153743
v_heavyArms.tga.002
0  38.089672 -1.919457 -0.331522  0.022747 -0.999693 -0.009847  0.821400 0.753700 2 13 0.928241 14 0.071759
0  38.890556 -1.926867 -0.315528  0.001880 -0.689973 0.723833  0.815332 0.803275 2 14 0.298759 13 0.701241
0  38.089973 -1.894856 -0.308122  0.002720 -0.689217 0.724550  0.819100 0.753600 2 13 0.942094 14 0.057906
v_heavyArms.tga.002
0  41.122986 -1.093556 -0.708823  0.245053 0.954288 0.171123  0.758900 0.942000 1 15 1.000000
0  40.304771 -1.099753 0.097509  0.351045 0.535637 0.768024  0.759863 0.872477 2 14 0.212251 15 0.787749
0  41.246323 -1.200786 -0.285590  0.440506 0.541382 0.716143  0.772900 0.932000 1 15 1.000000
v_heavyArms.tga.002
0  33.601582 1.545213 0.110553  -0.440725 0.896835 0.038062  0.616501 0.007252 3 4 0.004026 3 0.361236 2 0.634738
0  33.601559 1.545917 0.109647  -0.694563 0.716752 -0.062043  0.616572 0.007290 3 4 0.005631 3 0.365342 2 0.629027
0  33.601765 1.544796 0.108329  0.029088 0.924619 -0.379780  0.616775 0.007027 3 4 0.003124 3 0.355266 2 0.641610
v_heavyArms.tga.002
0  33.568878 1.740008 -0.204253  0.403290 0.883253 -0.239211  0.641600 0.015900 2 3 0.222329 2 0.777671
0  33.585281 1.702816 -0.121679  0.943840 0.324082 0.064317  0.635568 0.013744 2 3 0.272126 2 0.727874
0  33.585484 1.719707 -0.201083  0.906941 0.401801 -0.126545  0.641054 0.014577 2 3 0.260771 2 0.739229
v_heavyArms.tga.002
0  33.576176 -1.162656 -0.477921  0.423301 -0.722423 -0.546737  0.277541 0.022127 3 16 0.214564 3 0.130801 2 0.654635
0  33.593872 -0.552972 -0.888317  0.894579 -0.129389 -0.427770  0.219699 0.022873 3 16 0.184112 3 0.131839 2 0.684049
0  33.594429 -1.144322 -0.467677  0.895231 -0.352622 -0.272433  0.277233 0.019391 3 16 0.301148 3 0.186205 2 0.512648
v_heavyArms.tga.002
0  33.574291 -1.384035 0.166579  0.387025 -0.917762 0.089018  0.331430 0.021510 3 16 0.214419 3 0.096155 2 0.689425
0  33.594429 -1.144322 -0.467677  0.895231 -0.352622 -0.272433  0.277233 0.019391 3 16 0.301148 3 0.186205 2 0.512648
0  33.591797 -1.366511 0.180816  0.808771 -0.552605 0.201289  0.331518 0.018799 3 16 0.305649 3 0.120738 2 0.573613
v_heavyArms.tga.002
0  33.577324 -0.562956 -0.902121  0.360507 -0.323005 -0.875045  0.220175 0.025200 3 16 0.131536 3 0.098012 2 0.770453
0  33.596249 0.528259 -0.961129  0.896159 0.069542 -0.438251  0.144011 0.028159 3 3 0.189708 2 0.774017 16 0.036275
0  33.593872 -0.552972 -0.888317  0.894579 -0.129389 -0.427770  0.219699 0.022873 3 16 0.184112 3 0.131839 2 0.684049
v_heavyArms.tga.002
0  33.579746 0.531144 -0.976121  0.348501 0.145294 -0.925979  0.144034 0.030330 3 3 0.138669 2 0.840609 16 0.020722
0  33.584789 1.289755 -0.667545  0.898352 0.242747 -0.366111  0.090513 0.031246 2 3 0.237811 2 0.762189
0  33.596249 0.528259 -0.961129  0.896159 0.069542 -0.438251  0.144011 0.028159 3 3 0.189708 2 0.774017 16 0.036275
v_heavyArms.tga.002
0  33.568157 1.301642 -0.679018  0.358367 0.526105 -0.771224  0.090292 0.033394 2 3 0.186369 2 0.813631
0  33.585484 1.719707 -0.201083  0.906941 0.401801 -0.126545  0.048809 0.031554 2 3 0.260771 2 0.739229
0  33.584789 1.289755 -0.667545  0.898352 0.242747 -0.366111  0.090513 0.031246 2 3 0.237811 2 0.762189
v_heavyArms.tga.002
0  33.567268 1.630446 0.368979  0.392506 0.820818 0.414967  0.601242 0.018950 2 3 0.208760 2 0.791240
0  33.588280 1.033091 0.958285  0.886630 0.197588 0.418146  0.543069 0.017339 2 3 0.194090 2 0.805910
0  33.583923 1.610588 0.365017  0.913039 0.352567 0.205077  0.600550 0.016560 2 3 0.265783 2 0.734217
v_heavyArms.tga.002
0  33.579800 0.136545 1.149079  0.383751 -0.053443 0.921889  0.477219 0.018610 2 2 0.890124 3 0.109876
0  33.594669 -0.923644 0.844399  0.796502 -0.445885 0.408376  0.395026 0.016895 3 2 0.728297 3 0.156938 16 0.114764
0  33.595840 0.150560 1.132874  0.898278 0.028936 0.438473  0.478177 0.015843 2 2 0.851924 3 0.148076
v_heavyArms.tga.002
0  33.571686 1.046746 0.968879  0.353830 0.462694 0.812846  0.543627 0.019562 2 3 0.152657 2 0.847343
0  33.595840 0.150560 1.132874  0.898278 0.028936 0.438473  0.478693 0.016359 2 2 0.851924 3 0.148076
0  33.588280 1.033091 0.958285  0.886630 0.197588 0.418146  0.543069 0.017339 2 3 0.194090 2 0.805910
v_heavyArms.tga.002
0  33.568878 1.740008 -0.204253  0.403290 0.883253 -0.239211  0.641621 0.017068 2 3 0.222329 2 0.777671
0  33.583923 1.610588 0.365017  0.913039 0.352567 0.205077  0.600550 0.016560 2 3 0.265783 2 0.734217
0  33.585281 1.702816 -0.121679  0.943840 0.324082 0.064317  0.634834 0.014946 2 3 0.272126 2 0.727874
v_heavyArms.tga.002
0  33.585484 1.550305 0.069031  0.997527 0.067262 -0.020371  0.619565 0.006890 2 3 0.306533 2 0.693467
0  33.585281 1.702816 -0.121679  0.943840 0.324082 0.064317  0.634834 0.014946 2 3 0.272126 2 0.727874
0  33.587791 1.537856 0.139395  0.583426 0.797100 0.155709  0.614078 0.007405 2 3 0.298615 2 0.701385
v_heavyArms.tga.002
0  33.578018 -0.914355 0.866979  0.345598 -0.503127 0.792102  0.396778 0.019524 3 16 0.083639 3 0.115635 2 0.800727
0  33.591797 -1.366511 0.180816  0.808771 -0.552605 0.201289  0.332866 0.019773 3 16 0.305649 3 0.120738 2 0.573613
0  33.594669 -0.923644 0.844399  0.796502 -0.445885 0.408376  0.394723 0.017923 3 2 0.728297 3 0.156938 16 0.114764
v_heavyArms.tga.002
0  34.167072 1.648545 0.404679  -0.220496 0.883115 0.414114  0.572600 0.547500 3 2 0.183854 3 0.809432 7 0.006714
0  33.601582 1.545213 0.110553  -0.440725 0.896835 0.038062  0.563816 0.513883 3 4 0.004026 3 0.361236 2 0.634738
0  33.599884 1.545579 0.115868  -0.176820 0.981223 0.077046  0.564117 0.513861 3 4 0.006219 3 0.372334 2 0.621447
v_heavyArms.tga.002
0  41.121834 -1.164714 -0.998962  0.048532 0.974839 -0.217564  0.253164 0.924004 1 15 1.000000
0  40.241863 -0.993710 -0.432236  0.034641 0.972693 -0.229495  0.271671 0.881730 2 14 0.187269 15 0.812731
0  41.122986 -1.101357 -0.769423  0.037862 0.963273 -0.265842  0.263673 0.926736 1 15 1.000000
v_heavyArms.tga.002
0  40.126347 -1.696635 -1.060712  -0.238237 -0.389379 -0.889734  0.226124 0.872543 2 14 0.153211 15 0.846789
0  41.065685 -1.825856 -1.145823  0.008513 -0.915600 -0.402001  0.219700 0.919800 1 15 1.000000
0  40.138916 -1.841597 -0.858096  -0.096857 -0.917854 -0.384919  0.218484 0.872616 2 15 0.849108 14 0.150892
v_heavyArms.tga.002
0  40.192627 -1.915081 -0.545758  0.208196 -0.687647 0.695554  0.815812 0.870630 2 14 0.131177 15 0.868823
0  41.142681 -1.914956 -0.849123  0.108671 -0.993183 -0.042162  0.819500 0.933000 1 15 1.000000
0  41.148281 -1.890757 -0.826823  0.298715 -0.683210 0.666328  0.818000 0.932900 1 15 1.000000
v_heavyArms.tga.002
0  41.127186 -1.874156 -0.882623  0.056015 -0.981093 -0.185254  0.208500 0.921900 1 15 1.000000
0  40.138916 -1.841597 -0.858096  -0.096857 -0.917854 -0.384919  0.218484 0.872616 2 15 0.849108 14 0.150892
0  41.065685 -1.825856 -1.145823  0.008513 -0.915600 -0.402001  0.219700 0.919800 1 15 1.000000
v_heavyArms.tga.002
0  38.327896 -0.950441 0.741011  0.428616 0.322493 0.843971  0.743800 0.761000 2 13 0.829052 10 0.170948
0  38.959286 -1.849849 0.316817  0.154335 -0.750356 0.642764  0.787748 0.801582 2 14 0.106578 13 0.893422
0  39.034595 -1.000762 0.487986  0.311267 0.532508 0.787114  0.748141 0.807646 2 14 0.160102 13 0.839898
v_heavyArms.tga.002
0  38.183674 1.569945 -0.074427  0.453571 -0.889888 -0.048712  0.428000 0.789600 3 4 0.430936 5 0.191191 7 0.377873
0  38.381840 1.599738 -0.372308  0.181485 -0.978898 -0.093926  0.438889 0.802096 2 5 0.487833 4 0.512167
0  38.441761 1.621018 -0.136254  0.205173 -0.977992 0.037899  0.430075 0.806035 2 5 0.484035 4 0.515965
v_heavyArms.tga.002
0  38.018948 2.389486 0.368345  0.126731 0.753046 0.645647  0.538900 0.754100 2 4 0.988594 5 0.011406
0  38.455059 1.712947 0.383856  0.407516 -0.508118 0.758780  0.567514 0.784087 2 5 0.255580 4 0.744420
0  38.353432 2.404557 0.280399  0.145406 0.733659 0.663778  0.536117 0.774550 2 5 0.144666 4 0.855334
v_heavyArms.tga.002
0  37.941750 2.266984 -0.745373  -0.023656 0.525150 -0.850681  0.475100 0.773200 2 4 0.831169 5 0.168831
0  38.329132 1.646365 -0.621303  0.100183 -0.686274 -0.720411  0.446391 0.798501 3 5 0.459292 4 0.525248 6 0.015460
0  37.981949 1.604481 -0.638926  0.576702 -0.425551 -0.697367  0.445100 0.778900 3 4 0.498256 5 0.176871 7 0.324873
v_heavyArms.tga.002
0  39.207939 2.536179 -0.418139  -0.175451 0.875693 -0.449865  0.508729 0.836793 2 6 0.904534 5 0.095466
0  40.077576 2.553644 -0.720223  0.204042 0.978858 0.014253  0.510800 0.902400 1 6 1.000000
0  40.074875 2.536644 -0.749223  0.050901 0.855478 -0.515331  0.509100 0.903000 1 6 1.000000
v_heavyArms.tga.002
0  40.052990 2.094694 -0.935711  0.248185 -0.580273 -0.775685  0.473400 0.906500 1 6 1.000000
0  39.158226 2.379935 -0.791925  -0.224345 0.382005 -0.896517  0.484990 0.849388 2 5 0.104529 6 0.895471
0  40.015190 2.431395 -1.009910  0.124261 0.340585 -0.931966  0.486900 0.904100 1 6 1.000000
v_heavyArms.tga.002
0  40.126457 -0.593182 -0.526736  -0.042898 -0.929453 -0.366438  0.291637 0.898768 2 11 0.781707 12 0.218293
0  39.087708 -0.664475 -0.007271  0.016714 -0.998102 -0.059271  0.288102 0.840967 2 11 0.771444 10 0.228556
0  39.097130 -0.648355 -0.307989  0.009349 -0.965461 -0.260381  0.297674 0.840470 3 11 0.794846 12 0.018305 10 0.186849
v_heavyArms.tga.002
0  40.145382 -0.983571 -0.401496  -0.074545 0.835431 -0.544517  0.677312 0.884981 2 15 0.171007 14 0.828993
0  39.132919 -0.871751 -0.101970  0.113286 0.987020 0.113835  0.728947 0.830754 2 14 0.868621 13 0.131379
0  40.149891 -0.954294 -0.357195  0.140938 0.971959 0.188232  0.741156 0.880787 2 15 0.154708 14 0.845292
v_heavyArms.tga.002
0  40.226898 -0.625477 -0.310636  0.190531 -0.836239 0.514200  0.725913 0.887695 2 12 0.824814 11 0.175186
0  41.471874 -0.613756 -0.754523  0.098331 -0.947994 -0.302719  0.731715 0.961977 1 12 1.000000
0  41.474972 -0.586755 -0.707523  0.315664 -0.831605 0.456935  0.729515 0.961077 1 12 1.000000
v_heavyArms.tga.002
0  40.198673 0.672326 -0.439576  0.163330 -0.967780 0.191638  0.634069 0.902601 2 9 0.108877 8 0.891123
0  39.148743 0.588037 -0.071672  0.258918 -0.750765 0.607711  0.641353 0.833240 2 7 0.171020 8 0.828980
0  39.155148 0.564229 -0.103951  0.087438 -0.995142 -0.045251  0.642771 0.833837 2 7 0.159193 8 0.840807
v_heavyArms.tga.002
0  40.077576 2.553644 -0.720223  0.204042 0.978858 0.014253  0.510800 0.902400 1 6 1.000000
0  39.205929 2.532230 -0.357398  0.171116 0.839647 0.515474  0.512770 0.836260 2 5 0.100516 6 0.899484
0  40.082874 2.536045 -0.703023  0.353787 0.719388 0.597760  0.512300 0.902600 1 6 1.000000
v_heavyArms.tga.002
0  36.245472 -0.480156 -0.949328  0.063827 0.081178 -0.994654  0.304500 0.670000 3 3 0.817021 13 0.020007 16 0.162973
0  37.240997 0.374564 -0.778539  0.084822 0.037902 -0.995675  0.358146 0.727104 3 3 0.601425 10 0.396573 13 0.002001
0  37.196690 -0.582963 -0.825331  0.107518 0.047985 -0.993044  0.308627 0.723176 4 10 0.229997 16 0.021423 13 0.369316 3 0.379264
v_heavyArms.tga.002
0  37.127872 -1.872133 0.626825  0.008667 -0.784652 0.619876  0.777646 0.698595 3 3 0.717592 16 0.009913 13 0.272495
0  36.025772 -1.981154 -0.028421  -0.028802 -0.964429 0.262768  0.817700 0.640800 3 3 0.094290 16 0.761870 17 0.143840
0  37.128529 -1.896909 0.337630  0.046081 -0.995288 0.085316  0.790415 0.697558 3 13 0.579432 16 0.101994 3 0.318574
v_heavyArms.tga.002
0  37.373775 1.363697 -0.766803  0.060750 0.050778 -0.996861  0.417536 0.742850 4 4 0.152289 7 0.596284 3 0.250473 5 0.000954
0  38.237175 0.464844 -0.826509  0.300052 0.032768 -0.953360  0.362800 0.781500 3 10 0.946698 8 0.014119 11 0.039183
0  37.446442 0.393184 -0.758575  0.001027 0.019895 -0.999802  0.359106 0.738323 3 10 0.718821 3 0.278863 13 0.002316
v_heavyArms.tga.002
0  37.144794 2.332156 0.500220  -0.045122 0.774651 0.630778  0.544738 0.708109 3 4 0.450119 7 0.023646 3 0.526235
0  36.580574 2.337944 0.120278  -0.175729 0.972331 0.153922  0.529000 0.675700 1 3 1.000000
0  36.647873 2.287445 0.482778  -0.133367 0.790907 0.597227  0.547900 0.681400 1 3 1.000000
v_heavyArms.tga.002
0  37.191551 0.378280 1.065459  0.216422 0.105258 0.970609  0.655617 0.714927 3 3 0.571353 10 0.358688 7 0.069959
0  36.639973 -0.742256 1.074878  0.012443 -0.235567 0.971778  0.713400 0.676300 2 3 0.909620 16 0.090380
0  37.174629 -0.748571 1.016639  0.103846 -0.200243 0.974227  0.715768 0.708565 3 3 0.514443 13 0.255303 10 0.230254
v_heavyArms.tga.002
0  37.215801 -1.944947 -0.397501  0.103142 -0.991946 -0.073523  0.205093 0.739834 4 10 0.024399 13 0.601136 16 0.122002 3 0.252462
0  36.224274 -2.043957 -0.771721  0.171808 -0.724818 -0.667174  0.222800 0.680600 3 3 0.084925 17 0.147681 16 0.767394
0  37.217022 -1.920953 -0.684227  0.123541 -0.836840 -0.533326  0.221046 0.733224 4 13 0.586730 10 0.035637 16 0.081113 3 0.296520
v_heavyArms.tga.002
0  37.326370 -1.880255 0.438759  0.043224 -0.996150 0.076262  0.785022 0.708777 2 13 0.796715 3 0.203285
0  38.089973 -1.894856 -0.308122  0.022919 -0.995467 0.092300  0.819100 0.753600 2 13 0.942094 14 0.057906
0  37.568375 -1.857957 0.606879  0.094408 -0.769682 0.631408  0.777800 0.723800 2 13 0.999050 3 0.000950
v_heavyArms.tga.002
0  37.189022 1.342404 0.791482  0.198504 0.276697 0.940231  0.600373 0.716151 4 4 0.065969 3 0.516796 7 0.378143 10 0.039092
0  36.769772 0.316844 1.170679  0.090179 0.070983 0.993393  0.658800 0.683900 1 3 1.000000
0  37.191551 0.378280 1.065459  0.216422 0.105258 0.970609  0.655617 0.714927 3 3 0.571353 10 0.358688 7 0.069959
v_heavyArms.tga.002
0  37.720474 2.433945 -0.231822  -0.089291 0.990289 -0.106561  0.500300 0.757300 2 4 0.928236 5 0.071764
0  37.395008 2.205787 -0.689505  -0.126219 0.587984 -0.798964  0.470565 0.739190 3 4 0.732569 5 0.036942 3 0.230489
0  37.356991 2.402568 -0.201479  -0.088608 0.983254 -0.159251  0.497715 0.733032 3 4 0.722143 5 0.002716 3 0.275141
v_heavyArms.tga.002
0  37.353462 2.391727 -0.027692  -0.095592 0.934967 -0.341614  0.520085 0.717749 2 4 0.791275 3 0.208725
0  37.684074 2.423443 -0.036922  -0.010897 0.983064 0.182940  0.519600 0.737600 2 4 0.976485 5 0.023515
0  37.699875 2.410843 -0.072222  -0.087599 0.927452 -0.363536  0.517400 0.738400 2 4 0.965370 5 0.034630
v_heavyArms.tga.002
0  37.221371 -1.600132 -0.875514  0.059896 -0.248587 -0.966756  0.238616 0.725808 4 10 0.061512 3 0.438448 16 0.061591 13 0.438448
0  36.245472 -0.480156 -0.949328  0.063827 0.081178 -0.994654  0.304500 0.670000 3 3 0.817021 13 0.020007 16 0.162973
0  37.196690 -0.582963 -0.825331  0.107518 0.047985 -0.993044  0.308627 0.723176 4 10 0.229997 16 0.021423 13 0.369316 3 0.379264
v_heavyArms.tga.002
0  37.356991 2.402568 -0.201479  -0.088608 0.983254 -0.159251  0.497715 0.733032 3 4 0.722143 5 0.002716 3 0.275141
0  37.699875 2.410843 -0.072222  -0.045369 0.991065 0.125429  0.509800 0.754100 2 4 0.965370 5 0.034630
0  37.720474 2.433945 -0.231822  -0.089291 0.990289 -0.106561  0.500300 0.757300 2 4 0.928236 5 0.071764
v_heavyArms.tga.002
0  37.147766 2.369971 0.053344  0.043891 0.711386 0.701429  0.525177 0.706634 3 4 0.512732 7 0.013181 3 0.474087
0  36.574074 2.361044 0.098179  -0.123580 0.945230 0.302106  0.527300 0.675300 1 3 1.000000
0  36.580574 2.337944 0.120278  -0.064213 0.680804 0.729646  0.529000 0.675700 1 3 1.000000
v_heavyArms.tga.002
0  37.215298 -1.981405 -0.366186  0.072776 -0.993653 -0.085778  0.829890 0.708664 4 10 0.018606 13 0.564244 16 0.136616 3 0.280534
0  36.176575 -2.021054 -0.431421  0.072635 -0.627789 -0.774987  0.843900 0.657700 3 3 0.076098 17 0.180504 16 0.743398
0  37.215801 -1.944947 -0.397501  0.073149 -0.650408 -0.756054  0.832967 0.709114 4 10 0.024399 13 0.601136 16 0.122002 3 0.252462
v_heavyArms.tga.002
0  37.152328 2.386245 -0.185693  -0.092618 0.977781 -0.188060  0.496370 0.720407 2 3 0.346481 4 0.653519
0  36.285072 2.091545 -0.585022  -0.093407 0.613433 -0.784204  0.462100 0.675700 2 3 0.995446 2 0.004554
0  36.477573 2.336846 -0.137922  -0.171798 0.966982 -0.188233  0.492300 0.682200 1 3 1.000000
v_heavyArms.tga.002
0  37.671772 2.379345 0.447978  0.082597 0.761259 0.643166  0.541400 0.736300 3 4 0.981199 7 0.018610 3 0.000191
0  37.385506 1.384102 0.735281  0.216911 0.254892 0.942327  0.597529 0.727580 4 4 0.412149 7 0.371719 10 0.046089 3 0.170043
0  37.911373 1.469546 0.583278  0.247013 0.278623 0.928092  0.591700 0.751000 3 4 0.480715 7 0.497484 10 0.021801
v_heavyArms.tga.002
0  36.164173 -2.015057 -0.353021  0.033280 -0.810933 0.584191  0.835000 0.654300 3 3 0.076677 17 0.181590 16 0.741733
0  37.215298 -1.981405 -0.366186  0.072776 -0.993653 -0.085778  0.829890 0.708664 4 10 0.018606 13 0.564244 16 0.136616 3 0.280534
0  37.214901 -1.950933 -0.329068  0.031382 -0.771504 0.635450  0.826518 0.707275 5 13 0.541846 10 0.006851 16 0.145030 17 0.000113 3 0.306160
v_heavyArms.tga.002
0  36.293472 1.197045 -0.783252  -0.009500 0.138113 -0.990371  0.406800 0.676800 3 3 0.979661 2 0.000974 7 0.019365
0  37.240997 0.374564 -0.778539  0.084822 0.037902 -0.995675  0.358146 0.727104 3 3 0.601425 10 0.396573 13 0.002001
0  36.310772 0.290244 -0.868945  0.025879 0.098134 -0.994837  0.353800 0.676300 3 3 0.991044 4 0.000761 16 0.008196
v_heavyArms.tga.002
0  37.174629 -0.748571 1.016639  0.103846 -0.200243 0.974227  0.715768 0.708565 3 3 0.514443 13 0.255303 10 0.230254
0  36.304871 -1.894854 0.587179  -0.097484 -0.786464 0.609895  0.777400 0.658200 3 3 0.809266 17 0.005703 16 0.185031
0  37.127872 -1.872133 0.626825  0.008667 -0.784652 0.619876  0.777646 0.698595 3 3 0.717592 16 0.009913 13 0.272495
v_heavyArms.tga.002
0  39.097172 2.545896 -0.353661  -0.066870 0.996042 0.058560  0.511106 0.828383 3 5 0.741901 4 0.009794 6 0.248305
0  39.155334 2.530594 -0.339661  0.122139 0.843207 0.523530  0.512769 0.832446 2 5 0.353084 6 0.646916
0  39.148430 2.549454 -0.368445  -0.032492 0.998146 0.051469  0.510798 0.831825 2 6 0.663287 5 0.336713
v_heavyArms.tga.002
0  39.148430 2.549454 -0.368445  -0.032492 0.998146 0.051469  0.510798 0.831825 2 6 0.663287 5 0.336713
0  39.205929 2.532230 -0.357398  0.171116 0.839647 0.515474  0.512770 0.836260 2 5 0.100516 6 0.899484
0  39.199322 2.551016 -0.385862  -0.000661 0.999078 0.042937  0.510858 0.835641 2 6 0.900982 5 0.099018
v_heavyArms.tga.002
0  39.105637 2.531375 -0.385827  -0.189949 0.874703 -0.445885  0.508960 0.829474 3 4 0.007580 6 0.268245 5 0.724174
0  39.148430 2.549454 -0.368445  -0.032492 0.998146 0.051469  0.510798 0.831825 2 6 0.663287 5 0.336713
0  39.156986 2.534760 -0.400659  -0.182196 0.875093 -0.448350  0.508708 0.832924 2 5 0.316981 6 0.683019
v_heavyArms.tga.002
0  39.156986 2.534760 -0.400659  -0.182196 0.875093 -0.448350  0.508708 0.832924 2 5 0.316981 6 0.683019
0  39.199322 2.551016 -0.385862  -0.000661 0.999078 0.042937  0.510858 0.835641 2 6 0.900982 5 0.099018
0  39.207939 2.536179 -0.418139  -0.175451 0.875693 -0.449865  0.508729 0.836793 2 6 0.904534 5 0.095466
v_heavyArms.tga.002
0  39.162338 1.777269 -0.240534  0.286734 -0.238657 0.927807  0.569346 0.844124 3 6 0.149999 4 0.005892 5 0.844110
0  39.215664 1.770965 -0.260154  0.346593 -0.819238 0.456862  0.569581 0.848346 2 5 0.648159 6 0.351841
0  39.212967 1.788888 -0.254692  0.345060 -0.225684 0.911043  0.568590 0.848010 2 5 0.676427 6 0.323573
v_heavyArms.tga.002
0  39.212967 1.788888 -0.254692  0.345060 -0.225684 0.911043  0.568590 0.848010 2 5 0.676427 6 0.323573
0  39.265415 1.783818 -0.277986  0.386491 -0.812619 0.436205  0.568267 0.851972 2 5 0.163743 6 0.836257
0  39.262669 1.801691 -0.272494  0.401190 -0.212195 0.891078  0.567340 0.851665 2 6 0.833974 5 0.166026
v_heavyArms.tga.002
0  39.260979 1.799364 -0.333089  0.148580 -0.947972 -0.281555  0.570672 0.854595 2 5 0.156382 6 0.843618
0  39.215664 1.770965 -0.260154  0.346593 -0.819238 0.456862  0.569581 0.848346 2 5 0.648159 6 0.351841
0  39.211235 1.785898 -0.315245  0.154906 -0.950628 -0.268905  0.571975 0.850790 2 5 0.600802 6 0.399198
v_heavyArms.tga.002
0  39.211235 1.785898 -0.315245  0.154906 -0.950628 -0.268905  0.571975 0.850790 2 5 0.600802 6 0.399198
0  39.165058 1.759329 -0.245987  0.302949 -0.829127 0.469862  0.570276 0.844388 3 6 0.164887 4 0.006857 5 0.828256
0  39.160679 1.773914 -0.301016  0.148026 -0.952993 -0.264373  0.572699 0.846857 3 5 0.804271 4 0.008240 6 0.187489
v_heavyArms.tga.002
0  39.207939 2.536179 -0.418139  0.000614 0.999222 0.039433  0.502963 0.849960 2 6 0.904534 5 0.095466
0  39.130840 2.540722 -0.542881  -0.106635 0.960173 -0.258255  0.495847 0.845949 2 6 0.684318 5 0.315682
0  39.156986 2.534760 -0.400659  -0.031432 0.998277 0.049550  0.503351 0.846537 2 5 0.316981 6 0.683019
v_heavyArms.tga.002
0  39.156986 2.534760 -0.400659  -0.031432 0.998277 0.049550  0.503351 0.846537 2 5 0.316981 6 0.683019
0  39.079407 2.538029 -0.528913  -0.127676 0.959509 -0.251079  0.495986 0.842521 3 4 0.018672 5 0.672481 6 0.308848
0  39.105637 2.531375 -0.385827  -0.055474 0.996546 0.061795  0.503602 0.843077 3 4 0.007580 6 0.268245 5 0.724174
v_heavyArms.tga.002
0  39.158226 2.379935 -0.791925  -0.224345 0.382005 -0.896517  0.484990 0.849388 2 5 0.104529 6 0.895471
0  39.157803 1.797232 -0.687913  0.074923 -0.733287 -0.675779  0.454602 0.853925 2 5 0.352811 6 0.647189
0  39.106689 2.376551 -0.781375  -0.181050 0.391770 -0.902074  0.484876 0.846132 2 5 0.316085 6 0.683915
v_heavyArms.tga.002
0  39.106689 2.376551 -0.781375  -0.181050 0.391770 -0.902074  0.484876 0.846132 2 5 0.316085 6 0.683915
0  39.106098 1.785514 -0.681139  0.080970 -0.721994 -0.687145  0.453995 0.850391 3 6 0.307718 4 0.032423 5 0.659859
0  39.054375 2.372712 -0.774250  -0.152007 0.406439 -0.900945  0.484527 0.842635 3 4 0.033037 5 0.634887 6 0.332076
v_heavyArms.tga.002
0  39.054375 2.372712 -0.774250  -0.152007 0.406439 -0.900945  0.484527 0.842635 3 4 0.033037 5 0.634887 6 0.332076
0  39.130840 2.540722 -0.542881  -0.106635 0.960173 -0.258255  0.495847 0.845949 2 6 0.684318 5 0.315682
0  39.106689 2.376551 -0.781375  -0.181050 0.391770 -0.902074  0.484876 0.846132 2 5 0.316085 6 0.683915
v_heavyArms.tga.002
0  39.106689 2.376551 -0.781375  -0.181050 0.391770 -0.902074  0.484876 0.846132 2 5 0.316085 6 0.683915
0  39.182007 2.541698 -0.558268  -0.091376 0.960290 -0.263615  0.495648 0.849263 2 6 0.899790 5 0.100210
0  39.158226 2.379935 -0.791925  -0.224345 0.382005 -0.896517  0.484990 0.849388 2 5 0.104529 6 0.895471
v_heavyArms.tga.002
0  39.242878 1.793414 -0.462366  0.264959 -0.962786 -0.053285  0.448383 0.860327 2 5 0.138019 6 0.861981
0  39.211235 1.785898 -0.315245  0.249352 -0.968331 0.012637  0.441116 0.860609 2 5 0.600802 6 0.399198
0  39.192604 1.779155 -0.448762  0.246672 -0.968038 -0.045346  0.447165 0.857454 2 5 0.428486 6 0.571514
v_heavyArms.tga.002
0  39.192604 1.779155 -0.448762  0.246672 -0.968038 -0.045346  0.447165 0.857454 2 5 0.428486 6 0.571514
0  39.160679 1.773914 -0.301016  0.224777 -0.974210 0.019759  0.440250 0.857013 3 5 0.804271 4 0.008240 6 0.187489
0  39.141369 1.766489 -0.440113  0.221426 -0.974314 -0.041016  0.446546 0.853896 3 6 0.250205 4 0.019963 5 0.729832
v_heavyArms.tga.002
0  39.208397 1.811859 -0.698902  0.051132 -0.729211 -0.682376  0.455587 0.856870 2 6 0.877751 5 0.122249
0  39.192604 1.779155 -0.448762  0.246672 -0.968038 -0.045346  0.447165 0.857454 2 5 0.428486 6 0.571514
0  39.157803 1.797232 -0.687913  0.074923 -0.733287 -0.675779  0.454602 0.853925 2 5 0.352811 6 0.647189
v_heavyArms.tga.002
0  39.157803 1.797232 -0.687913  0.074923 -0.733287 -0.675779  0.454602 0.853925 2 5 0.352811 6 0.647189
0  39.141369 1.766489 -0.440113  0.221426 -0.974314 -0.041016  0.446546 0.853896 3 6 0.250205 4 0.019963 5 0.729832
0  39.106098 1.785514 -0.681139  0.080970 -0.721994 -0.687145  0.453995 0.850391 3 6 0.307718 4 0.032423 5 0.659859
v_heavyArms.tga.002
0  39.104279 2.526951 -0.324867  -0.018126 0.973840 0.226511  0.513046 0.829021 3 4 0.007391 5 0.762310 6 0.230299
0  39.196014 2.445446 0.025099  0.242583 0.686638 0.685334  0.529351 0.831241 2 5 0.740863 6 0.259137
0  39.155334 2.530594 -0.339661  0.025656 0.973889 0.225571  0.512769 0.832446 2 5 0.353084 6 0.646916
v_heavyArms.tga.002
0  39.155334 2.530594 -0.339661  0.025656 0.973889 0.225571  0.512769 0.832446 2 5 0.353084 6 0.646916
0  39.245998 2.447290 0.003196  0.289916 0.685286 0.668080  0.529028 0.834839 2 5 0.133140 6 0.866860
0  39.205929 2.532230 -0.357398  0.067455 0.972789 0.221657  0.512770 0.836260 2 5 0.100516 6 0.899484
v_heavyArms.tga.002
0  39.293362 1.931932 0.085774  0.494135 -0.439119 0.750337  0.554794 0.843182 2 5 0.180705 6 0.819295
0  39.196014 2.445446 0.025099  0.242583 0.686638 0.685334  0.529351 0.831241 2 5 0.740863 6 0.259137
0  39.244587 1.919758 0.109546  0.450882 -0.444661 0.773939  0.555677 0.839724 2 6 0.240705 5 0.759295
v_heavyArms.tga.002
0  39.244587 1.919758 0.109546  0.450882 -0.444661 0.773939  0.555677 0.839724 2 6 0.240705 5 0.759295
0  39.145451 2.443216 0.043201  0.182123 0.696448 0.694112  0.529812 0.827786 2 5 0.914942 6 0.085058
0  39.195187 1.907076 0.129354  0.393098 -0.471255 0.789552  0.556358 0.836173 3 4 0.000048 5 0.916908 6 0.083044
v_heavyArms.tga.002
0  39.195187 1.907076 0.129354  0.393098 -0.471255 0.789552  0.556358 0.836173 3 4 0.000048 5 0.916908 6 0.083044
0  39.212967 1.788888 -0.254692  0.317378 -0.901886 0.293041  0.568590 0.848010 2 5 0.676427 6 0.323573
0  39.244587 1.919758 0.109546  0.450882 -0.444661 0.773939  0.555677 0.839724 2 6 0.240705 5 0.759295
v_heavyArms.tga.002
0  39.244587 1.919758 0.109546  0.450882 -0.444661 0.773939  0.555677 0.839724 2 6 0.240705 5 0.759295
0  39.262669 1.801691 -0.272494  0.358121 -0.886623 0.292657  0.567340 0.851665 2 6 0.833974 5 0.166026
0  39.293362 1.931932 0.085774  0.494135 -0.439119 0.750337  0.554794 0.843182 2 5 0.180705 6 0.819295
v_heavyArms.tga.002
0  38.283974 2.466617 -0.152721  -0.073892 0.985013 0.155847  0.515000 0.774781 2 5 0.333971 4 0.666029
0  37.944275 2.420544 -0.116021  -0.147163 0.953958 -0.261357  0.514900 0.753700 2 4 0.881401 5 0.118599
0  37.929073 2.427244 -0.082022  -0.015183 0.972696 0.231584  0.516900 0.752600 2 4 0.895776 5 0.104224
v_heavyArms.tga.002
0  38.412853 2.487557 -0.361494  -0.102019 0.982729 -0.154391  0.497405 0.798248 3 4 0.191189 5 0.741920 6 0.066891
0  38.328266 2.314704 -0.712891  -0.050705 0.488033 -0.871351  0.479726 0.794641 3 4 0.385505 5 0.562910 6 0.051584
0  38.353626 2.483234 -0.347435  -0.103746 0.985286 -0.135826  0.497517 0.794339 3 4 0.388771 5 0.587447 6 0.023782
v_heavyArms.tga.002
0  38.353626 2.483234 -0.347435  -0.103746 0.985286 -0.135826  0.497517 0.794339 3 4 0.388771 5 0.587447 6 0.023782
0  38.267361 2.307876 -0.715348  -0.014086 0.500413 -0.865672  0.479002 0.791238 3 4 0.556842 5 0.421970 6 0.021188
0  38.294399 2.478910 -0.333376  -0.101823 0.986663 -0.126995  0.497876 0.790972 2 5 0.411679 4 0.588321
v_heavyArms.tga.002
0  38.449799 1.664685 -0.629119  0.057108 -0.682066 -0.729057  0.447231 0.805979 3 5 0.717404 4 0.200555 6 0.082041
0  38.441742 1.611580 -0.373062  0.195677 -0.977506 -0.078691  0.439010 0.805611 3 5 0.633740 4 0.344597 6 0.021663
0  38.389896 1.654798 -0.623407  0.061455 -0.686431 -0.724593  0.446657 0.801958 3 4 0.359688 5 0.594649 6 0.045663
v_heavyArms.tga.002
0  38.389896 1.654798 -0.623407  0.061455 -0.686431 -0.724593  0.446657 0.801958 3 4 0.359688 5 0.594649 6 0.045663
0  38.381840 1.599738 -0.372308  0.181485 -0.978898 -0.093926  0.438889 0.802096 2 5 0.487833 4 0.512167
0  38.329132 1.646365 -0.621303  0.100183 -0.686274 -0.720411  0.446391 0.798501 3 5 0.459292 4 0.525248 6 0.015460
v_heavyArms.tga.002
0  38.455059 1.712947 0.383856  0.407516 -0.508118 0.758780  0.567514 0.784087 2 5 0.255580 4 0.744420
0  38.504845 1.639352 -0.091871  0.239322 -0.954482 0.178016  0.579048 0.794296 2 5 0.649373 4 0.350627
0  38.510765 1.727758 0.363862  0.404987 -0.509339 0.759315  0.566312 0.787772 2 4 0.517454 5 0.482546
v_heavyArms.tga.002
0  38.510765 1.727758 0.363862  0.404987 -0.509339 0.759315  0.566312 0.787772 2 4 0.517454 5 0.482546
0  38.561745 1.650997 -0.104934  0.271053 -0.940301 0.205827  0.578207 0.798631 3 5 0.830836 4 0.153927 6 0.015237
0  38.566475 1.742569 0.343868  0.401255 -0.509442 0.761225  0.565496 0.791741 2 4 0.184212 5 0.815788
v_heavyArms.tga.002
0  38.441761 1.621018 -0.136254  0.205173 -0.977992 0.037899  0.430075 0.806035 2 5 0.484035 4 0.515965
0  38.441742 1.611580 -0.373062  0.195677 -0.977506 -0.078691  0.439010 0.805611 3 5 0.633740 4 0.344597 6 0.021663
0  38.498215 1.632645 -0.149438  0.210223 -0.976874 0.039026  0.430525 0.809599 2 5 0.668105 4 0.331895
v_heavyArms.tga.002
0  38.498215 1.632645 -0.149438  0.210223 -0.976874 0.039026  0.430525 0.809599 2 5 0.668105 4 0.331895
0  38.500877 1.624117 -0.376608  0.199621 -0.977304 -0.070915  0.439600 0.809679 3 5 0.758550 4 0.178739 6 0.062711
0  38.554665 1.644273 -0.162622  0.215002 -0.975920 0.036807  0.431360 0.813671 3 5 0.809365 4 0.154046 6 0.036589
v_heavyArms.tga.002
0  38.388527 2.320291 -0.714991  -0.091993 0.479089 -0.872932  0.480132 0.798593 3 5 0.703104 4 0.210366 6 0.086530
0  38.389896 1.654798 -0.623407  0.061455 -0.686431 -0.724593  0.446657 0.801958 3 4 0.359688 5 0.594649 6 0.045663
0  38.328266 2.314704 -0.712891  -0.050705 0.488033 -0.871351  0.479726 0.794641 3 4 0.385505 5 0.562910 6 0.051584
v_heavyArms.tga.002
0  38.328266 2.314704 -0.712891  -0.050705 0.488033 -0.871351  0.479726 0.794641 3 4 0.385505 5 0.562910 6 0.051584
0  38.329132 1.646365 -0.621303  0.100183 -0.686274 -0.720411  0.446391 0.798501 3 5 0.459292 4 0.525248 6 0.015460
0  38.267361 2.307876 -0.715348  -0.014086 0.500413 -0.865672  0.479002 0.791238 3 4 0.556842 5 0.421970 6 0.021188
v_heavyArms.tga.002
0  38.454010 1.610385 -0.084771  0.279726 -0.827385 0.487018  0.580933 0.791381 2 5 0.474783 4 0.525217
0  38.498215 1.632645 -0.149438  0.143420 -0.961764 -0.233326  0.582080 0.795858 2 5 0.668105 4 0.331895
0  38.510719 1.621979 -0.097827  0.281143 -0.826968 0.486911  0.579854 0.794550 2 5 0.665774 4 0.334226
v_heavyArms.tga.002
0  38.510719 1.621979 -0.097827  0.281143 -0.826968 0.486911  0.579854 0.794550 2 5 0.665774 4 0.334226
0  38.554665 1.644273 -0.162622  0.145902 -0.960878 -0.235429  0.581281 0.800241 3 5 0.809365 4 0.154046 6 0.036589
0  38.567432 1.633573 -0.110882  0.282048 -0.828074 0.484502  0.579024 0.798897 3 5 0.821114 4 0.152105 6 0.026781
v_heavyArms.tga.002
0  38.417088 2.467673 -0.213006  -0.056595 0.988833 0.137865  0.505684 0.796839 3 5 0.766255 6 0.047457 4 0.186289
0  38.353626 2.483234 -0.347435  -0.103746 0.985286 -0.135826  0.497517 0.794339 3 4 0.388771 5 0.587447 6 0.023782
0  38.357925 2.462057 -0.199070  -0.058971 0.987292 0.147570  0.505815 0.792886 2 5 0.589850 4 0.410150
v_heavyArms.tga.002
0  38.357925 2.462057 -0.199070  -0.058971 0.987292 0.147570  0.505815 0.792886 2 5 0.589850 4 0.410150
0  38.294399 2.478910 -0.333376  -0.101823 0.986663 -0.126995  0.497876 0.790972 2 5 0.411679 4 0.588321
0  38.298515 2.456216 -0.186367  -0.050091 0.985157 0.164187  0.506170 0.789526 2 5 0.360091 4 0.639909
v_heavyArms.tga.002
0  38.294872 2.446465 -0.127870  -0.070055 0.992439 0.100781  0.516968 0.775165 2 5 0.318460 4 0.681540
0  38.411705 2.407251 0.264406  0.151777 0.731219 0.665043  0.535616 0.778120 2 4 0.706520 5 0.293480
0  38.353691 2.452793 -0.140088  -0.073059 0.989322 0.126110  0.516665 0.778832 2 5 0.559991 4 0.440009
v_heavyArms.tga.002
0  38.353691 2.452793 -0.140088  -0.073059 0.989322 0.126110  0.516665 0.778832 2 5 0.559991 4 0.440009
0  38.469830 2.410036 0.247505  0.160050 0.728734 0.665830  0.535171 0.782047 2 4 0.187415 5 0.812585
0  38.412331 2.458791 -0.153630  -0.044108 0.988711 0.143193  0.516399 0.782747 3 4 0.190105 5 0.788812 6 0.021083
v_heavyArms.tga.002
0  38.401939 2.478851 -0.179256  -0.064605 0.989505 0.129249  0.514404 0.782371 3 5 0.774803 4 0.192995 6 0.032202
0  38.357925 2.462057 -0.199070  -0.175267 0.911071 -0.373137  0.512615 0.779530 2 5 0.589850 4 0.410150
0  38.343040 2.472919 -0.165377  -0.069297 0.987519 0.141437  0.514662 0.778491 2 5 0.565231 4 0.434769
v_heavyArms.tga.002
0  38.343040 2.472919 -0.165377  -0.069297 0.987519 0.141437  0.514662 0.778491 2 5 0.565231 4 0.434769
0  38.298515 2.456216 -0.186367  -0.169715 0.917430 -0.359886  0.512944 0.775812 2 5 0.360091 4 0.639909
0  38.283974 2.466617 -0.152721  -0.073892 0.985013 0.155847  0.515000 0.774781 2 5 0.333971 4 0.666029
v_heavyArms.tga.002
0  38.353432 2.404557 0.280399  0.145406 0.733659 0.663778  0.536117 0.774550 2 5 0.144666 4 0.855334
0  38.510765 1.727758 0.363862  0.404987 -0.509339 0.759315  0.566312 0.787772 2 4 0.517454 5 0.482546
0  38.411705 2.407251 0.264406  0.151777 0.731219 0.665043  0.535616 0.778120 2 4 0.706520 5 0.293480
v_heavyArms.tga.002
0  38.411705 2.407251 0.264406  0.151777 0.731219 0.665043  0.535616 0.778120 2 4 0.706520 5 0.293480
0  38.566475 1.742569 0.343868  0.401255 -0.509442 0.761225  0.565496 0.791741 2 4 0.184212 5 0.815788
0  38.469830 2.410036 0.247505  0.160050 0.728734 0.665830  0.535171 0.782047 2 4 0.187415 5 0.812585
v_heavyArms.tga.002
0  38.567432 1.633573 -0.110882  0.282048 -0.828074 0.484502  0.579024 0.798897 3 5 0.821114 4 0.152105 6 0.026781
0  38.504845 1.639352 -0.091871  0.262726 -0.232353 0.936476  0.579048 0.794296 2 5 0.649373 4 0.350627
0  38.510719 1.621979 -0.097827  0.281143 -0.826968 0.486911  0.579854 0.794550 2 5 0.665774 4 0.334226
v_heavyArms.tga.002
0  38.510719 1.621979 -0.097827  0.281143 -0.826968 0.486911  0.579854 0.794550 2 5 0.665774 4 0.334226
0  38.447941 1.627707 -0.078808  0.263990 -0.229994 0.936703  0.580173 0.791068 2 5 0.446585 4 0.553415
0  38.454010 1.610385 -0.084771  0.279726 -0.827385 0.487018  0.580933 0.791381 2 5 0.474783 4 0.525217
v_heavyArms.tga.002
0  38.283974 2.466617 -0.152721  -0.073892 0.985013 0.155847  0.515000 0.774781 2 5 0.333971 4 0.666029
0  38.353691 2.452793 -0.140088  0.052561 0.791215 0.609275  0.516665 0.778832 2 5 0.559991 4 0.440009
0  38.343040 2.472919 -0.165377  -0.069297 0.987519 0.141437  0.514662 0.778491 2 5 0.565231 4 0.434769
v_heavyArms.tga.002
0  38.343040 2.472919 -0.165377  -0.069297 0.987519 0.141437  0.514662 0.778491 2 5 0.565231 4 0.434769
0  38.412331 2.458791 -0.153630  0.066325 0.798602 0.598193  0.516399 0.782747 3 4 0.190105 5 0.788812 6 0.021083
0  38.401939 2.478851 -0.179256  -0.064605 0.989505 0.129249  0.514404 0.782371 3 5 0.774803 4 0.192995 6 0.032202
v_heavyArms.tga.002
0  38.294872 2.446465 -0.127870  -0.070055 0.992439 0.100781  0.516968 0.775165 2 5 0.318460 4 0.681540
0  38.018948 2.389486 0.368345  0.126731 0.753046 0.645647  0.538900 0.754100 2 4 0.988594 5 0.011406
0  38.353432 2.404557 0.280399  0.145406 0.733659 0.663778  0.536117 0.774550 2 5 0.144666 4 0.855334
v_heavyArms.tga.002
0  39.108936 1.540556 -0.118006  -0.018388 0.997097 0.073890  0.580495 0.825577 2 7 0.128815 8 0.871185
0  39.017342 1.514342 -0.133732  -0.160762 0.872027 -0.462303  0.579260 0.821029 2 7 0.373704 8 0.626296
0  39.054886 1.537705 -0.102633  -0.051656 0.994221 0.094110  0.580888 0.822177 2 8 0.650499 7 0.349501
v_heavyArms.tga.002
0  39.054886 1.537705 -0.102633  -0.051656 0.994221 0.094110  0.580888 0.822177 2 8 0.650499 7 0.349501
0  38.962181 1.509591 -0.124219  -0.147535 0.872349 -0.466091  0.579922 0.818501 2 8 0.255488 7 0.744512
0  39.000057 1.532955 -0.092362  -0.086777 0.989974 0.111452  0.581668 0.819473 2 8 0.265920 7 0.734080
v_heavyArms.tga.002
0  39.039043 0.580802 -0.100252  0.071892 -0.996965 -0.029871  0.361576 0.836115 2 8 0.278030 7 0.721970
0  39.092117 0.596036 -0.422940  0.095244 -0.973971 -0.205693  0.373579 0.839267 2 8 0.627490 7 0.372510
0  39.093391 0.585189 -0.113658  0.077015 -0.996313 -0.037804  0.361557 0.838741 2 7 0.435897 8 0.564103
v_heavyArms.tga.002
0  39.093391 0.585189 -0.113658  0.077015 -0.996313 -0.037804  0.361557 0.838741 2 7 0.435897 8 0.564103
0  39.145744 0.602883 -0.432531  0.076961 -0.975412 -0.206517  0.373425 0.842118 3 7 0.149142 8 0.846514 9 0.004344
0  39.147030 0.590120 -0.129620  0.089799 -0.994651 -0.051042  0.361486 0.841553 2 7 0.153819 8 0.846181
v_heavyArms.tga.002
0  39.047653 1.489942 -0.472606  -0.085781 0.957560 -0.275172  0.416927 0.844938 3 7 0.142665 8 0.854979 9 0.002356
0  38.992142 1.365683 -0.697806  -0.117415 0.543262 -0.831312  0.409987 0.843360 2 8 0.647819 7 0.352181
0  38.993256 1.487557 -0.463525  -0.087234 0.959911 -0.266385  0.417048 0.842216 2 7 0.355824 8 0.644176
v_heavyArms.tga.002
0  38.993256 1.487557 -0.463525  -0.087234 0.959911 -0.266385  0.417048 0.842216 2 7 0.355824 8 0.644176
0  38.937222 1.362649 -0.694265  -0.070042 0.548196 -0.833412  0.409890 0.840368 2 8 0.355180 7 0.644820
0  38.938038 1.483508 -0.459697  -0.093620 0.959239 -0.266640  0.416843 0.839206 3 8 0.321258 4 0.001502 7 0.677240
v_heavyArms.tga.002
0  39.155148 0.564229 -0.103951  0.087438 -0.995142 -0.045251  0.642771 0.833837 2 7 0.159193 8 0.840807
0  39.095215 0.583087 -0.055803  0.221945 -0.767615 0.601255  0.641830 0.829791 2 8 0.404922 7 0.595078
0  39.101475 0.559245 -0.088646  0.072975 -0.995886 -0.053715  0.643250 0.830336 2 8 0.517740 7 0.482260
v_heavyArms.tga.002
0  39.101475 0.559245 -0.088646  0.072975 -0.995886 -0.053715  0.643250 0.830336 2 8 0.517740 7 0.482260
0  39.040997 0.578950 -0.042473  0.184509 -0.782728 0.594385  0.642004 0.826671 2 8 0.216585 7 0.783415
0  39.047131 0.555005 -0.075892  0.058217 -0.996030 -0.067342  0.643387 0.827233 2 8 0.259298 7 0.740702
v_heavyArms.tga.002
0  39.152554 1.447362 0.459653  0.226302 0.697940 0.679461  0.598229 0.820850 2 7 0.182912 8 0.817088
0  39.065372 1.523593 -0.084582  -0.033941 0.989432 0.140971  0.582387 0.822811 2 7 0.350963 8 0.649037
0  39.098724 1.445291 0.477008  0.156332 0.701252 0.695562  0.598645 0.817665 2 7 0.677751 8 0.322249
v_heavyArms.tga.002
0  39.098724 1.445291 0.477008  0.156332 0.701252 0.695562  0.598645 0.817665 2 7 0.677751 8 0.322249
0  39.010586 1.518743 -0.074610  -0.062242 0.990252 0.124607  0.583137 0.820037 2 7 0.742812 8 0.257188
0  39.043953 1.442522 0.488977  0.106846 0.717109 0.688722  0.599484 0.814548 2 8 0.140440 7 0.859560
v_heavyArms.tga.002
0  39.046398 1.366953 -0.706811  -0.163979 0.528936 -0.832669  0.409754 0.846091 3 7 0.150252 9 0.029275 8 0.820473
0  39.036610 0.719398 -0.729034  -0.014968 -0.540385 -0.841285  0.383132 0.837469 2 8 0.630404 7 0.369596
0  38.992142 1.365683 -0.697806  -0.117415 0.543262 -0.831312  0.409987 0.843360 2 8 0.647819 7 0.352181
v_heavyArms.tga.002
0  38.992142 1.365683 -0.697806  -0.117415 0.543262 -0.831312  0.409987 0.843360 2 8 0.647819 7 0.352181
0  38.982220 0.711496 -0.725735  0.069882 -0.534737 -0.842124  0.383007 0.834164 2 7 0.610503 8 0.389497
0  38.937222 1.362649 -0.694265  -0.070042 0.548196 -0.833412  0.409890 0.840368 2 8 0.355180 7 0.644820
v_heavyArms.tga.002
0  39.047131 0.555005 -0.075892  0.058217 -0.996030 -0.067342  0.643387 0.827233 2 8 0.259298 7 0.740702
0  39.093391 0.585189 -0.113658  -0.126262 -0.707367 -0.695478  0.644746 0.830526 2 7 0.435897 8 0.564103
0  39.101475 0.559245 -0.088646  0.072975 -0.995886 -0.053715  0.643250 0.830336 2 8 0.517740 7 0.482260
v_heavyArms.tga.002
0  39.101475 0.559245 -0.088646  0.072975 -0.995886 -0.053715  0.643250 0.830336 2 8 0.517740 7 0.482260
0  39.147030 0.590120 -0.129620  -0.137835 -0.719494 -0.680683  0.644328 0.834039 2 7 0.153819 8 0.846181
0  39.155148 0.564229 -0.103951  0.087438 -0.995142 -0.045251  0.642771 0.833837 2 7 0.159193 8 0.840807
v_heavyArms.tga.002
0  39.000057 1.532955 -0.092362  -0.086777 0.989974 0.111452  0.581668 0.819473 2 8 0.265920 7 0.734080
0  39.065372 1.523593 -0.084582  0.085471 0.807614 0.583485  0.582387 0.822811 2 7 0.350963 8 0.649037
0  39.054886 1.537705 -0.102633  -0.051656 0.994221 0.094110  0.580888 0.822177 2 8 0.650499 7 0.349501
v_heavyArms.tga.002
0  39.054886 1.537705 -0.102633  -0.051656 0.994221 0.094110  0.580888 0.822177 2 8 0.650499 7 0.349501
0  39.119293 1.526463 -0.099920  0.147826 0.819315 0.553958  0.582012 0.826184 2 7 0.128848 8 0.871152
0  39.108936 1.540556 -0.118006  -0.018388 0.997097 0.073890  0.580495 0.825577 2 7 0.128815 8 0.871185
v_heavyArms.tga.002
0  39.043953 1.442522 0.488977  0.106846 0.717109 0.688722  0.599484 0.814548 2 8 0.140440 7 0.859560
0  39.127029 0.716193 0.575439  0.334114 -0.548190 0.766718  0.626308 0.820046 2 8 0.304622 7 0.695378
0  39.098724 1.445291 0.477008  0.156332 0.701252 0.695562  0.598752 0.817631 2 7 0.677751 8 0.322249
v_heavyArms.tga.002
0  39.098724 1.445291 0.477008  0.156332 0.701252 0.695562  0.598752 0.817631 2 7 0.677751 8 0.322249
0  39.179893 0.721780 0.554427  0.367010 -0.547957 0.751696  0.625972 0.823383 2 7 0.206095 8 0.793905
0  39.152554 1.447362 0.459653  0.226302 0.697940 0.679461  0.598376 0.820949 2 7 0.182912 8 0.817088
v_heavyArms.tga.002
0  39.148743 0.588037 -0.071672  0.159449 -0.967234 0.197572  0.641353 0.833240 2 7 0.171020 8 0.828980
0  39.127029 0.716193 0.575439  0.334114 -0.548190 0.766718  0.626308 0.820046 2 8 0.304622 7 0.695378
0  39.095215 0.583087 -0.055803  0.137896 -0.970841 0.196093  0.641830 0.829791 2 8 0.404922 7 0.595078
v_heavyArms.tga.002
0  39.095215 0.583087 -0.055803  0.137896 -0.970841 0.196093  0.641830 0.829791 2 8 0.404922 7 0.595078
0  39.073532 0.710420 0.593262  0.289166 -0.560854 0.775775  0.626888 0.816685 2 8 0.143262 7 0.856738
0  39.040997 0.578950 -0.042473  0.114387 -0.973996 0.195572  0.642004 0.826671 2 8 0.216585 7 0.783415
v_heavyArms.tga.002
0  39.090736 0.725319 -0.736528  -0.080605 -0.545086 -0.834496  0.382922 0.840394 3 7 0.155420 8 0.816492 9 0.028088
0  39.092117 0.596036 -0.422940  0.095244 -0.973971 -0.205693  0.373579 0.839267 2 8 0.627490 7 0.372510
0  39.036610 0.719398 -0.729034  -0.014968 -0.540385 -0.841285  0.383132 0.837469 2 8 0.630404 7 0.369596
v_heavyArms.tga.002
0  39.036610 0.719398 -0.729034  -0.014968 -0.540385 -0.841285  0.383132 0.837469 2 8 0.630404 7 0.369596
0  39.037750 0.589216 -0.418632  0.109661 -0.974692 -0.194808  0.373686 0.836159 2 7 0.623162 8 0.376838
0  38.982220 0.711496 -0.725735  0.069882 -0.534737 -0.842124  0.383007 0.834164 2 7 0.610503 8 0.389497
v_heavyArms.tga.002
0  39.071526 1.517088 -0.148777  -0.062717 0.995020 -0.077466  0.428847 0.841199 2 7 0.137316 8 0.862684
0  38.993256 1.487557 -0.463525  -0.087234 0.959911 -0.266385  0.417048 0.842216 2 7 0.355824 8 0.644176
0  39.017342 1.514342 -0.133732  -0.084655 0.993742 -0.072879  0.429018 0.838354 2 7 0.373704 8 0.626296
v_heavyArms.tga.002
0  39.017342 1.514342 -0.133732  -0.084655 0.993742 -0.072879  0.429018 0.838354 2 7 0.373704 8 0.626296
0  38.938038 1.483508 -0.459697  -0.093620 0.959239 -0.266640  0.416843 0.839206 3 8 0.321258 4 0.001502 7 0.677240
0  38.962181 1.509591 -0.124219  -0.098588 0.993105 -0.063422  0.428891 0.835305 2 8 0.255488 7 0.744512
v_heavyArms.tga.002
0  40.288620 0.707204 -0.515102  0.072351 -0.969841 -0.232753  0.362155 0.901973 2 8 0.174264 9 0.825736
0  41.326759 0.961121 -1.063067  0.222691 -0.863164 -0.453162  0.383101 0.954861 1 9 1.000000
0  41.353176 0.879463 -0.955882  0.087517 -0.783274 -0.615486  0.377266 0.957248 1 9 1.000000
v_heavyArms.tga.002
0  40.156090 1.555044 -0.472020  0.038711 0.989137 0.141805  0.573445 0.891236 2 9 0.120186 8 0.879814
0  40.295059 1.480618 0.002864  0.307893 0.678002 0.667469  0.586933 0.890075 2 8 0.739845 9 0.260155
0  40.202911 1.555261 -0.489708  0.066841 0.988355 0.136698  0.573056 0.894190 2 8 0.620611 9 0.379389
v_heavyArms.tga.002
0  40.202911 1.555261 -0.489708  0.066841 0.988355 0.136698  0.573056 0.894190 2 8 0.620611 9 0.379389
0  40.340694 1.480447 -0.019953  0.348290 0.675662 0.649750  0.586779 0.892644 2 8 0.173651 9 0.826349
0  40.249374 1.553950 -0.508522  0.085682 0.988153 0.127328  0.573116 0.896879 2 8 0.151141 9 0.848859
v_heavyArms.tga.002
0  40.237537 0.825029 -0.947722  -0.089410 -0.625053 -0.775445  0.378996 0.902333 2 9 0.884606 8 0.115394
0  40.231388 0.744178 -0.706013  0.081109 -0.962299 -0.259617  0.371331 0.900229 2 9 0.605930 8 0.394070
0  40.190052 0.818493 -0.936741  -0.091179 -0.623577 -0.776426  0.378652 0.900033 2 8 0.334280 9 0.665720
v_heavyArms.tga.002
0  40.190052 0.818493 -0.936741  -0.091179 -0.623577 -0.776426  0.378652 0.900033 2 8 0.334280 9 0.665720
0  40.184174 0.737122 -0.693126  0.060721 -0.966182 -0.250610  0.371405 0.897691 2 8 0.806815 9 0.193185
0  40.142212 0.813425 -0.927087  -0.100102 -0.611281 -0.785057  0.378838 0.897424 2 8 0.755539 9 0.244461
v_heavyArms.tga.002
0  40.235828 1.542402 -0.564599  -0.021924 0.988861 -0.147217  0.421253 0.903879 2 9 0.857498 8 0.142502
0  40.177452 1.514470 -0.742111  -0.083974 0.936327 -0.340940  0.413282 0.902292 2 8 0.356364 9 0.643636
0  40.188980 1.543776 -0.545747  -0.043941 0.988718 -0.143197  0.422137 0.901632 2 9 0.522282 8 0.477718
v_heavyArms.tga.002
0  40.188980 1.543776 -0.545747  -0.043941 0.988718 -0.143197  0.422137 0.901632 2 9 0.522282 8 0.477718
0  40.129864 1.514224 -0.729956  -0.096511 0.936148 -0.338101  0.413454 0.899871 2 9 0.219049 8 0.780951
0  40.141872 1.543657 -0.528121  -0.055225 0.989284 -0.135161  0.422465 0.899072 2 8 0.853350 9 0.146650
v_heavyArms.tga.002
0  40.194473 0.694894 -0.479890  0.039571 -0.979115 -0.199418  0.361490 0.897036 2 9 0.122836 8 0.877164
0  40.231388 0.744178 -0.706013  0.081109 -0.962299 -0.259617  0.371331 0.900229 2 9 0.605930 8 0.394070
0  40.241653 0.700461 -0.496760  0.050470 -0.976329 -0.210319  0.361545 0.899547 2 8 0.597104 9 0.402896
v_heavyArms.tga.002
0  40.241653 0.700461 -0.496760  0.050470 -0.976329 -0.210319  0.361545 0.899547 2 8 0.597104 9 0.402896
0  40.278290 0.752540 -0.720291  0.095631 -0.959308 -0.265675  0.371815 0.902558 2 8 0.129292 9 0.870708
0  40.288620 0.707204 -0.515102  0.072351 -0.969841 -0.232753  0.362155 0.901973 2 8 0.174264 9 0.825736
v_heavyArms.tga.002
0  40.224827 1.513550 -0.755401  -0.072263 0.935399 -0.346131  0.412743 0.904547 2 8 0.122773 9 0.877227
0  40.140167 1.367311 -0.968251  -0.202804 0.445555 -0.871981  0.404432 0.901514 2 8 0.328868 9 0.671132
0  40.177452 1.514470 -0.742111  -0.083974 0.936327 -0.340940  0.413282 0.902292 2 8 0.356364 9 0.643636
v_heavyArms.tga.002
0  40.177452 1.514470 -0.742111  -0.083974 0.936327 -0.340940  0.413282 0.902292 2 8 0.356364 9 0.643636
0  40.092304 1.367385 -0.957064  -0.209943 0.449266 -0.868380  0.404660 0.899091 2 8 0.744109 9 0.255891
0  40.129864 1.514224 -0.729956  -0.096511 0.936148 -0.338101  0.413454 0.899871 2 9 0.219049 8 0.780951
v_heavyArms.tga.002
0  40.292118 0.709639 -0.457369  0.242055 -0.942754 0.229398  0.631115 0.907327 2 8 0.181530 9 0.818470
0  40.331089 0.841750 0.041744  0.423268 -0.548666 0.720978  0.619109 0.897087 2 8 0.754968 9 0.245032
0  40.246311 0.703077 -0.438586  0.217488 -0.947462 0.234551  0.631855 0.904776 2 8 0.674774 9 0.325226
v_heavyArms.tga.002
0  40.246311 0.703077 -0.438586  0.217488 -0.947462 0.234551  0.631855 0.904776 2 8 0.674774 9 0.325226
0  40.285583 0.836869 0.063604  0.390179 -0.549000 0.739161  0.619370 0.894137 2 8 0.938496 9 0.061504
0  40.199776 0.697490 -0.421631  0.196834 -0.952677 0.231652  0.632256 0.901709 2 8 0.904079 9 0.095921
v_heavyArms.tga.002
0  40.243298 1.568879 -0.523578  0.067368 0.995333 0.069097  0.571596 0.896803 2 8 0.147630 9 0.852370
0  40.188980 1.543776 -0.545747  -0.185724 0.841227 -0.507783  0.569172 0.894354 2 9 0.522282 8 0.477718
0  40.196655 1.570163 -0.504797  0.041968 0.995984 0.079084  0.571509 0.894041 2 9 0.442519 8 0.557481
v_heavyArms.tga.002
0  40.196655 1.570163 -0.504797  0.041968 0.995984 0.079084  0.571509 0.894041 2 9 0.442519 8 0.557481
0  40.141872 1.543657 -0.528121  -0.195284 0.841582 -0.503592  0.569580 0.891394 2 8 0.853350 9 0.146650
0  40.149700 1.569916 -0.487214  0.015816 0.996173 0.085961  0.571926 0.891068 2 8 0.865639 9 0.134361
v_heavyArms.tga.002
0  40.149700 1.569916 -0.487214  0.015816 0.996173 0.085961  0.571926 0.891068 2 8 0.865639 9 0.134361
0  40.202911 1.555261 -0.489708  0.252335 0.739215 0.624411  0.573056 0.894190 2 8 0.620611 9 0.379389
0  40.196655 1.570163 -0.504797  0.041968 0.995984 0.079084  0.571509 0.894041 2 9 0.442519 8 0.557481
v_heavyArms.tga.002
0  40.196655 1.570163 -0.504797  0.041968 0.995984 0.079084  0.571509 0.894041 2 9 0.442519 8 0.557481
0  40.249374 1.553950 -0.508522  0.283153 0.735823 0.615134  0.573103 0.896863 2 8 0.151141 9 0.848859
0  40.243298 1.568879 -0.523578  0.067368 0.995333 0.069097  0.571610 0.896732 2 8 0.147630 9 0.852370
v_heavyArms.tga.002
0  40.142212 0.813425 -0.927087  -0.100102 -0.611281 -0.785057  0.378838 0.897424 2 8 0.755539 9 0.244461
0  40.140167 1.367311 -0.968251  -0.202804 0.445555 -0.871981  0.404421 0.901513 2 8 0.328868 9 0.671132
0  40.190052 0.818493 -0.936741  -0.091179 -0.623577 -0.776426  0.378703 0.900036 2 8 0.334280 9 0.665720
v_heavyArms.tga.002
0  40.190052 0.818493 -0.936741  -0.091179 -0.623577 -0.776426  0.378703 0.900036 2 8 0.334280 9 0.665720
0  40.188030 1.367238 -0.979438  -0.202440 0.445452 -0.872118  0.404223 0.903809 2 8 0.116652 9 0.883348
0  40.237537 0.825029 -0.947722  -0.089410 -0.625053 -0.775445  0.378774 0.902359 2 9 0.884606 8 0.115394
v_heavyArms.tga.002
0  40.293079 0.682309 -0.470924  0.205529 -0.944571 0.256014  0.633265 0.908809 2 8 0.233829 9 0.766171
0  40.246311 0.703077 -0.438586  0.347200 -0.496235 0.795741  0.631855 0.904776 2 8 0.674774 9 0.325226
0  40.245876 0.677318 -0.455250  0.178833 -0.961301 0.209569  0.633685 0.905721 2 8 0.625458 9 0.374542
v_heavyArms.tga.002
0  40.245876 0.677318 -0.455250  0.178833 -0.961301 0.209569  0.633685 0.905721 2 8 0.625458 9 0.374542
0  40.199776 0.697490 -0.421631  0.319460 -0.552607 0.769786  0.632256 0.901709 2 8 0.904079 9 0.095921
0  40.198673 0.672326 -0.439576  0.163330 -0.967780 0.191638  0.634069 0.902601 2 9 0.108877 8 0.891123
v_heavyArms.tga.002
0  40.248775 1.479876 0.023215  0.269391 0.680442 0.681488  0.590621 0.889384 2 9 0.073445 8 0.926555
0  40.331089 0.841750 0.041744  0.423268 -0.548666 0.720978  0.619109 0.897087 2 8 0.754968 9 0.245032
0  40.295059 1.480618 0.002864  0.307893 0.678002 0.667469  0.590313 0.892306 2 8 0.739845 9 0.260155
v_heavyArms.tga.002
0  40.295059 1.480618 0.002864  0.307893 0.678002 0.667469  0.590313 0.892306 2 8 0.739845 9 0.260155
0  40.375992 0.846773 0.017802  0.451987 -0.547795 0.704009  0.618589 0.899541 2 9 0.835187 8 0.164813
0  40.340694 1.480447 -0.019953  0.348290 0.675662 0.649750  0.590038 0.894823 2 8 0.173651 9 0.826349
v_heavyArms.tga.002
0  40.198673 0.672326 -0.439576  0.163330 -0.967780 0.191638  0.634069 0.902601 2 9 0.108877 8 0.891123
0  40.241653 0.700461 -0.496760  -0.064732 -0.874256 -0.481129  0.635709 0.906416 2 8 0.597104 9 0.402896
0  40.245876 0.677318 -0.455250  0.178833 -0.961301 0.209569  0.633685 0.905721 2 8 0.625458 9 0.374542
v_heavyArms.tga.002
0  40.245876 0.677318 -0.455250  0.178833 -0.961301 0.209569  0.633685 0.905721 2 8 0.625458 9 0.374542
0  40.288620 0.707204 -0.515102  -0.069931 -0.870740 -0.486745  0.634887 0.909071 2 8 0.174264 9 0.825736
0  40.293079 0.682309 -0.470924  0.205529 -0.944571 0.256014  0.633265 0.908809 2 8 0.233829 9 0.766171
v_heavyArms.tga.002
0  40.589622 0.714306 -0.572501  0.433603 -0.739138 0.515426  0.630684 0.928261 2 9 0.886884 8 0.113116
0  41.372784 0.858427 -0.951227  0.288589 -0.912937 -0.288551  0.613596 0.967550 1 9 1.000000
0  41.372124 0.882477 -0.935957  0.341314 -0.551862 0.760890  0.612485 0.966964 1 9 1.000000
v_heavyArms.tga.002
0  40.246147 0.400332 -0.340291  -0.085208 0.927667 -0.363557  0.660061 0.892378 2 11 0.153029 12 0.846971
0  40.188080 0.378467 -0.330343  -0.268393 0.320943 -0.908273  0.659080 0.890070 2 12 0.383781 11 0.616219
0  40.196415 0.401993 -0.324492  -0.083980 0.927138 -0.365189  0.659880 0.889447 2 12 0.368558 11 0.631442
v_heavyArms.tga.002
0  40.196415 0.401993 -0.324492  -0.083980 0.927138 -0.365189  0.659880 0.889447 2 12 0.368558 11 0.631442
0  40.138134 0.379825 -0.315492  -0.256154 0.317880 -0.912873  0.658897 0.886835 2 11 0.859611 12 0.140389
0  40.146488 0.403426 -0.309617  -0.083728 0.925929 -0.368299  0.659705 0.886228 2 12 0.133780 11 0.866220
v_heavyArms.tga.002
0  40.226898 -0.625477 -0.310636  0.087233 -0.980401 0.176648  0.725913 0.887695 2 12 0.824814 11 0.175186
0  40.218700 -0.538253 0.178678  0.283284 -0.631385 0.721875  0.708728 0.880859 2 11 0.715825 12 0.284175
0  40.177361 -0.627068 -0.294905  0.087485 -0.980475 0.176113  0.725770 0.884787 2 12 0.362136 11 0.637864
v_heavyArms.tga.002
0  40.177361 -0.627068 -0.294905  0.087485 -0.980475 0.176113  0.725770 0.884787 2 12 0.362136 11 0.637864
0  40.169380 -0.539612 0.196292  0.270015 -0.632277 0.726166  0.708562 0.877511 3 12 0.096773 10 0.013643 11 0.889584
0  40.127819 -0.628659 -0.279173  0.087463 -0.980434 0.176353  0.725548 0.881558 3 10 0.011131 12 0.138761 11 0.850108
v_heavyArms.tga.002
0  40.191475 -0.382204 -0.852939  -0.168659 -0.470890 -0.865920  0.305843 0.905973 2 12 0.913668 11 0.086332
0  40.176159 -0.591219 -0.538000  -0.061457 -0.925370 -0.374051  0.292377 0.904809 2 12 0.614281 11 0.385719
0  40.141441 -0.383532 -0.844104  -0.117328 -0.481077 -0.868792  0.305920 0.903424 2 12 0.685364 11 0.314636
v_heavyArms.tga.002
0  40.141441 -0.383532 -0.844104  -0.117328 -0.481077 -0.868792  0.305920 0.903424 2 12 0.685364 11 0.314636
0  40.126457 -0.593182 -0.526736  -0.042898 -0.929453 -0.366438  0.292618 0.901848 2 11 0.781707 12 0.218293
0  40.091164 -0.385183 -0.837868  -0.085792 -0.489105 -0.867996  0.306259 0.900495 2 11 0.731809 12 0.268191
v_heavyArms.tga.002
0  40.237255 0.381079 -0.516077  -0.002529 0.988504 -0.151173  0.346456 0.908977 2 11 0.116148 12 0.883852
0  40.156525 0.259758 -0.857498  -0.121571 0.577368 -0.807382  0.334719 0.905857 2 11 0.319639 12 0.680361
0  40.187504 0.382813 -0.504100  -0.000334 0.988640 -0.150303  0.346712 0.906310 2 11 0.392172 12 0.607828
v_heavyArms.tga.002
0  40.187504 0.382813 -0.504100  -0.000334 0.988640 -0.150303  0.346712 0.906310 2 11 0.392172 12 0.607828
0  40.106380 0.260429 -0.850343  -0.092349 0.579146 -0.809976  0.334872 0.902889 2 12 0.275230 11 0.724770
0  40.137543 0.384289 -0.494450  0.000926 0.988485 -0.151316  0.346828 0.903441 2 12 0.215597 11 0.784403
v_heavyArms.tga.002
0  40.267834 -0.536907 0.159918  0.294821 -0.630986 0.717591  0.709100 0.887962 2 11 0.196558 12 0.803442
0  40.254868 0.234599 0.165540  0.295004 0.581674 0.758042  0.677563 0.887977 2 11 0.730478 12 0.269522
0  40.218700 -0.538253 0.178678  0.283284 -0.631385 0.721875  0.708857 0.885287 2 11 0.715825 12 0.284175
v_heavyArms.tga.002
0  40.218700 -0.538253 0.178678  0.283284 -0.631385 0.721875  0.708857 0.885287 2 11 0.715825 12 0.284175
0  40.205654 0.236092 0.183051  0.283030 0.583609 0.761114  0.677352 0.884543 2 12 0.086443 11 0.913557
0  40.169380 -0.539612 0.196292  0.270015 -0.632277 0.726166  0.708713 0.881756 3 12 0.096773 10 0.013643 11 0.889584
v_heavyArms.tga.002
0  40.234417 -0.653614 -0.359121  -0.064622 -0.952142 -0.298747  0.728426 0.887144 2 11 0.163043 12 0.836957
0  40.177361 -0.627068 -0.294905  0.191461 -0.834494 0.516684  0.725770 0.884787 2 12 0.362136 11 0.637864
0  40.184891 -0.655311 -0.343252  -0.062500 -0.952991 -0.296483  0.728294 0.884152 2 12 0.421591 11 0.578409
v_heavyArms.tga.002
0  40.184891 -0.655311 -0.343252  -0.062500 -0.952991 -0.296483  0.728294 0.884152 2 12 0.421591 11 0.578409
0  40.127819 -0.628659 -0.279173  0.192586 -0.832717 0.519128  0.725548 0.881558 3 10 0.011131 12 0.138761 11 0.850108
0  40.135361 -0.657008 -0.327382  -0.060737 -0.953811 -0.294203  0.728029 0.880983 3 10 0.006007 12 0.156621 11 0.837372
v_heavyArms.tga.002
0  40.237835 0.376863 -0.346123  0.041699 0.998824 0.024735  0.354716 0.916693 2 12 0.850336 11 0.149664
0  40.187504 0.382813 -0.504100  -0.000334 0.988640 -0.150303  0.348558 0.913869 2 11 0.392172 12 0.607828
0  40.188080 0.378467 -0.330343  0.036767 0.999015 0.024833  0.355187 0.914199 2 12 0.383781 11 0.616219
v_heavyArms.tga.002
0  40.188080 0.378467 -0.330343  0.036767 0.999015 0.024833  0.355187 0.914199 2 12 0.383781 11 0.616219
0  40.137543 0.384289 -0.494450  0.000926 0.988485 -0.151316  0.348542 0.910659 2 12 0.215597 11 0.784403
0  40.138134 0.379825 -0.315492  0.031741 0.999194 0.024557  0.355346 0.911001 2 11 0.859611 12 0.140389
v_heavyArms.tga.002
0  40.135361 -0.657008 -0.327382  -0.060737 -0.953811 -0.294203  0.728029 0.880983 3 10 0.006007 12 0.156621 11 0.837372
0  40.180180 -0.625500 -0.354027  -0.271968 -0.365165 -0.890330  0.730347 0.883561 2 11 0.562288 12 0.437712
0  40.184891 -0.655311 -0.343252  -0.062500 -0.952991 -0.296483  0.728294 0.884152 2 12 0.421591 11 0.578409
v_heavyArms.tga.002
0  40.184891 -0.655311 -0.343252  -0.062500 -0.952991 -0.296483  0.728294 0.884152 2 12 0.421591 11 0.578409
0  40.229721 -0.623846 -0.369818  -0.272703 -0.363762 -0.890679  0.730458 0.886614 2 11 0.158834 12 0.841166
0  40.234417 -0.653614 -0.359121  -0.064622 -0.952142 -0.298747  0.728426 0.887144 2 11 0.163043 12 0.836957
v_heavyArms.tga.002
0  40.130638 -0.627155 -0.338236  -0.020882 -0.983662 -0.178807  0.284651 0.900617 3 10 0.006284 11 0.829868 12 0.163848
0  40.176159 -0.591219 -0.538000  -0.061457 -0.925370 -0.374051  0.291345 0.901588 2 12 0.614281 11 0.385719
0  40.180180 -0.625500 -0.354027  -0.025392 -0.982874 -0.182524  0.284487 0.903456 2 11 0.562288 12 0.437712
v_heavyArms.tga.002
0  40.180180 -0.625500 -0.354027  -0.025392 -0.982874 -0.182524  0.284487 0.903456 2 11 0.562288 12 0.437712
0  40.225746 -0.590255 -0.550232  -0.079318 -0.924528 -0.372768  0.291351 0.904287 2 12 0.884285 11 0.115715
0  40.229721 -0.623846 -0.369818  -0.026374 -0.982867 -0.182417  0.284629 0.906199 2 11 0.158834 12 0.841166
v_heavyArms.tga.002
0  40.091164 -0.385183 -0.837868  -0.085792 -0.489105 -0.867996  0.306259 0.900495 2 11 0.731809 12 0.268191
0  40.156525 0.259758 -0.857498  -0.121571 0.577368 -0.807382  0.334719 0.905857 2 11 0.319639 12 0.680361
0  40.141441 -0.383532 -0.844104  -0.117328 -0.481077 -0.868792  0.305920 0.903424 2 12 0.685364 11 0.314636
v_heavyArms.tga.002
0  40.141441 -0.383532 -0.844104  -0.117328 -0.481077 -0.868792  0.305920 0.903424 2 12 0.685364 11 0.314636
0  40.206505 0.258743 -0.866625  -0.148047 0.575038 -0.804620  0.334613 0.908399 2 12 0.907727 11 0.092273
0  40.191475 -0.382204 -0.852939  -0.168659 -0.470890 -0.865920  0.305843 0.905973 2 12 0.913668 11 0.086332
v_heavyArms.tga.002
0  40.138424 0.378079 -0.253784  0.115500 0.951528 0.285051  0.662032 0.886582 2 11 0.882425 12 0.117575
0  40.254868 0.234599 0.165540  0.295004 0.581674 0.758042  0.677563 0.887977 2 11 0.730478 12 0.269522
0  40.188274 0.376735 -0.268395  0.117698 0.948682 0.293511  0.662235 0.889854 2 12 0.321890 11 0.678110
v_heavyArms.tga.002
0  40.188274 0.376735 -0.268395  0.117698 0.948682 0.293511  0.662235 0.889854 2 12 0.321890 11 0.678110
0  40.303890 0.233329 0.146880  0.306086 0.580010 0.754917  0.677610 0.890634 2 11 0.171837 12 0.828163
0  40.237942 0.375167 -0.283964  0.125715 0.947867 0.292821  0.662400 0.892682 2 11 0.164296 12 0.835704
v_heavyArms.tga.002
0  40.146488 0.403426 -0.309617  -0.083728 0.925929 -0.368299  0.659705 0.886228 2 12 0.133780 11 0.866220
0  40.188274 0.376735 -0.268395  0.154424 0.891874 0.425105  0.662235 0.889854 2 12 0.321890 11 0.678110
0  40.196415 0.401993 -0.324492  -0.083980 0.927138 -0.365189  0.659880 0.889447 2 12 0.368558 11 0.631442
v_heavyArms.tga.002
0  40.196415 0.401993 -0.324492  -0.083980 0.927138 -0.365189  0.659880 0.889447 2 12 0.368558 11 0.631442
0  40.237942 0.375167 -0.283964  0.165979 0.891092 0.422381  0.662400 0.892682 2 11 0.164296 12 0.835704
0  40.246147 0.400332 -0.340291  -0.085208 0.927667 -0.363557  0.660061 0.892378 2 11 0.153029 12 0.846971
v_heavyArms.tga.002
0  38.370872 -0.656056 0.154978  0.260971 -0.964191 0.047223  0.291900 0.801300 2 10 0.911899 11 0.088101
0  38.993835 -0.653935 -0.294350  0.021954 -0.971098 -0.237670  0.298258 0.834234 2 11 0.349073 10 0.650927
0  38.983646 -0.665517 0.020617  -0.015708 -0.999038 -0.040946  0.288559 0.835120 2 11 0.247457 10 0.752543
v_heavyArms.tga.002
0  39.105190 -0.694429 0.003594  -0.031215 -0.979445 -0.199281  0.722510 0.815140 2 11 0.771081 10 0.228919
0  39.034557 -0.664138 0.065992  0.157063 -0.792756 0.588957  0.720661 0.810422 2 11 0.371202 10 0.628798
0  39.053337 -0.695548 0.018792  -0.040876 -0.978631 -0.201521  0.722264 0.811835 2 11 0.404349 10 0.595651
v_heavyArms.tga.002
0  39.053337 -0.695548 0.018792  -0.040876 -0.978631 -0.201521  0.722264 0.811835 2 11 0.404349 10 0.595651
0  38.982609 -0.663918 0.078860  0.124243 -0.799150 0.588152  0.720226 0.807300 2 11 0.222088 10 0.777912
0  39.001225 -0.695595 0.032003  -0.055036 -0.976551 -0.208131  0.721816 0.808594 2 11 0.243643 10 0.756357
v_heavyArms.tga.002
0  39.024498 0.429460 0.002211  -0.075760 0.931856 -0.354830  0.655508 0.814918 3 7 0.054520 10 0.691474 11 0.254007
0  39.065353 0.402717 0.043443  0.097807 0.868799 0.485409  0.657443 0.816321 3 7 0.008384 10 0.584088 11 0.407528
0  39.076500 0.429901 -0.007646  -0.072759 0.937337 -0.340741  0.655826 0.817514 3 7 0.010375 11 0.521928 10 0.467697
v_heavyArms.tga.002
0  39.076500 0.429901 -0.007646  -0.072759 0.937337 -0.340741  0.655826 0.817514 3 7 0.010375 11 0.521928 10 0.467697
0  39.117027 0.402298 0.030990  0.138445 0.863342 0.485257  0.657678 0.819677 2 10 0.193347 11 0.806653
0  39.128181 0.429317 -0.020293  -0.069973 0.939837 -0.334382  0.656029 0.820816 2 11 0.817580 10 0.182420
v_heavyArms.tga.002
0  39.138844 0.271803 0.544058  0.262206 0.605042 0.751779  0.672495 0.810330 2 10 0.211616 11 0.788384
0  39.065353 0.402717 0.043443  0.052397 0.968864 0.241987  0.657443 0.816321 3 7 0.008384 10 0.584088 11 0.407528
0  39.087540 0.273692 0.560330  0.249766 0.609076 0.752757  0.672248 0.806783 2 11 0.310970 10 0.689030
v_heavyArms.tga.002
0  39.087540 0.273692 0.560330  0.249766 0.609076 0.752757  0.672248 0.806783 2 11 0.310970 10 0.689030
0  39.013348 0.402003 0.053227  0.043673 0.975911 0.213753  0.657119 0.813666 3 7 0.053947 10 0.737392 11 0.208661
0  39.035992 0.275832 0.575146  0.236648 0.612784 0.753985  0.671840 0.804081 2 11 0.150812 10 0.849188
v_heavyArms.tga.002
0  39.001225 -0.695595 0.032003  -0.055036 -0.976551 -0.208131  0.721816 0.808594 2 11 0.243643 10 0.756357
0  39.035809 -0.665546 0.007694  -0.225266 -0.452479 -0.862855  0.724228 0.811668 2 11 0.408745 10 0.591255
0  39.053337 -0.695548 0.018792  -0.040876 -0.978631 -0.201521  0.722264 0.811835 2 11 0.404349 10 0.595651
v_heavyArms.tga.002
0  39.053337 -0.695548 0.018792  -0.040876 -0.978631 -0.201521  0.722264 0.811835 2 11 0.404349 10 0.595651
0  39.087708 -0.664475 -0.007271  -0.246840 -0.454795 -0.855705  0.724504 0.814917 2 11 0.771444 10 0.228556
0  39.105190 -0.694429 0.003594  -0.031215 -0.979445 -0.199281  0.722510 0.815140 2 11 0.771081 10 0.228919
v_heavyArms.tga.002
0  39.076260 -0.423002 -0.749378  -0.043111 -0.521069 -0.852425  0.313081 0.841570 3 11 0.771254 12 0.047714 10 0.181032
0  39.045578 -0.651131 -0.299468  0.018702 -0.968383 -0.248766  0.298041 0.837562 2 11 0.581546 10 0.418454
0  39.024483 -0.424408 -0.747164  0.000772 -0.521422 -0.853299  0.313436 0.838571 3 12 0.001329 11 0.612339 10 0.386332
v_heavyArms.tga.002
0  39.024483 -0.424408 -0.747164  0.000772 -0.521422 -0.853299  0.313436 0.838571 3 12 0.001329 11 0.612339 10 0.386332
0  38.993835 -0.653935 -0.294350  0.021954 -0.971098 -0.237670  0.298258 0.834234 2 11 0.349073 10 0.650927
0  38.972549 -0.425081 -0.748190  0.044632 -0.527158 -0.848594  0.313875 0.835091 2 10 0.618312 11 0.381688
v_heavyArms.tga.002
0  39.118519 0.403909 -0.026545  0.020152 0.999557 0.021894  0.358062 0.845876 2 11 0.819763 10 0.180237
0  39.068890 0.411136 -0.327277  -0.005163 0.988616 -0.150373  0.348189 0.842213 3 10 0.365476 7 0.023787 11 0.610737
0  39.066833 0.404322 -0.013947  0.000129 0.999764 0.021742  0.358137 0.842588 3 11 0.547279 10 0.439416 7 0.013304
v_heavyArms.tga.002
0  39.066833 0.404322 -0.013947  0.000129 0.999764 0.021742  0.358137 0.842588 3 11 0.547279 10 0.439416 7 0.013304
0  39.016987 0.410632 -0.327545  -0.007356 0.988883 -0.148516  0.348222 0.838946 3 7 0.064611 11 0.369261 10 0.566128
0  39.014801 0.403601 -0.004149  -0.019126 0.999590 0.021290  0.358392 0.839623 3 11 0.267117 10 0.675457 7 0.057426
v_heavyArms.tga.002
0  39.086288 -0.663227 0.051083  0.080563 -0.980450 0.179520  0.720883 0.813771 2 11 0.760500 10 0.239500
0  39.061508 -0.569170 0.571736  0.220401 -0.637008 0.738677  0.705505 0.802703 2 10 0.676634 11 0.323366
0  39.034557 -0.664138 0.065992  0.056760 -0.981708 0.181736  0.720661 0.810422 2 11 0.371202 10 0.628798
v_heavyArms.tga.002
0  39.034557 -0.664138 0.065992  0.056760 -0.981708 0.181736  0.720661 0.810422 2 11 0.371202 10 0.628798
0  39.009933 -0.567958 0.586966  0.193946 -0.636163 0.746781  0.705034 0.799811 2 11 0.166488 10 0.833512
0  38.982609 -0.663918 0.078860  0.032315 -0.982436 0.183782  0.720226 0.807300 2 11 0.222088 10 0.777912
v_heavyArms.tga.002
0  39.128181 0.429317 -0.020293  -0.069973 0.939837 -0.334382  0.656029 0.820816 2 11 0.817580 10 0.182420
0  39.066833 0.404322 -0.013947  -0.197706 0.304310 -0.931830  0.654990 0.817673 3 11 0.547279 10 0.439416 7 0.013304
0  39.076500 0.429901 -0.007646  -0.072759 0.937337 -0.340741  0.655826 0.817514 3 7 0.010375 11 0.521928 10 0.467697
v_heavyArms.tga.002
0  39.076500 0.429901 -0.007646  -0.072759 0.937337 -0.340741  0.655826 0.817514 3 7 0.010375 11 0.521928 10 0.467697
0  39.014801 0.403601 -0.004149  -0.161614 0.292378 -0.942548  0.654646 0.815188 3 11 0.267117 10 0.675457 7 0.057426
0  39.024498 0.429460 0.002211  -0.075760 0.931856 -0.354830  0.655508 0.814918 3 7 0.054520 10 0.691474 11 0.254007
v_heavyArms.tga.002
0  38.983646 -0.665517 0.020617  -0.015708 -0.999038 -0.040946  0.288559 0.835120 2 11 0.247457 10 0.752543
0  39.045578 -0.651131 -0.299468  0.018702 -0.968383 -0.248766  0.297975 0.837558 2 11 0.581546 10 0.418454
0  39.035809 -0.665546 0.007694  -0.003066 -0.998778 -0.049330  0.288320 0.838008 2 11 0.408745 10 0.591255
v_heavyArms.tga.002
0  39.035809 -0.665546 0.007694  -0.003066 -0.998778 -0.049330  0.288320 0.838008 2 11 0.408745 10 0.591255
0  39.097130 -0.648355 -0.307989  0.009349 -0.965461 -0.260381  0.297674 0.840470 3 11 0.794846 12 0.018305 10 0.186849
0  39.087708 -0.664475 -0.007271  0.016714 -0.998102 -0.059271  0.288102 0.840967 2 11 0.771444 10 0.228556
v_heavyArms.tga.002
0  39.035992 0.275832 0.575146  0.236648 0.612784 0.753985  0.671840 0.804081 2 11 0.150812 10 0.849188
0  39.061508 -0.569170 0.571736  0.220401 -0.637008 0.738677  0.705441 0.802698 2 10 0.676634 11 0.323366
0  39.087540 0.273692 0.560330  0.249766 0.609076 0.752757  0.672248 0.806783 2 11 0.310970 10 0.689030
v_heavyArms.tga.002
0  39.087540 0.273692 0.560330  0.249766 0.609076 0.752757  0.672248 0.806783 2 11 0.310970 10 0.689030
0  39.112907 -0.568840 0.555222  0.250919 -0.634582 0.730990  0.705634 0.806352 2 11 0.755020 10 0.244980
0  39.138844 0.271803 0.544058  0.262206 0.605042 0.751779  0.672495 0.810330 2 10 0.211616 11 0.788384
v_heavyArms.tga.002
0  39.120480 0.410567 -0.331973  -0.000390 0.988334 -0.152299  0.348123 0.845157 3 12 0.012616 10 0.163460 11 0.823924
0  39.061775 0.269537 -0.732520  -0.026670 0.593803 -0.804168  0.337943 0.841221 4 10 0.368059 12 0.003408 11 0.623480 7 0.005053
0  39.068890 0.411136 -0.327277  -0.005163 0.988616 -0.150373  0.348104 0.842205 3 10 0.365476 7 0.023787 11 0.610737
v_heavyArms.tga.002
0  39.068890 0.411136 -0.327277  -0.005163 0.988616 -0.150373  0.348104 0.842205 3 10 0.365476 7 0.023787 11 0.610737
0  39.009941 0.270533 -0.731938  0.046533 0.603417 -0.796067  0.338410 0.837736 3 11 0.409070 7 0.036816 10 0.554114
0  39.016987 0.410632 -0.327545  -0.007356 0.988883 -0.148516  0.348222 0.838946 3 7 0.064611 11 0.369261 10 0.566128
v_heavyArms.tga.002
0  39.113354 0.268869 -0.736547  -0.071071 0.591109 -0.803455  0.337792 0.844256 3 11 0.777013 12 0.051377 10 0.171610
0  39.024483 -0.424408 -0.747164  0.000772 -0.521422 -0.853299  0.313436 0.838571 3 12 0.001329 11 0.612339 10 0.386332
0  39.061775 0.269537 -0.732520  -0.026670 0.593803 -0.804168  0.337943 0.841221 4 10 0.368059 12 0.003408 11 0.623480 7 0.005053
v_heavyArms.tga.002
0  39.061775 0.269537 -0.732520  -0.026670 0.593803 -0.804168  0.337943 0.841221 4 10 0.368059 12 0.003408 11 0.623480 7 0.005053
0  38.972549 -0.425081 -0.748190  0.044632 -0.527158 -0.848594  0.313875 0.835091 2 10 0.618312 11 0.381688
0  39.009941 0.270533 -0.731938  0.046533 0.603417 -0.796067  0.338410 0.837736 3 11 0.409070 7 0.036816 10 0.554114
v_heavyArms.tga.002
0  38.409672 -0.687556 0.165579  0.055038 -0.989377 -0.134554  0.717100 0.771900 2 10 0.922179 11 0.077821
0  38.983646 -0.665517 0.020617  -0.206893 -0.451251 -0.868083  0.723792 0.808640 2 11 0.247457 10 0.752543
0  39.001225 -0.695595 0.032003  -0.055036 -0.976551 -0.208131  0.721816 0.808594 2 11 0.243643 10 0.756357
v_heavyArms.tga.002
0  40.126347 -1.696635 -1.060712  -0.238237 -0.389379 -0.889734  0.226124 0.872543 2 14 0.153211 15 0.846789
0  40.090252 -1.842240 -0.844779  -0.085580 -0.918302 -0.386519  0.218443 0.870153 2 15 0.659654 14 0.340346
0  40.077576 -1.696150 -1.048598  -0.206194 -0.391438 -0.896806  0.226173 0.870046 2 14 0.333965 15 0.666035
v_heavyArms.tga.002
0  40.077576 -1.696150 -1.048598  -0.206194 -0.391438 -0.896806  0.226173 0.870046 2 14 0.333965 15 0.666035
0  40.041164 -1.842630 -0.833869  -0.074393 -0.917770 -0.390081  0.218402 0.868221 3 15 0.282759 14 0.698916 13 0.018324
0  40.028412 -1.695576 -1.038666  -0.173907 -0.391646 -0.903532  0.226238 0.868065 3 15 0.314552 14 0.665485 13 0.019962
v_heavyArms.tga.002
0  40.192627 -1.915081 -0.545758  0.068883 -0.986474 0.148745  0.815812 0.870630 2 14 0.131177 15 0.868823
0  40.224869 -1.834877 -0.018997  0.221253 -0.712965 0.665378  0.794421 0.864265 2 15 0.282470 14 0.717530
0  40.143974 -1.916103 -0.533108  0.053131 -0.987696 0.147082  0.815726 0.867480 2 15 0.632957 14 0.367043
v_heavyArms.tga.002
0  40.143974 -1.916103 -0.533108  0.053131 -0.987696 0.147082  0.815726 0.867480 2 15 0.632957 14 0.367043
0  40.176399 -1.835718 -0.004852  0.193223 -0.717045 0.669710  0.794142 0.861871 2 15 0.069007 14 0.930993
0  40.094902 -1.916830 -0.522685  0.041609 -0.988080 0.148211  0.815676 0.864974 3 13 0.002369 15 0.224087 14 0.773544
v_heavyArms.tga.002
0  40.188770 -1.939117 -0.568365  0.009147 -0.998651 -0.051117  0.817518 0.870709 2 15 0.866805 14 0.133195
0  40.143974 -1.916103 -0.533108  0.177822 -0.689128 0.702483  0.815726 0.867480 2 15 0.632957 14 0.367043
0  40.140106 -1.940137 -0.555706  0.005405 -0.998774 -0.049202  0.817448 0.867549 2 15 0.651888 14 0.348112
v_heavyArms.tga.002
0  40.140106 -1.940137 -0.555706  0.005405 -0.998774 -0.049202  0.817448 0.867549 2 15 0.651888 14 0.348112
0  40.094902 -1.916830 -0.522685  0.147476 -0.689924 0.708700  0.815676 0.864974 3 13 0.002369 15 0.224087 14 0.773544
0  40.091034 -1.940867 -0.545280  0.001100 -0.998528 -0.054238  0.817401 0.865043 3 15 0.236518 14 0.758220 13 0.005262
v_heavyArms.tga.002
0  40.246353 -0.963706 -0.387522  0.177946 0.965437 0.190439  0.742564 0.886260 2 15 0.797511 14 0.202489
0  40.193832 -0.988325 -0.415667  -0.089065 0.832648 -0.546594  0.681403 0.887262 2 15 0.477196 14 0.522804
0  40.198341 -0.958690 -0.371147  0.161596 0.967632 0.193845  0.740791 0.883251 2 14 0.582780 15 0.417220
v_heavyArms.tga.002
0  40.198341 -0.958690 -0.371147  0.161596 0.967632 0.193845  0.740791 0.883251 2 14 0.582780 15 0.417220
0  40.145382 -0.983571 -0.401496  -0.074545 0.835431 -0.544517  0.677312 0.884981 2 15 0.171007 14 0.828993
0  40.149891 -0.954294 -0.357195  0.140938 0.971959 0.188232  0.741156 0.880787 2 15 0.154708 14 0.845292
v_heavyArms.tga.002
0  40.272987 -1.833800 -0.034964  0.244862 -0.712240 0.657842  0.794715 0.867226 2 15 0.832833 14 0.167167
0  40.257149 -1.095072 0.115390  0.323134 0.535296 0.780412  0.759203 0.869499 2 15 0.289036 14 0.710964
0  40.224869 -1.834877 -0.018997  0.221253 -0.712965 0.665378  0.794421 0.864265 2 15 0.282470 14 0.717530
v_heavyArms.tga.002
0  40.224869 -1.834877 -0.018997  0.221253 -0.712965 0.665378  0.794421 0.864265 2 15 0.282470 14 0.717530
0  40.209122 -1.090953 0.131324  0.288540 0.536359 0.793136  0.758764 0.867073 2 15 0.078174 14 0.921826
0  40.176399 -1.835718 -0.004852  0.193223 -0.717045 0.669710  0.794142 0.861871 2 15 0.069007 14 0.930993
v_heavyArms.tga.002
0  40.230656 -1.053229 -0.687484  0.043720 0.973715 -0.223533  0.260268 0.878469 2 14 0.157124 15 0.842876
0  40.129631 -1.113455 -0.973520  -0.107554 0.686969 -0.718683  0.251746 0.873370 2 15 0.662197 14 0.337803
0  40.182632 -1.047398 -0.672294  0.048691 0.973058 -0.225359  0.260627 0.876024 2 14 0.360901 15 0.639099
v_heavyArms.tga.002
0  40.182632 -1.047398 -0.672294  0.048691 0.973058 -0.225359  0.260627 0.876024 2 14 0.360901 15 0.639099
0  40.080826 -1.108918 -0.962811  -0.082380 0.681875 -0.726815  0.252008 0.871420 3 14 0.683476 13 0.009506 15 0.307018
0  40.134232 -1.041769 -0.659221  0.049718 0.974102 -0.220575  0.260980 0.874119 2 15 0.249455 14 0.750545
v_heavyArms.tga.002
0  40.149891 -0.954294 -0.357195  0.140938 0.971959 0.188232  0.741156 0.880787 2 15 0.154708 14 0.845292
0  40.192963 -0.986320 -0.351298  0.302513 0.518489 0.799784  0.744023 0.881521 2 14 0.627799 15 0.372201
0  40.198341 -0.958690 -0.371147  0.161596 0.967632 0.193845  0.740791 0.883251 2 14 0.582780 15 0.417220
v_heavyArms.tga.002
0  40.198341 -0.958690 -0.371147  0.161596 0.967632 0.193845  0.740791 0.883251 2 14 0.582780 15 0.417220
0  40.240814 -0.991393 -0.367983  0.340434 0.495962 0.798828  0.744801 0.884599 2 15 0.787502 14 0.212498
0  40.246353 -0.963706 -0.387522  0.177946 0.965437 0.190439  0.742564 0.886260 2 15 0.797511 14 0.202489
v_heavyArms.tga.002
0  40.079014 -1.893090 -0.579136  -0.030274 -0.981382 -0.189666  0.206485 0.870390 3 15 0.243309 14 0.747722 13 0.008969
0  40.090252 -1.842240 -0.844779  -0.085580 -0.918302 -0.386519  0.218443 0.870153 2 15 0.659654 14 0.340346
0  40.128132 -1.892645 -0.589568  -0.033081 -0.981488 -0.188643  0.206611 0.872254 2 15 0.658596 14 0.341404
v_heavyArms.tga.002
0  40.128132 -1.892645 -0.589568  -0.033081 -0.981488 -0.188643  0.206611 0.872254 2 15 0.658596 14 0.341404
0  40.138916 -1.841597 -0.858096  -0.096857 -0.917854 -0.384919  0.218484 0.872616 2 15 0.849108 14 0.150892
0  40.176838 -1.891931 -0.602256  -0.035687 -0.981554 -0.187826  0.206633 0.874673 2 15 0.863574 14 0.136426
v_heavyArms.tga.002
0  40.091034 -1.940867 -0.545280  0.001100 -0.998528 -0.054238  0.817401 0.865043 3 15 0.236518 14 0.758220 13 0.005262
0  40.128132 -1.892645 -0.589568  -0.175925 -0.599849 -0.780533  0.820617 0.867341 2 15 0.658596 14 0.341404
0  40.140106 -1.940137 -0.555706  0.005405 -0.998774 -0.049202  0.817448 0.867549 2 15 0.651888 14 0.348112
v_heavyArms.tga.002
0  40.140106 -1.940137 -0.555706  0.005405 -0.998774 -0.049202  0.817448 0.867549 2 15 0.651888 14 0.348112
0  40.176838 -1.891931 -0.602256  -0.200600 -0.604816 -0.770686  0.820704 0.870529 2 15 0.863574 14 0.136426
0  40.188770 -1.939117 -0.568365  0.009147 -0.998651 -0.051117  0.817518 0.870709 2 15 0.866805 14 0.133195
v_heavyArms.tga.002
0  40.144638 -0.981855 -0.336980  0.142712 0.968105 0.205925  0.743521 0.879068 2 15 0.138923 14 0.861077
0  40.257149 -1.095072 0.115390  0.323134 0.535296 0.780412  0.759203 0.869499 2 15 0.289036 14 0.710964
0  40.192963 -0.986320 -0.351298  0.162131 0.965739 0.202635  0.744023 0.881521 2 14 0.627799 15 0.372201
v_heavyArms.tga.002
0  40.192963 -0.986320 -0.351298  0.162131 0.965739 0.202635  0.744023 0.881521 2 14 0.627799 15 0.372201
0  40.304771 -1.099753 0.097509  0.351045 0.535637 0.768024  0.759863 0.872477 2 14 0.212251 15 0.787749
0  40.240814 -0.991393 -0.367983  0.181027 0.963069 0.199317  0.744801 0.884599 2 15 0.787502 14 0.212498
v_heavyArms.tga.002
0  40.028412 -1.695576 -1.038666  -0.173907 -0.391646 -0.903532  0.226238 0.868065 3 15 0.314552 14 0.665485 13 0.019962
0  40.129631 -1.113455 -0.973520  -0.107554 0.686969 -0.718683  0.251746 0.873370 2 15 0.662197 14 0.337803
0  40.077576 -1.696150 -1.048598  -0.206194 -0.391438 -0.896806  0.226173 0.870046 2 14 0.333965 15 0.666035
v_heavyArms.tga.002
0  40.077576 -1.696150 -1.048598  -0.206194 -0.391438 -0.896806  0.226173 0.870046 2 14 0.333965 15 0.666035
0  40.178017 -1.118297 -0.986413  -0.130950 0.687004 -0.714757  0.251461 0.875830 2 15 0.846257 14 0.153743
0  40.126347 -1.696635 -1.060712  -0.238237 -0.389379 -0.889734  0.226124 0.872543 2 14 0.153211 15 0.846789
v_heavyArms.tga.002
0  40.134232 -1.041769 -0.659221  0.049718 0.974102 -0.220575  0.260980 0.874119 2 15 0.249455 14 0.750545
0  40.193832 -0.988325 -0.415667  0.032389 0.974189 -0.223397  0.272028 0.879270 2 15 0.477196 14 0.522804
0  40.182632 -1.047398 -0.672294  0.048691 0.973058 -0.225359  0.260627 0.876024 2 14 0.360901 15 0.639099
v_heavyArms.tga.002
0  40.182632 -1.047398 -0.672294  0.048691 0.973058 -0.225359  0.260627 0.876024 2 14 0.360901 15 0.639099
0  40.241863 -0.993710 -0.432236  0.034641 0.972693 -0.229495  0.271671 0.881730 2 14 0.187269 15 0.812731
0  40.230656 -1.053229 -0.687484  0.043720 0.973715 -0.223533  0.260268 0.878469 2 14 0.157124 15 0.842876
v_heavyArms.tga.002
0  38.959286 -1.849849 0.316817  0.154335 -0.750356 0.642764  0.787748 0.801582 2 14 0.106578 13 0.893422
0  38.089973 -1.894856 -0.308122  0.022919 -0.995467 0.092300  0.819100 0.753600 2 13 0.942094 14 0.057906
0  38.890556 -1.926867 -0.315528  -0.028714 -0.991877 0.123914  0.815332 0.803275 2 14 0.298759 13 0.701241
v_heavyArms.tga.002
0  39.132919 -0.871751 -0.101970  0.113286 0.987020 0.113835  0.728947 0.830754 2 14 0.868621 13 0.131379
0  39.073536 -0.888656 -0.127364  -0.041368 0.872119 -0.487543  0.587328 0.834821 3 14 0.643634 13 0.346398 10 0.009968
0  39.083298 -0.867259 -0.090007  0.117769 0.986957 0.109752  0.728030 0.828320 3 14 0.644598 13 0.349535 10 0.005867
v_heavyArms.tga.002
0  39.083298 -0.867259 -0.090007  0.117769 0.986957 0.109752  0.728030 0.828320 3 14 0.644598 13 0.349535 10 0.005867
0  39.024227 -0.884090 -0.114904  -0.027786 0.855468 -0.517110  0.567201 0.832291 3 14 0.317029 13 0.628641 10 0.054330
0  39.033913 -0.862130 -0.078796  0.127175 0.987056 0.097713  0.728112 0.824647 3 14 0.313462 13 0.635612 10 0.050927
v_heavyArms.tga.002
0  38.959286 -1.849849 0.316817  0.154335 -0.750356 0.642764  0.787748 0.801582 2 14 0.106578 13 0.893422
0  38.941666 -1.928165 -0.318510  -0.002847 -0.992485 0.122330  0.815125 0.806466 2 14 0.543889 13 0.456111
0  39.009388 -1.851047 0.303249  0.165319 -0.740245 0.651695  0.788044 0.804644 2 13 0.706289 14 0.293711
v_heavyArms.tga.002
0  39.009388 -1.851047 0.303249  0.165319 -0.740245 0.651695  0.788044 0.804644 2 13 0.706289 14 0.293711
0  38.992355 -1.928394 -0.325037  0.028059 -0.991780 0.124838  0.815116 0.809021 3 15 0.020235 14 0.770734 13 0.209032
0  39.059429 -1.851139 0.289899  0.180403 -0.736185 0.652293  0.788323 0.807093 2 13 0.186181 14 0.813819
v_heavyArms.tga.002
0  38.990761 -1.952561 -0.348071  -0.008836 -0.997267 -0.073351  0.817038 0.809139 3 15 0.026871 14 0.764642 13 0.208487
0  38.941666 -1.928165 -0.318510  0.056450 -0.690716 0.720919  0.815125 0.806466 2 14 0.543889 13 0.456111
0  38.940113 -1.952345 -0.341556  -0.021400 -0.997380 -0.069096  0.817076 0.806575 2 14 0.558520 13 0.441480
v_heavyArms.tga.002
0  38.940113 -1.952345 -0.341556  -0.021400 -0.997380 -0.069096  0.817076 0.806575 2 14 0.558520 13 0.441480
0  38.890556 -1.926867 -0.315528  0.001880 -0.689973 0.723833  0.815332 0.803275 2 14 0.298759 13 0.701241
0  38.889061 -1.951066 -0.338591  -0.034644 -0.996636 -0.074277  0.817285 0.803389 2 13 0.687656 14 0.312344
v_heavyArms.tga.002
0  39.124229 -0.927926 -0.419045  0.073386 0.979045 -0.189962  0.267851 0.834466 3 15 0.036144 14 0.812040 13 0.151816
0  39.007431 -1.013930 -0.765778  0.013957 0.664968 -0.746742  0.257532 0.828780 4 14 0.592558 13 0.356207 10 0.035359 15 0.015876
0  39.075066 -0.921184 -0.406905  0.100197 0.976281 -0.191926  0.268198 0.832525 3 14 0.632079 13 0.339852 10 0.028068
v_heavyArms.tga.002
0  39.075066 -0.921184 -0.406905  0.100197 0.976281 -0.191926  0.268198 0.832525 3 14 0.632079 13 0.339852 10 0.028068
0  38.956806 -1.008226 -0.764302  0.051883 0.648893 -0.759108  0.257725 0.825760 3 10 0.072447 14 0.379926 13 0.547627
0  39.026379 -0.912796 -0.394244  0.126314 0.973964 -0.188253  0.268757 0.829689 3 10 0.068948 14 0.374569 13 0.556482
v_heavyArms.tga.002
0  38.881447 -1.897718 -0.373739  -0.027238 -0.978871 -0.202655  0.205282 0.824264 2 14 0.319260 13 0.680740
0  38.919533 -1.846740 -0.627161  -0.058362 -0.914025 -0.401439  0.218038 0.824333 3 14 0.568104 13 0.423461 15 0.008435
0  38.932438 -1.898530 -0.376649  -0.028543 -0.979312 -0.200335  0.205383 0.826821 2 14 0.564305 13 0.435695
v_heavyArms.tga.002
0  38.932438 -1.898530 -0.376649  -0.028543 -0.979312 -0.200335  0.205383 0.826821 2 14 0.564305 13 0.435695
0  38.970158 -1.847220 -0.634124  -0.066631 -0.913670 -0.400958  0.218015 0.826308 3 13 0.216393 14 0.729012 15 0.054594
0  38.983074 -1.898714 -0.383131  -0.030615 -0.979586 -0.198679  0.205309 0.828760 3 15 0.031512 14 0.758234 13 0.210254
v_heavyArms.tga.002
0  38.889061 -1.951066 -0.338591  -0.034644 -0.996636 -0.074277  0.817285 0.803389 2 13 0.687656 14 0.312344
0  38.932438 -1.898530 -0.376649  -0.082068 -0.553760 -0.828622  0.820550 0.806238 2 14 0.564305 13 0.435695
0  38.940113 -1.952345 -0.341556  -0.021400 -0.997380 -0.069096  0.817076 0.806575 2 14 0.558520 13 0.441480
v_heavyArms.tga.002
0  38.940113 -1.952345 -0.341556  -0.021400 -0.997380 -0.069096  0.817076 0.806575 2 14 0.558520 13 0.441480
0  38.983074 -1.898714 -0.383131  -0.125565 -0.554019 -0.822980  0.820553 0.808812 3 15 0.031512 14 0.758234 13 0.210254
0  38.990761 -1.952561 -0.348071  -0.008836 -0.997267 -0.073351  0.817038 0.809139 3 15 0.026871 14 0.764642 13 0.208487
v_heavyArms.tga.002
0  38.870354 -1.678076 -0.848860  -0.074243 -0.391074 -0.917360  0.227878 0.820773 3 13 0.608452 10 0.016294 14 0.375254
0  39.007431 -1.013930 -0.765778  0.013957 0.664968 -0.746742  0.257532 0.828780 4 14 0.592558 13 0.356207 10 0.035359 15 0.015876
0  38.921295 -1.680555 -0.852794  -0.108561 -0.389105 -0.914774  0.227696 0.823733 3 14 0.577036 13 0.401370 15 0.021594
v_heavyArms.tga.002
0  38.921295 -1.680555 -0.852794  -0.108561 -0.389105 -0.914774  0.227696 0.823733 3 14 0.577036 13 0.401370 15 0.021594
0  39.057644 -1.018866 -0.771846  -0.050444 0.671023 -0.739719  0.257275 0.830763 3 15 0.061455 14 0.758577 13 0.179968
0  38.971920 -1.681963 -0.859431  -0.143060 -0.385514 -0.911544  0.227619 0.825750 3 15 0.064840 14 0.726625 13 0.208535
v_heavyArms.tga.002
0  39.121170 -0.896985 -0.071023  0.225175 0.710048 0.667179  0.732576 0.827777 2 13 0.130257 14 0.869743
0  39.083298 -0.867259 -0.090007  0.117769 0.986957 0.109752  0.728030 0.828320 3 14 0.644598 13 0.349535 10 0.005867
0  39.071507 -0.892715 -0.058817  0.224884 0.711475 0.665755  0.732015 0.825307 3 14 0.630406 13 0.367015 10 0.002579
v_heavyArms.tga.002
0  39.071507 -0.892715 -0.058817  0.224884 0.711475 0.665755  0.732015 0.825307 3 14 0.630406 13 0.367015 10 0.002579
0  39.033913 -0.862130 -0.078796  0.127175 0.987056 0.097713  0.728112 0.824647 3 14 0.313462 13 0.635612 10 0.050927
0  39.021843 -0.888445 -0.046610  0.220371 0.713046 0.665584  0.731679 0.821781 3 10 0.049090 14 0.294020 13 0.656890
v_heavyArms.tga.002
0  39.034595 -1.000762 0.487986  0.311267 0.532508 0.787114  0.748141 0.807646 2 14 0.160102 13 0.839898
0  39.009388 -1.851047 0.303249  0.165319 -0.740245 0.651695  0.788044 0.804644 2 13 0.706289 14 0.293711
0  39.083839 -1.004353 0.471179  0.299948 0.533604 0.790758  0.748443 0.810889 2 14 0.477745 13 0.522255
v_heavyArms.tga.002
0  39.083839 -1.004353 0.471179  0.299948 0.533604 0.790758  0.748443 0.810889 2 14 0.477745 13 0.522255
0  39.059429 -1.851139 0.289899  0.180403 -0.736185 0.652293  0.788323 0.807093 2 13 0.186181 14 0.813819
0  39.133232 -1.008074 0.455480  0.287040 0.533921 0.795322  0.748897 0.813361 2 13 0.124895 14 0.875105
v_heavyArms.tga.002
0  39.122845 -0.893221 -0.139823  0.069586 0.989615 -0.125777  0.279843 0.838119 2 13 0.134583 14 0.865417
0  39.075066 -0.921184 -0.406905  0.100197 0.976281 -0.191926  0.268198 0.832525 3 14 0.632079 13 0.339852 10 0.028068
0  39.073536 -0.888656 -0.127364  0.069054 0.991765 -0.107861  0.280192 0.836208 3 14 0.643634 13 0.346398 10 0.009968
v_heavyArms.tga.002
0  39.073536 -0.888656 -0.127364  0.069054 0.991765 -0.107861  0.280192 0.836208 3 14 0.643634 13 0.346398 10 0.009968
0  39.026379 -0.912796 -0.394244  0.126314 0.973964 -0.188253  0.268757 0.829689 3 10 0.068948 14 0.374569 13 0.556482
0  39.024227 -0.884090 -0.114904  0.120673 0.990176 -0.070643  0.280514 0.833588 3 14 0.317029 13 0.628641 10 0.054330
v_heavyArms.tga.002
0  38.868576 -1.845278 -0.623639  -0.052411 -0.909766 -0.411799  0.218090 0.821569 2 14 0.349757 13 0.650243
0  38.921295 -1.680555 -0.852794  -0.108561 -0.389105 -0.914774  0.227696 0.823733 3 14 0.577036 13 0.401370 15 0.021594
0  38.919533 -1.846740 -0.627161  -0.058362 -0.914025 -0.401439  0.218038 0.824333 3 14 0.568104 13 0.423461 15 0.008435
v_heavyArms.tga.002
0  38.919533 -1.846740 -0.627161  -0.058362 -0.914025 -0.401439  0.218038 0.824333 3 14 0.568104 13 0.423461 15 0.008435
0  38.971920 -1.681963 -0.859431  -0.143060 -0.385514 -0.911544  0.227619 0.825750 3 15 0.064840 14 0.726625 13 0.208535
0  38.970158 -1.847220 -0.634124  -0.066631 -0.913670 -0.400958  0.218015 0.826308 3 13 0.216393 14 0.729012 15 0.054594
v_heavyArms.tga.002
0  39.021843 -0.888445 -0.046610  0.133114 0.970494 0.201051  0.731679 0.821781 3 10 0.049090 14 0.294020 13 0.656890
0  39.083839 -1.004353 0.471179  0.299948 0.533604 0.790758  0.748443 0.810889 2 14 0.477745 13 0.522255
0  39.071507 -0.892715 -0.058817  0.133095 0.970399 0.201525  0.732015 0.825307 3 14 0.630406 13 0.367015 10 0.002579
v_heavyArms.tga.002
0  39.071507 -0.892715 -0.058817  0.133095 0.970399 0.201525  0.732015 0.825307 3 14 0.630406 13 0.367015 10 0.002579
0  39.133232 -1.008074 0.455480  0.287040 0.533921 0.795322  0.748897 0.813361 2 13 0.124895 14 0.875105
0  39.121170 -0.896985 -0.071023  0.134216 0.970055 0.202432  0.732576 0.827777 2 13 0.130257 14 0.869743
v_heavyArms.tga.002
0  38.369873 -0.786855 0.065278  0.265595 0.927378 -0.263496  0.724900 0.775300 3 13 0.692432 14 0.079336 10 0.228232
0  39.024227 -0.884090 -0.114904  -0.027786 0.855468 -0.517110  0.567201 0.832291 3 14 0.317029 13 0.628641 10 0.054330
0  38.337471 -0.817557 0.056378  -0.152410 0.422788 -0.893320  0.284900 0.796800 3 13 0.681512 14 0.077882 10 0.240606
v_heavyArms.tga.002
0  37.221371 -1.600132 -0.875514  0.059896 -0.248587 -0.966756  0.238616 0.725808 4 10 0.061512 3 0.438448 16 0.061591 13 0.438448
0  37.299065 -0.594566 -0.817763  0.106170 0.047616 -0.993207  0.309051 0.728893 4 3 0.204543 13 0.474749 10 0.308074 16 0.012634
0  37.323696 -1.603565 -0.869172  0.057762 -0.246475 -0.967426  0.237736 0.731529 4 13 0.626629 10 0.089145 16 0.051283 3 0.232943
v_heavyArms.tga.002
0  37.323696 -1.603565 -0.869172  0.057762 -0.246475 -0.967426  0.237736 0.731529 4 13 0.626629 10 0.089145 16 0.051283 3 0.232943
0  37.401440 -0.606169 -0.804202  0.108217 0.031564 -0.993626  0.309559 0.735179 4 3 0.157532 13 0.504643 10 0.335375 16 0.002450
0  37.426022 -1.606999 -0.862830  0.076874 -0.273326 -0.958845  0.236832 0.737431 5 13 0.693948 14 0.002205 16 0.036006 10 0.095900 3 0.171941
v_heavyArms.tga.002
0  37.127872 -1.872133 0.626825  0.008667 -0.784652 0.619876  0.777646 0.698595 3 3 0.717592 16 0.009913 13 0.272495
0  37.227932 -1.888864 0.381013  0.041497 -0.995753 0.082189  0.787739 0.702726 3 13 0.789448 16 0.015018 3 0.195534
0  37.228073 -1.869195 0.628143  0.033423 -0.785492 0.617969  0.777745 0.703535 2 13 0.422925 3 0.577075
v_heavyArms.tga.002
0  37.228073 -1.869195 0.628143  0.033423 -0.785492 0.617969  0.777745 0.703535 2 13 0.422925 3 0.577075
0  37.326370 -1.880255 0.438759  0.043224 -0.996150 0.076262  0.785022 0.708777 2 13 0.796715 3 0.203285
0  37.327496 -1.866036 0.624461  0.070151 -0.778296 0.623966  0.777712 0.709436 2 13 0.731220 3 0.268780
v_heavyArms.tga.002
0  37.373775 1.363697 -0.766803  0.060750 0.050778 -0.996861  0.417536 0.742850 4 4 0.152289 7 0.596284 3 0.250473 5 0.000954
0  37.343719 0.383874 -0.768557  0.095639 0.020394 -0.995207  0.358626 0.732711 3 3 0.393022 10 0.603737 13 0.003241
0  37.272392 1.348208 -0.782780  0.031376 0.052943 -0.998104  0.416544 0.736781 3 3 0.330236 4 0.144967 7 0.524796
v_heavyArms.tga.002
0  37.272392 1.348208 -0.782780  0.031376 0.052943 -0.998104  0.416544 0.736781 3 3 0.330236 4 0.144967 7 0.524796
0  37.240997 0.374564 -0.778539  0.084822 0.037902 -0.995675  0.358146 0.727104 3 3 0.601425 10 0.396573 13 0.002001
0  37.171005 1.332718 -0.776005  -0.053283 0.075473 -0.995723  0.415540 0.730572 3 3 0.572486 4 0.098429 7 0.329085
v_heavyArms.tga.002
0  37.147766 2.369971 0.053344  -0.050559 0.995536 0.079702  0.525177 0.706634 3 4 0.512732 7 0.013181 3 0.474087
0  37.246201 2.341264 0.498863  -0.031471 0.760249 0.648869  0.543987 0.713564 3 4 0.408554 7 0.017963 3 0.573483
0  37.249607 2.375919 0.040913  -0.051850 0.996094 0.071473  0.524477 0.712205 2 4 0.875152 3 0.124848
v_heavyArms.tga.002
0  37.249607 2.375919 0.040913  -0.051850 0.996094 0.071473  0.524477 0.712205 2 4 0.875152 3 0.124848
0  37.347336 2.350326 0.490544  0.002572 0.763587 0.645699  0.543453 0.718964 3 4 0.661646 7 0.025160 3 0.313194
0  37.351448 2.381866 0.028483  -0.057742 0.996479 0.060789  0.523757 0.718125 2 4 0.801120 3 0.198880
v_heavyArms.tga.002
0  37.174629 -0.748571 1.016639  0.103846 -0.200243 0.974227  0.715768 0.708565 3 3 0.514443 13 0.255303 10 0.230254
0  37.228073 -1.869195 0.628143  0.033423 -0.785492 0.617969  0.777745 0.703535 2 13 0.422925 3 0.577075
0  37.274284 -0.749679 1.002825  0.153409 -0.178804 0.971851  0.716235 0.714620 3 3 0.494253 13 0.303329 10 0.202418
v_heavyArms.tga.002
0  37.274284 -0.749679 1.002825  0.153409 -0.178804 0.971851  0.716235 0.714620 3 3 0.494253 13 0.303329 10 0.202418
0  37.327496 -1.866036 0.624461  0.070151 -0.778296 0.623966  0.777712 0.709436 2 13 0.731220 3 0.268780
0  37.372871 -0.750677 0.984941  0.192588 -0.168450 0.966713  0.716558 0.719327 3 13 0.362148 3 0.171540 10 0.466312
v_heavyArms.tga.002
0  37.215801 -1.944947 -0.397501  0.103142 -0.991946 -0.073523  0.205093 0.739834 4 10 0.024399 13 0.601136 16 0.122002 3 0.252462
0  37.318970 -1.908323 -0.675243  0.141433 -0.848025 -0.510734  0.220866 0.738613 4 13 0.646412 10 0.041398 16 0.052210 3 0.259980
0  37.318790 -1.937234 -0.394064  0.083967 -0.990416 -0.109666  0.205162 0.744862 4 13 0.636455 10 0.026877 16 0.073378 3 0.263289
v_heavyArms.tga.002
0  37.318790 -1.937234 -0.394064  0.083967 -0.990416 -0.109666  0.205162 0.744862 4 13 0.636455 10 0.026877 16 0.073378 3 0.263289
0  37.420921 -1.895693 -0.666259  0.136064 -0.844819 -0.517462  0.220686 0.744031 5 10 0.046960 13 0.739780 16 0.037469 14 0.000189 3 0.175602
0  37.421780 -1.929521 -0.390626  0.079032 -0.989418 -0.121683  0.205234 0.750157 4 10 0.023810 13 0.704398 16 0.037200 3 0.234592
v_heavyArms.tga.002
0  37.422340 -1.966948 -0.358097  0.074310 -0.994540 -0.073270  0.827699 0.719174 4 10 0.013880 13 0.734695 16 0.031520 3 0.219904
0  37.319069 -1.944394 -0.326626  0.031147 -0.765060 0.643206  0.825683 0.712489 4 13 0.619690 10 0.006329 16 0.075791 3 0.298190
0  37.318817 -1.974176 -0.362142  0.073519 -0.994129 -0.079386  0.828817 0.713787 4 13 0.665709 10 0.016985 16 0.067700 3 0.249606
v_heavyArms.tga.002
0  37.318817 -1.974176 -0.362142  0.073519 -0.994129 -0.079386  0.828817 0.713787 4 13 0.665709 10 0.016985 16 0.067700 3 0.249606
0  37.214901 -1.950933 -0.329068  0.031382 -0.771504 0.635450  0.826518 0.707275 5 13 0.541846 10 0.006851 16 0.145030 17 0.000113 3 0.306160
0  37.215298 -1.981405 -0.366186  0.072776 -0.993653 -0.085778  0.829890 0.708664 4 10 0.018606 13 0.564244 16 0.136616 3 0.280534
v_heavyArms.tga.002
0  37.144794 2.332156 0.500220  -0.045122 0.774651 0.630778  0.544738 0.708109 3 4 0.450119 7 0.023646 3 0.526235
0  37.287403 1.365301 0.763464  0.207360 0.271883 0.939724  0.598690 0.723219 4 7 0.355126 10 0.048475 3 0.429498 4 0.166901
0  37.246201 2.341264 0.498863  -0.031471 0.760249 0.648869  0.543987 0.713564 3 4 0.408554 7 0.017963 3 0.573483
v_heavyArms.tga.002
0  37.246201 2.341264 0.498863  -0.031471 0.760249 0.648869  0.543987 0.713564 3 4 0.408554 7 0.017963 3 0.573483
0  37.385506 1.384102 0.735281  0.216911 0.254892 0.942327  0.597529 0.727580 4 4 0.412149 7 0.371719 10 0.046089 3 0.170043
0  37.347336 2.350326 0.490544  0.002572 0.763587 0.645699  0.543453 0.718964 3 4 0.661646 7 0.025160 3 0.313194
v_heavyArms.tga.002
0  37.395008 2.205787 -0.689505  -0.126219 0.587984 -0.798964  0.470565 0.739190 3 4 0.732569 5 0.036942 3 0.230489
0  37.272392 1.348208 -0.782780  0.031376 0.052943 -0.998104  0.416544 0.736781 3 3 0.330236 4 0.144967 7 0.524796
0  37.292778 2.194851 -0.679504  -0.139480 0.598482 -0.788901  0.469718 0.732834 3 4 0.753544 3 0.241838 5 0.004618
v_heavyArms.tga.002
0  37.292778 2.194851 -0.679504  -0.139480 0.598482 -0.788901  0.469718 0.732834 3 4 0.753544 3 0.241838 5 0.004618
0  37.171005 1.332718 -0.776005  -0.053283 0.075473 -0.995723  0.415540 0.730572 3 3 0.572486 4 0.098429 7 0.329085
0  37.190544 2.183916 -0.669502  -0.136969 0.596778 -0.790630  0.468945 0.727035 2 4 0.434230 3 0.565770
v_heavyArms.tga.002
0  37.353462 2.391727 -0.027692  -0.052063 0.997137 0.054834  0.508170 0.731467 2 4 0.791275 3 0.208725
0  37.254662 2.394406 -0.193586  -0.090004 0.980742 -0.173334  0.496979 0.726210 2 4 0.717720 3 0.282280
0  37.251080 2.386335 -0.015131  -0.052928 0.997874 0.038029  0.507653 0.724793 2 4 0.793150 3 0.206850
v_heavyArms.tga.002
0  37.251080 2.386335 -0.015131  -0.052928 0.997874 0.038029  0.507653 0.724793 2 4 0.793150 3 0.206850
0  37.152328 2.386245 -0.185693  -0.092618 0.977781 -0.188060  0.496370 0.720407 2 3 0.346481 4 0.653519
0  37.148697 2.380943 -0.002570  -0.059561 0.998024 0.020028  0.507250 0.718699 2 4 0.699261 3 0.300739
v_heavyArms.tga.002
0  37.446442 0.393184 -0.758575  0.001027 0.019895 -0.999802  0.359106 0.738323 3 10 0.718821 3 0.278863 13 0.002316
0  37.299065 -0.594566 -0.817763  0.106170 0.047616 -0.993207  0.309051 0.728893 4 3 0.204543 13 0.474749 10 0.308074 16 0.012634
0  37.343719 0.383874 -0.768557  0.095639 0.020394 -0.995207  0.358626 0.732711 3 3 0.393022 10 0.603737 13 0.003241
v_heavyArms.tga.002
0  37.343719 0.383874 -0.768557  0.095639 0.020394 -0.995207  0.358626 0.732711 3 3 0.393022 10 0.603737 13 0.003241
0  37.196690 -0.582963 -0.825331  0.107518 0.047985 -0.993044  0.308627 0.723176 4 10 0.229997 16 0.021423 13 0.369316 3 0.379264
0  37.240997 0.374564 -0.778539  0.084822 0.037902 -0.995675  0.358146 0.727104 3 3 0.601425 10 0.396573 13 0.002001
v_heavyArms.tga.002
0  37.350361 2.403650 0.005933  -0.029882 0.977362 0.209453  0.522042 0.717838 2 4 0.793994 3 0.206006
0  37.251080 2.386335 -0.015131  -0.091803 0.939174 -0.330944  0.520878 0.711655 2 4 0.793150 3 0.206850
0  37.248272 2.397856 0.018478  -0.028145 0.975789 0.216897  0.522777 0.711806 2 4 0.837261 3 0.162739
v_heavyArms.tga.002
0  37.248272 2.397856 0.018478  -0.028145 0.975789 0.216897  0.522777 0.711806 2 4 0.837261 3 0.162739
0  37.148697 2.380943 -0.002570  -0.088794 0.943208 -0.320116  0.521600 0.706099 2 4 0.699261 3 0.300739
0  37.146183 2.392061 0.031023  -0.025878 0.973731 0.226225  0.523473 0.706268 3 4 0.691597 7 0.009296 3 0.299108
v_heavyArms.tga.002
0  37.146183 2.392061 0.031023  -0.025878 0.973731 0.226225  0.523473 0.706268 3 4 0.691597 7 0.009296 3 0.299108
0  37.249607 2.375919 0.040913  0.044118 0.715240 0.697485  0.524477 0.712205 2 4 0.875152 3 0.124848
0  37.248272 2.397856 0.018478  -0.028145 0.975789 0.216897  0.522777 0.711806 2 4 0.837261 3 0.162739
v_heavyArms.tga.002
0  37.248272 2.397856 0.018478  -0.028145 0.975789 0.216897  0.522777 0.711806 2 4 0.837261 3 0.162739
0  37.351448 2.381866 0.028483  0.044062 0.719207 0.693398  0.523757 0.718125 2 4 0.801120 3 0.198880
0  37.350361 2.403650 0.005933  -0.029882 0.977362 0.209453  0.522042 0.717838 2 4 0.793994 3 0.206006
v_heavyArms.tga.002
0  37.215298 -1.981405 -0.366186  0.072776 -0.993653 -0.085778  0.829890 0.708664 4 10 0.018606 13 0.564244 16 0.136616 3 0.280534
0  37.318790 -1.937234 -0.394064  0.074353 -0.651754 -0.754777  0.831887 0.714190 4 13 0.636455 10 0.026877 16 0.073378 3 0.263289
0  37.318817 -1.974176 -0.362142  0.073519 -0.994129 -0.079386  0.828817 0.713787 4 13 0.665709 10 0.016985 16 0.067700 3 0.249606
v_heavyArms.tga.002
0  37.318817 -1.974176 -0.362142  0.073519 -0.994129 -0.079386  0.828817 0.713787 4 13 0.665709 10 0.016985 16 0.067700 3 0.249606
0  37.421780 -1.929521 -0.390626  0.075629 -0.653447 -0.753185  0.830751 0.719534 4 10 0.023810 13 0.704398 16 0.037200 3 0.234592
0  37.422340 -1.966948 -0.358097  0.074310 -0.994540 -0.073270  0.827699 0.719174 4 10 0.013880 13 0.734695 16 0.031520 3 0.219904
v_heavyArms.tga.002
0  37.190544 2.183916 -0.669502  -0.136969 0.596778 -0.790630  0.468945 0.727035 2 4 0.434230 3 0.565770
0  37.254662 2.394406 -0.193586  -0.090004 0.980742 -0.173334  0.496979 0.726210 2 4 0.717720 3 0.282280
0  37.292778 2.194851 -0.679504  -0.139480 0.598482 -0.788901  0.469718 0.732834 3 4 0.753544 3 0.241838 5 0.004618
v_heavyArms.tga.002
0  37.292778 2.194851 -0.679504  -0.139480 0.598482 -0.788901  0.469718 0.732834 3 4 0.753544 3 0.241838 5 0.004618
0  37.356991 2.402568 -0.201479  -0.088608 0.983254 -0.159251  0.497715 0.733032 3 4 0.722143 5 0.002716 3 0.275141
0  37.395008 2.205787 -0.689505  -0.126219 0.587984 -0.798964  0.470565 0.739190 3 4 0.732569 5 0.036942 3 0.230489
v_heavyArms.tga.002
0  37.189022 1.342404 0.791482  0.198504 0.276697 0.940231  0.600373 0.716151 4 4 0.065969 3 0.516796 7 0.378143 10 0.039092
0  37.289726 0.390825 1.040791  0.228881 0.120412 0.965978  0.654922 0.722160 3 7 0.082322 3 0.526065 10 0.391612
0  37.287403 1.365301 0.763464  0.207360 0.271883 0.939724  0.598690 0.723219 4 7 0.355126 10 0.048475 3 0.429498 4 0.166901
v_heavyArms.tga.002
0  37.287403 1.365301 0.763464  0.207360 0.271883 0.939724  0.598690 0.723219 4 7 0.355126 10 0.048475 3 0.429498 4 0.166901
0  37.387562 0.400842 1.015959  0.234922 0.122401 0.964277  0.654447 0.726321 3 10 0.384513 3 0.175007 7 0.440479
0  37.385506 1.384102 0.735281  0.216911 0.254892 0.942327  0.597529 0.727580 4 4 0.412149 7 0.371719 10 0.046089 3 0.170043
v_heavyArms.tga.002
0  37.423237 -1.937855 -0.324183  0.060398 -0.994629 0.084057  0.824788 0.718078 4 13 0.742407 10 0.002710 16 0.027022 3 0.227861
0  37.227932 -1.888864 0.381013  0.041497 -0.995753 0.082189  0.787739 0.702726 3 13 0.789448 16 0.015018 3 0.195534
0  37.319069 -1.944394 -0.326626  0.059591 -0.994442 0.086797  0.825683 0.712489 4 13 0.619690 10 0.006329 16 0.075791 3 0.298190
v_heavyArms.tga.002
0  37.319069 -1.944394 -0.326626  0.059591 -0.994442 0.086797  0.825683 0.712489 4 13 0.619690 10 0.006329 16 0.075791 3 0.298190
0  37.128529 -1.896909 0.337630  0.046081 -0.995288 0.085316  0.790415 0.697558 3 13 0.579432 16 0.101994 3 0.318574
0  37.214901 -1.950933 -0.329068  0.055097 -0.994307 0.091201  0.826518 0.707275 5 13 0.541846 10 0.006851 16 0.145030 17 0.000113 3 0.306160
v_heavyArms.tga.002
0  37.217022 -1.920953 -0.684227  0.123541 -0.836840 -0.533326  0.221046 0.733224 4 13 0.586730 10 0.035637 16 0.081113 3 0.296520
0  37.323696 -1.603565 -0.869172  0.057762 -0.246475 -0.967426  0.237736 0.731529 4 13 0.626629 10 0.089145 16 0.051283 3 0.232943
0  37.318970 -1.908323 -0.675243  0.141433 -0.848025 -0.510734  0.220866 0.738613 4 13 0.646412 10 0.041398 16 0.052210 3 0.259980
v_heavyArms.tga.002
0  37.318970 -1.908323 -0.675243  0.141433 -0.848025 -0.510734  0.220866 0.738613 4 13 0.646412 10 0.041398 16 0.052210 3 0.259980
0  37.426022 -1.606999 -0.862830  0.076874 -0.273326 -0.958845  0.236832 0.737431 5 13 0.693948 14 0.002205 16 0.036006 10 0.095900 3 0.171941
0  37.420921 -1.895693 -0.666259  0.136064 -0.844819 -0.517462  0.220686 0.744031 5 10 0.046960 13 0.739780 16 0.037469 14 0.000189 3 0.175602
v_heavyArms.tga.002
0  37.191551 0.378280 1.065459  0.216422 0.105258 0.970609  0.655617 0.714927 3 3 0.571353 10 0.358688 7 0.069959
0  37.274284 -0.749679 1.002825  0.153409 -0.178804 0.971851  0.716235 0.714620 3 3 0.494253 13 0.303329 10 0.202418
0  37.289726 0.390825 1.040791  0.228881 0.120412 0.965978  0.654922 0.722160 3 7 0.082322 3 0.526065 10 0.391612
v_heavyArms.tga.002
0  37.289726 0.390825 1.040791  0.228881 0.120412 0.965978  0.654922 0.722160 3 7 0.082322 3 0.526065 10 0.391612
0  37.372871 -0.750677 0.984941  0.192588 -0.168450 0.966713  0.716558 0.719327 3 13 0.362148 3 0.171540 10 0.466312
0  37.387562 0.400842 1.015959  0.234922 0.122401 0.964277  0.654447 0.726321 3 10 0.384513 3 0.175007 7 0.440479
v_heavyArms.tga.002
0  36.552574 2.351044 0.067078  -0.219439 0.962559 -0.159141  0.525800 0.673800 1 3 1.000000
0  37.146183 2.392061 0.031023  -0.025878 0.973731 0.226225  0.523473 0.706268 3 4 0.691597 7 0.009296 3 0.299108
0  37.148697 2.380943 -0.002570  -0.088794 0.943208 -0.320116  0.521600 0.706099 2 4 0.699261 3 0.300739
v_heavyArms.tga.002
0  -40.138424 0.378079 -0.253784  -0.115500 0.951528 0.285051  0.662032 0.886582 2 29 0.882425 30 0.117575
0  -39.138844 0.271803 0.544058  -0.262206 0.605042 0.751779  0.672495 0.810330 2 28 0.211616 29 0.788384
0  -39.117027 0.402298 0.030990  -0.079929 0.966850 0.242514  0.657678 0.819677 2 28 0.193347 29 0.806653
v_heavyArms.tga.002
0  -38.414371 0.538144 0.089678  -0.386926 -0.907776 0.161958  0.644200 0.791000 2 25 0.946098 26 0.053902
0  -39.073532 0.710420 0.593262  -0.289140 -0.561160 0.775563  0.626888 0.816685 2 26 0.143262 25 0.856738
0  -39.040997 0.578950 -0.042473  -0.114387 -0.973996 0.195572  0.642004 0.826671 2 26 0.216585 25 0.783415
v_heavyArms.tga.002
0  -40.074875 2.536644 -0.749223  -0.050901 0.855478 -0.515331  0.509100 0.903000 1 24 1.000000
0  -40.229774 2.490544 -0.746123  -0.375196 0.925591 -0.050086  0.516600 0.914100 1 24 1.000000
0  -40.077576 2.553644 -0.720223  -0.204134 0.978838 0.014331  0.510800 0.902400 1 24 1.000000
v_heavyArms.tga.002
0  -40.156090 1.555044 -0.472020  -0.038711 0.989137 0.141805  0.573445 0.891236 2 27 0.120186 26 0.879814
0  -39.152554 1.447362 0.459653  -0.226302 0.697940 0.679461  0.598229 0.820850 2 25 0.182912 26 0.817088
0  -39.119293 1.526463 -0.099920  -0.007686 0.990191 0.139512  0.582012 0.826184 2 25 0.128848 26 0.871152
v_heavyArms.tga.002
0  -38.298515 2.456216 -0.186367  0.050091 0.985157 0.164187  0.506170 0.789526 2 23 0.360091 22 0.639909
0  -37.962074 2.455544 -0.259022  0.082514 0.994406 -0.065943  0.499800 0.772200 2 22 0.834517 23 0.165483
0  -38.294399 2.478910 -0.333376  0.101823 0.986663 -0.126995  0.497876 0.790972 2 23 0.411679 22 0.588321
v_heavyArms.tga.002
0  -40.138134 0.379825 -0.315492  -0.031741 0.999194 0.024557  0.355346 0.911001 2 29 0.859611 30 0.140389
0  -39.120480 0.410567 -0.331973  0.000390 0.988334 -0.152299  0.348206 0.845504 3 30 0.012616 28 0.163460 29 0.823924
0  -40.137543 0.384289 -0.494450  -0.000926 0.988485 -0.151316  0.348542 0.910659 2 30 0.215597 29 0.784403
v_heavyArms.tga.002
0  -41.487774 0.354744 -0.752123  -0.137873 0.920340 -0.366013  0.664450 0.965851 1 30 1.000000
0  -40.237942 0.375167 -0.283964  -0.165979 0.891092 0.422381  0.662400 0.892682 2 29 0.164296 30 0.835704
0  -40.246147 0.400332 -0.340291  0.085208 0.927667 -0.363558  0.660061 0.892378 2 29 0.153029 30 0.846971
v_heavyArms.tga.002
0  -33.989975 1.588644 0.104779  0.153709 0.744293 -0.649924  0.558100 0.534100 2 20 0.178542 21 0.821458
0  -36.574074 2.361044 0.098179  0.123580 0.945230 0.302106  0.527300 0.675300 1 21 1.000000
0  -33.987175 1.616745 0.137479  0.230498 0.973001 -0.011841  0.560300 0.534800 3 20 0.177373 21 0.822097 25 0.000529
v_heavyArms.tga.002
0  -37.975220 1.288278 -0.695523  -0.519225 0.605099 -0.603540  0.407700 0.788300 3 25 0.898188 23 0.017662 26 0.084150
0  -38.019371 1.465245 -0.403762  -0.909990 0.081109 -0.406619  0.423200 0.776200 4 22 0.274795 25 0.597896 26 0.014271 23 0.113038
0  -37.822571 1.431444 -0.768903  -0.346993 0.108951 -0.931518  0.421900 0.769700 3 25 0.733595 22 0.196194 23 0.070211
v_heavyArms.tga.002
0  -39.260979 1.799364 -0.333089  -0.148580 -0.947972 -0.281555  0.570672 0.854595 2 23 0.156382 24 0.843618
0  -40.146072 2.029545 -0.643923  -0.522724 -0.818673 0.237769  0.545700 0.918000 1 24 1.000000
0  -40.120575 2.053044 -0.689623  -0.196857 -0.820793 -0.536234  0.547900 0.921100 1 24 1.000000
v_heavyArms.tga.002
0  -38.089672 -1.919457 -0.331522  -0.022747 -0.999693 -0.009847  0.821400 0.753700 2 31 0.928241 32 0.071759
0  -38.881447 -1.897718 -0.373739  0.041557 -0.556339 -0.829916  0.820778 0.803053 2 32 0.319260 31 0.680740
0  -38.090374 -1.878354 -0.367822  -0.026729 -0.661906 -0.749110  0.824300 0.753900 3 31 0.923737 32 0.074943 28 0.001320
v_heavyArms.tga.002
0  -40.229774 2.490544 -0.746123  -0.375196 0.925591 -0.050086  0.516600 0.914100 1 24 1.000000
0  -40.082874 2.536045 -0.703023  -0.353785 0.719389 0.597759  0.512300 0.902600 1 24 1.000000
0  -40.077576 2.553644 -0.720223  -0.204134 0.978838 0.014331  0.510800 0.902400 1 24 1.000000
v_heavyArms.tga.002
0  -41.508041 0.977162 -0.628995  -0.766955 -0.456854 0.450626  0.605921 0.962924 1 27 1.000000
0  -41.489563 1.411248 -1.019407  -0.843239 0.464027 -0.271342  0.582757 0.970619 1 27 1.000000
0  -41.516483 0.969970 -0.953789  -0.847161 -0.479587 -0.228722  0.604602 0.971349 1 27 1.000000
v_heavyArms.tga.002
0  -38.375214 0.633987 0.794773  -0.324267 -0.402822 0.855912  0.634700 0.773400 1 25 1.000000
0  -39.043953 1.442522 0.488977  -0.106846 0.717109 0.688722  0.599484 0.814548 2 26 0.140440 25 0.859560
0  -39.073532 0.710420 0.593262  -0.289140 -0.561160 0.775563  0.626888 0.816685 2 26 0.143262 25 0.856738
v_heavyArms.tga.002
0  -38.417088 2.467673 -0.213006  0.181003 0.906115 -0.382354  0.512326 0.783472 3 23 0.766255 24 0.047457 22 0.186289
0  -39.097172 2.545896 -0.353661  0.066870 0.996042 0.058560  0.511106 0.828383 3 23 0.741901 22 0.009794 24 0.248305
0  -38.401939 2.478851 -0.179256  0.064605 0.989505 0.129249  0.514404 0.782371 3 23 0.774803 22 0.192995 24 0.032202
v_heavyArms.tga.002
0  -39.097172 2.545896 -0.353661  0.066870 0.996042 0.058560  0.511106 0.828383 3 23 0.741901 22 0.009794 24 0.248305
0  -38.412331 2.458791 -0.153630  -0.066325 0.798602 0.598193  0.516399 0.782747 3 22 0.190105 23 0.788812 24 0.021083
0  -38.401939 2.478851 -0.179256  0.064605 0.989505 0.129249  0.514404 0.782371 3 23 0.774803 22 0.192995 24 0.032202
v_heavyArms.tga.002
0  -33.601765 1.544796 0.108329  -0.028806 0.924592 -0.379869  0.563665 0.513855 3 22 0.003124 21 0.355266 20 0.641610
0  -33.987175 1.616745 0.137479  0.230498 0.973001 -0.011841  0.560300 0.534800 3 20 0.177373 21 0.822097 25 0.000529
0  -33.601559 1.545917 0.109647  0.694562 0.716752 -0.062045  0.563755 0.513878 3 22 0.005631 21 0.365342 20 0.629027
v_heavyArms.tga.002
0  -33.989975 1.588644 0.104779  0.184321 0.966673 -0.177674  0.460400 0.540400 2 20 0.178542 21 0.821458
0  -33.601765 1.544796 0.108329  0.108719 0.977261 0.182047  0.460496 0.522170 3 22 0.003124 21 0.355266 20 0.641610
0  -33.585484 1.550305 0.069031  0.011661 0.994299 0.105993  0.458622 0.521318 2 21 0.306533 20 0.693467
v_heavyArms.tga.002
0  -33.576176 -1.162656 -0.477921  -0.423301 -0.722423 -0.546737  0.277541 0.022127 3 34 0.214564 21 0.130801 20 0.654635
0  -32.721474 -1.471455 0.166580  -0.090479 -0.984151 0.152511  0.333000 0.084500 3 20 0.901134 21 0.028130 34 0.070736
0  -33.574291 -1.384035 0.166579  -0.387029 -0.917760 0.089020  0.331430 0.021510 3 34 0.214419 21 0.096155 20 0.689425
v_heavyArms.tga.002
0  -33.600273 -1.190154 0.196579  -0.998783 -0.047191 0.014304  0.338000 0.007100 3 34 0.282394 21 0.126136 20 0.591470
0  -33.603672 -1.099854 -0.141121  -0.998855 -0.047762 -0.002734  0.299600 0.006200 3 20 0.447394 21 0.132738 34 0.419868
0  -33.591797 -1.366511 0.180816  -0.808771 -0.552605 0.201289  0.333332 0.019034 3 34 0.305649 21 0.120738 20 0.573613
v_heavyArms.tga.002
0  -40.237255 0.381079 -0.516077  0.002529 0.988504 -0.151173  0.348181 0.916244 2 29 0.116148 30 0.883852
0  -41.479973 0.332344 -0.757623  -0.181622 0.983288 0.012554  0.342300 0.979100 1 30 1.000000
0  -40.237835 0.376863 -0.346123  -0.041699 0.998824 0.024735  0.354716 0.916693 2 30 0.850336 29 0.149664
v_heavyArms.tga.002
0  -40.135361 -0.657008 -0.327382  0.060737 -0.953811 -0.294203  0.728029 0.880983 3 28 0.006007 30 0.156621 29 0.837372
0  -39.086288 -0.663227 0.051083  -0.195024 -0.783091 0.590538  0.720883 0.813771 2 29 0.760500 28 0.239500
0  -40.127819 -0.628659 -0.279173  -0.192586 -0.832717 0.519128  0.725548 0.881558 3 28 0.011131 30 0.138761 29 0.850108
v_heavyArms.tga.002
0  -40.285583 0.836869 0.063604  -0.390179 -0.549000 0.739161  0.619370 0.894137 2 26 0.938496 27 0.061504
0  -39.152554 1.447362 0.459653  -0.226302 0.697940 0.679461  0.598376 0.820949 2 25 0.182912 26 0.817088
0  -40.248775 1.479876 0.023215  -0.269391 0.680442 0.681488  0.590621 0.889384 2 27 0.073445 26 0.926555
v_heavyArms.tga.002
0  -33.571686 1.046746 0.968879  -0.353830 0.462694 0.812846  0.543627 0.019562 2 21 0.152657 20 0.847343
0  -32.727673 0.136545 1.149079  0.000000 -0.032810 0.999462  0.478200 0.081200 2 20 0.967311 21 0.032689
0  -32.718773 1.046746 0.968879  0.000000 0.478379 0.878154  0.545000 0.079700 2 20 0.939762 21 0.060238
v_heavyArms.tga.002
0  -39.013348 0.402003 0.053227  -0.063556 0.872039 0.485292  0.657119 0.813666 3 25 0.053947 28 0.737392 29 0.208661
0  -38.431873 0.416245 0.091678  -0.330351 0.880663 -0.339561  0.651700 0.785500 3 28 0.702709 29 0.068609 25 0.228682
0  -39.024498 0.429460 0.002211  0.075760 0.931856 -0.354830  0.655508 0.814918 3 25 0.054520 28 0.691474 29 0.254007
v_heavyArms.tga.002
0  -36.225487 -3.911655 -0.964216  0.532224 -0.666207 -0.522404  0.086942 0.622751 2 35 0.861685 36 0.138315
0  -35.325672 -3.187655 -0.600821  0.629838 -0.775090 0.050391  0.135500 0.563800 2 34 0.103181 35 0.896819
0  -36.167355 -3.903002 -0.623739  0.624547 -0.777039 0.078427  0.076297 0.603233 2 35 0.870064 36 0.129936
v_heavyArms.tga.002
0  -30.615173 -1.823223 -1.072166  -0.121837 -0.689930 -0.713550  0.268200 0.211400 1 20 1.000000
0  -22.208416 -0.924976 -1.826494  -0.005685 -0.262161 -0.965007  0.220000 0.476300 2 20 0.970610 19 0.029390
0  -22.204670 -2.125754 -1.276475  -0.001750 -0.703098 -0.711091  0.271500 0.474800 2 20 0.934281 19 0.065719
v_heavyArms.tga.002
0  -31.875172 1.867830 -1.071701  -0.279129 0.645439 -0.710982  0.078800 0.151000 1 20 1.000000
0  -30.593573 2.551085 -0.175058  -0.122616 0.991375 -0.046279  0.020000 0.215600 1 20 1.000000
0  -30.591572 2.084538 -1.220409  -0.116165 0.673609 -0.729902  0.075300 0.214800 1 20 1.000000
v_heavyArms.tga.002
0  -33.584774 1.499144 0.342779  -0.999943 0.010207 0.003077  0.596900 0.009600 2 20 0.706712 21 0.293288
0  -33.588280 1.033091 0.958285  -0.886630 0.197588 0.418146  0.543069 0.017339 2 21 0.194090 20 0.805910
0  -33.583923 1.610588 0.365017  -0.913039 0.352566 0.205077  0.600550 0.016560 2 21 0.265783 20 0.734217
v_heavyArms.tga.002
0  -33.599884 1.545579 0.115868  0.176870 0.981216 0.077020  0.564117 0.513861 3 22 0.006219 21 0.372334 20 0.621447
0  -33.584774 1.499144 0.342779  0.266784 0.857707 0.439506  0.576500 0.515200 2 20 0.706712 21 0.293288
0  -33.587791 1.537856 0.139395  -0.583429 0.797099 0.155706  0.565531 0.513426 2 21 0.298615 20 0.701385
v_heavyArms.tga.002
0  -33.593872 -0.483256 -0.791921  -0.999979 0.005287 -0.003838  0.216200 0.015000 3 20 0.645243 21 0.121273 34 0.233485
0  -33.596249 0.528259 -0.961129  -0.896159 0.069542 -0.438251  0.144011 0.028159 3 21 0.189708 20 0.774017 34 0.036275
0  -33.593872 -0.552972 -0.888317  -0.894579 -0.129389 -0.427770  0.219699 0.022873 3 34 0.184112 21 0.131839 20 0.684049
v_heavyArms.tga.002
0  -31.873573 2.041690 0.544887  -0.286306 0.851279 0.439718  0.609900 0.138500 1 20 1.000000
0  -30.601871 1.518017 1.675384  -0.108358 0.547697 0.829630  0.552000 0.207400 1 20 1.000000
0  -30.588772 2.281638 0.617329  -0.107415 0.882624 0.457642  0.614700 0.207700 1 20 1.000000
v_heavyArms.tga.002
0  -30.625973 0.048893 1.984763  -0.156474 -0.027343 0.987304  0.481300 0.208200 1 20 1.000000
0  -22.210449 -2.029852 1.851521  -0.025144 -0.676590 0.735931  0.400400 0.472700 2 20 0.927651 19 0.072349
0  -22.215584 0.019593 2.361136  -0.074477 0.060962 0.995358  0.483300 0.472700 2 20 0.974243 19 0.025757
v_heavyArms.tga.002
0  -33.606472 -1.025355 -0.420021  -0.995949 -0.068990 -0.057678  0.274200 0.009600 3 34 0.338174 21 0.196940 20 0.464886
0  -33.593872 -0.552972 -0.888317  -0.894579 -0.129389 -0.427770  0.219699 0.022873 3 34 0.184112 21 0.131839 20 0.684049
0  -33.594429 -1.144322 -0.467677  -0.895231 -0.352622 -0.272433  0.277233 0.019391 3 34 0.301148 21 0.186205 20 0.512648
v_heavyArms.tga.002
0  -33.595840 0.150560 1.132874  -0.898278 0.028936 0.438473  0.478195 0.016504 2 20 0.851924 21 0.148076
0  -33.588772 0.969546 0.908979  -0.999967 0.008128 -0.000485  0.540600 0.012400 2 21 0.211006 20 0.788994
0  -33.596073 0.110944 1.062779  -0.999996 0.001291 0.002400  0.474700 0.011300 3 20 0.823042 21 0.172999 34 0.003959
v_heavyArms.tga.002
0  -33.596073 0.505644 -0.843621  -0.999982 0.005461 0.002509  0.144100 0.020000 3 20 0.719242 21 0.229913 34 0.050845
0  -33.584789 1.289755 -0.667545  -0.898352 0.242747 -0.366111  0.090513 0.031246 2 21 0.237811 20 0.762189
0  -33.596249 0.528259 -0.961129  -0.896159 0.069542 -0.438251  0.144011 0.028159 3 21 0.189708 20 0.774017 34 0.036275
v_heavyArms.tga.002
0  -38.203773 1.560745 -0.026121  -0.547064 -0.687213 0.477974  0.585700 0.777300 3 22 0.438724 23 0.193634 25 0.367642
0  -38.447941 1.627707 -0.078808  -0.263990 -0.229994 0.936703  0.580173 0.791068 2 23 0.446585 22 0.553415
0  -38.454010 1.610385 -0.084771  -0.279726 -0.827385 0.487018  0.580933 0.791381 2 23 0.474783 22 0.525217
v_heavyArms.tga.002
0  -39.195187 1.907076 0.129354  -0.393098 -0.471255 0.789552  0.556358 0.836173 3 22 0.000048 23 0.916908 24 0.083044
0  -38.561745 1.650997 -0.104934  -0.271053 -0.940301 0.205827  0.578207 0.798631 3 23 0.830836 22 0.153927 24 0.015237
0  -38.566475 1.742569 0.343868  -0.401255 -0.509442 0.761225  0.565496 0.791741 2 22 0.184212 23 0.815788
v_heavyArms.tga.002
0  -32.725773 -0.914355 0.866979  -0.021450 -0.565330 0.824586  0.400800 0.082900 3 20 0.942504 21 0.036307 34 0.021189
0  -33.574291 -1.384035 0.166579  -0.387029 -0.917760 0.089020  0.331430 0.021510 3 34 0.214419 21 0.096155 20 0.689425
0  -32.721474 -1.471455 0.166580  -0.090479 -0.984151 0.152511  0.333000 0.084500 3 20 0.901134 21 0.028130 34 0.070736
v_heavyArms.tga.002
0  -40.198673 0.672326 -0.439576  -0.163330 -0.967780 0.191638  0.634069 0.902601 2 27 0.108877 26 0.891123
0  -39.147030 0.590120 -0.129620  0.137835 -0.719494 -0.680683  0.644328 0.834039 2 25 0.153819 26 0.846181
0  -39.155148 0.564229 -0.103951  -0.087438 -0.995142 -0.045251  0.642771 0.833837 2 25 0.159193 26 0.840807
v_heavyArms.tga.002
0  -40.127819 -0.628659 -0.279173  -0.087463 -0.980434 0.176353  0.725548 0.881558 3 28 0.011131 30 0.138761 29 0.850108
0  -39.112907 -0.568840 0.555222  -0.250919 -0.634582 0.730990  0.705627 0.806156 2 29 0.755020 28 0.244980
0  -40.169380 -0.539612 0.196292  -0.270015 -0.632277 0.726166  0.708562 0.877511 3 30 0.096773 28 0.013643 29 0.889584
v_heavyArms.tga.002
0  -41.810371 -0.476556 -0.895723  -0.337678 -0.935939 -0.099955  0.717100 0.982100 1 30 1.000000
0  -41.464172 -0.585556 -0.765023  0.241109 -0.395759 -0.886138  0.733115 0.962877 1 30 1.000000
0  -41.471874 -0.613756 -0.754523  -0.098331 -0.947994 -0.302719  0.731715 0.961977 1 30 1.000000
v_heavyArms.tga.002
0  -41.630383 -1.272757 -0.923622  -0.708171 0.689142 0.153549  0.782200 0.963900 1 33 1.000000
0  -41.510284 -1.190057 -0.881023  -0.467433 0.281408 0.838043  0.773700 0.960100 1 33 1.000000
0  -41.512882 -1.158856 -0.892923  -0.492589 0.833750 0.249435  0.772300 0.960900 1 33 1.000000
v_heavyArms.tga.002
0  -41.510384 -1.177657 -0.937623  -0.391423 0.835574 -0.385491  0.771425 0.963292 1 33 1.000000
0  -41.630383 -1.272757 -0.923622  -0.708171 0.689142 0.153549  0.782200 0.963900 1 33 1.000000
0  -41.512882 -1.158856 -0.892923  -0.492589 0.833750 0.249435  0.772300 0.960900 1 33 1.000000
v_heavyArms.tga.002
0  -32.723671 -1.162656 -0.628720  -0.902599 -0.333710 -0.271943  0.269300 0.085900 3 20 0.885530 21 0.041637 34 0.072833
0  -32.622871 -1.670617 0.111685  -0.667955 -0.744124 0.010751  0.327600 0.099600 3 20 0.963104 21 0.000783 34 0.036113
0  -32.721474 -1.471455 0.166580  -0.901860 -0.428143 0.057806  0.333000 0.084500 3 20 0.901134 21 0.028130 34 0.070736
v_heavyArms.tga.002
0  -40.191475 -0.382204 -0.852939  0.168659 -0.470890 -0.865920  0.305843 0.905973 2 30 0.913668 29 0.086332
0  -41.449474 -0.583855 -0.869522  -0.023242 -0.934781 -0.354464  0.291500 0.971000 1 30 1.000000
0  -41.379044 -0.356026 -1.107099  0.090441 -0.378450 -0.921193  0.304000 0.966700 1 30 1.000000
v_heavyArms.tga.002
0  -38.246414 1.395586 0.606373  -0.102590 0.696909 0.709784  0.610000 0.770200 3 25 0.902426 22 0.074901 28 0.022673
0  -39.010586 1.518743 -0.074610  0.062242 0.990252 0.124607  0.583137 0.820037 2 25 0.742812 26 0.257188
0  -39.043953 1.442522 0.488977  -0.106846 0.717109 0.688722  0.599484 0.814548 2 26 0.140440 25 0.859560
v_heavyArms.tga.002
0  -36.325909 -3.874341 -0.176779  0.484498 -0.614280 0.622834  0.937679 0.627491 2 35 0.817228 36 0.182772
0  -36.275383 -3.987229 -0.620304  0.668484 -0.737755 0.094058  0.958963 0.617606 2 35 0.206787 36 0.793213
0  -36.167355 -3.903002 -0.623739  0.624547 -0.777039 0.078427  0.953775 0.613763 2 35 0.870064 36 0.129936
v_heavyArms.tga.002
0  -38.990761 -1.952561 -0.348071  0.008836 -0.997267 -0.073351  0.817038 0.809139 3 33 0.026871 32 0.764642 31 0.208487
0  -40.094902 -1.916830 -0.522685  -0.147476 -0.689924 0.708700  0.815676 0.864974 3 31 0.002369 33 0.224087 32 0.773544
0  -40.091034 -1.940867 -0.545280  -0.001100 -0.998528 -0.054238  0.817401 0.865043 3 33 0.236518 32 0.758220 31 0.005262
v_heavyArms.tga.002
0  -38.369473 -0.783056 -0.210534  -0.424521 0.901369 -0.085537  0.276500 0.791200 4 31 0.581919 32 0.092884 28 0.311850 29 0.013347
0  -38.269772 -0.721555 0.109278  -0.886584 -0.450366 0.105543  0.289900 0.797100 4 28 0.457264 31 0.482286 32 0.032992 29 0.027458
0  -38.298073 -0.721056 -0.276691  -0.832627 -0.281825 -0.476766  0.291700 0.784100 4 28 0.511006 31 0.376267 32 0.056960 29 0.055767
v_heavyArms.tga.002
0  -40.028412 -1.695576 -1.038666  0.173907 -0.391646 -0.903532  0.226238 0.868065 3 33 0.314552 32 0.665485 31 0.019962
0  -39.057644 -1.018866 -0.771846  0.050444 0.671023 -0.739719  0.257275 0.830763 3 33 0.061455 32 0.758577 31 0.179968
0  -38.971920 -1.681963 -0.859431  0.143060 -0.385514 -0.911544  0.227619 0.825750 3 33 0.064840 32 0.726625 31 0.208535
v_heavyArms.tga.002
0  -38.388527 2.320291 -0.714991  0.091993 0.479089 -0.872932  0.480132 0.798593 3 23 0.703104 22 0.210366 24 0.086530
0  -39.106098 1.785514 -0.681139  -0.080970 -0.721995 -0.687145  0.453995 0.850391 3 24 0.307718 22 0.032423 23 0.659859
0  -39.054375 2.372712 -0.774250  0.152007 0.406439 -0.900945  0.484527 0.842635 3 22 0.033037 23 0.634887 24 0.332076
v_heavyArms.tga.002
0  -40.267834 -0.536907 0.159918  -0.294821 -0.630986 0.717591  0.708948 0.883694 2 29 0.196558 30 0.803442
0  -41.474972 -0.586755 -0.707523  -0.268905 -0.946402 0.178924  0.729515 0.961077 1 30 1.000000
0  -40.226898 -0.625477 -0.310636  -0.087233 -0.980401 0.176648  0.725913 0.887695 2 30 0.824814 29 0.175186
v_heavyArms.tga.002
0  -40.146488 0.403426 -0.309617  0.083728 0.925929 -0.368300  0.659705 0.886228 2 30 0.133780 29 0.866220
0  -39.117027 0.402298 0.030990  -0.138445 0.863342 0.485257  0.657678 0.819677 2 28 0.193347 29 0.806653
0  -39.128181 0.429317 -0.020293  0.069973 0.939836 -0.334382  0.656029 0.820816 2 29 0.817580 28 0.182420
v_heavyArms.tga.002
0  -32.625671 -1.270417 -0.817875  -0.650726 -0.543542 -0.530206  0.263700 0.101500 3 20 0.963586 21 0.003310 34 0.033104
0  -31.890774 -0.653944 -1.347795  -0.195170 -0.250144 -0.948334  0.215500 0.146100 1 20 1.000000
0  -31.888672 -1.578090 -0.941454  -0.296734 -0.668627 -0.681826  0.267900 0.147700 1 20 1.000000
v_heavyArms.tga.002
0  -38.318172 -0.727855 0.116278  -0.865306 0.453584 -0.213325  0.722200 0.771600 4 28 0.506920 31 0.437380 32 0.031508 29 0.024192
0  -38.331272 -0.826956 0.113378  -0.587165 0.299180 0.752149  0.726600 0.773000 3 31 0.700193 32 0.055963 28 0.243844
0  -38.262772 -0.728856 0.165278  -0.575701 -0.508221 0.640531  0.722000 0.767900 4 28 0.491913 31 0.481307 29 0.011964 32 0.014815
v_heavyArms.tga.002
0  -38.331272 -0.826956 0.113378  -0.587165 0.299180 0.752149  0.726600 0.773000 3 31 0.700193 32 0.055963 28 0.243844
0  -38.318172 -0.727855 0.116278  -0.865306 0.453584 -0.213325  0.722200 0.771600 4 28 0.506920 31 0.437380 32 0.031508 29 0.024192
0  -38.369873 -0.786855 0.065278  -0.264275 0.927883 -0.263044  0.724900 0.775300 3 31 0.692432 32 0.079336 28 0.228232
v_heavyArms.tga.002
0  -39.265415 1.783818 -0.277986  -0.386491 -0.812619 0.436205  0.568267 0.851972 2 23 0.163743 24 0.836257
0  -40.143372 2.046644 -0.638522  -0.424702 -0.210839 0.880440  0.544900 0.917300 1 24 1.000000
0  -40.146072 2.029545 -0.643923  -0.522724 -0.818673 0.237769  0.545700 0.918000 1 24 1.000000
v_heavyArms.tga.002
0  -41.510483 -1.192857 -1.067923  -0.387222 0.880509 -0.273428  0.247200 0.940900 1 33 1.000000
0  -41.100842 -1.215352 -1.263475  0.052895 0.655701 -0.753166  0.245800 0.923000 1 33 1.000000
0  -41.485043 -1.314551 -1.284575  -0.423684 0.416078 -0.804594  0.240400 0.938200 1 33 1.000000
v_heavyArms.tga.002
0  -33.568157 1.301642 -0.679018  -0.358367 0.526105 -0.771224  0.090292 0.033394 2 21 0.186369 20 0.813631
0  -32.715672 1.784745 -0.190421  -0.038492 0.970851 -0.236575  0.047400 0.090800 2 20 0.916855 21 0.083145
0  -32.714973 1.322243 -0.658221  0.003414 0.555081 -0.831790  0.089900 0.089900 2 20 0.927759 21 0.072241
v_heavyArms.tga.002
0  -41.474972 -0.586755 -0.707523  -0.315664 -0.831605 0.456935  0.729515 0.961077 1 30 1.000000
0  -41.810371 -0.476556 -0.895723  -0.337678 -0.935939 -0.099955  0.717100 0.982100 1 30 1.000000
0  -41.471874 -0.613756 -0.754523  -0.098331 -0.947994 -0.302719  0.731715 0.961977 1 30 1.000000
v_heavyArms.tga.002
0  -38.269772 -0.721555 0.109278  -0.161355 0.535547 -0.828947  0.721700 0.773800 4 28 0.457264 31 0.482286 32 0.032992 29 0.027458
0  -38.409672 -0.687556 0.165579  -0.052468 -0.989650 -0.133565  0.717100 0.771900 2 28 0.922179 29 0.077821
0  -38.370872 -0.656056 0.154978  -0.213841 -0.078634 -0.973698  0.718700 0.773200 2 28 0.911899 29 0.088101
v_heavyArms.tga.002
0  -38.409672 -0.687556 0.165579  -0.052468 -0.989650 -0.133565  0.717100 0.771900 2 28 0.922179 29 0.077821
0  -38.269772 -0.721555 0.109278  -0.161355 0.535547 -0.828947  0.721700 0.773800 4 28 0.457264 31 0.482286 32 0.032992 29 0.027458
0  -38.318172 -0.727855 0.116278  -0.865306 0.453584 -0.213325  0.722200 0.771600 4 28 0.506920 31 0.437380 32 0.031508 29 0.024192
v_heavyArms.tga.002
0  -34.015175 -0.417455 -0.862626  0.104249 0.015015 -0.994438  0.319800 0.536500 3 20 0.031616 21 0.525782 34 0.442602
0  -35.499374 -1.551955 -1.154221  -0.081653 0.023182 -0.996391  0.241000 0.619000 3 21 0.074378 34 0.921960 31 0.003661
0  -36.245472 -0.480156 -0.949328  -0.063827 0.081178 -0.994654  0.304500 0.670000 3 21 0.817021 31 0.020007 34 0.162973
v_heavyArms.tga.002
0  -41.555882 -1.670256 -1.192423  -0.829025 -0.387797 -0.402903  0.226300 0.939900 1 33 1.000000
0  -41.469482 -1.784556 -1.000123  -0.385501 -0.905865 -0.175491  0.216600 0.940200 1 33 1.000000
0  -41.596081 -1.713357 -0.975823  -0.890063 -0.451596 -0.062046  0.222700 0.947600 1 33 1.000000
v_heavyArms.tga.002
0  -33.594475 -0.858655 0.755179  0.124848 -0.547276 0.827588  0.718700 0.513800 3 20 0.720299 21 0.163843 34 0.115859
0  -34.204273 -1.332854 0.381479  0.373964 -0.615776 0.693520  0.755400 0.542600 3 20 0.079550 21 0.538456 34 0.381994
0  -33.600273 -1.190154 0.196579  0.248383 -0.966445 0.065496  0.750800 0.507900 3 34 0.282394 21 0.126136 20 0.591470
v_heavyArms.tga.002
0  -41.510284 -1.190057 -0.881023  -0.467433 0.281408 0.838043  0.773700 0.960100 1 33 1.000000
0  -41.123882 -1.064057 -0.720323  -0.250577 0.941767 0.224246  0.757700 0.942800 1 33 1.000000
0  -41.512882 -1.158856 -0.892923  -0.492589 0.833750 0.249435  0.772300 0.960900 1 33 1.000000
v_heavyArms.tga.002
0  -41.479973 0.332344 -0.757623  0.287182 0.321626 -0.902266  0.663546 0.966411 1 30 1.000000
0  -41.793774 0.193445 -0.906923  -0.462699 0.886469 -0.009066  0.683000 0.984600 1 30 1.000000
0  -41.487774 0.354744 -0.752123  -0.137873 0.920340 -0.366013  0.664450 0.965851 1 30 1.000000
v_heavyArms.tga.002
0  -39.165058 1.759329 -0.245987  -0.302949 -0.829127 0.469862  0.570276 0.844388 3 24 0.164887 22 0.006857 23 0.828256
0  -38.561745 1.650997 -0.104934  -0.262001 -0.234169 0.936227  0.578207 0.798631 3 23 0.830836 22 0.153927 24 0.015237
0  -39.162338 1.777269 -0.240534  -0.286734 -0.238657 0.927807  0.569346 0.844124 3 24 0.149999 22 0.005892 23 0.844110
v_heavyArms.tga.002
0  -32.630875 0.616158 -1.183993  -0.675650 0.104366 -0.729797  0.143100 0.103200 2 20 0.991131 21 0.008869
0  -31.875172 1.867830 -1.071701  -0.279129 0.645439 -0.710982  0.078800 0.151000 1 20 1.000000
0  -31.894772 0.681112 -1.475026  -0.256868 0.125566 -0.958255  0.143000 0.147100 1 20 1.000000
v_heavyArms.tga.002
0  -38.331272 -0.826956 0.113378  -0.466309 0.862670 0.195849  0.726600 0.773000 3 31 0.700193 32 0.055963 28 0.243844
0  -38.159473 -0.701755 0.576278  -0.868589 -0.226527 0.440724  0.718600 0.754800 2 28 0.488027 31 0.511973
0  -38.262772 -0.728856 0.165278  -0.970405 -0.027148 0.239953  0.722000 0.767900 4 28 0.491913 31 0.481307 29 0.011964 32 0.014815
v_heavyArms.tga.002
0  -37.699875 2.410843 -0.072222  0.087599 0.927452 -0.363536  0.517400 0.738400 2 22 0.965370 23 0.034630
0  -37.929073 2.427244 -0.082022  0.015245 0.972703 0.231551  0.516900 0.752600 2 22 0.895776 23 0.104224
0  -37.684074 2.423443 -0.036922  0.010897 0.983064 0.182940  0.519600 0.737600 2 22 0.976485 23 0.023515
v_heavyArms.tga.002
0  -39.105637 2.531375 -0.385827  0.055474 0.996546 0.061795  0.503602 0.843077 3 22 0.007580 24 0.268245 23 0.724174
0  -38.412853 2.487557 -0.361494  0.102019 0.982729 -0.154391  0.497405 0.798248 3 22 0.191189 23 0.741920 24 0.066891
0  -39.079407 2.538029 -0.528913  0.127676 0.959509 -0.251079  0.495986 0.842521 3 22 0.018672 23 0.672481 24 0.308848
v_heavyArms.tga.002
0  -33.585281 1.702816 -0.121679  -0.943840 0.324081 0.064317  0.634834 0.014946 2 21 0.272126 20 0.727874
0  -33.587791 1.537856 0.139395  -0.583429 0.797099 0.155706  0.614078 0.007405 2 21 0.298615 20 0.701385
0  -33.584774 1.499144 0.342779  -0.999943 0.010207 0.003077  0.596900 0.009600 2 20 0.706712 21 0.293288
v_heavyArms.tga.002
0  -35.499374 -1.551955 -1.154221  -0.335184 0.402939 -0.851641  0.241000 0.619000 3 21 0.074378 34 0.921960 31 0.003661
0  -36.206673 -2.076756 -0.770121  -0.705425 -0.583618 -0.402202  0.216400 0.663000 3 21 0.057812 35 0.154391 34 0.787798
0  -36.224274 -2.043957 -0.771721  -0.742259 -0.395991 -0.540594  0.222800 0.680600 3 21 0.084925 35 0.147681 34 0.767394
v_heavyArms.tga.002
0  -41.325359 1.513689 -0.981080  -0.269901 0.962694 -0.019352  0.572976 0.961282 1 27 1.000000
0  -40.235828 1.542402 -0.564599  0.176617 0.841165 -0.511124  0.569242 0.897167 2 27 0.857498 26 0.142502
0  -41.311588 1.486420 -1.019138  -0.062897 0.797011 -0.600681  0.570850 0.962016 1 27 1.000000
v_heavyArms.tga.002
0  -41.353176 0.879463 -0.955882  0.153514 -0.362080 -0.919419  0.612560 0.967411 1 27 1.000000
0  -40.589622 0.714306 -0.572501  -0.433588 -0.739297 0.515211  0.635100 0.936430 2 27 0.886884 26 0.113116
0  -41.372784 0.858427 -0.951227  -0.293894 -0.918206 -0.265563  0.611567 0.966622 1 27 1.000000
v_heavyArms.tga.002
0  -41.793774 0.193445 -0.906923  -0.462699 0.886469 -0.009066  0.683000 0.984600 1 30 1.000000
0  -41.477772 0.331945 -0.690522  -0.303889 0.876350 0.373715  0.666274 0.963418 1 30 1.000000
0  -41.487774 0.354744 -0.752123  -0.137873 0.920340 -0.366013  0.664450 0.965851 1 30 1.000000
v_heavyArms.tga.002
0  -40.249374 1.553950 -0.508522  -0.085682 0.988153 0.127328  0.573116 0.896879 2 26 0.151141 27 0.848859
0  -41.458702 1.460272 -0.627691  -0.676662 0.597569 0.430163  0.581815 0.956566 1 27 1.000000
0  -40.340694 1.480447 -0.019953  -0.348290 0.675662 0.649750  0.586779 0.892644 2 26 0.173651 27 0.826349
v_heavyArms.tga.002
0  -38.431873 0.416245 0.091678  -0.330351 0.880663 -0.339561  0.651700 0.785500 3 28 0.702709 29 0.068609 25 0.228682
0  -39.014801 0.403601 -0.004149  0.161614 0.292378 -0.942548  0.654646 0.815188 3 29 0.267117 28 0.675457 25 0.057426
0  -39.024498 0.429460 0.002211  0.075760 0.931856 -0.354830  0.655508 0.814918 3 25 0.054520 28 0.691474 29 0.254007
v_heavyArms.tga.002
0  -37.568375 -1.857957 0.606879  -0.094408 -0.769682 0.631408  0.777800 0.723800 2 31 0.999050 21 0.000950
0  -37.326370 -1.880255 0.438759  -0.043224 -0.996150 0.076262  0.785022 0.708777 2 31 0.796715 21 0.203285
0  -37.327496 -1.866036 0.624461  -0.070151 -0.778296 0.623966  0.777712 0.709436 2 31 0.731220 21 0.268780
v_heavyArms.tga.002
0  -37.215073 -4.825455 -0.225421  0.209244 -0.661887 0.719807  0.984500 0.650800 1 36 1.000000
0  -37.507973 -4.802254 -0.495621  -0.819523 -0.544116 0.179777  0.998600 0.655400 1 36 1.000000
0  -37.285473 -4.952057 -0.486721  0.118390 -0.983560 0.136359  0.992700 0.648400 1 36 1.000000
v_heavyArms.tga.002
0  -38.377071 0.473244 0.067378  -0.933419 -0.284975 0.217986  0.647200 0.788100 3 25 0.914905 26 0.027599 29 0.057497
0  -38.414371 0.538144 0.089678  -0.403790 -0.660523 0.632979  0.644200 0.791000 2 25 0.946098 26 0.053902
0  -38.437973 0.513745 0.045775  -0.292590 -0.938612 -0.182751  0.645300 0.792800 2 25 0.934917 26 0.065083
v_heavyArms.tga.002
0  -38.414371 0.538144 0.089678  -0.403790 -0.660523 0.632979  0.644200 0.791000 2 25 0.946098 26 0.053902
0  -38.377071 0.473244 0.067378  -0.933419 -0.284975 0.217986  0.647200 0.788100 3 25 0.914905 26 0.027599 29 0.057497
0  -38.341473 0.476545 0.088178  -0.513479 0.219405 0.829579  0.648100 0.785900 4 25 0.721129 28 0.240172 26 0.009059 29 0.029639
v_heavyArms.tga.002
0  -35.822372 -2.867055 -1.308521  -0.041576 -0.041781 -0.998261  0.159900 0.620800 2 34 0.122825 35 0.877175
0  -34.688473 -2.652255 -1.076521  0.623920 -0.508805 -0.593162  0.188300 0.562500 2 34 0.891289 35 0.108711
0  -35.370872 -3.179755 -0.973621  0.513274 -0.692042 -0.507570  0.145600 0.584200 2 34 0.099885 35 0.900115
v_heavyArms.tga.002
0  -38.283974 2.466617 -0.152721  0.073892 0.985013 0.155847  0.515000 0.774781 2 23 0.333971 22 0.666029
0  -37.937172 2.406643 -0.059422  -0.080717 0.755448 0.650218  0.518700 0.752900 2 22 0.905398 23 0.094602
0  -37.929073 2.427244 -0.082022  0.015245 0.972703 0.231551  0.516900 0.752600 2 22 0.895776 23 0.104224
v_heavyArms.tga.002
0  -38.422771 0.396244 -0.403986  -0.481080 0.872320 -0.087297  0.348600 0.801700 4 28 0.666608 25 0.204874 26 0.007351 29 0.121166
0  -39.009941 0.270533 -0.731938  -0.046533 0.603417 -0.796067  0.338410 0.837736 3 29 0.409070 25 0.036816 28 0.554114
0  -39.016987 0.410632 -0.327545  0.007356 0.988883 -0.148516  0.348222 0.838946 3 25 0.064611 29 0.369261 28 0.566128
v_heavyArms.tga.002
0  -41.372124 0.882477 -0.935957  -0.341336 -0.551835 0.760900  0.612015 0.967494 1 27 1.000000
0  -41.516483 0.969970 -0.953789  -0.577560 -0.751414 -0.319062  0.604371 0.972220 1 27 1.000000
0  -41.372784 0.858427 -0.951227  -0.293894 -0.918206 -0.265563  0.613103 0.968088 1 27 1.000000
v_heavyArms.tga.002
0  -41.516483 0.969970 -0.953789  -0.577560 -0.751414 -0.319062  0.603203 0.969325 1 27 1.000000
0  -41.353176 0.879463 -0.955882  0.153514 -0.362080 -0.919419  0.612711 0.965659 1 27 1.000000
0  -41.372784 0.858427 -0.951227  -0.293894 -0.918206 -0.265563  0.611626 0.964915 1 27 1.000000
v_heavyArms.tga.002
0  -37.981949 1.604481 -0.638926  -0.576671 -0.425540 -0.697400  0.445100 0.778900 3 22 0.498256 23 0.176871 25 0.324873
0  -38.381840 1.599738 -0.372308  -0.181485 -0.978898 -0.093926  0.438889 0.802096 2 23 0.487833 22 0.512167
0  -38.329132 1.646365 -0.621303  -0.100183 -0.686274 -0.720411  0.446391 0.798501 3 23 0.459292 22 0.525248 24 0.015460
v_heavyArms.tga.002
0  -38.344872 0.464844 0.033684  -0.653630 -0.339932 -0.676176  0.647800 0.789900 4 25 0.655154 28 0.263820 26 0.029029 29 0.051997
0  -38.437973 0.513745 0.045775  -0.292590 -0.938612 -0.182751  0.645300 0.792800 2 25 0.934917 26 0.065083
0  -38.417572 0.535445 0.030866  -0.130073 -0.477139 -0.869149  0.646200 0.792600 2 25 0.916967 26 0.083033
v_heavyArms.tga.002
0  -38.437973 0.513745 0.045775  -0.292590 -0.938612 -0.182751  0.645300 0.792800 2 25 0.934917 26 0.065083
0  -38.344872 0.464844 0.033684  -0.653630 -0.339932 -0.676176  0.647800 0.789900 4 25 0.655154 28 0.263820 26 0.029029 29 0.051997
0  -38.377071 0.473244 0.067378  -0.933419 -0.284975 0.217986  0.647200 0.788100 3 25 0.914905 26 0.027599 29 0.057497
v_heavyArms.tga.002
0  -41.142681 -1.914956 -0.849123  -0.108671 -0.993183 -0.042162  0.819500 0.933000 1 33 1.000000
0  -41.473782 -1.814957 -0.935522  -0.460212 -0.483956 0.744306  0.812300 0.951200 1 33 1.000000
0  -41.485683 -1.840756 -0.959422  -0.466958 -0.879187 -0.094763  0.813600 0.952400 1 33 1.000000
v_heavyArms.tga.002
0  -38.990761 -1.952561 -0.348071  0.008836 -0.997267 -0.073351  0.817038 0.809139 3 33 0.026871 32 0.764642 31 0.208487
0  -40.079014 -1.893090 -0.579136  0.148016 -0.595576 -0.789545  0.820614 0.864816 3 33 0.243309 32 0.747722 31 0.008969
0  -38.983074 -1.898714 -0.383131  0.125565 -0.554019 -0.822980  0.820553 0.808812 3 33 0.031512 32 0.758234 31 0.210254
v_heavyArms.tga.002
0  -38.369473 -0.783056 -0.210534  -0.424521 0.901369 -0.085537  0.276500 0.791200 4 31 0.581919 32 0.092884 28 0.311850 29 0.013347
0  -38.956806 -1.008226 -0.764302  -0.051883 0.648893 -0.759108  0.257725 0.825760 3 28 0.072447 32 0.379926 31 0.547627
0  -39.026379 -0.912796 -0.394244  -0.126314 0.973964 -0.188253  0.268757 0.829689 3 28 0.068948 32 0.374569 31 0.556482
v_heavyArms.tga.002
0  -41.489563 1.411248 -1.019407  -0.439150 0.831356 -0.340580  0.581344 0.969411 1 27 1.000000
0  -41.330429 1.498024 -0.967222  -0.446684 0.666326 0.597062  0.575446 0.961370 1 27 1.000000
0  -41.325359 1.513689 -0.981080  -0.269901 0.962694 -0.019352  0.574569 0.961509 1 27 1.000000
v_heavyArms.tga.002
0  -41.464172 -0.585556 -0.765023  -0.110183 -0.993631 -0.023607  0.288200 0.974700 1 30 1.000000
0  -40.225746 -0.590255 -0.550232  0.079318 -0.924528 -0.372768  0.291351 0.904287 2 30 0.884285 29 0.115715
0  -40.229721 -0.623846 -0.369818  0.026374 -0.982867 -0.182417  0.284629 0.906199 2 29 0.158834 30 0.841166
v_heavyArms.tga.002
0  -41.311588 1.486420 -1.019138  -0.062897 0.797011 -0.600681  0.571676 0.962842 1 27 1.000000
0  -41.489563 1.411248 -1.019407  -0.439150 0.831356 -0.340580  0.580684 0.969349 1 27 1.000000
0  -41.325359 1.513689 -0.981080  -0.269901 0.962694 -0.019352  0.573401 0.961520 1 27 1.000000
v_heavyArms.tga.002
0  -37.911373 1.469546 0.583278  -0.247013 0.278623 0.928092  0.591700 0.751000 3 22 0.480715 25 0.497484 28 0.021801
0  -38.375214 0.633987 0.794773  -0.324267 -0.402822 0.855912  0.634700 0.773400 1 25 1.000000
0  -37.924973 0.446144 0.878578  -0.268922 0.112333 0.956589  0.652100 0.749200 2 25 0.517027 28 0.482973
v_heavyArms.tga.002
0  -39.120480 0.410567 -0.331973  0.000390 0.988334 -0.152299  0.348123 0.845157 3 30 0.012616 28 0.163460 29 0.823924
0  -40.106380 0.260429 -0.850343  0.092349 0.579146 -0.809976  0.334872 0.902889 2 30 0.275230 29 0.724770
0  -40.137543 0.384289 -0.494450  -0.000926 0.988485 -0.151316  0.346828 0.903441 2 30 0.215597 29 0.784403
v_heavyArms.tga.002
0  -39.000057 1.532955 -0.092362  0.086777 0.989974 0.111452  0.581668 0.819473 2 26 0.265920 25 0.734080
0  -38.195171 1.426745 0.016278  -0.200451 0.492423 0.846958  0.593200 0.778800 4 25 0.806268 22 0.123624 23 0.031867 26 0.038242
0  -38.203674 1.445343 0.003478  -0.228192 0.925679 0.301739  0.592200 0.780100 4 25 0.781111 22 0.123216 23 0.039502 26 0.056171
v_heavyArms.tga.002
0  -38.437973 0.513745 0.045775  -0.292590 -0.938612 -0.182751  0.645300 0.792800 2 25 0.934917 26 0.065083
0  -39.040997 0.578950 -0.042473  -0.184509 -0.782728 0.594385  0.642004 0.826671 2 26 0.216585 25 0.783415
0  -39.047131 0.555005 -0.075892  -0.058217 -0.996030 -0.067342  0.643387 0.827233 2 26 0.259298 25 0.740702
v_heavyArms.tga.002
0  -34.460575 0.122844 1.081078  0.024958 -0.063593 0.997664  0.666000 0.562000 3 20 0.103733 21 0.874701 34 0.021566
0  -36.739273 1.224745 0.918778  -0.067968 0.299413 0.951700  0.608400 0.683900 1 21 1.000000
0  -36.769772 0.316844 1.170679  -0.090008 0.070713 0.993428  0.658800 0.683900 1 21 1.000000
v_heavyArms.tga.002
0  -40.149700 1.569916 -0.487214  -0.015816 0.996173 0.085961  0.571926 0.891068 2 26 0.865639 27 0.134361
0  -39.071526 1.517088 -0.148777  0.175355 0.873412 -0.454316  0.578799 0.824378 2 25 0.137316 26 0.862684
0  -40.141872 1.543657 -0.528121  0.195284 0.841581 -0.503592  0.569580 0.891394 2 26 0.853350 27 0.146650
v_heavyArms.tga.002
0  -36.647873 2.287445 0.482778  0.133367 0.790907 0.597227  0.547900 0.681400 1 21 1.000000
0  -33.991074 1.599745 0.160379  0.161695 0.984152 -0.072791  0.561800 0.535100 3 20 0.175553 21 0.822448 25 0.002000
0  -36.580574 2.337944 0.120278  0.175729 0.972331 0.153922  0.529000 0.675700 1 21 1.000000
v_heavyArms.tga.002
0  -41.379044 -0.356026 -1.107099  0.090441 -0.378450 -0.921193  0.304000 0.966700 1 30 1.000000
0  -40.206505 0.258743 -0.866625  0.148047 0.575038 -0.804620  0.334613 0.908399 2 30 0.907727 29 0.092273
0  -40.191475 -0.382204 -0.852939  0.168659 -0.470890 -0.865920  0.305843 0.905973 2 30 0.913668 29 0.086332
v_heavyArms.tga.002
0  -37.561172 -4.349957 -0.797421  -0.910123 0.119822 -0.396634  0.044600 0.701100 1 36 1.000000
0  -37.507973 -4.802254 -0.495621  -0.819523 -0.544116 0.179777  0.013600 0.695900 1 36 1.000000
0  -37.602371 -4.315255 -0.555620  -0.989636 0.143446 -0.006634  0.041000 0.713800 1 36 1.000000
v_heavyArms.tga.002
0  -38.169075 1.513645 -0.011522  -0.932888 -0.208890 0.293403  0.590800 0.773900 4 22 0.306821 25 0.566599 23 0.123226 26 0.003354
0  -38.194374 1.577244 -0.019622  -0.362536 -0.143514 0.920854  0.585200 0.776600 3 22 0.436850 23 0.176635 25 0.386516
0  -38.203773 1.560745 -0.026121  -0.547064 -0.687213 0.477974  0.585700 0.777300 3 22 0.438724 23 0.193634 25 0.367642
v_heavyArms.tga.002
0  -38.194374 1.577244 -0.019622  -0.362536 -0.143514 0.920854  0.585200 0.776600 3 22 0.436850 23 0.176635 25 0.386516
0  -38.169075 1.513645 -0.011522  -0.932888 -0.208890 0.293403  0.590800 0.773900 4 22 0.306821 25 0.566599 23 0.123226 26 0.003354
0  -38.143673 1.510245 -0.001422  -0.344937 0.215695 0.913507  0.591100 0.773000 3 22 0.308495 25 0.575055 23 0.116451
v_heavyArms.tga.002
0  -30.625973 0.738531 -1.678611  -0.100038 0.118360 -0.987919  0.143000 0.211500 1 20 1.000000
0  -22.180700 2.352285 -1.453089  -0.088658 0.681647 -0.726290  0.086900 0.482200 2 19 0.024844 20 0.975156
0  -22.215584 0.809997 -1.998419  -0.062026 0.102325 -0.992815  0.151300 0.478300 2 20 0.985507 19 0.014493
v_heavyArms.tga.002
0  -40.143372 2.046644 -0.638522  -0.595900 -0.154754 0.788007  0.544900 0.917300 1 24 1.000000
0  -40.263771 2.133946 -0.712423  -0.510007 -0.793245 -0.332648  0.537300 0.923400 1 24 1.000000
0  -40.146072 2.029545 -0.643923  -0.522724 -0.818673 0.237769  0.545700 0.918000 1 24 1.000000
v_heavyArms.tga.002
0  -40.263771 2.133946 -0.712423  -0.510007 -0.793245 -0.332648  0.537300 0.923400 1 24 1.000000
0  -40.120575 2.053044 -0.689623  -0.196857 -0.820793 -0.536234  0.547900 0.921100 1 24 1.000000
0  -40.146072 2.029545 -0.643923  -0.522724 -0.818673 0.237769  0.545700 0.918000 1 24 1.000000
v_heavyArms.tga.002
0  -41.483273 0.332944 -0.858223  -0.188982 0.962229 -0.195965  0.338700 0.975900 1 30 1.000000
0  -41.793774 0.193445 -0.906923  -0.836716 0.547637 0.000521  0.327300 0.990800 1 30 1.000000
0  -41.479973 0.332344 -0.757623  -0.181622 0.983288 0.012554  0.342300 0.979100 1 30 1.000000
v_heavyArms.tga.002
0  -38.363773 -0.539199 0.765983  -0.325570 -0.521420 0.788749  0.699400 0.763800 2 28 0.991828 29 0.008172
0  -37.924973 0.446144 0.878578  -0.268922 0.112333 0.956589  0.652100 0.749200 2 25 0.517027 28 0.482973
0  -38.358273 0.306201 0.755783  -0.365533 0.519709 0.772197  0.666300 0.768800 3 28 0.994226 29 0.003668 31 0.002106
v_heavyArms.tga.002
0  -35.468872 -1.582354 -1.181421  -0.008135 -0.018582 -0.999794  0.238800 0.616600 2 21 0.042751 34 0.957249
0  -34.349972 -1.508654 -0.877921  0.330806 -0.032216 -0.943149  0.252600 0.552500 1 34 1.000000
0  -35.461472 -1.599255 -1.160421  0.178365 -0.731181 -0.658453  0.237400 0.615900 3 21 0.025422 34 0.944716 35 0.029862
v_heavyArms.tga.002
0  -34.349972 -1.508654 -0.877921  0.330806 -0.032216 -0.943149  0.252600 0.552500 1 34 1.000000
0  -35.468872 -1.582354 -1.181421  -0.008135 -0.018582 -0.999794  0.238800 0.616600 2 21 0.042751 34 0.957249
0  -34.356575 -1.462155 -0.881621  0.341666 0.165556 -0.925124  0.255200 0.553300 1 34 1.000000
v_heavyArms.tga.002
0  -31.888672 -1.578090 -0.941454  -0.296734 -0.668627 -0.681826  0.267900 0.147700 1 20 1.000000
0  -30.618874 -0.775357 -1.534026  -0.100561 -0.253653 -0.962054  0.215500 0.211000 1 20 1.000000
0  -30.615173 -1.823223 -1.072166  -0.121837 -0.689930 -0.713550  0.268200 0.211400 1 20 1.000000
v_heavyArms.tga.002
0  -38.962181 1.509591 -0.124219  0.098588 0.993105 -0.063422  0.428891 0.835305 2 26 0.255488 25 0.744512
0  -38.056473 1.400944 -0.435577  -0.353678 0.864782 -0.356460  0.412800 0.791800 4 25 0.739335 22 0.141098 23 0.055823 26 0.063745
0  -38.938038 1.483508 -0.459697  0.093620 0.959239 -0.266640  0.416843 0.839206 3 26 0.321258 22 0.001502 25 0.677240
v_heavyArms.tga.002
0  -40.146488 0.403426 -0.309617  0.083728 0.925929 -0.368300  0.659705 0.886228 2 30 0.133780 29 0.866220
0  -39.118519 0.403909 -0.026545  0.234601 0.315469 -0.919479  0.655178 0.820994 2 29 0.819763 28 0.180237
0  -40.138134 0.379825 -0.315492  0.256154 0.317880 -0.912873  0.658897 0.886835 2 29 0.859611 30 0.140389
v_heavyArms.tga.002
0  -35.499374 -1.551955 -1.154221  -0.335184 0.402939 -0.851641  0.241000 0.619000 3 21 0.074378 34 0.921960 31 0.003661
0  -34.356575 -1.462155 -0.881621  0.341666 0.165556 -0.925124  0.255200 0.553300 1 34 1.000000
0  -35.468872 -1.582354 -1.181421  -0.008135 -0.018582 -0.999794  0.238800 0.616600 2 21 0.042751 34 0.957249
v_heavyArms.tga.002
0  -41.596081 -1.713357 -0.975823  -0.664891 -0.628171 -0.404129  0.806600 0.959300 1 33 1.000000
0  -41.469482 -1.784556 -1.000123  -0.175606 -0.543727 -0.820685  0.816400 0.954800 1 33 1.000000
0  -41.485683 -1.840756 -0.959422  -0.466958 -0.879187 -0.094763  0.813600 0.952400 1 33 1.000000
v_heavyArms.tga.002
0  -38.092072 -1.812554 -0.607122  -0.028098 -0.873735 -0.485590  0.219500 0.779600 3 31 0.876221 32 0.084342 28 0.039437
0  -37.426022 -1.606999 -0.862830  -0.076881 -0.273326 -0.958844  0.236832 0.737431 5 31 0.693948 32 0.002205 34 0.036006 28 0.095900 21 0.171941
0  -37.420921 -1.895693 -0.666259  -0.136064 -0.844819 -0.517462  0.220686 0.744031 5 28 0.046960 31 0.739780 34 0.037469 32 0.000189 21 0.175602
v_heavyArms.tga.002
0  -34.356575 -1.462155 -0.881621  0.341666 0.165556 -0.925124  0.255200 0.553300 1 34 1.000000
0  -34.017273 -1.721455 -0.739121  0.301268 -0.746134 -0.593735  0.244100 0.530300 2 20 0.035870 34 0.964130
0  -34.349972 -1.508654 -0.877921  0.330806 -0.032216 -0.943149  0.252600 0.552500 1 34 1.000000
v_heavyArms.tga.002
0  -34.017273 -1.721455 -0.739121  0.301268 -0.746134 -0.593735  0.244100 0.530300 2 20 0.035870 34 0.964130
0  -34.356575 -1.462155 -0.881621  0.341666 0.165556 -0.925124  0.255200 0.553300 1 34 1.000000
0  -33.985672 -1.702355 -0.748020  0.691217 -0.374289 -0.618164  0.245900 0.529600 3 20 0.067491 21 0.015295 34 0.917215
v_heavyArms.tga.002
0  -33.985573 1.539944 -0.139521  0.129683 0.935385 -0.328995  0.446800 0.543100 2 21 0.823524 20 0.176476
0  -36.552574 2.351044 0.067078  0.156938 0.987453 -0.017505  0.504700 0.683300 1 21 1.000000
0  -33.989975 1.588644 0.104779  0.184321 0.966673 -0.177674  0.460400 0.540400 2 20 0.178542 21 0.821458
v_heavyArms.tga.002
0  -35.240471 -2.012854 0.324379  -0.008713 -0.601549 0.798788  0.805500 0.601300 3 21 0.039602 35 0.038657 34 0.921741
0  -36.010372 -2.007355 -0.060021  -0.228585 -0.933101 0.277619  0.821300 0.639500 3 21 0.050378 34 0.795314 35 0.154308
0  -35.263172 -2.035355 0.293679  -0.188986 -0.720139 0.667596  0.807300 0.601700 3 21 0.017925 35 0.045404 34 0.936671
v_heavyArms.tga.002
0  -36.010372 -2.007355 -0.060021  -0.228585 -0.933101 0.277619  0.821300 0.639500 3 21 0.050378 34 0.795314 35 0.154308
0  -35.240471 -2.012854 0.324379  -0.008713 -0.601549 0.798788  0.805500 0.601300 3 21 0.039602 35 0.038657 34 0.921741
0  -36.018875 -1.995755 -0.029421  -0.487319 -0.644755 0.588907  0.818800 0.639900 3 21 0.066862 34 0.787262 35 0.145876
v_heavyArms.tga.002
0  -36.183372 -2.052056 -0.405721  -0.126021 -0.986969 0.100059  0.837700 0.655400 3 21 0.072738 35 0.191781 34 0.735481
0  -36.010372 -2.007355 -0.060021  -0.228585 -0.933101 0.277619  0.821300 0.639500 3 21 0.050378 34 0.795314 35 0.154308
0  -36.018875 -1.995755 -0.029421  -0.487319 -0.644755 0.588907  0.818800 0.639900 3 21 0.066862 34 0.787262 35 0.145876
v_heavyArms.tga.002
0  -36.010372 -2.007355 -0.060021  -0.228585 -0.933101 0.277619  0.821300 0.639500 3 21 0.050378 34 0.795314 35 0.154308
0  -36.183372 -2.052056 -0.405721  -0.126021 -0.986969 0.100059  0.837700 0.655400 3 21 0.072738 35 0.191781 34 0.735481
0  -36.141373 -2.033955 -0.433321  0.373692 -0.927553 0.000372  0.840900 0.655400 3 21 0.046946 35 0.210694 34 0.742359
v_heavyArms.tga.002
0  -38.469830 2.410036 0.247505  -0.160050 0.728734 0.665830  0.535171 0.782047 2 22 0.187415 23 0.812585
0  -39.195187 1.907076 0.129354  -0.393098 -0.471255 0.789552  0.556358 0.836173 3 22 0.000048 23 0.916908 24 0.083044
0  -38.566475 1.742569 0.343868  -0.401255 -0.509442 0.761225  0.565496 0.791741 2 22 0.184212 23 0.815788
v_heavyArms.tga.002
0  -38.412853 2.487557 -0.361494  0.102019 0.982729 -0.154391  0.497405 0.798248 3 22 0.191189 23 0.741920 24 0.066891
0  -39.054375 2.372712 -0.774250  0.152007 0.406439 -0.900945  0.484527 0.842635 3 22 0.033037 23 0.634887 24 0.332076
0  -39.079407 2.538029 -0.528913  0.127676 0.959509 -0.251079  0.495986 0.842521 3 22 0.018672 23 0.672481 24 0.308848
v_heavyArms.tga.002
0  -41.257645 1.363522 -1.223526  -0.114972 0.383497 -0.916358  0.399065 0.953968 1 27 1.000000
0  -41.482414 1.050748 -1.081780  -0.779522 -0.263781 -0.568125  0.383273 0.961449 1 27 1.000000
0  -41.434647 1.391558 -1.112316  -0.620263 0.425446 -0.658992  0.398753 0.961096 1 27 1.000000
v_heavyArms.tga.002
0  -40.015190 2.431395 -1.009910  -0.124262 0.340586 -0.931966  0.486900 0.904100 1 24 1.000000
0  -40.235874 2.146744 -0.818623  -0.781779 -0.400429 -0.477994  0.475800 0.913400 1 24 1.000000
0  -40.187973 2.482144 -0.869123  -0.659851 0.529019 -0.533607  0.488100 0.910200 1 24 1.000000
v_heavyArms.tga.002
0  -37.423237 -1.937855 -0.324183  -0.030133 -0.757970 0.651593  0.824788 0.718078 4 31 0.742407 28 0.002710 34 0.027022 21 0.227861
0  -38.089672 -1.919457 -0.331522  -0.022747 -0.999693 -0.009847  0.820500 0.753700 2 31 0.928241 32 0.071759
0  -37.422340 -1.966948 -0.358097  -0.074310 -0.994540 -0.073270  0.827699 0.719174 4 28 0.013880 31 0.734695 34 0.031520 21 0.219904
v_heavyArms.tga.002
0  -41.473782 -1.814957 -0.935522  -0.460212 -0.483956 0.744306  0.812300 0.951200 1 33 1.000000
0  -41.596081 -1.713357 -0.975823  -0.664891 -0.628171 -0.404129  0.806600 0.959300 1 33 1.000000
0  -41.485683 -1.840756 -0.959422  -0.466958 -0.879187 -0.094763  0.813600 0.952400 1 33 1.000000
v_heavyArms.tga.002
0  -37.132889 -3.450122 -0.915068  -0.759359 0.383269 -0.525812  0.103088 0.692834 2 36 0.873894 35 0.126106
0  -37.378773 -4.635457 -1.068721  -0.379182 -0.391758 -0.838300  0.038200 0.681100 1 36 1.000000
0  -37.561172 -4.349957 -0.797421  -0.910123 0.119822 -0.396634  0.044600 0.701100 1 36 1.000000
v_heavyArms.tga.002
0  -33.982574 -1.670254 -0.735421  0.849384 0.117798 -0.514460  0.249100 0.526000 3 20 0.101178 21 0.046636 34 0.852186
0  -33.990574 -1.780555 -0.286421  0.811069 -0.569351 0.134189  0.235800 0.506000 3 20 0.078532 34 0.901391 21 0.020077
0  -33.985672 -1.702355 -0.748020  0.691217 -0.374289 -0.618164  0.245900 0.529600 3 20 0.067491 21 0.015295 34 0.917215
v_heavyArms.tga.002
0  -36.183372 -2.052056 -0.405721  -0.126021 -0.986969 0.100059  0.837700 0.655400 3 21 0.072738 35 0.191781 34 0.735481
0  -36.025772 -1.981154 -0.028421  -0.817689 -0.397665 0.416231  0.817700 0.640800 3 21 0.094290 34 0.761870 35 0.143840
0  -36.164173 -2.015057 -0.353021  -0.912140 -0.094620 0.398807  0.835000 0.654300 3 21 0.076677 35 0.181590 34 0.741733
v_heavyArms.tga.002
0  -36.025772 -1.981154 -0.028421  -0.817689 -0.397665 0.416231  0.817700 0.640800 3 21 0.094290 34 0.761870 35 0.143840
0  -36.183372 -2.052056 -0.405721  -0.126021 -0.986969 0.100059  0.837700 0.655400 3 21 0.072738 35 0.191781 34 0.735481
0  -36.018875 -1.995755 -0.029421  -0.487319 -0.644755 0.588907  0.818800 0.639900 3 21 0.066862 34 0.787262 35 0.145876
v_heavyArms.tga.002
0  -36.179073 -2.228955 -0.894921  -0.676529 0.493137 -0.546923  0.194800 0.657800 2 35 0.289995 34 0.710005
0  -36.315872 -2.477456 -0.650921  -0.812342 0.572149 0.112898  0.184300 0.677300 2 34 0.132857 35 0.867143
0  -36.146374 -2.203355 -0.483121  -0.969579 0.179884 0.166010  0.204100 0.679400 2 34 0.699636 35 0.300364
v_heavyArms.tga.002
0  -36.206673 -2.076756 -0.770121  -0.705425 -0.583618 -0.402202  0.216400 0.663000 3 21 0.057812 35 0.154391 34 0.787798
0  -35.461472 -1.599255 -1.160421  0.178365 -0.731181 -0.658453  0.237400 0.615900 3 21 0.025422 34 0.944716 35 0.029862
0  -36.184074 -2.094655 -0.778721  -0.620980 -0.490109 -0.611700  0.204700 0.661800 3 21 0.038433 35 0.168303 34 0.793264
v_heavyArms.tga.002
0  -35.461472 -1.599255 -1.160421  0.178365 -0.731181 -0.658453  0.237400 0.615900 3 21 0.025422 34 0.944716 35 0.029862
0  -36.206673 -2.076756 -0.770121  -0.705425 -0.583618 -0.402202  0.216400 0.663000 3 21 0.057812 35 0.154391 34 0.787798
0  -35.468872 -1.582354 -1.181421  -0.008135 -0.018582 -0.999794  0.238800 0.616600 2 21 0.042751 34 0.957249
v_heavyArms.tga.002
0  -35.209873 -1.536654 0.578479  0.116398 -0.504578 0.855484  0.760300 0.599900 3 20 0.001729 21 0.592746 34 0.405525
0  -34.263172 -1.842955 0.150779  0.573130 -0.399620 0.715420  0.789100 0.550200 3 20 0.049884 21 0.037046 34 0.913069
0  -34.204273 -1.332854 0.381479  0.373964 -0.615776 0.693520  0.755400 0.542600 3 20 0.079550 21 0.538456 34 0.381994
v_heavyArms.tga.002
0  -37.144794 2.332156 0.500220  0.045126 0.774688 0.630731  0.544738 0.708109 3 22 0.450119 25 0.023646 21 0.526235
0  -36.739273 1.224745 0.918778  -0.067968 0.299413 0.951700  0.608400 0.683900 1 21 1.000000
0  -36.647873 2.287445 0.482778  0.133367 0.790907 0.597227  0.547900 0.681400 1 21 1.000000
v_heavyArms.tga.002
0  -34.247475 -1.889254 0.108879  0.681453 -0.369015 0.632021  0.792600 0.548800 3 20 0.028501 34 0.958624 21 0.012874
0  -33.990574 -1.780555 -0.286421  0.811069 -0.569351 0.134189  0.798200 0.526700 3 20 0.078532 34 0.901391 21 0.020077
0  -34.263275 -1.854254 0.144579  0.539387 -0.449183 0.712247  0.790400 0.549700 3 20 0.037376 21 0.025877 34 0.936747
v_heavyArms.tga.002
0  -33.990574 -1.780555 -0.286421  0.811069 -0.569351 0.134189  0.798200 0.526700 3 20 0.078532 34 0.901391 21 0.020077
0  -34.247475 -1.889254 0.108879  0.681453 -0.369015 0.632021  0.792600 0.548800 3 20 0.028501 34 0.958624 21 0.012874
0  -34.023972 -1.800755 -0.299721  0.526089 -0.849893 -0.030188  0.800100 0.527500 3 20 0.052885 34 0.945486 21 0.001630
v_heavyArms.tga.002
0  -36.141373 -2.033955 -0.433321  0.373692 -0.927553 0.000372  0.212200 0.679000 3 21 0.046946 35 0.210694 34 0.742359
0  -36.206673 -2.076756 -0.770121  -0.705425 -0.583618 -0.402202  0.216400 0.663000 3 21 0.057812 35 0.154391 34 0.787798
0  -36.184074 -2.094655 -0.778721  -0.620980 -0.490109 -0.611700  0.204700 0.661800 3 21 0.038433 35 0.168303 34 0.793264
v_heavyArms.tga.002
0  -36.206673 -2.076756 -0.770121  -0.705425 -0.583618 -0.402202  0.216400 0.663000 3 21 0.057812 35 0.154391 34 0.787798
0  -36.141373 -2.033955 -0.433321  0.373692 -0.927553 0.000372  0.212200 0.679000 3 21 0.046946 35 0.210694 34 0.742359
0  -36.183372 -2.052056 -0.405721  -0.126021 -0.986969 0.100059  0.214700 0.678900 3 21 0.072738 35 0.191781 34 0.735481
v_heavyArms.tga.002
0  -36.183372 -2.052056 -0.405721  -0.126021 -0.986969 0.100059  0.214700 0.678900 3 21 0.072738 35 0.191781 34 0.735481
0  -36.224274 -2.043957 -0.771721  -0.742259 -0.395991 -0.540594  0.222800 0.680600 3 21 0.084925 35 0.147681 34 0.767394
0  -36.206673 -2.076756 -0.770121  -0.705425 -0.583618 -0.402202  0.216400 0.663000 3 21 0.057812 35 0.154391 34 0.787798
v_heavyArms.tga.002
0  -36.224274 -2.043957 -0.771721  -0.742259 -0.395991 -0.540594  0.222800 0.680600 3 21 0.084925 35 0.147681 34 0.767394
0  -36.183372 -2.052056 -0.405721  -0.126021 -0.986969 0.100059  0.214700 0.678900 3 21 0.072738 35 0.191781 34 0.735481
0  -36.176575 -2.021054 -0.431421  -0.947021 0.300827 0.112490  0.216400 0.679000 3 21 0.076098 35 0.180504 34 0.743398
v_heavyArms.tga.002
0  -39.014801 0.403601 -0.004149  0.019126 0.999590 0.021290  0.358392 0.839623 3 29 0.267117 28 0.675457 25 0.057426
0  -38.422771 0.396244 -0.403986  -0.481080 0.872320 -0.087297  0.348600 0.801700 4 28 0.666608 25 0.204874 26 0.007351 29 0.121166
0  -39.016987 0.410632 -0.327545  0.007356 0.988883 -0.148516  0.348222 0.838946 3 25 0.064611 29 0.369261 28 0.566128
v_heavyArms.tga.002
0  -37.378773 -4.635457 -1.068721  -0.379182 -0.391758 -0.838300  0.038200 0.681100 1 36 1.000000
0  -37.220074 -4.881455 -0.674521  0.236575 -0.940711 -0.243096  0.016500 0.672800 1 36 1.000000
0  -37.527473 -4.825657 -0.684521  -0.751767 -0.620481 -0.223271  0.019500 0.689800 1 36 1.000000
v_heavyArms.tga.002
0  -38.454235 0.283647 -0.799034  -0.234794 0.446668 -0.863342  0.343400 0.800500 2 28 0.866411 29 0.133589
0  -38.972549 -0.425081 -0.748190  -0.044632 -0.527158 -0.848594  0.313875 0.835091 2 28 0.618312 29 0.381688
0  -39.009941 0.270533 -0.731938  -0.046533 0.603417 -0.796067  0.338410 0.837736 3 29 0.409070 25 0.036816 28 0.554114
v_heavyArms.tga.002
0  -33.579800 0.136545 1.149079  -0.383751 -0.053443 0.921889  0.477219 0.018610 2 20 0.890124 21 0.109876
0  -32.725773 -0.914355 0.866979  -0.021450 -0.565330 0.824586  0.400800 0.082900 3 20 0.942504 21 0.036307 34 0.021189
0  -32.727673 0.136545 1.149079  0.000000 -0.032810 0.999462  0.478200 0.081200 2 20 0.967311 21 0.032689
v_heavyArms.tga.002
0  -40.199776 0.697490 -0.421631  -0.196834 -0.952677 0.231652  0.632256 0.901709 2 26 0.904079 27 0.095921
0  -39.179893 0.721780 0.554427  -0.367010 -0.547956 0.751696  0.625972 0.823383 2 25 0.206095 26 0.793905
0  -40.285583 0.836869 0.063604  -0.390179 -0.549000 0.739161  0.619370 0.894137 2 26 0.938496 27 0.061504
v_heavyArms.tga.002
0  -37.911373 1.469546 0.583278  -0.247013 0.278623 0.928092  0.591700 0.751000 3 22 0.480715 25 0.497484 28 0.021801
0  -37.387562 0.400842 1.015959  -0.234922 0.122401 0.964277  0.654447 0.726321 3 28 0.384513 21 0.175007 25 0.440479
0  -37.385506 1.384102 0.735281  -0.216911 0.254892 0.942327  0.597529 0.727580 4 22 0.412149 25 0.371719 28 0.046089 21 0.170043
v_heavyArms.tga.002
0  -37.962074 2.455544 -0.259022  0.082514 0.994406 -0.065943  0.499800 0.772200 2 22 0.834517 23 0.165483
0  -38.267361 2.307876 -0.715348  0.014086 0.500413 -0.865672  0.479002 0.791238 3 22 0.556842 23 0.421970 24 0.021188
0  -38.294399 2.478910 -0.333376  0.101823 0.986663 -0.126995  0.497876 0.790972 2 23 0.411679 22 0.588321
v_heavyArms.tga.002
0  -32.725075 -0.562956 -0.902121  -0.945114 -0.066179 -0.319968  0.218900 0.087000 3 20 0.945584 21 0.020671 34 0.033745
0  -32.630875 0.616158 -1.183993  -0.675650 0.104366 -0.729797  0.143100 0.103200 2 20 0.991131 21 0.008869
0  -32.627472 -0.802021 -1.161138  -0.618720 -0.305200 -0.723905  0.229200 0.104900 2 20 0.998384 34 0.001616
v_heavyArms.tga.002
0  -32.630875 0.616158 -1.183993  -0.675650 0.104366 -0.729797  0.143100 0.103200 2 20 0.991131 21 0.008869
0  -32.725075 -0.562956 -0.902121  -0.945114 -0.066179 -0.319968  0.218900 0.087000 3 20 0.945584 21 0.020671 34 0.033745
0  -32.727673 0.531144 -0.976121  -0.916813 0.033166 -0.397937  0.145800 0.088600 2 20 0.951995 21 0.048005
v_heavyArms.tga.002
0  -38.090374 -1.878354 -0.367822  -0.042401 -0.969593 -0.241021  0.205700 0.784400 3 31 0.923737 32 0.074943 28 0.001320
0  -37.420921 -1.895693 -0.666259  -0.136064 -0.844819 -0.517462  0.220686 0.744031 5 28 0.046960 31 0.739780 34 0.037469 32 0.000189 21 0.175602
0  -37.421780 -1.929521 -0.390626  -0.079032 -0.989418 -0.121683  0.205234 0.750157 4 28 0.023810 31 0.704398 34 0.037200 21 0.234592
v_heavyArms.tga.002
0  -35.448471 -3.197055 -0.156221  0.488671 -0.635791 0.597470  0.884500 0.595400 2 34 0.097680 35 0.902320
0  -36.640755 -3.623678 0.038175  -0.236977 -0.104155 0.965916  0.929415 0.643419 2 35 0.832742 36 0.167258
0  -36.325909 -3.874341 -0.176779  0.484498 -0.614280 0.622834  0.937679 0.627491 2 35 0.817228 36 0.182772
v_heavyArms.tga.002
0  -38.120110 -1.630611 -0.819216  -0.007369 -0.375458 -0.926810  0.230700 0.777400 3 31 0.813121 32 0.087401 28 0.099479
0  -38.868576 -1.845278 -0.623639  0.052411 -0.909766 -0.411799  0.218090 0.821569 2 32 0.349757 31 0.650243
0  -38.870354 -1.678076 -0.848860  0.074243 -0.391074 -0.917360  0.227878 0.820773 3 31 0.608452 28 0.016294 32 0.375254
v_heavyArms.tga.002
0  -32.714973 1.322243 -0.658221  -0.961314 0.184281 -0.204735  0.089900 0.089900 2 20 0.927759 21 0.072241
0  -32.615273 1.947676 -0.144224  -0.644917 0.763217 -0.039773  0.039200 0.100100 2 20 0.946043 21 0.053957
0  -32.614273 1.614210 -0.921196  -0.680800 0.465899 -0.565199  0.084600 0.111000 2 20 0.963151 21 0.036849
v_heavyArms.tga.002
0  -32.615273 1.947676 -0.144224  -0.644917 0.763217 -0.039773  0.039200 0.100100 2 20 0.946043 21 0.053957
0  -32.714973 1.322243 -0.658221  -0.961314 0.184281 -0.204735  0.089900 0.089900 2 20 0.927759 21 0.072241
0  -32.715672 1.784745 -0.190421  -0.773937 0.567044 -0.281927  0.047400 0.090800 2 20 0.916855 21 0.083145
v_heavyArms.tga.002
0  -37.671772 2.379345 0.447978  -0.082597 0.761259 0.643166  0.541400 0.736300 3 22 0.981199 25 0.018610 21 0.000191
0  -37.351448 2.381866 0.028483  0.057742 0.996479 0.060789  0.523757 0.718125 2 22 0.801120 21 0.198880
0  -37.692371 2.402443 -0.014522  0.031038 0.998459 0.045994  0.521300 0.738000 2 22 0.986993 23 0.013007
v_heavyArms.tga.002
0  -39.182007 2.541698 -0.558268  0.091376 0.960290 -0.263615  0.495648 0.849263 2 24 0.899790 23 0.100210
0  -40.015190 2.431395 -1.009910  -0.124262 0.340586 -0.931966  0.486900 0.904100 1 24 1.000000
0  -40.042572 2.537644 -0.834923  -0.064978 0.954880 -0.289795  0.491800 0.905200 1 24 1.000000
v_heavyArms.tga.002
0  -39.047653 1.489942 -0.472606  0.085781 0.957560 -0.275172  0.416927 0.844938 3 25 0.142665 26 0.854979 27 0.002356
0  -40.092304 1.367385 -0.957064  0.209943 0.449266 -0.868380  0.404660 0.899091 2 26 0.744109 27 0.255891
0  -40.129864 1.514224 -0.729956  0.096511 0.936148 -0.338101  0.413454 0.899871 2 27 0.219049 26 0.780951
v_heavyArms.tga.002
0  -39.207939 2.536179 -0.418139  -0.000614 0.999222 0.039433  0.502963 0.849960 2 24 0.904534 23 0.095466
0  -40.042572 2.537644 -0.834923  -0.064978 0.954880 -0.289795  0.491800 0.905200 1 24 1.000000
0  -40.074875 2.536644 -0.749223  -0.169725 0.984115 -0.052069  0.494700 0.908400 1 24 1.000000
v_heavyArms.tga.002
0  -32.721474 -1.471455 0.166580  -0.901860 -0.428143 0.057806  0.333000 0.084500 3 20 0.901134 21 0.028130 34 0.070736
0  -32.628372 -1.205236 1.136791  -0.673864 -0.465236 0.573988  0.397300 0.106300 3 20 0.996752 21 0.001691 34 0.001557
0  -32.725773 -0.914355 0.866979  -0.968607 -0.125042 0.214861  0.400800 0.082900 3 20 0.942504 21 0.036307 34 0.021189
v_heavyArms.tga.002
0  -32.628372 -1.205236 1.136791  -0.673864 -0.465236 0.573988  0.397300 0.106300 3 20 0.996752 21 0.001691 34 0.001557
0  -32.721474 -1.471455 0.166580  -0.901860 -0.428143 0.057806  0.333000 0.084500 3 20 0.901134 21 0.028130 34 0.070736
0  -32.622871 -1.670617 0.111685  -0.667955 -0.744124 0.010751  0.327600 0.099600 3 20 0.963104 21 0.000783 34 0.036113
v_heavyArms.tga.002
0  -31.894772 0.072894 1.587962  -0.248884 -0.028887 0.968102  0.478200 0.142000 1 20 1.000000
0  -30.620872 -1.739413 1.556710  -0.186524 -0.649199 0.737393  0.397100 0.211200 1 20 1.000000
0  -30.625973 0.048893 1.984763  -0.156474 -0.027343 0.987304  0.481300 0.208200 1 20 1.000000
v_heavyArms.tga.002
0  -40.134232 -1.041769 -0.659221  -0.049718 0.974102 -0.220575  0.260980 0.874119 2 33 0.249455 32 0.750545
0  -39.122845 -0.893221 -0.139823  -0.069586 0.989615 -0.125777  0.279843 0.838119 2 31 0.134583 32 0.865417
0  -39.124229 -0.927926 -0.419045  -0.073386 0.979045 -0.189962  0.267851 0.834466 3 33 0.036144 32 0.812040 31 0.151816
v_heavyArms.tga.002
0  -36.294971 -2.479256 -0.945921  -0.652830 0.508773 -0.561215  0.177800 0.660300 2 34 0.129255 35 0.870745
0  -37.085377 -3.300066 -0.646216  -0.775846 0.628857 0.051001  0.117451 0.707272 2 35 0.846187 36 0.153813
0  -36.315872 -2.477456 -0.650921  -0.812342 0.572149 0.112898  0.184300 0.677300 2 34 0.132857 35 0.867143
v_heavyArms.tga.002
0  -34.455574 1.002844 0.970879  0.067749 0.366920 0.927782  0.618500 0.562700 2 20 0.131596 21 0.868404
0  -33.596073 0.110944 1.062779  0.033494 -0.080131 0.996221  0.665000 0.515900 3 20 0.823042 21 0.172999 34 0.003959
0  -33.588772 0.969546 0.908979  0.116603 0.439105 0.890837  0.618200 0.516500 2 21 0.211006 20 0.788994
v_heavyArms.tga.002
0  -41.281185 0.992381 -1.211103  -0.215392 -0.543897 -0.811038  0.381475 0.953757 1 27 1.000000
0  -40.188030 1.367238 -0.979438  0.202440 0.445452 -0.872118  0.404223 0.903809 2 26 0.116652 27 0.883348
0  -40.237537 0.825029 -0.947722  0.089410 -0.625053 -0.775445  0.378774 0.902359 2 27 0.884606 26 0.115394
v_heavyArms.tga.002
0  -40.106380 0.260429 -0.850343  0.092349 0.579146 -0.809976  0.334872 0.902889 2 30 0.275230 29 0.724770
0  -39.076260 -0.423002 -0.749378  0.043111 -0.521069 -0.852425  0.313081 0.841570 3 29 0.771254 30 0.047714 28 0.181032
0  -40.091164 -0.385183 -0.837868  0.085821 -0.488810 -0.868159  0.306259 0.900495 2 29 0.731809 30 0.268191
v_heavyArms.tga.002
0  -40.237537 0.825029 -0.947722  0.089410 -0.625053 -0.775445  0.378996 0.902333 2 27 0.884606 26 0.115394
0  -41.326759 0.961121 -1.063067  -0.222662 -0.863155 -0.453193  0.383418 0.954571 1 27 1.000000
0  -41.281185 0.992381 -1.211103  -0.215392 -0.543897 -0.811038  0.386597 0.953160 1 27 1.000000
v_heavyArms.tga.002
0  -36.293472 1.197045 -0.783252  0.009500 0.138113 -0.990371  0.406800 0.676800 3 21 0.979661 20 0.000974 25 0.019365
0  -33.956871 0.437544 -0.758824  -0.076123 0.137170 -0.987618  0.372200 0.537400 3 20 0.092329 21 0.811648 34 0.096023
0  -36.310772 0.290244 -0.868945  -0.025879 0.098134 -0.994837  0.353800 0.676300 3 21 0.991044 22 0.000761 34 0.008196
v_heavyArms.tga.002
0  -30.591572 2.084538 -1.220409  -0.116165 0.673609 -0.729902  0.075300 0.214800 1 20 1.000000
0  -22.182842 2.886943 -0.209212  -0.080805 0.995832 -0.042306  0.035000 0.484700 2 19 0.027324 20 0.972676
0  -22.180700 2.352285 -1.453089  -0.088658 0.681647 -0.726290  0.086900 0.482200 2 19 0.024844 20 0.975156
v_heavyArms.tga.002
0  -33.588772 0.969546 0.908979  -0.999967 0.008128 -0.000485  0.540600 0.012400 2 21 0.211006 20 0.788994
0  -33.595840 0.150560 1.132874  -0.898278 0.028936 0.438473  0.478693 0.016359 2 20 0.851924 21 0.148076
0  -33.588280 1.033091 0.958285  -0.886630 0.197588 0.418146  0.543069 0.017339 2 21 0.194090 20 0.805910
v_heavyArms.tga.002
0  -30.609272 -2.363057 0.014006  -0.152978 -0.987937 -0.024042  0.322700 0.211900 1 20 1.000000
0  -22.204670 -2.125754 -1.276475  -0.001750 -0.703098 -0.711091  0.271500 0.474800 2 20 0.934281 19 0.065719
0  -22.198679 -2.744214 0.015807  0.000487 -0.999311 -0.037115  0.325900 0.473800 2 20 0.919967 19 0.080033
v_heavyArms.tga.002
0  -33.596073 0.110944 1.062779  -0.999996 0.001291 0.002400  0.474700 0.011300 3 20 0.823042 21 0.172999 34 0.003959
0  -33.594669 -0.923644 0.844399  -0.796502 -0.445885 0.408375  0.395026 0.016895 3 20 0.728297 21 0.156938 34 0.114764
0  -33.595840 0.150560 1.132874  -0.898278 0.028936 0.438473  0.478177 0.015843 2 20 0.851924 21 0.148076
v_heavyArms.tga.002
0  -30.601871 1.518017 1.675384  -0.108358 0.547697 0.829630  0.552000 0.207400 1 20 1.000000
0  -22.215584 0.019593 2.361136  -0.074477 0.060962 0.995358  0.483300 0.472700 2 20 0.974243 19 0.025757
0  -22.191187 1.635959 1.739446  -0.061789 0.561634 0.825075  0.551400 0.474200 2 19 0.016402 20 0.983598
v_heavyArms.tga.002
0  -30.620872 -1.739413 1.556710  -0.186524 -0.649199 0.737393  0.397100 0.211200 1 20 1.000000
0  -22.198679 -2.744214 0.015807  0.000487 -0.999311 -0.037115  0.325900 0.473800 2 20 0.919967 19 0.080033
0  -22.210449 -2.029852 1.851521  -0.025144 -0.676590 0.735931  0.400400 0.472700 2 20 0.927651 19 0.072349
v_heavyArms.tga.002
0  -30.618874 -0.775357 -1.534026  -0.100561 -0.253653 -0.962054  0.215500 0.211000 1 20 1.000000
0  -22.215584 0.809997 -1.998419  -0.062026 0.102325 -0.992815  0.151300 0.478300 2 20 0.985507 19 0.014493
0  -22.208416 -0.924976 -1.826494  -0.005685 -0.262161 -0.965007  0.220000 0.476300 2 20 0.970610 19 0.029390
v_heavyArms.tga.002
0  -30.593573 2.551085 -0.175058  -0.122616 0.991375 -0.046279  0.655700 0.208300 1 20 1.000000
0  -22.177919 2.578195 0.733484  -0.069584 0.857684 0.509446  0.605000 0.476500 2 19 0.022308 20 0.977692
0  -22.182842 2.886943 -0.209212  -0.080805 0.995832 -0.042306  0.642900 0.477800 2 19 0.027324 20 0.972676
v_heavyArms.tga.002
0  -39.121170 -0.896985 -0.071023  -0.134216 0.970055 0.202432  0.732576 0.827777 2 31 0.130257 32 0.869743
0  -40.209122 -1.090953 0.131324  -0.288540 0.536359 0.793136  0.758764 0.867073 2 33 0.078174 32 0.921826
0  -39.133232 -1.008074 0.455480  -0.287040 0.533921 0.795322  0.748897 0.813361 2 31 0.124895 32 0.875105
v_heavyArms.tga.002
0  -34.349972 -1.508654 -0.877921  0.377263 0.159937 -0.912191  0.252600 0.552500 1 34 1.000000
0  -35.194275 -2.368254 -1.377821  0.087232 -0.009893 -0.996139  0.196200 0.595000 2 34 0.877276 35 0.122724
0  -35.461472 -1.599255 -1.160421  -0.165383 0.214663 -0.962584  0.237400 0.615900 3 21 0.025422 34 0.944716 35 0.029862
v_heavyArms.tga.002
0  -34.688473 -2.652255 -1.076521  0.623920 -0.508805 -0.593162  0.188300 0.562500 2 34 0.891289 35 0.108711
0  -34.023972 -1.800755 -0.299721  0.799392 -0.593666 0.092369  0.233900 0.507400 3 20 0.052885 34 0.945486 21 0.001630
0  -34.560173 -2.627455 -0.567621  0.737033 -0.671881 0.073207  0.183500 0.534500 2 34 0.904625 35 0.095375
v_heavyArms.tga.002
0  -38.441574 0.515344 -0.452268  -0.404981 -0.903558 -0.139904  0.375400 0.802300 3 25 0.836329 26 0.145198 29 0.018474
0  -38.237175 0.464844 -0.826509  -0.300005 0.032737 -0.953376  0.362800 0.781500 3 28 0.946698 26 0.014119 29 0.039183
0  -38.374973 0.461344 -0.433071  -0.988327 -0.119925 -0.093954  0.360000 0.797000 4 25 0.431091 29 0.073238 28 0.430418 26 0.065253
v_heavyArms.tga.002
0  -35.822372 -2.867055 -1.308521  -0.041576 -0.041781 -0.998261  0.159900 0.620800 2 34 0.122825 35 0.877175
0  -36.179073 -2.228955 -0.894921  -0.676529 0.493137 -0.546923  0.194800 0.657800 2 35 0.289995 34 0.710005
0  -35.194275 -2.368254 -1.377821  0.087232 -0.009893 -0.996139  0.196200 0.595000 2 34 0.877276 35 0.122724
v_heavyArms.tga.002
0  -36.179073 -2.228955 -0.894921  -0.676529 0.493137 -0.546923  0.194800 0.657800 2 35 0.289995 34 0.710005
0  -35.822372 -2.867055 -1.308521  -0.041576 -0.041781 -0.998261  0.159900 0.620800 2 34 0.122825 35 0.877175
0  -36.294971 -2.479256 -0.945921  -0.652830 0.508773 -0.561215  0.177800 0.660300 2 34 0.129255 35 0.870745
v_heavyArms.tga.002
0  -34.015175 -0.417455 -0.862626  0.104249 0.015015 -0.994438  0.319800 0.536500 3 20 0.031616 21 0.525782 34 0.442602
0  -33.982574 -1.670254 -0.735421  0.727534 -0.342846 -0.594265  0.249100 0.526000 3 20 0.101178 21 0.046636 34 0.852186
0  -34.363174 -1.405755 -0.865221  0.260100 -0.089061 -0.961466  0.259300 0.552200 1 34 1.000000
v_heavyArms.tga.002
0  -34.820274 -2.599154 -0.014721  0.450035 -0.582924 0.676511  0.830400 0.571800 2 34 0.905995 35 0.094005
0  -35.263172 -2.035355 0.293679  -0.047979 -0.353231 0.934305  0.807300 0.601700 3 21 0.017925 35 0.045404 34 0.936671
0  -35.523071 -2.364455 0.115179  -0.206777 -0.198492 0.958042  0.829800 0.609500 2 34 0.839049 35 0.160951
v_heavyArms.tga.002
0  -35.263172 -2.035355 0.293679  -0.047979 -0.353231 0.934305  0.807300 0.601700 3 21 0.017925 35 0.045404 34 0.936671
0  -34.820274 -2.599154 -0.014721  0.450035 -0.582924 0.676511  0.830400 0.571800 2 34 0.905995 35 0.094005
0  -34.247475 -1.889254 0.108879  0.629103 -0.594752 0.500498  0.792600 0.548800 3 20 0.028501 34 0.958624 21 0.012874
v_heavyArms.tga.002
0  -38.203674 1.445343 0.003478  -0.228192 0.925679 0.301739  0.592200 0.780100 4 25 0.781111 22 0.123216 23 0.039502 26 0.056171
0  -38.143673 1.510245 -0.001422  -0.344937 0.215695 0.913507  0.591100 0.773000 3 22 0.308495 25 0.575055 23 0.116451
0  -38.169075 1.513645 -0.011522  -0.932888 -0.208890 0.293403  0.590800 0.773900 4 22 0.306821 25 0.566599 23 0.123226 26 0.003354
v_heavyArms.tga.002
0  -36.010372 -2.007355 -0.060021  -0.669346 -0.026860 0.742465  0.821300 0.639500 3 21 0.050378 34 0.795314 35 0.154308
0  -35.523071 -2.364455 0.115179  -0.206777 -0.198492 0.958042  0.829800 0.609500 2 34 0.839049 35 0.160951
0  -35.263172 -2.035355 0.293679  -0.047979 -0.353231 0.934305  0.807300 0.601700 3 21 0.017925 35 0.045404 34 0.936671
v_heavyArms.tga.002
0  -35.523071 -2.364455 0.115179  -0.206777 -0.198492 0.958042  0.829800 0.609500 2 34 0.839049 35 0.160951
0  -36.010372 -2.007355 -0.060021  -0.669346 -0.026860 0.742465  0.821300 0.639500 3 21 0.050378 34 0.795314 35 0.154308
0  -36.081272 -2.224656 -0.132521  -0.764917 -0.007388 0.644086  0.838800 0.640500 2 35 0.281611 34 0.718389
v_heavyArms.tga.002
0  -41.510384 -1.177657 -0.937623  -0.391423 0.835574 -0.385491  0.771425 0.963292 1 33 1.000000
0  -41.123882 -1.064057 -0.720323  -0.250577 0.941767 0.224246  0.757700 0.942800 1 33 1.000000
0  -41.122986 -1.101357 -0.769423  0.115131 0.791987 -0.599585  0.755900 0.945200 1 33 1.000000
v_heavyArms.tga.002
0  -38.410873 0.384545 0.144278  -0.411526 0.896013 0.166754  0.653200 0.783200 3 28 0.726456 29 0.058866 25 0.214678
0  -38.228973 0.467844 0.563779  -0.919351 -0.038060 0.391594  0.648500 0.766600 2 25 0.367372 28 0.632628
0  -38.341473 0.476545 0.088178  -0.947541 -0.231055 0.220860  0.648100 0.785900 4 25 0.721129 28 0.240172 26 0.009059 29 0.029639
v_heavyArms.tga.002
0  -34.167072 1.648545 0.404679  0.220469 0.883029 0.414310  0.572600 0.547500 3 20 0.183854 21 0.809432 25 0.006714
0  -33.588772 0.969546 0.908979  0.116603 0.439105 0.890837  0.618200 0.516500 2 21 0.211006 20 0.788994
0  -33.584774 1.499144 0.342779  0.266784 0.857707 0.439506  0.576500 0.515200 2 20 0.706712 21 0.293288
v_heavyArms.tga.002
0  -40.208557 2.155649 -0.417432  -0.742993 -0.345029 0.573513  0.538900 0.909200 1 24 1.000000
0  -39.245998 2.447290 0.003196  -0.289916 0.685286 0.668080  0.529028 0.834839 2 23 0.133140 24 0.866860
0  -40.175659 2.476749 -0.457932  -0.633590 0.599058 0.489584  0.521900 0.902400 1 24 1.000000
v_heavyArms.tga.002
0  -32.615273 1.947676 -0.144224  -0.644917 0.763217 -0.039773  0.642600 0.089300 2 20 0.946043 21 0.053957
0  -31.873573 2.041690 0.544887  -0.286306 0.851279 0.439718  0.609900 0.138500 1 20 1.000000
0  -31.876274 2.279451 -0.152298  -0.301891 0.952487 -0.040383  0.651000 0.136800 1 20 1.000000
v_heavyArms.tga.002
0  -37.692371 2.402443 -0.014522  -0.078136 0.741096 0.666837  0.521300 0.738000 2 22 0.986993 23 0.013007
0  -37.350361 2.403650 0.005933  0.029882 0.977362 0.209453  0.522042 0.717838 2 22 0.793994 21 0.206006
0  -37.684074 2.423443 -0.036922  0.010897 0.983064 0.182940  0.519600 0.737600 2 22 0.976485 23 0.023515
v_heavyArms.tga.002
0  -41.291885 1.474127 -1.073797  -0.120328 0.888036 -0.443748  0.400319 0.951862 1 27 1.000000
0  -41.489563 1.411248 -1.019407  -0.843239 0.464027 -0.271342  0.396048 0.961997 1 27 1.000000
0  -41.311588 1.486420 -1.019138  -0.191047 0.940591 -0.280696  0.401577 0.954184 1 27 1.000000
v_heavyArms.tga.002
0  -33.576176 -1.162656 -0.477921  -0.423301 -0.722423 -0.546737  0.277541 0.022127 3 34 0.214564 21 0.130801 20 0.654635
0  -32.725075 -0.562956 -0.902121  -0.045234 -0.284837 -0.957508  0.218900 0.087000 3 20 0.945584 21 0.020671 34 0.033745
0  -32.723671 -1.162656 -0.628720  -0.124065 -0.701911 -0.701376  0.269300 0.085900 3 20 0.885530 21 0.041637 34 0.072833
v_heavyArms.tga.002
0  -37.569473 -4.331955 -0.353521  -0.830322 0.156413 0.534883  0.979700 0.668100 2 36 0.997473 35 0.002527
0  -37.183186 -3.436824 -0.650339  -0.863356 0.504274 0.017978  0.944668 0.682226 2 36 0.869993 35 0.130007
0  -37.602371 -4.315255 -0.555620  -0.989636 0.143446 -0.006634  0.985900 0.673000 1 36 1.000000
v_heavyArms.tga.002
0  -33.591797 -1.366511 0.180816  -0.808771 -0.552605 0.201289  0.331518 0.018799 3 34 0.305649 21 0.120738 20 0.573613
0  -33.606472 -1.025355 -0.420021  -0.995949 -0.068990 -0.057678  0.274200 0.009600 3 34 0.338174 21 0.196940 20 0.464886
0  -33.594429 -1.144322 -0.467677  -0.895231 -0.352622 -0.272433  0.277233 0.019391 3 34 0.301148 21 0.186205 20 0.512648
v_heavyArms.tga.002
0  -32.612972 1.747780 0.437596  -0.618581 0.692759 0.370733  0.603800 0.090300 2 20 0.949500 21 0.050500
0  -31.881073 1.368375 1.475558  -0.299635 0.489432 0.818948  0.548300 0.142900 1 20 1.000000
0  -31.873573 2.041690 0.544887  -0.286306 0.851279 0.439718  0.609900 0.138500 1 20 1.000000
v_heavyArms.tga.002
0  -41.482414 1.050748 -1.081780  -0.779522 -0.263781 -0.568125  0.387350 0.959273 1 27 1.000000
0  -41.353176 0.879463 -0.955882  -0.087517 -0.783273 -0.615486  0.376953 0.956764 1 27 1.000000
0  -41.516483 0.969970 -0.953789  -0.847161 -0.479587 -0.228722  0.382132 0.964047 1 27 1.000000
v_heavyArms.tga.002
0  -36.634232 -3.804315 -0.034182  -0.019106 -0.289659 0.956939  0.937852 0.640508 2 35 0.196041 36 0.803959
0  -36.325909 -3.874341 -0.176779  0.484498 -0.614280 0.622834  0.937679 0.627491 2 35 0.817228 36 0.182772
0  -36.640755 -3.623678 0.038175  -0.236977 -0.104155 0.965916  0.929415 0.643419 2 35 0.832742 36 0.167258
v_heavyArms.tga.002
0  -36.325909 -3.874341 -0.176779  0.484498 -0.614280 0.622834  0.937679 0.627491 2 35 0.817228 36 0.182772
0  -36.634232 -3.804315 -0.034182  -0.019106 -0.289659 0.956939  0.937852 0.640508 2 35 0.196041 36 0.803959
0  -36.416813 -3.961982 -0.191565  0.519139 -0.602037 0.606668  0.942975 0.630084 2 35 0.151151 36 0.848849
v_heavyArms.tga.002
0  -34.820274 -2.599154 -0.014721  0.450035 -0.582924 0.676511  0.830400 0.571800 2 34 0.905995 35 0.094005
0  -34.023972 -1.800755 -0.299721  0.799392 -0.593666 0.092369  0.800100 0.527500 3 20 0.052885 34 0.945486 21 0.001630
0  -34.247475 -1.889254 0.108879  0.629103 -0.594752 0.500498  0.792600 0.548800 3 20 0.028501 34 0.958624 21 0.012874
v_heavyArms.tga.002
0  -37.937172 2.406643 -0.059422  -0.080717 0.755448 0.650218  0.518700 0.752900 2 22 0.905398 23 0.094602
0  -37.684074 2.423443 -0.036922  0.010897 0.983064 0.182940  0.519600 0.737600 2 22 0.976485 23 0.023515
0  -37.929073 2.427244 -0.082022  0.015245 0.972703 0.231551  0.516900 0.752600 2 22 0.895776 23 0.104224
v_heavyArms.tga.002
0  -34.455574 1.002844 0.970879  0.067749 0.366920 0.927782  0.618500 0.562700 2 20 0.131596 21 0.868404
0  -36.647873 2.287445 0.482778  0.133367 0.790907 0.597227  0.547900 0.681400 1 21 1.000000
0  -36.739273 1.224745 0.918778  -0.067968 0.299413 0.951700  0.608400 0.683900 1 21 1.000000
v_heavyArms.tga.002
0  -36.643120 -3.609453 -1.280343  -0.092451 -0.039079 -0.994950  0.103075 0.655077 2 35 0.861719 36 0.138281
0  -36.332409 -3.998452 -0.955210  0.554393 -0.641406 -0.530327  0.079304 0.628203 2 35 0.160948 36 0.839052
0  -36.724724 -3.712371 -1.261699  -0.118677 -0.101562 -0.987725  0.094258 0.658915 2 35 0.136603 36 0.863397
v_heavyArms.tga.002
0  -40.091164 -0.385183 -0.837868  0.085821 -0.488810 -0.868159  0.306259 0.900495 2 29 0.731809 30 0.268191
0  -39.097130 -0.648355 -0.307989  -0.009349 -0.965461 -0.260381  0.297720 0.840617 3 29 0.794846 30 0.018305 28 0.186849
0  -40.126457 -0.593182 -0.526736  0.042898 -0.929453 -0.366438  0.292618 0.901848 2 29 0.781707 30 0.218293
v_heavyArms.tga.002
0  -37.569473 -4.331955 -0.353521  -0.830322 0.156413 0.534883  0.979700 0.668100 2 36 0.997473 35 0.002527
0  -36.634232 -3.804315 -0.034182  -0.019106 -0.289659 0.956939  0.937852 0.640508 2 35 0.196041 36 0.803959
0  -37.116753 -3.481108 -0.313206  -0.720411 0.384913 0.576931  0.938945 0.668899 2 35 0.159592 36 0.840408
v_heavyArms.tga.002
0  -36.634232 -3.804315 -0.034182  -0.019106 -0.289659 0.956939  0.937852 0.640508 2 35 0.196041 36 0.803959
0  -37.569473 -4.331955 -0.353521  -0.830322 0.156413 0.534883  0.979700 0.668100 2 36 0.997473 35 0.002527
0  -37.481274 -4.770157 -0.235421  -0.573848 -0.497272 0.650707  0.986100 0.658200 1 36 1.000000
v_heavyArms.tga.002
0  -37.481274 -4.770157 -0.235421  -0.573848 -0.497272 0.650707  0.986100 0.658200 1 36 1.000000
0  -36.416813 -3.961982 -0.191565  0.519139 -0.602037 0.606668  0.942975 0.630084 2 35 0.151151 36 0.848849
0  -36.634232 -3.804315 -0.034182  -0.019106 -0.289659 0.956939  0.937852 0.640508 2 35 0.196041 36 0.803959
v_heavyArms.tga.002
0  -36.416813 -3.961982 -0.191565  0.519139 -0.602037 0.606668  0.942975 0.630084 2 35 0.151151 36 0.848849
0  -37.481274 -4.770157 -0.235421  -0.573848 -0.497272 0.650707  0.986100 0.658200 1 36 1.000000
0  -37.215073 -4.825455 -0.225421  0.209244 -0.661887 0.719807  0.984500 0.650800 1 36 1.000000
v_heavyArms.tga.002
0  -36.941273 -4.672257 -0.577721  0.672867 -0.726398 0.139988  0.984900 0.639500 2 36 0.982475 35 0.017525
0  -36.416813 -3.961982 -0.191565  0.519139 -0.602037 0.606668  0.942975 0.630084 2 35 0.151151 36 0.848849
0  -37.215073 -4.825455 -0.225421  0.209244 -0.661887 0.719807  0.984500 0.650800 1 36 1.000000
v_heavyArms.tga.002
0  -36.416813 -3.961982 -0.191565  0.519139 -0.602037 0.606668  0.942975 0.630084 2 35 0.151151 36 0.848849
0  -36.941273 -4.672257 -0.577721  0.672867 -0.726398 0.139988  0.984900 0.639500 2 36 0.982475 35 0.017525
0  -36.275383 -3.987229 -0.620304  0.668484 -0.737755 0.094058  0.958963 0.617606 2 35 0.206787 36 0.793213
v_heavyArms.tga.002
0  -38.554665 1.644273 -0.162622  -0.215002 -0.975920 0.036807  0.431360 0.813671 3 23 0.809365 22 0.154046 24 0.036589
0  -39.141369 1.766489 -0.440113  -0.221426 -0.974314 -0.041016  0.446546 0.853896 3 24 0.250205 22 0.019963 23 0.729832
0  -38.500877 1.624117 -0.376608  -0.199620 -0.977304 -0.070915  0.439600 0.809679 3 23 0.758550 22 0.178739 24 0.062711
v_heavyArms.tga.002
0  -39.046398 1.366953 -0.706811  0.163979 0.528936 -0.832669  0.409754 0.846091 3 25 0.150252 27 0.029275 26 0.820473
0  -40.142212 0.813425 -0.927087  0.100102 -0.611281 -0.785057  0.378838 0.897424 2 26 0.755539 27 0.244461
0  -40.092304 1.367385 -0.957064  0.209943 0.449266 -0.868380  0.404660 0.899091 2 26 0.744109 27 0.255891
v_heavyArms.tga.002
0  -37.561172 -4.349957 -0.797421  -0.910123 0.119822 -0.396634  0.044600 0.701100 1 36 1.000000
0  -37.378773 -4.635457 -1.068721  -0.379182 -0.391758 -0.838300  0.038200 0.681100 1 36 1.000000
0  -37.527473 -4.825657 -0.684521  -0.751767 -0.620481 -0.223271  0.019500 0.689800 1 36 1.000000
v_heavyArms.tga.002
0  -40.589622 0.714306 -0.572501  -0.433588 -0.739297 0.515211  0.630684 0.928261 2 27 0.886884 26 0.113116
0  -40.288620 0.707204 -0.515102  0.069931 -0.870740 -0.486745  0.634887 0.909071 2 26 0.174264 27 0.825736
0  -40.293079 0.682309 -0.470924  -0.205583 -0.944483 0.256296  0.633265 0.908809 2 26 0.233829 27 0.766171
v_heavyArms.tga.002
0  -40.237835 0.376863 -0.346123  0.281088 0.324008 -0.903332  0.659251 0.893002 2 30 0.850336 29 0.149664
0  -41.487774 0.354744 -0.752123  -0.137873 0.920340 -0.366013  0.664450 0.965851 1 30 1.000000
0  -40.246147 0.400332 -0.340291  0.085208 0.927667 -0.363558  0.660061 0.892378 2 29 0.153029 30 0.846971
v_heavyArms.tga.002
0  -37.285473 -4.952057 -0.486721  0.118390 -0.983560 0.136359  0.004800 0.677500 1 36 1.000000
0  -37.527473 -4.825657 -0.684521  -0.751767 -0.620481 -0.223271  0.019500 0.689800 1 36 1.000000
0  -37.220074 -4.881455 -0.674521  0.236575 -0.940711 -0.243096  0.016500 0.672800 1 36 1.000000
v_heavyArms.tga.002
0  -37.527473 -4.825657 -0.684521  -0.751767 -0.620481 -0.223271  0.019500 0.689800 1 36 1.000000
0  -37.285473 -4.952057 -0.486721  0.118390 -0.983560 0.136359  0.004800 0.677500 1 36 1.000000
0  -37.507973 -4.802254 -0.495621  -0.819523 -0.544116 0.179777  0.013600 0.695900 1 36 1.000000
v_heavyArms.tga.002
0  -40.156090 1.555044 -0.472020  -0.219795 0.742437 0.632832  0.573445 0.891236 2 27 0.120186 26 0.879814
0  -39.108936 1.540556 -0.118006  0.018388 0.997097 0.073890  0.580495 0.825577 2 25 0.128815 26 0.871185
0  -40.149700 1.569916 -0.487214  -0.015816 0.996173 0.085961  0.571926 0.891068 2 26 0.865639 27 0.134361
v_heavyArms.tga.002
0  -35.240471 -2.012854 0.324379  -0.008713 -0.601549 0.798788  0.805500 0.601300 3 21 0.039602 35 0.038657 34 0.921741
0  -34.247475 -1.889254 0.108879  0.681453 -0.369015 0.632021  0.792600 0.548800 3 20 0.028501 34 0.958624 21 0.012874
0  -34.263275 -1.854254 0.144579  0.539387 -0.449183 0.712247  0.790400 0.549700 3 20 0.037376 21 0.025877 34 0.936747
v_heavyArms.tga.002
0  -36.941273 -4.672257 -0.577721  0.672867 -0.726398 0.139988  0.021200 0.649400 2 36 0.982475 35 0.017525
0  -37.220074 -4.881455 -0.674521  0.236575 -0.940711 -0.243096  0.016500 0.672800 1 36 1.000000
0  -37.034172 -4.779355 -0.858221  0.436964 -0.789123 -0.431680  0.029600 0.661300 1 36 1.000000
v_heavyArms.tga.002
0  -36.294971 -2.479256 -0.945921  -0.652830 0.508773 -0.561215  0.177800 0.660300 2 34 0.129255 35 0.870745
0  -36.643120 -3.609453 -1.280343  -0.092451 -0.039079 -0.994950  0.103075 0.655077 2 35 0.861719 36 0.138281
0  -37.043922 -3.314170 -0.929045  -0.686220 0.502878 -0.525562  0.113356 0.689697 2 35 0.849428 36 0.150572
v_heavyArms.tga.002
0  -36.146374 -2.203355 -0.483121  -0.969579 0.179884 0.166010  0.204100 0.679400 2 34 0.699636 35 0.300364
0  -36.184074 -2.094655 -0.778721  -0.932222 0.136348 -0.335218  0.204700 0.661800 3 21 0.038433 35 0.168303 34 0.793264
0  -36.179073 -2.228955 -0.894921  -0.676529 0.493137 -0.546923  0.194800 0.657800 2 35 0.289995 34 0.710005
v_heavyArms.tga.002
0  -36.184074 -2.094655 -0.778721  -0.932222 0.136348 -0.335218  0.204700 0.661800 3 21 0.038433 35 0.168303 34 0.793264
0  -36.146374 -2.203355 -0.483121  -0.969579 0.179884 0.166010  0.204100 0.679400 2 34 0.699636 35 0.300364
0  -36.141373 -2.033955 -0.433321  -0.981666 0.028561 0.188457  0.212200 0.679000 3 21 0.046946 35 0.210694 34 0.742359
v_heavyArms.tga.002
0  -37.977272 -0.674455 -0.720713  -0.323146 -0.014411 -0.946240  0.312300 0.770500 4 32 0.020701 31 0.258251 28 0.690138 29 0.030910
0  -38.120110 -1.630611 -0.819216  -0.007369 -0.375458 -0.926810  0.230700 0.777400 3 31 0.813121 32 0.087401 28 0.099479
0  -38.223911 -0.918310 -0.740885  -0.207905 0.496696 -0.842656  0.260500 0.782300 3 32 0.115091 31 0.634516 28 0.250393
v_heavyArms.tga.002
0  -38.369473 -0.783056 -0.210534  -0.424521 0.901369 -0.085537  0.276500 0.791200 4 31 0.581919 32 0.092884 28 0.311850 29 0.013347
0  -37.977272 -0.674455 -0.720713  -0.323146 -0.014411 -0.946240  0.312300 0.770500 4 32 0.020701 31 0.258251 28 0.690138 29 0.030910
0  -38.223911 -0.918310 -0.740885  -0.207905 0.496696 -0.842656  0.260500 0.782300 3 32 0.115091 31 0.634516 28 0.250393
v_heavyArms.tga.002
0  -37.977272 -0.674455 -0.720713  -0.323146 -0.014411 -0.946240  0.312300 0.770500 4 32 0.020701 31 0.258251 28 0.690138 29 0.030910
0  -38.369473 -0.783056 -0.210534  -0.424521 0.901369 -0.085537  0.276500 0.791200 4 31 0.581919 32 0.092884 28 0.311850 29 0.013347
0  -38.298073 -0.721056 -0.276691  -0.832627 -0.281825 -0.476766  0.291700 0.784100 4 28 0.511006 31 0.376267 32 0.056960 29 0.055767
v_heavyArms.tga.002
0  -38.454235 0.283647 -0.799034  -0.234794 0.446668 -0.863342  0.343400 0.800500 2 28 0.866411 29 0.133589
0  -37.977272 -0.674455 -0.720713  -0.323146 -0.014411 -0.946240  0.312300 0.770500 4 32 0.020701 31 0.258251 28 0.690138 29 0.030910
0  -38.202335 -0.427352 -0.795994  0.089674 -0.311422 -0.946031  0.320500 0.783600 2 28 0.881587 29 0.118413
v_heavyArms.tga.002
0  -37.977272 -0.674455 -0.720713  -0.323146 -0.014411 -0.946240  0.312300 0.770500 4 32 0.020701 31 0.258251 28 0.690138 29 0.030910
0  -38.454235 0.283647 -0.799034  -0.234794 0.446668 -0.863342  0.343400 0.800500 2 28 0.866411 29 0.133589
0  -38.237175 0.464844 -0.826509  -0.300005 0.032737 -0.953376  0.362800 0.781500 3 28 0.946698 26 0.014119 29 0.039183
v_heavyArms.tga.002
0  -37.822571 1.431444 -0.768903  -0.346993 0.108951 -0.931518  0.421900 0.769700 3 25 0.733595 22 0.196194 23 0.070211
0  -38.070972 1.541344 -0.375574  -0.588969 -0.761731 -0.269966  0.438500 0.783900 3 22 0.390737 23 0.169915 25 0.439348
0  -37.981949 1.604481 -0.638926  -0.576671 -0.425540 -0.697400  0.445100 0.778900 3 22 0.498256 23 0.176871 25 0.324873
v_heavyArms.tga.002
0  -38.070972 1.541344 -0.375574  -0.588969 -0.761731 -0.269966  0.438500 0.783900 3 22 0.390737 23 0.169915 25 0.439348
0  -37.822571 1.431444 -0.768903  -0.346993 0.108951 -0.931518  0.421900 0.769700 3 25 0.733595 22 0.196194 23 0.070211
0  -38.019371 1.465245 -0.403762  -0.909990 0.081109 -0.406619  0.423200 0.776200 4 22 0.274795 25 0.597896 26 0.014271 23 0.113038
v_heavyArms.tga.002
0  -40.176399 -1.835718 -0.004852  -0.193223 -0.717045 0.669710  0.794142 0.861871 2 33 0.069007 32 0.930993
0  -38.992355 -1.928394 -0.325037  -0.028059 -0.991780 0.124838  0.815116 0.809021 3 33 0.020235 32 0.770734 31 0.209032
0  -39.059429 -1.851139 0.289899  -0.180403 -0.736185 0.652293  0.788323 0.807093 2 31 0.186181 32 0.813819
v_heavyArms.tga.002
0  -37.981949 1.604481 -0.638926  -0.576671 -0.425540 -0.697400  0.445100 0.778900 3 22 0.498256 23 0.176871 25 0.324873
0  -37.941750 2.266984 -0.745373  0.023682 0.525100 -0.850711  0.475100 0.773200 2 22 0.831169 23 0.168831
0  -37.822571 1.431444 -0.768903  -0.346993 0.108951 -0.931518  0.421900 0.769700 3 25 0.733595 22 0.196194 23 0.070211
v_heavyArms.tga.002
0  -40.224827 1.513550 -0.755401  0.072263 0.935399 -0.346131  0.412743 0.904547 2 26 0.122773 27 0.877227
0  -41.257645 1.363522 -1.223526  -0.114972 0.383497 -0.916358  0.395020 0.953487 1 27 1.000000
0  -41.291885 1.474127 -1.073797  -0.120328 0.888036 -0.443748  0.400148 0.955469 1 27 1.000000
v_heavyArms.tga.002
0  -36.640755 -3.623678 0.038175  -0.236977 -0.104155 0.965916  0.929415 0.643419 2 35 0.832742 36 0.167258
0  -37.116753 -3.481108 -0.313206  -0.720411 0.384913 0.576931  0.938945 0.668899 2 35 0.159592 36 0.840408
0  -36.634232 -3.804315 -0.034182  -0.019106 -0.289659 0.956939  0.937852 0.640508 2 35 0.196041 36 0.803959
v_heavyArms.tga.002
0  -39.245998 2.447290 0.003196  -0.289916 0.685286 0.668080  0.529028 0.834839 2 23 0.133140 24 0.866860
0  -40.082874 2.536045 -0.703023  -0.197467 0.964608 0.174750  0.512300 0.902600 1 24 1.000000
0  -40.175659 2.476749 -0.457932  -0.633590 0.599058 0.489584  0.521900 0.902400 1 24 1.000000
v_heavyArms.tga.002
0  -38.437973 0.513745 0.045775  -0.292590 -0.938612 -0.182751  0.645300 0.792800 2 25 0.934917 26 0.065083
0  -39.039043 0.580802 -0.100252  0.105826 -0.699064 -0.707185  0.644864 0.827450 2 26 0.278030 25 0.721970
0  -38.417572 0.535445 0.030866  -0.130073 -0.477139 -0.869149  0.646200 0.792600 2 25 0.916967 26 0.083033
v_heavyArms.tga.002
0  -37.043922 -3.314170 -0.929045  -0.686220 0.502878 -0.525562  0.113356 0.689697 2 35 0.849428 36 0.150572
0  -37.183186 -3.436824 -0.650339  -0.863356 0.504274 0.017978  0.105653 0.709580 2 36 0.869993 35 0.130007
0  -37.085377 -3.300066 -0.646216  -0.775846 0.628857 0.051001  0.117451 0.707272 2 35 0.846187 36 0.153813
v_heavyArms.tga.002
0  -39.112907 -0.568840 0.555222  -0.250919 -0.634582 0.730990  0.705634 0.806352 2 29 0.755020 28 0.244980
0  -40.205654 0.236092 0.183051  -0.283030 0.583609 0.761114  0.677352 0.884543 2 30 0.086443 29 0.913557
0  -40.169380 -0.539612 0.196292  -0.270015 -0.632277 0.726166  0.708713 0.881756 3 30 0.096773 28 0.013643 29 0.889584
v_heavyArms.tga.002
0  -40.340694 1.480447 -0.019953  -0.348290 0.675662 0.649750  0.590038 0.894823 2 26 0.173651 27 0.826349
0  -41.508041 0.977162 -0.628995  -0.766955 -0.456854 0.450626  0.605688 0.962258 1 27 1.000000
0  -40.375992 0.846773 0.017802  -0.451987 -0.547795 0.704009  0.618589 0.899541 2 27 0.835187 26 0.164813
v_heavyArms.tga.002
0  -38.018948 2.389486 0.368345  -0.126740 0.753006 0.645693  0.538900 0.754100 2 22 0.988594 23 0.011406
0  -37.692371 2.402443 -0.014522  0.031038 0.998459 0.045994  0.521300 0.738000 2 22 0.986993 23 0.013007
0  -37.937172 2.406643 -0.059422  0.058013 0.996744 0.055999  0.518700 0.752900 2 22 0.905398 23 0.094602
v_heavyArms.tga.002
0  -37.217022 -1.920953 -0.684227  -0.123541 -0.836840 -0.533326  0.221046 0.733224 4 31 0.586730 28 0.035637 34 0.081113 21 0.296520
0  -36.164173 -1.565154 -0.940121  -0.200604 -0.175415 -0.963840  0.247700 0.666600 3 21 0.646300 34 0.330715 35 0.022985
0  -36.224274 -2.043957 -0.771721  -0.171808 -0.724818 -0.667174  0.222800 0.680600 3 21 0.084925 35 0.147681 34 0.767394
v_heavyArms.tga.002
0  -36.477573 2.336846 -0.137922  0.171798 0.966982 -0.188233  0.492300 0.682200 1 21 1.000000
0  -37.148697 2.380943 -0.002570  0.059561 0.998024 0.020028  0.507250 0.718699 2 22 0.699261 21 0.300739
0  -36.552574 2.351044 0.067078  0.156938 0.987453 -0.017505  0.504700 0.683300 1 21 1.000000
v_heavyArms.tga.002
0  -40.224827 1.513550 -0.755401  0.072263 0.935399 -0.346131  0.412639 0.904480 2 26 0.122773 27 0.877227
0  -41.311588 1.486420 -1.019138  -0.191047 0.940591 -0.280696  0.399825 0.955756 1 27 1.000000
0  -40.235828 1.542402 -0.564599  0.021924 0.988861 -0.147217  0.421253 0.903879 2 27 0.857498 26 0.142502
v_heavyArms.tga.002
0  -37.116753 -3.481108 -0.313206  -0.720411 0.384913 0.576931  0.938945 0.668899 2 35 0.159592 36 0.840408
0  -37.085377 -3.300066 -0.646216  -0.775846 0.628857 0.051001  0.935981 0.681551 2 35 0.846187 36 0.153813
0  -37.183186 -3.436824 -0.650339  -0.863356 0.504274 0.017978  0.944668 0.682226 2 36 0.869993 35 0.130007
v_heavyArms.tga.002
0  -32.619274 1.201782 1.219461  -0.672512 0.389570 0.629256  0.545800 0.098800 2 20 0.976440 21 0.023560
0  -31.894772 0.072894 1.587962  -0.248884 -0.028887 0.968102  0.478200 0.142000 1 20 1.000000
0  -31.881073 1.368375 1.475558  -0.299635 0.489432 0.818948  0.548300 0.142900 1 20 1.000000
v_heavyArms.tga.002
0  -40.142212 0.813425 -0.927087  0.100102 -0.611281 -0.785057  0.378838 0.897424 2 26 0.755539 27 0.244461
0  -39.145744 0.602883 -0.432531  -0.076961 -0.975412 -0.206517  0.373425 0.842118 3 25 0.149142 26 0.846514 27 0.004344
0  -40.184174 0.737122 -0.693126  -0.060721 -0.966182 -0.250610  0.371405 0.897691 2 26 0.806815 27 0.193185
v_heavyArms.tga.002
0  -32.628372 -1.205236 1.136791  -0.673864 -0.465236 0.573988  0.397300 0.106300 3 20 0.996752 21 0.001691 34 0.001557
0  -31.885273 -2.053972 0.014120  -0.332754 -0.943013 -0.000773  0.322500 0.148700 1 20 1.000000
0  -31.891872 -1.310088 1.371126  -0.281303 -0.544780 0.789989  0.402900 0.148000 1 20 1.000000
v_heavyArms.tga.002
0  -38.089973 -1.894856 -0.308122  -0.022851 -0.995458 0.092423  0.819100 0.753600 2 31 0.942094 32 0.057906
0  -37.568375 -1.857957 0.606879  -0.094408 -0.769682 0.631408  0.777800 0.723800 2 31 0.999050 21 0.000950
0  -38.138298 -1.817440 0.541511  -0.141438 -0.745298 0.651557  0.782600 0.751500 1 31 1.000000
v_heavyArms.tga.002
0  -40.080826 -1.108918 -0.962811  0.082380 0.681875 -0.726815  0.252008 0.871420 3 32 0.683476 31 0.009506 33 0.307018
0  -39.124229 -0.927926 -0.419045  -0.073386 0.979045 -0.189962  0.267851 0.834466 3 33 0.036144 32 0.812040 31 0.151816
0  -39.057644 -1.018866 -0.771846  0.050444 0.671023 -0.739719  0.257275 0.830763 3 33 0.061455 32 0.758577 31 0.179968
v_heavyArms.tga.002
0  -37.975220 1.288278 -0.695523  -0.519225 0.605099 -0.603540  0.407700 0.788300 3 25 0.898188 23 0.017662 26 0.084150
0  -38.982220 0.711496 -0.725735  -0.069882 -0.534737 -0.842124  0.383007 0.834164 2 25 0.610503 26 0.389497
0  -38.937222 1.362649 -0.694265  0.070042 0.548196 -0.833412  0.409890 0.840368 2 26 0.355180 25 0.644820
v_heavyArms.tga.002
0  -41.510384 -1.177657 -0.937623  -0.325067 0.936001 -0.135029  0.251100 0.943800 1 33 1.000000
0  -41.121834 -1.164714 -0.998962  -0.048532 0.974839 -0.217564  0.253164 0.924004 1 33 1.000000
0  -41.510483 -1.192857 -1.067923  -0.387222 0.880509 -0.273428  0.247200 0.940900 1 33 1.000000
v_heavyArms.tga.002
0  -38.269772 -0.721555 0.109278  -0.161355 0.535547 -0.828947  0.721700 0.773800 4 28 0.457264 31 0.482286 32 0.032992 29 0.027458
0  -38.369873 -0.786855 0.065278  -0.264275 0.927883 -0.263044  0.724900 0.775300 3 31 0.692432 32 0.079336 28 0.228232
0  -38.318172 -0.727855 0.116278  -0.865306 0.453584 -0.213325  0.722200 0.771600 4 28 0.506920 31 0.437380 32 0.031508 29 0.024192
v_heavyArms.tga.002
0  -31.894772 0.681112 -1.475026  -0.256868 0.125566 -0.958255  0.143000 0.147100 1 20 1.000000
0  -30.591572 2.084538 -1.220409  -0.116165 0.673609 -0.729902  0.075300 0.214800 1 20 1.000000
0  -30.625973 0.738531 -1.678611  -0.100038 0.118360 -0.987919  0.143000 0.211500 1 20 1.000000
v_heavyArms.tga.002
0  -38.972549 -0.425081 -0.748190  -0.044632 -0.527158 -0.848594  0.313875 0.835091 2 28 0.618312 29 0.381688
0  -38.400173 -0.686256 -0.254371  -0.185160 -0.965057 -0.185422  0.301500 0.796200 3 28 0.862357 29 0.130621 32 0.007022
0  -38.993835 -0.653935 -0.294350  -0.021954 -0.971098 -0.237670  0.298258 0.834234 2 29 0.349073 28 0.650927
v_heavyArms.tga.002
0  -34.017273 -1.721455 -0.739121  0.301268 -0.746134 -0.593735  0.244100 0.530300 2 20 0.035870 34 0.964130
0  -33.990574 -1.780555 -0.286421  0.811069 -0.569351 0.134189  0.235800 0.506000 3 20 0.078532 34 0.901391 21 0.020077
0  -34.023972 -1.800755 -0.299721  0.526089 -0.849893 -0.030188  0.233900 0.507400 3 20 0.052885 34 0.945486 21 0.001630
v_heavyArms.tga.002
0  -34.478672 -0.754856 0.863479  0.098593 -0.381400 0.919138  0.714600 0.561400 3 20 0.085001 21 0.766242 34 0.148758
0  -36.769772 0.316844 1.170679  -0.090008 0.070713 0.993428  0.658800 0.683900 1 21 1.000000
0  -36.639973 -0.742256 1.074878  -0.012443 -0.235567 0.971778  0.713400 0.676300 2 21 0.909620 34 0.090380
v_heavyArms.tga.002
0  -41.127186 -1.874156 -0.882623  0.150250 -0.657950 -0.737920  0.822400 0.933100 1 33 1.000000
0  -41.485683 -1.840756 -0.959422  -0.466958 -0.879187 -0.094763  0.813600 0.952400 1 33 1.000000
0  -41.469482 -1.784556 -1.000123  -0.175606 -0.543727 -0.820685  0.816400 0.954800 1 33 1.000000
v_heavyArms.tga.002
0  -41.372124 0.882477 -0.935957  -0.364532 -0.921835 0.131670  0.613604 0.968193 1 27 1.000000
0  -40.375992 0.846773 0.017802  -0.451987 -0.547795 0.704009  0.618646 0.899635 2 27 0.835187 26 0.164813
0  -41.508041 0.977162 -0.628995  -0.766955 -0.456854 0.450626  0.607187 0.964736 1 27 1.000000
v_heavyArms.tga.002
0  -41.470081 -1.762557 -1.152522  -0.414627 -0.863018 -0.288592  0.222300 0.937000 1 33 1.000000
0  -41.127186 -1.874156 -0.882623  -0.056015 -0.981093 -0.185254  0.208500 0.921900 1 33 1.000000
0  -41.469482 -1.784556 -1.000123  -0.385501 -0.905865 -0.175491  0.216600 0.940200 1 33 1.000000
v_heavyArms.tga.002
0  -41.377644 0.229174 -1.113798  0.014948 0.553029 -0.833028  0.332000 0.968100 1 30 1.000000
0  -41.708172 -0.273355 -1.097822  -0.347548 -0.106016 -0.931650  0.309000 0.979000 1 30 1.000000
0  -41.733273 0.125744 -1.111623  -0.469701 0.301227 -0.829845  0.324000 0.981500 1 30 1.000000
v_heavyArms.tga.002
0  -40.184174 0.737122 -0.693126  -0.060721 -0.966182 -0.250610  0.371405 0.897691 2 26 0.806815 27 0.193185
0  -39.147030 0.590120 -0.129620  -0.089799 -0.994651 -0.051042  0.361486 0.841553 2 25 0.153819 26 0.846181
0  -40.194473 0.694894 -0.479890  -0.039571 -0.979115 -0.199418  0.361490 0.897036 2 27 0.122836 26 0.877164
v_heavyArms.tga.002
0  -33.606472 -1.025355 -0.420021  -0.995949 -0.068990 -0.057678  0.274200 0.009600 3 34 0.338174 21 0.196940 20 0.464886
0  -33.591797 -1.366511 0.180816  -0.808771 -0.552605 0.201289  0.332326 0.018374 3 34 0.305649 21 0.120738 20 0.573613
0  -33.603672 -1.099854 -0.141121  -0.998855 -0.047762 -0.002734  0.299600 0.006200 3 20 0.447394 21 0.132738 34 0.419868
v_heavyArms.tga.002
0  -36.285072 2.091545 -0.585022  0.093407 0.613433 -0.784204  0.462100 0.675700 2 21 0.995446 20 0.004554
0  -37.171005 1.332718 -0.776005  0.053283 0.075473 -0.995723  0.415540 0.730572 3 21 0.572486 22 0.098429 25 0.329085
0  -37.190544 2.183916 -0.669502  0.136968 0.596778 -0.790630  0.468945 0.727035 2 22 0.434230 21 0.565770
v_heavyArms.tga.002
0  -31.890774 -0.653944 -1.347795  -0.195170 -0.250144 -0.948334  0.215500 0.146100 1 20 1.000000
0  -30.625973 0.738531 -1.678611  -0.100038 0.118360 -0.987919  0.143000 0.211500 1 20 1.000000
0  -30.618874 -0.775357 -1.534026  -0.100561 -0.253653 -0.962054  0.215500 0.211000 1 20 1.000000
v_heavyArms.tga.002
0  -33.956871 0.437544 -0.758824  -0.076123 0.137170 -0.987618  0.372200 0.537400 3 20 0.092329 21 0.811648 34 0.096023
0  -36.245472 -0.480156 -0.949328  -0.063827 0.081178 -0.994654  0.304500 0.670000 3 21 0.817021 31 0.020007 34 0.162973
0  -36.310772 0.290244 -0.868945  -0.025879 0.098134 -0.994837  0.353800 0.676300 3 21 0.991044 22 0.000761 34 0.008196
v_heavyArms.tga.002
0  -32.612972 1.747780 0.437596  -0.618581 0.692759 0.370733  0.603800 0.090300 2 20 0.949500 21 0.050500
0  -32.715672 1.784745 -0.190421  -0.773937 0.567044 -0.281927  0.642700 0.077500 2 20 0.916855 21 0.083145
0  -32.713875 1.630446 0.368979  -0.802910 0.518104 0.294794  0.603400 0.078400 2 20 0.918387 21 0.081613
v_heavyArms.tga.002
0  -33.585571 1.215145 -0.590421  -0.999954 0.009583 -0.000849  0.091900 0.024400 2 20 0.724501 21 0.275499
0  -33.585484 1.719707 -0.201083  -0.906941 0.401801 -0.126545  0.048809 0.031554 2 21 0.260771 20 0.739229
0  -33.584789 1.289755 -0.667545  -0.898352 0.242747 -0.366111  0.090513 0.031246 2 21 0.237811 20 0.762189
v_heavyArms.tga.002
0  -40.206505 0.258743 -0.866625  0.148047 0.575038 -0.804620  0.334613 0.908399 2 30 0.907727 29 0.092273
0  -41.483273 0.332944 -0.858223  -0.188982 0.962229 -0.195965  0.338700 0.975900 1 30 1.000000
0  -40.237255 0.381079 -0.516077  0.002529 0.988504 -0.151173  0.346456 0.908977 2 29 0.116148 30 0.883852
v_heavyArms.tga.002
0  -36.212372 -2.535558 -0.283221  -0.711085 0.390235 0.584871  0.864800 0.646600 2 34 0.122412 35 0.877588
0  -36.146374 -2.203355 -0.483121  -0.969579 0.179884 0.166010  0.852000 0.656700 2 34 0.699636 35 0.300364
0  -36.315872 -2.477456 -0.650921  -0.812342 0.572149 0.112898  0.870700 0.665700 2 34 0.132857 35 0.867143
v_heavyArms.tga.002
0  -37.481274 -4.770157 -0.235421  -0.573848 -0.497272 0.650707  0.986100 0.658200 1 36 1.000000
0  -37.602371 -4.315255 -0.555620  -0.989636 0.143446 -0.006634  0.985900 0.673000 1 36 1.000000
0  -37.507973 -4.802254 -0.495621  -0.819523 -0.544116 0.179777  0.998600 0.655400 1 36 1.000000
v_heavyArms.tga.002
0  -32.630875 0.104638 1.448681  -0.636859 0.008972 0.770928  0.477400 0.100200 1 20 1.000000
0  -31.891872 -1.310088 1.371126  -0.281303 -0.544780 0.789989  0.402900 0.148000 1 20 1.000000
0  -31.894772 0.072894 1.587962  -0.248884 -0.028887 0.968102  0.478200 0.142000 1 20 1.000000
v_heavyArms.tga.002
0  -38.375214 0.633987 0.794773  -0.324267 -0.402822 0.855912  0.634700 0.773400 1 25 1.000000
0  -38.341473 0.476545 0.088178  -0.947541 -0.231055 0.220860  0.648100 0.785900 4 25 0.721129 28 0.240172 26 0.009059 29 0.029639
0  -38.228973 0.467844 0.563779  -0.919351 -0.038060 0.391594  0.648500 0.766600 2 25 0.367372 28 0.632628
v_heavyArms.tga.002
0  -40.235874 2.146744 -0.818623  -0.781779 -0.400429 -0.477994  0.475800 0.913400 1 24 1.000000
0  -40.120575 2.053044 -0.689623  -0.470886 -0.858577 -0.202759  0.468700 0.912800 1 24 1.000000
0  -40.263771 2.133946 -0.712423  -0.917955 -0.393112 -0.053114  0.475400 0.918100 1 24 1.000000
v_heavyArms.tga.002
0  -40.303890 0.233329 0.146880  -0.306086 0.580010 0.754917  0.677610 0.890634 2 29 0.171837 30 0.828163
0  -41.521935 -0.502712 -0.341044  -0.505167 -0.574804 0.643744  0.715321 0.956443 1 30 1.000000
0  -40.267834 -0.536907 0.159918  -0.294821 -0.630986 0.717591  0.709100 0.887962 2 29 0.196558 30 0.803442
v_heavyArms.tga.002
0  -37.924973 0.446144 0.878578  -0.268922 0.112333 0.956589  0.652100 0.749200 2 25 0.517027 28 0.482973
0  -37.372871 -0.750677 0.984941  -0.192588 -0.168450 0.966713  0.716558 0.719327 3 31 0.362148 21 0.171540 28 0.466312
0  -37.387562 0.400842 1.015959  -0.234922 0.122401 0.964277  0.654447 0.726321 3 28 0.384513 21 0.175007 25 0.440479
v_heavyArms.tga.002
0  -34.460575 0.122844 1.081078  0.024958 -0.063593 0.997664  0.666000 0.562000 3 20 0.103733 21 0.874701 34 0.021566
0  -33.594475 -0.858655 0.755179  0.124848 -0.547276 0.827588  0.718700 0.513800 3 20 0.720299 21 0.163843 34 0.115859
0  -33.596073 0.110944 1.062779  0.033494 -0.080131 0.996221  0.665000 0.515900 3 20 0.823042 21 0.172999 34 0.003959
v_heavyArms.tga.002
0  -40.187973 2.482144 -0.869123  -0.659851 0.529019 -0.533607  0.488100 0.910200 1 24 1.000000
0  -40.263771 2.133946 -0.712423  -0.917955 -0.393112 -0.053114  0.475400 0.918100 1 24 1.000000
0  -40.229774 2.490544 -0.746123  -0.824720 0.560788 -0.073170  0.490400 0.915400 1 24 1.000000
v_heavyArms.tga.002
0  -32.622871 -1.670617 0.111685  -0.667955 -0.744124 0.010751  0.327600 0.099600 3 20 0.963104 21 0.000783 34 0.036113
0  -31.888672 -1.578090 -0.941454  -0.296734 -0.668627 -0.681826  0.267900 0.147700 1 20 1.000000
0  -31.885273 -2.053972 0.014120  -0.332754 -0.943013 -0.000773  0.322500 0.148700 1 20 1.000000
v_heavyArms.tga.002
0  -39.208397 1.811859 -0.698902  -0.051132 -0.729211 -0.682376  0.455587 0.856870 2 24 0.877751 23 0.122249
0  -40.108173 2.061844 -0.760823  -0.243934 -0.949148 -0.199034  0.470600 0.910000 1 24 1.000000
0  -40.052990 2.094694 -0.935711  -0.248239 -0.580243 -0.775690  0.473400 0.906500 1 24 1.000000
v_heavyArms.tga.002
0  -35.523071 -2.364455 0.115179  -0.206777 -0.198492 0.958042  0.829800 0.609500 2 34 0.839049 35 0.160951
0  -36.212372 -2.535558 -0.283221  -0.711085 0.390235 0.584871  0.864800 0.646600 2 34 0.122412 35 0.877588
0  -36.010773 -2.977256 0.041179  -0.141600 0.054030 0.988448  0.881000 0.624800 2 34 0.095407 35 0.904593
v_heavyArms.tga.002
0  -33.585281 1.702816 -0.121679  -0.943840 0.324081 0.064317  0.634834 0.014946 2 21 0.272126 20 0.727874
0  -33.584774 1.499144 0.342779  -0.999943 0.010207 0.003077  0.596900 0.009600 2 20 0.706712 21 0.293288
0  -33.583923 1.610588 0.365017  -0.913039 0.352566 0.205077  0.600550 0.016560 2 21 0.265783 20 0.734217
v_heavyArms.tga.002
0  -40.041164 -1.842630 -0.833869  0.074393 -0.917770 -0.390081  0.218402 0.868221 3 33 0.282759 32 0.698916 31 0.018324
0  -38.971920 -1.681963 -0.859431  0.143060 -0.385514 -0.911544  0.227619 0.825750 3 33 0.064840 32 0.726625 31 0.208535
0  -38.970158 -1.847220 -0.634124  0.066631 -0.913670 -0.400958  0.218015 0.826308 3 31 0.216393 32 0.729012 33 0.054594
v_heavyArms.tga.002
0  -32.718773 1.046746 0.968879  -0.942650 0.189274 0.274931  0.545000 0.079700 2 20 0.939762 21 0.060238
0  -32.612972 1.747780 0.437596  -0.618581 0.692759 0.370733  0.603800 0.090300 2 20 0.949500 21 0.050500
0  -32.713875 1.630446 0.368979  -0.802910 0.518104 0.294794  0.603400 0.078400 2 20 0.918387 21 0.081613
v_heavyArms.tga.002
0  -39.024227 -0.884090 -0.114904  -0.120673 0.990176 -0.070643  0.280514 0.833588 3 32 0.317029 31 0.628641 28 0.054330
0  -38.369473 -0.783056 -0.210534  -0.424521 0.901369 -0.085537  0.276500 0.791200 4 31 0.581919 32 0.092884 28 0.311850 29 0.013347
0  -39.026379 -0.912796 -0.394244  -0.126314 0.973964 -0.188253  0.268757 0.829689 3 28 0.068948 32 0.374569 31 0.556482
v_heavyArms.tga.002
0  -41.477772 0.331945 -0.690522  -0.336683 0.908208 0.248602  0.666274 0.963418 1 30 1.000000
0  -40.303890 0.233329 0.146880  -0.306086 0.580010 0.754917  0.677610 0.890634 2 29 0.171837 30 0.828163
0  -40.237942 0.375167 -0.283964  -0.125715 0.947867 0.292821  0.662400 0.892682 2 29 0.164296 30 0.835704
v_heavyArms.tga.002
0  -38.982220 0.711496 -0.725735  -0.069882 -0.534737 -0.842124  0.383007 0.834164 2 25 0.610503 26 0.389497
0  -38.441574 0.515344 -0.452268  -0.404981 -0.903558 -0.139904  0.375400 0.802300 3 25 0.836329 26 0.145198 29 0.018474
0  -39.037750 0.589216 -0.418632  -0.109661 -0.974692 -0.194808  0.373686 0.836159 2 25 0.623162 26 0.376838
v_heavyArms.tga.002
0  -37.220074 -4.881455 -0.674521  0.236575 -0.940711 -0.243096  0.016780 0.672793 1 36 1.000000
0  -37.215073 -4.825455 -0.225421  0.209244 -0.661887 0.719807  0.004863 0.677479 1 36 1.000000
0  -37.285473 -4.952057 -0.486721  0.118390 -0.983560 0.136359  0.016104 0.672595 1 36 1.000000
v_heavyArms.tga.002
0  -36.643120 -3.609453 -1.280343  -0.092451 -0.039079 -0.994950  0.103075 0.655077 2 35 0.861719 36 0.138281
0  -35.370872 -3.179755 -0.973621  0.513274 -0.692042 -0.507570  0.145600 0.584200 2 34 0.099885 35 0.900115
0  -36.225487 -3.911655 -0.964216  0.532224 -0.666207 -0.522404  0.086942 0.622751 2 35 0.861685 36 0.138315
v_heavyArms.tga.002
0  -40.141872 1.543657 -0.528121  0.055225 0.989284 -0.135161  0.422465 0.899072 2 26 0.853350 27 0.146650
0  -39.047653 1.489942 -0.472606  0.085781 0.957560 -0.275172  0.416927 0.844938 3 25 0.142665 26 0.854979 27 0.002356
0  -40.129864 1.514224 -0.729956  0.096511 0.936148 -0.338101  0.413454 0.899871 2 27 0.219049 26 0.780951
v_heavyArms.tga.002
0  -36.010773 -2.977256 0.041179  -0.141600 0.054030 0.988448  0.881000 0.624800 2 34 0.095407 35 0.904593
0  -37.007847 -3.343081 -0.291269  -0.644524 0.512484 0.567405  0.930648 0.666488 2 35 0.846738 36 0.153262
0  -36.640755 -3.623678 0.038175  -0.236977 -0.104155 0.965916  0.929415 0.643419 2 35 0.832742 36 0.167258
v_heavyArms.tga.002
0  -34.820274 -2.599154 -0.014721  0.450035 -0.582924 0.676511  0.830400 0.571800 2 34 0.905995 35 0.094005
0  -36.010773 -2.977256 0.041179  -0.141600 0.054030 0.988448  0.881000 0.624800 2 34 0.095407 35 0.904593
0  -35.448471 -3.197055 -0.156221  0.488671 -0.635791 0.597470  0.884500 0.595400 2 34 0.097680 35 0.902320
v_heavyArms.tga.002
0  -37.720474 2.433945 -0.231822  0.089229 0.990333 -0.106202  0.500300 0.757300 2 22 0.928236 23 0.071764
0  -37.941750 2.266984 -0.745373  0.023682 0.525100 -0.850711  0.475100 0.773200 2 22 0.831169 23 0.168831
0  -37.962074 2.455544 -0.259022  0.082514 0.994406 -0.065943  0.499800 0.772200 2 22 0.834517 23 0.165483
v_heavyArms.tga.002
0  -39.106098 1.785514 -0.681139  -0.080970 -0.721995 -0.687145  0.453995 0.850391 3 24 0.307718 22 0.032423 23 0.659859
0  -38.500877 1.624117 -0.376608  -0.199620 -0.977304 -0.070915  0.439600 0.809679 3 23 0.758550 22 0.178739 24 0.062711
0  -39.141369 1.766489 -0.440113  -0.221426 -0.974314 -0.041016  0.446546 0.853896 3 24 0.250205 22 0.019963 23 0.729832
v_heavyArms.tga.002
0  -35.592373 2.059845 -0.483222  0.252984 0.836982 -0.485242  0.451400 0.638800 2 20 0.087392 21 0.912608
0  -36.477573 2.336846 -0.137922  0.171798 0.966982 -0.188233  0.492300 0.682200 1 21 1.000000
0  -33.985573 1.539944 -0.139521  0.129683 0.935385 -0.328995  0.446800 0.543100 2 21 0.823524 20 0.176476
v_heavyArms.tga.002
0  -36.477573 2.336846 -0.137922  0.171798 0.966982 -0.188233  0.492300 0.682200 1 21 1.000000
0  -35.592373 2.059845 -0.483222  0.252984 0.836982 -0.485242  0.451400 0.638800 2 20 0.087392 21 0.912608
0  -36.285072 2.091545 -0.585022  0.093407 0.613433 -0.784204  0.462100 0.675700 2 21 0.995446 20 0.004554
v_heavyArms.tga.002
0  -41.485043 -1.314551 -1.284575  -0.423684 0.416078 -0.804594  0.240400 0.938200 1 33 1.000000
0  -41.555882 -1.670256 -1.192423  -0.829025 -0.387797 -0.402903  0.226300 0.939900 1 33 1.000000
0  -41.607685 -1.313056 -1.128923  -0.873296 0.309423 -0.376314  0.240900 0.942600 1 33 1.000000
v_heavyArms.tga.002
0  -35.448471 -3.197055 -0.156221  0.488671 -0.635791 0.597470  0.884500 0.595400 2 34 0.097680 35 0.902320
0  -36.167355 -3.903002 -0.623739  0.624547 -0.777039 0.078427  0.953775 0.613763 2 35 0.870064 36 0.129936
0  -35.325672 -3.187655 -0.600821  0.629838 -0.775090 0.050391  0.899100 0.579000 2 34 0.103181 35 0.896819
v_heavyArms.tga.002
0  -33.568878 1.740008 -0.204253  -0.403290 0.883253 -0.239211  0.641621 0.017068 2 21 0.222329 20 0.777671
0  -32.713875 1.630446 0.368979  -0.017599 0.875063 0.483689  0.603400 0.078400 2 20 0.918387 21 0.081613
0  -32.715672 1.784745 -0.190421  -0.038492 0.970851 -0.236575  0.642700 0.077500 2 20 0.916855 21 0.083145
v_heavyArms.tga.002
0  -33.579746 0.531144 -0.976121  -0.348501 0.145294 -0.925979  0.144034 0.030330 3 21 0.138669 20 0.840609 34 0.020722
0  -32.714973 1.322243 -0.658221  0.003414 0.555081 -0.831790  0.089900 0.089900 2 20 0.927759 21 0.072241
0  -32.727673 0.531144 -0.976121  0.000000 0.157526 -0.987515  0.145800 0.088600 2 20 0.951995 21 0.048005
v_heavyArms.tga.002
0  -40.209122 -1.090953 0.131324  -0.288540 0.536359 0.793136  0.758764 0.867073 2 33 0.078174 32 0.921826
0  -39.059429 -1.851139 0.289899  -0.180403 -0.736185 0.652293  0.788323 0.807093 2 31 0.186181 32 0.813819
0  -39.133232 -1.008074 0.455480  -0.287040 0.533921 0.795322  0.748897 0.813361 2 31 0.124895 32 0.875105
v_heavyArms.tga.002
0  -36.332409 -3.998452 -0.955210  0.554393 -0.641406 -0.530327  0.079304 0.628203 2 35 0.160948 36 0.839052
0  -36.167355 -3.903002 -0.623739  0.624547 -0.777039 0.078427  0.076297 0.603233 2 35 0.870064 36 0.129936
0  -36.275383 -3.987229 -0.620304  0.668484 -0.737755 0.094058  0.068566 0.609129 2 35 0.206787 36 0.793213
v_heavyArms.tga.002
0  -33.990574 -1.780555 -0.286421  0.811069 -0.569351 0.134189  0.798200 0.526700 3 20 0.078532 34 0.901391 21 0.020077
0  -34.263172 -1.842955 0.150779  0.548326 -0.406244 0.730961  0.789100 0.550200 3 20 0.049884 21 0.037046 34 0.913069
0  -34.263275 -1.854254 0.144579  0.539387 -0.449183 0.712247  0.790400 0.549700 3 20 0.037376 21 0.025877 34 0.936747
v_heavyArms.tga.002
0  -41.273422 -1.807784 -0.395590  -0.376411 -0.684955 0.623820  0.801400 0.929200 1 33 1.000000
0  -41.473782 -1.814957 -0.935522  -0.476330 -0.876630 0.068037  0.812300 0.951200 1 33 1.000000
0  -41.148281 -1.890757 -0.826823  -0.167857 -0.975952 0.139072  0.818000 0.932900 1 33 1.000000
v_heavyArms.tga.002
0  -38.412331 2.458791 -0.153630  0.044108 0.988711 0.143193  0.516399 0.782747 3 22 0.190105 23 0.788812 24 0.021083
0  -39.145451 2.443216 0.043201  -0.182123 0.696448 0.694112  0.529812 0.827786 2 23 0.914942 24 0.085058
0  -38.469830 2.410036 0.247505  -0.160050 0.728734 0.665830  0.535171 0.782047 2 22 0.187415 23 0.812585
v_heavyArms.tga.002
0  -34.820274 -2.599154 -0.014721  0.450035 -0.582924 0.676511  0.830400 0.571800 2 34 0.905995 35 0.094005
0  -35.325672 -3.187655 -0.600821  0.629838 -0.775090 0.050391  0.899100 0.579000 2 34 0.103181 35 0.896819
0  -34.560173 -2.627455 -0.567621  0.737033 -0.671881 0.073207  0.842700 0.546800 2 34 0.904625 35 0.095375
v_heavyArms.tga.002
0  -37.911373 1.469546 0.583278  -0.247013 0.278623 0.928092  0.591700 0.751000 3 22 0.480715 25 0.497484 28 0.021801
0  -38.018948 2.389486 0.368345  -0.126740 0.753006 0.645693  0.538900 0.754100 2 22 0.988594 23 0.011406
0  -38.156849 1.632387 0.496246  -0.507952 -0.319940 0.799765  0.574000 0.764200 3 22 0.631477 23 0.064872 25 0.303651
v_heavyArms.tga.002
0  -31.891872 -1.310088 1.371126  -0.281303 -0.544780 0.789989  0.402900 0.148000 1 20 1.000000
0  -30.609272 -2.363057 0.014006  -0.152978 -0.987937 -0.024042  0.322700 0.211900 1 20 1.000000
0  -30.620872 -1.739413 1.556710  -0.186524 -0.649199 0.737393  0.397100 0.211200 1 20 1.000000
v_heavyArms.tga.002
0  -41.786171 0.181444 -1.021222  -0.725727 0.550434 -0.412725  0.326400 0.986000 1 30 1.000000
0  -41.810371 -0.476556 -0.895723  -0.843260 -0.525750 0.111798  0.299700 0.989900 1 30 1.000000
0  -41.793774 0.193445 -0.906923  -0.836716 0.547637 0.000521  0.327300 0.990800 1 30 1.000000
v_heavyArms.tga.002
0  -37.007847 -3.343081 -0.291269  -0.644524 0.512484 0.567405  0.930648 0.666488 2 35 0.846738 36 0.153262
0  -36.315872 -2.477456 -0.650921  -0.812342 0.572149 0.112898  0.870700 0.665700 2 34 0.132857 35 0.867143
0  -37.085377 -3.300066 -0.646216  -0.775846 0.628857 0.051001  0.935981 0.681551 2 35 0.846187 36 0.153813
v_heavyArms.tga.002
0  -41.781273 -0.406656 -0.665757  -0.876949 -0.305020 0.371380  0.712500 0.976600 1 30 1.000000
0  -41.793774 0.193445 -0.906923  -0.836716 0.547637 0.000521  0.683000 0.984600 1 30 1.000000
0  -41.810371 -0.476556 -0.895723  -0.843260 -0.525750 0.111798  0.717100 0.982100 1 30 1.000000
v_heavyArms.tga.002
0  -38.441761 1.621018 -0.136254  -0.140125 -0.962419 -0.232626  0.583034 0.792767 2 23 0.484035 22 0.515965
0  -38.203773 1.560745 -0.026121  -0.547064 -0.687213 0.477974  0.585700 0.777300 3 22 0.438724 23 0.193634 25 0.367642
0  -38.454010 1.610385 -0.084771  -0.279726 -0.827385 0.487018  0.580933 0.791381 2 23 0.474783 22 0.525217
v_heavyArms.tga.002
0  -35.370872 -3.179755 -0.973621  0.513274 -0.692042 -0.507570  0.145600 0.584200 2 34 0.099885 35 0.900115
0  -34.560173 -2.627455 -0.567621  0.737033 -0.671881 0.073207  0.183500 0.534500 2 34 0.904625 35 0.095375
0  -35.325672 -3.187655 -0.600821  0.629838 -0.775090 0.050391  0.135500 0.563800 2 34 0.103181 35 0.896819
v_heavyArms.tga.002
0  -32.718773 1.046746 0.968879  -0.942650 0.189274 0.274931  0.545000 0.079700 2 20 0.939762 21 0.060238
0  -32.630875 0.104638 1.448681  -0.636859 0.008972 0.770928  0.477400 0.100200 1 20 1.000000
0  -32.619274 1.201782 1.219461  -0.672512 0.389570 0.629256  0.545800 0.098800 2 20 0.976440 21 0.023560
v_heavyArms.tga.002
0  -35.243271 -2.000155 0.328879  -0.108931 -0.353336 0.929133  0.798100 0.600300 3 21 0.054702 35 0.017085 34 0.928214
0  -34.263275 -1.854254 0.144579  0.539387 -0.449183 0.712247  0.790400 0.549700 3 20 0.037376 21 0.025877 34 0.936747
0  -34.263172 -1.842955 0.150779  0.548326 -0.406244 0.730961  0.789100 0.550200 3 20 0.049884 21 0.037046 34 0.913069
v_heavyArms.tga.002
0  -37.132889 -3.450122 -0.915068  -0.759359 0.383269 -0.525812  0.103088 0.692834 2 36 0.873894 35 0.126106
0  -37.602371 -4.315255 -0.555620  -0.989636 0.143446 -0.006634  0.041000 0.713800 1 36 1.000000
0  -37.183186 -3.436824 -0.650339  -0.863356 0.504274 0.017978  0.105653 0.709580 2 36 0.869993 35 0.130007
v_heavyArms.tga.002
0  -38.327896 -0.950441 0.741011  -0.428616 0.322493 0.843971  0.743800 0.761000 2 31 0.829052 28 0.170948
0  -37.838272 -0.755056 0.886178  -0.262208 -0.139204 0.954919  0.718200 0.741700 3 21 0.002249 28 0.496929 31 0.500822
0  -38.159473 -0.701755 0.576278  -0.868589 -0.226527 0.440724  0.718600 0.754800 2 28 0.488027 31 0.511973
v_heavyArms.tga.002
0  -38.089672 -1.919457 -0.331522  -0.022747 -0.999693 -0.009847  0.820500 0.753700 2 31 0.928241 32 0.071759
0  -37.421780 -1.929521 -0.390626  -0.075629 -0.653447 -0.753184  0.830751 0.719534 4 28 0.023810 31 0.704398 34 0.037200 21 0.234592
0  -37.422340 -1.966948 -0.358097  -0.074310 -0.994540 -0.073270  0.827699 0.719174 4 28 0.013880 31 0.734695 34 0.031520 21 0.219904
v_heavyArms.tga.002
0  -33.594669 -0.923644 0.844399  -0.796502 -0.445885 0.408375  0.394723 0.017923 3 20 0.728297 21 0.156938 34 0.114764
0  -33.600273 -1.190154 0.196579  -0.998783 -0.047191 0.014304  0.338000 0.007100 3 34 0.282394 21 0.126136 20 0.591470
0  -33.591797 -1.366511 0.180816  -0.808771 -0.552605 0.201289  0.332866 0.019773 3 34 0.305649 21 0.120738 20 0.573613
v_heavyArms.tga.002
0  -37.720474 2.433945 -0.231822  0.089229 0.990333 -0.106202  0.500300 0.757300 2 22 0.928236 23 0.071764
0  -37.944275 2.420544 -0.116021  0.043158 0.977701 0.205519  0.508000 0.769600 2 22 0.881401 23 0.118599
0  -37.699875 2.410843 -0.072222  0.045369 0.991065 0.125429  0.509800 0.754100 2 22 0.965370 23 0.034630
v_heavyArms.tga.002
0  -41.454441 -1.670953 -1.331174  -0.372705 -0.394945 -0.839708  0.226400 0.936200 1 33 1.000000
0  -41.470081 -1.762557 -1.152522  -0.414627 -0.863018 -0.288592  0.222300 0.937000 1 33 1.000000
0  -41.555882 -1.670256 -1.192423  -0.829025 -0.387797 -0.402903  0.226300 0.939900 1 33 1.000000
v_heavyArms.tga.002
0  -38.120110 -1.630611 -0.819216  -0.007369 -0.375458 -0.926810  0.230700 0.777400 3 31 0.813121 32 0.087401 28 0.099479
0  -37.401440 -0.606169 -0.804202  -0.108217 0.031564 -0.993626  0.309559 0.735179 4 21 0.157532 31 0.504643 28 0.335375 34 0.002450
0  -37.426022 -1.606999 -0.862830  -0.076881 -0.273326 -0.958844  0.236832 0.737431 5 31 0.693948 32 0.002205 34 0.036006 28 0.095900 21 0.171941
v_heavyArms.tga.002
0  -32.614273 1.614210 -0.921196  -0.680800 0.465899 -0.565199  0.084600 0.111000 2 20 0.963151 21 0.036849
0  -31.876274 2.279451 -0.152298  -0.301891 0.952487 -0.040383  0.026100 0.145400 1 20 1.000000
0  -31.875172 1.867830 -1.071701  -0.279129 0.645439 -0.710982  0.078800 0.151000 1 20 1.000000
v_heavyArms.tga.002
0  -41.523918 -1.759284 -0.572690  -0.717974 -0.582528 0.381018  0.801700 0.944000 1 33 1.000000
0  -41.596081 -1.713357 -0.975823  -0.890063 -0.451596 -0.062046  0.806600 0.959300 1 33 1.000000
0  -41.473782 -1.814957 -0.935522  -0.476330 -0.876630 0.068037  0.812300 0.951200 1 33 1.000000
v_heavyArms.tga.002
0  -40.042572 2.537644 -0.834923  -0.064978 0.954880 -0.289795  0.491800 0.905200 1 24 1.000000
0  -40.229774 2.490544 -0.746123  -0.824720 0.560788 -0.073170  0.490400 0.915400 1 24 1.000000
0  -40.074875 2.536644 -0.749223  -0.169725 0.984115 -0.052069  0.494700 0.908400 1 24 1.000000
v_heavyArms.tga.002
0  -41.246323 -1.200786 -0.285590  -0.440506 0.541382 0.716143  0.772900 0.932000 1 33 1.000000
0  -41.510284 -1.190057 -0.881023  -0.471970 0.871595 0.132539  0.773700 0.960100 1 33 1.000000
0  -41.567123 -1.285085 -0.482890  -0.776010 0.384462 0.499997  0.780000 0.948000 1 33 1.000000
v_heavyArms.tga.002
0  -41.510483 -1.192857 -1.067923  -0.387222 0.880509 -0.273428  0.247200 0.940900 1 33 1.000000
0  -41.485043 -1.314551 -1.284575  -0.423684 0.416078 -0.804594  0.240400 0.938200 1 33 1.000000
0  -41.607685 -1.313056 -1.128923  -0.873296 0.309423 -0.376314  0.240900 0.942600 1 33 1.000000
v_heavyArms.tga.002
0  -41.808773 -0.489556 -1.009623  -0.669557 -0.578088 -0.466377  0.301700 0.984700 1 30 1.000000
0  -41.464172 -0.585556 -0.765023  -0.110183 -0.993631 -0.023607  0.288200 0.974700 1 30 1.000000
0  -41.810371 -0.476556 -0.895723  -0.843260 -0.525750 0.111798  0.299700 0.989900 1 30 1.000000
v_heavyArms.tga.002
0  -41.567123 -1.285085 -0.482890  -0.776010 0.384462 0.499997  0.780000 0.948000 1 33 1.000000
0  -41.510284 -1.190057 -0.881023  -0.471970 0.871595 0.132539  0.773700 0.960100 1 33 1.000000
0  -41.630383 -1.272757 -0.923622  -0.931450 0.363853 0.003410  0.782200 0.963900 1 33 1.000000
v_heavyArms.tga.002
0  -32.625671 -1.270417 -0.817875  -0.650726 -0.543542 -0.530206  0.263700 0.101500 3 20 0.963586 21 0.003310 34 0.033104
0  -32.725075 -0.562956 -0.902121  -0.945114 -0.066179 -0.319968  0.218900 0.087000 3 20 0.945584 21 0.020671 34 0.033745
0  -32.627472 -0.802021 -1.161138  -0.618720 -0.305200 -0.723905  0.229200 0.104900 2 20 0.998384 34 0.001616
v_heavyArms.tga.002
0  -30.588772 2.281638 0.617329  -0.107415 0.882624 0.457642  0.614700 0.207700 1 20 1.000000
0  -22.191187 1.635959 1.739446  -0.061789 0.561634 0.825075  0.551400 0.474200 2 19 0.016402 20 0.983598
0  -22.177919 2.578195 0.733484  -0.069584 0.857684 0.509446  0.605000 0.476500 2 19 0.022308 20 0.977692
v_heavyArms.tga.002
0  -39.242878 1.793414 -0.462366  -0.264959 -0.962786 -0.053285  0.448383 0.860327 2 23 0.138019 24 0.861981
0  -40.120575 2.053044 -0.689623  -0.245030 -0.958111 -0.148268  0.468700 0.912800 1 24 1.000000
0  -40.108173 2.061844 -0.760823  -0.243934 -0.949148 -0.199034  0.470600 0.910000 1 24 1.000000
v_heavyArms.tga.002
0  -35.194275 -2.368254 -1.377821  0.087232 -0.009893 -0.996139  0.196200 0.595000 2 34 0.877276 35 0.122724
0  -34.017273 -1.721455 -0.739121  0.775070 -0.333357 -0.536787  0.244100 0.530300 2 20 0.035870 34 0.964130
0  -34.688473 -2.652255 -1.076521  0.623920 -0.508805 -0.593162  0.188300 0.562500 2 34 0.891289 35 0.108711
v_heavyArms.tga.002
0  -38.415474 0.386144 0.085478  -0.210703 0.151394 -0.965756  0.650700 0.786700 3 28 0.684619 29 0.071358 25 0.244022
0  -38.377071 0.473244 0.067378  -0.933419 -0.284975 0.217986  0.647200 0.788100 3 25 0.914905 26 0.027599 29 0.057497
0  -38.344872 0.464844 0.033684  -0.653630 -0.339932 -0.676176  0.647800 0.789900 4 25 0.655154 28 0.263820 26 0.029029 29 0.051997
v_heavyArms.tga.002
0  -35.499374 -1.551955 -1.154221  -0.081653 0.023182 -0.996391  0.241000 0.619000 3 21 0.074378 34 0.921960 31 0.003661
0  -36.164173 -1.565154 -0.940121  -0.200604 -0.175415 -0.963840  0.247700 0.666600 3 21 0.646300 34 0.330715 35 0.022985
0  -36.245472 -0.480156 -0.949328  -0.063827 0.081178 -0.994654  0.304500 0.670000 3 21 0.817021 31 0.020007 34 0.162973
v_heavyArms.tga.002
0  -38.370872 -0.656056 0.154978  -0.260971 -0.964191 0.047223  0.291900 0.801300 2 28 0.911899 29 0.088101
0  -38.298073 -0.721056 -0.276691  -0.832627 -0.281825 -0.476766  0.291700 0.784100 4 28 0.511006 31 0.376267 32 0.056960 29 0.055767
0  -38.269772 -0.721555 0.109278  -0.886584 -0.450366 0.105543  0.289900 0.797100 4 28 0.457264 31 0.482286 32 0.032992 29 0.027458
v_heavyArms.tga.002
0  -38.431873 0.416245 0.091678  -0.330351 0.880663 -0.339561  0.651700 0.785500 3 28 0.702709 29 0.068609 25 0.228682
0  -38.341473 0.476545 0.088178  -0.513479 0.219405 0.829579  0.648100 0.785900 4 25 0.721129 28 0.240172 26 0.009059 29 0.029639
0  -38.377071 0.473244 0.067378  -0.933419 -0.284975 0.217986  0.647200 0.788100 3 25 0.914905 26 0.027599 29 0.057497
v_heavyArms.tga.002
0  -41.523918 -1.759284 -0.572690  -0.717974 -0.582528 0.381018  0.801700 0.944000 1 33 1.000000
0  -41.630383 -1.272757 -0.923622  -0.931450 0.363853 0.003410  0.782200 0.963900 1 33 1.000000
0  -41.596081 -1.713357 -0.975823  -0.890063 -0.451596 -0.062046  0.806600 0.959300 1 33 1.000000
v_heavyArms.tga.002
0  -36.285072 2.091545 -0.585022  0.093407 0.613433 -0.784204  0.462100 0.675700 2 21 0.995446 20 0.004554
0  -33.994572 1.153944 -0.726579  0.179947 0.388670 -0.903634  0.415500 0.543000 3 20 0.151424 21 0.831721 34 0.016855
0  -36.293472 1.197045 -0.783252  0.009500 0.138113 -0.990371  0.406800 0.676800 3 21 0.979661 20 0.000974 25 0.019365
v_heavyArms.tga.002
0  -33.994572 1.153944 -0.726579  0.179947 0.388670 -0.903634  0.415500 0.543000 3 20 0.151424 21 0.831721 34 0.016855
0  -36.285072 2.091545 -0.585022  0.093407 0.613433 -0.784204  0.462100 0.675700 2 21 0.995446 20 0.004554
0  -35.592373 2.059845 -0.483222  0.252984 0.836982 -0.485242  0.451400 0.638800 2 20 0.087392 21 0.912608
v_heavyArms.tga.002
0  -33.994572 1.153944 -0.726579  0.179947 0.388670 -0.903634  0.415500 0.543000 3 20 0.151424 21 0.831721 34 0.016855
0  -35.592373 2.059845 -0.483222  0.252984 0.836982 -0.485242  0.451400 0.638800 2 20 0.087392 21 0.912608
0  -33.985573 1.539944 -0.139521  0.129683 0.935385 -0.328995  0.446800 0.543100 2 21 0.823524 20 0.176476
v_heavyArms.tga.002
0  -37.034172 -4.779355 -0.858221  0.436964 -0.789123 -0.431680  0.029600 0.661300 1 36 1.000000
0  -36.275383 -3.987229 -0.620304  0.668484 -0.737755 0.094058  0.068566 0.609129 2 35 0.206787 36 0.793213
0  -36.941273 -4.672257 -0.577721  0.672867 -0.726398 0.139988  0.021200 0.649400 2 36 0.982475 35 0.017525
v_heavyArms.tga.002
0  -38.422771 0.396244 -0.403986  -0.481080 0.872320 -0.087297  0.348600 0.801700 4 28 0.666608 25 0.204874 26 0.007351 29 0.121166
0  -38.344872 0.464844 0.033684  -0.993775 0.099065 0.050961  0.362900 0.803300 4 25 0.655154 28 0.263820 26 0.029029 29 0.051997
0  -38.374973 0.461344 -0.433071  -0.988327 -0.119925 -0.093954  0.360000 0.797000 4 25 0.431091 29 0.073238 28 0.430418 26 0.065253
v_heavyArms.tga.002
0  -36.580574 2.337944 0.120278  0.064213 0.680804 0.729646  0.529000 0.675700 1 21 1.000000
0  -33.987175 1.616745 0.137479  0.230498 0.973001 -0.011841  0.560300 0.534800 3 20 0.177373 21 0.822097 25 0.000529
0  -36.574074 2.361044 0.098179  0.123580 0.945230 0.302106  0.527300 0.675300 1 21 1.000000
v_heavyArms.tga.002
0  -39.121170 -0.896985 -0.071023  -0.225175 0.710048 0.667179  0.732576 0.827777 2 31 0.130257 32 0.869743
0  -40.149891 -0.954294 -0.357195  -0.140863 0.972035 0.187899  0.741156 0.880787 2 33 0.154708 32 0.845292
0  -40.144638 -0.981855 -0.336980  -0.266995 0.536381 0.800630  0.743521 0.879068 2 33 0.138923 32 0.861077
v_heavyArms.tga.002
0  -41.793774 0.193445 -0.906923  -0.836716 0.547637 0.000521  0.683000 0.984600 1 30 1.000000
0  -41.573135 0.204488 -0.358644  -0.556913 0.513296 0.652974  0.678456 0.959667 1 30 1.000000
0  -41.477772 0.331945 -0.690522  -0.336683 0.908208 0.248602  0.666274 0.963418 1 30 1.000000
v_heavyArms.tga.002
0  -41.573135 0.204488 -0.358644  -0.556913 0.513296 0.652974  0.678456 0.959667 1 30 1.000000
0  -41.793774 0.193445 -0.906923  -0.836716 0.547637 0.000521  0.683000 0.984600 1 30 1.000000
0  -41.774773 0.152845 -0.656358  -0.850810 0.422061 0.313029  0.685400 0.978100 1 30 1.000000
v_heavyArms.tga.002
0  -38.056473 1.400944 -0.435577  -0.353678 0.864782 -0.356460  0.412800 0.791800 4 25 0.739335 22 0.141098 23 0.055823 26 0.063745
0  -38.113472 1.498144 -0.055814  -0.914332 -0.376569 -0.148970  0.424600 0.786800 4 22 0.292439 25 0.577250 23 0.123208 26 0.007102
0  -38.019371 1.465245 -0.403762  -0.909990 0.081109 -0.406619  0.423200 0.776200 4 22 0.274795 25 0.597896 26 0.014271 23 0.113038
v_heavyArms.tga.002
0  -41.379044 -0.356026 -1.107099  0.090441 -0.378450 -0.921193  0.304000 0.966700 1 30 1.000000
0  -41.808773 -0.489556 -1.009623  -0.669557 -0.578088 -0.466377  0.301700 0.984700 1 30 1.000000
0  -41.708172 -0.273355 -1.097822  -0.347548 -0.106016 -0.931650  0.309000 0.979000 1 30 1.000000
v_heavyArms.tga.002
0  -41.810371 -0.476556 -0.895723  -0.843260 -0.525750 0.111798  0.717100 0.982100 1 30 1.000000
0  -41.521935 -0.502712 -0.341044  -0.505167 -0.574804 0.643744  0.715321 0.956443 1 30 1.000000
0  -41.781273 -0.406656 -0.665757  -0.876949 -0.305020 0.371380  0.712500 0.976600 1 30 1.000000
v_heavyArms.tga.002
0  -41.521935 -0.502712 -0.341044  -0.505167 -0.574804 0.643744  0.715321 0.956443 1 30 1.000000
0  -41.810371 -0.476556 -0.895723  -0.843260 -0.525750 0.111798  0.717100 0.982100 1 30 1.000000
0  -41.474972 -0.586755 -0.707523  -0.268905 -0.946402 0.178924  0.729515 0.961077 1 30 1.000000
v_heavyArms.tga.002
0  -36.164173 -1.565154 -0.940121  -0.200604 -0.175415 -0.963840  0.247700 0.666600 3 21 0.646300 34 0.330715 35 0.022985
0  -35.499374 -1.551955 -1.154221  -0.081653 0.023182 -0.996391  0.241000 0.619000 3 21 0.074378 34 0.921960 31 0.003661
0  -36.224274 -2.043957 -0.771721  -0.171808 -0.724818 -0.667174  0.222800 0.680600 3 21 0.084925 35 0.147681 34 0.767394
v_heavyArms.tga.002
0  -37.822571 1.431444 -0.768903  -0.346993 0.108951 -0.931518  0.421900 0.769700 3 25 0.733595 22 0.196194 23 0.070211
0  -38.411221 0.614178 -0.770814  -0.355639 -0.368771 -0.858795  0.381700 0.799600 2 25 0.839731 26 0.160269
0  -37.975220 1.288278 -0.695523  -0.519225 0.605099 -0.603540  0.407700 0.788300 3 25 0.898188 23 0.017662 26 0.084150
v_heavyArms.tga.002
0  -38.411221 0.614178 -0.770814  -0.355639 -0.368771 -0.858795  0.381700 0.799600 2 25 0.839731 26 0.160269
0  -37.822571 1.431444 -0.768903  -0.346993 0.108951 -0.931518  0.421900 0.769700 3 25 0.733595 22 0.196194 23 0.070211
0  -38.237175 0.464844 -0.826509  -0.300005 0.032737 -0.953376  0.362800 0.781500 3 28 0.946698 26 0.014119 29 0.039183
v_heavyArms.tga.002
0  -41.708172 -0.273355 -1.097822  -0.347548 -0.106016 -0.931650  0.309000 0.979000 1 30 1.000000
0  -41.786171 0.181444 -1.021222  -0.725727 0.550434 -0.412725  0.326400 0.986000 1 30 1.000000
0  -41.733273 0.125744 -1.111623  -0.469701 0.301227 -0.829845  0.324000 0.981500 1 30 1.000000
v_heavyArms.tga.002
0  -41.786171 0.181444 -1.021222  -0.725727 0.550434 -0.412725  0.326400 0.986000 1 30 1.000000
0  -41.708172 -0.273355 -1.097822  -0.347548 -0.106016 -0.931650  0.309000 0.979000 1 30 1.000000
0  -41.808773 -0.489556 -1.009623  -0.669557 -0.578088 -0.466377  0.301700 0.984700 1 30 1.000000
v_heavyArms.tga.002
0  -41.483273 0.332944 -0.858223  -0.188982 0.962229 -0.195965  0.338700 0.975900 1 30 1.000000
0  -41.733273 0.125744 -1.111623  -0.469701 0.301227 -0.829845  0.324000 0.981500 1 30 1.000000
0  -41.786171 0.181444 -1.021222  -0.725727 0.550434 -0.412725  0.326400 0.986000 1 30 1.000000
v_heavyArms.tga.002
0  -38.366772 -0.651855 0.213878  -0.140604 -0.788580 0.598642  0.715200 0.770500 2 28 0.930000 29 0.070000
0  -38.318172 -0.727855 0.116278  -0.865306 0.453584 -0.213325  0.722200 0.771600 4 28 0.506920 31 0.437380 32 0.031508 29 0.024192
0  -38.262772 -0.728856 0.165278  -0.575701 -0.508221 0.640531  0.722000 0.767900 4 28 0.491913 31 0.481307 29 0.011964 32 0.014815
v_heavyArms.tga.002
0  -32.614273 1.614210 -0.921196  -0.680800 0.465899 -0.565199  0.084600 0.111000 2 20 0.963151 21 0.036849
0  -32.727673 0.531144 -0.976121  -0.916813 0.033166 -0.397937  0.145800 0.088600 2 20 0.951995 21 0.048005
0  -32.714973 1.322243 -0.658221  -0.961314 0.184281 -0.204735  0.089900 0.089900 2 20 0.927759 21 0.072241
v_heavyArms.tga.002
0  -41.273422 -1.807784 -0.395590  -0.376411 -0.684955 0.623820  0.801400 0.929200 1 33 1.000000
0  -41.567123 -1.285085 -0.482890  -0.776010 0.384462 0.499997  0.780000 0.948000 1 33 1.000000
0  -41.523918 -1.759284 -0.572690  -0.717974 -0.582528 0.381018  0.801700 0.944000 1 33 1.000000
v_heavyArms.tga.002
0  -38.374973 0.461344 -0.433071  -0.988327 -0.119925 -0.093954  0.360000 0.797000 4 25 0.431091 29 0.073238 28 0.430418 26 0.065253
0  -38.454235 0.283647 -0.799034  -0.234794 0.446668 -0.863342  0.343400 0.800500 2 28 0.866411 29 0.133589
0  -38.422771 0.396244 -0.403986  -0.481080 0.872320 -0.087297  0.348600 0.801700 4 28 0.666608 25 0.204874 26 0.007351 29 0.121166
v_heavyArms.tga.002
0  -38.454235 0.283647 -0.799034  -0.234794 0.446668 -0.863342  0.343400 0.800500 2 28 0.866411 29 0.133589
0  -38.374973 0.461344 -0.433071  -0.988327 -0.119925 -0.093954  0.360000 0.797000 4 25 0.431091 29 0.073238 28 0.430418 26 0.065253
0  -38.237175 0.464844 -0.826509  -0.300005 0.032737 -0.953376  0.362800 0.781500 3 28 0.946698 26 0.014119 29 0.039183
v_heavyArms.tga.002
0  -39.165058 1.759329 -0.245987  -0.302949 -0.829127 0.469862  0.570276 0.844388 3 24 0.164887 22 0.006857 23 0.828256
0  -38.554665 1.644273 -0.162622  -0.145902 -0.960878 -0.235429  0.581281 0.800241 3 23 0.809365 22 0.154046 24 0.036589
0  -38.567432 1.633573 -0.110882  -0.282048 -0.828074 0.484502  0.579024 0.798897 3 23 0.821114 22 0.152105 24 0.026781
v_heavyArms.tga.002
0  -38.156849 1.632387 0.496246  -0.507952 -0.319940 0.799765  0.574000 0.764200 3 22 0.631477 23 0.064872 25 0.303651
0  -38.447941 1.627707 -0.078808  -0.244433 -0.956901 0.156822  0.580173 0.791068 2 23 0.446585 22 0.553415
0  -38.194374 1.577244 -0.019622  -0.511464 -0.849163 0.131629  0.585200 0.776600 3 22 0.436850 23 0.176635 25 0.386516
v_heavyArms.tga.002
0  -37.838272 -0.755056 0.886178  -0.262208 -0.139204 0.954919  0.718200 0.741700 3 21 0.002249 28 0.496929 31 0.500822
0  -37.327496 -1.866036 0.624461  -0.070151 -0.778296 0.623966  0.777712 0.709436 2 31 0.731220 21 0.268780
0  -37.372871 -0.750677 0.984941  -0.192588 -0.168450 0.966713  0.716558 0.719327 3 31 0.362148 21 0.171540 28 0.466312
v_heavyArms.tga.002
0  -31.876274 2.279451 -0.152298  -0.301891 0.952487 -0.040383  0.651000 0.136800 1 20 1.000000
0  -30.588772 2.281638 0.617329  -0.107415 0.882624 0.457642  0.614700 0.207700 1 20 1.000000
0  -30.593573 2.551085 -0.175058  -0.122616 0.991375 -0.046279  0.655700 0.208300 1 20 1.000000
v_heavyArms.tga.002
0  -41.510483 -1.192857 -1.067923  -0.387222 0.880509 -0.273428  0.247200 0.940900 1 33 1.000000
0  -41.630383 -1.272757 -0.923622  -0.931450 0.363853 0.003410  0.243200 0.950700 1 33 1.000000
0  -41.510384 -1.177657 -0.937623  -0.325067 0.936001 -0.135029  0.251100 0.943800 1 33 1.000000
v_heavyArms.tga.002
0  -36.025772 -1.981154 -0.028421  0.028802 -0.964429 0.262768  0.817700 0.640800 3 21 0.094290 34 0.761870 35 0.143840
0  -37.214901 -1.950933 -0.329068  -0.055097 -0.994307 0.091201  0.826518 0.707275 5 31 0.541846 28 0.006851 34 0.145030 35 0.000113 21 0.306160
0  -36.164173 -2.015057 -0.353021  -0.057509 -0.990114 0.127932  0.835000 0.654300 3 21 0.076677 35 0.181590 34 0.741733
v_heavyArms.tga.002
0  -34.015175 -0.417455 -0.862626  0.104249 0.015015 -0.994438  0.319800 0.536500 3 20 0.031616 21 0.525782 34 0.442602
0  -33.596073 0.505644 -0.843621  -0.210286 0.218131 -0.952995  0.376100 0.511800 3 20 0.719242 21 0.229913 34 0.050845
0  -33.593872 -0.483256 -0.791921  0.301233 -0.122930 -0.945594  0.318000 0.510800 3 20 0.645243 21 0.121273 34 0.233485
v_heavyArms.tga.002
0  -41.046143 -1.704652 -1.319775  0.113398 -0.410356 -0.904848  0.225200 0.919900 1 33 1.000000
0  -40.178017 -1.118297 -0.986413  0.130950 0.687004 -0.714757  0.251461 0.875830 2 33 0.846257 32 0.153743
0  -40.126347 -1.696635 -1.060712  0.238237 -0.389379 -0.889734  0.226124 0.872543 2 32 0.153211 33 0.846789
v_heavyArms.tga.002
0  -33.606472 -1.025355 -0.420021  0.879042 -0.385796 -0.280084  0.282200 0.494300 3 34 0.338174 21 0.196940 20 0.464886
0  -33.985874 -1.761855 -0.283721  0.847528 -0.471963 0.242790  0.236500 0.502100 3 20 0.100586 34 0.864990 21 0.034424
0  -33.982574 -1.670254 -0.735421  0.727534 -0.342846 -0.594265  0.249100 0.526000 3 20 0.101178 21 0.046636 34 0.852186
v_heavyArms.tga.002
0  -38.983074 -1.898714 -0.383131  0.030615 -0.979586 -0.198679  0.205309 0.828760 3 33 0.031512 32 0.758234 31 0.210254
0  -40.041164 -1.842630 -0.833869  0.074393 -0.917770 -0.390081  0.218402 0.868221 3 33 0.282759 32 0.698916 31 0.018324
0  -38.970158 -1.847220 -0.634124  0.066631 -0.913670 -0.400958  0.218015 0.826308 3 31 0.216393 32 0.729012 33 0.054594
v_heavyArms.tga.002
0  -38.246414 1.395586 0.606373  -0.102590 0.696909 0.709784  0.610000 0.770200 3 25 0.902426 22 0.074901 28 0.022673
0  -37.911373 1.469546 0.583278  -0.247013 0.278623 0.928092  0.591700 0.751000 3 22 0.480715 25 0.497484 28 0.021801
0  -38.084373 1.495844 0.383078  -0.930114 0.236947 0.280613  0.591300 0.759300 3 22 0.279490 25 0.690409 23 0.030101
v_heavyArms.tga.002
0  -37.838272 -0.755056 0.886178  -0.262208 -0.139204 0.954919  0.718200 0.741700 3 21 0.002249 28 0.496929 31 0.500822
0  -38.138298 -1.817440 0.541511  -0.141438 -0.745298 0.651557  0.782600 0.751500 1 31 1.000000
0  -37.568375 -1.857957 0.606879  -0.094408 -0.769682 0.631408  0.777800 0.723800 2 31 0.999050 21 0.000950
v_heavyArms.tga.002
0  -38.111572 1.415644 -0.038766  -0.419157 0.269663 -0.866943  0.590000 0.780000 4 25 0.764452 22 0.142937 23 0.055813 26 0.036798
0  -38.169075 1.513645 -0.011522  -0.932888 -0.208890 0.293403  0.590800 0.773900 4 22 0.306821 25 0.566599 23 0.123226 26 0.003354
0  -38.113472 1.498144 -0.055814  -0.652281 -0.359500 -0.667300  0.590000 0.776100 4 22 0.292439 25 0.577250 23 0.123208 26 0.007102
v_heavyArms.tga.002
0  -41.281185 0.992381 -1.211103  -0.215392 -0.543897 -0.811038  0.385625 0.952474 1 27 1.000000
0  -41.326759 0.961121 -1.063067  -0.222662 -0.863155 -0.453193  0.382572 0.954146 1 27 1.000000
0  -41.482414 1.050748 -1.081780  -0.779522 -0.263781 -0.568125  0.388032 0.960303 1 27 1.000000
v_heavyArms.tga.002
0  -41.291885 1.474127 -1.073797  -0.120328 0.888036 -0.443748  0.400376 0.955364 1 27 1.000000
0  -41.257645 1.363522 -1.223526  -0.114972 0.383497 -0.916358  0.395318 0.953261 1 27 1.000000
0  -41.434647 1.391558 -1.112316  -0.620263 0.425446 -0.658992  0.394693 0.960521 1 27 1.000000
v_heavyArms.tga.002
0  -37.395008 2.205787 -0.689505  0.126254 0.588265 -0.798752  0.470565 0.739190 3 22 0.732569 23 0.036942 21 0.230489
0  -37.822571 1.431444 -0.768903  -0.346993 0.108951 -0.931518  0.421900 0.769700 3 25 0.733595 22 0.196194 23 0.070211
0  -37.941750 2.266984 -0.745373  0.023682 0.525100 -0.850711  0.475100 0.773200 2 22 0.831169 23 0.168831
v_heavyArms.tga.002
0  -41.458702 1.460272 -0.627691  -0.676662 0.597569 0.430163  0.582746 0.957442 1 27 1.000000
0  -41.330429 1.498024 -0.967222  -0.276607 0.960927 0.010408  0.575845 0.961165 1 27 1.000000
0  -41.489563 1.411248 -1.019407  -0.843239 0.464027 -0.271342  0.581960 0.969163 1 27 1.000000
v_heavyArms.tga.002
0  -41.516483 0.969970 -0.953789  -0.847161 -0.479587 -0.228722  0.379989 0.961815 1 27 1.000000
0  -41.434647 1.391558 -1.112316  -0.620263 0.425446 -0.658992  0.399986 0.955098 1 27 1.000000
0  -41.482414 1.050748 -1.081780  -0.779522 -0.263781 -0.568125  0.384420 0.956172 1 27 1.000000
v_heavyArms.tga.002
0  -41.434647 1.391558 -1.112316  -0.620263 0.425446 -0.658992  0.398636 0.955362 1 27 1.000000
0  -41.516483 0.969970 -0.953789  -0.847161 -0.479587 -0.228722  0.379218 0.962366 1 27 1.000000
0  -41.489563 1.411248 -1.019407  -0.843239 0.464027 -0.271342  0.399819 0.960532 1 27 1.000000
v_heavyArms.tga.002
0  -33.567268 1.630446 0.368979  -0.392506 0.820818 0.414967  0.601242 0.018950 2 21 0.208760 20 0.791240
0  -32.718773 1.046746 0.968879  0.000000 0.478379 0.878154  0.545000 0.079700 2 20 0.939762 21 0.060238
0  -32.713875 1.630446 0.368979  -0.017599 0.875063 0.483689  0.603400 0.078400 2 20 0.918387 21 0.081613
v_heavyArms.tga.002
0  -38.203773 1.560745 -0.026121  -0.547064 -0.687213 0.477974  0.585700 0.777300 3 22 0.438724 23 0.193634 25 0.367642
0  -38.113472 1.498144 -0.055814  -0.652281 -0.359500 -0.667300  0.590000 0.776100 4 22 0.292439 25 0.577250 23 0.123208 26 0.007102
0  -38.169075 1.513645 -0.011522  -0.932888 -0.208890 0.293403  0.590800 0.773900 4 22 0.306821 25 0.566599 23 0.123226 26 0.003354
v_heavyArms.tga.002
0  -40.208557 2.155649 -0.417432  -0.742993 -0.345029 0.573513  0.538900 0.909200 1 24 1.000000
0  -40.229774 2.490544 -0.746123  -0.824720 0.560788 -0.073170  0.516600 0.914100 1 24 1.000000
0  -40.263771 2.133946 -0.712423  -0.917955 -0.393112 -0.053114  0.537300 0.923400 1 24 1.000000
v_heavyArms.tga.002
0  -33.994572 1.153944 -0.726579  0.179947 0.388670 -0.903634  0.415500 0.543000 3 20 0.151424 21 0.831721 34 0.016855
0  -33.586174 1.596646 -0.179321  -0.105556 0.966154 -0.235380  0.446800 0.520800 2 21 0.299102 20 0.700898
0  -33.585571 1.215145 -0.590421  0.127350 0.526766 -0.840416  0.417500 0.518300 2 20 0.724501 21 0.275499
v_heavyArms.tga.002
0  -33.956871 0.437544 -0.758824  -0.076123 0.137170 -0.987618  0.372200 0.537400 3 20 0.092329 21 0.811648 34 0.096023
0  -33.585571 1.215145 -0.590421  0.127350 0.526766 -0.840416  0.417500 0.518300 2 20 0.724501 21 0.275499
0  -33.596073 0.505644 -0.843621  -0.210286 0.218131 -0.952995  0.376100 0.511800 3 20 0.719242 21 0.229913 34 0.050845
v_heavyArms.tga.002
0  -41.471874 -0.613756 -0.754523  -0.098331 -0.947994 -0.302719  0.731715 0.961977 1 30 1.000000
0  -40.229721 -0.623846 -0.369818  0.272703 -0.363762 -0.890679  0.730458 0.886614 2 29 0.158834 30 0.841166
0  -40.234417 -0.653614 -0.359121  0.064622 -0.952142 -0.298747  0.728426 0.887144 2 29 0.163043 30 0.836957
v_heavyArms.tga.002
0  -40.042572 2.537644 -0.834923  -0.064978 0.954880 -0.289795  0.491800 0.905200 1 24 1.000000
0  -40.015190 2.431395 -1.009910  -0.124262 0.340586 -0.931966  0.486900 0.904100 1 24 1.000000
0  -40.187973 2.482144 -0.869123  -0.659851 0.529019 -0.533607  0.488100 0.910200 1 24 1.000000
v_heavyArms.tga.002
0  -40.052990 2.094694 -0.935711  -0.248239 -0.580243 -0.775690  0.473400 0.906500 1 24 1.000000
0  -40.108173 2.061844 -0.760823  -0.432140 -0.851725 -0.296345  0.470600 0.910000 1 24 1.000000
0  -40.235874 2.146744 -0.818623  -0.781779 -0.400429 -0.477994  0.475800 0.913400 1 24 1.000000
v_heavyArms.tga.002
0  -38.183674 1.569945 -0.074427  -0.453572 -0.889887 -0.048710  0.428000 0.789600 3 22 0.430936 23 0.191191 25 0.377873
0  -38.019371 1.465245 -0.403762  -0.909990 0.081109 -0.406619  0.423200 0.776200 4 22 0.274795 25 0.597896 26 0.014271 23 0.113038
0  -38.113472 1.498144 -0.055814  -0.914332 -0.376569 -0.148970  0.424600 0.786800 4 22 0.292439 25 0.577250 23 0.123208 26 0.007102
v_heavyArms.tga.002
0  -37.043922 -3.314170 -0.929045  -0.686220 0.502878 -0.525562  0.113356 0.689697 2 35 0.849428 36 0.150572
0  -36.724724 -3.712371 -1.261699  -0.118677 -0.101562 -0.987725  0.094258 0.658915 2 35 0.136603 36 0.863397
0  -37.132889 -3.450122 -0.915068  -0.759359 0.383269 -0.525812  0.103088 0.692834 2 36 0.873894 35 0.126106
v_heavyArms.tga.002
0  -40.175659 2.476749 -0.457932  -0.633590 0.599058 0.489584  0.521900 0.902400 1 24 1.000000
0  -40.082874 2.536045 -0.703023  -0.197467 0.964608 0.174750  0.512300 0.902600 1 24 1.000000
0  -40.229774 2.490544 -0.746123  -0.824720 0.560788 -0.073170  0.516600 0.914100 1 24 1.000000
v_heavyArms.tga.002
0  -36.724724 -3.712371 -1.261699  -0.118677 -0.101562 -0.987725  0.094258 0.658915 2 35 0.136603 36 0.863397
0  -37.034172 -4.779355 -0.858221  0.436964 -0.789123 -0.431680  0.029600 0.661300 1 36 1.000000
0  -37.378773 -4.635457 -1.068721  -0.379182 -0.391758 -0.838300  0.038200 0.681100 1 36 1.000000
v_heavyArms.tga.002
0  -41.046143 -1.704652 -1.319775  0.113398 -0.410356 -0.904848  0.225200 0.919900 1 33 1.000000
0  -41.470081 -1.762557 -1.152522  -0.414627 -0.863018 -0.288592  0.222300 0.937000 1 33 1.000000
0  -41.454441 -1.670953 -1.331174  -0.372705 -0.394945 -0.839708  0.226400 0.936200 1 33 1.000000
v_heavyArms.tga.002
0  -39.262669 1.801691 -0.272494  -0.358121 -0.886623 0.292658  0.567340 0.851665 2 24 0.833974 23 0.166026
0  -40.208557 2.155649 -0.417432  -0.742993 -0.345029 0.573513  0.538900 0.909200 1 24 1.000000
0  -40.143372 2.046644 -0.638522  -0.528446 -0.811863 0.248241  0.544900 0.917300 1 24 1.000000
v_heavyArms.tga.002
0  -31.885273 -2.053972 0.014120  -0.332754 -0.943013 -0.000773  0.322500 0.148700 1 20 1.000000
0  -30.615173 -1.823223 -1.072166  -0.121837 -0.689930 -0.713550  0.268200 0.211400 1 20 1.000000
0  -30.609272 -2.363057 0.014006  -0.152978 -0.987937 -0.024042  0.322700 0.211900 1 20 1.000000
v_heavyArms.tga.002
0  -34.478672 -0.754856 0.863479  0.098593 -0.381400 0.919138  0.714600 0.561400 3 20 0.085001 21 0.766242 34 0.148758
0  -35.209873 -1.536654 0.578479  0.116398 -0.504578 0.855484  0.760300 0.599900 3 20 0.001729 21 0.592746 34 0.405525
0  -34.204273 -1.332854 0.381479  0.373964 -0.615776 0.693520  0.755400 0.542600 3 20 0.079550 21 0.538456 34 0.381994
v_heavyArms.tga.002
0  -38.298073 -0.721056 -0.276691  -0.832627 -0.281825 -0.476766  0.291700 0.784100 4 28 0.511006 31 0.376267 32 0.056960 29 0.055767
0  -38.202335 -0.427352 -0.795994  0.089674 -0.311422 -0.946031  0.320500 0.783600 2 28 0.881587 29 0.118413
0  -37.977272 -0.674455 -0.720713  -0.323146 -0.014411 -0.946240  0.312300 0.770500 4 32 0.020701 31 0.258251 28 0.690138 29 0.030910
v_heavyArms.tga.002
0  -38.202335 -0.427352 -0.795994  0.089674 -0.311422 -0.946031  0.320500 0.783600 2 28 0.881587 29 0.118413
0  -38.298073 -0.721056 -0.276691  -0.832627 -0.281825 -0.476766  0.291700 0.784100 4 28 0.511006 31 0.376267 32 0.056960 29 0.055767
0  -38.400173 -0.686256 -0.254371  -0.185160 -0.965057 -0.185422  0.301500 0.796200 3 28 0.862357 29 0.130621 32 0.007022
v_heavyArms.tga.002
0  -38.366772 -0.651855 0.213878  -0.140604 -0.788580 0.598642  0.715200 0.770500 2 28 0.930000 29 0.070000
0  -39.001225 -0.695595 0.032003  0.055036 -0.976551 -0.208131  0.721816 0.808594 2 29 0.243643 28 0.756357
0  -38.409672 -0.687556 0.165579  -0.052468 -0.989650 -0.133565  0.717100 0.771900 2 28 0.922179 29 0.077821
v_heavyArms.tga.002
0  -33.585484 1.719707 -0.201083  -0.906941 0.401801 -0.126545  0.641054 0.014577 2 21 0.260771 20 0.739229
0  -33.586174 1.596646 -0.179321  -0.999985 0.005430 -0.001141  0.637600 0.006200 2 21 0.299102 20 0.700898
0  -33.585484 1.550305 0.069031  -0.997527 0.067266 -0.020373  0.619565 0.006890 2 21 0.306533 20 0.693467
v_heavyArms.tga.002
0  -33.991074 1.599745 0.160379  0.198098 0.770567 0.605792  0.561800 0.535100 3 20 0.175553 21 0.822448 25 0.002000
0  -33.601559 1.545917 0.109647  0.694562 0.716752 -0.062045  0.563755 0.513878 3 22 0.005631 21 0.365342 20 0.629027
0  -33.987175 1.616745 0.137479  0.230498 0.973001 -0.011841  0.560300 0.534800 3 20 0.177373 21 0.822097 25 0.000529
v_heavyArms.tga.002
0  -33.593872 -0.483256 -0.791921  0.301233 -0.122930 -0.945594  0.318000 0.510800 3 20 0.645243 21 0.121273 34 0.233485
0  -33.606472 -1.025355 -0.420021  0.879042 -0.385796 -0.280084  0.282200 0.494300 3 34 0.338174 21 0.196940 20 0.464886
0  -33.982574 -1.670254 -0.735421  0.727534 -0.342846 -0.594265  0.249100 0.526000 3 20 0.101178 21 0.046636 34 0.852186
v_heavyArms.tga.002
0  -35.243271 -2.000155 0.328879  -0.108931 -0.353336 0.929133  0.798100 0.600300 3 21 0.054702 35 0.017085 34 0.928214
0  -36.018875 -1.995755 -0.029421  -0.487319 -0.644755 0.588907  0.818800 0.639900 3 21 0.066862 34 0.787262 35 0.145876
0  -35.240471 -2.012854 0.324379  -0.008713 -0.601549 0.798788  0.805500 0.601300 3 21 0.039602 35 0.038657 34 0.921741
v_heavyArms.tga.002
0  -33.985874 -1.761855 -0.283721  0.847528 -0.471963 0.242790  0.797100 0.525200 3 20 0.100586 34 0.864990 21 0.034424
0  -34.204273 -1.332854 0.381479  0.373964 -0.615776 0.693520  0.755400 0.542600 3 20 0.079550 21 0.538456 34 0.381994
0  -34.263172 -1.842955 0.150779  0.573130 -0.399620 0.715420  0.789100 0.550200 3 20 0.049884 21 0.037046 34 0.913069
v_heavyArms.tga.002
0  -38.417572 0.535445 0.030866  -0.447280 -0.893530 0.039301  0.362600 0.806400 2 25 0.916967 26 0.083033
0  -38.374973 0.461344 -0.433071  -0.988327 -0.119925 -0.093954  0.360000 0.797000 4 25 0.431091 29 0.073238 28 0.430418 26 0.065253
0  -38.344872 0.464844 0.033684  -0.993775 0.099065 0.050961  0.362900 0.803300 4 25 0.655154 28 0.263820 26 0.029029 29 0.051997
v_heavyArms.tga.002
0  -37.924973 0.446144 0.878578  -0.268922 0.112333 0.956589  0.652100 0.749200 2 25 0.517027 28 0.482973
0  -38.375214 0.633987 0.794773  -0.324267 -0.402822 0.855912  0.634700 0.773400 1 25 1.000000
0  -38.228973 0.467844 0.563779  -0.919351 -0.038060 0.391594  0.648500 0.766600 2 25 0.367372 28 0.632628
v_heavyArms.tga.002
0  -33.577324 -0.562956 -0.902121  -0.360507 -0.323005 -0.875045  0.220175 0.025200 3 34 0.131536 21 0.098012 20 0.770453
0  -32.727673 0.531144 -0.976121  0.000000 0.157526 -0.987515  0.145800 0.088600 2 20 0.951995 21 0.048005
0  -32.725075 -0.562956 -0.902121  -0.045234 -0.284837 -0.957508  0.218900 0.087000 3 20 0.945584 21 0.020671 34 0.033745
v_heavyArms.tga.002
0  -39.037750 0.589216 -0.418632  -0.109661 -0.974692 -0.194808  0.373686 0.836159 2 25 0.623162 26 0.376838
0  -38.417572 0.535445 0.030866  -0.447280 -0.893530 0.039301  0.362600 0.806400 2 25 0.916967 26 0.083033
0  -39.039043 0.580802 -0.100252  -0.071892 -0.996965 -0.029871  0.361576 0.836115 2 26 0.278030 25 0.721970
v_heavyArms.tga.002
0  -37.911373 1.469546 0.583278  -0.247013 0.278623 0.928092  0.591700 0.751000 3 22 0.480715 25 0.497484 28 0.021801
0  -38.156849 1.632387 0.496246  -0.507952 -0.319940 0.799765  0.574000 0.764200 3 22 0.631477 23 0.064872 25 0.303651
0  -38.084373 1.495844 0.383078  -0.930114 0.236947 0.280613  0.591300 0.759300 3 22 0.279490 25 0.690409 23 0.030101
v_heavyArms.tga.002
0  -35.194275 -2.368254 -1.377821  0.087232 -0.009893 -0.996139  0.196200 0.595000 2 34 0.877276 35 0.122724
0  -36.184074 -2.094655 -0.778721  -0.932222 0.136348 -0.335218  0.204700 0.661800 3 21 0.038433 35 0.168303 34 0.793264
0  -35.461472 -1.599255 -1.160421  -0.165383 0.214663 -0.962584  0.237400 0.615900 3 21 0.025422 34 0.944716 35 0.029862
v_heavyArms.tga.002
0  -37.838272 -0.755056 0.886178  -0.262208 -0.139204 0.954919  0.718200 0.741700 3 21 0.002249 28 0.496929 31 0.500822
0  -38.363773 -0.539199 0.765983  -0.325570 -0.521420 0.788749  0.699400 0.763800 2 28 0.991828 29 0.008172
0  -38.159473 -0.701755 0.576278  -0.868589 -0.226527 0.440724  0.718600 0.754800 2 28 0.488027 31 0.511973
v_heavyArms.tga.002
0  -38.156849 1.632387 0.496246  -0.507952 -0.319940 0.799765  0.574000 0.764200 3 22 0.631477 23 0.064872 25 0.303651
0  -38.143673 1.510245 -0.001422  -0.981484 -0.109379 0.157240  0.591100 0.773000 3 22 0.308495 25 0.575055 23 0.116451
0  -38.084373 1.495844 0.383078  -0.930114 0.236947 0.280613  0.591300 0.759300 3 22 0.279490 25 0.690409 23 0.030101
v_heavyArms.tga.002
0  -38.056473 1.400944 -0.435577  -0.353678 0.864782 -0.356460  0.412800 0.791800 4 25 0.739335 22 0.141098 23 0.055823 26 0.063745
0  -38.937222 1.362649 -0.694265  0.070042 0.548196 -0.833412  0.409890 0.840368 2 26 0.355180 25 0.644820
0  -38.938038 1.483508 -0.459697  0.093620 0.959239 -0.266640  0.416843 0.839206 3 26 0.321258 22 0.001502 25 0.677240
v_heavyArms.tga.002
0  -41.607685 -1.313056 -1.128923  -0.873296 0.309423 -0.376314  0.240900 0.942600 1 33 1.000000
0  -41.596081 -1.713357 -0.975823  -0.890063 -0.451596 -0.062046  0.222700 0.947600 1 33 1.000000
0  -41.630383 -1.272757 -0.923622  -0.931450 0.363853 0.003410  0.243200 0.950700 1 33 1.000000
v_heavyArms.tga.002
0  -41.325359 1.513689 -0.981080  -0.269901 0.962694 -0.019352  0.573301 0.959550 1 27 1.000000
0  -40.249374 1.553950 -0.508522  -0.283153 0.735823 0.615134  0.573103 0.896863 2 26 0.151141 27 0.848859
0  -40.243298 1.568879 -0.523578  -0.067368 0.995333 0.069097  0.571610 0.896732 2 26 0.147630 27 0.852370
v_heavyArms.tga.002
0  -32.727673 0.136545 1.149079  -0.952263 0.001808 0.305273  0.478200 0.081200 2 20 0.967311 21 0.032689
0  -32.628372 -1.205236 1.136791  -0.673864 -0.465236 0.573988  0.397300 0.106300 3 20 0.996752 21 0.001691 34 0.001557
0  -32.630875 0.104638 1.448681  -0.636859 0.008972 0.770928  0.477400 0.100200 1 20 1.000000
v_heavyArms.tga.002
0  -31.881073 1.368375 1.475558  -0.299635 0.489432 0.818948  0.548300 0.142900 1 20 1.000000
0  -30.625973 0.048893 1.984763  -0.156474 -0.027343 0.987304  0.481300 0.208200 1 20 1.000000
0  -30.601871 1.518017 1.675384  -0.108358 0.547697 0.829630  0.552000 0.207400 1 20 1.000000
v_heavyArms.tga.002
0  -36.639973 -0.742256 1.074878  -0.012443 -0.235567 0.971778  0.713400 0.676300 2 21 0.909620 34 0.090380
0  -35.209873 -1.536654 0.578479  0.116398 -0.504578 0.855484  0.760300 0.599900 3 20 0.001729 21 0.592746 34 0.405525
0  -34.478672 -0.754856 0.863479  0.098593 -0.381400 0.919138  0.714600 0.561400 3 20 0.085001 21 0.766242 34 0.148758
v_heavyArms.tga.002
0  -35.209873 -1.536654 0.578479  0.116398 -0.504578 0.855484  0.760300 0.599900 3 20 0.001729 21 0.592746 34 0.405525
0  -36.639973 -0.742256 1.074878  -0.012443 -0.235567 0.971778  0.713400 0.676300 2 21 0.909620 34 0.090380
0  -36.304871 -1.894854 0.587179  0.097484 -0.786464 0.609895  0.777400 0.658200 3 21 0.809266 35 0.005703 34 0.185031
v_heavyArms.tga.002
0  -36.025772 -1.981154 -0.028421  0.028802 -0.964429 0.262768  0.817700 0.640800 3 21 0.094290 34 0.761870 35 0.143840
0  -35.209873 -1.536654 0.578479  0.116398 -0.504578 0.855484  0.760300 0.599900 3 20 0.001729 21 0.592746 34 0.405525
0  -36.304871 -1.894854 0.587179  0.097484 -0.786464 0.609895  0.777400 0.658200 3 21 0.809266 35 0.005703 34 0.185031
v_heavyArms.tga.002
0  -35.209873 -1.536654 0.578479  0.116398 -0.504578 0.855484  0.760300 0.599900 3 20 0.001729 21 0.592746 34 0.405525
0  -36.025772 -1.981154 -0.028421  0.028802 -0.964429 0.262768  0.817700 0.640800 3 21 0.094290 34 0.761870 35 0.143840
0  -35.243271 -2.000155 0.328879  -0.116764 -0.464352 0.877920  0.798100 0.600300 3 21 0.054702 35 0.017085 34 0.928214
v_heavyArms.tga.002
0  -39.000057 1.532955 -0.092362  0.086777 0.989974 0.111452  0.581668 0.819473 2 26 0.265920 25 0.734080
0  -38.111572 1.415644 -0.038766  -0.419157 0.269663 -0.866943  0.590000 0.780000 4 25 0.764452 22 0.142937 23 0.055813 26 0.036798
0  -38.962181 1.509591 -0.124219  0.147535 0.872349 -0.466091  0.579922 0.818501 2 26 0.255488 25 0.744512
v_heavyArms.tga.002
0  -36.081272 -2.224656 -0.132521  -0.764917 -0.007388 0.644086  0.838800 0.640500 2 35 0.281611 34 0.718389
0  -36.141373 -2.033955 -0.433321  -0.981666 0.028561 0.188457  0.840900 0.655400 3 21 0.046946 35 0.210694 34 0.742359
0  -36.146374 -2.203355 -0.483121  -0.969579 0.179884 0.166010  0.852000 0.656700 2 34 0.699636 35 0.300364
v_heavyArms.tga.002
0  -37.401440 -0.606169 -0.804202  -0.108217 0.031564 -0.993626  0.309559 0.735179 4 21 0.157532 31 0.504643 28 0.335375 34 0.002450
0  -38.237175 0.464844 -0.826509  -0.300005 0.032737 -0.953376  0.362800 0.781500 3 28 0.946698 26 0.014119 29 0.039183
0  -37.446442 0.393184 -0.758575  -0.001027 0.019895 -0.999802  0.359106 0.738323 3 28 0.718821 21 0.278863 31 0.002316
v_heavyArms.tga.002
0  -32.627472 -0.802021 -1.161138  -0.618720 -0.305200 -0.723905  0.229200 0.104900 2 20 0.998384 34 0.001616
0  -31.894772 0.681112 -1.475026  -0.256868 0.125566 -0.958255  0.143000 0.147100 1 20 1.000000
0  -31.890774 -0.653944 -1.347795  -0.195170 -0.250144 -0.948334  0.215500 0.146100 1 20 1.000000
v_heavyArms.tga.002
0  -38.363773 -0.539199 0.765983  -0.325570 -0.521420 0.788749  0.699400 0.763800 2 28 0.991828 29 0.008172
0  -38.262772 -0.728856 0.165278  -0.970405 -0.027148 0.239953  0.722000 0.767900 4 28 0.491913 31 0.481307 29 0.011964 32 0.014815
0  -38.159473 -0.701755 0.576278  -0.868589 -0.226527 0.440724  0.718600 0.754800 2 28 0.488027 31 0.511973
v_heavyArms.tga.002
0  -38.358273 0.306201 0.755783  -0.365533 0.519709 0.772197  0.666300 0.768800 3 28 0.994226 29 0.003668 31 0.002106
0  -37.924973 0.446144 0.878578  -0.268922 0.112333 0.956589  0.652100 0.749200 2 25 0.517027 28 0.482973
0  -38.228973 0.467844 0.563779  -0.919351 -0.038060 0.391594  0.648500 0.766600 2 25 0.367372 28 0.632628
v_heavyArms.tga.002
0  -41.100842 -1.215352 -1.263475  0.052895 0.655701 -0.753166  0.245800 0.923000 1 33 1.000000
0  -41.454441 -1.670953 -1.331174  -0.372705 -0.394945 -0.839708  0.226400 0.936200 1 33 1.000000
0  -41.485043 -1.314551 -1.284575  -0.423684 0.416078 -0.804594  0.240400 0.938200 1 33 1.000000
v_heavyArms.tga.002
0  -41.521935 -0.502712 -0.341044  -0.505167 -0.574804 0.643744  0.715321 0.956443 1 30 1.000000
0  -41.774773 0.152845 -0.656358  -0.850810 0.422061 0.313029  0.685400 0.978100 1 30 1.000000
0  -41.781273 -0.406656 -0.665757  -0.876949 -0.305020 0.371380  0.712500 0.976600 1 30 1.000000
v_heavyArms.tga.002
0  -34.363174 -1.405755 -0.865221  0.318818 0.298415 -0.899613  0.259300 0.552200 1 34 1.000000
0  -33.985672 -1.702355 -0.748020  0.691217 -0.374289 -0.618164  0.245900 0.529600 3 20 0.067491 21 0.015295 34 0.917215
0  -34.356575 -1.462155 -0.881621  0.341666 0.165556 -0.925124  0.255200 0.553300 1 34 1.000000
v_heavyArms.tga.002
0  -41.372124 0.882477 -0.935957  -0.364532 -0.921835 0.131670  0.612716 0.968578 1 27 1.000000
0  -41.508041 0.977162 -0.628995  -0.766955 -0.456854 0.450626  0.606366 0.965156 1 27 1.000000
0  -41.516483 0.969970 -0.953789  -0.847161 -0.479587 -0.228722  0.605221 0.973523 1 27 1.000000
v_heavyArms.tga.002
0  -38.084373 1.495844 0.383078  -0.930114 0.236947 0.280613  0.591300 0.759300 3 22 0.279490 25 0.690409 23 0.030101
0  -38.195171 1.426745 0.016278  -0.412902 0.904796 0.104192  0.593200 0.778800 4 25 0.806268 22 0.123624 23 0.031867 26 0.038242
0  -38.246414 1.395586 0.606373  -0.102590 0.696909 0.709784  0.610000 0.770200 3 25 0.902426 22 0.074901 28 0.022673
v_heavyArms.tga.002
0  -38.195171 1.426745 0.016278  -0.412902 0.904796 0.104192  0.593200 0.778800 4 25 0.806268 22 0.123624 23 0.031867 26 0.038242
0  -38.084373 1.495844 0.383078  -0.930114 0.236947 0.280613  0.591300 0.759300 3 22 0.279490 25 0.690409 23 0.030101
0  -38.143673 1.510245 -0.001422  -0.981484 -0.109379 0.157240  0.591100 0.773000 3 22 0.308495 25 0.575055 23 0.116451
v_heavyArms.tga.002
0  -40.143372 2.046644 -0.638522  -0.528446 -0.811863 0.248241  0.544900 0.917300 1 24 1.000000
0  -40.208557 2.155649 -0.417432  -0.742993 -0.345029 0.573513  0.538900 0.909200 1 24 1.000000
0  -40.263771 2.133946 -0.712423  -0.917955 -0.393112 -0.053114  0.537300 0.923400 1 24 1.000000
v_heavyArms.tga.002
0  -34.204273 -1.332854 0.381479  0.373964 -0.615776 0.693520  0.755400 0.542600 3 20 0.079550 21 0.538456 34 0.381994
0  -33.603672 -1.099854 -0.141121  0.729348 -0.682334 0.049715  0.765900 0.499000 3 20 0.447394 21 0.132738 34 0.419868
0  -33.600273 -1.190154 0.196579  0.248383 -0.966445 0.065496  0.750800 0.507900 3 34 0.282394 21 0.126136 20 0.591470
v_heavyArms.tga.002
0  -33.600273 -1.190154 0.196579  -0.998783 -0.047191 0.014304  0.338000 0.007100 3 34 0.282394 21 0.126136 20 0.591470
0  -33.594669 -0.923644 0.844399  -0.796502 -0.445885 0.408375  0.394723 0.017923 3 20 0.728297 21 0.156938 34 0.114764
0  -33.594475 -0.858655 0.755179  -0.999989 0.004481 0.001078  0.395100 0.009300 3 20 0.720299 21 0.163843 34 0.115859
v_heavyArms.tga.002
0  -22.191187 1.635959 1.739446  -0.061789 0.561634 0.825075  0.579333 0.259736 2 19 0.016402 20 0.983598
0  -20.177172 2.783024 0.789939  -0.048423 0.862541 0.503665  0.635951 0.326994 2 19 0.498455 20 0.501545
0  -22.177919 2.578195 0.733484  -0.069584 0.857684 0.509446  0.635951 0.260371 2 19 0.022308 20 0.977692
v_heavyArms.tga.002
0  -22.215584 0.019593 2.361136  -0.074477 0.060962 0.995358  0.507034 0.258568 2 20 0.974243 19 0.025757
0  -20.191307 1.743562 1.909928  -0.050127 0.561363 0.826050  0.579333 0.326359 2 19 0.478868 20 0.521132
0  -22.191187 1.635959 1.739446  -0.061789 0.561634 0.825075  0.579333 0.259736 2 19 0.016402 20 0.983598
v_heavyArms.tga.002
0  -22.208416 -0.924976 -1.826494  -0.005685 -0.262161 -0.965007  0.225169 0.258910 2 20 0.970610 19 0.029390
0  -20.204273 -2.049462 -1.247377  -0.055655 -0.698254 -0.713683  0.280220 0.325713 2 19 0.658299 20 0.341701
0  -22.204670 -2.125754 -1.276475  -0.001750 -0.703098 -0.711091  0.280220 0.259090 2 20 0.934281 19 0.065719
v_heavyArms.tga.002
0  -22.180700 2.352285 -1.453089  -0.088658 0.681647 -0.726290  0.083685 0.260238 2 19 0.024844 20 0.975156
0  -20.217302 0.832505 -2.252391  -0.069701 0.058580 -0.995846  0.152033 0.325191 2 19 0.481791 20 0.518209
0  -22.215584 0.809997 -1.998419  -0.062026 0.102325 -0.992815  0.152033 0.258567 2 20 0.985507 19 0.014493
v_heavyArms.tga.002
0  -22.177919 2.578195 0.733484  -0.069584 0.857684 0.509446  0.635951 0.260371 2 19 0.022308 20 0.977692
0  -20.182419 3.123946 -0.259924  -0.052070 0.997508 -0.047602  0.676103 0.326758 2 19 0.501604 20 0.498396
0  -22.182842 2.886943 -0.209212  -0.080805 0.995832 -0.042306  0.676103 0.260135 2 19 0.027324 20 0.972676
v_heavyArms.tga.002
0  -22.204670 -2.125754 -1.276475  -0.001750 -0.703098 -0.711091  0.280220 0.259090 2 20 0.934281 19 0.065719
0  -20.198673 -2.648030 0.015297  -0.061042 -0.997361 -0.039315  0.338416 0.326000 2 19 0.740837 20 0.259163
0  -22.198679 -2.744214 0.015807  0.000487 -0.999311 -0.037115  0.338416 0.259377 2 20 0.919967 19 0.080033
v_heavyArms.tga.002
0  -22.215584 0.809997 -1.998419  -0.062026 0.102325 -0.992815  0.152033 0.258567 2 20 0.985507 19 0.014493
0  -20.207773 -0.887258 -1.784646  -0.069759 -0.323498 -0.943654  0.225169 0.325534 2 19 0.353414 20 0.646586
0  -22.208416 -0.924976 -1.826494  -0.005685 -0.262161 -0.965007  0.225169 0.258910 2 20 0.970610 19 0.029390
v_heavyArms.tga.002
0  -22.198679 -2.744214 0.015807  0.000487 -0.999311 -0.037115  0.338818 0.259377 2 20 0.919967 19 0.080033
0  -20.209675 -1.956692 1.808823  -0.042161 -0.699097 0.713783  0.418618 0.325437 2 19 0.694201 20 0.305799
0  -22.210449 -2.029852 1.851521  -0.025144 -0.676590 0.735931  0.418618 0.258813 2 20 0.927651 19 0.072349
v_heavyArms.tga.002
0  -22.182842 2.886943 -0.209212  -0.080805 0.995832 -0.042306  0.028772 0.260135 2 19 0.027324 20 0.972676
0  -20.180136 2.533726 -1.644761  -0.052335 0.683985 -0.727616  0.083686 0.326861 2 19 0.499738 20 0.500262
0  -22.180700 2.352285 -1.453089  -0.088658 0.681647 -0.726290  0.083685 0.260238 2 19 0.024844 20 0.975156
v_heavyArms.tga.002
0  -22.210449 -2.029852 1.851521  -0.025144 -0.676590 0.735931  0.418618 0.258813 2 20 0.927651 19 0.072349
0  -20.217302 -0.039427 2.602408  -0.036633 0.003083 0.999324  0.507035 0.325191 2 19 0.319669 20 0.680331
0  -22.215584 0.019593 2.361136  -0.074477 0.060962 0.995358  0.507034 0.258568 2 20 0.974243 19 0.025757
v_heavyArms.tga.002
0  -20.177172 2.783024 0.789939  -0.048423 0.862541 0.503665  0.635951 0.326994 2 19 0.498455 20 0.501545
0  -18.182695 3.096077 -0.229257  -0.022978 0.998860 -0.041847  0.676103 0.460472 2 19 0.952188 20 0.047812
0  -20.182419 3.123946 -0.259924  -0.052070 0.997508 -0.047602  0.676103 0.326758 2 19 0.501604 20 0.498396
v_heavyArms.tga.002
0  -20.217302 0.832505 -2.252391  -0.069701 0.058580 -0.995846  0.152033 0.325191 2 19 0.481791 20 0.518209
0  -18.208508 -1.017485 -2.005266  -0.068162 -0.283354 -0.956590  0.225169 0.459248 2 19 0.941417 20 0.058583
0  -20.207773 -0.887258 -1.784646  -0.069759 -0.323498 -0.943654  0.225169 0.325534 2 19 0.353414 20 0.646586
v_heavyArms.tga.002
0  -20.198673 -2.648030 0.015297  -0.061042 -0.997361 -0.039315  0.338818 0.326001 2 19 0.740837 20 0.259163
0  -18.210560 -2.209511 2.033319  -0.115918 -0.661351 0.741065  0.418618 0.459151 2 19 0.950604 20 0.049396
0  -20.209675 -1.956692 1.808823  -0.042161 -0.699097 0.713783  0.418618 0.325437 2 19 0.694201 20 0.305799
v_heavyArms.tga.002
0  -20.191307 1.743562 1.909928  -0.050127 0.561363 0.826050  0.579333 0.326359 2 19 0.478868 20 0.521132
0  -18.177725 2.762540 0.806274  -0.025388 0.862707 0.505067  0.635951 0.460708 2 19 0.954998 20 0.045002
0  -20.177172 2.783024 0.789939  -0.048423 0.862541 0.503665  0.635951 0.326994 2 19 0.498455 20 0.501545
v_heavyArms.tga.002
0  -20.180136 2.533726 -1.644761  -0.052335 0.683985 -0.727616  0.083686 0.326861 2 19 0.499738 20 0.500262
0  -18.215744 0.854610 -2.194439  -0.011557 0.122530 -0.992398  0.152034 0.458905 2 19 0.956867 20 0.043133
0  -20.217302 0.832505 -2.252391  -0.069701 0.058580 -0.995846  0.152033 0.325191 2 19 0.481791 20 0.518209
v_heavyArms.tga.002
0  -20.217302 -0.039427 2.602408  -0.036633 0.003083 0.999324  0.507035 0.325191 2 19 0.319669 20 0.680331
0  -18.191116 1.745625 1.910613  -0.027616 0.564569 0.824924  0.579333 0.460073 2 19 0.953666 20 0.046334
0  -20.191307 1.743562 1.909928  -0.050127 0.561363 0.826050  0.579333 0.326359 2 19 0.478868 20 0.521132
v_heavyArms.tga.002
0  -20.209675 -1.956692 1.808823  -0.042161 -0.699097 0.713783  0.418618 0.325437 2 19 0.694201 20 0.305799
0  -18.215744 0.001748 2.593523  -0.046820 0.048335 0.997733  0.507035 0.458905 2 19 0.937181 20 0.062819
0  -20.217302 -0.039427 2.602408  -0.036633 0.003083 0.999324  0.507035 0.325191 2 19 0.319669 20 0.680331
v_heavyArms.tga.002
0  -20.182419 3.123946 -0.259924  -0.052070 0.997508 -0.047602  0.028772 0.326758 2 19 0.501604 20 0.498396
0  -18.180532 2.518578 -1.594910  -0.018334 0.687831 -0.725639  0.083686 0.460575 2 19 0.954137 20 0.045863
0  -20.180136 2.533726 -1.644761  -0.052335 0.683985 -0.727616  0.083686 0.326861 2 19 0.499738 20 0.500262
v_heavyArms.tga.002
0  -20.207773 -0.887258 -1.784646  -0.069759 -0.323498 -0.943654  0.225169 0.325534 2 19 0.353414 20 0.646586
0  -18.204727 -2.313446 -1.401533  -0.102501 -0.703952 -0.702812  0.280220 0.459427 2 19 0.949862 20 0.050138
0  -20.204273 -2.049462 -1.247377  -0.055655 -0.698254 -0.713683  0.280220 0.325713 2 19 0.658299 20 0.341701
v_heavyArms.tga.002
0  -20.204273 -2.049462 -1.247377  -0.055655 -0.698254 -0.713683  0.280220 0.325713 2 19 0.658299 20 0.341701
0  -18.198679 -2.980749 0.017995  -0.114660 -0.992718 -0.036942  0.338416 0.459714 2 19 0.957746 20 0.042254
0  -20.198673 -2.648030 0.015297  -0.061042 -0.997361 -0.039315  0.338416 0.326000 2 19 0.740837 20 0.259163
v_heavyArms.tga.002
0  -18.177725 2.762540 0.806274  -0.025388 0.862707 0.505067  0.598292 0.204066 2 19 0.954998 20 0.045002
0  -10.681357 3.539271 -0.268067  -0.059471 0.997280 -0.043552  0.635018 0.436485 1 19 1.000000
0  -18.182695 3.096077 -0.229257  -0.022978 0.998860 -0.041847  0.635018 0.203850 2 19 0.952188 20 0.047812
v_heavyArms.tga.002
0  -18.204727 -2.313446 -1.401533  -0.102501 -0.703952 -0.702812  0.273184 0.202894 2 19 0.949862 20 0.050138
0  -10.698685 -3.482418 0.022238  -0.067267 -0.997072 -0.036382  0.326414 0.435792 1 19 1.000000
0  -18.198679 -2.980749 0.017995  -0.114660 -0.992718 -0.036942  0.326414 0.203157 2 19 0.957746 20 0.042254
v_heavyArms.tga.002
0  -18.208508 -1.017485 -2.005266  -0.068162 -0.283354 -0.956590  0.222829 0.202730 2 19 0.941417 20 0.058583
0  -10.705242 -2.711311 -1.644343  -0.060930 -0.711322 -0.700220  0.273184 0.435529 1 19 1.000000
0  -18.204727 -2.313446 -1.401533  -0.102501 -0.703952 -0.702812  0.273184 0.202894 2 19 0.949862 20 0.050138
v_heavyArms.tga.002
0  -18.182695 3.096077 -0.229257  -0.022978 0.998860 -0.041847  0.043190 0.203850 2 19 0.952188 20 0.047812
0  -10.679012 2.871973 -1.871374  -0.058596 0.693669 -0.717907  0.093418 0.436579 1 19 1.000000
0  -18.180532 2.518578 -1.594910  -0.018334 0.687831 -0.725639  0.093418 0.203944 2 19 0.954137 20 0.045863
v_heavyArms.tga.002
0  -18.210560 -2.209511 2.033319  -0.115918 -0.661351 0.741065  0.399502 0.202641 2 19 0.950604 20 0.049396
0  -10.717185 -0.036188 3.045423  -0.059249 0.063212 0.996240  0.480375 0.435051 1 19 1.000000
0  -18.215744 0.001748 2.593523  -0.046820 0.048335 0.997733  0.480375 0.202416 2 19 0.937181 20 0.062819
v_heavyArms.tga.002
0  -18.215744 0.001748 2.593523  -0.046820 0.048335 0.997733  0.480375 0.202416 2 19 0.937181 20 0.062819
0  -10.690487 1.978794 2.244014  -0.054723 0.570526 0.819454  0.546504 0.436120 1 19 1.000000
0  -18.191116 1.745625 1.910613  -0.027616 0.564569 0.824924  0.546504 0.203485 2 19 0.953666 20 0.046334
v_heavyArms.tga.002
0  -18.180532 2.518578 -1.594910  -0.018334 0.687831 -0.725639  0.093418 0.203944 2 19 0.954137 20 0.045863
0  -10.717185 0.949232 -2.574757  -0.051335 0.125737 -0.990735  0.155934 0.435051 1 19 1.000000
0  -18.215744 0.854610 -2.194439  -0.011557 0.122530 -0.992398  0.155934 0.202416 2 19 0.956867 20 0.043133
v_heavyArms.tga.002
0  -18.191116 1.745625 1.910613  -0.027616 0.564569 0.824924  0.546504 0.203485 2 19 0.953666 20 0.046334
0  -10.675968 3.153872 0.947732  -0.055241 0.866256 0.496537  0.598292 0.436701 1 19 1.000000
0  -18.177725 2.762540 0.806274  -0.025388 0.862707 0.505067  0.598292 0.204066 2 19 0.954998 20 0.045002
v_heavyArms.tga.002
0  -18.198679 -2.980749 0.017995  -0.114660 -0.992718 -0.036942  0.326511 0.203157 2 19 0.957746 20 0.042254
0  -10.711567 -2.591217 2.388268  -0.068379 -0.668211 0.740823  0.399502 0.435276 1 19 1.000000
0  -18.210560 -2.209511 2.033319  -0.115918 -0.661351 0.741065  0.399502 0.202641 2 19 0.950604 20 0.049396
v_heavyArms.tga.002
0  -18.215744 0.854610 -2.194439  -0.011557 0.122530 -0.992398  0.155934 0.202416 2 19 0.956867 20 0.043133
0  -10.709340 -1.213850 -2.352807  -0.051791 -0.270040 -0.961455  0.222830 0.435365 1 19 1.000000
0  -18.208508 -1.017485 -2.005266  -0.068162 -0.283354 -0.956590  0.222829 0.202730 2 19 0.941417 20 0.058583
v_heavyArms.tga.002
0  -39.035992 0.275832 0.575146  -0.236649 0.612784 0.753985  0.671840 0.804081 2 29 0.150812 28 0.849188
0  -38.363773 -0.539199 0.765983  -0.325570 -0.521420 0.788749  0.699400 0.763800 2 28 0.991828 29 0.008172
0  -38.358273 0.306201 0.755783  -0.365533 0.519709 0.772197  0.666300 0.768800 3 28 0.994226 29 0.003668 31 0.002106
v_heavyArms.tga.002
0  -38.366772 -0.651855 0.213878  -0.302303 -0.934290 0.188984  0.715200 0.770500 2 28 0.930000 29 0.070000
0  -39.009933 -0.567958 0.586966  -0.193946 -0.636163 0.746781  0.705034 0.799811 2 29 0.166488 28 0.833512
0  -38.982609 -0.663918 0.078860  -0.032315 -0.982436 0.183782  0.720226 0.807300 2 29 0.222088 28 0.777912
v_heavyArms.tga.002
0  -40.135361 -0.657008 -0.327382  0.060737 -0.953811 -0.294203  0.728029 0.880983 3 28 0.006007 30 0.156621 29 0.837372
0  -39.087708 -0.664475 -0.007271  0.246840 -0.454795 -0.855705  0.724504 0.814917 2 29 0.771444 28 0.228556
0  -39.105190 -0.694429 0.003594  0.031215 -0.979445 -0.199281  0.722510 0.815140 2 29 0.771081 28 0.228919
v_heavyArms.tga.002
0  -38.358273 0.306201 0.755783  -0.365533 0.519709 0.772197  0.666300 0.768800 3 28 0.994226 29 0.003668 31 0.002106
0  -39.013348 0.402003 0.053227  -0.043673 0.975911 0.213753  0.657119 0.813666 3 25 0.053947 28 0.737392 29 0.208661
0  -39.035992 0.275832 0.575146  -0.236649 0.612784 0.753985  0.671840 0.804081 2 29 0.150812 28 0.849188
v_heavyArms.tga.002
0  -41.142681 -1.914956 -0.849123  -0.108671 -0.993183 -0.042162  0.819500 0.933000 1 33 1.000000
0  -40.176838 -1.891931 -0.602256  0.200600 -0.604816 -0.770686  0.820704 0.870529 2 33 0.863574 32 0.136426
0  -40.188770 -1.939117 -0.568365  -0.009147 -0.998651 -0.051117  0.817518 0.870709 2 33 0.866805 32 0.133195
v_heavyArms.tga.002
0  -40.304771 -1.099753 0.097509  -0.351045 0.535637 0.768024  0.759863 0.872477 2 32 0.212251 33 0.787749
0  -41.273422 -1.807784 -0.395590  -0.376411 -0.684955 0.623820  0.801400 0.929200 1 33 1.000000
0  -40.272987 -1.833800 -0.034964  -0.244862 -0.712240 0.657842  0.794715 0.867226 2 33 0.832833 32 0.167167
v_heavyArms.tga.002
0  -38.120110 -1.630611 -0.819216  -0.007369 -0.375458 -0.926810  0.230700 0.777400 3 31 0.813121 32 0.087401 28 0.099479
0  -38.956806 -1.008226 -0.764302  -0.051883 0.648893 -0.759108  0.257725 0.825760 3 28 0.072447 32 0.379926 31 0.547627
0  -38.223911 -0.918310 -0.740885  -0.207905 0.496696 -0.842656  0.260500 0.782300 3 32 0.115091 31 0.634516 28 0.250393
v_heavyArms.tga.002
0  -41.123882 -1.064057 -0.720323  -0.250577 0.941767 0.224246  0.757700 0.942800 1 33 1.000000
0  -40.240814 -0.991393 -0.367983  -0.340434 0.495962 0.798828  0.744801 0.884599 2 33 0.787502 32 0.212498
0  -40.246353 -0.963706 -0.387522  -0.177946 0.965437 0.190439  0.742564 0.886260 2 33 0.797511 32 0.202489
v_heavyArms.tga.002
0  -40.241863 -0.993710 -0.432236  0.105743 0.829894 -0.547808  0.685232 0.890239 2 32 0.187269 33 0.812731
0  -41.123882 -1.064057 -0.720323  -0.250577 0.941767 0.224246  0.757700 0.942800 1 33 1.000000
0  -40.246353 -0.963706 -0.387522  -0.177946 0.965437 0.190439  0.742564 0.886260 2 33 0.797511 32 0.202489
v_heavyArms.tga.002
0  -40.192627 -1.915081 -0.545758  -0.068883 -0.986474 0.148745  0.815812 0.870630 2 32 0.131177 33 0.868823
0  -41.273422 -1.807784 -0.395590  -0.376411 -0.684955 0.623820  0.801400 0.929200 1 33 1.000000
0  -41.148281 -1.890757 -0.826823  -0.167857 -0.975952 0.139072  0.818000 0.932900 1 33 1.000000
v_heavyArms.tga.002
0  -38.331272 -0.826956 0.113378  -0.587165 0.299180 0.752149  0.726600 0.773000 3 31 0.700193 32 0.055963 28 0.243844
0  -39.033913 -0.862130 -0.078796  -0.127175 0.987056 0.097713  0.728112 0.824647 3 32 0.313462 31 0.635612 28 0.050927
0  -39.021843 -0.888445 -0.046610  -0.220371 0.713046 0.665584  0.731679 0.821781 3 28 0.049090 32 0.294020 31 0.656890
v_heavyArms.tga.002
0  -38.331272 -0.826956 0.113378  -0.466309 0.862670 0.195849  0.726600 0.773000 3 31 0.700193 32 0.055963 28 0.243844
0  -39.034595 -1.000762 0.487986  -0.311267 0.532508 0.787114  0.748141 0.807646 2 32 0.160102 31 0.839898
0  -38.327896 -0.950441 0.741011  -0.428616 0.322493 0.843971  0.743800 0.761000 2 31 0.829052 28 0.170948
v_heavyArms.tga.002
0  -38.868576 -1.845278 -0.623639  0.052411 -0.909766 -0.411799  0.218090 0.821569 2 32 0.349757 31 0.650243
0  -38.090374 -1.878354 -0.367822  -0.042401 -0.969593 -0.241021  0.205700 0.784400 3 31 0.923737 32 0.074943 28 0.001320
0  -38.881447 -1.897718 -0.373739  0.027238 -0.978871 -0.202655  0.205282 0.824264 2 32 0.319260 31 0.680740
v_heavyArms.tga.002
0  -40.230656 -1.053229 -0.687484  -0.043720 0.973715 -0.223533  0.260268 0.878469 2 32 0.157124 33 0.842876
0  -41.100842 -1.215352 -1.263475  0.052895 0.655701 -0.753166  0.245800 0.923000 1 33 1.000000
0  -41.121834 -1.164714 -0.998962  -0.048532 0.974839 -0.217564  0.253164 0.924004 1 33 1.000000
v_heavyArms.tga.002
0  -38.089672 -1.919457 -0.331522  -0.022747 -0.999693 -0.009847  0.821400 0.753700 2 31 0.928241 32 0.071759
0  -38.890556 -1.926867 -0.315528  -0.001880 -0.689973 0.723833  0.815332 0.803275 2 32 0.298759 31 0.701241
0  -38.889061 -1.951066 -0.338591  0.034644 -0.996636 -0.074277  0.817285 0.803389 2 31 0.687656 32 0.312344
v_heavyArms.tga.002
0  -41.122986 -1.093556 -0.708823  -0.245053 0.954288 0.171123  0.758900 0.942000 1 33 1.000000
0  -40.304771 -1.099753 0.097509  -0.351045 0.535637 0.768024  0.759863 0.872477 2 32 0.212251 33 0.787749
0  -40.240814 -0.991393 -0.367983  -0.181027 0.963069 0.199317  0.744801 0.884599 2 33 0.787502 32 0.212498
v_heavyArms.tga.002
0  -33.601582 1.545213 0.110553  0.442584 0.895952 0.037270  0.616501 0.007252 3 22 0.004026 21 0.361236 20 0.634738
0  -33.599884 1.545579 0.115868  0.176870 0.981216 0.077020  0.616036 0.007434 3 22 0.006219 21 0.372334 20 0.621447
0  -33.601765 1.544796 0.108329  -0.028806 0.924592 -0.379869  0.616775 0.007027 3 22 0.003124 21 0.355266 20 0.641610
v_heavyArms.tga.002
0  -33.568878 1.740008 -0.204253  -0.403290 0.883253 -0.239211  0.641600 0.015900 2 21 0.222329 20 0.777671
0  -33.585484 1.719707 -0.201083  -0.906941 0.401801 -0.126545  0.641054 0.014577 2 21 0.260771 20 0.739229
0  -33.585281 1.702816 -0.121679  -0.943840 0.324081 0.064317  0.635568 0.013744 2 21 0.272126 20 0.727874
v_heavyArms.tga.002
0  -33.576176 -1.162656 -0.477921  -0.423301 -0.722423 -0.546737  0.277541 0.022127 3 34 0.214564 21 0.130801 20 0.654635
0  -33.593872 -0.552972 -0.888317  -0.894579 -0.129389 -0.427770  0.219699 0.022873 3 34 0.184112 21 0.131839 20 0.684049
0  -33.577324 -0.562956 -0.902121  -0.360507 -0.323005 -0.875045  0.220175 0.025200 3 34 0.131536 21 0.098012 20 0.770453
v_heavyArms.tga.002
0  -33.574291 -1.384035 0.166579  -0.387029 -0.917760 0.089020  0.331430 0.021510 3 34 0.214419 21 0.096155 20 0.689425
0  -33.594429 -1.144322 -0.467677  -0.895231 -0.352622 -0.272433  0.277233 0.019391 3 34 0.301148 21 0.186205 20 0.512648
0  -33.576176 -1.162656 -0.477921  -0.423301 -0.722423 -0.546737  0.277541 0.022127 3 34 0.214564 21 0.130801 20 0.654635
v_heavyArms.tga.002
0  -33.577324 -0.562956 -0.902121  -0.360507 -0.323005 -0.875045  0.220175 0.025200 3 34 0.131536 21 0.098012 20 0.770453
0  -33.596249 0.528259 -0.961129  -0.896159 0.069542 -0.438251  0.144011 0.028159 3 21 0.189708 20 0.774017 34 0.036275
0  -33.579746 0.531144 -0.976121  -0.348501 0.145294 -0.925979  0.144034 0.030330 3 21 0.138669 20 0.840609 34 0.020722
v_heavyArms.tga.002
0  -33.579746 0.531144 -0.976121  -0.348501 0.145294 -0.925979  0.144034 0.030330 3 21 0.138669 20 0.840609 34 0.020722
0  -33.584789 1.289755 -0.667545  -0.898352 0.242747 -0.366111  0.090513 0.031246 2 21 0.237811 20 0.762189
0  -33.568157 1.301642 -0.679018  -0.358367 0.526105 -0.771224  0.090292 0.033394 2 21 0.186369 20 0.813631
v_heavyArms.tga.002
0  -33.568157 1.301642 -0.679018  -0.358367 0.526105 -0.771224  0.090292 0.033394 2 21 0.186369 20 0.813631
0  -33.585484 1.719707 -0.201083  -0.906941 0.401801 -0.126545  0.048809 0.031554 2 21 0.260771 20 0.739229
0  -33.568878 1.740008 -0.204253  -0.403290 0.883253 -0.239211  0.048087 0.033802 2 21 0.222329 20 0.777671
v_heavyArms.tga.002
0  -33.567268 1.630446 0.368979  -0.392506 0.820818 0.414967  0.601242 0.018950 2 21 0.208760 20 0.791240
0  -33.588280 1.033091 0.958285  -0.886630 0.197588 0.418146  0.543069 0.017339 2 21 0.194090 20 0.805910
0  -33.571686 1.046746 0.968879  -0.353830 0.462694 0.812846  0.543627 0.019562 2 21 0.152657 20 0.847343
v_heavyArms.tga.002
0  -33.579800 0.136545 1.149079  -0.383751 -0.053443 0.921889  0.477219 0.018610 2 20 0.890124 21 0.109876
0  -33.594669 -0.923644 0.844399  -0.796502 -0.445885 0.408375  0.395026 0.016895 3 20 0.728297 21 0.156938 34 0.114764
0  -33.578018 -0.914355 0.866979  -0.345598 -0.503127 0.792102  0.396778 0.019524 3 34 0.083639 21 0.115635 20 0.800727
v_heavyArms.tga.002
0  -33.571686 1.046746 0.968879  -0.353830 0.462694 0.812846  0.543627 0.019562 2 21 0.152657 20 0.847343
0  -33.595840 0.150560 1.132874  -0.898278 0.028936 0.438473  0.478693 0.016359 2 20 0.851924 21 0.148076
0  -33.579800 0.136545 1.149079  -0.383751 -0.053443 0.921889  0.477219 0.018610 2 20 0.890124 21 0.109876
v_heavyArms.tga.002
0  -33.568878 1.740008 -0.204253  -0.403290 0.883253 -0.239211  0.641621 0.017068 2 21 0.222329 20 0.777671
0  -33.583923 1.610588 0.365017  -0.913039 0.352566 0.205077  0.600550 0.016560 2 21 0.265783 20 0.734217
0  -33.567268 1.630446 0.368979  -0.392506 0.820818 0.414967  0.601242 0.018950 2 21 0.208760 20 0.791240
v_heavyArms.tga.002
0  -33.585484 1.550305 0.069031  -0.997527 0.067266 -0.020373  0.619565 0.006890 2 21 0.306533 20 0.693467
0  -33.585281 1.702816 -0.121679  -0.943840 0.324081 0.064317  0.634834 0.014946 2 21 0.272126 20 0.727874
0  -33.585484 1.719707 -0.201083  -0.906941 0.401801 -0.126545  0.641054 0.014577 2 21 0.260771 20 0.739229
v_heavyArms.tga.002
0  -33.578018 -0.914355 0.866979  -0.345598 -0.503127 0.792102  0.396778 0.019524 3 34 0.083639 21 0.115635 20 0.800727
0  -33.591797 -1.366511 0.180816  -0.808771 -0.552605 0.201289  0.332866 0.019773 3 34 0.305649 21 0.120738 20 0.573613
0  -33.574291 -1.384035 0.166579  -0.387029 -0.917760 0.089020  0.331430 0.021510 3 34 0.214419 21 0.096155 20 0.689425
v_heavyArms.tga.002
0  -34.167072 1.648545 0.404679  0.220469 0.883029 0.414310  0.572600 0.547500 3 20 0.183854 21 0.809432 25 0.006714
0  -33.601582 1.545213 0.110553  0.442584 0.895952 0.037270  0.563816 0.513883 3 22 0.004026 21 0.361236 20 0.634738
0  -33.991074 1.599745 0.160379  0.161695 0.984152 -0.072791  0.561800 0.535100 3 20 0.175553 21 0.822448 25 0.002000
v_heavyArms.tga.002
0  -41.121834 -1.164714 -0.998962  -0.048532 0.974839 -0.217564  0.253164 0.924004 1 33 1.000000
0  -40.241863 -0.993710 -0.432236  -0.034641 0.972693 -0.229495  0.271671 0.881730 2 32 0.187269 33 0.812731
0  -40.230656 -1.053229 -0.687484  -0.043720 0.973715 -0.223533  0.260268 0.878469 2 32 0.157124 33 0.842876
v_heavyArms.tga.002
0  -40.126347 -1.696635 -1.060712  0.238237 -0.389379 -0.889734  0.226124 0.872543 2 32 0.153211 33 0.846789
0  -41.065685 -1.825856 -1.145823  -0.008513 -0.915600 -0.402001  0.219700 0.919800 1 33 1.000000
0  -41.046143 -1.704652 -1.319775  0.113398 -0.410356 -0.904848  0.225200 0.919900 1 33 1.000000
v_heavyArms.tga.002
0  -40.192627 -1.915081 -0.545758  -0.208196 -0.687647 0.695554  0.815812 0.870630 2 32 0.131177 33 0.868823
0  -41.142681 -1.914956 -0.849123  -0.108671 -0.993183 -0.042162  0.819500 0.933000 1 33 1.000000
0  -40.188770 -1.939117 -0.568365  -0.009147 -0.998651 -0.051117  0.817518 0.870709 2 33 0.866805 32 0.133195
v_heavyArms.tga.002
0  -41.127186 -1.874156 -0.882623  -0.056015 -0.981093 -0.185254  0.208500 0.921900 1 33 1.000000
0  -40.138916 -1.841597 -0.858096  0.096857 -0.917854 -0.384919  0.218484 0.872616 2 33 0.849108 32 0.150892
0  -40.176838 -1.891931 -0.602256  0.035687 -0.981554 -0.187826  0.206633 0.874673 2 33 0.863574 32 0.136426
v_heavyArms.tga.002
0  -38.327896 -0.950441 0.741011  -0.428616 0.322493 0.843971  0.743800 0.761000 2 31 0.829052 28 0.170948
0  -38.959286 -1.849849 0.316817  -0.154335 -0.750356 0.642764  0.787748 0.801582 2 32 0.106578 31 0.893422
0  -38.138298 -1.817440 0.541511  -0.141438 -0.745298 0.651557  0.782600 0.751500 1 31 1.000000
v_heavyArms.tga.002
0  -38.183674 1.569945 -0.074427  -0.453572 -0.889887 -0.048710  0.428000 0.789600 3 22 0.430936 23 0.191191 25 0.377873
0  -38.381840 1.599738 -0.372308  -0.181485 -0.978898 -0.093926  0.438889 0.802096 2 23 0.487833 22 0.512167
0  -38.070972 1.541344 -0.375574  -0.588969 -0.761731 -0.269966  0.438500 0.783900 3 22 0.390737 23 0.169915 25 0.439348
v_heavyArms.tga.002
0  -38.018948 2.389486 0.368345  -0.126740 0.753006 0.645693  0.538900 0.754100 2 22 0.988594 23 0.011406
0  -38.455059 1.712947 0.383856  -0.407516 -0.508118 0.758780  0.567514 0.784087 2 23 0.255580 22 0.744420
0  -38.156849 1.632387 0.496246  -0.507952 -0.319940 0.799765  0.574000 0.764200 3 22 0.631477 23 0.064872 25 0.303651
v_heavyArms.tga.002
0  -37.941750 2.266984 -0.745373  0.023682 0.525100 -0.850711  0.475100 0.773200 2 22 0.831169 23 0.168831
0  -38.329132 1.646365 -0.621303  -0.100183 -0.686274 -0.720411  0.446391 0.798501 3 23 0.459292 22 0.525248 24 0.015460
0  -38.267361 2.307876 -0.715348  0.014086 0.500413 -0.865672  0.479002 0.791238 3 22 0.556842 23 0.421970 24 0.021188
v_heavyArms.tga.002
0  -39.207939 2.536179 -0.418139  0.175451 0.875693 -0.449865  0.508729 0.836793 2 24 0.904534 23 0.095466
0  -40.077576 2.553644 -0.720223  -0.204134 0.978838 0.014331  0.510800 0.902400 1 24 1.000000
0  -39.199322 2.551016 -0.385862  0.000661 0.999078 0.042937  0.510858 0.835641 2 24 0.900982 23 0.099018
v_heavyArms.tga.002
0  -40.052990 2.094694 -0.935711  -0.248239 -0.580243 -0.775690  0.473400 0.906500 1 24 1.000000
0  -39.158226 2.379935 -0.791925  0.224345 0.382005 -0.896516  0.484990 0.849388 2 23 0.104529 24 0.895471
0  -39.208397 1.811859 -0.698902  -0.051132 -0.729211 -0.682376  0.455587 0.856870 2 24 0.877751 23 0.122249
v_heavyArms.tga.002
0  -40.126457 -0.593182 -0.526736  0.042898 -0.929453 -0.366438  0.291637 0.898768 2 29 0.781707 30 0.218293
0  -39.087708 -0.664475 -0.007271  -0.016714 -0.998102 -0.059271  0.288102 0.840967 2 29 0.771444 28 0.228556
0  -40.130638 -0.627155 -0.338236  0.020882 -0.983662 -0.178807  0.284651 0.900617 3 28 0.006284 29 0.829868 30 0.163848
v_heavyArms.tga.002
0  -40.145382 -0.983571 -0.401496  0.074545 0.835431 -0.544517  0.677312 0.884981 2 33 0.171007 32 0.828993
0  -39.132919 -0.871751 -0.101970  -0.113286 0.987020 0.113835  0.728947 0.830754 2 32 0.868621 31 0.131379
0  -39.122845 -0.893221 -0.139823  0.044058 0.873974 -0.483971  0.591495 0.837144 2 31 0.134583 32 0.865417
v_heavyArms.tga.002
0  -40.226898 -0.625477 -0.310636  -0.190531 -0.836239 0.514200  0.725913 0.887695 2 30 0.824814 29 0.175186
0  -41.471874 -0.613756 -0.754523  -0.098331 -0.947994 -0.302719  0.731715 0.961977 1 30 1.000000
0  -40.234417 -0.653614 -0.359121  0.064622 -0.952142 -0.298747  0.728426 0.887144 2 29 0.163043 30 0.836957
v_heavyArms.tga.002
0  -40.198673 0.672326 -0.439576  -0.163330 -0.967780 0.191638  0.634069 0.902601 2 27 0.108877 26 0.891123
0  -39.148743 0.588037 -0.071672  -0.258918 -0.750765 0.607711  0.641353 0.833240 2 25 0.171020 26 0.828980
0  -40.199776 0.697490 -0.421631  -0.319460 -0.552607 0.769786  0.632256 0.901709 2 26 0.904079 27 0.095921
v_heavyArms.tga.002
0  -40.077576 2.553644 -0.720223  -0.204134 0.978838 0.014331  0.510800 0.902400 1 24 1.000000
0  -39.205929 2.532230 -0.357398  -0.171116 0.839647 0.515474  0.512770 0.836260 2 23 0.100516 24 0.899484
0  -39.199322 2.551016 -0.385862  0.000661 0.999078 0.042937  0.510858 0.835641 2 24 0.900982 23 0.099018
v_heavyArms.tga.002
0  -36.245472 -0.480156 -0.949328  -0.063827 0.081178 -0.994654  0.304500 0.670000 3 21 0.817021 31 0.020007 34 0.162973
0  -37.240997 0.374564 -0.778539  -0.084822 0.037902 -0.995675  0.358146 0.727104 3 21 0.601425 28 0.396573 31 0.002001
0  -36.310772 0.290244 -0.868945  -0.025879 0.098134 -0.994837  0.353800 0.676300 3 21 0.991044 22 0.000761 34 0.008196
v_heavyArms.tga.002
0  -37.127872 -1.872133 0.626825  -0.008667 -0.784652 0.619876  0.777646 0.698595 3 21 0.717592 34 0.009913 31 0.272495
0  -36.025772 -1.981154 -0.028421  0.028802 -0.964429 0.262768  0.817700 0.640800 3 21 0.094290 34 0.761870 35 0.143840
0  -36.304871 -1.894854 0.587179  0.097484 -0.786464 0.609895  0.777400 0.658200 3 21 0.809266 35 0.005703 34 0.185031
v_heavyArms.tga.002
0  -37.373775 1.363697 -0.766803  -0.060750 0.050779 -0.996861  0.417536 0.742850 4 22 0.152289 25 0.596284 21 0.250473 23 0.000954
0  -38.237175 0.464844 -0.826509  -0.300005 0.032737 -0.953376  0.362800 0.781500 3 28 0.946698 26 0.014119 29 0.039183
0  -37.822571 1.431444 -0.768903  -0.346993 0.108951 -0.931518  0.421900 0.769700 3 25 0.733595 22 0.196194 23 0.070211
v_heavyArms.tga.002
0  -37.144794 2.332156 0.500220  0.045126 0.774688 0.630731  0.544738 0.708109 3 22 0.450119 25 0.023646 21 0.526235
0  -36.580574 2.337944 0.120278  0.175729 0.972331 0.153922  0.529000 0.675700 1 21 1.000000
0  -37.147766 2.369971 0.053344  0.050559 0.995536 0.079702  0.525177 0.706634 3 22 0.512732 25 0.013181 21 0.474087
v_heavyArms.tga.002
0  -37.191551 0.378280 1.065459  -0.216422 0.105258 0.970609  0.655617 0.714927 3 21 0.571353 28 0.358688 25 0.069959
0  -36.639973 -0.742256 1.074878  -0.012443 -0.235567 0.971778  0.713400 0.676300 2 21 0.909620 34 0.090380
0  -36.769772 0.316844 1.170679  -0.090008 0.070713 0.993428  0.658800 0.683900 1 21 1.000000
v_heavyArms.tga.002
0  -37.215801 -1.944947 -0.397501  -0.103142 -0.991946 -0.073523  0.205093 0.739834 4 28 0.024399 31 0.601136 34 0.122002 21 0.252462
0  -36.224274 -2.043957 -0.771721  -0.171808 -0.724818 -0.667174  0.222800 0.680600 3 21 0.084925 35 0.147681 34 0.767394
0  -36.176575 -2.021054 -0.431421  -0.070330 -0.994563 0.076796  0.204400 0.688900 3 21 0.076098 35 0.180504 34 0.743398
v_heavyArms.tga.002
0  -37.326370 -1.880255 0.438759  -0.043224 -0.996150 0.076262  0.785022 0.708777 2 31 0.796715 21 0.203285
0  -38.089973 -1.894856 -0.308122  -0.022851 -0.995458 0.092423  0.819100 0.753600 2 31 0.942094 32 0.057906
0  -37.423237 -1.937855 -0.324183  -0.060398 -0.994629 0.084057  0.824788 0.718078 4 31 0.742407 28 0.002710 34 0.027022 21 0.227861
v_heavyArms.tga.002
0  -37.189022 1.342404 0.791482  -0.198504 0.276697 0.940231  0.600373 0.716151 4 22 0.065969 21 0.516796 25 0.378143 28 0.039092
0  -36.769772 0.316844 1.170679  -0.090008 0.070713 0.993428  0.658800 0.683900 1 21 1.000000
0  -36.739273 1.224745 0.918778  -0.067968 0.299413 0.951700  0.608400 0.683900 1 21 1.000000
v_heavyArms.tga.002
0  -37.720474 2.433945 -0.231822  0.089229 0.990333 -0.106202  0.500300 0.757300 2 22 0.928236 23 0.071764
0  -37.395008 2.205787 -0.689505  0.126254 0.588265 -0.798752  0.470565 0.739190 3 22 0.732569 23 0.036942 21 0.230489
0  -37.941750 2.266984 -0.745373  0.023682 0.525100 -0.850711  0.475100 0.773200 2 22 0.831169 23 0.168831
v_heavyArms.tga.002
0  -37.353462 2.391727 -0.027692  0.095592 0.934966 -0.341614  0.520085 0.717749 2 22 0.791275 21 0.208725
0  -37.684074 2.423443 -0.036922  0.010897 0.983064 0.182940  0.519600 0.737600 2 22 0.976485 23 0.023515
0  -37.350361 2.403650 0.005933  0.029882 0.977362 0.209453  0.522042 0.717838 2 22 0.793994 21 0.206006
v_heavyArms.tga.002
0  -37.221371 -1.600132 -0.875514  -0.059896 -0.248587 -0.966756  0.238616 0.725808 4 28 0.061512 21 0.438448 34 0.061591 31 0.438448
0  -36.245472 -0.480156 -0.949328  -0.063827 0.081178 -0.994654  0.304500 0.670000 3 21 0.817021 31 0.020007 34 0.162973
0  -36.164173 -1.565154 -0.940121  -0.200604 -0.175415 -0.963840  0.247700 0.666600 3 21 0.646300 34 0.330715 35 0.022985
v_heavyArms.tga.002
0  -37.356991 2.402568 -0.201479  0.088608 0.983254 -0.159251  0.497715 0.733032 3 22 0.722143 23 0.002716 21 0.275141
0  -37.699875 2.410843 -0.072222  0.045369 0.991065 0.125429  0.509800 0.754100 2 22 0.965370 23 0.034630
0  -37.353462 2.391727 -0.027692  0.052063 0.997137 0.054834  0.508170 0.731467 2 22 0.791275 21 0.208725
v_heavyArms.tga.002
0  -37.147766 2.369971 0.053344  -0.043891 0.711386 0.701429  0.525177 0.706634 3 22 0.512732 25 0.013181 21 0.474087
0  -36.574074 2.361044 0.098179  0.123580 0.945230 0.302106  0.527300 0.675300 1 21 1.000000
0  -37.146183 2.392061 0.031023  0.025878 0.973731 0.226225  0.523473 0.706268 3 22 0.691597 25 0.009296 21 0.299108
v_heavyArms.tga.002
0  -37.215298 -1.981405 -0.366186  -0.072776 -0.993653 -0.085778  0.829890 0.708664 4 28 0.018606 31 0.564244 34 0.136616 21 0.280534
0  -36.176575 -2.021054 -0.431421  -0.072635 -0.627789 -0.774987  0.843900 0.657700 3 21 0.076098 35 0.180504 34 0.743398
0  -36.183372 -2.052056 -0.405721  -0.072122 -0.991175 -0.111226  0.840600 0.657300 3 21 0.072738 35 0.191781 34 0.735481
v_heavyArms.tga.002
0  -37.152328 2.386245 -0.185693  0.092618 0.977781 -0.188060  0.496370 0.720407 2 21 0.346481 22 0.653519
0  -36.285072 2.091545 -0.585022  0.093407 0.613433 -0.784204  0.462100 0.675700 2 21 0.995446 20 0.004554
0  -37.190544 2.183916 -0.669502  0.136968 0.596778 -0.790630  0.468945 0.727035 2 22 0.434230 21 0.565770
v_heavyArms.tga.002
0  -37.671772 2.379345 0.447978  -0.082597 0.761259 0.643166  0.541400 0.736300 3 22 0.981199 25 0.018610 21 0.000191
0  -37.385506 1.384102 0.735281  -0.216911 0.254892 0.942327  0.597529 0.727580 4 22 0.412149 25 0.371719 28 0.046089 21 0.170043
0  -37.347336 2.350326 0.490544  -0.002572 0.763588 0.645699  0.543453 0.718964 3 22 0.661646 25 0.025160 21 0.313194
v_heavyArms.tga.002
0  -36.164173 -2.015057 -0.353021  -0.033280 -0.810933 0.584191  0.835000 0.654300 3 21 0.076677 35 0.181590 34 0.741733
0  -37.215298 -1.981405 -0.366186  -0.072776 -0.993653 -0.085778  0.829890 0.708664 4 28 0.018606 31 0.564244 34 0.136616 21 0.280534
0  -36.183372 -2.052056 -0.405721  -0.072122 -0.991175 -0.111226  0.840600 0.657300 3 21 0.072738 35 0.191781 34 0.735481
v_heavyArms.tga.002
0  -36.293472 1.197045 -0.783252  0.009500 0.138113 -0.990371  0.406800 0.676800 3 21 0.979661 20 0.000974 25 0.019365
0  -37.240997 0.374564 -0.778539  -0.084822 0.037902 -0.995675  0.358146 0.727104 3 21 0.601425 28 0.396573 31 0.002001
0  -37.171005 1.332718 -0.776005  0.053283 0.075473 -0.995723  0.415540 0.730572 3 21 0.572486 22 0.098429 25 0.329085
v_heavyArms.tga.002
0  -37.174629 -0.748571 1.016639  -0.103846 -0.200243 0.974227  0.715768 0.708565 3 21 0.514443 31 0.255303 28 0.230254
0  -36.304871 -1.894854 0.587179  0.097484 -0.786464 0.609895  0.777400 0.658200 3 21 0.809266 35 0.005703 34 0.185031
0  -36.639973 -0.742256 1.074878  -0.012443 -0.235567 0.971778  0.713400 0.676300 2 21 0.909620 34 0.090380
v_heavyArms.tga.002
0  -39.097172 2.545896 -0.353661  0.066870 0.996042 0.058560  0.511106 0.828383 3 23 0.741901 22 0.009794 24 0.248305
0  -39.155334 2.530594 -0.339661  -0.122139 0.843207 0.523530  0.512769 0.832446 2 23 0.353084 24 0.646916
0  -39.104279 2.526951 -0.324867  -0.071526 0.841267 0.535868  0.513046 0.829021 3 22 0.007391 23 0.762310 24 0.230299
v_heavyArms.tga.002
0  -39.148430 2.549454 -0.368445  0.032492 0.998146 0.051469  0.510798 0.831825 2 24 0.663287 23 0.336713
0  -39.205929 2.532230 -0.357398  -0.171116 0.839647 0.515474  0.512770 0.836260 2 23 0.100516 24 0.899484
0  -39.155334 2.530594 -0.339661  -0.122139 0.843207 0.523530  0.512769 0.832446 2 23 0.353084 24 0.646916
v_heavyArms.tga.002
0  -39.105637 2.531375 -0.385827  0.189949 0.874703 -0.445885  0.508960 0.829474 3 22 0.007580 24 0.268245 23 0.724174
0  -39.148430 2.549454 -0.368445  0.032492 0.998146 0.051469  0.510798 0.831825 2 24 0.663287 23 0.336713
0  -39.097172 2.545896 -0.353661  0.066870 0.996042 0.058560  0.511106 0.828383 3 23 0.741901 22 0.009794 24 0.248305
v_heavyArms.tga.002
0  -39.156986 2.534760 -0.400659  0.182196 0.875093 -0.448350  0.508708 0.832924 2 23 0.316981 24 0.683019
0  -39.199322 2.551016 -0.385862  0.000661 0.999078 0.042937  0.510858 0.835641 2 24 0.900982 23 0.099018
0  -39.148430 2.549454 -0.368445  0.032492 0.998146 0.051469  0.510798 0.831825 2 24 0.663287 23 0.336713
v_heavyArms.tga.002
0  -39.162338 1.777269 -0.240534  -0.286734 -0.238657 0.927807  0.569346 0.844124 3 24 0.149999 22 0.005892 23 0.844110
0  -39.215664 1.770965 -0.260154  -0.346593 -0.819238 0.456862  0.569581 0.848346 2 23 0.648159 24 0.351841
0  -39.165058 1.759329 -0.245987  -0.302949 -0.829127 0.469862  0.570276 0.844388 3 24 0.164887 22 0.006857 23 0.828256
v_heavyArms.tga.002
0  -39.212967 1.788888 -0.254692  -0.345060 -0.225684 0.911043  0.568590 0.848010 2 23 0.676427 24 0.323573
0  -39.265415 1.783818 -0.277986  -0.386491 -0.812619 0.436205  0.568267 0.851972 2 23 0.163743 24 0.836257
0  -39.215664 1.770965 -0.260154  -0.346593 -0.819238 0.456862  0.569581 0.848346 2 23 0.648159 24 0.351841
v_heavyArms.tga.002
0  -39.260979 1.799364 -0.333089  -0.148580 -0.947972 -0.281555  0.570672 0.854595 2 23 0.156382 24 0.843618
0  -39.215664 1.770965 -0.260154  -0.346593 -0.819238 0.456862  0.569581 0.848346 2 23 0.648159 24 0.351841
0  -39.265415 1.783818 -0.277986  -0.386491 -0.812619 0.436205  0.568267 0.851972 2 23 0.163743 24 0.836257
v_heavyArms.tga.002
0  -39.211235 1.785898 -0.315245  -0.154906 -0.950628 -0.268905  0.571975 0.850790 2 23 0.600802 24 0.399198
0  -39.165058 1.759329 -0.245987  -0.302949 -0.829127 0.469862  0.570276 0.844388 3 24 0.164887 22 0.006857 23 0.828256
0  -39.215664 1.770965 -0.260154  -0.346593 -0.819238 0.456862  0.569581 0.848346 2 23 0.648159 24 0.351841
v_heavyArms.tga.002
0  -39.207939 2.536179 -0.418139  -0.000614 0.999222 0.039433  0.502963 0.849960 2 24 0.904534 23 0.095466
0  -39.130840 2.540722 -0.542881  0.106635 0.960174 -0.258255  0.495847 0.845949 2 24 0.684318 23 0.315682
0  -39.182007 2.541698 -0.558268  0.091376 0.960290 -0.263615  0.495648 0.849263 2 24 0.899790 23 0.100210
v_heavyArms.tga.002
0  -39.156986 2.534760 -0.400659  0.031432 0.998277 0.049550  0.503351 0.846537 2 23 0.316981 24 0.683019
0  -39.079407 2.538029 -0.528913  0.127676 0.959509 -0.251079  0.495986 0.842521 3 22 0.018672 23 0.672481 24 0.308848
0  -39.130840 2.540722 -0.542881  0.106635 0.960174 -0.258255  0.495847 0.845949 2 24 0.684318 23 0.315682
v_heavyArms.tga.002
0  -39.158226 2.379935 -0.791925  0.224345 0.382005 -0.896516  0.484990 0.849388 2 23 0.104529 24 0.895471
0  -39.157803 1.797232 -0.687913  -0.074923 -0.733287 -0.675779  0.454602 0.853925 2 23 0.352811 24 0.647189
0  -39.208397 1.811859 -0.698902  -0.051132 -0.729211 -0.682376  0.455587 0.856870 2 24 0.877751 23 0.122249
v_heavyArms.tga.002
0  -39.106689 2.376551 -0.781375  0.181050 0.391770 -0.902074  0.484876 0.846132 2 23 0.316085 24 0.683915
0  -39.106098 1.785514 -0.681139  -0.080970 -0.721995 -0.687145  0.453995 0.850391 3 24 0.307718 22 0.032423 23 0.659859
0  -39.157803 1.797232 -0.687913  -0.074923 -0.733287 -0.675779  0.454602 0.853925 2 23 0.352811 24 0.647189
v_heavyArms.tga.002
0  -39.054375 2.372712 -0.774250  0.152007 0.406439 -0.900945  0.484527 0.842635 3 22 0.033037 23 0.634887 24 0.332076
0  -39.130840 2.540722 -0.542881  0.106635 0.960174 -0.258255  0.495847 0.845949 2 24 0.684318 23 0.315682
0  -39.079407 2.538029 -0.528913  0.127676 0.959509 -0.251079  0.495986 0.842521 3 22 0.018672 23 0.672481 24 0.308848
v_heavyArms.tga.002
0  -39.106689 2.376551 -0.781375  0.181050 0.391770 -0.902074  0.484876 0.846132 2 23 0.316085 24 0.683915
0  -39.182007 2.541698 -0.558268  0.091376 0.960290 -0.263615  0.495648 0.849263 2 24 0.899790 23 0.100210
0  -39.130840 2.540722 -0.542881  0.106635 0.960174 -0.258255  0.495847 0.845949 2 24 0.684318 23 0.315682
v_heavyArms.tga.002
0  -39.242878 1.793414 -0.462366  -0.264959 -0.962786 -0.053285  0.448383 0.860327 2 23 0.138019 24 0.861981
0  -39.211235 1.785898 -0.315245  -0.249352 -0.968331 0.012637  0.441116 0.860609 2 23 0.600802 24 0.399198
0  -39.260979 1.799364 -0.333089  -0.272823 -0.962045 0.006079  0.442499 0.863490 2 23 0.156382 24 0.843618
v_heavyArms.tga.002
0  -39.192604 1.779155 -0.448762  -0.246672 -0.968038 -0.045346  0.447165 0.857454 2 23 0.428486 24 0.571514
0  -39.160679 1.773914 -0.301016  -0.224777 -0.974210 0.019759  0.440250 0.857013 3 23 0.804271 22 0.008240 24 0.187489
0  -39.211235 1.785898 -0.315245  -0.249352 -0.968331 0.012637  0.441116 0.860609 2 23 0.600802 24 0.399198
v_heavyArms.tga.002
0  -39.208397 1.811859 -0.698902  -0.051132 -0.729211 -0.682376  0.455587 0.856870 2 24 0.877751 23 0.122249
0  -39.192604 1.779155 -0.448762  -0.246672 -0.968038 -0.045346  0.447165 0.857454 2 23 0.428486 24 0.571514
0  -39.242878 1.793414 -0.462366  -0.264959 -0.962786 -0.053285  0.448383 0.860327 2 23 0.138019 24 0.861981
v_heavyArms.tga.002
0  -39.157803 1.797232 -0.687913  -0.074923 -0.733287 -0.675779  0.454602 0.853925 2 23 0.352811 24 0.647189
0  -39.141369 1.766489 -0.440113  -0.221426 -0.974314 -0.041016  0.446546 0.853896 3 24 0.250205 22 0.019963 23 0.729832
0  -39.192604 1.779155 -0.448762  -0.246672 -0.968038 -0.045346  0.447165 0.857454 2 23 0.428486 24 0.571514
v_heavyArms.tga.002
0  -39.104279 2.526951 -0.324867  0.018126 0.973840 0.226511  0.513046 0.829021 3 22 0.007391 23 0.762310 24 0.230299
0  -39.196014 2.445446 0.025099  -0.242583 0.686638 0.685334  0.529351 0.831241 2 23 0.740863 24 0.259137
0  -39.145451 2.443216 0.043201  -0.182123 0.696448 0.694112  0.529812 0.827786 2 23 0.914942 24 0.085058
v_heavyArms.tga.002
0  -39.155334 2.530594 -0.339661  -0.025656 0.973889 0.225571  0.512769 0.832446 2 23 0.353084 24 0.646916
0  -39.245998 2.447290 0.003196  -0.289916 0.685286 0.668080  0.529028 0.834839 2 23 0.133140 24 0.866860
0  -39.196014 2.445446 0.025099  -0.242583 0.686638 0.685334  0.529351 0.831241 2 23 0.740863 24 0.259137
v_heavyArms.tga.002
0  -39.293362 1.931932 0.085774  -0.494135 -0.439119 0.750337  0.554794 0.843182 2 23 0.180705 24 0.819295
0  -39.196014 2.445446 0.025099  -0.242583 0.686638 0.685334  0.529351 0.831241 2 23 0.740863 24 0.259137
0  -39.245998 2.447290 0.003196  -0.289916 0.685286 0.668080  0.529028 0.834839 2 23 0.133140 24 0.866860
v_heavyArms.tga.002
0  -39.244587 1.919758 0.109546  -0.450882 -0.444661 0.773939  0.555677 0.839724 2 24 0.240705 23 0.759295
0  -39.145451 2.443216 0.043201  -0.182123 0.696448 0.694112  0.529812 0.827786 2 23 0.914942 24 0.085058
0  -39.196014 2.445446 0.025099  -0.242583 0.686638 0.685334  0.529351 0.831241 2 23 0.740863 24 0.259137
v_heavyArms.tga.002
0  -39.195187 1.907076 0.129354  -0.393098 -0.471255 0.789552  0.556358 0.836173 3 22 0.000048 23 0.916908 24 0.083044
0  -39.212967 1.788888 -0.254692  -0.317378 -0.901886 0.293041  0.568590 0.848010 2 23 0.676427 24 0.323573
0  -39.162338 1.777269 -0.240534  -0.276587 -0.914181 0.296266  0.569346 0.844124 3 24 0.149999 22 0.005892 23 0.844110
v_heavyArms.tga.002
0  -39.244587 1.919758 0.109546  -0.450882 -0.444661 0.773939  0.555677 0.839724 2 24 0.240705 23 0.759295
0  -39.262669 1.801691 -0.272494  -0.358121 -0.886623 0.292658  0.567340 0.851665 2 24 0.833974 23 0.166026
0  -39.212967 1.788888 -0.254692  -0.317378 -0.901886 0.293041  0.568590 0.848010 2 23 0.676427 24 0.323573
v_heavyArms.tga.002
0  -38.283974 2.466617 -0.152721  0.073892 0.985013 0.155847  0.515000 0.774781 2 23 0.333971 22 0.666029
0  -37.944275 2.420544 -0.116021  0.147165 0.953958 -0.261355  0.514900 0.753700 2 22 0.881401 23 0.118599
0  -38.298515 2.456216 -0.186367  0.169715 0.917430 -0.359886  0.512944 0.775812 2 23 0.360091 22 0.639909
v_heavyArms.tga.002
0  -38.412853 2.487557 -0.361494  0.102019 0.982729 -0.154391  0.497405 0.798248 3 22 0.191189 23 0.741920 24 0.066891
0  -38.328266 2.314704 -0.712891  0.050705 0.488033 -0.871351  0.479726 0.794641 3 22 0.385505 23 0.562910 24 0.051584
0  -38.388527 2.320291 -0.714991  0.091993 0.479089 -0.872932  0.480132 0.798593 3 23 0.703104 22 0.210366 24 0.086530
v_heavyArms.tga.002
0  -38.353626 2.483234 -0.347435  0.103746 0.985286 -0.135826  0.497517 0.794339 3 22 0.388771 23 0.587447 24 0.023782
0  -38.267361 2.307876 -0.715348  0.014086 0.500413 -0.865672  0.479002 0.791238 3 22 0.556842 23 0.421970 24 0.021188
0  -38.328266 2.314704 -0.712891  0.050705 0.488033 -0.871351  0.479726 0.794641 3 22 0.385505 23 0.562910 24 0.051584
v_heavyArms.tga.002
0  -38.449799 1.664685 -0.629119  -0.057108 -0.682066 -0.729057  0.447231 0.805979 3 23 0.717404 22 0.200555 24 0.082041
0  -38.441742 1.611580 -0.373062  -0.195677 -0.977506 -0.078691  0.439010 0.805611 3 23 0.633740 22 0.344597 24 0.021663
0  -38.500877 1.624117 -0.376608  -0.199620 -0.977304 -0.070915  0.439600 0.809679 3 23 0.758550 22 0.178739 24 0.062711
v_heavyArms.tga.002
0  -38.389896 1.654798 -0.623407  -0.061455 -0.686431 -0.724593  0.446657 0.801958 3 22 0.359688 23 0.594649 24 0.045663
0  -38.381840 1.599738 -0.372308  -0.181485 -0.978898 -0.093926  0.438889 0.802096 2 23 0.487833 22 0.512167
0  -38.441742 1.611580 -0.373062  -0.195677 -0.977506 -0.078691  0.439010 0.805611 3 23 0.633740 22 0.344597 24 0.021663
v_heavyArms.tga.002
0  -38.455059 1.712947 0.383856  -0.407516 -0.508118 0.758780  0.567514 0.784087 2 23 0.255580 22 0.744420
0  -38.504845 1.639352 -0.091871  -0.239322 -0.954482 0.178016  0.579048 0.794296 2 23 0.649373 22 0.350627
0  -38.447941 1.627707 -0.078808  -0.244433 -0.956901 0.156822  0.580173 0.791068 2 23 0.446585 22 0.553415
v_heavyArms.tga.002
0  -38.510765 1.727758 0.363862  -0.404987 -0.509339 0.759315  0.566312 0.787772 2 22 0.517454 23 0.482546
0  -38.561745 1.650997 -0.104934  -0.271053 -0.940301 0.205827  0.578207 0.798631 3 23 0.830836 22 0.153927 24 0.015237
0  -38.504845 1.639352 -0.091871  -0.239322 -0.954482 0.178016  0.579048 0.794296 2 23 0.649373 22 0.350627
v_heavyArms.tga.002
0  -38.441761 1.621018 -0.136254  -0.205173 -0.977992 0.037899  0.430075 0.806035 2 23 0.484035 22 0.515965
0  -38.441742 1.611580 -0.373062  -0.195677 -0.977506 -0.078691  0.439010 0.805611 3 23 0.633740 22 0.344597 24 0.021663
0  -38.381840 1.599738 -0.372308  -0.181485 -0.978898 -0.093926  0.438889 0.802096 2 23 0.487833 22 0.512167
v_heavyArms.tga.002
0  -38.498215 1.632645 -0.149438  -0.210223 -0.976874 0.039026  0.430525 0.809599 2 23 0.668105 22 0.331895
0  -38.500877 1.624117 -0.376608  -0.199620 -0.977304 -0.070915  0.439600 0.809679 3 23 0.758550 22 0.178739 24 0.062711
0  -38.441742 1.611580 -0.373062  -0.195677 -0.977506 -0.078691  0.439010 0.805611 3 23 0.633740 22 0.344597 24 0.021663
v_heavyArms.tga.002
0  -38.388527 2.320291 -0.714991  0.091993 0.479089 -0.872932  0.480132 0.798593 3 23 0.703104 22 0.210366 24 0.086530
0  -38.389896 1.654798 -0.623407  -0.061455 -0.686431 -0.724593  0.446657 0.801958 3 22 0.359688 23 0.594649 24 0.045663
0  -38.449799 1.664685 -0.629119  -0.057108 -0.682066 -0.729057  0.447231 0.805979 3 23 0.717404 22 0.200555 24 0.082041
v_heavyArms.tga.002
0  -38.328266 2.314704 -0.712891  0.050705 0.488033 -0.871351  0.479726 0.794641 3 22 0.385505 23 0.562910 24 0.051584
0  -38.329132 1.646365 -0.621303  -0.100183 -0.686274 -0.720411  0.446391 0.798501 3 23 0.459292 22 0.525248 24 0.015460
0  -38.389896 1.654798 -0.623407  -0.061455 -0.686431 -0.724593  0.446657 0.801958 3 22 0.359688 23 0.594649 24 0.045663
v_heavyArms.tga.002
0  -38.454010 1.610385 -0.084771  -0.279726 -0.827385 0.487018  0.580933 0.791381 2 23 0.474783 22 0.525217
0  -38.498215 1.632645 -0.149438  -0.143420 -0.961764 -0.233326  0.582080 0.795858 2 23 0.668105 22 0.331895
0  -38.441761 1.621018 -0.136254  -0.140125 -0.962419 -0.232626  0.583034 0.792767 2 23 0.484035 22 0.515965
v_heavyArms.tga.002
0  -38.510719 1.621979 -0.097827  -0.281143 -0.826968 0.486911  0.579854 0.794550 2 23 0.665774 22 0.334226
0  -38.554665 1.644273 -0.162622  -0.145902 -0.960878 -0.235429  0.581281 0.800241 3 23 0.809365 22 0.154046 24 0.036589
0  -38.498215 1.632645 -0.149438  -0.143420 -0.961764 -0.233326  0.582080 0.795858 2 23 0.668105 22 0.331895
v_heavyArms.tga.002
0  -38.417088 2.467673 -0.213006  0.056595 0.988833 0.137865  0.505684 0.796839 3 23 0.766255 24 0.047457 22 0.186289
0  -38.353626 2.483234 -0.347435  0.103746 0.985286 -0.135826  0.497517 0.794339 3 22 0.388771 23 0.587447 24 0.023782
0  -38.412853 2.487557 -0.361494  0.102019 0.982729 -0.154391  0.497405 0.798248 3 22 0.191189 23 0.741920 24 0.066891
v_heavyArms.tga.002
0  -38.357925 2.462057 -0.199070  0.058971 0.987292 0.147570  0.505815 0.792886 2 23 0.589850 22 0.410150
0  -38.294399 2.478910 -0.333376  0.101823 0.986663 -0.126995  0.497876 0.790972 2 23 0.411679 22 0.588321
0  -38.353626 2.483234 -0.347435  0.103746 0.985286 -0.135826  0.497517 0.794339 3 22 0.388771 23 0.587447 24 0.023782
v_heavyArms.tga.002
0  -38.294872 2.446465 -0.127870  0.070055 0.992439 0.100781  0.516968 0.775165 2 23 0.318460 22 0.681540
0  -38.411705 2.407251 0.264406  -0.151777 0.731219 0.665043  0.535616 0.778120 2 22 0.706520 23 0.293480
0  -38.353432 2.404557 0.280399  -0.145406 0.733659 0.663778  0.536117 0.774550 2 23 0.144666 22 0.855334
v_heavyArms.tga.002
0  -38.353691 2.452793 -0.140088  0.073059 0.989322 0.126110  0.516665 0.778832 2 23 0.559991 22 0.440009
0  -38.469830 2.410036 0.247505  -0.160050 0.728734 0.665830  0.535171 0.782047 2 22 0.187415 23 0.812585
0  -38.411705 2.407251 0.264406  -0.151777 0.731219 0.665043  0.535616 0.778120 2 22 0.706520 23 0.293480
v_heavyArms.tga.002
0  -38.401939 2.478851 -0.179256  0.064605 0.989505 0.129249  0.514404 0.782371 3 23 0.774803 22 0.192995 24 0.032202
0  -38.357925 2.462057 -0.199070  0.175267 0.911071 -0.373137  0.512615 0.779530 2 23 0.589850 22 0.410150
0  -38.417088 2.467673 -0.213006  0.181003 0.906115 -0.382354  0.512326 0.783472 3 23 0.766255 24 0.047457 22 0.186289
v_heavyArms.tga.002
0  -38.343040 2.472919 -0.165377  0.069297 0.987519 0.141437  0.514662 0.778491 2 23 0.565231 22 0.434769
0  -38.298515 2.456216 -0.186367  0.169715 0.917430 -0.359886  0.512944 0.775812 2 23 0.360091 22 0.639909
0  -38.357925 2.462057 -0.199070  0.175267 0.911071 -0.373137  0.512615 0.779530 2 23 0.589850 22 0.410150
v_heavyArms.tga.002
0  -38.353432 2.404557 0.280399  -0.145406 0.733659 0.663778  0.536117 0.774550 2 23 0.144666 22 0.855334
0  -38.510765 1.727758 0.363862  -0.404987 -0.509339 0.759315  0.566312 0.787772 2 22 0.517454 23 0.482546
0  -38.455059 1.712947 0.383856  -0.407516 -0.508118 0.758780  0.567514 0.784087 2 23 0.255580 22 0.744420
v_heavyArms.tga.002
0  -38.411705 2.407251 0.264406  -0.151777 0.731219 0.665043  0.535616 0.778120 2 22 0.706520 23 0.293480
0  -38.566475 1.742569 0.343868  -0.401255 -0.509442 0.761225  0.565496 0.791741 2 22 0.184212 23 0.815788
0  -38.510765 1.727758 0.363862  -0.404987 -0.509339 0.759315  0.566312 0.787772 2 22 0.517454 23 0.482546
v_heavyArms.tga.002
0  -38.567432 1.633573 -0.110882  -0.282048 -0.828074 0.484502  0.579024 0.798897 3 23 0.821114 22 0.152105 24 0.026781
0  -38.504845 1.639352 -0.091871  -0.262726 -0.232353 0.936476  0.579048 0.794296 2 23 0.649373 22 0.350627
0  -38.561745 1.650997 -0.104934  -0.262001 -0.234169 0.936227  0.578207 0.798631 3 23 0.830836 22 0.153927 24 0.015237
v_heavyArms.tga.002
0  -38.510719 1.621979 -0.097827  -0.281143 -0.826968 0.486911  0.579854 0.794550 2 23 0.665774 22 0.334226
0  -38.447941 1.627707 -0.078808  -0.263990 -0.229994 0.936703  0.580173 0.791068 2 23 0.446585 22 0.553415
0  -38.504845 1.639352 -0.091871  -0.262726 -0.232353 0.936476  0.579048 0.794296 2 23 0.649373 22 0.350627
v_heavyArms.tga.002
0  -38.283974 2.466617 -0.152721  0.073892 0.985013 0.155847  0.515000 0.774781 2 23 0.333971 22 0.666029
0  -38.353691 2.452793 -0.140088  -0.052561 0.791215 0.609275  0.516665 0.778832 2 23 0.559991 22 0.440009
0  -38.294872 2.446465 -0.127870  -0.038152 0.784266 0.619251  0.516968 0.775165 2 23 0.318460 22 0.681540
v_heavyArms.tga.002
0  -38.343040 2.472919 -0.165377  0.069297 0.987519 0.141437  0.514662 0.778491 2 23 0.565231 22 0.434769
0  -38.412331 2.458791 -0.153630  -0.066325 0.798602 0.598193  0.516399 0.782747 3 22 0.190105 23 0.788812 24 0.021083
0  -38.353691 2.452793 -0.140088  -0.052561 0.791215 0.609275  0.516665 0.778832 2 23 0.559991 22 0.440009
v_heavyArms.tga.002
0  -38.294872 2.446465 -0.127870  0.070055 0.992439 0.100781  0.516968 0.775165 2 23 0.318460 22 0.681540
0  -38.018948 2.389486 0.368345  -0.126740 0.753006 0.645693  0.538900 0.754100 2 22 0.988594 23 0.011406
0  -37.937172 2.406643 -0.059422  0.058013 0.996744 0.055999  0.518700 0.752900 2 22 0.905398 23 0.094602
v_heavyArms.tga.002
0  -39.108936 1.540556 -0.118006  0.018388 0.997097 0.073890  0.580495 0.825577 2 25 0.128815 26 0.871185
0  -39.017342 1.514342 -0.133732  0.160762 0.872027 -0.462303  0.579260 0.821029 2 25 0.373704 26 0.626296
0  -39.071526 1.517088 -0.148777  0.175355 0.873412 -0.454316  0.578799 0.824378 2 25 0.137316 26 0.862684
v_heavyArms.tga.002
0  -39.054886 1.537705 -0.102633  0.051656 0.994221 0.094110  0.580888 0.822177 2 26 0.650499 25 0.349501
0  -38.962181 1.509591 -0.124219  0.147535 0.872349 -0.466091  0.579922 0.818501 2 26 0.255488 25 0.744512
0  -39.017342 1.514342 -0.133732  0.160762 0.872027 -0.462303  0.579260 0.821029 2 25 0.373704 26 0.626296
v_heavyArms.tga.002
0  -39.039043 0.580802 -0.100252  -0.071892 -0.996965 -0.029871  0.361576 0.836115 2 26 0.278030 25 0.721970
0  -39.092117 0.596036 -0.422940  -0.095244 -0.973971 -0.205693  0.373579 0.839267 2 26 0.627490 25 0.372510
0  -39.037750 0.589216 -0.418632  -0.109661 -0.974692 -0.194808  0.373686 0.836159 2 25 0.623162 26 0.376838
v_heavyArms.tga.002
0  -39.093391 0.585189 -0.113658  -0.077015 -0.996313 -0.037804  0.361557 0.838741 2 25 0.435897 26 0.564103
0  -39.145744 0.602883 -0.432531  -0.076961 -0.975412 -0.206517  0.373425 0.842118 3 25 0.149142 26 0.846514 27 0.004344
0  -39.092117 0.596036 -0.422940  -0.095244 -0.973971 -0.205693  0.373579 0.839267 2 26 0.627490 25 0.372510
v_heavyArms.tga.002
0  -39.047653 1.489942 -0.472606  0.085781 0.957560 -0.275172  0.416927 0.844938 3 25 0.142665 26 0.854979 27 0.002356
0  -38.992142 1.365683 -0.697806  0.117415 0.543262 -0.831312  0.409987 0.843360 2 26 0.647819 25 0.352181
0  -39.046398 1.366953 -0.706811  0.163979 0.528936 -0.832669  0.409754 0.846091 3 25 0.150252 27 0.029275 26 0.820473
v_heavyArms.tga.002
0  -38.993256 1.487557 -0.463525  0.087234 0.959911 -0.266385  0.417048 0.842216 2 25 0.355824 26 0.644176
0  -38.937222 1.362649 -0.694265  0.070042 0.548196 -0.833412  0.409890 0.840368 2 26 0.355180 25 0.644820
0  -38.992142 1.365683 -0.697806  0.117415 0.543262 -0.831312  0.409987 0.843360 2 26 0.647819 25 0.352181
v_heavyArms.tga.002
0  -39.155148 0.564229 -0.103951  -0.087438 -0.995142 -0.045251  0.642771 0.833837 2 25 0.159193 26 0.840807
0  -39.095215 0.583087 -0.055803  -0.221945 -0.767615 0.601255  0.641830 0.829791 2 26 0.404922 25 0.595078
0  -39.148743 0.588037 -0.071672  -0.258918 -0.750765 0.607711  0.641353 0.833240 2 25 0.171020 26 0.828980
v_heavyArms.tga.002
0  -39.101475 0.559245 -0.088646  -0.072975 -0.995886 -0.053715  0.643250 0.830336 2 26 0.517740 25 0.482260
0  -39.040997 0.578950 -0.042473  -0.184509 -0.782728 0.594385  0.642004 0.826671 2 26 0.216585 25 0.783415
0  -39.095215 0.583087 -0.055803  -0.221945 -0.767615 0.601255  0.641830 0.829791 2 26 0.404922 25 0.595078
v_heavyArms.tga.002
0  -39.152554 1.447362 0.459653  -0.226302 0.697940 0.679461  0.598229 0.820850 2 25 0.182912 26 0.817088
0  -39.065372 1.523593 -0.084582  0.033941 0.989432 0.140971  0.582387 0.822811 2 25 0.350963 26 0.649037
0  -39.119293 1.526463 -0.099920  -0.007686 0.990191 0.139512  0.582012 0.826184 2 25 0.128848 26 0.871152
v_heavyArms.tga.002
0  -39.098724 1.445291 0.477008  -0.156332 0.701252 0.695562  0.598645 0.817665 2 25 0.677751 26 0.322249
0  -39.010586 1.518743 -0.074610  0.062242 0.990252 0.124607  0.583137 0.820037 2 25 0.742812 26 0.257188
0  -39.065372 1.523593 -0.084582  0.033941 0.989432 0.140971  0.582387 0.822811 2 25 0.350963 26 0.649037
v_heavyArms.tga.002
0  -39.046398 1.366953 -0.706811  0.163979 0.528936 -0.832669  0.409754 0.846091 3 25 0.150252 27 0.029275 26 0.820473
0  -39.036610 0.719398 -0.729034  0.014968 -0.540385 -0.841285  0.383132 0.837469 2 26 0.630404 25 0.369596
0  -39.090736 0.725319 -0.736528  0.080605 -0.545086 -0.834496  0.382922 0.840394 3 25 0.155420 26 0.816492 27 0.028088
v_heavyArms.tga.002
0  -38.992142 1.365683 -0.697806  0.117415 0.543262 -0.831312  0.409987 0.843360 2 26 0.647819 25 0.352181
0  -38.982220 0.711496 -0.725735  -0.069882 -0.534737 -0.842124  0.383007 0.834164 2 25 0.610503 26 0.389497
0  -39.036610 0.719398 -0.729034  0.014968 -0.540385 -0.841285  0.383132 0.837469 2 26 0.630404 25 0.369596
v_heavyArms.tga.002
0  -39.047131 0.555005 -0.075892  -0.058217 -0.996030 -0.067342  0.643387 0.827233 2 26 0.259298 25 0.740702
0  -39.093391 0.585189 -0.113658  0.126262 -0.707367 -0.695478  0.644746 0.830526 2 25 0.435897 26 0.564103
0  -39.039043 0.580802 -0.100252  0.105826 -0.699064 -0.707185  0.644864 0.827450 2 26 0.278030 25 0.721970
v_heavyArms.tga.002
0  -39.101475 0.559245 -0.088646  -0.072975 -0.995886 -0.053715  0.643250 0.830336 2 26 0.517740 25 0.482260
0  -39.147030 0.590120 -0.129620  0.137835 -0.719494 -0.680683  0.644328 0.834039 2 25 0.153819 26 0.846181
0  -39.093391 0.585189 -0.113658  0.126262 -0.707367 -0.695478  0.644746 0.830526 2 25 0.435897 26 0.564103
v_heavyArms.tga.002
0  -39.000057 1.532955 -0.092362  0.086777 0.989974 0.111452  0.581668 0.819473 2 26 0.265920 25 0.734080
0  -39.065372 1.523593 -0.084582  -0.085471 0.807614 0.583485  0.582387 0.822811 2 25 0.350963 26 0.649037
0  -39.010586 1.518743 -0.074610  -0.016684 0.785348 0.618830  0.583137 0.820037 2 25 0.742812 26 0.257188
v_heavyArms.tga.002
0  -39.054886 1.537705 -0.102633  0.051656 0.994221 0.094110  0.580888 0.822177 2 26 0.650499 25 0.349501
0  -39.119293 1.526463 -0.099920  -0.147826 0.819315 0.553958  0.582012 0.826184 2 25 0.128848 26 0.871152
0  -39.065372 1.523593 -0.084582  -0.085471 0.807614 0.583485  0.582387 0.822811 2 25 0.350963 26 0.649037
v_heavyArms.tga.002
0  -39.043953 1.442522 0.488977  -0.106846 0.717109 0.688722  0.599484 0.814548 2 26 0.140440 25 0.859560
0  -39.127029 0.716193 0.575439  -0.334114 -0.548190 0.766718  0.626308 0.820046 2 26 0.304622 25 0.695378
0  -39.073532 0.710420 0.593262  -0.289140 -0.561160 0.775563  0.626888 0.816685 2 26 0.143262 25 0.856738
v_heavyArms.tga.002
0  -39.098724 1.445291 0.477008  -0.156332 0.701252 0.695562  0.598752 0.817631 2 25 0.677751 26 0.322249
0  -39.179893 0.721780 0.554427  -0.367010 -0.547956 0.751696  0.625972 0.823383 2 25 0.206095 26 0.793905
0  -39.127029 0.716193 0.575439  -0.334114 -0.548190 0.766718  0.626308 0.820046 2 26 0.304622 25 0.695378
v_heavyArms.tga.002
0  -39.148743 0.588037 -0.071672  -0.159449 -0.967234 0.197572  0.641353 0.833240 2 25 0.171020 26 0.828980
0  -39.127029 0.716193 0.575439  -0.334114 -0.548190 0.766718  0.626308 0.820046 2 26 0.304622 25 0.695378
0  -39.179893 0.721780 0.554427  -0.367010 -0.547956 0.751696  0.625972 0.823383 2 25 0.206095 26 0.793905
v_heavyArms.tga.002
0  -39.095215 0.583087 -0.055803  -0.137896 -0.970841 0.196093  0.641830 0.829791 2 26 0.404922 25 0.595078
0  -39.073532 0.710420 0.593262  -0.289140 -0.561160 0.775563  0.626888 0.816685 2 26 0.143262 25 0.856738
0  -39.127029 0.716193 0.575439  -0.334114 -0.548190 0.766718  0.626308 0.820046 2 26 0.304622 25 0.695378
v_heavyArms.tga.002
0  -39.090736 0.725319 -0.736528  0.080605 -0.545086 -0.834496  0.382922 0.840394 3 25 0.155420 26 0.816492 27 0.028088
0  -39.092117 0.596036 -0.422940  -0.095244 -0.973971 -0.205693  0.373579 0.839267 2 26 0.627490 25 0.372510
0  -39.145744 0.602883 -0.432531  -0.076961 -0.975412 -0.206517  0.373425 0.842118 3 25 0.149142 26 0.846514 27 0.004344
v_heavyArms.tga.002
0  -39.036610 0.719398 -0.729034  0.014968 -0.540385 -0.841285  0.383132 0.837469 2 26 0.630404 25 0.369596
0  -39.037750 0.589216 -0.418632  -0.109661 -0.974692 -0.194808  0.373686 0.836159 2 25 0.623162 26 0.376838
0  -39.092117 0.596036 -0.422940  -0.095244 -0.973971 -0.205693  0.373579 0.839267 2 26 0.627490 25 0.372510
v_heavyArms.tga.002
0  -39.071526 1.517088 -0.148777  0.062717 0.995020 -0.077466  0.428847 0.841199 2 25 0.137316 26 0.862684
0  -38.993256 1.487557 -0.463525  0.087234 0.959911 -0.266385  0.417048 0.842216 2 25 0.355824 26 0.644176
0  -39.047653 1.489942 -0.472606  0.085781 0.957560 -0.275172  0.416927 0.844938 3 25 0.142665 26 0.854979 27 0.002356
v_heavyArms.tga.002
0  -39.017342 1.514342 -0.133732  0.084655 0.993742 -0.072879  0.429018 0.838354 2 25 0.373704 26 0.626296
0  -38.938038 1.483508 -0.459697  0.093620 0.959239 -0.266640  0.416843 0.839206 3 26 0.321258 22 0.001502 25 0.677240
0  -38.993256 1.487557 -0.463525  0.087234 0.959911 -0.266385  0.417048 0.842216 2 25 0.355824 26 0.644176
v_heavyArms.tga.002
0  -40.288620 0.707204 -0.515102  -0.072351 -0.969841 -0.232753  0.362155 0.901973 2 26 0.174264 27 0.825736
0  -41.326759 0.961121 -1.063067  -0.222662 -0.863155 -0.453193  0.383101 0.954861 1 27 1.000000
0  -40.278290 0.752540 -0.720291  -0.095631 -0.959308 -0.265675  0.371815 0.902558 2 26 0.129292 27 0.870708
v_heavyArms.tga.002
0  -40.156090 1.555044 -0.472020  -0.038711 0.989137 0.141805  0.573445 0.891236 2 27 0.120186 26 0.879814
0  -40.295059 1.480618 0.002864  -0.307893 0.678002 0.667469  0.586933 0.890075 2 26 0.739845 27 0.260155
0  -40.248775 1.479876 0.023215  -0.269391 0.680442 0.681488  0.587439 0.887231 2 27 0.073445 26 0.926555
v_heavyArms.tga.002
0  -40.202911 1.555261 -0.489708  -0.066841 0.988355 0.136698  0.573056 0.894190 2 26 0.620611 27 0.379389
0  -40.340694 1.480447 -0.019953  -0.348290 0.675662 0.649750  0.586779 0.892644 2 26 0.173651 27 0.826349
0  -40.295059 1.480618 0.002864  -0.307893 0.678002 0.667469  0.586933 0.890075 2 26 0.739845 27 0.260155
v_heavyArms.tga.002
0  -40.237537 0.825029 -0.947722  0.089410 -0.625053 -0.775445  0.378996 0.902333 2 27 0.884606 26 0.115394
0  -40.231388 0.744178 -0.706013  -0.081109 -0.962299 -0.259617  0.371331 0.900229 2 27 0.605930 26 0.394070
0  -40.278290 0.752540 -0.720291  -0.095631 -0.959308 -0.265675  0.371829 0.902546 2 26 0.129292 27 0.870708
v_heavyArms.tga.002
0  -40.190052 0.818493 -0.936741  0.091179 -0.623577 -0.776426  0.378652 0.900033 2 26 0.334280 27 0.665720
0  -40.184174 0.737122 -0.693126  -0.060721 -0.966182 -0.250610  0.371405 0.897691 2 26 0.806815 27 0.193185
0  -40.231388 0.744178 -0.706013  -0.081109 -0.962299 -0.259617  0.371331 0.900229 2 27 0.605930 26 0.394070
v_heavyArms.tga.002
0  -40.235828 1.542402 -0.564599  0.021924 0.988861 -0.147217  0.421253 0.903879 2 27 0.857498 26 0.142502
0  -40.177452 1.514470 -0.742111  0.083974 0.936327 -0.340940  0.413282 0.902292 2 26 0.356364 27 0.643636
0  -40.224827 1.513550 -0.755401  0.072263 0.935399 -0.346131  0.412639 0.904480 2 26 0.122773 27 0.877227
v_heavyArms.tga.002
0  -40.188980 1.543776 -0.545747  0.043941 0.988718 -0.143197  0.422137 0.901632 2 27 0.522282 26 0.477718
0  -40.129864 1.514224 -0.729956  0.096511 0.936148 -0.338101  0.413454 0.899871 2 27 0.219049 26 0.780951
0  -40.177452 1.514470 -0.742111  0.083974 0.936327 -0.340940  0.413282 0.902292 2 26 0.356364 27 0.643636
v_heavyArms.tga.002
0  -40.194473 0.694894 -0.479890  -0.039571 -0.979115 -0.199418  0.361490 0.897036 2 27 0.122836 26 0.877164
0  -40.231388 0.744178 -0.706013  -0.081109 -0.962299 -0.259617  0.371331 0.900229 2 27 0.605930 26 0.394070
0  -40.184174 0.737122 -0.693126  -0.060721 -0.966182 -0.250610  0.371405 0.897691 2 26 0.806815 27 0.193185
v_heavyArms.tga.002
0  -40.241653 0.700461 -0.496760  -0.050470 -0.976329 -0.210319  0.361545 0.899547 2 26 0.597104 27 0.402896
0  -40.278290 0.752540 -0.720291  -0.095631 -0.959308 -0.265675  0.371815 0.902558 2 26 0.129292 27 0.870708
0  -40.231388 0.744178 -0.706013  -0.081109 -0.962299 -0.259617  0.371331 0.900229 2 27 0.605930 26 0.394070
v_heavyArms.tga.002
0  -40.224827 1.513550 -0.755401  0.072263 0.935399 -0.346131  0.412743 0.904547 2 26 0.122773 27 0.877227
0  -40.140167 1.367311 -0.968251  0.202804 0.445555 -0.871981  0.404432 0.901514 2 26 0.328868 27 0.671132
0  -40.188030 1.367238 -0.979438  0.202440 0.445452 -0.872118  0.404023 0.903742 2 26 0.116652 27 0.883348
v_heavyArms.tga.002
0  -40.177452 1.514470 -0.742111  0.083974 0.936327 -0.340940  0.413282 0.902292 2 26 0.356364 27 0.643636
0  -40.092304 1.367385 -0.957064  0.209943 0.449266 -0.868380  0.404660 0.899091 2 26 0.744109 27 0.255891
0  -40.140167 1.367311 -0.968251  0.202804 0.445555 -0.871981  0.404432 0.901514 2 26 0.328868 27 0.671132
v_heavyArms.tga.002
0  -40.292118 0.709639 -0.457369  -0.242055 -0.942754 0.229398  0.631115 0.907327 2 26 0.181530 27 0.818470
0  -40.331089 0.841750 0.041744  -0.423268 -0.548666 0.720978  0.619109 0.897087 2 26 0.754968 27 0.245032
0  -40.375992 0.846773 0.017802  -0.451987 -0.547795 0.704009  0.618646 0.899635 2 27 0.835187 26 0.164813
v_heavyArms.tga.002
0  -40.246311 0.703077 -0.438586  -0.217488 -0.947462 0.234551  0.631855 0.904776 2 26 0.674774 27 0.325226
0  -40.285583 0.836869 0.063604  -0.390179 -0.549000 0.739161  0.619370 0.894137 2 26 0.938496 27 0.061504
0  -40.331089 0.841750 0.041744  -0.423268 -0.548666 0.720978  0.619109 0.897087 2 26 0.754968 27 0.245032
v_heavyArms.tga.002
0  -40.243298 1.568879 -0.523578  -0.067368 0.995333 0.069097  0.571596 0.896803 2 26 0.147630 27 0.852370
0  -40.188980 1.543776 -0.545747  0.185724 0.841227 -0.507783  0.569172 0.894354 2 27 0.522282 26 0.477718
0  -40.235828 1.542402 -0.564599  0.176617 0.841165 -0.511124  0.569242 0.897167 2 27 0.857498 26 0.142502
v_heavyArms.tga.002
0  -40.196655 1.570163 -0.504797  -0.041968 0.995984 0.079084  0.571509 0.894041 2 27 0.442519 26 0.557481
0  -40.141872 1.543657 -0.528121  0.195284 0.841581 -0.503592  0.569580 0.891394 2 26 0.853350 27 0.146650
0  -40.188980 1.543776 -0.545747  0.185724 0.841227 -0.507783  0.569172 0.894354 2 27 0.522282 26 0.477718
v_heavyArms.tga.002
0  -40.149700 1.569916 -0.487214  -0.015816 0.996173 0.085961  0.571926 0.891068 2 26 0.865639 27 0.134361
0  -40.202911 1.555261 -0.489708  -0.252335 0.739215 0.624411  0.573056 0.894190 2 26 0.620611 27 0.379389
0  -40.156090 1.555044 -0.472020  -0.219795 0.742437 0.632832  0.573445 0.891236 2 27 0.120186 26 0.879814
v_heavyArms.tga.002
0  -40.196655 1.570163 -0.504797  -0.041968 0.995984 0.079084  0.571509 0.894041 2 27 0.442519 26 0.557481
0  -40.249374 1.553950 -0.508522  -0.283153 0.735823 0.615134  0.573103 0.896863 2 26 0.151141 27 0.848859
0  -40.202911 1.555261 -0.489708  -0.252335 0.739215 0.624411  0.573056 0.894190 2 26 0.620611 27 0.379389
v_heavyArms.tga.002
0  -40.142212 0.813425 -0.927087  0.100102 -0.611281 -0.785057  0.378838 0.897424 2 26 0.755539 27 0.244461
0  -40.140167 1.367311 -0.968251  0.202804 0.445555 -0.871981  0.404421 0.901513 2 26 0.328868 27 0.671132
0  -40.092304 1.367385 -0.957064  0.209943 0.449266 -0.868380  0.404660 0.899091 2 26 0.744109 27 0.255891
v_heavyArms.tga.002
0  -40.190052 0.818493 -0.936741  0.091179 -0.623577 -0.776426  0.378703 0.900036 2 26 0.334280 27 0.665720
0  -40.188030 1.367238 -0.979438  0.202440 0.445452 -0.872118  0.404223 0.903809 2 26 0.116652 27 0.883348
0  -40.140167 1.367311 -0.968251  0.202804 0.445555 -0.871981  0.404421 0.901513 2 26 0.328868 27 0.671132
v_heavyArms.tga.002
0  -40.293079 0.682309 -0.470924  -0.205583 -0.944483 0.256296  0.633265 0.908809 2 26 0.233829 27 0.766171
0  -40.246311 0.703077 -0.438586  -0.347200 -0.496235 0.795741  0.631855 0.904776 2 26 0.674774 27 0.325226
0  -40.292118 0.709639 -0.457369  -0.370760 -0.377523 0.848536  0.631070 0.907277 2 26 0.181530 27 0.818470
v_heavyArms.tga.002
0  -40.245876 0.677318 -0.455250  -0.178833 -0.961301 0.209569  0.633685 0.905721 2 26 0.625458 27 0.374542
0  -40.199776 0.697490 -0.421631  -0.319460 -0.552607 0.769786  0.632256 0.901709 2 26 0.904079 27 0.095921
0  -40.246311 0.703077 -0.438586  -0.347200 -0.496235 0.795741  0.631855 0.904776 2 26 0.674774 27 0.325226
v_heavyArms.tga.002
0  -40.248775 1.479876 0.023215  -0.269391 0.680442 0.681488  0.590621 0.889384 2 27 0.073445 26 0.926555
0  -40.331089 0.841750 0.041744  -0.423268 -0.548666 0.720978  0.619109 0.897087 2 26 0.754968 27 0.245032
0  -40.285583 0.836869 0.063604  -0.390179 -0.549000 0.739161  0.619370 0.894137 2 26 0.938496 27 0.061504
v_heavyArms.tga.002
0  -40.295059 1.480618 0.002864  -0.307893 0.678002 0.667469  0.590313 0.892306 2 26 0.739845 27 0.260155
0  -40.375992 0.846773 0.017802  -0.451987 -0.547795 0.704009  0.618589 0.899541 2 27 0.835187 26 0.164813
0  -40.331089 0.841750 0.041744  -0.423268 -0.548666 0.720978  0.619109 0.897087 2 26 0.754968 27 0.245032
v_heavyArms.tga.002
0  -40.198673 0.672326 -0.439576  -0.163330 -0.967780 0.191638  0.634069 0.902601 2 27 0.108877 26 0.891123
0  -40.241653 0.700461 -0.496760  0.064732 -0.874256 -0.481129  0.635709 0.906416 2 26 0.597104 27 0.402896
0  -40.194473 0.694894 -0.479890  0.071048 -0.873497 -0.481617  0.636082 0.903287 2 27 0.122836 26 0.877164
v_heavyArms.tga.002
0  -40.245876 0.677318 -0.455250  -0.178833 -0.961301 0.209569  0.633685 0.905721 2 26 0.625458 27 0.374542
0  -40.288620 0.707204 -0.515102  0.069931 -0.870740 -0.486745  0.634887 0.909071 2 26 0.174264 27 0.825736
0  -40.241653 0.700461 -0.496760  0.064732 -0.874256 -0.481129  0.635709 0.906416 2 26 0.597104 27 0.402896
v_heavyArms.tga.002
0  -41.372124 0.882477 -0.935957  -0.341336 -0.551835 0.760900  0.612485 0.966964 1 27 1.000000
0  -41.372784 0.858427 -0.951227  -0.293894 -0.918206 -0.265563  0.613596 0.967550 1 27 1.000000
0  -40.589622 0.714306 -0.572501  -0.433588 -0.739297 0.515211  0.630684 0.928261 2 27 0.886884 26 0.113116
v_heavyArms.tga.002
0  -40.246147 0.400332 -0.340291  0.085208 0.927667 -0.363558  0.660061 0.892378 2 29 0.153029 30 0.846971
0  -40.188080 0.378467 -0.330343  0.268393 0.320943 -0.908273  0.659080 0.890070 2 30 0.383781 29 0.616219
0  -40.237835 0.376863 -0.346123  0.281088 0.324008 -0.903332  0.659251 0.893002 2 30 0.850336 29 0.149664
v_heavyArms.tga.002
0  -40.196415 0.401993 -0.324492  0.083980 0.927138 -0.365189  0.659880 0.889447 2 30 0.368558 29 0.631442
0  -40.138134 0.379825 -0.315492  0.256154 0.317880 -0.912873  0.658897 0.886835 2 29 0.859611 30 0.140389
0  -40.188080 0.378467 -0.330343  0.268393 0.320943 -0.908273  0.659080 0.890070 2 30 0.383781 29 0.616219
v_heavyArms.tga.002
0  -40.226898 -0.625477 -0.310636  -0.087233 -0.980401 0.176648  0.725913 0.887695 2 30 0.824814 29 0.175186
0  -40.218700 -0.538253 0.178678  -0.283284 -0.631385 0.721875  0.708728 0.880859 2 29 0.715825 30 0.284175
0  -40.267834 -0.536907 0.159918  -0.294821 -0.630986 0.717591  0.708948 0.883694 2 29 0.196558 30 0.803442
v_heavyArms.tga.002
0  -40.177361 -0.627068 -0.294905  -0.087485 -0.980475 0.176113  0.725770 0.884787 2 30 0.362136 29 0.637864
0  -40.169380 -0.539612 0.196292  -0.270015 -0.632277 0.726166  0.708562 0.877511 3 30 0.096773 28 0.013643 29 0.889584
0  -40.218700 -0.538253 0.178678  -0.283284 -0.631385 0.721875  0.708728 0.880859 2 29 0.715825 30 0.284175
v_heavyArms.tga.002
0  -40.191475 -0.382204 -0.852939  0.168659 -0.470890 -0.865920  0.305843 0.905973 2 30 0.913668 29 0.086332
0  -40.176159 -0.591219 -0.538000  0.061457 -0.925370 -0.374051  0.292377 0.904809 2 30 0.614281 29 0.385719
0  -40.225746 -0.590255 -0.550232  0.079318 -0.924528 -0.372768  0.292337 0.907384 2 30 0.884285 29 0.115715
v_heavyArms.tga.002
0  -40.141441 -0.383532 -0.844104  0.117328 -0.481077 -0.868792  0.305920 0.903424 2 30 0.685364 29 0.314636
0  -40.126457 -0.593182 -0.526736  0.042898 -0.929453 -0.366438  0.292618 0.901848 2 29 0.781707 30 0.218293
0  -40.176159 -0.591219 -0.538000  0.061457 -0.925370 -0.374051  0.292377 0.904809 2 30 0.614281 29 0.385719
v_heavyArms.tga.002
0  -40.237255 0.381079 -0.516077  0.002529 0.988504 -0.151173  0.346456 0.908977 2 29 0.116148 30 0.883852
0  -40.156525 0.259758 -0.857498  0.121571 0.577368 -0.807382  0.334719 0.905857 2 29 0.319639 30 0.680361
0  -40.206505 0.258743 -0.866625  0.148047 0.575038 -0.804620  0.334613 0.908399 2 30 0.907727 29 0.092273
v_heavyArms.tga.002
0  -40.187504 0.382813 -0.504100  0.000334 0.988640 -0.150303  0.346712 0.906310 2 29 0.392172 30 0.607828
0  -40.106380 0.260429 -0.850343  0.092349 0.579146 -0.809976  0.334872 0.902889 2 30 0.275230 29 0.724770
0  -40.156525 0.259758 -0.857498  0.121571 0.577368 -0.807382  0.334719 0.905857 2 29 0.319639 30 0.680361
v_heavyArms.tga.002
0  -40.267834 -0.536907 0.159918  -0.294821 -0.630986 0.717591  0.709100 0.887962 2 29 0.196558 30 0.803442
0  -40.254868 0.234599 0.165540  -0.295004 0.581674 0.758042  0.677563 0.887977 2 29 0.730478 30 0.269522
0  -40.303890 0.233329 0.146880  -0.306086 0.580010 0.754917  0.677610 0.890634 2 29 0.171837 30 0.828163
v_heavyArms.tga.002
0  -40.218700 -0.538253 0.178678  -0.283284 -0.631385 0.721875  0.708857 0.885287 2 29 0.715825 30 0.284175
0  -40.205654 0.236092 0.183051  -0.283030 0.583609 0.761114  0.677352 0.884543 2 30 0.086443 29 0.913557
0  -40.254868 0.234599 0.165540  -0.295004 0.581674 0.758042  0.677563 0.887977 2 29 0.730478 30 0.269522
v_heavyArms.tga.002
0  -40.234417 -0.653614 -0.359121  0.064622 -0.952142 -0.298747  0.728426 0.887144 2 29 0.163043 30 0.836957
0  -40.177361 -0.627068 -0.294905  -0.191461 -0.834494 0.516684  0.725770 0.884787 2 30 0.362136 29 0.637864
0  -40.226898 -0.625477 -0.310636  -0.190531 -0.836239 0.514200  0.725913 0.887695 2 30 0.824814 29 0.175186
v_heavyArms.tga.002
0  -40.184891 -0.655311 -0.343252  0.062500 -0.952991 -0.296483  0.728294 0.884152 2 30 0.421591 29 0.578409
0  -40.127819 -0.628659 -0.279173  -0.192586 -0.832717 0.519128  0.725548 0.881558 3 28 0.011131 30 0.138761 29 0.850108
0  -40.177361 -0.627068 -0.294905  -0.191461 -0.834494 0.516684  0.725770 0.884787 2 30 0.362136 29 0.637864
v_heavyArms.tga.002
0  -40.237835 0.376863 -0.346123  -0.041699 0.998824 0.024735  0.354716 0.916693 2 30 0.850336 29 0.149664
0  -40.187504 0.382813 -0.504100  0.000334 0.988640 -0.150303  0.348558 0.913869 2 29 0.392172 30 0.607828
0  -40.237255 0.381079 -0.516077  0.002529 0.988504 -0.151173  0.348181 0.916244 2 29 0.116148 30 0.883852
v_heavyArms.tga.002
0  -40.188080 0.378467 -0.330343  -0.036767 0.999015 0.024833  0.355187 0.914199 2 30 0.383781 29 0.616219
0  -40.137543 0.384289 -0.494450  -0.000926 0.988485 -0.151316  0.348542 0.910659 2 30 0.215597 29 0.784403
0  -40.187504 0.382813 -0.504100  0.000334 0.988640 -0.150303  0.348558 0.913869 2 29 0.392172 30 0.607828
v_heavyArms.tga.002
0  -40.135361 -0.657008 -0.327382  0.060737 -0.953811 -0.294203  0.728029 0.880983 3 28 0.006007 30 0.156621 29 0.837372
0  -40.180180 -0.625500 -0.354027  0.271968 -0.365165 -0.890330  0.730347 0.883561 2 29 0.562288 30 0.437712
0  -40.130638 -0.627155 -0.338236  0.270463 -0.366418 -0.890274  0.730086 0.880441 3 28 0.006284 29 0.829868 30 0.163848
v_heavyArms.tga.002
0  -40.184891 -0.655311 -0.343252  0.062500 -0.952991 -0.296483  0.728294 0.884152 2 30 0.421591 29 0.578409
0  -40.229721 -0.623846 -0.369818  0.272703 -0.363762 -0.890679  0.730458 0.886614 2 29 0.158834 30 0.841166
0  -40.180180 -0.625500 -0.354027  0.271968 -0.365165 -0.890330  0.730347 0.883561 2 29 0.562288 30 0.437712
v_heavyArms.tga.002
0  -40.130638 -0.627155 -0.338236  0.020882 -0.983662 -0.178807  0.284651 0.900617 3 28 0.006284 29 0.829868 30 0.163848
0  -40.176159 -0.591219 -0.538000  0.061457 -0.925370 -0.374051  0.291345 0.901588 2 30 0.614281 29 0.385719
0  -40.126457 -0.593182 -0.526736  0.042898 -0.929453 -0.366438  0.291637 0.898768 2 29 0.781707 30 0.218293
v_heavyArms.tga.002
0  -40.180180 -0.625500 -0.354027  0.025392 -0.982874 -0.182524  0.284487 0.903456 2 29 0.562288 30 0.437712
0  -40.225746 -0.590255 -0.550232  0.079318 -0.924528 -0.372768  0.291351 0.904287 2 30 0.884285 29 0.115715
0  -40.176159 -0.591219 -0.538000  0.061457 -0.925370 -0.374051  0.291345 0.901588 2 30 0.614281 29 0.385719
v_heavyArms.tga.002
0  -40.091164 -0.385183 -0.837868  0.085821 -0.488810 -0.868159  0.306259 0.900495 2 29 0.731809 30 0.268191
0  -40.156525 0.259758 -0.857498  0.121571 0.577368 -0.807382  0.334719 0.905857 2 29 0.319639 30 0.680361
0  -40.106380 0.260429 -0.850343  0.092349 0.579146 -0.809976  0.334872 0.902889 2 30 0.275230 29 0.724770
v_heavyArms.tga.002
0  -40.141441 -0.383532 -0.844104  0.117328 -0.481077 -0.868792  0.305920 0.903424 2 30 0.685364 29 0.314636
0  -40.206505 0.258743 -0.866625  0.148047 0.575038 -0.804620  0.334613 0.908399 2 30 0.907727 29 0.092273
0  -40.156525 0.259758 -0.857498  0.121571 0.577368 -0.807382  0.334719 0.905857 2 29 0.319639 30 0.680361
v_heavyArms.tga.002
0  -40.138424 0.378079 -0.253784  -0.115500 0.951528 0.285051  0.662032 0.886582 2 29 0.882425 30 0.117575
0  -40.254868 0.234599 0.165540  -0.295004 0.581674 0.758042  0.677563 0.887977 2 29 0.730478 30 0.269522
0  -40.205654 0.236092 0.183051  -0.283030 0.583609 0.761114  0.677352 0.884543 2 30 0.086443 29 0.913557
v_heavyArms.tga.002
0  -40.188274 0.376735 -0.268395  -0.117698 0.948682 0.293511  0.662235 0.889854 2 30 0.321890 29 0.678110
0  -40.303890 0.233329 0.146880  -0.306086 0.580010 0.754917  0.677610 0.890634 2 29 0.171837 30 0.828163
0  -40.254868 0.234599 0.165540  -0.295004 0.581674 0.758042  0.677563 0.887977 2 29 0.730478 30 0.269522
v_heavyArms.tga.002
0  -40.146488 0.403426 -0.309617  0.083728 0.925929 -0.368300  0.659705 0.886228 2 30 0.133780 29 0.866220
0  -40.188274 0.376735 -0.268395  -0.154424 0.891874 0.425105  0.662235 0.889854 2 30 0.321890 29 0.678110
0  -40.138424 0.378079 -0.253784  -0.143435 0.893183 0.426206  0.662032 0.886582 2 29 0.882425 30 0.117575
v_heavyArms.tga.002
0  -40.196415 0.401993 -0.324492  0.083980 0.927138 -0.365189  0.659880 0.889447 2 30 0.368558 29 0.631442
0  -40.237942 0.375167 -0.283964  -0.165979 0.891092 0.422381  0.662400 0.892682 2 29 0.164296 30 0.835704
0  -40.188274 0.376735 -0.268395  -0.154424 0.891874 0.425105  0.662235 0.889854 2 30 0.321890 29 0.678110
v_heavyArms.tga.002
0  -38.370872 -0.656056 0.154978  -0.260971 -0.964191 0.047223  0.291900 0.801300 2 28 0.911899 29 0.088101
0  -38.993835 -0.653935 -0.294350  -0.021954 -0.971098 -0.237670  0.298258 0.834234 2 29 0.349073 28 0.650927
0  -38.400173 -0.686256 -0.254371  -0.185160 -0.965057 -0.185422  0.301500 0.796200 3 28 0.862357 29 0.130621 32 0.007022
v_heavyArms.tga.002
0  -39.105190 -0.694429 0.003594  0.031215 -0.979445 -0.199281  0.722510 0.815140 2 29 0.771081 28 0.228919
0  -39.034557 -0.664138 0.065992  -0.157063 -0.792755 0.588957  0.720661 0.810422 2 29 0.371202 28 0.628798
0  -39.086288 -0.663227 0.051083  -0.195024 -0.783091 0.590538  0.720883 0.813771 2 29 0.760500 28 0.239500
v_heavyArms.tga.002
0  -39.053337 -0.695548 0.018792  0.040876 -0.978631 -0.201521  0.722264 0.811835 2 29 0.404349 28 0.595651
0  -38.982609 -0.663918 0.078860  -0.124243 -0.799150 0.588152  0.720226 0.807300 2 29 0.222088 28 0.777912
0  -39.034557 -0.664138 0.065992  -0.157063 -0.792755 0.588957  0.720661 0.810422 2 29 0.371202 28 0.628798
v_heavyArms.tga.002
0  -39.024498 0.429460 0.002211  0.075760 0.931856 -0.354830  0.655508 0.814918 3 25 0.054520 28 0.691474 29 0.254007
0  -39.065353 0.402717 0.043443  -0.097807 0.868799 0.485409  0.657443 0.816321 3 25 0.008384 28 0.584088 29 0.407528
0  -39.013348 0.402003 0.053227  -0.063556 0.872039 0.485292  0.657119 0.813666 3 25 0.053947 28 0.737392 29 0.208661
v_heavyArms.tga.002
0  -39.076500 0.429901 -0.007646  0.072759 0.937337 -0.340741  0.655826 0.817514 3 25 0.010375 29 0.521928 28 0.467697
0  -39.117027 0.402298 0.030990  -0.138445 0.863342 0.485257  0.657678 0.819677 2 28 0.193347 29 0.806653
0  -39.065353 0.402717 0.043443  -0.097807 0.868799 0.485409  0.657443 0.816321 3 25 0.008384 28 0.584088 29 0.407528
v_heavyArms.tga.002
0  -39.138844 0.271803 0.544058  -0.262206 0.605042 0.751779  0.672495 0.810330 2 28 0.211616 29 0.788384
0  -39.065353 0.402717 0.043443  -0.052397 0.968864 0.241987  0.657443 0.816321 3 25 0.008384 28 0.584088 29 0.407528
0  -39.117027 0.402298 0.030990  -0.079929 0.966850 0.242514  0.657678 0.819677 2 28 0.193347 29 0.806653
v_heavyArms.tga.002
0  -39.087540 0.273692 0.560330  -0.249766 0.609076 0.752757  0.672248 0.806783 2 29 0.310970 28 0.689030
0  -39.013348 0.402003 0.053227  -0.043673 0.975911 0.213753  0.657119 0.813666 3 25 0.053947 28 0.737392 29 0.208661
0  -39.065353 0.402717 0.043443  -0.052397 0.968864 0.241987  0.657443 0.816321 3 25 0.008384 28 0.584088 29 0.407528
v_heavyArms.tga.002
0  -39.001225 -0.695595 0.032003  0.055036 -0.976551 -0.208131  0.721816 0.808594 2 29 0.243643 28 0.756357
0  -39.035809 -0.665546 0.007694  0.225266 -0.452479 -0.862855  0.724228 0.811668 2 29 0.408745 28 0.591255
0  -38.983646 -0.665517 0.020617  0.206893 -0.451251 -0.868083  0.723792 0.808640 2 29 0.247457 28 0.752543
v_heavyArms.tga.002
0  -39.053337 -0.695548 0.018792  0.040876 -0.978631 -0.201521  0.722264 0.811835 2 29 0.404349 28 0.595651
0  -39.087708 -0.664475 -0.007271  0.246840 -0.454795 -0.855705  0.724504 0.814917 2 29 0.771444 28 0.228556
0  -39.035809 -0.665546 0.007694  0.225266 -0.452479 -0.862855  0.724228 0.811668 2 29 0.408745 28 0.591255
v_heavyArms.tga.002
0  -39.076260 -0.423002 -0.749378  0.043111 -0.521069 -0.852425  0.313081 0.841570 3 29 0.771254 30 0.047714 28 0.181032
0  -39.045578 -0.651131 -0.299468  -0.018702 -0.968383 -0.248766  0.298041 0.837562 2 29 0.581546 28 0.418454
0  -39.097130 -0.648355 -0.307989  -0.009349 -0.965461 -0.260381  0.297720 0.840617 3 29 0.794846 30 0.018305 28 0.186849
v_heavyArms.tga.002
0  -39.024483 -0.424408 -0.747164  -0.000772 -0.521422 -0.853299  0.313436 0.838571 3 30 0.001329 29 0.612339 28 0.386332
0  -38.993835 -0.653935 -0.294350  -0.021954 -0.971098 -0.237670  0.298258 0.834234 2 29 0.349073 28 0.650927
0  -39.045578 -0.651131 -0.299468  -0.018702 -0.968383 -0.248766  0.298041 0.837562 2 29 0.581546 28 0.418454
v_heavyArms.tga.002
0  -39.118519 0.403909 -0.026545  -0.020152 0.999557 0.021894  0.358062 0.845876 2 29 0.819763 28 0.180237
0  -39.068890 0.411136 -0.327277  0.005163 0.988616 -0.150373  0.348189 0.842213 3 28 0.365476 25 0.023787 29 0.610737
0  -39.120480 0.410567 -0.331973  0.000390 0.988334 -0.152299  0.348206 0.845504 3 30 0.012616 28 0.163460 29 0.823924
v_heavyArms.tga.002
0  -39.066833 0.404322 -0.013947  -0.000129 0.999764 0.021742  0.358137 0.842588 3 29 0.547279 28 0.439416 25 0.013304
0  -39.016987 0.410632 -0.327545  0.007356 0.988883 -0.148516  0.348222 0.838946 3 25 0.064611 29 0.369261 28 0.566128
0  -39.068890 0.411136 -0.327277  0.005163 0.988616 -0.150373  0.348189 0.842213 3 28 0.365476 25 0.023787 29 0.610737
v_heavyArms.tga.002
0  -39.086288 -0.663227 0.051083  -0.080563 -0.980450 0.179520  0.720883 0.813771 2 29 0.760500 28 0.239500
0  -39.061508 -0.569170 0.571736  -0.220401 -0.637008 0.738677  0.705505 0.802703 2 28 0.676634 29 0.323366
0  -39.112907 -0.568840 0.555222  -0.250919 -0.634582 0.730990  0.705627 0.806156 2 29 0.755020 28 0.244980
v_heavyArms.tga.002
0  -39.034557 -0.664138 0.065992  -0.056760 -0.981708 0.181736  0.720661 0.810422 2 29 0.371202 28 0.628798
0  -39.009933 -0.567958 0.586966  -0.193946 -0.636163 0.746781  0.705034 0.799811 2 29 0.166488 28 0.833512
0  -39.061508 -0.569170 0.571736  -0.220401 -0.637008 0.738677  0.705505 0.802703 2 28 0.676634 29 0.323366
v_heavyArms.tga.002
0  -39.128181 0.429317 -0.020293  0.069973 0.939836 -0.334382  0.656029 0.820816 2 29 0.817580 28 0.182420
0  -39.066833 0.404322 -0.013947  0.197706 0.304310 -0.931830  0.654990 0.817673 3 29 0.547279 28 0.439416 25 0.013304
0  -39.118519 0.403909 -0.026545  0.234601 0.315469 -0.919479  0.655178 0.820994 2 29 0.819763 28 0.180237
v_heavyArms.tga.002
0  -39.076500 0.429901 -0.007646  0.072759 0.937337 -0.340741  0.655826 0.817514 3 25 0.010375 29 0.521928 28 0.467697
0  -39.014801 0.403601 -0.004149  0.161614 0.292378 -0.942548  0.654646 0.815188 3 29 0.267117 28 0.675457 25 0.057426
0  -39.066833 0.404322 -0.013947  0.197706 0.304310 -0.931830  0.654990 0.817673 3 29 0.547279 28 0.439416 25 0.013304
v_heavyArms.tga.002
0  -38.983646 -0.665517 0.020617  0.015708 -0.999038 -0.040946  0.288559 0.835120 2 29 0.247457 28 0.752543
0  -39.045578 -0.651131 -0.299468  -0.018702 -0.968383 -0.248766  0.297975 0.837558 2 29 0.581546 28 0.418454
0  -38.993835 -0.653935 -0.294350  -0.021954 -0.971098 -0.237670  0.298258 0.834234 2 29 0.349073 28 0.650927
v_heavyArms.tga.002
0  -39.035809 -0.665546 0.007694  0.003066 -0.998778 -0.049330  0.288320 0.838008 2 29 0.408745 28 0.591255
0  -39.097130 -0.648355 -0.307989  -0.009349 -0.965461 -0.260381  0.297674 0.840470 3 29 0.794846 30 0.018305 28 0.186849
0  -39.045578 -0.651131 -0.299468  -0.018702 -0.968383 -0.248766  0.297975 0.837558 2 29 0.581546 28 0.418454
v_heavyArms.tga.002
0  -39.035992 0.275832 0.575146  -0.236649 0.612784 0.753985  0.671840 0.804081 2 29 0.150812 28 0.849188
0  -39.061508 -0.569170 0.571736  -0.220401 -0.637008 0.738677  0.705441 0.802698 2 28 0.676634 29 0.323366
0  -39.009933 -0.567958 0.586966  -0.193946 -0.636163 0.746781  0.705034 0.799811 2 29 0.166488 28 0.833512
v_heavyArms.tga.002
0  -39.087540 0.273692 0.560330  -0.249766 0.609076 0.752757  0.672248 0.806783 2 29 0.310970 28 0.689030
0  -39.112907 -0.568840 0.555222  -0.250919 -0.634582 0.730990  0.705634 0.806352 2 29 0.755020 28 0.244980
0  -39.061508 -0.569170 0.571736  -0.220401 -0.637008 0.738677  0.705441 0.802698 2 28 0.676634 29 0.323366
v_heavyArms.tga.002
0  -39.120480 0.410567 -0.331973  0.000390 0.988334 -0.152299  0.348123 0.845157 3 30 0.012616 28 0.163460 29 0.823924
0  -39.061775 0.269537 -0.732520  0.026670 0.593803 -0.804168  0.337943 0.841221 4 28 0.368059 30 0.003408 29 0.623480 25 0.005053
0  -39.113354 0.268869 -0.736547  0.071071 0.591109 -0.803455  0.337792 0.844256 3 29 0.777013 30 0.051377 28 0.171610
v_heavyArms.tga.002
0  -39.068890 0.411136 -0.327277  0.005163 0.988616 -0.150373  0.348104 0.842205 3 28 0.365476 25 0.023787 29 0.610737
0  -39.009941 0.270533 -0.731938  -0.046533 0.603417 -0.796067  0.338410 0.837736 3 29 0.409070 25 0.036816 28 0.554114
0  -39.061775 0.269537 -0.732520  0.026670 0.593803 -0.804168  0.337943 0.841221 4 28 0.368059 30 0.003408 29 0.623480 25 0.005053
v_heavyArms.tga.002
0  -39.113354 0.268869 -0.736547  0.071071 0.591109 -0.803455  0.337792 0.844256 3 29 0.777013 30 0.051377 28 0.171610
0  -39.024483 -0.424408 -0.747164  -0.000772 -0.521422 -0.853299  0.313436 0.838571 3 30 0.001329 29 0.612339 28 0.386332
0  -39.076260 -0.423002 -0.749378  0.043111 -0.521069 -0.852425  0.313081 0.841570 3 29 0.771254 30 0.047714 28 0.181032
v_heavyArms.tga.002
0  -39.061775 0.269537 -0.732520  0.026670 0.593803 -0.804168  0.337943 0.841221 4 28 0.368059 30 0.003408 29 0.623480 25 0.005053
0  -38.972549 -0.425081 -0.748190  -0.044632 -0.527158 -0.848594  0.313875 0.835091 2 28 0.618312 29 0.381688
0  -39.024483 -0.424408 -0.747164  -0.000772 -0.521422 -0.853299  0.313436 0.838571 3 30 0.001329 29 0.612339 28 0.386332
v_heavyArms.tga.002
0  -38.409672 -0.687556 0.165579  -0.052468 -0.989650 -0.133565  0.717100 0.771900 2 28 0.922179 29 0.077821
0  -38.983646 -0.665517 0.020617  0.206893 -0.451251 -0.868083  0.723792 0.808640 2 29 0.247457 28 0.752543
0  -38.370872 -0.656056 0.154978  -0.213841 -0.078634 -0.973698  0.718700 0.773200 2 28 0.911899 29 0.088101
v_heavyArms.tga.002
0  -40.126347 -1.696635 -1.060712  0.238237 -0.389379 -0.889734  0.226124 0.872543 2 32 0.153211 33 0.846789
0  -40.090252 -1.842240 -0.844779  0.085580 -0.918302 -0.386519  0.218443 0.870153 2 33 0.659654 32 0.340346
0  -40.138916 -1.841597 -0.858096  0.096857 -0.917854 -0.384919  0.218484 0.872616 2 33 0.849108 32 0.150892
v_heavyArms.tga.002
0  -40.077576 -1.696150 -1.048598  0.206194 -0.391438 -0.896806  0.226173 0.870046 2 32 0.333965 33 0.666035
0  -40.041164 -1.842630 -0.833869  0.074393 -0.917770 -0.390081  0.218402 0.868221 3 33 0.282759 32 0.698916 31 0.018324
0  -40.090252 -1.842240 -0.844779  0.085580 -0.918302 -0.386519  0.218443 0.870153 2 33 0.659654 32 0.340346
v_heavyArms.tga.002
0  -40.192627 -1.915081 -0.545758  -0.068883 -0.986474 0.148745  0.815812 0.870630 2 32 0.131177 33 0.868823
0  -40.224869 -1.834877 -0.018997  -0.221253 -0.712965 0.665378  0.794421 0.864265 2 33 0.282470 32 0.717530
0  -40.272987 -1.833800 -0.034964  -0.244862 -0.712240 0.657842  0.794715 0.867226 2 33 0.832833 32 0.167167
v_heavyArms.tga.002
0  -40.143974 -1.916103 -0.533108  -0.053131 -0.987696 0.147082  0.815726 0.867480 2 33 0.632957 32 0.367043
0  -40.176399 -1.835718 -0.004852  -0.193223 -0.717045 0.669710  0.794142 0.861871 2 33 0.069007 32 0.930993
0  -40.224869 -1.834877 -0.018997  -0.221253 -0.712965 0.665378  0.794421 0.864265 2 33 0.282470 32 0.717530
v_heavyArms.tga.002
0  -40.188770 -1.939117 -0.568365  -0.009147 -0.998651 -0.051117  0.817518 0.870709 2 33 0.866805 32 0.133195
0  -40.143974 -1.916103 -0.533108  -0.177822 -0.689128 0.702483  0.815726 0.867480 2 33 0.632957 32 0.367043
0  -40.192627 -1.915081 -0.545758  -0.208196 -0.687647 0.695554  0.815812 0.870630 2 32 0.131177 33 0.868823
v_heavyArms.tga.002
0  -40.140106 -1.940137 -0.555706  -0.005405 -0.998774 -0.049202  0.817448 0.867549 2 33 0.651888 32 0.348112
0  -40.094902 -1.916830 -0.522685  -0.147476 -0.689924 0.708700  0.815676 0.864974 3 31 0.002369 33 0.224087 32 0.773544
0  -40.143974 -1.916103 -0.533108  -0.177822 -0.689128 0.702483  0.815726 0.867480 2 33 0.632957 32 0.367043
v_heavyArms.tga.002
0  -40.246353 -0.963706 -0.387522  -0.177946 0.965437 0.190439  0.742564 0.886260 2 33 0.797511 32 0.202489
0  -40.193832 -0.988325 -0.415667  0.089065 0.832648 -0.546594  0.681403 0.887262 2 33 0.477196 32 0.522804
0  -40.241863 -0.993710 -0.432236  0.105743 0.829894 -0.547808  0.685232 0.890239 2 32 0.187269 33 0.812731
v_heavyArms.tga.002
0  -40.198341 -0.958690 -0.371147  -0.161596 0.967632 0.193845  0.740791 0.883251 2 32 0.582780 33 0.417220
0  -40.145382 -0.983571 -0.401496  0.074545 0.835431 -0.544517  0.677312 0.884981 2 33 0.171007 32 0.828993
0  -40.193832 -0.988325 -0.415667  0.089065 0.832648 -0.546594  0.681403 0.887262 2 33 0.477196 32 0.522804
v_heavyArms.tga.002
0  -40.272987 -1.833800 -0.034964  -0.244862 -0.712240 0.657842  0.794715 0.867226 2 33 0.832833 32 0.167167
0  -40.257149 -1.095072 0.115390  -0.323134 0.535296 0.780412  0.759203 0.869499 2 33 0.289036 32 0.710964
0  -40.304771 -1.099753 0.097509  -0.351045 0.535637 0.768024  0.759863 0.872477 2 32 0.212251 33 0.787749
v_heavyArms.tga.002
0  -40.224869 -1.834877 -0.018997  -0.221253 -0.712965 0.665378  0.794421 0.864265 2 33 0.282470 32 0.717530
0  -40.209122 -1.090953 0.131324  -0.288540 0.536359 0.793136  0.758764 0.867073 2 33 0.078174 32 0.921826
0  -40.257149 -1.095072 0.115390  -0.323134 0.535296 0.780412  0.759203 0.869499 2 33 0.289036 32 0.710964
v_heavyArms.tga.002
0  -40.230656 -1.053229 -0.687484  -0.043720 0.973715 -0.223533  0.260268 0.878469 2 32 0.157124 33 0.842876
0  -40.129631 -1.113455 -0.973520  0.107554 0.686969 -0.718683  0.251746 0.873370 2 33 0.662197 32 0.337803
0  -40.178017 -1.118297 -0.986413  0.130950 0.687004 -0.714757  0.251461 0.875830 2 33 0.846257 32 0.153743
v_heavyArms.tga.002
0  -40.182632 -1.047398 -0.672294  -0.048691 0.973058 -0.225359  0.260627 0.876024 2 32 0.360901 33 0.639099
0  -40.080826 -1.108918 -0.962811  0.082380 0.681875 -0.726815  0.252008 0.871420 3 32 0.683476 31 0.009506 33 0.307018
0  -40.129631 -1.113455 -0.973520  0.107554 0.686969 -0.718683  0.251746 0.873370 2 33 0.662197 32 0.337803
v_heavyArms.tga.002
0  -40.149891 -0.954294 -0.357195  -0.140863 0.972035 0.187899  0.741156 0.880787 2 33 0.154708 32 0.845292
0  -40.192963 -0.986320 -0.351298  -0.302513 0.518489 0.799784  0.744023 0.881521 2 32 0.627799 33 0.372201
0  -40.144638 -0.981855 -0.336980  -0.266995 0.536381 0.800630  0.743521 0.879068 2 33 0.138923 32 0.861077
v_heavyArms.tga.002
0  -40.198341 -0.958690 -0.371147  -0.161596 0.967632 0.193845  0.740791 0.883251 2 32 0.582780 33 0.417220
0  -40.240814 -0.991393 -0.367983  -0.340434 0.495962 0.798828  0.744801 0.884599 2 33 0.787502 32 0.212498
0  -40.192963 -0.986320 -0.351298  -0.302513 0.518489 0.799784  0.744023 0.881521 2 32 0.627799 33 0.372201
v_heavyArms.tga.002
0  -40.079014 -1.893090 -0.579136  0.030274 -0.981382 -0.189666  0.206485 0.870390 3 33 0.243309 32 0.747722 31 0.008969
0  -40.090252 -1.842240 -0.844779  0.085580 -0.918302 -0.386519  0.218443 0.870153 2 33 0.659654 32 0.340346
0  -40.041164 -1.842630 -0.833869  0.074393 -0.917770 -0.390081  0.218402 0.868221 3 33 0.282759 32 0.698916 31 0.018324
v_heavyArms.tga.002
0  -40.128132 -1.892645 -0.589568  0.033081 -0.981488 -0.188643  0.206611 0.872254 2 33 0.658596 32 0.341404
0  -40.138916 -1.841597 -0.858096  0.096857 -0.917854 -0.384919  0.218484 0.872616 2 33 0.849108 32 0.150892
0  -40.090252 -1.842240 -0.844779  0.085580 -0.918302 -0.386519  0.218443 0.870153 2 33 0.659654 32 0.340346
v_heavyArms.tga.002
0  -40.091034 -1.940867 -0.545280  -0.001100 -0.998528 -0.054238  0.817401 0.865043 3 33 0.236518 32 0.758220 31 0.005262
0  -40.128132 -1.892645 -0.589568  0.175925 -0.599849 -0.780533  0.820617 0.867341 2 33 0.658596 32 0.341404
0  -40.079014 -1.893090 -0.579136  0.148016 -0.595576 -0.789545  0.820614 0.864816 3 33 0.243309 32 0.747722 31 0.008969
v_heavyArms.tga.002
0  -40.140106 -1.940137 -0.555706  -0.005405 -0.998774 -0.049202  0.817448 0.867549 2 33 0.651888 32 0.348112
0  -40.176838 -1.891931 -0.602256  0.200600 -0.604816 -0.770686  0.820704 0.870529 2 33 0.863574 32 0.136426
0  -40.128132 -1.892645 -0.589568  0.175925 -0.599849 -0.780533  0.820617 0.867341 2 33 0.658596 32 0.341404
v_heavyArms.tga.002
0  -40.144638 -0.981855 -0.336980  -0.142712 0.968105 0.205925  0.743521 0.879068 2 33 0.138923 32 0.861077
0  -40.257149 -1.095072 0.115390  -0.323134 0.535296 0.780412  0.759203 0.869499 2 33 0.289036 32 0.710964
0  -40.209122 -1.090953 0.131324  -0.288540 0.536359 0.793136  0.758764 0.867073 2 33 0.078174 32 0.921826
v_heavyArms.tga.002
0  -40.192963 -0.986320 -0.351298  -0.162131 0.965739 0.202635  0.744023 0.881521 2 32 0.627799 33 0.372201
0  -40.304771 -1.099753 0.097509  -0.351045 0.535637 0.768024  0.759863 0.872477 2 32 0.212251 33 0.787749
0  -40.257149 -1.095072 0.115390  -0.323134 0.535296 0.780412  0.759203 0.869499 2 33 0.289036 32 0.710964
v_heavyArms.tga.002
0  -40.028412 -1.695576 -1.038666  0.173907 -0.391646 -0.903532  0.226238 0.868065 3 33 0.314552 32 0.665485 31 0.019962
0  -40.129631 -1.113455 -0.973520  0.107554 0.686969 -0.718683  0.251746 0.873370 2 33 0.662197 32 0.337803
0  -40.080826 -1.108918 -0.962811  0.082380 0.681875 -0.726815  0.252008 0.871420 3 32 0.683476 31 0.009506 33 0.307018
v_heavyArms.tga.002
0  -40.077576 -1.696150 -1.048598  0.206194 -0.391438 -0.896806  0.226173 0.870046 2 32 0.333965 33 0.666035
0  -40.178017 -1.118297 -0.986413  0.130950 0.687004 -0.714757  0.251461 0.875830 2 33 0.846257 32 0.153743
0  -40.129631 -1.113455 -0.973520  0.107554 0.686969 -0.718683  0.251746 0.873370 2 33 0.662197 32 0.337803
v_heavyArms.tga.002
0  -40.134232 -1.041769 -0.659221  -0.049718 0.974102 -0.220575  0.260980 0.874119 2 33 0.249455 32 0.750545
0  -40.193832 -0.988325 -0.415667  -0.032389 0.974189 -0.223397  0.272028 0.879270 2 33 0.477196 32 0.522804
0  -40.145382 -0.983571 -0.401496  -0.030063 0.974717 -0.221410  0.272456 0.877418 2 33 0.171007 32 0.828993
v_heavyArms.tga.002
0  -40.182632 -1.047398 -0.672294  -0.048691 0.973058 -0.225359  0.260627 0.876024 2 32 0.360901 33 0.639099
0  -40.241863 -0.993710 -0.432236  -0.034641 0.972693 -0.229495  0.271671 0.881730 2 32 0.187269 33 0.812731
0  -40.193832 -0.988325 -0.415667  -0.032389 0.974189 -0.223397  0.272028 0.879270 2 33 0.477196 32 0.522804
v_heavyArms.tga.002
0  -38.959286 -1.849849 0.316817  -0.154335 -0.750356 0.642764  0.787748 0.801582 2 32 0.106578 31 0.893422
0  -38.089973 -1.894856 -0.308122  -0.022851 -0.995458 0.092423  0.819100 0.753600 2 31 0.942094 32 0.057906
0  -38.138298 -1.817440 0.541511  -0.141438 -0.745298 0.651557  0.782600 0.751500 1 31 1.000000
v_heavyArms.tga.002
0  -39.132919 -0.871751 -0.101970  -0.113286 0.987020 0.113835  0.728947 0.830754 2 32 0.868621 31 0.131379
0  -39.073536 -0.888656 -0.127364  0.041368 0.872119 -0.487543  0.587328 0.834821 3 32 0.643634 31 0.346398 28 0.009968
0  -39.122845 -0.893221 -0.139823  0.044058 0.873974 -0.483971  0.591495 0.837144 2 31 0.134583 32 0.865417
v_heavyArms.tga.002
0  -39.083298 -0.867259 -0.090007  -0.117769 0.986957 0.109752  0.728030 0.828320 3 32 0.644598 31 0.349535 28 0.005867
0  -39.024227 -0.884090 -0.114904  0.027786 0.855468 -0.517110  0.567201 0.832291 3 32 0.317029 31 0.628641 28 0.054330
0  -39.073536 -0.888656 -0.127364  0.041368 0.872119 -0.487543  0.587328 0.834821 3 32 0.643634 31 0.346398 28 0.009968
v_heavyArms.tga.002
0  -38.959286 -1.849849 0.316817  -0.154335 -0.750356 0.642764  0.787748 0.801582 2 32 0.106578 31 0.893422
0  -38.941666 -1.928165 -0.318510  0.002847 -0.992485 0.122330  0.815125 0.806466 2 32 0.543889 31 0.456111
0  -38.890556 -1.926867 -0.315528  0.028714 -0.991877 0.123914  0.815332 0.803275 2 32 0.298759 31 0.701241
v_heavyArms.tga.002
0  -39.009388 -1.851047 0.303249  -0.165319 -0.740245 0.651695  0.788044 0.804644 2 31 0.706289 32 0.293711
0  -38.992355 -1.928394 -0.325037  -0.028059 -0.991780 0.124838  0.815116 0.809021 3 33 0.020235 32 0.770734 31 0.209032
0  -38.941666 -1.928165 -0.318510  0.002847 -0.992485 0.122330  0.815125 0.806466 2 32 0.543889 31 0.456111
v_heavyArms.tga.002
0  -38.990761 -1.952561 -0.348071  0.008836 -0.997267 -0.073351  0.817038 0.809139 3 33 0.026871 32 0.764642 31 0.208487
0  -38.941666 -1.928165 -0.318510  -0.056450 -0.690716 0.720919  0.815125 0.806466 2 32 0.543889 31 0.456111
0  -38.992355 -1.928394 -0.325037  -0.111392 -0.689470 0.715698  0.815116 0.809021 3 33 0.020235 32 0.770734 31 0.209032
v_heavyArms.tga.002
0  -38.940113 -1.952345 -0.341556  0.021400 -0.997380 -0.069096  0.817076 0.806575 2 32 0.558520 31 0.441480
0  -38.890556 -1.926867 -0.315528  -0.001880 -0.689973 0.723833  0.815332 0.803275 2 32 0.298759 31 0.701241
0  -38.941666 -1.928165 -0.318510  -0.056450 -0.690716 0.720919  0.815125 0.806466 2 32 0.543889 31 0.456111
v_heavyArms.tga.002
0  -39.124229 -0.927926 -0.419045  -0.073386 0.979045 -0.189962  0.267851 0.834466 3 33 0.036144 32 0.812040 31 0.151816
0  -39.007431 -1.013930 -0.765778  -0.013957 0.664968 -0.746742  0.257532 0.828780 4 32 0.592558 31 0.356207 28 0.035359 33 0.015876
0  -39.057644 -1.018866 -0.771846  0.050444 0.671023 -0.739719  0.257275 0.830763 3 33 0.061455 32 0.758577 31 0.179968
v_heavyArms.tga.002
0  -39.075066 -0.921184 -0.406905  -0.100197 0.976281 -0.191926  0.268198 0.832525 3 32 0.632079 31 0.339852 28 0.028068
0  -38.956806 -1.008226 -0.764302  -0.051883 0.648893 -0.759108  0.257725 0.825760 3 28 0.072447 32 0.379926 31 0.547627
0  -39.007431 -1.013930 -0.765778  -0.013957 0.664968 -0.746742  0.257532 0.828780 4 32 0.592558 31 0.356207 28 0.035359 33 0.015876
v_heavyArms.tga.002
0  -38.881447 -1.897718 -0.373739  0.027238 -0.978871 -0.202655  0.205282 0.824264 2 32 0.319260 31 0.680740
0  -38.919533 -1.846740 -0.627161  0.058362 -0.914025 -0.401439  0.218038 0.824333 3 32 0.568104 31 0.423461 33 0.008435
0  -38.868576 -1.845278 -0.623639  0.052411 -0.909766 -0.411799  0.218090 0.821569 2 32 0.349757 31 0.650243
v_heavyArms.tga.002
0  -38.932438 -1.898530 -0.376649  0.028543 -0.979312 -0.200335  0.205383 0.826821 2 32 0.564305 31 0.435695
0  -38.970158 -1.847220 -0.634124  0.066631 -0.913670 -0.400958  0.218015 0.826308 3 31 0.216393 32 0.729012 33 0.054594
0  -38.919533 -1.846740 -0.627161  0.058362 -0.914025 -0.401439  0.218038 0.824333 3 32 0.568104 31 0.423461 33 0.008435
v_heavyArms.tga.002
0  -38.889061 -1.951066 -0.338591  0.034644 -0.996636 -0.074277  0.817285 0.803389 2 31 0.687656 32 0.312344
0  -38.932438 -1.898530 -0.376649  0.082068 -0.553760 -0.828622  0.820550 0.806238 2 32 0.564305 31 0.435695
0  -38.881447 -1.897718 -0.373739  0.041557 -0.556339 -0.829916  0.820778 0.803053 2 32 0.319260 31 0.680740
v_heavyArms.tga.002
0  -38.940113 -1.952345 -0.341556  0.021400 -0.997380 -0.069096  0.817076 0.806575 2 32 0.558520 31 0.441480
0  -38.983074 -1.898714 -0.383131  0.125565 -0.554019 -0.822980  0.820553 0.808812 3 33 0.031512 32 0.758234 31 0.210254
0  -38.932438 -1.898530 -0.376649  0.082068 -0.553760 -0.828622  0.820550 0.806238 2 32 0.564305 31 0.435695
v_heavyArms.tga.002
0  -38.870354 -1.678076 -0.848860  0.074243 -0.391074 -0.917360  0.227878 0.820773 3 31 0.608452 28 0.016294 32 0.375254
0  -39.007431 -1.013930 -0.765778  -0.013957 0.664968 -0.746742  0.257532 0.828780 4 32 0.592558 31 0.356207 28 0.035359 33 0.015876
0  -38.956806 -1.008226 -0.764302  -0.051883 0.648893 -0.759108  0.257725 0.825760 3 28 0.072447 32 0.379926 31 0.547627
v_heavyArms.tga.002
0  -38.921295 -1.680555 -0.852794  0.108561 -0.389105 -0.914774  0.227696 0.823733 3 32 0.577036 31 0.401370 33 0.021594
0  -39.057644 -1.018866 -0.771846  0.050444 0.671023 -0.739719  0.257275 0.830763 3 33 0.061455 32 0.758577 31 0.179968
0  -39.007431 -1.013930 -0.765778  -0.013957 0.664968 -0.746742  0.257532 0.828780 4 32 0.592558 31 0.356207 28 0.035359 33 0.015876
v_heavyArms.tga.002
0  -39.121170 -0.896985 -0.071023  -0.225175 0.710048 0.667179  0.732576 0.827777 2 31 0.130257 32 0.869743
0  -39.083298 -0.867259 -0.090007  -0.117769 0.986957 0.109752  0.728030 0.828320 3 32 0.644598 31 0.349535 28 0.005867
0  -39.132919 -0.871751 -0.101970  -0.113286 0.987020 0.113835  0.728947 0.830754 2 32 0.868621 31 0.131379
v_heavyArms.tga.002
0  -39.071507 -0.892715 -0.058817  -0.224884 0.711475 0.665755  0.732015 0.825307 3 32 0.630406 31 0.367015 28 0.002579
0  -39.033913 -0.862130 -0.078796  -0.127175 0.987056 0.097713  0.728112 0.824647 3 32 0.313462 31 0.635612 28 0.050927
0  -39.083298 -0.867259 -0.090007  -0.117769 0.986957 0.109752  0.728030 0.828320 3 32 0.644598 31 0.349535 28 0.005867
v_heavyArms.tga.002
0  -39.034595 -1.000762 0.487986  -0.311267 0.532508 0.787114  0.748141 0.807646 2 32 0.160102 31 0.839898
0  -39.009388 -1.851047 0.303249  -0.165319 -0.740245 0.651695  0.788044 0.804644 2 31 0.706289 32 0.293711
0  -38.959286 -1.849849 0.316817  -0.154335 -0.750356 0.642764  0.787748 0.801582 2 32 0.106578 31 0.893422
v_heavyArms.tga.002
0  -39.083839 -1.004353 0.471179  -0.299948 0.533604 0.790758  0.748443 0.810889 2 32 0.477745 31 0.522255
0  -39.059429 -1.851139 0.289899  -0.180403 -0.736185 0.652293  0.788323 0.807093 2 31 0.186181 32 0.813819
0  -39.009388 -1.851047 0.303249  -0.165319 -0.740245 0.651695  0.788044 0.804644 2 31 0.706289 32 0.293711
v_heavyArms.tga.002
0  -39.122845 -0.893221 -0.139823  -0.069586 0.989615 -0.125777  0.279843 0.838119 2 31 0.134583 32 0.865417
0  -39.075066 -0.921184 -0.406905  -0.100197 0.976281 -0.191926  0.268198 0.832525 3 32 0.632079 31 0.339852 28 0.028068
0  -39.124229 -0.927926 -0.419045  -0.073386 0.979045 -0.189962  0.267851 0.834466 3 33 0.036144 32 0.812040 31 0.151816
v_heavyArms.tga.002
0  -39.073536 -0.888656 -0.127364  -0.069054 0.991765 -0.107861  0.280192 0.836208 3 32 0.643634 31 0.346398 28 0.009968
0  -39.026379 -0.912796 -0.394244  -0.126314 0.973964 -0.188253  0.268757 0.829689 3 28 0.068948 32 0.374569 31 0.556482
0  -39.075066 -0.921184 -0.406905  -0.100197 0.976281 -0.191926  0.268198 0.832525 3 32 0.632079 31 0.339852 28 0.028068
v_heavyArms.tga.002
0  -38.868576 -1.845278 -0.623639  0.052411 -0.909766 -0.411799  0.218090 0.821569 2 32 0.349757 31 0.650243
0  -38.921295 -1.680555 -0.852794  0.108561 -0.389105 -0.914774  0.227696 0.823733 3 32 0.577036 31 0.401370 33 0.021594
0  -38.870354 -1.678076 -0.848860  0.074243 -0.391074 -0.917360  0.227878 0.820773 3 31 0.608452 28 0.016294 32 0.375254
v_heavyArms.tga.002
0  -38.919533 -1.846740 -0.627161  0.058362 -0.914025 -0.401439  0.218038 0.824333 3 32 0.568104 31 0.423461 33 0.008435
0  -38.971920 -1.681963 -0.859431  0.143060 -0.385514 -0.911544  0.227619 0.825750 3 33 0.064840 32 0.726625 31 0.208535
0  -38.921295 -1.680555 -0.852794  0.108561 -0.389105 -0.914774  0.227696 0.823733 3 32 0.577036 31 0.401370 33 0.021594
v_heavyArms.tga.002
0  -39.021843 -0.888445 -0.046610  -0.133114 0.970494 0.201051  0.731679 0.821781 3 28 0.049090 32 0.294020 31 0.656890
0  -39.083839 -1.004353 0.471179  -0.299948 0.533604 0.790758  0.748443 0.810889 2 32 0.477745 31 0.522255
0  -39.034595 -1.000762 0.487986  -0.311267 0.532508 0.787114  0.748141 0.807646 2 32 0.160102 31 0.839898
v_heavyArms.tga.002
0  -39.071507 -0.892715 -0.058817  -0.133095 0.970399 0.201525  0.732015 0.825307 3 32 0.630406 31 0.367015 28 0.002579
0  -39.133232 -1.008074 0.455480  -0.287040 0.533921 0.795322  0.748897 0.813361 2 31 0.124895 32 0.875105
0  -39.083839 -1.004353 0.471179  -0.299948 0.533604 0.790758  0.748443 0.810889 2 32 0.477745 31 0.522255
v_heavyArms.tga.002
0  -38.369873 -0.786855 0.065278  -0.264275 0.927883 -0.263044  0.724900 0.775300 3 31 0.692432 32 0.079336 28 0.228232
0  -39.024227 -0.884090 -0.114904  0.027786 0.855468 -0.517110  0.567201 0.832291 3 32 0.317029 31 0.628641 28 0.054330
0  -39.033913 -0.862130 -0.078796  -0.127175 0.987056 0.097713  0.728112 0.824647 3 32 0.313462 31 0.635612 28 0.050927
v_heavyArms.tga.002
0  -37.221371 -1.600132 -0.875514  -0.059896 -0.248587 -0.966756  0.238616 0.725808 4 28 0.061512 21 0.438448 34 0.061591 31 0.438448
0  -37.299065 -0.594566 -0.817763  -0.106170 0.047616 -0.993207  0.309051 0.728893 4 21 0.204543 31 0.474749 28 0.308074 34 0.012634
0  -37.196690 -0.582963 -0.825331  -0.107518 0.047985 -0.993044  0.308627 0.723176 4 28 0.229997 34 0.021423 31 0.369316 21 0.379264
v_heavyArms.tga.002
0  -37.323696 -1.603565 -0.869172  -0.057762 -0.246475 -0.967426  0.237736 0.731529 4 31 0.626629 28 0.089145 34 0.051283 21 0.232943
0  -37.401440 -0.606169 -0.804202  -0.108217 0.031564 -0.993626  0.309559 0.735179 4 21 0.157532 31 0.504643 28 0.335375 34 0.002450
0  -37.299065 -0.594566 -0.817763  -0.106170 0.047616 -0.993207  0.309051 0.728893 4 21 0.204543 31 0.474749 28 0.308074 34 0.012634
v_heavyArms.tga.002
0  -37.127872 -1.872133 0.626825  -0.008667 -0.784652 0.619876  0.777646 0.698595 3 21 0.717592 34 0.009913 31 0.272495
0  -37.227932 -1.888864 0.381013  -0.041497 -0.995753 0.082189  0.787739 0.702726 3 31 0.789448 34 0.015018 21 0.195534
0  -37.128529 -1.896909 0.337630  -0.046081 -0.995288 0.085316  0.790415 0.697558 3 31 0.579432 34 0.101994 21 0.318574
v_heavyArms.tga.002
0  -37.228073 -1.869195 0.628143  -0.033423 -0.785492 0.617969  0.777745 0.703535 2 31 0.422925 21 0.577075
0  -37.326370 -1.880255 0.438759  -0.043224 -0.996150 0.076262  0.785022 0.708777 2 31 0.796715 21 0.203285
0  -37.227932 -1.888864 0.381013  -0.041497 -0.995753 0.082189  0.787739 0.702726 3 31 0.789448 34 0.015018 21 0.195534
v_heavyArms.tga.002
0  -37.373775 1.363697 -0.766803  -0.060750 0.050779 -0.996861  0.417536 0.742850 4 22 0.152289 25 0.596284 21 0.250473 23 0.000954
0  -37.343719 0.383874 -0.768557  -0.095639 0.020394 -0.995207  0.358626 0.732711 3 21 0.393022 28 0.603737 31 0.003241
0  -37.446442 0.393184 -0.758575  -0.001027 0.019895 -0.999802  0.359106 0.738323 3 28 0.718821 21 0.278863 31 0.002316
v_heavyArms.tga.002
0  -37.272392 1.348208 -0.782780  -0.031376 0.052943 -0.998104  0.416544 0.736781 3 21 0.330236 22 0.144967 25 0.524796
0  -37.240997 0.374564 -0.778539  -0.084822 0.037902 -0.995675  0.358146 0.727104 3 21 0.601425 28 0.396573 31 0.002001
0  -37.343719 0.383874 -0.768557  -0.095639 0.020394 -0.995207  0.358626 0.732711 3 21 0.393022 28 0.603737 31 0.003241
v_heavyArms.tga.002
0  -37.147766 2.369971 0.053344  0.050559 0.995536 0.079702  0.525177 0.706634 3 22 0.512732 25 0.013181 21 0.474087
0  -37.246201 2.341264 0.498863  0.031471 0.760249 0.648869  0.543987 0.713564 3 22 0.408554 25 0.017963 21 0.573483
0  -37.144794 2.332156 0.500220  0.045126 0.774688 0.630731  0.544738 0.708109 3 22 0.450119 25 0.023646 21 0.526235
v_heavyArms.tga.002
0  -37.249607 2.375919 0.040913  0.051850 0.996094 0.071473  0.524477 0.712205 2 22 0.875152 21 0.124848
0  -37.347336 2.350326 0.490544  -0.002572 0.763588 0.645699  0.543453 0.718964 3 22 0.661646 25 0.025160 21 0.313194
0  -37.246201 2.341264 0.498863  0.031471 0.760249 0.648869  0.543987 0.713564 3 22 0.408554 25 0.017963 21 0.573483
v_heavyArms.tga.002
0  -37.174629 -0.748571 1.016639  -0.103846 -0.200243 0.974227  0.715768 0.708565 3 21 0.514443 31 0.255303 28 0.230254
0  -37.228073 -1.869195 0.628143  -0.033423 -0.785492 0.617969  0.777745 0.703535 2 31 0.422925 21 0.577075
0  -37.127872 -1.872133 0.626825  -0.008667 -0.784652 0.619876  0.777646 0.698595 3 21 0.717592 34 0.009913 31 0.272495
v_heavyArms.tga.002
0  -37.274284 -0.749679 1.002825  -0.153409 -0.178804 0.971851  0.716235 0.714620 3 21 0.494253 31 0.303329 28 0.202418
0  -37.327496 -1.866036 0.624461  -0.070151 -0.778296 0.623966  0.777712 0.709436 2 31 0.731220 21 0.268780
0  -37.228073 -1.869195 0.628143  -0.033423 -0.785492 0.617969  0.777745 0.703535 2 31 0.422925 21 0.577075
v_heavyArms.tga.002
0  -37.215801 -1.944947 -0.397501  -0.103142 -0.991946 -0.073523  0.205093 0.739834 4 28 0.024399 31 0.601136 34 0.122002 21 0.252462
0  -37.318970 -1.908323 -0.675243  -0.141433 -0.848025 -0.510734  0.220866 0.738613 4 31 0.646412 28 0.041398 34 0.052210 21 0.259980
0  -37.217022 -1.920953 -0.684227  -0.123541 -0.836840 -0.533326  0.221046 0.733224 4 31 0.586730 28 0.035637 34 0.081113 21 0.296520
v_heavyArms.tga.002
0  -37.318790 -1.937234 -0.394064  -0.083967 -0.990416 -0.109666  0.205162 0.744862 4 31 0.636455 28 0.026877 34 0.073378 21 0.263289
0  -37.420921 -1.895693 -0.666259  -0.136064 -0.844819 -0.517462  0.220686 0.744031 5 28 0.046960 31 0.739780 34 0.037469 32 0.000189 21 0.175602
0  -37.318970 -1.908323 -0.675243  -0.141433 -0.848025 -0.510734  0.220866 0.738613 4 31 0.646412 28 0.041398 34 0.052210 21 0.259980
v_heavyArms.tga.002
0  -37.422340 -1.966948 -0.358097  -0.074310 -0.994540 -0.073270  0.827699 0.719174 4 28 0.013880 31 0.734695 34 0.031520 21 0.219904
0  -37.319069 -1.944394 -0.326626  -0.031147 -0.765060 0.643206  0.825683 0.712489 4 31 0.619690 28 0.006329 34 0.075791 21 0.298190
0  -37.423237 -1.937855 -0.324183  -0.030133 -0.757970 0.651593  0.824788 0.718078 4 31 0.742407 28 0.002710 34 0.027022 21 0.227861
v_heavyArms.tga.002
0  -37.318817 -1.974176 -0.362142  -0.073519 -0.994129 -0.079386  0.828817 0.713787 4 31 0.665709 28 0.016985 34 0.067700 21 0.249606
0  -37.214901 -1.950933 -0.329068  -0.031382 -0.771504 0.635450  0.826518 0.707275 5 31 0.541846 28 0.006851 34 0.145030 35 0.000113 21 0.306160
0  -37.319069 -1.944394 -0.326626  -0.031147 -0.765060 0.643206  0.825683 0.712489 4 31 0.619690 28 0.006329 34 0.075791 21 0.298190
v_heavyArms.tga.002
0  -37.144794 2.332156 0.500220  0.045126 0.774688 0.630731  0.544738 0.708109 3 22 0.450119 25 0.023646 21 0.526235
0  -37.287403 1.365301 0.763464  -0.207360 0.271883 0.939724  0.598690 0.723219 4 25 0.355126 28 0.048475 21 0.429498 22 0.166901
0  -37.189022 1.342404 0.791482  -0.198504 0.276697 0.940231  0.600373 0.716151 4 22 0.065969 21 0.516796 25 0.378143 28 0.039092
v_heavyArms.tga.002
0  -37.246201 2.341264 0.498863  0.031471 0.760249 0.648869  0.543987 0.713564 3 22 0.408554 25 0.017963 21 0.573483
0  -37.385506 1.384102 0.735281  -0.216911 0.254892 0.942327  0.597529 0.727580 4 22 0.412149 25 0.371719 28 0.046089 21 0.170043
0  -37.287403 1.365301 0.763464  -0.207360 0.271883 0.939724  0.598690 0.723219 4 25 0.355126 28 0.048475 21 0.429498 22 0.166901
v_heavyArms.tga.002
0  -37.395008 2.205787 -0.689505  0.126254 0.588265 -0.798752  0.470565 0.739190 3 22 0.732569 23 0.036942 21 0.230489
0  -37.272392 1.348208 -0.782780  -0.031376 0.052943 -0.998104  0.416544 0.736781 3 21 0.330236 22 0.144967 25 0.524796
0  -37.373775 1.363697 -0.766803  -0.060750 0.050779 -0.996861  0.417536 0.742850 4 22 0.152289 25 0.596284 21 0.250473 23 0.000954
v_heavyArms.tga.002
0  -37.292778 2.194851 -0.679504  0.139480 0.598482 -0.788901  0.469718 0.732834 3 22 0.753544 21 0.241838 23 0.004618
0  -37.171005 1.332718 -0.776005  0.053283 0.075473 -0.995723  0.415540 0.730572 3 21 0.572486 22 0.098429 25 0.329085
0  -37.272392 1.348208 -0.782780  -0.031376 0.052943 -0.998104  0.416544 0.736781 3 21 0.330236 22 0.144967 25 0.524796
v_heavyArms.tga.002
0  -37.353462 2.391727 -0.027692  0.052063 0.997137 0.054834  0.508170 0.731467 2 22 0.791275 21 0.208725
0  -37.254662 2.394406 -0.193586  0.090004 0.980742 -0.173334  0.496979 0.726210 2 22 0.717720 21 0.282280
0  -37.356991 2.402568 -0.201479  0.088608 0.983254 -0.159251  0.497715 0.733032 3 22 0.722143 23 0.002716 21 0.275141
v_heavyArms.tga.002
0  -37.251080 2.386335 -0.015131  0.052928 0.997874 0.038029  0.507653 0.724793 2 22 0.793150 21 0.206850
0  -37.152328 2.386245 -0.185693  0.092618 0.977781 -0.188060  0.496370 0.720407 2 21 0.346481 22 0.653519
0  -37.254662 2.394406 -0.193586  0.090004 0.980742 -0.173334  0.496979 0.726210 2 22 0.717720 21 0.282280
v_heavyArms.tga.002
0  -37.446442 0.393184 -0.758575  -0.001027 0.019895 -0.999802  0.359106 0.738323 3 28 0.718821 21 0.278863 31 0.002316
0  -37.299065 -0.594566 -0.817763  -0.106170 0.047616 -0.993207  0.309051 0.728893 4 21 0.204543 31 0.474749 28 0.308074 34 0.012634
0  -37.401440 -0.606169 -0.804202  -0.108217 0.031564 -0.993626  0.309559 0.735179 4 21 0.157532 31 0.504643 28 0.335375 34 0.002450
v_heavyArms.tga.002
0  -37.343719 0.383874 -0.768557  -0.095639 0.020394 -0.995207  0.358626 0.732711 3 21 0.393022 28 0.603737 31 0.003241
0  -37.196690 -0.582963 -0.825331  -0.107518 0.047985 -0.993044  0.308627 0.723176 4 28 0.229997 34 0.021423 31 0.369316 21 0.379264
0  -37.299065 -0.594566 -0.817763  -0.106170 0.047616 -0.993207  0.309051 0.728893 4 21 0.204543 31 0.474749 28 0.308074 34 0.012634
v_heavyArms.tga.002
0  -37.350361 2.403650 0.005933  0.029882 0.977362 0.209453  0.522042 0.717838 2 22 0.793994 21 0.206006
0  -37.251080 2.386335 -0.015131  0.091803 0.939174 -0.330944  0.520878 0.711655 2 22 0.793150 21 0.206850
0  -37.353462 2.391727 -0.027692  0.095592 0.934966 -0.341614  0.520085 0.717749 2 22 0.791275 21 0.208725
v_heavyArms.tga.002
0  -37.248272 2.397856 0.018478  0.028145 0.975789 0.216897  0.522777 0.711806 2 22 0.837261 21 0.162739
0  -37.148697 2.380943 -0.002570  0.088794 0.943208 -0.320116  0.521600 0.706099 2 22 0.699261 21 0.300739
0  -37.251080 2.386335 -0.015131  0.091803 0.939174 -0.330944  0.520878 0.711655 2 22 0.793150 21 0.206850
v_heavyArms.tga.002
0  -37.146183 2.392061 0.031023  0.025878 0.973731 0.226225  0.523473 0.706268 3 22 0.691597 25 0.009296 21 0.299108
0  -37.249607 2.375919 0.040913  -0.044118 0.715240 0.697485  0.524477 0.712205 2 22 0.875152 21 0.124848
0  -37.147766 2.369971 0.053344  -0.043891 0.711386 0.701429  0.525177 0.706634 3 22 0.512732 25 0.013181 21 0.474087
v_heavyArms.tga.002
0  -37.248272 2.397856 0.018478  0.028145 0.975789 0.216897  0.522777 0.711806 2 22 0.837261 21 0.162739
0  -37.351448 2.381866 0.028483  -0.044062 0.719207 0.693398  0.523757 0.718125 2 22 0.801120 21 0.198880
0  -37.249607 2.375919 0.040913  -0.044118 0.715240 0.697485  0.524477 0.712205 2 22 0.875152 21 0.124848
v_heavyArms.tga.002
0  -37.215298 -1.981405 -0.366186  -0.072776 -0.993653 -0.085778  0.829890 0.708664 4 28 0.018606 31 0.564244 34 0.136616 21 0.280534
0  -37.318790 -1.937234 -0.394064  -0.074353 -0.651754 -0.754777  0.831887 0.714190 4 31 0.636455 28 0.026877 34 0.073378 21 0.263289
0  -37.215801 -1.944947 -0.397501  -0.073149 -0.650408 -0.756054  0.832967 0.709114 4 28 0.024399 31 0.601136 34 0.122002 21 0.252462
v_heavyArms.tga.002
0  -37.318817 -1.974176 -0.362142  -0.073519 -0.994129 -0.079386  0.828817 0.713787 4 31 0.665709 28 0.016985 34 0.067700 21 0.249606
0  -37.421780 -1.929521 -0.390626  -0.075629 -0.653447 -0.753184  0.830751 0.719534 4 28 0.023810 31 0.704398 34 0.037200 21 0.234592
0  -37.318790 -1.937234 -0.394064  -0.074353 -0.651754 -0.754777  0.831887 0.714190 4 31 0.636455 28 0.026877 34 0.073378 21 0.263289
v_heavyArms.tga.002
0  -37.190544 2.183916 -0.669502  0.136968 0.596778 -0.790630  0.468945 0.727035 2 22 0.434230 21 0.565770
0  -37.254662 2.394406 -0.193586  0.090004 0.980742 -0.173334  0.496979 0.726210 2 22 0.717720 21 0.282280
0  -37.152328 2.386245 -0.185693  0.092618 0.977781 -0.188060  0.496370 0.720407 2 21 0.346481 22 0.653519
v_heavyArms.tga.002
0  -37.292778 2.194851 -0.679504  0.139480 0.598482 -0.788901  0.469718 0.732834 3 22 0.753544 21 0.241838 23 0.004618
0  -37.356991 2.402568 -0.201479  0.088608 0.983254 -0.159251  0.497715 0.733032 3 22 0.722143 23 0.002716 21 0.275141
0  -37.254662 2.394406 -0.193586  0.090004 0.980742 -0.173334  0.496979 0.726210 2 22 0.717720 21 0.282280
v_heavyArms.tga.002
0  -37.189022 1.342404 0.791482  -0.198504 0.276697 0.940231  0.600373 0.716151 4 22 0.065969 21 0.516796 25 0.378143 28 0.039092
0  -37.289726 0.390825 1.040791  -0.228881 0.120412 0.965978  0.654922 0.722160 3 25 0.082322 21 0.526065 28 0.391612
0  -37.191551 0.378280 1.065459  -0.216422 0.105258 0.970609  0.655617 0.714927 3 21 0.571353 28 0.358688 25 0.069959
v_heavyArms.tga.002
0  -37.287403 1.365301 0.763464  -0.207360 0.271883 0.939724  0.598690 0.723219 4 25 0.355126 28 0.048475 21 0.429498 22 0.166901
0  -37.387562 0.400842 1.015959  -0.234922 0.122401 0.964277  0.654447 0.726321 3 28 0.384513 21 0.175007 25 0.440479
0  -37.289726 0.390825 1.040791  -0.228881 0.120412 0.965978  0.654922 0.722160 3 25 0.082322 21 0.526065 28 0.391612
v_heavyArms.tga.002
0  -37.423237 -1.937855 -0.324183  -0.060398 -0.994629 0.084057  0.824788 0.718078 4 31 0.742407 28 0.002710 34 0.027022 21 0.227861
0  -37.227932 -1.888864 0.381013  -0.041497 -0.995753 0.082189  0.787739 0.702726 3 31 0.789448 34 0.015018 21 0.195534
0  -37.326370 -1.880255 0.438759  -0.043224 -0.996150 0.076262  0.785022 0.708777 2 31 0.796715 21 0.203285
v_heavyArms.tga.002
0  -37.319069 -1.944394 -0.326626  -0.059591 -0.994442 0.086797  0.825683 0.712489 4 31 0.619690 28 0.006329 34 0.075791 21 0.298190
0  -37.128529 -1.896909 0.337630  -0.046081 -0.995288 0.085316  0.790415 0.697558 3 31 0.579432 34 0.101994 21 0.318574
0  -37.227932 -1.888864 0.381013  -0.041497 -0.995753 0.082189  0.787739 0.702726 3 31 0.789448 34 0.015018 21 0.195534
v_heavyArms.tga.002
0  -37.217022 -1.920953 -0.684227  -0.123541 -0.836840 -0.533326  0.221046 0.733224 4 31 0.586730 28 0.035637 34 0.081113 21 0.296520
0  -37.323696 -1.603565 -0.869172  -0.057762 -0.246475 -0.967426  0.237736 0.731529 4 31 0.626629 28 0.089145 34 0.051283 21 0.232943
0  -37.221371 -1.600132 -0.875514  -0.059896 -0.248587 -0.966756  0.238616 0.725808 4 28 0.061512 21 0.438448 34 0.061591 31 0.438448
v_heavyArms.tga.002
0  -37.318970 -1.908323 -0.675243  -0.141433 -0.848025 -0.510734  0.220866 0.738613 4 31 0.646412 28 0.041398 34 0.052210 21 0.259980
0  -37.426022 -1.606999 -0.862830  -0.076881 -0.273326 -0.958844  0.236832 0.737431 5 31 0.693948 32 0.002205 34 0.036006 28 0.095900 21 0.171941
0  -37.323696 -1.603565 -0.869172  -0.057762 -0.246475 -0.967426  0.237736 0.731529 4 31 0.626629 28 0.089145 34 0.051283 21 0.232943
v_heavyArms.tga.002
0  -37.191551 0.378280 1.065459  -0.216422 0.105258 0.970609  0.655617 0.714927 3 21 0.571353 28 0.358688 25 0.069959
0  -37.274284 -0.749679 1.002825  -0.153409 -0.178804 0.971851  0.716235 0.714620 3 21 0.494253 31 0.303329 28 0.202418
0  -37.174629 -0.748571 1.016639  -0.103846 -0.200243 0.974227  0.715768 0.708565 3 21 0.514443 31 0.255303 28 0.230254
v_heavyArms.tga.002
0  -37.289726 0.390825 1.040791  -0.228881 0.120412 0.965978  0.654922 0.722160 3 25 0.082322 21 0.526065 28 0.391612
0  -37.372871 -0.750677 0.984941  -0.192588 -0.168450 0.966713  0.716558 0.719327 3 31 0.362148 21 0.171540 28 0.466312
0  -37.274284 -0.749679 1.002825  -0.153409 -0.178804 0.971851  0.716235 0.714620 3 21 0.494253 31 0.303329 28 0.202418
v_heavyArms.tga.002
0  -36.552574 2.351044 0.067078  0.219439 0.962559 -0.159141  0.525800 0.673800 1 21 1.000000
0  -37.146183 2.392061 0.031023  0.025878 0.973731 0.226225  0.523473 0.706268 3 22 0.691597 25 0.009296 21 0.299108
0  -36.574074 2.361044 0.098179  0.123580 0.945230 0.302106  0.527300 0.675300 1 21 1.000000
v_heavyArms.tga.002
0  40.138424 0.378079 -0.253784  0.115500 0.951528 0.285051  0.662032 0.886582 2 11 0.882425 12 0.117575
0  39.117027 0.402298 0.030990  0.079929 0.966850 0.242514  0.657678 0.819677 2 10 0.193347 11 0.806653
0  39.138844 0.271803 0.544058  0.262206 0.605042 0.751779  0.672495 0.810330 2 10 0.211616 11 0.788384
v_heavyArms.tga.002
0  38.414371 0.538144 0.089678  0.386926 -0.907776 0.161958  0.644200 0.791000 2 7 0.946098 8 0.053902
0  39.040997 0.578950 -0.042473  0.114387 -0.973996 0.195572  0.642004 0.826671 2 8 0.216585 7 0.783415
0  39.073532 0.710420 0.593262  0.289166 -0.560854 0.775775  0.626888 0.816685 2 8 0.143262 7 0.856738
v_heavyArms.tga.002
0  40.156090 1.555044 -0.472020  0.038711 0.989137 0.141805  0.573445 0.891236 2 9 0.120186 8 0.879814
0  39.119293 1.526463 -0.099920  0.007686 0.990191 0.139512  0.582012 0.826184 2 7 0.128848 8 0.871152
0  39.152554 1.447362 0.459653  0.226302 0.697940 0.679461  0.598229 0.820850 2 7 0.182912 8 0.817088
v_heavyArms.tga.002
0  38.298515 2.456216 -0.186367  -0.050091 0.985157 0.164187  0.506170 0.789526 2 5 0.360091 4 0.639909
0  38.294399 2.478910 -0.333376  -0.101823 0.986663 -0.126995  0.497876 0.790972 2 5 0.411679 4 0.588321
0  37.962074 2.455544 -0.259022  -0.082567 0.994403 -0.065927  0.499800 0.772200 2 4 0.834517 5 0.165483
v_heavyArms.tga.002
0  40.138134 0.379825 -0.315492  0.031741 0.999194 0.024557  0.355346 0.911001 2 11 0.859611 12 0.140389
0  40.137543 0.384289 -0.494450  0.000926 0.988485 -0.151316  0.348542 0.910659 2 12 0.215597 11 0.784403
0  39.120480 0.410567 -0.331973  -0.000390 0.988334 -0.152299  0.348206 0.845504 3 12 0.012616 10 0.163460 11 0.823924
v_heavyArms.tga.002
0  41.487774 0.354744 -0.752123  0.137873 0.920340 -0.366013  0.664450 0.965851 1 12 1.000000
0  40.246147 0.400332 -0.340291  -0.085208 0.927667 -0.363557  0.660061 0.892378 2 11 0.153029 12 0.846971
0  40.237942 0.375167 -0.283964  0.165979 0.891092 0.422381  0.662400 0.892682 2 11 0.164296 12 0.835704
v_heavyArms.tga.002
0  33.989975 1.588644 0.104779  -0.153709 0.744293 -0.649924  0.558100 0.534100 2 2 0.178542 3 0.821458
0  33.987175 1.616745 0.137479  -0.230498 0.973001 -0.011841  0.560300 0.534800 3 2 0.177373 3 0.822097 7 0.000529
0  36.574074 2.361044 0.098179  -0.123580 0.945230 0.302106  0.527300 0.675300 1 3 1.000000
v_heavyArms.tga.002
0  37.975220 1.288278 -0.695523  0.519177 0.605241 -0.603438  0.407700 0.788300 3 7 0.898188 5 0.017662 8 0.084150
0  37.822571 1.431444 -0.768903  0.346993 0.108951 -0.931518  0.421900 0.769700 3 7 0.733595 4 0.196194 5 0.070211
0  38.019371 1.465245 -0.403762  0.909968 0.081098 -0.406672  0.423200 0.776200 4 4 0.274795 7 0.597896 8 0.014271 5 0.113038
v_heavyArms.tga.002
0  39.260979 1.799364 -0.333089  0.148580 -0.947972 -0.281555  0.570672 0.854595 2 5 0.156382 6 0.843618
0  40.120575 2.053044 -0.689623  0.196857 -0.820793 -0.536234  0.547900 0.921100 1 6 1.000000
0  40.146072 2.029545 -0.643923  0.522724 -0.818672 0.237772  0.545700 0.918000 1 6 1.000000
v_heavyArms.tga.002
0  38.089672 -1.919457 -0.331522  0.022747 -0.999693 -0.009847  0.821400 0.753700 2 13 0.928241 14 0.071759
0  38.090374 -1.878354 -0.367822  0.026865 -0.661878 -0.749130  0.824300 0.753900 3 13 0.923737 14 0.074943 10 0.001320
0  38.881447 -1.897718 -0.373739  -0.041557 -0.556339 -0.829916  0.820778 0.803053 2 14 0.319260 13 0.680740
v_heavyArms.tga.002
0  41.508041 0.977162 -0.628995  0.766955 -0.456854 0.450626  0.605921 0.962924 1 9 1.000000
0  41.516483 0.969970 -0.953789  0.847161 -0.479587 -0.228722  0.604602 0.971349 1 9 1.000000
0  41.489563 1.411248 -1.019407  0.843239 0.464027 -0.271343  0.582757 0.970619 1 9 1.000000
v_heavyArms.tga.002
0  38.375214 0.633987 0.794773  0.324255 -0.402785 0.855934  0.634700 0.773400 1 7 1.000000
0  39.073532 0.710420 0.593262  0.289166 -0.560854 0.775775  0.626888 0.816685 2 8 0.143262 7 0.856738
0  39.043953 1.442522 0.488977  0.106846 0.717109 0.688722  0.599484 0.814548 2 8 0.140440 7 0.859560
v_heavyArms.tga.002
0  38.417088 2.467673 -0.213006  -0.181003 0.906115 -0.382354  0.512326 0.783472 3 5 0.766255 6 0.047457 4 0.186289
0  38.401939 2.478851 -0.179256  -0.064605 0.989505 0.129249  0.514404 0.782371 3 5 0.774803 4 0.192995 6 0.032202
0  39.097172 2.545896 -0.353661  -0.066870 0.996042 0.058560  0.511106 0.828383 3 5 0.741901 4 0.009794 6 0.248305
v_heavyArms.tga.002
0  39.097172 2.545896 -0.353661  -0.066870 0.996042 0.058560  0.511106 0.828383 3 5 0.741901 4 0.009794 6 0.248305
0  38.401939 2.478851 -0.179256  -0.064605 0.989505 0.129249  0.514404 0.782371 3 5 0.774803 4 0.192995 6 0.032202
0  38.412331 2.458791 -0.153630  0.066325 0.798602 0.598193  0.516399 0.782747 3 4 0.190105 5 0.788812 6 0.021083
v_heavyArms.tga.002
0  33.601765 1.544796 0.108329  0.029088 0.924619 -0.379780  0.563665 0.513855 3 4 0.003124 3 0.355266 2 0.641610
0  33.601559 1.545917 0.109647  -0.694563 0.716752 -0.062043  0.563755 0.513878 3 4 0.005631 3 0.365342 2 0.629027
0  33.987175 1.616745 0.137479  -0.230498 0.973001 -0.011841  0.560300 0.534800 3 2 0.177373 3 0.822097 7 0.000529
v_heavyArms.tga.002
0  33.985573 1.539944 -0.139521  -0.129711 0.935369 -0.329030  0.446800 0.543100 2 3 0.823524 2 0.176476
0  33.586174 1.596646 -0.179321  0.105558 0.966141 -0.235436  0.446800 0.520800 2 3 0.299102 2 0.700898
0  33.585484 1.550305 0.069031  -0.011661 0.994298 0.105995  0.458622 0.521318 2 3 0.306533 2 0.693467
v_heavyArms.tga.002
0  33.585484 1.550305 0.069031  -0.011661 0.994298 0.105995  0.458622 0.521318 2 3 0.306533 2 0.693467
0  33.601765 1.544796 0.108329  -0.108718 0.977261 0.182049  0.460496 0.522170 3 4 0.003124 3 0.355266 2 0.641610
0  33.989975 1.588644 0.104779  -0.184321 0.966674 -0.177674  0.460400 0.540400 2 2 0.178542 3 0.821458
v_heavyArms.tga.002
0  33.576176 -1.162656 -0.477921  0.423301 -0.722423 -0.546737  0.277541 0.022127 3 16 0.214564 3 0.130801 2 0.654635
0  33.574291 -1.384035 0.166579  0.387025 -0.917762 0.089018  0.331430 0.021510 3 16 0.214419 3 0.096155 2 0.689425
0  32.721474 -1.471455 0.166580  0.090479 -0.984151 0.152511  0.333000 0.084500 3 2 0.901134 3 0.028130 16 0.070736
v_heavyArms.tga.002
0  40.237255 0.381079 -0.516077  -0.002529 0.988504 -0.151173  0.348181 0.916244 2 11 0.116148 12 0.883852
0  40.237835 0.376863 -0.346123  0.041699 0.998824 0.024735  0.354716 0.916693 2 12 0.850336 11 0.149664
0  41.479973 0.332344 -0.757623  0.181622 0.983288 0.012554  0.342300 0.979100 1 12 1.000000
v_heavyArms.tga.002
0  40.135361 -0.657008 -0.327382  -0.060737 -0.953811 -0.294203  0.728029 0.880983 3 10 0.006007 12 0.156621 11 0.837372
0  40.127819 -0.628659 -0.279173  0.192586 -0.832717 0.519128  0.725548 0.881558 3 10 0.011131 12 0.138761 11 0.850108
0  39.086288 -0.663227 0.051083  0.195024 -0.783091 0.590538  0.720883 0.813771 2 11 0.760500 10 0.239500
v_heavyArms.tga.002
0  40.285583 0.836869 0.063604  0.390179 -0.549000 0.739161  0.619370 0.894137 2 8 0.938496 9 0.061504
0  40.248775 1.479876 0.023215  0.269391 0.680442 0.681488  0.590621 0.889384 2 9 0.073445 8 0.926555
0  39.152554 1.447362 0.459653  0.226302 0.697940 0.679461  0.598376 0.820949 2 7 0.182912 8 0.817088
v_heavyArms.tga.002
0  33.571686 1.046746 0.968879  0.353830 0.462694 0.812846  0.543627 0.019562 2 3 0.152657 2 0.847343
0  32.718773 1.046746 0.968879  0.000000 0.478379 0.878154  0.545000 0.079700 2 2 0.939762 3 0.060238
0  32.727673 0.136545 1.149079  0.000000 -0.032810 0.999462  0.478200 0.081200 2 2 0.967311 3 0.032689
v_heavyArms.tga.002
0  39.013348 0.402003 0.053227  0.063556 0.872039 0.485292  0.657119 0.813666 3 7 0.053947 10 0.737392 11 0.208661
0  39.024498 0.429460 0.002211  -0.075760 0.931856 -0.354830  0.655508 0.814918 3 7 0.054520 10 0.691474 11 0.254007
0  38.431873 0.416245 0.091678  0.330351 0.880663 -0.339561  0.651700 0.785500 3 10 0.702709 11 0.068609 7 0.228682
v_heavyArms.tga.002
0  36.225487 -3.911655 -0.964216  -0.532224 -0.666207 -0.522404  0.086942 0.622751 2 17 0.861685 18 0.138315
0  36.167355 -3.903002 -0.623739  -0.624547 -0.777039 0.078427  0.076297 0.603233 2 17 0.870064 18 0.129936
0  35.325672 -3.187655 -0.600821  -0.629838 -0.775090 0.050391  0.135500 0.563800 2 16 0.103181 17 0.896819
v_heavyArms.tga.002
0  30.615173 -1.823223 -1.072166  0.121837 -0.689930 -0.713550  0.268200 0.211400 1 2 1.000000
0  22.204670 -2.125754 -1.276475  0.001750 -0.703098 -0.711091  0.271500 0.474800 2 2 0.934281 1 0.065719
0  22.208416 -0.924976 -1.826494  0.005685 -0.262161 -0.965007  0.220000 0.476300 2 2 0.970610 1 0.029390
v_heavyArms.tga.002
0  31.875172 1.867830 -1.071701  0.279129 0.645439 -0.710982  0.078800 0.151000 1 2 1.000000
0  30.591572 2.084538 -1.220409  0.116165 0.673609 -0.729902  0.075300 0.214800 1 2 1.000000
0  30.593573 2.551085 -0.175058  0.122616 0.991375 -0.046279  0.020000 0.215600 1 2 1.000000
v_heavyArms.tga.002
0  33.584774 1.499144 0.342779  0.999943 0.010207 0.003077  0.596900 0.009600 2 2 0.706712 3 0.293288
0  33.583923 1.610588 0.365017  0.913039 0.352567 0.205077  0.600550 0.016560 2 3 0.265783 2 0.734217
0  33.588280 1.033091 0.958285  0.886630 0.197588 0.418146  0.543069 0.017339 2 3 0.194090 2 0.805910
v_heavyArms.tga.002
0  33.599884 1.545579 0.115868  -0.176820 0.981223 0.077046  0.564117 0.513861 3 4 0.006219 3 0.372334 2 0.621447
0  33.587791 1.537856 0.139395  0.583426 0.797100 0.155709  0.565531 0.513426 2 3 0.298615 2 0.701385
0  33.584774 1.499144 0.342779  -0.266784 0.857707 0.439506  0.576500 0.515200 2 2 0.706712 3 0.293288
v_heavyArms.tga.002
0  33.593872 -0.483256 -0.791921  0.999979 0.005287 -0.003838  0.216200 0.015000 3 2 0.645243 3 0.121273 16 0.233485
0  33.593872 -0.552972 -0.888317  0.894579 -0.129389 -0.427770  0.219699 0.022873 3 16 0.184112 3 0.131839 2 0.684049
0  33.596249 0.528259 -0.961129  0.896159 0.069542 -0.438251  0.144011 0.028159 3 3 0.189708 2 0.774017 16 0.036275
v_heavyArms.tga.002
0  31.873573 2.041690 0.544887  0.286306 0.851279 0.439718  0.609900 0.138500 1 2 1.000000
0  30.588772 2.281638 0.617329  0.107415 0.882625 0.457642  0.614700 0.207700 1 2 1.000000
0  30.601871 1.518017 1.675384  0.108358 0.547697 0.829630  0.552000 0.207400 1 2 1.000000
v_heavyArms.tga.002
0  30.625973 0.048893 1.984763  0.156474 -0.027343 0.987303  0.481300 0.208200 1 2 1.000000
0  22.215584 0.019593 2.361136  0.074477 0.060962 0.995358  0.483300 0.472700 2 2 0.974243 1 0.025757
0  22.210449 -2.029852 1.851521  0.025144 -0.676590 0.735931  0.400400 0.472700 2 2 0.927651 1 0.072349
v_heavyArms.tga.002
0  33.606472 -1.025355 -0.420021  0.995949 -0.068990 -0.057678  0.274200 0.009600 3 16 0.338174 3 0.196940 2 0.464886
0  33.594429 -1.144322 -0.467677  0.895231 -0.352622 -0.272433  0.277233 0.019391 3 16 0.301148 3 0.186205 2 0.512648
0  33.593872 -0.552972 -0.888317  0.894579 -0.129389 -0.427770  0.219699 0.022873 3 16 0.184112 3 0.131839 2 0.684049
v_heavyArms.tga.002
0  33.596073 0.505644 -0.843621  0.999982 0.005461 0.002509  0.144100 0.020000 3 2 0.719242 3 0.229913 16 0.050845
0  33.596249 0.528259 -0.961129  0.896159 0.069542 -0.438251  0.144011 0.028159 3 3 0.189708 2 0.774017 16 0.036275
0  33.584789 1.289755 -0.667545  0.898352 0.242747 -0.366111  0.090513 0.031246 2 3 0.237811 2 0.762189
v_heavyArms.tga.002
0  38.203773 1.560745 -0.026121  0.547055 -0.687190 0.478018  0.585700 0.777300 3 4 0.438724 5 0.193634 7 0.367642
0  38.454010 1.610385 -0.084771  0.279726 -0.827385 0.487018  0.580933 0.791381 2 5 0.474783 4 0.525217
0  38.447941 1.627707 -0.078808  0.263990 -0.229994 0.936703  0.580173 0.791068 2 5 0.446585 4 0.553415
v_heavyArms.tga.002
0  39.195187 1.907076 0.129354  0.393098 -0.471255 0.789552  0.556358 0.836173 3 4 0.000048 5 0.916908 6 0.083044
0  38.566475 1.742569 0.343868  0.401255 -0.509442 0.761225  0.565496 0.791741 2 4 0.184212 5 0.815788
0  38.561745 1.650997 -0.104934  0.271053 -0.940301 0.205827  0.578207 0.798631 3 5 0.830836 4 0.153927 6 0.015237
v_heavyArms.tga.002
0  32.725773 -0.914355 0.866979  0.021450 -0.565330 0.824586  0.400800 0.082900 3 2 0.942504 3 0.036307 16 0.021189
0  32.721474 -1.471455 0.166580  0.090479 -0.984151 0.152511  0.333000 0.084500 3 2 0.901134 3 0.028130 16 0.070736
0  33.574291 -1.384035 0.166579  0.387025 -0.917762 0.089018  0.331430 0.021510 3 16 0.214419 3 0.096155 2 0.689425
v_heavyArms.tga.002
0  40.198673 0.672326 -0.439576  0.163330 -0.967780 0.191638  0.634069 0.902601 2 9 0.108877 8 0.891123
0  39.155148 0.564229 -0.103951  0.087438 -0.995142 -0.045251  0.642771 0.833837 2 7 0.159193 8 0.840807
0  39.147030 0.590120 -0.129620  -0.137835 -0.719494 -0.680683  0.644328 0.834039 2 7 0.153819 8 0.846181
v_heavyArms.tga.002
0  40.127819 -0.628659 -0.279173  0.087463 -0.980434 0.176353  0.725548 0.881558 3 10 0.011131 12 0.138761 11 0.850108
0  40.169380 -0.539612 0.196292  0.270015 -0.632277 0.726166  0.708562 0.877511 3 12 0.096773 10 0.013643 11 0.889584
0  39.112907 -0.568840 0.555222  0.250919 -0.634582 0.730990  0.705627 0.806156 2 11 0.755020 10 0.244980
v_heavyArms.tga.002
0  32.723671 -1.162656 -0.628720  0.902599 -0.333710 -0.271943  0.269300 0.085900 3 2 0.885530 3 0.041637 16 0.072833
0  32.721474 -1.471455 0.166580  0.901860 -0.428143 0.057806  0.333000 0.084500 3 2 0.901134 3 0.028130 16 0.070736
0  32.622871 -1.670617 0.111685  0.667955 -0.744124 0.010751  0.327600 0.099600 3 2 0.963104 3 0.000783 16 0.036113
v_heavyArms.tga.002
0  40.191475 -0.382204 -0.852939  -0.168659 -0.470890 -0.865920  0.305843 0.905973 2 12 0.913668 11 0.086332
0  41.379044 -0.356026 -1.107099  -0.090432 -0.378447 -0.921195  0.304000 0.966700 1 12 1.000000
0  41.449474 -0.583855 -0.869522  0.023246 -0.934788 -0.354446  0.291500 0.971000 1 12 1.000000
v_heavyArms.tga.002
0  38.246414 1.395586 0.606373  0.102498 0.696857 0.709848  0.610000 0.770200 3 7 0.902426 4 0.074901 10 0.022673
0  39.043953 1.442522 0.488977  0.106846 0.717109 0.688722  0.599484 0.814548 2 8 0.140440 7 0.859560
0  39.010586 1.518743 -0.074610  -0.062242 0.990252 0.124607  0.583137 0.820037 2 7 0.742812 8 0.257188
v_heavyArms.tga.002
0  36.325909 -3.874341 -0.176779  -0.484498 -0.614280 0.622834  0.937679 0.627491 2 17 0.817228 18 0.182772
0  36.167355 -3.903002 -0.623739  -0.624547 -0.777039 0.078427  0.953775 0.613763 2 17 0.870064 18 0.129936
0  36.275383 -3.987229 -0.620304  -0.668484 -0.737755 0.094058  0.958963 0.617606 2 17 0.206787 18 0.793213
v_heavyArms.tga.002
0  38.990761 -1.952561 -0.348071  -0.008836 -0.997267 -0.073351  0.817038 0.809139 3 15 0.026871 14 0.764642 13 0.208487
0  40.091034 -1.940867 -0.545280  0.001100 -0.998528 -0.054238  0.817401 0.865043 3 15 0.236518 14 0.758220 13 0.005262
0  40.094902 -1.916830 -0.522685  0.147476 -0.689924 0.708700  0.815676 0.864974 3 13 0.002369 15 0.224087 14 0.773544
v_heavyArms.tga.002
0  38.369473 -0.783056 -0.210534  0.424521 0.901369 -0.085536  0.276500 0.791200 4 13 0.581919 14 0.092884 10 0.311850 11 0.013347
0  38.298073 -0.721056 -0.276691  0.832617 -0.281955 -0.476709  0.291700 0.784100 4 10 0.511006 13 0.376267 14 0.056960 11 0.055767
0  38.269772 -0.721555 0.109278  0.886584 -0.450366 0.105544  0.289900 0.797100 4 10 0.457264 13 0.482286 14 0.032992 11 0.027458
v_heavyArms.tga.002
0  40.028412 -1.695576 -1.038666  -0.173907 -0.391646 -0.903532  0.226238 0.868065 3 15 0.314552 14 0.665485 13 0.019962
0  38.971920 -1.681963 -0.859431  -0.143060 -0.385514 -0.911544  0.227619 0.825750 3 15 0.064840 14 0.726625 13 0.208535
0  39.057644 -1.018866 -0.771846  -0.050444 0.671023 -0.739719  0.257275 0.830763 3 15 0.061455 14 0.758577 13 0.179968
v_heavyArms.tga.002
0  38.388527 2.320291 -0.714991  -0.091993 0.479089 -0.872932  0.480132 0.798593 3 5 0.703104 4 0.210366 6 0.086530
0  39.054375 2.372712 -0.774250  -0.152007 0.406439 -0.900945  0.484527 0.842635 3 4 0.033037 5 0.634887 6 0.332076
0  39.106098 1.785514 -0.681139  0.080970 -0.721994 -0.687145  0.453995 0.850391 3 6 0.307718 4 0.032423 5 0.659859
v_heavyArms.tga.002
0  40.267834 -0.536907 0.159918  0.294821 -0.630986 0.717591  0.708948 0.883694 2 11 0.196558 12 0.803442
0  40.226898 -0.625477 -0.310636  0.087233 -0.980401 0.176648  0.725913 0.887695 2 12 0.824814 11 0.175186
0  41.474972 -0.586755 -0.707523  0.268905 -0.946402 0.178924  0.729515 0.961077 1 12 1.000000
v_heavyArms.tga.002
0  40.146488 0.403426 -0.309617  -0.083728 0.925929 -0.368299  0.659705 0.886228 2 12 0.133780 11 0.866220
0  39.128181 0.429317 -0.020293  -0.069973 0.939837 -0.334382  0.656029 0.820816 2 11 0.817580 10 0.182420
0  39.117027 0.402298 0.030990  0.138445 0.863342 0.485257  0.657678 0.819677 2 10 0.193347 11 0.806653
v_heavyArms.tga.002
0  32.625671 -1.270417 -0.817875  0.650702 -0.543580 -0.530195  0.263700 0.101500 3 2 0.963586 3 0.003310 16 0.033104
0  31.888672 -1.578090 -0.941454  0.296734 -0.668627 -0.681826  0.267900 0.147700 1 2 1.000000
0  31.890774 -0.653944 -1.347795  0.195168 -0.250144 -0.948334  0.215500 0.146100 1 2 1.000000
v_heavyArms.tga.002
0  39.265415 1.783818 -0.277986  0.386491 -0.812619 0.436205  0.568267 0.851972 2 5 0.163743 6 0.836257
0  40.146072 2.029545 -0.643923  0.522724 -0.818672 0.237772  0.545700 0.918000 1 6 1.000000
0  40.143372 2.046644 -0.638522  0.424702 -0.210839 0.880440  0.544900 0.917300 1 6 1.000000
v_heavyArms.tga.002
0  41.510483 -1.192857 -1.067923  0.387325 0.880472 -0.273402  0.247200 0.940900 1 15 1.000000
0  41.485043 -1.314551 -1.284575  0.423684 0.416078 -0.804594  0.240400 0.938200 1 15 1.000000
0  41.100842 -1.215352 -1.263475  -0.052881 0.655699 -0.753168  0.245800 0.923000 1 15 1.000000
v_heavyArms.tga.002
0  33.568157 1.301642 -0.679018  0.358367 0.526105 -0.771224  0.090292 0.033394 2 3 0.186369 2 0.813631
0  32.714973 1.322243 -0.658221  -0.003414 0.555081 -0.831790  0.089900 0.089900 2 2 0.927759 3 0.072241
0  32.715672 1.784745 -0.190421  0.038492 0.970851 -0.236575  0.047400 0.090800 2 2 0.916855 3 0.083145
v_heavyArms.tga.002
0  34.015175 -0.417455 -0.862626  -0.104674 0.014770 -0.994397  0.319800 0.536500 3 2 0.031616 3 0.525782 16 0.442602
0  36.245472 -0.480156 -0.949328  0.063827 0.081178 -0.994654  0.304500 0.670000 3 3 0.817021 13 0.020007 16 0.162973
0  35.499374 -1.551955 -1.154221  0.081653 0.023182 -0.996391  0.241000 0.619000 3 3 0.074378 16 0.921960 13 0.003661
v_heavyArms.tga.002
0  41.555882 -1.670256 -1.192423  0.829041 -0.387744 -0.402920  0.226300 0.939900 1 15 1.000000
0  41.596081 -1.713357 -0.975823  0.890063 -0.451596 -0.062046  0.222700 0.947600 1 15 1.000000
0  41.469482 -1.784556 -1.000123  0.385501 -0.905865 -0.175490  0.216600 0.940200 1 15 1.000000
v_heavyArms.tga.002
0  33.594475 -0.858655 0.755179  -0.124848 -0.547276 0.827588  0.718700 0.513800 3 2 0.720299 3 0.163843 16 0.115859
0  33.600273 -1.190154 0.196579  -0.248383 -0.966445 0.065496  0.750800 0.507900 3 16 0.282394 3 0.126136 2 0.591470
0  34.204273 -1.332854 0.381479  -0.373966 -0.615778 0.693518  0.755400 0.542600 3 2 0.079550 3 0.538456 16 0.381994
v_heavyArms.tga.002
0  41.510284 -1.190057 -0.881023  0.467433 0.281408 0.838043  0.773700 0.960100 1 15 1.000000
0  41.512882 -1.158856 -0.892923  0.492589 0.833750 0.249435  0.772300 0.960900 1 15 1.000000
0  41.123882 -1.064057 -0.720323  0.250544 0.941800 0.224142  0.757700 0.942800 1 15 1.000000
v_heavyArms.tga.002
0  39.165058 1.759329 -0.245987  0.302949 -0.829127 0.469862  0.570276 0.844388 3 6 0.164887 4 0.006857 5 0.828256
0  39.162338 1.777269 -0.240534  0.286734 -0.238657 0.927807  0.569346 0.844124 3 6 0.149999 4 0.005892 5 0.844110
0  38.561745 1.650997 -0.104934  0.262001 -0.234169 0.936227  0.578207 0.798631 3 5 0.830836 4 0.153927 6 0.015237
v_heavyArms.tga.002
0  32.630875 0.616158 -1.183993  0.675650 0.104366 -0.729797  0.143100 0.103200 2 2 0.991131 3 0.008869
0  31.894772 0.681112 -1.475026  0.256868 0.125566 -0.958255  0.143000 0.147100 1 2 1.000000
0  31.875172 1.867830 -1.071701  0.279129 0.645439 -0.710982  0.078800 0.151000 1 2 1.000000
v_heavyArms.tga.002
0  38.331272 -0.826956 0.113378  0.466278 0.862682 0.195870  0.726600 0.773000 3 13 0.700193 14 0.055963 10 0.243844
0  38.262772 -0.728856 0.165278  0.970405 -0.027148 0.239953  0.722000 0.767900 4 10 0.491913 13 0.481307 11 0.011964 14 0.014815
0  38.159473 -0.701755 0.576278  0.868589 -0.226527 0.440724  0.718600 0.754800 2 10 0.488027 13 0.511973
v_heavyArms.tga.002
0  37.699875 2.410843 -0.072222  -0.087599 0.927452 -0.363536  0.517400 0.738400 2 4 0.965370 5 0.034630
0  37.684074 2.423443 -0.036922  -0.010897 0.983064 0.182940  0.519600 0.737600 2 4 0.976485 5 0.023515
0  37.929073 2.427244 -0.082022  -0.015183 0.972696 0.231584  0.516900 0.752600 2 4 0.895776 5 0.104224
v_heavyArms.tga.002
0  39.105637 2.531375 -0.385827  -0.055474 0.996546 0.061795  0.503602 0.843077 3 4 0.007580 6 0.268245 5 0.724174
0  39.079407 2.538029 -0.528913  -0.127676 0.959509 -0.251079  0.495986 0.842521 3 4 0.018672 5 0.672481 6 0.308848
0  38.412853 2.487557 -0.361494  -0.102019 0.982729 -0.154391  0.497405 0.798248 3 4 0.191189 5 0.741920 6 0.066891
v_heavyArms.tga.002
0  35.499374 -1.551955 -1.154221  0.335184 0.402939 -0.851641  0.241000 0.619000 3 3 0.074378 16 0.921960 13 0.003661
0  36.224274 -2.043957 -0.771721  0.742259 -0.395991 -0.540594  0.222800 0.680600 3 3 0.084925 17 0.147681 16 0.767394
0  36.206673 -2.076756 -0.770121  0.705425 -0.583435 -0.402465  0.216400 0.663000 3 3 0.057812 17 0.154391 16 0.787798
v_heavyArms.tga.002
0  41.325359 1.513689 -0.981080  0.269901 0.962694 -0.019354  0.572976 0.961282 1 9 1.000000
0  41.311588 1.486420 -1.019138  0.062898 0.797011 -0.600681  0.570850 0.962016 1 9 1.000000
0  40.235828 1.542402 -0.564599  -0.176617 0.841165 -0.511124  0.569242 0.897167 2 9 0.857498 8 0.142502
v_heavyArms.tga.002
0  40.249374 1.553950 -0.508522  0.085682 0.988153 0.127328  0.573116 0.896879 2 8 0.151141 9 0.848859
0  40.340694 1.480447 -0.019953  0.348290 0.675662 0.649750  0.586779 0.892644 2 8 0.173651 9 0.826349
0  41.458702 1.460272 -0.627691  0.676660 0.597561 0.430176  0.581815 0.956566 1 9 1.000000
v_heavyArms.tga.002
0  38.431873 0.416245 0.091678  0.330351 0.880663 -0.339561  0.651700 0.785500 3 10 0.702709 11 0.068609 7 0.228682
0  39.024498 0.429460 0.002211  -0.075760 0.931856 -0.354830  0.655508 0.814918 3 7 0.054520 10 0.691474 11 0.254007
0  39.014801 0.403601 -0.004149  -0.161614 0.292378 -0.942548  0.654646 0.815188 3 11 0.267117 10 0.675457 7 0.057426
v_heavyArms.tga.002
0  37.215073 -4.825455 -0.225421  -0.209244 -0.661887 0.719807  0.984500 0.650800 1 18 1.000000
0  37.285473 -4.952057 -0.486721  -0.118390 -0.983560 0.136359  0.992700 0.648400 1 18 1.000000
0  37.507973 -4.802254 -0.495621  0.819525 -0.544103 0.179806  0.998600 0.655400 1 18 1.000000
v_heavyArms.tga.002
0  35.822372 -2.867055 -1.308521  0.041576 -0.041781 -0.998261  0.159900 0.620800 2 16 0.122825 17 0.877175
0  35.370872 -3.179755 -0.973621  -0.513274 -0.692042 -0.507570  0.145600 0.584200 2 16 0.099885 17 0.900115
0  34.688473 -2.652255 -1.076521  -0.623920 -0.508805 -0.593162  0.188300 0.562500 2 16 0.891289 17 0.108711
v_heavyArms.tga.002
0  38.283974 2.466617 -0.152721  -0.073892 0.985013 0.155847  0.515000 0.774781 2 5 0.333971 4 0.666029
0  37.929073 2.427244 -0.082022  -0.015183 0.972696 0.231584  0.516900 0.752600 2 4 0.895776 5 0.104224
0  37.937172 2.406643 -0.059422  0.080716 0.755449 0.650217  0.518700 0.752900 2 4 0.905398 5 0.094602
v_heavyArms.tga.002
0  38.422771 0.396244 -0.403986  0.481080 0.872320 -0.087297  0.348600 0.801700 4 10 0.666608 7 0.204874 8 0.007351 11 0.121166
0  39.016987 0.410632 -0.327545  -0.007356 0.988883 -0.148516  0.348222 0.838946 3 7 0.064611 11 0.369261 10 0.566128
0  39.009941 0.270533 -0.731938  0.046533 0.603417 -0.796067  0.338410 0.837736 3 11 0.409070 7 0.036816 10 0.554114
v_heavyArms.tga.002
0  37.981949 1.604481 -0.638926  0.576702 -0.425551 -0.697367  0.445100 0.778900 3 4 0.498256 5 0.176871 7 0.324873
0  38.329132 1.646365 -0.621303  0.100183 -0.686274 -0.720411  0.446391 0.798501 3 5 0.459292 4 0.525248 6 0.015460
0  38.381840 1.599738 -0.372308  0.181485 -0.978898 -0.093926  0.438889 0.802096 2 5 0.487833 4 0.512167
v_heavyArms.tga.002
0  41.142681 -1.914956 -0.849123  0.108671 -0.993183 -0.042162  0.819500 0.933000 1 15 1.000000
0  41.485683 -1.840756 -0.959422  0.466958 -0.879187 -0.094763  0.813600 0.952400 1 15 1.000000
0  41.473782 -1.814957 -0.935522  0.460212 -0.483956 0.744306  0.812300 0.951200 1 15 1.000000
v_heavyArms.tga.002
0  38.990761 -1.952561 -0.348071  -0.008836 -0.997267 -0.073351  0.817038 0.809139 3 15 0.026871 14 0.764642 13 0.208487
0  38.983074 -1.898714 -0.383131  -0.125565 -0.554019 -0.822980  0.820553 0.808812 3 15 0.031512 14 0.758234 13 0.210254
0  40.079014 -1.893090 -0.579136  -0.148016 -0.595576 -0.789545  0.820614 0.864816 3 15 0.243309 14 0.747722 13 0.008969
v_heavyArms.tga.002
0  38.369473 -0.783056 -0.210534  0.424521 0.901369 -0.085536  0.276500 0.791200 4 13 0.581919 14 0.092884 10 0.311850 11 0.013347
0  39.026379 -0.912796 -0.394244  0.126314 0.973964 -0.188253  0.268757 0.829689 3 10 0.068948 14 0.374569 13 0.556482
0  38.956806 -1.008226 -0.764302  0.051883 0.648893 -0.759108  0.257725 0.825760 3 10 0.072447 14 0.379926 13 0.547627
v_heavyArms.tga.002
0  41.464172 -0.585556 -0.765023  0.110183 -0.993631 -0.023607  0.288200 0.974700 1 12 1.000000
0  40.229721 -0.623846 -0.369818  -0.026374 -0.982867 -0.182417  0.284629 0.906199 2 11 0.158834 12 0.841166
0  40.225746 -0.590255 -0.550232  -0.079318 -0.924528 -0.372768  0.291351 0.904287 2 12 0.884285 11 0.115715
v_heavyArms.tga.002
0  37.911373 1.469546 0.583278  0.247013 0.278623 0.928092  0.591700 0.751000 3 4 0.480715 7 0.497484 10 0.021801
0  37.924973 0.446144 0.878578  0.268922 0.112333 0.956589  0.652100 0.749200 2 7 0.517027 10 0.482973
0  38.375214 0.633987 0.794773  0.324255 -0.402785 0.855934  0.634700 0.773400 1 7 1.000000
v_heavyArms.tga.002
0  39.120480 0.410567 -0.331973  -0.000390 0.988334 -0.152299  0.348123 0.845157 3 12 0.012616 10 0.163460 11 0.823924
0  40.137543 0.384289 -0.494450  0.000926 0.988485 -0.151316  0.346828 0.903441 2 12 0.215597 11 0.784403
0  40.106380 0.260429 -0.850343  -0.092349 0.579146 -0.809976  0.334872 0.902889 2 12 0.275230 11 0.724770
v_heavyArms.tga.002
0  39.000057 1.532955 -0.092362  -0.086777 0.989974 0.111452  0.581668 0.819473 2 8 0.265920 7 0.734080
0  38.203674 1.445343 0.003478  0.228713 0.925507 0.301873  0.592200 0.780100 4 7 0.781111 4 0.123216 5 0.039502 8 0.056171
0  38.195171 1.426745 0.016278  0.200435 0.492389 0.846982  0.593200 0.778800 4 7 0.806268 4 0.123624 5 0.031867 8 0.038242
v_heavyArms.tga.002
0  38.437973 0.513745 0.045775  0.292570 -0.938617 -0.182760  0.645300 0.792800 2 7 0.934917 8 0.065083
0  39.047131 0.555005 -0.075892  0.058217 -0.996030 -0.067342  0.643387 0.827233 2 8 0.259298 7 0.740702
0  39.040997 0.578950 -0.042473  0.184509 -0.782728 0.594385  0.642004 0.826671 2 8 0.216585 7 0.783415
v_heavyArms.tga.002
0  34.460575 0.122844 1.081078  -0.024958 -0.063593 0.997664  0.666000 0.562000 3 2 0.103733 3 0.874701 16 0.021566
0  36.769772 0.316844 1.170679  0.090179 0.070983 0.993393  0.658800 0.683900 1 3 1.000000
0  36.739273 1.224745 0.918778  0.067968 0.299413 0.951700  0.608400 0.683900 1 3 1.000000
v_heavyArms.tga.002
0  40.149700 1.569916 -0.487214  0.015816 0.996173 0.085961  0.571926 0.891068 2 8 0.865639 9 0.134361
0  40.141872 1.543657 -0.528121  -0.195284 0.841582 -0.503592  0.569580 0.891394 2 8 0.853350 9 0.146650
0  39.071526 1.517088 -0.148777  -0.175355 0.873412 -0.454316  0.578799 0.824378 2 7 0.137316 8 0.862684
v_heavyArms.tga.002
0  36.647873 2.287445 0.482778  -0.133367 0.790907 0.597227  0.547900 0.681400 1 3 1.000000
0  36.580574 2.337944 0.120278  -0.175729 0.972331 0.153922  0.529000 0.675700 1 3 1.000000
0  33.991074 1.599745 0.160379  -0.161695 0.984152 -0.072791  0.561800 0.535100 3 2 0.175553 3 0.822448 7 0.002000
v_heavyArms.tga.002
0  41.379044 -0.356026 -1.107099  -0.090432 -0.378447 -0.921195  0.304000 0.966700 1 12 1.000000
0  40.191475 -0.382204 -0.852939  -0.168659 -0.470890 -0.865920  0.305843 0.905973 2 12 0.913668 11 0.086332
0  40.206505 0.258743 -0.866625  -0.148047 0.575038 -0.804620  0.334613 0.908399 2 12 0.907727 11 0.092273
v_heavyArms.tga.002
0  37.561172 -4.349957 -0.797421  0.910101 0.119853 -0.396676  0.044600 0.701100 1 18 1.000000
0  37.602371 -4.315255 -0.555620  0.989636 0.143446 -0.006634  0.041000 0.713800 1 18 1.000000
0  37.507973 -4.802254 -0.495621  0.819525 -0.544103 0.179806  0.013600 0.695900 1 18 1.000000
v_heavyArms.tga.002
0  30.625973 0.738531 -1.678611  0.100038 0.118360 -0.987919  0.143000 0.211500 1 2 1.000000
0  22.215584 0.809997 -1.998419  0.062026 0.102325 -0.992815  0.151300 0.478300 2 2 0.985507 1 0.014493
0  22.180700 2.352285 -1.453089  0.088658 0.681647 -0.726290  0.086900 0.482200 2 1 0.024844 2 0.975156
v_heavyArms.tga.002
0  41.483273 0.332944 -0.858223  0.188982 0.962229 -0.195965  0.338700 0.975900 1 12 1.000000
0  41.479973 0.332344 -0.757623  0.181622 0.983288 0.012554  0.342300 0.979100 1 12 1.000000
0  41.793774 0.193445 -0.906923  0.836716 0.547637 0.000521  0.327300 0.990800 1 12 1.000000
v_heavyArms.tga.002
0  38.363773 -0.539199 0.765983  0.325570 -0.521420 0.788749  0.699400 0.763800 2 10 0.991828 11 0.008172
0  38.358273 0.306201 0.755783  0.365487 0.519855 0.772120  0.666300 0.768800 3 10 0.994226 11 0.003668 13 0.002106
0  37.924973 0.446144 0.878578  0.268922 0.112333 0.956589  0.652100 0.749200 2 7 0.517027 10 0.482973
v_heavyArms.tga.002
0  31.888672 -1.578090 -0.941454  0.296734 -0.668627 -0.681826  0.267900 0.147700 1 2 1.000000
0  30.615173 -1.823223 -1.072166  0.121837 -0.689930 -0.713550  0.268200 0.211400 1 2 1.000000
0  30.618874 -0.775357 -1.534026  0.100561 -0.253653 -0.962054  0.215500 0.211000 1 2 1.000000
v_heavyArms.tga.002
0  38.962181 1.509591 -0.124219  -0.098588 0.993105 -0.063422  0.428891 0.835305 2 8 0.255488 7 0.744512
0  38.938038 1.483508 -0.459697  -0.093620 0.959239 -0.266640  0.416843 0.839206 3 8 0.321258 4 0.001502 7 0.677240
0  38.056473 1.400944 -0.435577  0.353691 0.864753 -0.356519  0.412800 0.791800 4 7 0.739335 4 0.141098 5 0.055823 8 0.063745
v_heavyArms.tga.002
0  40.146488 0.403426 -0.309617  -0.083728 0.925929 -0.368299  0.659705 0.886228 2 12 0.133780 11 0.866220
0  40.138134 0.379825 -0.315492  -0.256154 0.317880 -0.912873  0.658897 0.886835 2 11 0.859611 12 0.140389
0  39.118519 0.403909 -0.026545  -0.234601 0.315469 -0.919479  0.655178 0.820994 2 11 0.819763 10 0.180237
v_heavyArms.tga.002
0  35.499374 -1.551955 -1.154221  0.335184 0.402939 -0.851641  0.241000 0.619000 3 3 0.074378 16 0.921960 13 0.003661
0  35.468872 -1.582354 -1.181421  0.008135 -0.018582 -0.999794  0.238800 0.616600 2 3 0.042751 16 0.957249
0  34.356575 -1.462155 -0.881621  -0.341666 0.165556 -0.925124  0.255200 0.553300 1 16 1.000000
v_heavyArms.tga.002
0  38.092072 -1.812554 -0.607122  0.027994 -0.873573 -0.485887  0.219500 0.779600 3 13 0.876221 14 0.084342 10 0.039437
0  37.420921 -1.895693 -0.666259  0.136064 -0.844819 -0.517462  0.220686 0.744031 5 10 0.046960 13 0.739780 16 0.037469 14 0.000189 3 0.175602
0  37.426022 -1.606999 -0.862830  0.076874 -0.273326 -0.958845  0.236832 0.737431 5 13 0.693948 14 0.002205 16 0.036006 10 0.095900 3 0.171941
v_heavyArms.tga.002
0  33.985573 1.539944 -0.139521  -0.129711 0.935369 -0.329030  0.446800 0.543100 2 3 0.823524 2 0.176476
0  33.989975 1.588644 0.104779  -0.184321 0.966674 -0.177674  0.460400 0.540400 2 2 0.178542 3 0.821458
0  36.552574 2.351044 0.067078  -0.157274 0.987398 -0.017608  0.504700 0.683300 1 3 1.000000
v_heavyArms.tga.002
0  38.469830 2.410036 0.247505  0.160050 0.728734 0.665830  0.535171 0.782047 2 4 0.187415 5 0.812585
0  38.566475 1.742569 0.343868  0.401255 -0.509442 0.761225  0.565496 0.791741 2 4 0.184212 5 0.815788
0  39.195187 1.907076 0.129354  0.393098 -0.471255 0.789552  0.556358 0.836173 3 4 0.000048 5 0.916908 6 0.083044
v_heavyArms.tga.002
0  38.412853 2.487557 -0.361494  -0.102019 0.982729 -0.154391  0.497405 0.798248 3 4 0.191189 5 0.741920 6 0.066891
0  39.079407 2.538029 -0.528913  -0.127676 0.959509 -0.251079  0.495986 0.842521 3 4 0.018672 5 0.672481 6 0.308848
0  39.054375 2.372712 -0.774250  -0.152007 0.406439 -0.900945  0.484527 0.842635 3 4 0.033037 5 0.634887 6 0.332076
v_heavyArms.tga.002
0  41.257645 1.363522 -1.223526  0.114972 0.383497 -0.916358  0.399065 0.953968 1 9 1.000000
0  41.434647 1.391558 -1.112316  0.620263 0.425446 -0.658992  0.398753 0.961096 1 9 1.000000
0  41.482414 1.050748 -1.081780  0.779521 -0.263781 -0.568125  0.383273 0.961449 1 9 1.000000
v_heavyArms.tga.002
0  40.015190 2.431395 -1.009910  0.124261 0.340585 -0.931966  0.486900 0.904100 1 6 1.000000
0  40.187973 2.482144 -0.869123  0.659851 0.529019 -0.533607  0.488100 0.910200 1 6 1.000000
0  40.235874 2.146744 -0.818623  0.781674 -0.400159 -0.478392  0.475800 0.913400 1 6 1.000000
v_heavyArms.tga.002
0  37.423237 -1.937855 -0.324183  0.030133 -0.757970 0.651593  0.824788 0.718078 4 13 0.742407 10 0.002710 16 0.027022 3 0.227861
0  37.422340 -1.966948 -0.358097  0.074310 -0.994540 -0.073270  0.827699 0.719174 4 10 0.013880 13 0.734695 16 0.031520 3 0.219904
0  38.089672 -1.919457 -0.331522  0.022747 -0.999693 -0.009847  0.820500 0.753700 2 13 0.928241 14 0.071759
v_heavyArms.tga.002
0  37.132889 -3.450122 -0.915068  0.759359 0.383269 -0.525812  0.103088 0.692834 2 18 0.873894 17 0.126106
0  37.561172 -4.349957 -0.797421  0.910101 0.119853 -0.396676  0.044600 0.701100 1 18 1.000000
0  37.378773 -4.635457 -1.068721  0.379183 -0.391758 -0.838299  0.038200 0.681100 1 18 1.000000
v_heavyArms.tga.002
0  33.982574 -1.670254 -0.735421  -0.849384 0.117798 -0.514460  0.249100 0.526000 3 2 0.101178 3 0.046636 16 0.852186
0  33.985672 -1.702355 -0.748020  -0.691217 -0.374289 -0.618164  0.245900 0.529600 3 2 0.067491 3 0.015295 16 0.917215
0  33.990574 -1.780555 -0.286421  -0.811069 -0.569352 0.134189  0.235800 0.506000 3 2 0.078532 16 0.901391 3 0.020077
v_heavyArms.tga.002
0  36.179073 -2.228955 -0.894921  0.676529 0.493137 -0.546923  0.194800 0.657800 2 17 0.289995 16 0.710005
0  36.146374 -2.203355 -0.483121  0.969579 0.179884 0.166010  0.204100 0.679400 2 16 0.699636 17 0.300364
0  36.315872 -2.477456 -0.650921  0.812342 0.572149 0.112898  0.184300 0.677300 2 16 0.132857 17 0.867143
v_heavyArms.tga.002
0  35.209873 -1.536654 0.578479  -0.116398 -0.504578 0.855484  0.760300 0.599900 3 2 0.001729 3 0.592746 16 0.405525
0  34.204273 -1.332854 0.381479  -0.373966 -0.615778 0.693518  0.755400 0.542600 3 2 0.079550 3 0.538456 16 0.381994
0  34.263172 -1.842955 0.150779  -0.573130 -0.399620 0.715420  0.789100 0.550200 3 2 0.049884 3 0.037046 16 0.913069
v_heavyArms.tga.002
0  37.144794 2.332156 0.500220  -0.045122 0.774651 0.630778  0.544738 0.708109 3 4 0.450119 7 0.023646 3 0.526235
0  36.647873 2.287445 0.482778  -0.133367 0.790907 0.597227  0.547900 0.681400 1 3 1.000000
0  36.739273 1.224745 0.918778  0.067968 0.299413 0.951700  0.608400 0.683900 1 3 1.000000
v_heavyArms.tga.002
0  39.014801 0.403601 -0.004149  -0.019126 0.999590 0.021290  0.358392 0.839623 3 11 0.267117 10 0.675457 7 0.057426
0  39.016987 0.410632 -0.327545  -0.007356 0.988883 -0.148516  0.348222 0.838946 3 7 0.064611 11 0.369261 10 0.566128
0  38.422771 0.396244 -0.403986  0.481080 0.872320 -0.087297  0.348600 0.801700 4 10 0.666608 7 0.204874 8 0.007351 11 0.121166
v_heavyArms.tga.002
0  37.378773 -4.635457 -1.068721  0.379183 -0.391758 -0.838299  0.038200 0.681100 1 18 1.000000
0  37.527473 -4.825657 -0.684521  0.751767 -0.620481 -0.223271  0.019500 0.689800 1 18 1.000000
0  37.220074 -4.881455 -0.674521  -0.236574 -0.940712 -0.243093  0.016500 0.672800 1 18 1.000000
v_heavyArms.tga.002
0  38.454235 0.283647 -0.799034  0.234794 0.446668 -0.863342  0.343400 0.800500 2 10 0.866411 11 0.133589
0  39.009941 0.270533 -0.731938  0.046533 0.603417 -0.796067  0.338410 0.837736 3 11 0.409070 7 0.036816 10 0.554114
0  38.972549 -0.425081 -0.748190  0.044632 -0.527158 -0.848594  0.313875 0.835091 2 10 0.618312 11 0.381688
v_heavyArms.tga.002
0  33.579800 0.136545 1.149079  0.383751 -0.053443 0.921889  0.477219 0.018610 2 2 0.890124 3 0.109876
0  32.727673 0.136545 1.149079  0.000000 -0.032810 0.999462  0.478200 0.081200 2 2 0.967311 3 0.032689
0  32.725773 -0.914355 0.866979  0.021450 -0.565330 0.824586  0.400800 0.082900 3 2 0.942504 3 0.036307 16 0.021189
v_heavyArms.tga.002
0  40.199776 0.697490 -0.421631  0.196834 -0.952677 0.231652  0.632256 0.901709 2 8 0.904079 9 0.095921
0  40.285583 0.836869 0.063604  0.390179 -0.549000 0.739161  0.619370 0.894137 2 8 0.938496 9 0.061504
0  39.179893 0.721780 0.554427  0.367010 -0.547957 0.751696  0.625972 0.823383 2 7 0.206095 8 0.793905
v_heavyArms.tga.002
0  37.911373 1.469546 0.583278  0.247013 0.278623 0.928092  0.591700 0.751000 3 4 0.480715 7 0.497484 10 0.021801
0  37.385506 1.384102 0.735281  0.216911 0.254892 0.942327  0.597529 0.727580 4 4 0.412149 7 0.371719 10 0.046089 3 0.170043
0  37.387562 0.400842 1.015959  0.234922 0.122401 0.964277  0.654447 0.726321 3 10 0.384513 3 0.175007 7 0.440479
v_heavyArms.tga.002
0  37.962074 2.455544 -0.259022  -0.082567 0.994403 -0.065927  0.499800 0.772200 2 4 0.834517 5 0.165483
0  38.294399 2.478910 -0.333376  -0.101823 0.986663 -0.126995  0.497876 0.790972 2 5 0.411679 4 0.588321
0  38.267361 2.307876 -0.715348  -0.014086 0.500413 -0.865672  0.479002 0.791238 3 4 0.556842 5 0.421970 6 0.021188
v_heavyArms.tga.002
0  38.090374 -1.878354 -0.367822  0.042401 -0.969593 -0.241021  0.205700 0.784400 3 13 0.923737 14 0.074943 10 0.001320
0  37.421780 -1.929521 -0.390626  0.079032 -0.989418 -0.121683  0.205234 0.750157 4 10 0.023810 13 0.704398 16 0.037200 3 0.234592
0  37.420921 -1.895693 -0.666259  0.136064 -0.844819 -0.517462  0.220686 0.744031 5 10 0.046960 13 0.739780 16 0.037469 14 0.000189 3 0.175602
v_heavyArms.tga.002
0  35.448471 -3.197055 -0.156221  -0.488671 -0.635791 0.597470  0.884500 0.595400 2 16 0.097680 17 0.902320
0  36.325909 -3.874341 -0.176779  -0.484498 -0.614280 0.622834  0.937679 0.627491 2 17 0.817228 18 0.182772
0  36.640755 -3.623678 0.038175  0.236993 -0.104038 0.965925  0.929415 0.643419 2 17 0.832742 18 0.167258
v_heavyArms.tga.002
0  38.120110 -1.630611 -0.819216  0.007369 -0.375458 -0.926810  0.230700 0.777400 3 13 0.813121 14 0.087401 10 0.099479
0  38.870354 -1.678076 -0.848860  -0.074243 -0.391074 -0.917360  0.227878 0.820773 3 13 0.608452 10 0.016294 14 0.375254
0  38.868576 -1.845278 -0.623639  -0.052411 -0.909766 -0.411799  0.218090 0.821569 2 14 0.349757 13 0.650243
v_heavyArms.tga.002
0  37.671772 2.379345 0.447978  0.082597 0.761259 0.643166  0.541400 0.736300 3 4 0.981199 7 0.018610 3 0.000191
0  37.692371 2.402443 -0.014522  -0.031038 0.998459 0.045994  0.521300 0.738000 2 4 0.986993 5 0.013007
0  37.351448 2.381866 0.028483  -0.057742 0.996479 0.060789  0.523757 0.718125 2 4 0.801120 3 0.198880
v_heavyArms.tga.002
0  39.182007 2.541698 -0.558268  -0.091376 0.960290 -0.263615  0.495648 0.849263 2 6 0.899790 5 0.100210
0  40.042572 2.537644 -0.834923  0.064933 0.954892 -0.289766  0.491800 0.905200 1 6 1.000000
0  40.015190 2.431395 -1.009910  0.124261 0.340585 -0.931966  0.486900 0.904100 1 6 1.000000
v_heavyArms.tga.002
0  39.047653 1.489942 -0.472606  -0.085781 0.957560 -0.275172  0.416927 0.844938 3 7 0.142665 8 0.854979 9 0.002356
0  40.129864 1.514224 -0.729956  -0.096511 0.936148 -0.338101  0.413454 0.899871 2 9 0.219049 8 0.780951
0  40.092304 1.367385 -0.957064  -0.209943 0.449266 -0.868380  0.404660 0.899091 2 8 0.744109 9 0.255891
v_heavyArms.tga.002
0  39.207939 2.536179 -0.418139  0.000614 0.999222 0.039433  0.502963 0.849960 2 6 0.904534 5 0.095466
0  40.074875 2.536644 -0.749223  0.169724 0.984115 -0.052070  0.494700 0.908400 1 6 1.000000
0  40.042572 2.537644 -0.834923  0.064933 0.954892 -0.289766  0.491800 0.905200 1 6 1.000000
v_heavyArms.tga.002
0  31.894772 0.072894 1.587962  0.248969 -0.028395 0.968095  0.478200 0.142000 1 2 1.000000
0  30.625973 0.048893 1.984763  0.156474 -0.027343 0.987303  0.481300 0.208200 1 2 1.000000
0  30.620872 -1.739413 1.556710  0.186407 -0.649592 0.737077  0.397100 0.211200 1 2 1.000000
v_heavyArms.tga.002
0  40.134232 -1.041769 -0.659221  0.049718 0.974102 -0.220575  0.260980 0.874119 2 15 0.249455 14 0.750545
0  39.124229 -0.927926 -0.419045  0.073386 0.979045 -0.189962  0.267851 0.834466 3 15 0.036144 14 0.812040 13 0.151816
0  39.122845 -0.893221 -0.139823  0.069586 0.989615 -0.125777  0.279843 0.838119 2 13 0.134583 14 0.865417
v_heavyArms.tga.002
0  36.294971 -2.479256 -0.945921  0.652830 0.508773 -0.561215  0.177800 0.660300 2 16 0.129255 17 0.870745
0  36.315872 -2.477456 -0.650921  0.812342 0.572149 0.112898  0.184300 0.677300 2 16 0.132857 17 0.867143
0  37.085377 -3.300066 -0.646216  0.775846 0.628857 0.051001  0.117451 0.707272 2 17 0.846187 18 0.153813
v_heavyArms.tga.002
0  34.455574 1.002844 0.970879  -0.067700 0.366585 0.927918  0.618500 0.562700 2 2 0.131596 3 0.868404
0  33.588772 0.969546 0.908979  -0.116621 0.439201 0.890787  0.618200 0.516500 2 3 0.211006 2 0.788994
0  33.596073 0.110944 1.062779  -0.033494 -0.080131 0.996221  0.665000 0.515900 3 2 0.823042 3 0.172999 16 0.003959
v_heavyArms.tga.002
0  41.281185 0.992381 -1.211103  0.215406 -0.543926 -0.811015  0.381475 0.953757 1 9 1.000000
0  40.237537 0.825029 -0.947722  -0.089410 -0.625053 -0.775445  0.378774 0.902359 2 9 0.884606 8 0.115394
0  40.188030 1.367238 -0.979438  -0.202440 0.445452 -0.872118  0.404223 0.903809 2 8 0.116652 9 0.883348
v_heavyArms.tga.002
0  40.106380 0.260429 -0.850343  -0.092349 0.579146 -0.809976  0.334872 0.902889 2 12 0.275230 11 0.724770
0  40.091164 -0.385183 -0.837868  -0.085792 -0.489105 -0.867996  0.306259 0.900495 2 11 0.731809 12 0.268191
0  39.076260 -0.423002 -0.749378  -0.043111 -0.521069 -0.852425  0.313081 0.841570 3 11 0.771254 12 0.047714 10 0.181032
v_heavyArms.tga.002
0  40.237537 0.825029 -0.947722  -0.089410 -0.625053 -0.775445  0.378996 0.902333 2 9 0.884606 8 0.115394
0  41.281185 0.992381 -1.211103  0.215406 -0.543926 -0.811015  0.386597 0.953160 1 9 1.000000
0  41.326759 0.961121 -1.063067  0.222691 -0.863164 -0.453162  0.383418 0.954571 1 9 1.000000
v_heavyArms.tga.002
0  36.293472 1.197045 -0.783252  -0.009500 0.138113 -0.990371  0.406800 0.676800 3 3 0.979661 2 0.000974 7 0.019365
0  36.310772 0.290244 -0.868945  0.025879 0.098134 -0.994837  0.353800 0.676300 3 3 0.991044 4 0.000761 16 0.008196
0  33.956871 0.437544 -0.758824  0.076136 0.137172 -0.987617  0.372200 0.537400 3 2 0.092329 3 0.811648 16 0.096023
v_heavyArms.tga.002
0  30.591572 2.084538 -1.220409  0.116165 0.673609 -0.729902  0.075300 0.214800 1 2 1.000000
0  22.180700 2.352285 -1.453089  0.088658 0.681647 -0.726290  0.086900 0.482200 2 1 0.024844 2 0.975156
0  22.182842 2.886943 -0.209212  0.080805 0.995832 -0.042306  0.035000 0.484700 2 1 0.027324 2 0.972676
v_heavyArms.tga.002
0  30.609272 -2.363057 0.014006  0.152978 -0.987937 -0.024042  0.322700 0.211900 1 2 1.000000
0  22.198679 -2.744214 0.015807  -0.000487 -0.999311 -0.037115  0.325900 0.473800 2 2 0.919967 1 0.080033
0  22.204670 -2.125754 -1.276475  0.001750 -0.703098 -0.711091  0.271500 0.474800 2 2 0.934281 1 0.065719
v_heavyArms.tga.002
0  33.596073 0.110944 1.062779  0.999996 0.001291 0.002400  0.474700 0.011300 3 2 0.823042 3 0.172999 16 0.003959
0  33.595840 0.150560 1.132874  0.898278 0.028936 0.438473  0.478177 0.015843 2 2 0.851924 3 0.148076
0  33.594669 -0.923644 0.844399  0.796502 -0.445885 0.408376  0.395026 0.016895 3 2 0.728297 3 0.156938 16 0.114764
v_heavyArms.tga.002
0  30.601871 1.518017 1.675384  0.108358 0.547697 0.829630  0.552000 0.207400 1 2 1.000000
0  22.191187 1.635959 1.739446  0.061789 0.561634 0.825075  0.551400 0.474200 2 1 0.016402 2 0.983598
0  22.215584 0.019593 2.361136  0.074477 0.060962 0.995358  0.483300 0.472700 2 2 0.974243 1 0.025757
v_heavyArms.tga.002
0  30.620872 -1.739413 1.556710  0.186407 -0.649592 0.737077  0.397100 0.211200 1 2 1.000000
0  22.210449 -2.029852 1.851521  0.025144 -0.676590 0.735931  0.400400 0.472700 2 2 0.927651 1 0.072349
0  22.198679 -2.744214 0.015807  -0.000487 -0.999311 -0.037115  0.325900 0.473800 2 2 0.919967 1 0.080033
v_heavyArms.tga.002
0  30.618874 -0.775357 -1.534026  0.100561 -0.253653 -0.962054  0.215500 0.211000 1 2 1.000000
0  22.208416 -0.924976 -1.826494  0.005685 -0.262161 -0.965007  0.220000 0.476300 2 2 0.970610 1 0.029390
0  22.215584 0.809997 -1.998419  0.062026 0.102325 -0.992815  0.151300 0.478300 2 2 0.985507 1 0.014493
v_heavyArms.tga.002
0  30.593573 2.551085 -0.175058  0.122616 0.991375 -0.046279  0.655700 0.208300 1 2 1.000000
0  22.182842 2.886943 -0.209212  0.080805 0.995832 -0.042306  0.642900 0.477800 2 1 0.027324 2 0.972676
0  22.177919 2.578195 0.733484  0.069584 0.857684 0.509446  0.605000 0.476500 2 1 0.022308 2 0.977692
v_heavyArms.tga.002
0  39.121170 -0.896985 -0.071023  0.134216 0.970055 0.202432  0.732576 0.827777 2 13 0.130257 14 0.869743
0  39.133232 -1.008074 0.455480  0.287040 0.533921 0.795322  0.748897 0.813361 2 13 0.124895 14 0.875105
0  40.209122 -1.090953 0.131324  0.288540 0.536359 0.793136  0.758764 0.867073 2 15 0.078174 14 0.921826
v_heavyArms.tga.002
0  34.688473 -2.652255 -1.076521  -0.623920 -0.508805 -0.593162  0.188300 0.562500 2 16 0.891289 17 0.108711
0  34.560173 -2.627455 -0.567621  -0.737033 -0.671881 0.073207  0.183500 0.534500 2 16 0.904625 17 0.095375
0  34.023972 -1.800755 -0.299721  -0.799392 -0.593666 0.092369  0.233900 0.507400 3 2 0.052885 16 0.945486 3 0.001630
v_heavyArms.tga.002
0  38.441574 0.515344 -0.452268  0.404980 -0.903558 -0.139904  0.375400 0.802300 3 7 0.836329 8 0.145198 11 0.018474
0  38.374973 0.461344 -0.433071  0.988327 -0.119925 -0.093954  0.360000 0.797000 4 7 0.431091 11 0.073238 10 0.430418 8 0.065253
0  38.237175 0.464844 -0.826509  0.300052 0.032768 -0.953360  0.362800 0.781500 3 10 0.946698 8 0.014119 11 0.039183
v_heavyArms.tga.002
0  34.015175 -0.417455 -0.862626  -0.104674 0.014770 -0.994397  0.319800 0.536500 3 2 0.031616 3 0.525782 16 0.442602
0  34.363174 -1.405755 -0.865221  -0.260100 -0.089061 -0.961466  0.259300 0.552200 1 16 1.000000
0  33.982574 -1.670254 -0.735421  -0.727534 -0.342846 -0.594265  0.249100 0.526000 3 2 0.101178 3 0.046636 16 0.852186
v_heavyArms.tga.002
0  38.203674 1.445343 0.003478  0.228713 0.925507 0.301873  0.592200 0.780100 4 7 0.781111 4 0.123216 5 0.039502 8 0.056171
0  38.169075 1.513645 -0.011522  0.932883 -0.208912 0.293402  0.590800 0.773900 4 4 0.306821 7 0.566599 5 0.123226 8 0.003354
0  38.143673 1.510245 -0.001422  0.344937 0.215695 0.913507  0.591100 0.773000 3 4 0.308495 7 0.575055 5 0.116451
v_heavyArms.tga.002
0  41.510384 -1.177657 -0.937623  0.391473 0.835559 -0.385474  0.771425 0.963292 1 15 1.000000
0  41.122986 -1.101357 -0.769423  -0.115131 0.791987 -0.599585  0.755900 0.945200 1 15 1.000000
0  41.123882 -1.064057 -0.720323  0.250544 0.941800 0.224142  0.757700 0.942800 1 15 1.000000
v_heavyArms.tga.002
0  38.410873 0.384545 0.144278  0.411286 0.896167 0.166523  0.653200 0.783200 3 10 0.726456 11 0.058866 7 0.214678
0  38.341473 0.476545 0.088178  0.947541 -0.231055 0.220860  0.648100 0.785900 4 7 0.721129 10 0.240172 8 0.009059 11 0.029639
0  38.228973 0.467844 0.563779  0.919351 -0.038060 0.391594  0.648500 0.766600 2 7 0.367372 10 0.632628
v_heavyArms.tga.002
0  34.167072 1.648545 0.404679  -0.220496 0.883115 0.414114  0.572600 0.547500 3 2 0.183854 3 0.809432 7 0.006714
0  33.584774 1.499144 0.342779  -0.266784 0.857707 0.439506  0.576500 0.515200 2 2 0.706712 3 0.293288
0  33.588772 0.969546 0.908979  -0.116621 0.439201 0.890787  0.618200 0.516500 2 3 0.211006 2 0.788994
v_heavyArms.tga.002
0  40.208557 2.155649 -0.417432  0.742992 -0.345026 0.573516  0.538900 0.909200 1 6 1.000000
0  40.175659 2.476749 -0.457932  0.633590 0.599058 0.489584  0.521900 0.902400 1 6 1.000000
0  39.245998 2.447290 0.003196  0.289916 0.685286 0.668080  0.529028 0.834839 2 5 0.133140 6 0.866860
v_heavyArms.tga.002
0  32.615273 1.947676 -0.144224  0.644917 0.763217 -0.039773  0.642600 0.089300 2 2 0.946043 3 0.053957
0  31.876274 2.279451 -0.152298  0.301891 0.952487 -0.040383  0.651000 0.136800 1 2 1.000000
0  31.873573 2.041690 0.544887  0.286306 0.851279 0.439718  0.609900 0.138500 1 2 1.000000
v_heavyArms.tga.002
0  37.692371 2.402443 -0.014522  0.078136 0.741096 0.666837  0.521300 0.738000 2 4 0.986993 5 0.013007
0  37.684074 2.423443 -0.036922  -0.010897 0.983064 0.182940  0.519600 0.737600 2 4 0.976485 5 0.023515
0  37.350361 2.403650 0.005933  -0.029882 0.977362 0.209453  0.522042 0.717838 2 4 0.793994 3 0.206006
v_heavyArms.tga.002
0  41.291885 1.474127 -1.073797  0.120328 0.888036 -0.443748  0.400319 0.951862 1 9 1.000000
0  41.311588 1.486420 -1.019138  0.191046 0.940591 -0.280697  0.401577 0.954184 1 9 1.000000
0  41.489563 1.411248 -1.019407  0.843239 0.464027 -0.271343  0.396048 0.961997 1 9 1.000000
v_heavyArms.tga.002
0  33.576176 -1.162656 -0.477921  0.423301 -0.722423 -0.546737  0.277541 0.022127 3 16 0.214564 3 0.130801 2 0.654635
0  32.723671 -1.162656 -0.628720  0.124065 -0.701911 -0.701376  0.269300 0.085900 3 2 0.885530 3 0.041637 16 0.072833
0  32.725075 -0.562956 -0.902121  0.045234 -0.284837 -0.957508  0.218900 0.087000 3 2 0.945584 3 0.020671 16 0.033745
v_heavyArms.tga.002
0  37.569473 -4.331955 -0.353521  0.830322 0.156413 0.534883  0.979700 0.668100 2 18 0.997473 17 0.002527
0  37.602371 -4.315255 -0.555620  0.989636 0.143446 -0.006634  0.985900 0.673000 1 18 1.000000
0  37.183186 -3.436824 -0.650339  0.863356 0.504274 0.017978  0.944668 0.682226 2 18 0.869993 17 0.130007
v_heavyArms.tga.002
0  32.612972 1.747780 0.437596  0.618537 0.692788 0.370752  0.603800 0.090300 2 2 0.949500 3 0.050500
0  31.873573 2.041690 0.544887  0.286306 0.851279 0.439718  0.609900 0.138500 1 2 1.000000
0  31.881073 1.368375 1.475558  0.299635 0.489432 0.818948  0.548300 0.142900 1 2 1.000000
v_heavyArms.tga.002
0  41.482414 1.050748 -1.081780  0.779521 -0.263781 -0.568125  0.387350 0.959273 1 9 1.000000
0  41.516483 0.969970 -0.953789  0.847161 -0.479587 -0.228722  0.382132 0.964047 1 9 1.000000
0  41.353176 0.879463 -0.955882  0.087517 -0.783274 -0.615486  0.376953 0.956764 1 9 1.000000
v_heavyArms.tga.002
0  34.820274 -2.599154 -0.014721  -0.450035 -0.582924 0.676511  0.830400 0.571800 2 16 0.905995 17 0.094005
0  34.247475 -1.889254 0.108879  -0.629103 -0.594752 0.500498  0.792600 0.548800 3 2 0.028501 16 0.958624 3 0.012874
0  34.023972 -1.800755 -0.299721  -0.799392 -0.593666 0.092369  0.800100 0.527500 3 2 0.052885 16 0.945486 3 0.001630
v_heavyArms.tga.002
0  37.937172 2.406643 -0.059422  0.080716 0.755449 0.650217  0.518700 0.752900 2 4 0.905398 5 0.094602
0  37.929073 2.427244 -0.082022  -0.015183 0.972696 0.231584  0.516900 0.752600 2 4 0.895776 5 0.104224
0  37.684074 2.423443 -0.036922  -0.010897 0.983064 0.182940  0.519600 0.737600 2 4 0.976485 5 0.023515
v_heavyArms.tga.002
0  34.455574 1.002844 0.970879  -0.067700 0.366585 0.927918  0.618500 0.562700 2 2 0.131596 3 0.868404
0  36.739273 1.224745 0.918778  0.067968 0.299413 0.951700  0.608400 0.683900 1 3 1.000000
0  36.647873 2.287445 0.482778  -0.133367 0.790907 0.597227  0.547900 0.681400 1 3 1.000000
v_heavyArms.tga.002
0  36.643120 -3.609453 -1.280343  0.092665 -0.038797 -0.994941  0.103075 0.655077 2 17 0.861719 18 0.138281
0  36.724724 -3.712371 -1.261699  0.118677 -0.101562 -0.987725  0.094258 0.658915 2 17 0.136603 18 0.863397
0  36.332409 -3.998452 -0.955210  -0.554393 -0.641406 -0.530327  0.079304 0.628203 2 17 0.160948 18 0.839052
v_heavyArms.tga.002
0  40.091164 -0.385183 -0.837868  -0.085792 -0.489105 -0.867996  0.306259 0.900495 2 11 0.731809 12 0.268191
0  40.126457 -0.593182 -0.526736  -0.042898 -0.929453 -0.366438  0.292618 0.901848 2 11 0.781707 12 0.218293
0  39.097130 -0.648355 -0.307989  0.009349 -0.965461 -0.260381  0.297720 0.840617 3 11 0.794846 12 0.018305 10 0.186849
v_heavyArms.tga.002
0  38.554665 1.644273 -0.162622  0.215002 -0.975920 0.036807  0.431360 0.813671 3 5 0.809365 4 0.154046 6 0.036589
0  38.500877 1.624117 -0.376608  0.199621 -0.977304 -0.070915  0.439600 0.809679 3 5 0.758550 4 0.178739 6 0.062711
0  39.141369 1.766489 -0.440113  0.221426 -0.974314 -0.041016  0.446546 0.853896 3 6 0.250205 4 0.019963 5 0.729832
v_heavyArms.tga.002
0  39.046398 1.366953 -0.706811  -0.163979 0.528936 -0.832669  0.409754 0.846091 3 7 0.150252 9 0.029275 8 0.820473
0  40.092304 1.367385 -0.957064  -0.209943 0.449266 -0.868380  0.404660 0.899091 2 8 0.744109 9 0.255891
0  40.142212 0.813425 -0.927087  -0.100102 -0.611281 -0.785057  0.378838 0.897424 2 8 0.755539 9 0.244461
v_heavyArms.tga.002
0  40.589622 0.714306 -0.572501  0.433603 -0.739138 0.515426  0.630684 0.928261 2 9 0.886884 8 0.113116
0  40.293079 0.682309 -0.470924  0.205529 -0.944571 0.256014  0.633265 0.908809 2 8 0.233829 9 0.766171
0  40.288620 0.707204 -0.515102  -0.069931 -0.870740 -0.486745  0.634887 0.909071 2 8 0.174264 9 0.825736
v_heavyArms.tga.002
0  40.237835 0.376863 -0.346123  -0.281088 0.324008 -0.903332  0.659251 0.893002 2 12 0.850336 11 0.149664
0  40.246147 0.400332 -0.340291  -0.085208 0.927667 -0.363557  0.660061 0.892378 2 11 0.153029 12 0.846971
0  41.487774 0.354744 -0.752123  0.137873 0.920340 -0.366013  0.664450 0.965851 1 12 1.000000
v_heavyArms.tga.002
0  40.156090 1.555044 -0.472020  0.219795 0.742437 0.632832  0.573445 0.891236 2 9 0.120186 8 0.879814
0  40.149700 1.569916 -0.487214  0.015816 0.996173 0.085961  0.571926 0.891068 2 8 0.865639 9 0.134361
0  39.108936 1.540556 -0.118006  -0.018388 0.997097 0.073890  0.580495 0.825577 2 7 0.128815 8 0.871185
v_heavyArms.tga.002
0  35.240471 -2.012854 0.324379  0.008713 -0.601549 0.798788  0.805500 0.601300 3 3 0.039602 17 0.038657 16 0.921741
0  34.263275 -1.854254 0.144579  -0.539387 -0.449183 0.712247  0.790400 0.549700 3 2 0.037376 3 0.025877 16 0.936747
0  34.247475 -1.889254 0.108879  -0.681309 -0.369187 0.632074  0.792600 0.548800 3 2 0.028501 16 0.958624 3 0.012874
v_heavyArms.tga.002
0  36.294971 -2.479256 -0.945921  0.652830 0.508773 -0.561215  0.177800 0.660300 2 16 0.129255 17 0.870745
0  37.043922 -3.314170 -0.929045  0.686220 0.502878 -0.525562  0.113356 0.689697 2 17 0.849428 18 0.150572
0  36.643120 -3.609453 -1.280343  0.092665 -0.038797 -0.994941  0.103075 0.655077 2 17 0.861719 18 0.138281
v_heavyArms.tga.002
0  40.176399 -1.835718 -0.004852  0.193223 -0.717045 0.669710  0.794142 0.861871 2 15 0.069007 14 0.930993
0  39.059429 -1.851139 0.289899  0.180403 -0.736185 0.652293  0.788323 0.807093 2 13 0.186181 14 0.813819
0  38.992355 -1.928394 -0.325037  0.028059 -0.991780 0.124838  0.815116 0.809021 3 15 0.020235 14 0.770734 13 0.209032
v_heavyArms.tga.002
0  40.224827 1.513550 -0.755401  -0.072263 0.935399 -0.346131  0.412743 0.904547 2 8 0.122773 9 0.877227
0  41.291885 1.474127 -1.073797  0.120328 0.888036 -0.443748  0.400148 0.955469 1 9 1.000000
0  41.257645 1.363522 -1.223526  0.114972 0.383497 -0.916358  0.395020 0.953487 1 9 1.000000
v_heavyArms.tga.002
0  36.640755 -3.623678 0.038175  0.236993 -0.104038 0.965925  0.929415 0.643419 2 17 0.832742 18 0.167258
0  36.634232 -3.804315 -0.034182  0.019106 -0.289659 0.956939  0.937852 0.640508 2 17 0.196041 18 0.803959
0  37.116753 -3.481108 -0.313206  0.720411 0.384913 0.576931  0.938945 0.668899 2 17 0.159592 18 0.840408
v_heavyArms.tga.002
0  39.245998 2.447290 0.003196  0.289916 0.685286 0.668080  0.529028 0.834839 2 5 0.133140 6 0.866860
0  40.175659 2.476749 -0.457932  0.633590 0.599058 0.489584  0.521900 0.902400 1 6 1.000000
0  40.082874 2.536045 -0.703023  0.197466 0.964608 0.174750  0.512300 0.902600 1 6 1.000000
v_heavyArms.tga.002
0  38.437973 0.513745 0.045775  0.292570 -0.938617 -0.182760  0.645300 0.792800 2 7 0.934917 8 0.065083
0  38.417572 0.535445 0.030866  0.130112 -0.477152 -0.869136  0.646200 0.792600 2 7 0.916967 8 0.083033
0  39.039043 0.580802 -0.100252  -0.105826 -0.699064 -0.707185  0.644864 0.827450 2 8 0.278030 7 0.721970
v_heavyArms.tga.002
0  37.043922 -3.314170 -0.929045  0.686220 0.502878 -0.525562  0.113356 0.689697 2 17 0.849428 18 0.150572
0  37.085377 -3.300066 -0.646216  0.775846 0.628857 0.051001  0.117451 0.707272 2 17 0.846187 18 0.153813
0  37.183186 -3.436824 -0.650339  0.863356 0.504274 0.017978  0.105653 0.709580 2 18 0.869993 17 0.130007
v_heavyArms.tga.002
0  39.112907 -0.568840 0.555222  0.250919 -0.634582 0.730990  0.705634 0.806352 2 11 0.755020 10 0.244980
0  40.169380 -0.539612 0.196292  0.270015 -0.632277 0.726166  0.708713 0.881756 3 12 0.096773 10 0.013643 11 0.889584
0  40.205654 0.236092 0.183051  0.283030 0.583609 0.761114  0.677352 0.884543 2 12 0.086443 11 0.913557
v_heavyArms.tga.002
0  40.340694 1.480447 -0.019953  0.348290 0.675662 0.649750  0.590038 0.894823 2 8 0.173651 9 0.826349
0  40.375992 0.846773 0.017802  0.451987 -0.547795 0.704009  0.618589 0.899541 2 9 0.835187 8 0.164813
0  41.508041 0.977162 -0.628995  0.766955 -0.456854 0.450626  0.605688 0.962258 1 9 1.000000
v_heavyArms.tga.002
0  38.018948 2.389486 0.368345  0.126731 0.753046 0.645647  0.538900 0.754100 2 4 0.988594 5 0.011406
0  37.937172 2.406643 -0.059422  -0.058013 0.996744 0.055999  0.518700 0.752900 2 4 0.905398 5 0.094602
0  37.692371 2.402443 -0.014522  -0.031038 0.998459 0.045994  0.521300 0.738000 2 4 0.986993 5 0.013007
v_heavyArms.tga.002
0  37.217022 -1.920953 -0.684227  0.123541 -0.836840 -0.533326  0.221046 0.733224 4 13 0.586730 10 0.035637 16 0.081113 3 0.296520
0  36.224274 -2.043957 -0.771721  0.171808 -0.724818 -0.667174  0.222800 0.680600 3 3 0.084925 17 0.147681 16 0.767394
0  36.164173 -1.565154 -0.940121  0.200604 -0.175415 -0.963840  0.247700 0.666600 3 3 0.646300 16 0.330715 17 0.022985
v_heavyArms.tga.002
0  36.477573 2.336846 -0.137922  -0.171798 0.966982 -0.188233  0.492300 0.682200 1 3 1.000000
0  36.552574 2.351044 0.067078  -0.157274 0.987398 -0.017608  0.504700 0.683300 1 3 1.000000
0  37.148697 2.380943 -0.002570  -0.059561 0.998024 0.020028  0.507250 0.718699 2 4 0.699261 3 0.300739
v_heavyArms.tga.002
0  40.224827 1.513550 -0.755401  -0.072263 0.935399 -0.346131  0.412639 0.904480 2 8 0.122773 9 0.877227
0  40.235828 1.542402 -0.564599  -0.021924 0.988861 -0.147217  0.421253 0.903879 2 9 0.857498 8 0.142502
0  41.311588 1.486420 -1.019138  0.191046 0.940591 -0.280697  0.399825 0.955756 1 9 1.000000
v_heavyArms.tga.002
0  37.116753 -3.481108 -0.313206  0.720411 0.384913 0.576931  0.938945 0.668899 2 17 0.159592 18 0.840408
0  37.183186 -3.436824 -0.650339  0.863356 0.504274 0.017978  0.944668 0.682226 2 18 0.869993 17 0.130007
0  37.085377 -3.300066 -0.646216  0.775846 0.628857 0.051001  0.935981 0.681551 2 17 0.846187 18 0.153813
v_heavyArms.tga.002
0  32.619274 1.201782 1.219461  0.672647 0.389637 0.629070  0.545800 0.098800 2 2 0.976440 3 0.023560
0  31.881073 1.368375 1.475558  0.299635 0.489432 0.818948  0.548300 0.142900 1 2 1.000000
0  31.894772 0.072894 1.587962  0.248969 -0.028395 0.968095  0.478200 0.142000 1 2 1.000000
v_heavyArms.tga.002
0  40.142212 0.813425 -0.927087  -0.100102 -0.611281 -0.785057  0.378838 0.897424 2 8 0.755539 9 0.244461
0  40.184174 0.737122 -0.693126  0.060721 -0.966182 -0.250610  0.371405 0.897691 2 8 0.806815 9 0.193185
0  39.145744 0.602883 -0.432531  0.076961 -0.975412 -0.206517  0.373425 0.842118 3 7 0.149142 8 0.846514 9 0.004344
v_heavyArms.tga.002
0  32.628372 -1.205236 1.136791  0.673861 -0.465235 0.573992  0.397300 0.106300 3 2 0.996752 3 0.001691 16 0.001557
0  31.891872 -1.310088 1.371126  0.281304 -0.545058 0.789798  0.402900 0.148000 1 2 1.000000
0  31.885273 -2.053972 0.014120  0.332755 -0.943013 -0.000658  0.322500 0.148700 1 2 1.000000
v_heavyArms.tga.002
0  40.080826 -1.108918 -0.962811  -0.082380 0.681875 -0.726815  0.252008 0.871420 3 14 0.683476 13 0.009506 15 0.307018
0  39.057644 -1.018866 -0.771846  -0.050444 0.671023 -0.739719  0.257275 0.830763 3 15 0.061455 14 0.758577 13 0.179968
0  39.124229 -0.927926 -0.419045  0.073386 0.979045 -0.189962  0.267851 0.834466 3 15 0.036144 14 0.812040 13 0.151816
v_heavyArms.tga.002
0  37.975220 1.288278 -0.695523  0.519177 0.605241 -0.603438  0.407700 0.788300 3 7 0.898188 5 0.017662 8 0.084150
0  38.937222 1.362649 -0.694265  -0.070042 0.548196 -0.833412  0.409890 0.840368 2 8 0.355180 7 0.644820
0  38.982220 0.711496 -0.725735  0.069882 -0.534737 -0.842124  0.383007 0.834164 2 7 0.610503 8 0.389497
v_heavyArms.tga.002
0  41.510384 -1.177657 -0.937623  0.325067 0.936001 -0.135029  0.251100 0.943800 1 15 1.000000
0  41.510483 -1.192857 -1.067923  0.387325 0.880472 -0.273402  0.247200 0.940900 1 15 1.000000
0  41.121834 -1.164714 -0.998962  0.048532 0.974839 -0.217564  0.253164 0.924004 1 15 1.000000
v_heavyArms.tga.002
0  38.269772 -0.721555 0.109278  0.161355 0.535547 -0.828947  0.721700 0.773800 4 10 0.457264 13 0.482286 14 0.032992 11 0.027458
0  38.318172 -0.727855 0.116278  0.865242 0.454403 -0.211834  0.722200 0.771600 4 10 0.506920 13 0.437380 14 0.031508 11 0.024192
0  38.369873 -0.786855 0.065278  0.265595 0.927378 -0.263496  0.724900 0.775300 3 13 0.692432 14 0.079336 10 0.228232
v_heavyArms.tga.002
0  31.894772 0.681112 -1.475026  0.256868 0.125566 -0.958255  0.143000 0.147100 1 2 1.000000
0  30.625973 0.738531 -1.678611  0.100038 0.118360 -0.987919  0.143000 0.211500 1 2 1.000000
0  30.591572 2.084538 -1.220409  0.116165 0.673609 -0.729902  0.075300 0.214800 1 2 1.000000
v_heavyArms.tga.002
0  38.972549 -0.425081 -0.748190  0.044632 -0.527158 -0.848594  0.313875 0.835091 2 10 0.618312 11 0.381688
0  38.993835 -0.653935 -0.294350  0.021954 -0.971098 -0.237670  0.298258 0.834234 2 11 0.349073 10 0.650927
0  38.400173 -0.686256 -0.254371  0.185160 -0.965057 -0.185422  0.301500 0.796200 3 10 0.862357 11 0.130621 14 0.007022
v_heavyArms.tga.002
0  34.017273 -1.721455 -0.739121  -0.301268 -0.746134 -0.593735  0.244100 0.530300 2 2 0.035870 16 0.964130
0  34.023972 -1.800755 -0.299721  -0.526089 -0.849893 -0.030188  0.233900 0.507400 3 2 0.052885 16 0.945486 3 0.001630
0  33.990574 -1.780555 -0.286421  -0.811069 -0.569352 0.134189  0.235800 0.506000 3 2 0.078532 16 0.901391 3 0.020077
v_heavyArms.tga.002
0  34.478672 -0.754856 0.863479  -0.098593 -0.381399 0.919138  0.714600 0.561400 3 2 0.085001 3 0.766242 16 0.148758
0  36.639973 -0.742256 1.074878  0.012443 -0.235567 0.971778  0.713400 0.676300 2 3 0.909620 16 0.090380
0  36.769772 0.316844 1.170679  0.090179 0.070983 0.993393  0.658800 0.683900 1 3 1.000000
v_heavyArms.tga.002
0  41.127186 -1.874156 -0.882623  -0.150250 -0.657950 -0.737920  0.822400 0.933100 1 15 1.000000
0  41.469482 -1.784556 -1.000123  0.175606 -0.543727 -0.820685  0.816400 0.954800 1 15 1.000000
0  41.485683 -1.840756 -0.959422  0.466958 -0.879187 -0.094763  0.813600 0.952400 1 15 1.000000
v_heavyArms.tga.002
0  41.372124 0.882477 -0.935957  0.364532 -0.921835 0.131671  0.613604 0.968193 1 9 1.000000
0  41.508041 0.977162 -0.628995  0.766955 -0.456854 0.450626  0.607187 0.964736 1 9 1.000000
0  40.375992 0.846773 0.017802  0.451987 -0.547795 0.704009  0.618646 0.899635 2 9 0.835187 8 0.164813
v_heavyArms.tga.002
0  41.470081 -1.762557 -1.152522  0.414627 -0.863017 -0.288592  0.222300 0.937000 1 15 1.000000
0  41.469482 -1.784556 -1.000123  0.385501 -0.905865 -0.175490  0.216600 0.940200 1 15 1.000000
0  41.127186 -1.874156 -0.882623  0.056015 -0.981093 -0.185254  0.208500 0.921900 1 15 1.000000
v_heavyArms.tga.002
0  41.377644 0.229174 -1.113798  -0.014948 0.553029 -0.833028  0.332000 0.968100 1 12 1.000000
0  41.733273 0.125744 -1.111623  0.469692 0.301226 -0.829851  0.324000 0.981500 1 12 1.000000
0  41.708172 -0.273355 -1.097822  0.347548 -0.106016 -0.931650  0.309000 0.979000 1 12 1.000000
v_heavyArms.tga.002
0  40.184174 0.737122 -0.693126  0.060721 -0.966182 -0.250610  0.371405 0.897691 2 8 0.806815 9 0.193185
0  40.194473 0.694894 -0.479890  0.039571 -0.979115 -0.199418  0.361490 0.897036 2 9 0.122836 8 0.877164
0  39.147030 0.590120 -0.129620  0.089799 -0.994651 -0.051042  0.361486 0.841553 2 7 0.153819 8 0.846181
v_heavyArms.tga.002
0  36.285072 2.091545 -0.585022  -0.093407 0.613433 -0.784204  0.462100 0.675700 2 3 0.995446 2 0.004554
0  37.190544 2.183916 -0.669502  -0.136969 0.596778 -0.790630  0.468945 0.727035 2 4 0.434230 3 0.565770
0  37.171005 1.332718 -0.776005  -0.053283 0.075473 -0.995723  0.415540 0.730572 3 3 0.572486 4 0.098429 7 0.329085
v_heavyArms.tga.002
0  31.890774 -0.653944 -1.347795  0.195168 -0.250144 -0.948334  0.215500 0.146100 1 2 1.000000
0  30.618874 -0.775357 -1.534026  0.100561 -0.253653 -0.962054  0.215500 0.211000 1 2 1.000000
0  30.625973 0.738531 -1.678611  0.100038 0.118360 -0.987919  0.143000 0.211500 1 2 1.000000
v_heavyArms.tga.002
0  33.956871 0.437544 -0.758824  0.076136 0.137172 -0.987617  0.372200 0.537400 3 2 0.092329 3 0.811648 16 0.096023
0  36.310772 0.290244 -0.868945  0.025879 0.098134 -0.994837  0.353800 0.676300 3 3 0.991044 4 0.000761 16 0.008196
0  36.245472 -0.480156 -0.949328  0.063827 0.081178 -0.994654  0.304500 0.670000 3 3 0.817021 13 0.020007 16 0.162973
v_heavyArms.tga.002
0  32.612972 1.747780 0.437596  0.618537 0.692788 0.370752  0.603800 0.090300 2 2 0.949500 3 0.050500
0  32.713875 1.630446 0.368979  0.802910 0.518104 0.294794  0.603400 0.078400 2 2 0.918387 3 0.081613
0  32.715672 1.784745 -0.190421  0.773937 0.567044 -0.281927  0.642700 0.077500 2 2 0.916855 3 0.083145
v_heavyArms.tga.002
0  33.585571 1.215145 -0.590421  0.999954 0.009583 -0.000849  0.091900 0.024400 2 2 0.724501 3 0.275499
0  33.584789 1.289755 -0.667545  0.898352 0.242747 -0.366111  0.090513 0.031246 2 3 0.237811 2 0.762189
0  33.585484 1.719707 -0.201083  0.906941 0.401801 -0.126545  0.048809 0.031554 2 3 0.260771 2 0.739229
v_heavyArms.tga.002
0  40.206505 0.258743 -0.866625  -0.148047 0.575038 -0.804620  0.334613 0.908399 2 12 0.907727 11 0.092273
0  40.237255 0.381079 -0.516077  -0.002529 0.988504 -0.151173  0.346456 0.908977 2 11 0.116148 12 0.883852
0  41.483273 0.332944 -0.858223  0.188982 0.962229 -0.195965  0.338700 0.975900 1 12 1.000000
v_heavyArms.tga.002
0  36.212372 -2.535558 -0.283221  0.711085 0.390235 0.584871  0.864800 0.646600 2 16 0.122412 17 0.877588
0  36.315872 -2.477456 -0.650921  0.812342 0.572149 0.112898  0.870700 0.665700 2 16 0.132857 17 0.867143
0  36.146374 -2.203355 -0.483121  0.969579 0.179884 0.166010  0.852000 0.656700 2 16 0.699636 17 0.300364
v_heavyArms.tga.002
0  37.481274 -4.770157 -0.235421  0.573848 -0.497272 0.650707  0.986100 0.658200 1 18 1.000000
0  37.507973 -4.802254 -0.495621  0.819525 -0.544103 0.179806  0.998600 0.655400 1 18 1.000000
0  37.602371 -4.315255 -0.555620  0.989636 0.143446 -0.006634  0.985900 0.673000 1 18 1.000000
v_heavyArms.tga.002
0  32.630875 0.104638 1.448681  0.636859 0.008972 0.770928  0.477400 0.100200 1 2 1.000000
0  31.894772 0.072894 1.587962  0.248969 -0.028395 0.968095  0.478200 0.142000 1 2 1.000000
0  31.891872 -1.310088 1.371126  0.281304 -0.545058 0.789798  0.402900 0.148000 1 2 1.000000
v_heavyArms.tga.002
0  38.375214 0.633987 0.794773  0.324255 -0.402785 0.855934  0.634700 0.773400 1 7 1.000000
0  38.228973 0.467844 0.563779  0.919351 -0.038060 0.391594  0.648500 0.766600 2 7 0.367372 10 0.632628
0  38.341473 0.476545 0.088178  0.947541 -0.231055 0.220860  0.648100 0.785900 4 7 0.721129 10 0.240172 8 0.009059 11 0.029639
v_heavyArms.tga.002
0  40.235874 2.146744 -0.818623  0.781674 -0.400159 -0.478392  0.475800 0.913400 1 6 1.000000
0  40.263771 2.133946 -0.712423  0.917955 -0.393113 -0.053115  0.475400 0.918100 1 6 1.000000
0  40.120575 2.053044 -0.689623  0.470886 -0.858577 -0.202759  0.468700 0.912800 1 6 1.000000
v_heavyArms.tga.002
0  40.303890 0.233329 0.146880  0.306086 0.580010 0.754917  0.677610 0.890634 2 11 0.171837 12 0.828163
0  40.267834 -0.536907 0.159918  0.294821 -0.630986 0.717591  0.709100 0.887962 2 11 0.196558 12 0.803442
0  41.521935 -0.502712 -0.341044  0.505167 -0.574804 0.643744  0.715321 0.956443 1 12 1.000000
v_heavyArms.tga.002
0  37.924973 0.446144 0.878578  0.268922 0.112333 0.956589  0.652100 0.749200 2 7 0.517027 10 0.482973
0  37.387562 0.400842 1.015959  0.234922 0.122401 0.964277  0.654447 0.726321 3 10 0.384513 3 0.175007 7 0.440479
0  37.372871 -0.750677 0.984941  0.192588 -0.168450 0.966713  0.716558 0.719327 3 13 0.362148 3 0.171540 10 0.466312
v_heavyArms.tga.002
0  34.460575 0.122844 1.081078  -0.024958 -0.063593 0.997664  0.666000 0.562000 3 2 0.103733 3 0.874701 16 0.021566
0  33.596073 0.110944 1.062779  -0.033494 -0.080131 0.996221  0.665000 0.515900 3 2 0.823042 3 0.172999 16 0.003959
0  33.594475 -0.858655 0.755179  -0.124848 -0.547276 0.827588  0.718700 0.513800 3 2 0.720299 3 0.163843 16 0.115859
v_heavyArms.tga.002
0  40.187973 2.482144 -0.869123  0.659851 0.529019 -0.533607  0.488100 0.910200 1 6 1.000000
0  40.229774 2.490544 -0.746123  0.824827 0.560634 -0.073145  0.490400 0.915400 1 6 1.000000
0  40.263771 2.133946 -0.712423  0.917955 -0.393113 -0.053115  0.475400 0.918100 1 6 1.000000
v_heavyArms.tga.002
0  32.622871 -1.670617 0.111685  0.667955 -0.744124 0.010751  0.327600 0.099600 3 2 0.963104 3 0.000783 16 0.036113
0  31.885273 -2.053972 0.014120  0.332755 -0.943013 -0.000658  0.322500 0.148700 1 2 1.000000
0  31.888672 -1.578090 -0.941454  0.296734 -0.668627 -0.681826  0.267900 0.147700 1 2 1.000000
v_heavyArms.tga.002
0  39.208397 1.811859 -0.698902  0.051132 -0.729211 -0.682376  0.455587 0.856870 2 6 0.877751 5 0.122249
0  40.052990 2.094694 -0.935711  0.248185 -0.580273 -0.775685  0.473400 0.906500 1 6 1.000000
0  40.108173 2.061844 -0.760823  0.243934 -0.949148 -0.199034  0.470600 0.910000 1 6 1.000000
v_heavyArms.tga.002
0  35.523071 -2.364455 0.115179  0.206762 -0.198551 0.958033  0.829800 0.609500 2 16 0.839049 17 0.160951
0  36.010773 -2.977256 0.041179  0.141606 0.054024 0.988448  0.881000 0.624800 2 16 0.095407 17 0.904593
0  36.212372 -2.535558 -0.283221  0.711085 0.390235 0.584871  0.864800 0.646600 2 16 0.122412 17 0.877588
v_heavyArms.tga.002
0  40.041164 -1.842630 -0.833869  -0.074393 -0.917770 -0.390081  0.218402 0.868221 3 15 0.282759 14 0.698916 13 0.018324
0  38.970158 -1.847220 -0.634124  -0.066631 -0.913670 -0.400958  0.218015 0.826308 3 13 0.216393 14 0.729012 15 0.054594
0  38.971920 -1.681963 -0.859431  -0.143060 -0.385514 -0.911544  0.227619 0.825750 3 15 0.064840 14 0.726625 13 0.208535
v_heavyArms.tga.002
0  32.718773 1.046746 0.968879  0.942650 0.189274 0.274931  0.545000 0.079700 2 2 0.939762 3 0.060238
0  32.713875 1.630446 0.368979  0.802910 0.518104 0.294794  0.603400 0.078400 2 2 0.918387 3 0.081613
0  32.612972 1.747780 0.437596  0.618537 0.692788 0.370752  0.603800 0.090300 2 2 0.949500 3 0.050500
v_heavyArms.tga.002
0  39.024227 -0.884090 -0.114904  0.120673 0.990176 -0.070643  0.280514 0.833588 3 14 0.317029 13 0.628641 10 0.054330
0  39.026379 -0.912796 -0.394244  0.126314 0.973964 -0.188253  0.268757 0.829689 3 10 0.068948 14 0.374569 13 0.556482
0  38.369473 -0.783056 -0.210534  0.424521 0.901369 -0.085536  0.276500 0.791200 4 13 0.581919 14 0.092884 10 0.311850 11 0.013347
v_heavyArms.tga.002
0  41.477772 0.331945 -0.690522  0.336683 0.908208 0.248602  0.666274 0.963418 1 12 1.000000
0  40.237942 0.375167 -0.283964  0.125715 0.947867 0.292821  0.662400 0.892682 2 11 0.164296 12 0.835704
0  40.303890 0.233329 0.146880  0.306086 0.580010 0.754917  0.677610 0.890634 2 11 0.171837 12 0.828163
v_heavyArms.tga.002
0  38.982220 0.711496 -0.725735  0.069882 -0.534737 -0.842124  0.383007 0.834164 2 7 0.610503 8 0.389497
0  39.037750 0.589216 -0.418632  0.109661 -0.974692 -0.194808  0.373686 0.836159 2 7 0.623162 8 0.376838
0  38.441574 0.515344 -0.452268  0.404980 -0.903558 -0.139904  0.375400 0.802300 3 7 0.836329 8 0.145198 11 0.018474
v_heavyArms.tga.002
0  37.220074 -4.881455 -0.674521  -0.236574 -0.940712 -0.243093  0.016780 0.672793 1 18 1.000000
0  37.285473 -4.952057 -0.486721  -0.118390 -0.983560 0.136359  0.016104 0.672595 1 18 1.000000
0  37.215073 -4.825455 -0.225421  -0.209244 -0.661887 0.719807  0.004863 0.677479 1 18 1.000000
v_heavyArms.tga.002
0  36.643120 -3.609453 -1.280343  0.092665 -0.038797 -0.994941  0.103075 0.655077 2 17 0.861719 18 0.138281
0  36.225487 -3.911655 -0.964216  -0.532224 -0.666207 -0.522404  0.086942 0.622751 2 17 0.861685 18 0.138315
0  35.370872 -3.179755 -0.973621  -0.513274 -0.692042 -0.507570  0.145600 0.584200 2 16 0.099885 17 0.900115
v_heavyArms.tga.002
0  40.141872 1.543657 -0.528121  -0.055225 0.989284 -0.135161  0.422465 0.899072 2 8 0.853350 9 0.146650
0  40.129864 1.514224 -0.729956  -0.096511 0.936148 -0.338101  0.413454 0.899871 2 9 0.219049 8 0.780951
0  39.047653 1.489942 -0.472606  -0.085781 0.957560 -0.275172  0.416927 0.844938 3 7 0.142665 8 0.854979 9 0.002356
v_heavyArms.tga.002
0  36.010773 -2.977256 0.041179  0.141606 0.054024 0.988448  0.881000 0.624800 2 16 0.095407 17 0.904593
0  36.640755 -3.623678 0.038175  0.236993 -0.104038 0.965925  0.929415 0.643419 2 17 0.832742 18 0.167258
0  37.007847 -3.343081 -0.291269  0.644524 0.512484 0.567405  0.930648 0.666488 2 17 0.846738 18 0.153262
v_heavyArms.tga.002
0  34.820274 -2.599154 -0.014721  -0.450035 -0.582924 0.676511  0.830400 0.571800 2 16 0.905995 17 0.094005
0  35.448471 -3.197055 -0.156221  -0.488671 -0.635791 0.597470  0.884500 0.595400 2 16 0.097680 17 0.902320
0  36.010773 -2.977256 0.041179  0.141606 0.054024 0.988448  0.881000 0.624800 2 16 0.095407 17 0.904593
v_heavyArms.tga.002
0  39.106098 1.785514 -0.681139  0.080970 -0.721994 -0.687145  0.453995 0.850391 3 6 0.307718 4 0.032423 5 0.659859
0  39.141369 1.766489 -0.440113  0.221426 -0.974314 -0.041016  0.446546 0.853896 3 6 0.250205 4 0.019963 5 0.729832
0  38.500877 1.624117 -0.376608  0.199621 -0.977304 -0.070915  0.439600 0.809679 3 5 0.758550 4 0.178739 6 0.062711
v_heavyArms.tga.002
0  41.485043 -1.314551 -1.284575  0.423684 0.416078 -0.804594  0.240400 0.938200 1 15 1.000000
0  41.607685 -1.313056 -1.128923  0.873296 0.309423 -0.376314  0.240900 0.942600 1 15 1.000000
0  41.555882 -1.670256 -1.192423  0.829041 -0.387744 -0.402920  0.226300 0.939900 1 15 1.000000
v_heavyArms.tga.002
0  35.448471 -3.197055 -0.156221  -0.488671 -0.635791 0.597470  0.884500 0.595400 2 16 0.097680 17 0.902320
0  35.325672 -3.187655 -0.600821  -0.629838 -0.775090 0.050391  0.899100 0.579000 2 16 0.103181 17 0.896819
0  36.167355 -3.903002 -0.623739  -0.624547 -0.777039 0.078427  0.953775 0.613763 2 17 0.870064 18 0.129936
v_heavyArms.tga.002
0  33.568878 1.740008 -0.204253  0.403290 0.883253 -0.239211  0.641621 0.017068 2 3 0.222329 2 0.777671
0  32.715672 1.784745 -0.190421  0.038492 0.970851 -0.236575  0.642700 0.077500 2 2 0.916855 3 0.083145
0  32.713875 1.630446 0.368979  0.017580 0.874885 0.484012  0.603400 0.078400 2 2 0.918387 3 0.081613
v_heavyArms.tga.002
0  33.579746 0.531144 -0.976121  0.348501 0.145294 -0.925979  0.144034 0.030330 3 3 0.138669 2 0.840609 16 0.020722
0  32.727673 0.531144 -0.976121  0.000000 0.157526 -0.987515  0.145800 0.088600 2 2 0.951995 3 0.048005
0  32.714973 1.322243 -0.658221  -0.003414 0.555081 -0.831790  0.089900 0.089900 2 2 0.927759 3 0.072241
v_heavyArms.tga.002
0  40.209122 -1.090953 0.131324  0.288540 0.536359 0.793136  0.758764 0.867073 2 15 0.078174 14 0.921826
0  39.133232 -1.008074 0.455480  0.287040 0.533921 0.795322  0.748897 0.813361 2 13 0.124895 14 0.875105
0  39.059429 -1.851139 0.289899  0.180403 -0.736185 0.652293  0.788323 0.807093 2 13 0.186181 14 0.813819
v_heavyArms.tga.002
0  36.332409 -3.998452 -0.955210  -0.554393 -0.641406 -0.530327  0.079304 0.628203 2 17 0.160948 18 0.839052
0  36.275383 -3.987229 -0.620304  -0.668484 -0.737755 0.094058  0.068566 0.609129 2 17 0.206787 18 0.793213
0  36.167355 -3.903002 -0.623739  -0.624547 -0.777039 0.078427  0.076297 0.603233 2 17 0.870064 18 0.129936
v_heavyArms.tga.002
0  33.990574 -1.780555 -0.286421  -0.811069 -0.569352 0.134189  0.798200 0.526700 3 2 0.078532 16 0.901391 3 0.020077
0  34.263275 -1.854254 0.144579  -0.539387 -0.449183 0.712247  0.790400 0.549700 3 2 0.037376 3 0.025877 16 0.936747
0  34.263172 -1.842955 0.150779  -0.548326 -0.406244 0.730961  0.789100 0.550200 3 2 0.049884 3 0.037046 16 0.913069
v_heavyArms.tga.002
0  41.273422 -1.807784 -0.395590  0.376601 -0.684602 0.624093  0.801400 0.929200 1 15 1.000000
0  41.148281 -1.890757 -0.826823  0.167857 -0.975952 0.139072  0.818000 0.932900 1 15 1.000000
0  41.473782 -1.814957 -0.935522  0.476330 -0.876630 0.068037  0.812300 0.951200 1 15 1.000000
v_heavyArms.tga.002
0  38.412331 2.458791 -0.153630  -0.044108 0.988711 0.143193  0.516399 0.782747 3 4 0.190105 5 0.788812 6 0.021083
0  38.469830 2.410036 0.247505  0.160050 0.728734 0.665830  0.535171 0.782047 2 4 0.187415 5 0.812585
0  39.145451 2.443216 0.043201  0.182123 0.696448 0.694112  0.529812 0.827786 2 5 0.914942 6 0.085058
v_heavyArms.tga.002
0  34.820274 -2.599154 -0.014721  -0.450035 -0.582924 0.676511  0.830400 0.571800 2 16 0.905995 17 0.094005
0  34.560173 -2.627455 -0.567621  -0.737033 -0.671881 0.073207  0.842700 0.546800 2 16 0.904625 17 0.095375
0  35.325672 -3.187655 -0.600821  -0.629838 -0.775090 0.050391  0.899100 0.579000 2 16 0.103181 17 0.896819
v_heavyArms.tga.002
0  37.911373 1.469546 0.583278  0.247013 0.278623 0.928092  0.591700 0.751000 3 4 0.480715 7 0.497484 10 0.021801
0  38.156849 1.632387 0.496246  0.507968 -0.320276 0.799620  0.574000 0.764200 3 4 0.631477 5 0.064872 7 0.303651
0  38.018948 2.389486 0.368345  0.126731 0.753046 0.645647  0.538900 0.754100 2 4 0.988594 5 0.011406
v_heavyArms.tga.002
0  31.891872 -1.310088 1.371126  0.281304 -0.545058 0.789798  0.402900 0.148000 1 2 1.000000
0  30.620872 -1.739413 1.556710  0.186407 -0.649592 0.737077  0.397100 0.211200 1 2 1.000000
0  30.609272 -2.363057 0.014006  0.152978 -0.987937 -0.024042  0.322700 0.211900 1 2 1.000000
v_heavyArms.tga.002
0  41.786171 0.181444 -1.021222  0.725728 0.550434 -0.412725  0.326400 0.986000 1 12 1.000000
0  41.793774 0.193445 -0.906923  0.836716 0.547637 0.000521  0.327300 0.990800 1 12 1.000000
0  41.810371 -0.476556 -0.895723  0.843260 -0.525750 0.111798  0.299700 0.989900 1 12 1.000000
v_heavyArms.tga.002
0  37.007847 -3.343081 -0.291269  0.644524 0.512484 0.567405  0.930648 0.666488 2 17 0.846738 18 0.153262
0  37.085377 -3.300066 -0.646216  0.775846 0.628857 0.051001  0.935981 0.681551 2 17 0.846187 18 0.153813
0  36.315872 -2.477456 -0.650921  0.812342 0.572149 0.112898  0.870700 0.665700 2 16 0.132857 17 0.867143
v_heavyArms.tga.002
0  41.781273 -0.406656 -0.665757  0.876949 -0.305020 0.371380  0.712500 0.976600 1 12 1.000000
0  41.810371 -0.476556 -0.895723  0.843260 -0.525750 0.111798  0.717100 0.982100 1 12 1.000000
0  41.793774 0.193445 -0.906923  0.836716 0.547637 0.000521  0.683000 0.984600 1 12 1.000000
v_heavyArms.tga.002
0  38.441761 1.621018 -0.136254  0.140125 -0.962419 -0.232626  0.583034 0.792767 2 5 0.484035 4 0.515965
0  38.454010 1.610385 -0.084771  0.279726 -0.827385 0.487018  0.580933 0.791381 2 5 0.474783 4 0.525217
0  38.203773 1.560745 -0.026121  0.547055 -0.687190 0.478018  0.585700 0.777300 3 4 0.438724 5 0.193634 7 0.367642
v_heavyArms.tga.002
0  35.370872 -3.179755 -0.973621  -0.513274 -0.692042 -0.507570  0.145600 0.584200 2 16 0.099885 17 0.900115
0  35.325672 -3.187655 -0.600821  -0.629838 -0.775090 0.050391  0.135500 0.563800 2 16 0.103181 17 0.896819
0  34.560173 -2.627455 -0.567621  -0.737033 -0.671881 0.073207  0.183500 0.534500 2 16 0.904625 17 0.095375
v_heavyArms.tga.002
0  32.718773 1.046746 0.968879  0.942650 0.189274 0.274931  0.545000 0.079700 2 2 0.939762 3 0.060238
0  32.619274 1.201782 1.219461  0.672647 0.389637 0.629070  0.545800 0.098800 2 2 0.976440 3 0.023560
0  32.630875 0.104638 1.448681  0.636859 0.008972 0.770928  0.477400 0.100200 1 2 1.000000
v_heavyArms.tga.002
0  35.243271 -2.000155 0.328879  0.108931 -0.353336 0.929133  0.798100 0.600300 3 3 0.054702 17 0.017085 16 0.928214
0  34.263172 -1.842955 0.150779  -0.548326 -0.406244 0.730961  0.789100 0.550200 3 2 0.049884 3 0.037046 16 0.913069
0  34.263275 -1.854254 0.144579  -0.539387 -0.449183 0.712247  0.790400 0.549700 3 2 0.037376 3 0.025877 16 0.936747
v_heavyArms.tga.002
0  37.132889 -3.450122 -0.915068  0.759359 0.383269 -0.525812  0.103088 0.692834 2 18 0.873894 17 0.126106
0  37.183186 -3.436824 -0.650339  0.863356 0.504274 0.017978  0.105653 0.709580 2 18 0.869993 17 0.130007
0  37.602371 -4.315255 -0.555620  0.989636 0.143446 -0.006634  0.041000 0.713800 1 18 1.000000
v_heavyArms.tga.002
0  38.089672 -1.919457 -0.331522  0.022747 -0.999693 -0.009847  0.820500 0.753700 2 13 0.928241 14 0.071759
0  37.422340 -1.966948 -0.358097  0.074310 -0.994540 -0.073270  0.827699 0.719174 4 10 0.013880 13 0.734695 16 0.031520 3 0.219904
0  37.421780 -1.929521 -0.390626  0.075629 -0.653447 -0.753185  0.830751 0.719534 4 10 0.023810 13 0.704398 16 0.037200 3 0.234592
v_heavyArms.tga.002
0  37.720474 2.433945 -0.231822  -0.089291 0.990289 -0.106561  0.500300 0.757300 2 4 0.928236 5 0.071764
0  37.699875 2.410843 -0.072222  -0.045369 0.991065 0.125429  0.509800 0.754100 2 4 0.965370 5 0.034630
0  37.944275 2.420544 -0.116021  -0.043158 0.977701 0.205519  0.508000 0.769600 2 4 0.881401 5 0.118599
v_heavyArms.tga.002
0  38.120110 -1.630611 -0.819216  0.007369 -0.375458 -0.926810  0.230700 0.777400 3 13 0.813121 14 0.087401 10 0.099479
0  37.426022 -1.606999 -0.862830  0.076874 -0.273326 -0.958845  0.236832 0.737431 5 13 0.693948 14 0.002205 16 0.036006 10 0.095900 3 0.171941
0  37.401440 -0.606169 -0.804202  0.108217 0.031564 -0.993626  0.309559 0.735179 4 3 0.157532 13 0.504643 10 0.335375 16 0.002450
v_heavyArms.tga.002
0  32.614273 1.614210 -0.921196  0.680800 0.465899 -0.565199  0.084600 0.111000 2 2 0.963151 3 0.036849
0  31.875172 1.867830 -1.071701  0.279129 0.645439 -0.710982  0.078800 0.151000 1 2 1.000000
0  31.876274 2.279451 -0.152298  0.301891 0.952487 -0.040383  0.026100 0.145400 1 2 1.000000
v_heavyArms.tga.002
0  40.042572 2.537644 -0.834923  0.064933 0.954892 -0.289766  0.491800 0.905200 1 6 1.000000
0  40.074875 2.536644 -0.749223  0.169724 0.984115 -0.052070  0.494700 0.908400 1 6 1.000000
0  40.229774 2.490544 -0.746123  0.824827 0.560634 -0.073145  0.490400 0.915400 1 6 1.000000
v_heavyArms.tga.002
0  41.246323 -1.200786 -0.285590  0.440506 0.541382 0.716143  0.772900 0.932000 1 15 1.000000
0  41.567123 -1.285085 -0.482890  0.776030 0.384595 0.499864  0.780000 0.948000 1 15 1.000000
0  41.510284 -1.190057 -0.881023  0.471970 0.871595 0.132539  0.773700 0.960100 1 15 1.000000
v_heavyArms.tga.002
0  41.808773 -0.489556 -1.009623  0.669384 -0.578616 -0.465970  0.301700 0.984700 1 12 1.000000
0  41.810371 -0.476556 -0.895723  0.843260 -0.525750 0.111798  0.299700 0.989900 1 12 1.000000
0  41.464172 -0.585556 -0.765023  0.110183 -0.993631 -0.023607  0.288200 0.974700 1 12 1.000000
v_heavyArms.tga.002
0  32.625671 -1.270417 -0.817875  0.650702 -0.543580 -0.530195  0.263700 0.101500 3 2 0.963586 3 0.003310 16 0.033104
0  32.627472 -0.802021 -1.161138  0.618943 -0.305337 -0.723657  0.229200 0.104900 2 2 0.998384 16 0.001616
0  32.725075 -0.562956 -0.902121  0.945114 -0.066179 -0.319968  0.218900 0.087000 3 2 0.945584 3 0.020671 16 0.033745
v_heavyArms.tga.002
0  30.588772 2.281638 0.617329  0.107415 0.882625 0.457642  0.614700 0.207700 1 2 1.000000
0  22.177919 2.578195 0.733484  0.069584 0.857684 0.509446  0.605000 0.476500 2 1 0.022308 2 0.977692
0  22.191187 1.635959 1.739446  0.061789 0.561634 0.825075  0.551400 0.474200 2 1 0.016402 2 0.983598
v_heavyArms.tga.002
0  39.242878 1.793414 -0.462366  0.264959 -0.962786 -0.053285  0.448383 0.860327 2 5 0.138019 6 0.861981
0  40.108173 2.061844 -0.760823  0.243934 -0.949148 -0.199034  0.470600 0.910000 1 6 1.000000
0  40.120575 2.053044 -0.689623  0.245030 -0.958111 -0.148268  0.468700 0.912800 1 6 1.000000
v_heavyArms.tga.002
0  35.194275 -2.368254 -1.377821  -0.087232 -0.009891 -0.996139  0.196200 0.595000 2 16 0.877276 17 0.122724
0  34.688473 -2.652255 -1.076521  -0.623920 -0.508805 -0.593162  0.188300 0.562500 2 16 0.891289 17 0.108711
0  34.017273 -1.721455 -0.739121  -0.775070 -0.333357 -0.536787  0.244100 0.530300 2 2 0.035870 16 0.964130
v_heavyArms.tga.002
0  38.415474 0.386144 0.085478  0.210703 0.151394 -0.965756  0.650700 0.786700 3 10 0.684619 11 0.071358 7 0.244022
0  38.344872 0.464844 0.033684  0.653630 -0.339932 -0.676176  0.647800 0.789900 4 7 0.655154 10 0.263820 8 0.029029 11 0.051997
0  38.377071 0.473244 0.067378  0.933448 -0.284856 0.218019  0.647200 0.788100 3 7 0.914905 8 0.027599 11 0.057497
v_heavyArms.tga.002
0  38.370872 -0.656056 0.154978  0.260971 -0.964191 0.047223  0.291900 0.801300 2 10 0.911899 11 0.088101
0  38.269772 -0.721555 0.109278  0.886584 -0.450366 0.105544  0.289900 0.797100 4 10 0.457264 13 0.482286 14 0.032992 11 0.027458
0  38.298073 -0.721056 -0.276691  0.832617 -0.281955 -0.476709  0.291700 0.784100 4 10 0.511006 13 0.376267 14 0.056960 11 0.055767
v_heavyArms.tga.002
0  38.431873 0.416245 0.091678  0.330351 0.880663 -0.339561  0.651700 0.785500 3 10 0.702709 11 0.068609 7 0.228682
0  38.377071 0.473244 0.067378  0.933448 -0.284856 0.218019  0.647200 0.788100 3 7 0.914905 8 0.027599 11 0.057497
0  38.341473 0.476545 0.088178  0.513479 0.219405 0.829579  0.648100 0.785900 4 7 0.721129 10 0.240172 8 0.009059 11 0.029639
v_heavyArms.tga.002
0  41.523918 -1.759284 -0.572690  0.717974 -0.582528 0.381018  0.801700 0.944000 1 15 1.000000
0  41.596081 -1.713357 -0.975823  0.890063 -0.451596 -0.062046  0.806600 0.959300 1 15 1.000000
0  41.630383 -1.272757 -0.923622  0.931491 0.363747 0.003449  0.782200 0.963900 1 15 1.000000
v_heavyArms.tga.002
0  37.034172 -4.779355 -0.858221  -0.436964 -0.789123 -0.431680  0.029600 0.661300 1 18 1.000000
0  36.941273 -4.672257 -0.577721  -0.672867 -0.726398 0.139988  0.021200 0.649400 2 18 0.982475 17 0.017525
0  36.275383 -3.987229 -0.620304  -0.668484 -0.737755 0.094058  0.068566 0.609129 2 17 0.206787 18 0.793213
v_heavyArms.tga.002
0  38.422771 0.396244 -0.403986  0.481080 0.872320 -0.087297  0.348600 0.801700 4 10 0.666608 7 0.204874 8 0.007351 11 0.121166
0  38.374973 0.461344 -0.433071  0.988327 -0.119925 -0.093954  0.360000 0.797000 4 7 0.431091 11 0.073238 10 0.430418 8 0.065253
0  38.344872 0.464844 0.033684  0.993775 0.099065 0.050961  0.362900 0.803300 4 7 0.655154 10 0.263820 8 0.029029 11 0.051997
v_heavyArms.tga.002
0  36.580574 2.337944 0.120278  -0.064213 0.680804 0.729646  0.529000 0.675700 1 3 1.000000
0  36.574074 2.361044 0.098179  -0.123580 0.945230 0.302106  0.527300 0.675300 1 3 1.000000
0  33.987175 1.616745 0.137479  -0.230498 0.973001 -0.011841  0.560300 0.534800 3 2 0.177373 3 0.822097 7 0.000529
v_heavyArms.tga.002
0  39.121170 -0.896985 -0.071023  0.225175 0.710048 0.667179  0.732576 0.827777 2 13 0.130257 14 0.869743
0  40.144638 -0.981855 -0.336980  0.266995 0.536381 0.800630  0.743521 0.879068 2 15 0.138923 14 0.861077
0  40.149891 -0.954294 -0.357195  0.140938 0.971959 0.188232  0.741156 0.880787 2 15 0.154708 14 0.845292
v_heavyArms.tga.002
0  38.056473 1.400944 -0.435577  0.353691 0.864753 -0.356519  0.412800 0.791800 4 7 0.739335 4 0.141098 5 0.055823 8 0.063745
0  38.019371 1.465245 -0.403762  0.909968 0.081098 -0.406672  0.423200 0.776200 4 4 0.274795 7 0.597896 8 0.014271 5 0.113038
0  38.113472 1.498144 -0.055814  0.914332 -0.376569 -0.148970  0.424600 0.786800 4 4 0.292439 7 0.577250 5 0.123208 8 0.007102
v_heavyArms.tga.002
0  41.379044 -0.356026 -1.107099  -0.090432 -0.378447 -0.921195  0.304000 0.966700 1 12 1.000000
0  41.708172 -0.273355 -1.097822  0.347548 -0.106016 -0.931650  0.309000 0.979000 1 12 1.000000
0  41.808773 -0.489556 -1.009623  0.669384 -0.578616 -0.465970  0.301700 0.984700 1 12 1.000000
v_heavyArms.tga.002
0  41.483273 0.332944 -0.858223  0.188982 0.962229 -0.195965  0.338700 0.975900 1 12 1.000000
0  41.786171 0.181444 -1.021222  0.725728 0.550434 -0.412725  0.326400 0.986000 1 12 1.000000
0  41.733273 0.125744 -1.111623  0.469692 0.301226 -0.829851  0.324000 0.981500 1 12 1.000000
v_heavyArms.tga.002
0  38.366772 -0.651855 0.213878  0.140604 -0.788579 0.598643  0.715200 0.770500 2 10 0.930000 11 0.070000
0  38.262772 -0.728856 0.165278  0.575701 -0.508221 0.640531  0.722000 0.767900 4 10 0.491913 13 0.481307 11 0.011964 14 0.014815
0  38.318172 -0.727855 0.116278  0.865242 0.454403 -0.211834  0.722200 0.771600 4 10 0.506920 13 0.437380 14 0.031508 11 0.024192
v_heavyArms.tga.002
0  32.614273 1.614210 -0.921196  0.680800 0.465899 -0.565199  0.084600 0.111000 2 2 0.963151 3 0.036849
0  32.714973 1.322243 -0.658221  0.961314 0.184281 -0.204735  0.089900 0.089900 2 2 0.927759 3 0.072241
0  32.727673 0.531144 -0.976121  0.916813 0.033166 -0.397938  0.145800 0.088600 2 2 0.951995 3 0.048005
v_heavyArms.tga.002
0  41.273422 -1.807784 -0.395590  0.376601 -0.684602 0.624093  0.801400 0.929200 1 15 1.000000
0  41.523918 -1.759284 -0.572690  0.717974 -0.582528 0.381018  0.801700 0.944000 1 15 1.000000
0  41.567123 -1.285085 -0.482890  0.776030 0.384595 0.499864  0.780000 0.948000 1 15 1.000000
v_heavyArms.tga.002
0  39.165058 1.759329 -0.245987  0.302949 -0.829127 0.469862  0.570276 0.844388 3 6 0.164887 4 0.006857 5 0.828256
0  38.567432 1.633573 -0.110882  0.282048 -0.828074 0.484502  0.579024 0.798897 3 5 0.821114 4 0.152105 6 0.026781
0  38.554665 1.644273 -0.162622  0.145902 -0.960878 -0.235429  0.581281 0.800241 3 5 0.809365 4 0.154046 6 0.036589
v_heavyArms.tga.002
0  38.156849 1.632387 0.496246  0.507968 -0.320276 0.799620  0.574000 0.764200 3 4 0.631477 5 0.064872 7 0.303651
0  38.194374 1.577244 -0.019622  0.511464 -0.849163 0.131629  0.585200 0.776600 3 4 0.436850 5 0.176635 7 0.386516
0  38.447941 1.627707 -0.078808  0.244433 -0.956901 0.156822  0.580173 0.791068 2 5 0.446585 4 0.553415
v_heavyArms.tga.002
0  37.838272 -0.755056 0.886178  0.262208 -0.139204 0.954919  0.718200 0.741700 3 3 0.002249 10 0.496929 13 0.500822
0  37.372871 -0.750677 0.984941  0.192588 -0.168450 0.966713  0.716558 0.719327 3 13 0.362148 3 0.171540 10 0.466312
0  37.327496 -1.866036 0.624461  0.070151 -0.778296 0.623966  0.777712 0.709436 2 13 0.731220 3 0.268780
v_heavyArms.tga.002
0  31.876274 2.279451 -0.152298  0.301891 0.952487 -0.040383  0.651000 0.136800 1 2 1.000000
0  30.593573 2.551085 -0.175058  0.122616 0.991375 -0.046279  0.655700 0.208300 1 2 1.000000
0  30.588772 2.281638 0.617329  0.107415 0.882625 0.457642  0.614700 0.207700 1 2 1.000000
v_heavyArms.tga.002
0  41.510483 -1.192857 -1.067923  0.387325 0.880472 -0.273402  0.247200 0.940900 1 15 1.000000
0  41.510384 -1.177657 -0.937623  0.325067 0.936001 -0.135029  0.251100 0.943800 1 15 1.000000
0  41.630383 -1.272757 -0.923622  0.931491 0.363747 0.003449  0.243200 0.950700 1 15 1.000000
v_heavyArms.tga.002
0  36.025772 -1.981154 -0.028421  -0.028802 -0.964429 0.262768  0.817700 0.640800 3 3 0.094290 16 0.761870 17 0.143840
0  36.164173 -2.015057 -0.353021  0.057509 -0.990114 0.127932  0.835000 0.654300 3 3 0.076677 17 0.181590 16 0.741733
0  37.214901 -1.950933 -0.329068  0.055097 -0.994307 0.091201  0.826518 0.707275 5 13 0.541846 10 0.006851 16 0.145030 17 0.000113 3 0.306160
v_heavyArms.tga.002
0  34.015175 -0.417455 -0.862626  -0.104674 0.014770 -0.994397  0.319800 0.536500 3 2 0.031616 3 0.525782 16 0.442602
0  33.593872 -0.483256 -0.791921  -0.301233 -0.122930 -0.945594  0.318000 0.510800 3 2 0.645243 3 0.121273 16 0.233485
0  33.596073 0.505644 -0.843621  0.210286 0.218131 -0.952995  0.376100 0.511800 3 2 0.719242 3 0.229913 16 0.050845
v_heavyArms.tga.002
0  41.046143 -1.704652 -1.319775  -0.113398 -0.410356 -0.904848  0.225200 0.919900 1 15 1.000000
0  40.126347 -1.696635 -1.060712  -0.238237 -0.389379 -0.889734  0.226124 0.872543 2 14 0.153211 15 0.846789
0  40.178017 -1.118297 -0.986413  -0.130950 0.687004 -0.714757  0.251461 0.875830 2 15 0.846257 14 0.153743
v_heavyArms.tga.002
0  33.606472 -1.025355 -0.420021  -0.879042 -0.385796 -0.280084  0.282200 0.494300 3 16 0.338174 3 0.196940 2 0.464886
0  33.982574 -1.670254 -0.735421  -0.727534 -0.342846 -0.594265  0.249100 0.526000 3 2 0.101178 3 0.046636 16 0.852186
0  33.985874 -1.761855 -0.283721  -0.847528 -0.471963 0.242790  0.236500 0.502100 3 2 0.100586 16 0.864990 3 0.034424
v_heavyArms.tga.002
0  38.983074 -1.898714 -0.383131  -0.030615 -0.979586 -0.198679  0.205309 0.828760 3 15 0.031512 14 0.758234 13 0.210254
0  38.970158 -1.847220 -0.634124  -0.066631 -0.913670 -0.400958  0.218015 0.826308 3 13 0.216393 14 0.729012 15 0.054594
0  40.041164 -1.842630 -0.833869  -0.074393 -0.917770 -0.390081  0.218402 0.868221 3 15 0.282759 14 0.698916 13 0.018324
v_heavyArms.tga.002
0  37.838272 -0.755056 0.886178  0.262208 -0.139204 0.954919  0.718200 0.741700 3 3 0.002249 10 0.496929 13 0.500822
0  37.568375 -1.857957 0.606879  0.094408 -0.769682 0.631408  0.777800 0.723800 2 13 0.999050 3 0.000950
0  38.138298 -1.817440 0.541511  0.141579 -0.745353 0.651463  0.782600 0.751500 1 13 1.000000
v_heavyArms.tga.002
0  38.111572 1.415644 -0.038766  0.419166 0.269697 -0.866927  0.590000 0.780000 4 7 0.764452 4 0.142937 5 0.055813 8 0.036798
0  38.113472 1.498144 -0.055814  0.652218 -0.359119 -0.667567  0.590000 0.776100 4 4 0.292439 7 0.577250 5 0.123208 8 0.007102
0  38.169075 1.513645 -0.011522  0.932883 -0.208912 0.293402  0.590800 0.773900 4 4 0.306821 7 0.566599 5 0.123226 8 0.003354
v_heavyArms.tga.002
0  37.395008 2.205787 -0.689505  -0.126219 0.587984 -0.798964  0.470565 0.739190 3 4 0.732569 5 0.036942 3 0.230489
0  37.941750 2.266984 -0.745373  -0.023656 0.525150 -0.850681  0.475100 0.773200 2 4 0.831169 5 0.168831
0  37.822571 1.431444 -0.768903  0.346993 0.108951 -0.931518  0.421900 0.769700 3 7 0.733595 4 0.196194 5 0.070211
v_heavyArms.tga.002
0  33.567268 1.630446 0.368979  0.392506 0.820818 0.414967  0.601242 0.018950 2 3 0.208760 2 0.791240
0  32.713875 1.630446 0.368979  0.017580 0.874885 0.484012  0.603400 0.078400 2 2 0.918387 3 0.081613
0  32.718773 1.046746 0.968879  0.000000 0.478379 0.878154  0.545000 0.079700 2 2 0.939762 3 0.060238
v_heavyArms.tga.002
0  38.203773 1.560745 -0.026121  0.547055 -0.687190 0.478018  0.585700 0.777300 3 4 0.438724 5 0.193634 7 0.367642
0  38.169075 1.513645 -0.011522  0.932883 -0.208912 0.293402  0.590800 0.773900 4 4 0.306821 7 0.566599 5 0.123226 8 0.003354
0  38.113472 1.498144 -0.055814  0.652218 -0.359119 -0.667567  0.590000 0.776100 4 4 0.292439 7 0.577250 5 0.123208 8 0.007102
v_heavyArms.tga.002
0  40.208557 2.155649 -0.417432  0.742992 -0.345026 0.573516  0.538900 0.909200 1 6 1.000000
0  40.263771 2.133946 -0.712423  0.917955 -0.393113 -0.053115  0.537300 0.923400 1 6 1.000000
0  40.229774 2.490544 -0.746123  0.824827 0.560634 -0.073145  0.516600 0.914100 1 6 1.000000
v_heavyArms.tga.002
0  33.994572 1.153944 -0.726579  -0.179947 0.388670 -0.903634  0.415500 0.543000 3 2 0.151424 3 0.831721 16 0.016855
0  33.585571 1.215145 -0.590421  -0.127350 0.526767 -0.840416  0.417500 0.518300 2 2 0.724501 3 0.275499
0  33.586174 1.596646 -0.179321  0.105558 0.966141 -0.235436  0.446800 0.520800 2 3 0.299102 2 0.700898
v_heavyArms.tga.002
0  33.956871 0.437544 -0.758824  0.076136 0.137172 -0.987617  0.372200 0.537400 3 2 0.092329 3 0.811648 16 0.096023
0  33.596073 0.505644 -0.843621  0.210286 0.218131 -0.952995  0.376100 0.511800 3 2 0.719242 3 0.229913 16 0.050845
0  33.585571 1.215145 -0.590421  -0.127350 0.526767 -0.840416  0.417500 0.518300 2 2 0.724501 3 0.275499
v_heavyArms.tga.002
0  41.471874 -0.613756 -0.754523  0.098331 -0.947994 -0.302719  0.731715 0.961977 1 12 1.000000
0  40.234417 -0.653614 -0.359121  -0.064622 -0.952142 -0.298747  0.728426 0.887144 2 11 0.163043 12 0.836957
0  40.229721 -0.623846 -0.369818  -0.272703 -0.363762 -0.890679  0.730458 0.886614 2 11 0.158834 12 0.841166
v_heavyArms.tga.002
0  38.183674 1.569945 -0.074427  0.453571 -0.889888 -0.048712  0.428000 0.789600 3 4 0.430936 5 0.191191 7 0.377873
0  38.113472 1.498144 -0.055814  0.914332 -0.376569 -0.148970  0.424600 0.786800 4 4 0.292439 7 0.577250 5 0.123208 8 0.007102
0  38.019371 1.465245 -0.403762  0.909968 0.081098 -0.406672  0.423200 0.776200 4 4 0.274795 7 0.597896 8 0.014271 5 0.113038
v_heavyArms.tga.002
0  37.043922 -3.314170 -0.929045  0.686220 0.502878 -0.525562  0.113356 0.689697 2 17 0.849428 18 0.150572
0  37.132889 -3.450122 -0.915068  0.759359 0.383269 -0.525812  0.103088 0.692834 2 18 0.873894 17 0.126106
0  36.724724 -3.712371 -1.261699  0.118677 -0.101562 -0.987725  0.094258 0.658915 2 17 0.136603 18 0.863397
v_heavyArms.tga.002
0  36.724724 -3.712371 -1.261699  0.118677 -0.101562 -0.987725  0.094258 0.658915 2 17 0.136603 18 0.863397
0  37.378773 -4.635457 -1.068721  0.379183 -0.391758 -0.838299  0.038200 0.681100 1 18 1.000000
0  37.034172 -4.779355 -0.858221  -0.436964 -0.789123 -0.431680  0.029600 0.661300 1 18 1.000000
v_heavyArms.tga.002
0  41.046143 -1.704652 -1.319775  -0.113398 -0.410356 -0.904848  0.225200 0.919900 1 15 1.000000
0  41.454441 -1.670953 -1.331174  0.372705 -0.394945 -0.839708  0.226400 0.936200 1 15 1.000000
0  41.470081 -1.762557 -1.152522  0.414627 -0.863017 -0.288592  0.222300 0.937000 1 15 1.000000
v_heavyArms.tga.002
0  39.262669 1.801691 -0.272494  0.358121 -0.886623 0.292657  0.567340 0.851665 2 6 0.833974 5 0.166026
0  40.143372 2.046644 -0.638522  0.528446 -0.811862 0.248242  0.544900 0.917300 1 6 1.000000
0  40.208557 2.155649 -0.417432  0.742992 -0.345026 0.573516  0.538900 0.909200 1 6 1.000000
v_heavyArms.tga.002
0  31.885273 -2.053972 0.014120  0.332755 -0.943013 -0.000658  0.322500 0.148700 1 2 1.000000
0  30.609272 -2.363057 0.014006  0.152978 -0.987937 -0.024042  0.322700 0.211900 1 2 1.000000
0  30.615173 -1.823223 -1.072166  0.121837 -0.689930 -0.713550  0.268200 0.211400 1 2 1.000000
v_heavyArms.tga.002
0  38.366772 -0.651855 0.213878  0.140604 -0.788579 0.598643  0.715200 0.770500 2 10 0.930000 11 0.070000
0  38.409672 -0.687556 0.165579  0.055038 -0.989377 -0.134554  0.717100 0.771900 2 10 0.922179 11 0.077821
0  39.001225 -0.695595 0.032003  -0.055036 -0.976551 -0.208131  0.721816 0.808594 2 11 0.243643 10 0.756357
v_heavyArms.tga.002
0  33.991074 1.599745 0.160379  -0.198098 0.770567 0.605792  0.561800 0.535100 3 2 0.175553 3 0.822448 7 0.002000
0  33.987175 1.616745 0.137479  -0.230498 0.973001 -0.011841  0.560300 0.534800 3 2 0.177373 3 0.822097 7 0.000529
0  33.601559 1.545917 0.109647  -0.694563 0.716752 -0.062043  0.563755 0.513878 3 4 0.005631 3 0.365342 2 0.629027
v_heavyArms.tga.002
0  35.243271 -2.000155 0.328879  0.108931 -0.353336 0.929133  0.798100 0.600300 3 3 0.054702 17 0.017085 16 0.928214
0  35.240471 -2.012854 0.324379  0.008713 -0.601549 0.798788  0.805500 0.601300 3 3 0.039602 17 0.038657 16 0.921741
0  36.018875 -1.995755 -0.029421  0.487319 -0.644755 0.588907  0.818800 0.639900 3 3 0.066862 16 0.787262 17 0.145876
v_heavyArms.tga.002
0  33.985874 -1.761855 -0.283721  -0.847528 -0.471963 0.242790  0.797100 0.525200 3 2 0.100586 16 0.864990 3 0.034424
0  34.263172 -1.842955 0.150779  -0.573130 -0.399620 0.715420  0.789100 0.550200 3 2 0.049884 3 0.037046 16 0.913069
0  34.204273 -1.332854 0.381479  -0.373966 -0.615778 0.693518  0.755400 0.542600 3 2 0.079550 3 0.538456 16 0.381994
v_heavyArms.tga.002
0  38.417572 0.535445 0.030866  0.447279 -0.893530 0.039303  0.362600 0.806400 2 7 0.916967 8 0.083033
0  38.344872 0.464844 0.033684  0.993775 0.099065 0.050961  0.362900 0.803300 4 7 0.655154 10 0.263820 8 0.029029 11 0.051997
0  38.374973 0.461344 -0.433071  0.988327 -0.119925 -0.093954  0.360000 0.797000 4 7 0.431091 11 0.073238 10 0.430418 8 0.065253
v_heavyArms.tga.002
0  33.577324 -0.562956 -0.902121  0.360507 -0.323005 -0.875045  0.220175 0.025200 3 16 0.131536 3 0.098012 2 0.770453
0  32.725075 -0.562956 -0.902121  0.045234 -0.284837 -0.957508  0.218900 0.087000 3 2 0.945584 3 0.020671 16 0.033745
0  32.727673 0.531144 -0.976121  0.000000 0.157526 -0.987515  0.145800 0.088600 2 2 0.951995 3 0.048005
v_heavyArms.tga.002
0  39.037750 0.589216 -0.418632  0.109661 -0.974692 -0.194808  0.373686 0.836159 2 7 0.623162 8 0.376838
0  39.039043 0.580802 -0.100252  0.071892 -0.996965 -0.029871  0.361576 0.836115 2 8 0.278030 7 0.721970
0  38.417572 0.535445 0.030866  0.447279 -0.893530 0.039303  0.362600 0.806400 2 7 0.916967 8 0.083033
v_heavyArms.tga.002
0  35.194275 -2.368254 -1.377821  -0.087232 -0.009891 -0.996139  0.196200 0.595000 2 16 0.877276 17 0.122724
0  35.461472 -1.599255 -1.160421  0.165383 0.214663 -0.962584  0.237400 0.615900 3 3 0.025422 16 0.944716 17 0.029862
0  36.184074 -2.094655 -0.778721  0.932222 0.136350 -0.335218  0.204700 0.661800 3 3 0.038433 17 0.168303 16 0.793264
v_heavyArms.tga.002
0  38.156849 1.632387 0.496246  0.507968 -0.320276 0.799620  0.574000 0.764200 3 4 0.631477 5 0.064872 7 0.303651
0  38.084373 1.495844 0.383078  0.930114 0.236947 0.280613  0.591300 0.759300 3 4 0.279490 7 0.690409 5 0.030101
0  38.143673 1.510245 -0.001422  0.981484 -0.109379 0.157240  0.591100 0.773000 3 4 0.308495 7 0.575055 5 0.116451
v_heavyArms.tga.002
0  38.056473 1.400944 -0.435577  0.353691 0.864753 -0.356519  0.412800 0.791800 4 7 0.739335 4 0.141098 5 0.055823 8 0.063745
0  38.938038 1.483508 -0.459697  -0.093620 0.959239 -0.266640  0.416843 0.839206 3 8 0.321258 4 0.001502 7 0.677240
0  38.937222 1.362649 -0.694265  -0.070042 0.548196 -0.833412  0.409890 0.840368 2 8 0.355180 7 0.644820
v_heavyArms.tga.002
0  41.607685 -1.313056 -1.128923  0.873296 0.309423 -0.376314  0.240900 0.942600 1 15 1.000000
0  41.630383 -1.272757 -0.923622  0.931491 0.363747 0.003449  0.243200 0.950700 1 15 1.000000
0  41.596081 -1.713357 -0.975823  0.890063 -0.451596 -0.062046  0.222700 0.947600 1 15 1.000000
v_heavyArms.tga.002
0  41.325359 1.513689 -0.981080  0.269901 0.962694 -0.019354  0.573301 0.959550 1 9 1.000000
0  40.243298 1.568879 -0.523578  0.067368 0.995333 0.069097  0.571610 0.896732 2 8 0.147630 9 0.852370
0  40.249374 1.553950 -0.508522  0.283153 0.735823 0.615134  0.573103 0.896863 2 8 0.151141 9 0.848859
v_heavyArms.tga.002
0  32.727673 0.136545 1.149079  0.952263 0.001808 0.305273  0.478200 0.081200 2 2 0.967311 3 0.032689
0  32.630875 0.104638 1.448681  0.636859 0.008972 0.770928  0.477400 0.100200 1 2 1.000000
0  32.628372 -1.205236 1.136791  0.673861 -0.465235 0.573992  0.397300 0.106300 3 2 0.996752 3 0.001691 16 0.001557
v_heavyArms.tga.002
0  31.881073 1.368375 1.475558  0.299635 0.489432 0.818948  0.548300 0.142900 1 2 1.000000
0  30.601871 1.518017 1.675384  0.108358 0.547697 0.829630  0.552000 0.207400 1 2 1.000000
0  30.625973 0.048893 1.984763  0.156474 -0.027343 0.987303  0.481300 0.208200 1 2 1.000000
v_heavyArms.tga.002
0  39.000057 1.532955 -0.092362  -0.086777 0.989974 0.111452  0.581668 0.819473 2 8 0.265920 7 0.734080
0  38.962181 1.509591 -0.124219  -0.147535 0.872349 -0.466091  0.579922 0.818501 2 8 0.255488 7 0.744512
0  38.111572 1.415644 -0.038766  0.419166 0.269697 -0.866927  0.590000 0.780000 4 7 0.764452 4 0.142937 5 0.055813 8 0.036798
v_heavyArms.tga.002
0  36.081272 -2.224656 -0.132521  0.765025 -0.007313 0.643959  0.838800 0.640500 2 17 0.281611 16 0.718389
0  36.146374 -2.203355 -0.483121  0.969579 0.179884 0.166010  0.852000 0.656700 2 16 0.699636 17 0.300364
0  36.141373 -2.033955 -0.433321  0.981682 0.028497 0.188381  0.840900 0.655400 3 3 0.046946 17 0.210694 16 0.742359
v_heavyArms.tga.002
0  37.401440 -0.606169 -0.804202  0.108217 0.031564 -0.993626  0.309559 0.735179 4 3 0.157532 13 0.504643 10 0.335375 16 0.002450
0  37.446442 0.393184 -0.758575  0.001027 0.019895 -0.999802  0.359106 0.738323 3 10 0.718821 3 0.278863 13 0.002316
0  38.237175 0.464844 -0.826509  0.300052 0.032768 -0.953360  0.362800 0.781500 3 10 0.946698 8 0.014119 11 0.039183
v_heavyArms.tga.002
0  32.627472 -0.802021 -1.161138  0.618943 -0.305337 -0.723657  0.229200 0.104900 2 2 0.998384 16 0.001616
0  31.890774 -0.653944 -1.347795  0.195168 -0.250144 -0.948334  0.215500 0.146100 1 2 1.000000
0  31.894772 0.681112 -1.475026  0.256868 0.125566 -0.958255  0.143000 0.147100 1 2 1.000000
v_heavyArms.tga.002
0  38.363773 -0.539199 0.765983  0.325570 -0.521420 0.788749  0.699400 0.763800 2 10 0.991828 11 0.008172
0  38.159473 -0.701755 0.576278  0.868589 -0.226527 0.440724  0.718600 0.754800 2 10 0.488027 13 0.511973
0  38.262772 -0.728856 0.165278  0.970405 -0.027148 0.239953  0.722000 0.767900 4 10 0.491913 13 0.481307 11 0.011964 14 0.014815
v_heavyArms.tga.002
0  41.100842 -1.215352 -1.263475  -0.052881 0.655699 -0.753168  0.245800 0.923000 1 15 1.000000
0  41.485043 -1.314551 -1.284575  0.423684 0.416078 -0.804594  0.240400 0.938200 1 15 1.000000
0  41.454441 -1.670953 -1.331174  0.372705 -0.394945 -0.839708  0.226400 0.936200 1 15 1.000000
v_heavyArms.tga.002
0  41.521935 -0.502712 -0.341044  0.505167 -0.574804 0.643744  0.715321 0.956443 1 12 1.000000
0  41.781273 -0.406656 -0.665757  0.876949 -0.305020 0.371380  0.712500 0.976600 1 12 1.000000
0  41.774773 0.152845 -0.656358  0.850810 0.422061 0.313029  0.685400 0.978100 1 12 1.000000
v_heavyArms.tga.002
0  34.363174 -1.405755 -0.865221  -0.318818 0.298415 -0.899613  0.259300 0.552200 1 16 1.000000
0  34.356575 -1.462155 -0.881621  -0.341666 0.165556 -0.925124  0.255200 0.553300 1 16 1.000000
0  33.985672 -1.702355 -0.748020  -0.691217 -0.374289 -0.618164  0.245900 0.529600 3 2 0.067491 3 0.015295 16 0.917215
v_heavyArms.tga.002
0  22.191187 1.635959 1.739446  0.061789 0.561634 0.825075  0.579333 0.259736 2 1 0.016402 2 0.983598
0  22.177919 2.578195 0.733484  0.069584 0.857684 0.509446  0.635951 0.260371 2 1 0.022308 2 0.977692
0  20.177172 2.783024 0.789939  0.048423 0.862541 0.503665  0.635951 0.326994 2 1 0.498455 2 0.501545
v_heavyArms.tga.002
0  22.215584 0.019593 2.361136  0.074477 0.060962 0.995358  0.507034 0.258568 2 2 0.974243 1 0.025757
0  22.191187 1.635959 1.739446  0.061789 0.561634 0.825075  0.579333 0.259736 2 1 0.016402 2 0.983598
0  20.191307 1.743562 1.909928  0.050127 0.561363 0.826050  0.579333 0.326359 2 1 0.478868 2 0.521132
v_heavyArms.tga.002
0  22.208416 -0.924976 -1.826494  0.005685 -0.262161 -0.965007  0.225169 0.258910 2 2 0.970610 1 0.029390
0  22.204670 -2.125754 -1.276475  0.001750 -0.703098 -0.711091  0.280220 0.259090 2 2 0.934281 1 0.065719
0  20.204273 -2.049462 -1.247377  0.055655 -0.698254 -0.713683  0.280220 0.325713 2 1 0.658299 2 0.341701
v_heavyArms.tga.002
0  22.180700 2.352285 -1.453089  0.088658 0.681647 -0.726290  0.083685 0.260238 2 1 0.024844 2 0.975156
0  22.215584 0.809997 -1.998419  0.062026 0.102325 -0.992815  0.152033 0.258567 2 2 0.985507 1 0.014493
0  20.217302 0.832505 -2.252391  0.069694 0.058096 -0.995875  0.152033 0.325191 2 1 0.481791 2 0.518209
v_heavyArms.tga.002
0  22.177919 2.578195 0.733484  0.069584 0.857684 0.509446  0.635951 0.260371 2 1 0.022308 2 0.977692
0  22.182842 2.886943 -0.209212  0.080805 0.995832 -0.042306  0.676103 0.260135 2 1 0.027324 2 0.972676
0  20.182419 3.123946 -0.259924  0.052070 0.997508 -0.047602  0.676103 0.326758 2 1 0.501604 2 0.498396
v_heavyArms.tga.002
0  22.204670 -2.125754 -1.276475  0.001750 -0.703098 -0.711091  0.280220 0.259090 2 2 0.934281 1 0.065719
0  22.198679 -2.744214 0.015807  -0.000487 -0.999311 -0.037115  0.338416 0.259377 2 2 0.919967 1 0.080033
0  20.198673 -2.648030 0.015297  0.061042 -0.997361 -0.039315  0.338416 0.326000 2 1 0.740837 2 0.259163
v_heavyArms.tga.002
0  22.215584 0.809997 -1.998419  0.062026 0.102325 -0.992815  0.152033 0.258567 2 2 0.985507 1 0.014493
0  22.208416 -0.924976 -1.826494  0.005685 -0.262161 -0.965007  0.225169 0.258910 2 2 0.970610 1 0.029390
0  20.207773 -0.887258 -1.784646  0.069759 -0.323499 -0.943654  0.225169 0.325534 2 1 0.353414 2 0.646586
v_heavyArms.tga.002
0  22.198679 -2.744214 0.015807  -0.000487 -0.999311 -0.037115  0.338818 0.259377 2 2 0.919967 1 0.080033
0  22.210449 -2.029852 1.851521  0.025144 -0.676590 0.735931  0.418618 0.258813 2 2 0.927651 1 0.072349
0  20.209675 -1.956692 1.808823  0.042150 -0.699097 0.713783  0.418618 0.325437 2 1 0.694201 2 0.305799
v_heavyArms.tga.002
0  22.182842 2.886943 -0.209212  0.080805 0.995832 -0.042306  0.028772 0.260135 2 1 0.027324 2 0.972676
0  22.180700 2.352285 -1.453089  0.088658 0.681647 -0.726290  0.083685 0.260238 2 1 0.024844 2 0.975156
0  20.180136 2.533726 -1.644761  0.052335 0.683985 -0.727616  0.083686 0.326861 2 1 0.499738 2 0.500262
v_heavyArms.tga.002
0  22.210449 -2.029852 1.851521  0.025144 -0.676590 0.735931  0.418618 0.258813 2 2 0.927651 1 0.072349
0  22.215584 0.019593 2.361136  0.074477 0.060962 0.995358  0.507034 0.258568 2 2 0.974243 1 0.025757
0  20.217302 -0.039427 2.602408  0.036637 0.003248 0.999323  0.507035 0.325191 2 1 0.319669 2 0.680331
v_heavyArms.tga.002
0  20.177172 2.783024 0.789939  0.048423 0.862541 0.503665  0.635951 0.326994 2 1 0.498455 2 0.501545
0  20.182419 3.123946 -0.259924  0.052070 0.997508 -0.047602  0.676103 0.326758 2 1 0.501604 2 0.498396
0  18.182695 3.096077 -0.229257  0.022978 0.998860 -0.041847  0.676103 0.460472 2 1 0.952188 2 0.047812
v_heavyArms.tga.002
0  20.217302 0.832505 -2.252391  0.069694 0.058096 -0.995875  0.152033 0.325191 2 1 0.481791 2 0.518209
0  20.207773 -0.887258 -1.784646  0.069759 -0.323499 -0.943654  0.225169 0.325534 2 1 0.353414 2 0.646586
0  18.208508 -1.017485 -2.005266  0.068162 -0.283354 -0.956590  0.225169 0.459248 2 1 0.941417 2 0.058583
v_heavyArms.tga.002
0  20.198673 -2.648030 0.015297  0.061042 -0.997361 -0.039315  0.338818 0.326001 2 1 0.740837 2 0.259163
0  20.209675 -1.956692 1.808823  0.042150 -0.699097 0.713783  0.418618 0.325437 2 1 0.694201 2 0.305799
0  18.210560 -2.209511 2.033319  0.115918 -0.661351 0.741065  0.418618 0.459151 2 1 0.950604 2 0.049396
v_heavyArms.tga.002
0  20.191307 1.743562 1.909928  0.050127 0.561363 0.826050  0.579333 0.326359 2 1 0.478868 2 0.521132
0  20.177172 2.783024 0.789939  0.048423 0.862541 0.503665  0.635951 0.326994 2 1 0.498455 2 0.501545
0  18.177725 2.762540 0.806274  0.025388 0.862707 0.505067  0.635951 0.460708 2 1 0.954998 2 0.045002
v_heavyArms.tga.002
0  20.180136 2.533726 -1.644761  0.052335 0.683985 -0.727616  0.083686 0.326861 2 1 0.499738 2 0.500262
0  20.217302 0.832505 -2.252391  0.069694 0.058096 -0.995875  0.152033 0.325191 2 1 0.481791 2 0.518209
0  18.215744 0.854610 -2.194439  0.011557 0.122530 -0.992398  0.152034 0.458905 2 1 0.956867 2 0.043133
v_heavyArms.tga.002
0  20.217302 -0.039427 2.602408  0.036637 0.003248 0.999323  0.507035 0.325191 2 1 0.319669 2 0.680331
0  20.191307 1.743562 1.909928  0.050127 0.561363 0.826050  0.579333 0.326359 2 1 0.478868 2 0.521132
0  18.191116 1.745625 1.910613  0.027616 0.564569 0.824924  0.579333 0.460073 2 1 0.953666 2 0.046334
v_heavyArms.tga.002
0  20.209675 -1.956692 1.808823  0.042150 -0.699097 0.713783  0.418618 0.325437 2 1 0.694201 2 0.305799
0  20.217302 -0.039427 2.602408  0.036637 0.003248 0.999323  0.507035 0.325191 2 1 0.319669 2 0.680331
0  18.215744 0.001748 2.593523  0.046827 0.048230 0.997738  0.507035 0.458905 2 1 0.937181 2 0.062819
v_heavyArms.tga.002
0  20.182419 3.123946 -0.259924  0.052070 0.997508 -0.047602  0.028772 0.326758 2 1 0.501604 2 0.498396
0  20.180136 2.533726 -1.644761  0.052335 0.683985 -0.727616  0.083686 0.326861 2 1 0.499738 2 0.500262
0  18.180532 2.518578 -1.594910  0.018334 0.687831 -0.725639  0.083686 0.460575 2 1 0.954137 2 0.045863
v_heavyArms.tga.002
0  20.207773 -0.887258 -1.784646  0.069759 -0.323499 -0.943654  0.225169 0.325534 2 1 0.353414 2 0.646586
0  20.204273 -2.049462 -1.247377  0.055655 -0.698254 -0.713683  0.280220 0.325713 2 1 0.658299 2 0.341701
0  18.204727 -2.313446 -1.401533  0.102501 -0.703952 -0.702812  0.280220 0.459427 2 1 0.949862 2 0.050138
v_heavyArms.tga.002
0  20.204273 -2.049462 -1.247377  0.055655 -0.698254 -0.713683  0.280220 0.325713 2 1 0.658299 2 0.341701
0  20.198673 -2.648030 0.015297  0.061042 -0.997361 -0.039315  0.338416 0.326000 2 1 0.740837 2 0.259163
0  18.198679 -2.980749 0.017995  0.114660 -0.992718 -0.036942  0.338416 0.459714 2 1 0.957746 2 0.042254
v_heavyArms.tga.002
0  18.177725 2.762540 0.806274  0.025388 0.862707 0.505067  0.598292 0.204066 2 1 0.954998 2 0.045002
0  18.182695 3.096077 -0.229257  0.022978 0.998860 -0.041847  0.635018 0.203850 2 1 0.952188 2 0.047812
0  10.681357 3.539271 -0.268067  0.059471 0.997280 -0.043552  0.635018 0.436485 1 1 1.000000
v_heavyArms.tga.002
0  18.204727 -2.313446 -1.401533  0.102501 -0.703952 -0.702812  0.273184 0.202894 2 1 0.949862 2 0.050138
0  18.198679 -2.980749 0.017995  0.114660 -0.992718 -0.036942  0.326414 0.203157 2 1 0.957746 2 0.042254
0  10.698685 -3.482418 0.022238  0.067267 -0.997072 -0.036382  0.326414 0.435792 1 1 1.000000
v_heavyArms.tga.002
0  18.208508 -1.017485 -2.005266  0.068162 -0.283354 -0.956590  0.222829 0.202730 2 1 0.941417 2 0.058583
0  18.204727 -2.313446 -1.401533  0.102501 -0.703952 -0.702812  0.273184 0.202894 2 1 0.949862 2 0.050138
0  10.705242 -2.711311 -1.644343  0.060930 -0.711323 -0.700220  0.273184 0.435529 1 1 1.000000
v_heavyArms.tga.002
0  18.182695 3.096077 -0.229257  0.022978 0.998860 -0.041847  0.043190 0.203850 2 1 0.952188 2 0.047812
0  18.180532 2.518578 -1.594910  0.018334 0.687831 -0.725639  0.093418 0.203944 2 1 0.954137 2 0.045863
0  10.679012 2.871973 -1.871374  0.058596 0.693669 -0.717907  0.093418 0.436579 1 1 1.000000
v_heavyArms.tga.002
0  18.210560 -2.209511 2.033319  0.115918 -0.661351 0.741065  0.399502 0.202641 2 1 0.950604 2 0.049396
0  18.215744 0.001748 2.593523  0.046827 0.048230 0.997738  0.480375 0.202416 2 1 0.937181 2 0.062819
0  10.717185 -0.036188 3.045423  0.059249 0.063212 0.996240  0.480375 0.435051 1 1 1.000000
v_heavyArms.tga.002
0  18.215744 0.001748 2.593523  0.046827 0.048230 0.997738  0.480375 0.202416 2 1 0.937181 2 0.062819
0  18.191116 1.745625 1.910613  0.027616 0.564569 0.824924  0.546504 0.203485 2 1 0.953666 2 0.046334
0  10.690487 1.978794 2.244014  0.054723 0.570526 0.819454  0.546504 0.436120 1 1 1.000000
v_heavyArms.tga.002
0  18.180532 2.518578 -1.594910  0.018334 0.687831 -0.725639  0.093418 0.203944 2 1 0.954137 2 0.045863
0  18.215744 0.854610 -2.194439  0.011557 0.122530 -0.992398  0.155934 0.202416 2 1 0.956867 2 0.043133
0  10.717185 0.949232 -2.574757  0.051335 0.125737 -0.990735  0.155934 0.435051 1 1 1.000000
v_heavyArms.tga.002
0  18.191116 1.745625 1.910613  0.027616 0.564569 0.824924  0.546504 0.203485 2 1 0.953666 2 0.046334
0  18.177725 2.762540 0.806274  0.025388 0.862707 0.505067  0.598292 0.204066 2 1 0.954998 2 0.045002
0  10.675968 3.153872 0.947732  0.055241 0.866256 0.496537  0.598292 0.436701 1 1 1.000000
v_heavyArms.tga.002
0  18.198679 -2.980749 0.017995  0.114660 -0.992718 -0.036942  0.326511 0.203157 2 1 0.957746 2 0.042254
0  18.210560 -2.209511 2.033319  0.115918 -0.661351 0.741065  0.399502 0.202641 2 1 0.950604 2 0.049396
0  10.711567 -2.591217 2.388268  0.068379 -0.668211 0.740823  0.399502 0.435276 1 1 1.000000
v_heavyArms.tga.002
0  18.215744 0.854610 -2.194439  0.011557 0.122530 -0.992398  0.155934 0.202416 2 1 0.956867 2 0.043133
0  18.208508 -1.017485 -2.005266  0.068162 -0.283354 -0.956590  0.222829 0.202730 2 1 0.941417 2 0.058583
0  10.709340 -1.213850 -2.352807  0.051791 -0.270040 -0.961455  0.222830 0.435365 1 1 1.000000
v_heavyArms.tga.002
0  39.035992 0.275832 0.575146  0.236648 0.612784 0.753985  0.671840 0.804081 2 11 0.150812 10 0.849188
0  38.358273 0.306201 0.755783  0.365487 0.519855 0.772120  0.666300 0.768800 3 10 0.994226 11 0.003668 13 0.002106
0  38.363773 -0.539199 0.765983  0.325570 -0.521420 0.788749  0.699400 0.763800 2 10 0.991828 11 0.008172
v_heavyArms.tga.002
0  38.366772 -0.651855 0.213878  0.302303 -0.934290 0.188984  0.715200 0.770500 2 10 0.930000 11 0.070000
0  38.982609 -0.663918 0.078860  0.032315 -0.982436 0.183782  0.720226 0.807300 2 11 0.222088 10 0.777912
0  39.009933 -0.567958 0.586966  0.193946 -0.636163 0.746781  0.705034 0.799811 2 11 0.166488 10 0.833512
v_heavyArms.tga.002
0  40.135361 -0.657008 -0.327382  -0.060737 -0.953811 -0.294203  0.728029 0.880983 3 10 0.006007 12 0.156621 11 0.837372
0  39.105190 -0.694429 0.003594  -0.031215 -0.979445 -0.199281  0.722510 0.815140 2 11 0.771081 10 0.228919
0  39.087708 -0.664475 -0.007271  -0.246840 -0.454795 -0.855705  0.724504 0.814917 2 11 0.771444 10 0.228556
v_heavyArms.tga.002
0  38.358273 0.306201 0.755783  0.365487 0.519855 0.772120  0.666300 0.768800 3 10 0.994226 11 0.003668 13 0.002106
0  39.035992 0.275832 0.575146  0.236648 0.612784 0.753985  0.671840 0.804081 2 11 0.150812 10 0.849188
0  39.013348 0.402003 0.053227  0.043673 0.975911 0.213753  0.657119 0.813666 3 7 0.053947 10 0.737392 11 0.208661
v_heavyArms.tga.002
0  41.142681 -1.914956 -0.849123  0.108671 -0.993183 -0.042162  0.819500 0.933000 1 15 1.000000
0  40.188770 -1.939117 -0.568365  0.009147 -0.998651 -0.051117  0.817518 0.870709 2 15 0.866805 14 0.133195
0  40.176838 -1.891931 -0.602256  -0.200600 -0.604816 -0.770686  0.820704 0.870529 2 15 0.863574 14 0.136426
v_heavyArms.tga.002
0  40.304771 -1.099753 0.097509  0.351045 0.535637 0.768024  0.759863 0.872477 2 14 0.212251 15 0.787749
0  40.272987 -1.833800 -0.034964  0.244862 -0.712240 0.657842  0.794715 0.867226 2 15 0.832833 14 0.167167
0  41.273422 -1.807784 -0.395590  0.376601 -0.684602 0.624093  0.801400 0.929200 1 15 1.000000
v_heavyArms.tga.002
0  38.120110 -1.630611 -0.819216  0.007369 -0.375458 -0.926810  0.230700 0.777400 3 13 0.813121 14 0.087401 10 0.099479
0  38.223911 -0.918310 -0.740885  0.207948 0.496775 -0.842598  0.260500 0.782300 3 14 0.115091 13 0.634516 10 0.250393
0  38.956806 -1.008226 -0.764302  0.051883 0.648893 -0.759108  0.257725 0.825760 3 10 0.072447 14 0.379926 13 0.547627
v_heavyArms.tga.002
0  41.123882 -1.064057 -0.720323  0.250544 0.941800 0.224142  0.757700 0.942800 1 15 1.000000
0  40.246353 -0.963706 -0.387522  0.177946 0.965437 0.190439  0.742564 0.886260 2 15 0.797511 14 0.202489
0  40.240814 -0.991393 -0.367983  0.340434 0.495962 0.798828  0.744801 0.884599 2 15 0.787502 14 0.212498
v_heavyArms.tga.002
0  40.241863 -0.993710 -0.432236  -0.105743 0.829894 -0.547808  0.685232 0.890239 2 14 0.187269 15 0.812731
0  40.246353 -0.963706 -0.387522  0.177946 0.965437 0.190439  0.742564 0.886260 2 15 0.797511 14 0.202489
0  41.123882 -1.064057 -0.720323  0.250544 0.941800 0.224142  0.757700 0.942800 1 15 1.000000
v_heavyArms.tga.002
0  40.192627 -1.915081 -0.545758  0.068883 -0.986474 0.148745  0.815812 0.870630 2 14 0.131177 15 0.868823
0  41.148281 -1.890757 -0.826823  0.167857 -0.975952 0.139072  0.818000 0.932900 1 15 1.000000
0  41.273422 -1.807784 -0.395590  0.376601 -0.684602 0.624093  0.801400 0.929200 1 15 1.000000
v_heavyArms.tga.002
0  38.331272 -0.826956 0.113378  0.587146 0.299155 0.752174  0.726600 0.773000 3 13 0.700193 14 0.055963 10 0.243844
0  39.021843 -0.888445 -0.046610  0.220371 0.713046 0.665584  0.731679 0.821781 3 10 0.049090 14 0.294020 13 0.656890
0  39.033913 -0.862130 -0.078796  0.127175 0.987056 0.097713  0.728112 0.824647 3 14 0.313462 13 0.635612 10 0.050927
v_heavyArms.tga.002
0  38.331272 -0.826956 0.113378  0.466278 0.862682 0.195870  0.726600 0.773000 3 13 0.700193 14 0.055963 10 0.243844
0  38.327896 -0.950441 0.741011  0.428616 0.322493 0.843971  0.743800 0.761000 2 13 0.829052 10 0.170948
0  39.034595 -1.000762 0.487986  0.311267 0.532508 0.787114  0.748141 0.807646 2 14 0.160102 13 0.839898
v_heavyArms.tga.002
0  38.868576 -1.845278 -0.623639  -0.052411 -0.909766 -0.411799  0.218090 0.821569 2 14 0.349757 13 0.650243
0  38.881447 -1.897718 -0.373739  -0.027238 -0.978871 -0.202655  0.205282 0.824264 2 14 0.319260 13 0.680740
0  38.090374 -1.878354 -0.367822  0.042401 -0.969593 -0.241021  0.205700 0.784400 3 13 0.923737 14 0.074943 10 0.001320
v_heavyArms.tga.002
0  40.230656 -1.053229 -0.687484  0.043720 0.973715 -0.223533  0.260268 0.878469 2 14 0.157124 15 0.842876
0  41.121834 -1.164714 -0.998962  0.048532 0.974839 -0.217564  0.253164 0.924004 1 15 1.000000
0  41.100842 -1.215352 -1.263475  -0.052881 0.655699 -0.753168  0.245800 0.923000 1 15 1.000000
v_heavyArms.tga.002
0  38.089672 -1.919457 -0.331522  0.022747 -0.999693 -0.009847  0.821400 0.753700 2 13 0.928241 14 0.071759
0  38.889061 -1.951066 -0.338591  -0.034644 -0.996636 -0.074277  0.817285 0.803389 2 13 0.687656 14 0.312344
0  38.890556 -1.926867 -0.315528  0.001880 -0.689973 0.723833  0.815332 0.803275 2 14 0.298759 13 0.701241
v_heavyArms.tga.002
0  41.122986 -1.093556 -0.708823  0.245053 0.954288 0.171123  0.758900 0.942000 1 15 1.000000
0  40.240814 -0.991393 -0.367983  0.181027 0.963069 0.199317  0.744801 0.884599 2 15 0.787502 14 0.212498
0  40.304771 -1.099753 0.097509  0.351045 0.535637 0.768024  0.759863 0.872477 2 14 0.212251 15 0.787749
v_heavyArms.tga.002
0  33.601765 1.544796 0.108329  0.029088 0.924619 -0.379780  0.616775 0.007027 3 4 0.003124 3 0.355266 2 0.641610
0  33.585484 1.550305 0.069031  0.997527 0.067262 -0.020371  0.619216 0.007899 2 3 0.306533 2 0.693467
0  33.599884 1.545579 0.115868  -0.176820 0.981223 0.077046  0.616036 0.007434 3 4 0.006219 3 0.372334 2 0.621447
v_heavyArms.tga.002
0  33.585484 1.550305 0.069031  0.997527 0.067262 -0.020371  0.619216 0.007899 2 3 0.306533 2 0.693467
0  33.587791 1.537856 0.139395  0.583426 0.797100 0.155709  0.614078 0.007405 2 3 0.298615 2 0.701385
0  33.599884 1.545579 0.115868  -0.176820 0.981223 0.077046  0.616036 0.007434 3 4 0.006219 3 0.372334 2 0.621447
v_heavyArms.tga.002
0  33.599884 1.545579 0.115868  -0.176820 0.981223 0.077046  0.616036 0.007434 3 4 0.006219 3 0.372334 2 0.621447
0  33.601582 1.545213 0.110553  -0.440725 0.896835 0.038062  0.616501 0.007252 3 4 0.004026 3 0.361236 2 0.634738
0  33.601765 1.544796 0.108329  0.029088 0.924619 -0.379780  0.616775 0.007027 3 4 0.003124 3 0.355266 2 0.641610
v_heavyArms.tga.002
0  33.576176 -1.162656 -0.477921  0.423301 -0.722423 -0.546737  0.277541 0.022127 3 16 0.214564 3 0.130801 2 0.654635
0  33.577324 -0.562956 -0.902121  0.360507 -0.323005 -0.875045  0.220175 0.025200 3 16 0.131536 3 0.098012 2 0.770453
0  33.593872 -0.552972 -0.888317  0.894579 -0.129389 -0.427770  0.219699 0.022873 3 16 0.184112 3 0.131839 2 0.684049
v_heavyArms.tga.002
0  33.574291 -1.384035 0.166579  0.387025 -0.917762 0.089018  0.331430 0.021510 3 16 0.214419 3 0.096155 2 0.689425
0  33.576176 -1.162656 -0.477921  0.423301 -0.722423 -0.546737  0.277541 0.022127 3 16 0.214564 3 0.130801 2 0.654635
0  33.594429 -1.144322 -0.467677  0.895231 -0.352622 -0.272433  0.277233 0.019391 3 16 0.301148 3 0.186205 2 0.512648
v_heavyArms.tga.002
0  33.577324 -0.562956 -0.902121  0.360507 -0.323005 -0.875045  0.220175 0.025200 3 16 0.131536 3 0.098012 2 0.770453
0  33.579746 0.531144 -0.976121  0.348501 0.145294 -0.925979  0.144034 0.030330 3 3 0.138669 2 0.840609 16 0.020722
0  33.596249 0.528259 -0.961129  0.896159 0.069542 -0.438251  0.144011 0.028159 3 3 0.189708 2 0.774017 16 0.036275
v_heavyArms.tga.002
0  33.579746 0.531144 -0.976121  0.348501 0.145294 -0.925979  0.144034 0.030330 3 3 0.138669 2 0.840609 16 0.020722
0  33.568157 1.301642 -0.679018  0.358367 0.526105 -0.771224  0.090292 0.033394 2 3 0.186369 2 0.813631
0  33.584789 1.289755 -0.667545  0.898352 0.242747 -0.366111  0.090513 0.031246 2 3 0.237811 2 0.762189
v_heavyArms.tga.002
0  33.568157 1.301642 -0.679018  0.358367 0.526105 -0.771224  0.090292 0.033394 2 3 0.186369 2 0.813631
0  33.568878 1.740008 -0.204253  0.403290 0.883253 -0.239211  0.048087 0.033802 2 3 0.222329 2 0.777671
0  33.585484 1.719707 -0.201083  0.906941 0.401801 -0.126545  0.048809 0.031554 2 3 0.260771 2 0.739229
v_heavyArms.tga.002
0  33.567268 1.630446 0.368979  0.392506 0.820818 0.414967  0.601242 0.018950 2 3 0.208760 2 0.791240
0  33.571686 1.046746 0.968879  0.353830 0.462694 0.812846  0.543627 0.019562 2 3 0.152657 2 0.847343
0  33.588280 1.033091 0.958285  0.886630 0.197588 0.418146  0.543069 0.017339 2 3 0.194090 2 0.805910
v_heavyArms.tga.002
0  33.579800 0.136545 1.149079  0.383751 -0.053443 0.921889  0.477219 0.018610 2 2 0.890124 3 0.109876
0  33.578018 -0.914355 0.866979  0.345598 -0.503127 0.792102  0.396778 0.019524 3 16 0.083639 3 0.115635 2 0.800727
0  33.594669 -0.923644 0.844399  0.796502 -0.445885 0.408376  0.395026 0.016895 3 2 0.728297 3 0.156938 16 0.114764
v_heavyArms.tga.002
0  33.571686 1.046746 0.968879  0.353830 0.462694 0.812846  0.543627 0.019562 2 3 0.152657 2 0.847343
0  33.579800 0.136545 1.149079  0.383751 -0.053443 0.921889  0.477219 0.018610 2 2 0.890124 3 0.109876
0  33.595840 0.150560 1.132874  0.898278 0.028936 0.438473  0.478693 0.016359 2 2 0.851924 3 0.148076
v_heavyArms.tga.002
0  33.568878 1.740008 -0.204253  0.403290 0.883253 -0.239211  0.641621 0.017068 2 3 0.222329 2 0.777671
0  33.567268 1.630446 0.368979  0.392506 0.820818 0.414967  0.601242 0.018950 2 3 0.208760 2 0.791240
0  33.583923 1.610588 0.365017  0.913039 0.352567 0.205077  0.600550 0.016560 2 3 0.265783 2 0.734217
v_heavyArms.tga.002
0  33.585484 1.550305 0.069031  0.997527 0.067262 -0.020371  0.619565 0.006890 2 3 0.306533 2 0.693467
0  33.585484 1.719707 -0.201083  0.906941 0.401801 -0.126545  0.641054 0.014577 2 3 0.260771 2 0.739229
0  33.585281 1.702816 -0.121679  0.943840 0.324082 0.064317  0.634834 0.014946 2 3 0.272126 2 0.727874
v_heavyArms.tga.002
0  33.578018 -0.914355 0.866979  0.345598 -0.503127 0.792102  0.396778 0.019524 3 16 0.083639 3 0.115635 2 0.800727
0  33.574291 -1.384035 0.166579  0.387025 -0.917762 0.089018  0.331430 0.021510 3 16 0.214419 3 0.096155 2 0.689425
0  33.591797 -1.366511 0.180816  0.808771 -0.552605 0.201289  0.332866 0.019773 3 16 0.305649 3 0.120738 2 0.573613
v_heavyArms.tga.002
0  34.167072 1.648545 0.404679  -0.220496 0.883115 0.414114  0.572600 0.547500 3 2 0.183854 3 0.809432 7 0.006714
0  33.991074 1.599745 0.160379  -0.161695 0.984152 -0.072791  0.561800 0.535100 3 2 0.175553 3 0.822448 7 0.002000
0  33.601582 1.545213 0.110553  -0.440725 0.896835 0.038062  0.563816 0.513883 3 4 0.004026 3 0.361236 2 0.634738
v_heavyArms.tga.002
0  41.121834 -1.164714 -0.998962  0.048532 0.974839 -0.217564  0.253164 0.924004 1 15 1.000000
0  40.230656 -1.053229 -0.687484  0.043720 0.973715 -0.223533  0.260268 0.878469 2 14 0.157124 15 0.842876
0  40.241863 -0.993710 -0.432236  0.034641 0.972693 -0.229495  0.271671 0.881730 2 14 0.187269 15 0.812731
v_heavyArms.tga.002
0  40.126347 -1.696635 -1.060712  -0.238237 -0.389379 -0.889734  0.226124 0.872543 2 14 0.153211 15 0.846789
0  41.046143 -1.704652 -1.319775  -0.113398 -0.410356 -0.904848  0.225200 0.919900 1 15 1.000000
0  41.065685 -1.825856 -1.145823  0.008513 -0.915600 -0.402001  0.219700 0.919800 1 15 1.000000
v_heavyArms.tga.002
0  40.192627 -1.915081 -0.545758  0.208196 -0.687647 0.695554  0.815812 0.870630 2 14 0.131177 15 0.868823
0  40.188770 -1.939117 -0.568365  0.009147 -0.998651 -0.051117  0.817518 0.870709 2 15 0.866805 14 0.133195
0  41.142681 -1.914956 -0.849123  0.108671 -0.993183 -0.042162  0.819500 0.933000 1 15 1.000000
v_heavyArms.tga.002
0  41.127186 -1.874156 -0.882623  0.056015 -0.981093 -0.185254  0.208500 0.921900 1 15 1.000000
0  40.176838 -1.891931 -0.602256  -0.035687 -0.981554 -0.187826  0.206633 0.874673 2 15 0.863574 14 0.136426
0  40.138916 -1.841597 -0.858096  -0.096857 -0.917854 -0.384919  0.218484 0.872616 2 15 0.849108 14 0.150892
v_heavyArms.tga.002
0  38.327896 -0.950441 0.741011  0.428616 0.322493 0.843971  0.743800 0.761000 2 13 0.829052 10 0.170948
0  38.138298 -1.817440 0.541511  0.141579 -0.745353 0.651463  0.782600 0.751500 1 13 1.000000
0  38.959286 -1.849849 0.316817  0.154335 -0.750356 0.642764  0.787748 0.801582 2 14 0.106578 13 0.893422
v_heavyArms.tga.002
0  38.183674 1.569945 -0.074427  0.453571 -0.889888 -0.048712  0.428000 0.789600 3 4 0.430936 5 0.191191 7 0.377873
0  38.070972 1.541344 -0.375574  0.588969 -0.761731 -0.269964  0.438500 0.783900 3 4 0.390737 5 0.169915 7 0.439348
0  38.381840 1.599738 -0.372308  0.181485 -0.978898 -0.093926  0.438889 0.802096 2 5 0.487833 4 0.512167
v_heavyArms.tga.002
0  38.018948 2.389486 0.368345  0.126731 0.753046 0.645647  0.538900 0.754100 2 4 0.988594 5 0.011406
0  38.156849 1.632387 0.496246  0.507968 -0.320276 0.799620  0.574000 0.764200 3 4 0.631477 5 0.064872 7 0.303651
0  38.455059 1.712947 0.383856  0.407516 -0.508118 0.758780  0.567514 0.784087 2 5 0.255580 4 0.744420
v_heavyArms.tga.002
0  37.941750 2.266984 -0.745373  -0.023656 0.525150 -0.850681  0.475100 0.773200 2 4 0.831169 5 0.168831
0  38.267361 2.307876 -0.715348  -0.014086 0.500413 -0.865672  0.479002 0.791238 3 4 0.556842 5 0.421970 6 0.021188
0  38.329132 1.646365 -0.621303  0.100183 -0.686274 -0.720411  0.446391 0.798501 3 5 0.459292 4 0.525248 6 0.015460
v_heavyArms.tga.002
0  39.207939 2.536179 -0.418139  -0.175451 0.875693 -0.449865  0.508729 0.836793 2 6 0.904534 5 0.095466
0  39.199322 2.551016 -0.385862  -0.000661 0.999078 0.042937  0.510858 0.835641 2 6 0.900982 5 0.099018
0  40.077576 2.553644 -0.720223  0.204042 0.978858 0.014253  0.510800 0.902400 1 6 1.000000
v_heavyArms.tga.002
0  40.052990 2.094694 -0.935711  0.248185 -0.580273 -0.775685  0.473400 0.906500 1 6 1.000000
0  39.208397 1.811859 -0.698902  0.051132 -0.729211 -0.682376  0.455587 0.856870 2 6 0.877751 5 0.122249
0  39.158226 2.379935 -0.791925  -0.224345 0.382005 -0.896517  0.484990 0.849388 2 5 0.104529 6 0.895471
v_heavyArms.tga.002
0  40.126457 -0.593182 -0.526736  -0.042898 -0.929453 -0.366438  0.291637 0.898768 2 11 0.781707 12 0.218293
0  40.130638 -0.627155 -0.338236  -0.020882 -0.983662 -0.178807  0.284651 0.900617 3 10 0.006284 11 0.829868 12 0.163848
0  39.087708 -0.664475 -0.007271  0.016714 -0.998102 -0.059271  0.288102 0.840967 2 11 0.771444 10 0.228556
v_heavyArms.tga.002
0  40.145382 -0.983571 -0.401496  -0.074545 0.835431 -0.544517  0.677312 0.884981 2 15 0.171007 14 0.828993
0  39.122845 -0.893221 -0.139823  -0.044058 0.873974 -0.483971  0.591495 0.837144 2 13 0.134583 14 0.865417
0  39.132919 -0.871751 -0.101970  0.113286 0.987020 0.113835  0.728947 0.830754 2 14 0.868621 13 0.131379
v_heavyArms.tga.002
0  40.226898 -0.625477 -0.310636  0.190531 -0.836239 0.514200  0.725913 0.887695 2 12 0.824814 11 0.175186
0  40.234417 -0.653614 -0.359121  -0.064622 -0.952142 -0.298747  0.728426 0.887144 2 11 0.163043 12 0.836957
0  41.471874 -0.613756 -0.754523  0.098331 -0.947994 -0.302719  0.731715 0.961977 1 12 1.000000
v_heavyArms.tga.002
0  40.198673 0.672326 -0.439576  0.163330 -0.967780 0.191638  0.634069 0.902601 2 9 0.108877 8 0.891123
0  40.199776 0.697490 -0.421631  0.319460 -0.552607 0.769786  0.632256 0.901709 2 8 0.904079 9 0.095921
0  39.148743 0.588037 -0.071672  0.258918 -0.750765 0.607711  0.641353 0.833240 2 7 0.171020 8 0.828980
v_heavyArms.tga.002
0  40.077576 2.553644 -0.720223  0.204042 0.978858 0.014253  0.510800 0.902400 1 6 1.000000
0  39.199322 2.551016 -0.385862  -0.000661 0.999078 0.042937  0.510858 0.835641 2 6 0.900982 5 0.099018
0  39.205929 2.532230 -0.357398  0.171116 0.839647 0.515474  0.512770 0.836260 2 5 0.100516 6 0.899484
v_heavyArms.tga.002
0  36.245472 -0.480156 -0.949328  0.063827 0.081178 -0.994654  0.304500 0.670000 3 3 0.817021 13 0.020007 16 0.162973
0  36.310772 0.290244 -0.868945  0.025879 0.098134 -0.994837  0.353800 0.676300 3 3 0.991044 4 0.000761 16 0.008196
0  37.240997 0.374564 -0.778539  0.084822 0.037902 -0.995675  0.358146 0.727104 3 3 0.601425 10 0.396573 13 0.002001
v_heavyArms.tga.002
0  37.127872 -1.872133 0.626825  0.008667 -0.784652 0.619876  0.777646 0.698595 3 3 0.717592 16 0.009913 13 0.272495
0  36.304871 -1.894854 0.587179  -0.097484 -0.786464 0.609895  0.777400 0.658200 3 3 0.809266 17 0.005703 16 0.185031
0  36.025772 -1.981154 -0.028421  -0.028802 -0.964429 0.262768  0.817700 0.640800 3 3 0.094290 16 0.761870 17 0.143840
v_heavyArms.tga.002
0  37.373775 1.363697 -0.766803  0.060750 0.050778 -0.996861  0.417536 0.742850 4 4 0.152289 7 0.596284 3 0.250473 5 0.000954
0  37.822571 1.431444 -0.768903  0.346993 0.108951 -0.931518  0.421900 0.769700 3 7 0.733595 4 0.196194 5 0.070211
0  38.237175 0.464844 -0.826509  0.300052 0.032768 -0.953360  0.362800 0.781500 3 10 0.946698 8 0.014119 11 0.039183
v_heavyArms.tga.002
0  37.144794 2.332156 0.500220  -0.045122 0.774651 0.630778  0.544738 0.708109 3 4 0.450119 7 0.023646 3 0.526235
0  37.147766 2.369971 0.053344  -0.050559 0.995536 0.079702  0.525177 0.706634 3 4 0.512732 7 0.013181 3 0.474087
0  36.580574 2.337944 0.120278  -0.175729 0.972331 0.153922  0.529000 0.675700 1 3 1.000000
v_heavyArms.tga.002
0  37.191551 0.378280 1.065459  0.216422 0.105258 0.970609  0.655617 0.714927 3 3 0.571353 10 0.358688 7 0.069959
0  36.769772 0.316844 1.170679  0.090179 0.070983 0.993393  0.658800 0.683900 1 3 1.000000
0  36.639973 -0.742256 1.074878  0.012443 -0.235567 0.971778  0.713400 0.676300 2 3 0.909620 16 0.090380
v_heavyArms.tga.002
0  37.215801 -1.944947 -0.397501  0.103142 -0.991946 -0.073523  0.205093 0.739834 4 10 0.024399 13 0.601136 16 0.122002 3 0.252462
0  36.176575 -2.021054 -0.431421  0.070330 -0.994563 0.076796  0.204400 0.688900 3 3 0.076098 17 0.180504 16 0.743398
0  36.224274 -2.043957 -0.771721  0.171808 -0.724818 -0.667174  0.222800 0.680600 3 3 0.084925 17 0.147681 16 0.767394
v_heavyArms.tga.002
0  37.326370 -1.880255 0.438759  0.043224 -0.996150 0.076262  0.785022 0.708777 2 13 0.796715 3 0.203285
0  37.423237 -1.937855 -0.324183  0.060398 -0.994629 0.084057  0.824788 0.718078 4 13 0.742407 10 0.002710 16 0.027022 3 0.227861
0  38.089973 -1.894856 -0.308122  0.022919 -0.995467 0.092300  0.819100 0.753600 2 13 0.942094 14 0.057906
v_heavyArms.tga.002
0  37.189022 1.342404 0.791482  0.198504 0.276697 0.940231  0.600373 0.716151 4 4 0.065969 3 0.516796 7 0.378143 10 0.039092
0  36.739273 1.224745 0.918778  0.067968 0.299413 0.951700  0.608400 0.683900 1 3 1.000000
0  36.769772 0.316844 1.170679  0.090179 0.070983 0.993393  0.658800 0.683900 1 3 1.000000
v_heavyArms.tga.002
0  37.720474 2.433945 -0.231822  -0.089291 0.990289 -0.106561  0.500300 0.757300 2 4 0.928236 5 0.071764
0  37.941750 2.266984 -0.745373  -0.023656 0.525150 -0.850681  0.475100 0.773200 2 4 0.831169 5 0.168831
0  37.395008 2.205787 -0.689505  -0.126219 0.587984 -0.798964  0.470565 0.739190 3 4 0.732569 5 0.036942 3 0.230489
v_heavyArms.tga.002
0  37.353462 2.391727 -0.027692  -0.095592 0.934967 -0.341614  0.520085 0.717749 2 4 0.791275 3 0.208725
0  37.350361 2.403650 0.005933  -0.029882 0.977362 0.209453  0.522042 0.717838 2 4 0.793994 3 0.206006
0  37.684074 2.423443 -0.036922  -0.010897 0.983064 0.182940  0.519600 0.737600 2 4 0.976485 5 0.023515
v_heavyArms.tga.002
0  37.221371 -1.600132 -0.875514  0.059896 -0.248587 -0.966756  0.238616 0.725808 4 10 0.061512 3 0.438448 16 0.061591 13 0.438448
0  36.164173 -1.565154 -0.940121  0.200604 -0.175415 -0.963840  0.247700 0.666600 3 3 0.646300 16 0.330715 17 0.022985
0  36.245472 -0.480156 -0.949328  0.063827 0.081178 -0.994654  0.304500 0.670000 3 3 0.817021 13 0.020007 16 0.162973
v_heavyArms.tga.002
0  37.356991 2.402568 -0.201479  -0.088608 0.983254 -0.159251  0.497715 0.733032 3 4 0.722143 5 0.002716 3 0.275141
0  37.353462 2.391727 -0.027692  -0.052063 0.997137 0.054834  0.508170 0.731467 2 4 0.791275 3 0.208725
0  37.699875 2.410843 -0.072222  -0.045369 0.991065 0.125429  0.509800 0.754100 2 4 0.965370 5 0.034630
v_heavyArms.tga.002
0  37.147766 2.369971 0.053344  0.043891 0.711386 0.701429  0.525177 0.706634 3 4 0.512732 7 0.013181 3 0.474087
0  37.146183 2.392061 0.031023  -0.025878 0.973731 0.226225  0.523473 0.706268 3 4 0.691597 7 0.009296 3 0.299108
0  36.574074 2.361044 0.098179  -0.123580 0.945230 0.302106  0.527300 0.675300 1 3 1.000000
v_heavyArms.tga.002
0  37.215298 -1.981405 -0.366186  0.072776 -0.993653 -0.085778  0.829890 0.708664 4 10 0.018606 13 0.564244 16 0.136616 3 0.280534
0  36.183372 -2.052056 -0.405721  0.072122 -0.991175 -0.111226  0.840600 0.657300 3 3 0.072738 17 0.191781 16 0.735481
0  36.176575 -2.021054 -0.431421  0.072635 -0.627789 -0.774987  0.843900 0.657700 3 3 0.076098 17 0.180504 16 0.743398
v_heavyArms.tga.002
0  37.152328 2.386245 -0.185693  -0.092618 0.977781 -0.188060  0.496370 0.720407 2 3 0.346481 4 0.653519
0  37.190544 2.183916 -0.669502  -0.136969 0.596778 -0.790630  0.468945 0.727035 2 4 0.434230 3 0.565770
0  36.285072 2.091545 -0.585022  -0.093407 0.613433 -0.784204  0.462100 0.675700 2 3 0.995446 2 0.004554
v_heavyArms.tga.002
0  37.671772 2.379345 0.447978  0.082597 0.761259 0.643166  0.541400 0.736300 3 4 0.981199 7 0.018610 3 0.000191
0  37.347336 2.350326 0.490544  0.002572 0.763587 0.645699  0.543453 0.718964 3 4 0.661646 7 0.025160 3 0.313194
0  37.385506 1.384102 0.735281  0.216911 0.254892 0.942327  0.597529 0.727580 4 4 0.412149 7 0.371719 10 0.046089 3 0.170043
v_heavyArms.tga.002
0  36.164173 -2.015057 -0.353021  0.033280 -0.810933 0.584191  0.835000 0.654300 3 3 0.076677 17 0.181590 16 0.741733
0  36.183372 -2.052056 -0.405721  0.072122 -0.991175 -0.111226  0.840600 0.657300 3 3 0.072738 17 0.191781 16 0.735481
0  37.215298 -1.981405 -0.366186  0.072776 -0.993653 -0.085778  0.829890 0.708664 4 10 0.018606 13 0.564244 16 0.136616 3 0.280534
v_heavyArms.tga.002
0  36.293472 1.197045 -0.783252  -0.009500 0.138113 -0.990371  0.406800 0.676800 3 3 0.979661 2 0.000974 7 0.019365
0  37.171005 1.332718 -0.776005  -0.053283 0.075473 -0.995723  0.415540 0.730572 3 3 0.572486 4 0.098429 7 0.329085
0  37.240997 0.374564 -0.778539  0.084822 0.037902 -0.995675  0.358146 0.727104 3 3 0.601425 10 0.396573 13 0.002001
v_heavyArms.tga.002
0  37.174629 -0.748571 1.016639  0.103846 -0.200243 0.974227  0.715768 0.708565 3 3 0.514443 13 0.255303 10 0.230254
0  36.639973 -0.742256 1.074878  0.012443 -0.235567 0.971778  0.713400 0.676300 2 3 0.909620 16 0.090380
0  36.304871 -1.894854 0.587179  -0.097484 -0.786464 0.609895  0.777400 0.658200 3 3 0.809266 17 0.005703 16 0.185031
v_heavyArms.tga.002
0  39.097172 2.545896 -0.353661  -0.066870 0.996042 0.058560  0.511106 0.828383 3 5 0.741901 4 0.009794 6 0.248305
0  39.104279 2.526951 -0.324867  0.071526 0.841267 0.535868  0.513046 0.829021 3 4 0.007391 5 0.762310 6 0.230299
0  39.155334 2.530594 -0.339661  0.122139 0.843207 0.523530  0.512769 0.832446 2 5 0.353084 6 0.646916
v_heavyArms.tga.002
0  39.148430 2.549454 -0.368445  -0.032492 0.998146 0.051469  0.510798 0.831825 2 6 0.663287 5 0.336713
0  39.155334 2.530594 -0.339661  0.122139 0.843207 0.523530  0.512769 0.832446 2 5 0.353084 6 0.646916
0  39.205929 2.532230 -0.357398  0.171116 0.839647 0.515474  0.512770 0.836260 2 5 0.100516 6 0.899484
v_heavyArms.tga.002
0  39.105637 2.531375 -0.385827  -0.189949 0.874703 -0.445885  0.508960 0.829474 3 4 0.007580 6 0.268245 5 0.724174
0  39.097172 2.545896 -0.353661  -0.066870 0.996042 0.058560  0.511106 0.828383 3 5 0.741901 4 0.009794 6 0.248305
0  39.148430 2.549454 -0.368445  -0.032492 0.998146 0.051469  0.510798 0.831825 2 6 0.663287 5 0.336713
v_heavyArms.tga.002
0  39.156986 2.534760 -0.400659  -0.182196 0.875093 -0.448350  0.508708 0.832924 2 5 0.316981 6 0.683019
0  39.148430 2.549454 -0.368445  -0.032492 0.998146 0.051469  0.510798 0.831825 2 6 0.663287 5 0.336713
0  39.199322 2.551016 -0.385862  -0.000661 0.999078 0.042937  0.510858 0.835641 2 6 0.900982 5 0.099018
v_heavyArms.tga.002
0  39.162338 1.777269 -0.240534  0.286734 -0.238657 0.927807  0.569346 0.844124 3 6 0.149999 4 0.005892 5 0.844110
0  39.165058 1.759329 -0.245987  0.302949 -0.829127 0.469862  0.570276 0.844388 3 6 0.164887 4 0.006857 5 0.828256
0  39.215664 1.770965 -0.260154  0.346593 -0.819238 0.456862  0.569581 0.848346 2 5 0.648159 6 0.351841
v_heavyArms.tga.002
0  39.212967 1.788888 -0.254692  0.345060 -0.225684 0.911043  0.568590 0.848010 2 5 0.676427 6 0.323573
0  39.215664 1.770965 -0.260154  0.346593 -0.819238 0.456862  0.569581 0.848346 2 5 0.648159 6 0.351841
0  39.265415 1.783818 -0.277986  0.386491 -0.812619 0.436205  0.568267 0.851972 2 5 0.163743 6 0.836257
v_heavyArms.tga.002
0  39.260979 1.799364 -0.333089  0.148580 -0.947972 -0.281555  0.570672 0.854595 2 5 0.156382 6 0.843618
0  39.265415 1.783818 -0.277986  0.386491 -0.812619 0.436205  0.568267 0.851972 2 5 0.163743 6 0.836257
0  39.215664 1.770965 -0.260154  0.346593 -0.819238 0.456862  0.569581 0.848346 2 5 0.648159 6 0.351841
v_heavyArms.tga.002
0  39.211235 1.785898 -0.315245  0.154906 -0.950628 -0.268905  0.571975 0.850790 2 5 0.600802 6 0.399198
0  39.215664 1.770965 -0.260154  0.346593 -0.819238 0.456862  0.569581 0.848346 2 5 0.648159 6 0.351841
0  39.165058 1.759329 -0.245987  0.302949 -0.829127 0.469862  0.570276 0.844388 3 6 0.164887 4 0.006857 5 0.828256
v_heavyArms.tga.002
0  39.207939 2.536179 -0.418139  0.000614 0.999222 0.039433  0.502963 0.849960 2 6 0.904534 5 0.095466
0  39.182007 2.541698 -0.558268  -0.091376 0.960290 -0.263615  0.495648 0.849263 2 6 0.899790 5 0.100210
0  39.130840 2.540722 -0.542881  -0.106635 0.960173 -0.258255  0.495847 0.845949 2 6 0.684318 5 0.315682
v_heavyArms.tga.002
0  39.156986 2.534760 -0.400659  -0.031432 0.998277 0.049550  0.503351 0.846537 2 5 0.316981 6 0.683019
0  39.130840 2.540722 -0.542881  -0.106635 0.960173 -0.258255  0.495847 0.845949 2 6 0.684318 5 0.315682
0  39.079407 2.538029 -0.528913  -0.127676 0.959509 -0.251079  0.495986 0.842521 3 4 0.018672 5 0.672481 6 0.308848
v_heavyArms.tga.002
0  39.158226 2.379935 -0.791925  -0.224345 0.382005 -0.896517  0.484990 0.849388 2 5 0.104529 6 0.895471
0  39.208397 1.811859 -0.698902  0.051132 -0.729211 -0.682376  0.455587 0.856870 2 6 0.877751 5 0.122249
0  39.157803 1.797232 -0.687913  0.074923 -0.733287 -0.675779  0.454602 0.853925 2 5 0.352811 6 0.647189
v_heavyArms.tga.002
0  39.106689 2.376551 -0.781375  -0.181050 0.391770 -0.902074  0.484876 0.846132 2 5 0.316085 6 0.683915
0  39.157803 1.797232 -0.687913  0.074923 -0.733287 -0.675779  0.454602 0.853925 2 5 0.352811 6 0.647189
0  39.106098 1.785514 -0.681139  0.080970 -0.721994 -0.687145  0.453995 0.850391 3 6 0.307718 4 0.032423 5 0.659859
v_heavyArms.tga.002
0  39.054375 2.372712 -0.774250  -0.152007 0.406439 -0.900945  0.484527 0.842635 3 4 0.033037 5 0.634887 6 0.332076
0  39.079407 2.538029 -0.528913  -0.127676 0.959509 -0.251079  0.495986 0.842521 3 4 0.018672 5 0.672481 6 0.308848
0  39.130840 2.540722 -0.542881  -0.106635 0.960173 -0.258255  0.495847 0.845949 2 6 0.684318 5 0.315682
v_heavyArms.tga.002
0  39.106689 2.376551 -0.781375  -0.181050 0.391770 -0.902074  0.484876 0.846132 2 5 0.316085 6 0.683915
0  39.130840 2.540722 -0.542881  -0.106635 0.960173 -0.258255  0.495847 0.845949 2 6 0.684318 5 0.315682
0  39.182007 2.541698 -0.558268  -0.091376 0.960290 -0.263615  0.495648 0.849263 2 6 0.899790 5 0.100210
v_heavyArms.tga.002
0  39.242878 1.793414 -0.462366  0.264959 -0.962786 -0.053285  0.448383 0.860327 2 5 0.138019 6 0.861981
0  39.260979 1.799364 -0.333089  0.272823 -0.962045 0.006079  0.442499 0.863490 2 5 0.156382 6 0.843618
0  39.211235 1.785898 -0.315245  0.249352 -0.968331 0.012637  0.441116 0.860609 2 5 0.600802 6 0.399198
v_heavyArms.tga.002
0  39.192604 1.779155 -0.448762  0.246672 -0.968038 -0.045346  0.447165 0.857454 2 5 0.428486 6 0.571514
0  39.211235 1.785898 -0.315245  0.249352 -0.968331 0.012637  0.441116 0.860609 2 5 0.600802 6 0.399198
0  39.160679 1.773914 -0.301016  0.224777 -0.974210 0.019759  0.440250 0.857013 3 5 0.804271 4 0.008240 6 0.187489
v_heavyArms.tga.002
0  39.208397 1.811859 -0.698902  0.051132 -0.729211 -0.682376  0.455587 0.856870 2 6 0.877751 5 0.122249
0  39.242878 1.793414 -0.462366  0.264959 -0.962786 -0.053285  0.448383 0.860327 2 5 0.138019 6 0.861981
0  39.192604 1.779155 -0.448762  0.246672 -0.968038 -0.045346  0.447165 0.857454 2 5 0.428486 6 0.571514
v_heavyArms.tga.002
0  39.157803 1.797232 -0.687913  0.074923 -0.733287 -0.675779  0.454602 0.853925 2 5 0.352811 6 0.647189
0  39.192604 1.779155 -0.448762  0.246672 -0.968038 -0.045346  0.447165 0.857454 2 5 0.428486 6 0.571514
0  39.141369 1.766489 -0.440113  0.221426 -0.974314 -0.041016  0.446546 0.853896 3 6 0.250205 4 0.019963 5 0.729832
v_heavyArms.tga.002
0  39.104279 2.526951 -0.324867  -0.018126 0.973840 0.226511  0.513046 0.829021 3 4 0.007391 5 0.762310 6 0.230299
0  39.145451 2.443216 0.043201  0.182123 0.696448 0.694112  0.529812 0.827786 2 5 0.914942 6 0.085058
0  39.196014 2.445446 0.025099  0.242583 0.686638 0.685334  0.529351 0.831241 2 5 0.740863 6 0.259137
v_heavyArms.tga.002
0  39.155334 2.530594 -0.339661  0.025656 0.973889 0.225571  0.512769 0.832446 2 5 0.353084 6 0.646916
0  39.196014 2.445446 0.025099  0.242583 0.686638 0.685334  0.529351 0.831241 2 5 0.740863 6 0.259137
0  39.245998 2.447290 0.003196  0.289916 0.685286 0.668080  0.529028 0.834839 2 5 0.133140 6 0.866860
v_heavyArms.tga.002
0  39.293362 1.931932 0.085774  0.494135 -0.439119 0.750337  0.554794 0.843182 2 5 0.180705 6 0.819295
0  39.245998 2.447290 0.003196  0.289916 0.685286 0.668080  0.529028 0.834839 2 5 0.133140 6 0.866860
0  39.196014 2.445446 0.025099  0.242583 0.686638 0.685334  0.529351 0.831241 2 5 0.740863 6 0.259137
v_heavyArms.tga.002
0  39.244587 1.919758 0.109546  0.450882 -0.444661 0.773939  0.555677 0.839724 2 6 0.240705 5 0.759295
0  39.196014 2.445446 0.025099  0.242583 0.686638 0.685334  0.529351 0.831241 2 5 0.740863 6 0.259137
0  39.145451 2.443216 0.043201  0.182123 0.696448 0.694112  0.529812 0.827786 2 5 0.914942 6 0.085058
v_heavyArms.tga.002
0  39.195187 1.907076 0.129354  0.393098 -0.471255 0.789552  0.556358 0.836173 3 4 0.000048 5 0.916908 6 0.083044
0  39.162338 1.777269 -0.240534  0.276587 -0.914181 0.296266  0.569346 0.844124 3 6 0.149999 4 0.005892 5 0.844110
0  39.212967 1.788888 -0.254692  0.317378 -0.901886 0.293041  0.568590 0.848010 2 5 0.676427 6 0.323573
v_heavyArms.tga.002
0  39.244587 1.919758 0.109546  0.450882 -0.444661 0.773939  0.555677 0.839724 2 6 0.240705 5 0.759295
0  39.212967 1.788888 -0.254692  0.317378 -0.901886 0.293041  0.568590 0.848010 2 5 0.676427 6 0.323573
0  39.262669 1.801691 -0.272494  0.358121 -0.886623 0.292657  0.567340 0.851665 2 6 0.833974 5 0.166026
v_heavyArms.tga.002
0  38.283974 2.466617 -0.152721  -0.073892 0.985013 0.155847  0.515000 0.774781 2 5 0.333971 4 0.666029
0  38.298515 2.456216 -0.186367  -0.169715 0.917430 -0.359886  0.512944 0.775812 2 5 0.360091 4 0.639909
0  37.944275 2.420544 -0.116021  -0.147163 0.953958 -0.261357  0.514900 0.753700 2 4 0.881401 5 0.118599
v_heavyArms.tga.002
0  38.412853 2.487557 -0.361494  -0.102019 0.982729 -0.154391  0.497405 0.798248 3 4 0.191189 5 0.741920 6 0.066891
0  38.388527 2.320291 -0.714991  -0.091993 0.479089 -0.872932  0.480132 0.798593 3 5 0.703104 4 0.210366 6 0.086530
0  38.328266 2.314704 -0.712891  -0.050705 0.488033 -0.871351  0.479726 0.794641 3 4 0.385505 5 0.562910 6 0.051584
v_heavyArms.tga.002
0  38.353626 2.483234 -0.347435  -0.103746 0.985286 -0.135826  0.497517 0.794339 3 4 0.388771 5 0.587447 6 0.023782
0  38.328266 2.314704 -0.712891  -0.050705 0.488033 -0.871351  0.479726 0.794641 3 4 0.385505 5 0.562910 6 0.051584
0  38.267361 2.307876 -0.715348  -0.014086 0.500413 -0.865672  0.479002 0.791238 3 4 0.556842 5 0.421970 6 0.021188
v_heavyArms.tga.002
0  38.449799 1.664685 -0.629119  0.057108 -0.682066 -0.729057  0.447231 0.805979 3 5 0.717404 4 0.200555 6 0.082041
0  38.500877 1.624117 -0.376608  0.199621 -0.977304 -0.070915  0.439600 0.809679 3 5 0.758550 4 0.178739 6 0.062711
0  38.441742 1.611580 -0.373062  0.195677 -0.977506 -0.078691  0.439010 0.805611 3 5 0.633740 4 0.344597 6 0.021663
v_heavyArms.tga.002
0  38.389896 1.654798 -0.623407  0.061455 -0.686431 -0.724593  0.446657 0.801958 3 4 0.359688 5 0.594649 6 0.045663
0  38.441742 1.611580 -0.373062  0.195677 -0.977506 -0.078691  0.439010 0.805611 3 5 0.633740 4 0.344597 6 0.021663
0  38.381840 1.599738 -0.372308  0.181485 -0.978898 -0.093926  0.438889 0.802096 2 5 0.487833 4 0.512167
v_heavyArms.tga.002
0  38.455059 1.712947 0.383856  0.407516 -0.508118 0.758780  0.567514 0.784087 2 5 0.255580 4 0.744420
0  38.447941 1.627707 -0.078808  0.244433 -0.956901 0.156822  0.580173 0.791068 2 5 0.446585 4 0.553415
0  38.504845 1.639352 -0.091871  0.239322 -0.954482 0.178016  0.579048 0.794296 2 5 0.649373 4 0.350627
v_heavyArms.tga.002
0  38.510765 1.727758 0.363862  0.404987 -0.509339 0.759315  0.566312 0.787772 2 4 0.517454 5 0.482546
0  38.504845 1.639352 -0.091871  0.239322 -0.954482 0.178016  0.579048 0.794296 2 5 0.649373 4 0.350627
0  38.561745 1.650997 -0.104934  0.271053 -0.940301 0.205827  0.578207 0.798631 3 5 0.830836 4 0.153927 6 0.015237
v_heavyArms.tga.002
0  38.441761 1.621018 -0.136254  0.205173 -0.977992 0.037899  0.430075 0.806035 2 5 0.484035 4 0.515965
0  38.381840 1.599738 -0.372308  0.181485 -0.978898 -0.093926  0.438889 0.802096 2 5 0.487833 4 0.512167
0  38.441742 1.611580 -0.373062  0.195677 -0.977506 -0.078691  0.439010 0.805611 3 5 0.633740 4 0.344597 6 0.021663
v_heavyArms.tga.002
0  38.498215 1.632645 -0.149438  0.210223 -0.976874 0.039026  0.430525 0.809599 2 5 0.668105 4 0.331895
0  38.441742 1.611580 -0.373062  0.195677 -0.977506 -0.078691  0.439010 0.805611 3 5 0.633740 4 0.344597 6 0.021663
0  38.500877 1.624117 -0.376608  0.199621 -0.977304 -0.070915  0.439600 0.809679 3 5 0.758550 4 0.178739 6 0.062711
v_heavyArms.tga.002
0  38.388527 2.320291 -0.714991  -0.091993 0.479089 -0.872932  0.480132 0.798593 3 5 0.703104 4 0.210366 6 0.086530
0  38.449799 1.664685 -0.629119  0.057108 -0.682066 -0.729057  0.447231 0.805979 3 5 0.717404 4 0.200555 6 0.082041
0  38.389896 1.654798 -0.623407  0.061455 -0.686431 -0.724593  0.446657 0.801958 3 4 0.359688 5 0.594649 6 0.045663
v_heavyArms.tga.002
0  38.328266 2.314704 -0.712891  -0.050705 0.488033 -0.871351  0.479726 0.794641 3 4 0.385505 5 0.562910 6 0.051584
0  38.389896 1.654798 -0.623407  0.061455 -0.686431 -0.724593  0.446657 0.801958 3 4 0.359688 5 0.594649 6 0.045663
0  38.329132 1.646365 -0.621303  0.100183 -0.686274 -0.720411  0.446391 0.798501 3 5 0.459292 4 0.525248 6 0.015460
v_heavyArms.tga.002
0  38.454010 1.610385 -0.084771  0.279726 -0.827385 0.487018  0.580933 0.791381 2 5 0.474783 4 0.525217
0  38.441761 1.621018 -0.136254  0.140125 -0.962419 -0.232626  0.583034 0.792767 2 5 0.484035 4 0.515965
0  38.498215 1.632645 -0.149438  0.143420 -0.961764 -0.233326  0.582080 0.795858 2 5 0.668105 4 0.331895
v_heavyArms.tga.002
0  38.510719 1.621979 -0.097827  0.281143 -0.826968 0.486911  0.579854 0.794550 2 5 0.665774 4 0.334226
0  38.498215 1.632645 -0.149438  0.143420 -0.961764 -0.233326  0.582080 0.795858 2 5 0.668105 4 0.331895
0  38.554665 1.644273 -0.162622  0.145902 -0.960878 -0.235429  0.581281 0.800241 3 5 0.809365 4 0.154046 6 0.036589
v_heavyArms.tga.002
0  38.417088 2.467673 -0.213006  -0.056595 0.988833 0.137865  0.505684 0.796839 3 5 0.766255 6 0.047457 4 0.186289
0  38.412853 2.487557 -0.361494  -0.102019 0.982729 -0.154391  0.497405 0.798248 3 4 0.191189 5 0.741920 6 0.066891
0  38.353626 2.483234 -0.347435  -0.103746 0.985286 -0.135826  0.497517 0.794339 3 4 0.388771 5 0.587447 6 0.023782
v_heavyArms.tga.002
0  38.357925 2.462057 -0.199070  -0.058971 0.987292 0.147570  0.505815 0.792886 2 5 0.589850 4 0.410150
0  38.353626 2.483234 -0.347435  -0.103746 0.985286 -0.135826  0.497517 0.794339 3 4 0.388771 5 0.587447 6 0.023782
0  38.294399 2.478910 -0.333376  -0.101823 0.986663 -0.126995  0.497876 0.790972 2 5 0.411679 4 0.588321
v_heavyArms.tga.002
0  38.294872 2.446465 -0.127870  -0.070055 0.992439 0.100781  0.516968 0.775165 2 5 0.318460 4 0.681540
0  38.353432 2.404557 0.280399  0.145406 0.733659 0.663778  0.536117 0.774550 2 5 0.144666 4 0.855334
0  38.411705 2.407251 0.264406  0.151777 0.731219 0.665043  0.535616 0.778120 2 4 0.706520 5 0.293480
v_heavyArms.tga.002
0  38.353691 2.452793 -0.140088  -0.073059 0.989322 0.126110  0.516665 0.778832 2 5 0.559991 4 0.440009
0  38.411705 2.407251 0.264406  0.151777 0.731219 0.665043  0.535616 0.778120 2 4 0.706520 5 0.293480
0  38.469830 2.410036 0.247505  0.160050 0.728734 0.665830  0.535171 0.782047 2 4 0.187415 5 0.812585
v_heavyArms.tga.002
0  38.401939 2.478851 -0.179256  -0.064605 0.989505 0.129249  0.514404 0.782371 3 5 0.774803 4 0.192995 6 0.032202
0  38.417088 2.467673 -0.213006  -0.181003 0.906115 -0.382354  0.512326 0.783472 3 5 0.766255 6 0.047457 4 0.186289
0  38.357925 2.462057 -0.199070  -0.175267 0.911071 -0.373137  0.512615 0.779530 2 5 0.589850 4 0.410150
v_heavyArms.tga.002
0  38.343040 2.472919 -0.165377  -0.069297 0.987519 0.141437  0.514662 0.778491 2 5 0.565231 4 0.434769
0  38.357925 2.462057 -0.199070  -0.175267 0.911071 -0.373137  0.512615 0.779530 2 5 0.589850 4 0.410150
0  38.298515 2.456216 -0.186367  -0.169715 0.917430 -0.359886  0.512944 0.775812 2 5 0.360091 4 0.639909
v_heavyArms.tga.002
0  38.353432 2.404557 0.280399  0.145406 0.733659 0.663778  0.536117 0.774550 2 5 0.144666 4 0.855334
0  38.455059 1.712947 0.383856  0.407516 -0.508118 0.758780  0.567514 0.784087 2 5 0.255580 4 0.744420
0  38.510765 1.727758 0.363862  0.404987 -0.509339 0.759315  0.566312 0.787772 2 4 0.517454 5 0.482546
v_heavyArms.tga.002
0  38.411705 2.407251 0.264406  0.151777 0.731219 0.665043  0.535616 0.778120 2 4 0.706520 5 0.293480
0  38.510765 1.727758 0.363862  0.404987 -0.509339 0.759315  0.566312 0.787772 2 4 0.517454 5 0.482546
0  38.566475 1.742569 0.343868  0.401255 -0.509442 0.761225  0.565496 0.791741 2 4 0.184212 5 0.815788
v_heavyArms.tga.002
0  38.567432 1.633573 -0.110882  0.282048 -0.828074 0.484502  0.579024 0.798897 3 5 0.821114 4 0.152105 6 0.026781
0  38.561745 1.650997 -0.104934  0.262001 -0.234169 0.936227  0.578207 0.798631 3 5 0.830836 4 0.153927 6 0.015237
0  38.504845 1.639352 -0.091871  0.262726 -0.232353 0.936476  0.579048 0.794296 2 5 0.649373 4 0.350627
v_heavyArms.tga.002
0  38.510719 1.621979 -0.097827  0.281143 -0.826968 0.486911  0.579854 0.794550 2 5 0.665774 4 0.334226
0  38.504845 1.639352 -0.091871  0.262726 -0.232353 0.936476  0.579048 0.794296 2 5 0.649373 4 0.350627
0  38.447941 1.627707 -0.078808  0.263990 -0.229994 0.936703  0.580173 0.791068 2 5 0.446585 4 0.553415
v_heavyArms.tga.002
0  38.283974 2.466617 -0.152721  -0.073892 0.985013 0.155847  0.515000 0.774781 2 5 0.333971 4 0.666029
0  38.294872 2.446465 -0.127870  0.038152 0.784266 0.619251  0.516968 0.775165 2 5 0.318460 4 0.681540
0  38.353691 2.452793 -0.140088  0.052561 0.791215 0.609275  0.516665 0.778832 2 5 0.559991 4 0.440009
v_heavyArms.tga.002
0  38.343040 2.472919 -0.165377  -0.069297 0.987519 0.141437  0.514662 0.778491 2 5 0.565231 4 0.434769
0  38.353691 2.452793 -0.140088  0.052561 0.791215 0.609275  0.516665 0.778832 2 5 0.559991 4 0.440009
0  38.412331 2.458791 -0.153630  0.066325 0.798602 0.598193  0.516399 0.782747 3 4 0.190105 5 0.788812 6 0.021083
v_heavyArms.tga.002
0  38.294872 2.446465 -0.127870  -0.070055 0.992439 0.100781  0.516968 0.775165 2 5 0.318460 4 0.681540
0  37.937172 2.406643 -0.059422  -0.058013 0.996744 0.055999  0.518700 0.752900 2 4 0.905398 5 0.094602
0  38.018948 2.389486 0.368345  0.126731 0.753046 0.645647  0.538900 0.754100 2 4 0.988594 5 0.011406
v_heavyArms.tga.002
0  39.108936 1.540556 -0.118006  -0.018388 0.997097 0.073890  0.580495 0.825577 2 7 0.128815 8 0.871185
0  39.071526 1.517088 -0.148777  -0.175355 0.873412 -0.454316  0.578799 0.824378 2 7 0.137316 8 0.862684
0  39.017342 1.514342 -0.133732  -0.160762 0.872027 -0.462303  0.579260 0.821029 2 7 0.373704 8 0.626296
v_heavyArms.tga.002
0  39.054886 1.537705 -0.102633  -0.051656 0.994221 0.094110  0.580888 0.822177 2 8 0.650499 7 0.349501
0  39.017342 1.514342 -0.133732  -0.160762 0.872027 -0.462303  0.579260 0.821029 2 7 0.373704 8 0.626296
0  38.962181 1.509591 -0.124219  -0.147535 0.872349 -0.466091  0.579922 0.818501 2 8 0.255488 7 0.744512
v_heavyArms.tga.002
0  39.039043 0.580802 -0.100252  0.071892 -0.996965 -0.029871  0.361576 0.836115 2 8 0.278030 7 0.721970
0  39.037750 0.589216 -0.418632  0.109661 -0.974692 -0.194808  0.373686 0.836159 2 7 0.623162 8 0.376838
0  39.092117 0.596036 -0.422940  0.095244 -0.973971 -0.205693  0.373579 0.839267 2 8 0.627490 7 0.372510
v_heavyArms.tga.002
0  39.093391 0.585189 -0.113658  0.077015 -0.996313 -0.037804  0.361557 0.838741 2 7 0.435897 8 0.564103
0  39.092117 0.596036 -0.422940  0.095244 -0.973971 -0.205693  0.373579 0.839267 2 8 0.627490 7 0.372510
0  39.145744 0.602883 -0.432531  0.076961 -0.975412 -0.206517  0.373425 0.842118 3 7 0.149142 8 0.846514 9 0.004344
v_heavyArms.tga.002
0  39.047653 1.489942 -0.472606  -0.085781 0.957560 -0.275172  0.416927 0.844938 3 7 0.142665 8 0.854979 9 0.002356
0  39.046398 1.366953 -0.706811  -0.163979 0.528936 -0.832669  0.409754 0.846091 3 7 0.150252 9 0.029275 8 0.820473
0  38.992142 1.365683 -0.697806  -0.117415 0.543262 -0.831312  0.409987 0.843360 2 8 0.647819 7 0.352181
v_heavyArms.tga.002
0  38.993256 1.487557 -0.463525  -0.087234 0.959911 -0.266385  0.417048 0.842216 2 7 0.355824 8 0.644176
0  38.992142 1.365683 -0.697806  -0.117415 0.543262 -0.831312  0.409987 0.843360 2 8 0.647819 7 0.352181
0  38.937222 1.362649 -0.694265  -0.070042 0.548196 -0.833412  0.409890 0.840368 2 8 0.355180 7 0.644820
v_heavyArms.tga.002
0  39.155148 0.564229 -0.103951  0.087438 -0.995142 -0.045251  0.642771 0.833837 2 7 0.159193 8 0.840807
0  39.148743 0.588037 -0.071672  0.258918 -0.750765 0.607711  0.641353 0.833240 2 7 0.171020 8 0.828980
0  39.095215 0.583087 -0.055803  0.221945 -0.767615 0.601255  0.641830 0.829791 2 8 0.404922 7 0.595078
v_heavyArms.tga.002
0  39.101475 0.559245 -0.088646  0.072975 -0.995886 -0.053715  0.643250 0.830336 2 8 0.517740 7 0.482260
0  39.095215 0.583087 -0.055803  0.221945 -0.767615 0.601255  0.641830 0.829791 2 8 0.404922 7 0.595078
0  39.040997 0.578950 -0.042473  0.184509 -0.782728 0.594385  0.642004 0.826671 2 8 0.216585 7 0.783415
v_heavyArms.tga.002
0  39.152554 1.447362 0.459653  0.226302 0.697940 0.679461  0.598229 0.820850 2 7 0.182912 8 0.817088
0  39.119293 1.526463 -0.099920  0.007686 0.990191 0.139512  0.582012 0.826184 2 7 0.128848 8 0.871152
0  39.065372 1.523593 -0.084582  -0.033941 0.989432 0.140971  0.582387 0.822811 2 7 0.350963 8 0.649037
v_heavyArms.tga.002
0  39.098724 1.445291 0.477008  0.156332 0.701252 0.695562  0.598645 0.817665 2 7 0.677751 8 0.322249
0  39.065372 1.523593 -0.084582  -0.033941 0.989432 0.140971  0.582387 0.822811 2 7 0.350963 8 0.649037
0  39.010586 1.518743 -0.074610  -0.062242 0.990252 0.124607  0.583137 0.820037 2 7 0.742812 8 0.257188
v_heavyArms.tga.002
0  39.046398 1.366953 -0.706811  -0.163979 0.528936 -0.832669  0.409754 0.846091 3 7 0.150252 9 0.029275 8 0.820473
0  39.090736 0.725319 -0.736528  -0.080605 -0.545086 -0.834496  0.382922 0.840394 3 7 0.155420 8 0.816492 9 0.028088
0  39.036610 0.719398 -0.729034  -0.014968 -0.540385 -0.841285  0.383132 0.837469 2 8 0.630404 7 0.369596
v_heavyArms.tga.002
0  38.992142 1.365683 -0.697806  -0.117415 0.543262 -0.831312  0.409987 0.843360 2 8 0.647819 7 0.352181
0  39.036610 0.719398 -0.729034  -0.014968 -0.540385 -0.841285  0.383132 0.837469 2 8 0.630404 7 0.369596
0  38.982220 0.711496 -0.725735  0.069882 -0.534737 -0.842124  0.383007 0.834164 2 7 0.610503 8 0.389497
v_heavyArms.tga.002
0  39.047131 0.555005 -0.075892  0.058217 -0.996030 -0.067342  0.643387 0.827233 2 8 0.259298 7 0.740702
0  39.039043 0.580802 -0.100252  -0.105826 -0.699064 -0.707185  0.644864 0.827450 2 8 0.278030 7 0.721970
0  39.093391 0.585189 -0.113658  -0.126262 -0.707367 -0.695478  0.644746 0.830526 2 7 0.435897 8 0.564103
v_heavyArms.tga.002
0  39.101475 0.559245 -0.088646  0.072975 -0.995886 -0.053715  0.643250 0.830336 2 8 0.517740 7 0.482260
0  39.093391 0.585189 -0.113658  -0.126262 -0.707367 -0.695478  0.644746 0.830526 2 7 0.435897 8 0.564103
0  39.147030 0.590120 -0.129620  -0.137835 -0.719494 -0.680683  0.644328 0.834039 2 7 0.153819 8 0.846181
v_heavyArms.tga.002
0  39.000057 1.532955 -0.092362  -0.086777 0.989974 0.111452  0.581668 0.819473 2 8 0.265920 7 0.734080
0  39.010586 1.518743 -0.074610  0.016684 0.785348 0.618830  0.583137 0.820037 2 7 0.742812 8 0.257188
0  39.065372 1.523593 -0.084582  0.085471 0.807614 0.583485  0.582387 0.822811 2 7 0.350963 8 0.649037
v_heavyArms.tga.002
0  39.054886 1.537705 -0.102633  -0.051656 0.994221 0.094110  0.580888 0.822177 2 8 0.650499 7 0.349501
0  39.065372 1.523593 -0.084582  0.085471 0.807614 0.583485  0.582387 0.822811 2 7 0.350963 8 0.649037
0  39.119293 1.526463 -0.099920  0.147826 0.819315 0.553958  0.582012 0.826184 2 7 0.128848 8 0.871152
v_heavyArms.tga.002
0  39.043953 1.442522 0.488977  0.106846 0.717109 0.688722  0.599484 0.814548 2 8 0.140440 7 0.859560
0  39.073532 0.710420 0.593262  0.289166 -0.560854 0.775775  0.626888 0.816685 2 8 0.143262 7 0.856738
0  39.127029 0.716193 0.575439  0.334114 -0.548190 0.766718  0.626308 0.820046 2 8 0.304622 7 0.695378
v_heavyArms.tga.002
0  39.098724 1.445291 0.477008  0.156332 0.701252 0.695562  0.598752 0.817631 2 7 0.677751 8 0.322249
0  39.127029 0.716193 0.575439  0.334114 -0.548190 0.766718  0.626308 0.820046 2 8 0.304622 7 0.695378
0  39.179893 0.721780 0.554427  0.367010 -0.547957 0.751696  0.625972 0.823383 2 7 0.206095 8 0.793905
v_heavyArms.tga.002
0  39.148743 0.588037 -0.071672  0.159449 -0.967234 0.197572  0.641353 0.833240 2 7 0.171020 8 0.828980
0  39.179893 0.721780 0.554427  0.367010 -0.547957 0.751696  0.625972 0.823383 2 7 0.206095 8 0.793905
0  39.127029 0.716193 0.575439  0.334114 -0.548190 0.766718  0.626308 0.820046 2 8 0.304622 7 0.695378
v_heavyArms.tga.002
0  39.095215 0.583087 -0.055803  0.137896 -0.970841 0.196093  0.641830 0.829791 2 8 0.404922 7 0.595078
0  39.127029 0.716193 0.575439  0.334114 -0.548190 0.766718  0.626308 0.820046 2 8 0.304622 7 0.695378
0  39.073532 0.710420 0.593262  0.289166 -0.560854 0.775775  0.626888 0.816685 2 8 0.143262 7 0.856738
v_heavyArms.tga.002
0  39.090736 0.725319 -0.736528  -0.080605 -0.545086 -0.834496  0.382922 0.840394 3 7 0.155420 8 0.816492 9 0.028088
0  39.145744 0.602883 -0.432531  0.076961 -0.975412 -0.206517  0.373425 0.842118 3 7 0.149142 8 0.846514 9 0.004344
0  39.092117 0.596036 -0.422940  0.095244 -0.973971 -0.205693  0.373579 0.839267 2 8 0.627490 7 0.372510
v_heavyArms.tga.002
0  39.036610 0.719398 -0.729034  -0.014968 -0.540385 -0.841285  0.383132 0.837469 2 8 0.630404 7 0.369596
0  39.092117 0.596036 -0.422940  0.095244 -0.973971 -0.205693  0.373579 0.839267 2 8 0.627490 7 0.372510
0  39.037750 0.589216 -0.418632  0.109661 -0.974692 -0.194808  0.373686 0.836159 2 7 0.623162 8 0.376838
v_heavyArms.tga.002
0  39.071526 1.517088 -0.148777  -0.062717 0.995020 -0.077466  0.428847 0.841199 2 7 0.137316 8 0.862684
0  39.047653 1.489942 -0.472606  -0.085781 0.957560 -0.275172  0.416927 0.844938 3 7 0.142665 8 0.854979 9 0.002356
0  38.993256 1.487557 -0.463525  -0.087234 0.959911 -0.266385  0.417048 0.842216 2 7 0.355824 8 0.644176
v_heavyArms.tga.002
0  39.017342 1.514342 -0.133732  -0.084655 0.993742 -0.072879  0.429018 0.838354 2 7 0.373704 8 0.626296
0  38.993256 1.487557 -0.463525  -0.087234 0.959911 -0.266385  0.417048 0.842216 2 7 0.355824 8 0.644176
0  38.938038 1.483508 -0.459697  -0.093620 0.959239 -0.266640  0.416843 0.839206 3 8 0.321258 4 0.001502 7 0.677240
v_heavyArms.tga.002
0  40.288620 0.707204 -0.515102  0.072351 -0.969841 -0.232753  0.362155 0.901973 2 8 0.174264 9 0.825736
0  40.278290 0.752540 -0.720291  0.095631 -0.959308 -0.265675  0.371815 0.902558 2 8 0.129292 9 0.870708
0  41.326759 0.961121 -1.063067  0.222691 -0.863164 -0.453162  0.383101 0.954861 1 9 1.000000
v_heavyArms.tga.002
0  40.156090 1.555044 -0.472020  0.038711 0.989137 0.141805  0.573445 0.891236 2 9 0.120186 8 0.879814
0  40.248775 1.479876 0.023215  0.269391 0.680442 0.681488  0.587439 0.887231 2 9 0.073445 8 0.926555
0  40.295059 1.480618 0.002864  0.307893 0.678002 0.667469  0.586933 0.890075 2 8 0.739845 9 0.260155
v_heavyArms.tga.002
0  40.202911 1.555261 -0.489708  0.066841 0.988355 0.136698  0.573056 0.894190 2 8 0.620611 9 0.379389
0  40.295059 1.480618 0.002864  0.307893 0.678002 0.667469  0.586933 0.890075 2 8 0.739845 9 0.260155
0  40.340694 1.480447 -0.019953  0.348290 0.675662 0.649750  0.586779 0.892644 2 8 0.173651 9 0.826349
v_heavyArms.tga.002
0  40.237537 0.825029 -0.947722  -0.089410 -0.625053 -0.775445  0.378996 0.902333 2 9 0.884606 8 0.115394
0  40.278290 0.752540 -0.720291  0.095631 -0.959308 -0.265675  0.371829 0.902546 2 8 0.129292 9 0.870708
0  40.231388 0.744178 -0.706013  0.081109 -0.962299 -0.259617  0.371331 0.900229 2 9 0.605930 8 0.394070
v_heavyArms.tga.002
0  40.190052 0.818493 -0.936741  -0.091179 -0.623577 -0.776426  0.378652 0.900033 2 8 0.334280 9 0.665720
0  40.231388 0.744178 -0.706013  0.081109 -0.962299 -0.259617  0.371331 0.900229 2 9 0.605930 8 0.394070
0  40.184174 0.737122 -0.693126  0.060721 -0.966182 -0.250610  0.371405 0.897691 2 8 0.806815 9 0.193185
v_heavyArms.tga.002
0  40.235828 1.542402 -0.564599  -0.021924 0.988861 -0.147217  0.421253 0.903879 2 9 0.857498 8 0.142502
0  40.224827 1.513550 -0.755401  -0.072263 0.935399 -0.346131  0.412639 0.904480 2 8 0.122773 9 0.877227
0  40.177452 1.514470 -0.742111  -0.083974 0.936327 -0.340940  0.413282 0.902292 2 8 0.356364 9 0.643636
v_heavyArms.tga.002
0  40.188980 1.543776 -0.545747  -0.043941 0.988718 -0.143197  0.422137 0.901632 2 9 0.522282 8 0.477718
0  40.177452 1.514470 -0.742111  -0.083974 0.936327 -0.340940  0.413282 0.902292 2 8 0.356364 9 0.643636
0  40.129864 1.514224 -0.729956  -0.096511 0.936148 -0.338101  0.413454 0.899871 2 9 0.219049 8 0.780951
v_heavyArms.tga.002
0  40.194473 0.694894 -0.479890  0.039571 -0.979115 -0.199418  0.361490 0.897036 2 9 0.122836 8 0.877164
0  40.184174 0.737122 -0.693126  0.060721 -0.966182 -0.250610  0.371405 0.897691 2 8 0.806815 9 0.193185
0  40.231388 0.744178 -0.706013  0.081109 -0.962299 -0.259617  0.371331 0.900229 2 9 0.605930 8 0.394070
v_heavyArms.tga.002
0  40.241653 0.700461 -0.496760  0.050470 -0.976329 -0.210319  0.361545 0.899547 2 8 0.597104 9 0.402896
0  40.231388 0.744178 -0.706013  0.081109 -0.962299 -0.259617  0.371331 0.900229 2 9 0.605930 8 0.394070
0  40.278290 0.752540 -0.720291  0.095631 -0.959308 -0.265675  0.371815 0.902558 2 8 0.129292 9 0.870708
v_heavyArms.tga.002
0  40.224827 1.513550 -0.755401  -0.072263 0.935399 -0.346131  0.412743 0.904547 2 8 0.122773 9 0.877227
0  40.188030 1.367238 -0.979438  -0.202440 0.445452 -0.872118  0.404023 0.903742 2 8 0.116652 9 0.883348
0  40.140167 1.367311 -0.968251  -0.202804 0.445555 -0.871981  0.404432 0.901514 2 8 0.328868 9 0.671132
v_heavyArms.tga.002
0  40.177452 1.514470 -0.742111  -0.083974 0.936327 -0.340940  0.413282 0.902292 2 8 0.356364 9 0.643636
0  40.140167 1.367311 -0.968251  -0.202804 0.445555 -0.871981  0.404432 0.901514 2 8 0.328868 9 0.671132
0  40.092304 1.367385 -0.957064  -0.209943 0.449266 -0.868380  0.404660 0.899091 2 8 0.744109 9 0.255891
v_heavyArms.tga.002
0  40.292118 0.709639 -0.457369  0.242055 -0.942754 0.229398  0.631115 0.907327 2 8 0.181530 9 0.818470
0  40.375992 0.846773 0.017802  0.451987 -0.547795 0.704009  0.618646 0.899635 2 9 0.835187 8 0.164813
0  40.331089 0.841750 0.041744  0.423268 -0.548666 0.720978  0.619109 0.897087 2 8 0.754968 9 0.245032
v_heavyArms.tga.002
0  40.246311 0.703077 -0.438586  0.217488 -0.947462 0.234551  0.631855 0.904776 2 8 0.674774 9 0.325226
0  40.331089 0.841750 0.041744  0.423268 -0.548666 0.720978  0.619109 0.897087 2 8 0.754968 9 0.245032
0  40.285583 0.836869 0.063604  0.390179 -0.549000 0.739161  0.619370 0.894137 2 8 0.938496 9 0.061504
v_heavyArms.tga.002
0  40.243298 1.568879 -0.523578  0.067368 0.995333 0.069097  0.571596 0.896803 2 8 0.147630 9 0.852370
0  40.235828 1.542402 -0.564599  -0.176617 0.841165 -0.511124  0.569242 0.897167 2 9 0.857498 8 0.142502
0  40.188980 1.543776 -0.545747  -0.185724 0.841227 -0.507783  0.569172 0.894354 2 9 0.522282 8 0.477718
v_heavyArms.tga.002
0  40.196655 1.570163 -0.504797  0.041968 0.995984 0.079084  0.571509 0.894041 2 9 0.442519 8 0.557481
0  40.188980 1.543776 -0.545747  -0.185724 0.841227 -0.507783  0.569172 0.894354 2 9 0.522282 8 0.477718
0  40.141872 1.543657 -0.528121  -0.195284 0.841582 -0.503592  0.569580 0.891394 2 8 0.853350 9 0.146650
v_heavyArms.tga.002
0  40.149700 1.569916 -0.487214  0.015816 0.996173 0.085961  0.571926 0.891068 2 8 0.865639 9 0.134361
0  40.156090 1.555044 -0.472020  0.219795 0.742437 0.632832  0.573445 0.891236 2 9 0.120186 8 0.879814
0  40.202911 1.555261 -0.489708  0.252335 0.739215 0.624411  0.573056 0.894190 2 8 0.620611 9 0.379389
v_heavyArms.tga.002
0  40.196655 1.570163 -0.504797  0.041968 0.995984 0.079084  0.571509 0.894041 2 9 0.442519 8 0.557481
0  40.202911 1.555261 -0.489708  0.252335 0.739215 0.624411  0.573056 0.894190 2 8 0.620611 9 0.379389
0  40.249374 1.553950 -0.508522  0.283153 0.735823 0.615134  0.573103 0.896863 2 8 0.151141 9 0.848859
v_heavyArms.tga.002
0  40.142212 0.813425 -0.927087  -0.100102 -0.611281 -0.785057  0.378838 0.897424 2 8 0.755539 9 0.244461
0  40.092304 1.367385 -0.957064  -0.209943 0.449266 -0.868380  0.404660 0.899091 2 8 0.744109 9 0.255891
0  40.140167 1.367311 -0.968251  -0.202804 0.445555 -0.871981  0.404421 0.901513 2 8 0.328868 9 0.671132
v_heavyArms.tga.002
0  40.190052 0.818493 -0.936741  -0.091179 -0.623577 -0.776426  0.378703 0.900036 2 8 0.334280 9 0.665720
0  40.140167 1.367311 -0.968251  -0.202804 0.445555 -0.871981  0.404421 0.901513 2 8 0.328868 9 0.671132
0  40.188030 1.367238 -0.979438  -0.202440 0.445452 -0.872118  0.404223 0.903809 2 8 0.116652 9 0.883348
v_heavyArms.tga.002
0  40.293079 0.682309 -0.470924  0.205529 -0.944571 0.256014  0.633265 0.908809 2 8 0.233829 9 0.766171
0  40.292118 0.709639 -0.457369  0.370768 -0.377478 0.848553  0.631070 0.907277 2 8 0.181530 9 0.818470
0  40.246311 0.703077 -0.438586  0.347200 -0.496235 0.795741  0.631855 0.904776 2 8 0.674774 9 0.325226
v_heavyArms.tga.002
0  40.245876 0.677318 -0.455250  0.178833 -0.961301 0.209569  0.633685 0.905721 2 8 0.625458 9 0.374542
0  40.246311 0.703077 -0.438586  0.347200 -0.496235 0.795741  0.631855 0.904776 2 8 0.674774 9 0.325226
0  40.199776 0.697490 -0.421631  0.319460 -0.552607 0.769786  0.632256 0.901709 2 8 0.904079 9 0.095921
v_heavyArms.tga.002
0  40.248775 1.479876 0.023215  0.269391 0.680442 0.681488  0.590621 0.889384 2 9 0.073445 8 0.926555
0  40.285583 0.836869 0.063604  0.390179 -0.549000 0.739161  0.619370 0.894137 2 8 0.938496 9 0.061504
0  40.331089 0.841750 0.041744  0.423268 -0.548666 0.720978  0.619109 0.897087 2 8 0.754968 9 0.245032
v_heavyArms.tga.002
0  40.295059 1.480618 0.002864  0.307893 0.678002 0.667469  0.590313 0.892306 2 8 0.739845 9 0.260155
0  40.331089 0.841750 0.041744  0.423268 -0.548666 0.720978  0.619109 0.897087 2 8 0.754968 9 0.245032
0  40.375992 0.846773 0.017802  0.451987 -0.547795 0.704009  0.618589 0.899541 2 9 0.835187 8 0.164813
v_heavyArms.tga.002
0  40.198673 0.672326 -0.439576  0.163330 -0.967780 0.191638  0.634069 0.902601 2 9 0.108877 8 0.891123
0  40.194473 0.694894 -0.479890  -0.071048 -0.873497 -0.481617  0.636082 0.903287 2 9 0.122836 8 0.877164
0  40.241653 0.700461 -0.496760  -0.064732 -0.874256 -0.481129  0.635709 0.906416 2 8 0.597104 9 0.402896
v_heavyArms.tga.002
0  40.245876 0.677318 -0.455250  0.178833 -0.961301 0.209569  0.633685 0.905721 2 8 0.625458 9 0.374542
0  40.241653 0.700461 -0.496760  -0.064732 -0.874256 -0.481129  0.635709 0.906416 2 8 0.597104 9 0.402896
0  40.288620 0.707204 -0.515102  -0.069931 -0.870740 -0.486745  0.634887 0.909071 2 8 0.174264 9 0.825736
v_heavyArms.tga.002
0  41.372124 0.882477 -0.935957  0.341314 -0.551862 0.760890  0.612485 0.966964 1 9 1.000000
0  40.292118 0.709639 -0.457369  0.370768 -0.377478 0.848553  0.631070 0.907277 2 8 0.181530 9 0.818470
0  40.589622 0.714306 -0.572501  0.433603 -0.739138 0.515426  0.630684 0.928261 2 9 0.886884 8 0.113116
v_heavyArms.tga.002
0  40.292118 0.709639 -0.457369  0.370768 -0.377478 0.848553  0.631070 0.907277 2 8 0.181530 9 0.818470
0  40.293079 0.682309 -0.470924  0.205529 -0.944571 0.256014  0.633265 0.908809 2 8 0.233829 9 0.766171
0  40.589622 0.714306 -0.572501  0.433603 -0.739138 0.515426  0.630684 0.928261 2 9 0.886884 8 0.113116
v_heavyArms.tga.002
0  40.246147 0.400332 -0.340291  -0.085208 0.927667 -0.363557  0.660061 0.892378 2 11 0.153029 12 0.846971
0  40.237835 0.376863 -0.346123  -0.281088 0.324008 -0.903332  0.659251 0.893002 2 12 0.850336 11 0.149664
0  40.188080 0.378467 -0.330343  -0.268393 0.320943 -0.908273  0.659080 0.890070 2 12 0.383781 11 0.616219
v_heavyArms.tga.002
0  40.196415 0.401993 -0.324492  -0.083980 0.927138 -0.365189  0.659880 0.889447 2 12 0.368558 11 0.631442
0  40.188080 0.378467 -0.330343  -0.268393 0.320943 -0.908273  0.659080 0.890070 2 12 0.383781 11 0.616219
0  40.138134 0.379825 -0.315492  -0.256154 0.317880 -0.912873  0.658897 0.886835 2 11 0.859611 12 0.140389
v_heavyArms.tga.002
0  40.226898 -0.625477 -0.310636  0.087233 -0.980401 0.176648  0.725913 0.887695 2 12 0.824814 11 0.175186
0  40.267834 -0.536907 0.159918  0.294821 -0.630986 0.717591  0.708948 0.883694 2 11 0.196558 12 0.803442
0  40.218700 -0.538253 0.178678  0.283284 -0.631385 0.721875  0.708728 0.880859 2 11 0.715825 12 0.284175
v_heavyArms.tga.002
0  40.177361 -0.627068 -0.294905  0.087485 -0.980475 0.176113  0.725770 0.884787 2 12 0.362136 11 0.637864
0  40.218700 -0.538253 0.178678  0.283284 -0.631385 0.721875  0.708728 0.880859 2 11 0.715825 12 0.284175
0  40.169380 -0.539612 0.196292  0.270015 -0.632277 0.726166  0.708562 0.877511 3 12 0.096773 10 0.013643 11 0.889584
v_heavyArms.tga.002
0  40.191475 -0.382204 -0.852939  -0.168659 -0.470890 -0.865920  0.305843 0.905973 2 12 0.913668 11 0.086332
0  40.225746 -0.590255 -0.550232  -0.079318 -0.924528 -0.372768  0.292337 0.907384 2 12 0.884285 11 0.115715
0  40.176159 -0.591219 -0.538000  -0.061457 -0.925370 -0.374051  0.292377 0.904809 2 12 0.614281 11 0.385719
v_heavyArms.tga.002
0  40.141441 -0.383532 -0.844104  -0.117328 -0.481077 -0.868792  0.305920 0.903424 2 12 0.685364 11 0.314636
0  40.176159 -0.591219 -0.538000  -0.061457 -0.925370 -0.374051  0.292377 0.904809 2 12 0.614281 11 0.385719
0  40.126457 -0.593182 -0.526736  -0.042898 -0.929453 -0.366438  0.292618 0.901848 2 11 0.781707 12 0.218293
v_heavyArms.tga.002
0  40.237255 0.381079 -0.516077  -0.002529 0.988504 -0.151173  0.346456 0.908977 2 11 0.116148 12 0.883852
0  40.206505 0.258743 -0.866625  -0.148047 0.575038 -0.804620  0.334613 0.908399 2 12 0.907727 11 0.092273
0  40.156525 0.259758 -0.857498  -0.121571 0.577368 -0.807382  0.334719 0.905857 2 11 0.319639 12 0.680361
v_heavyArms.tga.002
0  40.187504 0.382813 -0.504100  -0.000334 0.988640 -0.150303  0.346712 0.906310 2 11 0.392172 12 0.607828
0  40.156525 0.259758 -0.857498  -0.121571 0.577368 -0.807382  0.334719 0.905857 2 11 0.319639 12 0.680361
0  40.106380 0.260429 -0.850343  -0.092349 0.579146 -0.809976  0.334872 0.902889 2 12 0.275230 11 0.724770
v_heavyArms.tga.002
0  40.267834 -0.536907 0.159918  0.294821 -0.630986 0.717591  0.709100 0.887962 2 11 0.196558 12 0.803442
0  40.303890 0.233329 0.146880  0.306086 0.580010 0.754917  0.677610 0.890634 2 11 0.171837 12 0.828163
0  40.254868 0.234599 0.165540  0.295004 0.581674 0.758042  0.677563 0.887977 2 11 0.730478 12 0.269522
v_heavyArms.tga.002
0  40.218700 -0.538253 0.178678  0.283284 -0.631385 0.721875  0.708857 0.885287 2 11 0.715825 12 0.284175
0  40.254868 0.234599 0.165540  0.295004 0.581674 0.758042  0.677563 0.887977 2 11 0.730478 12 0.269522
0  40.205654 0.236092 0.183051  0.283030 0.583609 0.761114  0.677352 0.884543 2 12 0.086443 11 0.913557
v_heavyArms.tga.002
0  40.234417 -0.653614 -0.359121  -0.064622 -0.952142 -0.298747  0.728426 0.887144 2 11 0.163043 12 0.836957
0  40.226898 -0.625477 -0.310636  0.190531 -0.836239 0.514200  0.725913 0.887695 2 12 0.824814 11 0.175186
0  40.177361 -0.627068 -0.294905  0.191461 -0.834494 0.516684  0.725770 0.884787 2 12 0.362136 11 0.637864
v_heavyArms.tga.002
0  40.184891 -0.655311 -0.343252  -0.062500 -0.952991 -0.296483  0.728294 0.884152 2 12 0.421591 11 0.578409
0  40.177361 -0.627068 -0.294905  0.191461 -0.834494 0.516684  0.725770 0.884787 2 12 0.362136 11 0.637864
0  40.127819 -0.628659 -0.279173  0.192586 -0.832717 0.519128  0.725548 0.881558 3 10 0.011131 12 0.138761 11 0.850108
v_heavyArms.tga.002
0  40.237835 0.376863 -0.346123  0.041699 0.998824 0.024735  0.354716 0.916693 2 12 0.850336 11 0.149664
0  40.237255 0.381079 -0.516077  -0.002529 0.988504 -0.151173  0.348181 0.916244 2 11 0.116148 12 0.883852
0  40.187504 0.382813 -0.504100  -0.000334 0.988640 -0.150303  0.348558 0.913869 2 11 0.392172 12 0.607828
v_heavyArms.tga.002
0  40.188080 0.378467 -0.330343  0.036767 0.999015 0.024833  0.355187 0.914199 2 12 0.383781 11 0.616219
0  40.187504 0.382813 -0.504100  -0.000334 0.988640 -0.150303  0.348558 0.913869 2 11 0.392172 12 0.607828
0  40.137543 0.384289 -0.494450  0.000926 0.988485 -0.151316  0.348542 0.910659 2 12 0.215597 11 0.784403
v_heavyArms.tga.002
0  40.135361 -0.657008 -0.327382  -0.060737 -0.953811 -0.294203  0.728029 0.880983 3 10 0.006007 12 0.156621 11 0.837372
0  40.130638 -0.627155 -0.338236  -0.270463 -0.366418 -0.890274  0.730086 0.880441 3 10 0.006284 11 0.829868 12 0.163848
0  40.180180 -0.625500 -0.354027  -0.271968 -0.365165 -0.890330  0.730347 0.883561 2 11 0.562288 12 0.437712
v_heavyArms.tga.002
0  40.184891 -0.655311 -0.343252  -0.062500 -0.952991 -0.296483  0.728294 0.884152 2 12 0.421591 11 0.578409
0  40.180180 -0.625500 -0.354027  -0.271968 -0.365165 -0.890330  0.730347 0.883561 2 11 0.562288 12 0.437712
0  40.229721 -0.623846 -0.369818  -0.272703 -0.363762 -0.890679  0.730458 0.886614 2 11 0.158834 12 0.841166
v_heavyArms.tga.002
0  40.130638 -0.627155 -0.338236  -0.020882 -0.983662 -0.178807  0.284651 0.900617 3 10 0.006284 11 0.829868 12 0.163848
0  40.126457 -0.593182 -0.526736  -0.042898 -0.929453 -0.366438  0.291637 0.898768 2 11 0.781707 12 0.218293
0  40.176159 -0.591219 -0.538000  -0.061457 -0.925370 -0.374051  0.291345 0.901588 2 12 0.614281 11 0.385719
v_heavyArms.tga.002
0  40.180180 -0.625500 -0.354027  -0.025392 -0.982874 -0.182524  0.284487 0.903456 2 11 0.562288 12 0.437712
0  40.176159 -0.591219 -0.538000  -0.061457 -0.925370 -0.374051  0.291345 0.901588 2 12 0.614281 11 0.385719
0  40.225746 -0.590255 -0.550232  -0.079318 -0.924528 -0.372768  0.291351 0.904287 2 12 0.884285 11 0.115715
v_heavyArms.tga.002
0  40.091164 -0.385183 -0.837868  -0.085792 -0.489105 -0.867996  0.306259 0.900495 2 11 0.731809 12 0.268191
0  40.106380 0.260429 -0.850343  -0.092349 0.579146 -0.809976  0.334872 0.902889 2 12 0.275230 11 0.724770
0  40.156525 0.259758 -0.857498  -0.121571 0.577368 -0.807382  0.334719 0.905857 2 11 0.319639 12 0.680361
v_heavyArms.tga.002
0  40.141441 -0.383532 -0.844104  -0.117328 -0.481077 -0.868792  0.305920 0.903424 2 12 0.685364 11 0.314636
0  40.156525 0.259758 -0.857498  -0.121571 0.577368 -0.807382  0.334719 0.905857 2 11 0.319639 12 0.680361
0  40.206505 0.258743 -0.866625  -0.148047 0.575038 -0.804620  0.334613 0.908399 2 12 0.907727 11 0.092273
v_heavyArms.tga.002
0  40.138424 0.378079 -0.253784  0.115500 0.951528 0.285051  0.662032 0.886582 2 11 0.882425 12 0.117575
0  40.205654 0.236092 0.183051  0.283030 0.583609 0.761114  0.677352 0.884543 2 12 0.086443 11 0.913557
0  40.254868 0.234599 0.165540  0.295004 0.581674 0.758042  0.677563 0.887977 2 11 0.730478 12 0.269522
v_heavyArms.tga.002
0  40.188274 0.376735 -0.268395  0.117698 0.948682 0.293511  0.662235 0.889854 2 12 0.321890 11 0.678110
0  40.254868 0.234599 0.165540  0.295004 0.581674 0.758042  0.677563 0.887977 2 11 0.730478 12 0.269522
0  40.303890 0.233329 0.146880  0.306086 0.580010 0.754917  0.677610 0.890634 2 11 0.171837 12 0.828163
v_heavyArms.tga.002
0  40.146488 0.403426 -0.309617  -0.083728 0.925929 -0.368299  0.659705 0.886228 2 12 0.133780 11 0.866220
0  40.138424 0.378079 -0.253784  0.143435 0.893183 0.426206  0.662032 0.886582 2 11 0.882425 12 0.117575
0  40.188274 0.376735 -0.268395  0.154424 0.891874 0.425105  0.662235 0.889854 2 12 0.321890 11 0.678110
v_heavyArms.tga.002
0  40.196415 0.401993 -0.324492  -0.083980 0.927138 -0.365189  0.659880 0.889447 2 12 0.368558 11 0.631442
0  40.188274 0.376735 -0.268395  0.154424 0.891874 0.425105  0.662235 0.889854 2 12 0.321890 11 0.678110
0  40.237942 0.375167 -0.283964  0.165979 0.891092 0.422381  0.662400 0.892682 2 11 0.164296 12 0.835704
v_heavyArms.tga.002
0  38.370872 -0.656056 0.154978  0.260971 -0.964191 0.047223  0.291900 0.801300 2 10 0.911899 11 0.088101
0  38.400173 -0.686256 -0.254371  0.185160 -0.965057 -0.185422  0.301500 0.796200 3 10 0.862357 11 0.130621 14 0.007022
0  38.993835 -0.653935 -0.294350  0.021954 -0.971098 -0.237670  0.298258 0.834234 2 11 0.349073 10 0.650927
v_heavyArms.tga.002
0  39.105190 -0.694429 0.003594  -0.031215 -0.979445 -0.199281  0.722510 0.815140 2 11 0.771081 10 0.228919
0  39.086288 -0.663227 0.051083  0.195024 -0.783091 0.590538  0.720883 0.813771 2 11 0.760500 10 0.239500
0  39.034557 -0.664138 0.065992  0.157063 -0.792756 0.588957  0.720661 0.810422 2 11 0.371202 10 0.628798
v_heavyArms.tga.002
0  39.053337 -0.695548 0.018792  -0.040876 -0.978631 -0.201521  0.722264 0.811835 2 11 0.404349 10 0.595651
0  39.034557 -0.664138 0.065992  0.157063 -0.792756 0.588957  0.720661 0.810422 2 11 0.371202 10 0.628798
0  38.982609 -0.663918 0.078860  0.124243 -0.799150 0.588152  0.720226 0.807300 2 11 0.222088 10 0.777912
v_heavyArms.tga.002
0  39.024498 0.429460 0.002211  -0.075760 0.931856 -0.354830  0.655508 0.814918 3 7 0.054520 10 0.691474 11 0.254007
0  39.013348 0.402003 0.053227  0.063556 0.872039 0.485292  0.657119 0.813666 3 7 0.053947 10 0.737392 11 0.208661
0  39.065353 0.402717 0.043443  0.097807 0.868799 0.485409  0.657443 0.816321 3 7 0.008384 10 0.584088 11 0.407528
v_heavyArms.tga.002
0  39.076500 0.429901 -0.007646  -0.072759 0.937337 -0.340741  0.655826 0.817514 3 7 0.010375 11 0.521928 10 0.467697
0  39.065353 0.402717 0.043443  0.097807 0.868799 0.485409  0.657443 0.816321 3 7 0.008384 10 0.584088 11 0.407528
0  39.117027 0.402298 0.030990  0.138445 0.863342 0.485257  0.657678 0.819677 2 10 0.193347 11 0.806653
v_heavyArms.tga.002
0  39.138844 0.271803 0.544058  0.262206 0.605042 0.751779  0.672495 0.810330 2 10 0.211616 11 0.788384
0  39.117027 0.402298 0.030990  0.079929 0.966850 0.242514  0.657678 0.819677 2 10 0.193347 11 0.806653
0  39.065353 0.402717 0.043443  0.052397 0.968864 0.241987  0.657443 0.816321 3 7 0.008384 10 0.584088 11 0.407528
v_heavyArms.tga.002
0  39.087540 0.273692 0.560330  0.249766 0.609076 0.752757  0.672248 0.806783 2 11 0.310970 10 0.689030
0  39.065353 0.402717 0.043443  0.052397 0.968864 0.241987  0.657443 0.816321 3 7 0.008384 10 0.584088 11 0.407528
0  39.013348 0.402003 0.053227  0.043673 0.975911 0.213753  0.657119 0.813666 3 7 0.053947 10 0.737392 11 0.208661
v_heavyArms.tga.002
0  39.001225 -0.695595 0.032003  -0.055036 -0.976551 -0.208131  0.721816 0.808594 2 11 0.243643 10 0.756357
0  38.983646 -0.665517 0.020617  -0.206893 -0.451251 -0.868083  0.723792 0.808640 2 11 0.247457 10 0.752543
0  39.035809 -0.665546 0.007694  -0.225266 -0.452479 -0.862855  0.724228 0.811668 2 11 0.408745 10 0.591255
v_heavyArms.tga.002
0  39.053337 -0.695548 0.018792  -0.040876 -0.978631 -0.201521  0.722264 0.811835 2 11 0.404349 10 0.595651
0  39.035809 -0.665546 0.007694  -0.225266 -0.452479 -0.862855  0.724228 0.811668 2 11 0.408745 10 0.591255
0  39.087708 -0.664475 -0.007271  -0.246840 -0.454795 -0.855705  0.724504 0.814917 2 11 0.771444 10 0.228556
v_heavyArms.tga.002
0  39.076260 -0.423002 -0.749378  -0.043111 -0.521069 -0.852425  0.313081 0.841570 3 11 0.771254 12 0.047714 10 0.181032
0  39.097130 -0.648355 -0.307989  0.009349 -0.965461 -0.260381  0.297720 0.840617 3 11 0.794846 12 0.018305 10 0.186849
0  39.045578 -0.651131 -0.299468  0.018702 -0.968383 -0.248766  0.298041 0.837562 2 11 0.581546 10 0.418454
v_heavyArms.tga.002
0  39.024483 -0.424408 -0.747164  0.000772 -0.521422 -0.853299  0.313436 0.838571 3 12 0.001329 11 0.612339 10 0.386332
0  39.045578 -0.651131 -0.299468  0.018702 -0.968383 -0.248766  0.298041 0.837562 2 11 0.581546 10 0.418454
0  38.993835 -0.653935 -0.294350  0.021954 -0.971098 -0.237670  0.298258 0.834234 2 11 0.349073 10 0.650927
v_heavyArms.tga.002
0  39.118519 0.403909 -0.026545  0.020152 0.999557 0.021894  0.358062 0.845876 2 11 0.819763 10 0.180237
0  39.120480 0.410567 -0.331973  -0.000390 0.988334 -0.152299  0.348206 0.845504 3 12 0.012616 10 0.163460 11 0.823924
0  39.068890 0.411136 -0.327277  -0.005163 0.988616 -0.150373  0.348189 0.842213 3 10 0.365476 7 0.023787 11 0.610737
v_heavyArms.tga.002
0  39.066833 0.404322 -0.013947  0.000129 0.999764 0.021742  0.358137 0.842588 3 11 0.547279 10 0.439416 7 0.013304
0  39.068890 0.411136 -0.327277  -0.005163 0.988616 -0.150373  0.348189 0.842213 3 10 0.365476 7 0.023787 11 0.610737
0  39.016987 0.410632 -0.327545  -0.007356 0.988883 -0.148516  0.348222 0.838946 3 7 0.064611 11 0.369261 10 0.566128
v_heavyArms.tga.002
0  39.086288 -0.663227 0.051083  0.080563 -0.980450 0.179520  0.720883 0.813771 2 11 0.760500 10 0.239500
0  39.112907 -0.568840 0.555222  0.250919 -0.634582 0.730990  0.705627 0.806156 2 11 0.755020 10 0.244980
0  39.061508 -0.569170 0.571736  0.220401 -0.637008 0.738677  0.705505 0.802703 2 10 0.676634 11 0.323366
v_heavyArms.tga.002
0  39.034557 -0.664138 0.065992  0.056760 -0.981708 0.181736  0.720661 0.810422 2 11 0.371202 10 0.628798
0  39.061508 -0.569170 0.571736  0.220401 -0.637008 0.738677  0.705505 0.802703 2 10 0.676634 11 0.323366
0  39.009933 -0.567958 0.586966  0.193946 -0.636163 0.746781  0.705034 0.799811 2 11 0.166488 10 0.833512
v_heavyArms.tga.002
0  39.128181 0.429317 -0.020293  -0.069973 0.939837 -0.334382  0.656029 0.820816 2 11 0.817580 10 0.182420
0  39.118519 0.403909 -0.026545  -0.234601 0.315469 -0.919479  0.655178 0.820994 2 11 0.819763 10 0.180237
0  39.066833 0.404322 -0.013947  -0.197706 0.304310 -0.931830  0.654990 0.817673 3 11 0.547279 10 0.439416 7 0.013304
v_heavyArms.tga.002
0  39.076500 0.429901 -0.007646  -0.072759 0.937337 -0.340741  0.655826 0.817514 3 7 0.010375 11 0.521928 10 0.467697
0  39.066833 0.404322 -0.013947  -0.197706 0.304310 -0.931830  0.654990 0.817673 3 11 0.547279 10 0.439416 7 0.013304
0  39.014801 0.403601 -0.004149  -0.161614 0.292378 -0.942548  0.654646 0.815188 3 11 0.267117 10 0.675457 7 0.057426
v_heavyArms.tga.002
0  38.983646 -0.665517 0.020617  -0.015708 -0.999038 -0.040946  0.288559 0.835120 2 11 0.247457 10 0.752543
0  38.993835 -0.653935 -0.294350  0.021954 -0.971098 -0.237670  0.298258 0.834234 2 11 0.349073 10 0.650927
0  39.045578 -0.651131 -0.299468  0.018702 -0.968383 -0.248766  0.297975 0.837558 2 11 0.581546 10 0.418454
v_heavyArms.tga.002
0  39.035809 -0.665546 0.007694  -0.003066 -0.998778 -0.049330  0.288320 0.838008 2 11 0.408745 10 0.591255
0  39.045578 -0.651131 -0.299468  0.018702 -0.968383 -0.248766  0.297975 0.837558 2 11 0.581546 10 0.418454
0  39.097130 -0.648355 -0.307989  0.009349 -0.965461 -0.260381  0.297674 0.840470 3 11 0.794846 12 0.018305 10 0.186849
v_heavyArms.tga.002
0  39.035992 0.275832 0.575146  0.236648 0.612784 0.753985  0.671840 0.804081 2 11 0.150812 10 0.849188
0  39.009933 -0.567958 0.586966  0.193946 -0.636163 0.746781  0.705034 0.799811 2 11 0.166488 10 0.833512
0  39.061508 -0.569170 0.571736  0.220401 -0.637008 0.738677  0.705441 0.802698 2 10 0.676634 11 0.323366
v_heavyArms.tga.002
0  39.087540 0.273692 0.560330  0.249766 0.609076 0.752757  0.672248 0.806783 2 11 0.310970 10 0.689030
0  39.061508 -0.569170 0.571736  0.220401 -0.637008 0.738677  0.705441 0.802698 2 10 0.676634 11 0.323366
0  39.112907 -0.568840 0.555222  0.250919 -0.634582 0.730990  0.705634 0.806352 2 11 0.755020 10 0.244980
v_heavyArms.tga.002
0  39.120480 0.410567 -0.331973  -0.000390 0.988334 -0.152299  0.348123 0.845157 3 12 0.012616 10 0.163460 11 0.823924
0  39.113354 0.268869 -0.736547  -0.071071 0.591109 -0.803455  0.337792 0.844256 3 11 0.777013 12 0.051377 10 0.171610
0  39.061775 0.269537 -0.732520  -0.026670 0.593803 -0.804168  0.337943 0.841221 4 10 0.368059 12 0.003408 11 0.623480 7 0.005053
v_heavyArms.tga.002
0  39.068890 0.411136 -0.327277  -0.005163 0.988616 -0.150373  0.348104 0.842205 3 10 0.365476 7 0.023787 11 0.610737
0  39.061775 0.269537 -0.732520  -0.026670 0.593803 -0.804168  0.337943 0.841221 4 10 0.368059 12 0.003408 11 0.623480 7 0.005053
0  39.009941 0.270533 -0.731938  0.046533 0.603417 -0.796067  0.338410 0.837736 3 11 0.409070 7 0.036816 10 0.554114
v_heavyArms.tga.002
0  39.113354 0.268869 -0.736547  -0.071071 0.591109 -0.803455  0.337792 0.844256 3 11 0.777013 12 0.051377 10 0.171610
0  39.076260 -0.423002 -0.749378  -0.043111 -0.521069 -0.852425  0.313081 0.841570 3 11 0.771254 12 0.047714 10 0.181032
0  39.024483 -0.424408 -0.747164  0.000772 -0.521422 -0.853299  0.313436 0.838571 3 12 0.001329 11 0.612339 10 0.386332
v_heavyArms.tga.002
0  39.061775 0.269537 -0.732520  -0.026670 0.593803 -0.804168  0.337943 0.841221 4 10 0.368059 12 0.003408 11 0.623480 7 0.005053
0  39.024483 -0.424408 -0.747164  0.000772 -0.521422 -0.853299  0.313436 0.838571 3 12 0.001329 11 0.612339 10 0.386332
0  38.972549 -0.425081 -0.748190  0.044632 -0.527158 -0.848594  0.313875 0.835091 2 10 0.618312 11 0.381688
v_heavyArms.tga.002
0  38.409672 -0.687556 0.165579  0.055038 -0.989377 -0.134554  0.717100 0.771900 2 10 0.922179 11 0.077821
0  38.370872 -0.656056 0.154978  0.213841 -0.078634 -0.973698  0.718700 0.773200 2 10 0.911899 11 0.088101
0  38.983646 -0.665517 0.020617  -0.206893 -0.451251 -0.868083  0.723792 0.808640 2 11 0.247457 10 0.752543
v_heavyArms.tga.002
0  40.126347 -1.696635 -1.060712  -0.238237 -0.389379 -0.889734  0.226124 0.872543 2 14 0.153211 15 0.846789
0  40.138916 -1.841597 -0.858096  -0.096857 -0.917854 -0.384919  0.218484 0.872616 2 15 0.849108 14 0.150892
0  40.090252 -1.842240 -0.844779  -0.085580 -0.918302 -0.386519  0.218443 0.870153 2 15 0.659654 14 0.340346
v_heavyArms.tga.002
0  40.077576 -1.696150 -1.048598  -0.206194 -0.391438 -0.896806  0.226173 0.870046 2 14 0.333965 15 0.666035
0  40.090252 -1.842240 -0.844779  -0.085580 -0.918302 -0.386519  0.218443 0.870153 2 15 0.659654 14 0.340346
0  40.041164 -1.842630 -0.833869  -0.074393 -0.917770 -0.390081  0.218402 0.868221 3 15 0.282759 14 0.698916 13 0.018324
v_heavyArms.tga.002
0  40.192627 -1.915081 -0.545758  0.068883 -0.986474 0.148745  0.815812 0.870630 2 14 0.131177 15 0.868823
0  40.272987 -1.833800 -0.034964  0.244862 -0.712240 0.657842  0.794715 0.867226 2 15 0.832833 14 0.167167
0  40.224869 -1.834877 -0.018997  0.221253 -0.712965 0.665378  0.794421 0.864265 2 15 0.282470 14 0.717530
v_heavyArms.tga.002
0  40.143974 -1.916103 -0.533108  0.053131 -0.987696 0.147082  0.815726 0.867480 2 15 0.632957 14 0.367043
0  40.224869 -1.834877 -0.018997  0.221253 -0.712965 0.665378  0.794421 0.864265 2 15 0.282470 14 0.717530
0  40.176399 -1.835718 -0.004852  0.193223 -0.717045 0.669710  0.794142 0.861871 2 15 0.069007 14 0.930993
v_heavyArms.tga.002
0  40.188770 -1.939117 -0.568365  0.009147 -0.998651 -0.051117  0.817518 0.870709 2 15 0.866805 14 0.133195
0  40.192627 -1.915081 -0.545758  0.208196 -0.687647 0.695554  0.815812 0.870630 2 14 0.131177 15 0.868823
0  40.143974 -1.916103 -0.533108  0.177822 -0.689128 0.702483  0.815726 0.867480 2 15 0.632957 14 0.367043
v_heavyArms.tga.002
0  40.140106 -1.940137 -0.555706  0.005405 -0.998774 -0.049202  0.817448 0.867549 2 15 0.651888 14 0.348112
0  40.143974 -1.916103 -0.533108  0.177822 -0.689128 0.702483  0.815726 0.867480 2 15 0.632957 14 0.367043
0  40.094902 -1.916830 -0.522685  0.147476 -0.689924 0.708700  0.815676 0.864974 3 13 0.002369 15 0.224087 14 0.773544
v_heavyArms.tga.002
0  40.246353 -0.963706 -0.387522  0.177946 0.965437 0.190439  0.742564 0.886260 2 15 0.797511 14 0.202489
0  40.241863 -0.993710 -0.432236  -0.105743 0.829894 -0.547808  0.685232 0.890239 2 14 0.187269 15 0.812731
0  40.193832 -0.988325 -0.415667  -0.089065 0.832648 -0.546594  0.681403 0.887262 2 15 0.477196 14 0.522804
v_heavyArms.tga.002
0  40.198341 -0.958690 -0.371147  0.161596 0.967632 0.193845  0.740791 0.883251 2 14 0.582780 15 0.417220
0  40.193832 -0.988325 -0.415667  -0.089065 0.832648 -0.546594  0.681403 0.887262 2 15 0.477196 14 0.522804
0  40.145382 -0.983571 -0.401496  -0.074545 0.835431 -0.544517  0.677312 0.884981 2 15 0.171007 14 0.828993
v_heavyArms.tga.002
0  40.272987 -1.833800 -0.034964  0.244862 -0.712240 0.657842  0.794715 0.867226 2 15 0.832833 14 0.167167
0  40.304771 -1.099753 0.097509  0.351045 0.535637 0.768024  0.759863 0.872477 2 14 0.212251 15 0.787749
0  40.257149 -1.095072 0.115390  0.323134 0.535296 0.780412  0.759203 0.869499 2 15 0.289036 14 0.710964
v_heavyArms.tga.002
0  40.224869 -1.834877 -0.018997  0.221253 -0.712965 0.665378  0.794421 0.864265 2 15 0.282470 14 0.717530
0  40.257149 -1.095072 0.115390  0.323134 0.535296 0.780412  0.759203 0.869499 2 15 0.289036 14 0.710964
0  40.209122 -1.090953 0.131324  0.288540 0.536359 0.793136  0.758764 0.867073 2 15 0.078174 14 0.921826
v_heavyArms.tga.002
0  40.230656 -1.053229 -0.687484  0.043720 0.973715 -0.223533  0.260268 0.878469 2 14 0.157124 15 0.842876
0  40.178017 -1.118297 -0.986413  -0.130950 0.687004 -0.714757  0.251461 0.875830 2 15 0.846257 14 0.153743
0  40.129631 -1.113455 -0.973520  -0.107554 0.686969 -0.718683  0.251746 0.873370 2 15 0.662197 14 0.337803
v_heavyArms.tga.002
0  40.182632 -1.047398 -0.672294  0.048691 0.973058 -0.225359  0.260627 0.876024 2 14 0.360901 15 0.639099
0  40.129631 -1.113455 -0.973520  -0.107554 0.686969 -0.718683  0.251746 0.873370 2 15 0.662197 14 0.337803
0  40.080826 -1.108918 -0.962811  -0.082380 0.681875 -0.726815  0.252008 0.871420 3 14 0.683476 13 0.009506 15 0.307018
v_heavyArms.tga.002
0  40.149891 -0.954294 -0.357195  0.140938 0.971959 0.188232  0.741156 0.880787 2 15 0.154708 14 0.845292
0  40.144638 -0.981855 -0.336980  0.266995 0.536381 0.800630  0.743521 0.879068 2 15 0.138923 14 0.861077
0  40.192963 -0.986320 -0.351298  0.302513 0.518489 0.799784  0.744023 0.881521 2 14 0.627799 15 0.372201
v_heavyArms.tga.002
0  40.198341 -0.958690 -0.371147  0.161596 0.967632 0.193845  0.740791 0.883251 2 14 0.582780 15 0.417220
0  40.192963 -0.986320 -0.351298  0.302513 0.518489 0.799784  0.744023 0.881521 2 14 0.627799 15 0.372201
0  40.240814 -0.991393 -0.367983  0.340434 0.495962 0.798828  0.744801 0.884599 2 15 0.787502 14 0.212498
v_heavyArms.tga.002
0  40.079014 -1.893090 -0.579136  -0.030274 -0.981382 -0.189666  0.206485 0.870390 3 15 0.243309 14 0.747722 13 0.008969
0  40.041164 -1.842630 -0.833869  -0.074393 -0.917770 -0.390081  0.218402 0.868221 3 15 0.282759 14 0.698916 13 0.018324
0  40.090252 -1.842240 -0.844779  -0.085580 -0.918302 -0.386519  0.218443 0.870153 2 15 0.659654 14 0.340346
v_heavyArms.tga.002
0  40.128132 -1.892645 -0.589568  -0.033081 -0.981488 -0.188643  0.206611 0.872254 2 15 0.658596 14 0.341404
0  40.090252 -1.842240 -0.844779  -0.085580 -0.918302 -0.386519  0.218443 0.870153 2 15 0.659654 14 0.340346
0  40.138916 -1.841597 -0.858096  -0.096857 -0.917854 -0.384919  0.218484 0.872616 2 15 0.849108 14 0.150892
v_heavyArms.tga.002
0  40.091034 -1.940867 -0.545280  0.001100 -0.998528 -0.054238  0.817401 0.865043 3 15 0.236518 14 0.758220 13 0.005262
0  40.079014 -1.893090 -0.579136  -0.148016 -0.595576 -0.789545  0.820614 0.864816 3 15 0.243309 14 0.747722 13 0.008969
0  40.128132 -1.892645 -0.589568  -0.175925 -0.599849 -0.780533  0.820617 0.867341 2 15 0.658596 14 0.341404
v_heavyArms.tga.002
0  40.140106 -1.940137 -0.555706  0.005405 -0.998774 -0.049202  0.817448 0.867549 2 15 0.651888 14 0.348112
0  40.128132 -1.892645 -0.589568  -0.175925 -0.599849 -0.780533  0.820617 0.867341 2 15 0.658596 14 0.341404
0  40.176838 -1.891931 -0.602256  -0.200600 -0.604816 -0.770686  0.820704 0.870529 2 15 0.863574 14 0.136426
v_heavyArms.tga.002
0  40.144638 -0.981855 -0.336980  0.142712 0.968105 0.205925  0.743521 0.879068 2 15 0.138923 14 0.861077
0  40.209122 -1.090953 0.131324  0.288540 0.536359 0.793136  0.758764 0.867073 2 15 0.078174 14 0.921826
0  40.257149 -1.095072 0.115390  0.323134 0.535296 0.780412  0.759203 0.869499 2 15 0.289036 14 0.710964
v_heavyArms.tga.002
0  40.192963 -0.986320 -0.351298  0.162131 0.965739 0.202635  0.744023 0.881521 2 14 0.627799 15 0.372201
0  40.257149 -1.095072 0.115390  0.323134 0.535296 0.780412  0.759203 0.869499 2 15 0.289036 14 0.710964
0  40.304771 -1.099753 0.097509  0.351045 0.535637 0.768024  0.759863 0.872477 2 14 0.212251 15 0.787749
v_heavyArms.tga.002
0  40.028412 -1.695576 -1.038666  -0.173907 -0.391646 -0.903532  0.226238 0.868065 3 15 0.314552 14 0.665485 13 0.019962
0  40.080826 -1.108918 -0.962811  -0.082380 0.681875 -0.726815  0.252008 0.871420 3 14 0.683476 13 0.009506 15 0.307018
0  40.129631 -1.113455 -0.973520  -0.107554 0.686969 -0.718683  0.251746 0.873370 2 15 0.662197 14 0.337803
v_heavyArms.tga.002
0  40.077576 -1.696150 -1.048598  -0.206194 -0.391438 -0.896806  0.226173 0.870046 2 14 0.333965 15 0.666035
0  40.129631 -1.113455 -0.973520  -0.107554 0.686969 -0.718683  0.251746 0.873370 2 15 0.662197 14 0.337803
0  40.178017 -1.118297 -0.986413  -0.130950 0.687004 -0.714757  0.251461 0.875830 2 15 0.846257 14 0.153743
v_heavyArms.tga.002
0  40.134232 -1.041769 -0.659221  0.049718 0.974102 -0.220575  0.260980 0.874119 2 15 0.249455 14 0.750545
0  40.145382 -0.983571 -0.401496  0.030063 0.974717 -0.221410  0.272456 0.877418 2 15 0.171007 14 0.828993
0  40.193832 -0.988325 -0.415667  0.032389 0.974189 -0.223397  0.272028 0.879270 2 15 0.477196 14 0.522804
v_heavyArms.tga.002
0  40.182632 -1.047398 -0.672294  0.048691 0.973058 -0.225359  0.260627 0.876024 2 14 0.360901 15 0.639099
0  40.193832 -0.988325 -0.415667  0.032389 0.974189 -0.223397  0.272028 0.879270 2 15 0.477196 14 0.522804
0  40.241863 -0.993710 -0.432236  0.034641 0.972693 -0.229495  0.271671 0.881730 2 14 0.187269 15 0.812731
v_heavyArms.tga.002
0  38.959286 -1.849849 0.316817  0.154335 -0.750356 0.642764  0.787748 0.801582 2 14 0.106578 13 0.893422
0  38.138298 -1.817440 0.541511  0.141579 -0.745353 0.651463  0.782600 0.751500 1 13 1.000000
0  38.089973 -1.894856 -0.308122  0.022919 -0.995467 0.092300  0.819100 0.753600 2 13 0.942094 14 0.057906
v_heavyArms.tga.002
0  39.132919 -0.871751 -0.101970  0.113286 0.987020 0.113835  0.728947 0.830754 2 14 0.868621 13 0.131379
0  39.122845 -0.893221 -0.139823  -0.044058 0.873974 -0.483971  0.591495 0.837144 2 13 0.134583 14 0.865417
0  39.073536 -0.888656 -0.127364  -0.041368 0.872119 -0.487543  0.587328 0.834821 3 14 0.643634 13 0.346398 10 0.009968
v_heavyArms.tga.002
0  39.083298 -0.867259 -0.090007  0.117769 0.986957 0.109752  0.728030 0.828320 3 14 0.644598 13 0.349535 10 0.005867
0  39.073536 -0.888656 -0.127364  -0.041368 0.872119 -0.487543  0.587328 0.834821 3 14 0.643634 13 0.346398 10 0.009968
0  39.024227 -0.884090 -0.114904  -0.027786 0.855468 -0.517110  0.567201 0.832291 3 14 0.317029 13 0.628641 10 0.054330
v_heavyArms.tga.002
0  38.959286 -1.849849 0.316817  0.154335 -0.750356 0.642764  0.787748 0.801582 2 14 0.106578 13 0.893422
0  38.890556 -1.926867 -0.315528  -0.028714 -0.991877 0.123914  0.815332 0.803275 2 14 0.298759 13 0.701241
0  38.941666 -1.928165 -0.318510  -0.002847 -0.992485 0.122330  0.815125 0.806466 2 14 0.543889 13 0.456111
v_heavyArms.tga.002
0  39.009388 -1.851047 0.303249  0.165319 -0.740245 0.651695  0.788044 0.804644 2 13 0.706289 14 0.293711
0  38.941666 -1.928165 -0.318510  -0.002847 -0.992485 0.122330  0.815125 0.806466 2 14 0.543889 13 0.456111
0  38.992355 -1.928394 -0.325037  0.028059 -0.991780 0.124838  0.815116 0.809021 3 15 0.020235 14 0.770734 13 0.209032
v_heavyArms.tga.002
0  38.990761 -1.952561 -0.348071  -0.008836 -0.997267 -0.073351  0.817038 0.809139 3 15 0.026871 14 0.764642 13 0.208487
0  38.992355 -1.928394 -0.325037  0.111392 -0.689470 0.715698  0.815116 0.809021 3 15 0.020235 14 0.770734 13 0.209032
0  38.941666 -1.928165 -0.318510  0.056450 -0.690716 0.720919  0.815125 0.806466 2 14 0.543889 13 0.456111
v_heavyArms.tga.002
0  38.940113 -1.952345 -0.341556  -0.021400 -0.997380 -0.069096  0.817076 0.806575 2 14 0.558520 13 0.441480
0  38.941666 -1.928165 -0.318510  0.056450 -0.690716 0.720919  0.815125 0.806466 2 14 0.543889 13 0.456111
0  38.890556 -1.926867 -0.315528  0.001880 -0.689973 0.723833  0.815332 0.803275 2 14 0.298759 13 0.701241
v_heavyArms.tga.002
0  39.124229 -0.927926 -0.419045  0.073386 0.979045 -0.189962  0.267851 0.834466 3 15 0.036144 14 0.812040 13 0.151816
0  39.057644 -1.018866 -0.771846  -0.050444 0.671023 -0.739719  0.257275 0.830763 3 15 0.061455 14 0.758577 13 0.179968
0  39.007431 -1.013930 -0.765778  0.013957 0.664968 -0.746742  0.257532 0.828780 4 14 0.592558 13 0.356207 10 0.035359 15 0.015876
v_heavyArms.tga.002
0  39.075066 -0.921184 -0.406905  0.100197 0.976281 -0.191926  0.268198 0.832525 3 14 0.632079 13 0.339852 10 0.028068
0  39.007431 -1.013930 -0.765778  0.013957 0.664968 -0.746742  0.257532 0.828780 4 14 0.592558 13 0.356207 10 0.035359 15 0.015876
0  38.956806 -1.008226 -0.764302  0.051883 0.648893 -0.759108  0.257725 0.825760 3 10 0.072447 14 0.379926 13 0.547627
v_heavyArms.tga.002
0  38.881447 -1.897718 -0.373739  -0.027238 -0.978871 -0.202655  0.205282 0.824264 2 14 0.319260 13 0.680740
0  38.868576 -1.845278 -0.623639  -0.052411 -0.909766 -0.411799  0.218090 0.821569 2 14 0.349757 13 0.650243
0  38.919533 -1.846740 -0.627161  -0.058362 -0.914025 -0.401439  0.218038 0.824333 3 14 0.568104 13 0.423461 15 0.008435
v_heavyArms.tga.002
0  38.932438 -1.898530 -0.376649  -0.028543 -0.979312 -0.200335  0.205383 0.826821 2 14 0.564305 13 0.435695
0  38.919533 -1.846740 -0.627161  -0.058362 -0.914025 -0.401439  0.218038 0.824333 3 14 0.568104 13 0.423461 15 0.008435
0  38.970158 -1.847220 -0.634124  -0.066631 -0.913670 -0.400958  0.218015 0.826308 3 13 0.216393 14 0.729012 15 0.054594
v_heavyArms.tga.002
0  38.889061 -1.951066 -0.338591  -0.034644 -0.996636 -0.074277  0.817285 0.803389 2 13 0.687656 14 0.312344
0  38.881447 -1.897718 -0.373739  -0.041557 -0.556339 -0.829916  0.820778 0.803053 2 14 0.319260 13 0.680740
0  38.932438 -1.898530 -0.376649  -0.082068 -0.553760 -0.828622  0.820550 0.806238 2 14 0.564305 13 0.435695
v_heavyArms.tga.002
0  38.940113 -1.952345 -0.341556  -0.021400 -0.997380 -0.069096  0.817076 0.806575 2 14 0.558520 13 0.441480
0  38.932438 -1.898530 -0.376649  -0.082068 -0.553760 -0.828622  0.820550 0.806238 2 14 0.564305 13 0.435695
0  38.983074 -1.898714 -0.383131  -0.125565 -0.554019 -0.822980  0.820553 0.808812 3 15 0.031512 14 0.758234 13 0.210254
v_heavyArms.tga.002
0  38.870354 -1.678076 -0.848860  -0.074243 -0.391074 -0.917360  0.227878 0.820773 3 13 0.608452 10 0.016294 14 0.375254
0  38.956806 -1.008226 -0.764302  0.051883 0.648893 -0.759108  0.257725 0.825760 3 10 0.072447 14 0.379926 13 0.547627
0  39.007431 -1.013930 -0.765778  0.013957 0.664968 -0.746742  0.257532 0.828780 4 14 0.592558 13 0.356207 10 0.035359 15 0.015876
v_heavyArms.tga.002
0  38.921295 -1.680555 -0.852794  -0.108561 -0.389105 -0.914774  0.227696 0.823733 3 14 0.577036 13 0.401370 15 0.021594
0  39.007431 -1.013930 -0.765778  0.013957 0.664968 -0.746742  0.257532 0.828780 4 14 0.592558 13 0.356207 10 0.035359 15 0.015876
0  39.057644 -1.018866 -0.771846  -0.050444 0.671023 -0.739719  0.257275 0.830763 3 15 0.061455 14 0.758577 13 0.179968
v_heavyArms.tga.002
0  39.121170 -0.896985 -0.071023  0.225175 0.710048 0.667179  0.732576 0.827777 2 13 0.130257 14 0.869743
0  39.132919 -0.871751 -0.101970  0.113286 0.987020 0.113835  0.728947 0.830754 2 14 0.868621 13 0.131379
0  39.083298 -0.867259 -0.090007  0.117769 0.986957 0.109752  0.728030 0.828320 3 14 0.644598 13 0.349535 10 0.005867
v_heavyArms.tga.002
0  39.071507 -0.892715 -0.058817  0.224884 0.711475 0.665755  0.732015 0.825307 3 14 0.630406 13 0.367015 10 0.002579
0  39.083298 -0.867259 -0.090007  0.117769 0.986957 0.109752  0.728030 0.828320 3 14 0.644598 13 0.349535 10 0.005867
0  39.033913 -0.862130 -0.078796  0.127175 0.987056 0.097713  0.728112 0.824647 3 14 0.313462 13 0.635612 10 0.050927
v_heavyArms.tga.002
0  39.034595 -1.000762 0.487986  0.311267 0.532508 0.787114  0.748141 0.807646 2 14 0.160102 13 0.839898
0  38.959286 -1.849849 0.316817  0.154335 -0.750356 0.642764  0.787748 0.801582 2 14 0.106578 13 0.893422
0  39.009388 -1.851047 0.303249  0.165319 -0.740245 0.651695  0.788044 0.804644 2 13 0.706289 14 0.293711
v_heavyArms.tga.002
0  39.083839 -1.004353 0.471179  0.299948 0.533604 0.790758  0.748443 0.810889 2 14 0.477745 13 0.522255
0  39.009388 -1.851047 0.303249  0.165319 -0.740245 0.651695  0.788044 0.804644 2 13 0.706289 14 0.293711
0  39.059429 -1.851139 0.289899  0.180403 -0.736185 0.652293  0.788323 0.807093 2 13 0.186181 14 0.813819
v_heavyArms.tga.002
0  39.122845 -0.893221 -0.139823  0.069586 0.989615 -0.125777  0.279843 0.838119 2 13 0.134583 14 0.865417
0  39.124229 -0.927926 -0.419045  0.073386 0.979045 -0.189962  0.267851 0.834466 3 15 0.036144 14 0.812040 13 0.151816
0  39.075066 -0.921184 -0.406905  0.100197 0.976281 -0.191926  0.268198 0.832525 3 14 0.632079 13 0.339852 10 0.028068
v_heavyArms.tga.002
0  39.073536 -0.888656 -0.127364  0.069054 0.991765 -0.107861  0.280192 0.836208 3 14 0.643634 13 0.346398 10 0.009968
0  39.075066 -0.921184 -0.406905  0.100197 0.976281 -0.191926  0.268198 0.832525 3 14 0.632079 13 0.339852 10 0.028068
0  39.026379 -0.912796 -0.394244  0.126314 0.973964 -0.188253  0.268757 0.829689 3 10 0.068948 14 0.374569 13 0.556482
v_heavyArms.tga.002
0  38.868576 -1.845278 -0.623639  -0.052411 -0.909766 -0.411799  0.218090 0.821569 2 14 0.349757 13 0.650243
0  38.870354 -1.678076 -0.848860  -0.074243 -0.391074 -0.917360  0.227878 0.820773 3 13 0.608452 10 0.016294 14 0.375254
0  38.921295 -1.680555 -0.852794  -0.108561 -0.389105 -0.914774  0.227696 0.823733 3 14 0.577036 13 0.401370 15 0.021594
v_heavyArms.tga.002
0  38.919533 -1.846740 -0.627161  -0.058362 -0.914025 -0.401439  0.218038 0.824333 3 14 0.568104 13 0.423461 15 0.008435
0  38.921295 -1.680555 -0.852794  -0.108561 -0.389105 -0.914774  0.227696 0.823733 3 14 0.577036 13 0.401370 15 0.021594
0  38.971920 -1.681963 -0.859431  -0.143060 -0.385514 -0.911544  0.227619 0.825750 3 15 0.064840 14 0.726625 13 0.208535
v_heavyArms.tga.002
0  39.021843 -0.888445 -0.046610  0.133114 0.970494 0.201051  0.731679 0.821781 3 10 0.049090 14 0.294020 13 0.656890
0  39.034595 -1.000762 0.487986  0.311267 0.532508 0.787114  0.748141 0.807646 2 14 0.160102 13 0.839898
0  39.083839 -1.004353 0.471179  0.299948 0.533604 0.790758  0.748443 0.810889 2 14 0.477745 13 0.522255
v_heavyArms.tga.002
0  39.071507 -0.892715 -0.058817  0.133095 0.970399 0.201525  0.732015 0.825307 3 14 0.630406 13 0.367015 10 0.002579
0  39.083839 -1.004353 0.471179  0.299948 0.533604 0.790758  0.748443 0.810889 2 14 0.477745 13 0.522255
0  39.133232 -1.008074 0.455480  0.287040 0.533921 0.795322  0.748897 0.813361 2 13 0.124895 14 0.875105
v_heavyArms.tga.002
0  38.369873 -0.786855 0.065278  0.265595 0.927378 -0.263496  0.724900 0.775300 3 13 0.692432 14 0.079336 10 0.228232
0  39.033913 -0.862130 -0.078796  0.127175 0.987056 0.097713  0.728112 0.824647 3 14 0.313462 13 0.635612 10 0.050927
0  39.024227 -0.884090 -0.114904  -0.027786 0.855468 -0.517110  0.567201 0.832291 3 14 0.317029 13 0.628641 10 0.054330
v_heavyArms.tga.002
0  37.221371 -1.600132 -0.875514  0.059896 -0.248587 -0.966756  0.238616 0.725808 4 10 0.061512 3 0.438448 16 0.061591 13 0.438448
0  37.196690 -0.582963 -0.825331  0.107518 0.047985 -0.993044  0.308627 0.723176 4 10 0.229997 16 0.021423 13 0.369316 3 0.379264
0  37.299065 -0.594566 -0.817763  0.106170 0.047616 -0.993207  0.309051 0.728893 4 3 0.204543 13 0.474749 10 0.308074 16 0.012634
v_heavyArms.tga.002
0  37.323696 -1.603565 -0.869172  0.057762 -0.246475 -0.967426  0.237736 0.731529 4 13 0.626629 10 0.089145 16 0.051283 3 0.232943
0  37.299065 -0.594566 -0.817763  0.106170 0.047616 -0.993207  0.309051 0.728893 4 3 0.204543 13 0.474749 10 0.308074 16 0.012634
0  37.401440 -0.606169 -0.804202  0.108217 0.031564 -0.993626  0.309559 0.735179 4 3 0.157532 13 0.504643 10 0.335375 16 0.002450
v_heavyArms.tga.002
0  37.127872 -1.872133 0.626825  0.008667 -0.784652 0.619876  0.777646 0.698595 3 3 0.717592 16 0.009913 13 0.272495
0  37.128529 -1.896909 0.337630  0.046081 -0.995288 0.085316  0.790415 0.697558 3 13 0.579432 16 0.101994 3 0.318574
0  37.227932 -1.888864 0.381013  0.041497 -0.995753 0.082189  0.787739 0.702726 3 13 0.789448 16 0.015018 3 0.195534
v_heavyArms.tga.002
0  37.228073 -1.869195 0.628143  0.033423 -0.785492 0.617969  0.777745 0.703535 2 13 0.422925 3 0.577075
0  37.227932 -1.888864 0.381013  0.041497 -0.995753 0.082189  0.787739 0.702726 3 13 0.789448 16 0.015018 3 0.195534
0  37.326370 -1.880255 0.438759  0.043224 -0.996150 0.076262  0.785022 0.708777 2 13 0.796715 3 0.203285
v_heavyArms.tga.002
0  37.373775 1.363697 -0.766803  0.060750 0.050778 -0.996861  0.417536 0.742850 4 4 0.152289 7 0.596284 3 0.250473 5 0.000954
0  37.446442 0.393184 -0.758575  0.001027 0.019895 -0.999802  0.359106 0.738323 3 10 0.718821 3 0.278863 13 0.002316
0  37.343719 0.383874 -0.768557  0.095639 0.020394 -0.995207  0.358626 0.732711 3 3 0.393022 10 0.603737 13 0.003241
v_heavyArms.tga.002
0  37.272392 1.348208 -0.782780  0.031376 0.052943 -0.998104  0.416544 0.736781 3 3 0.330236 4 0.144967 7 0.524796
0  37.343719 0.383874 -0.768557  0.095639 0.020394 -0.995207  0.358626 0.732711 3 3 0.393022 10 0.603737 13 0.003241
0  37.240997 0.374564 -0.778539  0.084822 0.037902 -0.995675  0.358146 0.727104 3 3 0.601425 10 0.396573 13 0.002001
v_heavyArms.tga.002
0  37.147766 2.369971 0.053344  -0.050559 0.995536 0.079702  0.525177 0.706634 3 4 0.512732 7 0.013181 3 0.474087
0  37.144794 2.332156 0.500220  -0.045122 0.774651 0.630778  0.544738 0.708109 3 4 0.450119 7 0.023646 3 0.526235
0  37.246201 2.341264 0.498863  -0.031471 0.760249 0.648869  0.543987 0.713564 3 4 0.408554 7 0.017963 3 0.573483
v_heavyArms.tga.002
0  37.249607 2.375919 0.040913  -0.051850 0.996094 0.071473  0.524477 0.712205 2 4 0.875152 3 0.124848
0  37.246201 2.341264 0.498863  -0.031471 0.760249 0.648869  0.543987 0.713564 3 4 0.408554 7 0.017963 3 0.573483
0  37.347336 2.350326 0.490544  0.002572 0.763587 0.645699  0.543453 0.718964 3 4 0.661646 7 0.025160 3 0.313194
v_heavyArms.tga.002
0  37.174629 -0.748571 1.016639  0.103846 -0.200243 0.974227  0.715768 0.708565 3 3 0.514443 13 0.255303 10 0.230254
0  37.127872 -1.872133 0.626825  0.008667 -0.784652 0.619876  0.777646 0.698595 3 3 0.717592 16 0.009913 13 0.272495
0  37.228073 -1.869195 0.628143  0.033423 -0.785492 0.617969  0.777745 0.703535 2 13 0.422925 3 0.577075
v_heavyArms.tga.002
0  37.274284 -0.749679 1.002825  0.153409 -0.178804 0.971851  0.716235 0.714620 3 3 0.494253 13 0.303329 10 0.202418
0  37.228073 -1.869195 0.628143  0.033423 -0.785492 0.617969  0.777745 0.703535 2 13 0.422925 3 0.577075
0  37.327496 -1.866036 0.624461  0.070151 -0.778296 0.623966  0.777712 0.709436 2 13 0.731220 3 0.268780
v_heavyArms.tga.002
0  37.215801 -1.944947 -0.397501  0.103142 -0.991946 -0.073523  0.205093 0.739834 4 10 0.024399 13 0.601136 16 0.122002 3 0.252462
0  37.217022 -1.920953 -0.684227  0.123541 -0.836840 -0.533326  0.221046 0.733224 4 13 0.586730 10 0.035637 16 0.081113 3 0.296520
0  37.318970 -1.908323 -0.675243  0.141433 -0.848025 -0.510734  0.220866 0.738613 4 13 0.646412 10 0.041398 16 0.052210 3 0.259980
v_heavyArms.tga.002
0  37.318790 -1.937234 -0.394064  0.083967 -0.990416 -0.109666  0.205162 0.744862 4 13 0.636455 10 0.026877 16 0.073378 3 0.263289
0  37.318970 -1.908323 -0.675243  0.141433 -0.848025 -0.510734  0.220866 0.738613 4 13 0.646412 10 0.041398 16 0.052210 3 0.259980
0  37.420921 -1.895693 -0.666259  0.136064 -0.844819 -0.517462  0.220686 0.744031 5 10 0.046960 13 0.739780 16 0.037469 14 0.000189 3 0.175602
v_heavyArms.tga.002
0  37.422340 -1.966948 -0.358097  0.074310 -0.994540 -0.073270  0.827699 0.719174 4 10 0.013880 13 0.734695 16 0.031520 3 0.219904
0  37.423237 -1.937855 -0.324183  0.030133 -0.757970 0.651593  0.824788 0.718078 4 13 0.742407 10 0.002710 16 0.027022 3 0.227861
0  37.319069 -1.944394 -0.326626  0.031147 -0.765060 0.643206  0.825683 0.712489 4 13 0.619690 10 0.006329 16 0.075791 3 0.298190
v_heavyArms.tga.002
0  37.318817 -1.974176 -0.362142  0.073519 -0.994129 -0.079386  0.828817 0.713787 4 13 0.665709 10 0.016985 16 0.067700 3 0.249606
0  37.319069 -1.944394 -0.326626  0.031147 -0.765060 0.643206  0.825683 0.712489 4 13 0.619690 10 0.006329 16 0.075791 3 0.298190
0  37.214901 -1.950933 -0.329068  0.031382 -0.771504 0.635450  0.826518 0.707275 5 13 0.541846 10 0.006851 16 0.145030 17 0.000113 3 0.306160
v_heavyArms.tga.002
0  37.144794 2.332156 0.500220  -0.045122 0.774651 0.630778  0.544738 0.708109 3 4 0.450119 7 0.023646 3 0.526235
0  37.189022 1.342404 0.791482  0.198504 0.276697 0.940231  0.600373 0.716151 4 4 0.065969 3 0.516796 7 0.378143 10 0.039092
0  37.287403 1.365301 0.763464  0.207360 0.271883 0.939724  0.598690 0.723219 4 7 0.355126 10 0.048475 3 0.429498 4 0.166901
v_heavyArms.tga.002
0  37.246201 2.341264 0.498863  -0.031471 0.760249 0.648869  0.543987 0.713564 3 4 0.408554 7 0.017963 3 0.573483
0  37.287403 1.365301 0.763464  0.207360 0.271883 0.939724  0.598690 0.723219 4 7 0.355126 10 0.048475 3 0.429498 4 0.166901
0  37.385506 1.384102 0.735281  0.216911 0.254892 0.942327  0.597529 0.727580 4 4 0.412149 7 0.371719 10 0.046089 3 0.170043
v_heavyArms.tga.002
0  37.395008 2.205787 -0.689505  -0.126219 0.587984 -0.798964  0.470565 0.739190 3 4 0.732569 5 0.036942 3 0.230489
0  37.373775 1.363697 -0.766803  0.060750 0.050778 -0.996861  0.417536 0.742850 4 4 0.152289 7 0.596284 3 0.250473 5 0.000954
0  37.272392 1.348208 -0.782780  0.031376 0.052943 -0.998104  0.416544 0.736781 3 3 0.330236 4 0.144967 7 0.524796
v_heavyArms.tga.002
0  37.292778 2.194851 -0.679504  -0.139480 0.598482 -0.788901  0.469718 0.732834 3 4 0.753544 3 0.241838 5 0.004618
0  37.272392 1.348208 -0.782780  0.031376 0.052943 -0.998104  0.416544 0.736781 3 3 0.330236 4 0.144967 7 0.524796
0  37.171005 1.332718 -0.776005  -0.053283 0.075473 -0.995723  0.415540 0.730572 3 3 0.572486 4 0.098429 7 0.329085
v_heavyArms.tga.002
0  37.353462 2.391727 -0.027692  -0.052063 0.997137 0.054834  0.508170 0.731467 2 4 0.791275 3 0.208725
0  37.356991 2.402568 -0.201479  -0.088608 0.983254 -0.159251  0.497715 0.733032 3 4 0.722143 5 0.002716 3 0.275141
0  37.254662 2.394406 -0.193586  -0.090004 0.980742 -0.173334  0.496979 0.726210 2 4 0.717720 3 0.282280
v_heavyArms.tga.002
0  37.251080 2.386335 -0.015131  -0.052928 0.997874 0.038029  0.507653 0.724793 2 4 0.793150 3 0.206850
0  37.254662 2.394406 -0.193586  -0.090004 0.980742 -0.173334  0.496979 0.726210 2 4 0.717720 3 0.282280
0  37.152328 2.386245 -0.185693  -0.092618 0.977781 -0.188060  0.496370 0.720407 2 3 0.346481 4 0.653519
v_heavyArms.tga.002
0  37.446442 0.393184 -0.758575  0.001027 0.019895 -0.999802  0.359106 0.738323 3 10 0.718821 3 0.278863 13 0.002316
0  37.401440 -0.606169 -0.804202  0.108217 0.031564 -0.993626  0.309559 0.735179 4 3 0.157532 13 0.504643 10 0.335375 16 0.002450
0  37.299065 -0.594566 -0.817763  0.106170 0.047616 -0.993207  0.309051 0.728893 4 3 0.204543 13 0.474749 10 0.308074 16 0.012634
v_heavyArms.tga.002
0  37.343719 0.383874 -0.768557  0.095639 0.020394 -0.995207  0.358626 0.732711 3 3 0.393022 10 0.603737 13 0.003241
0  37.299065 -0.594566 -0.817763  0.106170 0.047616 -0.993207  0.309051 0.728893 4 3 0.204543 13 0.474749 10 0.308074 16 0.012634
0  37.196690 -0.582963 -0.825331  0.107518 0.047985 -0.993044  0.308627 0.723176 4 10 0.229997 16 0.021423 13 0.369316 3 0.379264
v_heavyArms.tga.002
0  37.350361 2.403650 0.005933  -0.029882 0.977362 0.209453  0.522042 0.717838 2 4 0.793994 3 0.206006
0  37.353462 2.391727 -0.027692  -0.095592 0.934967 -0.341614  0.520085 0.717749 2 4 0.791275 3 0.208725
0  37.251080 2.386335 -0.015131  -0.091803 0.939174 -0.330944  0.520878 0.711655 2 4 0.793150 3 0.206850
v_heavyArms.tga.002
0  37.248272 2.397856 0.018478  -0.028145 0.975789 0.216897  0.522777 0.711806 2 4 0.837261 3 0.162739
0  37.251080 2.386335 -0.015131  -0.091803 0.939174 -0.330944  0.520878 0.711655 2 4 0.793150 3 0.206850
0  37.148697 2.380943 -0.002570  -0.088794 0.943208 -0.320116  0.521600 0.706099 2 4 0.699261 3 0.300739
v_heavyArms.tga.002
0  37.146183 2.392061 0.031023  -0.025878 0.973731 0.226225  0.523473 0.706268 3 4 0.691597 7 0.009296 3 0.299108
0  37.147766 2.369971 0.053344  0.043891 0.711386 0.701429  0.525177 0.706634 3 4 0.512732 7 0.013181 3 0.474087
0  37.249607 2.375919 0.040913  0.044118 0.715240 0.697485  0.524477 0.712205 2 4 0.875152 3 0.124848
v_heavyArms.tga.002
0  37.248272 2.397856 0.018478  -0.028145 0.975789 0.216897  0.522777 0.711806 2 4 0.837261 3 0.162739
0  37.249607 2.375919 0.040913  0.044118 0.715240 0.697485  0.524477 0.712205 2 4 0.875152 3 0.124848
0  37.351448 2.381866 0.028483  0.044062 0.719207 0.693398  0.523757 0.718125 2 4 0.801120 3 0.198880
v_heavyArms.tga.002
0  37.215298 -1.981405 -0.366186  0.072776 -0.993653 -0.085778  0.829890 0.708664 4 10 0.018606 13 0.564244 16 0.136616 3 0.280534
0  37.215801 -1.944947 -0.397501  0.073149 -0.650408 -0.756054  0.832967 0.709114 4 10 0.024399 13 0.601136 16 0.122002 3 0.252462
0  37.318790 -1.937234 -0.394064  0.074353 -0.651754 -0.754777  0.831887 0.714190 4 13 0.636455 10 0.026877 16 0.073378 3 0.263289
v_heavyArms.tga.002
0  37.318817 -1.974176 -0.362142  0.073519 -0.994129 -0.079386  0.828817 0.713787 4 13 0.665709 10 0.016985 16 0.067700 3 0.249606
0  37.318790 -1.937234 -0.394064  0.074353 -0.651754 -0.754777  0.831887 0.714190 4 13 0.636455 10 0.026877 16 0.073378 3 0.263289
0  37.421780 -1.929521 -0.390626  0.075629 -0.653447 -0.753185  0.830751 0.719534 4 10 0.023810 13 0.704398 16 0.037200 3 0.234592
v_heavyArms.tga.002
0  37.190544 2.183916 -0.669502  -0.136969 0.596778 -0.790630  0.468945 0.727035 2 4 0.434230 3 0.565770
0  37.152328 2.386245 -0.185693  -0.092618 0.977781 -0.188060  0.496370 0.720407 2 3 0.346481 4 0.653519
0  37.254662 2.394406 -0.193586  -0.090004 0.980742 -0.173334  0.496979 0.726210 2 4 0.717720 3 0.282280
v_heavyArms.tga.002
0  37.292778 2.194851 -0.679504  -0.139480 0.598482 -0.788901  0.469718 0.732834 3 4 0.753544 3 0.241838 5 0.004618
0  37.254662 2.394406 -0.193586  -0.090004 0.980742 -0.173334  0.496979 0.726210 2 4 0.717720 3 0.282280
0  37.356991 2.402568 -0.201479  -0.088608 0.983254 -0.159251  0.497715 0.733032 3 4 0.722143 5 0.002716 3 0.275141
v_heavyArms.tga.002
0  37.189022 1.342404 0.791482  0.198504 0.276697 0.940231  0.600373 0.716151 4 4 0.065969 3 0.516796 7 0.378143 10 0.039092
0  37.191551 0.378280 1.065459  0.216422 0.105258 0.970609  0.655617 0.714927 3 3 0.571353 10 0.358688 7 0.069959
0  37.289726 0.390825 1.040791  0.228881 0.120412 0.965978  0.654922 0.722160 3 7 0.082322 3 0.526065 10 0.391612
v_heavyArms.tga.002
0  37.287403 1.365301 0.763464  0.207360 0.271883 0.939724  0.598690 0.723219 4 7 0.355126 10 0.048475 3 0.429498 4 0.166901
0  37.289726 0.390825 1.040791  0.228881 0.120412 0.965978  0.654922 0.722160 3 7 0.082322 3 0.526065 10 0.391612
0  37.387562 0.400842 1.015959  0.234922 0.122401 0.964277  0.654447 0.726321 3 10 0.384513 3 0.175007 7 0.440479
v_heavyArms.tga.002
0  37.423237 -1.937855 -0.324183  0.060398 -0.994629 0.084057  0.824788 0.718078 4 13 0.742407 10 0.002710 16 0.027022 3 0.227861
0  37.326370 -1.880255 0.438759  0.043224 -0.996150 0.076262  0.785022 0.708777 2 13 0.796715 3 0.203285
0  37.227932 -1.888864 0.381013  0.041497 -0.995753 0.082189  0.787739 0.702726 3 13 0.789448 16 0.015018 3 0.195534
v_heavyArms.tga.002
0  37.319069 -1.944394 -0.326626  0.059591 -0.994442 0.086797  0.825683 0.712489 4 13 0.619690 10 0.006329 16 0.075791 3 0.298190
0  37.227932 -1.888864 0.381013  0.041497 -0.995753 0.082189  0.787739 0.702726 3 13 0.789448 16 0.015018 3 0.195534
0  37.128529 -1.896909 0.337630  0.046081 -0.995288 0.085316  0.790415 0.697558 3 13 0.579432 16 0.101994 3 0.318574
v_heavyArms.tga.002
0  37.217022 -1.920953 -0.684227  0.123541 -0.836840 -0.533326  0.221046 0.733224 4 13 0.586730 10 0.035637 16 0.081113 3 0.296520
0  37.221371 -1.600132 -0.875514  0.059896 -0.248587 -0.966756  0.238616 0.725808 4 10 0.061512 3 0.438448 16 0.061591 13 0.438448
0  37.323696 -1.603565 -0.869172  0.057762 -0.246475 -0.967426  0.237736 0.731529 4 13 0.626629 10 0.089145 16 0.051283 3 0.232943
v_heavyArms.tga.002
0  37.318970 -1.908323 -0.675243  0.141433 -0.848025 -0.510734  0.220866 0.738613 4 13 0.646412 10 0.041398 16 0.052210 3 0.259980
0  37.323696 -1.603565 -0.869172  0.057762 -0.246475 -0.967426  0.237736 0.731529 4 13 0.626629 10 0.089145 16 0.051283 3 0.232943
0  37.426022 -1.606999 -0.862830  0.076874 -0.273326 -0.958845  0.236832 0.737431 5 13 0.693948 14 0.002205 16 0.036006 10 0.095900 3 0.171941
v_heavyArms.tga.002
0  37.191551 0.378280 1.065459  0.216422 0.105258 0.970609  0.655617 0.714927 3 3 0.571353 10 0.358688 7 0.069959
0  37.174629 -0.748571 1.016639  0.103846 -0.200243 0.974227  0.715768 0.708565 3 3 0.514443 13 0.255303 10 0.230254
0  37.274284 -0.749679 1.002825  0.153409 -0.178804 0.971851  0.716235 0.714620 3 3 0.494253 13 0.303329 10 0.202418
v_heavyArms.tga.002
0  37.289726 0.390825 1.040791  0.228881 0.120412 0.965978  0.654922 0.722160 3 7 0.082322 3 0.526065 10 0.391612
0  37.274284 -0.749679 1.002825  0.153409 -0.178804 0.971851  0.716235 0.714620 3 3 0.494253 13 0.303329 10 0.202418
0  37.372871 -0.750677 0.984941  0.192588 -0.168450 0.966713  0.716558 0.719327 3 13 0.362148 3 0.171540 10 0.466312
v_heavyArms.tga.002
0  36.552574 2.351044 0.067078  -0.219439 0.962559 -0.159141  0.525800 0.673800 1 3 1.000000
0  36.574074 2.361044 0.098179  -0.123580 0.945230 0.302106  0.527300 0.675300 1 3 1.000000
0  37.146183 2.392061 0.031023  -0.025878 0.973731 0.226225  0.523473 0.706268 3 4 0.691597 7 0.009296 3 0.299108
v_heavyArms.tga.002
0  -40.138424 0.378079 -0.253784  -0.115500 0.951528 0.285051  0.662032 0.886582 2 29 0.882425 30 0.117575
0  -40.205654 0.236092 0.183051  -0.283030 0.583609 0.761114  0.677352 0.884543 2 30 0.086443 29 0.913557
0  -39.138844 0.271803 0.544058  -0.262206 0.605042 0.751779  0.672495 0.810330 2 28 0.211616 29 0.788384
v_heavyArms.tga.002
0  -38.414371 0.538144 0.089678  -0.386926 -0.907776 0.161958  0.644200 0.791000 2 25 0.946098 26 0.053902
0  -38.375214 0.633987 0.794773  -0.324267 -0.402822 0.855912  0.634700 0.773400 1 25 1.000000
0  -39.073532 0.710420 0.593262  -0.289140 -0.561160 0.775563  0.626888 0.816685 2 26 0.143262 25 0.856738
v_heavyArms.tga.002
0  -40.156090 1.555044 -0.472020  -0.038711 0.989137 0.141805  0.573445 0.891236 2 27 0.120186 26 0.879814
0  -40.248775 1.479876 0.023215  -0.269391 0.680442 0.681488  0.587439 0.887231 2 27 0.073445 26 0.926555
0  -39.152554 1.447362 0.459653  -0.226302 0.697940 0.679461  0.598229 0.820850 2 25 0.182912 26 0.817088
v_heavyArms.tga.002
0  -38.298515 2.456216 -0.186367  0.050091 0.985157 0.164187  0.506170 0.789526 2 23 0.360091 22 0.639909
0  -37.944275 2.420544 -0.116021  0.043158 0.977701 0.205519  0.508000 0.769600 2 22 0.881401 23 0.118599
0  -37.962074 2.455544 -0.259022  0.082514 0.994406 -0.065943  0.499800 0.772200 2 22 0.834517 23 0.165483
v_heavyArms.tga.002
0  -40.138134 0.379825 -0.315492  -0.031741 0.999194 0.024557  0.355346 0.911001 2 29 0.859611 30 0.140389
0  -39.118519 0.403909 -0.026545  -0.020152 0.999557 0.021894  0.358062 0.845876 2 29 0.819763 28 0.180237
0  -39.120480 0.410567 -0.331973  0.000390 0.988334 -0.152299  0.348206 0.845504 3 30 0.012616 28 0.163460 29 0.823924
v_heavyArms.tga.002
0  -41.487774 0.354744 -0.752123  -0.137873 0.920340 -0.366013  0.664450 0.965851 1 30 1.000000
0  -41.477772 0.331945 -0.690522  -0.303889 0.876350 0.373715  0.666274 0.963418 1 30 1.000000
0  -40.237942 0.375167 -0.283964  -0.165979 0.891092 0.422381  0.662400 0.892682 2 29 0.164296 30 0.835704
v_heavyArms.tga.002
0  -33.989975 1.588644 0.104779  0.153709 0.744293 -0.649924  0.558100 0.534100 2 20 0.178542 21 0.821458
0  -36.552574 2.351044 0.067078  0.219439 0.962559 -0.159141  0.525800 0.673800 1 21 1.000000
0  -36.574074 2.361044 0.098179  0.123580 0.945230 0.302106  0.527300 0.675300 1 21 1.000000
v_heavyArms.tga.002
0  -37.975220 1.288278 -0.695523  -0.519225 0.605099 -0.603540  0.407700 0.788300 3 25 0.898188 23 0.017662 26 0.084150
0  -38.056473 1.400944 -0.435577  -0.353678 0.864782 -0.356460  0.412800 0.791800 4 25 0.739335 22 0.141098 23 0.055823 26 0.063745
0  -38.019371 1.465245 -0.403762  -0.909990 0.081109 -0.406619  0.423200 0.776200 4 22 0.274795 25 0.597896 26 0.014271 23 0.113038
v_heavyArms.tga.002
0  -39.260979 1.799364 -0.333089  -0.148580 -0.947972 -0.281555  0.570672 0.854595 2 23 0.156382 24 0.843618
0  -39.265415 1.783818 -0.277986  -0.386491 -0.812619 0.436205  0.568267 0.851972 2 23 0.163743 24 0.836257
0  -40.146072 2.029545 -0.643923  -0.522724 -0.818673 0.237769  0.545700 0.918000 1 24 1.000000
v_heavyArms.tga.002
0  -38.089672 -1.919457 -0.331522  -0.022747 -0.999693 -0.009847  0.821400 0.753700 2 31 0.928241 32 0.071759
0  -38.889061 -1.951066 -0.338591  0.034644 -0.996636 -0.074277  0.817285 0.803389 2 31 0.687656 32 0.312344
0  -38.881447 -1.897718 -0.373739  0.041557 -0.556339 -0.829916  0.820778 0.803053 2 32 0.319260 31 0.680740
v_heavyArms.tga.002
0  -41.508041 0.977162 -0.628995  -0.766955 -0.456854 0.450626  0.605921 0.962924 1 27 1.000000
0  -41.458702 1.460272 -0.627691  -0.676662 0.597569 0.430163  0.583060 0.959034 1 27 1.000000
0  -41.489563 1.411248 -1.019407  -0.843239 0.464027 -0.271342  0.582757 0.970619 1 27 1.000000
v_heavyArms.tga.002
0  -38.375214 0.633987 0.794773  -0.324267 -0.402822 0.855912  0.634700 0.773400 1 25 1.000000
0  -38.246414 1.395586 0.606373  -0.102590 0.696909 0.709784  0.610000 0.770200 3 25 0.902426 22 0.074901 28 0.022673
0  -39.043953 1.442522 0.488977  -0.106846 0.717109 0.688722  0.599484 0.814548 2 26 0.140440 25 0.859560
v_heavyArms.tga.002
0  -38.417088 2.467673 -0.213006  0.181003 0.906115 -0.382354  0.512326 0.783472 3 23 0.766255 24 0.047457 22 0.186289
0  -39.105637 2.531375 -0.385827  0.189949 0.874703 -0.445885  0.508960 0.829474 3 22 0.007580 24 0.268245 23 0.724174
0  -39.097172 2.545896 -0.353661  0.066870 0.996042 0.058560  0.511106 0.828383 3 23 0.741901 22 0.009794 24 0.248305
v_heavyArms.tga.002
0  -39.097172 2.545896 -0.353661  0.066870 0.996042 0.058560  0.511106 0.828383 3 23 0.741901 22 0.009794 24 0.248305
0  -39.104279 2.526951 -0.324867  -0.071526 0.841267 0.535868  0.513046 0.829021 3 22 0.007391 23 0.762310 24 0.230299
0  -38.412331 2.458791 -0.153630  -0.066325 0.798602 0.598193  0.516399 0.782747 3 22 0.190105 23 0.788812 24 0.021083
v_heavyArms.tga.002
0  -33.601765 1.544796 0.108329  -0.028806 0.924592 -0.379869  0.563665 0.513855 3 22 0.003124 21 0.355266 20 0.641610
0  -33.989975 1.588644 0.104779  0.153709 0.744293 -0.649924  0.558100 0.534100 2 20 0.178542 21 0.821458
0  -33.987175 1.616745 0.137479  0.230498 0.973001 -0.011841  0.560300 0.534800 3 20 0.177373 21 0.822097 25 0.000529
v_heavyArms.tga.002
0  -33.585484 1.550305 0.069031  0.011661 0.994299 0.105993  0.458622 0.521318 2 21 0.306533 20 0.693467
0  -33.586174 1.596646 -0.179321  -0.105556 0.966154 -0.235380  0.446800 0.520800 2 21 0.299102 20 0.700898
0  -33.985573 1.539944 -0.139521  0.129683 0.935385 -0.328995  0.446800 0.543100 2 21 0.823524 20 0.176476
v_heavyArms.tga.002
0  -33.985573 1.539944 -0.139521  0.129683 0.935385 -0.328995  0.446800 0.543100 2 21 0.823524 20 0.176476
0  -33.989975 1.588644 0.104779  0.184321 0.966673 -0.177674  0.460400 0.540400 2 20 0.178542 21 0.821458
0  -33.585484 1.550305 0.069031  0.011661 0.994299 0.105993  0.458622 0.521318 2 21 0.306533 20 0.693467
v_heavyArms.tga.002
0  -33.576176 -1.162656 -0.477921  -0.423301 -0.722423 -0.546737  0.277541 0.022127 3 34 0.214564 21 0.130801 20 0.654635
0  -32.723671 -1.162656 -0.628720  -0.124065 -0.701911 -0.701376  0.269300 0.085900 3 20 0.885530 21 0.041637 34 0.072833
0  -32.721474 -1.471455 0.166580  -0.090479 -0.984151 0.152511  0.333000 0.084500 3 20 0.901134 21 0.028130 34 0.070736
v_heavyArms.tga.002
0  -40.237255 0.381079 -0.516077  0.002529 0.988504 -0.151173  0.348181 0.916244 2 29 0.116148 30 0.883852
0  -41.483273 0.332944 -0.858223  -0.188982 0.962229 -0.195965  0.338700 0.975900 1 30 1.000000
0  -41.479973 0.332344 -0.757623  -0.181622 0.983288 0.012554  0.342300 0.979100 1 30 1.000000
v_heavyArms.tga.002
0  -40.135361 -0.657008 -0.327382  0.060737 -0.953811 -0.294203  0.728029 0.880983 3 28 0.006007 30 0.156621 29 0.837372
0  -39.105190 -0.694429 0.003594  0.031215 -0.979445 -0.199281  0.722510 0.815140 2 29 0.771081 28 0.228919
0  -39.086288 -0.663227 0.051083  -0.195024 -0.783091 0.590538  0.720883 0.813771 2 29 0.760500 28 0.239500
v_heavyArms.tga.002
0  -40.285583 0.836869 0.063604  -0.390179 -0.549000 0.739161  0.619370 0.894137 2 26 0.938496 27 0.061504
0  -39.179893 0.721780 0.554427  -0.367010 -0.547956 0.751696  0.625972 0.823383 2 25 0.206095 26 0.793905
0  -39.152554 1.447362 0.459653  -0.226302 0.697940 0.679461  0.598376 0.820949 2 25 0.182912 26 0.817088
v_heavyArms.tga.002
0  -33.571686 1.046746 0.968879  -0.353830 0.462694 0.812846  0.543627 0.019562 2 21 0.152657 20 0.847343
0  -33.579800 0.136545 1.149079  -0.383751 -0.053443 0.921889  0.477219 0.018610 2 20 0.890124 21 0.109876
0  -32.727673 0.136545 1.149079  0.000000 -0.032810 0.999462  0.478200 0.081200 2 20 0.967311 21 0.032689
v_heavyArms.tga.002
0  -39.013348 0.402003 0.053227  -0.063556 0.872039 0.485292  0.657119 0.813666 3 25 0.053947 28 0.737392 29 0.208661
0  -38.410873 0.384545 0.144278  -0.242401 0.785108 0.569953  0.653200 0.783200 3 28 0.726456 29 0.058866 25 0.214678
0  -38.431873 0.416245 0.091678  -0.330351 0.880663 -0.339561  0.651700 0.785500 3 28 0.702709 29 0.068609 25 0.228682
v_heavyArms.tga.002
0  -36.225487 -3.911655 -0.964216  0.532224 -0.666207 -0.522404  0.086942 0.622751 2 35 0.861685 36 0.138315
0  -35.370872 -3.179755 -0.973621  0.513274 -0.692042 -0.507570  0.145600 0.584200 2 34 0.099885 35 0.900115
0  -35.325672 -3.187655 -0.600821  0.629838 -0.775090 0.050391  0.135500 0.563800 2 34 0.103181 35 0.896819
v_heavyArms.tga.002
0  -30.615173 -1.823223 -1.072166  -0.121837 -0.689930 -0.713550  0.268200 0.211400 1 20 1.000000
0  -30.618874 -0.775357 -1.534026  -0.100561 -0.253653 -0.962054  0.215500 0.211000 1 20 1.000000
0  -22.208416 -0.924976 -1.826494  -0.005685 -0.262161 -0.965007  0.220000 0.476300 2 20 0.970610 19 0.029390
v_heavyArms.tga.002
0  -31.875172 1.867830 -1.071701  -0.279129 0.645439 -0.710982  0.078800 0.151000 1 20 1.000000
0  -31.876274 2.279451 -0.152298  -0.301891 0.952487 -0.040383  0.026100 0.145400 1 20 1.000000
0  -30.593573 2.551085 -0.175058  -0.122616 0.991375 -0.046279  0.020000 0.215600 1 20 1.000000
v_heavyArms.tga.002
0  -33.584774 1.499144 0.342779  -0.999943 0.010207 0.003077  0.596900 0.009600 2 20 0.706712 21 0.293288
0  -33.588772 0.969546 0.908979  -0.999967 0.008128 -0.000485  0.540600 0.012400 2 21 0.211006 20 0.788994
0  -33.588280 1.033091 0.958285  -0.886630 0.197588 0.418146  0.543069 0.017339 2 21 0.194090 20 0.805910
v_heavyArms.tga.002
0  -33.599884 1.545579 0.115868  0.176870 0.981216 0.077020  0.564117 0.513861 3 22 0.006219 21 0.372334 20 0.621447
0  -34.167072 1.648545 0.404679  0.220469 0.883029 0.414310  0.572600 0.547500 3 20 0.183854 21 0.809432 25 0.006714
0  -33.584774 1.499144 0.342779  0.266784 0.857707 0.439506  0.576500 0.515200 2 20 0.706712 21 0.293288
v_heavyArms.tga.002
0  -33.593872 -0.483256 -0.791921  -0.999979 0.005287 -0.003838  0.216200 0.015000 3 20 0.645243 21 0.121273 34 0.233485
0  -33.596073 0.505644 -0.843621  -0.999982 0.005461 0.002509  0.144100 0.020000 3 20 0.719242 21 0.229913 34 0.050845
0  -33.596249 0.528259 -0.961129  -0.896159 0.069542 -0.438251  0.144011 0.028159 3 21 0.189708 20 0.774017 34 0.036275
v_heavyArms.tga.002
0  -31.873573 2.041690 0.544887  -0.286306 0.851279 0.439718  0.609900 0.138500 1 20 1.000000
0  -31.881073 1.368375 1.475558  -0.299635 0.489432 0.818948  0.548300 0.142900 1 20 1.000000
0  -30.601871 1.518017 1.675384  -0.108358 0.547697 0.829630  0.552000 0.207400 1 20 1.000000
v_heavyArms.tga.002
0  -30.625973 0.048893 1.984763  -0.156474 -0.027343 0.987304  0.481300 0.208200 1 20 1.000000
0  -30.620872 -1.739413 1.556710  -0.186524 -0.649199 0.737393  0.397100 0.211200 1 20 1.000000
0  -22.210449 -2.029852 1.851521  -0.025144 -0.676590 0.735931  0.400400 0.472700 2 20 0.927651 19 0.072349
v_heavyArms.tga.002
0  -33.606472 -1.025355 -0.420021  -0.995949 -0.068990 -0.057678  0.274200 0.009600 3 34 0.338174 21 0.196940 20 0.464886
0  -33.593872 -0.483256 -0.791921  -0.999979 0.005287 -0.003838  0.216200 0.015000 3 20 0.645243 21 0.121273 34 0.233485
0  -33.593872 -0.552972 -0.888317  -0.894579 -0.129389 -0.427770  0.219699 0.022873 3 34 0.184112 21 0.131839 20 0.684049
v_heavyArms.tga.002
0  -33.596073 0.505644 -0.843621  -0.999982 0.005461 0.002509  0.144100 0.020000 3 20 0.719242 21 0.229913 34 0.050845
0  -33.585571 1.215145 -0.590421  -0.999954 0.009583 -0.000849  0.091900 0.024400 2 20 0.724501 21 0.275499
0  -33.584789 1.289755 -0.667545  -0.898352 0.242747 -0.366111  0.090513 0.031246 2 21 0.237811 20 0.762189
v_heavyArms.tga.002
0  -38.203773 1.560745 -0.026121  -0.547064 -0.687213 0.477974  0.585700 0.777300 3 22 0.438724 23 0.193634 25 0.367642
0  -38.194374 1.577244 -0.019622  -0.362536 -0.143514 0.920854  0.585200 0.776600 3 22 0.436850 23 0.176635 25 0.386516
0  -38.447941 1.627707 -0.078808  -0.263990 -0.229994 0.936703  0.580173 0.791068 2 23 0.446585 22 0.553415
v_heavyArms.tga.002
0  -39.195187 1.907076 0.129354  -0.393098 -0.471255 0.789552  0.556358 0.836173 3 22 0.000048 23 0.916908 24 0.083044
0  -39.162338 1.777269 -0.240534  -0.276587 -0.914181 0.296266  0.569346 0.844124 3 24 0.149999 22 0.005892 23 0.844110
0  -38.561745 1.650997 -0.104934  -0.271053 -0.940301 0.205827  0.578207 0.798631 3 23 0.830836 22 0.153927 24 0.015237
v_heavyArms.tga.002
0  -32.725773 -0.914355 0.866979  -0.021450 -0.565330 0.824586  0.400800 0.082900 3 20 0.942504 21 0.036307 34 0.021189
0  -33.578018 -0.914355 0.866979  -0.345598 -0.503127 0.792102  0.396778 0.019524 3 34 0.083639 21 0.115635 20 0.800727
0  -33.574291 -1.384035 0.166579  -0.387029 -0.917760 0.089020  0.331430 0.021510 3 34 0.214419 21 0.096155 20 0.689425
v_heavyArms.tga.002
0  -40.198673 0.672326 -0.439576  -0.163330 -0.967780 0.191638  0.634069 0.902601 2 27 0.108877 26 0.891123
0  -40.194473 0.694894 -0.479890  0.071048 -0.873497 -0.481617  0.636082 0.903287 2 27 0.122836 26 0.877164
0  -39.147030 0.590120 -0.129620  0.137835 -0.719494 -0.680683  0.644328 0.834039 2 25 0.153819 26 0.846181
v_heavyArms.tga.002
0  -40.127819 -0.628659 -0.279173  -0.087463 -0.980434 0.176353  0.725548 0.881558 3 28 0.011131 30 0.138761 29 0.850108
0  -39.086288 -0.663227 0.051083  -0.080563 -0.980450 0.179520  0.720883 0.813771 2 29 0.760500 28 0.239500
0  -39.112907 -0.568840 0.555222  -0.250919 -0.634582 0.730990  0.705627 0.806156 2 29 0.755020 28 0.244980
v_heavyArms.tga.002
0  -32.723671 -1.162656 -0.628720  -0.902599 -0.333710 -0.271943  0.269300 0.085900 3 20 0.885530 21 0.041637 34 0.072833
0  -32.625671 -1.270417 -0.817875  -0.650726 -0.543542 -0.530206  0.263700 0.101500 3 20 0.963586 21 0.003310 34 0.033104
0  -32.622871 -1.670617 0.111685  -0.667955 -0.744124 0.010751  0.327600 0.099600 3 20 0.963104 21 0.000783 34 0.036113
v_heavyArms.tga.002
0  -40.191475 -0.382204 -0.852939  0.168659 -0.470890 -0.865920  0.305843 0.905973 2 30 0.913668 29 0.086332
0  -40.225746 -0.590255 -0.550232  0.079318 -0.924528 -0.372768  0.292337 0.907384 2 30 0.884285 29 0.115715
0  -41.449474 -0.583855 -0.869522  -0.023242 -0.934781 -0.354464  0.291500 0.971000 1 30 1.000000
v_heavyArms.tga.002
0  -38.246414 1.395586 0.606373  -0.102590 0.696909 0.709784  0.610000 0.770200 3 25 0.902426 22 0.074901 28 0.022673
0  -38.195171 1.426745 0.016278  -0.412902 0.904796 0.104192  0.593200 0.778800 4 25 0.806268 22 0.123624 23 0.031867 26 0.038242
0  -39.010586 1.518743 -0.074610  0.062242 0.990252 0.124607  0.583137 0.820037 2 25 0.742812 26 0.257188
v_heavyArms.tga.002
0  -36.325909 -3.874341 -0.176779  0.484498 -0.614280 0.622834  0.937679 0.627491 2 35 0.817228 36 0.182772
0  -36.416813 -3.961982 -0.191565  0.519139 -0.602037 0.606668  0.942975 0.630084 2 35 0.151151 36 0.848849
0  -36.275383 -3.987229 -0.620304  0.668484 -0.737755 0.094058  0.958963 0.617606 2 35 0.206787 36 0.793213
v_heavyArms.tga.002
0  -38.990761 -1.952561 -0.348071  0.008836 -0.997267 -0.073351  0.817038 0.809139 3 33 0.026871 32 0.764642 31 0.208487
0  -38.992355 -1.928394 -0.325037  -0.111392 -0.689470 0.715698  0.815116 0.809021 3 33 0.020235 32 0.770734 31 0.209032
0  -40.094902 -1.916830 -0.522685  -0.147476 -0.689924 0.708700  0.815676 0.864974 3 31 0.002369 33 0.224087 32 0.773544
v_heavyArms.tga.002
0  -38.369473 -0.783056 -0.210534  -0.424521 0.901369 -0.085537  0.276500 0.791200 4 31 0.581919 32 0.092884 28 0.311850 29 0.013347
0  -38.337471 -0.817557 0.056378  -0.628376 0.758345 0.173365  0.284900 0.796800 3 31 0.681512 32 0.077882 28 0.240606
0  -38.269772 -0.721555 0.109278  -0.886584 -0.450366 0.105543  0.289900 0.797100 4 28 0.457264 31 0.482286 32 0.032992 29 0.027458
v_heavyArms.tga.002
0  -40.028412 -1.695576 -1.038666  0.173907 -0.391646 -0.903532  0.226238 0.868065 3 33 0.314552 32 0.665485 31 0.019962
0  -40.080826 -1.108918 -0.962811  0.082380 0.681875 -0.726815  0.252008 0.871420 3 32 0.683476 31 0.009506 33 0.307018
0  -39.057644 -1.018866 -0.771846  0.050444 0.671023 -0.739719  0.257275 0.830763 3 33 0.061455 32 0.758577 31 0.179968
v_heavyArms.tga.002
0  -38.388527 2.320291 -0.714991  0.091993 0.479089 -0.872932  0.480132 0.798593 3 23 0.703104 22 0.210366 24 0.086530
0  -38.449799 1.664685 -0.629119  -0.057108 -0.682066 -0.729057  0.447231 0.805979 3 23 0.717404 22 0.200555 24 0.082041
0  -39.106098 1.785514 -0.681139  -0.080970 -0.721995 -0.687145  0.453995 0.850391 3 24 0.307718 22 0.032423 23 0.659859
v_heavyArms.tga.002
0  -40.267834 -0.536907 0.159918  -0.294821 -0.630986 0.717591  0.708948 0.883694 2 29 0.196558 30 0.803442
0  -41.521935 -0.502712 -0.341044  -0.505167 -0.574804 0.643744  0.715321 0.956443 1 30 1.000000
0  -41.474972 -0.586755 -0.707523  -0.268905 -0.946402 0.178924  0.729515 0.961077 1 30 1.000000
v_heavyArms.tga.002
0  -40.146488 0.403426 -0.309617  0.083728 0.925929 -0.368300  0.659705 0.886228 2 30 0.133780 29 0.866220
0  -40.138424 0.378079 -0.253784  -0.143435 0.893183 0.426206  0.662032 0.886582 2 29 0.882425 30 0.117575
0  -39.117027 0.402298 0.030990  -0.138445 0.863342 0.485257  0.657678 0.819677 2 28 0.193347 29 0.806653
v_heavyArms.tga.002
0  -32.625671 -1.270417 -0.817875  -0.650726 -0.543542 -0.530206  0.263700 0.101500 3 20 0.963586 21 0.003310 34 0.033104
0  -32.627472 -0.802021 -1.161138  -0.618720 -0.305200 -0.723905  0.229200 0.104900 2 20 0.998384 34 0.001616
0  -31.890774 -0.653944 -1.347795  -0.195170 -0.250144 -0.948334  0.215500 0.146100 1 20 1.000000
v_heavyArms.tga.002
0  -39.265415 1.783818 -0.277986  -0.386491 -0.812619 0.436205  0.568267 0.851972 2 23 0.163743 24 0.836257
0  -39.262669 1.801691 -0.272494  -0.401190 -0.212195 0.891078  0.567340 0.851665 2 24 0.833974 23 0.166026
0  -40.143372 2.046644 -0.638522  -0.424702 -0.210839 0.880440  0.544900 0.917300 1 24 1.000000
v_heavyArms.tga.002
0  -41.510483 -1.192857 -1.067923  -0.387222 0.880509 -0.273428  0.247200 0.940900 1 33 1.000000
0  -41.121834 -1.164714 -0.998962  -0.048532 0.974839 -0.217564  0.253164 0.924004 1 33 1.000000
0  -41.100842 -1.215352 -1.263475  0.052895 0.655701 -0.753166  0.245800 0.923000 1 33 1.000000
v_heavyArms.tga.002
0  -33.568157 1.301642 -0.679018  -0.358367 0.526105 -0.771224  0.090292 0.033394 2 21 0.186369 20 0.813631
0  -33.568878 1.740008 -0.204253  -0.403290 0.883253 -0.239211  0.048087 0.033802 2 21 0.222329 20 0.777671
0  -32.715672 1.784745 -0.190421  -0.038492 0.970851 -0.236575  0.047400 0.090800 2 20 0.916855 21 0.083145
v_heavyArms.tga.002
0  -34.015175 -0.417455 -0.862626  0.104249 0.015015 -0.994438  0.319800 0.536500 3 20 0.031616 21 0.525782 34 0.442602
0  -34.363174 -1.405755 -0.865221  0.260100 -0.089061 -0.961466  0.259300 0.552200 1 34 1.000000
0  -35.499374 -1.551955 -1.154221  -0.081653 0.023182 -0.996391  0.241000 0.619000 3 21 0.074378 34 0.921960 31 0.003661
v_heavyArms.tga.002
0  -41.555882 -1.670256 -1.192423  -0.829025 -0.387797 -0.402903  0.226300 0.939900 1 33 1.000000
0  -41.470081 -1.762557 -1.152522  -0.414627 -0.863018 -0.288592  0.222300 0.937000 1 33 1.000000
0  -41.469482 -1.784556 -1.000123  -0.385501 -0.905865 -0.175491  0.216600 0.940200 1 33 1.000000
v_heavyArms.tga.002
0  -33.594475 -0.858655 0.755179  0.124848 -0.547276 0.827588  0.718700 0.513800 3 20 0.720299 21 0.163843 34 0.115859
0  -34.478672 -0.754856 0.863479  0.098593 -0.381400 0.919138  0.714600 0.561400 3 20 0.085001 21 0.766242 34 0.148758
0  -34.204273 -1.332854 0.381479  0.373964 -0.615776 0.693520  0.755400 0.542600 3 20 0.079550 21 0.538456 34 0.381994
v_heavyArms.tga.002
0  -41.510284 -1.190057 -0.881023  -0.467433 0.281408 0.838043  0.773700 0.960100 1 33 1.000000
0  -41.122986 -1.093556 -0.708823  -0.411728 0.320052 0.853256  0.758900 0.942000 1 33 1.000000
0  -41.123882 -1.064057 -0.720323  -0.250577 0.941767 0.224246  0.757700 0.942800 1 33 1.000000
v_heavyArms.tga.002
0  -39.165058 1.759329 -0.245987  -0.302949 -0.829127 0.469862  0.570276 0.844388 3 24 0.164887 22 0.006857 23 0.828256
0  -38.567432 1.633573 -0.110882  -0.282048 -0.828074 0.484502  0.579024 0.798897 3 23 0.821114 22 0.152105 24 0.026781
0  -38.561745 1.650997 -0.104934  -0.262001 -0.234169 0.936227  0.578207 0.798631 3 23 0.830836 22 0.153927 24 0.015237
v_heavyArms.tga.002
0  -32.630875 0.616158 -1.183993  -0.675650 0.104366 -0.729797  0.143100 0.103200 2 20 0.991131 21 0.008869
0  -32.614273 1.614210 -0.921196  -0.680800 0.465899 -0.565199  0.084600 0.111000 2 20 0.963151 21 0.036849
0  -31.875172 1.867830 -1.071701  -0.279129 0.645439 -0.710982  0.078800 0.151000 1 20 1.000000
v_heavyArms.tga.002
0  -38.331272 -0.826956 0.113378  -0.466309 0.862670 0.195849  0.726600 0.773000 3 31 0.700193 32 0.055963 28 0.243844
0  -38.327896 -0.950441 0.741011  -0.428616 0.322493 0.843971  0.743800 0.761000 2 31 0.829052 28 0.170948
0  -38.159473 -0.701755 0.576278  -0.868589 -0.226527 0.440724  0.718600 0.754800 2 28 0.488027 31 0.511973
v_heavyArms.tga.002
0  -37.699875 2.410843 -0.072222  0.087599 0.927452 -0.363536  0.517400 0.738400 2 22 0.965370 23 0.034630
0  -37.944275 2.420544 -0.116021  0.147165 0.953958 -0.261355  0.514900 0.753700 2 22 0.881401 23 0.118599
0  -37.929073 2.427244 -0.082022  0.015245 0.972703 0.231551  0.516900 0.752600 2 22 0.895776 23 0.104224
v_heavyArms.tga.002
0  -39.105637 2.531375 -0.385827  0.055474 0.996546 0.061795  0.503602 0.843077 3 22 0.007580 24 0.268245 23 0.724174
0  -38.417088 2.467673 -0.213006  0.056595 0.988833 0.137865  0.505684 0.796839 3 23 0.766255 24 0.047457 22 0.186289
0  -38.412853 2.487557 -0.361494  0.102019 0.982729 -0.154391  0.497405 0.798248 3 22 0.191189 23 0.741920 24 0.066891
v_heavyArms.tga.002
0  -35.499374 -1.551955 -1.154221  -0.335184 0.402939 -0.851641  0.241000 0.619000 3 21 0.074378 34 0.921960 31 0.003661
0  -35.468872 -1.582354 -1.181421  -0.008135 -0.018582 -0.999794  0.238800 0.616600 2 21 0.042751 34 0.957249
0  -36.206673 -2.076756 -0.770121  -0.705425 -0.583618 -0.402202  0.216400 0.663000 3 21 0.057812 35 0.154391 34 0.787798
v_heavyArms.tga.002
0  -41.325359 1.513689 -0.981080  -0.269901 0.962694 -0.019352  0.572976 0.961282 1 27 1.000000
0  -40.243298 1.568879 -0.523578  -0.067368 0.995333 0.069097  0.571596 0.896803 2 26 0.147630 27 0.852370
0  -40.235828 1.542402 -0.564599  0.176617 0.841165 -0.511124  0.569242 0.897167 2 27 0.857498 26 0.142502
v_heavyArms.tga.002
0  -40.249374 1.553950 -0.508522  -0.085682 0.988153 0.127328  0.573116 0.896879 2 26 0.151141 27 0.848859
0  -41.330429 1.498024 -0.967222  -0.276607 0.960927 0.010408  0.574505 0.959785 1 27 1.000000
0  -41.458702 1.460272 -0.627691  -0.676662 0.597569 0.430163  0.581815 0.956566 1 27 1.000000
v_heavyArms.tga.002
0  -38.431873 0.416245 0.091678  -0.330351 0.880663 -0.339561  0.651700 0.785500 3 28 0.702709 29 0.068609 25 0.228682
0  -38.415474 0.386144 0.085478  -0.210703 0.151394 -0.965756  0.650700 0.786700 3 28 0.684619 29 0.071358 25 0.244022
0  -39.014801 0.403601 -0.004149  0.161614 0.292378 -0.942548  0.654646 0.815188 3 29 0.267117 28 0.675457 25 0.057426
v_heavyArms.tga.002
0  -37.215073 -4.825455 -0.225421  0.209244 -0.661887 0.719807  0.984500 0.650800 1 36 1.000000
0  -37.481274 -4.770157 -0.235421  -0.573848 -0.497272 0.650707  0.986100 0.658200 1 36 1.000000
0  -37.507973 -4.802254 -0.495621  -0.819523 -0.544116 0.179777  0.998600 0.655400 1 36 1.000000
v_heavyArms.tga.002
0  -35.822372 -2.867055 -1.308521  -0.041576 -0.041781 -0.998261  0.159900 0.620800 2 34 0.122825 35 0.877175
0  -35.194275 -2.368254 -1.377821  0.087232 -0.009893 -0.996139  0.196200 0.595000 2 34 0.877276 35 0.122724
0  -34.688473 -2.652255 -1.076521  0.623920 -0.508805 -0.593162  0.188300 0.562500 2 34 0.891289 35 0.108711
v_heavyArms.tga.002
0  -38.283974 2.466617 -0.152721  0.073892 0.985013 0.155847  0.515000 0.774781 2 23 0.333971 22 0.666029
0  -38.294872 2.446465 -0.127870  -0.038152 0.784266 0.619251  0.516968 0.775165 2 23 0.318460 22 0.681540
0  -37.937172 2.406643 -0.059422  -0.080717 0.755448 0.650218  0.518700 0.752900 2 22 0.905398 23 0.094602
v_heavyArms.tga.002
0  -38.422771 0.396244 -0.403986  -0.481080 0.872320 -0.087297  0.348600 0.801700 4 28 0.666608 25 0.204874 26 0.007351 29 0.121166
0  -38.454235 0.283647 -0.799034  -0.234794 0.446668 -0.863342  0.343400 0.800500 2 28 0.866411 29 0.133589
0  -39.009941 0.270533 -0.731938  -0.046533 0.603417 -0.796067  0.338410 0.837736 3 29 0.409070 25 0.036816 28 0.554114
v_heavyArms.tga.002
0  -37.981949 1.604481 -0.638926  -0.576671 -0.425540 -0.697400  0.445100 0.778900 3 22 0.498256 23 0.176871 25 0.324873
0  -38.070972 1.541344 -0.375574  -0.588969 -0.761731 -0.269966  0.438500 0.783900 3 22 0.390737 23 0.169915 25 0.439348
0  -38.381840 1.599738 -0.372308  -0.181485 -0.978898 -0.093926  0.438889 0.802096 2 23 0.487833 22 0.512167
v_heavyArms.tga.002
0  -41.142681 -1.914956 -0.849123  -0.108671 -0.993183 -0.042162  0.819500 0.933000 1 33 1.000000
0  -41.148281 -1.890757 -0.826823  -0.298715 -0.683210 0.666328  0.818000 0.932900 1 33 1.000000
0  -41.473782 -1.814957 -0.935522  -0.460212 -0.483956 0.744306  0.812300 0.951200 1 33 1.000000
v_heavyArms.tga.002
0  -38.990761 -1.952561 -0.348071  0.008836 -0.997267 -0.073351  0.817038 0.809139 3 33 0.026871 32 0.764642 31 0.208487
0  -40.091034 -1.940867 -0.545280  -0.001100 -0.998528 -0.054238  0.817401 0.865043 3 33 0.236518 32 0.758220 31 0.005262
0  -40.079014 -1.893090 -0.579136  0.148016 -0.595576 -0.789545  0.820614 0.864816 3 33 0.243309 32 0.747722 31 0.008969
v_heavyArms.tga.002
0  -38.369473 -0.783056 -0.210534  -0.424521 0.901369 -0.085537  0.276500 0.791200 4 31 0.581919 32 0.092884 28 0.311850 29 0.013347
0  -38.223911 -0.918310 -0.740885  -0.207905 0.496696 -0.842656  0.260500 0.782300 3 32 0.115091 31 0.634516 28 0.250393
0  -38.956806 -1.008226 -0.764302  -0.051883 0.648893 -0.759108  0.257725 0.825760 3 28 0.072447 32 0.379926 31 0.547627
v_heavyArms.tga.002
0  -41.464172 -0.585556 -0.765023  -0.110183 -0.993631 -0.023607  0.288200 0.974700 1 30 1.000000
0  -41.449474 -0.583855 -0.869522  -0.023242 -0.934781 -0.354464  0.291500 0.971000 1 30 1.000000
0  -40.225746 -0.590255 -0.550232  0.079318 -0.924528 -0.372768  0.291351 0.904287 2 30 0.884285 29 0.115715
v_heavyArms.tga.002
0  -37.911373 1.469546 0.583278  -0.247013 0.278623 0.928092  0.591700 0.751000 3 22 0.480715 25 0.497484 28 0.021801
0  -38.246414 1.395586 0.606373  -0.102590 0.696909 0.709784  0.610000 0.770200 3 25 0.902426 22 0.074901 28 0.022673
0  -38.375214 0.633987 0.794773  -0.324267 -0.402822 0.855912  0.634700 0.773400 1 25 1.000000
v_heavyArms.tga.002
0  -39.120480 0.410567 -0.331973  0.000390 0.988334 -0.152299  0.348123 0.845157 3 30 0.012616 28 0.163460 29 0.823924
0  -39.113354 0.268869 -0.736547  0.071071 0.591109 -0.803455  0.337792 0.844256 3 29 0.777013 30 0.051377 28 0.171610
0  -40.106380 0.260429 -0.850343  0.092349 0.579146 -0.809976  0.334872 0.902889 2 30 0.275230 29 0.724770
v_heavyArms.tga.002
0  -39.000057 1.532955 -0.092362  0.086777 0.989974 0.111452  0.581668 0.819473 2 26 0.265920 25 0.734080
0  -39.010586 1.518743 -0.074610  -0.016684 0.785348 0.618830  0.583137 0.820037 2 25 0.742812 26 0.257188
0  -38.195171 1.426745 0.016278  -0.200451 0.492423 0.846958  0.593200 0.778800 4 25 0.806268 22 0.123624 23 0.031867 26 0.038242
v_heavyArms.tga.002
0  -38.437973 0.513745 0.045775  -0.292590 -0.938612 -0.182751  0.645300 0.792800 2 25 0.934917 26 0.065083
0  -38.414371 0.538144 0.089678  -0.403790 -0.660523 0.632979  0.644200 0.791000 2 25 0.946098 26 0.053902
0  -39.040997 0.578950 -0.042473  -0.184509 -0.782728 0.594385  0.642004 0.826671 2 26 0.216585 25 0.783415
v_heavyArms.tga.002
0  -34.460575 0.122844 1.081078  0.024958 -0.063593 0.997664  0.666000 0.562000 3 20 0.103733 21 0.874701 34 0.021566
0  -34.455574 1.002844 0.970879  0.067749 0.366920 0.927782  0.618500 0.562700 2 20 0.131596 21 0.868404
0  -36.739273 1.224745 0.918778  -0.067968 0.299413 0.951700  0.608400 0.683900 1 21 1.000000
v_heavyArms.tga.002
0  -40.149700 1.569916 -0.487214  -0.015816 0.996173 0.085961  0.571926 0.891068 2 26 0.865639 27 0.134361
0  -39.108936 1.540556 -0.118006  0.018388 0.997097 0.073890  0.580495 0.825577 2 25 0.128815 26 0.871185
0  -39.071526 1.517088 -0.148777  0.175355 0.873412 -0.454316  0.578799 0.824378 2 25 0.137316 26 0.862684
v_heavyArms.tga.002
0  -36.647873 2.287445 0.482778  0.133367 0.790907 0.597227  0.547900 0.681400 1 21 1.000000
0  -34.167072 1.648545 0.404679  0.220469 0.883029 0.414310  0.572600 0.547500 3 20 0.183854 21 0.809432 25 0.006714
0  -33.991074 1.599745 0.160379  0.161695 0.984152 -0.072791  0.561800 0.535100 3 20 0.175553 21 0.822448 25 0.002000
v_heavyArms.tga.002
0  -41.379044 -0.356026 -1.107099  0.090441 -0.378450 -0.921193  0.304000 0.966700 1 30 1.000000
0  -41.377644 0.229174 -1.113798  0.014948 0.553029 -0.833028  0.332000 0.968100 1 30 1.000000
0  -40.206505 0.258743 -0.866625  0.148047 0.575038 -0.804620  0.334613 0.908399 2 30 0.907727 29 0.092273
v_heavyArms.tga.002
0  -37.561172 -4.349957 -0.797421  -0.910123 0.119822 -0.396634  0.044600 0.701100 1 36 1.000000
0  -37.527473 -4.825657 -0.684521  -0.751767 -0.620481 -0.223271  0.019500 0.689800 1 36 1.000000
0  -37.507973 -4.802254 -0.495621  -0.819523 -0.544116 0.179777  0.013600 0.695900 1 36 1.000000
v_heavyArms.tga.002
0  -30.625973 0.738531 -1.678611  -0.100038 0.118360 -0.987919  0.143000 0.211500 1 20 1.000000
0  -30.591572 2.084538 -1.220409  -0.116165 0.673609 -0.729902  0.075300 0.214800 1 20 1.000000
0  -22.180700 2.352285 -1.453089  -0.088658 0.681647 -0.726290  0.086900 0.482200 2 19 0.024844 20 0.975156
v_heavyArms.tga.002
0  -41.483273 0.332944 -0.858223  -0.188982 0.962229 -0.195965  0.338700 0.975900 1 30 1.000000
0  -41.786171 0.181444 -1.021222  -0.725727 0.550434 -0.412725  0.326400 0.986000 1 30 1.000000
0  -41.793774 0.193445 -0.906923  -0.836716 0.547637 0.000521  0.327300 0.990800 1 30 1.000000
v_heavyArms.tga.002
0  -38.363773 -0.539199 0.765983  -0.325570 -0.521420 0.788749  0.699400 0.763800 2 28 0.991828 29 0.008172
0  -37.838272 -0.755056 0.886178  -0.262208 -0.139204 0.954919  0.718200 0.741700 3 21 0.002249 28 0.496929 31 0.500822
0  -37.924973 0.446144 0.878578  -0.268922 0.112333 0.956589  0.652100 0.749200 2 25 0.517027 28 0.482973
v_heavyArms.tga.002
0  -31.888672 -1.578090 -0.941454  -0.296734 -0.668627 -0.681826  0.267900 0.147700 1 20 1.000000
0  -31.890774 -0.653944 -1.347795  -0.195170 -0.250144 -0.948334  0.215500 0.146100 1 20 1.000000
0  -30.618874 -0.775357 -1.534026  -0.100561 -0.253653 -0.962054  0.215500 0.211000 1 20 1.000000
v_heavyArms.tga.002
0  -38.962181 1.509591 -0.124219  0.098588 0.993105 -0.063422  0.428891 0.835305 2 26 0.255488 25 0.744512
0  -38.111572 1.415644 -0.038766  -0.619205 0.776080 -0.119520  0.424700 0.789600 4 25 0.764452 22 0.142937 23 0.055813 26 0.036798
0  -38.056473 1.400944 -0.435577  -0.353678 0.864782 -0.356460  0.412800 0.791800 4 25 0.739335 22 0.141098 23 0.055823 26 0.063745
v_heavyArms.tga.002
0  -40.146488 0.403426 -0.309617  0.083728 0.925929 -0.368300  0.659705 0.886228 2 30 0.133780 29 0.866220
0  -39.128181 0.429317 -0.020293  0.069973 0.939836 -0.334382  0.656029 0.820816 2 29 0.817580 28 0.182420
0  -39.118519 0.403909 -0.026545  0.234601 0.315469 -0.919479  0.655178 0.820994 2 29 0.819763 28 0.180237
v_heavyArms.tga.002
0  -35.499374 -1.551955 -1.154221  -0.335184 0.402939 -0.851641  0.241000 0.619000 3 21 0.074378 34 0.921960 31 0.003661
0  -34.363174 -1.405755 -0.865221  0.318818 0.298415 -0.899613  0.259300 0.552200 1 34 1.000000
0  -34.356575 -1.462155 -0.881621  0.341666 0.165556 -0.925124  0.255200 0.553300 1 34 1.000000
v_heavyArms.tga.002
0  -38.092072 -1.812554 -0.607122  -0.028098 -0.873735 -0.485590  0.219500 0.779600 3 31 0.876221 32 0.084342 28 0.039437
0  -38.120110 -1.630611 -0.819216  -0.007369 -0.375458 -0.926810  0.230700 0.777400 3 31 0.813121 32 0.087401 28 0.099479
0  -37.426022 -1.606999 -0.862830  -0.076881 -0.273326 -0.958844  0.236832 0.737431 5 31 0.693948 32 0.002205 34 0.036006 28 0.095900 21 0.171941
v_heavyArms.tga.002
0  -33.985573 1.539944 -0.139521  0.129683 0.935385 -0.328995  0.446800 0.543100 2 21 0.823524 20 0.176476
0  -36.477573 2.336846 -0.137922  0.171798 0.966982 -0.188233  0.492300 0.682200 1 21 1.000000
0  -36.552574 2.351044 0.067078  0.156938 0.987453 -0.017505  0.504700 0.683300 1 21 1.000000
v_heavyArms.tga.002
0  -38.469830 2.410036 0.247505  -0.160050 0.728734 0.665830  0.535171 0.782047 2 22 0.187415 23 0.812585
0  -39.145451 2.443216 0.043201  -0.182123 0.696448 0.694112  0.529812 0.827786 2 23 0.914942 24 0.085058
0  -39.195187 1.907076 0.129354  -0.393098 -0.471255 0.789552  0.556358 0.836173 3 22 0.000048 23 0.916908 24 0.083044
v_heavyArms.tga.002
0  -38.412853 2.487557 -0.361494  0.102019 0.982729 -0.154391  0.497405 0.798248 3 22 0.191189 23 0.741920 24 0.066891
0  -38.388527 2.320291 -0.714991  0.091993 0.479089 -0.872932  0.480132 0.798593 3 23 0.703104 22 0.210366 24 0.086530
0  -39.054375 2.372712 -0.774250  0.152007 0.406439 -0.900945  0.484527 0.842635 3 22 0.033037 23 0.634887 24 0.332076
v_heavyArms.tga.002
0  -41.257645 1.363522 -1.223526  -0.114972 0.383497 -0.916358  0.399065 0.953968 1 27 1.000000
0  -41.281185 0.992381 -1.211103  -0.215392 -0.543897 -0.811038  0.381033 0.953468 1 27 1.000000
0  -41.482414 1.050748 -1.081780  -0.779522 -0.263781 -0.568125  0.383273 0.961449 1 27 1.000000
v_heavyArms.tga.002
0  -40.015190 2.431395 -1.009910  -0.124262 0.340586 -0.931966  0.486900 0.904100 1 24 1.000000
0  -40.052990 2.094694 -0.935711  -0.248239 -0.580243 -0.775690  0.473400 0.906500 1 24 1.000000
0  -40.235874 2.146744 -0.818623  -0.781779 -0.400429 -0.477994  0.475800 0.913400 1 24 1.000000
v_heavyArms.tga.002
0  -37.423237 -1.937855 -0.324183  -0.030133 -0.757970 0.651593  0.824788 0.718078 4 31 0.742407 28 0.002710 34 0.027022 21 0.227861
0  -38.089973 -1.894856 -0.308122  -0.002246 -0.689233 0.724536  0.819100 0.753600 2 31 0.942094 32 0.057906
0  -38.089672 -1.919457 -0.331522  -0.022747 -0.999693 -0.009847  0.820500 0.753700 2 31 0.928241 32 0.071759
v_heavyArms.tga.002
0  -37.132889 -3.450122 -0.915068  -0.759359 0.383269 -0.525812  0.103088 0.692834 2 36 0.873894 35 0.126106
0  -36.724724 -3.712371 -1.261699  -0.118677 -0.101562 -0.987725  0.094258 0.658915 2 35 0.136603 36 0.863397
0  -37.378773 -4.635457 -1.068721  -0.379182 -0.391758 -0.838300  0.038200 0.681100 1 36 1.000000
v_heavyArms.tga.002
0  -33.982574 -1.670254 -0.735421  0.849384 0.117798 -0.514460  0.249100 0.526000 3 20 0.101178 21 0.046636 34 0.852186
0  -33.985874 -1.761855 -0.283721  0.941155 -0.266454 0.207919  0.236500 0.502100 3 20 0.100586 34 0.864990 21 0.034424
0  -33.990574 -1.780555 -0.286421  0.811069 -0.569351 0.134189  0.235800 0.506000 3 20 0.078532 34 0.901391 21 0.020077
v_heavyArms.tga.002
0  -36.179073 -2.228955 -0.894921  -0.676529 0.493137 -0.546923  0.194800 0.657800 2 35 0.289995 34 0.710005
0  -36.294971 -2.479256 -0.945921  -0.652830 0.508773 -0.561215  0.177800 0.660300 2 34 0.129255 35 0.870745
0  -36.315872 -2.477456 -0.650921  -0.812342 0.572149 0.112898  0.184300 0.677300 2 34 0.132857 35 0.867143
v_heavyArms.tga.002
0  -35.209873 -1.536654 0.578479  0.116398 -0.504578 0.855484  0.760300 0.599900 3 20 0.001729 21 0.592746 34 0.405525
0  -35.243271 -2.000155 0.328879  -0.116764 -0.464352 0.877920  0.798100 0.600300 3 21 0.054702 35 0.017085 34 0.928214
0  -34.263172 -1.842955 0.150779  0.573130 -0.399620 0.715420  0.789100 0.550200 3 20 0.049884 21 0.037046 34 0.913069
v_heavyArms.tga.002
0  -37.144794 2.332156 0.500220  0.045126 0.774688 0.630731  0.544738 0.708109 3 22 0.450119 25 0.023646 21 0.526235
0  -37.189022 1.342404 0.791482  -0.198504 0.276697 0.940231  0.600373 0.716151 4 22 0.065969 21 0.516796 25 0.378143 28 0.039092
0  -36.739273 1.224745 0.918778  -0.067968 0.299413 0.951700  0.608400 0.683900 1 21 1.000000
v_heavyArms.tga.002
0  -39.014801 0.403601 -0.004149  0.019126 0.999590 0.021290  0.358392 0.839623 3 29 0.267117 28 0.675457 25 0.057426
0  -38.415474 0.386144 0.085478  -0.339994 0.940109 0.024469  0.360600 0.805600 3 28 0.684619 29 0.071358 25 0.244022
0  -38.422771 0.396244 -0.403986  -0.481080 0.872320 -0.087297  0.348600 0.801700 4 28 0.666608 25 0.204874 26 0.007351 29 0.121166
v_heavyArms.tga.002
0  -37.378773 -4.635457 -1.068721  -0.379182 -0.391758 -0.838300  0.038200 0.681100 1 36 1.000000
0  -37.034172 -4.779355 -0.858221  0.436964 -0.789123 -0.431680  0.029600 0.661300 1 36 1.000000
0  -37.220074 -4.881455 -0.674521  0.236575 -0.940711 -0.243096  0.016500 0.672800 1 36 1.000000
v_heavyArms.tga.002
0  -38.454235 0.283647 -0.799034  -0.234794 0.446668 -0.863342  0.343400 0.800500 2 28 0.866411 29 0.133589
0  -38.202335 -0.427352 -0.795994  0.089674 -0.311422 -0.946031  0.320500 0.783600 2 28 0.881587 29 0.118413
0  -38.972549 -0.425081 -0.748190  -0.044632 -0.527158 -0.848594  0.313875 0.835091 2 28 0.618312 29 0.381688
v_heavyArms.tga.002
0  -33.579800 0.136545 1.149079  -0.383751 -0.053443 0.921889  0.477219 0.018610 2 20 0.890124 21 0.109876
0  -33.578018 -0.914355 0.866979  -0.345598 -0.503127 0.792102  0.396778 0.019524 3 34 0.083639 21 0.115635 20 0.800727
0  -32.725773 -0.914355 0.866979  -0.021450 -0.565330 0.824586  0.400800 0.082900 3 20 0.942504 21 0.036307 34 0.021189
v_heavyArms.tga.002
0  -40.199776 0.697490 -0.421631  -0.196834 -0.952677 0.231652  0.632256 0.901709 2 26 0.904079 27 0.095921
0  -39.148743 0.588037 -0.071672  -0.159449 -0.967234 0.197572  0.641353 0.833240 2 25 0.171020 26 0.828980
0  -39.179893 0.721780 0.554427  -0.367010 -0.547956 0.751696  0.625972 0.823383 2 25 0.206095 26 0.793905
v_heavyArms.tga.002
0  -37.911373 1.469546 0.583278  -0.247013 0.278623 0.928092  0.591700 0.751000 3 22 0.480715 25 0.497484 28 0.021801
0  -37.924973 0.446144 0.878578  -0.268922 0.112333 0.956589  0.652100 0.749200 2 25 0.517027 28 0.482973
0  -37.387562 0.400842 1.015959  -0.234922 0.122401 0.964277  0.654447 0.726321 3 28 0.384513 21 0.175007 25 0.440479
v_heavyArms.tga.002
0  -37.962074 2.455544 -0.259022  0.082514 0.994406 -0.065943  0.499800 0.772200 2 22 0.834517 23 0.165483
0  -37.941750 2.266984 -0.745373  0.023682 0.525100 -0.850711  0.475100 0.773200 2 22 0.831169 23 0.168831
0  -38.267361 2.307876 -0.715348  0.014086 0.500413 -0.865672  0.479002 0.791238 3 22 0.556842 23 0.421970 24 0.021188
v_heavyArms.tga.002
0  -38.090374 -1.878354 -0.367822  -0.042401 -0.969593 -0.241021  0.205700 0.784400 3 31 0.923737 32 0.074943 28 0.001320
0  -38.092072 -1.812554 -0.607122  -0.028098 -0.873735 -0.485590  0.219500 0.779600 3 31 0.876221 32 0.084342 28 0.039437
0  -37.420921 -1.895693 -0.666259  -0.136064 -0.844819 -0.517462  0.220686 0.744031 5 28 0.046960 31 0.739780 34 0.037469 32 0.000189 21 0.175602
v_heavyArms.tga.002
0  -35.448471 -3.197055 -0.156221  0.488671 -0.635791 0.597470  0.884500 0.595400 2 34 0.097680 35 0.902320
0  -36.010773 -2.977256 0.041179  -0.141600 0.054030 0.988448  0.881000 0.624800 2 34 0.095407 35 0.904593
0  -36.640755 -3.623678 0.038175  -0.236977 -0.104155 0.965916  0.929415 0.643419 2 35 0.832742 36 0.167258
v_heavyArms.tga.002
0  -38.120110 -1.630611 -0.819216  -0.007369 -0.375458 -0.926810  0.230700 0.777400 3 31 0.813121 32 0.087401 28 0.099479
0  -38.092072 -1.812554 -0.607122  -0.028098 -0.873735 -0.485590  0.219500 0.779600 3 31 0.876221 32 0.084342 28 0.039437
0  -38.868576 -1.845278 -0.623639  0.052411 -0.909766 -0.411799  0.218090 0.821569 2 32 0.349757 31 0.650243
v_heavyArms.tga.002
0  -37.671772 2.379345 0.447978  -0.082597 0.761259 0.643166  0.541400 0.736300 3 22 0.981199 25 0.018610 21 0.000191
0  -37.347336 2.350326 0.490544  -0.002572 0.763588 0.645699  0.543453 0.718964 3 22 0.661646 25 0.025160 21 0.313194
0  -37.351448 2.381866 0.028483  0.057742 0.996479 0.060789  0.523757 0.718125 2 22 0.801120 21 0.198880
v_heavyArms.tga.002
0  -39.182007 2.541698 -0.558268  0.091376 0.960290 -0.263615  0.495648 0.849263 2 24 0.899790 23 0.100210
0  -39.158226 2.379935 -0.791925  0.224345 0.382005 -0.896516  0.484990 0.849388 2 23 0.104529 24 0.895471
0  -40.015190 2.431395 -1.009910  -0.124262 0.340586 -0.931966  0.486900 0.904100 1 24 1.000000
v_heavyArms.tga.002
0  -39.047653 1.489942 -0.472606  0.085781 0.957560 -0.275172  0.416927 0.844938 3 25 0.142665 26 0.854979 27 0.002356
0  -39.046398 1.366953 -0.706811  0.163979 0.528936 -0.832669  0.409754 0.846091 3 25 0.150252 27 0.029275 26 0.820473
0  -40.092304 1.367385 -0.957064  0.209943 0.449266 -0.868380  0.404660 0.899091 2 26 0.744109 27 0.255891
v_heavyArms.tga.002
0  -39.207939 2.536179 -0.418139  -0.000614 0.999222 0.039433  0.502963 0.849960 2 24 0.904534 23 0.095466
0  -39.182007 2.541698 -0.558268  0.091376 0.960290 -0.263615  0.495648 0.849263 2 24 0.899790 23 0.100210
0  -40.042572 2.537644 -0.834923  -0.064978 0.954880 -0.289795  0.491800 0.905200 1 24 1.000000
v_heavyArms.tga.002
0  -31.894772 0.072894 1.587962  -0.248884 -0.028887 0.968102  0.478200 0.142000 1 20 1.000000
0  -31.891872 -1.310088 1.371126  -0.281303 -0.544780 0.789989  0.402900 0.148000 1 20 1.000000
0  -30.620872 -1.739413 1.556710  -0.186524 -0.649199 0.737393  0.397100 0.211200 1 20 1.000000
v_heavyArms.tga.002
0  -40.134232 -1.041769 -0.659221  -0.049718 0.974102 -0.220575  0.260980 0.874119 2 33 0.249455 32 0.750545
0  -40.145382 -0.983571 -0.401496  -0.030063 0.974717 -0.221410  0.272456 0.877418 2 33 0.171007 32 0.828993
0  -39.122845 -0.893221 -0.139823  -0.069586 0.989615 -0.125777  0.279843 0.838119 2 31 0.134583 32 0.865417
v_heavyArms.tga.002
0  -36.294971 -2.479256 -0.945921  -0.652830 0.508773 -0.561215  0.177800 0.660300 2 34 0.129255 35 0.870745
0  -37.043922 -3.314170 -0.929045  -0.686220 0.502878 -0.525562  0.113356 0.689697 2 35 0.849428 36 0.150572
0  -37.085377 -3.300066 -0.646216  -0.775846 0.628857 0.051001  0.117451 0.707272 2 35 0.846187 36 0.153813
v_heavyArms.tga.002
0  -34.455574 1.002844 0.970879  0.067749 0.366920 0.927782  0.618500 0.562700 2 20 0.131596 21 0.868404
0  -34.460575 0.122844 1.081078  0.024958 -0.063593 0.997664  0.666000 0.562000 3 20 0.103733 21 0.874701 34 0.021566
0  -33.596073 0.110944 1.062779  0.033494 -0.080131 0.996221  0.665000 0.515900 3 20 0.823042 21 0.172999 34 0.003959
v_heavyArms.tga.002
0  -41.281185 0.992381 -1.211103  -0.215392 -0.543897 -0.811038  0.381475 0.953757 1 27 1.000000
0  -41.257645 1.363522 -1.223526  -0.114972 0.383497 -0.916358  0.399672 0.955038 1 27 1.000000
0  -40.188030 1.367238 -0.979438  0.202440 0.445452 -0.872118  0.404223 0.903809 2 26 0.116652 27 0.883348
v_heavyArms.tga.002
0  -40.106380 0.260429 -0.850343  0.092349 0.579146 -0.809976  0.334872 0.902889 2 30 0.275230 29 0.724770
0  -39.113354 0.268869 -0.736547  0.071071 0.591109 -0.803455  0.337792 0.844256 3 29 0.777013 30 0.051377 28 0.171610
0  -39.076260 -0.423002 -0.749378  0.043111 -0.521069 -0.852425  0.313081 0.841570 3 29 0.771254 30 0.047714 28 0.181032
v_heavyArms.tga.002
0  -40.237537 0.825029 -0.947722  0.089410 -0.625053 -0.775445  0.378996 0.902333 2 27 0.884606 26 0.115394
0  -40.278290 0.752540 -0.720291  -0.095631 -0.959308 -0.265675  0.371829 0.902546 2 26 0.129292 27 0.870708
0  -41.326759 0.961121 -1.063067  -0.222662 -0.863155 -0.453193  0.383418 0.954571 1 27 1.000000
v_heavyArms.tga.002
0  -36.293472 1.197045 -0.783252  0.009500 0.138113 -0.990371  0.406800 0.676800 3 21 0.979661 20 0.000974 25 0.019365
0  -33.994572 1.153944 -0.726579  0.179947 0.388670 -0.903634  0.415500 0.543000 3 20 0.151424 21 0.831721 34 0.016855
0  -33.956871 0.437544 -0.758824  -0.076123 0.137170 -0.987618  0.372200 0.537400 3 20 0.092329 21 0.811648 34 0.096023
v_heavyArms.tga.002
0  -30.591572 2.084538 -1.220409  -0.116165 0.673609 -0.729902  0.075300 0.214800 1 20 1.000000
0  -30.593573 2.551085 -0.175058  -0.122616 0.991375 -0.046279  0.020000 0.215600 1 20 1.000000
0  -22.182842 2.886943 -0.209212  -0.080805 0.995832 -0.042306  0.035000 0.484700 2 19 0.027324 20 0.972676
v_heavyArms.tga.002
0  -30.609272 -2.363057 0.014006  -0.152978 -0.987937 -0.024042  0.322700 0.211900 1 20 1.000000
0  -30.615173 -1.823223 -1.072166  -0.121837 -0.689930 -0.713550  0.268200 0.211400 1 20 1.000000
0  -22.204670 -2.125754 -1.276475  -0.001750 -0.703098 -0.711091  0.271500 0.474800 2 20 0.934281 19 0.065719
v_heavyArms.tga.002
0  -33.596073 0.110944 1.062779  -0.999996 0.001291 0.002400  0.474700 0.011300 3 20 0.823042 21 0.172999 34 0.003959
0  -33.594475 -0.858655 0.755179  -0.999989 0.004481 0.001078  0.395100 0.009300 3 20 0.720299 21 0.163843 34 0.115859
0  -33.594669 -0.923644 0.844399  -0.796502 -0.445885 0.408375  0.395026 0.016895 3 20 0.728297 21 0.156938 34 0.114764
v_heavyArms.tga.002
0  -30.601871 1.518017 1.675384  -0.108358 0.547697 0.829630  0.552000 0.207400 1 20 1.000000
0  -30.625973 0.048893 1.984763  -0.156474 -0.027343 0.987304  0.481300 0.208200 1 20 1.000000
0  -22.215584 0.019593 2.361136  -0.074477 0.060962 0.995358  0.483300 0.472700 2 20 0.974243 19 0.025757
v_heavyArms.tga.002
0  -30.620872 -1.739413 1.556710  -0.186524 -0.649199 0.737393  0.397100 0.211200 1 20 1.000000
0  -30.609272 -2.363057 0.014006  -0.152978 -0.987937 -0.024042  0.322700 0.211900 1 20 1.000000
0  -22.198679 -2.744214 0.015807  0.000487 -0.999311 -0.037115  0.325900 0.473800 2 20 0.919967 19 0.080033
v_heavyArms.tga.002
0  -30.618874 -0.775357 -1.534026  -0.100561 -0.253653 -0.962054  0.215500 0.211000 1 20 1.000000
0  -30.625973 0.738531 -1.678611  -0.100038 0.118360 -0.987919  0.143000 0.211500 1 20 1.000000
0  -22.215584 0.809997 -1.998419  -0.062026 0.102325 -0.992815  0.151300 0.478300 2 20 0.985507 19 0.014493
v_heavyArms.tga.002
0  -30.593573 2.551085 -0.175058  -0.122616 0.991375 -0.046279  0.655700 0.208300 1 20 1.000000
0  -30.588772 2.281638 0.617329  -0.107415 0.882624 0.457642  0.614700 0.207700 1 20 1.000000
0  -22.177919 2.578195 0.733484  -0.069584 0.857684 0.509446  0.605000 0.476500 2 19 0.022308 20 0.977692
v_heavyArms.tga.002
0  -39.121170 -0.896985 -0.071023  -0.134216 0.970055 0.202432  0.732576 0.827777 2 31 0.130257 32 0.869743
0  -40.144638 -0.981855 -0.336980  -0.142712 0.968105 0.205925  0.743521 0.879068 2 33 0.138923 32 0.861077
0  -40.209122 -1.090953 0.131324  -0.288540 0.536359 0.793136  0.758764 0.867073 2 33 0.078174 32 0.921826
v_heavyArms.tga.002
0  -34.688473 -2.652255 -1.076521  0.623920 -0.508805 -0.593162  0.188300 0.562500 2 34 0.891289 35 0.108711
0  -34.017273 -1.721455 -0.739121  0.775070 -0.333357 -0.536787  0.244100 0.530300 2 20 0.035870 34 0.964130
0  -34.023972 -1.800755 -0.299721  0.799392 -0.593666 0.092369  0.233900 0.507400 3 20 0.052885 34 0.945486 21 0.001630
v_heavyArms.tga.002
0  -38.441574 0.515344 -0.452268  -0.404981 -0.903558 -0.139904  0.375400 0.802300 3 25 0.836329 26 0.145198 29 0.018474
0  -38.411221 0.614178 -0.770814  -0.355639 -0.368771 -0.858795  0.381700 0.799600 2 25 0.839731 26 0.160269
0  -38.237175 0.464844 -0.826509  -0.300005 0.032737 -0.953376  0.362800 0.781500 3 28 0.946698 26 0.014119 29 0.039183
v_heavyArms.tga.002
0  -34.015175 -0.417455 -0.862626  0.104249 0.015015 -0.994438  0.319800 0.536500 3 20 0.031616 21 0.525782 34 0.442602
0  -33.593872 -0.483256 -0.791921  0.301233 -0.122930 -0.945594  0.318000 0.510800 3 20 0.645243 21 0.121273 34 0.233485
0  -33.982574 -1.670254 -0.735421  0.727534 -0.342846 -0.594265  0.249100 0.526000 3 20 0.101178 21 0.046636 34 0.852186
v_heavyArms.tga.002
0  -38.203674 1.445343 0.003478  -0.228192 0.925679 0.301739  0.592200 0.780100 4 25 0.781111 22 0.123216 23 0.039502 26 0.056171
0  -38.195171 1.426745 0.016278  -0.200451 0.492423 0.846958  0.593200 0.778800 4 25 0.806268 22 0.123624 23 0.031867 26 0.038242
0  -38.143673 1.510245 -0.001422  -0.344937 0.215695 0.913507  0.591100 0.773000 3 22 0.308495 25 0.575055 23 0.116451
v_heavyArms.tga.002
0  -41.510384 -1.177657 -0.937623  -0.391423 0.835574 -0.385491  0.771425 0.963292 1 33 1.000000
0  -41.512882 -1.158856 -0.892923  -0.492589 0.833750 0.249435  0.772300 0.960900 1 33 1.000000
0  -41.123882 -1.064057 -0.720323  -0.250577 0.941767 0.224246  0.757700 0.942800 1 33 1.000000
v_heavyArms.tga.002
0  -38.410873 0.384545 0.144278  -0.411526 0.896013 0.166754  0.653200 0.783200 3 28 0.726456 29 0.058866 25 0.214678
0  -38.358273 0.306201 0.755783  -0.365533 0.519709 0.772197  0.666300 0.768800 3 28 0.994226 29 0.003668 31 0.002106
0  -38.228973 0.467844 0.563779  -0.919351 -0.038060 0.391594  0.648500 0.766600 2 25 0.367372 28 0.632628
v_heavyArms.tga.002
0  -34.167072 1.648545 0.404679  0.220469 0.883029 0.414310  0.572600 0.547500 3 20 0.183854 21 0.809432 25 0.006714
0  -34.455574 1.002844 0.970879  0.067749 0.366920 0.927782  0.618500 0.562700 2 20 0.131596 21 0.868404
0  -33.588772 0.969546 0.908979  0.116603 0.439105 0.890837  0.618200 0.516500 2 21 0.211006 20 0.788994
v_heavyArms.tga.002
0  -40.208557 2.155649 -0.417432  -0.742993 -0.345029 0.573513  0.538900 0.909200 1 24 1.000000
0  -39.293362 1.931932 0.085774  -0.494135 -0.439119 0.750337  0.554794 0.843182 2 23 0.180705 24 0.819295
0  -39.245998 2.447290 0.003196  -0.289916 0.685286 0.668080  0.529028 0.834839 2 23 0.133140 24 0.866860
v_heavyArms.tga.002
0  -32.615273 1.947676 -0.144224  -0.644917 0.763217 -0.039773  0.642600 0.089300 2 20 0.946043 21 0.053957
0  -32.612972 1.747780 0.437596  -0.618581 0.692759 0.370733  0.603800 0.090300 2 20 0.949500 21 0.050500
0  -31.873573 2.041690 0.544887  -0.286306 0.851279 0.439718  0.609900 0.138500 1 20 1.000000
v_heavyArms.tga.002
0  -37.692371 2.402443 -0.014522  -0.078136 0.741096 0.666837  0.521300 0.738000 2 22 0.986993 23 0.013007
0  -37.351448 2.381866 0.028483  -0.044062 0.719207 0.693398  0.523757 0.718125 2 22 0.801120 21 0.198880
0  -37.350361 2.403650 0.005933  0.029882 0.977362 0.209453  0.522042 0.717838 2 22 0.793994 21 0.206006
v_heavyArms.tga.002
0  -41.291885 1.474127 -1.073797  -0.120328 0.888036 -0.443748  0.400319 0.951862 1 27 1.000000
0  -41.434647 1.391558 -1.112316  -0.620263 0.425446 -0.658992  0.394420 0.957185 1 27 1.000000
0  -41.489563 1.411248 -1.019407  -0.843239 0.464027 -0.271342  0.396048 0.961997 1 27 1.000000
v_heavyArms.tga.002
0  -33.576176 -1.162656 -0.477921  -0.423301 -0.722423 -0.546737  0.277541 0.022127 3 34 0.214564 21 0.130801 20 0.654635
0  -33.577324 -0.562956 -0.902121  -0.360507 -0.323005 -0.875045  0.220175 0.025200 3 34 0.131536 21 0.098012 20 0.770453
0  -32.725075 -0.562956 -0.902121  -0.045234 -0.284837 -0.957508  0.218900 0.087000 3 20 0.945584 21 0.020671 34 0.033745
v_heavyArms.tga.002
0  -37.569473 -4.331955 -0.353521  -0.830322 0.156413 0.534883  0.979700 0.668100 2 36 0.997473 35 0.002527
0  -37.116753 -3.481108 -0.313206  -0.720411 0.384913 0.576931  0.938945 0.668899 2 35 0.159592 36 0.840408
0  -37.183186 -3.436824 -0.650339  -0.863356 0.504274 0.017978  0.944668 0.682226 2 36 0.869993 35 0.130007
v_heavyArms.tga.002
0  -32.612972 1.747780 0.437596  -0.618581 0.692759 0.370733  0.603800 0.090300 2 20 0.949500 21 0.050500
0  -32.619274 1.201782 1.219461  -0.672512 0.389570 0.629256  0.545800 0.098800 2 20 0.976440 21 0.023560
0  -31.881073 1.368375 1.475558  -0.299635 0.489432 0.818948  0.548300 0.142900 1 20 1.000000
v_heavyArms.tga.002
0  -41.482414 1.050748 -1.081780  -0.779522 -0.263781 -0.568125  0.387350 0.959273 1 27 1.000000
0  -41.326759 0.961121 -1.063067  -0.222662 -0.863155 -0.453193  0.381892 0.952985 1 27 1.000000
0  -41.353176 0.879463 -0.955882  -0.087517 -0.783273 -0.615486  0.376953 0.956764 1 27 1.000000
v_heavyArms.tga.002
0  -34.820274 -2.599154 -0.014721  0.450035 -0.582924 0.676511  0.830400 0.571800 2 34 0.905995 35 0.094005
0  -34.560173 -2.627455 -0.567621  0.737033 -0.671881 0.073207  0.842700 0.546800 2 34 0.904625 35 0.095375
0  -34.023972 -1.800755 -0.299721  0.799392 -0.593666 0.092369  0.800100 0.527500 3 20 0.052885 34 0.945486 21 0.001630
v_heavyArms.tga.002
0  -37.937172 2.406643 -0.059422  -0.080717 0.755448 0.650218  0.518700 0.752900 2 22 0.905398 23 0.094602
0  -37.692371 2.402443 -0.014522  -0.078136 0.741096 0.666837  0.521300 0.738000 2 22 0.986993 23 0.013007
0  -37.684074 2.423443 -0.036922  0.010897 0.983064 0.182940  0.519600 0.737600 2 22 0.976485 23 0.023515
v_heavyArms.tga.002
0  -34.455574 1.002844 0.970879  0.067749 0.366920 0.927782  0.618500 0.562700 2 20 0.131596 21 0.868404
0  -34.167072 1.648545 0.404679  0.220469 0.883029 0.414310  0.572600 0.547500 3 20 0.183854 21 0.809432 25 0.006714
0  -36.647873 2.287445 0.482778  0.133367 0.790907 0.597227  0.547900 0.681400 1 21 1.000000
v_heavyArms.tga.002
0  -36.643120 -3.609453 -1.280343  -0.092451 -0.039079 -0.994950  0.103075 0.655077 2 35 0.861719 36 0.138281
0  -36.225487 -3.911655 -0.964216  0.532224 -0.666207 -0.522404  0.086942 0.622751 2 35 0.861685 36 0.138315
0  -36.332409 -3.998452 -0.955210  0.554393 -0.641406 -0.530327  0.079304 0.628203 2 35 0.160948 36 0.839052
v_heavyArms.tga.002
0  -40.091164 -0.385183 -0.837868  0.085821 -0.488810 -0.868159  0.306259 0.900495 2 29 0.731809 30 0.268191
0  -39.076260 -0.423002 -0.749378  0.043111 -0.521069 -0.852425  0.313081 0.841570 3 29 0.771254 30 0.047714 28 0.181032
0  -39.097130 -0.648355 -0.307989  -0.009349 -0.965461 -0.260381  0.297720 0.840617 3 29 0.794846 30 0.018305 28 0.186849
v_heavyArms.tga.002
0  -38.554665 1.644273 -0.162622  -0.215002 -0.975920 0.036807  0.431360 0.813671 3 23 0.809365 22 0.154046 24 0.036589
0  -39.160679 1.773914 -0.301016  -0.224777 -0.974210 0.019759  0.440250 0.857013 3 23 0.804271 22 0.008240 24 0.187489
0  -39.141369 1.766489 -0.440113  -0.221426 -0.974314 -0.041016  0.446546 0.853896 3 24 0.250205 22 0.019963 23 0.729832
v_heavyArms.tga.002
0  -39.046398 1.366953 -0.706811  0.163979 0.528936 -0.832669  0.409754 0.846091 3 25 0.150252 27 0.029275 26 0.820473
0  -39.090736 0.725319 -0.736528  0.080605 -0.545086 -0.834496  0.382922 0.840394 3 25 0.155420 26 0.816492 27 0.028088
0  -40.142212 0.813425 -0.927087  0.100102 -0.611281 -0.785057  0.378838 0.897424 2 26 0.755539 27 0.244461
v_heavyArms.tga.002
0  -40.589622 0.714306 -0.572501  -0.433588 -0.739297 0.515211  0.630684 0.928261 2 27 0.886884 26 0.113116
0  -41.353176 0.879463 -0.955882  0.153514 -0.362080 -0.919419  0.616197 0.969448 1 27 1.000000
0  -40.288620 0.707204 -0.515102  0.069931 -0.870740 -0.486745  0.634887 0.909071 2 26 0.174264 27 0.825736
v_heavyArms.tga.002
0  -40.237835 0.376863 -0.346123  0.281088 0.324008 -0.903332  0.659251 0.893002 2 30 0.850336 29 0.149664
0  -41.479973 0.332344 -0.757623  0.287182 0.321626 -0.902266  0.663546 0.966411 1 30 1.000000
0  -41.487774 0.354744 -0.752123  -0.137873 0.920340 -0.366013  0.664450 0.965851 1 30 1.000000
v_heavyArms.tga.002
0  -40.156090 1.555044 -0.472020  -0.219795 0.742437 0.632832  0.573445 0.891236 2 27 0.120186 26 0.879814
0  -39.119293 1.526463 -0.099920  -0.147826 0.819315 0.553958  0.582012 0.826184 2 25 0.128848 26 0.871152
0  -39.108936 1.540556 -0.118006  0.018388 0.997097 0.073890  0.580495 0.825577 2 25 0.128815 26 0.871185
v_heavyArms.tga.002
0  -35.240471 -2.012854 0.324379  -0.008713 -0.601549 0.798788  0.805500 0.601300 3 21 0.039602 35 0.038657 34 0.921741
0  -35.263172 -2.035355 0.293679  -0.188986 -0.720139 0.667596  0.807300 0.601700 3 21 0.017925 35 0.045404 34 0.936671
0  -34.247475 -1.889254 0.108879  0.681453 -0.369015 0.632021  0.792600 0.548800 3 20 0.028501 34 0.958624 21 0.012874
v_heavyArms.tga.002
0  -36.294971 -2.479256 -0.945921  -0.652830 0.508773 -0.561215  0.177800 0.660300 2 34 0.129255 35 0.870745
0  -35.822372 -2.867055 -1.308521  -0.041576 -0.041781 -0.998261  0.159900 0.620800 2 34 0.122825 35 0.877175
0  -36.643120 -3.609453 -1.280343  -0.092451 -0.039079 -0.994950  0.103075 0.655077 2 35 0.861719 36 0.138281
v_heavyArms.tga.002
0  -40.176399 -1.835718 -0.004852  -0.193223 -0.717045 0.669710  0.794142 0.861871 2 33 0.069007 32 0.930993
0  -40.094902 -1.916830 -0.522685  -0.041609 -0.988080 0.148211  0.815676 0.864974 3 31 0.002369 33 0.224087 32 0.773544
0  -38.992355 -1.928394 -0.325037  -0.028059 -0.991780 0.124838  0.815116 0.809021 3 33 0.020235 32 0.770734 31 0.209032
v_heavyArms.tga.002
0  -40.224827 1.513550 -0.755401  0.072263 0.935399 -0.346131  0.412743 0.904547 2 26 0.122773 27 0.877227
0  -40.188030 1.367238 -0.979438  0.202440 0.445452 -0.872118  0.404023 0.903742 2 26 0.116652 27 0.883348
0  -41.257645 1.363522 -1.223526  -0.114972 0.383497 -0.916358  0.395020 0.953487 1 27 1.000000
v_heavyArms.tga.002
0  -36.640755 -3.623678 0.038175  -0.236977 -0.104155 0.965916  0.929415 0.643419 2 35 0.832742 36 0.167258
0  -37.007847 -3.343081 -0.291269  -0.644524 0.512484 0.567405  0.930648 0.666488 2 35 0.846738 36 0.153262
0  -37.116753 -3.481108 -0.313206  -0.720411 0.384913 0.576931  0.938945 0.668899 2 35 0.159592 36 0.840408
v_heavyArms.tga.002
0  -39.245998 2.447290 0.003196  -0.289916 0.685286 0.668080  0.529028 0.834839 2 23 0.133140 24 0.866860
0  -39.205929 2.532230 -0.357398  -0.067455 0.972789 0.221657  0.512770 0.836260 2 23 0.100516 24 0.899484
0  -40.082874 2.536045 -0.703023  -0.197467 0.964608 0.174750  0.512300 0.902600 1 24 1.000000
v_heavyArms.tga.002
0  -38.437973 0.513745 0.045775  -0.292590 -0.938612 -0.182751  0.645300 0.792800 2 25 0.934917 26 0.065083
0  -39.047131 0.555005 -0.075892  -0.058217 -0.996030 -0.067342  0.643387 0.827233 2 26 0.259298 25 0.740702
0  -39.039043 0.580802 -0.100252  0.105826 -0.699064 -0.707185  0.644864 0.827450 2 26 0.278030 25 0.721970
v_heavyArms.tga.002
0  -37.043922 -3.314170 -0.929045  -0.686220 0.502878 -0.525562  0.113356 0.689697 2 35 0.849428 36 0.150572
0  -37.132889 -3.450122 -0.915068  -0.759359 0.383269 -0.525812  0.103088 0.692834 2 36 0.873894 35 0.126106
0  -37.183186 -3.436824 -0.650339  -0.863356 0.504274 0.017978  0.105653 0.709580 2 36 0.869993 35 0.130007
v_heavyArms.tga.002
0  -39.112907 -0.568840 0.555222  -0.250919 -0.634582 0.730990  0.705634 0.806352 2 29 0.755020 28 0.244980
0  -39.138844 0.271803 0.544058  -0.262206 0.605042 0.751779  0.672495 0.810330 2 28 0.211616 29 0.788384
0  -40.205654 0.236092 0.183051  -0.283030 0.583609 0.761114  0.677352 0.884543 2 30 0.086443 29 0.913557
v_heavyArms.tga.002
0  -40.340694 1.480447 -0.019953  -0.348290 0.675662 0.649750  0.590038 0.894823 2 26 0.173651 27 0.826349
0  -41.458702 1.460272 -0.627691  -0.676662 0.597569 0.430163  0.583809 0.957208 1 27 1.000000
0  -41.508041 0.977162 -0.628995  -0.766955 -0.456854 0.450626  0.605688 0.962258 1 27 1.000000
v_heavyArms.tga.002
0  -38.018948 2.389486 0.368345  -0.126740 0.753006 0.645693  0.538900 0.754100 2 22 0.988594 23 0.011406
0  -37.671772 2.379345 0.447978  -0.082597 0.761259 0.643166  0.541400 0.736300 3 22 0.981199 25 0.018610 21 0.000191
0  -37.692371 2.402443 -0.014522  0.031038 0.998459 0.045994  0.521300 0.738000 2 22 0.986993 23 0.013007
v_heavyArms.tga.002
0  -37.217022 -1.920953 -0.684227  -0.123541 -0.836840 -0.533326  0.221046 0.733224 4 31 0.586730 28 0.035637 34 0.081113 21 0.296520
0  -37.221371 -1.600132 -0.875514  -0.059896 -0.248587 -0.966756  0.238616 0.725808 4 28 0.061512 21 0.438448 34 0.061591 31 0.438448
0  -36.164173 -1.565154 -0.940121  -0.200604 -0.175415 -0.963840  0.247700 0.666600 3 21 0.646300 34 0.330715 35 0.022985
v_heavyArms.tga.002
0  -36.477573 2.336846 -0.137922  0.171798 0.966982 -0.188233  0.492300 0.682200 1 21 1.000000
0  -37.152328 2.386245 -0.185693  0.092618 0.977781 -0.188060  0.496370 0.720407 2 21 0.346481 22 0.653519
0  -37.148697 2.380943 -0.002570  0.059561 0.998024 0.020028  0.507250 0.718699 2 22 0.699261 21 0.300739
v_heavyArms.tga.002
0  -40.224827 1.513550 -0.755401  0.072263 0.935399 -0.346131  0.412639 0.904480 2 26 0.122773 27 0.877227
0  -41.291885 1.474127 -1.073797  -0.120328 0.888036 -0.443748  0.397683 0.953868 1 27 1.000000
0  -41.311588 1.486420 -1.019138  -0.191047 0.940591 -0.280696  0.399825 0.955756 1 27 1.000000
v_heavyArms.tga.002
0  -37.116753 -3.481108 -0.313206  -0.720411 0.384913 0.576931  0.938945 0.668899 2 35 0.159592 36 0.840408
0  -37.007847 -3.343081 -0.291269  -0.644524 0.512484 0.567405  0.930648 0.666488 2 35 0.846738 36 0.153262
0  -37.085377 -3.300066 -0.646216  -0.775846 0.628857 0.051001  0.935981 0.681551 2 35 0.846187 36 0.153813
v_heavyArms.tga.002
0  -32.619274 1.201782 1.219461  -0.672512 0.389570 0.629256  0.545800 0.098800 2 20 0.976440 21 0.023560
0  -32.630875 0.104638 1.448681  -0.636859 0.008972 0.770928  0.477400 0.100200 1 20 1.000000
0  -31.894772 0.072894 1.587962  -0.248884 -0.028887 0.968102  0.478200 0.142000 1 20 1.000000
v_heavyArms.tga.002
0  -40.142212 0.813425 -0.927087  0.100102 -0.611281 -0.785057  0.378838 0.897424 2 26 0.755539 27 0.244461
0  -39.090736 0.725319 -0.736528  0.080605 -0.545086 -0.834496  0.382922 0.840394 3 25 0.155420 26 0.816492 27 0.028088
0  -39.145744 0.602883 -0.432531  -0.076961 -0.975412 -0.206517  0.373425 0.842118 3 25 0.149142 26 0.846514 27 0.004344
v_heavyArms.tga.002
0  -32.628372 -1.205236 1.136791  -0.673864 -0.465236 0.573988  0.397300 0.106300 3 20 0.996752 21 0.001691 34 0.001557
0  -32.622871 -1.670617 0.111685  -0.667955 -0.744124 0.010751  0.327600 0.099600 3 20 0.963104 21 0.000783 34 0.036113
0  -31.885273 -2.053972 0.014120  -0.332754 -0.943013 -0.000773  0.322500 0.148700 1 20 1.000000
v_heavyArms.tga.002
0  -40.080826 -1.108918 -0.962811  0.082380 0.681875 -0.726815  0.252008 0.871420 3 32 0.683476 31 0.009506 33 0.307018
0  -40.134232 -1.041769 -0.659221  -0.049718 0.974102 -0.220575  0.260980 0.874119 2 33 0.249455 32 0.750545
0  -39.124229 -0.927926 -0.419045  -0.073386 0.979045 -0.189962  0.267851 0.834466 3 33 0.036144 32 0.812040 31 0.151816
v_heavyArms.tga.002
0  -37.975220 1.288278 -0.695523  -0.519225 0.605099 -0.603540  0.407700 0.788300 3 25 0.898188 23 0.017662 26 0.084150
0  -38.411221 0.614178 -0.770814  -0.355639 -0.368771 -0.858795  0.381700 0.799600 2 25 0.839731 26 0.160269
0  -38.982220 0.711496 -0.725735  -0.069882 -0.534737 -0.842124  0.383007 0.834164 2 25 0.610503 26 0.389497
v_heavyArms.tga.002
0  -41.510384 -1.177657 -0.937623  -0.325067 0.936001 -0.135029  0.251100 0.943800 1 33 1.000000
0  -41.122986 -1.101357 -0.769423  -0.037772 0.963267 -0.265876  0.263673 0.926736 1 33 1.000000
0  -41.121834 -1.164714 -0.998962  -0.048532 0.974839 -0.217564  0.253164 0.924004 1 33 1.000000
v_heavyArms.tga.002
0  -38.269772 -0.721555 0.109278  -0.161355 0.535547 -0.828947  0.721700 0.773800 4 28 0.457264 31 0.482286 32 0.032992 29 0.027458
0  -38.337471 -0.817557 0.056378  0.152420 0.422829 -0.893299  0.723400 0.775700 3 31 0.681512 32 0.077882 28 0.240606
0  -38.369873 -0.786855 0.065278  -0.264275 0.927883 -0.263044  0.724900 0.775300 3 31 0.692432 32 0.079336 28 0.228232
v_heavyArms.tga.002
0  -31.894772 0.681112 -1.475026  -0.256868 0.125566 -0.958255  0.143000 0.147100 1 20 1.000000
0  -31.875172 1.867830 -1.071701  -0.279129 0.645439 -0.710982  0.078800 0.151000 1 20 1.000000
0  -30.591572 2.084538 -1.220409  -0.116165 0.673609 -0.729902  0.075300 0.214800 1 20 1.000000
v_heavyArms.tga.002
0  -38.972549 -0.425081 -0.748190  -0.044632 -0.527158 -0.848594  0.313875 0.835091 2 28 0.618312 29 0.381688
0  -38.202335 -0.427352 -0.795994  0.089674 -0.311422 -0.946031  0.320500 0.783600 2 28 0.881587 29 0.118413
0  -38.400173 -0.686256 -0.254371  -0.185160 -0.965057 -0.185422  0.301500 0.796200 3 28 0.862357 29 0.130621 32 0.007022
v_heavyArms.tga.002
0  -34.017273 -1.721455 -0.739121  0.301268 -0.746134 -0.593735  0.244100 0.530300 2 20 0.035870 34 0.964130
0  -33.985672 -1.702355 -0.748020  0.691217 -0.374289 -0.618164  0.245900 0.529600 3 20 0.067491 21 0.015295 34 0.917215
0  -33.990574 -1.780555 -0.286421  0.811069 -0.569351 0.134189  0.235800 0.506000 3 20 0.078532 34 0.901391 21 0.020077
v_heavyArms.tga.002
0  -34.478672 -0.754856 0.863479  0.098593 -0.381400 0.919138  0.714600 0.561400 3 20 0.085001 21 0.766242 34 0.148758
0  -34.460575 0.122844 1.081078  0.024958 -0.063593 0.997664  0.666000 0.562000 3 20 0.103733 21 0.874701 34 0.021566
0  -36.769772 0.316844 1.170679  -0.090008 0.070713 0.993428  0.658800 0.683900 1 21 1.000000
v_heavyArms.tga.002
0  -41.127186 -1.874156 -0.882623  0.150250 -0.657950 -0.737920  0.822400 0.933100 1 33 1.000000
0  -41.142681 -1.914956 -0.849123  -0.108671 -0.993183 -0.042162  0.819500 0.933000 1 33 1.000000
0  -41.485683 -1.840756 -0.959422  -0.466958 -0.879187 -0.094763  0.813600 0.952400 1 33 1.000000
v_heavyArms.tga.002
0  -41.372124 0.882477 -0.935957  -0.364532 -0.921835 0.131670  0.613604 0.968193 1 27 1.000000
0  -40.292118 0.709639 -0.457369  -0.242055 -0.942754 0.229398  0.631115 0.907327 2 26 0.181530 27 0.818470
0  -40.375992 0.846773 0.017802  -0.451987 -0.547795 0.704009  0.618646 0.899635 2 27 0.835187 26 0.164813
v_heavyArms.tga.002
0  -41.470081 -1.762557 -1.152522  -0.414627 -0.863018 -0.288592  0.222300 0.937000 1 33 1.000000
0  -41.065685 -1.825856 -1.145823  -0.008513 -0.915600 -0.402001  0.219700 0.919800 1 33 1.000000
0  -41.127186 -1.874156 -0.882623  -0.056015 -0.981093 -0.185254  0.208500 0.921900 1 33 1.000000
v_heavyArms.tga.002
0  -41.377644 0.229174 -1.113798  0.014948 0.553029 -0.833028  0.332000 0.968100 1 30 1.000000
0  -41.379044 -0.356026 -1.107099  0.090441 -0.378450 -0.921193  0.304000 0.966700 1 30 1.000000
0  -41.708172 -0.273355 -1.097822  -0.347548 -0.106016 -0.931650  0.309000 0.979000 1 30 1.000000
v_heavyArms.tga.002
0  -40.184174 0.737122 -0.693126  -0.060721 -0.966182 -0.250610  0.371405 0.897691 2 26 0.806815 27 0.193185
0  -39.145744 0.602883 -0.432531  -0.076961 -0.975412 -0.206517  0.373425 0.842118 3 25 0.149142 26 0.846514 27 0.004344
0  -39.147030 0.590120 -0.129620  -0.089799 -0.994651 -0.051042  0.361486 0.841553 2 25 0.153819 26 0.846181
v_heavyArms.tga.002
0  -36.285072 2.091545 -0.585022  0.093407 0.613433 -0.784204  0.462100 0.675700 2 21 0.995446 20 0.004554
0  -36.293472 1.197045 -0.783252  0.009500 0.138113 -0.990371  0.406800 0.676800 3 21 0.979661 20 0.000974 25 0.019365
0  -37.171005 1.332718 -0.776005  0.053283 0.075473 -0.995723  0.415540 0.730572 3 21 0.572486 22 0.098429 25 0.329085
v_heavyArms.tga.002
0  -31.890774 -0.653944 -1.347795  -0.195170 -0.250144 -0.948334  0.215500 0.146100 1 20 1.000000
0  -31.894772 0.681112 -1.475026  -0.256868 0.125566 -0.958255  0.143000 0.147100 1 20 1.000000
0  -30.625973 0.738531 -1.678611  -0.100038 0.118360 -0.987919  0.143000 0.211500 1 20 1.000000
v_heavyArms.tga.002
0  -33.956871 0.437544 -0.758824  -0.076123 0.137170 -0.987618  0.372200 0.537400 3 20 0.092329 21 0.811648 34 0.096023
0  -34.015175 -0.417455 -0.862626  0.104249 0.015015 -0.994438  0.319800 0.536500 3 20 0.031616 21 0.525782 34 0.442602
0  -36.245472 -0.480156 -0.949328  -0.063827 0.081178 -0.994654  0.304500 0.670000 3 21 0.817021 31 0.020007 34 0.162973
v_heavyArms.tga.002
0  -32.612972 1.747780 0.437596  -0.618581 0.692759 0.370733  0.603800 0.090300 2 20 0.949500 21 0.050500
0  -32.615273 1.947676 -0.144224  -0.644917 0.763217 -0.039773  0.642600 0.089300 2 20 0.946043 21 0.053957
0  -32.715672 1.784745 -0.190421  -0.773937 0.567044 -0.281927  0.642700 0.077500 2 20 0.916855 21 0.083145
v_heavyArms.tga.002
0  -33.585571 1.215145 -0.590421  -0.999954 0.009583 -0.000849  0.091900 0.024400 2 20 0.724501 21 0.275499
0  -33.586174 1.596646 -0.179321  -0.999985 0.005430 -0.001141  0.053300 0.024300 2 21 0.299102 20 0.700898
0  -33.585484 1.719707 -0.201083  -0.906941 0.401801 -0.126545  0.048809 0.031554 2 21 0.260771 20 0.739229
v_heavyArms.tga.002
0  -40.206505 0.258743 -0.866625  0.148047 0.575038 -0.804620  0.334613 0.908399 2 30 0.907727 29 0.092273
0  -41.377644 0.229174 -1.113798  0.014948 0.553029 -0.833028  0.332000 0.968100 1 30 1.000000
0  -41.483273 0.332944 -0.858223  -0.188982 0.962229 -0.195965  0.338700 0.975900 1 30 1.000000
v_heavyArms.tga.002
0  -36.212372 -2.535558 -0.283221  -0.711085 0.390235 0.584871  0.864800 0.646600 2 34 0.122412 35 0.877588
0  -36.081272 -2.224656 -0.132521  -0.764917 -0.007388 0.644086  0.838800 0.640500 2 35 0.281611 34 0.718389
0  -36.146374 -2.203355 -0.483121  -0.969579 0.179884 0.166010  0.852000 0.656700 2 34 0.699636 35 0.300364
v_heavyArms.tga.002
0  -37.481274 -4.770157 -0.235421  -0.573848 -0.497272 0.650707  0.986100 0.658200 1 36 1.000000
0  -37.569473 -4.331955 -0.353521  -0.830322 0.156413 0.534883  0.979700 0.668100 2 36 0.997473 35 0.002527
0  -37.602371 -4.315255 -0.555620  -0.989636 0.143446 -0.006634  0.985900 0.673000 1 36 1.000000
v_heavyArms.tga.002
0  -32.630875 0.104638 1.448681  -0.636859 0.008972 0.770928  0.477400 0.100200 1 20 1.000000
0  -32.628372 -1.205236 1.136791  -0.673864 -0.465236 0.573988  0.397300 0.106300 3 20 0.996752 21 0.001691 34 0.001557
0  -31.891872 -1.310088 1.371126  -0.281303 -0.544780 0.789989  0.402900 0.148000 1 20 1.000000
v_heavyArms.tga.002
0  -38.375214 0.633987 0.794773  -0.324267 -0.402822 0.855912  0.634700 0.773400 1 25 1.000000
0  -38.414371 0.538144 0.089678  -0.386926 -0.907776 0.161958  0.644200 0.791000 2 25 0.946098 26 0.053902
0  -38.341473 0.476545 0.088178  -0.947541 -0.231055 0.220860  0.648100 0.785900 4 25 0.721129 28 0.240172 26 0.009059 29 0.029639
v_heavyArms.tga.002
0  -40.235874 2.146744 -0.818623  -0.781779 -0.400429 -0.477994  0.475800 0.913400 1 24 1.000000
0  -40.108173 2.061844 -0.760823  -0.482584 -0.855049 -0.189748  0.470600 0.910000 1 24 1.000000
0  -40.120575 2.053044 -0.689623  -0.470886 -0.858577 -0.202759  0.468700 0.912800 1 24 1.000000
v_heavyArms.tga.002
0  -40.303890 0.233329 0.146880  -0.306086 0.580010 0.754917  0.677610 0.890634 2 29 0.171837 30 0.828163
0  -41.573135 0.204488 -0.358644  -0.556913 0.513296 0.652974  0.678456 0.959667 1 30 1.000000
0  -41.521935 -0.502712 -0.341044  -0.505167 -0.574804 0.643744  0.715321 0.956443 1 30 1.000000
v_heavyArms.tga.002
0  -37.924973 0.446144 0.878578  -0.268922 0.112333 0.956589  0.652100 0.749200 2 25 0.517027 28 0.482973
0  -37.838272 -0.755056 0.886178  -0.262208 -0.139204 0.954919  0.718200 0.741700 3 21 0.002249 28 0.496929 31 0.500822
0  -37.372871 -0.750677 0.984941  -0.192588 -0.168450 0.966713  0.716558 0.719327 3 31 0.362148 21 0.171540 28 0.466312
v_heavyArms.tga.002
0  -34.460575 0.122844 1.081078  0.024958 -0.063593 0.997664  0.666000 0.562000 3 20 0.103733 21 0.874701 34 0.021566
0  -34.478672 -0.754856 0.863479  0.098593 -0.381400 0.919138  0.714600 0.561400 3 20 0.085001 21 0.766242 34 0.148758
0  -33.594475 -0.858655 0.755179  0.124848 -0.547276 0.827588  0.718700 0.513800 3 20 0.720299 21 0.163843 34 0.115859
v_heavyArms.tga.002
0  -40.187973 2.482144 -0.869123  -0.659851 0.529019 -0.533607  0.488100 0.910200 1 24 1.000000
0  -40.235874 2.146744 -0.818623  -0.781779 -0.400429 -0.477994  0.475800 0.913400 1 24 1.000000
0  -40.263771 2.133946 -0.712423  -0.917955 -0.393112 -0.053114  0.475400 0.918100 1 24 1.000000
v_heavyArms.tga.002
0  -32.622871 -1.670617 0.111685  -0.667955 -0.744124 0.010751  0.327600 0.099600 3 20 0.963104 21 0.000783 34 0.036113
0  -32.625671 -1.270417 -0.817875  -0.650726 -0.543542 -0.530206  0.263700 0.101500 3 20 0.963586 21 0.003310 34 0.033104
0  -31.888672 -1.578090 -0.941454  -0.296734 -0.668627 -0.681826  0.267900 0.147700 1 20 1.000000
v_heavyArms.tga.002
0  -39.208397 1.811859 -0.698902  -0.051132 -0.729211 -0.682376  0.455587 0.856870 2 24 0.877751 23 0.122249
0  -39.242878 1.793414 -0.462366  -0.264959 -0.962786 -0.053285  0.448383 0.860327 2 23 0.138019 24 0.861981
0  -40.108173 2.061844 -0.760823  -0.243934 -0.949148 -0.199034  0.470600 0.910000 1 24 1.000000
v_heavyArms.tga.002
0  -35.523071 -2.364455 0.115179  -0.206777 -0.198492 0.958042  0.829800 0.609500 2 34 0.839049 35 0.160951
0  -36.081272 -2.224656 -0.132521  -0.764917 -0.007388 0.644086  0.838800 0.640500 2 35 0.281611 34 0.718389
0  -36.212372 -2.535558 -0.283221  -0.711085 0.390235 0.584871  0.864800 0.646600 2 34 0.122412 35 0.877588
v_heavyArms.tga.002
0  -40.041164 -1.842630 -0.833869  0.074393 -0.917770 -0.390081  0.218402 0.868221 3 33 0.282759 32 0.698916 31 0.018324
0  -40.028412 -1.695576 -1.038666  0.173907 -0.391646 -0.903532  0.226238 0.868065 3 33 0.314552 32 0.665485 31 0.019962
0  -38.971920 -1.681963 -0.859431  0.143060 -0.385514 -0.911544  0.227619 0.825750 3 33 0.064840 32 0.726625 31 0.208535
v_heavyArms.tga.002
0  -32.718773 1.046746 0.968879  -0.942650 0.189274 0.274931  0.545000 0.079700 2 20 0.939762 21 0.060238
0  -32.619274 1.201782 1.219461  -0.672512 0.389570 0.629256  0.545800 0.098800 2 20 0.976440 21 0.023560
0  -32.612972 1.747780 0.437596  -0.618581 0.692759 0.370733  0.603800 0.090300 2 20 0.949500 21 0.050500
v_heavyArms.tga.002
0  -39.024227 -0.884090 -0.114904  -0.120673 0.990176 -0.070643  0.280514 0.833588 3 32 0.317029 31 0.628641 28 0.054330
0  -38.337471 -0.817557 0.056378  -0.628376 0.758345 0.173365  0.284900 0.796800 3 31 0.681512 32 0.077882 28 0.240606
0  -38.369473 -0.783056 -0.210534  -0.424521 0.901369 -0.085537  0.276500 0.791200 4 31 0.581919 32 0.092884 28 0.311850 29 0.013347
v_heavyArms.tga.002
0  -41.477772 0.331945 -0.690522  -0.336683 0.908208 0.248602  0.666274 0.963418 1 30 1.000000
0  -41.573135 0.204488 -0.358644  -0.556913 0.513296 0.652974  0.678456 0.959667 1 30 1.000000
0  -40.303890 0.233329 0.146880  -0.306086 0.580010 0.754917  0.677610 0.890634 2 29 0.171837 30 0.828163
v_heavyArms.tga.002
0  -38.982220 0.711496 -0.725735  -0.069882 -0.534737 -0.842124  0.383007 0.834164 2 25 0.610503 26 0.389497
0  -38.411221 0.614178 -0.770814  -0.355639 -0.368771 -0.858795  0.381700 0.799600 2 25 0.839731 26 0.160269
0  -38.441574 0.515344 -0.452268  -0.404981 -0.903558 -0.139904  0.375400 0.802300 3 25 0.836329 26 0.145198 29 0.018474
v_heavyArms.tga.002
0  -37.220074 -4.881455 -0.674521  0.236575 -0.940711 -0.243096  0.016780 0.672793 1 36 1.000000
0  -36.941273 -4.672257 -0.577721  0.672867 -0.726398 0.139988  0.021477 0.649406 2 36 0.982475 35 0.017525
0  -37.215073 -4.825455 -0.225421  0.209244 -0.661887 0.719807  0.004863 0.677479 1 36 1.000000
v_heavyArms.tga.002
0  -36.643120 -3.609453 -1.280343  -0.092451 -0.039079 -0.994950  0.103075 0.655077 2 35 0.861719 36 0.138281
0  -35.822372 -2.867055 -1.308521  -0.041576 -0.041781 -0.998261  0.159900 0.620800 2 34 0.122825 35 0.877175
0  -35.370872 -3.179755 -0.973621  0.513274 -0.692042 -0.507570  0.145600 0.584200 2 34 0.099885 35 0.900115
v_heavyArms.tga.002
0  -40.141872 1.543657 -0.528121  0.055225 0.989284 -0.135161  0.422465 0.899072 2 26 0.853350 27 0.146650
0  -39.071526 1.517088 -0.148777  0.062717 0.995020 -0.077466  0.428847 0.841199 2 25 0.137316 26 0.862684
0  -39.047653 1.489942 -0.472606  0.085781 0.957560 -0.275172  0.416927 0.844938 3 25 0.142665 26 0.854979 27 0.002356
v_heavyArms.tga.002
0  -36.010773 -2.977256 0.041179  -0.141600 0.054030 0.988448  0.881000 0.624800 2 34 0.095407 35 0.904593
0  -36.212372 -2.535558 -0.283221  -0.711085 0.390235 0.584871  0.864800 0.646600 2 34 0.122412 35 0.877588
0  -37.007847 -3.343081 -0.291269  -0.644524 0.512484 0.567405  0.930648 0.666488 2 35 0.846738 36 0.153262
v_heavyArms.tga.002
0  -34.820274 -2.599154 -0.014721  0.450035 -0.582924 0.676511  0.830400 0.571800 2 34 0.905995 35 0.094005
0  -35.523071 -2.364455 0.115179  -0.206777 -0.198492 0.958042  0.829800 0.609500 2 34 0.839049 35 0.160951
0  -36.010773 -2.977256 0.041179  -0.141600 0.054030 0.988448  0.881000 0.624800 2 34 0.095407 35 0.904593
v_heavyArms.tga.002
0  -39.106098 1.785514 -0.681139  -0.080970 -0.721995 -0.687145  0.453995 0.850391 3 24 0.307718 22 0.032423 23 0.659859
0  -38.449799 1.664685 -0.629119  -0.057108 -0.682066 -0.729057  0.447231 0.805979 3 23 0.717404 22 0.200555 24 0.082041
0  -38.500877 1.624117 -0.376608  -0.199620 -0.977304 -0.070915  0.439600 0.809679 3 23 0.758550 22 0.178739 24 0.062711
v_heavyArms.tga.002
0  -41.485043 -1.314551 -1.284575  -0.423684 0.416078 -0.804594  0.240400 0.938200 1 33 1.000000
0  -41.454441 -1.670953 -1.331174  -0.372705 -0.394945 -0.839708  0.226400 0.936200 1 33 1.000000
0  -41.555882 -1.670256 -1.192423  -0.829025 -0.387797 -0.402903  0.226300 0.939900 1 33 1.000000
v_heavyArms.tga.002
0  -35.448471 -3.197055 -0.156221  0.488671 -0.635791 0.597470  0.884500 0.595400 2 34 0.097680 35 0.902320
0  -36.325909 -3.874341 -0.176779  0.484498 -0.614280 0.622834  0.937679 0.627491 2 35 0.817228 36 0.182772
0  -36.167355 -3.903002 -0.623739  0.624547 -0.777039 0.078427  0.953775 0.613763 2 35 0.870064 36 0.129936
v_heavyArms.tga.002
0  -33.568878 1.740008 -0.204253  -0.403290 0.883253 -0.239211  0.641621 0.017068 2 21 0.222329 20 0.777671
0  -33.567268 1.630446 0.368979  -0.392506 0.820818 0.414967  0.601242 0.018950 2 21 0.208760 20 0.791240
0  -32.713875 1.630446 0.368979  -0.017599 0.875063 0.483689  0.603400 0.078400 2 20 0.918387 21 0.081613
v_heavyArms.tga.002
0  -33.579746 0.531144 -0.976121  -0.348501 0.145294 -0.925979  0.144034 0.030330 3 21 0.138669 20 0.840609 34 0.020722
0  -33.568157 1.301642 -0.679018  -0.358367 0.526105 -0.771224  0.090292 0.033394 2 21 0.186369 20 0.813631
0  -32.714973 1.322243 -0.658221  0.003414 0.555081 -0.831790  0.089900 0.089900 2 20 0.927759 21 0.072241
v_heavyArms.tga.002
0  -40.209122 -1.090953 0.131324  -0.288540 0.536359 0.793136  0.758764 0.867073 2 33 0.078174 32 0.921826
0  -40.176399 -1.835718 -0.004852  -0.193223 -0.717045 0.669710  0.794142 0.861871 2 33 0.069007 32 0.930993
0  -39.059429 -1.851139 0.289899  -0.180403 -0.736185 0.652293  0.788323 0.807093 2 31 0.186181 32 0.813819
v_heavyArms.tga.002
0  -36.332409 -3.998452 -0.955210  0.554393 -0.641406 -0.530327  0.079304 0.628203 2 35 0.160948 36 0.839052
0  -36.225487 -3.911655 -0.964216  0.532224 -0.666207 -0.522404  0.086942 0.622751 2 35 0.861685 36 0.138315
0  -36.167355 -3.903002 -0.623739  0.624547 -0.777039 0.078427  0.076297 0.603233 2 35 0.870064 36 0.129936
v_heavyArms.tga.002
0  -33.990574 -1.780555 -0.286421  0.811069 -0.569351 0.134189  0.798200 0.526700 3 20 0.078532 34 0.901391 21 0.020077
0  -33.985874 -1.761855 -0.283721  0.941155 -0.266454 0.207919  0.797100 0.525200 3 20 0.100586 34 0.864990 21 0.034424
0  -34.263172 -1.842955 0.150779  0.548326 -0.406244 0.730961  0.789100 0.550200 3 20 0.049884 21 0.037046 34 0.913069
v_heavyArms.tga.002
0  -41.273422 -1.807784 -0.395590  -0.376411 -0.684955 0.623820  0.801400 0.929200 1 33 1.000000
0  -41.523918 -1.759284 -0.572690  -0.717974 -0.582528 0.381018  0.801700 0.944000 1 33 1.000000
0  -41.473782 -1.814957 -0.935522  -0.476330 -0.876630 0.068037  0.812300 0.951200 1 33 1.000000
v_heavyArms.tga.002
0  -38.412331 2.458791 -0.153630  0.044108 0.988711 0.143193  0.516399 0.782747 3 22 0.190105 23 0.788812 24 0.021083
0  -39.104279 2.526951 -0.324867  0.018126 0.973840 0.226511  0.513046 0.829021 3 22 0.007391 23 0.762310 24 0.230299
0  -39.145451 2.443216 0.043201  -0.182123 0.696448 0.694112  0.529812 0.827786 2 23 0.914942 24 0.085058
v_heavyArms.tga.002
0  -34.820274 -2.599154 -0.014721  0.450035 -0.582924 0.676511  0.830400 0.571800 2 34 0.905995 35 0.094005
0  -35.448471 -3.197055 -0.156221  0.488671 -0.635791 0.597470  0.884500 0.595400 2 34 0.097680 35 0.902320
0  -35.325672 -3.187655 -0.600821  0.629838 -0.775090 0.050391  0.899100 0.579000 2 34 0.103181 35 0.896819
v_heavyArms.tga.002
0  -37.911373 1.469546 0.583278  -0.247013 0.278623 0.928092  0.591700 0.751000 3 22 0.480715 25 0.497484 28 0.021801
0  -37.671772 2.379345 0.447978  -0.082597 0.761259 0.643166  0.541400 0.736300 3 22 0.981199 25 0.018610 21 0.000191
0  -38.018948 2.389486 0.368345  -0.126740 0.753006 0.645693  0.538900 0.754100 2 22 0.988594 23 0.011406
v_heavyArms.tga.002
0  -31.891872 -1.310088 1.371126  -0.281303 -0.544780 0.789989  0.402900 0.148000 1 20 1.000000
0  -31.885273 -2.053972 0.014120  -0.332754 -0.943013 -0.000773  0.322500 0.148700 1 20 1.000000
0  -30.609272 -2.363057 0.014006  -0.152978 -0.987937 -0.024042  0.322700 0.211900 1 20 1.000000
v_heavyArms.tga.002
0  -41.786171 0.181444 -1.021222  -0.725727 0.550434 -0.412725  0.326400 0.986000 1 30 1.000000
0  -41.808773 -0.489556 -1.009623  -0.669557 -0.578088 -0.466377  0.301700 0.984700 1 30 1.000000
0  -41.810371 -0.476556 -0.895723  -0.843260 -0.525750 0.111798  0.299700 0.989900 1 30 1.000000
v_heavyArms.tga.002
0  -37.007847 -3.343081 -0.291269  -0.644524 0.512484 0.567405  0.930648 0.666488 2 35 0.846738 36 0.153262
0  -36.212372 -2.535558 -0.283221  -0.711085 0.390235 0.584871  0.864800 0.646600 2 34 0.122412 35 0.877588
0  -36.315872 -2.477456 -0.650921  -0.812342 0.572149 0.112898  0.870700 0.665700 2 34 0.132857 35 0.867143
v_heavyArms.tga.002
0  -41.781273 -0.406656 -0.665757  -0.876949 -0.305020 0.371380  0.712500 0.976600 1 30 1.000000
0  -41.774773 0.152845 -0.656358  -0.850810 0.422061 0.313029  0.685400 0.978100 1 30 1.000000
0  -41.793774 0.193445 -0.906923  -0.836716 0.547637 0.000521  0.683000 0.984600 1 30 1.000000
v_heavyArms.tga.002
0  -38.441761 1.621018 -0.136254  -0.140125 -0.962419 -0.232626  0.583034 0.792767 2 23 0.484035 22 0.515965
0  -38.183674 1.569945 -0.074427  -0.395136 -0.858639 -0.326508  0.587400 0.778500 3 22 0.430936 23 0.191191 25 0.377873
0  -38.203773 1.560745 -0.026121  -0.547064 -0.687213 0.477974  0.585700 0.777300 3 22 0.438724 23 0.193634 25 0.367642
v_heavyArms.tga.002
0  -35.370872 -3.179755 -0.973621  0.513274 -0.692042 -0.507570  0.145600 0.584200 2 34 0.099885 35 0.900115
0  -34.688473 -2.652255 -1.076521  0.623920 -0.508805 -0.593162  0.188300 0.562500 2 34 0.891289 35 0.108711
0  -34.560173 -2.627455 -0.567621  0.737033 -0.671881 0.073207  0.183500 0.534500 2 34 0.904625 35 0.095375
v_heavyArms.tga.002
0  -32.718773 1.046746 0.968879  -0.942650 0.189274 0.274931  0.545000 0.079700 2 20 0.939762 21 0.060238
0  -32.727673 0.136545 1.149079  -0.952263 0.001808 0.305273  0.478200 0.081200 2 20 0.967311 21 0.032689
0  -32.630875 0.104638 1.448681  -0.636859 0.008972 0.770928  0.477400 0.100200 1 20 1.000000
v_heavyArms.tga.002
0  -35.243271 -2.000155 0.328879  -0.108931 -0.353336 0.929133  0.798100 0.600300 3 21 0.054702 35 0.017085 34 0.928214
0  -35.240471 -2.012854 0.324379  -0.008713 -0.601549 0.798788  0.805500 0.601300 3 21 0.039602 35 0.038657 34 0.921741
0  -34.263275 -1.854254 0.144579  0.539387 -0.449183 0.712247  0.790400 0.549700 3 20 0.037376 21 0.025877 34 0.936747
v_heavyArms.tga.002
0  -37.132889 -3.450122 -0.915068  -0.759359 0.383269 -0.525812  0.103088 0.692834 2 36 0.873894 35 0.126106
0  -37.561172 -4.349957 -0.797421  -0.910123 0.119822 -0.396634  0.044600 0.701100 1 36 1.000000
0  -37.602371 -4.315255 -0.555620  -0.989636 0.143446 -0.006634  0.041000 0.713800 1 36 1.000000
v_heavyArms.tga.002
0  -38.089672 -1.919457 -0.331522  -0.022747 -0.999693 -0.009847  0.820500 0.753700 2 31 0.928241 32 0.071759
0  -38.090374 -1.878354 -0.367822  -0.026729 -0.661906 -0.749110  0.823400 0.754100 3 31 0.923737 32 0.074943 28 0.001320
0  -37.421780 -1.929521 -0.390626  -0.075629 -0.653447 -0.753184  0.830751 0.719534 4 28 0.023810 31 0.704398 34 0.037200 21 0.234592
v_heavyArms.tga.002
0  -37.720474 2.433945 -0.231822  0.089229 0.990333 -0.106202  0.500300 0.757300 2 22 0.928236 23 0.071764
0  -37.962074 2.455544 -0.259022  0.082514 0.994406 -0.065943  0.499800 0.772200 2 22 0.834517 23 0.165483
0  -37.944275 2.420544 -0.116021  0.043158 0.977701 0.205519  0.508000 0.769600 2 22 0.881401 23 0.118599
v_heavyArms.tga.002
0  -38.120110 -1.630611 -0.819216  -0.007369 -0.375458 -0.926810  0.230700 0.777400 3 31 0.813121 32 0.087401 28 0.099479
0  -37.977272 -0.674455 -0.720713  -0.323146 -0.014411 -0.946240  0.312300 0.770500 4 32 0.020701 31 0.258251 28 0.690138 29 0.030910
0  -37.401440 -0.606169 -0.804202  -0.108217 0.031564 -0.993626  0.309559 0.735179 4 21 0.157532 31 0.504643 28 0.335375 34 0.002450
v_heavyArms.tga.002
0  -32.614273 1.614210 -0.921196  -0.680800 0.465899 -0.565199  0.084600 0.111000 2 20 0.963151 21 0.036849
0  -32.615273 1.947676 -0.144224  -0.644917 0.763217 -0.039773  0.039200 0.100100 2 20 0.946043 21 0.053957
0  -31.876274 2.279451 -0.152298  -0.301891 0.952487 -0.040383  0.026100 0.145400 1 20 1.000000
v_heavyArms.tga.002
0  -40.042572 2.537644 -0.834923  -0.064978 0.954880 -0.289795  0.491800 0.905200 1 24 1.000000
0  -40.187973 2.482144 -0.869123  -0.659851 0.529019 -0.533607  0.488100 0.910200 1 24 1.000000
0  -40.229774 2.490544 -0.746123  -0.824720 0.560788 -0.073170  0.490400 0.915400 1 24 1.000000
v_heavyArms.tga.002
0  -41.246323 -1.200786 -0.285590  -0.440506 0.541382 0.716143  0.772900 0.932000 1 33 1.000000
0  -41.122986 -1.093556 -0.708823  -0.245053 0.954288 0.171123  0.758900 0.942000 1 33 1.000000
0  -41.510284 -1.190057 -0.881023  -0.471970 0.871595 0.132539  0.773700 0.960100 1 33 1.000000
v_heavyArms.tga.002
0  -41.808773 -0.489556 -1.009623  -0.669557 -0.578088 -0.466377  0.301700 0.984700 1 30 1.000000
0  -41.449474 -0.583855 -0.869522  -0.023242 -0.934781 -0.354464  0.291500 0.971000 1 30 1.000000
0  -41.464172 -0.585556 -0.765023  -0.110183 -0.993631 -0.023607  0.288200 0.974700 1 30 1.000000
v_heavyArms.tga.002
0  -32.625671 -1.270417 -0.817875  -0.650726 -0.543542 -0.530206  0.263700 0.101500 3 20 0.963586 21 0.003310 34 0.033104
0  -32.723671 -1.162656 -0.628720  -0.902599 -0.333710 -0.271943  0.269300 0.085900 3 20 0.885530 21 0.041637 34 0.072833
0  -32.725075 -0.562956 -0.902121  -0.945114 -0.066179 -0.319968  0.218900 0.087000 3 20 0.945584 21 0.020671 34 0.033745
v_heavyArms.tga.002
0  -30.588772 2.281638 0.617329  -0.107415 0.882624 0.457642  0.614700 0.207700 1 20 1.000000
0  -30.601871 1.518017 1.675384  -0.108358 0.547697 0.829630  0.552000 0.207400 1 20 1.000000
0  -22.191187 1.635959 1.739446  -0.061789 0.561634 0.825075  0.551400 0.474200 2 19 0.016402 20 0.983598
v_heavyArms.tga.002
0  -39.242878 1.793414 -0.462366  -0.264959 -0.962786 -0.053285  0.448383 0.860327 2 23 0.138019 24 0.861981
0  -39.260979 1.799364 -0.333089  -0.272823 -0.962045 0.006079  0.442499 0.863490 2 23 0.156382 24 0.843618
0  -40.120575 2.053044 -0.689623  -0.245030 -0.958111 -0.148268  0.468700 0.912800 1 24 1.000000
v_heavyArms.tga.002
0  -35.194275 -2.368254 -1.377821  0.087232 -0.009893 -0.996139  0.196200 0.595000 2 34 0.877276 35 0.122724
0  -34.349972 -1.508654 -0.877921  0.377263 0.159937 -0.912191  0.252600 0.552500 1 34 1.000000
0  -34.017273 -1.721455 -0.739121  0.775070 -0.333357 -0.536787  0.244100 0.530300 2 20 0.035870 34 0.964130
v_heavyArms.tga.002
0  -38.415474 0.386144 0.085478  -0.210703 0.151394 -0.965756  0.650700 0.786700 3 28 0.684619 29 0.071358 25 0.244022
0  -38.431873 0.416245 0.091678  -0.330351 0.880663 -0.339561  0.651700 0.785500 3 28 0.702709 29 0.068609 25 0.228682
0  -38.377071 0.473244 0.067378  -0.933419 -0.284975 0.217986  0.647200 0.788100 3 25 0.914905 26 0.027599 29 0.057497
v_heavyArms.tga.002
0  -38.370872 -0.656056 0.154978  -0.260971 -0.964191 0.047223  0.291900 0.801300 2 28 0.911899 29 0.088101
0  -38.400173 -0.686256 -0.254371  -0.185160 -0.965057 -0.185422  0.301500 0.796200 3 28 0.862357 29 0.130621 32 0.007022
0  -38.298073 -0.721056 -0.276691  -0.832627 -0.281825 -0.476766  0.291700 0.784100 4 28 0.511006 31 0.376267 32 0.056960 29 0.055767
v_heavyArms.tga.002
0  -38.431873 0.416245 0.091678  -0.330351 0.880663 -0.339561  0.651700 0.785500 3 28 0.702709 29 0.068609 25 0.228682
0  -38.410873 0.384545 0.144278  -0.242401 0.785108 0.569953  0.653200 0.783200 3 28 0.726456 29 0.058866 25 0.214678
0  -38.341473 0.476545 0.088178  -0.513479 0.219405 0.829579  0.648100 0.785900 4 25 0.721129 28 0.240172 26 0.009059 29 0.029639
v_heavyArms.tga.002
0  -41.523918 -1.759284 -0.572690  -0.717974 -0.582528 0.381018  0.801700 0.944000 1 33 1.000000
0  -41.567123 -1.285085 -0.482890  -0.776010 0.384462 0.499997  0.780000 0.948000 1 33 1.000000
0  -41.630383 -1.272757 -0.923622  -0.931450 0.363853 0.003410  0.782200 0.963900 1 33 1.000000
v_heavyArms.tga.002
0  -37.034172 -4.779355 -0.858221  0.436964 -0.789123 -0.431680  0.029600 0.661300 1 36 1.000000
0  -36.332409 -3.998452 -0.955210  0.554393 -0.641406 -0.530327  0.079304 0.628203 2 35 0.160948 36 0.839052
0  -36.275383 -3.987229 -0.620304  0.668484 -0.737755 0.094058  0.068566 0.609129 2 35 0.206787 36 0.793213
v_heavyArms.tga.002
0  -38.422771 0.396244 -0.403986  -0.481080 0.872320 -0.087297  0.348600 0.801700 4 28 0.666608 25 0.204874 26 0.007351 29 0.121166
0  -38.415474 0.386144 0.085478  -0.339994 0.940109 0.024469  0.360600 0.805600 3 28 0.684619 29 0.071358 25 0.244022
0  -38.344872 0.464844 0.033684  -0.993775 0.099065 0.050961  0.362900 0.803300 4 25 0.655154 28 0.263820 26 0.029029 29 0.051997
v_heavyArms.tga.002
0  -36.580574 2.337944 0.120278  0.064213 0.680804 0.729646  0.529000 0.675700 1 21 1.000000
0  -33.991074 1.599745 0.160379  0.198098 0.770567 0.605792  0.561800 0.535100 3 20 0.175553 21 0.822448 25 0.002000
0  -33.987175 1.616745 0.137479  0.230498 0.973001 -0.011841  0.560300 0.534800 3 20 0.177373 21 0.822097 25 0.000529
v_heavyArms.tga.002
0  -39.121170 -0.896985 -0.071023  -0.225175 0.710048 0.667179  0.732576 0.827777 2 31 0.130257 32 0.869743
0  -39.132919 -0.871751 -0.101970  -0.113286 0.987020 0.113835  0.728947 0.830754 2 32 0.868621 31 0.131379
0  -40.149891 -0.954294 -0.357195  -0.140863 0.972035 0.187899  0.741156 0.880787 2 33 0.154708 32 0.845292
v_heavyArms.tga.002
0  -38.056473 1.400944 -0.435577  -0.353678 0.864782 -0.356460  0.412800 0.791800 4 25 0.739335 22 0.141098 23 0.055823 26 0.063745
0  -38.111572 1.415644 -0.038766  -0.619205 0.776080 -0.119520  0.424700 0.789600 4 25 0.764452 22 0.142937 23 0.055813 26 0.036798
0  -38.113472 1.498144 -0.055814  -0.914332 -0.376569 -0.148970  0.424600 0.786800 4 22 0.292439 25 0.577250 23 0.123208 26 0.007102
v_heavyArms.tga.002
0  -41.379044 -0.356026 -1.107099  0.090441 -0.378450 -0.921193  0.304000 0.966700 1 30 1.000000
0  -41.449474 -0.583855 -0.869522  -0.023242 -0.934781 -0.354464  0.291500 0.971000 1 30 1.000000
0  -41.808773 -0.489556 -1.009623  -0.669557 -0.578088 -0.466377  0.301700 0.984700 1 30 1.000000
v_heavyArms.tga.002
0  -41.483273 0.332944 -0.858223  -0.188982 0.962229 -0.195965  0.338700 0.975900 1 30 1.000000
0  -41.377644 0.229174 -1.113798  0.014948 0.553029 -0.833028  0.332000 0.968100 1 30 1.000000
0  -41.733273 0.125744 -1.111623  -0.469701 0.301227 -0.829845  0.324000 0.981500 1 30 1.000000
v_heavyArms.tga.002
0  -38.366772 -0.651855 0.213878  -0.140604 -0.788580 0.598642  0.715200 0.770500 2 28 0.930000 29 0.070000
0  -38.409672 -0.687556 0.165579  -0.052468 -0.989650 -0.133565  0.717100 0.771900 2 28 0.922179 29 0.077821
0  -38.318172 -0.727855 0.116278  -0.865306 0.453584 -0.213325  0.722200 0.771600 4 28 0.506920 31 0.437380 32 0.031508 29 0.024192
v_heavyArms.tga.002
0  -32.614273 1.614210 -0.921196  -0.680800 0.465899 -0.565199  0.084600 0.111000 2 20 0.963151 21 0.036849
0  -32.630875 0.616158 -1.183993  -0.675650 0.104366 -0.729797  0.143100 0.103200 2 20 0.991131 21 0.008869
0  -32.727673 0.531144 -0.976121  -0.916813 0.033166 -0.397937  0.145800 0.088600 2 20 0.951995 21 0.048005
v_heavyArms.tga.002
0  -41.273422 -1.807784 -0.395590  -0.376411 -0.684955 0.623820  0.801400 0.929200 1 33 1.000000
0  -41.246323 -1.200786 -0.285590  -0.440506 0.541382 0.716143  0.772900 0.932000 1 33 1.000000
0  -41.567123 -1.285085 -0.482890  -0.776010 0.384462 0.499997  0.780000 0.948000 1 33 1.000000
v_heavyArms.tga.002
0  -39.165058 1.759329 -0.245987  -0.302949 -0.829127 0.469862  0.570276 0.844388 3 24 0.164887 22 0.006857 23 0.828256
0  -39.160679 1.773914 -0.301016  -0.148026 -0.952993 -0.264373  0.572699 0.846857 3 23 0.804271 22 0.008240 24 0.187489
0  -38.554665 1.644273 -0.162622  -0.145902 -0.960878 -0.235429  0.581281 0.800241 3 23 0.809365 22 0.154046 24 0.036589
v_heavyArms.tga.002
0  -38.156849 1.632387 0.496246  -0.507952 -0.319940 0.799765  0.574000 0.764200 3 22 0.631477 23 0.064872 25 0.303651
0  -38.455059 1.712947 0.383856  -0.407516 -0.508118 0.758780  0.567514 0.784087 2 23 0.255580 22 0.744420
0  -38.447941 1.627707 -0.078808  -0.244433 -0.956901 0.156822  0.580173 0.791068 2 23 0.446585 22 0.553415
v_heavyArms.tga.002
0  -37.838272 -0.755056 0.886178  -0.262208 -0.139204 0.954919  0.718200 0.741700 3 21 0.002249 28 0.496929 31 0.500822
0  -37.568375 -1.857957 0.606879  -0.094408 -0.769682 0.631408  0.777800 0.723800 2 31 0.999050 21 0.000950
0  -37.327496 -1.866036 0.624461  -0.070151 -0.778296 0.623966  0.777712 0.709436 2 31 0.731220 21 0.268780
v_heavyArms.tga.002
0  -31.876274 2.279451 -0.152298  -0.301891 0.952487 -0.040383  0.651000 0.136800 1 20 1.000000
0  -31.873573 2.041690 0.544887  -0.286306 0.851279 0.439718  0.609900 0.138500 1 20 1.000000
0  -30.588772 2.281638 0.617329  -0.107415 0.882624 0.457642  0.614700 0.207700 1 20 1.000000
v_heavyArms.tga.002
0  -41.510483 -1.192857 -1.067923  -0.387222 0.880509 -0.273428  0.247200 0.940900 1 33 1.000000
0  -41.607685 -1.313056 -1.128923  -0.873296 0.309423 -0.376314  0.240900 0.942600 1 33 1.000000
0  -41.630383 -1.272757 -0.923622  -0.931450 0.363853 0.003410  0.243200 0.950700 1 33 1.000000
v_heavyArms.tga.002
0  -36.025772 -1.981154 -0.028421  0.028802 -0.964429 0.262768  0.817700 0.640800 3 21 0.094290 34 0.761870 35 0.143840
0  -37.128529 -1.896909 0.337630  -0.046081 -0.995288 0.085316  0.790415 0.697558 3 31 0.579432 34 0.101994 21 0.318574
0  -37.214901 -1.950933 -0.329068  -0.055097 -0.994307 0.091201  0.826518 0.707275 5 31 0.541846 28 0.006851 34 0.145030 35 0.000113 21 0.306160
v_heavyArms.tga.002
0  -34.015175 -0.417455 -0.862626  0.104249 0.015015 -0.994438  0.319800 0.536500 3 20 0.031616 21 0.525782 34 0.442602
0  -33.956871 0.437544 -0.758824  -0.076123 0.137170 -0.987618  0.372200 0.537400 3 20 0.092329 21 0.811648 34 0.096023
0  -33.596073 0.505644 -0.843621  -0.210286 0.218131 -0.952995  0.376100 0.511800 3 20 0.719242 21 0.229913 34 0.050845
v_heavyArms.tga.002
0  -41.046143 -1.704652 -1.319775  0.113398 -0.410356 -0.904848  0.225200 0.919900 1 33 1.000000
0  -41.100842 -1.215352 -1.263475  0.052895 0.655701 -0.753166  0.245800 0.923000 1 33 1.000000
0  -40.178017 -1.118297 -0.986413  0.130950 0.687004 -0.714757  0.251461 0.875830 2 33 0.846257 32 0.153743
v_heavyArms.tga.002
0  -33.606472 -1.025355 -0.420021  0.879042 -0.385796 -0.280084  0.282200 0.494300 3 34 0.338174 21 0.196940 20 0.464886
0  -33.603672 -1.099854 -0.141121  0.729348 -0.682334 0.049715  0.273900 0.479100 3 20 0.447394 21 0.132738 34 0.419868
0  -33.985874 -1.761855 -0.283721  0.847528 -0.471963 0.242790  0.236500 0.502100 3 20 0.100586 34 0.864990 21 0.034424
v_heavyArms.tga.002
0  -38.983074 -1.898714 -0.383131  0.030615 -0.979586 -0.198679  0.205309 0.828760 3 33 0.031512 32 0.758234 31 0.210254
0  -40.079014 -1.893090 -0.579136  0.030274 -0.981382 -0.189666  0.206485 0.870390 3 33 0.243309 32 0.747722 31 0.008969
0  -40.041164 -1.842630 -0.833869  0.074393 -0.917770 -0.390081  0.218402 0.868221 3 33 0.282759 32 0.698916 31 0.018324
v_heavyArms.tga.002
0  -37.838272 -0.755056 0.886178  -0.262208 -0.139204 0.954919  0.718200 0.741700 3 21 0.002249 28 0.496929 31 0.500822
0  -38.327896 -0.950441 0.741011  -0.428616 0.322493 0.843971  0.743800 0.761000 2 31 0.829052 28 0.170948
0  -38.138298 -1.817440 0.541511  -0.141438 -0.745298 0.651557  0.782600 0.751500 1 31 1.000000
v_heavyArms.tga.002
0  -38.111572 1.415644 -0.038766  -0.419157 0.269663 -0.866943  0.590000 0.780000 4 25 0.764452 22 0.142937 23 0.055813 26 0.036798
0  -38.203674 1.445343 0.003478  -0.228192 0.925679 0.301739  0.592200 0.780100 4 25 0.781111 22 0.123216 23 0.039502 26 0.056171
0  -38.169075 1.513645 -0.011522  -0.932888 -0.208890 0.293403  0.590800 0.773900 4 22 0.306821 25 0.566599 23 0.123226 26 0.003354
v_heavyArms.tga.002
0  -37.395008 2.205787 -0.689505  0.126254 0.588265 -0.798752  0.470565 0.739190 3 22 0.732569 23 0.036942 21 0.230489
0  -37.373775 1.363697 -0.766803  -0.060750 0.050779 -0.996861  0.417536 0.742850 4 22 0.152289 25 0.596284 21 0.250473 23 0.000954
0  -37.822571 1.431444 -0.768903  -0.346993 0.108951 -0.931518  0.421900 0.769700 3 25 0.733595 22 0.196194 23 0.070211
v_heavyArms.tga.002
0  -33.567268 1.630446 0.368979  -0.392506 0.820818 0.414967  0.601242 0.018950 2 21 0.208760 20 0.791240
0  -33.571686 1.046746 0.968879  -0.353830 0.462694 0.812846  0.543627 0.019562 2 21 0.152657 20 0.847343
0  -32.718773 1.046746 0.968879  0.000000 0.478379 0.878154  0.545000 0.079700 2 20 0.939762 21 0.060238
v_heavyArms.tga.002
0  -38.203773 1.560745 -0.026121  -0.547064 -0.687213 0.477974  0.585700 0.777300 3 22 0.438724 23 0.193634 25 0.367642
0  -38.183674 1.569945 -0.074427  -0.395136 -0.858639 -0.326508  0.587400 0.778500 3 22 0.430936 23 0.191191 25 0.377873
0  -38.113472 1.498144 -0.055814  -0.652281 -0.359500 -0.667300  0.590000 0.776100 4 22 0.292439 25 0.577250 23 0.123208 26 0.007102
v_heavyArms.tga.002
0  -40.208557 2.155649 -0.417432  -0.742993 -0.345029 0.573513  0.538900 0.909200 1 24 1.000000
0  -40.175659 2.476749 -0.457932  -0.633590 0.599058 0.489584  0.521900 0.902400 1 24 1.000000
0  -40.229774 2.490544 -0.746123  -0.824720 0.560788 -0.073170  0.516600 0.914100 1 24 1.000000
v_heavyArms.tga.002
0  -33.994572 1.153944 -0.726579  0.179947 0.388670 -0.903634  0.415500 0.543000 3 20 0.151424 21 0.831721 34 0.016855
0  -33.985573 1.539944 -0.139521  0.129683 0.935385 -0.328995  0.446800 0.543100 2 21 0.823524 20 0.176476
0  -33.586174 1.596646 -0.179321  -0.105556 0.966154 -0.235380  0.446800 0.520800 2 21 0.299102 20 0.700898
v_heavyArms.tga.002
0  -33.956871 0.437544 -0.758824  -0.076123 0.137170 -0.987618  0.372200 0.537400 3 20 0.092329 21 0.811648 34 0.096023
0  -33.994572 1.153944 -0.726579  0.179947 0.388670 -0.903634  0.415500 0.543000 3 20 0.151424 21 0.831721 34 0.016855
0  -33.585571 1.215145 -0.590421  0.127350 0.526766 -0.840416  0.417500 0.518300 2 20 0.724501 21 0.275499
v_heavyArms.tga.002
0  -41.471874 -0.613756 -0.754523  -0.098331 -0.947994 -0.302719  0.731715 0.961977 1 30 1.000000
0  -41.464172 -0.585556 -0.765023  0.241109 -0.395759 -0.886138  0.733115 0.962877 1 30 1.000000
0  -40.229721 -0.623846 -0.369818  0.272703 -0.363762 -0.890679  0.730458 0.886614 2 29 0.158834 30 0.841166
v_heavyArms.tga.002
0  -38.183674 1.569945 -0.074427  -0.453572 -0.889887 -0.048710  0.428000 0.789600 3 22 0.430936 23 0.191191 25 0.377873
0  -38.070972 1.541344 -0.375574  -0.588969 -0.761731 -0.269966  0.438500 0.783900 3 22 0.390737 23 0.169915 25 0.439348
0  -38.019371 1.465245 -0.403762  -0.909990 0.081109 -0.406619  0.423200 0.776200 4 22 0.274795 25 0.597896 26 0.014271 23 0.113038
v_heavyArms.tga.002
0  -37.043922 -3.314170 -0.929045  -0.686220 0.502878 -0.525562  0.113356 0.689697 2 35 0.849428 36 0.150572
0  -36.643120 -3.609453 -1.280343  -0.092451 -0.039079 -0.994950  0.103075 0.655077 2 35 0.861719 36 0.138281
0  -36.724724 -3.712371 -1.261699  -0.118677 -0.101562 -0.987725  0.094258 0.658915 2 35 0.136603 36 0.863397
v_heavyArms.tga.002
0  -36.724724 -3.712371 -1.261699  -0.118677 -0.101562 -0.987725  0.094258 0.658915 2 35 0.136603 36 0.863397
0  -36.332409 -3.998452 -0.955210  0.554393 -0.641406 -0.530327  0.079304 0.628203 2 35 0.160948 36 0.839052
0  -37.034172 -4.779355 -0.858221  0.436964 -0.789123 -0.431680  0.029600 0.661300 1 36 1.000000
v_heavyArms.tga.002
0  -41.046143 -1.704652 -1.319775  0.113398 -0.410356 -0.904848  0.225200 0.919900 1 33 1.000000
0  -41.065685 -1.825856 -1.145823  -0.008513 -0.915600 -0.402001  0.219700 0.919800 1 33 1.000000
0  -41.470081 -1.762557 -1.152522  -0.414627 -0.863018 -0.288592  0.222300 0.937000 1 33 1.000000
v_heavyArms.tga.002
0  -39.262669 1.801691 -0.272494  -0.358121 -0.886623 0.292658  0.567340 0.851665 2 24 0.833974 23 0.166026
0  -39.293362 1.931932 0.085774  -0.494135 -0.439119 0.750337  0.554794 0.843182 2 23 0.180705 24 0.819295
0  -40.208557 2.155649 -0.417432  -0.742993 -0.345029 0.573513  0.538900 0.909200 1 24 1.000000
v_heavyArms.tga.002
0  -31.885273 -2.053972 0.014120  -0.332754 -0.943013 -0.000773  0.322500 0.148700 1 20 1.000000
0  -31.888672 -1.578090 -0.941454  -0.296734 -0.668627 -0.681826  0.267900 0.147700 1 20 1.000000
0  -30.615173 -1.823223 -1.072166  -0.121837 -0.689930 -0.713550  0.268200 0.211400 1 20 1.000000
v_heavyArms.tga.002
0  -38.366772 -0.651855 0.213878  -0.140604 -0.788580 0.598642  0.715200 0.770500 2 28 0.930000 29 0.070000
0  -38.982609 -0.663918 0.078860  -0.124243 -0.799150 0.588152  0.720226 0.807300 2 29 0.222088 28 0.777912
0  -39.001225 -0.695595 0.032003  0.055036 -0.976551 -0.208131  0.721816 0.808594 2 29 0.243643 28 0.756357
v_heavyArms.tga.002
0  -33.991074 1.599745 0.160379  0.198098 0.770567 0.605792  0.561800 0.535100 3 20 0.175553 21 0.822448 25 0.002000
0  -33.601582 1.545213 0.110553  0.442584 0.895952 0.037270  0.563816 0.513883 3 22 0.004026 21 0.361236 20 0.634738
0  -33.601559 1.545917 0.109647  0.694562 0.716752 -0.062045  0.563755 0.513878 3 22 0.005631 21 0.365342 20 0.629027
v_heavyArms.tga.002
0  -35.243271 -2.000155 0.328879  -0.108931 -0.353336 0.929133  0.798100 0.600300 3 21 0.054702 35 0.017085 34 0.928214
0  -36.025772 -1.981154 -0.028421  -0.406982 -0.252397 0.877873  0.817700 0.640800 3 21 0.094290 34 0.761870 35 0.143840
0  -36.018875 -1.995755 -0.029421  -0.487319 -0.644755 0.588907  0.818800 0.639900 3 21 0.066862 34 0.787262 35 0.145876
v_heavyArms.tga.002
0  -33.985874 -1.761855 -0.283721  0.847528 -0.471963 0.242790  0.797100 0.525200 3 20 0.100586 34 0.864990 21 0.034424
0  -33.603672 -1.099854 -0.141121  0.729348 -0.682334 0.049715  0.765900 0.499000 3 20 0.447394 21 0.132738 34 0.419868
0  -34.204273 -1.332854 0.381479  0.373964 -0.615776 0.693520  0.755400 0.542600 3 20 0.079550 21 0.538456 34 0.381994
v_heavyArms.tga.002
0  -38.417572 0.535445 0.030866  -0.447280 -0.893530 0.039301  0.362600 0.806400 2 25 0.916967 26 0.083033
0  -38.441574 0.515344 -0.452268  -0.404981 -0.903558 -0.139904  0.375400 0.802300 3 25 0.836329 26 0.145198 29 0.018474
0  -38.374973 0.461344 -0.433071  -0.988327 -0.119925 -0.093954  0.360000 0.797000 4 25 0.431091 29 0.073238 28 0.430418 26 0.065253
v_heavyArms.tga.002
0  -33.577324 -0.562956 -0.902121  -0.360507 -0.323005 -0.875045  0.220175 0.025200 3 34 0.131536 21 0.098012 20 0.770453
0  -33.579746 0.531144 -0.976121  -0.348501 0.145294 -0.925979  0.144034 0.030330 3 21 0.138669 20 0.840609 34 0.020722
0  -32.727673 0.531144 -0.976121  0.000000 0.157526 -0.987515  0.145800 0.088600 2 20 0.951995 21 0.048005
v_heavyArms.tga.002
0  -39.037750 0.589216 -0.418632  -0.109661 -0.974692 -0.194808  0.373686 0.836159 2 25 0.623162 26 0.376838
0  -38.441574 0.515344 -0.452268  -0.404981 -0.903558 -0.139904  0.375400 0.802300 3 25 0.836329 26 0.145198 29 0.018474
0  -38.417572 0.535445 0.030866  -0.447280 -0.893530 0.039301  0.362600 0.806400 2 25 0.916967 26 0.083033
v_heavyArms.tga.002
0  -35.194275 -2.368254 -1.377821  0.087232 -0.009893 -0.996139  0.196200 0.595000 2 34 0.877276 35 0.122724
0  -36.179073 -2.228955 -0.894921  -0.676529 0.493137 -0.546923  0.194800 0.657800 2 35 0.289995 34 0.710005
0  -36.184074 -2.094655 -0.778721  -0.932222 0.136348 -0.335218  0.204700 0.661800 3 21 0.038433 35 0.168303 34 0.793264
v_heavyArms.tga.002
0  -38.156849 1.632387 0.496246  -0.507952 -0.319940 0.799765  0.574000 0.764200 3 22 0.631477 23 0.064872 25 0.303651
0  -38.194374 1.577244 -0.019622  -0.511464 -0.849163 0.131629  0.585200 0.776600 3 22 0.436850 23 0.176635 25 0.386516
0  -38.143673 1.510245 -0.001422  -0.981484 -0.109379 0.157240  0.591100 0.773000 3 22 0.308495 25 0.575055 23 0.116451
v_heavyArms.tga.002
0  -38.056473 1.400944 -0.435577  -0.353678 0.864782 -0.356460  0.412800 0.791800 4 25 0.739335 22 0.141098 23 0.055823 26 0.063745
0  -37.975220 1.288278 -0.695523  -0.519225 0.605099 -0.603540  0.407700 0.788300 3 25 0.898188 23 0.017662 26 0.084150
0  -38.937222 1.362649 -0.694265  0.070042 0.548196 -0.833412  0.409890 0.840368 2 26 0.355180 25 0.644820
v_heavyArms.tga.002
0  -41.607685 -1.313056 -1.128923  -0.873296 0.309423 -0.376314  0.240900 0.942600 1 33 1.000000
0  -41.555882 -1.670256 -1.192423  -0.829025 -0.387797 -0.402903  0.226300 0.939900 1 33 1.000000
0  -41.596081 -1.713357 -0.975823  -0.890063 -0.451596 -0.062046  0.222700 0.947600 1 33 1.000000
v_heavyArms.tga.002
0  -41.325359 1.513689 -0.981080  -0.269901 0.962694 -0.019352  0.573301 0.959550 1 27 1.000000
0  -41.330429 1.498024 -0.967222  -0.446684 0.666326 0.597062  0.574190 0.959395 1 27 1.000000
0  -40.249374 1.553950 -0.508522  -0.283153 0.735823 0.615134  0.573103 0.896863 2 26 0.151141 27 0.848859
v_heavyArms.tga.002
0  -32.727673 0.136545 1.149079  -0.952263 0.001808 0.305273  0.478200 0.081200 2 20 0.967311 21 0.032689
0  -32.725773 -0.914355 0.866979  -0.968607 -0.125042 0.214861  0.400800 0.082900 3 20 0.942504 21 0.036307 34 0.021189
0  -32.628372 -1.205236 1.136791  -0.673864 -0.465236 0.573988  0.397300 0.106300 3 20 0.996752 21 0.001691 34 0.001557
v_heavyArms.tga.002
0  -31.881073 1.368375 1.475558  -0.299635 0.489432 0.818948  0.548300 0.142900 1 20 1.000000
0  -31.894772 0.072894 1.587962  -0.248884 -0.028887 0.968102  0.478200 0.142000 1 20 1.000000
0  -30.625973 0.048893 1.984763  -0.156474 -0.027343 0.987304  0.481300 0.208200 1 20 1.000000
v_heavyArms.tga.002
0  -39.000057 1.532955 -0.092362  0.086777 0.989974 0.111452  0.581668 0.819473 2 26 0.265920 25 0.734080
0  -38.203674 1.445343 0.003478  -0.228192 0.925679 0.301739  0.592200 0.780100 4 25 0.781111 22 0.123216 23 0.039502 26 0.056171
0  -38.111572 1.415644 -0.038766  -0.419157 0.269663 -0.866943  0.590000 0.780000 4 25 0.764452 22 0.142937 23 0.055813 26 0.036798
v_heavyArms.tga.002
0  -36.081272 -2.224656 -0.132521  -0.764917 -0.007388 0.644086  0.838800 0.640500 2 35 0.281611 34 0.718389
0  -36.010372 -2.007355 -0.060021  -0.669346 -0.026860 0.742465  0.821300 0.639500 3 21 0.050378 34 0.795314 35 0.154308
0  -36.141373 -2.033955 -0.433321  -0.981666 0.028561 0.188457  0.840900 0.655400 3 21 0.046946 35 0.210694 34 0.742359
v_heavyArms.tga.002
0  -37.401440 -0.606169 -0.804202  -0.108217 0.031564 -0.993626  0.309559 0.735179 4 21 0.157532 31 0.504643 28 0.335375 34 0.002450
0  -37.977272 -0.674455 -0.720713  -0.323146 -0.014411 -0.946240  0.312300 0.770500 4 32 0.020701 31 0.258251 28 0.690138 29 0.030910
0  -38.237175 0.464844 -0.826509  -0.300005 0.032737 -0.953376  0.362800 0.781500 3 28 0.946698 26 0.014119 29 0.039183
v_heavyArms.tga.002
0  -32.627472 -0.802021 -1.161138  -0.618720 -0.305200 -0.723905  0.229200 0.104900 2 20 0.998384 34 0.001616
0  -32.630875 0.616158 -1.183993  -0.675650 0.104366 -0.729797  0.143100 0.103200 2 20 0.991131 21 0.008869
0  -31.894772 0.681112 -1.475026  -0.256868 0.125566 -0.958255  0.143000 0.147100 1 20 1.000000
v_heavyArms.tga.002
0  -38.363773 -0.539199 0.765983  -0.325570 -0.521420 0.788749  0.699400 0.763800 2 28 0.991828 29 0.008172
0  -38.366772 -0.651855 0.213878  -0.302303 -0.934290 0.188984  0.715200 0.770500 2 28 0.930000 29 0.070000
0  -38.262772 -0.728856 0.165278  -0.970405 -0.027148 0.239953  0.722000 0.767900 4 28 0.491913 31 0.481307 29 0.011964 32 0.014815
v_heavyArms.tga.002
0  -41.100842 -1.215352 -1.263475  0.052895 0.655701 -0.753166  0.245800 0.923000 1 33 1.000000
0  -41.046143 -1.704652 -1.319775  0.113398 -0.410356 -0.904848  0.225200 0.919900 1 33 1.000000
0  -41.454441 -1.670953 -1.331174  -0.372705 -0.394945 -0.839708  0.226400 0.936200 1 33 1.000000
v_heavyArms.tga.002
0  -41.521935 -0.502712 -0.341044  -0.505167 -0.574804 0.643744  0.715321 0.956443 1 30 1.000000
0  -41.573135 0.204488 -0.358644  -0.556913 0.513296 0.652974  0.678456 0.959667 1 30 1.000000
0  -41.774773 0.152845 -0.656358  -0.850810 0.422061 0.313029  0.685400 0.978100 1 30 1.000000
v_heavyArms.tga.002
0  -34.363174 -1.405755 -0.865221  0.318818 0.298415 -0.899613  0.259300 0.552200 1 34 1.000000
0  -33.982574 -1.670254 -0.735421  0.849384 0.117798 -0.514460  0.249100 0.526000 3 20 0.101178 21 0.046636 34 0.852186
0  -33.985672 -1.702355 -0.748020  0.691217 -0.374289 -0.618164  0.245900 0.529600 3 20 0.067491 21 0.015295 34 0.917215
v_heavyArms.tga.002
0  -22.191187 1.635959 1.739446  -0.061789 0.561634 0.825075  0.579333 0.259736 2 19 0.016402 20 0.983598
0  -20.191307 1.743562 1.909928  -0.050127 0.561363 0.826050  0.579333 0.326359 2 19 0.478868 20 0.521132
0  -20.177172 2.783024 0.789939  -0.048423 0.862541 0.503665  0.635951 0.326994 2 19 0.498455 20 0.501545
v_heavyArms.tga.002
0  -22.215584 0.019593 2.361136  -0.074477 0.060962 0.995358  0.507034 0.258568 2 20 0.974243 19 0.025757
0  -20.217302 -0.039427 2.602408  -0.036633 0.003083 0.999324  0.507035 0.325191 2 19 0.319669 20 0.680331
0  -20.191307 1.743562 1.909928  -0.050127 0.561363 0.826050  0.579333 0.326359 2 19 0.478868 20 0.521132
v_heavyArms.tga.002
0  -22.208416 -0.924976 -1.826494  -0.005685 -0.262161 -0.965007  0.225169 0.258910 2 20 0.970610 19 0.029390
0  -20.207773 -0.887258 -1.784646  -0.069759 -0.323498 -0.943654  0.225169 0.325534 2 19 0.353414 20 0.646586
0  -20.204273 -2.049462 -1.247377  -0.055655 -0.698254 -0.713683  0.280220 0.325713 2 19 0.658299 20 0.341701
v_heavyArms.tga.002
0  -22.180700 2.352285 -1.453089  -0.088658 0.681647 -0.726290  0.083685 0.260238 2 19 0.024844 20 0.975156
0  -20.180136 2.533726 -1.644761  -0.052335 0.683985 -0.727616  0.083686 0.326861 2 19 0.499738 20 0.500262
0  -20.217302 0.832505 -2.252391  -0.069701 0.058580 -0.995846  0.152033 0.325191 2 19 0.481791 20 0.518209
v_heavyArms.tga.002
0  -22.177919 2.578195 0.733484  -0.069584 0.857684 0.509446  0.635951 0.260371 2 19 0.022308 20 0.977692
0  -20.177172 2.783024 0.789939  -0.048423 0.862541 0.503665  0.635951 0.326994 2 19 0.498455 20 0.501545
0  -20.182419 3.123946 -0.259924  -0.052070 0.997508 -0.047602  0.676103 0.326758 2 19 0.501604 20 0.498396
v_heavyArms.tga.002
0  -22.204670 -2.125754 -1.276475  -0.001750 -0.703098 -0.711091  0.280220 0.259090 2 20 0.934281 19 0.065719
0  -20.204273 -2.049462 -1.247377  -0.055655 -0.698254 -0.713683  0.280220 0.325713 2 19 0.658299 20 0.341701
0  -20.198673 -2.648030 0.015297  -0.061042 -0.997361 -0.039315  0.338416 0.326000 2 19 0.740837 20 0.259163
v_heavyArms.tga.002
0  -22.215584 0.809997 -1.998419  -0.062026 0.102325 -0.992815  0.152033 0.258567 2 20 0.985507 19 0.014493
0  -20.217302 0.832505 -2.252391  -0.069701 0.058580 -0.995846  0.152033 0.325191 2 19 0.481791 20 0.518209
0  -20.207773 -0.887258 -1.784646  -0.069759 -0.323498 -0.943654  0.225169 0.325534 2 19 0.353414 20 0.646586
v_heavyArms.tga.002
0  -22.198679 -2.744214 0.015807  0.000487 -0.999311 -0.037115  0.338818 0.259377 2 20 0.919967 19 0.080033
0  -20.198673 -2.648030 0.015297  -0.061042 -0.997361 -0.039315  0.338818 0.326001 2 19 0.740837 20 0.259163
0  -20.209675 -1.956692 1.808823  -0.042161 -0.699097 0.713783  0.418618 0.325437 2 19 0.694201 20 0.305799
v_heavyArms.tga.002
0  -22.182842 2.886943 -0.209212  -0.080805 0.995832 -0.042306  0.028772 0.260135 2 19 0.027324 20 0.972676
0  -20.182419 3.123946 -0.259924  -0.052070 0.997508 -0.047602  0.028772 0.326758 2 19 0.501604 20 0.498396
0  -20.180136 2.533726 -1.644761  -0.052335 0.683985 -0.727616  0.083686 0.326861 2 19 0.499738 20 0.500262
v_heavyArms.tga.002
0  -22.210449 -2.029852 1.851521  -0.025144 -0.676590 0.735931  0.418618 0.258813 2 20 0.927651 19 0.072349
0  -20.209675 -1.956692 1.808823  -0.042161 -0.699097 0.713783  0.418618 0.325437 2 19 0.694201 20 0.305799
0  -20.217302 -0.039427 2.602408  -0.036633 0.003083 0.999324  0.507035 0.325191 2 19 0.319669 20 0.680331
v_heavyArms.tga.002
0  -20.177172 2.783024 0.789939  -0.048423 0.862541 0.503665  0.635951 0.326994 2 19 0.498455 20 0.501545
0  -18.177725 2.762540 0.806274  -0.025388 0.862707 0.505067  0.635951 0.460708 2 19 0.954998 20 0.045002
0  -18.182695 3.096077 -0.229257  -0.022978 0.998860 -0.041847  0.676103 0.460472 2 19 0.952188 20 0.047812
v_heavyArms.tga.002
0  -20.217302 0.832505 -2.252391  -0.069701 0.058580 -0.995846  0.152033 0.325191 2 19 0.481791 20 0.518209
0  -18.215744 0.854610 -2.194439  -0.011557 0.122530 -0.992398  0.152034 0.458905 2 19 0.956867 20 0.043133
0  -18.208508 -1.017485 -2.005266  -0.068162 -0.283354 -0.956590  0.225169 0.459248 2 19 0.941417 20 0.058583
v_heavyArms.tga.002
0  -20.198673 -2.648030 0.015297  -0.061042 -0.997361 -0.039315  0.338818 0.326001 2 19 0.740837 20 0.259163
0  -18.198679 -2.980749 0.017995  -0.114660 -0.992718 -0.036942  0.338818 0.459714 2 19 0.957746 20 0.042254
0  -18.210560 -2.209511 2.033319  -0.115918 -0.661351 0.741065  0.418618 0.459151 2 19 0.950604 20 0.049396
v_heavyArms.tga.002
0  -20.191307 1.743562 1.909928  -0.050127 0.561363 0.826050  0.579333 0.326359 2 19 0.478868 20 0.521132
0  -18.191116 1.745625 1.910613  -0.027616 0.564569 0.824924  0.579333 0.460073 2 19 0.953666 20 0.046334
0  -18.177725 2.762540 0.806274  -0.025388 0.862707 0.505067  0.635951 0.460708 2 19 0.954998 20 0.045002
v_heavyArms.tga.002
0  -20.180136 2.533726 -1.644761  -0.052335 0.683985 -0.727616  0.083686 0.326861 2 19 0.499738 20 0.500262
0  -18.180532 2.518578 -1.594910  -0.018334 0.687831 -0.725639  0.083686 0.460575 2 19 0.954137 20 0.045863
0  -18.215744 0.854610 -2.194439  -0.011557 0.122530 -0.992398  0.152034 0.458905 2 19 0.956867 20 0.043133
v_heavyArms.tga.002
0  -20.217302 -0.039427 2.602408  -0.036633 0.003083 0.999324  0.507035 0.325191 2 19 0.319669 20 0.680331
0  -18.215744 0.001748 2.593523  -0.046820 0.048335 0.997733  0.507035 0.458905 2 19 0.937181 20 0.062819
0  -18.191116 1.745625 1.910613  -0.027616 0.564569 0.824924  0.579333 0.460073 2 19 0.953666 20 0.046334
v_heavyArms.tga.002
0  -20.209675 -1.956692 1.808823  -0.042161 -0.699097 0.713783  0.418618 0.325437 2 19 0.694201 20 0.305799
0  -18.210560 -2.209511 2.033319  -0.115918 -0.661351 0.741065  0.418618 0.459151 2 19 0.950604 20 0.049396
0  -18.215744 0.001748 2.593523  -0.046820 0.048335 0.997733  0.507035 0.458905 2 19 0.937181 20 0.062819
v_heavyArms.tga.002
0  -20.182419 3.123946 -0.259924  -0.052070 0.997508 -0.047602  0.028772 0.326758 2 19 0.501604 20 0.498396
0  -18.182695 3.096077 -0.229257  -0.022978 0.998860 -0.041847  0.028772 0.460472 2 19 0.952188 20 0.047812
0  -18.180532 2.518578 -1.594910  -0.018334 0.687831 -0.725639  0.083686 0.460575 2 19 0.954137 20 0.045863
v_heavyArms.tga.002
0  -20.207773 -0.887258 -1.784646  -0.069759 -0.323498 -0.943654  0.225169 0.325534 2 19 0.353414 20 0.646586
0  -18.208508 -1.017485 -2.005266  -0.068162 -0.283354 -0.956590  0.225169 0.459248 2 19 0.941417 20 0.058583
0  -18.204727 -2.313446 -1.401533  -0.102501 -0.703952 -0.702812  0.280220 0.459427 2 19 0.949862 20 0.050138
v_heavyArms.tga.002
0  -20.204273 -2.049462 -1.247377  -0.055655 -0.698254 -0.713683  0.280220 0.325713 2 19 0.658299 20 0.341701
0  -18.204727 -2.313446 -1.401533  -0.102501 -0.703952 -0.702812  0.280220 0.459427 2 19 0.949862 20 0.050138
0  -18.198679 -2.980749 0.017995  -0.114660 -0.992718 -0.036942  0.338416 0.459714 2 19 0.957746 20 0.042254
v_heavyArms.tga.002
0  -18.177725 2.762540 0.806274  -0.025388 0.862707 0.505067  0.598292 0.204066 2 19 0.954998 20 0.045002
0  -10.675968 3.153872 0.947732  -0.055241 0.866256 0.496537  0.598292 0.436701 1 19 1.000000
0  -10.681357 3.539271 -0.268067  -0.059471 0.997280 -0.043552  0.635018 0.436485 1 19 1.000000
v_heavyArms.tga.002
0  -18.204727 -2.313446 -1.401533  -0.102501 -0.703952 -0.702812  0.273184 0.202894 2 19 0.949862 20 0.050138
0  -10.705242 -2.711311 -1.644343  -0.060930 -0.711322 -0.700220  0.273184 0.435529 1 19 1.000000
0  -10.698685 -3.482418 0.022238  -0.067267 -0.997072 -0.036382  0.326414 0.435792 1 19 1.000000
v_heavyArms.tga.002
0  -18.208508 -1.017485 -2.005266  -0.068162 -0.283354 -0.956590  0.222829 0.202730 2 19 0.941417 20 0.058583
0  -10.709340 -1.213850 -2.352807  -0.051791 -0.270040 -0.961455  0.222830 0.435365 1 19 1.000000
0  -10.705242 -2.711311 -1.644343  -0.060930 -0.711322 -0.700220  0.273184 0.435529 1 19 1.000000
v_heavyArms.tga.002
0  -18.182695 3.096077 -0.229257  -0.022978 0.998860 -0.041847  0.043190 0.203850 2 19 0.952188 20 0.047812
0  -10.681357 3.539271 -0.268067  -0.059471 0.997280 -0.043552  0.043190 0.436485 1 19 1.000000
0  -10.679012 2.871973 -1.871374  -0.058596 0.693669 -0.717907  0.093418 0.436579 1 19 1.000000
v_heavyArms.tga.002
0  -18.210560 -2.209511 2.033319  -0.115918 -0.661351 0.741065  0.399502 0.202641 2 19 0.950604 20 0.049396
0  -10.711567 -2.591217 2.388268  -0.068379 -0.668211 0.740823  0.399502 0.435276 1 19 1.000000
0  -10.717185 -0.036188 3.045423  -0.059249 0.063212 0.996240  0.480375 0.435051 1 19 1.000000
v_heavyArms.tga.002
0  -18.215744 0.001748 2.593523  -0.046820 0.048335 0.997733  0.480375 0.202416 2 19 0.937181 20 0.062819
0  -10.717185 -0.036188 3.045423  -0.059249 0.063212 0.996240  0.480375 0.435051 1 19 1.000000
0  -10.690487 1.978794 2.244014  -0.054723 0.570526 0.819454  0.546504 0.436120 1 19 1.000000
v_heavyArms.tga.002
0  -18.180532 2.518578 -1.594910  -0.018334 0.687831 -0.725639  0.093418 0.203944 2 19 0.954137 20 0.045863
0  -10.679012 2.871973 -1.871374  -0.058596 0.693669 -0.717907  0.093418 0.436579 1 19 1.000000
0  -10.717185 0.949232 -2.574757  -0.051335 0.125737 -0.990735  0.155934 0.435051 1 19 1.000000
v_heavyArms.tga.002
0  -18.191116 1.745625 1.910613  -0.027616 0.564569 0.824924  0.546504 0.203485 2 19 0.953666 20 0.046334
0  -10.690487 1.978794 2.244014  -0.054723 0.570526 0.819454  0.546504 0.436120 1 19 1.000000
0  -10.675968 3.153872 0.947732  -0.055241 0.866256 0.496537  0.598292 0.436701 1 19 1.000000
v_heavyArms.tga.002
0  -18.198679 -2.980749 0.017995  -0.114660 -0.992718 -0.036942  0.326511 0.203157 2 19 0.957746 20 0.042254
0  -10.698685 -3.482418 0.022238  -0.067267 -0.997072 -0.036382  0.326511 0.435792 1 19 1.000000
0  -10.711567 -2.591217 2.388268  -0.068379 -0.668211 0.740823  0.399502 0.435276 1 19 1.000000
v_heavyArms.tga.002
0  -18.215744 0.854610 -2.194439  -0.011557 0.122530 -0.992398  0.155934 0.202416 2 19 0.956867 20 0.043133
0  -10.717185 0.949232 -2.574757  -0.051335 0.125737 -0.990735  0.155934 0.435051 1 19 1.000000
0  -10.709340 -1.213850 -2.352807  -0.051791 -0.270040 -0.961455  0.222830 0.435365 1 19 1.000000
v_heavyArms.tga.002
0  -39.035992 0.275832 0.575146  -0.236649 0.612784 0.753985  0.671840 0.804081 2 29 0.150812 28 0.849188
0  -39.009933 -0.567958 0.586966  -0.193946 -0.636163 0.746781  0.705034 0.799811 2 29 0.166488 28 0.833512
0  -38.363773 -0.539199 0.765983  -0.325570 -0.521420 0.788749  0.699400 0.763800 2 28 0.991828 29 0.008172
v_heavyArms.tga.002
0  -38.366772 -0.651855 0.213878  -0.302303 -0.934290 0.188984  0.715200 0.770500 2 28 0.930000 29 0.070000
0  -38.363773 -0.539199 0.765983  -0.325570 -0.521420 0.788749  0.699400 0.763800 2 28 0.991828 29 0.008172
0  -39.009933 -0.567958 0.586966  -0.193946 -0.636163 0.746781  0.705034 0.799811 2 29 0.166488 28 0.833512
v_heavyArms.tga.002
0  -40.135361 -0.657008 -0.327382  0.060737 -0.953811 -0.294203  0.728029 0.880983 3 28 0.006007 30 0.156621 29 0.837372
0  -40.130638 -0.627155 -0.338236  0.270463 -0.366418 -0.890274  0.730086 0.880441 3 28 0.006284 29 0.829868 30 0.163848
0  -39.087708 -0.664475 -0.007271  0.246840 -0.454795 -0.855705  0.724504 0.814917 2 29 0.771444 28 0.228556
v_heavyArms.tga.002
0  -38.358273 0.306201 0.755783  -0.365533 0.519709 0.772197  0.666300 0.768800 3 28 0.994226 29 0.003668 31 0.002106
0  -38.410873 0.384545 0.144278  -0.411526 0.896013 0.166754  0.653200 0.783200 3 28 0.726456 29 0.058866 25 0.214678
0  -39.013348 0.402003 0.053227  -0.043673 0.975911 0.213753  0.657119 0.813666 3 25 0.053947 28 0.737392 29 0.208661
v_heavyArms.tga.002
0  -41.142681 -1.914956 -0.849123  -0.108671 -0.993183 -0.042162  0.819500 0.933000 1 33 1.000000
0  -41.127186 -1.874156 -0.882623  0.150250 -0.657950 -0.737920  0.822400 0.933100 1 33 1.000000
0  -40.176838 -1.891931 -0.602256  0.200600 -0.604816 -0.770686  0.820704 0.870529 2 33 0.863574 32 0.136426
v_heavyArms.tga.002
0  -40.304771 -1.099753 0.097509  -0.351045 0.535637 0.768024  0.759863 0.872477 2 32 0.212251 33 0.787749
0  -41.246323 -1.200786 -0.285590  -0.440506 0.541382 0.716143  0.772900 0.932000 1 33 1.000000
0  -41.273422 -1.807784 -0.395590  -0.376411 -0.684955 0.623820  0.801400 0.929200 1 33 1.000000
v_heavyArms.tga.002
0  -38.120110 -1.630611 -0.819216  -0.007369 -0.375458 -0.926810  0.230700 0.777400 3 31 0.813121 32 0.087401 28 0.099479
0  -38.870354 -1.678076 -0.848860  0.074243 -0.391074 -0.917360  0.227878 0.820773 3 31 0.608452 28 0.016294 32 0.375254
0  -38.956806 -1.008226 -0.764302  -0.051883 0.648893 -0.759108  0.257725 0.825760 3 28 0.072447 32 0.379926 31 0.547627
v_heavyArms.tga.002
0  -41.123882 -1.064057 -0.720323  -0.250577 0.941767 0.224246  0.757700 0.942800 1 33 1.000000
0  -41.122986 -1.093556 -0.708823  -0.411728 0.320052 0.853256  0.758900 0.942000 1 33 1.000000
0  -40.240814 -0.991393 -0.367983  -0.340434 0.495962 0.798828  0.744801 0.884599 2 33 0.787502 32 0.212498
v_heavyArms.tga.002
0  -40.241863 -0.993710 -0.432236  0.105743 0.829894 -0.547808  0.685232 0.890239 2 32 0.187269 33 0.812731
0  -41.122986 -1.101357 -0.769423  0.115131 0.791987 -0.599585  0.755900 0.945200 1 33 1.000000
0  -41.123882 -1.064057 -0.720323  -0.250577 0.941767 0.224246  0.757700 0.942800 1 33 1.000000
v_heavyArms.tga.002
0  -40.192627 -1.915081 -0.545758  -0.068883 -0.986474 0.148745  0.815812 0.870630 2 32 0.131177 33 0.868823
0  -40.272987 -1.833800 -0.034964  -0.244862 -0.712240 0.657842  0.794715 0.867226 2 33 0.832833 32 0.167167
0  -41.273422 -1.807784 -0.395590  -0.376411 -0.684955 0.623820  0.801400 0.929200 1 33 1.000000
v_heavyArms.tga.002
0  -38.331272 -0.826956 0.113378  -0.587165 0.299180 0.752149  0.726600 0.773000 3 31 0.700193 32 0.055963 28 0.243844
0  -38.369873 -0.786855 0.065278  -0.264275 0.927883 -0.263044  0.724900 0.775300 3 31 0.692432 32 0.079336 28 0.228232
0  -39.033913 -0.862130 -0.078796  -0.127175 0.987056 0.097713  0.728112 0.824647 3 32 0.313462 31 0.635612 28 0.050927
v_heavyArms.tga.002
0  -38.331272 -0.826956 0.113378  -0.466309 0.862670 0.195849  0.726600 0.773000 3 31 0.700193 32 0.055963 28 0.243844
0  -39.021843 -0.888445 -0.046610  -0.133114 0.970494 0.201051  0.731679 0.821781 3 28 0.049090 32 0.294020 31 0.656890
0  -39.034595 -1.000762 0.487986  -0.311267 0.532508 0.787114  0.748141 0.807646 2 32 0.160102 31 0.839898
v_heavyArms.tga.002
0  -38.868576 -1.845278 -0.623639  0.052411 -0.909766 -0.411799  0.218090 0.821569 2 32 0.349757 31 0.650243
0  -38.092072 -1.812554 -0.607122  -0.028098 -0.873735 -0.485590  0.219500 0.779600 3 31 0.876221 32 0.084342 28 0.039437
0  -38.090374 -1.878354 -0.367822  -0.042401 -0.969593 -0.241021  0.205700 0.784400 3 31 0.923737 32 0.074943 28 0.001320
v_heavyArms.tga.002
0  -40.230656 -1.053229 -0.687484  -0.043720 0.973715 -0.223533  0.260268 0.878469 2 32 0.157124 33 0.842876
0  -40.178017 -1.118297 -0.986413  0.130950 0.687004 -0.714757  0.251461 0.875830 2 33 0.846257 32 0.153743
0  -41.100842 -1.215352 -1.263475  0.052895 0.655701 -0.753166  0.245800 0.923000 1 33 1.000000
v_heavyArms.tga.002
0  -38.089672 -1.919457 -0.331522  -0.022747 -0.999693 -0.009847  0.821400 0.753700 2 31 0.928241 32 0.071759
0  -38.089973 -1.894856 -0.308122  -0.002246 -0.689233 0.724536  0.819100 0.753600 2 31 0.942094 32 0.057906
0  -38.890556 -1.926867 -0.315528  -0.001880 -0.689973 0.723833  0.815332 0.803275 2 32 0.298759 31 0.701241
v_heavyArms.tga.002
0  -41.122986 -1.093556 -0.708823  -0.245053 0.954288 0.171123  0.758900 0.942000 1 33 1.000000
0  -41.246323 -1.200786 -0.285590  -0.440506 0.541382 0.716143  0.772900 0.932000 1 33 1.000000
0  -40.304771 -1.099753 0.097509  -0.351045 0.535637 0.768024  0.759863 0.872477 2 32 0.212251 33 0.787749
v_heavyArms.tga.002
0  -33.587791 1.537856 0.139395  -0.583429 0.797099 0.155706  0.614078 0.007405 2 21 0.298615 20 0.701385
0  -33.585484 1.550305 0.069031  -0.997527 0.067266 -0.020373  0.619216 0.007899 2 21 0.306533 20 0.693467
0  -33.599884 1.545579 0.115868  0.176870 0.981216 0.077020  0.616036 0.007434 3 22 0.006219 21 0.372334 20 0.621447
v_heavyArms.tga.002
0  -33.585484 1.550305 0.069031  -0.997527 0.067266 -0.020373  0.619216 0.007899 2 21 0.306533 20 0.693467
0  -33.601765 1.544796 0.108329  -0.028806 0.924592 -0.379869  0.616775 0.007027 3 22 0.003124 21 0.355266 20 0.641610
0  -33.599884 1.545579 0.115868  0.176870 0.981216 0.077020  0.616036 0.007434 3 22 0.006219 21 0.372334 20 0.621447
v_heavyArms.tga.002
0  -33.601765 1.544796 0.108329  -0.028806 0.924592 -0.379869  0.616775 0.007027 3 22 0.003124 21 0.355266 20 0.641610
0  -33.601559 1.545917 0.109647  0.694562 0.716752 -0.062045  0.616572 0.007290 3 22 0.005631 21 0.365342 20 0.629027
0  -33.601582 1.545213 0.110553  0.442584 0.895952 0.037270  0.616501 0.007252 3 22 0.004026 21 0.361236 20 0.634738
v_heavyArms.tga.002
0  -33.576176 -1.162656 -0.477921  -0.423301 -0.722423 -0.546737  0.277541 0.022127 3 34 0.214564 21 0.130801 20 0.654635
0  -33.594429 -1.144322 -0.467677  -0.895231 -0.352622 -0.272433  0.277233 0.019391 3 34 0.301148 21 0.186205 20 0.512648
0  -33.593872 -0.552972 -0.888317  -0.894579 -0.129389 -0.427770  0.219699 0.022873 3 34 0.184112 21 0.131839 20 0.684049
v_heavyArms.tga.002
0  -33.574291 -1.384035 0.166579  -0.387029 -0.917760 0.089020  0.331430 0.021510 3 34 0.214419 21 0.096155 20 0.689425
0  -33.591797 -1.366511 0.180816  -0.808771 -0.552605 0.201289  0.331518 0.018799 3 34 0.305649 21 0.120738 20 0.573613
0  -33.594429 -1.144322 -0.467677  -0.895231 -0.352622 -0.272433  0.277233 0.019391 3 34 0.301148 21 0.186205 20 0.512648
v_heavyArms.tga.002
0  -33.577324 -0.562956 -0.902121  -0.360507 -0.323005 -0.875045  0.220175 0.025200 3 34 0.131536 21 0.098012 20 0.770453
0  -33.593872 -0.552972 -0.888317  -0.894579 -0.129389 -0.427770  0.219699 0.022873 3 34 0.184112 21 0.131839 20 0.684049
0  -33.596249 0.528259 -0.961129  -0.896159 0.069542 -0.438251  0.144011 0.028159 3 21 0.189708 20 0.774017 34 0.036275
v_heavyArms.tga.002
0  -33.579746 0.531144 -0.976121  -0.348501 0.145294 -0.925979  0.144034 0.030330 3 21 0.138669 20 0.840609 34 0.020722
0  -33.596249 0.528259 -0.961129  -0.896159 0.069542 -0.438251  0.144011 0.028159 3 21 0.189708 20 0.774017 34 0.036275
0  -33.584789 1.289755 -0.667545  -0.898352 0.242747 -0.366111  0.090513 0.031246 2 21 0.237811 20 0.762189
v_heavyArms.tga.002
0  -33.568157 1.301642 -0.679018  -0.358367 0.526105 -0.771224  0.090292 0.033394 2 21 0.186369 20 0.813631
0  -33.584789 1.289755 -0.667545  -0.898352 0.242747 -0.366111  0.090513 0.031246 2 21 0.237811 20 0.762189
0  -33.585484 1.719707 -0.201083  -0.906941 0.401801 -0.126545  0.048809 0.031554 2 21 0.260771 20 0.739229
v_heavyArms.tga.002
0  -33.567268 1.630446 0.368979  -0.392506 0.820818 0.414967  0.601242 0.018950 2 21 0.208760 20 0.791240
0  -33.583923 1.610588 0.365017  -0.913039 0.352566 0.205077  0.600550 0.016560 2 21 0.265783 20 0.734217
0  -33.588280 1.033091 0.958285  -0.886630 0.197588 0.418146  0.543069 0.017339 2 21 0.194090 20 0.805910
v_heavyArms.tga.002
0  -33.579800 0.136545 1.149079  -0.383751 -0.053443 0.921889  0.477219 0.018610 2 20 0.890124 21 0.109876
0  -33.595840 0.150560 1.132874  -0.898278 0.028936 0.438473  0.478177 0.015843 2 20 0.851924 21 0.148076
0  -33.594669 -0.923644 0.844399  -0.796502 -0.445885 0.408375  0.395026 0.016895 3 20 0.728297 21 0.156938 34 0.114764
v_heavyArms.tga.002
0  -33.571686 1.046746 0.968879  -0.353830 0.462694 0.812846  0.543627 0.019562 2 21 0.152657 20 0.847343
0  -33.588280 1.033091 0.958285  -0.886630 0.197588 0.418146  0.543069 0.017339 2 21 0.194090 20 0.805910
0  -33.595840 0.150560 1.132874  -0.898278 0.028936 0.438473  0.478693 0.016359 2 20 0.851924 21 0.148076
v_heavyArms.tga.002
0  -33.568878 1.740008 -0.204253  -0.403290 0.883253 -0.239211  0.641621 0.017068 2 21 0.222329 20 0.777671
0  -33.585281 1.702816 -0.121679  -0.943840 0.324081 0.064317  0.634834 0.014946 2 21 0.272126 20 0.727874
0  -33.583923 1.610588 0.365017  -0.913039 0.352566 0.205077  0.600550 0.016560 2 21 0.265783 20 0.734217
v_heavyArms.tga.002
0  -33.585484 1.550305 0.069031  -0.997527 0.067266 -0.020373  0.619565 0.006890 2 21 0.306533 20 0.693467
0  -33.587791 1.537856 0.139395  -0.583429 0.797099 0.155706  0.614078 0.007405 2 21 0.298615 20 0.701385
0  -33.585281 1.702816 -0.121679  -0.943840 0.324081 0.064317  0.634834 0.014946 2 21 0.272126 20 0.727874
v_heavyArms.tga.002
0  -33.578018 -0.914355 0.866979  -0.345598 -0.503127 0.792102  0.396778 0.019524 3 34 0.083639 21 0.115635 20 0.800727
0  -33.594669 -0.923644 0.844399  -0.796502 -0.445885 0.408375  0.394723 0.017923 3 20 0.728297 21 0.156938 34 0.114764
0  -33.591797 -1.366511 0.180816  -0.808771 -0.552605 0.201289  0.332866 0.019773 3 34 0.305649 21 0.120738 20 0.573613
v_heavyArms.tga.002
0  -34.167072 1.648545 0.404679  0.220469 0.883029 0.414310  0.572600 0.547500 3 20 0.183854 21 0.809432 25 0.006714
0  -33.599884 1.545579 0.115868  0.176870 0.981216 0.077020  0.564117 0.513861 3 22 0.006219 21 0.372334 20 0.621447
0  -33.601582 1.545213 0.110553  0.442584 0.895952 0.037270  0.563816 0.513883 3 22 0.004026 21 0.361236 20 0.634738
v_heavyArms.tga.002
0  -41.121834 -1.164714 -0.998962  -0.048532 0.974839 -0.217564  0.253164 0.924004 1 33 1.000000
0  -41.122986 -1.101357 -0.769423  -0.037772 0.963267 -0.265876  0.263673 0.926736 1 33 1.000000
0  -40.241863 -0.993710 -0.432236  -0.034641 0.972693 -0.229495  0.271671 0.881730 2 32 0.187269 33 0.812731
v_heavyArms.tga.002
0  -40.126347 -1.696635 -1.060712  0.238237 -0.389379 -0.889734  0.226124 0.872543 2 32 0.153211 33 0.846789
0  -40.138916 -1.841597 -0.858096  0.096857 -0.917854 -0.384919  0.218484 0.872616 2 33 0.849108 32 0.150892
0  -41.065685 -1.825856 -1.145823  -0.008513 -0.915600 -0.402001  0.219700 0.919800 1 33 1.000000
v_heavyArms.tga.002
0  -40.192627 -1.915081 -0.545758  -0.208196 -0.687647 0.695554  0.815812 0.870630 2 32 0.131177 33 0.868823
0  -41.148281 -1.890757 -0.826823  -0.298715 -0.683210 0.666328  0.818000 0.932900 1 33 1.000000
0  -41.142681 -1.914956 -0.849123  -0.108671 -0.993183 -0.042162  0.819500 0.933000 1 33 1.000000
v_heavyArms.tga.002
0  -41.127186 -1.874156 -0.882623  -0.056015 -0.981093 -0.185254  0.208500 0.921900 1 33 1.000000
0  -41.065685 -1.825856 -1.145823  -0.008513 -0.915600 -0.402001  0.219700 0.919800 1 33 1.000000
0  -40.138916 -1.841597 -0.858096  0.096857 -0.917854 -0.384919  0.218484 0.872616 2 33 0.849108 32 0.150892
v_heavyArms.tga.002
0  -38.327896 -0.950441 0.741011  -0.428616 0.322493 0.843971  0.743800 0.761000 2 31 0.829052 28 0.170948
0  -39.034595 -1.000762 0.487986  -0.311267 0.532508 0.787114  0.748141 0.807646 2 32 0.160102 31 0.839898
0  -38.959286 -1.849849 0.316817  -0.154335 -0.750356 0.642764  0.787748 0.801582 2 32 0.106578 31 0.893422
v_heavyArms.tga.002
0  -38.183674 1.569945 -0.074427  -0.453572 -0.889887 -0.048710  0.428000 0.789600 3 22 0.430936 23 0.191191 25 0.377873
0  -38.441761 1.621018 -0.136254  -0.205173 -0.977992 0.037899  0.430075 0.806035 2 23 0.484035 22 0.515965
0  -38.381840 1.599738 -0.372308  -0.181485 -0.978898 -0.093926  0.438889 0.802096 2 23 0.487833 22 0.512167
v_heavyArms.tga.002
0  -38.018948 2.389486 0.368345  -0.126740 0.753006 0.645693  0.538900 0.754100 2 22 0.988594 23 0.011406
0  -38.353432 2.404557 0.280399  -0.145406 0.733659 0.663778  0.536117 0.774550 2 23 0.144666 22 0.855334
0  -38.455059 1.712947 0.383856  -0.407516 -0.508118 0.758780  0.567514 0.784087 2 23 0.255580 22 0.744420
v_heavyArms.tga.002
0  -37.941750 2.266984 -0.745373  0.023682 0.525100 -0.850711  0.475100 0.773200 2 22 0.831169 23 0.168831
0  -37.981949 1.604481 -0.638926  -0.576671 -0.425540 -0.697400  0.445100 0.778900 3 22 0.498256 23 0.176871 25 0.324873
0  -38.329132 1.646365 -0.621303  -0.100183 -0.686274 -0.720411  0.446391 0.798501 3 23 0.459292 22 0.525248 24 0.015460
v_heavyArms.tga.002
0  -39.207939 2.536179 -0.418139  0.175451 0.875693 -0.449865  0.508729 0.836793 2 24 0.904534 23 0.095466
0  -40.074875 2.536644 -0.749223  -0.050901 0.855478 -0.515331  0.509100 0.903000 1 24 1.000000
0  -40.077576 2.553644 -0.720223  -0.204134 0.978838 0.014331  0.510800 0.902400 1 24 1.000000
v_heavyArms.tga.002
0  -40.052990 2.094694 -0.935711  -0.248239 -0.580243 -0.775690  0.473400 0.906500 1 24 1.000000
0  -40.015190 2.431395 -1.009910  -0.124262 0.340586 -0.931966  0.486900 0.904100 1 24 1.000000
0  -39.158226 2.379935 -0.791925  0.224345 0.382005 -0.896516  0.484990 0.849388 2 23 0.104529 24 0.895471
v_heavyArms.tga.002
0  -40.126457 -0.593182 -0.526736  0.042898 -0.929453 -0.366438  0.291637 0.898768 2 29 0.781707 30 0.218293
0  -39.097130 -0.648355 -0.307989  -0.009349 -0.965461 -0.260381  0.297674 0.840470 3 29 0.794846 30 0.018305 28 0.186849
0  -39.087708 -0.664475 -0.007271  -0.016714 -0.998102 -0.059271  0.288102 0.840967 2 29 0.771444 28 0.228556
v_heavyArms.tga.002
0  -40.145382 -0.983571 -0.401496  0.074545 0.835431 -0.544517  0.677312 0.884981 2 33 0.171007 32 0.828993
0  -40.149891 -0.954294 -0.357195  -0.140863 0.972035 0.187899  0.741156 0.880787 2 33 0.154708 32 0.845292
0  -39.132919 -0.871751 -0.101970  -0.113286 0.987020 0.113835  0.728947 0.830754 2 32 0.868621 31 0.131379
v_heavyArms.tga.002
0  -40.226898 -0.625477 -0.310636  -0.190531 -0.836239 0.514200  0.725913 0.887695 2 30 0.824814 29 0.175186
0  -41.474972 -0.586755 -0.707523  -0.315664 -0.831605 0.456935  0.729515 0.961077 1 30 1.000000
0  -41.471874 -0.613756 -0.754523  -0.098331 -0.947994 -0.302719  0.731715 0.961977 1 30 1.000000
v_heavyArms.tga.002
0  -40.198673 0.672326 -0.439576  -0.163330 -0.967780 0.191638  0.634069 0.902601 2 27 0.108877 26 0.891123
0  -39.155148 0.564229 -0.103951  -0.087438 -0.995142 -0.045251  0.642771 0.833837 2 25 0.159193 26 0.840807
0  -39.148743 0.588037 -0.071672  -0.258918 -0.750765 0.607711  0.641353 0.833240 2 25 0.171020 26 0.828980
v_heavyArms.tga.002
0  -40.077576 2.553644 -0.720223  -0.204134 0.978838 0.014331  0.510800 0.902400 1 24 1.000000
0  -40.082874 2.536045 -0.703023  -0.353785 0.719389 0.597759  0.512300 0.902600 1 24 1.000000
0  -39.205929 2.532230 -0.357398  -0.171116 0.839647 0.515474  0.512770 0.836260 2 23 0.100516 24 0.899484
v_heavyArms.tga.002
0  -36.245472 -0.480156 -0.949328  -0.063827 0.081178 -0.994654  0.304500 0.670000 3 21 0.817021 31 0.020007 34 0.162973
0  -37.196690 -0.582963 -0.825331  -0.107518 0.047985 -0.993044  0.308627 0.723176 4 28 0.229997 34 0.021423 31 0.369316 21 0.379264
0  -37.240997 0.374564 -0.778539  -0.084822 0.037902 -0.995675  0.358146 0.727104 3 21 0.601425 28 0.396573 31 0.002001
v_heavyArms.tga.002
0  -37.127872 -1.872133 0.626825  -0.008667 -0.784652 0.619876  0.777646 0.698595 3 21 0.717592 34 0.009913 31 0.272495
0  -37.128529 -1.896909 0.337630  -0.046081 -0.995288 0.085316  0.790415 0.697558 3 31 0.579432 34 0.101994 21 0.318574
0  -36.025772 -1.981154 -0.028421  0.028802 -0.964429 0.262768  0.817700 0.640800 3 21 0.094290 34 0.761870 35 0.143840
v_heavyArms.tga.002
0  -37.373775 1.363697 -0.766803  -0.060750 0.050779 -0.996861  0.417536 0.742850 4 22 0.152289 25 0.596284 21 0.250473 23 0.000954
0  -37.446442 0.393184 -0.758575  -0.001027 0.019895 -0.999802  0.359106 0.738323 3 28 0.718821 21 0.278863 31 0.002316
0  -38.237175 0.464844 -0.826509  -0.300005 0.032737 -0.953376  0.362800 0.781500 3 28 0.946698 26 0.014119 29 0.039183
v_heavyArms.tga.002
0  -37.144794 2.332156 0.500220  0.045126 0.774688 0.630731  0.544738 0.708109 3 22 0.450119 25 0.023646 21 0.526235
0  -36.647873 2.287445 0.482778  0.133367 0.790907 0.597227  0.547900 0.681400 1 21 1.000000
0  -36.580574 2.337944 0.120278  0.175729 0.972331 0.153922  0.529000 0.675700 1 21 1.000000
v_heavyArms.tga.002
0  -37.191551 0.378280 1.065459  -0.216422 0.105258 0.970609  0.655617 0.714927 3 21 0.571353 28 0.358688 25 0.069959
0  -37.174629 -0.748571 1.016639  -0.103846 -0.200243 0.974227  0.715768 0.708565 3 21 0.514443 31 0.255303 28 0.230254
0  -36.639973 -0.742256 1.074878  -0.012443 -0.235567 0.971778  0.713400 0.676300 2 21 0.909620 34 0.090380
v_heavyArms.tga.002
0  -37.215801 -1.944947 -0.397501  -0.103142 -0.991946 -0.073523  0.205093 0.739834 4 28 0.024399 31 0.601136 34 0.122002 21 0.252462
0  -37.217022 -1.920953 -0.684227  -0.123541 -0.836840 -0.533326  0.221046 0.733224 4 31 0.586730 28 0.035637 34 0.081113 21 0.296520
0  -36.224274 -2.043957 -0.771721  -0.171808 -0.724818 -0.667174  0.222800 0.680600 3 21 0.084925 35 0.147681 34 0.767394
v_heavyArms.tga.002
0  -37.326370 -1.880255 0.438759  -0.043224 -0.996150 0.076262  0.785022 0.708777 2 31 0.796715 21 0.203285
0  -37.568375 -1.857957 0.606879  -0.094408 -0.769682 0.631408  0.777800 0.723800 2 31 0.999050 21 0.000950
0  -38.089973 -1.894856 -0.308122  -0.022851 -0.995458 0.092423  0.819100 0.753600 2 31 0.942094 32 0.057906
v_heavyArms.tga.002
0  -37.189022 1.342404 0.791482  -0.198504 0.276697 0.940231  0.600373 0.716151 4 22 0.065969 21 0.516796 25 0.378143 28 0.039092
0  -37.191551 0.378280 1.065459  -0.216422 0.105258 0.970609  0.655617 0.714927 3 21 0.571353 28 0.358688 25 0.069959
0  -36.769772 0.316844 1.170679  -0.090008 0.070713 0.993428  0.658800 0.683900 1 21 1.000000
v_heavyArms.tga.002
0  -37.720474 2.433945 -0.231822  0.089229 0.990333 -0.106202  0.500300 0.757300 2 22 0.928236 23 0.071764
0  -37.356991 2.402568 -0.201479  0.088608 0.983254 -0.159251  0.497715 0.733032 3 22 0.722143 23 0.002716 21 0.275141
0  -37.395008 2.205787 -0.689505  0.126254 0.588265 -0.798752  0.470565 0.739190 3 22 0.732569 23 0.036942 21 0.230489
v_heavyArms.tga.002
0  -37.353462 2.391727 -0.027692  0.095592 0.934966 -0.341614  0.520085 0.717749 2 22 0.791275 21 0.208725
0  -37.699875 2.410843 -0.072222  0.087599 0.927452 -0.363536  0.517400 0.738400 2 22 0.965370 23 0.034630
0  -37.684074 2.423443 -0.036922  0.010897 0.983064 0.182940  0.519600 0.737600 2 22 0.976485 23 0.023515
v_heavyArms.tga.002
0  -37.221371 -1.600132 -0.875514  -0.059896 -0.248587 -0.966756  0.238616 0.725808 4 28 0.061512 21 0.438448 34 0.061591 31 0.438448
0  -37.196690 -0.582963 -0.825331  -0.107518 0.047985 -0.993044  0.308627 0.723176 4 28 0.229997 34 0.021423 31 0.369316 21 0.379264
0  -36.245472 -0.480156 -0.949328  -0.063827 0.081178 -0.994654  0.304500 0.670000 3 21 0.817021 31 0.020007 34 0.162973
v_heavyArms.tga.002
0  -37.356991 2.402568 -0.201479  0.088608 0.983254 -0.159251  0.497715 0.733032 3 22 0.722143 23 0.002716 21 0.275141
0  -37.720474 2.433945 -0.231822  0.089229 0.990333 -0.106202  0.500300 0.757300 2 22 0.928236 23 0.071764
0  -37.699875 2.410843 -0.072222  0.045369 0.991065 0.125429  0.509800 0.754100 2 22 0.965370 23 0.034630
v_heavyArms.tga.002
0  -37.147766 2.369971 0.053344  -0.043891 0.711386 0.701429  0.525177 0.706634 3 22 0.512732 25 0.013181 21 0.474087
0  -36.580574 2.337944 0.120278  0.064213 0.680804 0.729646  0.529000 0.675700 1 21 1.000000
0  -36.574074 2.361044 0.098179  0.123580 0.945230 0.302106  0.527300 0.675300 1 21 1.000000
v_heavyArms.tga.002
0  -37.215298 -1.981405 -0.366186  -0.072776 -0.993653 -0.085778  0.829890 0.708664 4 28 0.018606 31 0.564244 34 0.136616 21 0.280534
0  -37.215801 -1.944947 -0.397501  -0.073149 -0.650408 -0.756054  0.832967 0.709114 4 28 0.024399 31 0.601136 34 0.122002 21 0.252462
0  -36.176575 -2.021054 -0.431421  -0.072635 -0.627789 -0.774987  0.843900 0.657700 3 21 0.076098 35 0.180504 34 0.743398
v_heavyArms.tga.002
0  -37.152328 2.386245 -0.185693  0.092618 0.977781 -0.188060  0.496370 0.720407 2 21 0.346481 22 0.653519
0  -36.477573 2.336846 -0.137922  0.171798 0.966982 -0.188233  0.492300 0.682200 1 21 1.000000
0  -36.285072 2.091545 -0.585022  0.093407 0.613433 -0.784204  0.462100 0.675700 2 21 0.995446 20 0.004554
v_heavyArms.tga.002
0  -37.671772 2.379345 0.447978  -0.082597 0.761259 0.643166  0.541400 0.736300 3 22 0.981199 25 0.018610 21 0.000191
0  -37.911373 1.469546 0.583278  -0.247013 0.278623 0.928092  0.591700 0.751000 3 22 0.480715 25 0.497484 28 0.021801
0  -37.385506 1.384102 0.735281  -0.216911 0.254892 0.942327  0.597529 0.727580 4 22 0.412149 25 0.371719 28 0.046089 21 0.170043
v_heavyArms.tga.002
0  -36.164173 -2.015057 -0.353021  -0.033280 -0.810933 0.584191  0.835000 0.654300 3 21 0.076677 35 0.181590 34 0.741733
0  -37.214901 -1.950933 -0.329068  -0.031382 -0.771504 0.635450  0.826518 0.707275 5 31 0.541846 28 0.006851 34 0.145030 35 0.000113 21 0.306160
0  -37.215298 -1.981405 -0.366186  -0.072776 -0.993653 -0.085778  0.829890 0.708664 4 28 0.018606 31 0.564244 34 0.136616 21 0.280534
v_heavyArms.tga.002
0  -36.293472 1.197045 -0.783252  0.009500 0.138113 -0.990371  0.406800 0.676800 3 21 0.979661 20 0.000974 25 0.019365
0  -36.310772 0.290244 -0.868945  -0.025879 0.098134 -0.994837  0.353800 0.676300 3 21 0.991044 22 0.000761 34 0.008196
0  -37.240997 0.374564 -0.778539  -0.084822 0.037902 -0.995675  0.358146 0.727104 3 21 0.601425 28 0.396573 31 0.002001
v_heavyArms.tga.002
0  -37.174629 -0.748571 1.016639  -0.103846 -0.200243 0.974227  0.715768 0.708565 3 21 0.514443 31 0.255303 28 0.230254
0  -37.127872 -1.872133 0.626825  -0.008667 -0.784652 0.619876  0.777646 0.698595 3 21 0.717592 34 0.009913 31 0.272495
0  -36.304871 -1.894854 0.587179  0.097484 -0.786464 0.609895  0.777400 0.658200 3 21 0.809266 35 0.005703 34 0.185031
v_heavyArms.tga.002
0  -39.097172 2.545896 -0.353661  0.066870 0.996042 0.058560  0.511106 0.828383 3 23 0.741901 22 0.009794 24 0.248305
0  -39.148430 2.549454 -0.368445  0.032492 0.998146 0.051469  0.510798 0.831825 2 24 0.663287 23 0.336713
0  -39.155334 2.530594 -0.339661  -0.122139 0.843207 0.523530  0.512769 0.832446 2 23 0.353084 24 0.646916
v_heavyArms.tga.002
0  -39.148430 2.549454 -0.368445  0.032492 0.998146 0.051469  0.510798 0.831825 2 24 0.663287 23 0.336713
0  -39.199322 2.551016 -0.385862  0.000661 0.999078 0.042937  0.510858 0.835641 2 24 0.900982 23 0.099018
0  -39.205929 2.532230 -0.357398  -0.171116 0.839647 0.515474  0.512770 0.836260 2 23 0.100516 24 0.899484
v_heavyArms.tga.002
0  -39.105637 2.531375 -0.385827  0.189949 0.874703 -0.445885  0.508960 0.829474 3 22 0.007580 24 0.268245 23 0.724174
0  -39.156986 2.534760 -0.400659  0.182196 0.875093 -0.448350  0.508708 0.832924 2 23 0.316981 24 0.683019
0  -39.148430 2.549454 -0.368445  0.032492 0.998146 0.051469  0.510798 0.831825 2 24 0.663287 23 0.336713
v_heavyArms.tga.002
0  -39.156986 2.534760 -0.400659  0.182196 0.875093 -0.448350  0.508708 0.832924 2 23 0.316981 24 0.683019
0  -39.207939 2.536179 -0.418139  0.175451 0.875693 -0.449865  0.508729 0.836793 2 24 0.904534 23 0.095466
0  -39.199322 2.551016 -0.385862  0.000661 0.999078 0.042937  0.510858 0.835641 2 24 0.900982 23 0.099018
v_heavyArms.tga.002
0  -39.162338 1.777269 -0.240534  -0.286734 -0.238657 0.927807  0.569346 0.844124 3 24 0.149999 22 0.005892 23 0.844110
0  -39.212967 1.788888 -0.254692  -0.345060 -0.225684 0.911043  0.568590 0.848010 2 23 0.676427 24 0.323573
0  -39.215664 1.770965 -0.260154  -0.346593 -0.819238 0.456862  0.569581 0.848346 2 23 0.648159 24 0.351841
v_heavyArms.tga.002
0  -39.212967 1.788888 -0.254692  -0.345060 -0.225684 0.911043  0.568590 0.848010 2 23 0.676427 24 0.323573
0  -39.262669 1.801691 -0.272494  -0.401190 -0.212195 0.891078  0.567340 0.851665 2 24 0.833974 23 0.166026
0  -39.265415 1.783818 -0.277986  -0.386491 -0.812619 0.436205  0.568267 0.851972 2 23 0.163743 24 0.836257
v_heavyArms.tga.002
0  -39.260979 1.799364 -0.333089  -0.148580 -0.947972 -0.281555  0.570672 0.854595 2 23 0.156382 24 0.843618
0  -39.211235 1.785898 -0.315245  -0.154906 -0.950628 -0.268905  0.571975 0.850790 2 23 0.600802 24 0.399198
0  -39.215664 1.770965 -0.260154  -0.346593 -0.819238 0.456862  0.569581 0.848346 2 23 0.648159 24 0.351841
v_heavyArms.tga.002
0  -39.211235 1.785898 -0.315245  -0.154906 -0.950628 -0.268905  0.571975 0.850790 2 23 0.600802 24 0.399198
0  -39.160679 1.773914 -0.301016  -0.148026 -0.952993 -0.264373  0.572699 0.846857 3 23 0.804271 22 0.008240 24 0.187489
0  -39.165058 1.759329 -0.245987  -0.302949 -0.829127 0.469862  0.570276 0.844388 3 24 0.164887 22 0.006857 23 0.828256
v_heavyArms.tga.002
0  -39.207939 2.536179 -0.418139  -0.000614 0.999222 0.039433  0.502963 0.849960 2 24 0.904534 23 0.095466
0  -39.156986 2.534760 -0.400659  0.031432 0.998277 0.049550  0.503351 0.846537 2 23 0.316981 24 0.683019
0  -39.130840 2.540722 -0.542881  0.106635 0.960174 -0.258255  0.495847 0.845949 2 24 0.684318 23 0.315682
v_heavyArms.tga.002
0  -39.156986 2.534760 -0.400659  0.031432 0.998277 0.049550  0.503351 0.846537 2 23 0.316981 24 0.683019
0  -39.105637 2.531375 -0.385827  0.055474 0.996546 0.061795  0.503602 0.843077 3 22 0.007580 24 0.268245 23 0.724174
0  -39.079407 2.538029 -0.528913  0.127676 0.959509 -0.251079  0.495986 0.842521 3 22 0.018672 23 0.672481 24 0.308848
v_heavyArms.tga.002
0  -39.158226 2.379935 -0.791925  0.224345 0.382005 -0.896516  0.484990 0.849388 2 23 0.104529 24 0.895471
0  -39.106689 2.376551 -0.781375  0.181050 0.391770 -0.902074  0.484876 0.846132 2 23 0.316085 24 0.683915
0  -39.157803 1.797232 -0.687913  -0.074923 -0.733287 -0.675779  0.454602 0.853925 2 23 0.352811 24 0.647189
v_heavyArms.tga.002
0  -39.106689 2.376551 -0.781375  0.181050 0.391770 -0.902074  0.484876 0.846132 2 23 0.316085 24 0.683915
0  -39.054375 2.372712 -0.774250  0.152007 0.406439 -0.900945  0.484527 0.842635 3 22 0.033037 23 0.634887 24 0.332076
0  -39.106098 1.785514 -0.681139  -0.080970 -0.721995 -0.687145  0.453995 0.850391 3 24 0.307718 22 0.032423 23 0.659859
v_heavyArms.tga.002
0  -39.054375 2.372712 -0.774250  0.152007 0.406439 -0.900945  0.484527 0.842635 3 22 0.033037 23 0.634887 24 0.332076
0  -39.106689 2.376551 -0.781375  0.181050 0.391770 -0.902074  0.484876 0.846132 2 23 0.316085 24 0.683915
0  -39.130840 2.540722 -0.542881  0.106635 0.960174 -0.258255  0.495847 0.845949 2 24 0.684318 23 0.315682
v_heavyArms.tga.002
0  -39.106689 2.376551 -0.781375  0.181050 0.391770 -0.902074  0.484876 0.846132 2 23 0.316085 24 0.683915
0  -39.158226 2.379935 -0.791925  0.224345 0.382005 -0.896516  0.484990 0.849388 2 23 0.104529 24 0.895471
0  -39.182007 2.541698 -0.558268  0.091376 0.960290 -0.263615  0.495648 0.849263 2 24 0.899790 23 0.100210
v_heavyArms.tga.002
0  -39.242878 1.793414 -0.462366  -0.264959 -0.962786 -0.053285  0.448383 0.860327 2 23 0.138019 24 0.861981
0  -39.192604 1.779155 -0.448762  -0.246672 -0.968038 -0.045346  0.447165 0.857454 2 23 0.428486 24 0.571514
0  -39.211235 1.785898 -0.315245  -0.249352 -0.968331 0.012637  0.441116 0.860609 2 23 0.600802 24 0.399198
v_heavyArms.tga.002
0  -39.192604 1.779155 -0.448762  -0.246672 -0.968038 -0.045346  0.447165 0.857454 2 23 0.428486 24 0.571514
0  -39.141369 1.766489 -0.440113  -0.221426 -0.974314 -0.041016  0.446546 0.853896 3 24 0.250205 22 0.019963 23 0.729832
0  -39.160679 1.773914 -0.301016  -0.224777 -0.974210 0.019759  0.440250 0.857013 3 23 0.804271 22 0.008240 24 0.187489
v_heavyArms.tga.002
0  -39.208397 1.811859 -0.698902  -0.051132 -0.729211 -0.682376  0.455587 0.856870 2 24 0.877751 23 0.122249
0  -39.157803 1.797232 -0.687913  -0.074923 -0.733287 -0.675779  0.454602 0.853925 2 23 0.352811 24 0.647189
0  -39.192604 1.779155 -0.448762  -0.246672 -0.968038 -0.045346  0.447165 0.857454 2 23 0.428486 24 0.571514
v_heavyArms.tga.002
0  -39.157803 1.797232 -0.687913  -0.074923 -0.733287 -0.675779  0.454602 0.853925 2 23 0.352811 24 0.647189
0  -39.106098 1.785514 -0.681139  -0.080970 -0.721995 -0.687145  0.453995 0.850391 3 24 0.307718 22 0.032423 23 0.659859
0  -39.141369 1.766489 -0.440113  -0.221426 -0.974314 -0.041016  0.446546 0.853896 3 24 0.250205 22 0.019963 23 0.729832
v_heavyArms.tga.002
0  -39.104279 2.526951 -0.324867  0.018126 0.973840 0.226511  0.513046 0.829021 3 22 0.007391 23 0.762310 24 0.230299
0  -39.155334 2.530594 -0.339661  -0.025656 0.973889 0.225571  0.512769 0.832446 2 23 0.353084 24 0.646916
0  -39.196014 2.445446 0.025099  -0.242583 0.686638 0.685334  0.529351 0.831241 2 23 0.740863 24 0.259137
v_heavyArms.tga.002
0  -39.155334 2.530594 -0.339661  -0.025656 0.973889 0.225571  0.512769 0.832446 2 23 0.353084 24 0.646916
0  -39.205929 2.532230 -0.357398  -0.067455 0.972789 0.221657  0.512770 0.836260 2 23 0.100516 24 0.899484
0  -39.245998 2.447290 0.003196  -0.289916 0.685286 0.668080  0.529028 0.834839 2 23 0.133140 24 0.866860
v_heavyArms.tga.002
0  -39.293362 1.931932 0.085774  -0.494135 -0.439119 0.750337  0.554794 0.843182 2 23 0.180705 24 0.819295
0  -39.244587 1.919758 0.109546  -0.450882 -0.444661 0.773939  0.555677 0.839724 2 24 0.240705 23 0.759295
0  -39.196014 2.445446 0.025099  -0.242583 0.686638 0.685334  0.529351 0.831241 2 23 0.740863 24 0.259137
v_heavyArms.tga.002
0  -39.244587 1.919758 0.109546  -0.450882 -0.444661 0.773939  0.555677 0.839724 2 24 0.240705 23 0.759295
0  -39.195187 1.907076 0.129354  -0.393098 -0.471255 0.789552  0.556358 0.836173 3 22 0.000048 23 0.916908 24 0.083044
0  -39.145451 2.443216 0.043201  -0.182123 0.696448 0.694112  0.529812 0.827786 2 23 0.914942 24 0.085058
v_heavyArms.tga.002
0  -39.195187 1.907076 0.129354  -0.393098 -0.471255 0.789552  0.556358 0.836173 3 22 0.000048 23 0.916908 24 0.083044
0  -39.244587 1.919758 0.109546  -0.450882 -0.444661 0.773939  0.555677 0.839724 2 24 0.240705 23 0.759295
0  -39.212967 1.788888 -0.254692  -0.317378 -0.901886 0.293041  0.568590 0.848010 2 23 0.676427 24 0.323573
v_heavyArms.tga.002
0  -39.244587 1.919758 0.109546  -0.450882 -0.444661 0.773939  0.555677 0.839724 2 24 0.240705 23 0.759295
0  -39.293362 1.931932 0.085774  -0.494135 -0.439119 0.750337  0.554794 0.843182 2 23 0.180705 24 0.819295
0  -39.262669 1.801691 -0.272494  -0.358121 -0.886623 0.292658  0.567340 0.851665 2 24 0.833974 23 0.166026
v_heavyArms.tga.002
0  -38.283974 2.466617 -0.152721  0.073892 0.985013 0.155847  0.515000 0.774781 2 23 0.333971 22 0.666029
0  -37.929073 2.427244 -0.082022  0.015245 0.972703 0.231551  0.516900 0.752600 2 22 0.895776 23 0.104224
0  -37.944275 2.420544 -0.116021  0.147165 0.953958 -0.261355  0.514900 0.753700 2 22 0.881401 23 0.118599
v_heavyArms.tga.002
0  -38.412853 2.487557 -0.361494  0.102019 0.982729 -0.154391  0.497405 0.798248 3 22 0.191189 23 0.741920 24 0.066891
0  -38.353626 2.483234 -0.347435  0.103746 0.985286 -0.135826  0.497517 0.794339 3 22 0.388771 23 0.587447 24 0.023782
0  -38.328266 2.314704 -0.712891  0.050705 0.488033 -0.871351  0.479726 0.794641 3 22 0.385505 23 0.562910 24 0.051584
v_heavyArms.tga.002
0  -38.353626 2.483234 -0.347435  0.103746 0.985286 -0.135826  0.497517 0.794339 3 22 0.388771 23 0.587447 24 0.023782
0  -38.294399 2.478910 -0.333376  0.101823 0.986663 -0.126995  0.497876 0.790972 2 23 0.411679 22 0.588321
0  -38.267361 2.307876 -0.715348  0.014086 0.500413 -0.865672  0.479002 0.791238 3 22 0.556842 23 0.421970 24 0.021188
v_heavyArms.tga.002
0  -38.449799 1.664685 -0.629119  -0.057108 -0.682066 -0.729057  0.447231 0.805979 3 23 0.717404 22 0.200555 24 0.082041
0  -38.389896 1.654798 -0.623407  -0.061455 -0.686431 -0.724593  0.446657 0.801958 3 22 0.359688 23 0.594649 24 0.045663
0  -38.441742 1.611580 -0.373062  -0.195677 -0.977506 -0.078691  0.439010 0.805611 3 23 0.633740 22 0.344597 24 0.021663
v_heavyArms.tga.002
0  -38.389896 1.654798 -0.623407  -0.061455 -0.686431 -0.724593  0.446657 0.801958 3 22 0.359688 23 0.594649 24 0.045663
0  -38.329132 1.646365 -0.621303  -0.100183 -0.686274 -0.720411  0.446391 0.798501 3 23 0.459292 22 0.525248 24 0.015460
0  -38.381840 1.599738 -0.372308  -0.181485 -0.978898 -0.093926  0.438889 0.802096 2 23 0.487833 22 0.512167
v_heavyArms.tga.002
0  -38.455059 1.712947 0.383856  -0.407516 -0.508118 0.758780  0.567514 0.784087 2 23 0.255580 22 0.744420
0  -38.510765 1.727758 0.363862  -0.404987 -0.509339 0.759315  0.566312 0.787772 2 22 0.517454 23 0.482546
0  -38.504845 1.639352 -0.091871  -0.239322 -0.954482 0.178016  0.579048 0.794296 2 23 0.649373 22 0.350627
v_heavyArms.tga.002
0  -38.510765 1.727758 0.363862  -0.404987 -0.509339 0.759315  0.566312 0.787772 2 22 0.517454 23 0.482546
0  -38.566475 1.742569 0.343868  -0.401255 -0.509442 0.761225  0.565496 0.791741 2 22 0.184212 23 0.815788
0  -38.561745 1.650997 -0.104934  -0.271053 -0.940301 0.205827  0.578207 0.798631 3 23 0.830836 22 0.153927 24 0.015237
v_heavyArms.tga.002
0  -38.441761 1.621018 -0.136254  -0.205173 -0.977992 0.037899  0.430075 0.806035 2 23 0.484035 22 0.515965
0  -38.498215 1.632645 -0.149438  -0.210223 -0.976874 0.039026  0.430525 0.809599 2 23 0.668105 22 0.331895
0  -38.441742 1.611580 -0.373062  -0.195677 -0.977506 -0.078691  0.439010 0.805611 3 23 0.633740 22 0.344597 24 0.021663
v_heavyArms.tga.002
0  -38.498215 1.632645 -0.149438  -0.210223 -0.976874 0.039026  0.430525 0.809599 2 23 0.668105 22 0.331895
0  -38.554665 1.644273 -0.162622  -0.215002 -0.975920 0.036807  0.431360 0.813671 3 23 0.809365 22 0.154046 24 0.036589
0  -38.500877 1.624117 -0.376608  -0.199620 -0.977304 -0.070915  0.439600 0.809679 3 23 0.758550 22 0.178739 24 0.062711
v_heavyArms.tga.002
0  -38.388527 2.320291 -0.714991  0.091993 0.479089 -0.872932  0.480132 0.798593 3 23 0.703104 22 0.210366 24 0.086530
0  -38.328266 2.314704 -0.712891  0.050705 0.488033 -0.871351  0.479726 0.794641 3 22 0.385505 23 0.562910 24 0.051584
0  -38.389896 1.654798 -0.623407  -0.061455 -0.686431 -0.724593  0.446657 0.801958 3 22 0.359688 23 0.594649 24 0.045663
v_heavyArms.tga.002
0  -38.328266 2.314704 -0.712891  0.050705 0.488033 -0.871351  0.479726 0.794641 3 22 0.385505 23 0.562910 24 0.051584
0  -38.267361 2.307876 -0.715348  0.014086 0.500413 -0.865672  0.479002 0.791238 3 22 0.556842 23 0.421970 24 0.021188
0  -38.329132 1.646365 -0.621303  -0.100183 -0.686274 -0.720411  0.446391 0.798501 3 23 0.459292 22 0.525248 24 0.015460
v_heavyArms.tga.002
0  -38.454010 1.610385 -0.084771  -0.279726 -0.827385 0.487018  0.580933 0.791381 2 23 0.474783 22 0.525217
0  -38.510719 1.621979 -0.097827  -0.281143 -0.826968 0.486911  0.579854 0.794550 2 23 0.665774 22 0.334226
0  -38.498215 1.632645 -0.149438  -0.143420 -0.961764 -0.233326  0.582080 0.795858 2 23 0.668105 22 0.331895
v_heavyArms.tga.002
0  -38.510719 1.621979 -0.097827  -0.281143 -0.826968 0.486911  0.579854 0.794550 2 23 0.665774 22 0.334226
0  -38.567432 1.633573 -0.110882  -0.282048 -0.828074 0.484502  0.579024 0.798897 3 23 0.821114 22 0.152105 24 0.026781
0  -38.554665 1.644273 -0.162622  -0.145902 -0.960878 -0.235429  0.581281 0.800241 3 23 0.809365 22 0.154046 24 0.036589
v_heavyArms.tga.002
0  -38.417088 2.467673 -0.213006  0.056595 0.988833 0.137865  0.505684 0.796839 3 23 0.766255 24 0.047457 22 0.186289
0  -38.357925 2.462057 -0.199070  0.058971 0.987292 0.147570  0.505815 0.792886 2 23 0.589850 22 0.410150
0  -38.353626 2.483234 -0.347435  0.103746 0.985286 -0.135826  0.497517 0.794339 3 22 0.388771 23 0.587447 24 0.023782
v_heavyArms.tga.002
0  -38.357925 2.462057 -0.199070  0.058971 0.987292 0.147570  0.505815 0.792886 2 23 0.589850 22 0.410150
0  -38.298515 2.456216 -0.186367  0.050091 0.985157 0.164187  0.506170 0.789526 2 23 0.360091 22 0.639909
0  -38.294399 2.478910 -0.333376  0.101823 0.986663 -0.126995  0.497876 0.790972 2 23 0.411679 22 0.588321
v_heavyArms.tga.002
0  -38.294872 2.446465 -0.127870  0.070055 0.992439 0.100781  0.516968 0.775165 2 23 0.318460 22 0.681540
0  -38.353691 2.452793 -0.140088  0.073059 0.989322 0.126110  0.516665 0.778832 2 23 0.559991 22 0.440009
0  -38.411705 2.407251 0.264406  -0.151777 0.731219 0.665043  0.535616 0.778120 2 22 0.706520 23 0.293480
v_heavyArms.tga.002
0  -38.353691 2.452793 -0.140088  0.073059 0.989322 0.126110  0.516665 0.778832 2 23 0.559991 22 0.440009
0  -38.412331 2.458791 -0.153630  0.044108 0.988711 0.143193  0.516399 0.782747 3 22 0.190105 23 0.788812 24 0.021083
0  -38.469830 2.410036 0.247505  -0.160050 0.728734 0.665830  0.535171 0.782047 2 22 0.187415 23 0.812585
v_heavyArms.tga.002
0  -38.401939 2.478851 -0.179256  0.064605 0.989505 0.129249  0.514404 0.782371 3 23 0.774803 22 0.192995 24 0.032202
0  -38.343040 2.472919 -0.165377  0.069297 0.987519 0.141437  0.514662 0.778491 2 23 0.565231 22 0.434769
0  -38.357925 2.462057 -0.199070  0.175267 0.911071 -0.373137  0.512615 0.779530 2 23 0.589850 22 0.410150
v_heavyArms.tga.002
0  -38.343040 2.472919 -0.165377  0.069297 0.987519 0.141437  0.514662 0.778491 2 23 0.565231 22 0.434769
0  -38.283974 2.466617 -0.152721  0.073892 0.985013 0.155847  0.515000 0.774781 2 23 0.333971 22 0.666029
0  -38.298515 2.456216 -0.186367  0.169715 0.917430 -0.359886  0.512944 0.775812 2 23 0.360091 22 0.639909
v_heavyArms.tga.002
0  -38.353432 2.404557 0.280399  -0.145406 0.733659 0.663778  0.536117 0.774550 2 23 0.144666 22 0.855334
0  -38.411705 2.407251 0.264406  -0.151777 0.731219 0.665043  0.535616 0.778120 2 22 0.706520 23 0.293480
0  -38.510765 1.727758 0.363862  -0.404987 -0.509339 0.759315  0.566312 0.787772 2 22 0.517454 23 0.482546
v_heavyArms.tga.002
0  -38.411705 2.407251 0.264406  -0.151777 0.731219 0.665043  0.535616 0.778120 2 22 0.706520 23 0.293480
0  -38.469830 2.410036 0.247505  -0.160050 0.728734 0.665830  0.535171 0.782047 2 22 0.187415 23 0.812585
0  -38.566475 1.742569 0.343868  -0.401255 -0.509442 0.761225  0.565496 0.791741 2 22 0.184212 23 0.815788
v_heavyArms.tga.002
0  -38.567432 1.633573 -0.110882  -0.282048 -0.828074 0.484502  0.579024 0.798897 3 23 0.821114 22 0.152105 24 0.026781
0  -38.510719 1.621979 -0.097827  -0.281143 -0.826968 0.486911  0.579854 0.794550 2 23 0.665774 22 0.334226
0  -38.504845 1.639352 -0.091871  -0.262726 -0.232353 0.936476  0.579048 0.794296 2 23 0.649373 22 0.350627
v_heavyArms.tga.002
0  -38.510719 1.621979 -0.097827  -0.281143 -0.826968 0.486911  0.579854 0.794550 2 23 0.665774 22 0.334226
0  -38.454010 1.610385 -0.084771  -0.279726 -0.827385 0.487018  0.580933 0.791381 2 23 0.474783 22 0.525217
0  -38.447941 1.627707 -0.078808  -0.263990 -0.229994 0.936703  0.580173 0.791068 2 23 0.446585 22 0.553415
v_heavyArms.tga.002
0  -38.283974 2.466617 -0.152721  0.073892 0.985013 0.155847  0.515000 0.774781 2 23 0.333971 22 0.666029
0  -38.343040 2.472919 -0.165377  0.069297 0.987519 0.141437  0.514662 0.778491 2 23 0.565231 22 0.434769
0  -38.353691 2.452793 -0.140088  -0.052561 0.791215 0.609275  0.516665 0.778832 2 23 0.559991 22 0.440009
v_heavyArms.tga.002
0  -38.343040 2.472919 -0.165377  0.069297 0.987519 0.141437  0.514662 0.778491 2 23 0.565231 22 0.434769
0  -38.401939 2.478851 -0.179256  0.064605 0.989505 0.129249  0.514404 0.782371 3 23 0.774803 22 0.192995 24 0.032202
0  -38.412331 2.458791 -0.153630  -0.066325 0.798602 0.598193  0.516399 0.782747 3 22 0.190105 23 0.788812 24 0.021083
v_heavyArms.tga.002
0  -38.294872 2.446465 -0.127870  0.070055 0.992439 0.100781  0.516968 0.775165 2 23 0.318460 22 0.681540
0  -38.353432 2.404557 0.280399  -0.145406 0.733659 0.663778  0.536117 0.774550 2 23 0.144666 22 0.855334
0  -38.018948 2.389486 0.368345  -0.126740 0.753006 0.645693  0.538900 0.754100 2 22 0.988594 23 0.011406
v_heavyArms.tga.002
0  -39.108936 1.540556 -0.118006  0.018388 0.997097 0.073890  0.580495 0.825577 2 25 0.128815 26 0.871185
0  -39.054886 1.537705 -0.102633  0.051656 0.994221 0.094110  0.580888 0.822177 2 26 0.650499 25 0.349501
0  -39.017342 1.514342 -0.133732  0.160762 0.872027 -0.462303  0.579260 0.821029 2 25 0.373704 26 0.626296
v_heavyArms.tga.002
0  -39.054886 1.537705 -0.102633  0.051656 0.994221 0.094110  0.580888 0.822177 2 26 0.650499 25 0.349501
0  -39.000057 1.532955 -0.092362  0.086777 0.989974 0.111452  0.581668 0.819473 2 26 0.265920 25 0.734080
0  -38.962181 1.509591 -0.124219  0.147535 0.872349 -0.466091  0.579922 0.818501 2 26 0.255488 25 0.744512
v_heavyArms.tga.002
0  -39.039043 0.580802 -0.100252  -0.071892 -0.996965 -0.029871  0.361576 0.836115 2 26 0.278030 25 0.721970
0  -39.093391 0.585189 -0.113658  -0.077015 -0.996313 -0.037804  0.361557 0.838741 2 25 0.435897 26 0.564103
0  -39.092117 0.596036 -0.422940  -0.095244 -0.973971 -0.205693  0.373579 0.839267 2 26 0.627490 25 0.372510
v_heavyArms.tga.002
0  -39.093391 0.585189 -0.113658  -0.077015 -0.996313 -0.037804  0.361557 0.838741 2 25 0.435897 26 0.564103
0  -39.147030 0.590120 -0.129620  -0.089799 -0.994651 -0.051042  0.361486 0.841553 2 25 0.153819 26 0.846181
0  -39.145744 0.602883 -0.432531  -0.076961 -0.975412 -0.206517  0.373425 0.842118 3 25 0.149142 26 0.846514 27 0.004344
v_heavyArms.tga.002
0  -39.047653 1.489942 -0.472606  0.085781 0.957560 -0.275172  0.416927 0.844938 3 25 0.142665 26 0.854979 27 0.002356
0  -38.993256 1.487557 -0.463525  0.087234 0.959911 -0.266385  0.417048 0.842216 2 25 0.355824 26 0.644176
0  -38.992142 1.365683 -0.697806  0.117415 0.543262 -0.831312  0.409987 0.843360 2 26 0.647819 25 0.352181
v_heavyArms.tga.002
0  -38.993256 1.487557 -0.463525  0.087234 0.959911 -0.266385  0.417048 0.842216 2 25 0.355824 26 0.644176
0  -38.938038 1.483508 -0.459697  0.093620 0.959239 -0.266640  0.416843 0.839206 3 26 0.321258 22 0.001502 25 0.677240
0  -38.937222 1.362649 -0.694265  0.070042 0.548196 -0.833412  0.409890 0.840368 2 26 0.355180 25 0.644820
v_heavyArms.tga.002
0  -39.155148 0.564229 -0.103951  -0.087438 -0.995142 -0.045251  0.642771 0.833837 2 25 0.159193 26 0.840807
0  -39.101475 0.559245 -0.088646  -0.072975 -0.995886 -0.053715  0.643250 0.830336 2 26 0.517740 25 0.482260
0  -39.095215 0.583087 -0.055803  -0.221945 -0.767615 0.601255  0.641830 0.829791 2 26 0.404922 25 0.595078
v_heavyArms.tga.002
0  -39.101475 0.559245 -0.088646  -0.072975 -0.995886 -0.053715  0.643250 0.830336 2 26 0.517740 25 0.482260
0  -39.047131 0.555005 -0.075892  -0.058217 -0.996030 -0.067342  0.643387 0.827233 2 26 0.259298 25 0.740702
0  -39.040997 0.578950 -0.042473  -0.184509 -0.782728 0.594385  0.642004 0.826671 2 26 0.216585 25 0.783415
v_heavyArms.tga.002
0  -39.152554 1.447362 0.459653  -0.226302 0.697940 0.679461  0.598229 0.820850 2 25 0.182912 26 0.817088
0  -39.098724 1.445291 0.477008  -0.156332 0.701252 0.695562  0.598645 0.817665 2 25 0.677751 26 0.322249
0  -39.065372 1.523593 -0.084582  0.033941 0.989432 0.140971  0.582387 0.822811 2 25 0.350963 26 0.649037
v_heavyArms.tga.002
0  -39.098724 1.445291 0.477008  -0.156332 0.701252 0.695562  0.598645 0.817665 2 25 0.677751 26 0.322249
0  -39.043953 1.442522 0.488977  -0.106846 0.717109 0.688722  0.599484 0.814548 2 26 0.140440 25 0.859560
0  -39.010586 1.518743 -0.074610  0.062242 0.990252 0.124607  0.583137 0.820037 2 25 0.742812 26 0.257188
v_heavyArms.tga.002
0  -39.046398 1.366953 -0.706811  0.163979 0.528936 -0.832669  0.409754 0.846091 3 25 0.150252 27 0.029275 26 0.820473
0  -38.992142 1.365683 -0.697806  0.117415 0.543262 -0.831312  0.409987 0.843360 2 26 0.647819 25 0.352181
0  -39.036610 0.719398 -0.729034  0.014968 -0.540385 -0.841285  0.383132 0.837469 2 26 0.630404 25 0.369596
v_heavyArms.tga.002
0  -38.992142 1.365683 -0.697806  0.117415 0.543262 -0.831312  0.409987 0.843360 2 26 0.647819 25 0.352181
0  -38.937222 1.362649 -0.694265  0.070042 0.548196 -0.833412  0.409890 0.840368 2 26 0.355180 25 0.644820
0  -38.982220 0.711496 -0.725735  -0.069882 -0.534737 -0.842124  0.383007 0.834164 2 25 0.610503 26 0.389497
v_heavyArms.tga.002
0  -39.047131 0.555005 -0.075892  -0.058217 -0.996030 -0.067342  0.643387 0.827233 2 26 0.259298 25 0.740702
0  -39.101475 0.559245 -0.088646  -0.072975 -0.995886 -0.053715  0.643250 0.830336 2 26 0.517740 25 0.482260
0  -39.093391 0.585189 -0.113658  0.126262 -0.707367 -0.695478  0.644746 0.830526 2 25 0.435897 26 0.564103
v_heavyArms.tga.002
0  -39.101475 0.559245 -0.088646  -0.072975 -0.995886 -0.053715  0.643250 0.830336 2 26 0.517740 25 0.482260
0  -39.155148 0.564229 -0.103951  -0.087438 -0.995142 -0.045251  0.642771 0.833837 2 25 0.159193 26 0.840807
0  -39.147030 0.590120 -0.129620  0.137835 -0.719494 -0.680683  0.644328 0.834039 2 25 0.153819 26 0.846181
v_heavyArms.tga.002
0  -39.000057 1.532955 -0.092362  0.086777 0.989974 0.111452  0.581668 0.819473 2 26 0.265920 25 0.734080
0  -39.054886 1.537705 -0.102633  0.051656 0.994221 0.094110  0.580888 0.822177 2 26 0.650499 25 0.349501
0  -39.065372 1.523593 -0.084582  -0.085471 0.807614 0.583485  0.582387 0.822811 2 25 0.350963 26 0.649037
v_heavyArms.tga.002
0  -39.054886 1.537705 -0.102633  0.051656 0.994221 0.094110  0.580888 0.822177 2 26 0.650499 25 0.349501
0  -39.108936 1.540556 -0.118006  0.018388 0.997097 0.073890  0.580495 0.825577 2 25 0.128815 26 0.871185
0  -39.119293 1.526463 -0.099920  -0.147826 0.819315 0.553958  0.582012 0.826184 2 25 0.128848 26 0.871152
v_heavyArms.tga.002
0  -39.043953 1.442522 0.488977  -0.106846 0.717109 0.688722  0.599484 0.814548 2 26 0.140440 25 0.859560
0  -39.098724 1.445291 0.477008  -0.156332 0.701252 0.695562  0.598752 0.817631 2 25 0.677751 26 0.322249
0  -39.127029 0.716193 0.575439  -0.334114 -0.548190 0.766718  0.626308 0.820046 2 26 0.304622 25 0.695378
v_heavyArms.tga.002
0  -39.098724 1.445291 0.477008  -0.156332 0.701252 0.695562  0.598752 0.817631 2 25 0.677751 26 0.322249
0  -39.152554 1.447362 0.459653  -0.226302 0.697940 0.679461  0.598376 0.820949 2 25 0.182912 26 0.817088
0  -39.179893 0.721780 0.554427  -0.367010 -0.547956 0.751696  0.625972 0.823383 2 25 0.206095 26 0.793905
v_heavyArms.tga.002
0  -39.148743 0.588037 -0.071672  -0.159449 -0.967234 0.197572  0.641353 0.833240 2 25 0.171020 26 0.828980
0  -39.095215 0.583087 -0.055803  -0.137896 -0.970841 0.196093  0.641830 0.829791 2 26 0.404922 25 0.595078
0  -39.127029 0.716193 0.575439  -0.334114 -0.548190 0.766718  0.626308 0.820046 2 26 0.304622 25 0.695378
v_heavyArms.tga.002
0  -39.095215 0.583087 -0.055803  -0.137896 -0.970841 0.196093  0.641830 0.829791 2 26 0.404922 25 0.595078
0  -39.040997 0.578950 -0.042473  -0.114387 -0.973996 0.195572  0.642004 0.826671 2 26 0.216585 25 0.783415
0  -39.073532 0.710420 0.593262  -0.289140 -0.561160 0.775563  0.626888 0.816685 2 26 0.143262 25 0.856738
v_heavyArms.tga.002
0  -39.090736 0.725319 -0.736528  0.080605 -0.545086 -0.834496  0.382922 0.840394 3 25 0.155420 26 0.816492 27 0.028088
0  -39.036610 0.719398 -0.729034  0.014968 -0.540385 -0.841285  0.383132 0.837469 2 26 0.630404 25 0.369596
0  -39.092117 0.596036 -0.422940  -0.095244 -0.973971 -0.205693  0.373579 0.839267 2 26 0.627490 25 0.372510
v_heavyArms.tga.002
0  -39.036610 0.719398 -0.729034  0.014968 -0.540385 -0.841285  0.383132 0.837469 2 26 0.630404 25 0.369596
0  -38.982220 0.711496 -0.725735  -0.069882 -0.534737 -0.842124  0.383007 0.834164 2 25 0.610503 26 0.389497
0  -39.037750 0.589216 -0.418632  -0.109661 -0.974692 -0.194808  0.373686 0.836159 2 25 0.623162 26 0.376838
v_heavyArms.tga.002
0  -39.071526 1.517088 -0.148777  0.062717 0.995020 -0.077466  0.428847 0.841199 2 25 0.137316 26 0.862684
0  -39.017342 1.514342 -0.133732  0.084655 0.993742 -0.072879  0.429018 0.838354 2 25 0.373704 26 0.626296
0  -38.993256 1.487557 -0.463525  0.087234 0.959911 -0.266385  0.417048 0.842216 2 25 0.355824 26 0.644176
v_heavyArms.tga.002
0  -39.017342 1.514342 -0.133732  0.084655 0.993742 -0.072879  0.429018 0.838354 2 25 0.373704 26 0.626296
0  -38.962181 1.509591 -0.124219  0.098588 0.993105 -0.063422  0.428891 0.835305 2 26 0.255488 25 0.744512
0  -38.938038 1.483508 -0.459697  0.093620 0.959239 -0.266640  0.416843 0.839206 3 26 0.321258 22 0.001502 25 0.677240
v_heavyArms.tga.002
0  -40.288620 0.707204 -0.515102  -0.072351 -0.969841 -0.232753  0.362155 0.901973 2 26 0.174264 27 0.825736
0  -41.353176 0.879463 -0.955882  -0.087517 -0.783273 -0.615486  0.377266 0.957248 1 27 1.000000
0  -41.326759 0.961121 -1.063067  -0.222662 -0.863155 -0.453193  0.383101 0.954861 1 27 1.000000
v_heavyArms.tga.002
0  -40.156090 1.555044 -0.472020  -0.038711 0.989137 0.141805  0.573445 0.891236 2 27 0.120186 26 0.879814
0  -40.202911 1.555261 -0.489708  -0.066841 0.988355 0.136698  0.573056 0.894190 2 26 0.620611 27 0.379389
0  -40.295059 1.480618 0.002864  -0.307893 0.678002 0.667469  0.586933 0.890075 2 26 0.739845 27 0.260155
v_heavyArms.tga.002
0  -40.202911 1.555261 -0.489708  -0.066841 0.988355 0.136698  0.573056 0.894190 2 26 0.620611 27 0.379389
0  -40.249374 1.553950 -0.508522  -0.085682 0.988153 0.127328  0.573116 0.896879 2 26 0.151141 27 0.848859
0  -40.340694 1.480447 -0.019953  -0.348290 0.675662 0.649750  0.586779 0.892644 2 26 0.173651 27 0.826349
v_heavyArms.tga.002
0  -40.237537 0.825029 -0.947722  0.089410 -0.625053 -0.775445  0.378996 0.902333 2 27 0.884606 26 0.115394
0  -40.190052 0.818493 -0.936741  0.091179 -0.623577 -0.776426  0.378652 0.900033 2 26 0.334280 27 0.665720
0  -40.231388 0.744178 -0.706013  -0.081109 -0.962299 -0.259617  0.371331 0.900229 2 27 0.605930 26 0.394070
v_heavyArms.tga.002
0  -40.190052 0.818493 -0.936741  0.091179 -0.623577 -0.776426  0.378652 0.900033 2 26 0.334280 27 0.665720
0  -40.142212 0.813425 -0.927087  0.100102 -0.611281 -0.785057  0.378838 0.897424 2 26 0.755539 27 0.244461
0  -40.184174 0.737122 -0.693126  -0.060721 -0.966182 -0.250610  0.371405 0.897691 2 26 0.806815 27 0.193185
v_heavyArms.tga.002
0  -40.235828 1.542402 -0.564599  0.021924 0.988861 -0.147217  0.421253 0.903879 2 27 0.857498 26 0.142502
0  -40.188980 1.543776 -0.545747  0.043941 0.988718 -0.143197  0.422137 0.901632 2 27 0.522282 26 0.477718
0  -40.177452 1.514470 -0.742111  0.083974 0.936327 -0.340940  0.413282 0.902292 2 26 0.356364 27 0.643636
v_heavyArms.tga.002
0  -40.188980 1.543776 -0.545747  0.043941 0.988718 -0.143197  0.422137 0.901632 2 27 0.522282 26 0.477718
0  -40.141872 1.543657 -0.528121  0.055225 0.989284 -0.135161  0.422465 0.899072 2 26 0.853350 27 0.146650
0  -40.129864 1.514224 -0.729956  0.096511 0.936148 -0.338101  0.413454 0.899871 2 27 0.219049 26 0.780951
v_heavyArms.tga.002
0  -40.194473 0.694894 -0.479890  -0.039571 -0.979115 -0.199418  0.361490 0.897036 2 27 0.122836 26 0.877164
0  -40.241653 0.700461 -0.496760  -0.050470 -0.976329 -0.210319  0.361545 0.899547 2 26 0.597104 27 0.402896
0  -40.231388 0.744178 -0.706013  -0.081109 -0.962299 -0.259617  0.371331 0.900229 2 27 0.605930 26 0.394070
v_heavyArms.tga.002
0  -40.241653 0.700461 -0.496760  -0.050470 -0.976329 -0.210319  0.361545 0.899547 2 26 0.597104 27 0.402896
0  -40.288620 0.707204 -0.515102  -0.072351 -0.969841 -0.232753  0.362155 0.901973 2 26 0.174264 27 0.825736
0  -40.278290 0.752540 -0.720291  -0.095631 -0.959308 -0.265675  0.371815 0.902558 2 26 0.129292 27 0.870708
v_heavyArms.tga.002
0  -40.224827 1.513550 -0.755401  0.072263 0.935399 -0.346131  0.412743 0.904547 2 26 0.122773 27 0.877227
0  -40.177452 1.514470 -0.742111  0.083974 0.936327 -0.340940  0.413282 0.902292 2 26 0.356364 27 0.643636
0  -40.140167 1.367311 -0.968251  0.202804 0.445555 -0.871981  0.404432 0.901514 2 26 0.328868 27 0.671132
v_heavyArms.tga.002
0  -40.177452 1.514470 -0.742111  0.083974 0.936327 -0.340940  0.413282 0.902292 2 26 0.356364 27 0.643636
0  -40.129864 1.514224 -0.729956  0.096511 0.936148 -0.338101  0.413454 0.899871 2 27 0.219049 26 0.780951
0  -40.092304 1.367385 -0.957064  0.209943 0.449266 -0.868380  0.404660 0.899091 2 26 0.744109 27 0.255891
v_heavyArms.tga.002
0  -40.292118 0.709639 -0.457369  -0.242055 -0.942754 0.229398  0.631115 0.907327 2 26 0.181530 27 0.818470
0  -40.246311 0.703077 -0.438586  -0.217488 -0.947462 0.234551  0.631855 0.904776 2 26 0.674774 27 0.325226
0  -40.331089 0.841750 0.041744  -0.423268 -0.548666 0.720978  0.619109 0.897087 2 26 0.754968 27 0.245032
v_heavyArms.tga.002
0  -40.246311 0.703077 -0.438586  -0.217488 -0.947462 0.234551  0.631855 0.904776 2 26 0.674774 27 0.325226
0  -40.199776 0.697490 -0.421631  -0.196834 -0.952677 0.231652  0.632256 0.901709 2 26 0.904079 27 0.095921
0  -40.285583 0.836869 0.063604  -0.390179 -0.549000 0.739161  0.619370 0.894137 2 26 0.938496 27 0.061504
v_heavyArms.tga.002
0  -40.243298 1.568879 -0.523578  -0.067368 0.995333 0.069097  0.571596 0.896803 2 26 0.147630 27 0.852370
0  -40.196655 1.570163 -0.504797  -0.041968 0.995984 0.079084  0.571509 0.894041 2 27 0.442519 26 0.557481
0  -40.188980 1.543776 -0.545747  0.185724 0.841227 -0.507783  0.569172 0.894354 2 27 0.522282 26 0.477718
v_heavyArms.tga.002
0  -40.196655 1.570163 -0.504797  -0.041968 0.995984 0.079084  0.571509 0.894041 2 27 0.442519 26 0.557481
0  -40.149700 1.569916 -0.487214  -0.015816 0.996173 0.085961  0.571926 0.891068 2 26 0.865639 27 0.134361
0  -40.141872 1.543657 -0.528121  0.195284 0.841581 -0.503592  0.569580 0.891394 2 26 0.853350 27 0.146650
v_heavyArms.tga.002
0  -40.149700 1.569916 -0.487214  -0.015816 0.996173 0.085961  0.571926 0.891068 2 26 0.865639 27 0.134361
0  -40.196655 1.570163 -0.504797  -0.041968 0.995984 0.079084  0.571509 0.894041 2 27 0.442519 26 0.557481
0  -40.202911 1.555261 -0.489708  -0.252335 0.739215 0.624411  0.573056 0.894190 2 26 0.620611 27 0.379389
v_heavyArms.tga.002
0  -40.196655 1.570163 -0.504797  -0.041968 0.995984 0.079084  0.571509 0.894041 2 27 0.442519 26 0.557481
0  -40.243298 1.568879 -0.523578  -0.067368 0.995333 0.069097  0.571610 0.896732 2 26 0.147630 27 0.852370
0  -40.249374 1.553950 -0.508522  -0.283153 0.735823 0.615134  0.573103 0.896863 2 26 0.151141 27 0.848859
v_heavyArms.tga.002
0  -40.142212 0.813425 -0.927087  0.100102 -0.611281 -0.785057  0.378838 0.897424 2 26 0.755539 27 0.244461
0  -40.190052 0.818493 -0.936741  0.091179 -0.623577 -0.776426  0.378703 0.900036 2 26 0.334280 27 0.665720
0  -40.140167 1.367311 -0.968251  0.202804 0.445555 -0.871981  0.404421 0.901513 2 26 0.328868 27 0.671132
v_heavyArms.tga.002
0  -40.190052 0.818493 -0.936741  0.091179 -0.623577 -0.776426  0.378703 0.900036 2 26 0.334280 27 0.665720
0  -40.237537 0.825029 -0.947722  0.089410 -0.625053 -0.775445  0.378774 0.902359 2 27 0.884606 26 0.115394
0  -40.188030 1.367238 -0.979438  0.202440 0.445452 -0.872118  0.404223 0.903809 2 26 0.116652 27 0.883348
v_heavyArms.tga.002
0  -40.293079 0.682309 -0.470924  -0.205583 -0.944483 0.256296  0.633265 0.908809 2 26 0.233829 27 0.766171
0  -40.245876 0.677318 -0.455250  -0.178833 -0.961301 0.209569  0.633685 0.905721 2 26 0.625458 27 0.374542
0  -40.246311 0.703077 -0.438586  -0.347200 -0.496235 0.795741  0.631855 0.904776 2 26 0.674774 27 0.325226
v_heavyArms.tga.002
0  -40.245876 0.677318 -0.455250  -0.178833 -0.961301 0.209569  0.633685 0.905721 2 26 0.625458 27 0.374542
0  -40.198673 0.672326 -0.439576  -0.163330 -0.967780 0.191638  0.634069 0.902601 2 27 0.108877 26 0.891123
0  -40.199776 0.697490 -0.421631  -0.319460 -0.552607 0.769786  0.632256 0.901709 2 26 0.904079 27 0.095921
v_heavyArms.tga.002
0  -40.248775 1.479876 0.023215  -0.269391 0.680442 0.681488  0.590621 0.889384 2 27 0.073445 26 0.926555
0  -40.295059 1.480618 0.002864  -0.307893 0.678002 0.667469  0.590313 0.892306 2 26 0.739845 27 0.260155
0  -40.331089 0.841750 0.041744  -0.423268 -0.548666 0.720978  0.619109 0.897087 2 26 0.754968 27 0.245032
v_heavyArms.tga.002
0  -40.295059 1.480618 0.002864  -0.307893 0.678002 0.667469  0.590313 0.892306 2 26 0.739845 27 0.260155
0  -40.340694 1.480447 -0.019953  -0.348290 0.675662 0.649750  0.590038 0.894823 2 26 0.173651 27 0.826349
0  -40.375992 0.846773 0.017802  -0.451987 -0.547795 0.704009  0.618589 0.899541 2 27 0.835187 26 0.164813
v_heavyArms.tga.002
0  -40.198673 0.672326 -0.439576  -0.163330 -0.967780 0.191638  0.634069 0.902601 2 27 0.108877 26 0.891123
0  -40.245876 0.677318 -0.455250  -0.178833 -0.961301 0.209569  0.633685 0.905721 2 26 0.625458 27 0.374542
0  -40.241653 0.700461 -0.496760  0.064732 -0.874256 -0.481129  0.635709 0.906416 2 26 0.597104 27 0.402896
v_heavyArms.tga.002
0  -40.245876 0.677318 -0.455250  -0.178833 -0.961301 0.209569  0.633685 0.905721 2 26 0.625458 27 0.374542
0  -40.293079 0.682309 -0.470924  -0.205583 -0.944483 0.256296  0.633265 0.908809 2 26 0.233829 27 0.766171
0  -40.288620 0.707204 -0.515102  0.069931 -0.870740 -0.486745  0.634887 0.909071 2 26 0.174264 27 0.825736
v_heavyArms.tga.002
0  -40.293079 0.682309 -0.470924  -0.205583 -0.944483 0.256296  0.633265 0.908809 2 26 0.233829 27 0.766171
0  -40.292118 0.709639 -0.457369  -0.370760 -0.377523 0.848536  0.631070 0.907277 2 26 0.181530 27 0.818470
0  -40.589622 0.714306 -0.572501  -0.433588 -0.739297 0.515211  0.630684 0.928261 2 27 0.886884 26 0.113116
v_heavyArms.tga.002
0  -40.292118 0.709639 -0.457369  -0.370760 -0.377523 0.848536  0.631070 0.907277 2 26 0.181530 27 0.818470
0  -41.372124 0.882477 -0.935957  -0.341336 -0.551835 0.760900  0.612485 0.966964 1 27 1.000000
0  -40.589622 0.714306 -0.572501  -0.433588 -0.739297 0.515211  0.630684 0.928261 2 27 0.886884 26 0.113116
v_heavyArms.tga.002
0  -40.246147 0.400332 -0.340291  0.085208 0.927667 -0.363558  0.660061 0.892378 2 29 0.153029 30 0.846971
0  -40.196415 0.401993 -0.324492  0.083980 0.927138 -0.365189  0.659880 0.889447 2 30 0.368558 29 0.631442
0  -40.188080 0.378467 -0.330343  0.268393 0.320943 -0.908273  0.659080 0.890070 2 30 0.383781 29 0.616219
v_heavyArms.tga.002
0  -40.196415 0.401993 -0.324492  0.083980 0.927138 -0.365189  0.659880 0.889447 2 30 0.368558 29 0.631442
0  -40.146488 0.403426 -0.309617  0.083728 0.925929 -0.368300  0.659705 0.886228 2 30 0.133780 29 0.866220
0  -40.138134 0.379825 -0.315492  0.256154 0.317880 -0.912873  0.658897 0.886835 2 29 0.859611 30 0.140389
v_heavyArms.tga.002
0  -40.226898 -0.625477 -0.310636  -0.087233 -0.980401 0.176648  0.725913 0.887695 2 30 0.824814 29 0.175186
0  -40.177361 -0.627068 -0.294905  -0.087485 -0.980475 0.176113  0.725770 0.884787 2 30 0.362136 29 0.637864
0  -40.218700 -0.538253 0.178678  -0.283284 -0.631385 0.721875  0.708728 0.880859 2 29 0.715825 30 0.284175
v_heavyArms.tga.002
0  -40.177361 -0.627068 -0.294905  -0.087485 -0.980475 0.176113  0.725770 0.884787 2 30 0.362136 29 0.637864
0  -40.127819 -0.628659 -0.279173  -0.087463 -0.980434 0.176353  0.725548 0.881558 3 28 0.011131 30 0.138761 29 0.850108
0  -40.169380 -0.539612 0.196292  -0.270015 -0.632277 0.726166  0.708562 0.877511 3 30 0.096773 28 0.013643 29 0.889584
v_heavyArms.tga.002
0  -40.191475 -0.382204 -0.852939  0.168659 -0.470890 -0.865920  0.305843 0.905973 2 30 0.913668 29 0.086332
0  -40.141441 -0.383532 -0.844104  0.117328 -0.481077 -0.868792  0.305920 0.903424 2 30 0.685364 29 0.314636
0  -40.176159 -0.591219 -0.538000  0.061457 -0.925370 -0.374051  0.292377 0.904809 2 30 0.614281 29 0.385719
v_heavyArms.tga.002
0  -40.141441 -0.383532 -0.844104  0.117328 -0.481077 -0.868792  0.305920 0.903424 2 30 0.685364 29 0.314636
0  -40.091164 -0.385183 -0.837868  0.085821 -0.488810 -0.868159  0.306259 0.900495 2 29 0.731809 30 0.268191
0  -40.126457 -0.593182 -0.526736  0.042898 -0.929453 -0.366438  0.292618 0.901848 2 29 0.781707 30 0.218293
v_heavyArms.tga.002
0  -40.237255 0.381079 -0.516077  0.002529 0.988504 -0.151173  0.346456 0.908977 2 29 0.116148 30 0.883852
0  -40.187504 0.382813 -0.504100  0.000334 0.988640 -0.150303  0.346712 0.906310 2 29 0.392172 30 0.607828
0  -40.156525 0.259758 -0.857498  0.121571 0.577368 -0.807382  0.334719 0.905857 2 29 0.319639 30 0.680361
v_heavyArms.tga.002
0  -40.187504 0.382813 -0.504100  0.000334 0.988640 -0.150303  0.346712 0.906310 2 29 0.392172 30 0.607828
0  -40.137543 0.384289 -0.494450  -0.000926 0.988485 -0.151316  0.346828 0.903441 2 30 0.215597 29 0.784403
0  -40.106380 0.260429 -0.850343  0.092349 0.579146 -0.809976  0.334872 0.902889 2 30 0.275230 29 0.724770
v_heavyArms.tga.002
0  -40.267834 -0.536907 0.159918  -0.294821 -0.630986 0.717591  0.709100 0.887962 2 29 0.196558 30 0.803442
0  -40.218700 -0.538253 0.178678  -0.283284 -0.631385 0.721875  0.708857 0.885287 2 29 0.715825 30 0.284175
0  -40.254868 0.234599 0.165540  -0.295004 0.581674 0.758042  0.677563 0.887977 2 29 0.730478 30 0.269522
v_heavyArms.tga.002
0  -40.218700 -0.538253 0.178678  -0.283284 -0.631385 0.721875  0.708857 0.885287 2 29 0.715825 30 0.284175
0  -40.169380 -0.539612 0.196292  -0.270015 -0.632277 0.726166  0.708713 0.881756 3 30 0.096773 28 0.013643 29 0.889584
0  -40.205654 0.236092 0.183051  -0.283030 0.583609 0.761114  0.677352 0.884543 2 30 0.086443 29 0.913557
v_heavyArms.tga.002
0  -40.234417 -0.653614 -0.359121  0.064622 -0.952142 -0.298747  0.728426 0.887144 2 29 0.163043 30 0.836957
0  -40.184891 -0.655311 -0.343252  0.062500 -0.952991 -0.296483  0.728294 0.884152 2 30 0.421591 29 0.578409
0  -40.177361 -0.627068 -0.294905  -0.191461 -0.834494 0.516684  0.725770 0.884787 2 30 0.362136 29 0.637864
v_heavyArms.tga.002
0  -40.184891 -0.655311 -0.343252  0.062500 -0.952991 -0.296483  0.728294 0.884152 2 30 0.421591 29 0.578409
0  -40.135361 -0.657008 -0.327382  0.060737 -0.953811 -0.294203  0.728029 0.880983 3 28 0.006007 30 0.156621 29 0.837372
0  -40.127819 -0.628659 -0.279173  -0.192586 -0.832717 0.519128  0.725548 0.881558 3 28 0.011131 30 0.138761 29 0.850108
v_heavyArms.tga.002
0  -40.237835 0.376863 -0.346123  -0.041699 0.998824 0.024735  0.354716 0.916693 2 30 0.850336 29 0.149664
0  -40.188080 0.378467 -0.330343  -0.036767 0.999015 0.024833  0.355187 0.914199 2 30 0.383781 29 0.616219
0  -40.187504 0.382813 -0.504100  0.000334 0.988640 -0.150303  0.348558 0.913869 2 29 0.392172 30 0.607828
v_heavyArms.tga.002
0  -40.188080 0.378467 -0.330343  -0.036767 0.999015 0.024833  0.355187 0.914199 2 30 0.383781 29 0.616219
0  -40.138134 0.379825 -0.315492  -0.031741 0.999194 0.024557  0.355346 0.911001 2 29 0.859611 30 0.140389
0  -40.137543 0.384289 -0.494450  -0.000926 0.988485 -0.151316  0.348542 0.910659 2 30 0.215597 29 0.784403
v_heavyArms.tga.002
0  -40.135361 -0.657008 -0.327382  0.060737 -0.953811 -0.294203  0.728029 0.880983 3 28 0.006007 30 0.156621 29 0.837372
0  -40.184891 -0.655311 -0.343252  0.062500 -0.952991 -0.296483  0.728294 0.884152 2 30 0.421591 29 0.578409
0  -40.180180 -0.625500 -0.354027  0.271968 -0.365165 -0.890330  0.730347 0.883561 2 29 0.562288 30 0.437712
v_heavyArms.tga.002
0  -40.184891 -0.655311 -0.343252  0.062500 -0.952991 -0.296483  0.728294 0.884152 2 30 0.421591 29 0.578409
0  -40.234417 -0.653614 -0.359121  0.064622 -0.952142 -0.298747  0.728426 0.887144 2 29 0.163043 30 0.836957
0  -40.229721 -0.623846 -0.369818  0.272703 -0.363762 -0.890679  0.730458 0.886614 2 29 0.158834 30 0.841166
v_heavyArms.tga.002
0  -40.130638 -0.627155 -0.338236  0.020882 -0.983662 -0.178807  0.284651 0.900617 3 28 0.006284 29 0.829868 30 0.163848
0  -40.180180 -0.625500 -0.354027  0.025392 -0.982874 -0.182524  0.284487 0.903456 2 29 0.562288 30 0.437712
0  -40.176159 -0.591219 -0.538000  0.061457 -0.925370 -0.374051  0.291345 0.901588 2 30 0.614281 29 0.385719
v_heavyArms.tga.002
0  -40.180180 -0.625500 -0.354027  0.025392 -0.982874 -0.182524  0.284487 0.903456 2 29 0.562288 30 0.437712
0  -40.229721 -0.623846 -0.369818  0.026374 -0.982867 -0.182417  0.284629 0.906199 2 29 0.158834 30 0.841166
0  -40.225746 -0.590255 -0.550232  0.079318 -0.924528 -0.372768  0.291351 0.904287 2 30 0.884285 29 0.115715
v_heavyArms.tga.002
0  -40.091164 -0.385183 -0.837868  0.085821 -0.488810 -0.868159  0.306259 0.900495 2 29 0.731809 30 0.268191
0  -40.141441 -0.383532 -0.844104  0.117328 -0.481077 -0.868792  0.305920 0.903424 2 30 0.685364 29 0.314636
0  -40.156525 0.259758 -0.857498  0.121571 0.577368 -0.807382  0.334719 0.905857 2 29 0.319639 30 0.680361
v_heavyArms.tga.002
0  -40.141441 -0.383532 -0.844104  0.117328 -0.481077 -0.868792  0.305920 0.903424 2 30 0.685364 29 0.314636
0  -40.191475 -0.382204 -0.852939  0.168659 -0.470890 -0.865920  0.305843 0.905973 2 30 0.913668 29 0.086332
0  -40.206505 0.258743 -0.866625  0.148047 0.575038 -0.804620  0.334613 0.908399 2 30 0.907727 29 0.092273
v_heavyArms.tga.002
0  -40.138424 0.378079 -0.253784  -0.115500 0.951528 0.285051  0.662032 0.886582 2 29 0.882425 30 0.117575
0  -40.188274 0.376735 -0.268395  -0.117698 0.948682 0.293511  0.662235 0.889854 2 30 0.321890 29 0.678110
0  -40.254868 0.234599 0.165540  -0.295004 0.581674 0.758042  0.677563 0.887977 2 29 0.730478 30 0.269522
v_heavyArms.tga.002
0  -40.188274 0.376735 -0.268395  -0.117698 0.948682 0.293511  0.662235 0.889854 2 30 0.321890 29 0.678110
0  -40.237942 0.375167 -0.283964  -0.125715 0.947867 0.292821  0.662400 0.892682 2 29 0.164296 30 0.835704
0  -40.303890 0.233329 0.146880  -0.306086 0.580010 0.754917  0.677610 0.890634 2 29 0.171837 30 0.828163
v_heavyArms.tga.002
0  -40.146488 0.403426 -0.309617  0.083728 0.925929 -0.368300  0.659705 0.886228 2 30 0.133780 29 0.866220
0  -40.196415 0.401993 -0.324492  0.083980 0.927138 -0.365189  0.659880 0.889447 2 30 0.368558 29 0.631442
0  -40.188274 0.376735 -0.268395  -0.154424 0.891874 0.425105  0.662235 0.889854 2 30 0.321890 29 0.678110
v_heavyArms.tga.002
0  -40.196415 0.401993 -0.324492  0.083980 0.927138 -0.365189  0.659880 0.889447 2 30 0.368558 29 0.631442
0  -40.246147 0.400332 -0.340291  0.085208 0.927667 -0.363558  0.660061 0.892378 2 29 0.153029 30 0.846971
0  -40.237942 0.375167 -0.283964  -0.165979 0.891092 0.422381  0.662400 0.892682 2 29 0.164296 30 0.835704
v_heavyArms.tga.002
0  -38.370872 -0.656056 0.154978  -0.260971 -0.964191 0.047223  0.291900 0.801300 2 28 0.911899 29 0.088101
0  -38.983646 -0.665517 0.020617  0.015708 -0.999038 -0.040946  0.288559 0.835120 2 29 0.247457 28 0.752543
0  -38.993835 -0.653935 -0.294350  -0.021954 -0.971098 -0.237670  0.298258 0.834234 2 29 0.349073 28 0.650927
v_heavyArms.tga.002
0  -39.105190 -0.694429 0.003594  0.031215 -0.979445 -0.199281  0.722510 0.815140 2 29 0.771081 28 0.228919
0  -39.053337 -0.695548 0.018792  0.040876 -0.978631 -0.201521  0.722264 0.811835 2 29 0.404349 28 0.595651
0  -39.034557 -0.664138 0.065992  -0.157063 -0.792755 0.588957  0.720661 0.810422 2 29 0.371202 28 0.628798
v_heavyArms.tga.002
0  -39.053337 -0.695548 0.018792  0.040876 -0.978631 -0.201521  0.722264 0.811835 2 29 0.404349 28 0.595651
0  -39.001225 -0.695595 0.032003  0.055036 -0.976551 -0.208131  0.721816 0.808594 2 29 0.243643 28 0.756357
0  -38.982609 -0.663918 0.078860  -0.124243 -0.799150 0.588152  0.720226 0.807300 2 29 0.222088 28 0.777912
v_heavyArms.tga.002
0  -39.024498 0.429460 0.002211  0.075760 0.931856 -0.354830  0.655508 0.814918 3 25 0.054520 28 0.691474 29 0.254007
0  -39.076500 0.429901 -0.007646  0.072759 0.937337 -0.340741  0.655826 0.817514 3 25 0.010375 29 0.521928 28 0.467697
0  -39.065353 0.402717 0.043443  -0.097807 0.868799 0.485409  0.657443 0.816321 3 25 0.008384 28 0.584088 29 0.407528
v_heavyArms.tga.002
0  -39.076500 0.429901 -0.007646  0.072759 0.937337 -0.340741  0.655826 0.817514 3 25 0.010375 29 0.521928 28 0.467697
0  -39.128181 0.429317 -0.020293  0.069973 0.939836 -0.334382  0.656029 0.820816 2 29 0.817580 28 0.182420
0  -39.117027 0.402298 0.030990  -0.138445 0.863342 0.485257  0.657678 0.819677 2 28 0.193347 29 0.806653
v_heavyArms.tga.002
0  -39.138844 0.271803 0.544058  -0.262206 0.605042 0.751779  0.672495 0.810330 2 28 0.211616 29 0.788384
0  -39.087540 0.273692 0.560330  -0.249766 0.609076 0.752757  0.672248 0.806783 2 29 0.310970 28 0.689030
0  -39.065353 0.402717 0.043443  -0.052397 0.968864 0.241987  0.657443 0.816321 3 25 0.008384 28 0.584088 29 0.407528
v_heavyArms.tga.002
0  -39.087540 0.273692 0.560330  -0.249766 0.609076 0.752757  0.672248 0.806783 2 29 0.310970 28 0.689030
0  -39.035992 0.275832 0.575146  -0.236649 0.612784 0.753985  0.671840 0.804081 2 29 0.150812 28 0.849188
0  -39.013348 0.402003 0.053227  -0.043673 0.975911 0.213753  0.657119 0.813666 3 25 0.053947 28 0.737392 29 0.208661
v_heavyArms.tga.002
0  -39.001225 -0.695595 0.032003  0.055036 -0.976551 -0.208131  0.721816 0.808594 2 29 0.243643 28 0.756357
0  -39.053337 -0.695548 0.018792  0.040876 -0.978631 -0.201521  0.722264 0.811835 2 29 0.404349 28 0.595651
0  -39.035809 -0.665546 0.007694  0.225266 -0.452479 -0.862855  0.724228 0.811668 2 29 0.408745 28 0.591255
v_heavyArms.tga.002
0  -39.053337 -0.695548 0.018792  0.040876 -0.978631 -0.201521  0.722264 0.811835 2 29 0.404349 28 0.595651
0  -39.105190 -0.694429 0.003594  0.031215 -0.979445 -0.199281  0.722510 0.815140 2 29 0.771081 28 0.228919
0  -39.087708 -0.664475 -0.007271  0.246840 -0.454795 -0.855705  0.724504 0.814917 2 29 0.771444 28 0.228556
v_heavyArms.tga.002
0  -39.076260 -0.423002 -0.749378  0.043111 -0.521069 -0.852425  0.313081 0.841570 3 29 0.771254 30 0.047714 28 0.181032
0  -39.024483 -0.424408 -0.747164  -0.000772 -0.521422 -0.853299  0.313436 0.838571 3 30 0.001329 29 0.612339 28 0.386332
0  -39.045578 -0.651131 -0.299468  -0.018702 -0.968383 -0.248766  0.298041 0.837562 2 29 0.581546 28 0.418454
v_heavyArms.tga.002
0  -39.024483 -0.424408 -0.747164  -0.000772 -0.521422 -0.853299  0.313436 0.838571 3 30 0.001329 29 0.612339 28 0.386332
0  -38.972549 -0.425081 -0.748190  -0.044632 -0.527158 -0.848594  0.313875 0.835091 2 28 0.618312 29 0.381688
0  -38.993835 -0.653935 -0.294350  -0.021954 -0.971098 -0.237670  0.298258 0.834234 2 29 0.349073 28 0.650927
v_heavyArms.tga.002
0  -39.118519 0.403909 -0.026545  -0.020152 0.999557 0.021894  0.358062 0.845876 2 29 0.819763 28 0.180237
0  -39.066833 0.404322 -0.013947  -0.000129 0.999764 0.021742  0.358137 0.842588 3 29 0.547279 28 0.439416 25 0.013304
0  -39.068890 0.411136 -0.327277  0.005163 0.988616 -0.150373  0.348189 0.842213 3 28 0.365476 25 0.023787 29 0.610737
v_heavyArms.tga.002
0  -39.066833 0.404322 -0.013947  -0.000129 0.999764 0.021742  0.358137 0.842588 3 29 0.547279 28 0.439416 25 0.013304
0  -39.014801 0.403601 -0.004149  0.019126 0.999590 0.021290  0.358392 0.839623 3 29 0.267117 28 0.675457 25 0.057426
0  -39.016987 0.410632 -0.327545  0.007356 0.988883 -0.148516  0.348222 0.838946 3 25 0.064611 29 0.369261 28 0.566128
v_heavyArms.tga.002
0  -39.086288 -0.663227 0.051083  -0.080563 -0.980450 0.179520  0.720883 0.813771 2 29 0.760500 28 0.239500
0  -39.034557 -0.664138 0.065992  -0.056760 -0.981708 0.181736  0.720661 0.810422 2 29 0.371202 28 0.628798
0  -39.061508 -0.569170 0.571736  -0.220401 -0.637008 0.738677  0.705505 0.802703 2 28 0.676634 29 0.323366
v_heavyArms.tga.002
0  -39.034557 -0.664138 0.065992  -0.056760 -0.981708 0.181736  0.720661 0.810422 2 29 0.371202 28 0.628798
0  -38.982609 -0.663918 0.078860  -0.032315 -0.982436 0.183782  0.720226 0.807300 2 29 0.222088 28 0.777912
0  -39.009933 -0.567958 0.586966  -0.193946 -0.636163 0.746781  0.705034 0.799811 2 29 0.166488 28 0.833512
v_heavyArms.tga.002
0  -39.128181 0.429317 -0.020293  0.069973 0.939836 -0.334382  0.656029 0.820816 2 29 0.817580 28 0.182420
0  -39.076500 0.429901 -0.007646  0.072759 0.937337 -0.340741  0.655826 0.817514 3 25 0.010375 29 0.521928 28 0.467697
0  -39.066833 0.404322 -0.013947  0.197706 0.304310 -0.931830  0.654990 0.817673 3 29 0.547279 28 0.439416 25 0.013304
v_heavyArms.tga.002
0  -39.076500 0.429901 -0.007646  0.072759 0.937337 -0.340741  0.655826 0.817514 3 25 0.010375 29 0.521928 28 0.467697
0  -39.024498 0.429460 0.002211  0.075760 0.931856 -0.354830  0.655508 0.814918 3 25 0.054520 28 0.691474 29 0.254007
0  -39.014801 0.403601 -0.004149  0.161614 0.292378 -0.942548  0.654646 0.815188 3 29 0.267117 28 0.675457 25 0.057426
v_heavyArms.tga.002
0  -38.983646 -0.665517 0.020617  0.015708 -0.999038 -0.040946  0.288559 0.835120 2 29 0.247457 28 0.752543
0  -39.035809 -0.665546 0.007694  0.003066 -0.998778 -0.049330  0.288320 0.838008 2 29 0.408745 28 0.591255
0  -39.045578 -0.651131 -0.299468  -0.018702 -0.968383 -0.248766  0.297975 0.837558 2 29 0.581546 28 0.418454
v_heavyArms.tga.002
0  -39.035809 -0.665546 0.007694  0.003066 -0.998778 -0.049330  0.288320 0.838008 2 29 0.408745 28 0.591255
0  -39.087708 -0.664475 -0.007271  -0.016714 -0.998102 -0.059271  0.288102 0.840967 2 29 0.771444 28 0.228556
0  -39.097130 -0.648355 -0.307989  -0.009349 -0.965461 -0.260381  0.297674 0.840470 3 29 0.794846 30 0.018305 28 0.186849
v_heavyArms.tga.002
0  -39.035992 0.275832 0.575146  -0.236649 0.612784 0.753985  0.671840 0.804081 2 29 0.150812 28 0.849188
0  -39.087540 0.273692 0.560330  -0.249766 0.609076 0.752757  0.672248 0.806783 2 29 0.310970 28 0.689030
0  -39.061508 -0.569170 0.571736  -0.220401 -0.637008 0.738677  0.705441 0.802698 2 28 0.676634 29 0.323366
v_heavyArms.tga.002
0  -39.087540 0.273692 0.560330  -0.249766 0.609076 0.752757  0.672248 0.806783 2 29 0.310970 28 0.689030
0  -39.138844 0.271803 0.544058  -0.262206 0.605042 0.751779  0.672495 0.810330 2 28 0.211616 29 0.788384
0  -39.112907 -0.568840 0.555222  -0.250919 -0.634582 0.730990  0.705634 0.806352 2 29 0.755020 28 0.244980
v_heavyArms.tga.002
0  -39.120480 0.410567 -0.331973  0.000390 0.988334 -0.152299  0.348123 0.845157 3 30 0.012616 28 0.163460 29 0.823924
0  -39.068890 0.411136 -0.327277  0.005163 0.988616 -0.150373  0.348104 0.842205 3 28 0.365476 25 0.023787 29 0.610737
0  -39.061775 0.269537 -0.732520  0.026670 0.593803 -0.804168  0.337943 0.841221 4 28 0.368059 30 0.003408 29 0.623480 25 0.005053
v_heavyArms.tga.002
0  -39.068890 0.411136 -0.327277  0.005163 0.988616 -0.150373  0.348104 0.842205 3 28 0.365476 25 0.023787 29 0.610737
0  -39.016987 0.410632 -0.327545  0.007356 0.988883 -0.148516  0.348222 0.838946 3 25 0.064611 29 0.369261 28 0.566128
0  -39.009941 0.270533 -0.731938  -0.046533 0.603417 -0.796067  0.338410 0.837736 3 29 0.409070 25 0.036816 28 0.554114
v_heavyArms.tga.002
0  -39.113354 0.268869 -0.736547  0.071071 0.591109 -0.803455  0.337792 0.844256 3 29 0.777013 30 0.051377 28 0.171610
0  -39.061775 0.269537 -0.732520  0.026670 0.593803 -0.804168  0.337943 0.841221 4 28 0.368059 30 0.003408 29 0.623480 25 0.005053
0  -39.024483 -0.424408 -0.747164  -0.000772 -0.521422 -0.853299  0.313436 0.838571 3 30 0.001329 29 0.612339 28 0.386332
v_heavyArms.tga.002
0  -39.061775 0.269537 -0.732520  0.026670 0.593803 -0.804168  0.337943 0.841221 4 28 0.368059 30 0.003408 29 0.623480 25 0.005053
0  -39.009941 0.270533 -0.731938  -0.046533 0.603417 -0.796067  0.338410 0.837736 3 29 0.409070 25 0.036816 28 0.554114
0  -38.972549 -0.425081 -0.748190  -0.044632 -0.527158 -0.848594  0.313875 0.835091 2 28 0.618312 29 0.381688
v_heavyArms.tga.002
0  -38.409672 -0.687556 0.165579  -0.052468 -0.989650 -0.133565  0.717100 0.771900 2 28 0.922179 29 0.077821
0  -39.001225 -0.695595 0.032003  0.055036 -0.976551 -0.208131  0.721816 0.808594 2 29 0.243643 28 0.756357
0  -38.983646 -0.665517 0.020617  0.206893 -0.451251 -0.868083  0.723792 0.808640 2 29 0.247457 28 0.752543
v_heavyArms.tga.002
0  -40.126347 -1.696635 -1.060712  0.238237 -0.389379 -0.889734  0.226124 0.872543 2 32 0.153211 33 0.846789
0  -40.077576 -1.696150 -1.048598  0.206194 -0.391438 -0.896806  0.226173 0.870046 2 32 0.333965 33 0.666035
0  -40.090252 -1.842240 -0.844779  0.085580 -0.918302 -0.386519  0.218443 0.870153 2 33 0.659654 32 0.340346
v_heavyArms.tga.002
0  -40.077576 -1.696150 -1.048598  0.206194 -0.391438 -0.896806  0.226173 0.870046 2 32 0.333965 33 0.666035
0  -40.028412 -1.695576 -1.038666  0.173907 -0.391646 -0.903532  0.226238 0.868065 3 33 0.314552 32 0.665485 31 0.019962
0  -40.041164 -1.842630 -0.833869  0.074393 -0.917770 -0.390081  0.218402 0.868221 3 33 0.282759 32 0.698916 31 0.018324
v_heavyArms.tga.002
0  -40.192627 -1.915081 -0.545758  -0.068883 -0.986474 0.148745  0.815812 0.870630 2 32 0.131177 33 0.868823
0  -40.143974 -1.916103 -0.533108  -0.053131 -0.987696 0.147082  0.815726 0.867480 2 33 0.632957 32 0.367043
0  -40.224869 -1.834877 -0.018997  -0.221253 -0.712965 0.665378  0.794421 0.864265 2 33 0.282470 32 0.717530
v_heavyArms.tga.002
0  -40.143974 -1.916103 -0.533108  -0.053131 -0.987696 0.147082  0.815726 0.867480 2 33 0.632957 32 0.367043
0  -40.094902 -1.916830 -0.522685  -0.041609 -0.988080 0.148211  0.815676 0.864974 3 31 0.002369 33 0.224087 32 0.773544
0  -40.176399 -1.835718 -0.004852  -0.193223 -0.717045 0.669710  0.794142 0.861871 2 33 0.069007 32 0.930993
v_heavyArms.tga.002
0  -40.188770 -1.939117 -0.568365  -0.009147 -0.998651 -0.051117  0.817518 0.870709 2 33 0.866805 32 0.133195
0  -40.140106 -1.940137 -0.555706  -0.005405 -0.998774 -0.049202  0.817448 0.867549 2 33 0.651888 32 0.348112
0  -40.143974 -1.916103 -0.533108  -0.177822 -0.689128 0.702483  0.815726 0.867480 2 33 0.632957 32 0.367043
v_heavyArms.tga.002
0  -40.140106 -1.940137 -0.555706  -0.005405 -0.998774 -0.049202  0.817448 0.867549 2 33 0.651888 32 0.348112
0  -40.091034 -1.940867 -0.545280  -0.001100 -0.998528 -0.054238  0.817401 0.865043 3 33 0.236518 32 0.758220 31 0.005262
0  -40.094902 -1.916830 -0.522685  -0.147476 -0.689924 0.708700  0.815676 0.864974 3 31 0.002369 33 0.224087 32 0.773544
v_heavyArms.tga.002
0  -40.246353 -0.963706 -0.387522  -0.177946 0.965437 0.190439  0.742564 0.886260 2 33 0.797511 32 0.202489
0  -40.198341 -0.958690 -0.371147  -0.161596 0.967632 0.193845  0.740791 0.883251 2 32 0.582780 33 0.417220
0  -40.193832 -0.988325 -0.415667  0.089065 0.832648 -0.546594  0.681403 0.887262 2 33 0.477196 32 0.522804
v_heavyArms.tga.002
0  -40.198341 -0.958690 -0.371147  -0.161596 0.967632 0.193845  0.740791 0.883251 2 32 0.582780 33 0.417220
0  -40.149891 -0.954294 -0.357195  -0.140863 0.972035 0.187899  0.741156 0.880787 2 33 0.154708 32 0.845292
0  -40.145382 -0.983571 -0.401496  0.074545 0.835431 -0.544517  0.677312 0.884981 2 33 0.171007 32 0.828993
v_heavyArms.tga.002
0  -40.272987 -1.833800 -0.034964  -0.244862 -0.712240 0.657842  0.794715 0.867226 2 33 0.832833 32 0.167167
0  -40.224869 -1.834877 -0.018997  -0.221253 -0.712965 0.665378  0.794421 0.864265 2 33 0.282470 32 0.717530
0  -40.257149 -1.095072 0.115390  -0.323134 0.535296 0.780412  0.759203 0.869499 2 33 0.289036 32 0.710964
v_heavyArms.tga.002
0  -40.224869 -1.834877 -0.018997  -0.221253 -0.712965 0.665378  0.794421 0.864265 2 33 0.282470 32 0.717530
0  -40.176399 -1.835718 -0.004852  -0.193223 -0.717045 0.669710  0.794142 0.861871 2 33 0.069007 32 0.930993
0  -40.209122 -1.090953 0.131324  -0.288540 0.536359 0.793136  0.758764 0.867073 2 33 0.078174 32 0.921826
v_heavyArms.tga.002
0  -40.230656 -1.053229 -0.687484  -0.043720 0.973715 -0.223533  0.260268 0.878469 2 32 0.157124 33 0.842876
0  -40.182632 -1.047398 -0.672294  -0.048691 0.973058 -0.225359  0.260627 0.876024 2 32 0.360901 33 0.639099
0  -40.129631 -1.113455 -0.973520  0.107554 0.686969 -0.718683  0.251746 0.873370 2 33 0.662197 32 0.337803
v_heavyArms.tga.002
0  -40.182632 -1.047398 -0.672294  -0.048691 0.973058 -0.225359  0.260627 0.876024 2 32 0.360901 33 0.639099
0  -40.134232 -1.041769 -0.659221  -0.049718 0.974102 -0.220575  0.260980 0.874119 2 33 0.249455 32 0.750545
0  -40.080826 -1.108918 -0.962811  0.082380 0.681875 -0.726815  0.252008 0.871420 3 32 0.683476 31 0.009506 33 0.307018
v_heavyArms.tga.002
0  -40.149891 -0.954294 -0.357195  -0.140863 0.972035 0.187899  0.741156 0.880787 2 33 0.154708 32 0.845292
0  -40.198341 -0.958690 -0.371147  -0.161596 0.967632 0.193845  0.740791 0.883251 2 32 0.582780 33 0.417220
0  -40.192963 -0.986320 -0.351298  -0.302513 0.518489 0.799784  0.744023 0.881521 2 32 0.627799 33 0.372201
v_heavyArms.tga.002
0  -40.198341 -0.958690 -0.371147  -0.161596 0.967632 0.193845  0.740791 0.883251 2 32 0.582780 33 0.417220
0  -40.246353 -0.963706 -0.387522  -0.177946 0.965437 0.190439  0.742564 0.886260 2 33 0.797511 32 0.202489
0  -40.240814 -0.991393 -0.367983  -0.340434 0.495962 0.798828  0.744801 0.884599 2 33 0.787502 32 0.212498
v_heavyArms.tga.002
0  -40.079014 -1.893090 -0.579136  0.030274 -0.981382 -0.189666  0.206485 0.870390 3 33 0.243309 32 0.747722 31 0.008969
0  -40.128132 -1.892645 -0.589568  0.033081 -0.981488 -0.188643  0.206611 0.872254 2 33 0.658596 32 0.341404
0  -40.090252 -1.842240 -0.844779  0.085580 -0.918302 -0.386519  0.218443 0.870153 2 33 0.659654 32 0.340346
v_heavyArms.tga.002
0  -40.128132 -1.892645 -0.589568  0.033081 -0.981488 -0.188643  0.206611 0.872254 2 33 0.658596 32 0.341404
0  -40.176838 -1.891931 -0.602256  0.035687 -0.981554 -0.187826  0.206633 0.874673 2 33 0.863574 32 0.136426
0  -40.138916 -1.841597 -0.858096  0.096857 -0.917854 -0.384919  0.218484 0.872616 2 33 0.849108 32 0.150892
v_heavyArms.tga.002
0  -40.091034 -1.940867 -0.545280  -0.001100 -0.998528 -0.054238  0.817401 0.865043 3 33 0.236518 32 0.758220 31 0.005262
0  -40.140106 -1.940137 -0.555706  -0.005405 -0.998774 -0.049202  0.817448 0.867549 2 33 0.651888 32 0.348112
0  -40.128132 -1.892645 -0.589568  0.175925 -0.599849 -0.780533  0.820617 0.867341 2 33 0.658596 32 0.341404
v_heavyArms.tga.002
0  -40.140106 -1.940137 -0.555706  -0.005405 -0.998774 -0.049202  0.817448 0.867549 2 33 0.651888 32 0.348112
0  -40.188770 -1.939117 -0.568365  -0.009147 -0.998651 -0.051117  0.817518 0.870709 2 33 0.866805 32 0.133195
0  -40.176838 -1.891931 -0.602256  0.200600 -0.604816 -0.770686  0.820704 0.870529 2 33 0.863574 32 0.136426
v_heavyArms.tga.002
0  -40.144638 -0.981855 -0.336980  -0.142712 0.968105 0.205925  0.743521 0.879068 2 33 0.138923 32 0.861077
0  -40.192963 -0.986320 -0.351298  -0.162131 0.965739 0.202635  0.744023 0.881521 2 32 0.627799 33 0.372201
0  -40.257149 -1.095072 0.115390  -0.323134 0.535296 0.780412  0.759203 0.869499 2 33 0.289036 32 0.710964
v_heavyArms.tga.002
0  -40.192963 -0.986320 -0.351298  -0.162131 0.965739 0.202635  0.744023 0.881521 2 32 0.627799 33 0.372201
0  -40.240814 -0.991393 -0.367983  -0.181027 0.963069 0.199317  0.744801 0.884599 2 33 0.787502 32 0.212498
0  -40.304771 -1.099753 0.097509  -0.351045 0.535637 0.768024  0.759863 0.872477 2 32 0.212251 33 0.787749
v_heavyArms.tga.002
0  -40.028412 -1.695576 -1.038666  0.173907 -0.391646 -0.903532  0.226238 0.868065 3 33 0.314552 32 0.665485 31 0.019962
0  -40.077576 -1.696150 -1.048598  0.206194 -0.391438 -0.896806  0.226173 0.870046 2 32 0.333965 33 0.666035
0  -40.129631 -1.113455 -0.973520  0.107554 0.686969 -0.718683  0.251746 0.873370 2 33 0.662197 32 0.337803
v_heavyArms.tga.002
0  -40.077576 -1.696150 -1.048598  0.206194 -0.391438 -0.896806  0.226173 0.870046 2 32 0.333965 33 0.666035
0  -40.126347 -1.696635 -1.060712  0.238237 -0.389379 -0.889734  0.226124 0.872543 2 32 0.153211 33 0.846789
0  -40.178017 -1.118297 -0.986413  0.130950 0.687004 -0.714757  0.251461 0.875830 2 33 0.846257 32 0.153743
v_heavyArms.tga.002
0  -40.134232 -1.041769 -0.659221  -0.049718 0.974102 -0.220575  0.260980 0.874119 2 33 0.249455 32 0.750545
0  -40.182632 -1.047398 -0.672294  -0.048691 0.973058 -0.225359  0.260627 0.876024 2 32 0.360901 33 0.639099
0  -40.193832 -0.988325 -0.415667  -0.032389 0.974189 -0.223397  0.272028 0.879270 2 33 0.477196 32 0.522804
v_heavyArms.tga.002
0  -40.182632 -1.047398 -0.672294  -0.048691 0.973058 -0.225359  0.260627 0.876024 2 32 0.360901 33 0.639099
0  -40.230656 -1.053229 -0.687484  -0.043720 0.973715 -0.223533  0.260268 0.878469 2 32 0.157124 33 0.842876
0  -40.241863 -0.993710 -0.432236  -0.034641 0.972693 -0.229495  0.271671 0.881730 2 32 0.187269 33 0.812731
v_heavyArms.tga.002
0  -38.959286 -1.849849 0.316817  -0.154335 -0.750356 0.642764  0.787748 0.801582 2 32 0.106578 31 0.893422
0  -38.890556 -1.926867 -0.315528  0.028714 -0.991877 0.123914  0.815332 0.803275 2 32 0.298759 31 0.701241
0  -38.089973 -1.894856 -0.308122  -0.022851 -0.995458 0.092423  0.819100 0.753600 2 31 0.942094 32 0.057906
v_heavyArms.tga.002
0  -39.132919 -0.871751 -0.101970  -0.113286 0.987020 0.113835  0.728947 0.830754 2 32 0.868621 31 0.131379
0  -39.083298 -0.867259 -0.090007  -0.117769 0.986957 0.109752  0.728030 0.828320 3 32 0.644598 31 0.349535 28 0.005867
0  -39.073536 -0.888656 -0.127364  0.041368 0.872119 -0.487543  0.587328 0.834821 3 32 0.643634 31 0.346398 28 0.009968
v_heavyArms.tga.002
0  -39.083298 -0.867259 -0.090007  -0.117769 0.986957 0.109752  0.728030 0.828320 3 32 0.644598 31 0.349535 28 0.005867
0  -39.033913 -0.862130 -0.078796  -0.127175 0.987056 0.097713  0.728112 0.824647 3 32 0.313462 31 0.635612 28 0.050927
0  -39.024227 -0.884090 -0.114904  0.027786 0.855468 -0.517110  0.567201 0.832291 3 32 0.317029 31 0.628641 28 0.054330
v_heavyArms.tga.002
0  -38.959286 -1.849849 0.316817  -0.154335 -0.750356 0.642764  0.787748 0.801582 2 32 0.106578 31 0.893422
0  -39.009388 -1.851047 0.303249  -0.165319 -0.740245 0.651695  0.788044 0.804644 2 31 0.706289 32 0.293711
0  -38.941666 -1.928165 -0.318510  0.002847 -0.992485 0.122330  0.815125 0.806466 2 32 0.543889 31 0.456111
v_heavyArms.tga.002
0  -39.009388 -1.851047 0.303249  -0.165319 -0.740245 0.651695  0.788044 0.804644 2 31 0.706289 32 0.293711
0  -39.059429 -1.851139 0.289899  -0.180403 -0.736185 0.652293  0.788323 0.807093 2 31 0.186181 32 0.813819
0  -38.992355 -1.928394 -0.325037  -0.028059 -0.991780 0.124838  0.815116 0.809021 3 33 0.020235 32 0.770734 31 0.209032
v_heavyArms.tga.002
0  -38.990761 -1.952561 -0.348071  0.008836 -0.997267 -0.073351  0.817038 0.809139 3 33 0.026871 32 0.764642 31 0.208487
0  -38.940113 -1.952345 -0.341556  0.021400 -0.997380 -0.069096  0.817076 0.806575 2 32 0.558520 31 0.441480
0  -38.941666 -1.928165 -0.318510  -0.056450 -0.690716 0.720919  0.815125 0.806466 2 32 0.543889 31 0.456111
v_heavyArms.tga.002
0  -38.940113 -1.952345 -0.341556  0.021400 -0.997380 -0.069096  0.817076 0.806575 2 32 0.558520 31 0.441480
0  -38.889061 -1.951066 -0.338591  0.034644 -0.996636 -0.074277  0.817285 0.803389 2 31 0.687656 32 0.312344
0  -38.890556 -1.926867 -0.315528  -0.001880 -0.689973 0.723833  0.815332 0.803275 2 32 0.298759 31 0.701241
v_heavyArms.tga.002
0  -39.124229 -0.927926 -0.419045  -0.073386 0.979045 -0.189962  0.267851 0.834466 3 33 0.036144 32 0.812040 31 0.151816
0  -39.075066 -0.921184 -0.406905  -0.100197 0.976281 -0.191926  0.268198 0.832525 3 32 0.632079 31 0.339852 28 0.028068
0  -39.007431 -1.013930 -0.765778  -0.013957 0.664968 -0.746742  0.257532 0.828780 4 32 0.592558 31 0.356207 28 0.035359 33 0.015876
v_heavyArms.tga.002
0  -39.075066 -0.921184 -0.406905  -0.100197 0.976281 -0.191926  0.268198 0.832525 3 32 0.632079 31 0.339852 28 0.028068
0  -39.026379 -0.912796 -0.394244  -0.126314 0.973964 -0.188253  0.268757 0.829689 3 28 0.068948 32 0.374569 31 0.556482
0  -38.956806 -1.008226 -0.764302  -0.051883 0.648893 -0.759108  0.257725 0.825760 3 28 0.072447 32 0.379926 31 0.547627
v_heavyArms.tga.002
0  -38.881447 -1.897718 -0.373739  0.027238 -0.978871 -0.202655  0.205282 0.824264 2 32 0.319260 31 0.680740
0  -38.932438 -1.898530 -0.376649  0.028543 -0.979312 -0.200335  0.205383 0.826821 2 32 0.564305 31 0.435695
0  -38.919533 -1.846740 -0.627161  0.058362 -0.914025 -0.401439  0.218038 0.824333 3 32 0.568104 31 0.423461 33 0.008435
v_heavyArms.tga.002
0  -38.932438 -1.898530 -0.376649  0.028543 -0.979312 -0.200335  0.205383 0.826821 2 32 0.564305 31 0.435695
0  -38.983074 -1.898714 -0.383131  0.030615 -0.979586 -0.198679  0.205309 0.828760 3 33 0.031512 32 0.758234 31 0.210254
0  -38.970158 -1.847220 -0.634124  0.066631 -0.913670 -0.400958  0.218015 0.826308 3 31 0.216393 32 0.729012 33 0.054594
v_heavyArms.tga.002
0  -38.889061 -1.951066 -0.338591  0.034644 -0.996636 -0.074277  0.817285 0.803389 2 31 0.687656 32 0.312344
0  -38.940113 -1.952345 -0.341556  0.021400 -0.997380 -0.069096  0.817076 0.806575 2 32 0.558520 31 0.441480
0  -38.932438 -1.898530 -0.376649  0.082068 -0.553760 -0.828622  0.820550 0.806238 2 32 0.564305 31 0.435695
v_heavyArms.tga.002
0  -38.940113 -1.952345 -0.341556  0.021400 -0.997380 -0.069096  0.817076 0.806575 2 32 0.558520 31 0.441480
0  -38.990761 -1.952561 -0.348071  0.008836 -0.997267 -0.073351  0.817038 0.809139 3 33 0.026871 32 0.764642 31 0.208487
0  -38.983074 -1.898714 -0.383131  0.125565 -0.554019 -0.822980  0.820553 0.808812 3 33 0.031512 32 0.758234 31 0.210254
v_heavyArms.tga.002
0  -38.870354 -1.678076 -0.848860  0.074243 -0.391074 -0.917360  0.227878 0.820773 3 31 0.608452 28 0.016294 32 0.375254
0  -38.921295 -1.680555 -0.852794  0.108561 -0.389105 -0.914774  0.227696 0.823733 3 32 0.577036 31 0.401370 33 0.021594
0  -39.007431 -1.013930 -0.765778  -0.013957 0.664968 -0.746742  0.257532 0.828780 4 32 0.592558 31 0.356207 28 0.035359 33 0.015876
v_heavyArms.tga.002
0  -38.921295 -1.680555 -0.852794  0.108561 -0.389105 -0.914774  0.227696 0.823733 3 32 0.577036 31 0.401370 33 0.021594
0  -38.971920 -1.681963 -0.859431  0.143060 -0.385514 -0.911544  0.227619 0.825750 3 33 0.064840 32 0.726625 31 0.208535
0  -39.057644 -1.018866 -0.771846  0.050444 0.671023 -0.739719  0.257275 0.830763 3 33 0.061455 32 0.758577 31 0.179968
v_heavyArms.tga.002
0  -39.121170 -0.896985 -0.071023  -0.225175 0.710048 0.667179  0.732576 0.827777 2 31 0.130257 32 0.869743
0  -39.071507 -0.892715 -0.058817  -0.224884 0.711475 0.665755  0.732015 0.825307 3 32 0.630406 31 0.367015 28 0.002579
0  -39.083298 -0.867259 -0.090007  -0.117769 0.986957 0.109752  0.728030 0.828320 3 32 0.644598 31 0.349535 28 0.005867
v_heavyArms.tga.002
0  -39.071507 -0.892715 -0.058817  -0.224884 0.711475 0.665755  0.732015 0.825307 3 32 0.630406 31 0.367015 28 0.002579
0  -39.021843 -0.888445 -0.046610  -0.220371 0.713046 0.665584  0.731679 0.821781 3 28 0.049090 32 0.294020 31 0.656890
0  -39.033913 -0.862130 -0.078796  -0.127175 0.987056 0.097713  0.728112 0.824647 3 32 0.313462 31 0.635612 28 0.050927
v_heavyArms.tga.002
0  -39.034595 -1.000762 0.487986  -0.311267 0.532508 0.787114  0.748141 0.807646 2 32 0.160102 31 0.839898
0  -39.083839 -1.004353 0.471179  -0.299948 0.533604 0.790758  0.748443 0.810889 2 32 0.477745 31 0.522255
0  -39.009388 -1.851047 0.303249  -0.165319 -0.740245 0.651695  0.788044 0.804644 2 31 0.706289 32 0.293711
v_heavyArms.tga.002
0  -39.083839 -1.004353 0.471179  -0.299948 0.533604 0.790758  0.748443 0.810889 2 32 0.477745 31 0.522255
0  -39.133232 -1.008074 0.455480  -0.287040 0.533921 0.795322  0.748897 0.813361 2 31 0.124895 32 0.875105
0  -39.059429 -1.851139 0.289899  -0.180403 -0.736185 0.652293  0.788323 0.807093 2 31 0.186181 32 0.813819
v_heavyArms.tga.002
0  -39.122845 -0.893221 -0.139823  -0.069586 0.989615 -0.125777  0.279843 0.838119 2 31 0.134583 32 0.865417
0  -39.073536 -0.888656 -0.127364  -0.069054 0.991765 -0.107861  0.280192 0.836208 3 32 0.643634 31 0.346398 28 0.009968
0  -39.075066 -0.921184 -0.406905  -0.100197 0.976281 -0.191926  0.268198 0.832525 3 32 0.632079 31 0.339852 28 0.028068
v_heavyArms.tga.002
0  -39.073536 -0.888656 -0.127364  -0.069054 0.991765 -0.107861  0.280192 0.836208 3 32 0.643634 31 0.346398 28 0.009968
0  -39.024227 -0.884090 -0.114904  -0.120673 0.990176 -0.070643  0.280514 0.833588 3 32 0.317029 31 0.628641 28 0.054330
0  -39.026379 -0.912796 -0.394244  -0.126314 0.973964 -0.188253  0.268757 0.829689 3 28 0.068948 32 0.374569 31 0.556482
v_heavyArms.tga.002
0  -38.868576 -1.845278 -0.623639  0.052411 -0.909766 -0.411799  0.218090 0.821569 2 32 0.349757 31 0.650243
0  -38.919533 -1.846740 -0.627161  0.058362 -0.914025 -0.401439  0.218038 0.824333 3 32 0.568104 31 0.423461 33 0.008435
0  -38.921295 -1.680555 -0.852794  0.108561 -0.389105 -0.914774  0.227696 0.823733 3 32 0.577036 31 0.401370 33 0.021594
v_heavyArms.tga.002
0  -38.919533 -1.846740 -0.627161  0.058362 -0.914025 -0.401439  0.218038 0.824333 3 32 0.568104 31 0.423461 33 0.008435
0  -38.970158 -1.847220 -0.634124  0.066631 -0.913670 -0.400958  0.218015 0.826308 3 31 0.216393 32 0.729012 33 0.054594
0  -38.971920 -1.681963 -0.859431  0.143060 -0.385514 -0.911544  0.227619 0.825750 3 33 0.064840 32 0.726625 31 0.208535
v_heavyArms.tga.002
0  -39.021843 -0.888445 -0.046610  -0.133114 0.970494 0.201051  0.731679 0.821781 3 28 0.049090 32 0.294020 31 0.656890
0  -39.071507 -0.892715 -0.058817  -0.133095 0.970399 0.201525  0.732015 0.825307 3 32 0.630406 31 0.367015 28 0.002579
0  -39.083839 -1.004353 0.471179  -0.299948 0.533604 0.790758  0.748443 0.810889 2 32 0.477745 31 0.522255
v_heavyArms.tga.002
0  -39.071507 -0.892715 -0.058817  -0.133095 0.970399 0.201525  0.732015 0.825307 3 32 0.630406 31 0.367015 28 0.002579
0  -39.121170 -0.896985 -0.071023  -0.134216 0.970055 0.202432  0.732576 0.827777 2 31 0.130257 32 0.869743
0  -39.133232 -1.008074 0.455480  -0.287040 0.533921 0.795322  0.748897 0.813361 2 31 0.124895 32 0.875105
v_heavyArms.tga.002
0  -38.369873 -0.786855 0.065278  -0.264275 0.927883 -0.263044  0.724900 0.775300 3 31 0.692432 32 0.079336 28 0.228232
0  -38.337471 -0.817557 0.056378  0.152420 0.422829 -0.893299  0.284900 0.796800 3 31 0.681512 32 0.077882 28 0.240606
0  -39.024227 -0.884090 -0.114904  0.027786 0.855468 -0.517110  0.567201 0.832291 3 32 0.317029 31 0.628641 28 0.054330
v_heavyArms.tga.002
0  -37.221371 -1.600132 -0.875514  -0.059896 -0.248587 -0.966756  0.238616 0.725808 4 28 0.061512 21 0.438448 34 0.061591 31 0.438448
0  -37.323696 -1.603565 -0.869172  -0.057762 -0.246475 -0.967426  0.237736 0.731529 4 31 0.626629 28 0.089145 34 0.051283 21 0.232943
0  -37.299065 -0.594566 -0.817763  -0.106170 0.047616 -0.993207  0.309051 0.728893 4 21 0.204543 31 0.474749 28 0.308074 34 0.012634
v_heavyArms.tga.002
0  -37.323696 -1.603565 -0.869172  -0.057762 -0.246475 -0.967426  0.237736 0.731529 4 31 0.626629 28 0.089145 34 0.051283 21 0.232943
0  -37.426022 -1.606999 -0.862830  -0.076881 -0.273326 -0.958844  0.236832 0.737431 5 31 0.693948 32 0.002205 34 0.036006 28 0.095900 21 0.171941
0  -37.401440 -0.606169 -0.804202  -0.108217 0.031564 -0.993626  0.309559 0.735179 4 21 0.157532 31 0.504643 28 0.335375 34 0.002450
v_heavyArms.tga.002
0  -37.127872 -1.872133 0.626825  -0.008667 -0.784652 0.619876  0.777646 0.698595 3 21 0.717592 34 0.009913 31 0.272495
0  -37.228073 -1.869195 0.628143  -0.033423 -0.785492 0.617969  0.777745 0.703535 2 31 0.422925 21 0.577075
0  -37.227932 -1.888864 0.381013  -0.041497 -0.995753 0.082189  0.787739 0.702726 3 31 0.789448 34 0.015018 21 0.195534
v_heavyArms.tga.002
0  -37.228073 -1.869195 0.628143  -0.033423 -0.785492 0.617969  0.777745 0.703535 2 31 0.422925 21 0.577075
0  -37.327496 -1.866036 0.624461  -0.070151 -0.778296 0.623966  0.777712 0.709436 2 31 0.731220 21 0.268780
0  -37.326370 -1.880255 0.438759  -0.043224 -0.996150 0.076262  0.785022 0.708777 2 31 0.796715 21 0.203285
v_heavyArms.tga.002
0  -37.373775 1.363697 -0.766803  -0.060750 0.050779 -0.996861  0.417536 0.742850 4 22 0.152289 25 0.596284 21 0.250473 23 0.000954
0  -37.272392 1.348208 -0.782780  -0.031376 0.052943 -0.998104  0.416544 0.736781 3 21 0.330236 22 0.144967 25 0.524796
0  -37.343719 0.383874 -0.768557  -0.095639 0.020394 -0.995207  0.358626 0.732711 3 21 0.393022 28 0.603737 31 0.003241
v_heavyArms.tga.002
0  -37.272392 1.348208 -0.782780  -0.031376 0.052943 -0.998104  0.416544 0.736781 3 21 0.330236 22 0.144967 25 0.524796
0  -37.171005 1.332718 -0.776005  0.053283 0.075473 -0.995723  0.415540 0.730572 3 21 0.572486 22 0.098429 25 0.329085
0  -37.240997 0.374564 -0.778539  -0.084822 0.037902 -0.995675  0.358146 0.727104 3 21 0.601425 28 0.396573 31 0.002001
v_heavyArms.tga.002
0  -37.147766 2.369971 0.053344  0.050559 0.995536 0.079702  0.525177 0.706634 3 22 0.512732 25 0.013181 21 0.474087
0  -37.249607 2.375919 0.040913  0.051850 0.996094 0.071473  0.524477 0.712205 2 22 0.875152 21 0.124848
0  -37.246201 2.341264 0.498863  0.031471 0.760249 0.648869  0.543987 0.713564 3 22 0.408554 25 0.017963 21 0.573483
v_heavyArms.tga.002
0  -37.249607 2.375919 0.040913  0.051850 0.996094 0.071473  0.524477 0.712205 2 22 0.875152 21 0.124848
0  -37.351448 2.381866 0.028483  0.057742 0.996479 0.060789  0.523757 0.718125 2 22 0.801120 21 0.198880
0  -37.347336 2.350326 0.490544  -0.002572 0.763588 0.645699  0.543453 0.718964 3 22 0.661646 25 0.025160 21 0.313194
v_heavyArms.tga.002
0  -37.174629 -0.748571 1.016639  -0.103846 -0.200243 0.974227  0.715768 0.708565 3 21 0.514443 31 0.255303 28 0.230254
0  -37.274284 -0.749679 1.002825  -0.153409 -0.178804 0.971851  0.716235 0.714620 3 21 0.494253 31 0.303329 28 0.202418
0  -37.228073 -1.869195 0.628143  -0.033423 -0.785492 0.617969  0.777745 0.703535 2 31 0.422925 21 0.577075
v_heavyArms.tga.002
0  -37.274284 -0.749679 1.002825  -0.153409 -0.178804 0.971851  0.716235 0.714620 3 21 0.494253 31 0.303329 28 0.202418
0  -37.372871 -0.750677 0.984941  -0.192588 -0.168450 0.966713  0.716558 0.719327 3 31 0.362148 21 0.171540 28 0.466312
0  -37.327496 -1.866036 0.624461  -0.070151 -0.778296 0.623966  0.777712 0.709436 2 31 0.731220 21 0.268780
v_heavyArms.tga.002
0  -37.215801 -1.944947 -0.397501  -0.103142 -0.991946 -0.073523  0.205093 0.739834 4 28 0.024399 31 0.601136 34 0.122002 21 0.252462
0  -37.318790 -1.937234 -0.394064  -0.083967 -0.990416 -0.109666  0.205162 0.744862 4 31 0.636455 28 0.026877 34 0.073378 21 0.263289
0  -37.318970 -1.908323 -0.675243  -0.141433 -0.848025 -0.510734  0.220866 0.738613 4 31 0.646412 28 0.041398 34 0.052210 21 0.259980
v_heavyArms.tga.002
0  -37.318790 -1.937234 -0.394064  -0.083967 -0.990416 -0.109666  0.205162 0.744862 4 31 0.636455 28 0.026877 34 0.073378 21 0.263289
0  -37.421780 -1.929521 -0.390626  -0.079032 -0.989418 -0.121683  0.205234 0.750157 4 28 0.023810 31 0.704398 34 0.037200 21 0.234592
0  -37.420921 -1.895693 -0.666259  -0.136064 -0.844819 -0.517462  0.220686 0.744031 5 28 0.046960 31 0.739780 34 0.037469 32 0.000189 21 0.175602
v_heavyArms.tga.002
0  -37.422340 -1.966948 -0.358097  -0.074310 -0.994540 -0.073270  0.827699 0.719174 4 28 0.013880 31 0.734695 34 0.031520 21 0.219904
0  -37.318817 -1.974176 -0.362142  -0.073519 -0.994129 -0.079386  0.828817 0.713787 4 31 0.665709 28 0.016985 34 0.067700 21 0.249606
0  -37.319069 -1.944394 -0.326626  -0.031147 -0.765060 0.643206  0.825683 0.712489 4 31 0.619690 28 0.006329 34 0.075791 21 0.298190
v_heavyArms.tga.002
0  -37.318817 -1.974176 -0.362142  -0.073519 -0.994129 -0.079386  0.828817 0.713787 4 31 0.665709 28 0.016985 34 0.067700 21 0.249606
0  -37.215298 -1.981405 -0.366186  -0.072776 -0.993653 -0.085778  0.829890 0.708664 4 28 0.018606 31 0.564244 34 0.136616 21 0.280534
0  -37.214901 -1.950933 -0.329068  -0.031382 -0.771504 0.635450  0.826518 0.707275 5 31 0.541846 28 0.006851 34 0.145030 35 0.000113 21 0.306160
v_heavyArms.tga.002
0  -37.144794 2.332156 0.500220  0.045126 0.774688 0.630731  0.544738 0.708109 3 22 0.450119 25 0.023646 21 0.526235
0  -37.246201 2.341264 0.498863  0.031471 0.760249 0.648869  0.543987 0.713564 3 22 0.408554 25 0.017963 21 0.573483
0  -37.287403 1.365301 0.763464  -0.207360 0.271883 0.939724  0.598690 0.723219 4 25 0.355126 28 0.048475 21 0.429498 22 0.166901
v_heavyArms.tga.002
0  -37.246201 2.341264 0.498863  0.031471 0.760249 0.648869  0.543987 0.713564 3 22 0.408554 25 0.017963 21 0.573483
0  -37.347336 2.350326 0.490544  -0.002572 0.763588 0.645699  0.543453 0.718964 3 22 0.661646 25 0.025160 21 0.313194
0  -37.385506 1.384102 0.735281  -0.216911 0.254892 0.942327  0.597529 0.727580 4 22 0.412149 25 0.371719 28 0.046089 21 0.170043
v_heavyArms.tga.002
0  -37.395008 2.205787 -0.689505  0.126254 0.588265 -0.798752  0.470565 0.739190 3 22 0.732569 23 0.036942 21 0.230489
0  -37.292778 2.194851 -0.679504  0.139480 0.598482 -0.788901  0.469718 0.732834 3 22 0.753544 21 0.241838 23 0.004618
0  -37.272392 1.348208 -0.782780  -0.031376 0.052943 -0.998104  0.416544 0.736781 3 21 0.330236 22 0.144967 25 0.524796
v_heavyArms.tga.002
0  -37.292778 2.194851 -0.679504  0.139480 0.598482 -0.788901  0.469718 0.732834 3 22 0.753544 21 0.241838 23 0.004618
0  -37.190544 2.183916 -0.669502  0.136968 0.596778 -0.790630  0.468945 0.727035 2 22 0.434230 21 0.565770
0  -37.171005 1.332718 -0.776005  0.053283 0.075473 -0.995723  0.415540 0.730572 3 21 0.572486 22 0.098429 25 0.329085
v_heavyArms.tga.002
0  -37.353462 2.391727 -0.027692  0.052063 0.997137 0.054834  0.508170 0.731467 2 22 0.791275 21 0.208725
0  -37.251080 2.386335 -0.015131  0.052928 0.997874 0.038029  0.507653 0.724793 2 22 0.793150 21 0.206850
0  -37.254662 2.394406 -0.193586  0.090004 0.980742 -0.173334  0.496979 0.726210 2 22 0.717720 21 0.282280
v_heavyArms.tga.002
0  -37.251080 2.386335 -0.015131  0.052928 0.997874 0.038029  0.507653 0.724793 2 22 0.793150 21 0.206850
0  -37.148697 2.380943 -0.002570  0.059561 0.998024 0.020028  0.507250 0.718699 2 22 0.699261 21 0.300739
0  -37.152328 2.386245 -0.185693  0.092618 0.977781 -0.188060  0.496370 0.720407 2 21 0.346481 22 0.653519
v_heavyArms.tga.002
0  -37.446442 0.393184 -0.758575  -0.001027 0.019895 -0.999802  0.359106 0.738323 3 28 0.718821 21 0.278863 31 0.002316
0  -37.343719 0.383874 -0.768557  -0.095639 0.020394 -0.995207  0.358626 0.732711 3 21 0.393022 28 0.603737 31 0.003241
0  -37.299065 -0.594566 -0.817763  -0.106170 0.047616 -0.993207  0.309051 0.728893 4 21 0.204543 31 0.474749 28 0.308074 34 0.012634
v_heavyArms.tga.002
0  -37.343719 0.383874 -0.768557  -0.095639 0.020394 -0.995207  0.358626 0.732711 3 21 0.393022 28 0.603737 31 0.003241
0  -37.240997 0.374564 -0.778539  -0.084822 0.037902 -0.995675  0.358146 0.727104 3 21 0.601425 28 0.396573 31 0.002001
0  -37.196690 -0.582963 -0.825331  -0.107518 0.047985 -0.993044  0.308627 0.723176 4 28 0.229997 34 0.021423 31 0.369316 21 0.379264
v_heavyArms.tga.002
0  -37.350361 2.403650 0.005933  0.029882 0.977362 0.209453  0.522042 0.717838 2 22 0.793994 21 0.206006
0  -37.248272 2.397856 0.018478  0.028145 0.975789 0.216897  0.522777 0.711806 2 22 0.837261 21 0.162739
0  -37.251080 2.386335 -0.015131  0.091803 0.939174 -0.330944  0.520878 0.711655 2 22 0.793150 21 0.206850
v_heavyArms.tga.002
0  -37.248272 2.397856 0.018478  0.028145 0.975789 0.216897  0.522777 0.711806 2 22 0.837261 21 0.162739
0  -37.146183 2.392061 0.031023  0.025878 0.973731 0.226225  0.523473 0.706268 3 22 0.691597 25 0.009296 21 0.299108
0  -37.148697 2.380943 -0.002570  0.088794 0.943208 -0.320116  0.521600 0.706099 2 22 0.699261 21 0.300739
v_heavyArms.tga.002
0  -37.146183 2.392061 0.031023  0.025878 0.973731 0.226225  0.523473 0.706268 3 22 0.691597 25 0.009296 21 0.299108
0  -37.248272 2.397856 0.018478  0.028145 0.975789 0.216897  0.522777 0.711806 2 22 0.837261 21 0.162739
0  -37.249607 2.375919 0.040913  -0.044118 0.715240 0.697485  0.524477 0.712205 2 22 0.875152 21 0.124848
v_heavyArms.tga.002
0  -37.248272 2.397856 0.018478  0.028145 0.975789 0.216897  0.522777 0.711806 2 22 0.837261 21 0.162739
0  -37.350361 2.403650 0.005933  0.029882 0.977362 0.209453  0.522042 0.717838 2 22 0.793994 21 0.206006
0  -37.351448 2.381866 0.028483  -0.044062 0.719207 0.693398  0.523757 0.718125 2 22 0.801120 21 0.198880
v_heavyArms.tga.002
0  -37.215298 -1.981405 -0.366186  -0.072776 -0.993653 -0.085778  0.829890 0.708664 4 28 0.018606 31 0.564244 34 0.136616 21 0.280534
0  -37.318817 -1.974176 -0.362142  -0.073519 -0.994129 -0.079386  0.828817 0.713787 4 31 0.665709 28 0.016985 34 0.067700 21 0.249606
0  -37.318790 -1.937234 -0.394064  -0.074353 -0.651754 -0.754777  0.831887 0.714190 4 31 0.636455 28 0.026877 34 0.073378 21 0.263289
v_heavyArms.tga.002
0  -37.318817 -1.974176 -0.362142  -0.073519 -0.994129 -0.079386  0.828817 0.713787 4 31 0.665709 28 0.016985 34 0.067700 21 0.249606
0  -37.422340 -1.966948 -0.358097  -0.074310 -0.994540 -0.073270  0.827699 0.719174 4 28 0.013880 31 0.734695 34 0.031520 21 0.219904
0  -37.421780 -1.929521 -0.390626  -0.075629 -0.653447 -0.753184  0.830751 0.719534 4 28 0.023810 31 0.704398 34 0.037200 21 0.234592
v_heavyArms.tga.002
0  -37.190544 2.183916 -0.669502  0.136968 0.596778 -0.790630  0.468945 0.727035 2 22 0.434230 21 0.565770
0  -37.292778 2.194851 -0.679504  0.139480 0.598482 -0.788901  0.469718 0.732834 3 22 0.753544 21 0.241838 23 0.004618
0  -37.254662 2.394406 -0.193586  0.090004 0.980742 -0.173334  0.496979 0.726210 2 22 0.717720 21 0.282280
v_heavyArms.tga.002
0  -37.292778 2.194851 -0.679504  0.139480 0.598482 -0.788901  0.469718 0.732834 3 22 0.753544 21 0.241838 23 0.004618
0  -37.395008 2.205787 -0.689505  0.126254 0.588265 -0.798752  0.470565 0.739190 3 22 0.732569 23 0.036942 21 0.230489
0  -37.356991 2.402568 -0.201479  0.088608 0.983254 -0.159251  0.497715 0.733032 3 22 0.722143 23 0.002716 21 0.275141
v_heavyArms.tga.002
0  -37.189022 1.342404 0.791482  -0.198504 0.276697 0.940231  0.600373 0.716151 4 22 0.065969 21 0.516796 25 0.378143 28 0.039092
0  -37.287403 1.365301 0.763464  -0.207360 0.271883 0.939724  0.598690 0.723219 4 25 0.355126 28 0.048475 21 0.429498 22 0.166901
0  -37.289726 0.390825 1.040791  -0.228881 0.120412 0.965978  0.654922 0.722160 3 25 0.082322 21 0.526065 28 0.391612
v_heavyArms.tga.002
0  -37.287403 1.365301 0.763464  -0.207360 0.271883 0.939724  0.598690 0.723219 4 25 0.355126 28 0.048475 21 0.429498 22 0.166901
0  -37.385506 1.384102 0.735281  -0.216911 0.254892 0.942327  0.597529 0.727580 4 22 0.412149 25 0.371719 28 0.046089 21 0.170043
0  -37.387562 0.400842 1.015959  -0.234922 0.122401 0.964277  0.654447 0.726321 3 28 0.384513 21 0.175007 25 0.440479
v_heavyArms.tga.002
0  -37.423237 -1.937855 -0.324183  -0.060398 -0.994629 0.084057  0.824788 0.718078 4 31 0.742407 28 0.002710 34 0.027022 21 0.227861
0  -37.319069 -1.944394 -0.326626  -0.059591 -0.994442 0.086797  0.825683 0.712489 4 31 0.619690 28 0.006329 34 0.075791 21 0.298190
0  -37.227932 -1.888864 0.381013  -0.041497 -0.995753 0.082189  0.787739 0.702726 3 31 0.789448 34 0.015018 21 0.195534
v_heavyArms.tga.002
0  -37.319069 -1.944394 -0.326626  -0.059591 -0.994442 0.086797  0.825683 0.712489 4 31 0.619690 28 0.006329 34 0.075791 21 0.298190
0  -37.214901 -1.950933 -0.329068  -0.055097 -0.994307 0.091201  0.826518 0.707275 5 31 0.541846 28 0.006851 34 0.145030 35 0.000113 21 0.306160
0  -37.128529 -1.896909 0.337630  -0.046081 -0.995288 0.085316  0.790415 0.697558 3 31 0.579432 34 0.101994 21 0.318574
v_heavyArms.tga.002
0  -37.217022 -1.920953 -0.684227  -0.123541 -0.836840 -0.533326  0.221046 0.733224 4 31 0.586730 28 0.035637 34 0.081113 21 0.296520
0  -37.318970 -1.908323 -0.675243  -0.141433 -0.848025 -0.510734  0.220866 0.738613 4 31 0.646412 28 0.041398 34 0.052210 21 0.259980
0  -37.323696 -1.603565 -0.869172  -0.057762 -0.246475 -0.967426  0.237736 0.731529 4 31 0.626629 28 0.089145 34 0.051283 21 0.232943
v_heavyArms.tga.002
0  -37.318970 -1.908323 -0.675243  -0.141433 -0.848025 -0.510734  0.220866 0.738613 4 31 0.646412 28 0.041398 34 0.052210 21 0.259980
0  -37.420921 -1.895693 -0.666259  -0.136064 -0.844819 -0.517462  0.220686 0.744031 5 28 0.046960 31 0.739780 34 0.037469 32 0.000189 21 0.175602
0  -37.426022 -1.606999 -0.862830  -0.076881 -0.273326 -0.958844  0.236832 0.737431 5 31 0.693948 32 0.002205 34 0.036006 28 0.095900 21 0.171941
v_heavyArms.tga.002
0  -37.191551 0.378280 1.065459  -0.216422 0.105258 0.970609  0.655617 0.714927 3 21 0.571353 28 0.358688 25 0.069959
0  -37.289726 0.390825 1.040791  -0.228881 0.120412 0.965978  0.654922 0.722160 3 25 0.082322 21 0.526065 28 0.391612
0  -37.274284 -0.749679 1.002825  -0.153409 -0.178804 0.971851  0.716235 0.714620 3 21 0.494253 31 0.303329 28 0.202418
v_heavyArms.tga.002
0  -37.289726 0.390825 1.040791  -0.228881 0.120412 0.965978  0.654922 0.722160 3 25 0.082322 21 0.526065 28 0.391612
0  -37.387562 0.400842 1.015959  -0.234922 0.122401 0.964277  0.654447 0.726321 3 28 0.384513 21 0.175007 25 0.440479
0  -37.372871 -0.750677 0.984941  -0.192588 -0.168450 0.966713  0.716558 0.719327 3 31 0.362148 21 0.171540 28 0.466312
v_heavyArms.tga.002
0  -36.552574 2.351044 0.067078  0.219439 0.962559 -0.159141  0.525800 0.673800 1 21 1.000000
0  -37.148697 2.380943 -0.002570  0.088794 0.943208 -0.320116  0.521600 0.706099 2 22 0.699261 21 0.300739
0  -37.146183 2.392061 0.031023  0.025878 0.973731 0.226225  0.523473 0.706268 3 22 0.691597 25 0.009296 21 0.299108
end
