version 1
nodes
0 "blender_implicit" -1
1 "root" -1
2 "upperarm_l" 1
3 "lowerarm_l" 2
4 "hand_l" 3
5 "pinky_0_l" 4
6 "pinky_1_l" 5
7 "pinky_2_l" 6
8 "ring_0_l" 4
9 "ring_1_l" 8
10 "ring_2_l" 9
11 "middle_0_l" 4
12 "middle_1_l" 11
13 "middle_2_l" 12
14 "index_0_l" 4
15 "index_1_l" 14
16 "index_2_l" 15
17 "thumb_0_l" 4
18 "thumb_1_l" 17
19 "thumb_2_l" 18
20 "rig_index_l" 4
21 "rig_middle_l" 4
22 "rig_ring_l" 4
23 "rig_pinky_l" 4
24 "rig_thumb_l" 4
25 "rig_hand_l" 1
26 "rig_l" 1
27 "rig_upperarm_l" 1
28 "upperarm_r" 1
29 "lowerarm_r" 28
30 "hand_r" 29
31 "pinky_0_r" 30
32 "pinky_1_r" 31
33 "pinky_2_r" 32
34 "ring_0_r" 30
35 "ring_1_r" 34
36 "ring_2_r" 35
37 "middle_0_r" 30
38 "middle_1_r" 37
39 "middle_2_r" 38
40 "index_0_r" 30
41 "index_1_r" 40
42 "index_2_r" 41
43 "thumb_0_r" 30
44 "thumb_1_r" 43
45 "thumb_2_r" 44
46 "rig_index_r" 30
47 "rig_middle_r" 30
48 "rig_ring_r" 30
49 "rig_pinky_r" 30
50 "rig_thumb_r" 30
51 "rig_hand_r" 1
52 "rig_r" 1
53 "rig_upperarm_r" 1
54 "v_autorifle" -1
55 "bone_muzzle" 54
56 "magazine" 54
57 "bolt" 54
58 "v_eject" 54
end
skeleton
time 0
0  0 0 0  0 0 0
1  0.000000 0.000000 0.000000  1.570796 -0.000000 0.000000
2  11.426482 -17.423515 14.151665  0.595721 0.429257 1.699406
3  -0.000001 13.479278 0.000002  0.675426 0.000000 -0.000000
4  -0.000004 13.477240 0.000000  -0.601303 0.274750 0.542553
5  -0.267271 3.664724 -1.953291  -0.118308 0.035174 -0.880748
6  0.000001 1.180354 0.000001  -0.022123 -0.030120 -0.914402
7  0.000002 0.817135 -0.000001  0.010879 -0.005735 -0.729721
8  -0.249424 3.688539 -0.940887  -0.082322 0.048500 -0.873567
9  0.000002 1.800633 -0.000002  0.002249 0.004864 -0.948281
10  -0.000002 1.243406 0.000002  0.004845 0.004368 -0.804401
11  -0.244727 3.701092 0.087734  -0.013059 0.024865 -0.746408
12  -0.000001 1.766583 -0.000000  0.004071 -0.001496 -0.866835
13  -0.000002 1.189003 0.000000  -0.013333 -0.011638 -0.759538
14  -0.277240 3.632244 1.274103  0.038868 0.009697 -0.600690
15  -0.000000 1.798493 0.000000  0.027922 0.025554 -0.741251
16  -0.000000 1.235451 -0.000002  -0.007625 0.003855 -0.523688
17  0.315441 0.857297 0.755946  1.930500 0.578402 1.467848
18  0.000000 2.265938 0.000002  -0.057535 -0.033451 -0.250071
19  0.000000 1.457808 0.000000  -0.030127 0.046156 0.023093
20  -1.259682 3.818373 1.286949  0.038868 0.009697 -0.600690
21  -1.226392 3.891693 0.090424  -0.013059 0.024865 -0.746408
22  -1.231623 3.875531 -0.958679  -0.082322 0.048500 -0.873567
23  -1.209921 3.994781 -2.003044  -0.118308 0.035174 -0.880748
24  0.328905 0.095429 1.403537  1.930500 0.578402 1.467848
25  -4.675039 -10.928073 32.736938  0.682188 -0.015858 2.117438
26  -3.310055 -16.887754 19.441708  -1.570796 -0.000000 -1.570796
27  11.426482 -17.423515 14.151665  -0.051945 -0.000000 -1.570796
28  -9.154455 -11.766430 -14.684287  1.274534 -0.047630 3.077959
29  0.000000 13.479280 -0.000000  0.340679 -0.000000 0.000000
30  -0.000001 13.477239 0.000002  -0.054042 0.235424 -0.059778
31  0.267269 3.664725 -1.953295  -0.460947 0.085209 1.088458
32  -0.000001 1.180356 -0.000001  -0.015239 0.034122 1.127932
33  -0.000001 0.817134 0.000001  0.011847 0.003300 0.943166
34  0.249423 3.688540 -0.940890  -0.424660 0.091165 1.116984
35  0.000002 1.800633 0.000001  0.000989 -0.005266 1.195711
36  0.000001 1.243406 -0.000000  0.003628 -0.005422 1.051829
37  0.244726 3.701094 0.087732  -0.354828 0.115299 1.122151
38  0.000001 1.766584 0.000001  0.004336 -0.000101 1.242448
39  0.000002 1.189003 0.000000  -0.008134 0.015718 1.135168
40  0.277239 3.632247 1.274102  0.054201 -0.011943 0.177044
41  -0.000001 1.798495 0.000001  0.035950 -0.011837 0.318251
42  -0.000001 1.235450 -0.000001  -0.007454 -0.004176 0.481101
43  -0.315441 0.857298 0.755943  -0.305463 -2.814040 0.955370
44  -0.000001 2.265939 -0.000001  -0.046734 0.047387 0.515787
45  -0.000001 1.457811 -0.000001  -0.053363 -0.013780 0.716641
46  1.259681 3.818374 1.286945  0.054201 -0.011943 0.177044
47  1.226391 3.891692 0.090418  -0.354828 0.115299 1.122151
48  1.231622 3.875532 -0.958681  -0.424660 0.091165 1.116984
49  1.209919 3.994780 -2.003047  -0.460947 0.085209 1.088458
50  -0.328907 0.095428 1.403532  -0.305464 -2.814040 0.955370
51  -8.114326 -15.176304 11.641788  1.562718 0.001410 -2.967386
52  -9.209054 -23.431993 -0.264549  -1.570796 -0.000000 1.570796
53  -9.154455 -11.766430 -14.684287  -0.051945 0.000000 1.570796
54  -7.393709 -16.310347 -12.915281  1.570789 -0.000005 -0.000013
55  0.396051 3.998728 31.950836  -1.535889 -1.570788 0.000000
56  1.262198 1.311915 7.366343  -0.020027 0.028592 -0.611152
57  1.073198 1.711409 3.572254  -0.000000 0.033161 -0.000000
58  -1.325719 2.109442 7.526391  -0.000000 0.000000 -0.000000
time 1
0  0 0 0  0 0 0
1  0.000000 0.000000 0.000000  1.570796 -0.000000 0.000000
2  11.292263 -17.438368 13.012028  0.612838 0.418433 1.765593
3  0.000001 13.479277 0.000002  0.774275 0.000000 -0.000000
4  0.000001 13.477239 -0.000000  -0.620629 0.270850 0.485693
5  -0.267271 3.664725 -1.953291  -0.118494 0.034540 -0.886078
6  -0.000002 1.180355 0.000002  -0.021960 -0.030238 -0.919797
7  0.000002 0.817137 0.000002  0.010910 -0.005676 -0.735114
8  -0.249424 3.688540 -0.940886  -0.082580 0.048058 -0.878919
9  0.000003 1.800632 -0.000002  0.002222 0.004876 -0.953666
10  -0.000000 1.243406 0.000002  0.004822 0.004394 -0.809786
11  -0.244727 3.701093 0.087733  -0.013192 0.024794 -0.751774
12  0.000002 1.766585 -0.000001  0.004079 -0.001475 -0.872200
13  -0.000001 1.189002 -0.000000  -0.013270 -0.011710 -0.764902
14  -0.277242 3.632246 1.274103  0.039629 0.009680 -0.603787
15  -0.000003 1.798492 0.000000  0.027843 0.025640 -0.744345
16  0.000002 1.235452 0.000001  -0.007637 0.003831 -0.526783
17  0.315439 0.857297 0.755945  1.930797 0.580125 1.468456
18  -0.000000 2.265941 0.000001  -0.057476 -0.033551 -0.251826
19  0.000001 1.457813 0.000000  -0.030208 0.046103 0.021335
20  -1.259683 3.818373 1.286948  0.039628 0.009680 -0.603787
21  -1.226393 3.891690 0.090420  -0.013192 0.024794 -0.751773
22  -1.231624 3.875534 -0.958678  -0.082580 0.048058 -0.878919
23  -1.209920 3.994782 -2.003044  -0.118494 0.034540 -0.886078
24  0.328905 0.095429 1.403536  1.930797 0.580125 1.468456
25  -3.592319 -11.676326 32.203262  0.772345 -0.013193 2.118085
26  -3.129478 -17.355661 19.472012  -1.570796 -0.000000 -1.570796
27  11.292263 -17.438368 13.012028  -0.051945 -0.000000 -1.570796
28  -9.154455 -11.766430 -14.684287  1.303273 -0.034544 3.094183
29  0.000001 13.479276 -0.000001  0.237166 -0.000000 0.000000
30  0.000001 13.477239 -0.000000  0.055767 0.213600 0.041821
31  0.267271 3.664727 -1.953295  -0.460947 0.085209 1.088458
32  0.000001 1.180356 0.000000  -0.015239 0.034122 1.127932
33  -0.000000 0.817136 -0.000000  0.011847 0.003300 0.943166
34  0.249424 3.688541 -0.940889  -0.424660 0.091165 1.116984
35  0.000002 1.800633 0.000001  0.000989 -0.005266 1.195711
36  -0.000002 1.243405 -0.000000  0.003628 -0.005422 1.051829
37  0.244727 3.701097 0.087732  -0.354828 0.115299 1.122151
38  0.000001 1.766586 -0.000000  0.004336 -0.000101 1.242448
39  -0.000001 1.189003 -0.000000  -0.008134 0.015718 1.135168
40  0.277240 3.632248 1.274101  0.054201 -0.011943 0.177044
41  -0.000002 1.798493 0.000001  0.035950 -0.011837 0.318251
42  -0.000000 1.235450 0.000001  -0.007454 -0.004176 0.481101
43  -0.315439 0.857300 0.755943  -0.305464 -2.814040 0.955370
44  -0.000002 2.265939 0.000000  -0.046734 0.047387 0.515787
45  0.000001 1.457811 0.000000  -0.053364 -0.013780 0.716642
46  1.259681 3.818376 1.286945  0.054201 -0.011943 0.177044
47  1.226392 3.891693 0.090419  -0.354828 0.115299 1.122150
48  1.231624 3.875535 -0.958678  -0.424660 0.091165 1.116984
49  1.209921 3.994783 -2.003049  -0.460947 0.085209 1.088458
50  -0.328904 0.095429 1.403532  -0.305464 -2.814040 0.955370
51  -8.429505 -15.777521 11.770749  1.580627 -0.068161 -2.973725
52  -9.209054 -23.431993 -0.264549  -1.570796 -0.000000 1.570796
53  -9.154455 -11.766430 -14.684287  -0.051945 0.000000 1.570796
54  -7.393712 -16.313135 -13.385698  1.541514 0.006695 0.065400
55  0.396052 3.998729 31.950836  -1.535889 -1.570788 0.000000
56  1.240492 1.160982 7.400426  -0.023728 0.025604 -0.747523
57  1.073199 1.711410 3.572254  0.000000 0.033161 0.000000
58  -1.325719 2.109442 7.526387  0.000000 -0.000000 0.000000
time 2
0  0 0 0  0 0 0
1  0.000000 0.000000 0.000000  1.570796 -0.000000 0.000000
2  10.946121 -17.542337 10.072961  0.690643 0.334871 1.897879
3  -0.000001 13.479277 -0.000001  0.844409 -0.000000 -0.000000
4  -0.000002 13.477236 -0.000000  -0.579408 0.228570 0.369138
5  -0.267271 3.664728 -1.953290  -0.119005 0.032728 -0.901271
6  0.000001 1.180355 -0.000002  -0.021493 -0.030573 -0.935174
7  0.000000 0.817137 -0.000002  0.010996 -0.005507 -0.750487
8  -0.249424 3.688539 -0.940889  -0.083303 0.046791 -0.894176
9  0.000004 1.800634 0.000002  0.002147 0.004909 -0.969016
10  0.000000 1.243407 0.000001  0.004754 0.004468 -0.825136
11  -0.244726 3.701093 0.087734  -0.013570 0.024590 -0.767069
12  -0.000002 1.766586 0.000004  0.004101 -0.001412 -0.887493
13  0.000004 1.189004 -0.000000  -0.013090 -0.011911 -0.780195
14  -0.277240 3.632247 1.274103  0.041794 0.009642 -0.612607
15  -0.000000 1.798494 0.000000  0.027616 0.025884 -0.753158
16  0.000005 1.235451 -0.000002  -0.007670 0.003764 -0.535596
17  0.315441 0.857301 0.755946  1.931651 0.585030 1.470194
18  -0.000001 2.265936 -0.000001  -0.057308 -0.033838 -0.256822
19  0.000002 1.457810 -0.000001  -0.030438 0.045951 0.016331
20  -1.259682 3.818375 1.286947  0.041794 0.009642 -0.612607
21  -1.226392 3.891692 0.090420  -0.013570 0.024590 -0.767069
22  -1.231624 3.875533 -0.958678  -0.083303 0.046791 -0.894176
23  -1.209919 3.994781 -2.003046  -0.119005 0.032728 -0.901271
24  0.328905 0.095429 1.403534  1.931651 0.585030 1.470194
25  -1.678107 -14.171206 30.902956  0.950776 -0.025513 2.139294
26  -2.639345 -18.668997 19.550156  -1.570796 -0.000000 -1.570796
27  10.946121 -17.542337 10.072961  -0.051945 -0.000000 -1.570796
28  -9.154455 -11.766430 -14.684287  1.378808 -0.008709 3.126147
29  -0.000000 13.479279 0.000001  0.004797 0.000000 0.000000
30  0.000001 13.477239 0.000000  0.237865 0.137289 0.221970
31  0.267269 3.664727 -1.953294  -0.460947 0.085209 1.088458
32  0.000003 1.180355 -0.000002  -0.015239 0.034122 1.127932
33  -0.000001 0.817135 0.000000  0.011847 0.003300 0.943165
34  0.249422 3.688541 -0.940890  -0.424660 0.091165 1.116984
35  -0.000004 1.800633 0.000001  0.000989 -0.005266 1.195711
36  0.000000 1.243404 0.000000  0.003628 -0.005422 1.051829
37  0.244725 3.701094 0.087732  -0.354828 0.115299 1.122151
38  0.000001 1.766584 -0.000000  0.004336 -0.000101 1.242448
39  -0.000000 1.189004 -0.000002  -0.008134 0.015718 1.135168
40  0.277238 3.632247 1.274101  0.054201 -0.011943 0.177044
41  -0.000000 1.798494 0.000000  0.035950 -0.011837 0.318251
42  -0.000000 1.235451 0.000000  -0.007454 -0.004176 0.481101
43  -0.315441 0.857298 0.755943  -0.305463 -2.814040 0.955370
44  -0.000000 2.265939 -0.000001  -0.046734 0.047387 0.515788
45  0.000001 1.457811 -0.000000  -0.053363 -0.013780 0.716642
46  1.259681 3.818374 1.286944  0.054201 -0.011943 0.177044
47  1.226389 3.891693 0.090417  -0.354828 0.115299 1.122150
48  1.231623 3.875533 -0.958683  -0.424660 0.091165 1.116984
49  1.209919 3.994781 -2.003049  -0.460947 0.085209 1.088458
50  -0.328907 0.095428 1.403531  -0.305464 -2.814040 0.955370
51  -9.001108 -16.892246 12.011469  -1.554147 -2.943082 0.164075
52  -9.209054 -23.431993 -0.264549  -1.570796 -0.000000 1.570796
53  -9.154455 -11.766430 -14.684287  -0.051945 0.000000 1.570796
54  -7.393714 -16.315924 -14.379297  1.513932 0.013174 0.192576
55  0.396053 3.998731 31.950838  -1.535889 -1.570788 0.000000
56  1.088554 0.104444 7.639018  -0.030233 0.017451 -1.047461
57  1.073198 1.711411 3.572256  -0.000000 0.033161 -0.000000
58  -1.325719 2.109444 7.526393  -0.000000 0.000000 -0.000000
time 3
0  0 0 0  0 0 0
1  0.000000 0.000000 0.000000  1.570796 -0.000000 0.000000
2  10.472825 -17.824543 6.054237  0.811006 0.157772 1.969243
3  0.000002 13.479276 0.000001  0.690604 0.000000 -0.000000
4  0.000004 13.477242 0.000001  -0.385915 0.218540 0.260289
5  -0.267269 3.664726 -1.953294  -0.119752 0.029865 -0.925150
6  0.000001 1.180355 0.000001  -0.020748 -0.031083 -0.959338
7  -0.000001 0.817136 -0.000000  0.011126 -0.005240 -0.774644
8  -0.249420 3.688542 -0.940889  -0.084401 0.044778 -0.918155
9  0.000002 1.800634 0.000002  0.002028 0.004960 -0.993140
10  0.000003 1.243408 0.000000  0.004645 0.004581 -0.849259
11  -0.244725 3.701094 0.087732  -0.014157 0.024257 -0.791112
12  -0.000000 1.766585 -0.000002  0.004134 -0.001313 -0.911532
13  0.000000 1.189005 0.000000  -0.012800 -0.012222 -0.804235
14  -0.277237 3.632250 1.274103  0.045193 0.009620 -0.626446
15  0.000000 1.798494 0.000001  0.027255 0.026264 -0.766988
16  -0.000004 1.235452 0.000001  -0.007722 0.003657 -0.549426
17  0.315441 0.857298 0.755943  1.933016 0.592718 1.472940
18  0.000002 2.265940 -0.000000  -0.057041 -0.034286 -0.264655
19  0.000000 1.457813 -0.000000  -0.030798 0.045711 0.008485
20  -1.259679 3.818376 1.286946  0.045193 0.009620 -0.626446
21  -1.226389 3.891691 0.090418  -0.014157 0.024257 -0.791112
22  -1.231622 3.875533 -0.958680  -0.084401 0.044778 -0.918155
23  -1.209916 3.994781 -2.003048  -0.119752 0.029865 -0.925150
24  0.328907 0.095428 1.403532  1.933017 0.592718 1.472940
25  -0.357884 -18.426071 28.982668  1.095741 -0.084609 2.205940
26  -1.917042 -20.692175 19.657009  -1.570796 -0.000000 -1.570796
27  10.472825 -17.824543 6.054237  -0.051945 -0.000000 -1.570796
28  -9.154455 -11.766430 -14.684287  1.350089 0.011547 -3.131999
29  -0.000001 13.479278 -0.000001  0.004798 0.000000 -0.000000
30  0.000001 13.477239 -0.000000  0.202709 0.112782 0.337334
31  0.267269 3.664726 -1.953295  -0.460947 0.085209 1.088458
32  0.000001 1.180355 0.000001  -0.015239 0.034122 1.127932
33  -0.000000 0.817137 0.000001  0.011847 0.003300 0.943166
34  0.249423 3.688542 -0.940891  -0.424660 0.091165 1.116984
35  0.000001 1.800633 0.000003  0.000989 -0.005266 1.195711
36  0.000000 1.243408 -0.000001  0.003628 -0.005422 1.051829
37  0.244726 3.701095 0.087732  -0.354828 0.115299 1.122151
38  -0.000002 1.766584 0.000001  0.004336 -0.000101 1.242448
39  -0.000000 1.189004 -0.000001  -0.008134 0.015718 1.135168
40  0.277239 3.632248 1.274100  0.054201 -0.011943 0.177044
41  -0.000001 1.798493 0.000000  0.035950 -0.011837 0.318251
42  0.000000 1.235451 -0.000001  -0.007454 -0.004176 0.481101
43  -0.315442 0.857299 0.755942  -0.305464 -2.814040 0.955370
44  -0.000000 2.265939 0.000000  -0.046735 0.047387 0.515787
45  -0.000001 1.457811 0.000000  -0.053363 -0.013780 0.716642
46  1.259681 3.818374 1.286944  0.054201 -0.011943 0.177044
47  1.226390 3.891693 0.090420  -0.354828 0.115299 1.122150
48  1.231624 3.875533 -0.958683  -0.424660 0.091165 1.116984
49  1.209919 3.994782 -2.003049  -0.460947 0.085209 1.088458
50  -0.328906 0.095427 1.403531  -0.305464 -2.814040 0.955370
51  -9.404757 -17.664875 11.890913  -1.629917 -2.851254 0.198990
52  -9.209054 -23.431993 -0.264549  -1.570796 -0.000000 1.570796
53  -9.154455 -11.766430 -14.684287  -0.051945 0.000000 1.570796
54  -7.393714 -16.142265 -15.360820  1.564017 -0.016349 0.296079
55  0.396050 3.998728 31.950840  -1.535889 -1.570788 0.000000
56  0.676149 -2.763317 8.286610  -0.034038 0.007739 -1.347308
57  1.073198 1.711409 3.572255  -0.000000 0.033161 0.000000
58  -1.325720 2.109442 7.526392  -0.000000 -0.000000 0.000000
time 4
0  0 0 0  0 0 0
1  0.000000 0.000000 0.000000  1.570796 -0.000000 0.000000
2  9.957144 -18.374098 1.675628  0.971335 -0.063018 1.896190
3  0.000001 13.479277 -0.000002  0.376970 -0.000000 -0.000000
4  -0.000003 13.477240 0.000001  -0.058474 0.378657 0.214127
5  -0.267271 3.664723 -1.953293  -0.120630 0.026075 -0.956547
6  0.000000 1.180354 -0.000003  -0.019750 -0.031726 -0.991104
7  0.000000 0.817134 -0.000001  0.011286 -0.004884 -0.806399
8  -0.249425 3.688539 -0.940889  -0.085770 0.042091 -0.949683
9  0.000002 1.800633 -0.000001  0.001870 0.005022 -1.024856
10  0.000000 1.243405 0.000001  0.004497 0.004726 -0.880975
11  -0.244727 3.701093 0.087733  -0.014917 0.023797 -0.822731
12  -0.000001 1.766585 -0.000000  0.004173 -0.001182 -0.943146
13  0.000000 1.189003 0.000000  -0.012407 -0.012621 -0.835849
14  -0.277240 3.632246 1.274103  0.049652 0.009664 -0.644603
15  -0.000001 1.798497 0.000000  0.026774 0.026754 -0.785137
16  0.000001 1.235452 0.000001  -0.007787 0.003517 -0.567575
17  0.315440 0.857296 0.755943  1.934857 0.602792 1.476582
18  0.000001 2.265936 0.000000  -0.056687 -0.034870 -0.274919
19  -0.000000 1.457811 0.000001  -0.031266 0.045393 -0.001795
20  -1.259683 3.818372 1.286947  0.049652 0.009664 -0.644603
21  -1.226391 3.891690 0.090420  -0.014917 0.023797 -0.822730
22  -1.231624 3.875530 -0.958679  -0.085770 0.042091 -0.949683
23  -1.209922 3.994778 -2.003049  -0.120630 0.026075 -0.956547
24  0.328904 0.095427 1.403532  1.934856 0.602792 1.476582
25  0.422144 -23.204424 25.901392  1.199007 -0.168761 2.318592
26  -1.039961 -23.289618 19.773430  -1.570796 -0.000000 -1.570796
27  9.957144 -18.374098 1.675628  -0.051945 -0.000000 -1.570796
28  -9.154455 -11.766430 -14.684287  1.213193 0.026594 -3.113387
29  -0.000001 13.479277 -0.000001  0.247171 0.000000 0.000000
30  0.000002 13.477239 0.000000  -0.018068 0.184332 0.390350
31  0.267269 3.664727 -1.953293  -0.460947 0.085209 1.088458
32  0.000002 1.180355 -0.000001  -0.015239 0.034122 1.127932
33  0.000000 0.817136 0.000003  0.011847 0.003300 0.943166
34  0.249423 3.688542 -0.940889  -0.424660 0.091165 1.116984
35  0.000001 1.800633 0.000001  0.000989 -0.005266 1.195710
36  0.000001 1.243408 0.000002  0.003628 -0.005422 1.051829
37  0.244727 3.701096 0.087734  -0.354828 0.115299 1.122151
38  -0.000001 1.766585 0.000003  0.004336 -0.000101 1.242448
39  -0.000000 1.189006 0.000002  -0.008134 0.015718 1.135168
40  0.277239 3.632248 1.274102  0.054201 -0.011943 0.177044
41  -0.000000 1.798494 -0.000000  0.035950 -0.011837 0.318251
42  0.000001 1.235452 -0.000002  -0.007454 -0.004176 0.481101
43  -0.315441 0.857300 0.755944  -0.305463 -2.814040 0.955370
44  0.000001 2.265939 0.000002  -0.046735 0.047387 0.515787
45  0.000001 1.457812 -0.000001  -0.053363 -0.013780 0.716641
46  1.259681 3.818375 1.286947  0.054201 -0.011943 0.177044
47  1.226390 3.891693 0.090419  -0.354828 0.115299 1.122150
48  1.231624 3.875535 -0.958681  -0.424660 0.091165 1.116984
49  1.209920 3.994781 -2.003047  -0.460947 0.085209 1.088458
50  -0.328906 0.095428 1.403533  -0.305464 -2.814040 0.955370
51  -9.671168 -17.986912 11.328213  1.368510 -0.333433 -2.874708
52  -9.209054 -23.431993 -0.264549  -1.570796 -0.000000 1.570796
53  -9.154455 -11.766430 -14.684287  -0.051945 0.000000 1.570796
54  -7.393714 -15.675877 -16.159899  1.672391 -0.078721 0.364328
55  0.396050 3.998729 31.950840  -1.535889 -1.570788 0.000000
56  -0.126953 -8.347890 9.547713  -0.034774 0.003042 -1.483583
57  1.073198 1.711410 3.572257  0.000000 0.033161 -0.000000
58  -1.325719 2.109441 7.526391  0.000000 -0.000000 -0.000000
time 5
0  0 0 0  0 0 0
1  0.000000 0.000000 0.000000  1.570796 -0.000000 0.000000
2  9.483847 -19.280123 -2.343096  1.183631 -0.340159 1.482143
3  0.000001 13.479278 0.000001  0.166882 -0.000000 -0.000000
4  0.000000 13.477240 0.000001  0.414044 0.900873 0.350612
5  -0.267271 3.664725 -1.953293  -0.121528 0.021484 -0.994281
6  0.000002 1.180354 -0.000001  -0.018526 -0.032456 -1.029269
7  0.000000 0.817135 -0.000003  0.011465 -0.004450 -0.844549
8  -0.249423 3.688541 -0.940887  -0.087302 0.038806 -0.987574
9  -0.000006 1.800633 -0.000003  0.001677 0.005089 -1.062969
10  0.000000 1.243407 0.000002  0.004314 0.004894 -0.919088
11  -0.244727 3.701095 0.087735  -0.015810 0.023213 -0.860739
12  -0.000001 1.766585 -0.000003  0.004215 -0.001022 -0.981149
13  0.000002 1.189006 -0.000000  -0.011918 -0.013083 -0.873852
14  -0.277240 3.632250 1.274102  0.054997 0.009823 -0.666373
15  -0.000000 1.798496 0.000002  0.026186 0.027330 -0.806903
16  -0.000002 1.235454 0.000001  -0.007862 0.003346 -0.589340
17  0.315440 0.857301 0.755945  1.937136 0.614852 1.481008
18  0.000000 2.265940 0.000001  -0.056254 -0.035565 -0.287211
19  -0.000001 1.457812 0.000001  -0.031822 0.045004 -0.014106
20  -1.259681 3.818374 1.286948  0.054997 0.009823 -0.666373
21  -1.226392 3.891693 0.090419  -0.015810 0.023213 -0.860738
22  -1.231623 3.875533 -0.958678  -0.087302 0.038806 -0.987574
23  -1.209919 3.994779 -2.003047  -0.121528 0.021484 -0.994281
24  0.328905 0.095426 1.403534  1.937136 0.614852 1.481008
25  0.724053 -27.087370 21.821321  1.292684 -0.231345 2.467990
26  -0.085489 -26.325741 19.880283  -1.570796 -0.000000 -1.570796
27  9.483847 -19.280123 -2.343096  -0.051945 -0.000000 -1.570796
28  -9.154455 -11.766430 -14.684287  1.066376 0.039724 -3.097125
29  -0.000000 13.479279 -0.000001  0.530856 -0.000000 0.000000
30  0.000001 13.477238 -0.000001  -0.281235 0.277337 0.390270
31  0.267270 3.664727 -1.953290  -0.460947 0.085209 1.088458
32  0.000001 1.180355 -0.000002  -0.015239 0.034122 1.127932
33  0.000000 0.817136 -0.000001  0.011847 0.003300 0.943165
34  0.249424 3.688541 -0.940888  -0.424660 0.091165 1.116984
35  0.000001 1.800633 -0.000002  0.000989 -0.005266 1.195710
36  0.000000 1.243406 0.000001  0.003628 -0.005422 1.051829
37  0.244728 3.701096 0.087734  -0.354828 0.115299 1.122151
38  0.000001 1.766585 -0.000000  0.004336 -0.000101 1.242448
39  0.000001 1.189003 0.000002  -0.008134 0.015718 1.135168
40  0.277241 3.632248 1.274102  0.054201 -0.011943 0.177044
41  0.000004 1.798496 -0.000001  0.035950 -0.011837 0.318251
42  0.000001 1.235451 0.000000  -0.007454 -0.004176 0.481101
43  -0.315439 0.857301 0.755944  -0.305464 -2.814040 0.955370
44  -0.000002 2.265940 0.000001  -0.046734 0.047387 0.515787
45  0.000001 1.457812 0.000000  -0.053364 -0.013780 0.716642
46  1.259683 3.818375 1.286945  0.054201 -0.011943 0.177044
47  1.226393 3.891694 0.090418  -0.354828 0.115299 1.122150
48  1.231625 3.875535 -0.958679  -0.424660 0.091165 1.116984
49  1.209920 3.994782 -2.003049  -0.460947 0.085209 1.088458
50  -0.328904 0.095429 1.403532  -0.305464 -2.814040 0.955370
51  -9.883381 -17.963184 10.568476  1.216640 -0.344145 -2.812837
52  -9.209054 -23.431993 -0.264549  -1.570796 -0.000000 1.570796
53  -9.154455 -11.766430 -14.684287  -0.051945 0.000000 1.570796
54  -7.393713 -14.998631 -16.697388  1.792890 -0.139366 0.403518
55  0.396052 3.998728 31.950840  -1.535889 -1.570788 0.000000
56  -3.599828 -32.497406 15.001131  -0.034774 0.003042 -1.483583
57  1.073198 1.711409 3.572255  0.000000 0.033161 -0.000000
58  -1.325720 2.109439 7.526391  0.000000 0.000000 0.000000
time 6
0  0 0 0  0 0 0
1  0.000000 0.000000 0.000000  1.570796 -0.000000 0.000000
2  9.137706 -20.631733 -5.282162  1.769876 0.231525 -1.248639
3  0.000001 13.479276 -0.000001  0.465895 0.000000 -0.000000
4  0.000001 13.477239 0.000000  0.837190 -2.640589 -0.551033
5  -0.267270 3.664727 -1.953295  -0.122336 0.016231 -1.037148
6  0.000001 1.180356 -0.000002  -0.017103 -0.033228 -1.072605
7  0.000000 0.817135 -0.000001  0.011647 -0.003950 -0.887866
8  -0.249422 3.688544 -0.940888  -0.088891 0.035007 -1.030615
9  -0.000001 1.800633 0.000000  0.001455 0.005157 -1.106256
10  0.000000 1.243406 0.000003  0.004098 0.005076 -0.962375
11  -0.244726 3.701096 0.087733  -0.016798 0.022509 -0.903924
12  0.000001 1.766584 -0.000002  0.004255 -0.000839 -1.024328
13  -0.000000 1.189004 -0.000002  -0.011342 -0.013585 -0.917033
14  -0.277239 3.632246 1.274103  0.061049 0.010144 -0.691045
15  -0.000000 1.798494 -0.000002  0.025504 0.027968 -0.831577
16  -0.000000 1.235453 0.000002  -0.007942 0.003151 -0.614012
17  0.315442 0.857300 0.755943  1.939821 0.628497 1.486107
18  0.000001 2.265942 0.000000  -0.055754 -0.036344 -0.301125
19  -0.000001 1.457813 0.000001  -0.032446 0.044557 -0.028039
20  -1.259680 3.818376 1.286947  0.061049 0.010144 -0.691045
21  -1.226390 3.891692 0.090419  -0.016797 0.022509 -0.903924
22  -1.231623 3.875534 -0.958681  -0.088891 0.035007 -1.030615
23  -1.209920 3.994779 -2.003048  -0.122336 0.016231 -1.037148
24  0.328906 0.095429 1.403533  1.939821 0.628497 1.486107
25  0.451532 -29.292873 17.900671  1.416840 -0.236958 2.641175
26  0.868984 -29.664967 19.958431  -1.570796 -0.000000 -1.570796
27  9.137706 -20.631733 -5.282162  -0.051945 -0.000000 -1.570796
28  -9.154455 -11.766430 -14.684287  0.965831 0.048688 -3.086007
29  -0.000001 13.479278 0.000002  0.737569 -0.000000 0.000000
30  -0.000000 13.477238 -0.000005  -0.486795 0.328788 0.362051
31  0.267269 3.664726 -1.953293  -0.460947 0.085209 1.088458
32  -0.000001 1.180354 -0.000001  -0.015239 0.034122 1.127932
33  0.000000 0.817138 -0.000002  0.011847 0.003300 0.943166
34  0.249422 3.688543 -0.940887  -0.424660 0.091165 1.116984
35  0.000002 1.800633 -0.000002  0.000989 -0.005266 1.195710
36  0.000000 1.243404 -0.000001  0.003628 -0.005422 1.051829
37  0.244727 3.701095 0.087734  -0.354828 0.115299 1.122151
38  0.000000 1.766585 -0.000000  0.004336 -0.000101 1.242448
39  -0.000001 1.189002 0.000001  -0.008134 0.015718 1.135168
40  0.277239 3.632248 1.274102  0.054201 -0.011943 0.177044
41  0.000001 1.798494 0.000001  0.035950 -0.011837 0.318251
42  0.000000 1.235451 -0.000002  -0.007454 -0.004176 0.481101
43  -0.315441 0.857301 0.755944  -0.305464 -2.814040 0.955370
44  0.000000 2.265939 0.000000  -0.046734 0.047387 0.515788
45  0.000001 1.457811 0.000001  -0.053364 -0.013780 0.716642
46  1.259680 3.818374 1.286945  0.054201 -0.011943 0.177044
47  1.226390 3.891693 0.090420  -0.354828 0.115299 1.122150
48  1.231623 3.875534 -0.958681  -0.424660 0.091165 1.116984
49  1.209919 3.994781 -2.003047  -0.460947 0.085209 1.088458
50  -0.328907 0.095428 1.403533  -0.305464 -2.814040 0.955370
51  -10.015444 -17.707613 9.732389  1.112042 -0.337840 -2.789417
52  -9.209054 -23.431993 -0.264549  -1.570796 -0.000000 1.570796
53  -9.154455 -11.766430 -14.684287  -0.051945 0.000000 1.570796
54  -7.393713 -14.192406 -16.894138  1.885728 -0.166635 0.416356
55  0.396052 3.998725 31.950838  -1.535889 -1.570788 0.000000
56  -3.599828 -32.497410 15.001129  -0.034774 0.003042 -1.483583
57  1.073199 1.711410 3.572253  -0.000000 0.033161 -0.000000
58  -1.325719 2.109441 7.526391  -0.000000 -0.000000 -0.000000
time 7
0  0 0 0  0 0 0
1  0.000000 0.000000 0.000000  1.570796 -0.000000 0.000000
2  9.003487 -22.518047 -6.421801  1.446113 0.438905 -1.891494
3  0.000000 13.479277 0.000000  0.811227 0.000000 -0.000000
4  0.000003 13.477239 -0.000000  -1.217780 -0.711506 1.717640
5  -0.267269 3.664726 -1.953291  -0.122960 0.010467 -1.083907
6  0.000001 1.180356 0.000001  -0.015515 -0.033998 -1.119849
7  -0.000001 0.817134 -0.000001  0.011820 -0.003396 -0.935087
8  -0.249424 3.688542 -0.940890  -0.090435 0.030787 -1.077560
9  -0.000002 1.800635 0.000001  0.001210 0.005220 -1.153457
10  -0.000001 1.243406 0.000000  0.003854 0.005264 -1.009576
11  -0.244727 3.701097 0.087734  -0.017839 0.021693 -0.951037
12  0.000000 1.766585 0.000001  0.004290 -0.000638 -1.071435
13  -0.000002 1.189004 -0.000002  -0.010690 -0.014104 -0.964142
14  -0.277240 3.632247 1.274103  0.067625 0.010663 -0.717901
15  -0.000001 1.798494 0.000001  0.024743 0.028643 -0.858443
16  0.000001 1.235451 0.000001  -0.008024 0.002937 -0.640875
17  0.315441 0.857299 0.755943  1.942872 0.643327 1.491765
18  0.000000 2.265940 -0.000000  -0.055197 -0.037184 -0.316255
19  0.000000 1.457811 0.000000  -0.033117 0.044061 -0.043189
20  -1.259682 3.818375 1.286945  0.067625 0.010663 -0.717901
21  -1.226392 3.891693 0.090419  -0.017839 0.021693 -0.951036
22  -1.231624 3.875534 -0.958681  -0.090435 0.030788 -1.077560
23  -1.209919 3.994782 -2.003046  -0.122960 0.010467 -1.083906
24  0.328906 0.095429 1.403535  1.942872 0.643327 1.491765
25  -0.700556 -29.950886 15.120483  1.593554 -0.198278 2.790343
26  1.746065 -33.171707 19.988731  -1.570796 -0.000000 -1.570796
27  9.003487 -22.518047 -6.421801  -0.051945 -0.000000 -1.570796
28  -9.154455 -11.766430 -14.684287  0.890006 0.050764 -3.083429
29  0.000000 13.479277 0.000001  0.923735 -0.000000 0.000000
30  -0.000000 13.477239 -0.000000  -0.665980 0.309032 0.315777
31  0.267270 3.664726 -1.953293  -0.460947 0.085209 1.088458
32  0.000003 1.180355 -0.000002  -0.015239 0.034122 1.127932
33  -0.000001 0.817135 0.000000  0.011847 0.003300 0.943166
34  0.249423 3.688541 -0.940889  -0.424660 0.091165 1.116984
35  0.000002 1.800632 -0.000002  0.000989 -0.005266 1.195711
36  -0.000000 1.243407 0.000000  0.003628 -0.005422 1.051829
37  0.244725 3.701095 0.087733  -0.354828 0.115299 1.122151
38  -0.000001 1.766584 0.000002  0.004336 -0.000101 1.242448
39  0.000000 1.189004 -0.000000  -0.008134 0.015718 1.135168
40  0.277238 3.632246 1.274103  0.054201 -0.011943 0.177044
41  -0.000001 1.798494 -0.000000  0.035950 -0.011837 0.318251
42  0.000000 1.235452 0.000001  -0.007454 -0.004176 0.481101
43  -0.315441 0.857298 0.755944  -0.305464 -2.814040 0.955370
44  0.000003 2.265939 0.000003  -0.046734 0.047387 0.515787
45  0.000002 1.457812 0.000002  -0.053364 -0.013780 0.716642
46  1.259682 3.818374 1.286945  0.054201 -0.011943 0.177044
47  1.226391 3.891693 0.090419  -0.354828 0.115299 1.122150
48  1.231622 3.875533 -0.958679  -0.424660 0.091165 1.116984
49  1.209919 3.994781 -2.003048  -0.460947 0.085209 1.088458
50  -0.328907 0.095428 1.403532  -0.305463 -2.814040 0.955370
51  -10.042965 -17.068810 8.840471  1.065580 -0.319305 -2.845219
52  -9.209054 -23.431993 -0.264549  -1.570796 -0.000000 1.570796
53  -9.154455 -11.766430 -14.684287  -0.051945 0.000000 1.570796
54  -7.393713 -13.339077 -16.655340  1.958311 -0.120624 0.402403
55  0.396055 3.998726 31.950834  -1.535889 -1.570788 0.000000
56  -0.126952 -8.347892 9.547710  -0.034774 0.003042 -1.483583
57  1.073198 1.711409 3.572254  0.000000 0.033161 -0.000000
58  -1.325720 2.109442 7.526390  0.000000 -0.000000 -0.000000
time 8
0  0 0 0  0 0 0
1  0.000000 0.000000 0.000000  1.570796 -0.000000 0.000000
2  9.029444 -25.775818 -6.417395  1.317081 0.413531 -2.641795
3  0.000001 13.479278 0.000003  0.919159 0.000000 -0.000000
4  -0.000000 13.477238 -0.000001  -0.452579 -0.249533 0.896200
5  -0.267269 3.664725 -1.953293  -0.123326 0.004355 -1.133284
6  -0.000002 1.180355 -0.000001  -0.013801 -0.034729 -1.169702
7  0.000001 0.817137 -0.000002  0.011974 -0.002803 -0.984913
8  -0.249423 3.688540 -0.940889  -0.091849 0.026258 -1.127126
9  0.000002 1.800633 -0.000002  0.000949 0.005274 -1.203280
10  0.000001 1.243406 0.000000  0.003587 0.005449 -1.059398
11  -0.244726 3.701093 0.087731  -0.018896 0.020779 -1.000792
12  0.000000 1.766584 0.000001  0.004317 -0.000424 -1.121183
13  0.000001 1.189004 0.000000  -0.009976 -0.014619 -1.013893
14  -0.277239 3.632249 1.274102  0.074542 0.011401 -0.746216
15  0.000000 1.798492 0.000000  0.023922 0.029332 -0.886776
16  -0.000001 1.235452 -0.000001  -0.008104 0.002708 -0.669204
17  0.315441 0.857300 0.755944  1.946239 0.658941 1.497858
18  -0.000002 2.265938 -0.000000  -0.054598 -0.038059 -0.332194
19  -0.000003 1.457812 -0.000000  -0.033816 0.043527 -0.059148
20  -1.259681 3.818375 1.286947  0.074542 0.011401 -0.746216
21  -1.226390 3.891693 0.090420  -0.018896 0.020779 -1.000792
22  -1.231623 3.875533 -0.958679  -0.091849 0.026258 -1.127126
23  -1.209918 3.994783 -2.003047  -0.123326 0.004355 -1.133283
24  0.328906 0.095427 1.403532  1.946239 0.658941 1.497858
25  -1.677524 -25.996744 15.238003  -1.337706 -2.978572 -0.234933
26  2.468369 -36.598125 18.523792  -1.570796 -0.000000 -1.570796
27  9.029444 -25.775818 -6.417395  -0.051945 -0.000000 -1.570796
28  -9.154455 -11.766430 -14.684287  0.841493 0.045098 -3.090462
29  -0.000000 13.479280 0.000001  1.089511 -0.000000 0.000000
30  -0.000001 13.477239 0.000005  -0.837361 0.233840 0.274574
31  0.267271 3.664726 -1.953291  -0.460947 0.085209 1.088458
32  -0.000003 1.180355 0.000001  -0.015239 0.034122 1.127932
33  0.000001 0.817135 -0.000002  0.011847 0.003300 0.943166
34  0.249424 3.688540 -0.940888  -0.424660 0.091165 1.116984
35  0.000003 1.800633 -0.000001  0.000989 -0.005266 1.195711
36  0.000001 1.243406 0.000000  0.003628 -0.005422 1.051829
37  0.244728 3.701098 0.087733  -0.354828 0.115299 1.122151
38  0.000003 1.766585 0.000000  0.004336 -0.000101 1.242448
39  0.000000 1.189007 0.000002  -0.008134 0.015718 1.135168
40  0.277241 3.632251 1.274103  0.054201 -0.011943 0.177044
41  0.000002 1.798494 0.000002  0.035950 -0.011837 0.318251
42  0.000002 1.235451 0.000000  -0.007454 -0.004176 0.481101
43  -0.315440 0.857301 0.755945  -0.305464 -2.814040 0.955370
44  0.000002 2.265940 -0.000002  -0.046734 0.047387 0.515787
45  0.000000 1.457810 -0.000001  -0.053364 -0.013780 0.716641
46  1.259682 3.818375 1.286946  0.054201 -0.011943 0.177044
47  1.226392 3.891695 0.090420  -0.354828 0.115299 1.122150
48  1.231624 3.875536 -0.958679  -0.424660 0.091165 1.116984
49  1.209920 3.994782 -2.003048  -0.460947 0.085209 1.088458
50  -0.328905 0.095430 1.403533  -0.305463 -2.814040 0.955370
51  -9.958500 -16.044678 7.954519  1.045110 -0.290004 -2.960824
52  -9.209054 -23.431993 -0.264549  -1.570796 -0.000000 1.570796
53  -9.154455 -11.766430 -14.684287  -0.051945 0.000000 1.570796
54  -7.393713 -12.520519 -16.066607  2.028493 -0.017707 0.373644
55  0.396053 3.998728 31.950838  -1.535889 -1.570788 0.000000
56  0.676151 -2.763312 8.286608  -0.034774 0.003042 -1.483583
57  1.073199 1.711411 3.572254  -0.000000 0.033161 -0.000000
58  -1.325718 2.109442 7.526389  -0.000000 -0.000000 -0.000000
time 9
0  0 0 0  0 0 0
1  0.000000 0.000000 0.000000  1.570796 -0.000000 0.000000
2  9.079185 -29.538624 -6.379691  -1.512689 2.775063 0.273493
3  0.000000 13.479276 0.000003  0.624718 0.000000 -0.000000
4  -0.000001 13.477239 0.000000  -0.184704 0.001572 0.653799
5  -0.267270 3.664723 -1.953295  -0.123388 -0.001932 -1.183978
6  -0.000002 1.180357 -0.000001  -0.012008 -0.035388 -1.220843
7  0.000002 0.817136 -0.000000  0.012102 -0.002187 -1.036023
8  -0.249422 3.688542 -0.940891  -0.093065 0.021541 -1.178005
9  0.000001 1.800632 0.000003  0.000678 0.005315 -1.254404
10  0.000002 1.243407 0.000000  0.003304 0.005625 -1.110522
11  -0.244726 3.701094 0.087731  -0.019932 0.019787 -1.051875
12  0.000000 1.766585 0.000001  0.004333 -0.000203 -1.172261
13  0.000000 1.189003 -0.000000  -0.009216 -0.015109 -1.064974
14  -0.277239 3.632247 1.274101  0.081614 0.012361 -0.775257
15  0.000001 1.798492 0.000001  0.023059 0.030015 -0.915845
16  0.000001 1.235451 -0.000001  -0.008179 0.002472 -0.698267
17  0.315441 0.857299 0.755943  1.949862 0.674936 1.504255
18  0.000000 2.265940 0.000000  -0.053969 -0.038947 -0.348536
19  0.000000 1.457812 -0.000000  -0.034523 0.042968 -0.075507
20  -1.259681 3.818375 1.286944  0.081614 0.012361 -0.775257
21  -1.226390 3.891693 0.090417  -0.019932 0.019787 -1.051875
22  -1.231623 3.875533 -0.958681  -0.093065 0.021541 -1.178005
23  -1.209919 3.994781 -2.003048  -0.123388 -0.001932 -1.183978
24  0.328906 0.095428 1.403531  1.949862 0.674936 1.504256
25  -1.679887 -22.911861 15.943445  -1.116718 -2.983988 -0.124263
26  2.958504 -39.247345 15.803183  -1.570796 -0.000000 -1.570796
27  9.079185 -29.538624 -6.379691  -0.051945 -0.000000 -1.570796
28  -9.154455 -11.766430 -14.684287  0.817301 0.035064 -3.102900
29  -0.000001 13.479278 -0.000003  1.218339 -0.000000 0.000000
30  0.000001 13.477240 0.000003  -0.971904 0.154644 0.252651
31  0.267269 3.664724 -1.953293  -0.460947 0.085209 1.088458
32  0.000000 1.180355 0.000000  -0.015239 0.034122 1.127932
33  -0.000001 0.817137 -0.000001  0.011847 0.003300 0.943166
34  0.249423 3.688540 -0.940889  -0.424660 0.091165 1.116984
35  0.000000 1.800633 -0.000001  0.000989 -0.005266 1.195710
36  0.000001 1.243405 -0.000001  0.003628 -0.005422 1.051829
37  0.244727 3.701094 0.087733  -0.354828 0.115299 1.122151
38  -0.000002 1.766586 0.000001  0.004336 -0.000101 1.242448
39  -0.000001 1.189004 0.000002  -0.008134 0.015718 1.135168
40  0.277239 3.632246 1.274102  0.054201 -0.011943 0.177044
41  0.000000 1.798494 0.000001  0.035950 -0.011837 0.318250
42  -0.000001 1.235450 -0.000001  -0.007454 -0.004176 0.481101
43  -0.315441 0.857298 0.755943  -0.305463 -2.814040 0.955370
44  0.000002 2.265940 0.000002  -0.046734 0.047387 0.515787
45  -0.000001 1.457812 -0.000000  -0.053363 -0.013780 0.716642
46  1.259681 3.818372 1.286945  0.054201 -0.011943 0.177044
47  1.226391 3.891691 0.090419  -0.354828 0.115299 1.122150
48  1.231622 3.875531 -0.958681  -0.424660 0.091165 1.116984
49  1.209920 3.994780 -2.003047  -0.460947 0.085209 1.088458
50  -0.328906 0.095426 1.403533  -0.305464 -2.814040 0.955370
51  -9.797751 -14.974537 7.178720  1.040907 -0.258999 -3.075003
52  -9.209054 -23.431993 -0.264549  -1.570796 -0.000000 1.570796
53  -9.154455 -11.766430 -14.684287  -0.051945 0.000000 1.570796
54  -7.393712 -11.818611 -15.319433  2.076389 0.087496 0.344997
55  0.396053 3.998726 31.950836  -1.535889 -1.570788 0.000000
56  1.088554 0.104441 7.639013  -0.034774 0.003042 -1.483583
57  1.073198 1.711409 3.572254  -0.000000 0.033161 -0.000000
58  -1.325718 2.109440 7.526388  -0.000000 -0.000000 -0.000000
time 10
0  0 0 0  0 0 0
1  0.000000 0.000000 0.000000  1.570796 -0.000000 0.000000
2  9.110515 -31.340815 -6.271962  -1.392907 2.783961 0.208946
3  -0.000000 13.479276 0.000002  0.461317 -0.000000 -0.000000
4  -0.000001 13.477239 -0.000003  0.073820 0.152207 0.558781
5  -0.267270 3.664725 -1.953291  -0.123131 -0.008214 -1.234674
6  -0.000002 1.180355 0.000001  -0.010186 -0.035955 -1.271938
7  0.000000 0.817135 0.000002  0.012198 -0.001567 -1.087085
8  -0.249422 3.688539 -0.940890  -0.094040 0.016768 -1.228873
9  0.000001 1.800633 0.000001  0.000406 0.005343 -1.305496
10  -0.000000 1.243407 0.000003  0.003012 0.005787 -1.161614
11  -0.244726 3.701095 0.087734  -0.020916 0.018744 -1.102957
12  0.000001 1.766585 -0.000000  0.004337 0.000018 -1.223336
13  0.000001 1.189005 0.000002  -0.008433 -0.015560 -1.116054
14  -0.277239 3.632248 1.274103  0.088655 0.013526 -0.804291
15  -0.000001 1.798496 0.000003  0.022177 0.030672 -0.944913
16  -0.000001 1.235452 -0.000002  -0.008247 0.002233 -0.727329
17  0.315442 0.857299 0.755945  1.953665 0.690912 1.510812
18  -0.000001 2.265942 0.000002  -0.053326 -0.039823 -0.364872
19  0.000001 1.457815 0.000000  -0.035221 0.042398 -0.091859
20  -1.259681 3.818376 1.286946  0.088655 0.013526 -0.804291
21  -1.226391 3.891691 0.090419  -0.020916 0.018744 -1.102957
22  -1.231623 3.875535 -0.958680  -0.094040 0.016768 -1.228873
23  -1.209919 3.994781 -2.003047  -0.123131 -0.008214 -1.234674
24  0.328907 0.095428 1.403533  1.953665 0.690912 1.510812
25  -1.298897 -22.891214 16.286983  -0.918930 -2.955215 0.013411
26  3.139080 -40.310226 14.338242  -1.570796 -0.000000 -1.570796
27  9.110515 -31.340815 -6.271962  -0.051945 -0.000000 -1.570796
28  -9.154455 -11.766430 -14.684287  0.809426 0.027286 -3.112530
29  0.000000 13.479278 0.000001  1.301849 -0.000000 0.000000
30  0.000000 13.477240 -0.000000  -1.055006 0.121922 0.233787
31  0.267269 3.664727 -1.953294  -0.460947 0.085209 1.088458
32  -0.000000 1.180355 0.000002  -0.015239 0.034122 1.127932
33  0.000001 0.817135 0.000000  0.011847 0.003300 0.943166
34  0.249423 3.688543 -0.940890  -0.424660 0.091165 1.116984
35  0.000000 1.800632 -0.000002  0.000989 -0.005266 1.195710
36  -0.000001 1.243407 0.000001  0.003628 -0.005422 1.051829
37  0.244726 3.701096 0.087732  -0.354828 0.115299 1.122151
38  -0.000001 1.766585 0.000000  0.004336 -0.000101 1.242448
39  -0.000000 1.189003 -0.000000  -0.008134 0.015718 1.135168
40  0.277240 3.632249 1.274102  0.054201 -0.011943 0.177044
41  -0.000002 1.798495 0.000000  0.035950 -0.011837 0.318251
42  0.000001 1.235450 -0.000001  -0.007454 -0.004176 0.481101
43  -0.315441 0.857301 0.755944  -0.305463 -2.814040 0.955370
44  0.000000 2.265940 0.000000  -0.046734 0.047387 0.515787
45  0.000001 1.457810 0.000000  -0.053364 -0.013780 0.716641
46  1.259681 3.818375 1.286945  0.054201 -0.011943 0.177044
47  1.226391 3.891694 0.090419  -0.354828 0.115299 1.122150
48  1.231624 3.875535 -0.958681  -0.424660 0.091165 1.116984
49  1.209920 3.994782 -2.003047  -0.460947 0.085209 1.088458
50  -0.328906 0.095429 1.403533  -0.305464 -2.814040 0.955370
51  -9.666926 -14.147367 6.619513  1.043448 -0.235477 -3.126962
52  -9.209054 -23.431993 -0.264549  -1.570796 -0.000000 1.570796
53  -9.154455 -11.766430 -14.684287  -0.051945 0.000000 1.570796
54  -7.393712 -11.315228 -14.605313  2.091892 0.136487 0.323120
55  0.396053 3.998731 31.950834  -1.535889 -1.570788 0.000000
56  1.240493 1.160982 7.400428  -0.034774 0.003042 -1.483583
57  1.073199 1.711410 3.572254  0.000000 0.033161 -0.000000
58  -1.325719 2.109442 7.526388  0.000000 0.000000 0.000000
time 11
0  0 0 0  0 0 0
1  0.000000 0.000000 0.000000  1.570796 -0.000000 0.000000
2  9.098289 -31.095421 -5.528317  -1.481693 2.801066 0.158244
3  0.000000 13.479276 0.000001  0.613296 0.000000 -0.000000
4  0.000000 13.477239 0.000003  0.192338 0.389280 0.438887
5  -0.267270 3.664727 -1.953292  -0.122574 -0.014312 -1.284054
6  0.000002 1.180356 -0.000001  -0.008387 -0.036417 -1.321657
7  -0.000001 0.817135 -0.000001  0.012261 -0.000959 -1.136770
8  -0.249424 3.688542 -0.940886  -0.094754 0.012078 -1.278410
9  -0.000001 1.800634 0.000001  0.000140 0.005357 -1.355229
10  0.000000 1.243407 0.000002  0.002721 0.005929 -1.211347
11  -0.244727 3.701095 0.087735  -0.021822 0.017680 -1.152706
12  -0.000001 1.766585 -0.000001  0.004331 0.000234 -1.273081
13  -0.000000 1.189004 -0.000002  -0.007649 -0.015960 -1.165804
14  -0.277240 3.632249 1.274105  0.095483 0.014858 -0.832586
15  0.000000 1.798492 0.000001  0.021300 0.031288 -0.973247
16  -0.000001 1.235451 -0.000000  -0.008307 0.001999 -0.755655
17  0.315440 0.857300 0.755946  1.957555 0.706470 1.517367
18  0.000002 2.265941 -0.000002  -0.052685 -0.040667 -0.380797
19  -0.000001 1.457812 -0.000001  -0.035892 0.041832 -0.107797
20  -1.259682 3.818376 1.286947  0.095483 0.014858 -0.832585
21  -1.226391 3.891694 0.090420  -0.021822 0.017680 -1.152706
22  -1.231624 3.875537 -0.958679  -0.094754 0.012078 -1.278410
23  -1.209920 3.994783 -2.003047  -0.122574 -0.014312 -1.284054
24  0.328905 0.095429 1.403533  1.957555 0.706471 1.517367
25  -0.283439 -22.560951 16.822634  -0.761947 -2.905144 0.194974
26  3.059116 -39.585579 15.078583  -1.570796 -0.000000 -1.570796
27  9.098289 -31.095421 -5.528317  -0.051945 -0.000000 -1.570796
28  -9.154455 -11.766430 -14.684287  0.806299 0.025639 -3.114568
29  -0.000000 13.479276 0.000002  1.345054 -0.000000 0.000000
30  -0.000000 13.477240 -0.000000  -1.080302 0.157215 0.199851
31  0.267269 3.664726 -1.953292  -0.460947 0.085209 1.088458
32  0.000000 1.180355 -0.000001  -0.015239 0.034122 1.127932
33  0.000000 0.817135 -0.000001  0.011847 0.003300 0.943166
34  0.249423 3.688542 -0.940889  -0.424660 0.091165 1.116984
35  0.000001 1.800634 0.000000  0.000989 -0.005266 1.195710
36  0.000001 1.243405 -0.000000  0.003628 -0.005422 1.051829
37  0.244727 3.701096 0.087734  -0.354828 0.115299 1.122151
38  0.000001 1.766584 -0.000000  0.004336 -0.000101 1.242448
39  0.000000 1.189004 0.000000  -0.008134 0.015718 1.135168
40  0.277240 3.632248 1.274103  0.054201 -0.011943 0.177044
41  -0.000001 1.798495 -0.000002  0.035950 -0.011837 0.318251
42  0.000001 1.235452 -0.000001  -0.007454 -0.004176 0.481101
43  -0.315441 0.857300 0.755944  -0.305463 -2.814040 0.955370
44  0.000001 2.265939 -0.000000  -0.046734 0.047387 0.515787
45  -0.000003 1.457811 0.000000  -0.053364 -0.013780 0.716642
46  1.259681 3.818374 1.286946  0.054201 -0.011943 0.177044
47  1.226391 3.891694 0.090419  -0.354828 0.115299 1.122150
48  1.231624 3.875535 -0.958681  -0.424660 0.091165 1.116984
49  1.209919 3.994782 -2.003048  -0.460947 0.085209 1.088458
50  -0.328906 0.095428 1.403534  -0.305463 -2.814040 0.955370
51  -9.640171 -13.718242 6.305434  1.052827 -0.226869 -3.090581
52  -9.209054 -23.431993 -0.264549  -1.570796 -0.000000 1.570796
53  -9.154455 -11.766430 -14.684287  -0.051945 0.000000 1.570796
54  -7.393711 -11.024754 -14.047471  2.071319 0.102642 0.311761
55  0.396053 3.998727 31.950834  -1.535889 -1.570788 0.000000
56  1.262199 1.311918 7.366340  -0.034774 0.003042 -1.483583
57  1.073200 1.711408 3.572252  -0.000000 0.033161 0.000000
58  -1.325717 2.109440 7.526387  -0.000000 -0.000000 0.000000
time 12
0  0 0 0  0 0 0
1  0.000000 0.000000 0.000000  1.570796 -0.000000 0.000000
2  9.052687 -30.448477 -3.824932  -1.594448 2.812070 0.136864
3  0.000002 13.479279 -0.000001  0.917754 0.000000 -0.000000
4  -0.000000 13.477240 0.000001  0.106816 0.631493 0.220515
5  -0.267269 3.664730 -1.953291  -0.121770 -0.020054 -1.330819
6  -0.000002 1.180355 0.000000  -0.006666 -0.036770 -1.368693
7  0.000001 0.817137 -0.000000  0.012292 -0.000382 -1.183772
8  -0.249424 3.688545 -0.940887  -0.095216 0.007609 -1.325308
9  -0.000001 1.800633 0.000000  -0.000112 0.005357 -1.402290
10  0.000001 1.243406 0.000002  0.002439 0.006051 -1.258408
11  -0.244727 3.701098 0.087735  -0.022630 0.016633 -1.199810
12  0.000000 1.766584 0.000000  0.004315 0.000438 -1.320180
13  -0.000001 1.189006 -0.000003  -0.006889 -0.016302 -1.212909
14  -0.277239 3.632250 1.274103  0.101921 0.016300 -0.859410
15  -0.000001 1.798494 -0.000000  0.020452 0.031849 -1.000114
16  -0.000001 1.235451 -0.000000  -0.008358 0.001775 -0.782513
17  0.315441 0.857304 0.755946  1.961421 0.721216 1.523744
18  0.000001 2.265940 -0.000001  -0.052065 -0.041459 -0.395904
19  -0.000001 1.457812 -0.000002  -0.036520 0.041285 -0.122915
20  -1.259681 3.818377 1.286946  0.101921 0.016300 -0.859410
21  -1.226391 3.891695 0.090422  -0.022631 0.016633 -1.199810
22  -1.231624 3.875535 -0.958679  -0.095216 0.007609 -1.325308
23  -1.209920 3.994783 -2.003046  -0.121771 -0.020054 -1.330819
24  0.328906 0.095431 1.403534  1.961421 0.721216 1.523744
25  0.637561 -21.322952 16.910559  -0.636984 -2.852325 0.381395
26  2.848301 -37.675156 17.030396  -1.570796 -0.000000 -1.570796
27  9.052687 -30.448477 -3.824932  -0.051945 -0.000000 -1.570796
28  -9.154455 -11.766430 -14.684287  0.800227 0.026506 -3.113496
29  0.000001 13.479280 0.000000  1.364028 -0.000000 0.000000
30  0.000000 13.477240 0.000000  -1.053454 0.227859 0.157618
31  0.267270 3.664726 -1.953291  -0.460947 0.085209 1.088458
32  -0.000000 1.180355 -0.000001  -0.015239 0.034122 1.127932
33  0.000000 0.817137 -0.000001  0.011847 0.003300 0.943166
34  0.249423 3.688540 -0.940888  -0.424660 0.091165 1.116984
35  0.000000 1.800633 -0.000000  0.000989 -0.005266 1.195711
36  -0.000001 1.243405 -0.000001  0.003628 -0.005422 1.051829
37  0.244726 3.701095 0.087733  -0.354828 0.115299 1.122151
38  -0.000000 1.766585 0.000001  0.004336 -0.000101 1.242448
39  -0.000000 1.189002 0.000001  -0.008134 0.015718 1.135168
40  0.277239 3.632246 1.274102  0.054201 -0.011943 0.177044
41  0.000001 1.798495 0.000000  0.035950 -0.011837 0.318251
42  0.000000 1.235451 0.000001  -0.007454 -0.004176 0.481101
43  -0.315442 0.857299 0.755944  -0.305464 -2.814040 0.955370
44  -0.000001 2.265939 0.000000  -0.046734 0.047387 0.515788
45  -0.000000 1.457811 0.000001  -0.053363 -0.013780 0.716642
46  1.259682 3.818374 1.286946  0.054201 -0.011943 0.177044
47  1.226391 3.891692 0.090419  -0.354828 0.115299 1.122150
48  1.231622 3.875534 -0.958679  -0.424660 0.091165 1.116984
49  1.209918 3.994782 -2.003047  -0.460947 0.085209 1.088458
50  -0.328906 0.095428 1.403532  -0.305463 -2.814040 0.955370
51  -9.654610 -13.633339 6.151689  1.082023 -0.229512 -3.008809
52  -9.209054 -23.431993 -0.264549  -1.570796 -0.000000 1.570796
53  -9.154455 -11.766430 -14.684287  -0.051945 0.000000 1.570796
54  -7.393711 -10.875592 -13.628263  2.017049 0.027181 0.308260
55  0.396051 3.998727 31.950840  -1.535889 -1.570788 0.000000
56  1.262198 1.311917 7.366343  -0.030233 0.017451 -1.047461
57  1.073198 1.711408 3.572254  0.000000 0.033161 0.000000
58  -1.325719 2.109442 7.526391  0.000000 0.000000 0.000000
time 13
0  0 0 0  0 0 0
1  0.000000 0.000000 0.000000  1.570796 -0.000000 0.000000
2  8.984501 -29.533831 -1.488177  -1.656745 2.821213 0.124556
3  0.000000 13.479275 0.000000  1.161862 0.000000 -0.000000
4  0.000000 13.477240 0.000002  -0.063121 0.764448 -0.077490
5  -0.267268 3.664727 -1.953292  -0.120799 -0.025279 -1.373692
6  0.000002 1.180357 0.000000  -0.005076 -0.037023 -1.411771
7  -0.000001 0.817135 0.000001  0.012297 0.000148 -1.226819
8  -0.249422 3.688543 -0.940889  -0.095455 0.003498 -1.368292
9  -0.000000 1.800635 0.000002  -0.000343 0.005347 -1.445404
10  0.000000 1.243408 -0.000001  0.002176 0.006150 -1.301522
11  -0.244726 3.701095 0.087733  -0.023327 0.015641 -1.242984
12  0.000001 1.766586 -0.000001  0.004292 0.000623 -1.363350
13  -0.000001 1.189005 -0.000000  -0.006179 -0.016584 -1.256084
14  -0.277239 3.632249 1.274102  0.107799 0.017775 -0.884042
15  0.000000 1.798494 -0.000001  0.019660 0.032344 -1.024789
16  0.000001 1.235451 -0.000001  -0.008399 0.001568 -0.807180
17  0.315441 0.857302 0.755944  1.965131 0.734754 1.529747
18  -0.000001 2.265939 -0.000004  -0.051484 -0.042178 -0.409790
19  0.000001 1.457810 0.000003  -0.037090 0.040773 -0.136810
20  -1.259681 3.818376 1.286947  0.107799 0.017775 -0.884042
21  -1.226390 3.891694 0.090419  -0.023327 0.015641 -1.242984
22  -1.231624 3.875536 -0.958680  -0.095455 0.003498 -1.368292
23  -1.209919 3.994783 -2.003048  -0.120799 -0.025279 -1.373692
24  0.328906 0.095430 1.403532  1.965131 0.734754 1.529748
25  1.458336 -19.689814 17.332470  -0.529484 -2.809207 0.535819
26  2.550255 -34.974201 19.789852  -1.570796 -0.000000 -1.570796
27  8.984501 -29.533831 -1.488177  -0.051945 -0.000000 -1.570796
28  -9.154455 -11.766430 -14.684287  0.789009 0.024641 -3.115804
29  -0.000001 13.479278 0.000001  1.367677 -0.000000 0.000000
30  0.000001 13.477240 0.000001  -0.977514 0.300564 0.117993
31  0.267269 3.664726 -1.953294  -0.460947 0.085209 1.088458
32  0.000001 1.180354 0.000001  -0.015239 0.034122 1.127932
33  -0.000001 0.817136 0.000000  0.011847 0.003300 0.943166
34  0.249422 3.688540 -0.940889  -0.424660 0.091165 1.116984
35  -0.000000 1.800634 0.000000  0.000989 -0.005266 1.195711
36  -0.000001 1.243407 0.000001  0.003628 -0.005422 1.051829
37  0.244727 3.701095 0.087733  -0.354828 0.115299 1.122151
38  0.000001 1.766584 0.000002  0.004336 -0.000101 1.242448
39  0.000001 1.189003 0.000001  -0.008134 0.015718 1.135168
40  0.277238 3.632247 1.274101  0.054201 -0.011943 0.177044
41  0.000000 1.798495 -0.000001  0.035950 -0.011837 0.318251
42  0.000000 1.235452 -0.000000  -0.007454 -0.004176 0.481101
43  -0.315443 0.857300 0.755942  -0.305464 -2.814040 0.955370
44  -0.000002 2.265940 -0.000001  -0.046734 0.047387 0.515787
45  0.000000 1.457811 0.000000  -0.053364 -0.013780 0.716642
46  1.259681 3.818374 1.286944  0.054201 -0.011943 0.177044
47  1.226390 3.891692 0.090418  -0.354828 0.115299 1.122150
48  1.231622 3.875534 -0.958682  -0.424660 0.091165 1.116984
49  1.209918 3.994781 -2.003048  -0.460947 0.085209 1.088458
50  -0.328906 0.095428 1.403532  -0.305463 -2.814040 0.955370
51  -9.613888 -13.823773 6.103451  1.140898 -0.236133 -2.924871
52  -9.209054 -23.431993 -0.264549  -1.570796 -0.000000 1.570796
53  -9.154455 -11.766430 -14.684287  -0.051945 0.000000 1.570796
54  -7.393710 -10.820638 -13.327887  1.932707 -0.048402 0.305708
55  0.396050 3.998730 31.950842  -1.535889 -1.570788 0.000000
56  1.262197 1.311919 7.366343  -0.020027 0.028592 -0.611152
57  1.073197 1.711410 3.572255  -0.000000 0.033161 0.000000
58  -1.325720 2.109442 7.526390  -0.000000 -0.000000 0.000000
time 14
0  0 0 0  0 0 0
1  0.000000 0.000000 0.000000  1.570796 -0.000000 0.000000
2  8.904517 -28.485336 1.155576  -1.671879 2.829195 0.114626
3  -0.000001 13.479277 0.000001  1.346835 0.000000 -0.000000
4  0.000000 13.477239 -0.000001  -0.228408 0.774928 -0.346418
5  -0.267270 3.664725 -1.953292  -0.119759 -0.029840 -1.411434
6  0.000001 1.180354 -0.000001  -0.003670 -0.037189 -1.449659
7  0.000001 0.817136 0.000000  0.012283 0.000613 -1.264678
8  -0.249423 3.688542 -0.940889  -0.095519 -0.000126 -1.406121
9  -0.000000 1.800633 -0.000001  -0.000546 0.005331 -1.483331
10  -0.000001 1.243405 -0.000004  0.001941 0.006228 -1.339449
11  -0.244728 3.701095 0.087734  -0.023905 0.014743 -1.280980
12  -0.000000 1.766583 -0.000002  0.004265 0.000786 -1.401343
13  0.000002 1.189005 -0.000000  -0.005544 -0.016807 -1.294082
14  -0.277240 3.632247 1.274102  0.112955 0.019197 -0.905769
15  -0.000001 1.798494 -0.000000  0.018951 0.032764 -1.046557
16  0.000000 1.235451 0.000001  -0.008431 0.001385 -0.828939
17  0.315441 0.857299 0.755943  1.968538 0.746696 1.535169
18  -0.000000 2.265939 0.000001  -0.050963 -0.042806 -0.422050
19  -0.000001 1.457811 0.000001  -0.037587 0.040316 -0.149077
20  -1.259682 3.818375 1.286945  0.112954 0.019197 -0.905769
21  -1.226391 3.891692 0.090419  -0.023905 0.014743 -1.280980
22  -1.231624 3.875533 -0.958680  -0.095519 -0.000126 -1.406121
23  -1.209919 3.994780 -2.003047  -0.119759 -0.029840 -1.411434
24  0.328905 0.095428 1.403534  1.968538 0.746696 1.535169
25  2.190978 -17.772190 18.012007  -0.423438 -2.783301 0.619914
26  2.208590 -31.877993 22.953136  -1.570796 -0.000000 -1.570796
27  8.904517 -28.485336 1.155576  -0.051945 -0.000000 -1.570796
28  -9.154455 -11.766430 -14.684287  0.774377 0.017228 -3.124974
29  -0.000001 13.479278 0.000003  1.360210 -0.000000 0.000000
30  -0.000000 13.477239 0.000002  -0.851409 0.338945 0.095466
31  0.267271 3.664727 -1.953294  -0.460947 0.085209 1.088458
32  0.000001 1.180354 0.000001  -0.015239 0.034122 1.127932
33  0.000001 0.817134 -0.000000  0.011847 0.003300 0.943166
34  0.249423 3.688543 -0.940890  -0.424660 0.091165 1.116984
35  0.000001 1.800633 0.000000  0.000989 -0.005266 1.195711
36  -0.000000 1.243406 -0.000001  0.003628 -0.005422 1.051829
37  0.244728 3.701097 0.087733  -0.354828 0.115299 1.122151
38  0.000000 1.766584 0.000001  0.004336 -0.000101 1.242448
39  0.000001 1.189003 0.000001  -0.008134 0.015718 1.135168
40  0.277240 3.632250 1.274102  0.054201 -0.011943 0.177044
41  -0.000000 1.798493 -0.000000  0.035950 -0.011838 0.318250
42  -0.000000 1.235451 0.000000  -0.007454 -0.004176 0.481101
43  -0.315440 0.857301 0.755944  -0.305464 -2.814040 0.955370
44  -0.000001 2.265939 -0.000001  -0.046734 0.047387 0.515787
45  0.000000 1.457811 -0.000001  -0.053363 -0.013780 0.716642
46  1.259683 3.818376 1.286945  0.054201 -0.011943 0.177044
47  1.226392 3.891694 0.090419  -0.354828 0.115299 1.122150
48  1.231624 3.875535 -0.958681  -0.424660 0.091165 1.116984
49  1.209920 3.994783 -2.003047  -0.460947 0.085209 1.088458
50  -0.328905 0.095429 1.403532  -0.305464 -2.814040 0.955370
51  -9.472569 -14.205722 6.128701  1.239582 -0.239746 -2.882759
52  -9.209054 -23.431993 -0.264549  -1.570796 -0.000000 1.570796
53  -9.154455 -11.766430 -14.684287  -0.051945 0.000000 1.570796
54  -7.393710 -10.812787 -13.126535  1.823308 -0.083085 0.293799
55  0.396052 3.998731 31.950838  -1.535889 -1.570788 0.000000
56  1.262199 1.311917 7.366343  -0.020027 0.028592 -0.611152
57  1.073198 1.711409 3.572254  0.000000 0.033161 -0.000000
58  -1.325719 2.109441 7.526390  0.000000 0.000000 -0.000000
time 15
0  0 0 0  0 0 0
1  0.000000 0.000000 0.000000  1.570796 -0.000000 0.000000
2  8.823526 -27.436838 3.779956  -1.515195 2.834515 0.216657
3  0.000001 13.479280 -0.000002  1.503593 0.000000 -0.000000
4  0.000000 13.477239 -0.000000  -0.484626 0.647360 -0.518573
5  -0.267270 3.664726 -1.953292  -0.118763 -0.033601 -1.442837
6  -0.000001 1.180355 0.000001  -0.002498 -0.037286 -1.481158
7  -0.000000 0.817135 -0.000001  0.012257 0.000999 -1.296152
8  -0.249423 3.688541 -0.940887  -0.095467 -0.003140 -1.437589
9  -0.000000 1.800634 -0.000001  -0.000714 0.005311 -1.514868
10  -0.000000 1.243405 0.000001  0.001744 0.006286 -1.370986
11  -0.244727 3.701096 0.087734  -0.024359 0.013981 -1.312586
12  0.000000 1.766585 0.000000  0.004239 0.000921 -1.432948
13  -0.000000 1.189003 -0.000002  -0.005010 -0.016974 -1.325691
14  -0.277240 3.632249 1.274103  0.117230 0.020468 -0.923884
15  0.000001 1.798495 -0.000001  0.018354 0.033102 -1.064707
16  0.000000 1.235451 0.000000  -0.008455 0.001232 -0.847082
17  0.315440 0.857299 0.755946  1.971480 0.756655 1.539784
18  -0.000001 2.265939 -0.000000  -0.050523 -0.043325 -0.432285
19  0.000001 1.457811 0.000002  -0.037998 0.039929 -0.159316
20  -1.259681 3.818374 1.286945  0.117230 0.020468 -0.923884
21  -1.226392 3.891693 0.090421  -0.024359 0.013981 -1.312586
22  -1.231624 3.875534 -0.958679  -0.095467 -0.003140 -1.437589
23  -1.209920 3.994782 -2.003047  -0.118763 -0.033601 -1.442837
24  0.328905 0.095428 1.403533  1.971480 0.756655 1.539784
25  1.747095 -14.430563 16.756844  -0.333698 -2.772208 0.662738
26  1.866926 -28.781782 26.116417  -1.570796 -0.000000 -1.570796
27  8.823526 -27.436838 3.779956  -0.051945 -0.000000 -1.570796
28  -9.154455 -11.766430 -14.684287  0.816318 0.002018 3.139407
29  -0.000001 13.479277 0.000000  1.235726 -0.000000 0.000000
30  -0.000000 13.477239 0.000002  -0.624898 0.337123 0.089818
31  0.267271 3.664726 -1.953293  -0.460947 0.085209 1.088458
32  -0.000000 1.180355 -0.000000  -0.015239 0.034122 1.127932
33  -0.000001 0.817136 0.000000  0.011847 0.003300 0.943166
34  0.249424 3.688542 -0.940889  -0.424660 0.091165 1.116984
35  0.000001 1.800633 -0.000001  0.000989 -0.005266 1.195711
36  -0.000000 1.243405 0.000000  0.003628 -0.005422 1.051829
37  0.244727 3.701096 0.087733  -0.354828 0.115299 1.122151
38  -0.000000 1.766584 -0.000000  0.004336 -0.000101 1.242448
39  0.000000 1.189004 0.000001  -0.008134 0.015718 1.135168
40  0.277240 3.632248 1.274102  0.054201 -0.011943 0.177044
41  0.000000 1.798495 0.000001  0.035950 -0.011837 0.318251
42  0.000000 1.235451 -0.000001  -0.007454 -0.004176 0.481101
43  -0.315441 0.857300 0.755944  -0.305464 -2.814040 0.955370
44  0.000000 2.265938 0.000000  -0.046734 0.047387 0.515788
45  -0.000001 1.457810 0.000000  -0.053364 -0.013780 0.716642
46  1.259681 3.818375 1.286945  0.054201 -0.011943 0.177044
47  1.226391 3.891693 0.090419  -0.354828 0.115299 1.122150
48  1.231624 3.875535 -0.958681  -0.424660 0.091165 1.116984
49  1.209921 3.994781 -2.003050  -0.460947 0.085209 1.088458
50  -0.328906 0.095429 1.403532  -0.305464 -2.814040 0.955370
51  -9.204927 -14.760034 7.082204  1.381703 -0.228223 -2.879945
52  -9.209054 -23.431993 -0.264549  -1.570796 -0.000000 1.570796
53  -9.154455 -11.766430 -14.684287  -0.051945 0.000000 1.570796
54  -7.393710 -11.671782 -13.004404  1.687422 -0.081889 0.258251
55  0.396050 3.998729 31.950838  -1.535889 -1.570788 0.000000
56  1.262198 1.311919 7.366341  -0.020027 0.028592 -0.611152
57  1.073198 1.711411 3.572252  -0.000000 0.033161 0.000000
58  -1.325720 2.109443 7.526388  -0.000000 -0.000000 0.000000
time 16
0  0 0 0  0 0 0
1  0.000000 0.000000 0.000000  1.570796 -0.000000 0.000000
2  8.752317 -26.522192 6.058591  -1.367813 2.865003 0.389739
3  0.000001 13.479278 -0.000003  1.483124 0.000000 -0.000000
4  -0.000000 13.477240 0.000000  -0.445765 0.612656 -0.397645
5  -0.267269 3.664727 -1.953293  -0.117926 -0.036439 -1.466722
6  -0.000001 1.180354 -0.000001  -0.001605 -0.037335 -1.505098
7  -0.000001 0.817136 -0.000003  0.012230 0.001292 -1.320075
8  -0.249422 3.688542 -0.940889  -0.095365 -0.005430 -1.461519
9  -0.000002 1.800634 -0.000001  -0.000841 0.005292 -1.538842
10  -0.000000 1.243406 0.000001  0.001592 0.006326 -1.394960
11  -0.244726 3.701096 0.087734  -0.024687 0.013391 -1.336619
12  -0.000001 1.766585 -0.000000  0.004215 0.001022 -1.456980
13  -0.000000 1.189005 -0.000002  -0.004601 -0.017089 -1.349726
14  -0.277239 3.632248 1.274102  0.120472 0.021489 -0.937688
15  -0.000001 1.798494 0.000000  0.017894 0.033353 -1.078538
16  0.000001 1.235450 -0.000001  -0.008471 0.001115 -0.860907
17  0.315441 0.857300 0.755945  1.973786 0.764245 1.543362
18  -0.000000 2.265939 0.000001  -0.050183 -0.043718 -0.440091
19  0.000000 1.457812 -0.000002  -0.038308 0.039631 -0.167125
20  -1.259681 3.818375 1.286946  0.120472 0.021489 -0.937688
21  -1.226390 3.891694 0.090420  -0.024687 0.013391 -1.336619
22  -1.231623 3.875535 -0.958680  -0.095365 -0.005430 -1.461519
23  -1.209919 3.994782 -2.003046  -0.117926 -0.036439 -1.466722
24  0.328907 0.095429 1.403533  1.973786 0.764245 1.543362
25  -0.309058 -12.835585 17.266897  -0.219327 -2.753309 0.661618
26  1.568878 -26.080832 28.875874  -1.570796 -0.000000 -1.570796
27  8.752317 -26.522192 6.058591  -0.051945 -0.000000 -1.570796
28  -9.154455 -11.766430 -14.684287  0.957848 -0.016134 3.116967
29  -0.000002 13.479279 -0.000003  0.927375 -0.000000 0.000000
30  -0.000001 13.477238 0.000001  -0.303250 0.314728 0.095807
31  0.267267 3.664726 -1.953290  -0.460947 0.085209 1.088458
32  0.000000 1.180355 -0.000002  -0.015239 0.034122 1.127932
33  -0.000000 0.817133 0.000000  0.011847 0.003300 0.943166
34  0.249421 3.688540 -0.940888  -0.424660 0.091165 1.116984
35  -0.000000 1.800633 -0.000000  0.000989 -0.005266 1.195710
36  0.000001 1.243406 -0.000000  0.003628 -0.005422 1.051829
37  0.244725 3.701095 0.087734  -0.354828 0.115299 1.122151
38  0.000001 1.766585 -0.000001  0.004336 -0.000101 1.242448
39  -0.000000 1.189004 -0.000001  -0.008134 0.015718 1.135168
40  0.277238 3.632247 1.274104  0.054201 -0.011943 0.177044
41  0.000001 1.798495 0.000001  0.035950 -0.011837 0.318251
42  -0.000002 1.235450 -0.000000  -0.007454 -0.004176 0.481101
43  -0.315443 0.857299 0.755945  -0.305463 -2.814040 0.955370
44  -0.000000 2.265940 -0.000001  -0.046735 0.047387 0.515787
45  -0.000003 1.457812 0.000001  -0.053364 -0.013780 0.716642
46  1.259680 3.818374 1.286946  0.054201 -0.011943 0.177044
47  1.226390 3.891692 0.090420  -0.354828 0.115299 1.122150
48  1.231622 3.875535 -0.958678  -0.424660 0.091165 1.116984
49  1.209916 3.994781 -2.003046  -0.460947 0.085209 1.088458
50  -0.328908 0.095428 1.403534  -0.305463 -2.814040 0.955370
51  -8.858250 -15.361046 9.153758  1.536949 -0.198793 -2.891165
52  -9.209054 -23.431993 -0.264549  -1.570796 -0.000000 1.570796
53  -9.154455 -11.766430 -14.684287  -0.051945 0.000000 1.570796
54  -7.393709 -13.561567 -12.941688  1.546421 -0.071209 0.202104
55  0.396052 3.998727 31.950836  -1.535889 -1.570788 0.000000
56  1.262199 1.311917 7.366343  -0.020027 0.028592 -0.611152
57  1.073199 1.711409 3.572253  0.000000 0.033161 -0.000000
58  -1.325719 2.109441 7.526389  0.000000 0.000000 -0.000000
time 17
0  0 0 0  0 0 0
1  0.000000 0.000000 0.000000  1.570796 -0.000000 0.000000
2  8.701679 -25.875250 7.665111  -1.378395 2.886335 0.412475
3  0.000003 13.479274 0.000001  1.444859 0.000000 -0.000000
4  -0.000001 13.477240 -0.000000  -0.216343 0.633622 -0.261832
5  -0.267268 3.664725 -1.953289  -0.117359 -0.038234 -1.481919
6  0.000001 1.180354 0.000001  -0.001036 -0.037355 -1.520324
7  -0.000000 0.817134 0.000002  0.012209 0.001478 -1.335289
8  -0.249422 3.688541 -0.940886  -0.095271 -0.006886 -1.476741
9  0.000000 1.800633 0.000001  -0.000921 0.005279 -1.554089
10  0.000000 1.243404 -0.000001  0.001496 0.006350 -1.410207
11  -0.244725 3.701095 0.087736  -0.024889 0.013012 -1.351908
12  0.000000 1.766585 0.000000  0.004199 0.001086 -1.472268
13  0.000001 1.189004 0.000002  -0.004339 -0.017158 -1.365016
14  -0.277237 3.632246 1.274103  0.122531 0.022163 -0.946484
15  -0.000002 1.798495 0.000001  0.017600 0.033509 -1.087352
16  0.000000 1.235449 0.000001  -0.008481 0.001040 -0.869717
17  0.315442 0.857300 0.755947  1.975285 0.769083 1.545670
18  -0.000001 2.265941 0.000000  -0.049965 -0.043967 -0.445069
19  -0.000002 1.457811 -0.000000  -0.038505 0.039440 -0.172105
20  -1.259681 3.818374 1.286948  0.122531 0.022163 -0.946484
21  -1.226389 3.891692 0.090421  -0.024889 0.013012 -1.351908
22  -1.231621 3.875534 -0.958679  -0.095271 -0.006886 -1.476741
23  -1.209918 3.994781 -2.003046  -0.117359 -0.038234 -1.481919
24  0.328907 0.095428 1.403533  1.975285 0.769083 1.545670
25  -0.574952 -12.444336 19.600166  -0.077606 -2.742615 0.596728
26  1.358065 -24.170401 30.827682  -1.570796 -0.000000 -1.570796
27  8.701679 -25.875250 7.665111  -0.051945 -0.000000 -1.570796
28  -9.154455 -11.766430 -14.684287  1.188414 -0.027772 3.102568
29  0.000000 13.479279 0.000002  0.457676 -0.000000 0.000000
30  -0.000001 13.477239 0.000001  0.057081 0.262613 0.115970
31  0.267272 3.664725 -1.953292  -0.460947 0.085209 1.088458
32  -0.000001 1.180355 -0.000002  -0.015239 0.034122 1.127932
33  0.000002 0.817137 0.000002  0.011847 0.003300 0.943166
34  0.249423 3.688541 -0.940888  -0.424660 0.091165 1.116984
35  -0.000000 1.800633 -0.000001  0.000989 -0.005266 1.195710
36  0.000002 1.243406 -0.000003  0.003628 -0.005422 1.051829
37  0.244727 3.701095 0.087733  -0.354828 0.115299 1.122151
38  -0.000001 1.766584 -0.000001  0.004336 -0.000101 1.242448
39  -0.000001 1.189003 -0.000001  -0.008134 0.015718 1.135168
40  0.277240 3.632246 1.274103  0.054201 -0.011943 0.177044
41  0.000000 1.798495 -0.000001  0.035950 -0.011837 0.318251
42  -0.000000 1.235451 -0.000001  -0.007454 -0.004176 0.481101
43  -0.315440 0.857298 0.755944  -0.305464 -2.814040 0.955370
44  0.000001 2.265939 -0.000000  -0.046734 0.047387 0.515787
45  0.000000 1.457812 0.000000  -0.053363 -0.013780 0.716641
46  1.259682 3.818374 1.286946  0.054201 -0.011943 0.177044
47  1.226391 3.891692 0.090420  -0.354828 0.115299 1.122151
48  1.231624 3.875533 -0.958679  -0.424660 0.091165 1.116984
49  1.209920 3.994781 -2.003048  -0.460947 0.085209 1.088458
50  -0.328905 0.095427 1.403533  -0.305463 -2.814040 0.955370
51  -8.591228 -15.807208 11.250313  -1.477746 -2.983393 0.217408
52  -9.209054 -23.431993 -0.264549  -1.570796 -0.000000 1.570796
53  -9.154455 -11.766430 -14.684287  -0.051945 0.000000 1.570796
54  -7.393709 -15.451353 -12.918582  1.437592 -0.041828 0.139804
55  0.396052 3.998729 31.950842  -1.535889 -1.570788 0.000000
56  1.262198 1.311918 7.366346  -0.020027 0.028592 -0.611152
57  1.073198 1.711408 3.572255  0.000000 0.033161 0.000000
58  -1.325719 2.109442 7.526393  0.000000 0.000000 0.000000
time 18
0  0 0 0  0 0 0
1  0.000000 0.000000 0.000000  1.570796 -0.000000 0.000000
2  8.682403 -25.629856 8.273147  1.745454 0.244166 -2.708411
3  0.000001 13.479275 0.000001  1.422696 0.000000 -0.000000
4  -0.000001 13.477242 -0.000002  -0.060809 0.617969 -0.114260
5  -0.267271 3.664726 -1.953290  -0.117153 -0.038862 -1.487251
6  0.000001 1.180354 -0.000001  -0.000837 -0.037360 -1.525664
7  -0.000002 0.817136 0.000002  0.012201 0.001543 -1.340625
8  -0.249424 3.688541 -0.940887  -0.095233 -0.007396 -1.482082
9  0.000000 1.800632 -0.000000  -0.000949 0.005274 -1.559438
10  0.000000 1.243406 -0.000001  0.001462 0.006358 -1.415556
11  -0.244728 3.701096 0.087735  -0.024959 0.012878 -1.357271
12  0.000000 1.766584 -0.000000  0.004193 0.001109 -1.477631
13  0.000000 1.189006 0.000001  -0.004247 -0.017181 -1.370381
14  -0.277240 3.632249 1.274102  0.123253 0.022404 -0.949572
15  0.000001 1.798494 -0.000002  0.017496 0.033563 -1.090447
16  -0.000000 1.235450 -0.000003  -0.008484 0.001014 -0.872811
17  0.315440 0.857299 0.755946  1.975817 0.770781 1.546485
18  0.000000 2.265939 0.000001  -0.049888 -0.044055 -0.446818
19  0.000000 1.457811 0.000001  -0.038574 0.039372 -0.173855
20  -1.259682 3.818374 1.286947  0.123253 0.022404 -0.949572
21  -1.226392 3.891692 0.090422  -0.024959 0.012878 -1.357271
22  -1.231624 3.875533 -0.958677  -0.095233 -0.007396 -1.482082
23  -1.209921 3.994781 -2.003046  -0.117154 -0.038862 -1.487251
24  0.328906 0.095428 1.403533  1.975817 0.770781 1.546485
25  -0.789325 -12.587737 20.805660  -0.003590 -2.764048 0.516659
26  1.278101 -23.445757 31.568027  -1.570796 -0.000000 -1.570796
27  8.682403 -25.629856 8.273147  -0.051945 -0.000000 -1.570796
28  -9.154455 -11.766430 -14.684287  1.415514 -0.030156 3.099618
29  -0.000001 13.479276 -0.000001  0.004798 0.000000 0.000000
30  -0.000000 13.477240 -0.000002  0.325146 0.183297 0.114596
31  0.267270 3.664725 -1.953292  -0.460947 0.085209 1.088458
32  0.000001 1.180356 -0.000001  -0.015239 0.034122 1.127932
33  -0.000001 0.817135 0.000003  0.011847 0.003300 0.943165
34  0.249423 3.688540 -0.940888  -0.424660 0.091165 1.116984
35  -0.000000 1.800633 0.000001  0.000989 -0.005266 1.195711
36  0.000000 1.243403 0.000000  0.003628 -0.005422 1.051829
37  0.244727 3.701094 0.087734  -0.354828 0.115299 1.122151
38  -0.000002 1.766585 0.000000  0.004336 -0.000101 1.242448
39  -0.000001 1.189003 0.000001  -0.008134 0.015718 1.135168
40  0.277240 3.632246 1.274101  0.054201 -0.011943 0.177044
41  0.000000 1.798494 -0.000002  0.035950 -0.011837 0.318251
42  0.000001 1.235450 -0.000001  -0.007454 -0.004176 0.481101
43  -0.315439 0.857300 0.755943  -0.305464 -2.814040 0.955370
44  0.000001 2.265939 -0.000002  -0.046734 0.047387 0.515788
45  0.000002 1.457811 -0.000000  -0.053364 -0.013780 0.716641
46  1.259682 3.818373 1.286946  0.054201 -0.011943 0.177044
47  1.226391 3.891692 0.090419  -0.354828 0.115299 1.122150
48  1.231624 3.875532 -0.958680  -0.424660 0.091165 1.116984
49  1.209920 3.994781 -2.003047  -0.460947 0.085209 1.088458
50  -0.328906 0.095427 1.403532  -0.305464 -2.814040 0.955370
51  -8.518479 -15.938650 12.184685  -1.421066 -3.028103 0.157693
52  -9.209054 -23.431993 -0.264549  -1.570796 -0.000000 1.570796
53  -9.154455 -11.766430 -14.684287  -0.051945 0.000000 1.570796
54  -7.393709 -16.310347 -12.915281  1.396906 0.015131 0.085934
55  0.396052 3.998729 31.950840  -1.535889 -1.570788 0.000000
56  1.262199 1.311917 7.366343  -0.020027 0.028592 -0.611152
57  1.073199 1.711408 3.572255  0.000000 0.033161 -0.000000
58  -1.325719 2.109442 7.526390  0.000000 -0.000000 -0.000000
time 19
0  0 0 0  0 0 0
1  0.000000 0.000000 0.000000  1.570796 -0.000000 0.000000
2  8.681372 -25.702635 5.220698  1.735500 0.208919 -2.639827
3  0.000003 13.479276 -0.000000  1.407653 0.000000 -0.000000
4  -0.000000 13.477238 0.000001  0.019901 0.585633 0.080758
5  -0.267270 3.664727 -1.953293  -0.117153 -0.038862 -1.487251
6  -0.000000 1.180355 -0.000002  -0.000837 -0.037360 -1.525665
7  0.000000 0.817136 -0.000001  0.012201 0.001543 -1.340625
8  -0.249423 3.688540 -0.940887  -0.095233 -0.007396 -1.482082
9  -0.000001 1.800633 -0.000003  -0.000949 0.005274 -1.559438
10  0.000001 1.243405 0.000002  0.001462 0.006358 -1.415556
11  -0.244727 3.701095 0.087735  -0.024959 0.012878 -1.357271
12  -0.000000 1.766585 -0.000000  0.004193 0.001109 -1.477631
13  -0.000000 1.189003 -0.000001  -0.004247 -0.017181 -1.370380
14  -0.277239 3.632247 1.274102  0.123253 0.022404 -0.949572
15  -0.000000 1.798495 -0.000001  0.017496 0.033563 -1.090447
16  -0.000001 1.235453 -0.000000  -0.008484 0.001014 -0.872811
17  0.315441 0.857299 0.755943  1.975817 0.770781 1.546485
18  -0.000001 2.265939 0.000002  -0.049888 -0.044055 -0.446818
19  0.000000 1.457812 0.000002  -0.038574 0.039372 -0.173855
20  -1.259681 3.818374 1.286946  0.123253 0.022404 -0.949572
21  -1.226391 3.891692 0.090420  -0.024959 0.012878 -1.357271
22  -1.231624 3.875533 -0.958679  -0.095233 -0.007396 -1.482082
23  -1.209919 3.994781 -2.003049  -0.117154 -0.038862 -1.487251
24  0.328905 0.095428 1.403534  1.975817 0.770781 1.546485
25  -1.277089 -13.274467 18.207167  0.003541 -2.764384 0.428461
26  1.436201 -23.851152 30.981308  -1.570796 -0.000000 -1.570796
27  8.681372 -25.702635 5.220698  -0.051945 -0.000000 -1.570796
28  -9.154455 -11.766430 -14.684287  1.235519 -0.023130 3.108313
29  -0.000001 13.479278 0.000002  0.354677 -0.000000 0.000000
30  -0.000001 13.477240 -0.000002  0.144170 0.105466 0.053974
31  0.267269 3.664727 -1.953294  -0.460947 0.085209 1.088458
32  -0.000001 1.180354 0.000000  -0.015239 0.034122 1.127932
33  0.000002 0.817134 0.000001  0.011847 0.003300 0.943166
34  0.249422 3.688542 -0.940891  -0.424660 0.091165 1.116984
35  0.000000 1.800634 -0.000001  0.000989 -0.005266 1.195711
36  0.000000 1.243406 0.000003  0.003628 -0.005422 1.051829
37  0.244726 3.701096 0.087732  -0.354828 0.115299 1.122151
38  -0.000003 1.766585 -0.000001  0.004336 -0.000101 1.242448
39  0.000002 1.189002 0.000001  -0.008134 0.015718 1.135168
40  0.277238 3.632248 1.274101  0.054201 -0.011943 0.177044
41  0.000001 1.798494 0.000002  0.035950 -0.011837 0.318251
42  -0.000000 1.235450 -0.000002  -0.007454 -0.004176 0.481101
43  -0.315442 0.857300 0.755942  -0.305463 -2.814040 0.955370
44  -0.000001 2.265939 0.000001  -0.046734 0.047387 0.515787
45  0.000000 1.457812 0.000000  -0.053364 -0.013780 0.716642
46  1.259681 3.818375 1.286944  0.054201 -0.011943 0.177044
47  1.226390 3.891693 0.090418  -0.354828 0.115299 1.122150
48  1.231622 3.875534 -0.958683  -0.424660 0.091165 1.116984
49  1.209919 3.994781 -2.003050  -0.460947 0.085209 1.088458
50  -0.328906 0.095428 1.403531  -0.305463 -2.814040 0.955370
51  -8.687642 -15.957924 11.512080  -1.415413 -3.062881 0.071446
52  -9.209054 -23.431993 -0.264549  -1.570796 -0.000000 1.570796
53  -9.154455 -11.766430 -14.684287  -0.051945 0.000000 1.570796
54  -7.453640 -15.674483 -13.028997  1.401161 0.100732 0.050955
55  0.396052 3.998728 31.950840  -1.535889 -1.570788 0.000000
56  1.262198 1.311918 7.366343  -0.020027 0.028592 -0.611152
57  1.006888 1.711410 1.573353  0.000000 0.033161 0.000000
58  -1.325719 2.109442 7.526388  0.000000 0.000000 0.000000
time 20
0  0 0 0  0 0 0
1  0.000000 0.000000 0.000000  1.570796 -0.000000 0.000000
2  8.651967 -25.894505 1.622526  1.725648 0.186364 -2.581875
3  0.000000 13.479276 0.000000  1.407699 0.000000 -0.000000
4  -0.000000 13.477241 0.000001  0.057754 0.566741 0.243418
5  -0.267269 3.664726 -1.953295  -0.117154 -0.038862 -1.487251
6  -0.000001 1.180354 0.000000  -0.000837 -0.037360 -1.525664
7  -0.000001 0.817135 -0.000001  0.012201 0.001543 -1.340625
8  -0.249423 3.688541 -0.940890  -0.095233 -0.007396 -1.482082
9  0.000000 1.800634 -0.000000  -0.000949 0.005274 -1.559438
10  -0.000000 1.243405 0.000000  0.001462 0.006358 -1.415556
11  -0.244727 3.701096 0.087732  -0.024959 0.012878 -1.357271
12  -0.000001 1.766585 -0.000000  0.004193 0.001109 -1.477631
13  -0.000001 1.189004 0.000000  -0.004247 -0.017181 -1.370380
14  -0.277239 3.632249 1.274100  0.123253 0.022404 -0.949572
15  0.000000 1.798494 -0.000002  0.017496 0.033563 -1.090446
16  0.000000 1.235452 -0.000000  -0.008484 0.001014 -0.872811
17  0.315441 0.857301 0.755942  1.975817 0.770781 1.546485
18  0.000002 2.265939 0.000000  -0.049888 -0.044055 -0.446818
19  -0.000001 1.457812 -0.000000  -0.038574 0.039372 -0.173855
20  -1.259681 3.818375 1.286945  0.123253 0.022404 -0.949572
21  -1.226390 3.891693 0.090418  -0.024959 0.012878 -1.357271
22  -1.231623 3.875534 -0.958681  -0.095233 -0.007396 -1.482082
23  -1.209919 3.994781 -2.003049  -0.117154 -0.038862 -1.487251
24  0.328906 0.095428 1.403531  1.975817 0.770781 1.546485
25  -1.715056 -14.034663 14.818405  0.001005 -2.754489 0.343232
26  1.853014 -24.919918 29.434502  -1.570796 -0.000000 -1.570796
27  8.651967 -25.894505 1.622526  -0.051945 -0.000000 -1.570796
28  -9.154455 -11.766430 -14.684287  1.037712 -0.011125 3.123160
29  -0.000000 13.479278 -0.000002  0.722914 -0.000000 0.000000
30  -0.000000 13.477239 0.000002  -0.033270 0.012151 0.044038
31  0.267269 3.664726 -1.953292  -0.460947 0.085209 1.088458
32  -0.000000 1.180356 -0.000002  -0.015239 0.034122 1.127932
33  -0.000000 0.817135 0.000002  0.011847 0.003300 0.943166
34  0.249422 3.688542 -0.940887  -0.424660 0.091165 1.116984
35  -0.000000 1.800633 0.000002  0.000989 -0.005266 1.195710
36  -0.000002 1.243407 0.000001  0.003628 -0.005422 1.051829
37  0.244726 3.701097 0.087735  -0.354828 0.115299 1.122151
38  0.000001 1.766585 0.000000  0.004336 -0.000101 1.242448
39  0.000001 1.189002 -0.000001  -0.008134 0.015718 1.135168
40  0.277238 3.632248 1.274104  0.054201 -0.011943 0.177044
41  0.000000 1.798494 -0.000001  0.035950 -0.011837 0.318250
42  0.000000 1.235451 0.000001  -0.007454 -0.004176 0.481101
43  -0.315442 0.857300 0.755946  -0.305464 -2.814040 0.955370
44  0.000001 2.265939 0.000001  -0.046734 0.047387 0.515788
45  -0.000003 1.457811 0.000000  -0.053364 -0.013780 0.716642
46  1.259680 3.818375 1.286947  0.054201 -0.011943 0.177044
47  1.226390 3.891693 0.090422  -0.354828 0.115299 1.122150
48  1.231623 3.875535 -0.958679  -0.424660 0.091165 1.116984
49  1.209918 3.994782 -2.003045  -0.460947 0.085209 1.088458
50  -0.328907 0.095429 1.403535  -0.305463 -2.814040 0.955370
51  -8.957520 -16.077726 10.157314  -1.414627 -3.084929 -0.014800
52  -9.209054 -23.431993 -0.264549  -1.570796 -0.000000 1.570796
53  -9.154455 -11.766430 -14.684287  -0.051945 0.000000 1.570796
54  -7.567993 -14.348227 -13.261271  1.404495 0.186856 0.029351
55  0.396052 3.998729 31.950836  -1.535889 -1.570788 0.000000
56  1.262199 1.311918 7.366343  -0.020027 0.028592 -0.611151
57  0.940578 1.711410 -0.425547  0.000000 0.033161 -0.000000
58  -1.325718 2.109441 7.526385  0.000000 0.000000 0.000000
time 21
0  0 0 0  0 0 0
1  0.000000 0.000000 0.000000  1.570796 -0.000000 0.000000
2  8.600962 -26.165768 0.781578  1.713412 0.198959 -2.574237
3  0.000000 13.479279 -0.000001  1.440557 0.000000 -0.000000
4  0.000000 13.477239 -0.000000  0.045803 0.559512 0.302310
5  -0.267269 3.664726 -1.953293  -0.117154 -0.038862 -1.487251
6  -0.000001 1.180355 -0.000000  -0.000837 -0.037360 -1.525664
7  -0.000000 0.817135 -0.000000  0.012201 0.001543 -1.340625
8  -0.249423 3.688541 -0.940890  -0.095233 -0.007396 -1.482082
9  -0.000000 1.800633 0.000000  -0.000949 0.005274 -1.559438
10  0.000000 1.243406 0.000001  0.001462 0.006358 -1.415556
11  -0.244726 3.701095 0.087733  -0.024959 0.012878 -1.357271
12  0.000001 1.766586 0.000000  0.004193 0.001109 -1.477631
13  -0.000001 1.189005 0.000000  -0.004247 -0.017181 -1.370380
14  -0.277239 3.632248 1.274101  0.123253 0.022404 -0.949573
15  0.000001 1.798494 0.000000  0.017496 0.033563 -1.090447
16  -0.000001 1.235452 0.000000  -0.008484 0.001014 -0.872811
17  0.315441 0.857300 0.755945  1.975817 0.770782 1.546485
18  -0.000000 2.265941 -0.000001  -0.049888 -0.044055 -0.446818
19  0.000001 1.457811 0.000000  -0.038574 0.039372 -0.173855
20  -1.259681 3.818375 1.286946  0.123253 0.022404 -0.949572
21  -1.226390 3.891693 0.090419  -0.024959 0.012878 -1.357271
22  -1.231623 3.875535 -0.958681  -0.095233 -0.007396 -1.482082
23  -1.209919 3.994782 -2.003048  -0.117154 -0.038862 -1.487251
24  0.328906 0.095429 1.403532  1.975817 0.770781 1.546485
25  -1.865946 -14.585989 13.696486  -0.004822 -2.776231 0.286507
26  2.442301 -26.430935 27.247643  -1.570796 -0.000000 -1.570796
27  8.600962 -26.165768 0.781578  -0.051945 -0.000000 -1.570796
28  -9.154455 -11.766430 -14.684287  0.911487 -0.002786 3.133469
29  -0.000000 13.479278 0.000000  0.951182 -0.000000 0.000000
30  -0.000001 13.477239 -0.000001  -0.151127 -0.051934 0.052678
31  0.267269 3.664727 -1.953294  -0.460947 0.085209 1.088458
32  0.000001 1.180357 -0.000000  -0.015239 0.034122 1.127932
33  -0.000001 0.817135 -0.000003  0.011847 0.003300 0.943166
34  0.249423 3.688541 -0.940888  -0.424660 0.091165 1.116984
35  0.000000 1.800633 0.000000  0.000989 -0.005266 1.195710
36  0.000000 1.243407 -0.000000  0.003628 -0.005422 1.051829
37  0.244727 3.701095 0.087733  -0.354828 0.115299 1.122151
38  0.000000 1.766584 0.000001  0.004336 -0.000101 1.242448
39  -0.000001 1.189005 0.000000  -0.008134 0.015718 1.135168
40  0.277240 3.632249 1.274102  0.054201 -0.011943 0.177044
41  0.000001 1.798494 -0.000001  0.035950 -0.011837 0.318251
42  0.000000 1.235450 0.000001  -0.007454 -0.004176 0.481101
43  -0.315442 0.857300 0.755943  -0.305464 -2.814040 0.955370
44  0.000000 2.265939 0.000002  -0.046734 0.047387 0.515788
45  0.000001 1.457812 0.000000  -0.053363 -0.013780 0.716642
46  1.259682 3.818375 1.286946  0.054201 -0.011943 0.177044
47  1.226391 3.891693 0.090420  -0.354828 0.115299 1.122150
48  1.231623 3.875534 -0.958679  -0.424660 0.091165 1.116984
49  1.209920 3.994781 -2.003046  -0.460947 0.085209 1.088458
50  -0.328906 0.095429 1.403533  -0.305464 -2.814040 0.955370
51  -9.124393 -16.145752 8.876189  -1.427350 -3.103384 -0.073063
52  -9.209054 -23.431993 -0.264549  -1.570796 -0.000000 1.570796
53  -9.154455 -11.766430 -14.684287  -0.051945 0.000000 1.570796
54  -7.653192 -13.126978 -13.463713  1.417945 0.245453 0.013234
55  0.396051 3.998730 31.950838  -1.535889 -1.570788 0.000000
56  1.262198 1.311918 7.366344  -0.020027 0.028592 -0.611152
57  0.940578 1.711410 -0.425548  -0.000000 0.033161 0.000000
58  -1.325719 2.109443 7.526391  -0.000000 0.000000 0.000000
time 22
0  0 0 0  0 0 0
1  0.000000 0.000000 0.000000  1.570796 -0.000000 0.000000
2  8.560340 -26.476730 0.350490  1.713194 0.222643 -2.591996
3  0.000001 13.479277 -0.000002  1.444931 0.000000 -0.000000
4  0.000000 13.477240 -0.000001  0.031393 0.558868 0.310903
5  -0.267270 3.664726 -1.953291  -0.117154 -0.038862 -1.487251
6  -0.000000 1.180354 0.000000  -0.000837 -0.037360 -1.525664
7  -0.000001 0.817135 -0.000001  0.012201 0.001543 -1.340625
8  -0.249423 3.688541 -0.940887  -0.095233 -0.007396 -1.482082
9  0.000001 1.800632 0.000000  -0.000949 0.005274 -1.559438
10  -0.000000 1.243406 0.000001  0.001462 0.006358 -1.415556
11  -0.244727 3.701096 0.087735  -0.024959 0.012878 -1.357271
12  0.000000 1.766585 0.000001  0.004193 0.001109 -1.477631
13  0.000001 1.189003 0.000001  -0.004247 -0.017181 -1.370381
14  -0.277239 3.632247 1.274103  0.123253 0.022404 -0.949572
15  -0.000001 1.798495 -0.000000  0.017496 0.033563 -1.090447
16  -0.000001 1.235450 0.000000  -0.008484 0.001014 -0.872811
17  0.315441 0.857301 0.755944  1.975817 0.770781 1.546485
18  0.000000 2.265939 -0.000000  -0.049888 -0.044055 -0.446818
19  0.000000 1.457811 0.000000  -0.038574 0.039372 -0.173855
20  -1.259681 3.818375 1.286947  0.123253 0.022404 -0.949572
21  -1.226391 3.891694 0.090420  -0.024959 0.012878 -1.357271
22  -1.231623 3.875534 -0.958678  -0.095233 -0.007396 -1.482082
23  -1.209919 3.994782 -2.003046  -0.117153 -0.038862 -1.487251
24  0.328906 0.095428 1.403533  1.975817 0.770781 1.546485
25  -1.947047 -14.869076 13.145876  -0.024028 -2.800361 0.261103
26  3.117826 -28.163073 24.740753  -1.570796 -0.000000 -1.570796
27  8.560340 -26.476730 0.350490  -0.051945 -0.000000 -1.570796
28  -9.154455 -11.766430 -14.684287  0.853513 -0.000844 3.135869
29  -0.000001 13.479279 -0.000003  1.061423 -0.000000 0.000000
30  0.000000 13.477238 0.000001  -0.229527 -0.085621 0.053386
31  0.267270 3.664727 -1.953294  -0.460947 0.085209 1.088458
32  0.000001 1.180357 -0.000000  -0.015239 0.034122 1.127932
33  -0.000001 0.817135 0.000001  0.011847 0.003300 0.943166
34  0.249423 3.688543 -0.940887  -0.424660 0.091165 1.116984
35  -0.000000 1.800632 0.000001  0.000989 -0.005266 1.195710
36  -0.000000 1.243405 0.000002  0.003628 -0.005422 1.051829
37  0.244727 3.701097 0.087733  -0.354828 0.115299 1.122151
38  -0.000000 1.766585 -0.000003  0.004336 -0.000101 1.242448
39  0.000001 1.189003 0.000001  -0.008134 0.015718 1.135168
40  0.277240 3.632249 1.274102  0.054201 -0.011943 0.177044
41  0.000000 1.798494 0.000000  0.035950 -0.011837 0.318251
42  -0.000001 1.235450 -0.000000  -0.007454 -0.004176 0.481101
43  -0.315441 0.857301 0.755944  -0.305463 -2.814040 0.955370
44  0.000000 2.265939 -0.000001  -0.046734 0.047387 0.515787
45  -0.000000 1.457811 -0.000001  -0.053364 -0.013780 0.716642
46  1.259681 3.818375 1.286945  0.054201 -0.011943 0.177044
47  1.226392 3.891695 0.090419  -0.354828 0.115299 1.122150
48  1.231624 3.875535 -0.958679  -0.424660 0.091165 1.116984
49  1.209919 3.994783 -2.003050  -0.460947 0.085209 1.088458
50  -0.328906 0.095430 1.403532  -0.305464 -2.814040 0.955370
51  -9.159863 -16.079836 8.159646  -1.452767 -3.119555 -0.104347
52  -9.209054 -23.431993 -0.264549  -1.570796 -0.000000 1.570796
53  -9.154455 -11.766430 -14.684287  -0.051945 0.000000 1.570796
54  -7.683968 -12.499743 -13.547595  1.442898 0.277328 0.001322
55  0.396051 3.998730 31.950840  -1.535889 -1.570788 0.000000
56  1.262197 1.311918 7.366346  -0.020027 0.028592 -0.611152
57  0.940577 1.711411 -0.425546  -0.000000 0.033161 -0.000000
58  -1.325719 2.109443 7.526391  -0.000000 -0.000000 0.000000
time 23
0  0 0 0  0 0 0
1  0.000000 0.000000 0.000000  1.570796 -0.000000 0.000000
2  8.528458 -26.787691 0.192548  1.719303 0.251005 -2.626117
3  0.000000 13.479274 0.000000  1.424018 0.000000 -0.000000
4  0.000001 13.477240 -0.000001  0.029670 0.563586 0.292629
5  -0.267269 3.664726 -1.953294  -0.117154 -0.038862 -1.487251
6  -0.000001 1.180355 -0.000000  -0.000837 -0.037360 -1.525664
7  -0.000000 0.817135 -0.000002  0.012201 0.001543 -1.340625
8  -0.249423 3.688542 -0.940889  -0.095233 -0.007396 -1.482082
9  0.000000 1.800633 -0.000000  -0.000949 0.005274 -1.559438
10  -0.000001 1.243407 -0.000001  0.001462 0.006358 -1.415556
11  -0.244726 3.701095 0.087733  -0.024959 0.012878 -1.357271
12  0.000000 1.766584 -0.000001  0.004193 0.001109 -1.477631
13  -0.000000 1.189004 0.000001  -0.004247 -0.017181 -1.370380
14  -0.277239 3.632247 1.274103  0.123253 0.022404 -0.949572
15  0.000001 1.798494 0.000001  0.017496 0.033563 -1.090447
16  -0.000000 1.235452 0.000000  -0.008484 0.001014 -0.872811
17  0.315441 0.857299 0.755944  1.975817 0.770781 1.546485
18  -0.000000 2.265939 -0.000000  -0.049888 -0.044055 -0.446818
19  0.000001 1.457811 0.000000  -0.038574 0.039372 -0.173855
20  -1.259681 3.818374 1.286945  0.123253 0.022404 -0.949572
21  -1.226390 3.891693 0.090419  -0.024959 0.012878 -1.357271
22  -1.231622 3.875533 -0.958681  -0.095233 -0.007396 -1.482082
23  -1.209919 3.994782 -2.003047  -0.117154 -0.038862 -1.487251
24  0.328907 0.095428 1.403532  1.975817 0.770781 1.546485
25  -1.973202 -14.956985 13.082407  -0.044228 -2.820048 0.254522
26  3.793348 -29.895212 22.233864  -1.570796 -0.000000 -1.570796
27  8.528458 -26.787691 0.192548  -0.051945 -0.000000 -1.570796
28  -9.154455 -11.766430 -14.684287  0.842082 -0.002578 3.133725
29  -0.000000 13.479279 -0.000001  1.091922 -0.000000 0.000000
30  0.000001 13.477238 -0.000001  -0.273116 -0.099217 0.046440
31  0.267270 3.664726 -1.953292  -0.460947 0.085209 1.088458
32  -0.000001 1.180355 0.000001  -0.015239 0.034122 1.127932
33  -0.000000 0.817135 -0.000001  0.011847 0.003300 0.943166
34  0.249423 3.688540 -0.940888  -0.424660 0.091165 1.116984
35  0.000002 1.800633 -0.000000  0.000989 -0.005266 1.195710
36  0.000000 1.243404 0.000001  0.003628 -0.005422 1.051829
37  0.244727 3.701095 0.087732  -0.354828 0.115299 1.122151
38  0.000001 1.766585 -0.000002  0.004336 -0.000101 1.242448
39  0.000000 1.189004 -0.000001  -0.008134 0.015718 1.135168
40  0.277239 3.632247 1.274102  0.054201 -0.011943 0.177044
41  0.000001 1.798495 0.000000  0.035950 -0.011837 0.318251
42  -0.000001 1.235451 0.000001  -0.007454 -0.004176 0.481101
43  -0.315441 0.857300 0.755944  -0.305463 -2.814040 0.955370
44  0.000000 2.265939 0.000000  -0.046734 0.047387 0.515788
45  0.000000 1.457811 -0.000001  -0.053363 -0.013780 0.716642
46  1.259681 3.818374 1.286946  0.054201 -0.011943 0.177044
47  1.226391 3.891693 0.090418  -0.354828 0.115299 1.122150
48  1.231623 3.875534 -0.958681  -0.424660 0.091165 1.116984
49  1.209919 3.994781 -2.003045  -0.460947 0.085209 1.088458
50  -0.328906 0.095428 1.403532  -0.305463 -2.814040 0.955370
51  -9.128996 -15.954608 7.968451  1.663912 -0.010553 3.024498
52  -9.209054 -23.431993 -0.264549  -1.570796 -0.000000 1.570796
53  -9.154455 -11.766430 -14.684287  -0.051945 0.000000 1.570796
54  -7.682641 -12.387302 -13.544467  1.467334 0.290536 -0.005999
55  0.396052 3.998729 31.950838  -1.535889 -1.570788 0.000000
56  1.262198 1.311917 7.366346  -0.020027 0.028592 -0.611152
57  0.940578 1.711410 -0.425547  -0.000000 0.033161 0.000000
58  -1.325719 2.109442 7.526389  -0.000000 -0.000000 0.000000
time 24
0  0 0 0  0 0 0
1  0.000000 0.000000 0.000000  1.570796 -0.000000 0.000000
2  8.503669 -27.058956 0.171037  1.727332 0.277684 -2.660159
3  0.000001 13.479277 -0.000001  1.405871 0.000000 -0.000000
4  -0.000000 13.477239 0.000001  0.029961 0.580895 0.264163
5  -0.267270 3.664726 -1.953292  -0.118247 -0.035222 -1.455604
6  -0.000001 1.180356 -0.000001  -0.002020 -0.037315 -1.493956
7  -0.000000 0.817135 0.000001  0.012244 0.001156 -1.308941
8  -0.249423 3.688541 -0.940888  -0.095342 -0.004465 -1.450382
9  -0.000000 1.800632 0.000000  -0.000781 0.005301 -1.527686
10  -0.000000 1.243406 0.000002  0.001663 0.006308 -1.383804
11  -0.244726 3.701095 0.087733  -0.024536 0.013666 -1.325442
12  -0.000000 1.766585 0.000001  0.004226 0.000975 -1.445804
13  0.000001 1.189005 -0.000001  -0.004792 -0.017037 -1.338548
14  -0.277240 3.632248 1.274103  0.124277 -0.003329 -0.712966
15  -0.000000 1.798495 0.000002  0.024898 0.028508 -0.853018
16  -0.000001 1.235451 -0.000000  -0.008007 0.002980 -0.635451
17  0.315441 0.857299 0.755944  1.911260 0.557420 1.441797
18  -0.000001 2.265939 0.000001  -0.058264 -0.032163 -0.227844
19  -0.000001 1.457811 -0.000001  -0.029092 0.046815 0.045360
20  -1.259681 3.818374 1.286947  0.124277 -0.003329 -0.712966
21  -1.226390 3.891694 0.090419  -0.024536 0.013666 -1.325442
22  -1.231623 3.875534 -0.958680  -0.095342 -0.004465 -1.450382
23  -1.209919 3.994782 -2.003047  -0.118247 -0.035222 -1.455604
24  0.328906 0.095429 1.403533  1.911260 0.557420 1.441797
25  -1.971508 -14.957039 13.083517  -0.053562 -2.828211 0.254901
26  4.382635 -31.406227 20.047001  -1.570796 -0.000000 -1.570796
27  8.503669 -27.058956 0.171037  -0.051945 -0.000000 -1.570796
28  -9.154455 -11.766430 -14.684287  0.840423 -0.004172 3.131755
29  0.000000 13.479278 -0.000002  1.100719 -0.000000 0.000000
30  -0.000000 13.477239 -0.000001  -0.291152 -0.101491 0.041749
31  0.267268 3.664726 -1.953293  -0.460947 0.085209 1.088458
32  0.000000 1.180354 -0.000002  -0.015239 0.034122 1.127932
33  0.000000 0.817136 -0.000001  0.011847 0.003300 0.943166
34  0.249422 3.688541 -0.940889  -0.424660 0.091165 1.116984
35  0.000001 1.800632 0.000001  0.000989 -0.005266 1.195711
36  0.000000 1.243407 0.000000  0.003628 -0.005422 1.051829
37  0.244725 3.701095 0.087733  -0.354828 0.115299 1.122151
38  0.000001 1.766584 0.000002  0.004336 -0.000101 1.242448
39  -0.000000 1.189004 -0.000000  -0.008134 0.015718 1.135168
40  0.277239 3.632249 1.274102  0.054201 -0.011943 0.177044
41  -0.000000 1.798492 -0.000000  0.035950 -0.011837 0.318251
42  -0.000001 1.235452 -0.000000  -0.007454 -0.004176 0.481101
43  -0.315442 0.857300 0.755944  -0.305463 -2.814040 0.955370
44  -0.000001 2.265940 0.000000  -0.046734 0.047387 0.515787
45  0.000000 1.457810 0.000001  -0.053363 -0.013780 0.716642
46  1.259681 3.818374 1.286946  0.054201 -0.011943 0.177044
47  1.226391 3.891693 0.090419  -0.354828 0.115299 1.122151
48  1.231623 3.875534 -0.958682  -0.424660 0.091165 1.116984
49  1.209919 3.994783 -2.003047  -0.460947 0.085209 1.088458
50  -0.328906 0.095429 1.403533  -0.305464 -2.814040 0.955370
51  -9.100630 -15.881883 7.918881  1.652678 -0.006184 3.022057
52  -9.209054 -23.431993 -0.264549  -1.570796 -0.000000 1.570796
53  -9.154455 -11.766430 -14.684287  -0.051945 0.000000 1.570796
54  -7.673353 -12.371240 -13.522573  1.478423 0.293148 -0.008473
55  0.396052 3.998729 31.950836  -1.535889 -1.570788 0.000000
56  1.262198 1.311918 7.366344  -0.020027 0.028592 -0.611152
57  0.940578 1.711409 -0.425547  0.000000 0.033161 0.000000
58  -1.325718 2.109441 7.526390  0.000000 0.000000 0.000000
time 25
0  0 0 0  0 0 0
1  0.000000 0.000000 0.000000  1.570796 -0.000000 0.000000
2  8.560873 -27.250826 1.621497  -1.392500 2.817155 0.455695
3  -0.000001 13.479275 -0.000001  1.473625 0.000000 -0.000000
4  0.000000 13.477242 -0.000000  0.134003 0.676027 0.244105
5  -0.267270 3.664728 -1.953293  -0.120673 -0.024996 -1.368267
6  -0.000000 1.180354 -0.000000  -0.005278 -0.036995 -1.406327
7  0.000001 0.817135 0.000002  0.012298 0.000081 -1.221378
8  -0.249423 3.688543 -0.940888  -0.095174 0.003647 -1.362862
9  0.000001 1.800633 -0.000001  -0.000314 0.005349 -1.439962
10  0.000000 1.243408 0.000000  0.002209 0.006138 -1.296080
11  -0.244726 3.701097 0.087733  -0.023242 0.015767 -1.237558
12  0.000001 1.766584 0.000000  0.004296 0.000600 -1.357925
13  0.000001 1.189004 -0.000000  -0.006268 -0.016551 -1.250658
14  -0.277240 3.632250 1.274102  0.110417 -0.036330 -0.399478
15  -0.000000 1.798493 0.000000  0.032501 0.019398 -0.538209
16  0.000000 1.235452 -0.000001  -0.006691 0.005314 -0.320609
17  0.315441 0.857301 0.755944  1.876820 0.340236 1.362069
18  0.000000 2.265939 -0.000000  -0.063910 -0.018545 -0.006050
19  -0.000000 1.457811 0.000001  -0.018058 0.052073 0.267709
20  -1.259681 3.818376 1.286945  0.110417 -0.036330 -0.399478
21  -1.226391 3.891694 0.090420  -0.023242 0.015767 -1.237558
22  -1.231623 3.875535 -0.958679  -0.095174 0.003647 -1.362862
23  -1.209919 3.994782 -2.003047  -0.120673 -0.024996 -1.368267
24  0.328906 0.095429 1.403533  1.876820 0.340236 1.362069
25  -1.886382 -14.751395 13.159086  0.131336 -2.799636 0.199625
26  4.799447 -32.474991 18.500198  -1.570796 -0.000000 -1.570796
27  8.560873 -27.250826 1.621497  -0.051945 -0.000000 -1.570796
28  -9.154455 -11.766430 -14.684287  0.934319 -0.009667 3.124962
29  -0.000001 13.479279 0.000001  0.942741 -0.000000 0.000000
30  -0.000001 13.477238 -0.000001  -0.222968 -0.086271 0.024758
31  0.267269 3.664727 -1.953291  -0.460947 0.085209 1.088458
32  -0.000001 1.180356 -0.000001  -0.015239 0.034122 1.127932
33  0.000001 0.817136 -0.000000  0.011847 0.003300 0.943166
34  0.249422 3.688542 -0.940888  -0.424660 0.091165 1.116984
35  0.000001 1.800633 0.000000  0.000989 -0.005266 1.195711
36  -0.000000 1.243407 0.000002  0.003628 -0.005422 1.051829
37  0.244726 3.701095 0.087733  -0.354828 0.115299 1.122151
38  0.000000 1.766585 0.000000  0.004336 -0.000101 1.242448
39  -0.000001 1.189004 0.000000  -0.008134 0.015718 1.135168
40  0.277239 3.632248 1.274103  0.054201 -0.011943 0.177044
41  0.000000 1.798494 -0.000000  0.035950 -0.011837 0.318251
42  0.000000 1.235452 -0.000000  -0.007454 -0.004176 0.481101
43  -0.315442 0.857300 0.755944  -0.305464 -2.814040 0.955370
44  0.000000 2.265938 0.000001  -0.046734 0.047387 0.515788
45  0.000002 1.457810 -0.000000  -0.053363 -0.013780 0.716642
46  1.259681 3.818376 1.286945  0.054201 -0.011943 0.177044
47  1.226390 3.891694 0.090419  -0.354828 0.115299 1.122151
48  1.231623 3.875535 -0.958680  -0.424660 0.091165 1.116984
49  1.209918 3.994782 -2.003048  -0.460947 0.085209 1.088458
50  -0.328906 0.095429 1.403533  -0.305464 -2.814040 0.955370
51  -8.991138 -15.717918 9.003793  1.655916 -0.007166 3.035250
52  -9.209054 -23.431993 -0.264549  -1.570796 -0.000000 1.570796
53  -9.154455 -11.766430 -14.684287  -0.051945 0.000000 1.570796
54  -7.589292 -13.446876 -13.326099  1.475299 0.279908 -0.008015
55  0.396051 3.998728 31.950832  -1.535889 -1.570788 0.000000
56  1.262199 1.361917 7.366343  -0.010500 0.033290 -0.305607
57  1.006888 1.711408 1.573352  0.000000 0.033161 -0.000000
58  -1.325719 2.109440 7.526389  0.000000 -0.000000 0.000000
time 26
0  0 0 0  0 0 0
1  0.000000 0.000000 0.000000  1.570796 -0.000000 0.000000
2  8.682403 -27.323605 4.099053  -1.356095 2.750502 0.428253
3  -0.000000 13.479277 -0.000000  1.536991 0.000000 -0.000000
4  0.000000 13.477239 0.000001  0.381061 0.715510 0.239979
5  -0.267270 3.664728 -1.953292  -0.122647 -0.009183 -1.236175
6  0.000001 1.180355 0.000001  -0.010131 -0.035971 -1.273467
7  0.000000 0.817135 0.000001  0.012200 -0.001548 -1.088613
8  -0.249423 3.688541 -0.940888  -0.093595 0.015851 -1.230400
9  0.000001 1.800633 0.000000  0.000398 0.005344 -1.307042
10  0.000000 1.243406 0.000001  0.003003 0.005791 -1.163160
11  -0.244726 3.701097 0.087733  -0.020946 0.018710 -1.104550
12  -0.000001 1.766585 -0.000001  0.004337 0.000025 -1.224930
13  0.000001 1.189003 -0.000001  -0.008408 -0.015573 -1.117648
14  -0.277239 3.632249 1.274102  0.092705 -0.045908 -0.267893
15  0.000000 1.798495 0.000000  0.034771 0.014952 -0.406256
16  0.000000 1.235452 0.000000  -0.005933 0.006148 -0.188601
17  0.315441 0.857300 0.755944  1.878127 0.348461 1.365296
18  0.000000 2.265940 -0.000001  -0.063751 -0.019085 -0.014498
19  0.000000 1.457812 -0.000000  -0.018498 0.051918 0.259235
20  -1.259681 3.818374 1.286947  0.092705 -0.045908 -0.267893
21  -1.226390 3.891694 0.090419  -0.020946 0.018710 -1.104550
22  -1.231623 3.875534 -0.958680  -0.093595 0.015850 -1.230400
23  -1.209919 3.994782 -2.003048  -0.122647 -0.009183 -1.236175
24  0.328906 0.095429 1.403533  1.878128 0.348461 1.365296
25  -1.741479 -14.352594 14.032612  0.455208 -2.850217 0.115744
26  4.957549 -32.880386 17.913479  -1.570796 -0.000000 -1.570796
27  8.682403 -27.323605 4.099053  -0.051945 -0.000000 -1.570796
28  -9.154455 -11.766430 -14.684287  1.140382 -0.017145 3.115716
29  -0.000002 13.479280 -0.000000  0.566756 -0.000000 0.000000
30  0.000000 13.477239 -0.000000  -0.042251 -0.046263 -0.000916
31  0.267269 3.664726 -1.953293  -0.460947 0.085209 1.088458
32  -0.000001 1.180354 -0.000000  -0.015239 0.034122 1.127932
33  -0.000001 0.817136 0.000002  0.011847 0.003300 0.943166
34  0.249422 3.688542 -0.940887  -0.424660 0.091165 1.116984
35  0.000001 1.800633 0.000003  0.000989 -0.005266 1.195711
36  -0.000001 1.243408 -0.000001  0.003628 -0.005422 1.051829
37  0.244727 3.701097 0.087734  -0.354828 0.115299 1.122151
38  0.000001 1.766585 0.000000  0.004336 -0.000101 1.242448
39  0.000000 1.189003 0.000001  -0.008134 0.015718 1.135168
40  0.277239 3.632248 1.274103  0.054201 -0.011943 0.177044
41  0.000002 1.798496 0.000000  0.035950 -0.011837 0.318251
42  0.000001 1.235452 -0.000000  -0.007454 -0.004176 0.481101
43  -0.315442 0.857300 0.755945  -0.305463 -2.814040 0.955370
44  -0.000000 2.265938 -0.000000  -0.046734 0.047387 0.515787
45  0.000000 1.457810 0.000003  -0.053364 -0.013780 0.716642
46  1.259681 3.818374 1.286947  0.054201 -0.011943 0.177044
47  1.226391 3.891694 0.090421  -0.354828 0.115299 1.122150
48  1.231622 3.875535 -0.958679  -0.424660 0.091165 1.116984
49  1.209919 3.994781 -2.003045  -0.460947 0.085209 1.088458
50  -0.328906 0.095430 1.403534  -0.305463 -2.814040 0.955370
51  -8.813802 -15.568868 10.913761  -1.476108 -3.131658 -0.071588
52  -9.209054 -23.431993 -0.264549  -1.570796 -0.000000 1.570796
53  -9.154455 -11.766430 -14.684287  -0.051945 0.000000 1.570796
54  -7.480851 -15.329287 -13.088277  1.465953 0.245003 -0.006832
55  0.396052 3.998728 31.950838  -1.535889 -1.570788 0.000000
56  1.262198 1.411916 7.366344  -0.000000 0.034907 -0.000000
57  1.073199 1.711409 3.572254  -0.000000 0.033161 0.000000
58  -1.325718 2.109441 7.526392  -0.000000 0.000000 -0.000000
time 27
0  0 0 0  0 0 0
1  0.000000 0.000000 0.000000  1.570796 -0.000000 0.000000
2  8.949116 -27.306881 5.421904  -1.356577 2.706373 0.376378
3  0.000002 13.479276 -0.000001  1.534213 0.000000 -0.000000
4  0.000001 13.477240 0.000001  0.557337 0.642991 0.142203
5  -0.267270 3.664726 -1.953293  -0.122197 0.010723 -1.071612
6  -0.000000 1.180355 0.000000  -0.015934 -0.033804 -1.107478
7  -0.000000 0.817134 0.000000  0.011777 -0.003541 -0.922723
8  -0.249423 3.688541 -0.940888  -0.089426 0.030652 -1.065257
9  0.000000 1.800633 0.000001  0.001275 0.005205 -1.141120
10  0.000000 1.243407 -0.000001  0.003918 0.005216 -0.997239
11  -0.244726 3.701096 0.087733  -0.017572 0.021910 -0.938788
12  -0.000001 1.766585 -0.000002  0.004282 -0.000691 -1.059187
13  0.000001 1.189004 0.000001  -0.010862 -0.013972 -0.951894
14  -0.277239 3.632249 1.274102  0.076969 -0.047700 -0.168836
15  -0.000000 1.798494 0.000000  0.036079 0.011440 -0.307207
16  0.000000 1.235451 -0.000000  -0.005296 0.006705 -0.089497
17  0.315441 0.857301 0.755945  1.881797 0.370503 1.374060
18  0.000000 2.265939 -0.000001  -0.063303 -0.020524 -0.037120
19  -0.000002 1.457811 0.000000  -0.019671 0.051486 0.236545
20  -1.259681 3.818375 1.286947  0.076969 -0.047700 -0.168836
21  -1.226391 3.891693 0.090419  -0.017572 0.021910 -0.938788
22  -1.231623 3.875535 -0.958679  -0.089426 0.030652 -1.065257
23  -1.209919 3.994782 -2.003047  -0.122197 0.010723 -1.071612
24  0.328906 0.095429 1.403533  1.881797 0.370503 1.374060
25  -1.210070 -13.977923 15.205556  0.658066 -2.957600 0.153207
26  4.602301 -32.193199 17.979145  -1.570796 -0.000000 -1.570796
27  8.949116 -27.306881 5.421904  -0.051945 -0.000000 -1.570796
28  -9.154455 -11.766430 -14.684287  1.426291 -0.023016 3.108454
29  0.000000 13.479279 0.000000  0.004795 0.000000 -0.000000
30  -0.000000 13.477239 -0.000001  0.250240 0.011739 -0.007227
31  0.267270 3.664728 -1.953292  -0.460947 0.085209 1.088458
32  -0.000001 1.180355 0.000002  -0.015239 0.034122 1.127932
33  0.000000 0.817135 0.000001  0.011847 0.003300 0.943166
34  0.249423 3.688542 -0.940888  -0.424660 0.091165 1.116984
35  -0.000001 1.800633 -0.000000  0.000989 -0.005266 1.195711
36  0.000001 1.243405 -0.000002  0.003628 -0.005422 1.051829
37  0.244726 3.701096 0.087732  -0.354828 0.115299 1.122151
38  0.000000 1.766583 0.000000  0.004336 -0.000101 1.242448
39  -0.000000 1.189002 0.000001  -0.008134 0.015718 1.135168
40  0.277239 3.632248 1.274102  0.054201 -0.011943 0.177044
41  -0.000001 1.798493 0.000000  0.035950 -0.011837 0.318251
42  0.000000 1.235449 -0.000001  -0.007454 -0.004176 0.481101
43  -0.315441 0.857301 0.755943  -0.305463 -2.814040 0.955370
44  0.000001 2.265938 -0.000001  -0.046734 0.047387 0.515787
45  0.000000 1.457810 0.000001  -0.053363 -0.013780 0.716642
46  1.259681 3.818375 1.286945  0.054201 -0.011943 0.177044
47  1.226391 3.891693 0.090419  -0.354828 0.115299 1.122150
48  1.231623 3.875534 -0.958681  -0.424660 0.091165 1.116984
49  1.209919 3.994782 -2.003049  -0.460947 0.085209 1.088458
50  -0.328905 0.095429 1.403531  -0.305463 -2.814040 0.955370
51  -8.665305 -15.617073 12.095049  -1.460422 -3.127369 -0.022519
52  -9.209054 -23.431993 -0.264549  -1.570796 -0.000000 1.570796
53  -9.154455 -11.766430 -14.684287  -0.051945 0.000000 1.570796
54  -7.435730 -16.464748 -13.005402  1.450408 0.195653 -0.005206
55  0.396053 3.998727 31.950842  -1.535889 -1.570788 0.000000
56  1.262199 1.411916 7.366347  -0.000000 0.034907 -0.000000
57  1.073199 1.711407 3.572256  -0.000000 0.033161 -0.000000
58  -1.325719 2.109440 7.526394  -0.000000 -0.000000 -0.000000
time 28
0  0 0 0  0 0 0
1  0.000000 0.000000 0.000000  1.570796 -0.000000 0.000000
2  9.456165 -27.189819 5.955671  -1.385819 2.654198 0.292460
3  0.000000 13.479275 -0.000000  1.525187 0.000000 -0.000000
4  -0.000001 13.477236 -0.000002  0.620008 0.597403 -0.072998
5  -0.267270 3.664722 -1.953293  -0.117949 0.032406 -0.889560
6  0.000001 1.180355 0.000000  -0.021851 -0.030318 -0.923416
7  -0.000000 0.817133 0.000000  0.010930 -0.005636 -0.738733
8  -0.249423 3.688539 -0.940888  -0.082088 0.046065 -0.882478
9  0.000001 1.800633 -0.000000  0.002205 0.004884 -0.957307
10  -0.000001 1.243406 -0.000001  0.004806 0.004412 -0.813427
11  -0.244726 3.701093 0.087733  -0.013284 0.024745 -0.755474
12  0.000002 1.766585 0.000000  0.004084 -0.001459 -0.875899
13  -0.000000 1.189003 0.000000  -0.013227 -0.011759 -0.768602
14  -0.277239 3.632246 1.274102  0.064158 -0.044255 -0.098012
15  0.000001 1.798493 0.000001  0.036795 0.008866 -0.236640
16  0.000000 1.235450 0.000000  -0.004810 0.007062 -0.018887
17  0.315441 0.857298 0.755945  1.887546 0.402399 1.387061
18  0.000001 2.265940 -0.000000  -0.062599 -0.022585 -0.069816
19  -0.000000 1.457813 0.000001  -0.021347 0.050814 0.203757
20  -1.259681 3.818373 1.286945  0.064158 -0.044255 -0.098012
21  -1.226390 3.891690 0.090419  -0.013284 0.024745 -0.755474
22  -1.231623 3.875531 -0.958679  -0.082088 0.046065 -0.882478
23  -1.209919 3.994780 -2.003048  -0.117950 0.032406 -0.889560
24  0.328906 0.095426 1.403533  1.887546 0.402399 1.387061
25  -0.208226 -13.572734 16.007809  0.778255 -3.027947 0.273915
26  3.665733 -30.381538 18.152267  -1.570796 -0.000000 -1.570796
27  9.456165 -27.189819 5.955671  -0.051945 -0.000000 -1.570796
28  -9.154455 -11.766430 -14.684287  1.424493 -0.029182 3.100823
29  -0.000000 13.479279 0.000001  0.004804 0.000000 0.000000
30  0.000001 13.477239 -0.000000  0.275331 0.074926 0.001235
31  0.267270 3.664727 -1.953291  -0.460947 0.085209 1.088458
32  -0.000002 1.180355 -0.000001  -0.015239 0.034122 1.127932
33  0.000000 0.817134 -0.000001  0.011847 0.003300 0.943166
34  0.249424 3.688541 -0.940887  -0.424660 0.091165 1.116984
35  -0.000002 1.800633 0.000000  0.000989 -0.005266 1.195710
36  -0.000000 1.243405 -0.000002  0.003628 -0.005422 1.051829
37  0.244728 3.701095 0.087734  -0.354828 0.115299 1.122151
38  -0.000000 1.766584 0.000001  0.004336 -0.000101 1.242448
39  0.000000 1.189004 -0.000002  -0.008134 0.015718 1.135167
40  0.277240 3.632248 1.274104  0.054201 -0.011943 0.177044
41  0.000000 1.798495 -0.000000  0.035950 -0.011837 0.318250
42  0.000002 1.235453 0.000001  -0.007454 -0.004176 0.481101
43  -0.315441 0.857300 0.755945  -0.305463 -2.814040 0.955370
44  -0.000002 2.265940 0.000000  -0.046734 0.047387 0.515788
45  -0.000001 1.457810 -0.000000  -0.053363 -0.013780 0.716642
46  1.259682 3.818374 1.286947  0.054201 -0.011943 0.177044
47  1.226392 3.891694 0.090421  -0.354828 0.115299 1.122151
48  1.231624 3.875534 -0.958677  -0.424660 0.091165 1.116984
49  1.209920 3.994781 -2.003046  -0.460947 0.085209 1.088458
50  -0.328905 0.095429 1.403535  -0.305463 -2.814040 0.955370
51  -8.520392 -15.747276 12.577906  -1.438831 -3.121829 0.033595
52  -9.209054 -23.431993 -0.264549  -1.570796 -0.000000 1.570796
53  -9.154455 -11.766430 -14.684287  -0.051945 0.000000 1.570796
54  -7.419355 -16.883076 -12.975961  1.428731 0.139080 -0.003397
55  0.396053 3.998728 31.950840  -1.535889 -1.570788 0.000000
56  1.262199 1.411917 7.366347  0.000000 0.034907 -0.000000
57  1.073199 1.711409 3.572255  0.000000 0.033161 -0.000000
58  -1.325717 2.109441 7.526390  0.000000 0.000000 -0.000000
time 29
0  0 0 0  0 0 0
1  0.000000 0.000000 0.000000  1.570796 -0.000000 0.000000
2  10.084497 -26.872082 6.714161  -1.438096 2.553234 0.161482
3  0.000004 13.479278 -0.000001  1.498879 0.000000 -0.000000
4  0.000000 13.477237 -0.000002  0.584042 0.534738 -0.342258
5  -0.267270 3.664726 -1.953294  -0.109874 0.053110 -0.707189
6  0.000000 1.180354 0.000001  -0.027043 -0.025793 -0.738832
7  -0.000002 0.817135 0.000001  0.009710 -0.007546 -0.554172
8  -0.249423 3.688542 -0.940891  -0.072095 0.060030 -0.699381
9  0.000000 1.800632 -0.000000  0.003062 0.004398 -0.773123
10  0.000001 1.243406 0.000000  0.005532 0.003457 -0.629246
11  -0.244727 3.701096 0.087731  -0.008549 0.026753 -0.572063
12  0.000001 1.766584 -0.000000  0.003750 -0.002180 -0.692515
13  0.000001 1.189004 -0.000001  -0.015149 -0.009150 -0.585225
14  -0.277239 3.632249 1.274101  0.054387 -0.037800 -0.050637
15  0.000001 1.798494 -0.000001  0.037171 0.007128 -0.189653
16  0.000001 1.235451 0.000000  -0.004472 0.007280 0.028132
17  0.315441 0.857300 0.755942  1.895071 0.440154 1.402995
18  0.000002 2.265940 -0.000001  -0.061679 -0.024990 -0.108477
19  -0.000001 1.457811 -0.000001  -0.023300 0.049950 0.164993
20  -1.259681 3.818376 1.286945  0.054387 -0.037800 -0.050637
21  -1.226391 3.891693 0.090418  -0.008549 0.026753 -0.572063
22  -1.231623 3.875535 -0.958682  -0.072095 0.060030 -0.699381
23  -1.209919 3.994782 -2.003048  -0.109874 0.053110 -0.707189
24  0.328906 0.095430 1.403531  1.895071 0.440154 1.402995
25  0.765452 -12.955601 17.146563  0.820112 3.129502 0.421702
26  2.341625 -27.820219 18.397022  -1.570796 -0.000000 -1.570796
27  10.084497 -26.872082 6.714161  -0.051945 -0.000000 -1.570796
28  -9.154455 -11.766430 -14.684287  1.419755 -0.035749 3.092690
29  -0.000001 13.479278 -0.000000  0.004807 0.000000 -0.000000
30  -0.000001 13.477240 -0.000001  0.310553 0.138183 0.011169
31  0.267269 3.664725 -1.953290  -0.460947 0.085209 1.088458
32  -0.000000 1.180354 0.000000  -0.015239 0.034122 1.127932
33  0.000000 0.817135 0.000001  0.011847 0.003300 0.943166
34  0.249423 3.688541 -0.940887  -0.424660 0.091165 1.116984
35  -0.000001 1.800632 0.000002  0.000989 -0.005266 1.195711
36  0.000001 1.243407 -0.000000  0.003628 -0.005422 1.051829
37  0.244727 3.701095 0.087735  -0.354828 0.115299 1.122151
38  0.000002 1.766585 0.000000  0.004336 -0.000101 1.242448
39  0.000000 1.189003 0.000001  -0.008134 0.015718 1.135168
40  0.277240 3.632247 1.274105  0.054201 -0.011943 0.177044
41  0.000001 1.798494 0.000001  0.035950 -0.011837 0.318250
42  0.000001 1.235451 0.000001  -0.007454 -0.004176 0.481101
43  -0.315441 0.857299 0.755946  -0.305464 -2.814040 0.955370
44  -0.000000 2.265941 -0.000001  -0.046734 0.047387 0.515787
45  -0.000001 1.457812 0.000001  -0.053364 -0.013780 0.716641
46  1.259681 3.818374 1.286947  0.054201 -0.011943 0.177044
47  1.226391 3.891692 0.090422  -0.354828 0.115299 1.122150
48  1.231623 3.875533 -0.958678  -0.424660 0.091165 1.116984
49  1.209920 3.994779 -2.003045  -0.460947 0.085209 1.088458
50  -0.328906 0.095428 1.403534  -0.305463 -2.814040 0.955370
51  -8.376184 -15.915434 12.721670  -1.411548 -3.115312 0.089472
52  -9.209054 -23.431993 -0.264549  -1.570796 -0.000000 1.570796
53  -9.154455 -11.766430 -14.684287  -0.051945 0.000000 1.570796
54  -7.416170 -16.942837 -12.968048  1.401078 0.082505 -0.001626
55  0.396052 3.998730 31.950836  -1.535889 -1.570788 0.000000
56  1.262198 1.411918 7.366344  0.000000 0.034907 0.000000
57  1.073198 1.711411 3.572251  0.000000 0.033161 -0.000000
58  -1.325720 2.109442 7.526389  0.000000 0.000000 -0.000000
time 30
0  0 0 0  0 0 0
1  0.000000 0.000000 0.000000  1.570796 -0.000000 0.000000
2  10.715054 -26.253326 8.711172  -1.560325 2.356484 -0.066811
3  0.000002 13.479274 -0.000001  1.463861 0.000000 -0.000000
4  0.000000 13.477240 -0.000000  0.428941 0.353912 -0.562732
5  -0.267271 3.664726 -1.953294  -0.099459 0.070510 -0.541820
6  0.000000 1.180354 0.000000  -0.030961 -0.020929 -0.571520
7  -0.000001 0.817136 0.000001  0.008318 -0.009058 -0.386836
8  -0.249423 3.688542 -0.940889  -0.061022 0.071116 -0.533431
9  -0.000000 1.800633 0.000000  0.003750 0.003828 -0.606260
10  -0.000001 1.243405 -0.000000  0.006030 0.002490 -0.462385
11  -0.244727 3.701097 0.087732  -0.004011 0.027797 -0.406051
12  -0.000001 1.766585 -0.000000  0.003338 -0.002769 -0.526524
13  0.000001 1.189004 0.000000  -0.016453 -0.006521 -0.419250
14  -0.277239 3.632249 1.274102  0.047381 -0.030200 -0.021878
15  0.000001 1.798494 -0.000001  0.037358 0.006071 -0.161314
16  -0.000000 1.235452 -0.000001  -0.004264 0.007404 0.056490
17  0.315440 0.857300 0.755941  1.903875 0.479764 1.420435
18  0.000000 2.265940 0.000001  -0.060616 -0.027471 -0.149013
19  -0.000000 1.457812 0.000000  -0.025309 0.048963 0.124357
20  -1.259681 3.818375 1.286945  0.047381 -0.030201 -0.021878
21  -1.226391 3.891694 0.090420  -0.004011 0.027797 -0.406051
22  -1.231623 3.875535 -0.958681  -0.061022 0.071115 -0.533431
23  -1.209920 3.994782 -2.003049  -0.099460 0.070510 -0.541820
24  0.328906 0.095430 1.403532  1.903875 0.479764 1.420435
25  1.198413 -12.032174 19.162052  0.777149 2.783016 0.536762
26  0.823746 -24.884069 18.677593  -1.570796 -0.000000 -1.570796
27  10.715054 -26.253326 8.711172  -0.051945 -0.000000 -1.570796
28  -9.154455 -11.766430 -14.684287  1.414486 -0.042363 3.084493
29  -0.000001 13.479279 -0.000000  0.004808 0.000000 -0.000000
30  -0.000001 13.477238 -0.000000  0.351298 0.193889 0.021366
31  0.267268 3.664728 -1.953293  -0.460947 0.085209 1.088458
32  -0.000001 1.180354 -0.000001  -0.015239 0.034122 1.127932
33  -0.000002 0.817137 0.000000  0.011847 0.003300 0.943166
34  0.249422 3.688544 -0.940887  -0.424660 0.091165 1.116984
35  0.000001 1.800633 0.000000  0.000989 -0.005266 1.195710
36  0.000001 1.243405 0.000001  0.003628 -0.005422 1.051829
37  0.244726 3.701098 0.087734  -0.354828 0.115299 1.122151
38  -0.000001 1.766583 0.000000  0.004336 -0.000101 1.242448
39  0.000001 1.189004 -0.000001  -0.008134 0.015718 1.135168
40  0.277239 3.632250 1.274104  0.054201 -0.011943 0.177044
41  -0.000000 1.798493 0.000001  0.035950 -0.011837 0.318250
42  0.000000 1.235451 0.000000  -0.007454 -0.004176 0.481101
43  -0.315441 0.857300 0.755944  -0.305464 -2.814040 0.955370
44  -0.000000 2.265939 -0.000001  -0.046734 0.047387 0.515787
45  0.000000 1.457814 0.000000  -0.053363 -0.013780 0.716642
46  1.259681 3.818376 1.286946  0.054201 -0.011943 0.177044
47  1.226390 3.891694 0.090420  -0.354828 0.115299 1.122150
48  1.231622 3.875535 -0.958679  -0.424660 0.091165 1.116984
49  1.209918 3.994784 -2.003047  -0.460947 0.085209 1.088458
50  -0.328906 0.095431 1.403535  -0.305463 -2.814040 0.955370
51  -8.237631 -16.080002 12.717106  -1.380468 -3.108387 0.137873
52  -9.209054 -23.431993 -0.264549  -1.570796 -0.000000 1.570796
53  -9.154455 -11.766430 -14.684287  -0.051945 0.000000 1.570796
54  -7.413370 -16.839167 -12.956514  1.369417 0.033153 -0.000100
55  0.396051 3.998729 31.950834  -1.535889 -1.570788 0.000000
56  1.262198 1.411918 7.366344  0.000000 0.034907 -0.000000
57  1.073198 1.711409 3.572253  0.000000 0.033161 -0.000000
58  -1.325718 2.109442 7.526389  0.000000 0.000000 0.000000
time 31
0  0 0 0  0 0 0
1  0.000000 0.000000 0.000000  1.570796 -0.000000 0.000000
2  11.218763 -21.637745 12.169970  0.942993 0.972366 2.585746
3  0.000003 13.479279 0.000002  1.626836 0.000000 -0.000000
4  0.000000 13.477237 0.000002  0.142786 0.078991 -0.375949
5  -0.267271 3.664726 -1.953292  -0.089136 0.083393 -0.408783
6  0.000001 1.180355 0.000000  -0.033486 -0.016591 -0.437096
7  -0.000000 0.817136 -0.000001  0.007028 -0.010092 -0.252364
8  -0.249423 3.688540 -0.940887  -0.050930 0.078897 -0.400018
9  0.000000 1.800634 0.000000  0.004228 0.003293 -0.472221
10  0.000001 1.243407 0.000000  0.006308 0.001662 -0.328349
11  -0.244728 3.701095 0.087732  -0.000281 0.028083 -0.272740
12  -0.000000 1.766585 0.000001  0.002940 -0.003189 -0.393227
13  -0.000001 1.189004 -0.000000  -0.017173 -0.004277 -0.285969
14  -0.277240 3.632247 1.274103  0.042755 -0.023052 -0.007007
15  -0.000002 1.798494 0.000000  0.037442 0.005529 -0.146819
16  0.000000 1.235451 -0.000001  -0.004156 0.007465 0.070995
17  0.315441 0.857298 0.755944  1.913149 0.517252 1.437723
18  0.000001 2.265940 -0.000001  -0.059517 -0.029778 -0.187385
19  0.000000 1.457814 -0.000001  -0.027172 0.047955 0.085899
20  -1.259682 3.818374 1.286946  0.042755 -0.023052 -0.007007
21  -1.226390 3.891692 0.090420  -0.000281 0.028083 -0.272740
22  -1.231624 3.875533 -0.958680  -0.050930 0.078897 -0.400018
23  -1.209918 3.994781 -2.003046  -0.089136 0.083393 -0.408783
24  0.328905 0.095427 1.403533  1.913149 0.517252 1.437723
25  0.247456 -10.801722 22.422977  0.179330 2.143735 0.147201
26  -0.694134 -21.947924 18.958168  -1.570796 -0.000000 -1.570796
27  11.218763 -21.637745 12.169970  -0.051945 -0.000000 -1.570796
28  -9.154455 -11.766430 -14.684287  1.409659 -0.048046 3.077443
29  -0.000000 13.479278 0.000000  0.004805 0.000000 0.000000
30  -0.000000 13.477240 0.000001  0.386643 0.234153 0.029375
31  0.267269 3.664727 -1.953293  -0.460947 0.085209 1.088458
32  0.000000 1.180356 -0.000000  -0.015239 0.034122 1.127932
33  -0.000001 0.817135 -0.000002  0.011847 0.003300 0.943166
34  0.249422 3.688541 -0.940889  -0.424660 0.091165 1.116984
35  0.000000 1.800632 0.000000  0.000989 -0.005266 1.195710
36  -0.000001 1.243406 -0.000002  0.003628 -0.005422 1.051829
37  0.244725 3.701097 0.087734  -0.354828 0.115299 1.122150
38  0.000000 1.766584 0.000002  0.004336 -0.000101 1.242448
39  -0.000002 1.189005 0.000002  -0.008134 0.015718 1.135168
40  0.277238 3.632249 1.274102  0.054201 -0.011943 0.177044
41  0.000001 1.798493 -0.000001  0.035950 -0.011837 0.318251
42  0.000001 1.235450 -0.000001  -0.007454 -0.004176 0.481101
43  -0.315443 0.857300 0.755943  -0.305464 -2.814040 0.955370
44  0.000000 2.265940 -0.000000  -0.046734 0.047387 0.515787
45  -0.000001 1.457812 0.000001  -0.053364 -0.013780 0.716641
46  1.259680 3.818375 1.286945  0.054201 -0.011943 0.177044
47  1.226389 3.891694 0.090419  -0.354828 0.115299 1.122150
48  1.231621 3.875534 -0.958680  -0.424660 0.091165 1.116984
49  1.209918 3.994782 -2.003047  -0.460947 0.085209 1.088458
50  -0.328907 0.095429 1.403532  -0.305464 -2.814040 0.955370
51  -8.128090 -16.202885 12.532234  -1.354235 -3.102780 0.171849
52  -9.209054 -23.431993 -0.264549  -1.570796 -0.000000 1.570796
53  -9.154455 -11.766430 -14.684287  -0.051945 0.000000 1.570796
54  -7.409185 -16.567692 -12.943250  1.342631 -0.001755 0.000975
55  0.396051 3.998732 31.950832  -1.535889 -1.570788 0.000000
56  1.262198 1.411920 7.366343  -0.000000 0.034907 -0.000000
57  1.073198 1.711413 3.572254  -0.000000 0.033161 0.000000
58  -1.325719 2.109444 7.526390  -0.000000 0.000000 0.000000
time 32
0  0 0 0  0 0 0
1  0.000000 0.000000 0.000000  1.570796 -0.000000 0.000000
2  11.426482 -17.423515 14.151665  0.463420 0.848856 2.151671
3  0.000002 13.479279 -0.000001  1.511366 0.000000 -0.000000
4  0.000002 13.477239 0.000000  -0.015012 0.010246 0.079274
5  -0.267269 3.664725 -1.953294  -0.081446 0.091586 -0.320734
6  0.000000 1.180354 0.000001  -0.034826 -0.013553 -0.348235
7  0.000001 0.817135 0.000001  0.006105 -0.010676 -0.163457
8  -0.249423 3.688539 -0.940889  -0.043766 0.083750 -0.311764
9  0.000001 1.800633 -0.000001  0.004502 0.002905 -0.383611
10  0.000001 1.243406 0.000002  0.006431 0.001097 -0.239739
11  -0.244726 3.701096 0.087733  0.002192 0.027999 -0.184609
12  -0.000001 1.766584 -0.000000  0.002648 -0.003435 -0.305103
13  -0.000002 1.189005 -0.000001  -0.017483 -0.002749 -0.197858
14  -0.277238 3.632246 1.274102  0.040162 -0.017782 -0.001410
15  -0.000002 1.798497 -0.000000  0.037471 0.005329 -0.141490
16  0.000002 1.235451 0.000000  -0.004117 0.007487 0.076329
17  0.315442 0.857298 0.755944  1.921711 0.548718 1.452901
18  -0.000000 2.265941 -0.000000  -0.058527 -0.031682 -0.219619
19  0.000002 1.457811 0.000000  -0.028706 0.047053 0.053600
20  -1.259682 3.818373 1.286945  0.040162 -0.017782 -0.001410
21  -1.226390 3.891690 0.090419  0.002192 0.027999 -0.184609
22  -1.231623 3.875533 -0.958680  -0.043766 0.083750 -0.311764
23  -1.209918 3.994780 -2.003048  -0.081446 0.091586 -0.320734
24  0.328905 0.095427 1.403532  1.921711 0.548718 1.452901
25  -1.808925 -9.578636 26.321314  -1.204188 2.369899 -1.020212
26  -2.018242 -19.386602 19.202919  -1.570796 -0.000000 -1.570796
27  11.426482 -17.423515 14.151665  -0.051945 -0.000000 -1.570796
28  -9.154455 -11.766430 -14.684287  1.406261 -0.051137 3.073606
29  -0.000000 13.479277 -0.000000  0.004799 0.000000 0.000000
30  -0.000000 13.477240 0.000001  0.403141 0.250527 0.032455
31  0.267270 3.664727 -1.953294  -0.460947 0.085209 1.088458
32  0.000000 1.180356 -0.000001  -0.015239 0.034122 1.127932
33  0.000000 0.817137 0.000001  0.011847 0.003300 0.943166
34  0.249423 3.688542 -0.940890  -0.424660 0.091165 1.116984
35  -0.000002 1.800633 -0.000000  0.000989 -0.005266 1.195711
36  -0.000000 1.243405 0.000000  0.003628 -0.005422 1.051829
37  0.244727 3.701096 0.087733  -0.354828 0.115299 1.122151
38  -0.000001 1.766583 0.000000  0.004336 -0.000101 1.242448
39  -0.000001 1.189004 0.000001  -0.008134 0.015718 1.135168
40  0.277239 3.632248 1.274101  0.054201 -0.011943 0.177044
41  -0.000001 1.798496 -0.000001  0.035950 -0.011837 0.318251
42  0.000001 1.235451 -0.000001  -0.007454 -0.004176 0.481101
43  -0.315441 0.857301 0.755943  -0.305464 -2.814040 0.955370
44  -0.000000 2.265939 0.000002  -0.046734 0.047387 0.515788
45  0.000001 1.457811 0.000001  -0.053363 -0.013780 0.716642
46  1.259682 3.818375 1.286945  0.054201 -0.011943 0.177044
47  1.226391 3.891694 0.090418  -0.354828 0.115299 1.122150
48  1.231623 3.875535 -0.958680  -0.424660 0.091165 1.116984
49  1.209919 3.994781 -2.003048  -0.460947 0.085209 1.088458
50  -0.328906 0.095430 1.403533  -0.305463 -2.814040 0.955370
51  -8.081199 -16.251059 12.189518  -1.343191 -3.100473 0.184662
52  -9.209054 -23.431993 -0.264549  -1.570796 -0.000000 1.570796
53  -9.154455 -11.766430 -14.684287  -0.051945 0.000000 1.570796
54  -7.404602 -16.187714 -12.936906  1.331345 -0.014996 0.001383
55  0.396052 3.998729 31.950838  -1.535889 -1.570788 0.000000
56  1.262198 1.411916 7.366347  -0.000000 0.034907 0.000000
57  1.073198 1.711409 3.572253  -0.000000 0.033161 -0.000000
58  -1.325719 2.109441 7.526391  -0.000000 -0.000000 0.000000
time 33
0  0 0 0  0 0 0
1  0.000000 0.000000 0.000000  1.570796 -0.000000 0.000000
2  11.426482 -17.423515 14.151665  0.483636 0.642139 1.856453
3  -0.000001 13.479278 -0.000001  1.052047 0.000000 -0.000000
4  0.000002 13.477236 -0.000000  -0.066257 0.162361 0.399676
5  -0.267269 3.664725 -1.953292  -0.078554 0.095269 -0.288891
6  -0.000001 1.180357 0.000000  -0.035244 -0.012424 -0.316046
7  0.000001 0.817136 0.000000  0.005758 -0.010867 -0.131251
8  -0.249423 3.688541 -0.940888  -0.041136 0.086232 -0.279823
9  -0.000000 1.800633 -0.000001  0.004593 0.002760 -0.351508
10  -0.000000 1.243406 -0.000000  0.006463 0.000890 -0.207637
11  -0.244727 3.701099 0.087734  0.003084 0.027915 -0.152682
12  -0.000000 1.766590 0.000001  0.002537 -0.003518 -0.273177
13  -0.000001 1.189004 -0.000000  -0.017562 -0.002189 -0.165937
14  -0.277239 3.632249 1.274103  0.039341 -0.015734 -0.000546
15  0.000000 1.798493 -0.000000  0.037475 0.005300 -0.140728
16  0.000001 1.235450 0.000001  -0.004111 0.007490 0.077091
17  0.315441 0.857301 0.755944  1.928045 0.570352 1.463730
18  0.000001 2.265940 -0.000001  -0.057810 -0.032974 -0.241808
19  -0.000000 1.457812 -0.000000  -0.029744 0.046404 0.031370
20  -1.259681 3.818377 1.286946  0.039342 -0.015734 -0.000546
21  -1.226391 3.891693 0.090420  0.003084 0.027915 -0.152682
22  -1.231624 3.875537 -0.958679  -0.041136 0.086232 -0.279823
23  -1.209918 3.994783 -2.003047  -0.078554 0.095269 -0.288891
24  0.328907 0.095429 1.403534  1.928045 0.570352 1.463730
25  -3.807613 -9.578302 29.956554  1.515977 0.244088 2.037822
26  -2.954805 -17.574938 19.376041  -1.570796 -0.000000 -1.570796
27  11.426482 -17.423515 14.151665  -0.051945 -0.000000 -1.570796
28  -9.154455 -11.766430 -14.684287  1.252009 -0.051704 3.072901
29  -0.000000 13.479276 -0.000000  0.323045 0.000000 0.000000
30  -0.000002 13.477239 -0.000000  0.164464 0.253846 -0.022310
31  0.267269 3.664727 -1.953293  -0.460947 0.085209 1.088458
32  -0.000001 1.180354 0.000001  -0.015239 0.034122 1.127932
33  0.000000 0.817135 -0.000002  0.011847 0.003300 0.943166
34  0.249423 3.688543 -0.940890  -0.424660 0.091165 1.116984
35  -0.000002 1.800633 0.000001  0.000989 -0.005266 1.195710
36  0.000000 1.243405 -0.000002  0.003628 -0.005422 1.051829
37  0.244726 3.701096 0.087731  -0.354828 0.115299 1.122151
38  -0.000001 1.766585 -0.000001  0.004336 -0.000101 1.242448
39  0.000001 1.189003 -0.000000  -0.008134 0.015718 1.135168
40  0.277239 3.632249 1.274101  0.054201 -0.011943 0.177044
41  0.000001 1.798494 0.000001  0.035950 -0.011837 0.318251
42  -0.000000 1.235451 0.000002  -0.007454 -0.004176 0.481101
43  -0.315441 0.857300 0.755943  -0.305464 -2.814040 0.955370
44  0.000000 2.265937 -0.000001  -0.046734 0.047387 0.515788
45  0.000000 1.457811 -0.000000  -0.053364 -0.013780 0.716642
46  1.259681 3.818376 1.286944  0.054201 -0.011943 0.177044
47  1.226391 3.891693 0.090418  -0.354828 0.115299 1.122150
48  1.231622 3.875535 -0.958680  -0.424660 0.091165 1.116984
49  1.209919 3.994783 -2.003049  -0.460947 0.085209 1.088458
50  -0.328906 0.095430 1.403532  -0.305464 -2.814040 0.955370
51  -8.085647 -16.017056 11.557834  -1.409600 -3.112072 0.185360
52  -9.209054 -23.431993 -0.264549  -1.570796 -0.000000 1.570796
53  -9.154455 -11.766430 -14.684287  -0.051945 0.000000 1.570796
54  -7.400482 -15.769468 -12.980669  1.398722 -0.013437 0.001238
55  0.396051 3.998730 31.950838  -1.535889 -1.570788 0.000000
56  1.262198 1.411919 7.366343  0.000000 0.034907 0.000000
57  1.073198 1.711410 3.572255  0.000000 0.033161 0.000000
58  -1.325719 2.109441 7.526391  0.000000 -0.000000 0.000000
time 34
0  0 0 0  0 0 0
1  0.000000 0.000000 0.000000  1.570796 -0.000000 0.000000
2  11.426482 -17.423515 14.151665  0.543706 0.501595 1.732470
3  0.000002 13.479279 -0.000001  0.785699 0.000000 -0.000000
4  -0.000000 13.477237 0.000000  -0.650665 0.275759 0.549509
5  -0.267270 3.664726 -1.953295  -0.118308 0.035174 -0.880748
6  0.000001 1.180356 0.000001  -0.022123 -0.030120 -0.914402
7  -0.000002 0.817132 0.000003  0.010879 -0.005735 -0.729721
8  -0.249424 3.688541 -0.940892  -0.082322 0.048500 -0.873567
9  0.000001 1.800634 0.000000  0.002249 0.004864 -0.948281
10  0.000002 1.243408 0.000002  0.004845 0.004368 -0.804401
11  -0.244727 3.701096 0.087732  -0.013059 0.024865 -0.746408
12  -0.000001 1.766583 -0.000003  0.004071 -0.001496 -0.866835
13  0.000002 1.189006 0.000003  -0.013333 -0.011638 -0.759538
14  -0.277240 3.632250 1.274103  0.038868 0.009698 -0.600690
15  -0.000004 1.798495 -0.000001  0.027922 0.025554 -0.741251
16  0.000002 1.235452 0.000002  -0.007625 0.003855 -0.523688
17  0.315441 0.857300 0.755941  1.930500 0.578402 1.467848
18  -0.000001 2.265940 -0.000000  -0.057535 -0.033451 -0.250071
19  -0.000001 1.457816 -0.000001  -0.030127 0.046156 0.023093
20  -1.259683 3.818376 1.286945  0.038868 0.009698 -0.600690
21  -1.226391 3.891693 0.090417  -0.013059 0.024865 -0.746408
22  -1.231623 3.875534 -0.958682  -0.082322 0.048500 -0.873567
23  -1.209921 3.994781 -2.003050  -0.118308 0.035174 -0.880748
24  0.328906 0.095428 1.403529  1.930500 0.578402 1.467848
25  -4.690659 -10.279890 31.739738  0.707356 0.023763 2.127273
26  -3.310055 -16.887754 19.441708  -1.570796 -0.000000 -1.570796
27  11.426482 -17.423515 14.151665  -0.051945 -0.000000 -1.570796
28  -9.154455 -11.766430 -14.684287  1.140312 -0.051282 3.073425
29  -0.000000 13.479279 -0.000001  0.573869 -0.000000 0.000000
30  0.000000 13.477238 0.000001  -0.107674 0.243126 -0.079652
31  0.267269 3.664727 -1.953293  -0.460947 0.085209 1.088458
32  -0.000002 1.180355 -0.000001  -0.015239 0.034122 1.127932
33  0.000002 0.817136 0.000000  0.011847 0.003300 0.943166
34  0.249422 3.688542 -0.940887  -0.424660 0.091165 1.116984
35  0.000000 1.800633 -0.000001  0.000989 -0.005266 1.195710
36  -0.000000 1.243406 0.000001  0.003628 -0.005422 1.051829
37  0.244726 3.701096 0.087733  -0.354828 0.115299 1.122151
38  0.000000 1.766585 0.000001  0.004336 -0.000101 1.242448
39  0.000001 1.189003 0.000000  -0.008134 0.015718 1.135168
40  0.277240 3.632249 1.274102  0.054201 -0.011943 0.177044
41  0.000000 1.798494 -0.000000  0.035950 -0.011837 0.318251
42  -0.000001 1.235451 0.000001  -0.007454 -0.004176 0.481101
43  -0.315442 0.857300 0.755944  -0.305463 -2.814040 0.955370
44  -0.000002 2.265940 0.000000  -0.046734 0.047387 0.515787
45  -0.000001 1.457811 0.000000  -0.053364 -0.013780 0.716641
46  1.259680 3.818375 1.286946  0.054201 -0.011943 0.177044
47  1.226390 3.891694 0.090419  -0.354828 0.115299 1.122150
48  1.231623 3.875534 -0.958679  -0.424660 0.091165 1.116984
49  1.209918 3.994781 -2.003046  -0.460947 0.085209 1.088458
50  -0.328906 0.095429 1.403532  -0.305464 -2.814040 0.955370
51  -8.097829 -15.546413 10.870229  1.608781 -0.007614 -2.957793
52  -9.209054 -23.431993 -0.264549  -1.570796 -0.000000 1.570796
53  -9.154455 -11.766430 -14.684287  -0.051945 0.000000 1.570796
54  -7.397191 -15.426926 -13.061944  1.523850 -0.009719 0.000892
55  0.396052 3.998729 31.950840  -1.535889 -1.570788 0.000000
56  1.262199 1.411918 7.366345  -0.000000 0.034907 0.000000
57  1.073199 1.711409 3.572255  -0.000000 0.033161 0.000000
58  -1.325719 2.109442 7.526389  -0.000000 0.000000 0.000000
time 35
0  0 0 0  0 0 0
1  0.000000 0.000000 0.000000  1.570796 -0.000000 0.000000
2  11.426482 -17.423515 14.151665  0.481649 0.425492 1.697752
3  0.000001 13.479279 -0.000002  0.844019 0.000000 -0.000000
4  0.000001 13.477237 0.000000  -0.653813 0.306093 0.544951
5  -0.267270 3.664727 -1.953295  -0.118308 0.035174 -0.880748
6  -0.000001 1.180354 0.000000  -0.022123 -0.030120 -0.914402
7  -0.000001 0.817135 0.000002  0.010879 -0.005735 -0.729721
8  -0.249424 3.688541 -0.940891  -0.082322 0.048500 -0.873567
9  0.000000 1.800634 0.000000  0.002249 0.004864 -0.948281
10  0.000001 1.243406 0.000000  0.004845 0.004368 -0.804402
11  -0.244727 3.701097 0.087730  -0.013059 0.024865 -0.746408
12  -0.000002 1.766584 -0.000001  0.004071 -0.001497 -0.866835
13  -0.000001 1.189006 0.000003  -0.013333 -0.011638 -0.759538
14  -0.277240 3.632247 1.274097  0.038868 0.009698 -0.600690
15  0.000002 1.798491 -0.000001  0.027922 0.025554 -0.741251
16  -0.000001 1.235452 0.000000  -0.007625 0.003855 -0.523688
17  0.315441 0.857301 0.755942  1.930500 0.578402 1.467847
18  -0.000000 2.265940 -0.000000  -0.057535 -0.033450 -0.250071
19  0.000000 1.457815 -0.000000  -0.030127 0.046156 0.023093
20  -1.259682 3.818377 1.286944  0.038868 0.009697 -0.600690
21  -1.226391 3.891693 0.090415  -0.013059 0.024865 -0.746408
22  -1.231623 3.875535 -0.958684  -0.082322 0.048500 -0.873567
23  -1.209920 3.994781 -2.003051  -0.118308 0.035174 -0.880748
24  0.328905 0.095428 1.403528  1.930500 0.578402 1.467847
25  -4.676958 -11.440331 31.747433  0.671976 -0.033577 2.122962
26  -3.310055 -16.887754 19.441708  -1.570796 -0.000000 -1.570796
27  11.426482 -17.423515 14.151665  -0.051945 -0.000000 -1.570796
28  -9.154455 -11.766430 -14.684287  1.108111 -0.050722 3.074121
29  -0.000001 13.479279 0.000000  0.655833 -0.000000 0.000000
30  -0.000001 13.477240 0.000001  -0.227633 0.231617 -0.102448
31  0.267270 3.664726 -1.953294  -0.460947 0.085209 1.088458
32  -0.000001 1.180356 0.000001  -0.015239 0.034122 1.127932
33  -0.000001 0.817136 0.000001  0.011847 0.003300 0.943166
34  0.249422 3.688540 -0.940889  -0.424660 0.091165 1.116984
35  0.000000 1.800634 -0.000001  0.000989 -0.005266 1.195711
36  -0.000002 1.243406 0.000001  0.003628 -0.005422 1.051829
37  0.244725 3.701095 0.087734  -0.354828 0.115299 1.122151
38  0.000002 1.766584 -0.000001  0.004336 -0.000101 1.242448
39  0.000000 1.189004 -0.000002  -0.008134 0.015718 1.135168
40  0.277239 3.632247 1.274103  0.054201 -0.011943 0.177044
41  -0.000000 1.798495 -0.000000  0.035950 -0.011837 0.318251
42  -0.000001 1.235452 -0.000001  -0.007454 -0.004176 0.481101
43  -0.315442 0.857299 0.755945  -0.305463 -2.814040 0.955370
44  0.000000 2.265940 0.000000  -0.046734 0.047387 0.515787
45  0.000000 1.457812 0.000000  -0.053364 -0.013780 0.716642
46  1.259681 3.818374 1.286947  0.054201 -0.011943 0.177044
47  1.226390 3.891692 0.090421  -0.354828 0.115299 1.122150
48  1.231623 3.875533 -0.958679  -0.424660 0.091165 1.116984
49  1.209919 3.994780 -2.003047  -0.460947 0.085209 1.088458
50  -0.328906 0.095429 1.403534  -0.305463 -2.814040 0.955370
51  -8.106468 -15.274610 10.571541  1.542499 0.004468 -2.962173
52  -9.209054 -23.431993 -0.264549  -1.570796 -0.000000 1.570796
53  -9.154455 -11.766430 -14.684287  -0.051945 0.000000 1.570796
54  -7.394971 -15.284988 -13.105707  1.591229 -0.005282 0.000478
55  0.396052 3.998728 31.950840  -1.535889 -1.570788 0.000000
56  1.262198 1.411917 7.366345  -0.000000 0.034907 0.000000
57  1.073198 1.711409 3.572256  -0.000000 0.033161 0.000000
58  -1.325718 2.109441 7.526392  -0.000000 0.000000 0.000000
time 36
0  0 0 0  0 0 0
1  0.000000 0.000000 0.000000  1.570796 -0.000000 0.000000
2  11.426482 -17.423515 14.151665  0.536415 0.427230 1.698515
3  -0.000001 13.479277 0.000001  0.764684 0.000000 -0.000000
4  -0.000001 13.477238 0.000000  -0.630181 0.290769 0.542789
5  -0.267270 3.664726 -1.953291  -0.118308 0.035174 -0.880748
6  -0.000001 1.180353 0.000003  -0.022123 -0.030120 -0.914402
7  0.000002 0.817134 -0.000001  0.010879 -0.005735 -0.729721
8  -0.249423 3.688539 -0.940892  -0.082322 0.048500 -0.873567
9  0.000001 1.800635 -0.000002  0.002249 0.004864 -0.948281
10  0.000000 1.243406 0.000001  0.004845 0.004368 -0.804401
11  -0.244727 3.701094 0.087732  -0.013059 0.024865 -0.746408
12  0.000002 1.766583 -0.000001  0.004071 -0.001497 -0.866835
13  -0.000002 1.189003 -0.000003  -0.013333 -0.011638 -0.759538
14  -0.277239 3.632245 1.274099  0.038868 0.009697 -0.600690
15  0.000000 1.798490 -0.000003  0.027922 0.025554 -0.741251
16  -0.000001 1.235449 0.000000  -0.007625 0.003855 -0.523688
17  0.315440 0.857300 0.755943  1.930500 0.578402 1.467847
18  0.000000 2.265939 0.000000  -0.057535 -0.033450 -0.250071
19  -0.000001 1.457816 -0.000001  -0.030127 0.046156 0.023093
20  -1.259682 3.818373 1.286945  0.038868 0.009697 -0.600690
21  -1.226391 3.891691 0.090418  -0.013059 0.024865 -0.746408
22  -1.231624 3.875532 -0.958682  -0.082322 0.048500 -0.873567
23  -1.209920 3.994779 -2.003049  -0.118308 0.035174 -0.880748
24  0.328905 0.095427 1.403533  1.930500 0.578402 1.467848
25  -4.675720 -11.187050 32.243317  0.676997 -0.024665 2.119102
26  -3.310055 -16.887754 19.441708  -1.570796 -0.000000 -1.570796
27  11.426482 -17.423515 14.151665  -0.051945 -0.000000 -1.570796
28  -9.154455 -11.766430 -14.684287  1.179417 -0.049068 3.076174
29  -0.000001 13.479280 -0.000002  0.522272 -0.000000 0.000000
30  0.000001 13.477240 -0.000000  -0.153259 0.232257 -0.083746
31  0.267270 3.664726 -1.953295  -0.460947 0.085209 1.088458
32  -0.000001 1.180356 -0.000001  -0.015239 0.034122 1.127932
33  0.000001 0.817133 0.000001  0.011847 0.003300 0.943166
34  0.249422 3.688542 -0.940891  -0.424660 0.091165 1.116984
35  -0.000000 1.800633 -0.000001  0.000989 -0.005266 1.195710
36  -0.000001 1.243408 -0.000001  0.003628 -0.005422 1.051829
37  0.244727 3.701096 0.087732  -0.354828 0.115299 1.122151
38  -0.000000 1.766585 0.000000  0.004336 -0.000101 1.242448
39  -0.000001 1.189003 -0.000001  -0.008134 0.015718 1.135168
40  0.277239 3.632248 1.274102  0.054201 -0.011943 0.177044
41  -0.000001 1.798492 0.000000  0.035950 -0.011837 0.318251
42  0.000001 1.235453 0.000000  -0.007454 -0.004176 0.481101
43  -0.315441 0.857300 0.755942  -0.305463 -2.814040 0.955370
44  0.000000 2.265940 -0.000000  -0.046734 0.047387 0.515787
45  -0.000001 1.457811 0.000000  -0.053364 -0.013780 0.716641
46  1.259680 3.818374 1.286944  0.054201 -0.011943 0.177044
47  1.226390 3.891694 0.090418  -0.354828 0.115299 1.122150
48  1.231623 3.875534 -0.958681  -0.424660 0.091165 1.116984
49  1.209918 3.994782 -2.003049  -0.460947 0.085209 1.088458
50  -0.328906 0.095429 1.403531  -0.305463 -2.814040 0.955370
51  -8.111785 -15.224801 11.106344  1.552626 0.003038 -2.965849
52  -9.209054 -23.431993 -0.264549  -1.570796 -0.000000 1.570796
53  -9.154455 -11.766430 -14.684287  -0.051945 0.000000 1.570796
54  -7.393939 -15.797668 -13.010494  1.581010 -0.001564 0.000132
55  0.396052 3.998727 31.950836  -1.535889 -1.570788 0.000000
56  1.262198 1.411917 7.366344  -0.000000 0.034907 0.000000
57  1.073199 1.711408 3.572254  -0.000000 0.033161 -0.000000
58  -1.325719 2.109441 7.526391  -0.000000 0.000000 0.000000
time 37
0  0 0 0  0 0 0
1  0.000000 0.000000 0.000000  1.570796 -0.000000 0.000000
2  11.426482 -17.423515 14.151665  0.595721 0.429257 1.699406
3  -0.000001 13.479278 0.000002  0.675426 0.000000 -0.000000
4  -0.000004 13.477240 0.000000  -0.601303 0.274750 0.542553
5  -0.267271 3.664724 -1.953291  -0.118308 0.035174 -0.880748
6  0.000001 1.180354 0.000001  -0.022123 -0.030120 -0.914402
7  0.000002 0.817135 -0.000001  0.010879 -0.005735 -0.729721
8  -0.249424 3.688539 -0.940887  -0.082322 0.048500 -0.873567
9  0.000002 1.800633 -0.000002  0.002249 0.004864 -0.948281
10  -0.000002 1.243406 0.000002  0.004845 0.004368 -0.804401
11  -0.244727 3.701092 0.087734  -0.013059 0.024865 -0.746408
12  -0.000001 1.766583 -0.000000  0.004071 -0.001496 -0.866835
13  -0.000002 1.189003 0.000000  -0.013333 -0.011638 -0.759538
14  -0.277240 3.632244 1.274103  0.038868 0.009697 -0.600690
15  -0.000000 1.798493 0.000000  0.027922 0.025554 -0.741251
16  -0.000000 1.235451 -0.000002  -0.007625 0.003855 -0.523688
17  0.315441 0.857297 0.755946  1.930500 0.578402 1.467848
18  0.000000 2.265938 0.000002  -0.057535 -0.033451 -0.250071
19  0.000000 1.457808 0.000000  -0.030127 0.046156 0.023093
20  -1.259682 3.818373 1.286949  0.038868 0.009697 -0.600690
21  -1.226392 3.891693 0.090424  -0.013059 0.024865 -0.746408
22  -1.231623 3.875531 -0.958679  -0.082322 0.048500 -0.873567
23  -1.209921 3.994781 -2.003044  -0.118308 0.035174 -0.880748
24  0.328905 0.095429 1.403537  1.930500 0.578402 1.467848
25  -4.675039 -10.928073 32.736938  0.682188 -0.015858 2.117438
26  -3.310055 -16.887754 19.441708  -1.570796 -0.000000 -1.570796
27  11.426482 -17.423515 14.151665  -0.051945 -0.000000 -1.570796
28  -9.154455 -11.766430 -14.684287  1.274534 -0.047630 3.077959
29  0.000000 13.479280 -0.000000  0.340679 -0.000000 0.000000
30  -0.000001 13.477239 0.000002  -0.054042 0.235424 -0.059778
31  0.267269 3.664725 -1.953295  -0.460947 0.085209 1.088458
32  -0.000001 1.180356 -0.000001  -0.015239 0.034122 1.127932
33  -0.000001 0.817134 0.000001  0.011847 0.003300 0.943166
34  0.249423 3.688540 -0.940890  -0.424660 0.091165 1.116984
35  0.000002 1.800633 0.000001  0.000989 -0.005266 1.195711
36  0.000001 1.243406 -0.000000  0.003628 -0.005422 1.051829
37  0.244726 3.701094 0.087732  -0.354828 0.115299 1.122151
38  0.000001 1.766584 0.000001  0.004336 -0.000101 1.242448
39  0.000002 1.189003 0.000000  -0.008134 0.015718 1.135168
40  0.277239 3.632247 1.274102  0.054201 -0.011943 0.177044
41  -0.000001 1.798495 0.000001  0.035950 -0.011837 0.318251
42  -0.000001 1.235450 -0.000001  -0.007454 -0.004176 0.481101
43  -0.315441 0.857298 0.755943  -0.305463 -2.814040 0.955370
44  -0.000001 2.265939 -0.000001  -0.046734 0.047387 0.515787
45  -0.000001 1.457811 -0.000001  -0.053363 -0.013780 0.716641
46  1.259681 3.818374 1.286945  0.054201 -0.011943 0.177044
47  1.226391 3.891692 0.090418  -0.354828 0.115299 1.122151
48  1.231622 3.875532 -0.958681  -0.424660 0.091165 1.116984
49  1.209919 3.994780 -2.003047  -0.460947 0.085209 1.088458
50  -0.328907 0.095428 1.403532  -0.305464 -2.814040 0.955370
51  -8.114326 -15.176304 11.641788  1.562718 0.001410 -2.967386
52  -9.209054 -23.431993 -0.264549  -1.570796 -0.000000 1.570796
53  -9.154455 -11.766430 -14.684287  -0.051945 0.000000 1.570796
54  -7.393709 -16.310347 -12.915281  1.570789 -0.000005 -0.000013
55  0.396051 3.998728 31.950836  -1.535889 -1.570788 0.000000
56  1.262198 1.411916 7.366344  -0.000000 0.034907 -0.000000
57  1.073198 1.711409 3.572254  -0.000000 0.033161 -0.000000
58  -1.325719 2.109442 7.526391  -0.000000 0.000000 -0.000000
end
